timestamp,T_actual,P_actual_gauge,T_predicted,P_predicted,Q_watts,flow_lpm,water_L,eta_instant,health_score,anomaly_flag,prediction_horizon_s,prediction_target_timestamp,L_predicted
2026-04-29T02:09:10.364161,59.02,0,59.02,0.0,0.0,0.0,0,0.0,100,0,60.0,2026-04-29T02:10:10.363420,4.256
2026-04-29T02:09:10.422756,59.02,0,61.61,0.0,1000.0,0.0,0,92.4,100,0,60.0,2026-04-29T02:10:10.422634,4.21
2026-04-29T02:09:11.315073,59.02,0,61.64,0.0,1000.0,0.0,4.199,92.4,100,0,60.0,2026-04-29T02:10:11.314897,4.21
2026-04-29T02:09:11.372189,59.03,0,61.63,0.0,1000.0,0.0,4.199,92.4,100,0,60.0,2026-04-29T02:10:11.372067,4.21
2026-04-29T02:09:11.428578,59.03,0,61.63,0.0,1000.0,0.0,4.199,92.4,100,0,60.0,2026-04-29T02:10:11.428419,4.21
2026-04-29T02:09:12.372938,59.03,0,61.66,0.0,1000.0,0.0,4.199,92.4,100,0,60.0,2026-04-29T02:10:12.372752,4.21
2026-04-29T02:09:12.457401,59.03,0,61.64,0.0,1000.0,0.0,4.199,92.4,100,0,60.0,2026-04-29T02:10:12.457185,4.21
2026-04-29T02:09:12.529528,59.03,0,61.64,0.0,1000.0,0.0,4.199,92.4,100,0,60.0,2026-04-29T02:10:12.529213,4.21
2026-04-29T02:09:13.608454,59.05,0,61.66,0.0,1000.0,0.0,4.199,92.4,100,0,60.0,2026-04-29T02:10:13.607810,4.21
2026-04-29T02:09:13.683294,59.05,0,61.66,0.0,1000.0,0.0,4.199,92.4,100,0,60.0,2026-04-29T02:10:13.683158,4.21
2026-04-29T02:09:13.768479,59.05,0,61.66,0.0,1000.0,0.0,4.199,92.4,100,0,60.0,2026-04-29T02:10:13.768250,4.21
2026-04-29T02:09:14.477413,59.05,0,61.67,0.0,1000.0,0.0,4.199,92.4,100,0,60.0,2026-04-29T02:10:14.477146,4.21
2026-04-29T02:09:14.535284,59.05,0,61.66,0.0,1000.0,0.0,4.199,92.4,100,0,60.0,2026-04-29T02:10:14.535151,4.21
2026-04-29T02:09:14.596707,59.05,0,61.66,0.0,1000.0,0.0,4.199,92.4,100,0,60.0,2026-04-29T02:10:14.596549,4.21
2026-04-29T02:09:15.537994,59.07,0,61.68,0.0,1000.0,0.0,4.199,92.4,100,0,60.0,2026-04-29T02:10:15.537792,4.21
2026-04-29T02:09:15.594286,59.07,0,61.67,0.0,1000.0,0.0,4.199,92.4,100,0,60.0,2026-04-29T02:10:15.594137,4.21
2026-04-29T02:09:16.551971,59.07,0,61.7,0.0,1000.0,0.0,4.199,92.4,100,0,60.0,2026-04-29T02:10:16.551783,4.21
2026-04-29T02:09:16.609279,59.09,0,61.7,0.0,1000.0,0.0,4.199,92.4,100,0,60.0,2026-04-29T02:10:16.609130,4.21
2026-04-29T02:09:16.664024,59.09,0,61.69,0.0,1000.0,0.0,4.199,92.4,100,0,60.0,2026-04-29T02:10:16.663881,4.21
2026-04-29T02:09:17.602789,59.11,0,61.72,0.0,1000.0,0.0,4.199,92.4,100,0,60.0,2026-04-29T02:10:17.602648,4.21
2026-04-29T02:09:17.662103,59.11,0,61.71,0.0,1000.0,0.0,4.199,92.4,100,0,60.0,2026-04-29T02:10:17.661935,4.21
2026-04-29T02:09:17.738527,59.11,0,61.71,0.0,1000.0,0.0,4.199,92.4,100,0,60.0,2026-04-29T02:10:17.725415,4.21
2026-04-29T02:09:18.661223,59.11,0,61.72,0.0,1000.0,0.0,4.199,92.4,100,0,60.0,2026-04-29T02:10:18.661064,4.21
2026-04-29T02:09:18.717225,59.11,0,61.71,0.0,1000.0,0.0,4.199,92.4,100,0,60.0,2026-04-29T02:10:18.717094,4.21
2026-04-29T02:09:18.772580,59.11,0,61.71,0.0,1000.0,0.0,4.199,92.4,100,0,60.0,2026-04-29T02:10:18.772429,4.21
2026-04-29T02:09:19.761310,59.11,0,61.72,0.0,1000.0,0.0,4.199,92.4,100,0,60.0,2026-04-29T02:10:19.742344,4.21
2026-04-29T02:09:19.869337,59.11,0,61.71,0.0,1000.0,0.0,4.199,92.4,100,0,60.0,2026-04-29T02:10:19.869179,4.21
2026-04-29T02:09:19.927375,59.11,0,61.71,0.0,1000.0,0.0,4.199,92.4,100,0,60.0,2026-04-29T02:10:19.927214,4.21
2026-04-29T02:09:20.764962,59.13,0,61.73,0.0,1000.0,0.0,4.199,92.4,100,0,60.0,2026-04-29T02:10:20.764759,4.21
2026-04-29T02:09:20.819824,59.13,0,61.72,0.0,1000.0,0.0,4.199,92.4,100,0,60.0,2026-04-29T02:10:20.819684,4.21
2026-04-29T02:09:21.814734,59.13,0,61.75,0.0,1000.0,0.0,4.199,92.4,100,0,60.0,2026-04-29T02:10:21.814364,4.21
2026-04-29T02:09:21.884700,59.13,0,61.74,0.0,1000.0,0.0,4.199,92.4,100,0,60.0,2026-04-29T02:10:21.884537,4.21
2026-04-29T02:09:21.947024,59.13,0,61.73,0.0,1000.0,0.0,4.199,92.4,100,0,60.0,2026-04-29T02:10:21.946883,4.21
2026-04-29T02:09:22.845943,59.13,0,61.75,0.0,1000.0,0.0,4.199,92.4,100,0,60.0,2026-04-29T02:10:22.845755,4.21
2026-04-29T02:09:22.914276,59.13,0,61.74,0.0,1000.0,0.0,4.199,92.4,100,0,60.0,2026-04-29T02:10:22.914103,4.21
2026-04-29T02:09:22.972235,59.13,0,61.73,0.0,1000.0,0.0,4.199,92.4,100,0,60.0,2026-04-29T02:10:22.972063,4.21
2026-04-29T02:09:23.906544,59.14,0,61.75,0.0,1000.0,0.0,4.199,92.4,100,0,60.0,2026-04-29T02:10:23.906043,4.21
2026-04-29T02:09:24.046732,59.14,0,61.74,0.0,1000.0,0.0,4.199,92.4,100,0,60.0,2026-04-29T02:10:24.046599,4.21
2026-04-29T02:09:24.105738,59.14,0,61.74,0.0,1000.0,0.0,4.199,92.4,100,0,60.0,2026-04-29T02:10:24.105570,4.21
2026-04-29T02:09:24.965295,59.14,0,61.75,0.0,1000.0,0.0,4.199,92.4,100,0,60.0,2026-04-29T02:10:24.965052,4.21
2026-04-29T02:09:25.021090,59.14,0,61.74,0.0,1000.0,0.0,4.199,92.4,100,0,60.0,2026-04-29T02:10:25.020939,4.21
2026-04-29T02:09:25.076974,59.14,0,61.74,0.0,1000.0,0.0,4.199,92.4,100,0,60.0,2026-04-29T02:10:25.076847,4.21
2026-04-29T02:09:26.059002,59.14,0,61.75,0.0,1000.0,0.0,4.199,92.4,100,0,60.0,2026-04-29T02:10:26.058837,4.21
2026-04-29T02:09:26.113581,59.14,0,61.74,0.0,1000.0,0.0,4.199,92.4,100,0,60.0,2026-04-29T02:10:26.113443,4.21
2026-04-29T02:09:27.034499,59.14,0,61.77,0.0,1000.0,0.0,4.199,92.4,100,0,60.0,2026-04-29T02:10:27.034313,4.21
2026-04-29T02:09:27.091870,59.14,0,61.75,0.0,1000.0,0.0,4.199,92.4,100,0,60.0,2026-04-29T02:10:27.091715,4.21
2026-04-29T02:09:27.150997,59.14,0,61.74,0.0,1000.0,0.0,4.199,92.4,100,0,60.0,2026-04-29T02:10:27.150858,4.21
2026-04-29T02:09:28.082013,59.14,0,61.76,0.0,1000.0,0.0,4.199,92.4,100,0,60.0,2026-04-29T02:10:28.081848,4.21
2026-04-29T02:09:28.141065,59.14,0,61.75,0.0,1000.0,0.0,4.199,92.4,100,0,60.0,2026-04-29T02:10:28.140905,4.21
2026-04-29T02:09:28.196792,59.14,0,61.74,0.0,1000.0,0.0,4.199,92.4,100,0,60.0,2026-04-29T02:10:28.196612,4.21
2026-04-29T02:09:29.138800,59.14,0,61.76,0.0,1000.0,0.0,4.199,92.4,100,0,60.0,2026-04-29T02:10:29.138642,4.21
2026-04-29T02:09:29.196624,59.14,0,61.75,0.0,1000.0,0.0,4.199,92.4,100,0,60.0,2026-04-29T02:10:29.196462,4.21
2026-04-29T02:09:29.259600,59.14,0,61.74,0.0,1000.0,0.0,4.199,92.4,100,0,60.0,2026-04-29T02:10:29.259419,4.21
2026-04-29T02:09:30.196671,59.14,0,61.75,0.0,1000.0,0.0,4.199,92.4,99,0,60.0,2026-04-29T02:10:30.196479,4.21
2026-04-29T02:09:30.252663,59.14,0,61.74,0.0,1000.0,0.0,4.199,92.4,99,0,60.0,2026-04-29T02:10:30.252514,4.21
2026-04-29T02:09:30.309294,59.14,0,61.74,0.0,1000.0,0.0,4.199,92.4,99,0,60.0,2026-04-29T02:10:30.309149,4.21
2026-04-29T02:09:31.260926,59.14,0,61.75,0.0,1000.0,0.0,4.199,92.4,99,0,60.0,2026-04-29T02:10:31.260733,4.21
2026-04-29T02:09:31.316010,59.14,0,61.74,0.0,1000.0,0.0,4.199,92.4,99,0,60.0,2026-04-29T02:10:31.315854,4.21
2026-04-29T02:09:32.277073,59.14,0,61.77,0.0,1000.0,0.0,4.199,92.4,99,0,60.0,2026-04-29T02:10:32.276897,4.21
2026-04-29T02:09:32.334886,59.15,0,61.75,0.0,1000.0,0.0,4.199,92.4,99,0,60.0,2026-04-29T02:10:32.334737,4.21
2026-04-29T02:09:32.390908,59.15,0,61.75,0.0,1000.0,0.0,4.199,92.4,99,0,60.0,2026-04-29T02:10:32.390760,4.21
2026-04-29T02:09:33.333698,59.15,0,61.77,0.0,1000.0,0.0,4.199,92.4,99,0,60.0,2026-04-29T02:10:33.333528,4.21
2026-04-29T02:09:33.391452,59.15,0,61.76,0.0,1000.0,0.0,4.199,92.4,99,0,60.0,2026-04-29T02:10:33.391293,4.21
2026-04-29T02:09:33.451126,59.15,0,61.75,0.0,1000.0,0.0,4.199,92.4,99,0,60.0,2026-04-29T02:10:33.450942,4.21
2026-04-29T02:09:34.389621,59.15,0,61.77,0.0,1000.0,0.0,4.199,92.4,99,0,60.0,2026-04-29T02:10:34.389446,4.21
2026-04-29T02:09:34.445997,59.15,0,61.76,0.0,1000.0,0.0,4.199,92.4,99,0,60.0,2026-04-29T02:10:34.445849,4.21
2026-04-29T02:09:34.503109,59.15,0,61.75,0.0,1000.0,0.0,4.199,92.4,99,0,60.0,2026-04-29T02:10:34.502947,4.21
2026-04-29T02:09:35.445908,59.14,0,61.76,0.0,1000.0,0.0,4.199,92.4,99,0,60.0,2026-04-29T02:10:35.445724,4.21
2026-04-29T02:09:35.502519,59.14,0,61.75,0.0,1000.0,0.0,4.199,92.4,99,0,60.0,2026-04-29T02:10:35.502376,4.21
2026-04-29T02:09:35.558334,59.14,0,61.74,0.0,1000.0,0.0,4.199,92.4,99,0,60.0,2026-04-29T02:10:35.558191,4.21
2026-04-29T02:09:36.505144,59.14,0,61.75,0.0,1000.0,0.0,4.199,92.4,99,0,60.0,2026-04-29T02:10:36.504957,4.21
2026-04-29T02:09:36.562519,59.14,0,61.74,0.0,1000.0,0.0,4.199,92.4,99,0,60.0,2026-04-29T02:10:36.562223,4.21
2026-04-29T02:09:37.520584,59.14,0,61.77,0.0,1000.0,0.0,4.199,92.4,99,0,60.0,2026-04-29T02:10:37.520423,4.21
2026-04-29T02:09:37.577455,59.14,0,61.75,0.0,1000.0,0.0,4.199,92.4,99,0,60.0,2026-04-29T02:10:37.577293,4.21
2026-04-29T02:09:37.634618,59.14,0,61.74,0.0,1000.0,0.0,4.199,92.4,99,0,60.0,2026-04-29T02:10:37.634471,4.21
2026-04-29T02:09:38.572416,59.14,0,61.76,0.0,1000.0,0.0,4.199,92.4,99,0,60.0,2026-04-29T02:10:38.572202,4.21
2026-04-29T02:09:38.644690,59.14,0,61.75,0.0,1000.0,0.0,4.199,92.4,99,0,60.0,2026-04-29T02:10:38.644473,4.21
2026-04-29T02:09:38.716940,59.14,0,61.74,0.0,1000.0,0.0,4.199,92.4,99,0,60.0,2026-04-29T02:10:38.716758,4.21
2026-04-29T02:09:39.799437,59.14,0,61.76,0.0,1000.0,0.0,4.199,92.4,99,0,60.0,2026-04-29T02:10:39.798777,4.21
2026-04-29T02:09:39.902998,59.14,0,61.75,0.0,1000.0,0.0,4.199,92.4,99,0,60.0,2026-04-29T02:10:39.902761,4.21
2026-04-29T02:09:39.995674,59.14,0,61.74,0.0,1000.0,0.0,4.199,92.4,99,0,60.0,2026-04-29T02:10:39.995496,4.21
2026-04-29T02:09:40.692692,59.14,0,61.75,0.0,1000.0,0.0,4.199,92.4,99,0,60.0,2026-04-29T02:10:40.692534,4.21
2026-04-29T02:09:40.747059,59.14,0,61.74,0.0,1000.0,0.0,4.199,92.4,99,0,60.0,2026-04-29T02:10:40.746941,4.21
2026-04-29T02:09:40.805192,59.14,0,61.74,0.0,1000.0,0.0,4.199,92.4,99,0,60.0,2026-04-29T02:10:40.805020,4.21
2026-04-29T02:09:41.745733,59.14,0,61.75,0.0,1000.0,0.0,4.199,92.4,99,0,60.0,2026-04-29T02:10:41.745572,4.21
2026-04-29T02:09:41.799641,59.14,0,61.74,0.0,1000.0,0.0,4.199,92.4,99,0,60.0,2026-04-29T02:10:41.799502,4.21
2026-04-29T02:09:42.752285,59.14,0,61.77,0.0,1000.0,0.0,4.199,92.4,99,0,60.0,2026-04-29T02:10:42.752164,4.21
2026-04-29T02:09:42.814309,59.14,0,61.75,0.0,1000.0,0.0,4.199,92.4,99,0,60.0,2026-04-29T02:10:42.814150,4.21
2026-04-29T02:09:42.879029,59.14,0,61.74,0.0,1000.0,0.0,4.199,92.4,99,0,60.0,2026-04-29T02:10:42.872073,4.21
2026-04-29T02:09:43.815922,59.14,0,61.76,0.0,1000.0,0.0,4.199,92.4,99,0,60.0,2026-04-29T02:10:43.815777,4.21
2026-04-29T02:09:43.873473,59.14,0,61.75,0.0,1000.0,0.0,4.199,92.4,99,0,60.0,2026-04-29T02:10:43.873321,4.21
2026-04-29T02:09:43.930034,59.14,0,61.74,0.0,1000.0,0.0,4.199,92.4,99,0,60.0,2026-04-29T02:10:43.929905,4.21
2026-04-29T02:09:44.866548,59.14,0,61.76,0.0,1000.0,0.0,4.199,92.4,99,0,60.0,2026-04-29T02:10:44.866397,4.21
2026-04-29T02:09:45.005769,59.14,0,61.75,0.0,1000.0,0.0,4.199,92.4,99,0,60.0,2026-04-29T02:10:45.005612,4.21
2026-04-29T02:09:45.062924,59.14,0,61.74,0.0,1000.0,0.0,4.199,92.4,99,0,60.0,2026-04-29T02:10:45.062788,4.21
2026-04-29T02:09:45.928121,59.14,0,61.75,0.0,1000.0,0.0,4.199,92.4,99,0,60.0,2026-04-29T02:10:45.927962,4.21
2026-04-29T02:09:45.983624,59.14,0,61.74,0.0,1000.0,0.0,4.199,92.4,99,0,60.0,2026-04-29T02:10:45.983504,4.21
2026-04-29T02:09:46.038510,59.14,0,61.74,0.0,1000.0,0.0,4.199,92.4,99,0,60.0,2026-04-29T02:10:46.038396,4.21
2026-04-29T02:09:47.009616,59.14,0,61.75,0.0,1000.0,0.0,4.199,92.4,99,0,60.0,2026-04-29T02:10:47.009395,4.21
2026-04-29T02:09:47.064418,59.14,0,61.74,0.0,1000.0,0.0,4.199,92.4,99,0,60.0,2026-04-29T02:10:47.064299,4.21
2026-04-29T02:09:48.008358,59.14,0,61.77,0.0,1000.0,0.0,4.199,92.4,99,0,60.0,2026-04-29T02:10:48.008130,4.21
2026-04-29T02:09:48.064407,59.14,0,61.75,0.0,1000.0,0.0,4.199,92.4,99,0,60.0,2026-04-29T02:10:48.064276,4.21
2026-04-29T02:09:48.118192,59.14,0,61.74,0.0,1000.0,0.0,4.199,92.4,99,0,60.0,2026-04-29T02:10:48.118083,4.21
2026-04-29T02:09:49.047038,59.14,0,61.76,0.0,1000.0,0.0,4.199,92.4,99,0,60.0,2026-04-29T02:10:49.046893,4.21
2026-04-29T02:09:49.108789,59.14,0,61.75,0.0,1000.0,0.0,4.199,92.4,99,0,60.0,2026-04-29T02:10:49.108609,4.21
2026-04-29T02:09:49.164949,59.14,0,61.74,0.0,1000.0,0.0,4.199,92.4,99,0,60.0,2026-04-29T02:10:49.164812,4.21
2026-04-29T02:09:50.115416,59.13,0,61.75,0.0,1000.0,0.0,4.199,92.4,99,0,60.0,2026-04-29T02:10:50.115276,4.21
2026-04-29T02:09:50.180535,59.13,0,61.74,0.0,1000.0,0.0,4.199,92.4,99,0,60.0,2026-04-29T02:10:50.180169,4.21
2026-04-29T02:09:50.248195,59.13,0,61.73,0.0,1000.0,0.0,4.199,92.4,99,0,60.0,2026-04-29T02:10:50.247700,4.21
2026-04-29T02:09:51.237423,59.13,0,61.74,0.0,1000.0,0.0,4.199,92.4,99,0,60.0,2026-04-29T02:10:51.236996,4.21
2026-04-29T02:09:51.321958,59.13,0,61.74,0.0,1000.0,0.0,4.199,92.4,99,0,60.0,2026-04-29T02:10:51.321823,4.21
2026-04-29T02:09:51.456170,59.13,0,61.73,0.0,1000.0,0.0,4.199,92.4,99,0,60.0,2026-04-29T02:10:51.455664,4.21
2026-04-29T02:09:52.211585,59.13,0,61.74,0.0,1000.0,0.0,4.199,92.4,99,0,60.0,2026-04-29T02:10:52.211405,4.21
2026-04-29T02:09:52.268461,59.13,0,61.73,0.0,1000.0,0.0,4.199,92.4,99,0,60.0,2026-04-29T02:10:52.268277,4.21
2026-04-29T02:09:53.238754,59.13,0,61.76,0.0,1000.0,0.0,4.199,92.4,99,0,60.0,2026-04-29T02:10:53.238583,4.21
2026-04-29T02:09:53.296350,59.13,0,61.74,0.0,1000.0,0.0,4.199,92.4,99,0,60.0,2026-04-29T02:10:53.296189,4.21
2026-04-29T02:09:53.353649,59.13,0,61.73,0.0,1000.0,0.0,4.199,92.4,99,0,60.0,2026-04-29T02:10:53.353499,4.21
2026-04-29T02:09:54.292740,59.12,0,61.75,0.0,1000.0,0.0,4.199,92.4,99,0,60.0,2026-04-29T02:10:54.292564,4.21
2026-04-29T02:09:54.352204,59.12,0,61.73,0.0,1000.0,0.0,4.199,92.4,99,0,60.0,2026-04-29T02:10:54.352052,4.21
2026-04-29T02:09:54.411608,59.12,0,61.72,0.0,1000.0,0.0,4.199,92.4,99,0,60.0,2026-04-29T02:10:54.411384,4.21
2026-04-29T02:09:55.351256,59.12,0,61.74,0.0,1000.0,0.0,4.199,92.4,99,0,60.0,2026-04-29T02:10:55.351092,4.21
2026-04-29T02:09:55.407175,59.12,0,61.73,0.0,1000.0,0.0,4.199,92.4,99,0,60.0,2026-04-29T02:10:55.407019,4.21
2026-04-29T02:09:55.464093,59.12,0,61.72,0.0,1000.0,0.0,4.199,92.4,99,0,60.0,2026-04-29T02:10:55.463940,4.21
2026-04-29T02:09:56.408934,59.12,0,61.73,0.0,1000.0,0.0,4.199,92.4,99,0,60.0,2026-04-29T02:10:56.408770,4.21
2026-04-29T02:09:56.464969,59.12,0,61.72,0.0,1000.0,0.0,4.199,92.4,99,0,60.0,2026-04-29T02:10:56.464807,4.21
2026-04-29T02:09:56.521873,59.12,0,61.72,0.0,1000.0,0.0,4.199,92.4,99,0,60.0,2026-04-29T02:10:56.521708,4.21
2026-04-29T02:09:57.460397,59.12,0,61.73,0.0,1000.0,0.0,4.199,92.4,99,0,60.0,2026-04-29T02:10:57.460199,4.21
2026-04-29T02:09:57.517251,59.12,0,61.72,0.0,1000.0,0.0,4.199,92.4,99,0,60.0,2026-04-29T02:10:57.517105,4.21
2026-04-29T02:09:58.486241,59.12,0,61.75,0.0,1000.0,0.0,4.199,92.4,99,0,60.0,2026-04-29T02:10:58.486033,4.21
2026-04-29T02:09:58.542591,59.12,0,61.73,0.0,1000.0,0.0,4.199,92.4,99,0,60.0,2026-04-29T02:10:58.542426,4.21
2026-04-29T02:09:58.598939,59.12,0,61.72,0.0,1000.0,0.0,4.199,92.4,99,0,60.0,2026-04-29T02:10:58.598787,4.21
2026-04-29T02:09:59.538378,59.12,0,61.74,0.0,1000.0,0.0,4.199,92.4,99,0,60.0,2026-04-29T02:10:59.538220,4.21
2026-04-29T02:09:59.597556,59.12,0,61.73,0.0,1000.0,0.0,4.199,92.4,99,0,60.0,2026-04-29T02:10:59.597395,4.21
2026-04-29T02:09:59.656950,59.12,0,61.72,0.0,1000.0,0.0,4.199,92.4,99,0,60.0,2026-04-29T02:10:59.656781,4.21
2026-04-29T02:10:00.595346,59.12,0,61.74,0.0,1000.0,0.0,4.199,92.4,99,0,60.0,2026-04-29T02:11:00.595162,4.21
2026-04-29T02:10:00.651810,59.12,0,61.72,0.0,1000.0,0.0,4.199,92.4,99,0,60.0,2026-04-29T02:11:00.651669,4.21
2026-04-29T02:10:00.706295,59.12,0,61.72,0.0,1000.0,0.0,4.199,92.4,99,0,60.0,2026-04-29T02:11:00.706154,4.21
2026-04-29T02:10:01.649201,59.12,0,61.73,0.0,1000.0,0.0,4.199,92.4,99,0,60.0,2026-04-29T02:11:01.649008,4.21
2026-04-29T02:10:01.704578,59.12,0,61.72,0.0,1000.0,0.0,4.199,92.4,99,0,60.0,2026-04-29T02:11:01.704437,4.21
2026-04-29T02:10:01.759861,59.12,0,61.72,0.0,1000.0,0.0,4.199,92.4,99,0,60.0,2026-04-29T02:11:01.759709,4.21
2026-04-29T02:10:02.695140,59.12,0,61.73,0.0,1000.0,0.0,4.199,92.4,99,0,60.0,2026-04-29T02:11:02.694975,4.21
2026-04-29T02:10:02.752190,59.12,0,61.72,0.0,1000.0,0.0,4.199,92.4,99,0,60.0,2026-04-29T02:11:02.752033,4.21
2026-04-29T02:10:03.724254,59.12,0,61.75,0.0,1000.0,0.0,4.199,92.4,99,0,60.0,2026-04-29T02:11:03.724063,4.21
2026-04-29T02:10:03.781111,59.12,0,61.73,0.0,1000.0,0.0,4.199,92.4,99,0,60.0,2026-04-29T02:11:03.780942,4.21
2026-04-29T02:10:03.834715,59.12,0,61.72,0.0,1000.0,0.0,4.199,92.4,99,0,60.0,2026-04-29T02:11:03.834613,4.21
2026-04-29T02:10:04.783167,59.12,0,61.74,0.0,1000.0,0.0,4.199,92.4,99,0,60.0,2026-04-29T02:11:04.782995,4.21
2026-04-29T02:10:04.839022,59.12,0,61.73,0.0,1000.0,0.0,4.199,92.4,99,0,60.0,2026-04-29T02:11:04.838861,4.21
2026-04-29T02:10:04.894912,59.12,0,61.72,0.0,1000.0,0.0,4.199,92.4,99,0,60.0,2026-04-29T02:11:04.894757,4.21
2026-04-29T02:10:05.835938,59.12,0,61.74,0.0,1000.0,0.0,4.199,92.4,99,0,60.0,2026-04-29T02:11:05.835772,4.21
2026-04-29T02:10:05.890986,59.12,0,61.72,0.0,1000.0,0.0,4.199,92.4,99,0,60.0,2026-04-29T02:11:05.890866,4.21
2026-04-29T02:10:05.979233,59.12,0,61.72,0.0,1000.0,0.0,4.199,92.4,99,0,60.0,2026-04-29T02:11:05.954051,4.21
2026-04-29T02:10:06.888805,59.12,0,61.73,0.0,1000.0,0.0,4.199,92.4,99,0,60.0,2026-04-29T02:11:06.888628,4.21
2026-04-29T02:10:06.944950,59.12,0,61.72,0.0,1000.0,0.0,4.199,92.4,99,0,60.0,2026-04-29T02:11:06.944783,4.21
2026-04-29T02:10:07.000721,59.12,0,61.72,0.0,1000.0,0.0,4.199,92.4,99,0,60.0,2026-04-29T02:11:07.000581,4.21
2026-04-29T02:10:08.017106,59.12,0,61.73,0.0,1000.0,0.0,4.199,92.4,99,0,60.0,2026-04-29T02:11:07.991571,4.21
2026-04-29T02:10:08.088466,59.12,0,61.72,0.0,1000.0,0.0,4.199,92.4,99,0,60.0,2026-04-29T02:11:08.088312,4.21
2026-04-29T02:10:08.962549,59.12,0,61.75,0.0,1000.0,0.0,4.199,92.4,99,0,60.0,2026-04-29T02:11:08.962308,4.21
2026-04-29T02:10:09.024518,59.12,0,61.73,0.0,1000.0,0.0,4.199,92.4,99,0,60.0,2026-04-29T02:11:09.024352,4.21
2026-04-29T02:10:09.083676,59.12,0,61.72,0.0,1000.0,0.0,4.199,92.4,99,0,60.0,2026-04-29T02:11:09.083529,4.21
2026-04-29T02:10:10.060178,59.11,0,61.74,0.0,1000.0,0.0,4.199,92.4,99,0,60.0,2026-04-29T02:11:10.059995,4.21
2026-04-29T02:10:10.118716,59.11,0,61.72,0.0,1000.0,0.0,4.199,92.4,99,0,60.0,2026-04-29T02:11:10.118578,4.21
2026-04-29T02:10:10.173233,59.11,0,61.71,0.0,1000.0,0.0,4.199,92.4,99,0,60.0,2026-04-29T02:11:10.173030,4.21
2026-04-29T02:10:11.069099,59.11,0,61.73,0.0,1000.0,0.0,4.199,92.4,99,0,60.0,2026-04-29T02:11:11.068928,4.21
2026-04-29T02:10:11.126225,59.11,0,61.72,0.0,1000.0,0.0,4.199,92.4,99,0,60.0,2026-04-29T02:11:11.126075,4.21
2026-04-29T02:10:11.182682,59.11,0,61.71,0.0,1000.0,0.0,4.199,92.4,99,0,60.0,2026-04-29T02:11:11.182531,4.21
2026-04-29T02:10:12.114765,59.11,0,61.72,0.0,1000.0,0.0,4.199,92.4,99,0,60.0,2026-04-29T02:11:12.114601,4.21
2026-04-29T02:10:12.171038,59.11,0,61.71,0.0,1000.0,0.0,4.199,92.4,99,0,60.0,2026-04-29T02:11:12.170848,4.21
2026-04-29T02:10:12.229404,59.11,0,61.71,0.0,1000.0,0.0,4.199,92.4,99,0,60.0,2026-04-29T02:11:12.229209,4.21
2026-04-29T02:10:13.182331,59.09,0,61.72,0.0,1000.0,0.0,4.199,92.4,99,0,60.0,2026-04-29T02:11:13.182153,4.21
2026-04-29T02:10:13.237554,59.09,0,61.71,0.0,1000.0,0.0,4.199,92.4,99,0,60.0,2026-04-29T02:11:13.237403,4.21
2026-04-29T02:10:14.188556,59.09,0,61.73,0.0,1000.0,0.0,4.199,92.4,99,0,60.0,2026-04-29T02:11:14.188362,4.21
2026-04-29T02:10:14.245803,59.09,0,61.71,0.0,1000.0,0.0,4.199,92.4,99,0,60.0,2026-04-29T02:11:14.245606,4.21
2026-04-29T02:10:14.301605,59.09,0,61.7,0.0,1000.0,0.0,4.199,92.4,99,0,60.0,2026-04-29T02:11:14.301454,4.21
2026-04-29T02:10:15.255405,59.09,0,61.72,0.0,1000.0,0.0,4.199,92.4,99,0,60.0,2026-04-29T02:11:15.255208,4.21
2026-04-29T02:10:15.313140,59.09,0,61.71,0.0,1000.0,0.0,4.199,92.4,99,0,60.0,2026-04-29T02:11:15.312976,4.21
2026-04-29T02:10:15.368957,59.09,0,61.7,0.0,1000.0,0.0,4.199,92.4,99,0,60.0,2026-04-29T02:11:15.368826,4.21
2026-04-29T02:10:16.314543,59.09,0,61.72,0.0,1000.0,0.0,4.199,92.4,99,0,60.0,2026-04-29T02:11:16.314322,4.21
2026-04-29T02:10:16.373067,59.09,0,61.7,0.0,1000.0,0.0,4.199,92.4,99,0,60.0,2026-04-29T02:11:16.372921,4.21
2026-04-29T02:10:16.433835,59.09,0,61.7,0.0,1000.0,0.0,4.199,92.4,99,0,60.0,2026-04-29T02:11:16.433681,4.21
2026-04-29T02:10:17.357116,59.09,0,61.71,0.0,1000.0,0.0,4.199,92.4,99,0,60.0,2026-04-29T02:11:17.356963,4.21
2026-04-29T02:10:17.396698,59.09,0,61.7,0.0,1000.0,0.0,4.199,92.4,99,0,60.0,2026-04-29T02:11:17.396529,4.21
2026-04-29T02:10:17.435090,59.09,0,61.7,0.0,1000.0,0.0,4.199,92.4,99,0,60.0,2026-04-29T02:11:17.434964,4.21
2026-04-29T02:10:18.430855,59.08,0,61.71,0.0,1000.0,0.0,4.199,92.4,99,0,60.0,2026-04-29T02:11:18.430614,4.21
2026-04-29T02:10:18.508407,59.08,0,61.7,0.0,1000.0,0.0,4.199,92.4,99,0,60.0,2026-04-29T02:11:18.508230,4.21
2026-04-29T02:10:19.441823,59.08,0,61.72,0.0,1000.0,0.0,4.199,92.4,99,0,60.0,2026-04-29T02:11:19.441630,4.21
2026-04-29T02:10:19.509038,59.08,0,61.7,0.0,1000.0,0.0,4.199,92.4,99,0,60.0,2026-04-29T02:11:19.508865,4.21
2026-04-29T02:10:19.575365,59.08,0,61.69,0.0,1000.0,0.0,4.199,92.4,99,0,60.0,2026-04-29T02:11:19.575195,4.21
2026-04-29T02:10:20.504582,59.07,0,61.71,0.0,1000.0,0.0,4.199,92.4,99,0,60.0,2026-04-29T02:11:20.504349,4.21
2026-04-29T02:10:20.601045,59.07,0,61.69,0.0,1000.0,0.0,4.199,92.4,99,0,60.0,2026-04-29T02:11:20.600806,4.21
2026-04-29T02:10:20.684692,59.07,0,61.68,0.0,1000.0,0.0,4.199,92.4,99,0,60.0,2026-04-29T02:11:20.684512,4.21
2026-04-29T02:10:21.590283,59.07,0,61.7,0.0,1000.0,0.0,4.199,92.4,99,0,60.0,2026-04-29T02:11:21.589747,4.21
2026-04-29T02:10:21.720432,59.07,0,61.69,0.0,1000.0,0.0,4.199,92.4,99,0,60.0,2026-04-29T02:11:21.719805,4.21
2026-04-29T02:10:21.858990,59.07,0,61.68,0.0,1000.0,0.0,4.199,92.4,99,0,60.0,2026-04-29T02:11:21.857602,4.21
2026-04-29T02:10:23.502285,59.06,0,61.69,0.0,1000.0,0.0,4.199,92.4,99,0,60.0,2026-04-29T02:11:23.497130,4.21
2026-04-29T02:10:27.600300,59.06,0,61.71,0.0,1000.0,0.0,4.199,92.4,99,0,60.0,2026-04-29T02:11:27.555605,4.211
2026-04-29T02:10:28.440934,59.06,0,61.69,0.0,1000.0,0.0,4.199,92.4,99,0,60.0,2026-04-29T02:11:28.364852,4.21
2026-04-29T02:10:29.328480,59.05,0,61.68,0.0,1000.0,0.0,4.199,92.4,99,0,60.0,2026-04-29T02:11:29.326892,4.21
2026-04-29T02:10:30.328074,59.05,0,61.68,0.0,1000.0,0.0,4.199,92.4,99,0,60.0,2026-04-29T02:11:30.315093,4.21
2026-04-29T02:10:31.180976,59.05,0,61.68,0.0,1000.0,0.0,4.199,92.4,99,0,60.0,2026-04-29T02:11:31.172314,4.21
2026-04-29T02:10:31.514750,59.05,0,61.67,0.0,1000.0,0.0,4.199,92.4,99,0,60.0,2026-04-29T02:11:31.484422,4.21
2026-04-29T02:10:32.105277,59.05,0,61.67,0.0,1000.0,0.0,4.199,92.4,99,0,60.0,2026-04-29T02:11:32.104697,4.21
2026-04-29T02:10:34.132359,59.05,0,61.67,0.0,1000.0,0.0,4.199,92.4,99,0,60.0,2026-04-29T02:11:34.131825,4.21
2026-04-29T02:10:35.457815,59.05,0,61.7,0.0,1000.0,0.0,4.199,92.4,99,0,60.0,2026-04-29T02:11:35.457164,4.21
2026-04-29T02:10:35.698979,59.05,0,61.67,0.0,1000.0,0.0,4.199,92.4,99,0,60.0,2026-04-29T02:11:35.698514,4.21
2026-04-29T02:10:36.138260,59.05,0,61.67,0.0,1000.0,0.0,4.199,92.4,99,0,60.0,2026-04-29T02:11:36.137878,4.21
2026-04-29T02:10:36.431995,59.05,0,61.67,0.0,1000.0,0.0,4.199,92.4,99,0,60.0,2026-04-29T02:11:36.431319,4.21
2026-04-29T02:10:36.540569,59.05,0,61.66,0.0,1000.0,0.0,4.199,92.4,99,0,60.0,2026-04-29T02:11:36.540100,4.21
2026-04-29T02:10:36.646900,59.05,0,61.66,0.0,1000.0,0.0,4.199,92.4,99,0,60.0,2026-04-29T02:11:36.646332,4.21
2026-04-29T02:10:36.740685,59.05,0,61.66,0.0,1000.0,0.0,4.199,92.4,99,0,60.0,2026-04-29T02:11:36.740133,4.21
2026-04-29T02:10:36.830708,59.05,0,61.66,0.0,1000.0,0.0,4.199,92.4,99,0,60.0,2026-04-29T02:11:36.830359,4.21
2026-04-29T02:10:37.076688,59.04,0,61.66,0.0,1000.0,0.0,4.199,92.4,99,0,60.0,2026-04-29T02:11:37.076232,4.21
2026-04-29T02:10:37.445625,59.04,0,61.66,0.0,1000.0,0.0,4.199,92.4,99,0,60.0,2026-04-29T02:11:37.441928,4.21
2026-04-29T02:10:38.089668,59.04,0,61.66,0.0,1000.0,0.0,4.199,92.4,99,0,60.0,2026-04-29T02:11:38.081666,4.21
2026-04-29T02:10:38.553685,59.03,0,61.66,0.0,1000.0,0.0,4.199,92.4,99,0,60.0,2026-04-29T02:11:38.553252,4.21
2026-04-29T02:10:38.697109,59.03,0,61.65,0.0,1000.0,0.0,4.199,92.4,99,0,60.0,2026-04-29T02:11:38.696805,4.21
2026-04-29T02:10:38.861385,59.03,0,61.64,0.0,1000.0,0.0,4.199,92.4,99,0,60.0,2026-04-29T02:11:38.860873,4.21
2026-04-29T02:10:39.004293,59.03,0,61.64,0.0,1000.0,0.0,4.199,92.4,99,0,60.0,2026-04-29T02:11:39.003730,4.21
2026-04-29T02:10:39.124791,59.03,0,61.64,0.0,1000.0,0.0,4.199,92.4,99,0,60.0,2026-04-29T02:11:39.124360,4.21
2026-04-29T02:10:39.270817,59.02,0,61.64,0.0,1000.0,0.0,4.199,92.4,99,0,60.0,2026-04-29T02:11:39.270338,4.21
2026-04-29T02:10:39.547093,59.02,0,61.64,0.0,1000.0,0.0,4.199,92.4,99,0,60.0,2026-04-29T02:11:39.545729,4.21
2026-04-29T02:10:39.824361,59.02,0,61.64,0.0,1000.0,0.0,4.199,92.4,99,0,60.0,2026-04-29T02:11:39.823738,4.21
2026-04-29T02:10:40.034570,59.02,0,61.64,0.0,1000.0,0.0,4.199,92.4,99,0,60.0,2026-04-29T02:11:40.034052,4.21
2026-04-29T02:10:40.167757,59.02,0,61.63,0.0,1000.0,0.0,4.199,92.4,99,0,60.0,2026-04-29T02:11:40.167330,4.21
2026-04-29T02:10:40.454035,59.02,0,61.63,0.0,1000.0,0.0,4.199,92.4,99,0,60.0,2026-04-29T02:11:40.434831,4.21
2026-04-29T02:10:40.789042,59.01,0,61.63,0.0,1000.0,0.0,4.199,92.4,99,0,60.0,2026-04-29T02:11:40.788656,4.21
2026-04-29T02:10:40.945608,59.01,0,61.63,0.0,1000.0,0.0,4.199,92.4,99,0,60.0,2026-04-29T02:11:40.945030,4.21
2026-04-29T02:10:41.148352,59.01,0,61.62,0.0,1000.0,0.0,4.199,92.4,99,0,60.0,2026-04-29T02:11:41.148002,4.21
2026-04-29T02:10:41.298010,59.01,0,61.62,0.0,1000.0,0.0,4.199,92.4,99,0,60.0,2026-04-29T02:11:41.297599,4.21
2026-04-29T02:10:41.468386,59.01,0,61.62,0.0,1000.0,0.0,4.199,92.4,99,0,60.0,2026-04-29T02:11:41.467831,4.21
2026-04-29T02:10:41.622338,59.01,0,61.62,0.0,1000.0,0.0,4.199,92.4,99,0,60.0,2026-04-29T02:11:41.621956,4.21
2026-04-29T02:10:41.790976,59.01,0,61.62,0.0,1000.0,0.0,4.199,92.4,99,0,60.0,2026-04-29T02:11:41.790549,4.21
2026-04-29T02:10:42.037962,59.01,0,61.62,0.0,1000.0,0.0,4.199,92.4,99,0,60.0,2026-04-29T02:11:42.006001,4.21
2026-04-29T02:10:42.414589,59.01,0,61.63,0.0,1000.0,0.0,4.199,92.4,99,0,60.0,2026-04-29T02:11:42.409804,4.21
2026-04-29T02:10:42.599637,59.01,0,61.62,0.0,1000.0,0.0,4.199,92.4,99,0,60.0,2026-04-29T02:11:42.599192,4.21
2026-04-29T02:10:42.786772,59.01,0,61.62,0.0,1000.0,0.0,4.199,92.4,99,0,60.0,2026-04-29T02:11:42.785553,4.21
2026-04-29T02:10:43.014096,59.0,0,61.62,0.0,1000.0,0.0,4.199,92.4,99,0,60.0,2026-04-29T02:11:43.013769,4.21
2026-04-29T02:10:43.156391,59.0,0,61.61,0.0,1000.0,0.0,4.199,92.4,99,0,60.0,2026-04-29T02:11:43.156009,4.21
2026-04-29T02:10:43.304275,59.0,0,61.61,0.0,1000.0,0.0,4.199,92.4,99,0,60.0,2026-04-29T02:11:43.303357,4.21
2026-04-29T02:10:43.475216,59.01,0,61.61,0.0,1000.0,0.0,4.199,92.4,99,0,60.0,2026-04-29T02:11:43.474643,4.21
2026-04-29T02:10:43.630552,59.01,0,61.62,0.0,1000.0,0.0,4.199,92.4,99,0,60.0,2026-04-29T02:11:43.630183,4.21
2026-04-29T02:10:43.789377,59.01,0,61.62,0.0,1000.0,0.0,4.199,92.4,99,0,60.0,2026-04-29T02:11:43.788920,4.21
2026-04-29T02:10:43.983789,59.01,0,61.62,0.0,1000.0,0.0,4.199,92.4,99,0,60.0,2026-04-29T02:11:43.963395,4.21
2026-04-29T02:10:44.417996,59.01,0,61.63,0.0,1000.0,0.0,4.199,92.4,99,0,60.0,2026-04-29T02:11:44.417656,4.21
2026-04-29T02:10:44.604631,59.02,0,61.62,0.0,1000.0,0.0,4.199,92.4,99,0,60.0,2026-04-29T02:11:44.603897,4.21
2026-04-29T02:10:44.782863,59.02,0,61.63,0.0,1000.0,0.0,4.199,92.4,99,0,60.0,2026-04-29T02:11:44.782475,4.21
2026-04-29T02:10:44.957494,59.02,0,61.63,0.0,1000.0,0.0,4.199,92.4,99,0,60.0,2026-04-29T02:11:44.957028,4.21
2026-04-29T02:10:45.102590,59.02,0,61.63,0.0,1000.0,0.0,4.199,92.4,99,0,60.0,2026-04-29T02:11:45.101981,4.21
2026-04-29T02:10:45.249082,59.02,0,61.63,0.0,1000.0,0.0,4.199,92.4,99,0,60.0,2026-04-29T02:11:45.248460,4.21
2026-04-29T02:10:45.400945,59.02,0,61.63,0.0,1000.0,0.0,4.199,92.4,99,0,60.0,2026-04-29T02:11:45.400592,4.21
2026-04-29T02:10:45.568838,59.04,0,61.63,0.0,1000.0,0.0,4.199,92.4,99,0,60.0,2026-04-29T02:11:45.568229,4.21
2026-04-29T02:10:45.722682,59.04,0,61.64,0.0,1000.0,0.0,4.199,92.4,99,0,60.0,2026-04-29T02:11:45.722103,4.21
2026-04-29T02:10:45.917707,59.04,0,61.64,0.0,1000.0,0.0,4.199,92.4,99,0,60.0,2026-04-29T02:11:45.916258,4.21
2026-04-29T02:10:46.064820,59.04,0,61.65,0.0,1000.0,0.0,4.199,92.4,99,0,60.0,2026-04-29T02:11:46.064411,4.21
2026-04-29T02:10:46.521169,59.04,0,61.65,0.0,1000.0,0.0,4.199,92.4,99,0,60.0,2026-04-29T02:11:46.493326,4.21
2026-04-29T02:10:46.812153,59.04,0,61.65,0.0,1000.0,0.0,4.199,92.4,99,0,60.0,2026-04-29T02:11:46.804906,4.21
2026-04-29T02:10:47.011849,59.05,0,61.66,0.0,1000.0,0.0,4.199,92.4,99,0,60.0,2026-04-29T02:11:47.011198,4.21
2026-04-29T02:10:47.153885,59.05,0,61.66,0.0,1000.0,0.0,4.199,92.4,99,0,60.0,2026-04-29T02:11:47.153099,4.21
2026-04-29T02:10:47.312998,59.07,0,61.66,0.0,1000.0,0.0,4.199,92.4,99,0,60.0,2026-04-29T02:11:47.312408,4.21
2026-04-29T02:10:47.508153,59.07,0,61.67,0.0,1000.0,0.0,4.199,92.4,99,0,60.0,2026-04-29T02:11:47.507648,4.21
2026-04-29T02:10:47.676069,59.07,0,61.67,0.0,1000.0,0.0,4.199,92.4,99,0,60.0,2026-04-29T02:11:47.675670,4.21
2026-04-29T02:10:48.014535,59.09,0,61.68,0.0,1000.0,0.0,4.199,92.4,99,0,60.0,2026-04-29T02:11:48.014077,4.21
2026-04-29T02:10:48.286995,59.09,0,61.69,0.0,1000.0,0.0,4.199,92.4,99,0,60.0,2026-04-29T02:11:48.286405,4.21
2026-04-29T02:10:48.920474,59.09,0,61.71,0.0,1000.0,0.0,4.199,92.4,99,0,60.0,2026-04-29T02:11:48.920029,4.21
2026-04-29T02:10:49.107923,59.11,0,61.71,0.0,1000.0,0.0,4.199,92.4,99,0,60.0,2026-04-29T02:11:49.107482,4.21
2026-04-29T02:10:49.303658,59.11,0,61.71,0.0,1000.0,0.0,4.199,92.4,99,0,60.0,2026-04-29T02:11:49.303114,4.21
2026-04-29T02:10:49.521804,59.11,0,61.71,0.0,1000.0,0.0,4.199,92.4,99,0,60.0,2026-04-29T02:11:49.521448,4.21
2026-04-29T02:10:49.973113,59.11,0,61.71,0.0,1000.0,0.0,4.199,92.4,99,0,60.0,2026-04-29T02:11:49.965482,4.21
2026-04-29T02:10:50.296016,59.11,0,61.72,0.0,1000.0,0.0,4.199,92.4,99,0,60.0,2026-04-29T02:11:50.295675,4.21
2026-04-29T02:10:50.900820,59.11,0,61.73,0.0,1000.0,0.0,4.199,92.4,99,0,60.0,2026-04-29T02:11:50.900285,4.21
2026-04-29T02:10:51.012463,59.16,0,61.74,0.0,1000.0,0.0,4.199,92.4,99,0,60.0,2026-04-29T02:11:51.012103,4.21
2026-04-29T02:10:51.122903,59.16,0,61.75,0.0,1000.0,0.0,4.199,92.4,99,0,60.0,2026-04-29T02:11:51.122540,4.21
2026-04-29T02:10:51.998825,59.18,0,61.77,0.0,1000.0,0.0,4.199,92.3,99,0,60.0,2026-04-29T02:11:51.991860,4.21
2026-04-29T02:10:52.282855,59.18,0,61.78,0.0,1000.0,0.0,4.199,92.3,99,0,60.0,2026-04-29T02:11:52.282484,4.21
2026-04-29T02:10:52.412190,59.18,0,61.78,0.0,1000.0,0.0,4.199,92.3,99,0,60.0,2026-04-29T02:11:52.411751,4.21
2026-04-29T02:10:53.013071,59.21,0,61.8,0.0,1000.0,0.0,4.199,92.3,99,0,60.0,2026-04-29T02:11:53.012417,4.21
2026-04-29T02:10:53.120411,59.21,0,61.8,0.0,1000.0,0.0,4.199,92.3,99,0,60.0,2026-04-29T02:11:53.119847,4.21
2026-04-29T02:10:53.243670,59.21,0,61.8,0.0,1000.0,0.0,4.199,92.3,99,0,60.0,2026-04-29T02:11:53.242849,4.21
2026-04-29T02:10:54.176134,59.27,0,61.84,0.0,1000.0,0.0,4.199,92.3,99,0,60.0,2026-04-29T02:11:54.175547,4.21
2026-04-29T02:10:54.291409,59.27,0,61.85,0.0,1000.0,0.0,4.199,92.3,99,0,60.0,2026-04-29T02:11:54.290989,4.21
2026-04-29T02:10:54.435750,59.27,0,61.86,0.0,1000.0,0.0,4.199,92.3,99,0,60.0,2026-04-29T02:11:54.435387,4.21
2026-04-29T02:10:57.020810,59.3,0,61.91,0.0,1000.0,0.0,4.199,92.3,99,0,60.0,2026-04-29T02:11:57.019475,4.21
2026-04-29T02:10:58.175553,59.3,0,61.92,0.0,1000.0,0.0,4.199,92.3,99,0,60.0,2026-04-29T02:11:58.175055,4.21
2026-04-29T02:10:58.860034,59.3,0,61.92,0.0,1000.0,0.0,4.199,92.3,99,0,60.0,2026-04-29T02:11:58.859639,4.21
2026-04-29T02:10:59.014332,59.34,0,61.93,0.0,1000.0,0.0,4.199,92.3,99,0,60.0,2026-04-29T02:11:59.014006,4.21
2026-04-29T02:10:59.117660,59.34,0,61.93,0.0,1000.0,0.0,4.199,92.3,99,0,60.0,2026-04-29T02:11:59.117221,4.21
2026-04-29T02:10:59.226314,59.38,0,61.94,0.0,1000.0,0.0,4.199,92.3,99,0,60.0,2026-04-29T02:11:59.225810,4.21
2026-04-29T02:10:59.360590,59.38,0,61.95,0.0,1000.0,0.0,4.199,92.3,99,0,60.0,2026-04-29T02:11:59.360244,4.21
2026-04-29T02:10:59.468645,59.38,0,61.96,0.0,1000.0,0.0,4.199,92.3,99,0,60.0,2026-04-29T02:11:59.468425,4.21
2026-04-29T02:10:59.573852,59.43,0,61.98,0.0,1000.0,0.0,4.199,92.3,99,0,60.0,2026-04-29T02:11:59.573613,4.21
2026-04-29T02:10:59.677886,59.43,0,61.99,0.0,1000.0,0.0,4.199,92.3,99,0,60.0,2026-04-29T02:11:59.677549,4.21
2026-04-29T02:10:59.780457,59.43,0,62.0,0.0,1000.0,0.0,4.199,92.3,99,0,60.0,2026-04-29T02:11:59.780184,4.21
2026-04-29T02:10:59.881400,59.48,0,62.02,0.0,1000.0,0.0,4.199,92.3,99,0,60.0,2026-04-29T02:11:59.880184,4.21
2026-04-29T02:11:00.084428,59.48,0,62.04,0.0,1000.0,0.0,4.199,92.3,99,0,60.0,2026-04-29T02:12:00.084215,4.21
2026-04-29T02:11:00.161248,59.48,0,62.06,0.0,1000.0,0.0,4.199,92.3,99,0,60.0,2026-04-29T02:12:00.161052,4.21
2026-04-29T02:11:00.337397,59.53,0,62.08,0.0,1000.0,0.0,4.199,92.3,99,0,60.0,2026-04-29T02:12:00.337210,4.21
2026-04-29T02:11:00.406480,59.53,0,62.1,0.0,1000.0,0.0,4.199,92.3,99,0,60.0,2026-04-29T02:12:00.406302,4.21
2026-04-29T02:11:01.354849,59.53,0,62.14,0.0,1000.0,0.0,4.199,92.3,99,0,60.0,2026-04-29T02:12:01.354655,4.21
2026-04-29T02:11:01.404091,59.6,0,62.16,0.0,1000.0,0.0,4.199,92.3,99,0,60.0,2026-04-29T02:12:01.403939,4.21
2026-04-29T02:11:01.464665,59.6,0,62.17,0.0,1000.0,0.0,4.199,92.3,99,0,60.0,2026-04-29T02:12:01.464458,4.21
2026-04-29T02:11:02.410353,59.64,0,62.21,0.0,1000.0,0.0,4.199,92.2,99,0,60.0,2026-04-29T02:12:02.410124,4.21
2026-04-29T02:11:02.453949,59.64,0,62.22,0.0,1000.0,0.0,4.199,92.2,99,0,60.0,2026-04-29T02:12:02.453823,4.21
2026-04-29T02:11:02.489532,59.64,0,62.22,0.0,1000.0,0.0,4.199,92.2,99,0,60.0,2026-04-29T02:12:02.489395,4.21
2026-04-29T02:11:03.465183,59.71,0,62.27,0.0,1000.0,0.0,4.199,92.2,99,0,60.0,2026-04-29T02:12:03.465013,4.21
2026-04-29T02:11:03.506861,59.71,0,62.28,0.0,1000.0,0.0,4.199,92.2,99,0,60.0,2026-04-29T02:12:03.506754,4.21
2026-04-29T02:11:03.542124,59.71,0,62.29,0.0,1000.0,0.0,4.199,92.2,99,0,60.0,2026-04-29T02:12:03.542019,4.21
2026-04-29T02:11:04.498605,59.75,0,62.33,0.0,1000.0,0.0,4.199,92.2,99,0,60.0,2026-04-29T02:12:04.498463,4.21
2026-04-29T02:11:04.534790,59.75,0,62.33,0.0,1000.0,0.0,4.199,92.2,99,0,60.0,2026-04-29T02:12:04.534670,4.21
2026-04-29T02:11:04.570143,59.75,0,62.34,0.0,1000.0,0.0,4.199,92.2,99,0,60.0,2026-04-29T02:12:04.570033,4.21
2026-04-29T02:11:05.570438,59.81,0,62.39,0.0,1000.0,0.0,4.199,92.2,99,0,60.0,2026-04-29T02:12:05.570282,4.21
2026-04-29T02:11:05.607632,59.81,0,62.39,0.0,1000.0,0.0,4.199,92.2,99,0,60.0,2026-04-29T02:12:05.607512,4.21
2026-04-29T02:11:06.592161,59.81,0,62.43,0.0,1000.0,0.0,4.199,92.2,99,0,60.0,2026-04-29T02:12:06.591982,4.21
2026-04-29T02:11:06.638802,59.87,0,62.45,0.0,1000.0,0.0,4.199,92.2,99,0,60.0,2026-04-29T02:12:06.638654,4.21
2026-04-29T02:11:06.674433,59.87,0,62.45,0.0,1000.0,0.0,4.199,92.2,99,0,60.0,2026-04-29T02:12:06.674319,4.21
2026-04-29T02:11:07.652572,59.92,0,62.49,0.0,1000.0,0.0,4.199,92.2,99,0,60.0,2026-04-29T02:12:07.652414,4.21
2026-04-29T02:11:07.694993,59.92,0,62.5,0.0,1000.0,0.0,4.199,92.2,99,0,60.0,2026-04-29T02:12:07.694825,4.21
2026-04-29T02:11:07.732010,59.92,0,62.51,0.0,1000.0,0.0,4.199,92.2,99,0,60.0,2026-04-29T02:12:07.731927,4.21
2026-04-29T02:11:08.702148,59.97,0,62.55,0.0,1000.0,0.0,4.199,92.2,99,0,60.0,2026-04-29T02:12:08.701995,4.21
2026-04-29T02:11:08.744063,59.97,0,62.56,0.0,1000.0,0.0,4.199,92.2,99,0,60.0,2026-04-29T02:12:08.743903,4.21
2026-04-29T02:11:08.780720,59.97,0,62.56,0.0,1000.0,0.0,4.199,92.2,99,0,60.0,2026-04-29T02:12:08.780587,4.21
2026-04-29T02:11:09.758884,60.02,0,62.6,0.0,1000.0,0.0,4.199,92.2,99,0,60.0,2026-04-29T02:12:09.758732,4.21
2026-04-29T02:11:09.800433,60.02,0,62.61,0.0,1000.0,0.0,4.199,92.2,99,0,60.0,2026-04-29T02:12:09.800306,4.21
2026-04-29T02:11:09.855023,60.02,0,62.61,0.0,1000.0,0.0,4.199,92.2,99,0,60.0,2026-04-29T02:12:09.842839,4.21
2026-04-29T02:11:10.812269,60.06,0,62.65,0.0,1000.0,0.0,4.199,92.1,99,0,60.0,2026-04-29T02:12:10.812108,4.21
2026-04-29T02:11:10.850033,60.06,0,62.65,0.0,1000.0,0.0,4.199,92.1,99,0,60.0,2026-04-29T02:12:10.849885,4.21
2026-04-29T02:11:11.840024,60.06,0,62.68,0.0,1000.0,0.0,4.199,92.1,99,0,60.0,2026-04-29T02:12:11.839909,4.21
2026-04-29T02:11:11.937438,60.11,0,62.69,0.0,1000.0,0.0,4.199,92.1,99,0,60.0,2026-04-29T02:12:11.932678,4.21
2026-04-29T02:11:11.974134,60.11,0,62.7,0.0,1000.0,0.0,4.199,92.1,99,0,60.0,2026-04-29T02:12:11.974029,4.21
2026-04-29T02:11:12.875259,60.16,0,62.73,0.0,1000.0,0.0,4.199,92.1,99,0,60.0,2026-04-29T02:12:12.875104,4.21
2026-04-29T02:11:12.915847,60.16,0,62.74,0.0,1000.0,0.0,4.199,92.1,99,0,60.0,2026-04-29T02:12:12.915699,4.21
2026-04-29T02:11:12.951566,60.16,0,62.74,0.0,1000.0,0.0,4.199,92.1,99,0,60.0,2026-04-29T02:12:12.951465,4.21
2026-04-29T02:11:13.925994,60.19,0,62.78,0.0,1000.0,0.0,4.199,92.1,99,0,60.0,2026-04-29T02:12:13.925771,4.21
2026-04-29T02:11:13.960802,60.19,0,62.78,0.0,1000.0,0.0,4.199,92.1,99,0,60.0,2026-04-29T02:12:13.960690,4.21
2026-04-29T02:11:13.996365,60.19,0,62.78,0.0,1000.0,0.0,4.199,92.1,99,0,60.0,2026-04-29T02:12:13.996217,4.21
2026-04-29T02:11:14.980058,60.24,0,62.82,0.0,1000.0,0.0,4.199,92.1,99,0,60.0,2026-04-29T02:12:14.979905,4.21
2026-04-29T02:11:15.014580,60.24,0,62.82,0.0,1000.0,0.0,4.199,92.1,99,0,60.0,2026-04-29T02:12:15.014444,4.21
2026-04-29T02:11:15.050665,60.24,0,62.83,0.0,1000.0,0.0,4.199,92.1,99,0,60.0,2026-04-29T02:12:15.050539,4.21
2026-04-29T02:11:16.022547,60.26,0,62.86,0.0,1000.0,0.0,4.199,92.1,99,0,60.0,2026-04-29T02:12:16.022421,4.21
2026-04-29T02:11:16.056774,60.26,0,62.86,0.0,1000.0,0.0,4.199,92.1,99,0,60.0,2026-04-29T02:12:16.056646,4.21
2026-04-29T02:11:17.064641,60.26,0,62.89,0.0,1000.0,0.0,4.199,92.1,99,0,60.0,2026-04-29T02:12:17.064498,4.21
2026-04-29T02:11:17.108430,60.29,0,62.89,0.0,1000.0,0.0,4.199,92.1,99,0,60.0,2026-04-29T02:12:17.108293,4.21
2026-04-29T02:11:17.144417,60.29,0,62.88,0.0,1000.0,0.0,4.199,92.1,99,0,60.0,2026-04-29T02:12:17.144266,4.21
2026-04-29T02:11:18.116660,60.33,0,62.92,0.0,1000.0,0.0,4.199,92.1,99,0,60.0,2026-04-29T02:12:18.116499,4.21
2026-04-29T02:11:18.157752,60.33,0,62.92,0.0,1000.0,0.0,4.199,92.1,99,0,60.0,2026-04-29T02:12:18.157625,4.21
2026-04-29T02:11:18.196119,60.33,0,62.92,0.0,1000.0,0.0,4.199,92.1,99,0,60.0,2026-04-29T02:12:18.195963,4.21
2026-04-29T02:11:19.176213,60.37,0,62.96,0.0,1000.0,0.0,4.199,92.1,99,0,60.0,2026-04-29T02:12:19.175861,4.21
2026-04-29T02:11:19.217503,60.37,0,62.96,0.0,1000.0,0.0,4.199,92.1,99,0,60.0,2026-04-29T02:12:19.217377,4.21
2026-04-29T02:11:19.252180,60.37,0,62.96,0.0,1000.0,0.0,4.199,92.1,99,0,60.0,2026-04-29T02:12:19.252040,4.21
2026-04-29T02:11:20.230239,60.42,0,63.0,0.0,1000.0,0.0,4.199,92.1,99,0,60.0,2026-04-29T02:12:20.230069,4.21
2026-04-29T02:11:20.271915,60.42,0,63.01,0.0,1000.0,0.0,4.199,92.1,99,0,60.0,2026-04-29T02:12:20.271769,4.21
2026-04-29T02:11:20.307462,60.42,0,63.01,0.0,1000.0,0.0,4.199,92.1,99,0,60.0,2026-04-29T02:12:20.307343,4.21
2026-04-29T02:11:21.284182,60.46,0,63.05,0.0,1000.0,0.0,4.199,92.1,99,0,60.0,2026-04-29T02:12:21.284034,4.21
2026-04-29T02:11:21.323374,60.46,0,63.05,0.0,1000.0,0.0,4.199,92.1,99,0,60.0,2026-04-29T02:12:21.323249,4.21
2026-04-29T02:11:22.309916,60.46,0,63.09,0.0,1000.0,0.0,4.199,92.1,99,0,60.0,2026-04-29T02:12:22.309675,4.21
2026-04-29T02:11:22.354416,60.48,0,63.08,0.0,1000.0,0.0,4.199,92.1,99,0,60.0,2026-04-29T02:12:22.354281,4.21
2026-04-29T02:11:22.389459,60.48,0,63.08,0.0,1000.0,0.0,4.199,92.1,99,0,60.0,2026-04-29T02:12:22.389337,4.21
2026-04-29T02:11:23.357955,60.51,0,63.11,0.0,1000.0,0.0,4.199,92.0,99,0,60.0,2026-04-29T02:12:23.357760,4.21
2026-04-29T02:11:23.401158,60.51,0,63.1,0.0,1000.0,0.0,4.199,92.0,99,0,60.0,2026-04-29T02:12:23.401014,4.21
2026-04-29T02:11:23.437196,60.51,0,63.1,0.0,1000.0,0.0,4.199,92.0,99,0,60.0,2026-04-29T02:12:23.437059,4.21
2026-04-29T02:11:24.416758,60.55,0,63.13,0.0,1000.0,0.0,4.199,92.0,99,0,60.0,2026-04-29T02:12:24.416567,4.21
2026-04-29T02:11:24.461520,60.55,0,63.14,0.0,1000.0,0.0,4.199,92.0,99,0,60.0,2026-04-29T02:12:24.461388,4.21
2026-04-29T02:11:24.496950,60.55,0,63.14,0.0,1000.0,0.0,4.199,92.0,99,0,60.0,2026-04-29T02:12:24.496838,4.21
2026-04-29T02:11:25.456657,60.59,0,63.17,0.0,1000.0,0.0,4.199,92.0,99,0,60.0,2026-04-29T02:12:25.456531,4.21
2026-04-29T02:11:25.492302,60.59,0,63.18,0.0,1000.0,0.0,4.199,92.0,99,0,60.0,2026-04-29T02:12:25.492180,4.21
2026-04-29T02:11:25.529214,60.59,0,63.18,0.0,1000.0,0.0,4.199,92.0,99,0,60.0,2026-04-29T02:12:25.529071,4.21
2026-04-29T02:11:26.526662,60.62,0,63.21,0.0,1000.0,0.0,4.199,92.0,99,0,60.0,2026-04-29T02:12:26.526457,4.21
2026-04-29T02:11:26.569811,60.62,0,63.21,0.0,1000.0,0.0,4.199,92.0,99,0,60.0,2026-04-29T02:12:26.569693,4.21
2026-04-29T02:11:27.551452,60.62,0,63.24,0.0,1000.0,0.0,4.199,92.0,99,0,60.0,2026-04-29T02:12:27.551272,4.21
2026-04-29T02:11:27.597329,60.65,0,63.24,0.0,1000.0,0.0,4.199,92.0,99,0,60.0,2026-04-29T02:12:27.597182,4.21
2026-04-29T02:11:27.632816,60.65,0,63.24,0.0,1000.0,0.0,4.199,92.0,99,0,60.0,2026-04-29T02:12:27.632696,4.21
2026-04-29T02:11:28.605801,60.7,0,63.28,0.0,1000.0,0.0,4.199,92.0,99,0,60.0,2026-04-29T02:12:28.605638,4.21
2026-04-29T02:11:28.649670,60.7,0,63.28,0.0,1000.0,0.0,4.199,92.0,99,0,60.0,2026-04-29T02:12:28.649529,4.21
2026-04-29T02:11:28.685632,60.7,0,63.28,0.0,1000.0,0.0,4.199,92.0,99,0,60.0,2026-04-29T02:12:28.685497,4.21
2026-04-29T02:11:29.656854,60.73,0,63.31,0.0,1000.0,0.0,4.199,92.0,99,0,60.0,2026-04-29T02:12:29.656700,4.21
2026-04-29T02:11:29.697093,60.73,0,63.31,0.0,1000.0,0.0,4.199,92.0,99,0,60.0,2026-04-29T02:12:29.696967,4.21
2026-04-29T02:11:29.731030,60.73,0,63.31,0.0,1000.0,0.0,4.199,92.0,99,0,60.0,2026-04-29T02:12:29.730901,4.21
2026-04-29T02:11:30.714887,60.78,0,63.35,0.0,1000.0,0.0,4.199,92.0,99,0,60.0,2026-04-29T02:12:30.714723,4.21
2026-04-29T02:11:30.755009,60.78,0,63.36,0.0,1000.0,0.0,4.199,92.0,99,0,60.0,2026-04-29T02:12:30.754866,4.21
2026-04-29T02:11:30.790690,60.78,0,63.36,0.0,1000.0,0.0,4.199,92.0,99,0,60.0,2026-04-29T02:12:30.790565,4.21
2026-04-29T02:11:31.769959,60.83,0,63.4,0.0,1000.0,0.0,4.199,92.0,99,0,60.0,2026-04-29T02:12:31.769823,4.21
2026-04-29T02:11:31.807282,60.83,0,63.41,0.0,1000.0,0.0,4.199,92.0,99,0,60.0,2026-04-29T02:12:31.807181,4.21
2026-04-29T02:11:32.784125,60.83,0,63.44,0.0,1000.0,0.0,4.199,92.0,99,0,60.0,2026-04-29T02:12:32.783946,4.21
2026-04-29T02:11:32.826260,60.87,0,63.45,0.0,1000.0,0.0,4.199,92.0,99,0,60.0,2026-04-29T02:12:32.825983,4.21
2026-04-29T02:11:32.862595,60.87,0,63.45,0.0,1000.0,0.0,4.199,92.0,99,0,60.0,2026-04-29T02:12:32.862465,4.21
2026-04-29T02:11:33.866068,60.9,0,63.49,0.0,1000.0,0.0,4.199,92.0,99,0,60.0,2026-04-29T02:12:33.853524,4.21
2026-04-29T02:11:33.948265,60.9,0,63.49,0.0,1000.0,0.0,4.199,92.0,99,0,60.0,2026-04-29T02:12:33.948123,4.21
2026-04-29T02:11:33.983965,60.9,0,63.49,0.0,1000.0,0.0,4.199,92.0,99,0,60.0,2026-04-29T02:12:33.983855,4.21
2026-04-29T02:11:34.902628,60.95,0,63.52,0.0,1000.0,0.0,4.199,91.9,99,0,60.0,2026-04-29T02:12:34.902429,4.21
2026-04-29T02:11:34.944797,60.95,0,63.53,0.0,1000.0,0.0,4.199,91.9,99,0,60.0,2026-04-29T02:12:34.944612,4.21
2026-04-29T02:11:34.981112,60.95,0,63.53,0.0,1000.0,0.0,4.199,91.9,99,0,60.0,2026-04-29T02:12:34.980989,4.21
2026-04-29T02:11:35.931009,61.01,0,63.57,0.0,1000.0,0.0,4.199,91.9,99,0,60.0,2026-04-29T02:12:35.930828,4.21
2026-04-29T02:11:35.966740,61.01,0,63.58,0.0,1000.0,0.0,4.199,91.9,99,0,60.0,2026-04-29T02:12:35.966579,4.21
2026-04-29T02:11:36.001550,61.01,0,63.58,0.0,1000.0,0.0,4.199,91.9,99,0,60.0,2026-04-29T02:12:36.001449,4.21
2026-04-29T02:11:37.006022,61.04,0,63.62,0.0,1000.0,0.0,4.199,91.9,99,0,60.0,2026-04-29T02:12:37.005861,4.21
2026-04-29T02:11:37.047711,61.04,0,63.62,0.0,1000.0,0.0,4.199,91.9,99,0,60.0,2026-04-29T02:12:37.047584,4.21
2026-04-29T02:11:38.018244,61.04,0,63.65,0.0,1000.0,0.0,4.199,91.9,99,0,60.0,2026-04-29T02:12:38.018068,4.21
2026-04-29T02:11:38.058766,61.09,0,63.66,0.0,1000.0,0.0,4.199,91.9,99,0,60.0,2026-04-29T02:12:38.058630,4.21
2026-04-29T02:11:38.095492,61.09,0,63.66,0.0,1000.0,0.0,4.199,91.9,99,0,60.0,2026-04-29T02:12:38.095343,4.21
2026-04-29T02:11:39.086029,61.11,0,63.7,0.0,1000.0,0.0,4.199,91.9,99,0,60.0,2026-04-29T02:12:39.085875,4.21
2026-04-29T02:11:39.129603,61.11,0,63.69,0.0,1000.0,0.0,4.199,91.9,99,0,60.0,2026-04-29T02:12:39.129462,4.21
2026-04-29T02:11:39.165050,61.11,0,63.69,0.0,1000.0,0.0,4.199,91.9,99,0,60.0,2026-04-29T02:12:39.164912,4.21
2026-04-29T02:11:40.133944,61.19,0,63.74,0.0,1000.0,0.0,4.199,91.9,99,0,60.0,2026-04-29T02:12:40.133794,4.21
2026-04-29T02:11:40.174535,61.19,0,63.75,0.0,1000.0,0.0,4.199,91.9,99,0,60.0,2026-04-29T02:12:40.174411,4.21
2026-04-29T02:11:40.211518,61.19,0,63.76,0.0,1000.0,0.0,4.199,91.9,99,0,60.0,2026-04-29T02:12:40.211281,4.21
2026-04-29T02:11:41.196837,61.24,0,63.81,0.0,1000.0,0.0,4.199,91.9,99,0,60.0,2026-04-29T02:12:41.196651,4.21
2026-04-29T02:11:41.236432,61.24,0,63.81,0.0,1000.0,0.0,4.199,91.9,99,0,60.0,2026-04-29T02:12:41.236316,4.21
2026-04-29T02:11:41.272339,61.24,0,63.82,0.0,1000.0,0.0,4.199,91.9,99,0,60.0,2026-04-29T02:12:41.272224,4.21
2026-04-29T02:11:42.247954,61.31,0,63.87,0.0,1000.0,0.0,4.199,91.9,99,0,60.0,2026-04-29T02:12:42.247789,4.21
2026-04-29T02:11:42.287614,61.31,0,63.88,0.0,1000.0,0.0,4.199,91.9,99,0,60.0,2026-04-29T02:12:42.287492,4.21
2026-04-29T02:11:43.273605,61.31,0,63.92,0.0,1000.0,0.0,4.199,91.9,99,0,60.0,2026-04-29T02:12:43.273405,4.21
2026-04-29T02:11:43.318714,61.36,0,63.93,0.0,1000.0,0.0,4.199,91.9,99,0,60.0,2026-04-29T02:12:43.318545,4.21
2026-04-29T02:11:43.353824,61.36,0,63.94,0.0,1000.0,0.0,4.199,91.9,99,0,60.0,2026-04-29T02:12:43.353673,4.21
2026-04-29T02:11:44.331353,61.44,0,63.98,0.0,1000.0,0.0,4.199,91.8,99,0,60.0,2026-04-29T02:12:44.331183,4.21
2026-04-29T02:11:44.374160,61.44,0,64.0,0.0,1000.0,0.0,4.199,91.8,99,0,60.0,2026-04-29T02:12:44.374036,4.21
2026-04-29T02:11:44.411133,61.44,0,64.01,0.0,1000.0,0.0,4.199,91.8,99,0,60.0,2026-04-29T02:12:44.410971,4.21
2026-04-29T02:11:45.385000,61.47,0,64.04,0.0,1000.0,0.0,4.199,91.8,99,0,60.0,2026-04-29T02:12:45.384833,4.21
2026-04-29T02:11:45.426764,61.47,0,64.05,0.0,1000.0,0.0,4.199,91.8,99,0,60.0,2026-04-29T02:12:45.426516,4.21
2026-04-29T02:11:45.462747,61.47,0,64.05,0.0,1000.0,0.0,4.199,91.8,99,0,60.0,2026-04-29T02:12:45.462620,4.21
2026-04-29T02:11:46.438547,61.51,0,64.08,0.0,1000.0,0.0,4.199,91.8,99,0,60.0,2026-04-29T02:12:46.438378,4.21
2026-04-29T02:11:46.479509,61.51,0,64.09,0.0,1000.0,0.0,4.199,91.8,99,0,60.0,2026-04-29T02:12:46.479359,4.21
2026-04-29T02:11:46.515578,61.51,0,64.09,0.0,1000.0,0.0,4.199,91.8,99,0,60.0,2026-04-29T02:12:46.515436,4.21
2026-04-29T02:11:47.488430,61.56,0,64.13,0.0,1000.0,0.0,4.199,91.8,99,0,60.0,2026-04-29T02:12:47.488258,4.21
2026-04-29T02:11:47.528860,61.56,0,64.13,0.0,1000.0,0.0,4.199,91.8,99,0,60.0,2026-04-29T02:12:47.528690,4.21
2026-04-29T02:11:48.507928,61.56,0,64.17,0.0,1000.0,0.0,4.199,91.8,99,0,60.0,2026-04-29T02:12:48.507735,4.21
2026-04-29T02:11:48.549192,61.62,0,64.19,0.0,1000.0,0.0,4.199,91.8,99,0,60.0,2026-04-29T02:12:48.549061,4.21
2026-04-29T02:11:48.585404,61.62,0,64.19,0.0,1000.0,0.0,4.199,91.8,99,0,60.0,2026-04-29T02:12:48.585279,4.21
2026-04-29T02:11:49.556037,61.67,0,64.23,0.0,1000.0,0.0,4.199,91.8,99,0,60.0,2026-04-29T02:12:49.555871,4.21
2026-04-29T02:11:49.593820,61.67,0,64.24,0.0,1000.0,0.0,4.199,91.8,99,0,60.0,2026-04-29T02:12:49.593679,4.21
2026-04-29T02:11:49.629201,61.67,0,64.25,0.0,1000.0,0.0,4.199,91.8,99,0,60.0,2026-04-29T02:12:49.629081,4.21
2026-04-29T02:11:50.619678,61.74,0,64.29,0.0,1000.0,0.0,4.199,91.8,99,0,60.0,2026-04-29T02:12:50.619511,4.21
2026-04-29T02:11:50.661825,61.74,0,64.31,0.0,1000.0,0.0,4.199,91.8,99,0,60.0,2026-04-29T02:12:50.661682,4.21
2026-04-29T02:11:50.697677,61.74,0,64.31,0.0,1000.0,0.0,4.199,91.8,99,0,60.0,2026-04-29T02:12:50.697543,4.21
2026-04-29T02:11:51.682590,61.77,0,64.35,0.0,1000.0,0.0,4.199,91.8,99,0,60.0,2026-04-29T02:12:51.682435,4.21
2026-04-29T02:11:51.720963,61.77,0,64.35,0.0,1000.0,0.0,4.199,91.8,99,0,60.0,2026-04-29T02:12:51.720836,4.21
2026-04-29T02:11:51.754988,61.77,0,64.35,0.0,1000.0,0.0,4.199,91.8,99,0,60.0,2026-04-29T02:12:51.754866,4.21
2026-04-29T02:11:52.728074,61.82,0,64.39,0.0,1000.0,0.0,4.199,91.8,99,0,60.0,2026-04-29T02:12:52.727777,4.21
2026-04-29T02:11:52.769350,61.82,0,64.4,0.0,1000.0,0.0,4.199,91.8,99,0,60.0,2026-04-29T02:12:52.769219,4.21
2026-04-29T02:11:53.757174,61.82,0,64.43,0.0,1000.0,0.0,4.199,91.8,99,0,60.0,2026-04-29T02:12:53.757001,4.21
2026-04-29T02:11:53.803262,61.89,0,64.45,0.0,1000.0,0.0,4.199,91.7,99,0,60.0,2026-04-29T02:12:53.803094,4.21
2026-04-29T02:11:53.875274,61.89,0,64.46,0.0,1000.0,0.0,4.199,91.7,99,0,60.0,2026-04-29T02:12:53.856311,4.21
2026-04-29T02:11:54.807567,61.93,0,64.5,0.0,1000.0,0.0,4.199,91.7,99,0,60.0,2026-04-29T02:12:54.807400,4.21
2026-04-29T02:11:54.851635,61.93,0,64.5,0.0,1000.0,0.0,4.199,91.7,99,0,60.0,2026-04-29T02:12:54.851475,4.21
2026-04-29T02:11:54.887243,61.93,0,64.5,0.0,1000.0,0.0,4.199,91.7,99,0,60.0,2026-04-29T02:12:54.887091,4.21
2026-04-29T02:11:55.903540,61.99,0,64.55,0.0,1000.0,0.0,4.199,91.7,99,0,60.0,2026-04-29T02:12:55.885096,4.21
2026-04-29T02:11:55.957604,61.99,0,64.56,0.0,1000.0,0.0,4.199,91.7,99,0,60.0,2026-04-29T02:12:55.957469,4.21
2026-04-29T02:11:55.993699,61.99,0,64.56,0.0,1000.0,0.0,4.199,91.7,99,0,60.0,2026-04-29T02:12:55.993466,4.21
2026-04-29T02:11:56.915902,62.03,0,64.6,0.0,1000.0,0.0,4.199,91.7,99,0,60.0,2026-04-29T02:12:56.915723,4.21
2026-04-29T02:11:56.954937,62.03,0,64.6,0.0,1000.0,0.0,4.199,91.7,99,0,60.0,2026-04-29T02:12:56.954796,4.21
2026-04-29T02:11:56.990157,62.03,0,64.61,0.0,1000.0,0.0,4.199,91.7,99,0,60.0,2026-04-29T02:12:56.990048,4.21
2026-04-29T02:11:57.943740,62.08,0,64.65,0.0,1000.0,0.0,4.199,91.7,99,0,60.0,2026-04-29T02:12:57.943536,4.21
2026-04-29T02:11:57.979655,62.08,0,64.65,0.0,1000.0,0.0,4.199,91.7,99,0,60.0,2026-04-29T02:12:57.979507,4.21
2026-04-29T02:11:58.990582,62.08,0,64.69,0.0,1000.0,0.0,4.199,91.7,99,0,60.0,2026-04-29T02:12:58.990377,4.21
2026-04-29T02:11:59.036832,62.13,0,64.7,0.0,1000.0,0.0,4.199,91.7,99,0,60.0,2026-04-29T02:12:59.036685,4.21
2026-04-29T02:11:59.071665,62.13,0,64.71,0.0,1000.0,0.0,4.199,91.7,99,0,60.0,2026-04-29T02:12:59.071551,4.21
2026-04-29T02:12:00.034685,62.19,0,64.75,0.0,1000.0,0.0,4.199,91.7,99,0,60.0,2026-04-29T02:13:00.034521,4.21
2026-04-29T02:12:00.073515,62.19,0,64.76,0.0,1000.0,0.0,4.199,91.7,99,0,60.0,2026-04-29T02:13:00.073386,4.21
2026-04-29T02:12:00.109128,62.19,0,64.76,0.0,1000.0,0.0,4.199,91.7,99,0,60.0,2026-04-29T02:13:00.108981,4.21
2026-04-29T02:12:01.103743,62.24,0,64.81,0.0,1000.0,0.0,4.199,91.7,99,0,60.0,2026-04-29T02:13:01.103528,4.21
2026-04-29T02:12:01.147304,62.24,0,64.82,0.0,1000.0,0.0,4.199,91.7,99,0,60.0,2026-04-29T02:13:01.147141,4.21
2026-04-29T02:12:01.183497,62.24,0,64.82,0.0,1000.0,0.0,4.199,91.7,99,0,60.0,2026-04-29T02:13:01.183378,4.21
2026-04-29T02:12:02.158775,62.29,0,64.86,0.0,1000.0,0.0,4.199,91.6,99,0,60.0,2026-04-29T02:13:02.158610,4.21
2026-04-29T02:12:02.199525,62.29,0,64.87,0.0,1000.0,0.0,4.199,91.6,99,0,60.0,2026-04-29T02:13:02.199408,4.21
2026-04-29T02:12:02.235272,62.29,0,64.87,0.0,1000.0,0.0,4.199,91.6,99,0,60.0,2026-04-29T02:13:02.235161,4.21
2026-04-29T02:12:03.213571,62.33,0,64.91,0.0,1000.0,0.0,4.199,91.6,99,0,60.0,2026-04-29T02:13:03.213415,4.21
2026-04-29T02:12:03.252423,62.33,0,64.91,0.0,1000.0,0.0,4.199,91.6,99,0,60.0,2026-04-29T02:13:03.252297,4.21
2026-04-29T02:12:04.234983,62.33,0,64.95,0.0,1000.0,0.0,4.199,91.6,99,0,60.0,2026-04-29T02:13:04.234830,4.21
2026-04-29T02:12:04.284966,62.4,0,64.96,0.0,1000.0,0.0,4.199,91.6,99,0,60.0,2026-04-29T02:13:04.284834,4.21
2026-04-29T02:12:04.323921,62.4,0,64.97,0.0,1000.0,0.0,4.199,91.6,99,0,60.0,2026-04-29T02:13:04.323806,4.21
2026-04-29T02:12:05.287172,62.44,0,65.01,0.0,1000.0,0.0,4.199,91.6,99,0,60.0,2026-04-29T02:13:05.286986,4.21
2026-04-29T02:12:05.332034,62.44,0,65.01,0.0,1000.0,0.0,4.199,91.6,99,0,60.0,2026-04-29T02:13:05.331902,4.21
2026-04-29T02:12:05.367720,62.44,0,65.02,0.0,1000.0,0.0,4.199,91.6,99,0,60.0,2026-04-29T02:13:05.367611,4.21
2026-04-29T02:12:06.344225,62.49,0,65.05,0.0,1000.0,0.0,4.199,91.6,99,0,60.0,2026-04-29T02:13:06.344043,4.21
2026-04-29T02:12:06.386697,62.49,0,65.06,0.0,1000.0,0.0,4.199,91.6,99,0,60.0,2026-04-29T02:13:06.386563,4.21
2026-04-29T02:12:06.423075,62.49,0,65.07,0.0,1000.0,0.0,4.199,91.6,99,0,60.0,2026-04-29T02:13:06.422946,4.21
2026-04-29T02:12:07.399343,62.52,0,65.1,0.0,1000.0,0.0,4.199,91.6,99,0,60.0,2026-04-29T02:13:07.399164,4.21
2026-04-29T02:12:07.439167,62.52,0,65.1,0.0,1000.0,0.0,4.199,91.6,99,0,60.0,2026-04-29T02:13:07.439015,4.21
2026-04-29T02:12:07.474974,62.52,0,65.1,0.0,1000.0,0.0,4.199,91.6,99,0,60.0,2026-04-29T02:13:07.474861,4.21
2026-04-29T02:12:08.451826,62.57,0,65.14,0.0,1000.0,0.0,4.199,91.6,99,0,60.0,2026-04-29T02:13:08.451619,4.21
2026-04-29T02:12:08.490158,62.57,0,65.15,0.0,1000.0,0.0,4.199,91.6,99,0,60.0,2026-04-29T02:13:08.490022,4.21
2026-04-29T02:12:09.472634,62.57,0,65.18,0.0,1000.0,0.0,4.199,91.6,99,0,60.0,2026-04-29T02:13:09.472488,4.21
2026-04-29T02:12:09.523087,62.63,0,65.2,0.0,1000.0,0.0,4.199,91.6,99,0,60.0,2026-04-29T02:13:09.522976,4.21
2026-04-29T02:12:09.560570,62.63,0,65.2,0.0,1000.0,0.0,4.199,91.6,99,0,60.0,2026-04-29T02:13:09.560317,4.21
2026-04-29T02:12:10.523547,62.68,0,65.23,0.0,1000.0,0.0,4.199,91.6,99,0,60.0,2026-04-29T02:13:10.523373,4.21
2026-04-29T02:12:10.568807,62.68,0,65.24,0.0,1000.0,0.0,4.199,91.6,99,0,60.0,2026-04-29T02:13:10.568668,4.21
2026-04-29T02:12:10.605297,62.68,0,65.25,0.0,1000.0,0.0,4.199,91.6,99,0,60.0,2026-04-29T02:13:10.605160,4.21
2026-04-29T02:12:11.583078,62.73,0,65.29,0.0,1000.0,0.0,4.199,91.6,99,0,60.0,2026-04-29T02:13:11.582919,4.21
2026-04-29T02:12:11.623291,62.73,0,65.3,0.0,1000.0,0.0,4.199,91.6,99,0,60.0,2026-04-29T02:13:11.623172,4.21
2026-04-29T02:12:11.658094,62.73,0,65.3,0.0,1000.0,0.0,4.199,91.6,99,0,60.0,2026-04-29T02:13:11.657988,4.21
2026-04-29T02:12:12.633702,62.8,0,65.35,0.0,1000.0,0.0,4.199,91.5,99,0,60.0,2026-04-29T02:13:12.633548,4.21
2026-04-29T02:12:12.675535,62.8,0,65.36,0.0,1000.0,0.0,4.199,91.5,99,0,60.0,2026-04-29T02:13:12.675415,4.21
2026-04-29T02:12:12.712853,62.8,0,65.37,0.0,1000.0,0.0,4.199,91.5,99,0,60.0,2026-04-29T02:13:12.712698,4.21
2026-04-29T02:12:13.694826,62.86,0,65.41,0.0,1000.0,0.0,4.199,91.5,99,0,60.0,2026-04-29T02:13:13.694666,4.21
2026-04-29T02:12:13.733165,62.86,0,65.42,0.0,1000.0,0.0,4.199,91.5,99,0,60.0,2026-04-29T02:13:13.733036,4.21
2026-04-29T02:12:14.711540,62.86,0,65.45,0.0,1000.0,0.0,4.199,91.5,99,0,60.0,2026-04-29T02:13:14.711092,4.21
2026-04-29T02:12:14.756146,62.91,0,65.47,0.0,1000.0,0.0,4.199,91.5,99,0,60.0,2026-04-29T02:13:14.755994,4.21
2026-04-29T02:12:14.793928,62.91,0,65.47,0.0,1000.0,0.0,4.199,91.5,99,0,60.0,2026-04-29T02:13:14.793715,4.21
2026-04-29T02:12:15.772205,62.95,0,65.51,0.0,1000.0,0.0,4.199,91.5,99,0,60.0,2026-04-29T02:13:15.772031,4.21
2026-04-29T02:12:15.815866,62.95,0,65.51,0.0,1000.0,0.0,4.199,91.5,99,0,60.0,2026-04-29T02:13:15.815734,4.21
2026-04-29T02:12:15.918878,62.95,0,65.52,0.0,1000.0,0.0,4.199,91.5,99,0,60.0,2026-04-29T02:13:15.917342,4.21
2026-04-29T02:12:16.819875,63.0,0,65.56,0.0,1000.0,0.0,4.199,91.5,99,0,60.0,2026-04-29T02:13:16.819708,4.21
2026-04-29T02:12:16.862595,63.0,0,65.56,0.0,1000.0,0.0,4.199,91.5,99,0,60.0,2026-04-29T02:13:16.862417,4.21
2026-04-29T02:12:16.898466,63.0,0,65.57,0.0,1000.0,0.0,4.199,91.5,99,0,60.0,2026-04-29T02:13:16.898344,4.21
2026-04-29T02:12:17.910017,63.04,0,65.6,0.0,1000.0,0.0,4.199,91.5,99,0,60.0,2026-04-29T02:13:17.904726,4.21
2026-04-29T02:12:17.947264,63.04,0,65.61,0.0,1000.0,0.0,4.199,91.5,99,0,60.0,2026-04-29T02:13:17.947150,4.21
2026-04-29T02:12:17.982652,63.04,0,65.61,0.0,1000.0,0.0,4.199,91.5,99,0,60.0,2026-04-29T02:13:17.982540,4.21
2026-04-29T02:12:18.926115,63.08,0,65.65,0.0,1000.0,0.0,4.199,91.5,99,0,60.0,2026-04-29T02:13:18.925930,4.21
2026-04-29T02:12:18.964201,63.08,0,65.65,0.0,1000.0,0.0,4.199,91.5,99,0,60.0,2026-04-29T02:13:18.964099,4.21
2026-04-29T02:12:19.931203,63.08,0,65.68,0.0,1000.0,0.0,4.199,91.5,99,0,60.0,2026-04-29T02:13:19.931062,4.21
2026-04-29T02:12:19.967108,63.13,0,65.69,0.0,1000.0,0.0,4.199,91.5,99,0,60.0,2026-04-29T02:13:19.967017,4.21
2026-04-29T02:12:20.000978,63.13,0,65.7,0.0,1000.0,0.0,4.199,91.5,99,0,60.0,2026-04-29T02:13:20.000876,4.21
2026-04-29T02:12:20.995522,63.18,0,65.74,0.0,1000.0,0.0,4.199,91.5,99,0,60.0,2026-04-29T02:13:20.995317,4.21
2026-04-29T02:12:21.037201,63.18,0,65.75,0.0,1000.0,0.0,4.199,91.4,99,0,60.0,2026-04-29T02:13:21.037053,4.21
2026-04-29T02:12:21.073515,63.18,0,65.75,0.0,1000.0,0.0,4.199,91.4,99,0,60.0,2026-04-29T02:13:21.073391,4.21
2026-04-29T02:12:22.036392,63.22,0,65.79,0.0,1000.0,0.0,4.199,91.4,99,0,60.0,2026-04-29T02:13:22.036251,4.21
2026-04-29T02:12:22.074752,63.22,0,65.79,0.0,1000.0,0.0,4.199,91.4,99,0,60.0,2026-04-29T02:13:22.074632,4.21
2026-04-29T02:12:22.110415,63.22,0,65.79,0.0,1000.0,0.0,4.199,91.4,99,0,60.0,2026-04-29T02:13:22.110201,4.21
2026-04-29T02:12:23.113180,63.25,0,65.83,0.0,1000.0,0.0,4.199,91.4,99,0,60.0,2026-04-29T02:13:23.113011,4.21
2026-04-29T02:12:23.153884,63.25,0,65.83,0.0,1000.0,0.0,4.199,91.4,99,0,60.0,2026-04-29T02:13:23.153748,4.21
2026-04-29T02:12:23.189662,63.25,0,65.83,0.0,1000.0,0.0,4.199,91.4,99,0,60.0,2026-04-29T02:13:23.189532,4.21
2026-04-29T02:12:24.165822,63.31,0,65.87,0.0,1000.0,0.0,4.199,91.4,99,0,60.0,2026-04-29T02:13:24.165656,4.21
2026-04-29T02:12:24.205110,63.31,0,65.87,0.0,1000.0,0.0,4.199,91.4,99,0,60.0,2026-04-29T02:13:24.204971,4.21
2026-04-29T02:12:25.186930,63.31,0,65.91,0.0,1000.0,0.0,4.199,91.4,99,0,60.0,2026-04-29T02:13:25.186779,4.21
2026-04-29T02:12:25.228814,63.36,0,65.92,0.0,1000.0,0.0,4.199,91.4,99,0,60.0,2026-04-29T02:13:25.228698,4.21
2026-04-29T02:12:25.268152,63.36,0,65.92,0.0,1000.0,0.0,4.199,91.4,99,0,60.0,2026-04-29T02:13:25.268027,4.21
2026-04-29T02:12:26.242945,63.41,0,65.96,0.0,1000.0,0.0,4.199,91.4,99,0,60.0,2026-04-29T02:13:26.242608,4.21
2026-04-29T02:12:26.287387,63.41,0,65.97,0.0,1000.0,0.0,4.199,91.4,99,0,60.0,2026-04-29T02:13:26.287249,4.21
2026-04-29T02:12:26.323604,63.41,0,65.97,0.0,1000.0,0.0,4.199,91.4,99,0,60.0,2026-04-29T02:13:26.323474,4.21
2026-04-29T02:12:27.301447,63.45,0,66.01,0.0,1000.0,0.0,4.199,91.4,99,0,60.0,2026-04-29T02:13:27.301291,4.21
2026-04-29T02:12:27.342772,63.45,0,66.02,0.0,1000.0,0.0,4.199,91.4,99,0,60.0,2026-04-29T02:13:27.342460,4.21
2026-04-29T02:12:27.379120,63.45,0,66.02,0.0,1000.0,0.0,4.199,91.4,99,0,60.0,2026-04-29T02:13:27.378994,4.21
2026-04-29T02:12:28.353901,63.49,0,66.05,0.0,1000.0,0.0,4.199,91.4,99,0,60.0,2026-04-29T02:13:28.353725,4.21
2026-04-29T02:12:28.396640,63.49,0,66.06,0.0,1000.0,0.0,4.199,91.4,99,0,60.0,2026-04-29T02:13:28.396488,4.21
2026-04-29T02:12:28.433322,63.49,0,66.06,0.0,1000.0,0.0,4.199,91.4,99,0,60.0,2026-04-29T02:13:28.433174,4.21
2026-04-29T02:12:29.408855,63.54,0,66.1,0.0,1000.0,0.0,4.199,91.4,99,0,60.0,2026-04-29T02:13:29.408714,4.21
2026-04-29T02:12:29.447602,63.54,0,66.11,0.0,1000.0,0.0,4.199,91.4,99,0,60.0,2026-04-29T02:13:29.447472,4.21
2026-04-29T02:12:30.428955,63.54,0,66.14,0.0,1000.0,0.0,4.199,91.4,99,0,60.0,2026-04-29T02:13:30.428800,4.21
2026-04-29T02:12:30.471706,63.59,0,66.15,0.0,1000.0,0.0,4.199,91.4,99,0,60.0,2026-04-29T02:13:30.471564,4.21
2026-04-29T02:12:30.510782,63.59,0,66.16,0.0,1000.0,0.0,4.199,91.4,99,0,60.0,2026-04-29T02:13:30.510629,4.21
2026-04-29T02:12:31.486109,63.62,0,66.19,0.0,1000.0,0.0,4.199,91.4,99,0,60.0,2026-04-29T02:13:31.485905,4.21
2026-04-29T02:12:31.529725,63.62,0,66.19,0.0,1000.0,0.0,4.199,91.4,99,0,60.0,2026-04-29T02:13:31.529570,4.21
2026-04-29T02:12:31.565038,63.62,0,66.19,0.0,1000.0,0.0,4.199,91.4,99,0,60.0,2026-04-29T02:13:31.564904,4.21
2026-04-29T02:12:32.542006,63.67,0,66.23,0.0,1000.0,0.0,4.199,91.3,99,0,60.0,2026-04-29T02:13:32.541848,4.21
2026-04-29T02:12:32.584992,63.67,0,66.24,0.0,1000.0,0.0,4.199,91.3,99,0,60.0,2026-04-29T02:13:32.584849,4.21
2026-04-29T02:12:32.620217,63.67,0,66.24,0.0,1000.0,0.0,4.199,91.3,99,0,60.0,2026-04-29T02:13:32.620102,4.21
2026-04-29T02:12:33.596138,63.71,0,66.28,0.0,1000.0,0.0,4.199,91.3,99,0,60.0,2026-04-29T02:13:33.595981,4.21
2026-04-29T02:12:33.635359,63.71,0,66.28,0.0,1000.0,0.0,4.199,91.3,99,0,60.0,2026-04-29T02:13:33.635225,4.21
2026-04-29T02:12:33.670312,63.71,0,66.28,0.0,1000.0,0.0,4.199,91.3,99,0,60.0,2026-04-29T02:13:33.670192,4.21
2026-04-29T02:12:34.636714,63.73,0,66.31,0.0,1000.0,0.0,4.199,91.3,99,0,60.0,2026-04-29T02:13:34.636570,4.21
2026-04-29T02:12:34.673261,63.73,0,66.31,0.0,1000.0,0.0,4.199,91.3,99,0,60.0,2026-04-29T02:13:34.673138,4.21
2026-04-29T02:12:35.672599,63.73,0,66.34,0.0,1000.0,0.0,4.199,91.3,99,0,60.0,2026-04-29T02:13:35.672346,4.21
2026-04-29T02:12:35.718961,63.78,0,66.35,0.0,1000.0,0.0,4.199,91.3,99,0,60.0,2026-04-29T02:13:35.718829,4.21
2026-04-29T02:12:35.753010,63.78,0,66.35,0.0,1000.0,0.0,4.199,91.3,99,0,60.0,2026-04-29T02:13:35.752885,4.21
2026-04-29T02:12:36.723762,63.83,0,66.38,0.0,1000.0,0.0,4.199,91.3,99,0,60.0,2026-04-29T02:13:36.723556,4.21
2026-04-29T02:12:36.768714,63.83,0,66.39,0.0,1000.0,0.0,4.199,91.3,99,0,60.0,2026-04-29T02:13:36.768573,4.21
2026-04-29T02:12:36.804598,63.83,0,66.39,0.0,1000.0,0.0,4.199,91.3,99,0,60.0,2026-04-29T02:13:36.804451,4.21
2026-04-29T02:12:37.784987,63.87,0,66.43,0.0,1000.0,0.0,4.199,91.3,99,0,60.0,2026-04-29T02:13:37.784867,4.21
2026-04-29T02:12:37.830159,63.87,0,66.44,0.0,1000.0,0.0,4.199,91.3,99,0,60.0,2026-04-29T02:13:37.830026,4.21
2026-04-29T02:12:37.919514,63.87,0,66.44,0.0,1000.0,0.0,4.199,91.3,99,0,60.0,2026-04-29T02:13:37.908034,4.21
2026-04-29T02:12:38.831080,63.9,0,66.47,0.0,1000.0,0.0,4.199,91.3,99,0,60.0,2026-04-29T02:13:38.830922,4.21
2026-04-29T02:12:38.872065,63.9,0,66.47,0.0,1000.0,0.0,4.199,91.3,99,0,60.0,2026-04-29T02:13:38.871928,4.21
2026-04-29T02:12:38.907824,63.9,0,66.47,0.0,1000.0,0.0,4.199,91.3,99,0,60.0,2026-04-29T02:13:38.907705,4.21
2026-04-29T02:12:39.934343,63.94,0,66.51,0.0,1000.0,0.0,4.199,91.3,99,0,60.0,2026-04-29T02:13:39.934201,4.21
2026-04-29T02:12:39.969681,63.94,0,66.51,0.0,1000.0,0.0,4.199,91.3,99,0,60.0,2026-04-29T02:13:39.969597,4.21
2026-04-29T02:12:40.904657,63.94,0,66.54,0.0,1000.0,0.0,4.199,91.3,99,0,60.0,2026-04-29T02:13:40.904509,4.21
2026-04-29T02:12:40.946991,63.98,0,66.55,0.0,1000.0,0.0,4.199,91.3,99,0,60.0,2026-04-29T02:13:40.946838,4.21
2026-04-29T02:12:40.981659,63.98,0,66.55,0.0,1000.0,0.0,4.199,91.3,99,0,60.0,2026-04-29T02:13:40.981553,4.21
2026-04-29T02:12:41.944887,64.03,0,66.59,0.0,1000.0,0.0,4.199,91.3,99,0,60.0,2026-04-29T02:13:41.944745,4.21
2026-04-29T02:12:41.979841,64.03,0,66.59,0.0,1000.0,0.0,4.199,91.3,99,0,60.0,2026-04-29T02:13:41.979704,4.21
2026-04-29T02:12:42.015975,64.03,0,66.6,0.0,1000.0,0.0,4.199,91.3,99,0,60.0,2026-04-29T02:13:42.015835,4.21
2026-04-29T02:12:43.003124,64.07,0,66.64,0.0,1000.0,0.0,4.199,91.3,99,0,60.0,2026-04-29T02:13:43.002994,4.21
2026-04-29T02:12:43.049558,64.07,0,65.6,0.0,1000.0,0.13,4.199,91.3,99,0,60.0,2026-04-29T02:13:43.049432,4.336
2026-04-29T02:12:43.095361,64.07,0,65.6,0.0,1000.0,0.13,4.199,91.3,99,0,60.0,2026-04-29T02:13:43.095206,4.336
2026-04-29T02:12:44.079862,64.14,0,65.64,0.0,1000.0,0.13,4.199,91.2,99,0,60.0,2026-04-29T02:13:44.079687,4.338
2026-04-29T02:12:44.155327,64.14,0,60.02,0.0,1000.0,0.97,4.199,91.2,99,0,60.0,2026-04-29T02:13:44.155205,5.155
2026-04-29T02:12:44.227318,64.14,0,60.03,0.0,1000.0,0.97,4.199,91.2,99,0,60.0,2026-04-29T02:13:44.227197,5.156
2026-04-29T02:12:45.148092,64.18,0,60.03,0.0,1000.0,0.97,4.199,91.2,99,0,60.0,2026-04-29T02:13:45.147904,5.166
2026-04-29T02:12:45.220989,64.18,0,60.04,0.0,1000.0,0.97,4.199,91.2,99,0,60.0,2026-04-29T02:13:45.220831,5.165
2026-04-29T02:12:46.149104,64.18,0,60.02,0.0,1000.0,0.97,4.199,91.2,99,0,60.0,2026-04-29T02:13:46.148916,5.177
2026-04-29T02:12:46.227112,64.24,0,61.51,0.0,1000.0,0.73,4.199,91.2,99,0,60.0,2026-04-29T02:13:46.226943,4.938
2026-04-29T02:12:46.300955,64.24,0,61.53,0.0,1000.0,0.73,4.199,91.2,99,0,60.0,2026-04-29T02:13:46.300808,4.936
2026-04-29T02:12:47.214973,64.29,0,61.53,0.0,1000.0,0.73,4.199,91.2,99,0,60.0,2026-04-29T02:13:47.214742,4.942
2026-04-29T02:12:47.289656,64.29,0,61.57,0.0,1000.0,0.73,4.199,91.2,99,0,60.0,2026-04-29T02:13:47.289377,4.938
2026-04-29T02:12:47.363827,64.29,0,61.58,0.0,1000.0,0.73,4.199,91.2,99,0,60.0,2026-04-29T02:13:47.363659,4.936
2026-04-29T02:12:48.273511,64.36,0,61.59,0.0,1000.0,0.73,4.199,91.2,99,0,60.0,2026-04-29T02:13:48.273350,4.941
2026-04-29T02:12:48.345032,64.36,0,61.63,0.0,1000.0,0.73,4.199,91.2,99,0,60.0,2026-04-29T02:13:48.344835,4.938
2026-04-29T02:12:48.415785,64.36,0,61.64,0.0,1000.0,0.73,4.199,91.2,99,0,60.0,2026-04-29T02:13:48.415592,4.935
2026-04-29T02:12:49.329519,64.41,0,61.65,0.0,1000.0,0.73,4.199,91.2,99,0,60.0,2026-04-29T02:13:49.329356,4.941
2026-04-29T02:12:49.401808,64.41,0,61.68,0.0,1000.0,0.73,4.199,91.2,99,0,60.0,2026-04-29T02:13:49.401655,4.937
2026-04-29T02:12:49.474029,64.41,0,61.69,0.0,1000.0,0.73,4.199,91.2,99,0,60.0,2026-04-29T02:13:49.473898,4.935
2026-04-29T02:12:50.389778,64.45,0,61.71,0.0,1000.0,0.73,4.199,91.2,99,0,60.0,2026-04-29T02:13:50.389601,4.94
2026-04-29T02:12:50.462071,64.45,0,61.98,0.0,1000.0,0.69,4.199,91.2,99,0,60.0,2026-04-29T02:13:50.461893,4.898
2026-04-29T02:12:51.401199,64.45,0,61.96,0.0,1000.0,0.69,4.199,91.2,99,0,60.0,2026-04-29T02:13:51.401041,4.904
2026-04-29T02:12:51.476306,64.51,0,62.01,0.0,1000.0,0.69,4.199,91.2,99,0,60.0,2026-04-29T02:13:51.476010,4.9
2026-04-29T02:12:51.549664,64.51,0,62.03,0.0,1000.0,0.69,4.199,91.2,99,0,60.0,2026-04-29T02:13:51.549440,4.897
2026-04-29T02:12:52.454258,64.57,0,62.03,0.0,1000.0,0.69,4.199,91.2,99,0,60.0,2026-04-29T02:13:52.454067,4.903
2026-04-29T02:12:52.528050,64.57,0,58.6,0.0,1000.0,1.29,4.199,91.1,99,0,60.0,2026-04-29T02:13:52.527873,5.484
2026-04-29T02:12:52.600278,64.57,0,58.6,0.0,1000.0,1.29,4.199,91.1,99,0,60.0,2026-04-29T02:13:52.600133,5.482
2026-04-29T02:12:53.516151,64.61,0,58.59,0.0,1000.0,1.29,4.199,91.1,99,0,60.0,2026-04-29T02:13:53.515980,5.495
2026-04-29T02:12:53.588625,64.61,0,58.62,0.0,1000.0,1.29,4.199,91.1,99,0,60.0,2026-04-29T02:13:53.588455,5.49
2026-04-29T02:12:53.660099,64.61,0,58.63,0.0,1000.0,1.29,4.199,91.1,99,0,60.0,2026-04-29T02:13:53.659945,5.487
2026-04-29T02:12:54.561403,64.66,0,58.63,0.0,1000.0,1.29,4.199,91.1,99,0,60.0,2026-04-29T02:13:54.561235,5.498
2026-04-29T02:12:54.633362,64.66,0,60.43,0.0,1000.0,0.97,4.199,91.1,99,0,60.0,2026-04-29T02:13:54.633220,5.18
2026-04-29T02:12:54.705561,64.66,0,60.44,0.0,1000.0,0.97,4.199,91.1,99,0,60.0,2026-04-29T02:13:54.705402,5.176
2026-04-29T02:12:55.621936,64.7,0,60.46,0.0,1000.0,0.97,4.199,91.1,99,0,60.0,2026-04-29T02:13:55.621748,5.182
2026-04-29T02:12:55.694054,64.7,0,61.13,0.0,1000.0,0.86,4.199,91.1,99,0,60.0,2026-04-29T02:13:55.693882,5.07
2026-04-29T02:12:56.637848,64.7,0,61.11,0.0,1000.0,0.86,4.199,91.1,99,0,60.0,2026-04-29T02:13:56.637655,5.078
2026-04-29T02:12:56.717257,64.74,0,62.46,0.0,1000.0,0.65,4.199,91.1,99,0,60.0,2026-04-29T02:13:56.716996,4.868
2026-04-29T02:12:56.792437,64.74,0,62.48,0.0,1000.0,0.65,4.199,91.1,99,0,60.0,2026-04-29T02:13:56.792269,4.864
2026-04-29T02:14:19.937785,64.74,0,62.47,0.0,1000.0,0.65,4.199,91.1,98,0,60.0,2026-04-29T02:15:19.936811,4.881
2026-04-29T02:14:43.208426,64.78,0,62.52,0.0,1000.0,0.65,4.199,91.1,98,0,60.0,2026-04-29T02:15:43.208182,4.937
2026-04-29T02:14:43.278117,64.78,0,63.68,0.0,1000.0,0.48,4.199,91.1,98,0,60.0,2026-04-29T02:15:43.277959,4.721
2026-04-29T02:14:43.347425,64.78,0,63.68,0.0,1000.0,0.48,4.199,91.1,98,0,60.0,2026-04-29T02:15:43.347312,4.705
2026-04-29T02:14:44.239192,64.81,0,63.69,0.0,1000.0,0.48,4.199,91.1,98,0,60.0,2026-04-29T02:15:44.239068,4.701
2026-04-29T02:14:44.307496,64.81,0,66.53,0.0,1000.0,0.1,4.199,91.1,98,0,60.0,2026-04-29T02:15:44.307402,4.327
2026-04-29T02:14:44.376203,64.81,0,66.54,0.0,1000.0,0.1,4.199,91.1,98,0,60.0,2026-04-29T02:15:44.376096,4.323
2026-04-29T02:14:45.290639,65.32,0,66.78,0.0,1000.0,0.1,4.199,91.0,98,0,60.0,2026-04-29T02:15:45.290485,4.32
2026-04-29T02:14:45.358923,65.32,0,66.89,0.0,1000.0,0.1,4.199,91.0,98,0,60.0,2026-04-29T02:15:45.358812,4.318
2026-04-29T02:14:46.312791,65.32,0,66.97,0.0,1000.0,0.1,4.199,91.0,98,0,60.0,2026-04-29T02:15:46.312634,4.317
2026-04-29T02:14:46.383582,65.32,0,67.09,0.0,1000.0,0.09,4.199,91.0,98,0,60.0,2026-04-29T02:15:46.383449,4.306
2026-04-29T02:14:46.453283,65.32,0,67.11,0.0,1000.0,0.09,4.199,91.0,98,0,60.0,2026-04-29T02:15:46.453115,4.304
2026-04-29T02:14:47.368834,65.34,0,67.14,0.0,1000.0,0.09,4.199,91.0,98,0,60.0,2026-04-29T02:15:47.368662,4.304
2026-04-29T02:14:47.438484,65.34,0,67.15,0.0,1000.0,0.09,4.199,91.0,98,0,60.0,2026-04-29T02:15:47.438343,4.303
2026-04-29T02:14:47.507170,65.34,0,67.15,0.0,1000.0,0.09,4.199,91.0,98,0,60.0,2026-04-29T02:15:47.507054,4.302
2026-04-29T02:14:48.420783,65.36,0,67.17,0.0,1000.0,0.09,4.199,91.0,98,0,60.0,2026-04-29T02:15:48.420644,4.303
2026-04-29T02:14:48.489412,65.36,0.0006,67.17,0.0,1000.0,0.09,4.199,91.0,98,0,60.0,2026-04-29T02:15:48.489297,4.302
2026-04-29T02:14:48.557695,65.36,0.0006,67.17,0.0,1000.0,0.09,4.199,91.0,98,0,60.0,2026-04-29T02:15:48.557597,4.301
2026-04-29T02:14:49.480950,65.37,0.0006,67.19,0.0019,1000.0,0.09,4.199,91.0,98,0,60.0,2026-04-29T02:15:49.480802,4.302
2026-04-29T02:14:49.548799,65.37,0.0054,66.16,0.0027,1000.0,0.22,4.199,91.0,98,0,60.0,2026-04-29T02:15:49.548696,4.426
2026-04-29T02:14:49.617344,65.37,0.0054,66.16,0.0041,1000.0,0.22,4.199,91.0,98,0,60.0,2026-04-29T02:15:49.617212,4.426
2026-04-29T02:14:50.536991,65.38,0.0049,66.16,0.0051,1000.0,0.22,4.199,91.0,98,0,60.0,2026-04-29T02:15:50.536874,4.428
2026-04-29T02:14:50.607389,65.38,0.0049,65.78,0.0047,1000.0,0.27,4.199,91.0,98,0,60.0,2026-04-29T02:15:50.607262,4.476
2026-04-29T02:14:51.551421,65.38,0.0049,65.79,0.005,1000.0,0.27,4.199,91.0,98,0,60.0,2026-04-29T02:15:51.551231,4.479
2026-04-29T02:14:51.621326,65.4,0,65.79,0.0019,1000.0,0.27,4.199,91.0,98,0,60.0,2026-04-29T02:15:51.621192,4.478
2026-04-29T02:14:51.689258,65.4,0,65.8,0.0,1000.0,0.27,4.199,91.0,98,0,60.0,2026-04-29T02:15:51.689140,4.477
2026-04-29T02:14:52.607819,65.4,0,65.8,0.0,1000.0,0.27,4.199,91.0,98,0,60.0,2026-04-29T02:15:52.607677,4.48
2026-04-29T02:14:52.675776,65.4,0,66.26,0.0,1000.0,0.21,4.199,91.0,98,0,60.0,2026-04-29T02:15:52.675627,4.42
2026-04-29T02:14:52.743626,65.4,0,66.26,0.0,1000.0,0.21,4.199,91.0,98,0,60.0,2026-04-29T02:15:52.743498,4.419
2026-04-29T02:14:53.662911,65.4,0,66.27,0.0,1000.0,0.21,4.199,91.0,98,0,60.0,2026-04-29T02:15:53.662758,4.421
2026-04-29T02:14:53.729991,65.4,0,66.74,0.0,1000.0,0.15,4.199,91.0,98,0,60.0,2026-04-29T02:15:53.729888,4.362
2026-04-29T02:14:53.797518,65.4,0,66.74,0.0,1000.0,0.15,4.199,91.0,98,0,60.0,2026-04-29T02:15:53.797373,4.361
2026-04-29T02:14:54.707715,65.4,0,66.74,0.0,1000.0,0.15,4.199,91.0,98,0,60.0,2026-04-29T02:15:54.707592,4.362
2026-04-29T02:14:54.777183,65.4,0,66.98,0.0,1000.0,0.12,4.199,91.0,98,0,60.0,2026-04-29T02:15:54.776184,4.332
2026-04-29T02:14:54.845719,65.4,0,66.98,0.0,1000.0,0.12,4.199,91.0,98,0,60.0,2026-04-29T02:15:54.845598,4.331
2026-04-29T02:14:55.771593,65.41,0,66.99,0.0,1000.0,0.12,4.199,91.0,98,0,60.0,2026-04-29T02:15:55.771435,4.332
2026-04-29T02:14:55.839323,65.41,0,66.99,0.0,1000.0,0.12,4.199,91.0,98,0,60.0,2026-04-29T02:15:55.839154,4.331
2026-04-29T02:14:56.795373,65.41,0,67.0,0.0,1000.0,0.12,4.199,91.0,98,0,60.0,2026-04-29T02:15:56.795234,4.332
2026-04-29T02:14:56.864426,65.42,0,67.16,0.0,1000.0,0.1,4.199,90.9,98,0,60.0,2026-04-29T02:15:56.864264,4.311
2026-04-29T02:14:57.060734,65.42,0,67.16,0.0,1000.0,0.1,4.199,90.9,98,0,60.0,2026-04-29T02:15:57.042004,4.31
2026-04-29T02:14:57.851463,65.44,0,67.18,0.0,1000.0,0.1,4.199,90.9,98,0,60.0,2026-04-29T02:15:57.851308,4.311
2026-04-29T02:14:57.921519,65.44,0,67.09,0.0,1000.0,0.11,4.199,90.9,98,0,60.0,2026-04-29T02:15:57.921390,4.32
2026-04-29T02:14:57.989634,65.44,0,67.1,0.0,1000.0,0.11,4.199,90.9,98,0,60.0,2026-04-29T02:15:57.989539,4.32
2026-04-29T02:14:58.931932,65.44,0,67.11,0.0001,1000.0,0.11,4.199,90.9,98,0,60.0,2026-04-29T02:15:58.913839,4.321
2026-04-29T02:14:59.127885,65.44,0,67.1,0.0,1000.0,0.11,4.199,90.9,99,0,60.0,2026-04-29T02:15:59.127727,4.32
2026-04-29T02:14:59.196611,65.44,0,67.1,0.0,1000.0,0.11,4.199,90.9,99,0,60.0,2026-04-29T02:15:59.196504,4.32
2026-04-29T02:14:59.961616,65.45,0,67.11,0.0,1000.0,0.11,4.199,90.9,99,0,60.0,2026-04-29T02:15:59.961440,4.32
2026-04-29T02:15:00.030571,65.45,0,67.11,0.0,1000.0,0.11,4.199,90.9,99,0,60.0,2026-04-29T02:16:00.030436,4.32
2026-04-29T02:15:00.099092,65.45,0,67.11,0.0,1000.0,0.11,4.199,90.9,99,0,60.0,2026-04-29T02:16:00.098980,4.319
2026-04-29T02:15:01.006887,65.45,0,67.12,0.0,1000.0,0.11,4.199,90.9,99,0,60.0,2026-04-29T02:16:01.006730,4.32
2026-04-29T02:15:01.048782,65.45,0,67.11,0.0,1000.0,0.11,4.199,90.9,99,0,60.0,2026-04-29T02:16:01.048694,4.32
2026-04-29T02:15:02.035554,65.45,0,67.13,0.0003,1000.0,0.11,4.199,90.9,99,0,60.0,2026-04-29T02:16:02.035395,4.321
2026-04-29T02:15:02.084921,65.45,0,67.12,0.0,1000.0,0.11,4.199,90.9,99,0,60.0,2026-04-29T02:16:02.084823,4.32
2026-04-29T02:15:02.126772,65.45,0,67.11,0.0,1000.0,0.11,4.199,90.9,99,0,60.0,2026-04-29T02:16:02.126658,4.32
2026-04-29T02:15:03.077554,65.48,0,67.13,0.0,1000.0,0.11,4.199,90.9,99,0,60.0,2026-04-29T02:16:03.077408,4.321
2026-04-29T02:15:03.122737,65.48,0,67.29,0.0,1000.0,0.09,4.199,90.9,99,0,60.0,2026-04-29T02:16:03.122626,4.301
2026-04-29T02:15:03.168432,65.48,0,67.29,0.0,1000.0,0.09,4.199,90.9,99,0,60.0,2026-04-29T02:16:03.168331,4.3
2026-04-29T02:15:04.136832,65.48,0,67.31,0.0,1000.0,0.09,4.199,90.9,99,0,60.0,2026-04-29T02:16:04.136660,4.301
2026-04-29T02:15:04.184325,65.48,0,67.55,0.0,1000.0,0.06,4.199,90.9,99,0,60.0,2026-04-29T02:16:04.184243,4.272
2026-04-29T02:15:04.224826,65.48,0,67.55,0.0,1000.0,0.06,4.199,90.9,99,0,60.0,2026-04-29T02:16:04.224750,4.271
2026-04-29T02:15:05.200315,65.48,0,67.56,0.0,1000.0,0.06,4.199,90.9,99,0,60.0,2026-04-29T02:16:05.200217,4.272
2026-04-29T02:15:05.243139,65.48,0,67.64,0.0,1000.0,0.05,4.199,90.9,99,0,60.0,2026-04-29T02:16:05.243059,4.261
2026-04-29T02:15:05.283006,65.48,0,67.63,0.0,1000.0,0.05,4.199,90.9,99,0,60.0,2026-04-29T02:16:05.282942,4.261
2026-04-29T02:15:06.260062,65.49,0,67.65,0.0,1000.0,0.05,4.199,90.9,99,0,60.0,2026-04-29T02:16:06.259972,4.261
2026-04-29T02:15:06.301386,65.49,0,67.72,0.0,1000.0,0.04,4.199,90.9,99,0,60.0,2026-04-29T02:16:06.301294,4.251
2026-04-29T02:15:07.274548,65.49,0,67.75,0.0,1000.0,0.04,4.199,90.9,99,0,60.0,2026-04-29T02:16:07.274179,4.251
2026-04-29T02:15:07.360307,65.49,0,67.82,0.0,1000.0,0.03,4.199,90.9,99,0,60.0,2026-04-29T02:16:07.360178,4.242
2026-04-29T02:15:07.404069,65.49,0,67.82,0.0,1000.0,0.03,4.199,90.9,99,0,60.0,2026-04-29T02:16:07.403952,4.241
2026-04-29T02:15:08.335672,65.49,0,67.83,0.0004,1000.0,0.03,4.199,90.9,99,0,60.0,2026-04-29T02:16:08.335523,4.242
2026-04-29T02:15:08.405490,65.49,0,67.9,0.0012,1000.0,0.02,4.199,90.9,99,0,60.0,2026-04-29T02:16:08.405350,4.231
2026-04-29T02:15:08.473776,65.49,0,67.9,0.0016,1000.0,0.02,4.199,90.9,99,0,60.0,2026-04-29T02:16:08.473636,4.231
2026-04-29T02:15:09.389484,65.49,0,67.91,0.0016,1000.0,0.02,4.199,90.9,99,0,60.0,2026-04-29T02:16:09.389350,4.231
2026-04-29T02:15:09.457068,65.49,0,67.9,0.0,1000.0,0.02,4.199,90.9,99,0,60.0,2026-04-29T02:16:09.456958,4.231
2026-04-29T02:15:09.524931,65.49,0,67.9,0.0,1000.0,0.02,4.199,90.9,99,0,60.0,2026-04-29T02:16:09.524825,4.231
2026-04-29T02:15:10.445359,65.5,0,67.91,0.0,1000.0,0.02,4.199,90.9,99,0,60.0,2026-04-29T02:16:10.445240,4.231
2026-04-29T02:15:10.513013,65.5,0,68.0,0.0,1000.0,0.01,4.199,90.9,99,0,60.0,2026-04-29T02:16:10.512920,4.221
2026-04-29T02:15:10.581356,65.5,0,67.99,0.0,1000.0,0.01,4.199,90.9,99,0,60.0,2026-04-29T02:16:10.581242,4.221
2026-04-29T02:15:11.507120,65.51,0,68.01,0.0,1000.0,0.01,4.199,90.9,99,0,60.0,2026-04-29T02:16:11.506973,4.221
2026-04-29T02:15:11.575061,65.51,0,68.01,0.0,1000.0,0.01,4.199,90.9,99,0,60.0,2026-04-29T02:16:11.574951,4.221
2026-04-29T02:15:14.563646,65.51,0,68.06,0.0,1000.0,0.01,4.199,90.9,99,0,60.0,2026-04-29T02:16:14.563498,4.221
2026-04-29T02:15:14.982565,65.51,0,68.01,0.0,1000.0,0.01,4.199,90.9,99,0,60.0,2026-04-29T02:16:14.982454,4.221
2026-04-29T02:15:15.093101,65.51,0,68.01,0.0,1000.0,0.01,4.199,90.9,99,0,60.0,2026-04-29T02:16:15.092989,4.221
2026-04-29T02:15:15.160350,65.51,0,68.01,0.0012,1000.0,0.01,4.199,90.9,99,0,60.0,2026-04-29T02:16:15.160233,4.22
2026-04-29T02:15:15.228130,65.51,0,68.01,0.0017,1000.0,0.01,4.199,90.9,99,0,60.0,2026-04-29T02:16:15.228029,4.22
2026-04-29T02:15:16.160695,65.51,0,68.02,0.0011,1000.0,0.01,4.199,90.9,99,0,60.0,2026-04-29T02:16:16.160581,4.22
2026-04-29T02:15:16.214319,65.51,0,68.09,0.0003,1000.0,0.0,4.199,90.9,99,0,60.0,2026-04-29T02:16:16.214227,4.211
2026-04-29T02:15:17.170099,65.51,0,68.11,0.0,1000.0,0.0,4.199,90.9,99,0,60.0,2026-04-29T02:16:17.169887,4.211
2026-04-29T02:15:17.225496,65.51,0,68.1,0.0,1000.0,0.0,4.199,90.9,99,0,60.0,2026-04-29T02:16:17.225375,4.211
2026-04-29T02:15:17.279697,65.51,0,68.09,0.0,1000.0,0.0,4.199,90.9,99,0,60.0,2026-04-29T02:16:17.279585,4.211
2026-04-29T02:16:02.374259,65.52,0,68.13,0.0,1000.0,0.0,4.199,90.9,99,0,60.0,2026-04-29T02:17:02.374106,4.211
2026-04-29T02:16:02.416488,65.52,0.0006,68.1,0.0004,1000.0,0.0,4.199,90.9,99,0,60.0,2026-04-29T02:17:02.416359,4.211
2026-04-29T02:16:02.466116,65.52,0.0006,68.1,0.0029,1000.0,0.0,4.199,90.9,99,0,60.0,2026-04-29T02:17:02.466013,4.211
2026-04-29T02:16:03.422745,65.53,0,68.12,0.0032,1000.0,0.0,4.199,90.9,99,0,60.0,2026-04-29T02:17:03.422522,4.211
2026-04-29T02:16:03.472725,65.53,0.0986,67.53,0.044,1000.0,0.07,4.199,90.9,99,0,60.0,2026-04-29T02:17:03.472605,4.278
2026-04-29T02:16:03.524604,65.53,0.0986,67.52,0.061,1000.0,0.07,4.199,90.9,99,0,60.0,2026-04-29T02:17:03.524478,4.278
2026-04-29T02:16:04.480477,65.54,0.0986,67.53,0.0798,1000.0,0.07,4.199,90.9,97,1,60.0,2026-04-29T02:17:04.480320,4.279
2026-04-29T02:16:04.527413,65.54,0.1018,67.52,0.0869,1000.0,0.07,4.199,90.9,97,1,60.0,2026-04-29T02:17:04.527263,4.279
2026-04-29T02:16:04.573709,65.54,0.1018,67.52,0.09,1000.0,0.07,4.199,90.9,97,1,60.0,2026-04-29T02:17:04.573587,4.279
2026-04-29T02:16:05.551988,65.54,0.1067,67.53,0.094,1000.0,0.07,4.199,90.9,97,1,60.0,2026-04-29T02:17:05.551851,4.28
2026-04-29T02:16:05.597955,65.54,0.1067,67.7,0.0972,1000.0,0.05,4.199,90.9,97,1,60.0,2026-04-29T02:17:05.597828,4.26
2026-04-29T02:16:06.574602,65.54,0.1067,67.72,0.0989,1000.0,0.05,4.199,90.9,97,0,60.0,2026-04-29T02:17:06.574447,4.261
2026-04-29T02:16:06.630997,65.54,0.1067,67.78,0.1004,1000.0,0.04,4.199,90.9,97,0,60.0,2026-04-29T02:17:06.630862,4.25
2026-04-29T02:16:06.680694,65.54,0.1067,67.78,0.1007,1000.0,0.04,4.199,90.9,97,0,60.0,2026-04-29T02:17:06.680552,4.25
2026-04-29T02:16:07.631458,65.51,0.1067,67.79,0.101,1000.0,0.04,4.199,90.9,97,0,60.0,2026-04-29T02:17:07.631278,4.251
2026-04-29T02:16:07.681213,65.51,0.0977,67.85,0.0973,1000.0,0.03,4.199,90.9,97,0,60.0,2026-04-29T02:17:07.681071,4.241
2026-04-29T02:16:07.724681,65.51,0.0977,67.85,0.0959,1000.0,0.03,4.199,90.9,97,0,60.0,2026-04-29T02:17:07.724555,4.241
2026-04-29T02:16:08.679252,65.51,0.0967,67.86,0.0945,1000.0,0.03,4.199,90.9,97,0,60.0,2026-04-29T02:17:08.679092,4.241
2026-04-29T02:16:08.729110,65.51,0.0967,67.92,0.0939,1000.0,0.02,4.199,90.9,97,0,60.0,2026-04-29T02:17:08.728974,4.231
2026-04-29T02:16:08.775239,65.51,0.0967,67.92,0.0935,1000.0,0.02,4.199,90.9,97,0,60.0,2026-04-29T02:17:08.775124,4.231
2026-04-29T02:16:09.743002,65.51,0.0927,67.93,0.0922,1000.0,0.02,4.199,90.9,97,0,60.0,2026-04-29T02:17:09.742784,4.231
2026-04-29T02:16:09.788423,65.51,0.106,67.92,0.0961,1000.0,0.02,4.199,90.9,97,0,60.0,2026-04-29T02:17:09.788299,4.231
2026-04-29T02:16:09.836375,65.51,0.106,67.92,0.0978,1000.0,0.02,4.199,90.9,97,0,60.0,2026-04-29T02:17:09.836256,4.231
2026-04-29T02:16:10.781145,65.51,0.1153,67.93,0.0995,1000.0,0.02,4.199,90.9,97,0,60.0,2026-04-29T02:17:10.781009,4.231
2026-04-29T02:16:10.828713,65.51,0.1153,68.01,0.1038,1000.0,0.01,4.199,90.9,97,0,60.0,2026-04-29T02:17:10.828578,4.221
2026-04-29T02:16:11.811353,65.51,0.1153,68.02,0.1064,1000.0,0.01,4.199,90.9,97,0,60.0,2026-04-29T02:17:11.811071,4.221
2026-04-29T02:16:11.941299,65.52,0.1153,68.01,0.1084,1000.0,0.01,4.199,90.9,97,0,60.0,2026-04-29T02:17:11.917313,4.221
2026-04-29T02:16:11.999975,65.52,0.1153,68.02,0.109,1000.0,0.01,4.199,90.9,97,0,60.0,2026-04-29T02:17:11.999851,4.22
2026-04-29T02:16:12.860825,65.52,0.1153,68.02,0.1094,1000.0,0.01,4.199,90.9,97,0,60.0,2026-04-29T02:17:12.860628,4.221
2026-04-29T02:16:12.910646,65.52,0.0977,68.02,0.1012,1000.0,0.01,4.199,90.9,97,0,60.0,2026-04-29T02:17:12.910464,4.22
2026-04-29T02:16:12.955734,65.52,0.0977,68.02,0.0987,1000.0,0.01,4.199,90.9,97,0,60.0,2026-04-29T02:17:12.955606,4.22
2026-04-29T02:16:13.955870,65.53,0.0908,68.03,0.095,1000.0,0.01,4.199,90.9,97,0,60.0,2026-04-29T02:17:13.955736,4.221
2026-04-29T02:16:13.992197,65.53,0.1044,68.11,0.0965,1000.0,0.0,4.199,90.9,97,0,60.0,2026-04-29T02:17:13.992068,4.211
2026-04-29T02:16:14.027611,65.53,0.1044,68.1,0.0978,1000.0,0.0,4.199,90.9,97,0,60.0,2026-04-29T02:17:14.027456,4.211
2026-04-29T02:16:14.966852,65.56,0.1035,68.13,0.099,1000.0,0.0,4.199,90.9,97,0,60.0,2026-04-29T02:17:14.966725,4.211
2026-04-29T02:16:15.005186,65.56,0.1044,68.13,0.0996,1000.0,0.0,4.199,90.9,97,0,60.0,2026-04-29T02:17:15.005078,4.211
2026-04-29T02:16:15.040593,65.56,0.1044,68.13,0.0998,1000.0,0.0,4.199,90.9,97,0,60.0,2026-04-29T02:17:15.040476,4.211
2026-04-29T02:16:15.995162,65.56,0.1119,68.14,0.1007,1000.0,0.0,4.199,90.9,97,0,60.0,2026-04-29T02:17:15.995006,4.211
2026-04-29T02:16:16.031362,65.56,0.1119,68.14,0.1032,1000.0,0.0,4.199,90.9,97,0,60.0,2026-04-29T02:17:16.031233,4.211
2026-04-29T02:16:17.034625,65.56,0.1119,68.17,0.1048,1000.0,0.0,4.199,90.9,97,0,60.0,2026-04-29T02:17:17.034489,4.211
2026-04-29T02:16:17.069276,65.57,0.1119,68.15,0.1061,1000.0,0.0,4.199,90.9,97,0,60.0,2026-04-29T02:17:17.069154,4.211
2026-04-29T02:16:17.105056,65.57,0.1119,68.15,0.1064,1000.0,0.0,4.199,90.9,97,0,60.0,2026-04-29T02:17:17.104944,4.211
2026-04-29T02:16:18.093726,65.58,0.1119,68.17,0.1067,1000.0,0.0,4.199,90.9,97,0,60.0,2026-04-29T02:17:18.093514,4.211
2026-04-29T02:16:18.134864,65.58,0.0976,68.16,0.0992,1000.0,0.0,4.199,90.9,97,0,60.0,2026-04-29T02:17:18.134748,4.211
2026-04-29T02:16:18.170839,65.58,0.0976,68.16,0.0974,1000.0,0.0,4.199,90.9,97,0,60.0,2026-04-29T02:17:18.170715,4.211
2026-04-29T02:16:19.152463,65.58,0.0909,68.17,0.0946,1000.0,0.0,4.199,90.9,97,0,60.0,2026-04-29T02:17:19.152313,4.211
2026-04-29T02:16:19.197124,65.58,0.1062,68.16,0.0973,1000.0,0.0,4.199,90.9,97,0,60.0,2026-04-29T02:17:19.196986,4.211
2026-04-29T02:16:19.236817,65.58,0.1062,68.16,0.0988,1000.0,0.0,4.199,90.9,97,0,60.0,2026-04-29T02:17:19.236663,4.211
2026-04-29T02:16:20.207752,65.62,0.1062,68.18,0.1006,1000.0,0.0,4.199,90.9,97,0,60.0,2026-04-29T02:17:20.207586,4.211
2026-04-29T02:16:20.247782,65.62,0.1102,68.18,0.1027,1000.0,0.0,4.199,90.9,97,0,60.0,2026-04-29T02:17:20.247650,4.211
2026-04-29T02:16:20.283627,65.62,0.1102,68.18,0.1036,1000.0,0.0,4.199,90.9,97,0,60.0,2026-04-29T02:17:20.283510,4.211
2026-04-29T02:16:21.255111,65.65,0.1111,68.21,0.1044,1000.0,0.0,4.199,90.9,97,0,60.0,2026-04-29T02:17:21.254957,4.211
2026-04-29T02:16:21.295391,65.65,0.1111,68.21,0.1052,1000.0,0.0,4.199,90.9,97,0,60.0,2026-04-29T02:17:21.295257,4.211
2026-04-29T02:16:22.279861,65.65,0.1111,68.24,0.1056,1000.0,0.0,4.199,90.9,97,0,60.0,2026-04-29T02:17:22.279668,4.211
2026-04-29T02:16:22.324649,65.67,0.1111,68.24,0.106,1000.0,0.0,4.199,90.9,97,0,60.0,2026-04-29T02:17:22.324527,4.211
2026-04-29T02:16:22.360428,65.67,0.1111,68.23,0.1062,1000.0,0.0,4.199,90.9,97,0,60.0,2026-04-29T02:17:22.360297,4.211
2026-04-29T02:16:23.335182,65.68,0.1111,68.26,0.1062,1000.0,0.0,4.199,90.9,97,0,60.0,2026-04-29T02:17:23.335001,4.211
2026-04-29T02:16:23.379941,65.68,0.1093,68.25,0.105,1000.0,0.0,4.199,90.9,97,0,60.0,2026-04-29T02:17:23.379793,4.211
2026-04-29T02:16:23.416195,65.68,0.1093,68.25,0.1049,1000.0,0.0,4.199,90.9,97,0,60.0,2026-04-29T02:17:23.416087,4.211
2026-04-29T02:16:24.390503,65.68,0.1043,68.27,0.1041,1000.0,0.0,4.199,90.9,97,0,60.0,2026-04-29T02:17:24.390315,4.211
2026-04-29T02:16:24.433246,65.68,0.1143,68.25,0.1056,1000.0,0.0,4.199,90.9,97,0,60.0,2026-04-29T02:17:24.433109,4.211
2026-04-29T02:16:24.468339,65.68,0.1143,68.25,0.1069,1000.0,0.0,4.199,90.9,97,0,60.0,2026-04-29T02:17:24.468196,4.211
2026-04-29T02:16:25.430793,65.7,0.1143,68.27,0.1082,1000.0,0.0,4.199,90.9,97,0,60.0,2026-04-29T02:17:25.430658,4.211
2026-04-29T02:16:25.477166,65.7,0.1143,68.27,0.1086,1000.0,0.0,4.199,90.9,97,0,60.0,2026-04-29T02:17:25.477013,4.211
2026-04-29T02:16:25.515125,65.7,0.1143,68.27,0.1088,1000.0,0.0,4.199,90.9,97,0,60.0,2026-04-29T02:17:25.514998,4.211
2026-04-29T02:16:26.497639,65.7,0.1093,68.28,0.1054,1000.0,0.0,4.199,90.9,97,0,60.0,2026-04-29T02:17:26.497494,4.211
2026-04-29T02:16:26.535753,65.7,0.1093,68.27,0.1052,1000.0,0.0,4.199,90.9,97,0,60.0,2026-04-29T02:17:26.535614,4.211
2026-04-29T02:16:27.518923,65.7,0.1093,68.3,0.1049,1000.0,0.0,4.199,90.9,97,0,60.0,2026-04-29T02:17:27.518707,4.211
2026-04-29T02:16:27.564548,65.72,0.1067,68.29,0.1008,1000.0,0.0,4.199,90.9,97,0,60.0,2026-04-29T02:17:27.564416,4.211
2026-04-29T02:16:27.600231,65.72,0.1067,68.29,0.1014,1000.0,0.0,4.199,90.9,97,0,60.0,2026-04-29T02:17:27.600085,4.211
2026-04-29T02:16:28.572890,65.73,0.1067,68.31,0.1018,1000.0,0.0,4.199,90.9,97,0,60.0,2026-04-29T02:17:28.572722,4.211
2026-04-29T02:16:28.617684,65.73,0.1111,68.3,0.1033,1000.0,0.0,4.199,90.9,97,0,60.0,2026-04-29T02:17:28.617526,4.211
2026-04-29T02:16:28.652662,65.73,0.1111,68.3,0.1044,1000.0,0.0,4.199,90.9,97,0,60.0,2026-04-29T02:17:28.652501,4.211
2026-04-29T02:16:29.629354,65.75,0.1067,68.32,0.1047,1000.0,0.0,4.199,90.9,97,0,60.0,2026-04-29T02:17:29.629174,4.211
2026-04-29T02:16:29.670769,65.75,0.1153,68.32,0.1069,1000.0,0.0,4.199,90.9,97,0,60.0,2026-04-29T02:17:29.670652,4.211
2026-04-29T02:16:29.705979,65.75,0.1153,68.32,0.108,1000.0,0.0,4.199,90.9,97,0,60.0,2026-04-29T02:17:29.705863,4.211
2026-04-29T02:16:30.681453,65.75,0.1153,68.33,0.1092,1000.0,0.0,4.199,90.9,97,0,60.0,2026-04-29T02:17:30.681259,4.211
2026-04-29T02:16:30.720977,65.75,0.1153,68.32,0.1096,1000.0,0.0,4.199,90.9,97,0,60.0,2026-04-29T02:17:30.720841,4.211
2026-04-29T02:16:30.756295,65.75,0.1153,68.32,0.1098,1000.0,0.0,4.199,90.9,97,0,60.0,2026-04-29T02:17:30.756185,4.211
2026-04-29T02:16:31.738137,65.76,0.1052,68.34,0.1058,1000.0,0.0,4.199,90.9,97,0,60.0,2026-04-29T02:17:31.737987,4.211
2026-04-29T02:16:31.776114,65.76,0.1052,68.33,0.1039,1000.0,0.0,4.199,90.9,97,0,60.0,2026-04-29T02:17:31.775977,4.211
2026-04-29T02:16:32.759428,65.76,0.1052,68.36,0.1026,1000.0,0.0,4.199,90.9,97,0,60.0,2026-04-29T02:17:32.759120,4.211
2026-04-29T02:16:32.805408,65.78,0.1112,68.35,0.1026,1000.0,0.0,4.199,90.9,97,0,60.0,2026-04-29T02:17:32.805255,4.211
2026-04-29T02:16:32.841006,65.78,0.1112,68.35,0.104,1000.0,0.0,4.199,90.9,97,0,60.0,2026-04-29T02:17:32.840898,4.211
2026-04-29T02:16:33.809840,65.78,0.1112,68.37,0.1052,1000.0,0.0,4.199,90.9,97,0,60.0,2026-04-29T02:17:33.809669,4.211
2026-04-29T02:16:33.904226,65.78,0.1178,68.36,0.1076,1000.0,0.0,4.199,90.9,97,0,60.0,2026-04-29T02:17:33.875702,4.211
2026-04-29T02:16:33.940541,65.78,0.1178,68.35,0.1094,1000.0,0.0,4.199,90.9,97,0,60.0,2026-04-29T02:17:33.940448,4.211
2026-04-29T02:16:34.868750,65.8,0.1112,68.37,0.1101,1000.0,0.0,4.199,90.9,97,0,60.0,2026-04-29T02:17:34.868566,4.211
2026-04-29T02:16:34.913788,65.8,0.1229,68.37,0.1129,1000.0,0.0,4.199,90.9,97,0,60.0,2026-04-29T02:17:34.913641,4.211
2026-04-29T02:16:34.964057,65.8,0.1229,68.37,0.1143,1000.0,0.0,4.199,90.9,97,0,60.0,2026-04-29T02:17:34.963915,4.211
2026-04-29T02:16:35.931052,65.8,0.1229,68.38,0.1158,1000.0,0.0,4.199,90.9,96,0,60.0,2026-04-29T02:17:35.930840,4.211
2026-04-29T02:16:35.967022,65.8,0.1229,68.38,0.1163,1000.0,0.0,4.199,90.9,96,0,60.0,2026-04-29T02:17:35.966930,4.211
2026-04-29T02:16:36.001930,65.8,0.1229,68.37,0.1166,1000.0,0.0,4.199,90.9,96,0,60.0,2026-04-29T02:17:36.001825,4.211
2026-04-29T02:16:36.981041,65.82,0.1153,68.39,0.1142,1000.0,0.0,4.199,90.9,96,0,60.0,2026-04-29T02:17:36.980874,4.211
2026-04-29T02:16:37.019139,65.82,0.1153,68.39,0.1126,1000.0,0.0,4.199,90.9,96,0,60.0,2026-04-29T02:17:37.019007,4.211
2026-04-29T02:16:37.978763,65.82,0.1153,68.42,0.1115,1000.0,0.0,4.199,90.9,96,0,60.0,2026-04-29T02:17:37.978595,4.211
2026-04-29T02:16:38.015931,65.85,0.1153,68.42,0.1108,1000.0,0.0,4.199,90.9,96,0,60.0,2026-04-29T02:17:38.015781,4.211
2026-04-29T02:16:38.049514,65.85,0.1153,68.41,0.1105,1000.0,0.0,4.199,90.9,96,0,60.0,2026-04-29T02:17:38.049433,4.211
2026-04-29T02:16:39.033403,65.86,0.1153,68.44,0.1103,1000.0,0.0,4.199,90.8,96,0,60.0,2026-04-29T02:17:39.033259,4.211
2026-04-29T02:16:39.066745,65.86,0.1305,68.43,0.1135,1000.0,0.0,4.199,90.8,96,0,60.0,2026-04-29T02:17:39.066657,4.211
2026-04-29T02:16:39.101280,65.86,0.1305,68.43,0.1171,1000.0,0.0,4.199,90.8,96,0,60.0,2026-04-29T02:17:39.101162,4.211
2026-04-29T02:16:40.088273,65.87,0.1102,68.45,0.1178,1000.0,0.0,4.199,90.8,96,0,60.0,2026-04-29T02:17:40.088107,4.211
2026-04-29T02:16:40.130295,65.87,0.1305,68.44,0.1206,1000.0,0.0,4.199,90.8,96,0,60.0,2026-04-29T02:17:40.130157,4.211
2026-04-29T02:16:40.168500,65.87,0.1305,68.44,0.1217,1000.0,0.0,4.199,90.8,96,0,60.0,2026-04-29T02:17:40.168381,4.211
2026-04-29T02:16:41.157460,65.87,0.1278,68.46,0.1223,1000.0,0.0,4.199,90.8,96,0,60.0,2026-04-29T02:17:41.157303,4.211
2026-04-29T02:16:41.197772,65.87,0.1278,68.45,0.1219,1000.0,0.0,4.199,90.8,96,0,60.0,2026-04-29T02:17:41.197644,4.211
2026-04-29T02:16:41.233236,65.87,0.1278,68.44,0.1217,1000.0,0.0,4.199,90.8,96,0,60.0,2026-04-29T02:17:41.233105,4.211
2026-04-29T02:16:42.212175,65.89,0.1153,68.46,0.114,1000.0,0.0,4.199,90.8,96,0,60.0,2026-04-29T02:17:42.212012,4.211
2026-04-29T02:16:42.250793,65.89,0.1153,68.46,0.1124,1000.0,0.0,4.199,90.8,96,0,60.0,2026-04-29T02:17:42.250654,4.211
2026-04-29T02:16:43.235706,65.89,0.1153,68.49,0.1114,1000.0,0.0,4.199,90.8,96,0,60.0,2026-04-29T02:17:43.235514,4.211
2026-04-29T02:16:43.278894,65.89,0.1153,68.47,0.1092,1000.0,0.0,4.199,90.8,96,0,60.0,2026-04-29T02:17:43.278754,4.211
2026-04-29T02:16:43.314731,65.89,0.1153,68.47,0.1095,1000.0,0.0,4.199,90.8,96,0,60.0,2026-04-29T02:17:43.314613,4.211
2026-04-29T02:16:44.294486,65.91,0.1153,68.49,0.1098,1000.0,0.0,4.199,90.8,96,0,60.0,2026-04-29T02:17:44.294316,4.211
2026-04-29T02:16:44.338244,65.91,0.1129,68.48,0.1083,1000.0,0.0,4.199,90.8,96,0,60.0,2026-04-29T02:17:44.338115,4.211
2026-04-29T02:16:44.374642,65.91,0.1129,68.48,0.1082,1000.0,0.0,4.199,90.8,96,0,60.0,2026-04-29T02:17:44.374524,4.211
2026-04-29T02:16:45.351963,65.93,0.106,68.51,0.1071,1000.0,0.0,4.199,90.8,96,0,60.0,2026-04-29T02:17:45.351779,4.211
2026-04-29T02:16:45.395515,65.93,0.117,68.5,0.1083,1000.0,0.0,4.199,90.8,96,0,60.0,2026-04-29T02:17:45.395359,4.211
2026-04-29T02:16:45.431366,65.93,0.117,68.5,0.1094,1000.0,0.0,4.199,90.8,96,0,60.0,2026-04-29T02:17:45.431238,4.211
2026-04-29T02:16:46.402158,65.95,0.117,68.52,0.1107,1000.0,0.0,4.199,90.8,96,0,60.0,2026-04-29T02:17:46.402005,4.211
2026-04-29T02:16:46.450806,65.95,0.122,68.52,0.1131,1000.0,0.0,4.199,90.8,96,0,60.0,2026-04-29T02:17:46.450636,4.211
2026-04-29T02:16:46.485664,65.95,0.122,68.52,0.114,1000.0,0.0,4.199,90.8,96,0,60.0,2026-04-29T02:17:46.485559,4.211
2026-04-29T02:16:47.458393,65.97,0.122,68.54,0.1142,1000.0,0.0,4.199,90.8,96,0,60.0,2026-04-29T02:17:47.458241,4.211
2026-04-29T02:16:47.497236,65.97,0.122,68.54,0.115,1000.0,0.0,4.199,90.8,96,0,60.0,2026-04-29T02:17:47.497101,4.211
2026-04-29T02:16:48.480256,65.97,0.122,68.57,0.1154,1000.0,0.0,4.199,90.8,96,0,60.0,2026-04-29T02:17:48.480108,4.211
2026-04-29T02:16:48.524790,65.97,0.117,68.55,0.1139,1000.0,0.0,4.199,90.8,96,0,60.0,2026-04-29T02:17:48.524667,4.211
2026-04-29T02:16:48.560941,65.97,0.117,68.55,0.1131,1000.0,0.0,4.199,90.8,96,0,60.0,2026-04-29T02:17:48.560790,4.211
2026-04-29T02:16:49.539280,66.02,0.117,68.58,0.1123,1000.0,0.0,4.199,90.8,96,0,60.0,2026-04-29T02:17:49.539125,4.211
2026-04-29T02:16:49.582828,66.02,0.1254,68.58,0.1134,1000.0,0.0,4.199,90.8,96,0,60.0,2026-04-29T02:17:49.582707,4.211
2026-04-29T02:16:49.617895,66.02,0.1254,68.58,0.1155,1000.0,0.0,4.199,90.8,96,0,60.0,2026-04-29T02:17:49.617762,4.211
2026-04-29T02:16:50.588392,66.04,0.112,68.61,0.1156,1000.0,0.0,4.199,90.8,96,0,60.0,2026-04-29T02:17:50.588233,4.211
2026-04-29T02:16:50.638901,66.04,0.1254,68.61,0.1173,1000.0,0.0,4.199,90.8,96,0,60.0,2026-04-29T02:17:50.638776,4.211
2026-04-29T02:16:50.676786,66.04,0.1254,68.61,0.118,1000.0,0.0,4.199,90.8,96,0,60.0,2026-04-29T02:17:50.676630,4.211
2026-04-29T02:16:51.648289,66.09,0.122,68.64,0.1179,1000.0,0.0,4.199,90.8,96,0,60.0,2026-04-29T02:17:51.648132,4.211
2026-04-29T02:16:51.686532,66.09,0.1273,68.65,0.1192,1000.0,0.0,4.199,90.8,96,0,60.0,2026-04-29T02:17:51.686381,4.211
2026-04-29T02:16:51.720013,66.09,0.1273,68.65,0.1198,1000.0,0.0,4.199,90.8,96,0,60.0,2026-04-29T02:17:51.719873,4.211
2026-04-29T02:16:52.698561,66.09,0.1273,68.66,0.1193,1000.0,0.0,4.199,90.8,96,0,60.0,2026-04-29T02:17:52.698402,4.211
2026-04-29T02:16:52.736866,66.09,0.1273,68.66,0.12,1000.0,0.0,4.199,90.8,96,0,60.0,2026-04-29T02:17:52.736744,4.211
2026-04-29T02:16:53.723266,66.09,0.1273,68.69,0.1204,1000.0,0.0,4.199,90.8,96,0,60.0,2026-04-29T02:17:53.723092,4.211
2026-04-29T02:16:53.769406,66.11,0.1212,68.68,0.1183,1000.0,0.0,4.199,90.8,96,0,60.0,2026-04-29T02:17:53.769310,4.211
2026-04-29T02:16:53.805363,66.11,0.1212,68.67,0.1172,1000.0,0.0,4.199,90.8,96,0,60.0,2026-04-29T02:17:53.805248,4.211
2026-04-29T02:16:54.774555,66.14,0.1212,68.7,0.1163,1000.0,0.0,4.199,90.8,96,0,60.0,2026-04-29T02:17:54.774333,4.211
2026-04-29T02:16:54.816501,66.14,0.1195,68.7,0.1135,1000.0,0.0,4.199,90.8,96,0,60.0,2026-04-29T02:17:54.816351,4.211
2026-04-29T02:16:54.869382,66.14,0.1195,68.7,0.1137,1000.0,0.0,4.199,90.8,96,0,60.0,2026-04-29T02:17:54.869265,4.211
2026-04-29T02:16:55.837817,66.16,0.1102,68.73,0.1124,1000.0,0.0,4.199,90.8,96,0,60.0,2026-04-29T02:17:55.837693,4.211
2026-04-29T02:16:55.948281,66.16,0.1278,68.72,0.116,1000.0,0.0,4.199,90.8,96,0,60.0,2026-04-29T02:17:55.947537,4.211
2026-04-29T02:16:55.987402,66.16,0.1278,68.73,0.118,1000.0,0.0,4.199,90.8,95,0,60.0,2026-04-29T02:17:55.987268,4.211
2026-04-29T02:16:56.886328,66.18,0.1136,68.75,0.1182,1000.0,0.0,4.199,90.8,95,0,60.0,2026-04-29T02:17:56.886144,4.211
2026-04-29T02:16:56.928129,66.18,0.1197,68.75,0.1165,1000.0,0.0,4.199,90.8,95,0,60.0,2026-04-29T02:17:56.927929,4.211
2026-04-29T02:16:56.963988,66.18,0.1197,68.74,0.1157,1000.0,0.0,4.199,90.8,95,0,60.0,2026-04-29T02:17:56.963849,4.211
2026-04-29T02:16:57.927346,66.22,0.1136,68.78,0.1126,1000.0,0.0,4.199,90.8,96,0,60.0,2026-04-29T02:17:57.927155,4.211
2026-04-29T02:16:57.962854,66.22,0.1136,68.78,0.1111,1000.0,0.0,4.199,90.8,96,0,60.0,2026-04-29T02:17:57.962737,4.211
2026-04-29T02:16:58.949413,66.22,0.1136,68.81,0.11,1000.0,0.0,4.199,90.8,96,0,60.0,2026-04-29T02:17:58.949238,4.211
2026-04-29T02:16:58.998350,66.23,0.1152,68.8,0.1094,1000.0,0.0,4.199,90.8,96,0,60.0,2026-04-29T02:17:58.998215,4.211
2026-04-29T02:16:59.034315,66.23,0.1152,68.8,0.1097,1000.0,0.0,4.199,90.8,96,0,60.0,2026-04-29T02:17:59.034195,4.211
2026-04-29T02:17:00.001505,66.26,0.1152,68.83,0.1098,1000.0,0.0,4.199,90.8,96,0,60.0,2026-04-29T02:18:00.001372,4.211
2026-04-29T02:17:00.039852,66.26,0.1178,68.82,0.1106,1000.0,0.0,4.199,90.8,96,0,60.0,2026-04-29T02:18:00.039718,4.211
2026-04-29T02:17:00.076859,66.26,0.1178,68.82,0.1113,1000.0,0.0,4.199,90.8,96,0,60.0,2026-04-29T02:18:00.076647,4.211
2026-04-29T02:17:01.063437,66.31,0.1152,68.86,0.1116,1000.0,0.0,4.199,90.7,96,0,60.0,2026-04-29T02:18:01.063234,4.211
2026-04-29T02:17:01.106839,66.31,0.1179,68.87,0.112,1000.0,0.0,4.199,90.7,96,0,60.0,2026-04-29T02:18:01.106675,4.211
2026-04-29T02:17:01.151699,66.31,0.1179,68.87,0.1122,1000.0,0.0,4.199,90.7,96,0,60.0,2026-04-29T02:18:01.151600,4.211
2026-04-29T02:17:02.127978,66.34,0.1179,68.9,0.1124,1000.0,0.0,4.199,90.7,96,0,60.0,2026-04-29T02:18:02.127846,4.211
2026-04-29T02:17:02.164590,66.34,0.1212,68.9,0.1137,1000.0,0.0,4.199,90.7,96,0,60.0,2026-04-29T02:18:02.164502,4.211
2026-04-29T02:17:02.197970,66.34,0.1212,68.9,0.1143,1000.0,0.0,4.199,90.7,96,0,60.0,2026-04-29T02:18:02.197880,4.211
2026-04-29T02:17:03.180992,66.36,0.1229,68.93,0.1148,1000.0,0.0,4.199,90.7,96,0,60.0,2026-04-29T02:18:03.180855,4.211
2026-04-29T02:17:03.216891,66.36,0.1229,68.93,0.1157,1000.0,0.0,4.199,90.7,96,0,60.0,2026-04-29T02:18:03.216798,4.211
2026-04-29T02:17:04.207809,66.36,0.1229,68.96,0.1163,1000.0,0.0,4.199,90.7,96,0,60.0,2026-04-29T02:18:04.207638,4.211
2026-04-29T02:17:04.249780,66.41,0.1229,68.97,0.1167,1000.0,0.0,4.199,90.7,96,0,60.0,2026-04-29T02:18:04.249679,4.211
2026-04-29T02:17:04.284818,66.41,0.1229,68.97,0.1168,1000.0,0.0,4.199,90.7,96,0,60.0,2026-04-29T02:18:04.284705,4.211
2026-04-29T02:17:05.259822,66.45,0.1229,69.01,0.1169,1000.0,0.0,4.199,90.7,97,0,60.0,2026-04-29T02:18:05.259626,4.211
2026-04-29T02:17:05.299030,66.45,0.1178,69.01,0.1134,1000.0,0.0,4.199,90.7,97,0,60.0,2026-04-29T02:18:05.298940,4.211
2026-04-29T02:17:05.332988,66.45,0.1178,69.01,0.113,1000.0,0.0,4.199,90.7,97,0,60.0,2026-04-29T02:18:05.332897,4.211
2026-04-29T02:17:06.314351,66.49,0.1102,69.05,0.1116,1000.0,0.0,4.199,90.7,97,0,60.0,2026-04-29T02:18:06.314205,4.211
2026-04-29T02:17:06.353870,66.49,0.1287,69.05,0.1156,1000.0,0.0,4.199,90.7,97,0,60.0,2026-04-29T02:18:06.353769,4.211
2026-04-29T02:17:06.388629,66.49,0.1287,69.05,0.1179,1000.0,0.0,4.199,90.7,97,0,60.0,2026-04-29T02:18:06.388528,4.211
2026-04-29T02:17:07.364067,66.57,0.1287,69.09,0.1204,1000.0,0.0,4.199,90.7,97,0,60.0,2026-04-29T02:18:07.363933,4.211
2026-04-29T02:17:07.399769,66.57,0.1287,69.1,0.1212,1000.0,0.0,4.199,90.7,97,0,60.0,2026-04-29T02:18:07.399673,4.211
2026-04-29T02:17:07.433186,66.57,0.1287,69.11,0.1216,1000.0,0.0,4.199,90.7,97,0,60.0,2026-04-29T02:18:07.433099,4.211
2026-04-29T02:17:08.415892,66.6,0.1152,69.14,0.1172,1000.0,0.0,4.199,90.7,97,0,60.0,2026-04-29T02:18:08.415757,4.211
2026-04-29T02:17:08.450585,66.6,0.1152,69.15,0.1144,1000.0,0.0,4.199,90.7,97,0,60.0,2026-04-29T02:18:08.450511,4.211
2026-04-29T02:17:09.448108,66.6,0.1152,69.18,0.1125,1000.0,0.0,4.199,90.7,97,0,60.0,2026-04-29T02:18:09.447947,4.211
2026-04-29T02:17:09.490345,66.65,0.1228,69.19,0.112,1000.0,0.0,4.199,90.7,97,0,60.0,2026-04-29T02:18:09.490245,4.211
2026-04-29T02:17:09.522985,66.65,0.1228,69.19,0.1139,1000.0,0.0,4.199,90.7,97,0,60.0,2026-04-29T02:18:09.522918,4.211
2026-04-29T02:17:10.501792,66.71,0.1228,69.23,0.1155,1000.0,0.0,4.199,90.7,97,0,60.0,2026-04-29T02:18:10.501672,4.211
2026-04-29T02:17:10.541757,66.71,0.1346,69.25,0.1195,1000.0,0.0,4.199,90.7,97,0,60.0,2026-04-29T02:18:10.541656,4.211
2026-04-29T02:17:10.574314,66.71,0.1346,69.25,0.1223,1000.0,0.0,4.199,90.7,97,0,60.0,2026-04-29T02:18:10.574249,4.211
2026-04-29T02:17:11.556060,66.79,0.1228,69.3,0.1235,1000.0,0.0,4.199,90.6,97,0,60.0,2026-04-29T02:18:11.555920,4.211
2026-04-29T02:17:11.595245,66.79,0.1346,69.32,0.1252,1000.0,0.0,4.199,90.6,97,0,60.0,2026-04-29T02:18:11.595144,4.211
2026-04-29T02:17:11.629430,66.79,0.1346,69.33,0.126,1000.0,0.0,4.199,90.6,97,0,60.0,2026-04-29T02:18:11.629318,4.211
2026-04-29T02:17:12.609107,66.83,0.1322,69.37,0.1263,1000.0,0.0,4.199,90.6,97,0,60.0,2026-04-29T02:18:12.608958,4.211
2026-04-29T02:17:12.646177,66.83,0.1322,69.38,0.126,1000.0,0.0,4.199,90.6,97,0,60.0,2026-04-29T02:18:12.646092,4.211
2026-04-29T02:17:12.681378,66.83,0.1322,69.38,0.1258,1000.0,0.0,4.199,90.6,97,0,60.0,2026-04-29T02:18:12.681285,4.211
2026-04-29T02:17:13.662407,66.89,0.1254,69.43,0.1211,1000.0,0.0,4.199,90.6,98,0,60.0,2026-04-29T02:18:13.662264,4.211
2026-04-29T02:17:13.698218,66.89,0.1254,69.43,0.1204,1000.0,0.0,4.199,90.6,98,0,60.0,2026-04-29T02:18:13.698122,4.211
2026-04-29T02:17:14.684465,66.89,0.1254,69.47,0.1199,1000.0,0.0,4.199,90.6,98,0,60.0,2026-04-29T02:18:14.684297,4.211
2026-04-29T02:17:14.727826,66.94,0.14,69.48,0.1216,1000.0,0.0,4.199,90.6,98,0,60.0,2026-04-29T02:18:14.727723,4.211
2026-04-29T02:17:14.765113,66.94,0.14,69.49,0.1257,1000.0,0.0,4.199,90.6,98,0,60.0,2026-04-29T02:18:14.764948,4.211
2026-04-29T02:17:15.740896,66.97,0.14,69.52,0.129,1000.0,0.0,4.199,90.6,97,0,60.0,2026-04-29T02:18:15.740604,4.211
2026-04-29T02:17:15.790354,66.97,0.14,69.53,0.1308,1000.0,0.0,4.199,90.6,97,0,60.0,2026-04-29T02:18:15.790203,4.211
2026-04-29T02:17:15.831533,66.97,0.14,69.53,0.1314,1000.0,0.0,4.199,90.6,97,0,60.0,2026-04-29T02:18:15.830961,4.211
2026-04-29T02:17:16.789012,67.03,0.14,69.56,0.1319,1000.0,0.0,4.199,90.6,97,0,60.0,2026-04-29T02:18:16.788847,4.211
2026-04-29T02:17:16.832410,67.03,0.14,69.57,0.132,1000.0,0.0,4.199,90.6,97,0,60.0,2026-04-29T02:18:16.832282,4.211
2026-04-29T02:17:16.870631,67.03,0.14,69.57,0.1322,1000.0,0.0,4.199,90.6,97,0,60.0,2026-04-29T02:18:16.870481,4.211
2026-04-29T02:17:17.893992,67.06,0.1381,69.61,0.1319,1000.0,0.0,4.199,90.6,97,0,60.0,2026-04-29T02:18:17.869439,4.211
2026-04-29T02:17:17.943919,67.06,0.1381,69.61,0.1314,1000.0,0.0,4.199,90.6,97,0,60.0,2026-04-29T02:18:17.943806,4.211
2026-04-29T02:17:17.978478,67.06,0.1381,69.61,0.1312,1000.0,0.0,4.199,90.6,97,0,60.0,2026-04-29T02:18:17.978361,4.211
2026-04-29T02:17:18.882578,67.08,0.1206,69.63,0.1252,1000.0,0.0,4.199,90.6,97,0,60.0,2026-04-29T02:18:18.882451,4.211
2026-04-29T02:17:18.922293,67.08,0.1206,69.63,0.1212,1000.0,0.0,4.199,90.6,97,0,60.0,2026-04-29T02:18:18.922164,4.211
2026-04-29T02:17:19.912928,67.08,0.1206,69.66,0.1185,1000.0,0.0,4.199,90.6,98,0,60.0,2026-04-29T02:18:19.912791,4.211
2026-04-29T02:17:19.949914,67.11,0.1206,69.66,0.1164,1000.0,0.0,4.199,90.6,98,0,60.0,2026-04-29T02:18:19.949802,4.211
2026-04-29T02:17:19.985385,67.11,0.1206,69.66,0.1159,1000.0,0.0,4.199,90.6,98,0,60.0,2026-04-29T02:18:19.985244,4.211
2026-04-29T02:17:20.966601,67.14,0.1206,69.69,0.1154,1000.0,0.0,4.199,90.6,98,0,60.0,2026-04-29T02:18:20.966364,4.211
2026-04-29T02:17:21.006930,67.14,0.1206,69.69,0.1144,1000.0,0.0,4.199,90.6,98,0,60.0,2026-04-29T02:18:21.006822,4.211
2026-04-29T02:17:21.042283,67.14,0.1206,69.69,0.1147,1000.0,0.0,4.199,90.6,98,0,60.0,2026-04-29T02:18:21.042186,4.211
2026-04-29T02:17:22.010054,67.17,0.1119,69.72,0.1136,1000.0,0.0,4.199,90.6,98,0,60.0,2026-04-29T02:18:22.009897,4.211
2026-04-29T02:17:22.046841,67.17,0.1422,69.72,0.1208,1000.0,0.0,4.199,90.6,98,0,60.0,2026-04-29T02:18:22.046751,4.211
2026-04-29T02:17:22.081014,67.17,0.1422,69.72,0.1254,1000.0,0.0,4.199,90.6,98,0,60.0,2026-04-29T02:18:22.080866,4.211
2026-04-29T02:17:23.072015,67.19,0.144,69.75,0.1309,1000.0,0.0,4.199,90.6,98,0,60.0,2026-04-29T02:18:23.071876,4.211
2026-04-29T02:17:23.110096,67.19,0.144,69.75,0.1331,1000.0,0.0,4.199,90.6,98,0,60.0,2026-04-29T02:18:23.109940,4.211
2026-04-29T02:17:23.145949,67.19,0.144,69.75,0.1341,1000.0,0.0,4.199,90.6,98,0,60.0,2026-04-29T02:18:23.145831,4.211
2026-04-29T02:17:24.131046,67.25,0.1153,69.79,0.1256,1000.0,0.0,4.199,90.5,98,0,60.0,2026-04-29T02:18:24.130876,4.211
2026-04-29T02:17:24.168537,67.25,0.1153,69.79,0.1195,1000.0,0.0,4.199,90.5,98,0,60.0,2026-04-29T02:18:24.168415,4.211
2026-04-29T02:17:25.160753,67.25,0.1153,69.83,0.1154,1000.0,0.0,4.199,90.5,98,0,60.0,2026-04-29T02:18:25.160517,4.211
2026-04-29T02:17:25.204090,67.26,0.1391,69.82,0.1173,1000.0,0.0,4.199,90.5,98,0,60.0,2026-04-29T02:18:25.203938,4.211
2026-04-29T02:17:25.241011,67.26,0.1391,69.82,0.1228,1000.0,0.0,4.199,90.5,98,0,60.0,2026-04-29T02:18:25.240900,4.211
2026-04-29T02:17:26.215542,67.31,0.1391,69.85,0.1272,1000.0,0.0,4.199,90.5,97,0,60.0,2026-04-29T02:18:26.215316,4.211
2026-04-29T02:17:26.269067,67.31,0.1323,69.86,0.1269,1000.0,0.0,4.199,90.5,97,0,60.0,2026-04-29T02:18:26.268927,4.211
2026-04-29T02:17:26.304998,67.31,0.1323,69.86,0.1265,1000.0,0.0,4.199,90.5,97,0,60.0,2026-04-29T02:18:26.304883,4.211
2026-04-29T02:17:27.259943,67.35,0.1313,69.9,0.1258,1000.0,0.0,4.199,90.5,97,0,60.0,2026-04-29T02:18:27.259745,4.211
2026-04-29T02:17:27.299851,67.35,0.1313,69.9,0.1246,1000.0,0.0,4.199,90.5,97,0,60.0,2026-04-29T02:18:27.299655,4.211
2026-04-29T02:17:27.338607,67.35,0.1313,69.9,0.1247,1000.0,0.0,4.199,90.5,97,0,60.0,2026-04-29T02:18:27.338484,4.211
2026-04-29T02:17:28.320863,67.38,0.1221,69.93,0.1223,1000.0,0.0,4.199,90.5,97,0,60.0,2026-04-29T02:18:28.320694,4.211
2026-04-29T02:17:28.367337,67.38,0.1323,69.94,0.1238,1000.0,0.0,4.199,90.5,97,0,60.0,2026-04-29T02:18:28.367198,4.211
2026-04-29T02:17:28.403602,67.38,0.1323,69.94,0.1244,1000.0,0.0,4.199,90.5,97,0,60.0,2026-04-29T02:18:28.403457,4.211
2026-04-29T02:17:29.407318,67.43,0.1323,69.98,0.1248,1000.0,0.0,4.199,90.5,97,0,60.0,2026-04-29T02:18:29.406841,4.211
2026-04-29T02:17:29.463605,67.43,0.1323,69.98,0.1251,1000.0,0.0,4.199,90.5,97,0,60.0,2026-04-29T02:18:29.463490,4.211
2026-04-29T02:17:30.400891,67.43,0.1323,70.01,0.1253,1000.0,0.0,4.199,90.5,97,0,60.0,2026-04-29T02:18:30.400726,4.211
2026-04-29T02:17:30.442412,67.5,0.1533,70.03,0.129,1000.0,0.0,4.199,90.5,97,0,60.0,2026-04-29T02:18:30.442311,4.211
2026-04-29T02:17:30.476299,67.5,0.1533,70.04,0.1348,1000.0,0.0,4.199,90.5,97,0,60.0,2026-04-29T02:18:30.476212,4.211
2026-04-29T02:17:31.450179,67.56,0.1533,70.08,0.1396,1000.0,0.0,4.199,90.5,97,0,60.0,2026-04-29T02:18:31.450056,4.211
2026-04-29T02:17:31.484200,67.56,0.1516,70.09,0.1415,1000.0,0.0,4.199,90.5,97,0,60.0,2026-04-29T02:18:31.484101,4.211
2026-04-29T02:17:31.517134,67.56,0.1516,70.1,0.142,1000.0,0.0,4.199,90.5,97,0,60.0,2026-04-29T02:18:31.517067,4.211
2026-04-29T02:17:32.512287,67.59,0.1372,70.14,0.1405,1000.0,0.0,4.199,90.5,97,0,60.0,2026-04-29T02:18:32.512157,4.211
2026-04-29T02:17:32.550609,67.59,0.1372,70.14,0.1355,1000.0,0.0,4.199,90.5,97,0,60.0,2026-04-29T02:18:32.550512,4.211
2026-04-29T02:17:32.584622,67.59,0.1372,70.14,0.1337,1000.0,0.0,4.199,90.5,97,0,60.0,2026-04-29T02:18:32.584517,4.211
2026-04-29T02:17:33.555016,67.65,0.1356,70.18,0.1312,1000.0,0.0,4.199,90.4,97,0,60.0,2026-04-29T02:18:33.554875,4.211
2026-04-29T02:17:33.590034,67.65,0.1356,70.19,0.1301,1000.0,0.0,4.199,90.4,97,0,60.0,2026-04-29T02:18:33.589938,4.211
2026-04-29T02:17:33.623816,67.65,0.1356,70.19,0.1297,1000.0,0.0,4.199,90.4,97,0,60.0,2026-04-29T02:18:33.623714,4.211
2026-04-29T02:17:34.621461,67.69,0.1271,70.23,0.1252,1000.0,0.0,4.199,90.4,97,0,60.0,2026-04-29T02:18:34.621323,4.211
2026-04-29T02:17:34.657194,67.69,0.1271,70.24,0.1235,1000.0,0.0,4.199,90.4,97,0,60.0,2026-04-29T02:18:34.657091,4.211
2026-04-29T02:17:35.629750,67.69,0.1271,70.27,0.1224,1000.0,0.0,4.199,90.4,98,0,60.0,2026-04-29T02:18:35.629592,4.211
2026-04-29T02:17:35.666877,67.76,0.1431,70.29,0.1244,1000.0,0.0,4.199,90.4,98,0,60.0,2026-04-29T02:18:35.666784,4.211
2026-04-29T02:17:35.700234,67.76,0.1431,70.3,0.1285,1000.0,0.0,4.199,90.4,98,0,60.0,2026-04-29T02:18:35.700143,4.211
2026-04-29T02:17:36.693560,67.81,0.1431,70.34,0.1319,1000.0,0.0,4.199,90.4,98,0,60.0,2026-04-29T02:18:36.693416,4.211
2026-04-29T02:17:36.759811,67.81,0.1431,70.35,0.1337,1000.0,0.0,4.199,90.4,98,0,60.0,2026-04-29T02:18:36.759507,4.211
2026-04-29T02:17:36.825033,67.81,0.1431,70.36,0.1344,1000.0,0.0,4.199,90.4,98,0,60.0,2026-04-29T02:18:36.824879,4.211
2026-04-29T02:17:37.738059,67.84,0.1422,70.39,0.1347,1000.0,0.0,4.199,90.4,98,0,60.0,2026-04-29T02:18:37.737879,4.211
2026-04-29T02:17:37.781132,67.84,0.1422,70.39,0.1332,1000.0,0.0,4.199,90.4,98,0,60.0,2026-04-29T02:18:37.780885,4.211
2026-04-29T02:17:37.857435,67.84,0.1422,70.4,0.1337,1000.0,0.0,4.199,90.4,98,0,60.0,2026-04-29T02:18:37.856772,4.211
2026-04-29T02:17:38.811852,67.91,0.1238,70.44,0.1296,1000.0,0.0,4.199,90.4,98,0,60.0,2026-04-29T02:18:38.811613,4.211
2026-04-29T02:17:38.854972,67.91,0.1273,70.45,0.126,1000.0,0.0,4.199,90.4,98,0,60.0,2026-04-29T02:18:38.854860,4.211
2026-04-29T02:17:38.892983,67.91,0.1273,70.46,0.1245,1000.0,0.0,4.199,90.4,98,0,60.0,2026-04-29T02:18:38.892799,4.211
2026-04-29T02:17:39.912731,67.96,0.1356,70.5,0.1234,1000.0,0.0,4.199,90.4,98,0,60.0,2026-04-29T02:18:39.890647,4.211
2026-04-29T02:17:39.957768,67.96,0.1356,70.5,0.1256,1000.0,0.0,4.199,90.4,98,0,60.0,2026-04-29T02:18:39.957666,4.211
2026-04-29T02:17:40.885235,67.96,0.1356,70.54,0.1269,1000.0,0.0,4.199,90.4,98,0,60.0,2026-04-29T02:18:40.885070,4.211
2026-04-29T02:17:40.932511,68.0,0.1372,70.54,0.1273,1000.0,0.0,4.199,90.4,98,0,60.0,2026-04-29T02:18:40.932370,4.211
2026-04-29T02:17:40.968734,68.0,0.1372,70.55,0.1284,1000.0,0.0,4.199,90.4,98,0,60.0,2026-04-29T02:18:40.968609,4.211
2026-04-29T02:17:41.962749,68.07,0.1372,70.59,0.1293,1000.0,0.0,4.199,90.4,98,0,60.0,2026-04-29T02:18:41.962487,4.211
2026-04-29T02:17:42.001476,68.07,0.1404,70.6,0.1306,1000.0,0.0,4.199,90.4,98,0,60.0,2026-04-29T02:18:42.001352,4.211
2026-04-29T02:17:42.043164,68.07,0.1404,70.61,0.1314,1000.0,0.0,4.199,90.4,98,0,60.0,2026-04-29T02:18:42.042999,4.211
2026-04-29T02:17:43.025409,68.13,0.1372,70.65,0.1318,1000.0,0.0,4.199,90.3,98,0,60.0,2026-04-29T02:18:43.025251,4.211
2026-04-29T02:17:43.068434,68.13,0.144,70.67,0.1336,1000.0,0.0,4.199,90.3,98,0,60.0,2026-04-29T02:18:43.068313,4.211
2026-04-29T02:17:43.104370,68.13,0.144,70.67,0.1345,1000.0,0.0,4.199,90.3,98,0,60.0,2026-04-29T02:18:43.104230,4.211
2026-04-29T02:17:44.028131,68.17,0.144,70.71,0.135,1000.0,0.0,4.199,90.3,98,0,60.0,2026-04-29T02:18:44.027949,4.211
2026-04-29T02:17:44.063750,68.17,0.144,70.72,0.1356,1000.0,0.0,4.199,90.3,98,0,60.0,2026-04-29T02:18:44.063640,4.211
2026-04-29T02:17:44.098095,68.17,0.144,70.72,0.1358,1000.0,0.0,4.199,90.3,98,0,60.0,2026-04-29T02:18:44.097999,4.211
2026-04-29T02:17:45.093964,68.24,0.1381,70.77,0.1338,1000.0,0.0,4.199,90.3,97,0,60.0,2026-04-29T02:18:45.093820,4.211
2026-04-29T02:17:45.128726,68.24,0.1381,70.78,0.1327,1000.0,0.0,4.199,90.3,97,0,60.0,2026-04-29T02:18:45.128622,4.211
2026-04-29T02:17:46.119727,68.24,0.1381,70.82,0.1319,1000.0,0.0,4.199,90.3,97,0,60.0,2026-04-29T02:18:46.119578,4.211
2026-04-29T02:17:46.161632,68.28,0.1356,70.83,0.1304,1000.0,0.0,4.199,90.3,97,0,60.0,2026-04-29T02:18:46.161533,4.211
2026-04-29T02:17:46.195330,68.28,0.1356,70.83,0.1297,1000.0,0.0,4.199,90.3,97,0,60.0,2026-04-29T02:18:46.195264,4.211
2026-04-29T02:17:47.177281,68.33,0.1356,70.87,0.1292,1000.0,0.0,4.199,90.3,98,0,60.0,2026-04-29T02:18:47.177127,4.211
2026-04-29T02:17:47.216692,68.33,0.1458,70.88,0.1299,1000.0,0.0,4.199,90.3,98,0,60.0,2026-04-29T02:18:47.216606,4.211
2026-04-29T02:17:47.250213,68.33,0.1458,70.88,0.1328,1000.0,0.0,4.199,90.3,98,0,60.0,2026-04-29T02:18:47.250143,4.211
2026-04-29T02:17:48.219900,68.36,0.1256,70.91,0.1326,1000.0,0.0,4.199,90.3,97,0,60.0,2026-04-29T02:18:48.219782,4.211
2026-04-29T02:17:48.261742,68.36,0.1458,70.92,0.1343,1000.0,0.0,4.199,90.3,97,0,60.0,2026-04-29T02:18:48.261578,4.211
2026-04-29T02:17:48.298905,68.36,0.1458,70.92,0.1355,1000.0,0.0,4.199,90.3,97,0,60.0,2026-04-29T02:18:48.298785,4.211
2026-04-29T02:17:49.339597,68.44,0.1356,70.96,0.1343,1000.0,0.0,4.199,90.3,97,0,60.0,2026-04-29T02:18:49.321931,4.211
2026-04-29T02:17:49.448199,68.44,0.1356,70.98,0.1316,1000.0,0.0,4.199,90.3,98,0,60.0,2026-04-29T02:18:49.448035,4.211
2026-04-29T02:17:49.484878,68.44,0.1356,70.98,0.1306,1000.0,0.0,4.199,90.3,98,0,60.0,2026-04-29T02:18:49.484771,4.211
2026-04-29T02:17:50.322971,68.47,0.1336,71.0,0.1279,1000.0,0.0,4.199,90.3,98,0,60.0,2026-04-29T02:18:50.322819,4.211
2026-04-29T02:17:50.361988,68.47,0.1336,71.01,0.1276,1000.0,0.0,4.199,90.3,98,0,60.0,2026-04-29T02:18:50.361846,4.211
2026-04-29T02:17:51.362722,68.47,0.1336,71.04,0.1272,1000.0,0.0,4.199,90.3,98,0,60.0,2026-04-29T02:18:51.362552,4.211
2026-04-29T02:17:51.409807,68.52,0.1381,71.05,0.1262,1000.0,0.0,4.199,90.3,98,0,60.0,2026-04-29T02:18:51.409642,4.211
2026-04-29T02:17:51.447426,68.52,0.1381,71.05,0.128,1000.0,0.0,4.199,90.3,98,0,60.0,2026-04-29T02:18:51.447285,4.211
2026-04-29T02:17:52.406985,68.57,0.1381,71.09,0.1295,1000.0,0.0,4.199,90.2,98,0,60.0,2026-04-29T02:18:52.406831,4.211
2026-04-29T02:17:52.451210,68.57,0.1381,71.1,0.1298,1000.0,0.0,4.199,90.2,98,0,60.0,2026-04-29T02:18:52.451080,4.211
2026-04-29T02:17:52.487643,68.57,0.1381,71.1,0.1303,1000.0,0.0,4.199,90.2,98,0,60.0,2026-04-29T02:18:52.487488,4.211
2026-04-29T02:17:53.465319,68.61,0.133,71.14,0.1299,1000.0,0.0,4.199,90.2,98,0,60.0,2026-04-29T02:18:53.465170,4.211
2026-04-29T02:17:53.506949,68.61,0.1476,71.15,0.1332,1000.0,0.0,4.199,90.2,98,0,60.0,2026-04-29T02:18:53.506806,4.211
2026-04-29T02:17:53.548086,68.61,0.1476,71.15,0.1354,1000.0,0.0,4.199,90.2,98,0,60.0,2026-04-29T02:18:53.547946,4.211
2026-04-29T02:17:54.518775,68.65,0.1476,71.19,0.1378,1000.0,0.0,4.199,90.2,98,0,60.0,2026-04-29T02:18:54.518632,4.211
2026-04-29T02:17:54.560303,68.65,0.1476,71.19,0.1385,1000.0,0.0,4.199,90.2,98,0,60.0,2026-04-29T02:18:54.560156,4.211
2026-04-29T02:17:54.598577,68.65,0.1476,71.19,0.1389,1000.0,0.0,4.199,90.2,98,0,60.0,2026-04-29T02:18:54.598435,4.211
2026-04-29T02:17:55.570282,68.71,0.1364,71.24,0.1352,1000.0,0.0,4.199,90.2,98,0,60.0,2026-04-29T02:18:55.570125,4.211
2026-04-29T02:17:55.617345,68.71,0.1364,71.24,0.1329,1000.0,0.0,4.199,90.2,98,0,60.0,2026-04-29T02:18:55.617219,4.211
2026-04-29T02:17:56.610037,68.71,0.1364,71.28,0.1313,1000.0,0.0,4.199,90.2,98,0,60.0,2026-04-29T02:18:56.609798,4.211
2026-04-29T02:17:56.656410,68.71,0.1372,71.27,0.1303,1000.0,0.0,4.199,90.2,98,0,60.0,2026-04-29T02:18:56.656272,4.211
2026-04-29T02:17:56.693312,68.71,0.1372,71.26,0.1303,1000.0,0.0,4.199,90.2,98,0,60.0,2026-04-29T02:18:56.693133,4.211
2026-04-29T02:17:57.663634,68.75,0.1372,71.29,0.1302,1000.0,0.0,4.199,90.2,98,0,60.0,2026-04-29T02:18:57.663418,4.211
2026-04-29T02:17:57.753013,68.75,0.1372,71.29,0.1291,1000.0,0.0,4.199,90.2,98,0,60.0,2026-04-29T02:18:57.752757,4.211
2026-04-29T02:17:57.816413,68.75,0.1372,71.3,0.1295,1000.0,0.0,4.199,90.2,98,0,60.0,2026-04-29T02:18:57.815995,4.211
2026-04-29T02:17:58.694503,68.79,0.1238,71.33,0.128,1000.0,0.0,4.199,90.2,98,0,60.0,2026-04-29T02:18:58.694168,4.211
2026-04-29T02:17:58.732191,68.79,0.1372,71.33,0.128,1000.0,0.0,4.199,90.2,98,0,60.0,2026-04-29T02:18:58.732065,4.211
2026-04-29T02:17:58.766681,68.79,0.1372,71.33,0.1287,1000.0,0.0,4.199,90.2,98,0,60.0,2026-04-29T02:18:58.766584,4.211
2026-04-29T02:17:59.773565,68.81,0.1372,71.36,0.1296,1000.0,0.0,4.199,90.2,98,0,60.0,2026-04-29T02:18:59.773428,4.211
2026-04-29T02:17:59.813450,68.81,0.1381,71.36,0.1302,1000.0,0.0,4.199,90.2,98,0,60.0,2026-04-29T02:18:59.813341,4.211
2026-04-29T02:17:59.849105,68.81,0.1381,71.36,0.1305,1000.0,0.0,4.199,90.2,98,0,60.0,2026-04-29T02:18:59.849012,4.211
2026-04-29T02:18:00.820302,68.86,0.1467,71.39,0.1317,1000.0,0.0,4.199,90.2,98,0,60.0,2026-04-29T02:19:00.820172,4.211
2026-04-29T02:18:00.876649,68.86,0.1467,71.4,0.1345,1000.0,0.0,4.199,90.2,98,0,60.0,2026-04-29T02:19:00.856853,4.211
2026-04-29T02:18:01.849701,68.86,0.1467,71.43,0.1364,1000.0,0.0,4.199,90.2,98,0,60.0,2026-04-29T02:19:01.849520,4.211
2026-04-29T02:18:01.893079,68.88,0.1467,71.42,0.1377,1000.0,0.0,4.199,90.2,98,0,60.0,2026-04-29T02:19:01.892984,4.211
2026-04-29T02:18:01.930055,68.88,0.1467,71.42,0.1381,1000.0,0.0,4.199,90.2,98,0,60.0,2026-04-29T02:19:01.929949,4.211
2026-04-29T02:18:02.911069,68.9,0.1467,71.45,0.1384,1000.0,0.0,4.199,90.2,98,0,60.0,2026-04-29T02:19:02.892992,4.211
2026-04-29T02:18:02.969004,68.9,0.14,71.44,0.1353,1000.0,0.0,4.199,90.2,98,0,60.0,2026-04-29T02:19:02.968882,4.211
2026-04-29T02:18:03.003146,68.9,0.14,71.44,0.1344,1000.0,0.0,4.199,90.2,98,0,60.0,2026-04-29T02:19:03.003036,4.211
2026-04-29T02:18:03.939274,68.93,0.1381,71.47,0.1331,1000.0,0.0,4.199,90.2,98,0,60.0,2026-04-29T02:19:03.939149,4.211
2026-04-29T02:18:04.049224,68.93,0.1381,71.47,0.1322,1000.0,0.0,4.199,90.2,98,0,60.0,2026-04-29T02:19:04.049070,4.211
2026-04-29T02:18:04.084149,68.93,0.1381,71.47,0.1318,1000.0,0.0,4.199,90.2,98,0,60.0,2026-04-29T02:19:04.084050,4.211
2026-04-29T02:18:04.983574,68.94,0.1287,71.49,0.129,1000.0,0.0,4.199,90.2,99,0,60.0,2026-04-29T02:19:04.983427,4.211
2026-04-29T02:18:05.018080,68.94,0.144,71.49,0.1321,1000.0,0.0,4.199,90.2,99,0,60.0,2026-04-29T02:19:05.017960,4.211
2026-04-29T02:18:05.055724,68.94,0.144,71.49,0.1334,1000.0,0.0,4.199,90.2,99,0,60.0,2026-04-29T02:19:05.055644,4.211
2026-04-29T02:18:06.045542,68.97,0.1548,71.51,0.1348,1000.0,0.0,4.199,90.2,99,0,60.0,2026-04-29T02:19:06.045402,4.211
2026-04-29T02:18:06.079696,68.97,0.1548,71.51,0.1393,1000.0,0.0,4.199,90.2,99,0,60.0,2026-04-29T02:19:06.079595,4.211
2026-04-29T02:18:07.073136,68.97,0.1548,71.54,0.1422,1000.0,0.0,4.199,90.2,98,0,60.0,2026-04-29T02:19:07.072971,4.211
2026-04-29T02:18:07.110959,69.02,0.1548,71.55,0.1442,1000.0,0.0,4.199,90.1,98,0,60.0,2026-04-29T02:19:07.110861,4.211
2026-04-29T02:18:07.144433,69.02,0.1548,71.56,0.1449,1000.0,0.0,4.199,90.1,98,0,60.0,2026-04-29T02:19:07.144357,4.211
2026-04-29T02:18:08.145534,69.08,0.1548,71.6,0.1454,1000.0,0.0,4.199,90.1,98,0,60.0,2026-04-29T02:19:08.145391,4.211
2026-04-29T02:18:08.186743,69.08,0.1533,71.61,0.1451,1000.0,0.0,4.199,90.1,98,0,60.0,2026-04-29T02:19:08.186637,4.211
2026-04-29T02:18:08.220799,69.08,0.1533,71.61,0.145,1000.0,0.0,4.199,90.1,98,0,60.0,2026-04-29T02:19:08.220707,4.211
2026-04-29T02:18:09.171981,69.13,0.1533,71.65,0.1448,1000.0,0.0,4.199,90.1,98,0,60.0,2026-04-29T02:19:09.171851,4.211
2026-04-29T02:18:09.207483,69.13,0.1548,71.66,0.1453,1000.0,0.0,4.199,90.1,98,0,60.0,2026-04-29T02:19:09.207365,4.211
2026-04-29T02:18:09.241107,69.13,0.1548,71.67,0.1456,1000.0,0.0,4.199,90.1,98,0,60.0,2026-04-29T02:19:09.241030,4.211
2026-04-29T02:18:10.252352,69.18,0.1457,71.71,0.1447,1000.0,0.0,4.199,90.1,98,0,60.0,2026-04-29T02:19:10.252190,4.211
2026-04-29T02:18:10.291244,69.18,0.1548,71.72,0.1453,1000.0,0.0,4.199,90.1,98,0,60.0,2026-04-29T02:19:10.291088,4.211
2026-04-29T02:18:10.326286,69.18,0.1548,71.72,0.1456,1000.0,0.0,4.199,90.1,98,0,60.0,2026-04-29T02:19:10.326172,4.211
2026-04-29T02:18:11.308205,69.23,0.1457,71.76,0.1428,1000.0,0.0,4.199,90.1,98,0,60.0,2026-04-29T02:19:11.308047,4.211
2026-04-29T02:18:11.344874,69.23,0.1457,71.77,0.1408,1000.0,0.0,4.199,90.1,98,0,60.0,2026-04-29T02:19:11.344771,4.211
2026-04-29T02:18:12.321729,69.23,0.1457,71.8,0.1395,1000.0,0.0,4.199,90.1,98,0,60.0,2026-04-29T02:19:12.321539,4.211
2026-04-29T02:18:12.363348,69.27,0.1457,71.81,0.1364,1000.0,0.0,4.199,90.1,98,0,60.0,2026-04-29T02:19:12.363239,4.211
2026-04-29T02:18:12.397164,69.27,0.1457,71.81,0.1371,1000.0,0.0,4.199,90.1,98,0,60.0,2026-04-29T02:19:12.397061,4.211
2026-04-29T02:18:13.386412,69.33,0.1457,71.85,0.1374,1000.0,0.0,4.199,90.1,98,0,60.0,2026-04-29T02:19:13.386232,4.211
2026-04-29T02:18:13.427304,69.33,0.1457,71.86,0.1367,1000.0,0.0,4.199,90.1,98,0,60.0,2026-04-29T02:19:13.427194,4.211
2026-04-29T02:18:13.460942,69.33,0.1457,71.86,0.1371,1000.0,0.0,4.199,90.1,98,0,60.0,2026-04-29T02:19:13.460862,4.211
2026-04-29T02:18:14.437640,69.37,0.1413,71.9,0.1369,1000.0,0.0,4.199,90.1,98,0,60.0,2026-04-29T02:19:14.437501,4.211
2026-04-29T02:18:14.476412,69.37,0.1524,71.9,0.1392,1000.0,0.0,4.199,90.1,98,0,60.0,2026-04-29T02:19:14.476319,4.211
2026-04-29T02:18:14.509496,69.37,0.1524,71.91,0.1409,1000.0,0.0,4.199,90.1,98,0,60.0,2026-04-29T02:19:14.509422,4.211
2026-04-29T02:18:15.489850,69.42,0.1524,71.95,0.1413,1000.0,0.0,4.199,90.1,98,0,60.0,2026-04-29T02:19:15.489712,4.211
2026-04-29T02:18:15.526603,69.42,0.1525,71.95,0.1425,1000.0,0.0,4.199,90.1,98,0,60.0,2026-04-29T02:19:15.526499,4.211
2026-04-29T02:18:15.560133,69.42,0.1525,71.95,0.143,1000.0,0.0,4.199,90.1,98,0,60.0,2026-04-29T02:19:15.560042,4.211
2026-04-29T02:18:16.540335,69.48,0.1584,72.0,0.1443,1000.0,0.0,4.199,90.0,98,0,60.0,2026-04-29T02:19:16.540189,4.211
2026-04-29T02:18:16.575128,69.48,0.1584,72.01,0.1464,1000.0,0.0,4.199,90.0,98,0,60.0,2026-04-29T02:19:16.575028,4.211
2026-04-29T02:18:17.573186,69.48,0.1584,72.05,0.1476,1000.0,0.0,4.199,90.0,98,0,60.0,2026-04-29T02:19:17.572891,4.211
2026-04-29T02:18:17.616804,69.5,0.1584,72.04,0.1467,1000.0,0.0,4.199,90.0,98,0,60.0,2026-04-29T02:19:17.616695,4.211
2026-04-29T02:18:17.650463,69.5,0.1584,72.04,0.1477,1000.0,0.0,4.199,90.0,98,0,60.0,2026-04-29T02:19:17.650382,4.211
2026-04-29T02:18:18.610981,69.55,0.1584,72.08,0.1485,1000.0,0.0,4.199,90.0,98,0,60.0,2026-04-29T02:19:18.610830,4.211
2026-04-29T02:18:18.648088,69.55,0.1507,72.08,0.1447,1000.0,0.0,4.199,90.0,98,0,60.0,2026-04-29T02:19:18.647993,4.211
2026-04-29T02:18:18.681128,69.55,0.1507,72.09,0.1439,1000.0,0.0,4.199,90.0,98,0,60.0,2026-04-29T02:19:18.681045,4.211
2026-04-29T02:18:19.679345,69.6,0.1507,72.13,0.1431,1000.0,0.0,4.199,90.0,98,0,60.0,2026-04-29T02:19:19.679196,4.211
2026-04-29T02:18:19.718292,69.6,0.1507,72.13,0.1422,1000.0,0.0,4.199,90.0,98,0,60.0,2026-04-29T02:19:19.718178,4.211
2026-04-29T02:18:19.751033,69.6,0.1507,72.14,0.1423,1000.0,0.0,4.199,90.0,98,0,60.0,2026-04-29T02:19:19.750965,4.211
2026-04-29T02:18:20.712241,69.65,0.1432,72.18,0.1405,1000.0,0.0,4.199,90.0,98,0,60.0,2026-04-29T02:19:20.712104,4.212
2026-04-29T02:18:20.747168,69.65,0.1476,72.19,0.1402,1000.0,0.0,4.199,90.0,98,0,60.0,2026-04-29T02:19:20.747056,4.212
2026-04-29T02:18:20.784055,69.65,0.1476,72.19,0.14,1000.0,0.0,4.199,90.0,98,0,60.0,2026-04-29T02:19:20.783938,4.212
2026-04-29T02:18:21.770636,69.69,0.1583,72.23,0.141,1000.0,0.0,4.199,90.0,98,0,60.0,2026-04-29T02:19:21.770486,4.212
2026-04-29T02:18:21.805014,69.69,0.1583,72.23,0.1443,1000.0,0.0,4.199,90.0,98,0,60.0,2026-04-29T02:19:21.804909,4.212
2026-04-29T02:18:22.797997,69.69,0.1583,72.26,0.1464,1000.0,0.0,4.199,90.0,98,0,60.0,2026-04-29T02:19:22.797851,4.212
2026-04-29T02:18:22.864487,69.73,0.1583,72.27,0.147,1000.0,0.0,4.199,90.0,98,0,60.0,2026-04-29T02:19:22.839151,4.212
2026-04-29T02:18:22.929286,69.73,0.1583,72.27,0.1479,1000.0,0.0,4.199,90.0,98,0,60.0,2026-04-29T02:19:22.929136,4.212
2026-04-29T02:18:23.861869,69.79,0.1583,72.31,0.1486,1000.0,0.0,4.199,90.0,98,0,60.0,2026-04-29T02:19:23.861734,4.212
2026-04-29T02:18:23.901790,69.79,0.1535,72.32,0.1469,1000.0,0.0,4.199,90.0,98,0,60.0,2026-04-29T02:19:23.901694,4.212
2026-04-29T02:18:23.935399,69.79,0.1535,72.32,0.1461,1000.0,0.0,4.199,90.0,98,0,60.0,2026-04-29T02:19:23.935301,4.212
2026-04-29T02:18:24.895870,69.84,0.1535,72.36,0.1455,1000.0,0.0,4.199,90.0,99,0,60.0,2026-04-29T02:19:24.895707,4.212
2026-04-29T02:18:24.933915,69.84,0.1535,72.37,0.1443,1000.0,0.0,4.199,90.0,99,0,60.0,2026-04-29T02:19:24.933784,4.212
2026-04-29T02:18:24.976258,69.84,0.1535,72.37,0.1446,1000.0,0.0,4.199,90.0,99,0,60.0,2026-04-29T02:19:24.976116,4.212
2026-04-29T02:18:25.969134,69.89,0.1423,72.41,0.142,1000.0,0.0,4.199,89.9,99,0,60.0,2026-04-29T02:19:25.968954,4.212
2026-04-29T02:18:26.006064,69.89,0.1423,72.42,0.1389,1000.0,0.0,4.199,89.9,99,0,60.0,2026-04-29T02:19:26.005959,4.212
2026-04-29T02:18:26.039623,69.89,0.1423,72.42,0.1377,1000.0,0.0,4.199,89.9,99,0,60.0,2026-04-29T02:19:26.039521,4.212
2026-04-29T02:18:27.007139,69.93,0.1507,72.46,0.1359,1000.0,0.0,4.199,89.9,99,0,60.0,2026-04-29T02:19:27.007007,4.212
2026-04-29T02:18:27.040459,69.93,0.1507,72.47,0.1385,1000.0,0.0,4.199,89.9,99,0,60.0,2026-04-29T02:19:27.040377,4.212
2026-04-29T02:18:28.051637,69.93,0.1507,72.5,0.1402,1000.0,0.0,4.199,89.9,99,0,60.0,2026-04-29T02:19:28.051419,4.212
2026-04-29T02:18:28.093031,69.98,0.1543,72.51,0.1409,1000.0,0.0,4.199,89.9,99,0,60.0,2026-04-29T02:19:28.092920,4.212
2026-04-29T02:18:28.126125,69.98,0.1543,72.52,0.1427,1000.0,0.0,4.199,89.9,99,0,60.0,2026-04-29T02:19:28.126050,4.212
2026-04-29T02:18:29.092049,70.02,0.1543,72.55,0.1442,1000.0,0.0,4.199,89.9,98,0,60.0,2026-04-29T02:19:29.091892,4.212
2026-04-29T02:18:29.130071,70.02,0.155,72.56,0.1452,1000.0,0.0,4.199,89.9,98,0,60.0,2026-04-29T02:19:29.129967,4.212
2026-04-29T02:18:29.163611,70.02,0.155,72.56,0.1456,1000.0,0.0,4.199,89.9,98,0,60.0,2026-04-29T02:19:29.163535,4.212
2026-04-29T02:18:30.157006,70.06,0.1543,72.6,0.1459,1000.0,0.0,4.199,89.9,98,0,60.0,2026-04-29T02:19:30.156867,4.212
2026-04-29T02:18:30.194910,70.06,0.1575,72.6,0.147,1000.0,0.0,4.199,89.9,98,0,60.0,2026-04-29T02:19:30.194796,4.212
2026-04-29T02:18:30.227986,70.06,0.1575,72.6,0.1475,1000.0,0.0,4.199,89.9,98,0,60.0,2026-04-29T02:19:30.227916,4.212
2026-04-29T02:18:31.218965,70.13,0.1575,72.65,0.1482,1000.0,0.0,4.199,89.9,98,0,60.0,2026-04-29T02:19:31.218820,4.212
2026-04-29T02:18:31.256722,70.13,0.1583,72.66,0.1487,1000.0,0.0,4.199,89.9,98,0,60.0,2026-04-29T02:19:31.256626,4.212
2026-04-29T02:18:31.297724,70.13,0.1583,72.67,0.149,1000.0,0.0,4.199,89.9,98,0,60.0,2026-04-29T02:19:31.297596,4.212
2026-04-29T02:18:32.269005,70.17,0.1668,72.71,0.1501,1000.0,0.0,4.199,89.9,98,0,60.0,2026-04-29T02:19:32.268858,4.212
2026-04-29T02:18:32.310185,70.17,0.1668,72.71,0.1529,1000.0,0.0,4.199,89.9,98,0,60.0,2026-04-29T02:19:32.310049,4.212
2026-04-29T02:18:33.333686,70.17,0.1668,72.74,0.1546,1000.0,0.0,4.199,89.9,98,0,60.0,2026-04-29T02:19:33.333525,4.212
2026-04-29T02:18:33.389970,70.22,0.1575,72.76,0.1531,1000.0,0.0,4.199,89.9,98,0,60.0,2026-04-29T02:19:33.389835,4.212
2026-04-29T02:18:33.423067,70.22,0.1575,72.76,0.1514,1000.0,0.0,4.199,89.9,98,0,60.0,2026-04-29T02:19:33.422985,4.212
2026-04-29T02:18:34.322121,70.28,0.1575,72.8,0.15,1000.0,0.0,4.199,89.9,98,0,60.0,2026-04-29T02:19:34.322015,4.212
2026-04-29T02:18:34.358699,70.28,0.1567,72.81,0.1488,1000.0,0.0,4.199,89.9,98,0,60.0,2026-04-29T02:19:34.358555,4.212
2026-04-29T02:18:34.394204,70.28,0.1567,72.81,0.1485,1000.0,0.0,4.199,89.9,98,0,60.0,2026-04-29T02:19:34.394109,4.212
2026-04-29T02:18:35.393505,70.34,0.1557,72.85,0.148,1000.0,0.0,4.199,89.8,98,0,60.0,2026-04-29T02:19:35.393330,4.212
2026-04-29T02:18:35.431141,70.34,0.1567,72.87,0.148,1000.0,0.0,4.199,89.8,98,0,60.0,2026-04-29T02:19:35.431046,4.212
2026-04-29T02:18:35.465199,70.34,0.1567,72.87,0.148,1000.0,0.0,4.199,89.8,98,0,60.0,2026-04-29T02:19:35.465119,4.212
2026-04-29T02:18:36.430930,70.4,0.1535,72.92,0.1471,1000.0,0.0,4.199,89.8,98,0,60.0,2026-04-29T02:19:36.430795,4.212
2026-04-29T02:18:36.465112,70.4,0.16,72.93,0.1487,1000.0,0.0,4.199,89.8,98,0,60.0,2026-04-29T02:19:36.465021,4.212
2026-04-29T02:18:36.498884,70.4,0.16,72.93,0.1495,1000.0,0.0,4.199,89.8,98,0,60.0,2026-04-29T02:19:36.498792,4.212
2026-04-29T02:18:37.508334,70.44,0.1642,72.96,0.1501,1000.0,0.0,4.199,89.8,98,0,60.0,2026-04-29T02:19:37.508191,4.212
2026-04-29T02:18:37.544188,70.44,0.1642,72.97,0.152,1000.0,0.0,4.199,89.8,98,0,60.0,2026-04-29T02:19:37.544100,4.212
2026-04-29T02:18:38.529770,70.44,0.1642,73.0,0.1532,1000.0,0.0,4.199,89.8,98,0,60.0,2026-04-29T02:19:38.529592,4.212
2026-04-29T02:18:38.571177,70.49,0.176,73.01,0.1564,1000.0,0.0,4.199,89.8,98,0,60.0,2026-04-29T02:19:38.571077,4.212
2026-04-29T02:18:38.604932,70.49,0.176,73.02,0.1598,1000.0,0.0,4.199,89.8,98,0,60.0,2026-04-29T02:19:38.604852,4.212
2026-04-29T02:18:39.588160,70.56,0.176,73.06,0.1625,1000.0,0.0,4.199,89.8,98,0,60.0,2026-04-29T02:19:39.588020,4.212
2026-04-29T02:18:39.629141,70.56,0.176,73.07,0.1617,1000.0,0.0,4.199,89.8,98,0,60.0,2026-04-29T02:19:39.629045,4.212
2026-04-29T02:18:39.662626,70.56,0.176,73.08,0.1631,1000.0,0.0,4.199,89.8,98,0,60.0,2026-04-29T02:19:39.662560,4.212
2026-04-29T02:18:40.636002,70.61,0.1634,73.12,0.1625,1000.0,0.0,4.199,89.8,98,0,60.0,2026-04-29T02:19:40.635857,4.212
2026-04-29T02:18:40.674471,70.61,0.1634,73.13,0.1586,1000.0,0.0,4.199,89.8,98,0,60.0,2026-04-29T02:19:40.674374,4.212
2026-04-29T02:18:40.707915,70.61,0.1634,73.14,0.1571,1000.0,0.0,4.199,89.8,98,0,60.0,2026-04-29T02:19:40.707832,4.212
2026-04-29T02:18:41.694954,70.65,0.1507,73.18,0.1532,1000.0,0.0,4.199,89.8,98,0,60.0,2026-04-29T02:19:41.694817,4.212
2026-04-29T02:18:41.732777,70.65,0.1593,73.18,0.1519,1000.0,0.0,4.199,89.8,98,0,60.0,2026-04-29T02:19:41.732689,4.212
2026-04-29T02:18:41.766405,70.65,0.1593,73.18,0.1515,1000.0,0.0,4.199,89.8,98,0,60.0,2026-04-29T02:19:41.766320,4.212
2026-04-29T02:18:42.741540,70.72,0.1611,73.23,0.149,1000.0,0.0,4.199,89.8,98,0,60.0,2026-04-29T02:19:42.741410,4.212
2026-04-29T02:18:42.785001,70.72,0.1611,73.24,0.1502,1000.0,0.0,4.199,89.8,98,0,60.0,2026-04-29T02:19:42.784867,4.212
2026-04-29T02:18:43.759123,70.72,0.1611,73.27,0.1509,1000.0,0.0,4.199,89.8,98,0,60.0,2026-04-29T02:19:43.758688,4.212
2026-04-29T02:18:43.900352,70.76,0.1702,72.53,0.151,1000.0,0.08,4.199,89.8,98,0,60.0,2026-04-29T02:19:43.900155,4.288
2026-04-29T02:18:44.042186,70.76,0.1702,72.54,0.1538,1000.0,0.08,4.199,89.8,98,0,60.0,2026-04-29T02:19:44.041828,4.288
2026-04-29T02:18:44.830909,70.82,0.1702,72.56,0.1557,1000.0,0.08,4.199,89.7,98,0,60.0,2026-04-29T02:19:44.830609,4.289
2026-04-29T02:18:44.926682,70.82,0.1702,72.58,0.1547,1000.0,0.08,4.199,89.7,98,0,60.0,2026-04-29T02:19:44.926468,4.289
2026-04-29T02:18:45.011895,70.82,0.1702,72.59,0.1559,1000.0,0.08,4.199,89.7,98,0,60.0,2026-04-29T02:19:45.011714,4.289
2026-04-29T02:18:45.896917,70.85,0.1558,72.62,0.1548,1000.0,0.08,4.199,89.7,98,0,60.0,2026-04-29T02:19:45.896719,4.29
2026-04-29T02:18:45.970147,70.85,0.1558,72.81,0.1508,1000.0,0.06,4.199,89.7,98,0,60.0,2026-04-29T02:19:45.969998,4.27
2026-04-29T02:18:46.042425,70.85,0.1558,72.82,0.1489,1000.0,0.06,4.199,89.7,98,0,60.0,2026-04-29T02:19:46.042279,4.27
2026-04-29T02:18:46.947886,70.88,0.1347,72.84,0.142,1000.0,0.06,4.199,89.7,98,0,60.0,2026-04-29T02:19:46.947700,4.271
2026-04-29T02:18:47.020684,70.88,0.1381,73.03,0.1372,1000.0,0.04,4.199,89.7,98,0,60.0,2026-04-29T02:19:47.020469,4.251
2026-04-29T02:18:47.092315,70.88,0.1381,73.03,0.1348,1000.0,0.04,4.199,89.7,98,0,60.0,2026-04-29T02:19:47.092140,4.251
2026-04-29T02:18:48.003131,70.93,0.1347,73.07,0.1308,1000.0,0.04,4.199,89.7,98,0,60.0,2026-04-29T02:19:48.002934,4.252
2026-04-29T02:18:48.075215,70.93,0.1347,73.17,0.1296,1000.0,0.03,4.199,89.7,98,0,60.0,2026-04-29T02:19:48.075054,4.241
2026-04-29T02:18:49.004655,70.93,0.1347,73.2,0.1285,1000.0,0.03,4.199,89.7,98,0,60.0,2026-04-29T02:19:49.004492,4.242
2026-04-29T02:18:49.078046,70.95,0.1356,73.29,0.1281,1000.0,0.02,4.199,89.7,98,0,60.0,2026-04-29T02:19:49.077919,4.232
2026-04-29T02:18:49.152422,70.95,0.1356,73.29,0.1282,1000.0,0.02,4.199,89.7,98,0,60.0,2026-04-29T02:19:49.152266,4.232
2026-04-29T02:18:50.067884,70.97,0.1356,73.32,0.1283,1000.0,0.02,4.199,89.7,98,0,60.0,2026-04-29T02:19:50.067701,4.232
2026-04-29T02:18:50.139812,70.97,0.1404,73.32,0.1294,1000.0,0.02,4.199,89.7,98,0,60.0,2026-04-29T02:19:50.139677,4.232
2026-04-29T02:18:50.211845,70.97,0.1404,73.32,0.1307,1000.0,0.02,4.199,89.7,98,0,60.0,2026-04-29T02:19:50.211652,4.232
2026-04-29T02:18:51.130930,70.98,0.1404,73.34,0.1318,1000.0,0.02,4.199,89.7,98,0,60.0,2026-04-29T02:19:51.130668,4.232
2026-04-29T02:18:51.206598,70.98,0.1567,73.43,0.138,1000.0,0.01,4.199,89.7,98,0,60.0,2026-04-29T02:19:51.206447,4.222
2026-04-29T02:18:51.285313,70.98,0.1567,73.43,0.1415,1000.0,0.01,4.199,89.7,98,0,60.0,2026-04-29T02:19:51.285047,4.222
2026-04-29T02:18:52.186809,71.01,0.1567,73.46,0.1431,1000.0,0.01,4.199,89.7,98,0,60.0,2026-04-29T02:19:52.186640,4.222
2026-04-29T02:18:52.260402,71.01,0.1617,73.46,0.147,1000.0,0.01,4.199,89.7,98,0,60.0,2026-04-29T02:19:52.259143,4.222
2026-04-29T02:18:52.489080,71.01,0.1617,73.46,0.1489,1000.0,0.01,4.199,89.7,98,0,60.0,2026-04-29T02:19:52.474412,4.221
2026-04-29T02:18:53.256579,71.04,0.1617,73.48,0.1509,1000.0,0.01,4.199,89.7,98,0,60.0,2026-04-29T02:19:53.256205,4.222
2026-04-29T02:18:53.333893,71.04,0.1617,73.49,0.1515,1000.0,0.01,4.199,89.7,98,0,60.0,2026-04-29T02:19:53.333733,4.221
2026-04-29T02:18:54.247352,71.04,0.1617,73.51,0.1517,1000.0,0.01,4.199,89.7,98,0,60.0,2026-04-29T02:19:54.247176,4.222
2026-04-29T02:18:54.380581,71.06,0.1332,73.51,0.1404,1000.0,0.01,4.199,89.7,98,0,60.0,2026-04-29T02:19:54.362865,4.221
2026-04-29T02:18:54.569361,71.06,0.1332,73.51,0.1341,1000.0,0.01,4.199,89.7,99,0,60.0,2026-04-29T02:19:54.569190,4.221
2026-04-29T02:18:55.307601,71.09,0.1332,73.53,0.1303,1000.0,0.01,4.199,89.7,99,0,60.0,2026-04-29T02:19:55.307451,4.222
2026-04-29T02:18:55.372174,71.09,0.1297,73.63,0.1272,1000.0,0.0,4.199,89.7,99,0,60.0,2026-04-29T02:19:55.372021,4.212
2026-04-29T02:18:55.431484,71.09,0.1297,73.63,0.126,1000.0,0.0,4.199,89.7,99,0,60.0,2026-04-29T02:19:55.431342,4.212
2026-04-29T02:18:56.403770,71.12,0.1296,73.66,0.1246,1000.0,0.0,4.199,89.7,99,0,60.0,2026-04-29T02:19:56.403557,4.212
2026-04-29T02:18:56.462933,71.12,0.1415,73.66,0.1282,1000.0,0.0,4.199,89.7,99,0,60.0,2026-04-29T02:19:56.462764,4.212
2026-04-29T02:18:56.521359,71.12,0.1415,73.66,0.1304,1000.0,0.0,4.199,89.7,99,0,60.0,2026-04-29T02:19:56.521225,4.212
2026-04-29T02:18:57.415805,71.15,0.1415,73.69,0.1311,1000.0,0.0,4.199,89.7,99,0,60.0,2026-04-29T02:19:57.415571,4.212
2026-04-29T02:18:57.473505,71.15,0.1516,73.69,0.1364,1000.0,0.0,4.199,89.7,99,0,60.0,2026-04-29T02:19:57.473353,4.212
2026-04-29T02:18:57.532762,71.15,0.1516,73.69,0.1388,1000.0,0.0,4.199,89.7,99,0,60.0,2026-04-29T02:19:57.532626,4.212
2026-04-29T02:18:58.458658,71.16,0.1541,73.71,0.1419,1000.0,0.0,4.199,89.7,99,0,60.0,2026-04-29T02:19:58.458483,4.212
2026-04-29T02:18:58.515545,71.16,0.1541,73.71,0.1434,1000.0,0.0,4.199,89.7,99,0,60.0,2026-04-29T02:19:58.515398,4.212
2026-04-29T02:18:59.489442,71.16,0.1541,73.73,0.1444,1000.0,0.0,4.199,89.7,99,0,60.0,2026-04-29T02:19:59.489250,4.212
2026-04-29T02:18:59.557130,71.2,0.1845,72.98,0.1486,1000.0,0.08,4.199,89.7,99,0,60.0,2026-04-29T02:19:59.556966,4.288
2026-04-29T02:18:59.631182,71.2,0.1845,72.98,0.1573,1000.0,0.08,4.199,89.7,99,0,60.0,2026-04-29T02:19:59.631025,4.288
2026-04-29T02:19:00.543277,71.23,0.1845,72.99,0.1639,1000.0,0.08,4.199,89.7,98,0,60.0,2026-04-29T02:20:00.542996,4.289
2026-04-29T02:19:00.614239,71.23,0.1845,73.0,0.1672,1000.0,0.08,4.199,89.6,98,0,60.0,2026-04-29T02:20:00.614061,4.289
2026-04-29T02:19:00.685361,71.23,0.1845,73.0,0.1685,1000.0,0.08,4.199,89.6,98,0,60.0,2026-04-29T02:20:00.685174,4.289
2026-04-29T02:19:01.612625,71.25,0.1525,73.02,0.165,1000.0,0.08,4.199,89.6,98,0,60.0,2026-04-29T02:20:01.612435,4.29
2026-04-29T02:19:01.684930,71.25,0.1525,73.21,0.1546,1000.0,0.06,4.199,89.6,98,0,60.0,2026-04-29T02:20:01.684769,4.271
2026-04-29T02:19:01.759111,71.25,0.1525,73.21,0.1503,1000.0,0.06,4.199,89.6,98,0,60.0,2026-04-29T02:20:01.758947,4.27
2026-04-29T02:19:02.660317,71.28,0.1499,73.23,0.1451,1000.0,0.06,4.199,89.6,99,0,60.0,2026-04-29T02:20:02.660142,4.271
2026-04-29T02:19:02.731713,71.28,0.1499,73.43,0.1435,1000.0,0.04,4.199,89.6,99,0,60.0,2026-04-29T02:20:02.731520,4.252
2026-04-29T02:19:02.804434,71.28,0.1499,73.43,0.1426,1000.0,0.04,4.199,89.6,99,0,60.0,2026-04-29T02:20:02.804294,4.251
2026-04-29T02:19:03.727115,71.29,0.1363,73.45,0.136,1000.0,0.04,4.199,89.6,99,0,60.0,2026-04-29T02:20:03.726945,4.252
2026-04-29T02:19:03.799152,71.29,0.1363,73.54,0.1332,1000.0,0.03,4.199,89.6,99,0,60.0,2026-04-29T02:20:03.799011,4.241
2026-04-29T02:19:04.737181,71.29,0.1363,73.56,0.1311,1000.0,0.03,4.199,89.6,99,0,60.0,2026-04-29T02:20:04.737005,4.242
2026-04-29T02:19:04.812504,71.33,0.1557,73.67,0.1323,1000.0,0.02,4.199,89.6,99,0,60.0,2026-04-29T02:20:04.812318,4.232
2026-04-29T02:19:04.884811,71.33,0.1557,73.67,0.1378,1000.0,0.02,4.199,89.6,99,0,60.0,2026-04-29T02:20:04.884656,4.232
2026-04-29T02:19:05.820743,71.36,0.1557,73.7,0.1422,1000.0,0.02,4.199,89.6,99,0,60.0,2026-04-29T02:20:05.820559,4.232
2026-04-29T02:19:05.904031,71.36,0.1642,73.7,0.1469,1000.0,0.02,4.199,89.6,99,0,60.0,2026-04-29T02:20:05.903867,4.232
2026-04-29T02:19:05.988477,71.36,0.1642,73.7,0.1497,1000.0,0.02,4.199,89.6,99,0,60.0,2026-04-29T02:20:05.988306,4.232
2026-04-29T02:19:06.848335,71.4,0.1557,73.73,0.1509,1000.0,0.02,4.199,89.6,99,0,60.0,2026-04-29T02:20:06.848150,4.232
2026-04-29T02:19:06.897163,71.4,0.1642,73.83,0.1528,1000.0,0.01,4.199,89.6,99,0,60.0,2026-04-29T02:20:06.897032,4.222
2026-04-29T02:19:06.941179,71.4,0.1642,73.83,0.1534,1000.0,0.01,4.199,89.6,99,0,60.0,2026-04-29T02:20:06.941056,4.222
2026-04-29T02:19:07.901292,71.43,0.1593,73.86,0.1528,1000.0,0.01,4.199,89.6,99,0,60.0,2026-04-29T02:20:07.901146,4.222
2026-04-29T02:19:07.947915,71.43,0.1761,73.86,0.1582,1000.0,0.01,4.199,89.6,99,0,60.0,2026-04-29T02:20:07.947755,4.222
2026-04-29T02:19:07.992864,71.43,0.1761,73.86,0.1605,1000.0,0.01,4.199,89.6,99,0,60.0,2026-04-29T02:20:07.992729,4.221
2026-04-29T02:19:08.935296,71.48,0.1761,73.9,0.1615,1000.0,0.01,4.199,89.6,98,0,60.0,2026-04-29T02:20:08.935158,4.222
2026-04-29T02:19:08.994359,71.48,0.1761,73.91,0.163,1000.0,0.01,4.199,89.6,98,0,60.0,2026-04-29T02:20:08.994169,4.221
2026-04-29T02:19:09.975670,71.48,0.1761,73.94,0.1639,1000.0,0.01,4.199,89.6,98,0,60.0,2026-04-29T02:20:09.975433,4.222
2026-04-29T02:19:10.028988,71.53,0.1761,73.95,0.1647,1000.0,0.01,4.199,89.6,98,0,60.0,2026-04-29T02:20:10.028836,4.221
2026-04-29T02:19:10.072576,71.53,0.1761,73.96,0.1649,1000.0,0.01,4.199,89.6,98,0,60.0,2026-04-29T02:20:10.072470,4.221
2026-04-29T02:19:11.028956,71.57,0.1761,73.99,0.165,1000.0,0.01,4.199,89.6,99,0,60.0,2026-04-29T02:20:11.028754,4.222
2026-04-29T02:19:11.072803,71.57,0.1642,74.1,0.1597,1000.0,0.0,4.199,89.6,99,0,60.0,2026-04-29T02:20:11.072695,4.212
2026-04-29T02:19:11.107964,71.57,0.1642,74.1,0.158,1000.0,0.0,4.199,89.6,99,0,60.0,2026-04-29T02:20:11.107857,4.212
2026-04-29T02:19:12.071509,71.6,0.1592,74.13,0.1555,1000.0,0.0,4.199,89.6,99,0,60.0,2026-04-29T02:20:12.071342,4.212
2026-04-29T02:19:12.113860,71.6,0.1611,74.14,0.1538,1000.0,0.0,4.199,89.6,99,0,60.0,2026-04-29T02:20:12.113737,4.212
2026-04-29T02:19:12.148443,71.6,0.1611,74.14,0.1532,1000.0,0.0,4.199,89.6,99,0,60.0,2026-04-29T02:20:12.148332,4.212
2026-04-29T02:19:13.105197,71.63,0.1611,74.17,0.1526,1000.0,0.0,4.199,89.6,99,0,60.0,2026-04-29T02:20:13.105034,4.212
2026-04-29T02:19:13.147587,71.63,0.1668,74.17,0.1546,1000.0,0.0,4.199,89.6,99,0,60.0,2026-04-29T02:20:13.147403,4.212
2026-04-29T02:19:13.185319,71.63,0.1668,74.17,0.1554,1000.0,0.0,4.199,89.6,99,0,60.0,2026-04-29T02:20:13.185209,4.212
2026-04-29T02:19:14.178737,71.67,0.1701,74.2,0.1562,1000.0,0.0,4.199,89.6,99,0,60.0,2026-04-29T02:20:14.178535,4.212
2026-04-29T02:19:14.216744,71.67,0.1701,74.2,0.1578,1000.0,0.0,4.199,89.6,99,0,60.0,2026-04-29T02:20:14.216622,4.212
2026-04-29T02:19:15.207100,71.67,0.1701,74.23,0.1588,1000.0,0.0,4.199,89.6,99,0,60.0,2026-04-29T02:20:15.206923,4.212
2026-04-29T02:19:15.252643,71.7,0.1701,74.23,0.1596,1000.0,0.0,4.199,89.5,99,0,60.0,2026-04-29T02:20:15.252520,4.212
2026-04-29T02:19:15.288180,71.7,0.1701,74.23,0.1598,1000.0,0.0,4.199,89.5,99,0,60.0,2026-04-29T02:20:15.288053,4.212
2026-04-29T02:19:16.267331,71.73,0.1701,74.26,0.16,1000.0,0.0,4.199,89.5,99,0,60.0,2026-04-29T02:20:16.266284,4.212
2026-04-29T02:19:16.363686,71.73,0.1642,74.26,0.1564,1000.0,0.0,4.199,89.5,99,0,60.0,2026-04-29T02:20:16.363554,4.212
2026-04-29T02:19:16.398941,71.73,0.1642,74.26,0.1558,1000.0,0.0,4.199,89.5,99,0,60.0,2026-04-29T02:20:16.398824,4.212
2026-04-29T02:19:17.313187,71.76,0.1533,74.29,0.1538,1000.0,0.0,4.199,89.5,99,0,60.0,2026-04-29T02:20:17.313016,4.212
2026-04-29T02:19:17.355256,71.76,0.1543,74.29,0.1501,1000.0,0.0,4.199,89.5,99,0,60.0,2026-04-29T02:20:17.355129,4.212
2026-04-29T02:19:17.391489,71.76,0.1543,74.29,0.1488,1000.0,0.0,4.199,89.5,99,0,60.0,2026-04-29T02:20:17.391378,4.212
2026-04-29T02:19:18.348364,71.76,0.1524,74.31,0.1469,1000.0,0.0,4.199,89.5,99,0,60.0,2026-04-29T02:20:18.348218,4.212
2026-04-29T02:19:18.384384,71.76,0.1543,74.3,0.1465,1000.0,0.0,4.199,89.5,99,0,60.0,2026-04-29T02:20:18.384235,4.212
2026-04-29T02:19:18.427671,71.76,0.1543,74.3,0.1463,1000.0,0.0,4.199,89.5,99,0,60.0,2026-04-29T02:20:18.427429,4.212
2026-04-29T02:19:19.418644,71.77,0.1548,74.32,0.1457,1000.0,0.0,4.199,89.5,99,0,60.0,2026-04-29T02:20:19.418492,4.212
2026-04-29T02:19:19.458849,71.77,0.1548,74.31,0.146,1000.0,0.0,4.199,89.5,99,0,60.0,2026-04-29T02:20:19.458551,4.212
2026-04-29T02:19:20.479078,71.77,0.1548,74.34,0.1461,1000.0,0.0,4.199,89.5,99,0,60.0,2026-04-29T02:20:20.478688,4.212
2026-04-29T02:19:20.588508,71.79,0.1548,74.33,0.1462,1000.0,0.0,4.199,89.5,99,0,60.0,2026-04-29T02:20:20.556853,4.212
2026-04-29T02:19:20.665493,71.79,0.1548,74.33,0.1463,1000.0,0.0,4.199,89.5,99,0,60.0,2026-04-29T02:20:20.665363,4.212
2026-04-29T02:19:21.498792,71.79,0.1548,74.35,0.1463,1000.0,0.0,4.199,89.5,99,0,60.0,2026-04-29T02:20:21.498636,4.212
2026-04-29T02:19:21.557086,71.79,0.1633,74.34,0.1483,1000.0,0.0,4.199,89.5,99,0,60.0,2026-04-29T02:20:21.556945,4.212
2026-04-29T02:19:21.597273,71.79,0.1633,74.33,0.1504,1000.0,0.0,4.199,89.5,99,0,60.0,2026-04-29T02:20:21.597119,4.212
2026-04-29T02:19:22.600132,71.79,0.1633,74.35,0.1524,1000.0,0.0,4.199,89.5,99,0,60.0,2026-04-29T02:20:22.582338,4.212
2026-04-29T02:19:22.650372,71.79,0.1752,74.34,0.1574,1000.0,0.0,4.199,89.5,99,0,60.0,2026-04-29T02:20:22.650239,4.212
2026-04-29T02:19:22.688341,71.79,0.1752,74.33,0.1599,1000.0,0.0,4.199,89.5,99,0,60.0,2026-04-29T02:20:22.688197,4.212
2026-04-29T02:19:23.602452,71.79,0.1702,74.34,0.1606,1000.0,0.0,4.199,89.5,99,0,60.0,2026-04-29T02:20:23.602278,4.212
2026-04-29T02:19:23.642542,71.79,0.1752,74.34,0.1624,1000.0,0.0,4.199,89.5,99,0,60.0,2026-04-29T02:20:23.642275,4.212
2026-04-29T02:19:23.678195,71.79,0.1752,74.33,0.1631,1000.0,0.0,4.199,89.5,99,0,60.0,2026-04-29T02:20:23.678045,4.212
2026-04-29T02:19:24.660623,71.79,0.1702,74.34,0.1625,1000.0,0.0,4.199,89.5,99,0,60.0,2026-04-29T02:20:24.660473,4.212
2026-04-29T02:19:24.703464,71.79,0.1702,74.33,0.1616,1000.0,0.0,4.199,89.5,99,0,60.0,2026-04-29T02:20:24.703301,4.212
2026-04-29T02:19:25.673229,71.79,0.1702,74.36,0.1609,1000.0,0.0,4.199,89.5,99,0,60.0,2026-04-29T02:20:25.673049,4.212
2026-04-29T02:19:25.713715,71.8,0.1752,74.35,0.1596,1000.0,0.0,4.199,89.5,99,0,60.0,2026-04-29T02:20:25.713582,4.212
2026-04-29T02:19:25.752339,71.8,0.1752,74.34,0.1616,1000.0,0.0,4.199,89.5,99,0,60.0,2026-04-29T02:20:25.752223,4.212
2026-04-29T02:19:26.719231,71.81,0.1752,74.36,0.1631,1000.0,0.0,4.199,89.5,99,0,60.0,2026-04-29T02:20:26.719087,4.212
2026-04-29T02:19:26.757982,71.81,0.1769,74.35,0.1631,1000.0,0.0,4.199,89.5,99,0,60.0,2026-04-29T02:20:26.757859,4.212
2026-04-29T02:19:26.799110,71.81,0.1769,74.35,0.1642,1000.0,0.0,4.199,89.5,99,0,60.0,2026-04-29T02:20:26.798949,4.212
2026-04-29T02:19:27.783927,71.81,0.1769,74.37,0.1653,1000.0,0.0,4.199,89.5,99,0,60.0,2026-04-29T02:20:27.783762,4.212
2026-04-29T02:19:27.830524,71.81,0.1804,74.36,0.167,1000.0,0.0,4.199,89.5,99,0,60.0,2026-04-29T02:20:27.830392,4.212
2026-04-29T02:19:27.869339,71.81,0.1804,74.35,0.1678,1000.0,0.0,4.199,89.5,99,0,60.0,2026-04-29T02:20:27.869180,4.212
2026-04-29T02:19:28.843650,71.82,0.1769,74.37,0.1679,1000.0,0.0,4.199,89.5,99,0,60.0,2026-04-29T02:20:28.843482,4.212
2026-04-29T02:19:28.887039,71.82,0.1804,74.36,0.1687,1000.0,0.0,4.199,89.5,99,0,60.0,2026-04-29T02:20:28.886902,4.212
2026-04-29T02:19:28.923624,71.82,0.1804,74.36,0.1689,1000.0,0.0,4.199,89.5,99,0,60.0,2026-04-29T02:20:28.923510,4.212
2026-04-29T02:19:29.902144,71.82,0.1769,74.37,0.1681,1000.0,0.0,4.199,89.5,99,0,60.0,2026-04-29T02:20:29.901938,4.212
2026-04-29T02:19:29.940247,71.82,0.1769,74.36,0.1674,1000.0,0.0,4.199,89.5,99,0,60.0,2026-04-29T02:20:29.940121,4.212
2026-04-29T02:19:30.922646,71.82,0.1769,74.39,0.1669,1000.0,0.0,4.199,89.5,99,0,60.0,2026-04-29T02:20:30.922462,4.212
2026-04-29T02:19:30.968264,71.83,0.1803,74.38,0.1669,1000.0,0.0,4.199,89.5,99,0,60.0,2026-04-29T02:20:30.968132,4.212
2026-04-29T02:19:31.004423,71.83,0.1803,74.37,0.1678,1000.0,0.0,4.199,89.5,99,0,60.0,2026-04-29T02:20:31.004294,4.212
2026-04-29T02:19:31.981402,71.84,0.1803,74.39,0.1686,1000.0,0.0,4.199,89.5,99,0,60.0,2026-04-29T02:20:31.981187,4.212
2026-04-29T02:19:32.023873,71.84,0.1803,74.38,0.1686,1000.0,0.0,4.199,89.5,99,0,60.0,2026-04-29T02:20:32.023758,4.212
2026-04-29T02:19:32.061310,71.84,0.1803,74.38,0.1688,1000.0,0.0,4.199,89.5,99,0,60.0,2026-04-29T02:20:32.061174,4.212
2026-04-29T02:19:33.024659,71.85,0.1728,74.4,0.168,1000.0,0.0,4.199,89.5,99,0,60.0,2026-04-29T02:20:33.024508,4.212
2026-04-29T02:19:33.067043,71.85,0.1728,74.39,0.1653,1000.0,0.0,4.199,89.5,99,0,60.0,2026-04-29T02:20:33.066914,4.212
2026-04-29T02:19:33.102839,71.85,0.1728,74.39,0.1644,1000.0,0.0,4.199,89.5,99,0,60.0,2026-04-29T02:20:33.102677,4.212
2026-04-29T02:19:34.064619,71.88,0.1693,74.42,0.1625,1000.0,0.0,4.199,89.5,99,0,60.0,2026-04-29T02:20:34.064375,4.212
2026-04-29T02:19:34.104012,71.88,0.171,74.41,0.1619,1000.0,0.0,4.199,89.5,99,0,60.0,2026-04-29T02:20:34.103874,4.212
2026-04-29T02:19:34.143066,71.88,0.171,74.41,0.1616,1000.0,0.0,4.199,89.5,99,0,60.0,2026-04-29T02:20:34.142847,4.212
2026-04-29T02:19:35.143932,71.89,0.1735,74.44,0.1615,1000.0,0.0,4.199,89.5,99,0,60.0,2026-04-29T02:20:35.143770,4.212
2026-04-29T02:19:35.183274,71.89,0.1735,74.43,0.1623,1000.0,0.0,4.199,89.5,99,0,60.0,2026-04-29T02:20:35.183135,4.212
2026-04-29T02:19:36.163893,71.89,0.1735,74.46,0.1626,1000.0,0.0,4.199,89.5,99,0,60.0,2026-04-29T02:20:36.163722,4.212
2026-04-29T02:19:36.210720,71.92,0.1751,74.46,0.1631,1000.0,0.0,4.199,89.5,99,0,60.0,2026-04-29T02:20:36.210580,4.212
2026-04-29T02:19:36.246856,71.92,0.1751,74.46,0.1637,1000.0,0.0,4.199,89.5,99,0,60.0,2026-04-29T02:20:36.246738,4.212
2026-04-29T02:19:37.218539,71.94,0.1751,74.48,0.1642,1000.0,0.0,4.199,89.5,99,0,60.0,2026-04-29T02:20:37.218351,4.212
2026-04-29T02:19:37.263326,71.94,0.1741,74.48,0.1639,1000.0,0.0,4.199,89.5,99,0,60.0,2026-04-29T02:20:37.263202,4.212
2026-04-29T02:19:37.300516,71.94,0.1741,74.48,0.1639,1000.0,0.0,4.199,89.5,99,0,60.0,2026-04-29T02:20:37.300385,4.212
2026-04-29T02:19:38.271754,71.97,0.1718,74.51,0.1635,1000.0,0.0,4.199,89.5,99,0,60.0,2026-04-29T02:20:38.271583,4.212
2026-04-29T02:19:38.313874,71.97,0.1718,74.51,0.1622,1000.0,0.0,4.199,89.5,99,0,60.0,2026-04-29T02:20:38.313741,4.212
2026-04-29T02:19:38.349628,71.97,0.1718,74.51,0.1621,1000.0,0.0,4.199,89.5,99,0,60.0,2026-04-29T02:20:38.349480,4.212
2026-04-29T02:19:39.307015,72.0,0.1651,74.54,0.1602,1000.0,0.0,4.199,89.5,99,0,60.0,2026-04-29T02:20:39.306862,4.212
2026-04-29T02:19:39.352474,72.0,0.1683,74.54,0.1596,1000.0,0.0,4.199,89.5,99,0,60.0,2026-04-29T02:20:39.352359,4.212
2026-04-29T02:19:39.390402,72.0,0.1683,74.54,0.1593,1000.0,0.0,4.199,89.5,99,0,60.0,2026-04-29T02:20:39.390285,4.212
2026-04-29T02:19:40.368705,72.04,0.1683,74.57,0.1575,1000.0,0.0,4.199,89.5,99,0,60.0,2026-04-29T02:20:40.368439,4.212
2026-04-29T02:19:40.404582,72.04,0.1683,74.57,0.1579,1000.0,0.0,4.199,89.5,99,0,60.0,2026-04-29T02:20:40.404488,4.212
2026-04-29T02:19:41.401303,72.04,0.1683,74.61,0.1581,1000.0,0.0,4.199,89.5,99,0,60.0,2026-04-29T02:20:41.401134,4.212
2026-04-29T02:19:41.451685,72.07,0.171,74.61,0.1565,1000.0,0.0,4.199,89.5,99,0,60.0,2026-04-29T02:20:41.451549,4.212
2026-04-29T02:19:41.493327,72.07,0.171,74.61,0.1582,1000.0,0.0,4.199,89.5,99,0,60.0,2026-04-29T02:20:41.493069,4.212
2026-04-29T02:19:42.454666,72.13,0.171,74.64,0.1596,1000.0,0.0,4.199,89.5,99,0,60.0,2026-04-29T02:20:42.454416,4.212
2026-04-29T02:19:42.505165,72.13,0.1828,74.65,0.1635,1000.0,0.0,4.199,89.4,99,0,60.0,2026-04-29T02:20:42.505081,4.212
2026-04-29T02:19:42.571093,72.13,0.1828,74.65,0.1665,1000.0,0.0,4.199,89.4,99,0,60.0,2026-04-29T02:20:42.570879,4.212
2026-04-29T02:19:43.488266,72.17,0.171,74.69,0.1676,1000.0,0.0,4.199,89.4,99,0,60.0,2026-04-29T02:20:43.488185,4.212
2026-04-29T02:19:43.527110,72.17,0.1828,74.69,0.1695,1000.0,0.0,4.199,89.4,99,0,60.0,2026-04-29T02:20:43.526945,4.212
2026-04-29T02:19:43.567612,72.17,0.1828,74.7,0.1702,1000.0,0.0,4.199,89.4,99,0,60.0,2026-04-29T02:20:43.567510,4.212
2026-04-29T02:19:44.598796,72.22,0.1827,74.74,0.171,1000.0,0.0,4.199,89.4,99,0,60.0,2026-04-29T02:20:44.598666,4.212
2026-04-29T02:19:44.685431,72.22,0.1827,74.74,0.1713,1000.0,0.0,4.199,89.4,99,0,60.0,2026-04-29T02:20:44.675952,4.212
2026-04-29T02:19:44.722900,72.22,0.1827,74.75,0.1714,1000.0,0.0,4.199,89.4,99,0,60.0,2026-04-29T02:20:44.722771,4.212
2026-04-29T02:19:45.612699,72.27,0.1737,74.79,0.1685,1000.0,0.0,4.199,89.4,99,0,60.0,2026-04-29T02:20:45.612533,4.212
2026-04-29T02:19:45.652703,72.27,0.1737,74.79,0.1665,1000.0,0.0,4.199,89.4,99,0,60.0,2026-04-29T02:20:45.652573,4.212
2026-04-29T02:19:46.647469,72.27,0.1737,74.83,0.1651,1000.0,0.0,4.199,89.4,99,0,60.0,2026-04-29T02:20:46.647328,4.212
2026-04-29T02:19:46.684737,72.32,0.1727,74.84,0.1638,1000.0,0.0,4.199,89.4,99,0,60.0,2026-04-29T02:20:46.684613,4.212
2026-04-29T02:19:46.721922,72.32,0.1727,74.84,0.1634,1000.0,0.0,4.199,89.4,99,0,60.0,2026-04-29T02:20:46.721677,4.212
2026-04-29T02:19:47.692415,72.35,0.1727,74.88,0.1629,1000.0,0.0,4.199,89.4,99,0,60.0,2026-04-29T02:20:47.692144,4.212
2026-04-29T02:19:47.736626,72.35,0.1701,74.88,0.1611,1000.0,0.0,4.199,89.4,99,0,60.0,2026-04-29T02:20:47.736474,4.212
2026-04-29T02:19:47.773918,72.35,0.1701,74.88,0.1609,1000.0,0.0,4.199,89.4,99,0,60.0,2026-04-29T02:20:47.773798,4.212
2026-04-29T02:19:48.752239,72.39,0.1642,74.91,0.1596,1000.0,0.0,4.199,89.4,99,0,60.0,2026-04-29T02:20:48.751973,4.212
2026-04-29T02:19:48.922986,72.39,0.1809,74.91,0.1635,1000.0,0.0,4.199,89.4,99,0,60.0,2026-04-29T02:20:48.922857,4.212
2026-04-29T02:19:48.958412,72.39,0.1809,74.91,0.1658,1000.0,0.0,4.199,89.4,99,0,60.0,2026-04-29T02:20:48.958300,4.212
2026-04-29T02:19:49.804556,72.42,0.1809,74.94,0.1682,1000.0,0.0,4.199,89.4,99,0,60.0,2026-04-29T02:20:49.804396,4.212
2026-04-29T02:19:49.846641,72.42,0.1938,74.94,0.1738,1000.0,0.0,4.199,89.4,99,0,60.0,2026-04-29T02:20:49.846511,4.212
2026-04-29T02:19:49.884850,72.42,0.1938,74.94,0.1763,1000.0,0.0,4.199,89.4,99,0,60.0,2026-04-29T02:20:49.884742,4.212
2026-04-29T02:19:50.921886,72.45,0.1938,74.98,0.1774,1000.0,0.0,4.199,89.4,99,0,60.0,2026-04-29T02:20:50.921750,4.212
2026-04-29T02:19:50.956641,72.45,0.1938,74.98,0.1791,1000.0,0.0,4.199,89.4,99,0,60.0,2026-04-29T02:20:50.956537,4.212
2026-04-29T02:19:51.877411,72.45,0.1938,75.01,0.1801,1000.0,0.0,4.199,89.4,99,0,60.0,2026-04-29T02:20:51.877249,4.212
2026-04-29T02:19:51.922165,72.47,0.187,75.0,0.1783,1000.0,0.0,4.199,89.4,99,0,60.0,2026-04-29T02:20:51.922004,4.212
2026-04-29T02:19:51.961413,72.47,0.187,75.0,0.1773,1000.0,0.0,4.199,89.4,99,0,60.0,2026-04-29T02:20:51.961245,4.212
2026-04-29T02:19:52.914088,72.53,0.187,75.03,0.1763,1000.0,0.0,4.199,89.4,99,0,60.0,2026-04-29T02:20:52.913947,4.212
2026-04-29T02:19:52.952786,72.53,0.1853,75.04,0.175,1000.0,0.0,4.199,89.4,99,0,60.0,2026-04-29T02:20:52.952626,4.212
2026-04-29T02:19:52.989965,72.53,0.1853,75.05,0.1746,1000.0,0.0,4.199,89.4,99,0,60.0,2026-04-29T02:20:52.989854,4.212
2026-04-29T02:19:54.022280,72.55,0.1836,75.08,0.174,1000.0,0.0,4.199,89.4,99,0,60.0,2026-04-29T02:20:54.022130,4.212
2026-04-29T02:19:54.101826,72.55,0.1853,75.08,0.1741,1000.0,0.0,4.199,89.4,99,0,60.0,2026-04-29T02:20:54.101053,4.212
2026-04-29T02:19:54.150214,72.55,0.1853,75.08,0.1741,1000.0,0.0,4.199,89.4,99,0,60.0,2026-04-29T02:20:54.150062,4.212
2026-04-29T02:19:55.046736,72.59,0.1741,75.11,0.1713,1000.0,0.0,4.199,89.3,99,0,60.0,2026-04-29T02:20:55.046202,4.212
2026-04-29T02:19:55.089511,72.59,0.1803,75.11,0.1705,1000.0,0.0,4.199,89.3,99,0,60.0,2026-04-29T02:20:55.089418,4.212
2026-04-29T02:19:55.137355,72.59,0.1803,75.11,0.1702,1000.0,0.0,4.199,89.3,99,0,60.0,2026-04-29T02:20:55.136764,4.212
2026-04-29T02:19:56.106216,72.63,0.1803,75.14,0.1691,1000.0,0.0,4.199,89.3,99,0,60.0,2026-04-29T02:20:56.106085,4.212
2026-04-29T02:19:56.142816,72.63,0.1803,75.15,0.1693,1000.0,0.0,4.199,89.3,99,0,60.0,2026-04-29T02:20:56.142726,4.212
2026-04-29T02:19:57.130220,72.63,0.1803,75.18,0.1693,1000.0,0.0,4.199,89.3,99,0,60.0,2026-04-29T02:20:57.130049,4.212
2026-04-29T02:19:57.173975,72.64,0.1803,75.17,0.1678,1000.0,0.0,4.199,89.3,99,0,60.0,2026-04-29T02:20:57.173879,4.212
2026-04-29T02:19:57.208583,72.64,0.1803,75.17,0.1684,1000.0,0.0,4.199,89.3,99,0,60.0,2026-04-29T02:20:57.208503,4.212
2026-04-29T02:19:58.161325,72.68,0.1803,75.19,0.1688,1000.0,0.0,4.199,89.3,99,0,60.0,2026-04-29T02:20:58.161172,4.212
2026-04-29T02:19:58.197312,72.68,0.1803,75.2,0.1685,1000.0,0.0,4.199,89.3,99,0,60.0,2026-04-29T02:20:58.197228,4.212
2026-04-29T02:19:58.232093,72.68,0.1803,75.2,0.1688,1000.0,0.0,4.199,89.3,99,0,60.0,2026-04-29T02:20:58.232015,4.212
2026-04-29T02:19:59.229317,72.69,0.1786,75.22,0.1689,1000.0,0.0,4.199,89.3,99,0,60.0,2026-04-29T02:20:59.229207,4.212
2026-04-29T02:19:59.266638,72.69,0.1786,75.22,0.1685,1000.0,0.0,4.199,89.3,99,0,60.0,2026-04-29T02:20:59.266554,4.212
2026-04-29T02:19:59.301073,72.69,0.1786,75.22,0.1683,1000.0,0.0,4.199,89.3,99,0,60.0,2026-04-29T02:20:59.300998,4.212
2026-04-29T02:20:00.285164,72.72,0.1777,75.24,0.1678,1000.0,0.0,4.199,89.3,99,0,60.0,2026-04-29T02:21:00.284966,4.212
2026-04-29T02:20:00.334416,72.72,0.1777,75.24,0.1676,1000.0,0.0,4.199,89.3,99,0,60.0,2026-04-29T02:21:00.334150,4.212
2026-04-29T02:20:00.414027,72.72,0.1777,75.24,0.1675,1000.0,0.0,4.199,89.3,99,0,60.0,2026-04-29T02:21:00.412287,4.212
2026-04-29T02:20:01.318374,72.74,0.176,75.27,0.1663,1000.0,0.0,4.199,89.3,99,0,60.0,2026-04-29T02:21:01.318201,4.212
2026-04-29T02:20:01.360242,72.74,0.176,75.27,0.166,1000.0,0.0,4.199,89.3,99,0,60.0,2026-04-29T02:21:01.359965,4.212
2026-04-29T02:20:02.356691,72.74,0.176,75.3,0.1658,1000.0,0.0,4.199,89.3,99,0,60.0,2026-04-29T02:21:02.356530,4.212
2026-04-29T02:20:02.403218,72.78,0.1881,75.3,0.1675,1000.0,0.0,4.199,89.3,99,0,60.0,2026-04-29T02:21:02.403046,4.212
2026-04-29T02:20:02.440594,72.78,0.1881,75.3,0.1709,1000.0,0.0,4.199,89.3,99,0,60.0,2026-04-29T02:21:02.440468,4.212
2026-04-29T02:20:03.402712,72.81,0.1881,75.33,0.1736,1000.0,0.0,4.199,89.3,99,0,60.0,2026-04-29T02:21:03.402563,4.212
2026-04-29T02:20:03.443770,72.81,0.1881,75.33,0.1751,1000.0,0.0,4.199,89.3,99,0,60.0,2026-04-29T02:21:03.443494,4.212
2026-04-29T02:20:03.480984,72.81,0.1881,75.33,0.1756,1000.0,0.0,4.199,89.3,99,0,60.0,2026-04-29T02:21:03.480847,4.212
2026-04-29T02:20:04.470290,72.87,0.1836,75.37,0.1754,1000.0,0.0,4.199,89.3,99,0,60.0,2026-04-29T02:21:04.469958,4.212
2026-04-29T02:20:04.515542,72.87,0.1929,75.38,0.1773,1000.0,0.0,4.199,89.3,99,0,60.0,2026-04-29T02:21:04.515412,4.212
2026-04-29T02:20:04.552380,72.87,0.1929,75.39,0.1785,1000.0,0.0,4.199,89.3,99,0,60.0,2026-04-29T02:21:04.552258,4.212
2026-04-29T02:20:05.527725,72.9,0.1946,75.42,0.1789,1000.0,0.0,4.199,89.3,99,0,60.0,2026-04-29T02:21:05.527588,4.212
2026-04-29T02:20:05.567068,72.9,0.1946,75.42,0.1804,1000.0,0.0,4.199,89.3,99,0,60.0,2026-04-29T02:21:05.566988,4.212
