timestamp,T_actual,P_actual_gauge,T_predicted,P_predicted,Q_watts,flow_lpm,water_L,eta_instant,health_score,anomaly_flag,prediction_horizon_s,prediction_target_timestamp,L_predicted
2026-04-30T22:58:23.495344,94.16,0.4033,94.16,0.4033,0.0,0.0,0,0.0,100,0,60.0,2026-04-30T22:59:23.494708,4.349
2026-04-30T22:58:23.555456,94.16,0.4033,94.16,0.3493,0.0,0.0,0,0.0,100,0,60.0,2026-04-30T22:59:23.555297,4.199
2026-04-30T22:58:24.519776,94.16,0.4033,94.16,0.3771,0.0,0.0,4.199,0.0,100,0,60.0,2026-04-30T22:59:24.519617,4.199
2026-04-30T22:58:24.577540,94.17,0.4033,94.17,0.3918,0.0,0.0,4.199,0.0,100,0,60.0,2026-04-30T22:59:24.577404,4.199
2026-04-30T22:58:24.633368,94.17,0.4033,94.17,0.3963,0.0,0.0,4.199,0.0,100,0,60.0,2026-04-30T22:59:24.633258,4.199
2026-04-30T22:58:25.565405,94.16,0.4033,94.17,0.3998,0.0,0.0,4.199,0.0,100,0,60.0,2026-04-30T22:59:25.565260,4.199
2026-04-30T22:58:25.625678,94.16,0.4018,94.16,0.4005,0.0,0.0,4.199,0.0,100,0,60.0,2026-04-30T22:59:25.625530,4.199
2026-04-30T22:58:25.682688,94.16,0.4018,94.16,0.401,0.0,0.0,4.199,0.0,100,0,60.0,2026-04-30T22:59:25.682522,4.199
2026-04-30T22:58:26.629693,94.16,0.4,94.16,0.4012,0.0,0.0,4.199,0.0,100,0,60.0,2026-04-30T22:59:26.629499,4.199
2026-04-30T22:58:26.690837,94.16,0.405,94.16,0.4027,0.0,0.0,4.199,0.0,100,0,60.0,2026-04-30T22:59:26.690589,4.199
2026-04-30T22:58:26.761712,94.16,0.405,94.16,0.4035,0.0,0.0,4.199,0.0,100,0,60.0,2026-04-30T22:59:26.761469,4.199
2026-04-30T22:58:27.854314,94.16,0.4042,94.16,0.4038,0.0,0.0,4.199,0.0,100,0,60.0,2026-04-30T22:59:27.853901,4.199
2026-04-30T22:58:28.026242,94.16,0.4042,94.16,0.404,0.0,0.0,4.199,0.0,100,0,60.0,2026-04-30T22:59:28.025945,4.199
2026-04-30T22:58:28.160855,94.16,0.4042,94.16,0.4041,0.0,0.0,4.199,0.0,100,0,60.0,2026-04-30T22:59:28.160201,4.199
2026-04-30T22:58:28.739119,94.15,0.4042,94.16,0.4002,0.0,0.0,4.199,0.0,100,0,60.0,2026-04-30T22:59:28.738922,4.199
2026-04-30T22:58:28.809019,94.15,0.4042,94.15,0.4018,0.0,0.0,4.199,0.0,100,0,60.0,2026-04-30T22:59:28.808811,4.199
2026-04-30T22:58:29.747314,94.15,0.4042,94.15,0.4028,0.0,0.0,4.199,0.0,100,0,60.0,2026-04-30T22:59:29.747121,4.199
2026-04-30T22:58:29.807019,94.14,0.4084,94.15,0.403,0.0,0.0,4.199,0.0,100,0,60.0,2026-04-30T22:59:29.806868,4.199
2026-04-30T22:58:29.866486,94.14,0.4084,94.14,0.405,0.0,0.0,4.199,0.0,100,0,60.0,2026-04-30T22:59:29.866276,4.199
2026-04-30T22:58:30.808952,94.14,0.4084,94.14,0.4067,0.0,0.0,4.199,0.0,100,0,60.0,2026-04-30T22:59:30.808717,4.199
2026-04-30T22:58:30.867264,94.14,0.4075,94.14,0.4071,0.0,0.0,4.199,0.0,100,0,60.0,2026-04-30T22:59:30.867114,4.199
2026-04-30T22:58:30.923671,94.14,0.4075,94.14,0.4073,0.0,0.0,4.199,0.0,100,0,60.0,2026-04-30T22:59:30.923512,4.199
2026-04-30T22:58:31.864827,94.14,0.4009,94.14,0.4064,0.0,0.0,4.199,0.0,100,0,60.0,2026-04-30T22:59:31.864654,4.199
2026-04-30T22:58:31.924876,94.14,0.4025,94.14,0.4044,0.0,0.0,4.199,0.0,100,0,60.0,2026-04-30T22:59:31.924714,4.199
2026-04-30T22:58:31.983636,94.14,0.4025,94.14,0.4037,0.0,0.0,4.199,0.0,100,0,60.0,2026-04-30T22:59:31.983475,4.199
2026-04-30T22:58:32.920674,94.13,0.4025,94.14,0.4028,0.0,0.0,4.199,0.0,100,0,60.0,2026-04-30T22:59:32.920482,4.199
2026-04-30T22:58:32.978288,94.13,0.4025,94.13,0.4027,0.0,0.0,4.199,0.0,100,0,60.0,2026-04-30T22:59:32.978117,4.199
2026-04-30T22:58:33.037844,94.13,0.4025,94.13,0.4026,0.0,0.0,4.199,0.0,100,0,60.0,2026-04-30T22:59:33.037678,4.199
2026-04-30T22:58:33.974781,94.13,0.4023,94.13,0.4025,0.0,0.0,4.199,0.0,100,0,60.0,2026-04-30T22:59:33.974618,4.199
2026-04-30T22:58:34.033212,94.13,0.4023,94.13,0.4024,0.0,0.0,4.199,0.0,100,0,60.0,2026-04-30T22:59:34.033020,4.199
2026-04-30T22:58:34.880800,94.13,0.4023,96.67,0.4962,1000.0,0.0,4.199,76.8,100,0,60.0,2026-04-30T22:59:34.880513,4.217
2026-04-30T22:58:35.011040,94.13,0.3973,96.66,0.4933,1000.0,0.0,4.199,76.8,100,0,60.0,2026-04-30T22:59:35.010892,4.217
2026-04-30T22:58:35.068618,94.13,0.3973,96.65,0.4921,1000.0,0.0,4.199,76.8,100,0,60.0,2026-04-30T22:59:35.068457,4.217
2026-04-30T22:58:36.029854,94.13,0.3973,96.68,0.4924,1000.0,0.0,4.199,76.8,100,0,60.0,2026-04-30T22:59:36.029691,4.217
2026-04-30T22:58:36.090809,94.12,0.4018,96.65,0.4906,1000.0,0.0,4.199,76.8,100,0,60.0,2026-04-30T22:59:36.090658,4.217
2026-04-30T22:58:36.150378,94.12,0.4018,96.65,0.4922,1000.0,0.0,4.199,76.8,100,0,60.0,2026-04-30T22:59:36.150176,4.217
2026-04-30T22:58:37.096414,94.11,0.4018,96.66,0.4944,1000.0,0.0,4.199,76.8,100,0,60.0,2026-04-30T22:59:37.096234,4.217
2026-04-30T22:58:37.156204,94.11,0.4018,96.64,0.4945,1000.0,0.0,4.199,76.8,100,0,60.0,2026-04-30T22:59:37.156037,4.217
2026-04-30T22:58:37.273175,94.11,0.4018,96.64,0.4947,1000.0,0.0,4.199,76.8,100,0,60.0,2026-04-30T22:59:37.260451,4.217
2026-04-30T22:58:38.150821,94.1,0.4018,96.65,0.4955,1000.0,0.0,4.199,76.8,100,0,60.0,2026-04-30T22:59:38.150511,4.217
2026-04-30T22:58:38.209277,94.1,0.4018,96.63,0.494,1000.0,0.0,4.199,76.8,100,0,60.0,2026-04-30T22:59:38.209086,4.217
2026-04-30T22:58:38.269249,94.1,0.4018,96.63,0.4943,1000.0,0.0,4.199,76.8,100,0,60.0,2026-04-30T22:59:38.269081,4.217
2026-04-30T22:58:39.207671,94.1,0.3898,96.64,0.4918,1000.0,0.0,4.199,76.8,100,0,60.0,2026-04-30T22:59:39.207529,4.217
2026-04-30T22:58:39.353677,94.1,0.3991,96.63,0.492,1000.0,0.0,4.199,76.8,100,0,60.0,2026-04-30T22:59:39.353516,4.217
2026-04-30T22:58:39.411686,94.1,0.3991,96.62,0.4921,1000.0,0.0,4.199,76.8,100,0,60.0,2026-04-30T22:59:39.411517,4.217
2026-04-30T22:58:40.258086,94.09,0.4077,96.63,0.4936,1000.0,0.0,4.199,76.8,100,0,60.0,2026-04-30T22:59:40.257924,4.217
2026-04-30T22:58:40.317524,94.09,0.4077,96.62,0.4964,1000.0,0.0,4.199,76.8,100,0,60.0,2026-04-30T22:59:40.317237,4.217
2026-04-30T22:58:41.307435,94.09,0.4077,96.64,0.4994,1000.0,0.0,4.199,76.8,100,0,60.0,2026-04-30T22:59:41.307261,4.217
2026-04-30T22:58:41.367662,94.08,0.4059,96.62,0.4954,1000.0,0.0,4.199,76.8,100,0,60.0,2026-04-30T22:59:41.367486,4.217
2026-04-30T22:58:41.426107,94.08,0.4059,96.61,0.4967,1000.0,0.0,4.199,76.8,100,0,60.0,2026-04-30T22:59:41.425913,4.217
2026-04-30T22:58:42.328326,94.07,0.4059,96.62,0.4986,1000.0,0.0,4.199,76.8,100,0,60.0,2026-04-30T22:59:42.328141,4.217
2026-04-30T22:58:42.392039,94.07,0.3807,96.6,0.4856,1000.0,0.0,4.199,76.8,100,0,60.0,2026-04-30T22:59:42.391904,4.217
2026-04-30T22:58:42.476637,94.07,0.3807,96.6,0.4811,1000.0,0.0,4.199,76.8,100,0,60.0,2026-04-30T22:59:42.476420,4.217
2026-04-30T22:58:43.380466,94.07,0.3807,96.61,0.4775,1000.0,0.0,4.199,76.8,100,0,60.0,2026-04-30T22:59:43.380227,4.217
2026-04-30T22:58:43.445627,94.07,0.3946,96.6,0.4808,1000.0,0.0,4.199,76.8,100,0,60.0,2026-04-30T22:59:43.445452,4.217
2026-04-30T22:58:43.518282,94.07,0.3946,96.59,0.4832,1000.0,0.0,4.199,76.8,100,0,60.0,2026-04-30T22:59:43.518125,4.217
2026-04-30T22:58:44.439861,94.05,0.3946,96.6,0.4844,1000.0,0.0,4.199,76.8,100,0,60.0,2026-04-30T22:59:44.439675,4.217
2026-04-30T22:58:44.500657,94.05,0.3974,96.58,0.4868,1000.0,0.0,4.199,76.8,100,0,60.0,2026-04-30T22:59:44.500483,4.217
2026-04-30T22:58:44.560776,94.05,0.3974,96.58,0.4879,1000.0,0.0,4.199,76.8,100,0,60.0,2026-04-30T22:59:44.560637,4.217
2026-04-30T22:58:45.485890,94.03,0.3999,96.57,0.49,1000.0,0.0,4.199,76.8,100,0,60.0,2026-04-30T22:59:45.485706,4.217
2026-04-30T22:58:45.545337,94.03,0.3999,96.56,0.4911,1000.0,0.0,4.199,76.8,100,0,60.0,2026-04-30T22:59:45.545176,4.217
2026-04-30T22:58:46.508418,94.03,0.3999,96.58,0.4929,1000.0,0.0,4.199,76.8,100,0,60.0,2026-04-30T22:59:46.508262,4.217
2026-04-30T22:58:46.572108,94.02,0.4025,96.56,0.4925,1000.0,0.0,4.199,76.8,100,0,60.0,2026-04-30T22:59:46.571933,4.217
2026-04-30T22:58:46.631235,94.02,0.4025,96.55,0.4936,1000.0,0.0,4.199,76.8,100,0,60.0,2026-04-30T22:59:46.631085,4.217
2026-04-30T22:58:47.563953,94.01,0.4025,96.56,0.4953,1000.0,0.0,4.199,76.8,100,0,60.0,2026-04-30T22:59:47.563788,4.217
2026-04-30T22:58:47.624346,94.01,0.4025,96.54,0.4939,1000.0,0.0,4.199,76.8,100,0,60.0,2026-04-30T22:59:47.624185,4.217
2026-04-30T22:58:47.682559,94.01,0.4025,96.54,0.4944,1000.0,0.0,4.199,76.8,100,0,60.0,2026-04-30T22:59:47.682359,4.217
2026-04-30T22:58:48.618970,94.0,0.3949,96.55,0.4943,1000.0,0.0,4.199,76.8,100,0,60.0,2026-04-30T22:59:48.618799,4.217
2026-04-30T22:58:48.676908,94.0,0.3949,96.53,0.4912,1000.0,0.0,4.199,76.8,100,0,60.0,2026-04-30T22:59:48.676752,4.217
2026-04-30T22:58:48.757399,94.0,0.3949,96.52,0.4899,1000.0,0.0,4.199,76.8,100,0,60.0,2026-04-30T22:59:48.757222,4.217
2026-04-30T22:58:49.835756,94.0,0.3933,96.54,0.4887,1000.0,0.0,4.199,76.8,100,0,60.0,2026-04-30T22:59:49.835566,4.217
2026-04-30T22:58:50.211013,94.0,0.3991,96.53,0.4905,1000.0,0.0,4.199,76.8,100,0,60.0,2026-04-30T22:59:50.203980,4.217
2026-04-30T22:58:50.342490,94.0,0.3991,96.53,0.4913,1000.0,0.0,4.199,76.8,100,0,60.0,2026-04-30T22:59:50.342183,4.217
2026-04-30T22:58:50.733933,93.98,0.3991,96.52,0.4906,1000.0,0.0,4.199,76.8,100,0,60.0,2026-04-30T22:59:50.733652,4.217
2026-04-30T22:58:50.817347,93.98,0.3991,96.51,0.4911,1000.0,0.0,4.199,76.8,100,0,60.0,2026-04-30T22:59:50.817007,4.217
2026-04-30T22:58:51.758230,93.98,0.3991,96.53,0.4924,1000.0,0.0,4.199,76.8,100,0,60.0,2026-04-30T22:59:51.757745,4.217
2026-04-30T22:58:51.843235,93.98,0.3991,96.51,0.4909,1000.0,0.0,4.199,76.8,100,0,60.0,2026-04-30T22:59:51.843035,4.217
2026-04-30T22:58:51.929825,93.98,0.3991,96.5,0.4913,1000.0,0.0,4.199,76.8,100,0,60.0,2026-04-30T22:59:51.929564,4.217
2026-04-30T22:58:52.797698,93.97,0.3991,96.52,0.4924,1000.0,0.0,4.199,76.8,100,0,60.0,2026-04-30T22:59:52.797329,4.217
2026-04-30T22:58:52.857524,93.97,0.4118,96.5,0.4958,1000.0,0.0,4.199,76.8,100,0,60.0,2026-04-30T22:59:52.857364,4.217
2026-04-30T22:58:52.917405,93.97,0.4118,96.49,0.4989,1000.0,0.0,4.199,76.8,100,0,60.0,2026-04-30T22:59:52.917140,4.217
2026-04-30T22:58:53.867751,93.97,0.3991,96.51,0.5007,1000.0,0.0,4.199,76.8,98,0,60.0,2026-04-30T22:59:53.867460,4.217
2026-04-30T22:58:53.968458,93.97,0.421,96.5,0.506,1000.0,0.0,4.199,76.8,98,0,60.0,2026-04-30T22:59:53.968085,4.217
2026-04-30T22:58:54.102907,93.97,0.421,96.49,0.509,1000.0,0.0,4.199,76.8,98,0,60.0,2026-04-30T22:59:54.102510,4.217
2026-04-30T22:58:54.914278,93.95,0.421,96.49,0.5124,1000.0,0.0,4.199,76.8,98,0,60.0,2026-04-30T22:59:54.914106,4.217
2026-04-30T22:58:54.995585,93.95,0.421,96.48,0.513,1000.0,0.0,4.199,76.8,98,0,60.0,2026-04-30T22:59:54.995348,4.217
2026-04-30T22:58:55.108607,93.95,0.421,96.48,0.5134,1000.0,0.0,4.199,76.8,98,0,60.0,2026-04-30T22:59:55.108190,4.217
2026-04-30T22:58:55.964067,93.93,0.4278,96.48,0.5141,1000.0,0.0,4.199,76.8,98,0,60.0,2026-04-30T22:59:55.963869,4.217
2026-04-30T22:58:56.027391,93.93,0.4278,96.47,0.5168,1000.0,0.0,4.199,76.8,98,0,60.0,2026-04-30T22:59:56.027246,4.217
2026-04-30T22:58:56.987503,93.93,0.4278,96.49,0.5195,1000.0,0.0,4.199,76.8,98,0,60.0,2026-04-30T22:59:56.987301,4.217
2026-04-30T22:58:57.057437,93.93,0.4278,96.47,0.5185,1000.0,0.0,4.199,76.8,98,0,60.0,2026-04-30T22:59:57.057270,4.217
2026-04-30T22:58:57.127577,93.93,0.4278,96.46,0.5194,1000.0,0.0,4.199,76.8,98,0,60.0,2026-04-30T22:59:57.127379,4.217
2026-04-30T22:58:58.035661,93.93,0.4278,96.48,0.5208,1000.0,0.0,4.199,76.8,98,0,60.0,2026-04-30T22:59:58.035475,4.217
2026-04-30T22:58:58.107217,93.93,0.427,96.47,0.5196,1000.0,0.0,4.199,76.8,98,0,60.0,2026-04-30T22:59:58.107048,4.217
2026-04-30T22:58:58.167593,93.93,0.427,96.46,0.5198,1000.0,0.0,4.199,76.8,98,0,60.0,2026-04-30T22:59:58.167345,4.217
2026-04-30T22:58:59.097058,93.93,0.427,96.47,0.5205,1000.0,0.0,4.199,76.8,98,0,60.0,2026-04-30T22:59:59.096739,4.217
2026-04-30T22:58:59.165271,93.93,0.427,96.46,0.5197,1000.0,0.0,4.199,76.8,98,0,60.0,2026-04-30T22:59:59.165077,4.217
2026-04-30T22:58:59.302604,93.93,0.427,96.46,0.5198,1000.0,0.0,4.199,76.8,98,0,60.0,2026-04-30T22:59:59.285210,4.217
2026-04-30T22:59:00.144056,93.92,0.4219,96.47,0.519,1000.0,0.0,4.199,76.8,98,0,60.0,2026-04-30T23:00:00.143855,4.217
2026-04-30T22:59:00.204107,93.92,0.4351,96.46,0.5228,1000.0,0.0,4.199,76.8,98,0,60.0,2026-04-30T23:00:00.203945,4.217
2026-04-30T22:59:00.263311,93.92,0.4351,96.45,0.5246,1000.0,0.0,4.199,76.8,98,0,60.0,2026-04-30T23:00:00.263148,4.217
2026-04-30T22:59:01.203034,93.92,0.4351,96.46,0.5271,1000.0,0.0,4.199,76.8,98,0,60.0,2026-04-30T23:00:01.202702,4.217
2026-04-30T22:59:01.504061,93.92,0.4351,96.46,0.5278,1000.0,0.0,4.199,76.8,98,0,60.0,2026-04-30T23:00:01.503423,4.217
2026-04-30T22:59:02.217762,93.92,0.4351,96.47,0.5287,1000.0,0.0,4.199,76.8,98,0,60.0,2026-04-30T23:00:02.217565,4.217
2026-04-30T22:59:02.277865,93.92,0.4302,96.46,0.525,1000.0,0.0,4.199,76.8,98,0,60.0,2026-04-30T23:00:02.277690,4.217
2026-04-30T22:59:02.343889,93.92,0.4302,96.45,0.5243,1000.0,0.0,4.199,76.8,98,0,60.0,2026-04-30T23:00:02.343700,4.217
2026-04-30T22:59:03.355299,93.92,0.4302,96.47,0.5245,1000.0,0.0,4.199,76.8,98,0,60.0,2026-04-30T23:00:03.354998,4.217
2026-04-30T22:59:03.512833,93.92,0.4369,96.46,0.5234,1000.0,0.0,4.199,76.8,98,0,60.0,2026-04-30T23:00:03.512559,4.217
2026-04-30T22:59:03.752674,93.92,0.4369,96.45,0.5264,1000.0,0.0,4.199,76.8,98,0,60.0,2026-04-30T23:00:03.752364,4.217
2026-04-30T22:59:04.331450,93.93,0.4369,96.46,0.5288,1000.0,0.0,4.199,76.8,98,0,60.0,2026-04-30T23:00:04.331080,4.217
2026-04-30T22:59:04.415003,93.93,0.4369,96.46,0.5293,1000.0,0.0,4.199,76.8,98,0,60.0,2026-04-30T23:00:04.414663,4.217
2026-04-30T22:59:04.515614,93.93,0.4369,96.46,0.5296,1000.0,0.0,4.199,76.8,98,0,60.0,2026-04-30T23:00:04.515304,4.217
2026-04-30T22:59:05.378257,93.93,0.4303,96.47,0.5291,1000.0,0.0,4.199,76.8,98,0,60.0,2026-04-30T23:00:05.378075,4.217
2026-04-30T22:59:05.444779,93.93,0.4351,96.46,0.5287,1000.0,0.0,4.199,76.8,98,0,60.0,2026-04-30T23:00:05.444608,4.217
2026-04-30T22:59:05.527892,93.93,0.4351,96.46,0.5285,1000.0,0.0,4.199,76.8,98,0,60.0,2026-04-30T23:00:05.527665,4.217
2026-04-30T22:59:06.447160,93.93,0.421,96.47,0.5246,1000.0,0.0,4.199,76.8,98,0,60.0,2026-04-30T23:00:06.446845,4.217
2026-04-30T22:59:06.530391,93.93,0.421,96.46,0.5202,1000.0,0.0,4.199,76.8,98,0,60.0,2026-04-30T23:00:06.530133,4.217
2026-04-30T22:59:07.445953,93.93,0.421,96.49,0.5183,1000.0,0.0,4.199,76.8,99,0,60.0,2026-04-30T23:00:07.445756,4.217
2026-04-30T22:59:07.519620,93.95,0.421,96.47,0.5152,1000.0,0.0,4.199,76.8,99,0,60.0,2026-04-30T23:00:07.519068,4.217
2026-04-30T22:59:07.612297,93.95,0.421,96.47,0.5147,1000.0,0.0,4.199,76.8,99,0,60.0,2026-04-30T23:00:07.612047,4.217
2026-04-30T22:59:08.505574,93.95,0.421,96.49,0.515,1000.0,0.0,4.199,76.8,99,0,60.0,2026-04-30T23:00:08.505406,4.217
2026-04-30T22:59:08.565895,93.95,0.4221,96.47,0.5137,1000.0,0.0,4.199,76.8,99,0,60.0,2026-04-30T23:00:08.565720,4.217
2026-04-30T22:59:08.626696,93.95,0.4221,96.47,0.5141,1000.0,0.0,4.199,76.8,99,0,60.0,2026-04-30T23:00:08.626531,4.217
2026-04-30T22:59:09.576553,93.96,0.4143,96.49,0.514,1000.0,0.0,4.199,76.8,98,0,60.0,2026-04-30T23:00:09.576377,4.217
2026-04-30T22:59:09.672665,93.96,0.427,96.48,0.5157,1000.0,0.0,4.199,76.8,98,0,60.0,2026-04-30T23:00:09.672423,4.217
2026-04-30T22:59:09.779081,93.96,0.427,96.48,0.5173,1000.0,0.0,4.199,76.8,98,0,60.0,2026-04-30T23:00:09.773869,4.217
2026-04-30T22:59:10.620356,93.97,0.427,96.49,0.5193,1000.0,0.0,4.199,76.8,98,0,60.0,2026-04-30T23:00:10.620158,4.217
2026-04-30T22:59:10.688880,93.97,0.4279,96.49,0.52,1000.0,0.0,4.199,76.8,98,0,60.0,2026-04-30T23:00:10.688688,4.217
2026-04-30T22:59:10.787943,93.97,0.4279,96.49,0.5204,1000.0,0.0,4.199,76.8,98,0,60.0,2026-04-30T23:00:10.787649,4.217
2026-04-30T22:59:11.688586,93.98,0.4279,96.5,0.521,1000.0,0.0,4.199,76.8,98,0,60.0,2026-04-30T23:00:11.688383,4.217
2026-04-30T22:59:11.766866,93.98,0.4279,96.5,0.521,1000.0,0.0,4.199,76.8,98,0,60.0,2026-04-30T23:00:11.766622,4.217
2026-04-30T22:59:12.707780,93.98,0.4279,96.52,0.5219,1000.0,0.0,4.199,76.8,98,0,60.0,2026-04-30T23:00:12.707334,4.217
2026-04-30T22:59:12.919820,93.98,0.4278,96.51,0.5213,1000.0,0.0,4.199,76.8,98,0,60.0,2026-04-30T23:00:12.919567,4.217
2026-04-30T22:59:13.113295,93.98,0.4278,96.5,0.5212,1000.0,0.0,4.199,76.8,98,0,60.0,2026-04-30T23:00:13.112988,4.217
2026-04-30T22:59:13.810256,94.0,0.4278,96.52,0.5216,1000.0,0.0,4.199,76.8,98,0,60.0,2026-04-30T23:00:13.809944,4.217
2026-04-30T22:59:14.025982,94.0,0.4261,96.52,0.5196,1000.0,0.0,4.199,76.8,98,0,60.0,2026-04-30T23:00:14.025602,4.217
2026-04-30T22:59:14.838091,94.0,0.4261,96.52,0.5197,1000.0,0.0,4.199,76.8,98,0,60.0,2026-04-30T23:00:14.837736,4.217
2026-04-30T22:59:15.432833,94.02,0.4221,96.54,0.5193,1000.0,0.0,4.199,76.8,98,0,60.0,2026-04-30T23:00:15.430954,4.217
2026-04-30T22:59:15.759105,94.02,0.4328,96.54,0.5228,1000.0,0.0,4.199,76.8,98,0,60.0,2026-04-30T23:00:15.746148,4.217
2026-04-30T22:59:15.967322,94.02,0.4328,96.54,0.5244,1000.0,0.0,4.199,76.8,98,0,60.0,2026-04-30T23:00:15.966861,4.217
2026-04-30T22:59:16.220788,94.03,0.4328,96.55,0.5253,1000.0,0.0,4.199,76.8,98,0,60.0,2026-04-30T23:00:16.220359,4.217
2026-04-30T22:59:16.586980,94.03,0.4328,96.55,0.5258,1000.0,0.0,4.199,76.8,98,0,60.0,2026-04-30T23:00:16.586410,4.217
2026-04-30T22:59:16.775823,94.03,0.4328,96.55,0.526,1000.0,0.0,4.199,76.8,98,0,60.0,2026-04-30T23:00:16.775238,4.217
2026-04-30T22:59:17.077192,94.05,0.4303,96.56,0.5252,1000.0,0.0,4.199,76.8,98,0,60.0,2026-04-30T23:00:17.076373,4.217
2026-04-30T22:59:17.875268,94.05,0.4303,96.57,0.5247,1000.0,0.0,4.199,76.8,98,0,60.0,2026-04-30T23:00:17.860961,4.217
2026-04-30T22:59:18.214246,94.05,0.4303,96.58,0.5244,1000.0,0.0,4.199,76.8,98,0,60.0,2026-04-30T23:00:18.213775,4.217
2026-04-30T22:59:18.460287,94.08,0.4351,96.59,0.5249,1000.0,0.0,4.199,76.8,98,0,60.0,2026-04-30T23:00:18.460074,4.217
2026-04-30T22:59:18.656373,94.08,0.4351,96.6,0.5267,1000.0,0.0,4.199,76.8,98,0,60.0,2026-04-30T23:00:18.655743,4.217
2026-04-30T22:59:19.030997,94.1,0.4351,96.61,0.5278,1000.0,0.0,4.199,76.8,98,0,60.0,2026-04-30T23:00:19.030654,4.217
2026-04-30T22:59:19.247116,94.1,0.4351,96.61,0.5282,1000.0,0.0,4.199,76.8,98,0,60.0,2026-04-30T23:00:19.246244,4.217
2026-04-30T22:59:19.720837,94.1,0.4351,96.62,0.5285,1000.0,0.0,4.199,76.8,98,0,60.0,2026-04-30T23:00:19.554993,4.217
2026-04-30T22:59:20.077487,94.12,0.432,96.63,0.5284,1000.0,0.0,4.199,76.8,98,0,60.0,2026-04-30T23:00:20.077021,4.217
2026-04-30T22:59:20.271915,94.12,0.432,96.64,0.5271,1000.0,0.0,4.199,76.8,98,0,60.0,2026-04-30T23:00:20.271445,4.217
2026-04-30T22:59:20.676559,94.12,0.432,96.64,0.5265,1000.0,0.0,4.199,76.8,98,0,60.0,2026-04-30T23:00:20.676189,4.217
2026-04-30T22:59:21.203904,94.15,0.432,96.66,0.5263,1000.0,0.0,4.199,76.8,98,0,60.0,2026-04-30T23:00:21.203548,4.217
2026-04-30T22:59:21.740521,94.15,0.4423,96.67,0.5316,1000.0,0.0,4.199,76.8,98,0,60.0,2026-04-30T23:00:21.729004,4.217
2026-04-30T22:59:21.940785,94.15,0.4423,96.67,0.534,1000.0,0.0,4.199,76.8,98,0,60.0,2026-04-30T23:00:21.940447,4.217
2026-04-30T22:59:22.144025,94.19,0.4446,96.69,0.5352,1000.0,0.0,4.199,76.8,98,0,60.0,2026-04-30T23:00:22.143849,4.217
2026-04-30T22:59:22.214830,94.19,0.4446,96.69,0.5362,1000.0,0.0,4.199,76.8,98,0,60.0,2026-04-30T23:00:22.214627,4.217
2026-04-30T22:59:23.262728,94.19,0.4446,96.73,0.5382,1000.0,0.0,4.199,76.8,98,0,60.0,2026-04-30T23:00:23.262433,4.217
2026-04-30T22:59:23.729930,94.22,0.4446,96.74,0.5371,1000.0,0.0,4.199,76.7,98,0,60.0,2026-04-30T23:00:23.720966,4.217
2026-04-30T22:59:23.946553,94.22,0.4446,96.74,0.5379,1000.0,0.0,4.199,76.7,98,0,60.0,2026-04-30T23:00:23.946291,4.217
2026-04-30T22:59:24.254487,94.25,0.4446,96.75,0.5383,1000.0,0.0,4.199,76.7,98,0,60.0,2026-04-30T23:00:24.254124,4.217
2026-04-30T22:59:24.510929,94.25,0.4345,96.76,0.5339,1000.0,0.0,4.199,76.7,98,0,60.0,2026-04-30T23:00:24.510612,4.217
2026-04-30T22:59:24.720213,94.25,0.4345,96.77,0.5316,1000.0,0.0,4.199,76.7,98,0,60.0,2026-04-30T23:00:24.719890,4.217
2026-04-30T22:59:25.527659,94.29,0.4338,96.79,0.5302,1000.0,0.0,4.199,76.7,98,0,60.0,2026-04-30T23:00:25.520430,4.217
2026-04-30T22:59:25.712907,94.29,0.4428,96.81,0.5329,1000.0,0.0,4.199,76.7,98,0,60.0,2026-04-30T23:00:25.712459,4.217
2026-04-30T22:59:25.875365,94.29,0.4428,96.81,0.5345,1000.0,0.0,4.199,76.7,98,0,60.0,2026-04-30T23:00:25.875085,4.217
2026-04-30T22:59:26.426986,94.34,0.4362,96.84,0.5342,1000.0,0.0,4.199,76.7,98,0,60.0,2026-04-30T23:00:26.426667,4.217
2026-04-30T22:59:26.804181,94.34,0.4428,96.85,0.5354,1000.0,0.0,4.199,76.7,98,0,60.0,2026-04-30T23:00:26.803725,4.217
2026-04-30T22:59:26.996589,94.34,0.4428,96.86,0.5362,1000.0,0.0,4.199,76.7,98,0,60.0,2026-04-30T23:00:26.996301,4.217
2026-04-30T22:59:27.974294,94.38,0.4362,96.9,0.5346,1000.0,0.0,4.199,76.7,99,0,60.0,2026-04-30T23:00:27.973220,4.217
2026-04-30T22:59:28.195369,94.38,0.4362,96.9,0.5324,1000.0,0.0,4.199,76.7,99,0,60.0,2026-04-30T23:00:28.195071,4.217
2026-04-30T22:59:28.561144,94.38,0.4362,96.91,0.5316,1000.0,0.0,4.199,76.7,99,0,60.0,2026-04-30T23:00:28.560696,4.217
2026-04-30T22:59:28.716701,94.44,0.4497,96.93,0.5328,1000.0,0.0,4.199,76.7,99,0,60.0,2026-04-30T23:00:28.716276,4.217
2026-04-30T22:59:28.946887,94.44,0.4497,96.94,0.5373,1000.0,0.0,4.199,76.7,99,0,60.0,2026-04-30T23:00:28.946410,4.217
2026-04-30T22:59:29.495619,94.48,0.4497,96.97,0.5411,1000.0,0.0,4.199,76.7,99,0,60.0,2026-04-30T23:00:29.495316,4.217
2026-04-30T22:59:29.649757,94.48,0.4497,96.98,0.5404,1000.0,0.0,4.199,76.7,99,0,60.0,2026-04-30T23:00:29.649479,4.217
2026-04-30T22:59:29.811531,94.48,0.4497,96.99,0.542,1000.0,0.0,4.199,76.7,99,0,60.0,2026-04-30T23:00:29.811263,4.217
2026-04-30T22:59:30.568788,94.52,0.4455,97.02,0.5431,1000.0,0.0,4.199,76.6,99,0,60.0,2026-04-30T23:00:30.566976,4.217
2026-04-30T22:59:30.750730,94.52,0.4455,97.03,0.5416,1000.0,0.0,4.199,76.6,99,0,60.0,2026-04-30T23:00:30.750249,4.217
2026-04-30T22:59:30.968699,94.52,0.4455,97.03,0.541,1000.0,0.0,4.199,76.6,99,0,60.0,2026-04-30T23:00:30.967983,4.217
2026-04-30T22:59:31.608633,94.55,0.4414,97.06,0.5398,1000.0,0.0,4.199,76.6,99,0,60.0,2026-04-30T23:00:31.608112,4.217
2026-04-30T22:59:31.854622,94.55,0.448,97.06,0.5411,1000.0,0.0,4.199,76.6,99,0,60.0,2026-04-30T23:00:31.854299,4.217
2026-04-30T22:59:32.031500,94.55,0.448,97.07,0.5419,1000.0,0.0,4.199,76.6,99,0,60.0,2026-04-30T23:00:32.031223,4.217
2026-04-30T22:59:32.801595,94.58,0.448,97.09,0.542,1000.0,0.0,4.199,76.6,99,0,60.0,2026-04-30T23:00:32.799776,4.217
2026-04-30T22:59:32.975437,94.58,0.448,97.1,0.5423,1000.0,0.0,4.199,76.6,99,0,60.0,2026-04-30T23:00:32.974899,4.217
2026-04-30T22:59:33.655315,94.58,0.448,97.11,0.5432,1000.0,0.0,4.199,76.6,99,0,60.0,2026-04-30T23:00:33.654990,4.217
2026-04-30T22:59:33.823472,94.61,0.4463,97.11,0.5424,1000.0,0.0,4.199,76.6,99,0,60.0,2026-04-30T23:00:33.822994,4.217
2026-04-30T22:59:33.946203,94.61,0.4463,97.11,0.5419,1000.0,0.0,4.199,76.6,99,0,60.0,2026-04-30T23:00:33.945914,4.217
2026-04-30T22:59:34.770903,94.65,0.4463,97.14,0.5421,1000.0,0.0,4.199,76.6,99,0,60.0,2026-04-30T23:00:34.770673,4.217
2026-04-30T22:59:34.943001,94.65,0.4438,97.15,0.5396,1000.0,0.0,4.199,76.6,99,0,60.0,2026-04-30T23:00:34.942738,4.217
2026-04-30T22:59:35.187291,94.65,0.4438,97.16,0.5393,1000.0,0.0,4.199,76.6,99,0,60.0,2026-04-30T23:00:35.186691,4.217
2026-04-30T22:59:35.791107,94.68,0.4405,97.18,0.5389,1000.0,0.0,4.199,76.6,99,0,60.0,2026-04-30T23:00:35.790706,4.217
2026-04-30T22:59:35.929707,94.68,0.4531,97.18,0.5422,1000.0,0.0,4.199,76.6,99,0,60.0,2026-04-30T23:00:35.929477,4.217
2026-04-30T22:59:36.068701,94.68,0.4531,97.19,0.5446,1000.0,0.0,4.199,76.6,99,0,60.0,2026-04-30T23:00:36.068450,4.217
2026-04-30T22:59:36.892250,94.72,0.4563,97.22,0.5475,1000.0,0.0,4.199,76.6,99,0,60.0,2026-04-30T23:00:36.891497,4.217
2026-04-30T22:59:37.090536,94.72,0.4563,97.22,0.5493,1000.0,0.0,4.199,76.6,99,0,60.0,2026-04-30T23:00:37.088853,4.217
2026-04-30T22:59:37.417436,94.72,0.4563,97.23,0.5503,1000.0,0.0,4.199,76.6,99,0,60.0,2026-04-30T23:00:37.409879,4.217
2026-04-30T22:59:38.029729,94.74,0.4548,97.25,0.5476,1000.0,0.0,4.199,76.6,99,0,60.0,2026-04-30T23:00:38.029260,4.217
2026-04-30T22:59:38.178561,94.74,0.4548,97.25,0.5486,1000.0,0.0,4.199,76.6,99,0,60.0,2026-04-30T23:00:38.178254,4.217
2026-04-30T22:59:38.910185,94.74,0.4548,97.27,0.55,1000.0,0.0,4.199,76.6,99,0,60.0,2026-04-30T23:00:38.909905,4.217
2026-04-30T22:59:39.064041,94.77,0.4598,97.28,0.5497,1000.0,0.0,4.199,76.6,99,0,60.0,2026-04-30T23:00:39.063668,4.217
2026-04-30T22:59:39.270770,94.77,0.4598,97.28,0.5519,1000.0,0.0,4.199,76.6,99,0,60.0,2026-04-30T23:00:39.268522,4.217
2026-04-30T22:59:39.926904,94.8,0.4598,97.3,0.5542,1000.0,0.0,4.199,76.6,99,0,60.0,2026-04-30T23:00:39.926673,4.217
2026-04-30T22:59:39.996833,94.8,0.4598,97.3,0.5545,1000.0,0.0,4.199,76.6,99,0,60.0,2026-04-30T23:00:39.996672,4.217
2026-04-30T22:59:40.085919,94.8,0.4598,97.31,0.5547,1000.0,0.0,4.199,76.6,99,0,60.0,2026-04-30T23:00:40.085586,4.217
2026-04-30T22:59:40.979005,94.83,0.4531,97.34,0.5545,1000.0,0.0,4.199,76.5,99,0,60.0,2026-04-30T23:00:40.978826,4.217
2026-04-30T22:59:41.061435,94.83,0.4531,97.34,0.5516,1000.0,0.0,4.199,76.5,99,0,60.0,2026-04-30T23:00:41.061223,4.217
2026-04-30T22:59:41.211864,94.83,0.4531,97.34,0.5504,1000.0,0.0,4.199,76.5,99,0,60.0,2026-04-30T23:00:41.211434,4.217
2026-04-30T22:59:42.036834,94.88,0.4523,97.37,0.5495,1000.0,0.0,4.199,76.5,99,0,60.0,2026-04-30T23:00:42.036643,4.217
2026-04-30T22:59:42.108569,94.88,0.4549,97.37,0.5498,1000.0,0.0,4.199,76.5,99,0,60.0,2026-04-30T23:00:42.108399,4.217
2026-04-30T22:59:42.179475,94.88,0.4549,97.38,0.55,1000.0,0.0,4.199,76.5,99,0,60.0,2026-04-30T23:00:42.179296,4.217
2026-04-30T22:59:43.361321,94.9,0.4615,97.41,0.5516,1000.0,0.0,4.199,76.5,99,0,60.0,2026-04-30T23:00:43.350517,4.217
2026-04-30T22:59:43.714830,94.9,0.4615,97.41,0.5547,1000.0,0.0,4.199,76.5,99,0,60.0,2026-04-30T23:00:43.694183,4.217
2026-04-30T22:59:44.104148,94.9,0.4615,97.42,0.5563,1000.0,0.0,4.199,76.5,98,0,60.0,2026-04-30T23:00:44.103976,4.217
2026-04-30T22:59:44.194338,94.93,0.4615,97.42,0.5555,1000.0,0.0,4.199,76.5,98,0,60.0,2026-04-30T23:00:44.194062,4.217
2026-04-30T22:59:44.544576,94.93,0.4615,97.43,0.5562,1000.0,0.0,4.199,76.5,98,0,60.0,2026-04-30T23:00:44.543734,4.217
2026-04-30T22:59:45.166441,94.97,0.4615,97.46,0.5573,1000.0,0.0,4.199,76.5,98,0,60.0,2026-04-30T23:00:45.166192,4.217
2026-04-30T22:59:45.333849,94.97,0.4667,97.46,0.5578,1000.0,0.0,4.199,76.5,98,0,60.0,2026-04-30T23:00:45.314819,4.217
2026-04-30T22:59:45.604371,94.97,0.4667,97.47,0.5601,1000.0,0.0,4.199,76.5,98,0,60.0,2026-04-30T23:00:45.603859,4.217
2026-04-30T22:59:46.203947,95.0,0.4667,97.49,0.5617,1000.0,0.0,4.199,76.5,98,0,60.0,2026-04-30T23:00:46.203785,4.217
2026-04-30T22:59:46.263762,95.0,0.4676,97.5,0.5622,1000.0,0.0,4.199,76.5,98,0,60.0,2026-04-30T23:00:46.263602,4.217
2026-04-30T22:59:46.324963,95.0,0.4676,97.5,0.5625,1000.0,0.0,4.199,76.5,98,0,60.0,2026-04-30T23:00:46.324814,4.217
2026-04-30T22:59:47.596421,95.06,0.4632,97.55,0.563,1000.0,0.0,4.199,76.5,98,0,60.0,2026-04-30T23:00:47.574998,4.217
2026-04-30T22:59:47.886925,95.06,0.4676,97.56,0.5634,1000.0,0.0,4.199,76.5,98,0,60.0,2026-04-30T23:00:47.886564,4.217
2026-04-30T22:59:48.012462,95.06,0.4676,97.57,0.5635,1000.0,0.0,4.199,76.5,98,0,60.0,2026-04-30T23:00:48.012259,4.217
2026-04-30T22:59:48.325623,95.1,0.4624,97.59,0.5622,1000.0,0.0,4.199,76.5,98,0,60.0,2026-04-30T23:00:48.325433,4.217
2026-04-30T22:59:48.405022,95.1,0.4624,97.59,0.5608,1000.0,0.0,4.199,76.5,98,0,60.0,2026-04-30T23:00:48.404790,4.217
2026-04-30T22:59:49.500491,95.1,0.4624,97.63,0.5608,1000.0,0.0,4.199,76.5,98,0,60.0,2026-04-30T23:00:49.475893,4.217
2026-04-30T22:59:49.678477,95.14,0.4624,97.64,0.5572,1000.0,0.0,4.199,76.4,99,0,60.0,2026-04-30T23:00:49.678289,4.217
2026-04-30T22:59:49.829627,95.14,0.4624,97.65,0.5577,1000.0,0.0,4.199,76.4,99,0,60.0,2026-04-30T23:00:49.829273,4.217
2026-04-30T22:59:50.390718,95.18,0.4624,97.67,0.5586,1000.0,0.0,4.199,76.4,99,0,60.0,2026-04-30T23:00:50.390534,4.217
2026-04-30T22:59:50.483278,95.18,0.4648,97.68,0.5585,1000.0,0.0,4.199,76.4,99,0,60.0,2026-04-30T23:00:50.482976,4.217
2026-04-30T22:59:50.704511,95.18,0.4648,97.68,0.5595,1000.0,0.0,4.199,76.4,99,0,60.0,2026-04-30T23:00:50.704154,4.217
2026-04-30T22:59:51.504236,95.22,0.4641,97.71,0.5608,1000.0,0.0,4.199,76.4,99,0,60.0,2026-04-30T23:00:51.503818,4.217
2026-04-30T22:59:51.636356,95.22,0.4658,97.72,0.5612,1000.0,0.0,4.199,76.4,99,0,60.0,2026-04-30T23:00:51.636013,4.217
2026-04-30T22:59:51.744778,95.22,0.4658,97.73,0.5616,1000.0,0.0,4.199,76.4,99,0,60.0,2026-04-30T23:00:51.744449,4.217
2026-04-30T22:59:52.499817,95.27,0.4573,97.76,0.5612,1000.0,0.0,4.199,76.4,99,0,60.0,2026-04-30T23:00:52.499606,4.217
2026-04-30T22:59:52.558344,95.27,0.4658,97.77,0.5615,1000.0,0.0,4.199,76.4,99,0,60.0,2026-04-30T23:00:52.558200,4.217
2026-04-30T22:59:52.624108,95.27,0.4658,97.77,0.5617,1000.0,0.0,4.199,76.4,99,0,60.0,2026-04-30T23:00:52.623940,4.217
2026-04-30T22:59:53.708591,95.31,0.4649,97.81,0.5603,1000.0,0.0,4.199,76.4,99,0,60.0,2026-04-30T23:00:53.707799,4.217
2026-04-30T22:59:54.163841,95.31,0.4649,97.82,0.561,1000.0,0.0,4.199,76.4,99,0,60.0,2026-04-30T23:00:54.154281,4.217
2026-04-30T22:59:54.710108,95.31,0.4649,97.84,0.5617,1000.0,0.0,4.199,76.4,99,0,60.0,2026-04-30T23:00:54.707216,4.217
2026-04-30T22:59:55.262373,95.36,0.4649,97.86,0.562,1000.0,0.0,4.199,76.4,99,0,60.0,2026-04-30T23:00:55.262088,4.217
2026-04-30T22:59:55.578967,95.36,0.4649,97.87,0.5619,1000.0,0.0,4.199,76.4,99,0,60.0,2026-04-30T23:00:55.572781,4.217
2026-04-30T22:59:55.732843,95.4,0.4649,97.87,0.5618,1000.0,0.0,4.199,76.4,99,0,60.0,2026-04-30T23:00:55.732414,4.217
2026-04-30T22:59:55.858261,95.4,0.459,97.88,0.5592,1000.0,0.0,4.199,76.4,99,0,60.0,2026-04-30T23:00:55.857750,4.217
2026-04-30T22:59:56.005751,95.4,0.459,97.89,0.558,1000.0,0.0,4.199,76.4,99,0,60.0,2026-04-30T23:00:56.005379,4.217
2026-04-30T22:59:56.699521,95.45,0.4572,97.93,0.5571,1000.0,0.0,4.199,76.4,99,0,60.0,2026-04-30T23:00:56.699230,4.217
2026-04-30T22:59:56.857630,95.45,0.4632,97.94,0.558,1000.0,0.0,4.199,76.3,99,0,60.0,2026-04-30T23:00:56.857206,4.217
2026-04-30T22:59:57.054557,95.45,0.4632,97.95,0.5588,1000.0,0.0,4.199,76.3,99,0,60.0,2026-04-30T23:00:57.054336,4.217
2026-04-30T22:59:57.764363,95.49,0.4632,97.98,0.56,1000.0,0.0,4.199,76.3,99,0,60.0,2026-04-30T23:00:57.763982,4.217
2026-04-30T22:59:57.862896,95.49,0.4752,97.99,0.5653,1000.0,0.0,4.199,76.3,99,0,60.0,2026-04-30T23:00:57.862664,4.217
2026-04-30T22:59:57.963198,95.49,0.4752,97.99,0.5677,1000.0,0.0,4.199,76.3,99,0,60.0,2026-04-30T23:00:57.962942,4.217
2026-04-30T22:59:58.792029,95.54,0.4801,98.03,0.5714,1000.0,0.0,4.199,76.3,99,0,60.0,2026-04-30T23:00:58.791842,4.217
2026-04-30T22:59:58.874813,95.54,0.4801,98.03,0.5738,1000.0,0.0,4.199,76.3,99,0,60.0,2026-04-30T23:00:58.874620,4.217
2026-04-30T22:59:59.825843,95.54,0.4801,98.07,0.5764,1000.0,0.0,4.199,76.3,99,0,60.0,2026-04-30T23:00:59.825490,4.217
2026-04-30T22:59:59.944675,95.58,0.4801,98.08,0.5752,1000.0,0.0,4.199,76.3,99,0,60.0,2026-04-30T23:00:59.944348,4.217
2026-04-30T23:00:00.130901,95.58,0.4801,98.08,0.5761,1000.0,0.0,4.199,76.3,99,0,60.0,2026-04-30T23:01:00.130513,4.217
2026-04-30T23:00:00.977191,95.62,0.4801,98.11,0.5775,1000.0,0.0,4.199,76.3,99,0,60.0,2026-04-30T23:01:00.976875,4.217
2026-04-30T23:00:01.232819,95.62,0.4774,98.12,0.5746,1000.0,0.0,4.199,76.3,99,0,60.0,2026-04-30T23:01:01.229525,4.217
2026-04-30T23:00:01.602220,95.62,0.4774,98.13,0.5749,1000.0,0.0,4.199,76.3,99,0,60.0,2026-04-30T23:01:01.591161,4.217
2026-04-30T23:00:01.939711,95.65,0.4774,98.14,0.5751,1000.0,0.0,4.199,76.3,99,0,60.0,2026-04-30T23:01:01.939385,4.217
2026-04-30T23:00:02.045975,95.65,0.4774,98.15,0.5747,1000.0,0.0,4.199,76.3,99,0,60.0,2026-04-30T23:01:02.045746,4.217
2026-04-30T23:00:02.153434,95.65,0.4774,98.15,0.5748,1000.0,0.0,4.199,76.3,99,0,60.0,2026-04-30T23:01:02.153059,4.217
2026-04-30T23:00:02.977755,95.68,0.475,98.17,0.5747,1000.0,0.0,4.199,76.3,99,0,60.0,2026-04-30T23:01:02.977579,4.217
2026-04-30T23:00:03.046829,95.68,0.4885,98.17,0.5795,1000.0,0.0,4.199,76.3,99,0,60.0,2026-04-30T23:01:03.046652,4.217
2026-04-30T23:00:03.122894,95.68,0.4885,98.18,0.5817,1000.0,0.0,4.199,76.3,99,0,60.0,2026-04-30T23:01:03.122695,4.217
2026-04-30T23:00:04.078437,95.71,0.4885,98.21,0.5848,1000.0,0.0,4.199,76.2,99,0,60.0,2026-04-30T23:01:04.078113,4.217
2026-04-30T23:00:04.374572,95.71,0.4885,98.21,0.5856,1000.0,0.0,4.199,76.2,99,0,60.0,2026-04-30T23:01:04.374058,4.217
2026-04-30T23:00:05.043426,95.71,0.4885,98.23,0.5867,1000.0,0.0,4.199,76.2,99,0,60.0,2026-04-30T23:01:05.043233,4.217
2026-04-30T23:00:05.117168,95.75,0.4885,98.24,0.586,1000.0,0.0,4.199,76.2,99,0,60.0,2026-04-30T23:01:05.116985,4.217
2026-04-30T23:00:05.207847,95.75,0.4885,98.24,0.5861,1000.0,0.0,4.199,76.2,99,0,60.0,2026-04-30T23:01:05.206972,4.217
2026-04-30T23:00:06.095152,95.78,0.4885,98.27,0.587,1000.0,0.0,4.199,76.2,99,0,60.0,2026-04-30T23:01:06.095005,4.217
2026-04-30T23:00:06.157692,95.78,0.4885,98.28,0.5864,1000.0,0.0,4.199,76.2,99,0,60.0,2026-04-30T23:01:06.157519,4.217
2026-04-30T23:00:06.228250,95.78,0.4885,98.28,0.5864,1000.0,0.0,4.199,76.2,99,0,60.0,2026-04-30T23:01:06.228082,4.217
2026-04-30T23:00:07.155302,95.83,0.4828,98.31,0.5861,1000.0,0.0,4.199,76.2,99,0,60.0,2026-04-30T23:01:07.155118,4.217
2026-04-30T23:00:07.258777,95.83,0.4887,98.31,0.5857,1000.0,0.0,4.199,76.2,99,0,60.0,2026-04-30T23:01:07.251182,4.217
2026-04-30T23:00:07.636188,95.83,0.4887,98.32,0.5864,1000.0,0.0,4.199,76.2,99,0,60.0,2026-04-30T23:01:07.635866,4.217
2026-04-30T23:00:08.207648,95.87,0.4852,98.35,0.5856,1000.0,0.0,4.199,76.2,99,0,60.0,2026-04-30T23:01:08.207480,4.217
2026-04-30T23:00:08.270384,95.87,0.4887,98.35,0.586,1000.0,0.0,4.199,76.2,99,0,60.0,2026-04-30T23:01:08.270194,4.217
2026-04-30T23:00:08.342623,95.87,0.4887,98.36,0.5863,1000.0,0.0,4.199,76.2,99,0,60.0,2026-04-30T23:01:08.342438,4.217
2026-04-30T23:00:09.552001,95.92,0.4852,98.4,0.5856,1000.0,0.0,4.199,76.2,99,0,60.0,2026-04-30T23:01:09.551543,4.217
2026-04-30T23:00:09.966278,95.92,0.4852,98.42,0.5847,1000.0,0.0,4.199,76.2,99,0,60.0,2026-04-30T23:01:09.965752,4.217
2026-04-30T23:00:10.289888,95.92,0.4852,98.42,0.5843,1000.0,0.0,4.199,76.2,99,0,60.0,2026-04-30T23:01:10.289669,4.217
2026-04-30T23:00:10.392146,95.99,0.4774,98.45,0.5815,1000.0,0.0,4.199,76.2,99,0,60.0,2026-04-30T23:01:10.391896,4.217
2026-04-30T23:00:10.534192,95.99,0.4774,98.46,0.5793,1000.0,0.0,4.199,76.2,99,0,60.0,2026-04-30T23:01:10.531893,4.217
2026-04-30T23:00:11.522033,96.01,0.4774,98.5,0.5783,1000.0,0.0,4.199,76.1,99,0,60.0,2026-04-30T23:01:11.521632,4.217
2026-04-30T23:00:11.661438,96.01,0.4767,98.5,0.5761,1000.0,0.0,4.199,76.1,99,0,60.0,2026-04-30T23:01:11.661200,4.217
2026-04-30T23:00:11.796924,96.01,0.4767,98.51,0.5756,1000.0,0.0,4.199,76.1,99,0,60.0,2026-04-30T23:01:11.796220,4.217
2026-04-30T23:00:12.410958,96.08,0.4767,98.54,0.5758,1000.0,0.0,4.199,76.1,99,0,60.0,2026-04-30T23:01:12.410702,4.217
2026-04-30T23:00:12.514421,96.08,0.4767,98.55,0.5754,1000.0,0.0,4.199,76.1,99,0,60.0,2026-04-30T23:01:12.514043,4.217
2026-04-30T23:00:12.654848,96.08,0.4767,98.56,0.5753,1000.0,0.0,4.199,76.1,99,0,60.0,2026-04-30T23:01:12.654263,4.217
2026-04-30T23:00:13.467449,96.15,0.4707,98.61,0.5741,1000.0,0.0,4.199,76.1,99,0,60.0,2026-04-30T23:01:13.467203,4.217
2026-04-30T23:00:13.571504,96.15,0.4878,98.63,0.5795,1000.0,0.0,4.199,76.1,99,0,60.0,2026-04-30T23:01:13.571258,4.217
2026-04-30T23:00:13.677514,96.15,0.4878,98.64,0.5821,1000.0,0.0,4.199,76.1,99,0,60.0,2026-04-30T23:01:13.677117,4.217
2026-04-30T23:00:14.613919,96.2,0.4928,98.68,0.5838,1000.0,0.0,4.199,76.1,99,0,60.0,2026-04-30T23:01:14.612984,4.217
2026-04-30T23:00:14.845959,96.2,0.4928,98.69,0.5874,1000.0,0.0,4.199,76.1,99,0,60.0,2026-04-30T23:01:14.845458,4.217
2026-04-30T23:00:15.508400,96.2,0.4928,98.72,0.5903,1000.0,0.0,4.199,76.1,99,0,60.0,2026-04-30T23:01:15.508112,4.217
2026-04-30T23:00:15.576426,96.25,0.4928,98.73,0.5904,1000.0,0.0,4.199,76.1,99,0,60.0,2026-04-30T23:01:15.576251,4.217
2026-04-30T23:00:15.659855,96.25,0.4928,98.74,0.5909,1000.0,0.0,4.199,76.1,99,0,60.0,2026-04-30T23:01:15.659629,4.217
2026-04-30T23:00:16.565443,96.32,0.4928,98.78,0.5921,1000.0,0.0,4.199,76.0,99,0,60.0,2026-04-30T23:01:16.565265,4.217
2026-04-30T23:00:16.626177,96.32,0.49,98.79,0.5899,1000.0,0.0,4.199,76.0,99,0,60.0,2026-04-30T23:01:16.626024,4.217
2026-04-30T23:00:16.686034,96.32,0.49,98.8,0.5895,1000.0,0.0,4.199,76.0,99,0,60.0,2026-04-30T23:01:16.685879,4.217
2026-04-30T23:00:17.627056,96.37,0.4835,98.84,0.5889,1000.0,0.0,4.199,76.0,99,0,60.0,2026-04-30T23:01:17.626846,4.217
2026-04-30T23:00:17.695901,96.37,0.4877,98.85,0.5875,1000.0,0.0,4.199,76.0,99,0,60.0,2026-04-30T23:01:17.695730,4.217
2026-04-30T23:00:17.765903,96.37,0.4877,98.85,0.5872,1000.0,0.0,4.199,76.0,99,0,60.0,2026-04-30T23:01:17.765696,4.217
2026-04-30T23:00:18.673984,96.43,0.4877,98.9,0.5876,1000.0,0.0,4.199,76.0,99,0,60.0,2026-04-30T23:01:18.673816,4.217
2026-04-30T23:00:18.732377,96.43,0.4896,98.91,0.5881,1000.0,0.0,4.199,76.0,99,0,60.0,2026-04-30T23:01:18.732171,4.217
2026-04-30T23:00:18.791967,96.43,0.4896,98.91,0.5884,1000.0,0.0,4.199,76.0,99,0,60.0,2026-04-30T23:01:18.791803,4.217
2026-04-30T23:00:19.726663,96.47,0.4896,98.95,0.5884,1000.0,0.0,4.199,76.0,99,0,60.0,2026-04-30T23:01:19.726484,4.217
2026-04-30T23:00:19.787926,96.47,0.4896,98.96,0.5886,1000.0,0.0,4.199,76.0,99,0,60.0,2026-04-30T23:01:19.787721,4.217
2026-04-30T23:00:20.754709,96.47,0.4896,98.99,0.5899,1000.0,0.0,4.199,76.0,99,0,60.0,2026-04-30T23:01:20.754490,4.217
2026-04-30T23:00:20.816114,96.51,0.4986,99.0,0.5898,1000.0,0.0,4.199,76.0,99,0,60.0,2026-04-30T23:01:20.815900,4.217
2026-04-30T23:00:20.877211,96.51,0.4986,99.0,0.593,1000.0,0.0,4.199,76.0,99,0,60.0,2026-04-30T23:01:20.877043,4.217
2026-04-30T23:00:21.805370,96.55,0.4986,99.03,0.5964,1000.0,0.0,4.199,76.0,99,0,60.0,2026-04-30T23:01:21.805176,4.217
2026-04-30T23:00:21.866090,96.55,0.4986,99.04,0.5972,1000.0,0.0,4.199,76.0,99,0,60.0,2026-04-30T23:01:21.865920,4.217
2026-04-30T23:00:21.926976,96.55,0.4986,99.04,0.5975,1000.0,0.0,4.199,76.0,99,0,60.0,2026-04-30T23:01:21.926806,4.217
2026-04-30T23:00:22.856009,96.58,0.4936,99.07,0.5978,1000.0,0.0,4.199,76.0,99,0,60.0,2026-04-30T23:01:22.855825,4.217
2026-04-30T23:00:22.916604,96.58,0.4936,99.07,0.5946,1000.0,0.0,4.199,76.0,99,0,60.0,2026-04-30T23:01:22.916392,4.217
2026-04-30T23:00:22.977410,96.58,0.4936,99.08,0.5942,1000.0,0.0,4.199,76.0,99,0,60.0,2026-04-30T23:01:22.977235,4.217
2026-04-30T23:00:23.913166,96.61,0.4818,99.1,0.5909,1000.0,0.0,4.199,75.9,99,0,60.0,2026-04-30T23:01:23.913001,4.217
2026-04-30T23:00:23.974337,96.61,0.4954,99.11,0.5928,1000.0,0.0,4.199,75.9,99,0,60.0,2026-04-30T23:01:23.974179,4.217
2026-04-30T23:00:24.035909,96.61,0.4954,99.11,0.5936,1000.0,0.0,4.199,75.9,99,0,60.0,2026-04-30T23:01:24.035730,4.217
2026-04-30T23:00:24.967070,96.63,0.5036,99.13,0.5966,1000.0,0.0,4.199,75.9,99,0,60.0,2026-04-30T23:01:24.966892,4.217
2026-04-30T23:00:25.027327,96.63,0.5036,99.13,0.5993,1000.0,0.0,4.199,75.9,99,0,60.0,2026-04-30T23:01:25.027146,4.217
2026-04-30T23:00:25.986134,96.63,0.5036,99.16,0.6023,1000.0,0.0,4.199,75.9,99,0,60.0,2026-04-30T23:01:25.985952,4.217
2026-04-30T23:00:26.046985,96.65,0.5037,99.15,0.6019,1000.0,0.0,4.199,75.9,99,0,60.0,2026-04-30T23:01:26.046826,4.217
2026-04-30T23:00:26.108589,96.65,0.5037,99.15,0.6026,1000.0,0.0,4.199,75.9,99,0,60.0,2026-04-30T23:01:26.108438,4.217
2026-04-30T23:00:27.039967,96.65,0.5037,99.17,0.604,1000.0,0.0,4.199,75.9,99,0,60.0,2026-04-30T23:01:27.039788,4.217
2026-04-30T23:00:27.101365,96.65,0.5044,99.16,0.604,1000.0,0.0,4.199,75.9,99,0,60.0,2026-04-30T23:01:27.101161,4.217
2026-04-30T23:00:27.161924,96.65,0.5044,99.16,0.6041,1000.0,0.0,4.199,75.9,99,0,60.0,2026-04-30T23:01:27.161753,4.217
2026-04-30T23:00:28.094529,96.66,0.5044,99.18,0.6049,1000.0,0.0,4.199,75.9,99,0,60.0,2026-04-30T23:01:28.094336,4.217
2026-04-30T23:00:28.155912,96.66,0.5096,99.17,0.6066,1000.0,0.0,4.199,75.9,99,0,60.0,2026-04-30T23:01:28.155758,4.217
2026-04-30T23:00:28.216117,96.66,0.5096,99.16,0.6076,1000.0,0.0,4.199,75.9,99,0,60.0,2026-04-30T23:01:28.215856,4.217
2026-04-30T23:00:29.148679,96.67,0.5054,99.18,0.6081,1000.0,0.0,4.199,75.9,99,0,60.0,2026-04-30T23:01:29.148462,4.217
2026-04-30T23:00:29.242606,96.67,0.5096,99.18,0.6087,1000.0,0.0,4.199,75.9,99,0,60.0,2026-04-30T23:01:29.224332,4.217
2026-04-30T23:00:29.357089,96.67,0.5096,99.18,0.6092,1000.0,0.0,4.199,75.9,99,0,60.0,2026-04-30T23:01:29.356935,4.217
2026-04-30T23:00:30.206655,96.7,0.5054,99.2,0.6084,1000.0,0.0,4.199,75.9,99,0,60.0,2026-04-30T23:01:30.206492,4.217
2026-04-30T23:00:30.266526,96.7,0.5054,99.2,0.6072,1000.0,0.0,4.199,75.9,99,0,60.0,2026-04-30T23:01:30.266328,4.217
2026-04-30T23:00:31.235512,96.7,0.5054,99.23,0.6076,1000.0,0.0,4.199,75.9,99,0,60.0,2026-04-30T23:01:31.210536,4.217
2026-04-30T23:00:31.360886,96.72,0.5096,99.22,0.6061,1000.0,0.0,4.199,75.9,99,0,60.0,2026-04-30T23:01:31.360721,4.217
2026-04-30T23:00:31.420524,96.72,0.5096,99.22,0.6075,1000.0,0.0,4.199,75.9,99,0,60.0,2026-04-30T23:01:31.420353,4.217
2026-04-30T23:00:32.274110,96.75,0.5096,99.24,0.6095,1000.0,0.0,4.199,75.9,99,0,60.0,2026-04-30T23:01:32.273930,4.217
2026-04-30T23:00:32.338487,96.75,0.5155,99.23,0.6103,1000.0,0.0,4.199,75.9,99,0,60.0,2026-04-30T23:01:32.338297,4.217
2026-04-30T23:00:32.400519,96.75,0.5155,99.23,0.6123,1000.0,0.0,4.199,75.9,99,0,60.0,2026-04-30T23:01:32.400335,4.217
2026-04-30T23:00:33.355148,96.78,0.5155,99.26,0.615,1000.0,0.0,4.199,75.9,99,0,60.0,2026-04-30T23:01:33.354948,4.217
2026-04-30T23:00:33.414847,96.78,0.5155,99.26,0.6154,1000.0,0.0,4.199,75.9,99,0,60.0,2026-04-30T23:01:33.414672,4.217
2026-04-30T23:00:33.475149,96.78,0.5155,99.26,0.6155,1000.0,0.0,4.199,75.9,99,0,60.0,2026-04-30T23:01:33.474979,4.217
2026-04-30T23:00:34.385562,96.81,0.513,99.29,0.6157,1000.0,0.0,4.199,75.9,99,0,60.0,2026-04-30T23:01:34.385367,4.217
2026-04-30T23:00:34.449353,96.81,0.5139,99.29,0.615,1000.0,0.0,4.199,75.9,99,0,60.0,2026-04-30T23:01:34.449124,4.217
2026-04-30T23:00:34.510119,96.81,0.5139,99.29,0.6148,1000.0,0.0,4.199,75.9,99,0,60.0,2026-04-30T23:01:34.509960,4.217
2026-04-30T23:00:35.429939,96.84,0.513,99.32,0.6147,1000.0,0.0,4.199,75.9,99,0,60.0,2026-04-30T23:01:35.429684,4.217
2026-04-30T23:00:35.489521,96.84,0.513,99.32,0.6142,1000.0,0.0,4.199,75.9,99,0,60.0,2026-04-30T23:01:35.489363,4.217
2026-04-30T23:00:35.550533,96.84,0.513,96.84,0.5137,0.0,0.0,4.199,75.9,99,0,60.0,2026-04-30T23:01:35.550375,4.199
2026-04-30T23:00:36.490565,96.89,0.5166,96.86,0.5133,0.0,0.0,4.199,75.9,99,0,60.0,2026-04-30T23:01:36.490387,4.199
2026-04-30T23:00:36.550909,96.89,0.5166,96.87,0.5146,0.0,0.0,4.199,75.9,99,0,60.0,2026-04-30T23:01:36.550711,4.199
2026-04-30T23:00:37.505012,96.89,0.5166,96.88,0.5155,0.0,0.0,4.199,75.9,99,0,60.0,2026-04-30T23:01:37.504827,4.199
2026-04-30T23:00:37.565878,96.93,0.5206,96.9,0.5164,0.0,0.0,4.199,75.9,99,0,60.0,2026-04-30T23:01:37.565700,4.199
2026-04-30T23:00:37.625658,96.93,0.5206,96.91,0.518,0.0,0.0,4.199,75.9,99,0,60.0,2026-04-30T23:01:37.625490,4.199
2026-04-30T23:00:38.560630,96.98,0.5206,96.93,0.5193,0.0,0.0,4.199,75.9,99,0,60.0,2026-04-30T23:01:38.560430,4.199
2026-04-30T23:00:38.620276,96.98,0.5225,96.95,0.5201,0.0,0.0,4.199,75.9,99,0,60.0,2026-04-30T23:01:38.620130,4.199
2026-04-30T23:00:38.679739,96.98,0.5225,96.96,0.521,0.0,0.0,4.199,75.9,99,0,60.0,2026-04-30T23:01:38.679554,4.199
2026-04-30T23:00:39.612443,97.03,0.5225,96.99,0.5218,0.0,0.0,4.199,75.9,99,0,60.0,2026-04-30T23:01:39.612276,4.199
2026-04-30T23:00:39.671035,97.03,0.5248,97.01,0.523,0.0,0.0,4.199,75.9,99,0,60.0,2026-04-30T23:01:39.670904,4.199
2026-04-30T23:00:39.732635,97.03,0.5248,97.01,0.5236,0.0,0.0,4.199,75.9,99,0,60.0,2026-04-30T23:01:39.732436,4.199
2026-04-30T23:00:40.666902,97.07,0.5248,97.04,0.524,0.0,0.0,4.199,75.9,99,0,60.0,2026-04-30T23:01:40.666727,4.199
2026-04-30T23:00:40.725049,97.07,0.5248,97.05,0.5243,0.0,0.0,4.199,75.9,99,0,60.0,2026-04-30T23:01:40.724893,4.199
2026-04-30T23:00:40.783268,97.07,0.5248,97.06,0.5245,0.0,0.0,4.199,75.9,99,0,60.0,2026-04-30T23:01:40.783094,4.199
2026-04-30T23:00:41.723932,97.12,0.5238,97.09,0.5231,0.0,0.0,4.199,75.9,99,0,60.0,2026-04-30T23:01:41.723764,4.199
2026-04-30T23:00:41.783780,97.12,0.5238,97.1,0.5234,0.0,0.0,4.199,75.9,99,0,60.0,2026-04-30T23:01:41.783570,4.199
2026-04-30T23:00:42.732874,97.12,0.5238,97.11,0.5236,0.0,0.0,4.199,75.9,99,0,60.0,2026-04-30T23:01:42.732658,4.199
2026-04-30T23:00:42.793012,97.16,0.5207,97.14,0.5219,0.0,0.0,4.199,75.9,99,0,60.0,2026-04-30T23:01:42.792842,4.199
2026-04-30T23:00:42.852821,97.16,0.5207,97.15,0.5214,0.0,0.0,4.199,75.9,99,0,60.0,2026-04-30T23:01:42.852635,4.199
2026-04-30T23:00:43.795602,97.21,0.5207,97.16,0.521,0.0,0.0,4.199,75.9,99,0,60.0,2026-04-30T23:01:43.795420,4.199
2026-04-30T23:00:43.856466,97.21,0.5207,97.18,0.5205,0.0,0.0,4.199,75.9,99,0,60.0,2026-04-30T23:01:43.856307,4.199
2026-04-30T23:00:43.916522,97.21,0.5207,97.19,0.5206,0.0,0.0,4.199,75.9,99,0,60.0,2026-04-30T23:01:43.916321,4.199
2026-04-30T23:00:44.843153,97.24,0.5207,97.21,0.5206,0.0,0.0,4.199,75.9,99,0,60.0,2026-04-30T23:01:44.842976,4.199
2026-04-30T23:00:44.903563,97.24,0.5231,97.22,0.5218,0.0,0.0,4.199,75.9,99,0,60.0,2026-04-30T23:01:44.903397,4.199
2026-04-30T23:00:44.962565,97.24,0.5231,97.22,0.5222,0.0,0.0,4.199,75.9,99,0,60.0,2026-04-30T23:01:44.962403,4.199
2026-04-30T23:00:45.905321,97.27,0.5147,97.24,0.5216,0.0,0.0,4.199,75.9,99,0,60.0,2026-04-30T23:01:45.905140,4.199
2026-04-30T23:00:45.964436,97.27,0.5147,97.25,0.5186,0.0,0.0,4.199,75.9,99,0,60.0,2026-04-30T23:01:45.964232,4.199
2026-04-30T23:00:46.023061,97.27,0.5147,97.26,0.5173,0.0,0.0,4.199,75.9,99,0,60.0,2026-04-30T23:01:46.022916,4.199
2026-04-30T23:00:46.959052,97.31,0.5147,97.28,0.5147,0.0,0.0,4.199,75.9,99,0,60.0,2026-04-30T23:01:46.958868,4.199
2026-04-30T23:00:47.020208,97.31,0.5147,97.29,0.5147,0.0,0.0,4.199,75.9,99,0,60.0,2026-04-30T23:01:47.020045,4.199
2026-04-30T23:00:47.977455,97.31,0.5147,97.3,0.5147,0.0,0.0,4.199,75.9,99,0,60.0,2026-04-30T23:01:47.977259,4.199
2026-04-30T23:00:48.038088,97.35,0.5282,97.32,0.5171,0.0,0.0,4.199,75.9,99,0,60.0,2026-04-30T23:01:48.037934,4.199
2026-04-30T23:00:48.096166,97.35,0.5282,97.33,0.5214,0.0,0.0,4.199,75.9,99,0,60.0,2026-04-30T23:01:48.096024,4.199
2026-04-30T23:00:49.035217,97.41,0.5282,97.35,0.5248,0.0,0.0,4.199,75.9,99,0,60.0,2026-04-30T23:01:49.034842,4.199
2026-04-30T23:00:49.092425,97.41,0.5247,97.38,0.5226,0.0,0.0,4.199,75.9,99,0,60.0,2026-04-30T23:01:49.092256,4.199
2026-04-30T23:00:49.149779,97.41,0.5247,97.39,0.5234,0.0,0.0,4.199,75.9,99,0,60.0,2026-04-30T23:01:49.149639,4.199
2026-04-30T23:00:50.087529,97.45,0.5247,97.41,0.5241,0.0,0.0,4.199,75.9,99,0,60.0,2026-04-30T23:01:50.087358,4.199
2026-04-30T23:00:50.146888,97.45,0.5247,97.43,0.5244,0.0,0.0,4.199,75.9,99,0,60.0,2026-04-30T23:01:50.146732,4.199
2026-04-30T23:00:50.209949,97.45,0.5247,97.44,0.5245,0.0,0.0,4.199,75.9,99,0,60.0,2026-04-30T23:01:50.209788,4.199
2026-04-30T23:00:51.129552,97.49,0.5238,97.46,0.5244,0.0,0.0,4.199,75.9,99,0,60.0,2026-04-30T23:01:51.129406,4.199
2026-04-30T23:00:51.188591,97.49,0.5314,97.47,0.5274,0.0,0.0,4.199,75.9,99,0,60.0,2026-04-30T23:01:51.187560,4.199
2026-04-30T23:00:51.250095,97.49,0.5314,97.48,0.5288,0.0,0.0,4.199,75.9,99,0,60.0,2026-04-30T23:01:51.249915,4.199
2026-04-30T23:00:52.196266,97.53,0.5314,97.5,0.5295,0.0,0.0,4.199,75.9,99,0,60.0,2026-04-30T23:01:52.196082,4.199
2026-04-30T23:00:52.254011,97.53,0.5314,97.51,0.5303,0.0,0.0,4.199,75.9,99,0,60.0,2026-04-30T23:01:52.253864,4.199
2026-04-30T23:00:53.218559,97.53,0.5314,97.52,0.5308,0.0,0.0,4.199,75.9,99,0,60.0,2026-04-30T23:01:53.217592,4.199
2026-04-30T23:00:53.277629,97.57,0.517,97.55,0.5245,0.0,0.0,4.199,75.9,99,0,60.0,2026-04-30T23:01:53.277480,4.199
2026-04-30T23:00:53.336098,97.57,0.517,97.56,0.5216,0.0,0.0,4.199,75.9,99,0,60.0,2026-04-30T23:01:53.335942,4.199
2026-04-30T23:00:54.270947,97.6,0.517,97.57,0.5193,0.0,0.0,4.199,75.9,99,0,60.0,2026-04-30T23:01:54.270748,4.199
2026-04-30T23:00:54.329881,97.6,0.517,97.59,0.5176,0.0,0.0,4.199,75.9,99,0,60.0,2026-04-30T23:01:54.329716,4.199
2026-04-30T23:00:54.389350,97.6,0.517,97.59,0.5174,0.0,0.0,4.199,75.9,99,0,60.0,2026-04-30T23:01:54.389193,4.199
2026-04-30T23:00:55.314740,97.66,0.517,97.61,0.5172,0.0,0.0,4.199,75.9,99,0,60.0,2026-04-30T23:01:55.314577,4.199
2026-04-30T23:00:55.375833,97.66,0.5282,97.63,0.5223,0.0,0.0,4.199,75.9,99,0,60.0,2026-04-30T23:01:55.375662,4.199
2026-04-30T23:00:55.435719,97.66,0.5282,97.64,0.5243,0.0,0.0,4.199,75.9,99,0,60.0,2026-04-30T23:01:55.435550,4.199
2026-04-30T23:00:56.378340,97.68,0.5257,97.66,0.5261,0.0,0.0,4.199,75.9,99,0,60.0,2026-04-30T23:01:56.378169,4.199
2026-04-30T23:00:56.435955,97.68,0.5274,97.66,0.5267,0.0,0.0,4.199,75.9,99,0,60.0,2026-04-30T23:01:56.435793,4.199
2026-04-30T23:00:56.495124,97.68,0.5274,97.67,0.5269,0.0,0.0,4.199,75.9,99,0,60.0,2026-04-30T23:01:56.494977,4.199
2026-04-30T23:00:57.431378,97.71,0.5257,97.69,0.5263,0.0,0.0,4.199,75.9,99,0,60.0,2026-04-30T23:01:57.431159,4.199
2026-04-30T23:00:57.489069,97.71,0.5257,97.69,0.526,0.0,0.0,4.199,75.9,99,0,60.0,2026-04-30T23:01:57.488915,4.199
2026-04-30T23:00:58.453627,97.71,0.5257,97.7,0.5259,0.0,0.0,4.199,75.9,99,0,60.0,2026-04-30T23:01:58.453429,4.199
2026-04-30T23:00:58.513030,97.74,0.5256,97.72,0.5252,0.0,0.0,4.199,75.9,99,0,60.0,2026-04-30T23:01:58.512878,4.199
2026-04-30T23:00:58.568999,97.74,0.5256,97.72,0.5253,0.0,0.0,4.199,75.9,99,0,60.0,2026-04-30T23:01:58.568853,4.199
2026-04-30T23:00:59.505591,97.78,0.5256,97.74,0.5255,0.0,0.0,4.199,75.9,99,0,60.0,2026-04-30T23:01:59.505421,4.199
2026-04-30T23:00:59.563985,97.78,0.5256,97.76,0.5255,0.0,0.0,4.199,75.9,99,0,60.0,2026-04-30T23:01:59.563752,4.199
2026-04-30T23:00:59.621895,97.78,0.5256,97.76,0.5255,0.0,0.0,4.199,75.9,99,0,60.0,2026-04-30T23:01:59.621758,4.199
2026-04-30T23:01:00.561016,97.81,0.5248,97.78,0.5254,0.0,0.0,4.199,75.9,99,0,60.0,2026-04-30T23:02:00.560828,4.199
2026-04-30T23:01:00.620327,97.81,0.5301,97.79,0.5271,0.0,0.0,4.199,75.9,99,0,60.0,2026-04-30T23:02:00.620178,4.199
2026-04-30T23:01:00.677444,97.81,0.5301,97.8,0.5282,0.0,0.0,4.199,75.9,99,0,60.0,2026-04-30T23:02:00.677261,4.199
2026-04-30T23:01:01.611057,97.83,0.5248,97.81,0.5285,0.0,0.0,4.199,75.9,99,0,60.0,2026-04-30T23:02:01.610882,4.199
2026-04-30T23:01:01.668846,97.83,0.5301,97.82,0.5292,0.0,0.0,4.199,75.9,99,0,60.0,2026-04-30T23:02:01.668672,4.199
2026-04-30T23:01:01.729191,97.83,0.5301,97.82,0.5295,0.0,0.0,4.199,75.9,99,0,60.0,2026-04-30T23:02:01.729042,4.199
2026-04-30T23:01:02.665931,97.87,0.5282,97.84,0.5283,0.0,0.0,4.199,75.9,99,0,60.0,2026-04-30T23:02:02.665764,4.199
2026-04-30T23:01:02.724515,97.87,0.5282,97.85,0.5283,0.0,0.0,4.199,75.9,99,0,60.0,2026-04-30T23:02:02.724353,4.199
2026-04-30T23:01:03.686141,97.87,0.5282,97.86,0.5282,0.0,0.0,4.199,75.9,99,0,60.0,2026-04-30T23:02:03.685967,4.199
2026-04-30T23:01:03.745426,97.88,0.5305,97.87,0.5287,0.0,0.0,4.199,75.9,99,0,60.0,2026-04-30T23:02:03.745259,4.199
2026-04-30T23:01:03.804338,97.88,0.5305,97.87,0.5294,0.0,0.0,4.199,75.9,99,0,60.0,2026-04-30T23:02:03.804165,4.199
2026-04-30T23:01:04.734714,97.88,0.5305,97.88,0.53,0.0,0.0,4.199,75.9,99,0,60.0,2026-04-30T23:02:04.734548,4.199
2026-04-30T23:01:04.794813,97.88,0.5307,97.88,0.5303,0.0,0.0,4.199,75.9,99,0,60.0,2026-04-30T23:02:04.794650,4.199
2026-04-30T23:01:04.854536,97.88,0.5307,97.88,0.5305,0.0,0.0,4.199,75.9,99,0,60.0,2026-04-30T23:02:04.854364,4.199
2026-04-30T23:01:05.832989,97.89,0.5305,97.88,0.5306,0.0,0.0,4.199,75.9,99,0,60.0,2026-04-30T23:02:05.832168,4.199
2026-04-30T23:01:05.923208,97.89,0.5307,97.89,0.5303,0.0,0.0,4.199,75.9,99,0,60.0,2026-04-30T23:02:05.923045,4.199
2026-04-30T23:01:06.048597,97.89,0.5307,97.89,0.5304,0.0,0.0,4.199,75.9,99,0,60.0,2026-04-30T23:02:06.047073,4.199
2026-04-30T23:01:06.842278,97.89,0.5265,97.89,0.5295,0.0,0.0,4.199,75.9,99,0,60.0,2026-04-30T23:02:06.842112,4.199
2026-04-30T23:01:06.899239,97.89,0.5292,97.89,0.5294,0.0,0.0,4.199,75.9,99,0,60.0,2026-04-30T23:02:06.899089,4.199
2026-04-30T23:01:06.957556,97.89,0.5292,97.89,0.5293,0.0,0.0,4.199,75.9,99,0,60.0,2026-04-30T23:02:06.957423,4.199
2026-04-30T23:01:07.897949,97.89,0.5292,97.89,0.5292,0.0,0.0,4.199,75.9,99,0,60.0,2026-04-30T23:02:07.897785,4.199
2026-04-30T23:01:07.953048,97.89,0.5292,97.89,0.5292,0.0,0.0,4.199,75.9,99,0,60.0,2026-04-30T23:02:07.952935,4.199
2026-04-30T23:01:08.925562,97.89,0.5292,97.89,0.5292,0.0,0.0,4.199,75.9,99,0,60.0,2026-04-30T23:02:08.925282,4.199
2026-04-30T23:01:08.983133,97.88,0.5164,97.88,0.5246,0.0,0.0,4.199,75.9,99,0,60.0,2026-04-30T23:02:08.982972,4.199
2026-04-30T23:01:09.038950,97.88,0.5164,97.88,0.5215,0.0,0.0,4.199,75.9,99,0,60.0,2026-04-30T23:02:09.038808,4.199
2026-04-30T23:01:09.968011,97.88,0.5164,97.88,0.5189,0.0,0.0,4.199,75.9,99,0,60.0,2026-04-30T23:02:09.967860,4.199
2026-04-30T23:01:10.025320,97.88,0.5164,97.88,0.5172,0.0,0.0,4.199,75.9,99,0,60.0,2026-04-30T23:02:10.025160,4.199
2026-04-30T23:01:10.080779,97.88,0.5164,97.88,0.5169,0.0,0.0,4.199,75.9,99,0,60.0,2026-04-30T23:02:10.080676,4.199
2026-04-30T23:01:11.032204,97.87,0.5139,97.88,0.5162,0.0,0.0,4.199,75.9,99,0,60.0,2026-04-30T23:02:11.032033,4.199
2026-04-30T23:01:11.089875,97.87,0.5238,97.87,0.5192,0.0,0.0,4.199,75.9,99,0,60.0,2026-04-30T23:02:11.089758,4.199
2026-04-30T23:01:11.145518,97.87,0.5238,97.87,0.5208,0.0,0.0,4.199,75.9,99,0,60.0,2026-04-30T23:02:11.145389,4.199
2026-04-30T23:01:12.085686,97.87,0.5181,97.87,0.521,0.0,0.0,4.199,75.9,99,0,60.0,2026-04-30T23:02:12.085501,4.199
2026-04-30T23:01:12.141497,97.87,0.5206,97.87,0.5208,0.0,0.0,4.199,75.9,99,0,60.0,2026-04-30T23:02:12.141373,4.199
2026-04-30T23:01:12.197241,97.87,0.5206,97.87,0.5207,0.0,0.0,4.199,75.9,99,0,60.0,2026-04-30T23:02:12.197104,4.199
2026-04-30T23:01:13.135567,97.86,0.5206,97.87,0.5206,0.0,0.0,4.199,75.9,99,0,60.0,2026-04-30T23:02:13.135429,4.199
2026-04-30T23:01:13.190451,97.86,0.5206,97.86,0.5206,0.0,0.0,4.199,75.9,99,0,60.0,2026-04-30T23:02:13.190328,4.199
2026-04-30T23:01:14.158030,97.86,0.5206,97.86,0.5206,0.0,0.0,4.199,75.9,99,0,60.0,2026-04-30T23:02:14.157859,4.199
2026-04-30T23:01:14.215367,97.86,0.5188,97.86,0.5198,0.0,0.0,4.199,75.9,99,0,60.0,2026-04-30T23:02:14.215216,4.199
2026-04-30T23:01:14.271261,97.86,0.5188,97.86,0.5195,0.0,0.0,4.199,75.9,99,0,60.0,2026-04-30T23:02:14.271137,4.199
2026-04-30T23:01:15.208796,97.85,0.5188,97.86,0.5192,0.0,0.0,4.199,75.9,99,0,60.0,2026-04-30T23:02:15.208643,4.199
2026-04-30T23:01:15.268793,97.85,0.5172,97.85,0.5182,0.0,0.0,4.199,75.9,99,0,60.0,2026-04-30T23:02:15.268645,4.199
2026-04-30T23:01:15.323857,97.85,0.5172,97.85,0.5178,0.0,0.0,4.199,75.9,99,0,60.0,2026-04-30T23:02:15.323743,4.199
2026-04-30T23:01:16.257050,97.85,0.517,97.85,0.5175,0.0,0.0,4.199,75.9,99,0,60.0,2026-04-30T23:02:16.256915,4.199
2026-04-30T23:01:16.313545,97.85,0.5215,97.85,0.519,0.0,0.0,4.199,75.9,99,0,60.0,2026-04-30T23:02:16.313396,4.199
2026-04-30T23:01:16.368701,97.85,0.5215,97.85,0.5199,0.0,0.0,4.199,75.9,99,0,60.0,2026-04-30T23:02:16.368590,4.199
2026-04-30T23:01:17.314190,97.85,0.5215,97.85,0.5208,0.0,0.0,4.199,75.9,99,0,60.0,2026-04-30T23:02:17.314012,4.199
2026-04-30T23:01:17.370970,97.85,0.5215,97.85,0.5211,0.0,0.0,4.199,75.9,99,0,60.0,2026-04-30T23:02:17.370844,4.199
2026-04-30T23:01:17.426627,97.85,0.5215,97.85,0.5213,0.0,0.0,4.199,75.9,99,0,60.0,2026-04-30T23:02:17.426492,4.199
2026-04-30T23:01:18.370146,97.83,0.5188,97.84,0.5198,0.0,0.0,4.199,75.9,99,0,60.0,2026-04-30T23:02:18.369996,4.199
2026-04-30T23:01:18.425021,97.83,0.5188,97.84,0.5194,0.0,0.0,4.199,75.9,99,0,60.0,2026-04-30T23:02:18.424907,4.199
2026-04-30T23:01:19.390508,97.83,0.5188,97.83,0.5192,0.0,0.0,4.199,75.9,99,0,60.0,2026-04-30T23:02:19.390353,4.199
2026-04-30T23:01:19.448090,97.83,0.5233,97.83,0.5189,0.0,0.0,4.199,75.9,99,0,60.0,2026-04-30T23:02:19.447942,4.199
2026-04-30T23:01:19.506425,97.83,0.5233,97.83,0.5206,0.0,0.0,4.199,75.9,99,0,60.0,2026-04-30T23:02:19.506278,4.199
2026-04-30T23:01:20.445599,97.82,0.5233,97.83,0.522,0.0,0.0,4.199,75.9,99,0,60.0,2026-04-30T23:02:20.445444,4.199
2026-04-30T23:01:20.502557,97.82,0.5225,97.82,0.5221,0.0,0.0,4.199,75.9,99,0,60.0,2026-04-30T23:02:20.502401,4.199
2026-04-30T23:01:20.558647,97.82,0.5225,97.82,0.5222,0.0,0.0,4.199,75.9,99,0,60.0,2026-04-30T23:02:20.558514,4.199
2026-04-30T23:01:21.503697,97.82,0.5206,97.82,0.5221,0.0,0.0,4.199,75.9,99,0,60.0,2026-04-30T23:02:21.503556,4.199
2026-04-30T23:01:21.561268,97.82,0.5225,97.82,0.5221,0.0,0.0,4.199,75.9,99,0,60.0,2026-04-30T23:02:21.561134,4.199
2026-04-30T23:01:21.624683,97.82,0.5225,97.82,0.5222,0.0,0.0,4.199,75.9,99,0,60.0,2026-04-30T23:02:21.624532,4.199
2026-04-30T23:01:22.558070,97.82,0.524,97.82,0.5226,0.0,0.0,4.199,75.9,99,0,60.0,2026-04-30T23:02:22.557877,4.199
2026-04-30T23:01:22.618978,97.82,0.524,97.82,0.5232,0.0,0.0,4.199,75.9,99,0,60.0,2026-04-30T23:02:22.618822,4.199
2026-04-30T23:01:22.675317,97.82,0.524,97.82,0.5234,0.0,0.0,4.199,75.9,99,0,60.0,2026-04-30T23:02:22.675175,4.199
2026-04-30T23:01:23.603172,97.81,0.5247,97.81,0.5235,0.0,0.0,4.199,75.9,99,0,60.0,2026-04-30T23:02:23.602961,4.199
2026-04-30T23:01:23.661921,97.81,0.5247,97.81,0.524,0.0,0.0,4.199,75.9,99,0,60.0,2026-04-30T23:02:23.661749,4.199
2026-04-30T23:01:24.620291,97.81,0.5247,97.81,0.5243,0.0,0.0,4.199,75.9,99,0,60.0,2026-04-30T23:02:24.620136,4.199
2026-04-30T23:01:24.677191,97.81,0.5247,97.81,0.5241,0.0,0.0,4.199,75.9,99,0,60.0,2026-04-30T23:02:24.677042,4.199
2026-04-30T23:01:24.733205,97.81,0.5247,97.81,0.5243,0.0,0.0,4.199,75.9,99,0,60.0,2026-04-30T23:02:24.733073,4.199
2026-04-30T23:01:25.673590,97.8,0.5247,97.81,0.5245,0.0,0.0,4.199,75.9,99,0,60.0,2026-04-30T23:02:25.673428,4.199
2026-04-30T23:01:25.731351,97.8,0.5238,97.8,0.524,0.0,0.0,4.199,75.9,99,0,60.0,2026-04-30T23:02:25.731212,4.199
2026-04-30T23:01:25.787102,97.8,0.5238,97.8,0.5239,0.0,0.0,4.199,75.9,99,0,60.0,2026-04-30T23:02:25.786949,4.199
2026-04-30T23:01:26.737851,97.8,0.5238,97.8,0.5239,0.0,0.0,4.199,75.9,99,0,60.0,2026-04-30T23:02:26.737722,4.199
2026-04-30T23:01:26.798261,97.8,0.5238,97.8,0.5234,0.0,0.0,4.199,75.9,99,0,60.0,2026-04-30T23:02:26.798104,4.199
2026-04-30T23:01:26.857951,97.8,0.5238,97.8,0.5235,0.0,0.0,4.199,75.9,99,0,60.0,2026-04-30T23:02:26.857788,4.199
2026-04-30T23:01:27.796443,97.79,0.5155,97.79,0.5219,0.0,0.0,4.199,75.9,99,0,60.0,2026-04-30T23:02:27.796276,4.199
2026-04-30T23:01:27.860854,97.79,0.5189,97.79,0.5206,0.0,0.0,4.199,75.9,99,0,60.0,2026-04-30T23:02:27.860690,4.199
2026-04-30T23:01:27.929013,97.79,0.5189,97.79,0.52,0.0,0.0,4.199,75.9,99,0,60.0,2026-04-30T23:02:27.928842,4.199
2026-04-30T23:01:28.846307,97.78,0.5155,97.78,0.5181,0.0,0.0,4.199,75.9,99,0,60.0,2026-04-30T23:02:28.846151,4.199
2026-04-30T23:01:28.903651,97.78,0.5155,97.78,0.5171,0.0,0.0,4.199,75.9,99,0,60.0,2026-04-30T23:02:28.903478,4.199
2026-04-30T23:01:29.858278,97.78,0.5155,97.78,0.5164,0.0,0.0,4.199,75.9,99,0,60.0,2026-04-30T23:02:29.858021,4.199
2026-04-30T23:01:29.929233,97.76,0.5189,97.77,0.5165,0.0,0.0,4.199,75.9,99,0,60.0,2026-04-30T23:02:29.929042,4.199
2026-04-30T23:01:29.992308,97.76,0.5189,97.76,0.5174,0.0,0.0,4.199,75.9,99,0,60.0,2026-04-30T23:02:29.992130,4.199
2026-04-30T23:01:30.912507,97.75,0.5189,97.76,0.5182,0.0,0.0,4.199,75.9,99,0,60.0,2026-04-30T23:02:30.912336,4.199
2026-04-30T23:01:30.975793,97.75,0.5206,97.75,0.5187,0.0,0.0,4.199,75.9,99,0,60.0,2026-04-30T23:02:30.975621,4.199
2026-04-30T23:01:31.035291,97.75,0.5206,97.75,0.5194,0.0,0.0,4.199,75.9,99,0,60.0,2026-04-30T23:02:31.035121,4.199
2026-04-30T23:01:31.971302,97.75,0.5206,97.75,0.52,0.0,0.0,4.199,75.9,99,0,60.0,2026-04-30T23:02:31.971154,4.199
2026-04-30T23:01:32.027641,97.75,0.5189,97.75,0.5195,0.0,0.0,4.199,75.9,99,0,60.0,2026-04-30T23:02:32.027515,4.199
2026-04-30T23:01:32.082580,97.75,0.5189,97.75,0.5193,0.0,0.0,4.199,75.9,99,0,60.0,2026-04-30T23:02:32.082467,4.199
2026-04-30T23:01:33.026956,97.74,0.517,97.74,0.5186,0.0,0.0,4.199,75.9,99,0,60.0,2026-04-30T23:02:33.026785,4.199
2026-04-30T23:01:33.086147,97.74,0.5189,97.74,0.5187,0.0,0.0,4.199,75.9,99,0,60.0,2026-04-30T23:02:33.085973,4.199
2026-04-30T23:01:33.142335,97.74,0.5189,97.74,0.5188,0.0,0.0,4.199,75.9,99,0,60.0,2026-04-30T23:02:33.142189,4.199
2026-04-30T23:01:34.082268,97.74,0.5274,97.74,0.5196,0.0,0.0,4.199,75.9,99,0,60.0,2026-04-30T23:02:34.082102,4.199
2026-04-30T23:01:34.137689,97.74,0.5274,97.74,0.5227,0.0,0.0,4.199,75.9,99,0,60.0,2026-04-30T23:02:34.137582,4.199
2026-04-30T23:01:35.102422,97.74,0.5274,97.74,0.5248,0.0,0.0,4.199,75.9,99,0,60.0,2026-04-30T23:02:35.102250,4.199
2026-04-30T23:01:35.159900,97.73,0.5188,97.73,0.5223,0.0,0.0,4.199,75.9,99,0,60.0,2026-04-30T23:02:35.159758,4.199
2026-04-30T23:01:35.215118,97.73,0.5188,97.73,0.521,0.0,0.0,4.199,75.9,99,0,60.0,2026-04-30T23:02:35.215003,4.199
2026-04-30T23:01:36.148050,97.72,0.5188,97.73,0.5199,0.0,0.0,4.199,75.9,99,0,60.0,2026-04-30T23:02:36.147883,4.199
2026-04-30T23:01:36.205178,97.72,0.5189,97.72,0.5194,0.0,0.0,4.199,75.9,99,0,60.0,2026-04-30T23:02:36.205032,4.199
2026-04-30T23:01:36.260662,97.72,0.5189,97.72,0.5192,0.0,0.0,4.199,75.9,99,0,60.0,2026-04-30T23:02:36.260533,4.199
2026-04-30T23:01:37.208488,97.71,0.5188,97.72,0.519,0.0,0.0,4.199,75.9,99,0,60.0,2026-04-30T23:02:37.208338,4.199
2026-04-30T23:01:37.264640,97.71,0.5198,97.71,0.5193,0.0,0.0,4.199,75.9,99,0,60.0,2026-04-30T23:02:37.264516,4.199
2026-04-30T23:01:37.319277,97.71,0.5198,97.71,0.5195,0.0,0.0,4.199,75.9,99,0,60.0,2026-04-30T23:02:37.319152,4.199
2026-04-30T23:01:38.262306,97.71,0.5198,97.71,0.5196,0.0,0.0,4.199,75.9,99,0,60.0,2026-04-30T23:02:38.262117,4.199
2026-04-30T23:01:38.334179,97.71,0.5198,97.71,0.5197,0.0,0.0,4.199,75.9,99,0,60.0,2026-04-30T23:02:38.333985,4.199
2026-04-30T23:01:38.421179,97.71,0.5198,97.71,0.5197,0.0,0.0,4.199,75.9,99,0,60.0,2026-04-30T23:02:38.421024,4.199
2026-04-30T23:01:39.307585,97.7,0.5225,97.7,0.5193,0.0,0.0,4.199,75.9,99,0,60.0,2026-04-30T23:02:39.307336,4.199
2026-04-30T23:01:39.369385,97.7,0.5225,97.7,0.5206,0.0,0.0,4.199,75.9,99,0,60.0,2026-04-30T23:02:39.369246,4.199
2026-04-30T23:01:40.337487,97.7,0.5225,97.7,0.5214,0.0,0.0,4.199,75.9,99,0,60.0,2026-04-30T23:02:40.337318,4.199
2026-04-30T23:01:40.396488,97.68,0.5225,97.69,0.521,0.0,0.0,4.199,75.9,99,0,60.0,2026-04-30T23:02:40.396334,4.199
2026-04-30T23:01:40.456085,97.68,0.5225,97.68,0.5216,0.0,0.0,4.199,75.9,99,0,60.0,2026-04-30T23:02:40.455921,4.199
2026-04-30T23:01:41.385738,97.67,0.5225,97.68,0.522,0.0,0.0,4.199,75.9,99,0,60.0,2026-04-30T23:02:41.385538,4.199
2026-04-30T23:01:41.444805,97.67,0.5238,97.67,0.5221,0.0,0.0,4.199,75.9,99,0,60.0,2026-04-30T23:02:41.444657,4.199
2026-04-30T23:01:41.505744,97.67,0.5238,97.67,0.5227,0.0,0.0,4.199,75.9,99,0,60.0,2026-04-30T23:02:41.505584,4.199
2026-04-30T23:01:42.443436,97.66,0.5238,97.66,0.5233,0.0,0.0,4.199,75.9,99,0,60.0,2026-04-30T23:02:42.443266,4.199
2026-04-30T23:01:42.504018,97.66,0.5147,97.66,0.5193,0.0,0.0,4.199,75.9,99,0,60.0,2026-04-30T23:02:42.503851,4.199
2026-04-30T23:01:42.562657,97.66,0.5147,97.66,0.5177,0.0,0.0,4.199,75.9,99,0,60.0,2026-04-30T23:02:42.562499,4.199
2026-04-30T23:01:43.497653,97.66,0.5105,97.66,0.5149,0.0,0.0,4.199,75.9,99,0,60.0,2026-04-30T23:02:43.497340,4.199
2026-04-30T23:01:43.559810,97.66,0.5105,97.66,0.513,0.0,0.0,4.199,75.9,99,0,60.0,2026-04-30T23:02:43.559601,4.199
2026-04-30T23:01:43.620512,97.66,0.5105,97.66,0.5121,0.0,0.0,4.199,75.9,99,0,60.0,2026-04-30T23:02:43.620360,4.199
2026-04-30T23:01:44.551559,97.64,0.5105,97.65,0.5101,0.0,0.0,4.199,75.9,99,0,60.0,2026-04-30T23:02:44.551369,4.199
2026-04-30T23:01:44.608331,97.64,0.5105,97.65,0.5103,0.0,0.0,4.199,75.9,99,0,60.0,2026-04-30T23:02:44.608165,4.199
2026-04-30T23:01:45.569683,97.64,0.5105,97.65,0.5103,0.0,0.0,4.199,75.9,99,0,60.0,2026-04-30T23:02:45.569498,4.199
2026-04-30T23:01:45.628640,97.63,0.5197,97.64,0.5131,0.0,0.0,4.199,75.9,99,0,60.0,2026-04-30T23:02:45.628502,4.199
2026-04-30T23:01:45.686373,97.63,0.5197,97.64,0.5156,0.0,0.0,4.199,75.9,99,0,60.0,2026-04-30T23:02:45.686188,4.199
2026-04-30T23:01:46.623040,97.62,0.5197,97.63,0.5177,0.0,0.0,4.199,75.9,99,0,60.0,2026-04-30T23:02:46.622885,4.199
2026-04-30T23:01:46.691987,97.62,0.5189,97.63,0.5183,0.0,0.0,4.199,75.9,99,0,60.0,2026-04-30T23:02:46.691597,4.199
2026-04-30T23:01:46.753771,97.62,0.5189,97.63,0.5185,0.0,0.0,4.199,75.9,99,0,60.0,2026-04-30T23:02:46.753609,4.199
2026-04-30T23:01:47.676482,97.61,0.5188,97.62,0.5187,0.0,0.0,4.199,75.9,99,0,60.0,2026-04-30T23:02:47.676195,4.199
2026-04-30T23:01:47.737039,97.61,0.5189,97.62,0.5188,0.0,0.0,4.199,75.9,99,0,60.0,2026-04-30T23:02:47.736879,4.199
2026-04-30T23:01:47.795235,97.61,0.5189,97.62,0.5188,0.0,0.0,4.199,75.9,99,0,60.0,2026-04-30T23:02:47.795077,4.199
2026-04-30T23:01:48.739016,97.61,0.5172,97.62,0.5186,0.0,0.0,4.199,75.9,99,0,60.0,2026-04-30T23:02:48.738848,4.199
2026-04-30T23:01:48.799449,97.61,0.5172,97.62,0.518,0.0,0.0,4.199,75.9,99,0,60.0,2026-04-30T23:02:48.799182,4.199
2026-04-30T23:01:48.864586,97.61,0.5172,97.61,0.5178,0.0,0.0,4.199,75.9,99,0,60.0,2026-04-30T23:02:48.864300,4.199
2026-04-30T23:01:49.781587,97.6,0.513,97.61,0.5158,0.0,0.0,4.199,75.9,99,0,60.0,2026-04-30T23:02:49.781350,4.199
2026-04-30T23:01:49.842250,97.6,0.513,97.61,0.5147,0.0,0.0,4.199,75.9,99,0,60.0,2026-04-30T23:02:49.842081,4.199
2026-04-30T23:01:50.804494,97.6,0.513,97.61,0.5139,0.0,0.0,4.199,75.9,99,0,60.0,2026-04-30T23:02:50.804306,4.199
2026-04-30T23:01:50.864624,97.59,0.5122,97.6,0.5128,0.0,0.0,4.199,75.9,99,0,60.0,2026-04-30T23:02:50.864414,4.199
2026-04-30T23:01:50.923232,97.59,0.5122,97.6,0.5125,0.0,0.0,4.199,75.9,99,0,60.0,2026-04-30T23:02:50.923031,4.199
2026-04-30T23:01:51.860413,97.58,0.5122,97.59,0.5123,0.0,0.0,4.199,75.9,99,0,60.0,2026-04-30T23:02:51.860205,4.199
2026-04-30T23:01:51.920423,97.58,0.5096,97.59,0.511,0.0,0.0,4.199,75.9,99,0,60.0,2026-04-30T23:02:51.920248,4.199
2026-04-30T23:01:51.978932,97.58,0.5096,97.59,0.5105,0.0,0.0,4.199,75.9,99,0,60.0,2026-04-30T23:02:51.978771,4.199
2026-04-30T23:01:52.916654,97.58,0.5094,97.59,0.51,0.0,0.0,4.199,75.9,99,0,60.0,2026-04-30T23:02:52.916440,4.199
2026-04-30T23:01:52.975781,97.58,0.5094,97.58,0.5094,0.0,0.0,4.199,75.9,99,0,60.0,2026-04-30T23:02:52.975588,4.199
2026-04-30T23:01:53.032500,97.58,0.5094,97.58,0.5094,0.0,0.0,4.199,75.9,99,0,60.0,2026-04-30T23:02:53.032339,4.199
2026-04-30T23:01:53.966616,97.55,0.5054,97.57,0.5083,0.0,0.0,4.199,75.9,99,0,60.0,2026-04-30T23:02:53.966433,4.199
2026-04-30T23:01:54.035125,97.55,0.5096,97.56,0.5089,0.0,0.0,4.199,75.9,99,0,60.0,2026-04-30T23:02:54.034975,4.199
2026-04-30T23:01:54.103827,97.55,0.5096,97.56,0.5091,0.0,0.0,4.199,75.9,99,0,60.0,2026-04-30T23:02:54.103704,4.199
2026-04-30T23:01:55.022411,97.55,0.5062,97.56,0.5085,0.0,0.0,4.199,75.9,99,0,60.0,2026-04-30T23:02:55.022271,4.199
2026-04-30T23:01:55.079512,97.55,0.5062,97.55,0.5076,0.0,0.0,4.199,75.9,99,0,60.0,2026-04-30T23:02:55.079395,4.199
2026-04-30T23:01:56.029622,97.55,0.5062,97.55,0.507,0.0,0.0,4.199,75.9,99,0,60.0,2026-04-30T23:02:56.029463,4.199
2026-04-30T23:01:56.088152,97.55,0.5062,97.55,0.5064,0.0,0.0,4.199,75.9,99,0,60.0,2026-04-30T23:02:56.088007,4.199
2026-04-30T23:01:56.145015,97.55,0.5062,97.55,0.5063,0.0,0.0,4.199,75.9,99,0,60.0,2026-04-30T23:02:56.144870,4.199
2026-04-30T23:01:57.096987,97.54,0.5062,97.55,0.5063,0.0,0.0,4.199,75.9,99,0,60.0,2026-04-30T23:02:57.096839,4.199
2026-04-30T23:01:57.154678,97.54,0.5166,97.55,0.5103,0.0,0.0,4.199,75.9,99,0,60.0,2026-04-30T23:02:57.154542,4.199
2026-04-30T23:01:57.210365,97.54,0.5166,97.55,0.5126,0.0,0.0,4.199,75.9,99,0,60.0,2026-04-30T23:02:57.210255,4.199
2026-04-30T23:01:58.151321,97.53,0.5166,97.54,0.5148,0.0,0.0,4.199,75.9,99,0,60.0,2026-04-30T23:02:58.151148,4.199
2026-04-30T23:01:58.208555,97.53,0.5166,97.54,0.5156,0.0,0.0,4.199,75.9,99,0,60.0,2026-04-30T23:02:58.208426,4.199
2026-04-30T23:01:58.264031,97.53,0.5166,97.54,0.516,0.0,0.0,4.199,75.9,99,0,60.0,2026-04-30T23:02:58.263918,4.199
2026-04-30T23:01:59.205982,97.53,0.5148,97.53,0.5158,0.0,0.0,4.199,75.9,99,0,60.0,2026-04-30T23:02:59.205846,4.199
2026-04-30T23:01:59.263118,97.53,0.5157,97.53,0.5158,0.0,0.0,4.199,75.9,99,0,60.0,2026-04-30T23:02:59.262958,4.199
2026-04-30T23:01:59.322124,97.53,0.5157,97.53,0.5158,0.0,0.0,4.199,75.9,99,0,60.0,2026-04-30T23:02:59.321986,4.199
2026-04-30T23:02:00.255875,97.52,0.5198,97.53,0.5161,0.0,0.0,4.199,75.9,99,0,60.0,2026-04-30T23:03:00.255715,4.199
2026-04-30T23:02:00.315567,97.52,0.5198,97.53,0.5176,0.0,0.0,4.199,75.9,99,0,60.0,2026-04-30T23:03:00.312580,4.199
2026-04-30T23:02:01.264206,97.52,0.5198,97.52,0.5185,0.0,0.0,4.199,75.9,99,0,60.0,2026-04-30T23:03:01.264047,4.199
2026-04-30T23:02:01.322352,97.51,0.5215,97.52,0.5192,0.0,0.0,4.199,75.9,99,0,60.0,2026-04-30T23:03:01.322193,4.199
2026-04-30T23:02:01.378201,97.51,0.5215,97.52,0.5201,0.0,0.0,4.199,75.9,99,0,60.0,2026-04-30T23:03:01.378089,4.199
2026-04-30T23:02:02.321070,97.51,0.5215,97.51,0.5208,0.0,0.0,4.199,75.9,99,0,60.0,2026-04-30T23:03:02.320904,4.199
2026-04-30T23:02:02.378314,97.51,0.5172,97.51,0.5194,0.0,0.0,4.199,75.9,99,0,60.0,2026-04-30T23:03:02.378167,4.199
2026-04-30T23:02:02.434723,97.51,0.5172,97.51,0.5186,0.0,0.0,4.199,75.9,99,0,60.0,2026-04-30T23:03:02.434585,4.199
2026-04-30T23:02:03.385870,97.49,0.517,97.51,0.5178,0.0,0.0,4.199,75.9,99,0,60.0,2026-04-30T23:03:03.385720,4.199
2026-04-30T23:02:03.442580,97.49,0.517,97.5,0.5174,0.0,0.0,4.199,75.9,99,0,60.0,2026-04-30T23:03:03.442443,4.199
2026-04-30T23:02:03.501447,97.49,0.517,97.5,0.5173,0.0,0.0,4.199,75.9,99,0,60.0,2026-04-30T23:03:03.500417,4.199
2026-04-30T23:02:04.442016,97.49,0.5164,97.49,0.517,0.0,0.0,4.199,75.9,99,0,60.0,2026-04-30T23:03:04.441852,4.199
2026-04-30T23:02:04.500329,97.49,0.5166,97.49,0.5168,0.0,0.0,4.199,75.9,99,0,60.0,2026-04-30T23:03:04.500192,4.199
2026-04-30T23:02:04.560311,97.49,0.5166,97.49,0.5167,0.0,0.0,4.199,75.9,99,0,60.0,2026-04-30T23:03:04.560152,4.199
2026-04-30T23:02:05.489609,97.49,0.5172,97.49,0.5167,0.0,0.0,4.199,75.9,99,0,60.0,2026-04-30T23:03:05.488413,4.199
2026-04-30T23:02:05.548521,97.49,0.5172,97.49,0.5169,0.0,0.0,4.199,75.9,99,0,60.0,2026-04-30T23:03:05.548375,4.199
2026-04-30T23:02:06.510661,97.49,0.5172,97.49,0.5171,0.0,0.0,4.199,75.9,99,0,60.0,2026-04-30T23:03:06.510427,4.199
2026-04-30T23:02:06.570429,97.48,0.5179,97.49,0.5166,0.0,0.0,4.199,75.9,99,0,60.0,2026-04-30T23:03:06.570269,4.199
2026-04-30T23:02:06.626629,97.48,0.5179,97.48,0.5171,0.0,0.0,4.199,75.9,99,0,60.0,2026-04-30T23:03:06.626518,4.199
2026-04-30T23:02:07.555704,97.47,0.5179,97.48,0.5175,0.0,0.0,4.199,75.9,99,0,60.0,2026-04-30T23:03:07.555535,4.199
2026-04-30T23:02:07.618585,97.47,0.5179,97.48,0.5164,0.0,0.0,4.199,75.9,99,0,60.0,2026-04-30T23:03:07.618430,4.199
2026-04-30T23:02:07.677309,97.47,0.5179,97.47,0.517,0.0,0.0,4.199,75.9,99,0,60.0,2026-04-30T23:03:07.677154,4.199
2026-04-30T23:02:08.622580,97.46,0.5179,97.47,0.5175,0.0,0.0,4.199,75.9,99,0,60.0,2026-04-30T23:03:08.622423,4.199
2026-04-30T23:02:08.679855,97.46,0.513,97.47,0.5154,0.0,0.0,4.199,75.9,99,0,60.0,2026-04-30T23:03:08.679721,4.199
2026-04-30T23:02:08.736320,97.46,0.513,97.46,0.5146,0.0,0.0,4.199,75.9,99,0,60.0,2026-04-30T23:03:08.736200,4.199
2026-04-30T23:02:09.667441,97.44,0.5112,97.45,0.5132,0.0,0.0,4.199,75.9,99,0,60.0,2026-04-30T23:03:09.667265,4.199
2026-04-30T23:02:09.726970,97.44,0.513,97.45,0.5131,0.0,0.0,4.199,75.9,99,0,60.0,2026-04-30T23:03:09.726842,4.199
2026-04-30T23:02:09.791959,97.44,0.513,97.45,0.5131,0.0,0.0,4.199,75.9,99,0,60.0,2026-04-30T23:03:09.791778,4.199
2026-04-30T23:02:10.724143,97.44,0.517,97.44,0.5134,0.0,0.0,4.199,75.9,99,0,60.0,2026-04-30T23:03:10.723987,4.199
2026-04-30T23:02:10.780748,97.44,0.517,97.44,0.5149,0.0,0.0,4.199,75.9,99,0,60.0,2026-04-30T23:03:10.780624,4.199
2026-04-30T23:02:11.743647,97.44,0.517,97.44,0.5158,0.0,0.0,4.199,75.9,99,0,60.0,2026-04-30T23:03:11.743478,4.199
2026-04-30T23:02:11.807840,97.44,0.517,97.44,0.5165,0.0,0.0,4.199,75.9,99,0,60.0,2026-04-30T23:03:11.807673,4.199
2026-04-30T23:02:11.864581,97.44,0.517,97.44,0.5167,0.0,0.0,4.199,75.9,99,0,60.0,2026-04-30T23:03:11.864461,4.199
2026-04-30T23:02:12.796208,97.44,0.517,97.44,0.5169,0.0,0.0,4.199,75.9,99,0,60.0,2026-04-30T23:03:12.796042,4.199
2026-04-30T23:02:12.854382,97.44,0.5189,97.44,0.5173,0.0,0.0,4.199,75.9,99,0,60.0,2026-04-30T23:03:12.854247,4.199
2026-04-30T23:02:12.910676,97.44,0.5189,97.44,0.5179,0.0,0.0,4.199,75.9,99,0,60.0,2026-04-30T23:03:12.910558,4.199
2026-04-30T23:02:13.856547,97.43,0.5157,97.44,0.5179,0.0,0.0,4.199,75.9,99,0,60.0,2026-04-30T23:03:13.856381,4.199
2026-04-30T23:02:13.913090,97.43,0.5189,97.43,0.5184,0.0,0.0,4.199,75.9,99,0,60.0,2026-04-30T23:03:13.912931,4.199
2026-04-30T23:02:13.968685,97.43,0.5189,97.43,0.5186,0.0,0.0,4.199,75.9,99,0,60.0,2026-04-30T23:03:13.968572,4.199
2026-04-30T23:02:14.901110,97.42,0.513,97.43,0.5179,0.0,0.0,4.199,75.9,99,0,60.0,2026-04-30T23:03:14.900971,4.199
2026-04-30T23:02:14.957246,97.42,0.513,97.42,0.5158,0.0,0.0,4.199,75.9,99,0,60.0,2026-04-30T23:03:14.957131,4.199
2026-04-30T23:02:15.015800,97.42,0.513,97.42,0.5149,0.0,0.0,4.199,75.9,99,0,60.0,2026-04-30T23:03:15.015656,4.199
2026-04-30T23:02:15.967367,97.41,0.508,97.42,0.5119,0.0,0.0,4.199,75.9,99,0,60.0,2026-04-30T23:03:15.967206,4.199
2026-04-30T23:02:16.023846,97.41,0.508,97.41,0.5103,0.0,0.0,4.199,75.9,99,0,60.0,2026-04-30T23:03:16.023745,4.199
2026-04-30T23:02:16.977470,97.41,0.508,97.41,0.5093,0.0,0.0,4.199,75.9,99,0,60.0,2026-04-30T23:03:16.977309,4.199
2026-04-30T23:02:17.036418,97.39,0.5147,97.4,0.5101,0.0,0.0,4.199,75.9,99,0,60.0,2026-04-30T23:03:17.036265,4.199
2026-04-30T23:02:17.093280,97.39,0.5147,97.4,0.5119,0.0,0.0,4.199,75.9,99,0,60.0,2026-04-30T23:03:17.093159,4.199
2026-04-30T23:02:18.037757,97.39,0.5147,97.39,0.5133,0.0,0.0,4.199,75.9,99,0,60.0,2026-04-30T23:03:18.037568,4.199
2026-04-30T23:02:18.095688,97.39,0.4978,97.39,0.5072,0.0,0.0,4.199,75.9,99,0,60.0,2026-04-30T23:03:18.095507,4.199
2026-04-30T23:02:18.153760,97.39,0.4978,97.39,0.5038,0.0,0.0,4.199,75.9,99,0,60.0,2026-04-30T23:03:18.153621,4.199
2026-04-30T23:02:19.092652,97.38,0.4963,97.39,0.5003,0.0,0.0,4.199,75.9,99,0,60.0,2026-04-30T23:03:19.092499,4.199
2026-04-30T23:02:19.149998,97.38,0.4978,97.38,0.499,0.0,0.0,4.199,75.9,99,0,60.0,2026-04-30T23:03:19.149865,4.199
2026-04-30T23:02:19.206188,97.38,0.4978,97.38,0.4986,0.0,0.0,4.199,75.9,99,0,60.0,2026-04-30T23:03:19.206087,4.199
2026-04-30T23:02:20.134688,97.36,0.5147,97.37,0.5003,0.0,0.0,4.199,75.9,99,0,60.0,2026-04-30T23:03:20.134531,4.199
2026-04-30T23:02:20.191010,97.36,0.5147,97.37,0.5064,0.0,0.0,4.199,75.9,99,0,60.0,2026-04-30T23:03:20.190892,4.199
2026-04-30T23:02:20.249804,97.36,0.5147,97.36,0.5092,0.0,0.0,4.199,75.9,99,0,60.0,2026-04-30T23:03:20.249656,4.199
2026-04-30T23:02:21.235432,97.35,0.513,97.36,0.5109,0.0,0.0,4.199,75.9,99,0,60.0,2026-04-30T23:03:21.235172,4.199
2026-04-30T23:02:21.302911,97.35,0.513,97.35,0.5118,0.0,0.0,4.199,75.9,99,0,60.0,2026-04-30T23:03:21.302786,4.199
2026-04-30T23:02:22.218021,97.35,0.513,97.35,0.5123,0.0,0.0,4.199,75.9,99,0,60.0,2026-04-30T23:03:22.217832,4.199
2026-04-30T23:02:22.278595,97.34,0.513,97.34,0.5122,0.0,0.0,4.199,75.9,99,0,60.0,2026-04-30T23:03:22.278439,4.199
2026-04-30T23:02:22.339544,97.34,0.513,97.34,0.5125,0.0,0.0,4.199,75.9,99,0,60.0,2026-04-30T23:03:22.339395,4.199
2026-04-30T23:02:23.261018,97.32,0.513,97.34,0.5127,0.0,0.0,4.199,75.9,99,0,60.0,2026-04-30T23:03:23.260857,4.199
2026-04-30T23:02:23.321520,97.32,0.5147,97.33,0.5132,0.0,0.0,4.199,75.9,99,0,60.0,2026-04-30T23:03:23.321364,4.199
2026-04-30T23:02:23.379406,97.32,0.5147,97.32,0.5138,0.0,0.0,4.199,75.9,99,0,60.0,2026-04-30T23:03:23.379171,4.199
2026-04-30T23:02:24.327379,97.3,0.5147,97.32,0.5143,0.0,0.0,4.199,75.9,99,0,60.0,2026-04-30T23:03:24.327204,4.199
2026-04-30T23:02:24.386967,97.3,0.5122,97.31,0.5133,0.0,0.0,4.199,75.9,99,0,60.0,2026-04-30T23:03:24.386794,4.199
2026-04-30T23:02:24.445527,97.3,0.5122,97.3,0.5129,0.0,0.0,4.199,75.9,99,0,60.0,2026-04-30T23:03:24.445367,4.199
2026-04-30T23:02:25.382798,97.28,0.502,97.29,0.5098,0.0,0.0,4.199,75.9,99,0,60.0,2026-04-30T23:03:25.382562,4.199
2026-04-30T23:02:25.443298,97.28,0.5027,97.29,0.5067,0.0,0.0,4.199,75.9,99,0,60.0,2026-04-30T23:03:25.443147,4.199
2026-04-30T23:02:25.504522,97.28,0.5027,97.28,0.5053,0.0,0.0,4.199,75.9,99,0,60.0,2026-04-30T23:03:25.504354,4.199
2026-04-30T23:02:26.439705,97.26,0.5113,97.27,0.5046,0.0,0.0,4.199,75.9,99,0,60.0,2026-04-30T23:03:26.439535,4.199
2026-04-30T23:02:26.502501,97.26,0.5113,97.27,0.5073,0.0,0.0,4.199,75.9,99,0,60.0,2026-04-30T23:03:26.502325,4.199
2026-04-30T23:02:27.452376,97.26,0.5113,97.26,0.5091,0.0,0.0,4.199,75.9,99,0,60.0,2026-04-30T23:03:27.452187,4.199
2026-04-30T23:02:27.516657,97.24,0.5113,97.25,0.5103,0.0,0.0,4.199,75.9,99,0,60.0,2026-04-30T23:03:27.516458,4.199
2026-04-30T23:02:27.578089,97.24,0.5113,97.24,0.5107,0.0,0.0,4.199,75.9,99,0,60.0,2026-04-30T23:03:27.577933,4.199
2026-04-30T23:02:28.510306,97.23,0.5113,97.24,0.511,0.0,0.0,4.199,75.9,99,0,60.0,2026-04-30T23:03:28.510099,4.199
2026-04-30T23:02:28.574314,97.23,0.5096,97.23,0.5103,0.0,0.0,4.199,75.9,99,0,60.0,2026-04-30T23:03:28.574161,4.199
2026-04-30T23:02:28.635838,97.23,0.5096,97.23,0.51,0.0,0.0,4.199,75.9,99,0,60.0,2026-04-30T23:03:28.635685,4.199
2026-04-30T23:02:29.557044,97.21,0.5094,97.22,0.5098,0.0,0.0,4.199,75.9,99,0,60.0,2026-04-30T23:03:29.556836,4.199
2026-04-30T23:02:29.615901,97.21,0.5096,97.21,0.5097,0.0,0.0,4.199,75.9,99,0,60.0,2026-04-30T23:03:29.615726,4.199
2026-04-30T23:02:29.673456,97.21,0.5096,97.21,0.5097,0.0,0.0,4.199,75.9,99,0,60.0,2026-04-30T23:03:29.673247,4.199
2026-04-30T23:02:30.619064,97.21,0.5044,97.21,0.5082,0.0,0.0,4.199,75.9,99,0,60.0,2026-04-30T23:03:30.618880,4.199
2026-04-30T23:02:30.693849,97.21,0.5121,97.21,0.5099,0.0,0.0,4.199,75.9,99,0,60.0,2026-04-30T23:03:30.693723,4.199
2026-04-30T23:02:30.772303,97.21,0.5121,97.21,0.5107,0.0,0.0,4.199,75.9,99,0,60.0,2026-04-30T23:03:30.772132,4.199
2026-04-30T23:02:31.663284,97.2,0.5164,97.2,0.5111,0.0,0.0,4.199,75.9,99,0,60.0,2026-04-30T23:03:31.663139,4.199
2026-04-30T23:02:31.724401,97.2,0.5164,97.2,0.5132,0.0,0.0,4.199,75.9,99,0,60.0,2026-04-30T23:03:31.724267,4.199
2026-04-30T23:02:32.695439,97.2,0.5164,97.2,0.5146,0.0,0.0,4.199,75.9,99,0,60.0,2026-04-30T23:03:32.695252,4.199
2026-04-30T23:02:32.756946,97.17,0.5164,97.19,0.5151,0.0,0.0,4.199,75.9,99,0,60.0,2026-04-30T23:03:32.756775,4.199
2026-04-30T23:02:32.817228,97.17,0.5164,97.18,0.5156,0.0,0.0,4.199,75.9,99,0,60.0,2026-04-30T23:03:32.817064,4.199
2026-04-30T23:02:33.742988,97.15,0.5164,97.18,0.516,0.0,0.0,4.199,75.9,99,0,60.0,2026-04-30T23:03:33.742809,4.199
2026-04-30T23:02:33.803047,97.15,0.5181,97.17,0.5164,0.0,0.0,4.199,75.9,99,0,60.0,2026-04-30T23:03:33.802897,4.199
2026-04-30T23:02:33.862218,97.15,0.5181,97.16,0.517,0.0,0.0,4.199,75.9,99,0,60.0,2026-04-30T23:03:33.862078,4.199
2026-04-30T23:02:34.793617,97.14,0.5148,97.15,0.5171,0.0,0.0,4.199,75.9,99,0,60.0,2026-04-30T23:03:34.793468,4.199
2026-04-30T23:02:34.854055,97.14,0.5197,97.15,0.5172,0.0,0.0,4.199,75.9,99,0,60.0,2026-04-30T23:03:34.853918,4.199
2026-04-30T23:02:34.915005,97.14,0.5197,97.15,0.5181,0.0,0.0,4.199,75.9,99,0,60.0,2026-04-30T23:03:34.914724,4.199
2026-04-30T23:02:35.853692,97.13,0.5071,97.14,0.5155,0.0,0.0,4.199,75.9,99,0,60.0,2026-04-30T23:03:35.853518,4.199
2026-04-30T23:02:35.912737,97.13,0.5188,97.14,0.517,0.0,0.0,4.199,75.9,99,0,60.0,2026-04-30T23:03:35.912579,4.199
2026-04-30T23:02:35.975502,97.13,0.5188,97.14,0.5176,0.0,0.0,4.199,75.9,99,0,60.0,2026-04-30T23:03:35.975333,4.199
2026-04-30T23:02:36.906848,97.12,0.5122,97.13,0.5167,0.0,0.0,4.199,75.9,99,0,60.0,2026-04-30T23:03:36.906676,4.199
2026-04-30T23:02:36.965840,97.12,0.5122,97.13,0.5149,0.0,0.0,4.199,75.9,99,0,60.0,2026-04-30T23:03:36.965695,4.199
2026-04-30T23:02:37.926940,97.12,0.5122,97.13,0.5137,0.0,0.0,4.199,75.9,99,0,60.0,2026-04-30T23:03:37.926711,4.199
2026-04-30T23:02:37.986821,97.11,0.5071,97.12,0.5102,0.0,0.0,4.199,75.9,99,0,60.0,2026-04-30T23:03:37.986677,4.199
2026-04-30T23:02:38.045032,97.11,0.5071,97.12,0.509,0.0,0.0,4.199,75.9,99,0,60.0,2026-04-30T23:03:38.044891,4.199
2026-04-30T23:02:38.979413,97.11,0.5071,97.12,0.5081,0.0,0.0,4.199,75.9,99,0,60.0,2026-04-30T23:03:38.979241,4.199
2026-04-30T23:02:39.040323,97.11,0.5094,97.11,0.5081,0.0,0.0,4.199,75.9,99,0,60.0,2026-04-30T23:03:39.040176,4.199
2026-04-30T23:02:39.100543,97.11,0.5094,97.11,0.5086,0.0,0.0,4.199,75.9,99,0,60.0,2026-04-30T23:03:39.100401,4.199
2026-04-30T23:02:40.033945,97.1,0.5094,97.11,0.509,0.0,0.0,4.199,75.9,99,0,60.0,2026-04-30T23:03:40.033741,4.199
2026-04-30T23:02:40.091962,97.1,0.5094,97.11,0.5092,0.0,0.0,4.199,75.9,99,0,60.0,2026-04-30T23:03:40.091754,4.199
2026-04-30T23:02:40.150679,97.1,0.5094,97.11,0.5093,0.0,0.0,4.199,75.9,99,0,60.0,2026-04-30T23:03:40.150504,4.199
2026-04-30T23:02:41.089163,97.08,0.5029,97.1,0.5076,0.0,0.0,4.199,75.9,99,0,60.0,2026-04-30T23:03:41.089000,4.199
2026-04-30T23:02:41.146909,97.08,0.5036,97.09,0.5059,0.0,0.0,4.199,75.9,99,0,60.0,2026-04-30T23:03:41.146787,4.199
2026-04-30T23:02:41.216563,97.08,0.5036,97.09,0.5051,0.0,0.0,4.199,75.9,99,0,60.0,2026-04-30T23:03:41.216386,4.199
2026-04-30T23:02:42.142214,97.06,0.5071,97.08,0.5044,0.0,0.0,4.199,75.9,99,0,60.0,2026-04-30T23:03:42.142037,4.199
2026-04-30T23:02:42.201230,97.06,0.5071,97.07,0.5055,0.0,0.0,4.199,75.9,99,0,60.0,2026-04-30T23:03:42.201055,4.199
2026-04-30T23:02:43.161211,97.06,0.5071,97.07,0.5062,0.0,0.0,4.199,75.9,99,0,60.0,2026-04-30T23:03:43.160994,4.199
2026-04-30T23:02:43.228532,97.06,0.5071,97.06,0.5067,0.0,0.0,4.199,75.9,99,0,60.0,2026-04-30T23:03:43.228368,4.199
2026-04-30T23:02:43.288413,97.06,0.5071,97.06,0.5068,0.0,0.0,4.199,75.9,99,0,60.0,2026-04-30T23:03:43.288273,4.199
2026-04-30T23:02:44.217034,97.05,0.5071,97.06,0.507,0.0,0.0,4.199,75.9,99,0,60.0,2026-04-30T23:03:44.216740,4.199
2026-04-30T23:02:44.274303,97.05,0.5054,97.06,0.506,0.0,0.0,4.199,75.9,99,0,60.0,2026-04-30T23:03:44.274166,4.199
2026-04-30T23:02:44.331363,97.05,0.5054,97.06,0.5058,0.0,0.0,4.199,75.9,99,0,60.0,2026-04-30T23:03:44.331196,4.199
2026-04-30T23:02:45.261064,97.05,0.5044,97.05,0.5054,0.0,0.0,4.199,75.9,99,0,60.0,2026-04-30T23:03:45.260898,4.199
2026-04-30T23:02:45.320402,97.05,0.5088,97.05,0.5067,0.0,0.0,4.199,75.9,99,0,60.0,2026-04-30T23:03:45.320249,4.199
2026-04-30T23:02:45.380198,97.05,0.5088,97.05,0.5074,0.0,0.0,4.199,75.9,99,0,60.0,2026-04-30T23:03:45.380020,4.199
2026-04-30T23:02:46.316275,97.03,0.5088,97.04,0.5082,0.0,0.0,4.199,75.9,99,0,60.0,2026-04-30T23:03:46.316077,4.199
2026-04-30T23:02:46.373470,97.03,0.5088,97.04,0.5085,0.0,0.0,4.199,75.9,99,0,60.0,2026-04-30T23:03:46.373326,4.199
2026-04-30T23:02:46.432499,97.03,0.5088,97.04,0.5086,0.0,0.0,4.199,75.9,99,0,60.0,2026-04-30T23:03:46.432353,4.199
2026-04-30T23:02:47.386414,97.03,0.5096,97.03,0.5086,0.0,0.0,4.199,75.9,99,0,60.0,2026-04-30T23:03:47.386229,4.199
2026-04-30T23:02:47.449405,97.03,0.5096,97.03,0.509,0.0,0.0,4.199,75.9,99,0,60.0,2026-04-30T23:03:47.449213,4.199
2026-04-30T23:02:48.399053,97.03,0.5096,97.03,0.5093,0.0,0.0,4.199,75.9,99,0,60.0,2026-04-30T23:03:48.398835,4.199
2026-04-30T23:02:48.459556,97.02,0.5103,97.03,0.5095,0.0,0.0,4.199,75.9,99,0,60.0,2026-04-30T23:03:48.459394,4.199
2026-04-30T23:02:48.518511,97.02,0.5103,97.02,0.5098,0.0,0.0,4.199,75.9,99,0,60.0,2026-04-30T23:03:48.518350,4.199
2026-04-30T23:02:49.454828,97.02,0.5103,97.02,0.51,0.0,0.0,4.199,75.9,99,0,60.0,2026-04-30T23:03:49.454662,4.199
2026-04-30T23:02:49.516194,97.02,0.5121,97.02,0.5107,0.0,0.0,4.199,75.9,99,0,60.0,2026-04-30T23:03:49.515981,4.199
2026-04-30T23:02:49.576638,97.02,0.5121,97.02,0.5112,0.0,0.0,4.199,75.9,99,0,60.0,2026-04-30T23:03:49.576465,4.199
2026-04-30T23:02:50.507940,97.0,0.5103,97.02,0.5114,0.0,0.0,4.199,75.9,99,0,60.0,2026-04-30T23:03:50.507760,4.199
2026-04-30T23:02:50.565381,97.0,0.5122,97.01,0.5118,0.0,0.0,4.199,75.9,99,0,60.0,2026-04-30T23:03:50.565232,4.199
2026-04-30T23:02:50.623494,97.0,0.5122,97.01,0.5119,0.0,0.0,4.199,75.9,99,0,60.0,2026-04-30T23:03:50.623322,4.199
2026-04-30T23:02:51.568336,97.0,0.5122,97.0,0.512,0.0,0.0,4.199,75.9,99,0,60.0,2026-04-30T23:03:51.568149,4.199
2026-04-30T23:02:51.626555,97.0,0.5122,97.0,0.5121,0.0,0.0,4.199,75.9,99,0,60.0,2026-04-30T23:03:51.626394,4.199
2026-04-30T23:02:51.686532,97.0,0.5122,97.0,0.5121,0.0,0.0,4.199,75.9,99,0,60.0,2026-04-30T23:03:51.686371,4.199
2026-04-30T23:02:52.618702,96.99,0.5094,97.0,0.5111,0.0,0.0,4.199,75.9,99,0,60.0,2026-04-30T23:03:52.618525,4.199
2026-04-30T23:02:52.677432,96.99,0.5094,96.99,0.5104,0.0,0.0,4.199,75.9,99,0,60.0,2026-04-30T23:03:52.677259,4.199
2026-04-30T23:02:53.631818,96.99,0.5094,96.99,0.51,0.0,0.0,4.199,75.9,99,0,60.0,2026-04-30T23:03:53.631642,4.199
2026-04-30T23:02:53.691807,96.97,0.5088,96.98,0.507,0.0,0.0,4.199,75.9,99,0,60.0,2026-04-30T23:03:53.691651,4.199
2026-04-30T23:02:53.752304,96.97,0.5088,96.98,0.5077,0.0,0.0,4.199,75.9,99,0,60.0,2026-04-30T23:03:53.752101,4.199
2026-04-30T23:02:54.689921,96.96,0.5088,96.97,0.5082,0.0,0.0,4.199,75.9,99,0,60.0,2026-04-30T23:03:54.689742,4.199
2026-04-30T23:02:54.753638,96.96,0.5088,96.97,0.5074,0.0,0.0,4.199,75.9,99,0,60.0,2026-04-30T23:03:54.753459,4.199
2026-04-30T23:02:54.814895,96.96,0.5088,96.96,0.5079,0.0,0.0,4.199,75.9,99,0,60.0,2026-04-30T23:03:54.814682,4.199
2026-04-30T23:02:55.746977,96.96,0.5022,96.96,0.5073,0.0,0.0,4.199,75.9,99,0,60.0,2026-04-30T23:03:55.746760,4.199
2026-04-30T23:02:55.807005,96.96,0.5054,96.96,0.5062,0.0,0.0,4.199,75.9,99,0,60.0,2026-04-30T23:03:55.806847,4.199
2026-04-30T23:02:55.877831,96.96,0.5054,96.96,0.5059,0.0,0.0,4.199,75.9,99,0,60.0,2026-04-30T23:03:55.877675,4.199
2026-04-30T23:02:56.802788,96.94,0.5054,96.95,0.5052,0.0,0.0,4.199,75.9,99,0,60.0,2026-04-30T23:03:56.802618,4.199
2026-04-30T23:02:56.863153,96.94,0.5089,96.95,0.5068,0.0,0.0,4.199,75.9,99,0,60.0,2026-04-30T23:03:56.862993,4.199
2026-04-30T23:02:56.922526,96.94,0.5089,96.94,0.5075,0.0,0.0,4.199,75.9,99,0,60.0,2026-04-30T23:03:56.922365,4.199
2026-04-30T23:02:57.855285,96.93,0.5103,96.94,0.5086,0.0,0.0,4.199,75.9,99,0,60.0,2026-04-30T23:03:57.855122,4.199
2026-04-30T23:02:57.911521,96.93,0.5103,96.93,0.5093,0.0,0.0,4.199,75.9,99,0,60.0,2026-04-30T23:03:57.911355,4.199
2026-04-30T23:02:58.873790,96.93,0.5103,96.93,0.5097,0.0,0.0,4.199,75.9,99,0,60.0,2026-04-30T23:03:58.873620,4.199
2026-04-30T23:02:58.935678,96.93,0.5113,96.93,0.5102,0.0,0.0,4.199,75.9,99,0,60.0,2026-04-30T23:03:58.935524,4.199
2026-04-30T23:02:58.994041,96.93,0.5113,96.93,0.5106,0.0,0.0,4.199,75.9,99,0,60.0,2026-04-30T23:03:58.993886,4.199
2026-04-30T23:02:59.916049,96.93,0.5113,96.93,0.511,0.0,0.0,4.199,75.9,99,0,60.0,2026-04-30T23:03:59.915848,4.199
2026-04-30T23:02:59.979691,96.93,0.5096,96.93,0.5104,0.0,0.0,4.199,75.9,99,0,60.0,2026-04-30T23:03:59.979448,4.199
2026-04-30T23:03:00.041854,96.93,0.5096,96.93,0.5101,0.0,0.0,4.199,75.9,99,0,60.0,2026-04-30T23:04:00.041691,4.199
2026-04-30T23:03:00.985583,96.91,0.5071,96.92,0.5094,0.0,0.0,4.199,75.9,99,0,60.0,2026-04-30T23:04:00.985400,4.199
2026-04-30T23:03:01.044820,96.91,0.5063,96.92,0.508,0.0,0.0,4.199,75.9,99,0,60.0,2026-04-30T23:04:01.044670,4.199
2026-04-30T23:03:01.102118,96.91,0.5063,96.91,0.5074,0.0,0.0,4.199,75.9,99,0,60.0,2026-04-30T23:04:01.101971,4.199
2026-04-30T23:03:02.030662,96.9,0.4953,96.91,0.5051,0.0,0.0,4.199,75.9,99,0,60.0,2026-04-30T23:04:02.030500,4.199
2026-04-30T23:03:02.088536,96.9,0.4954,96.9,0.501,0.0,0.0,4.199,75.9,99,0,60.0,2026-04-30T23:04:02.088390,4.199
2026-04-30T23:03:02.146068,96.9,0.4954,96.9,0.4991,0.0,0.0,4.199,75.9,99,0,60.0,2026-04-30T23:04:02.145915,4.199
2026-04-30T23:03:03.092288,96.89,0.4954,96.9,0.4969,0.0,0.0,4.199,75.9,99,0,60.0,2026-04-30T23:04:03.092112,4.199
2026-04-30T23:03:03.150717,96.89,0.4954,96.89,0.4963,0.0,0.0,4.199,75.9,99,0,60.0,2026-04-30T23:04:03.150547,4.199
2026-04-30T23:03:04.107226,96.89,0.4954,96.89,0.4959,0.0,0.0,4.199,75.9,99,0,60.0,2026-04-30T23:04:04.107045,4.199
2026-04-30T23:03:04.179283,96.89,0.5003,96.89,0.4973,0.0,0.0,4.199,75.9,99,0,60.0,2026-04-30T23:04:04.179114,4.199
2026-04-30T23:03:04.240684,96.89,0.5003,96.89,0.4985,0.0,0.0,4.199,75.9,99,0,60.0,2026-04-30T23:04:04.240489,4.199
2026-04-30T23:03:05.154288,96.87,0.5003,96.89,0.4994,0.0,0.0,4.199,75.9,99,0,60.0,2026-04-30T23:04:05.154096,4.199
2026-04-30T23:03:05.226074,96.87,0.5003,96.88,0.4992,0.0,0.0,4.199,75.9,99,0,60.0,2026-04-30T23:04:05.225346,4.199
2026-04-30T23:03:05.291491,96.87,0.5003,96.87,0.4996,0.0,0.0,4.199,75.9,99,0,60.0,2026-04-30T23:04:05.291323,4.199
2026-04-30T23:03:06.208260,96.87,0.4968,96.87,0.4995,0.0,0.0,4.199,75.9,99,0,60.0,2026-04-30T23:04:06.208061,4.199
2026-04-30T23:03:06.265633,96.87,0.5054,96.87,0.5021,0.0,0.0,4.199,75.9,99,0,60.0,2026-04-30T23:04:06.265506,4.199
2026-04-30T23:03:06.322535,96.87,0.5054,96.87,0.5033,0.0,0.0,4.199,75.9,99,0,60.0,2026-04-30T23:04:06.322409,4.199
2026-04-30T23:03:07.263115,96.85,0.5046,96.86,0.5043,0.0,0.0,4.199,75.9,99,0,60.0,2026-04-30T23:04:07.262931,4.199
2026-04-30T23:03:07.321356,96.85,0.5062,96.86,0.5051,0.0,0.0,4.199,75.9,99,0,60.0,2026-04-30T23:04:07.321202,4.199
2026-04-30T23:03:07.378635,96.85,0.5062,96.85,0.5055,0.0,0.0,4.199,75.9,99,0,60.0,2026-04-30T23:04:07.378503,4.199
2026-04-30T23:03:08.318345,96.85,0.5094,96.85,0.5067,0.0,0.0,4.199,75.9,99,0,60.0,2026-04-30T23:04:08.318182,4.199
2026-04-30T23:03:08.375495,96.85,0.5094,96.85,0.5078,0.0,0.0,4.199,75.9,99,0,60.0,2026-04-30T23:04:08.375365,4.199
2026-04-30T23:03:09.332972,96.85,0.5094,96.85,0.5085,0.0,0.0,4.199,75.9,99,0,60.0,2026-04-30T23:04:09.332805,4.199
2026-04-30T23:03:09.391595,96.83,0.5096,96.84,0.509,0.0,0.0,4.199,75.9,99,0,60.0,2026-04-30T23:04:09.391438,4.199
2026-04-30T23:03:09.448208,96.83,0.5096,96.83,0.5093,0.0,0.0,4.199,75.9,99,0,60.0,2026-04-30T23:04:09.448085,4.199
2026-04-30T23:03:10.398245,96.81,0.5096,96.83,0.5094,0.0,0.0,4.199,75.9,99,0,60.0,2026-04-30T23:04:10.398076,4.199
2026-04-30T23:03:10.459801,96.81,0.4995,96.82,0.5054,0.0,0.0,4.199,75.9,99,0,60.0,2026-04-30T23:04:10.456811,4.199
2026-04-30T23:03:10.519939,96.81,0.4995,96.81,0.5033,0.0,0.0,4.199,75.9,99,0,60.0,2026-04-30T23:04:10.519756,4.199
2026-04-30T23:03:11.441867,96.81,0.4986,96.81,0.5011,0.0,0.0,4.199,75.9,99,0,60.0,2026-04-30T23:04:11.441679,4.199
2026-04-30T23:03:11.522140,96.81,0.4986,96.81,0.4999,0.0,0.0,4.199,75.9,99,0,60.0,2026-04-30T23:04:11.521783,4.199
2026-04-30T23:03:11.600591,96.81,0.4986,96.81,0.4994,0.0,0.0,4.199,75.9,99,0,60.0,2026-04-30T23:04:11.600425,4.199
2026-04-30T23:03:12.499338,96.81,0.4978,96.81,0.4987,0.0,0.0,4.199,75.9,99,0,60.0,2026-04-30T23:04:12.499162,4.199
2026-04-30T23:03:12.561750,96.81,0.5012,96.81,0.4998,0.0,0.0,4.199,75.9,99,0,60.0,2026-04-30T23:04:12.561446,4.199
2026-04-30T23:03:12.620170,96.81,0.5012,96.81,0.5003,0.0,0.0,4.199,75.9,99,0,60.0,2026-04-30T23:04:12.620055,4.199
2026-04-30T23:03:13.566504,96.8,0.5053,96.8,0.5013,0.0,0.0,4.199,75.9,99,0,60.0,2026-04-30T23:04:13.566255,4.199
2026-04-30T23:03:13.627791,96.8,0.5053,96.8,0.503,0.0,0.0,4.199,75.9,99,0,60.0,2026-04-30T23:04:13.627622,4.199
2026-04-30T23:03:14.579072,96.8,0.5053,96.8,0.504,0.0,0.0,4.199,75.9,99,0,60.0,2026-04-30T23:04:14.578891,4.199
2026-04-30T23:03:14.639796,96.79,0.5088,96.79,0.5055,0.0,0.0,4.199,75.9,99,0,60.0,2026-04-30T23:04:14.639603,4.199
2026-04-30T23:03:14.698628,96.79,0.5088,96.79,0.5068,0.0,0.0,4.199,75.9,99,0,60.0,2026-04-30T23:04:14.698456,4.199
2026-04-30T23:03:15.635754,96.77,0.5088,96.78,0.5078,0.0,0.0,4.199,75.9,99,0,60.0,2026-04-30T23:04:15.635574,4.199
2026-04-30T23:03:15.698371,96.77,0.5105,96.78,0.5085,0.0,0.0,4.199,75.9,99,0,60.0,2026-04-30T23:04:15.698203,4.199
2026-04-30T23:03:15.754750,96.77,0.5105,96.77,0.5092,0.0,0.0,4.199,75.9,99,0,60.0,2026-04-30T23:04:15.754639,4.199
2026-04-30T23:03:16.682325,96.76,0.5105,96.77,0.5099,0.0,0.0,4.199,75.9,99,0,60.0,2026-04-30T23:04:16.682073,4.199
2026-04-30T23:03:16.744842,96.76,0.5112,96.76,0.5104,0.0,0.0,4.199,75.9,99,0,60.0,2026-04-30T23:04:16.744676,4.199
2026-04-30T23:03:16.804265,96.76,0.5112,96.76,0.5107,0.0,0.0,4.199,75.9,99,0,60.0,2026-04-30T23:04:16.804108,4.199
2026-04-30T23:03:17.738448,96.75,0.5079,96.75,0.5105,0.0,0.0,4.199,75.9,99,0,60.0,2026-04-30T23:04:17.738270,4.199
2026-04-30T23:03:17.795926,96.75,0.5094,96.75,0.51,0.0,0.0,4.199,75.9,99,0,60.0,2026-04-30T23:04:17.795796,4.199
2026-04-30T23:03:17.853726,96.75,0.5094,96.75,0.5098,0.0,0.0,4.199,75.9,99,0,60.0,2026-04-30T23:04:17.853606,4.199
2026-04-30T23:03:18.790059,96.75,0.5053,96.75,0.5082,0.0,0.0,4.199,75.9,99,0,60.0,2026-04-30T23:04:18.789872,4.199
2026-04-30T23:03:18.848387,96.75,0.5053,96.75,0.5071,0.0,0.0,4.199,75.9,99,0,60.0,2026-04-30T23:04:18.848229,4.199
2026-04-30T23:03:19.806882,96.75,0.5053,96.75,0.5063,0.0,0.0,4.199,75.9,99,0,60.0,2026-04-30T23:04:19.806732,4.199
2026-04-30T23:03:19.865432,96.72,0.5053,96.74,0.5054,0.0,0.0,4.199,75.9,99,0,60.0,2026-04-30T23:04:19.865297,4.199
2026-04-30T23:03:19.922300,96.72,0.5053,96.73,0.5054,0.0,0.0,4.199,75.9,99,0,60.0,2026-04-30T23:04:19.922162,4.199
2026-04-30T23:03:20.863309,96.72,0.5053,96.73,0.5054,0.0,0.0,4.199,75.9,99,0,60.0,2026-04-30T23:04:20.863104,4.199
2026-04-30T23:03:20.923293,96.72,0.5079,96.73,0.5063,0.0,0.0,4.199,75.9,99,0,60.0,2026-04-30T23:04:20.923127,4.199
2026-04-30T23:03:20.985673,96.72,0.5079,96.73,0.5069,0.0,0.0,4.199,75.9,99,0,60.0,2026-04-30T23:04:20.985509,4.199
2026-04-30T23:03:21.915993,96.71,0.5071,96.72,0.5073,0.0,0.0,4.199,75.9,99,0,60.0,2026-04-30T23:04:21.915836,4.199
2026-04-30T23:03:21.972462,96.71,0.5053,96.72,0.5063,0.0,0.0,4.199,75.9,99,0,60.0,2026-04-30T23:04:21.972325,4.199
2026-04-30T23:03:22.029776,96.71,0.5053,96.72,0.506,0.0,0.0,4.199,75.9,99,0,60.0,2026-04-30T23:04:22.029620,4.199
2026-04-30T23:03:22.974815,96.7,0.5037,96.71,0.5052,0.0,0.0,4.199,75.9,99,0,60.0,2026-04-30T23:04:22.974651,4.199
2026-04-30T23:03:23.032908,96.7,0.5053,96.71,0.5052,0.0,0.0,4.199,75.9,99,0,60.0,2026-04-30T23:04:23.032747,4.199
2026-04-30T23:03:23.168826,96.7,0.5053,96.71,0.5053,0.0,0.0,4.199,75.9,99,0,60.0,2026-04-30T23:04:23.168656,4.199
2026-04-30T23:03:24.027880,96.69,0.5096,96.7,0.5061,0.0,0.0,4.199,75.9,99,0,60.0,2026-04-30T23:04:24.027710,4.199
2026-04-30T23:03:24.086008,96.69,0.5096,96.7,0.5075,0.0,0.0,4.199,75.9,99,0,60.0,2026-04-30T23:04:24.085825,4.199
2026-04-30T23:03:25.043651,96.69,0.5096,96.7,0.5084,0.0,0.0,4.199,75.9,99,0,60.0,2026-04-30T23:04:25.043483,4.199
2026-04-30T23:03:25.103165,96.68,0.5071,96.69,0.508,0.0,0.0,4.199,75.9,99,0,60.0,2026-04-30T23:04:25.103017,4.199
2026-04-30T23:03:25.161026,96.68,0.5071,96.69,0.5076,0.0,0.0,4.199,75.9,99,0,60.0,2026-04-30T23:04:25.160874,4.199
2026-04-30T23:03:26.099284,96.67,0.5071,96.68,0.5074,0.0,0.0,4.199,75.9,99,0,60.0,2026-04-30T23:04:26.099091,4.199
2026-04-30T23:03:26.157832,96.67,0.5071,96.68,0.5069,0.0,0.0,4.199,75.9,99,0,60.0,2026-04-30T23:04:26.157707,4.199
2026-04-30T23:03:26.216197,96.67,0.5071,96.68,0.507,0.0,0.0,4.199,75.9,99,0,60.0,2026-04-30T23:04:26.216063,4.199
2026-04-30T23:03:27.154776,96.66,0.5053,96.67,0.5068,0.0,0.0,4.199,75.9,99,0,60.0,2026-04-30T23:04:27.154611,4.199
2026-04-30T23:03:27.215640,96.66,0.5036,96.67,0.5048,0.0,0.0,4.199,75.9,99,0,60.0,2026-04-30T23:04:27.215468,4.199
2026-04-30T23:03:27.275739,96.66,0.5036,96.67,0.5043,0.0,0.0,4.199,75.9,99,0,60.0,2026-04-30T23:04:27.275565,4.199
2026-04-30T23:03:28.209516,96.65,0.4978,96.66,0.5023,0.0,0.0,4.199,75.9,99,0,60.0,2026-04-30T23:04:28.209317,4.199
2026-04-30T23:03:28.268126,96.65,0.5036,96.66,0.5028,0.0,0.0,4.199,75.9,99,0,60.0,2026-04-30T23:04:28.267965,4.199
2026-04-30T23:03:28.326535,96.65,0.5036,96.66,0.5031,0.0,0.0,4.199,75.9,99,0,60.0,2026-04-30T23:04:28.326379,4.199
2026-04-30T23:03:29.269307,96.63,0.5063,96.65,0.5039,0.0,0.0,4.199,75.9,99,0,60.0,2026-04-30T23:04:29.269143,4.199
2026-04-30T23:03:29.326211,96.63,0.5063,96.64,0.5049,0.0,0.0,4.199,75.9,99,0,60.0,2026-04-30T23:04:29.326077,4.199
2026-04-30T23:03:30.293174,96.63,0.5063,96.64,0.5055,0.0,0.0,4.199,75.9,99,0,60.0,2026-04-30T23:04:30.292982,4.199
2026-04-30T23:03:30.352642,96.63,0.5071,96.64,0.506,0.0,0.0,4.199,75.9,99,0,60.0,2026-04-30T23:04:30.352491,4.199
2026-04-30T23:03:30.408895,96.63,0.5071,96.63,0.5064,0.0,0.0,4.199,75.9,99,0,60.0,2026-04-30T23:04:30.408773,4.199
2026-04-30T23:03:31.335206,96.62,0.5071,96.63,0.5068,0.0,0.0,4.199,75.9,99,0,60.0,2026-04-30T23:04:31.335068,4.199
2026-04-30T23:03:31.393132,96.62,0.5071,96.63,0.507,0.0,0.0,4.199,75.9,99,0,60.0,2026-04-30T23:04:31.392994,4.199
2026-04-30T23:03:31.450462,96.62,0.5071,96.63,0.507,0.0,0.0,4.199,75.9,99,0,60.0,2026-04-30T23:04:31.450324,4.199
2026-04-30T23:03:32.401825,96.62,0.5013,96.62,0.5061,0.0,0.0,4.199,75.9,99,0,60.0,2026-04-30T23:04:32.401653,4.199
2026-04-30T23:03:32.459762,96.62,0.5013,96.62,0.5037,0.0,0.0,4.199,75.9,99,0,60.0,2026-04-30T23:04:32.459600,4.199
2026-04-30T23:03:32.516174,96.62,0.5013,96.62,0.5028,0.0,0.0,4.199,75.9,99,0,60.0,2026-04-30T23:04:32.516039,4.199
2026-04-30T23:03:33.447805,96.61,0.4987,96.62,0.5012,0.0,0.0,4.199,75.9,99,0,60.0,2026-04-30T23:04:33.447651,4.199
2026-04-30T23:03:33.508926,96.61,0.5022,96.62,0.5016,0.0,0.0,4.199,75.9,99,0,60.0,2026-04-30T23:04:33.508770,4.199
2026-04-30T23:03:33.571734,96.61,0.5022,96.62,0.5018,0.0,0.0,4.199,75.9,99,0,60.0,2026-04-30T23:04:33.571569,4.199
2026-04-30T23:03:34.509536,96.59,0.513,96.6,0.5042,0.0,0.0,4.199,75.9,99,0,60.0,2026-04-30T23:04:34.509362,4.199
2026-04-30T23:03:34.571966,96.59,0.513,96.6,0.5078,0.0,0.0,4.199,75.9,99,0,60.0,2026-04-30T23:04:34.571805,4.199
2026-04-30T23:03:35.522408,96.59,0.513,96.6,0.5101,0.0,0.0,4.199,75.9,99,0,60.0,2026-04-30T23:04:35.522213,4.199
2026-04-30T23:03:35.588058,96.59,0.5088,96.59,0.5096,0.0,0.0,4.199,75.9,99,0,60.0,2026-04-30T23:04:35.587817,4.199
2026-04-30T23:03:35.647708,96.59,0.5088,96.59,0.5093,0.0,0.0,4.199,75.9,99,0,60.0,2026-04-30T23:04:35.647478,4.199
2026-04-30T23:03:36.577963,96.58,0.5088,96.59,0.509,0.0,0.0,4.199,75.9,99,0,60.0,2026-04-30T23:04:36.577787,4.199
2026-04-30T23:03:36.637024,96.58,0.5071,96.59,0.5081,0.0,0.0,4.199,75.9,99,0,60.0,2026-04-30T23:04:36.636868,4.199
2026-04-30T23:03:36.694665,96.58,0.5071,96.59,0.5077,0.0,0.0,4.199,75.9,99,0,60.0,2026-04-30T23:04:36.694521,4.199
2026-04-30T23:03:37.624488,96.57,0.5062,96.58,0.5072,0.0,0.0,4.199,75.9,99,0,60.0,2026-04-30T23:04:37.624317,4.199
2026-04-30T23:03:37.686230,96.57,0.5062,96.58,0.5068,0.0,0.0,4.199,75.9,99,0,60.0,2026-04-30T23:04:37.686065,4.199
2026-04-30T23:03:37.743375,96.57,0.5062,96.58,0.5066,0.0,0.0,4.199,75.9,99,0,60.0,2026-04-30T23:04:37.743240,4.199
2026-04-30T23:03:38.687906,96.56,0.5062,96.57,0.5064,0.0,0.0,4.199,75.9,99,0,60.0,2026-04-30T23:04:38.687741,4.199
2026-04-30T23:03:38.750408,96.56,0.5062,96.57,0.5063,0.0,0.0,4.199,75.9,99,0,60.0,2026-04-30T23:04:38.750255,4.199
2026-04-30T23:03:38.810124,96.56,0.5062,96.56,0.5063,0.0,0.0,4.199,75.9,99,0,60.0,2026-04-30T23:04:38.809964,4.199
2026-04-30T23:03:39.745071,96.54,0.5096,96.55,0.5055,0.0,0.0,4.199,75.9,99,0,60.0,2026-04-30T23:04:39.744912,4.199
2026-04-30T23:03:39.807742,96.54,0.5096,96.55,0.5072,0.0,0.0,4.199,75.9,99,0,60.0,2026-04-30T23:04:39.807594,4.199
2026-04-30T23:03:40.753808,96.54,0.5096,96.55,0.5082,0.0,0.0,4.199,75.9,99,0,60.0,2026-04-30T23:04:40.753655,4.199
2026-04-30T23:03:40.816931,96.54,0.5089,96.54,0.5078,0.0,0.0,4.199,75.9,99,0,60.0,2026-04-30T23:04:40.816747,4.199
2026-04-30T23:03:40.875663,96.54,0.5089,96.54,0.5082,0.0,0.0,4.199,75.9,99,0,60.0,2026-04-30T23:04:40.875502,4.199
2026-04-30T23:03:41.816701,96.53,0.5089,96.54,0.5086,0.0,0.0,4.199,75.9,99,0,60.0,2026-04-30T23:04:41.816523,4.199
2026-04-30T23:03:41.878303,96.53,0.5027,96.54,0.5057,0.0,0.0,4.199,75.9,99,0,60.0,2026-04-30T23:04:41.878139,4.199
2026-04-30T23:03:41.939836,96.53,0.5027,96.53,0.5046,0.0,0.0,4.199,75.9,99,0,60.0,2026-04-30T23:04:41.939674,4.199
2026-04-30T23:03:42.872698,96.52,0.4987,96.53,0.5029,0.0,0.0,4.199,75.9,99,0,60.0,2026-04-30T23:04:42.872529,4.199
2026-04-30T23:03:42.930463,96.52,0.5027,96.53,0.5024,0.0,0.0,4.199,75.9,99,0,60.0,2026-04-30T23:04:42.930319,4.199
2026-04-30T23:03:42.988649,96.52,0.5027,96.52,0.5025,0.0,0.0,4.199,75.9,99,0,60.0,2026-04-30T23:04:42.988487,4.199
2026-04-30T23:03:43.919473,96.51,0.4978,96.52,0.5019,0.0,0.0,4.199,75.9,99,0,60.0,2026-04-30T23:04:43.919289,4.199
2026-04-30T23:03:43.979083,96.51,0.5027,96.52,0.5022,0.0,0.0,4.199,75.9,99,0,60.0,2026-04-30T23:04:43.978956,4.199
2026-04-30T23:03:44.037574,96.51,0.5027,96.51,0.5024,0.0,0.0,4.199,75.9,99,0,60.0,2026-04-30T23:04:44.037418,4.199
2026-04-30T23:03:44.977209,96.51,0.4978,96.51,0.5008,0.0,0.0,4.199,75.9,99,0,60.0,2026-04-30T23:04:44.977047,4.199
2026-04-30T23:03:45.034820,96.51,0.4978,96.51,0.4996,0.0,0.0,4.199,75.9,99,0,60.0,2026-04-30T23:04:45.034644,4.199
2026-04-30T23:03:46.000797,96.51,0.4978,96.51,0.4988,0.0,0.0,4.199,75.9,99,0,60.0,2026-04-30T23:04:46.000577,4.199
2026-04-30T23:03:46.060968,96.5,0.5012,96.51,0.4987,0.0,0.0,4.199,75.9,99,0,60.0,2026-04-30T23:04:46.060809,4.199
2026-04-30T23:03:46.118943,96.5,0.5012,96.5,0.4997,0.0,0.0,4.199,75.9,99,0,60.0,2026-04-30T23:04:46.118808,4.199
2026-04-30T23:03:47.051158,96.5,0.5012,96.5,0.5004,0.0,0.0,4.199,75.9,99,0,60.0,2026-04-30T23:04:47.050969,4.199
2026-04-30T23:03:47.111297,96.5,0.5053,96.5,0.5016,0.0,0.0,4.199,75.9,99,0,60.0,2026-04-30T23:04:47.111157,4.199
2026-04-30T23:03:47.169607,96.5,0.5053,96.5,0.503,0.0,0.0,4.199,75.9,99,0,60.0,2026-04-30T23:04:47.169463,4.199
2026-04-30T23:03:48.108920,96.5,0.5053,96.5,0.5043,0.0,0.0,4.199,75.9,99,0,60.0,2026-04-30T23:04:48.108748,4.199
2026-04-30T23:03:48.169205,96.5,0.5071,96.5,0.5054,0.0,0.0,4.199,75.9,99,0,60.0,2026-04-30T23:04:48.169042,4.199
2026-04-30T23:03:48.228002,96.5,0.5071,96.5,0.506,0.0,0.0,4.199,75.9,99,0,60.0,2026-04-30T23:04:48.227862,4.199
2026-04-30T23:03:49.165571,96.5,0.5071,96.5,0.5064,0.0,0.0,4.199,75.9,99,0,60.0,2026-04-30T23:04:49.165401,4.199
2026-04-30T23:03:49.229010,96.5,0.5071,96.5,0.5067,0.0,0.0,4.199,75.9,99,0,60.0,2026-04-30T23:04:49.228714,4.199
2026-04-30T23:03:49.290683,96.5,0.5071,96.5,0.5069,0.0,0.0,4.199,75.9,99,0,60.0,2026-04-30T23:04:49.290531,4.199
2026-04-30T23:03:50.221390,96.49,0.5012,96.5,0.5053,0.0,0.0,4.199,75.9,99,0,60.0,2026-04-30T23:04:50.221224,4.199
2026-04-30T23:03:50.278151,96.49,0.5012,96.49,0.5036,0.0,0.0,4.199,75.9,99,0,60.0,2026-04-30T23:04:50.278011,4.199
2026-04-30T23:03:51.227481,96.49,0.5012,96.49,0.5025,0.0,0.0,4.199,75.9,99,0,60.0,2026-04-30T23:04:51.227310,4.199
2026-04-30T23:03:51.290586,96.49,0.5012,96.49,0.5009,0.0,0.0,4.199,75.9,99,0,60.0,2026-04-30T23:04:51.290419,4.199
2026-04-30T23:03:51.351840,96.49,0.5012,96.49,0.501,0.0,0.0,4.199,75.9,99,0,60.0,2026-04-30T23:04:51.351684,4.199
2026-04-30T23:03:52.294092,96.46,0.5012,96.49,0.5011,0.0,0.0,4.199,75.9,99,0,60.0,2026-04-30T23:04:52.293916,4.199
2026-04-30T23:03:52.351343,96.46,0.4995,96.47,0.5,0.0,0.0,4.199,75.9,99,0,60.0,2026-04-30T23:04:52.351155,4.199
2026-04-30T23:03:52.410255,96.46,0.4995,96.47,0.4998,0.0,0.0,4.199,75.9,99,0,60.0,2026-04-30T23:04:52.410085,4.199
2026-04-30T23:03:53.345662,96.46,0.4909,96.46,0.4983,0.0,0.0,4.199,75.9,99,0,60.0,2026-04-30T23:04:53.345493,4.199
2026-04-30T23:03:53.404754,96.46,0.4945,96.46,0.4962,0.0,0.0,4.199,75.9,99,0,60.0,2026-04-30T23:04:53.404599,4.199
2026-04-30T23:03:53.465620,96.46,0.4945,96.46,0.4957,0.0,0.0,4.199,75.9,99,0,60.0,2026-04-30T23:04:53.465438,4.199
2026-04-30T23:03:54.404817,96.45,0.4945,96.46,0.4945,0.0,0.0,4.199,75.9,99,0,60.0,2026-04-30T23:04:54.404652,4.199
2026-04-30T23:03:54.462681,96.45,0.497,96.45,0.4956,0.0,0.0,4.199,75.9,99,0,60.0,2026-04-30T23:04:54.462535,4.199
2026-04-30T23:03:54.520108,96.45,0.497,96.45,0.496,0.0,0.0,4.199,75.9,99,0,60.0,2026-04-30T23:04:54.519960,4.199
2026-04-30T23:03:55.457488,96.44,0.5122,96.45,0.5,0.0,0.0,4.199,75.9,99,0,60.0,2026-04-30T23:04:55.457313,4.199
2026-04-30T23:03:55.516824,96.44,0.5122,96.44,0.5049,0.0,0.0,4.199,75.9,99,0,60.0,2026-04-30T23:04:55.516653,4.199
2026-04-30T23:03:56.474242,96.44,0.5122,96.44,0.5081,0.0,0.0,4.199,75.9,99,0,60.0,2026-04-30T23:04:56.474075,4.199
2026-04-30T23:03:56.535090,96.43,0.5022,96.43,0.5053,0.0,0.0,4.199,75.9,99,0,60.0,2026-04-30T23:04:56.534913,4.199
2026-04-30T23:03:56.593671,96.43,0.5022,96.43,0.5041,0.0,0.0,4.199,75.9,99,0,60.0,2026-04-30T23:04:56.593502,4.199
2026-04-30T23:03:57.522950,96.43,0.5022,96.43,0.5031,0.0,0.0,4.199,75.9,99,0,60.0,2026-04-30T23:04:57.522784,4.199
2026-04-30T23:03:57.581333,96.43,0.5037,96.43,0.5019,0.0,0.0,4.199,75.9,99,0,60.0,2026-04-30T23:04:57.581158,4.199
2026-04-30T23:03:57.639083,96.43,0.5037,96.43,0.5026,0.0,0.0,4.199,75.9,99,0,60.0,2026-04-30T23:04:57.638934,4.199
2026-04-30T23:03:58.585979,96.43,0.5037,96.43,0.5032,0.0,0.0,4.199,75.9,99,0,60.0,2026-04-30T23:04:58.585782,4.199
2026-04-30T23:03:58.645419,96.43,0.5037,96.43,0.5032,0.0,0.0,4.199,75.9,99,0,60.0,2026-04-30T23:04:58.645267,4.199
2026-04-30T23:03:58.705658,96.43,0.5037,96.43,0.5034,0.0,0.0,4.199,75.9,99,0,60.0,2026-04-30T23:04:58.705515,4.199
2026-04-30T23:03:59.639279,96.4,0.4978,96.42,0.5024,0.0,0.0,4.199,75.9,99,0,60.0,2026-04-30T23:04:59.639065,4.199
2026-04-30T23:03:59.699036,96.4,0.5012,96.41,0.5019,0.0,0.0,4.199,75.9,99,0,60.0,2026-04-30T23:04:59.698818,4.199
2026-04-30T23:03:59.759068,96.4,0.5012,96.41,0.5017,0.0,0.0,4.199,75.9,99,0,60.0,2026-04-30T23:04:59.758922,4.199
2026-04-30T23:04:00.694544,96.39,0.4978,96.4,0.5001,0.0,0.0,4.199,75.9,99,0,60.0,2026-04-30T23:05:00.694382,4.199
2026-04-30T23:04:00.755331,96.39,0.4978,96.39,0.4992,0.0,0.0,4.199,75.9,99,0,60.0,2026-04-30T23:05:00.755174,4.199
2026-04-30T23:04:01.711211,96.39,0.4978,96.39,0.4986,0.0,0.0,4.199,75.9,99,0,60.0,2026-04-30T23:05:01.711026,4.199
2026-04-30T23:04:01.772417,96.38,0.502,96.38,0.4989,0.0,0.0,4.199,75.9,99,0,60.0,2026-04-30T23:05:01.772245,4.199
2026-04-30T23:04:01.832204,96.38,0.502,96.38,0.5001,0.0,0.0,4.199,75.9,99,0,60.0,2026-04-30T23:05:01.832001,4.199
2026-04-30T23:04:02.765495,96.37,0.502,96.38,0.5011,0.0,0.0,4.199,75.9,99,0,60.0,2026-04-30T23:05:02.765266,4.199
2026-04-30T23:04:02.824620,96.37,0.5027,96.37,0.5012,0.0,0.0,4.199,75.9,99,0,60.0,2026-04-30T23:05:02.824444,4.199
2026-04-30T23:04:02.884222,96.37,0.5027,96.37,0.5017,0.0,0.0,4.199,75.9,99,0,60.0,2026-04-30T23:05:02.884051,4.199
2026-04-30T23:04:03.822396,96.35,0.5027,96.36,0.5022,0.0,0.0,4.199,75.9,99,0,60.0,2026-04-30T23:05:03.822232,4.199
2026-04-30T23:04:03.880794,96.35,0.5027,96.36,0.5024,0.0,0.0,4.199,75.9,99,0,60.0,2026-04-30T23:05:03.880634,4.199
2026-04-30T23:04:03.939364,96.35,0.5027,96.35,0.5025,0.0,0.0,4.199,75.9,99,0,60.0,2026-04-30T23:05:03.939215,4.199
2026-04-30T23:04:04.865520,96.33,0.4987,96.34,0.502,0.0,0.0,4.199,75.9,99,0,60.0,2026-04-30T23:05:04.865356,4.199
2026-04-30T23:04:04.921434,96.33,0.5027,96.34,0.5023,0.0,0.0,4.199,75.9,99,0,60.0,2026-04-30T23:05:04.921295,4.199
2026-04-30T23:04:04.978073,96.33,0.5027,96.33,0.5024,0.0,0.0,4.199,75.9,99,0,60.0,2026-04-30T23:05:04.977913,4.199
2026-04-30T23:04:05.936327,96.33,0.4987,96.33,0.5011,0.0,0.0,4.199,75.9,99,0,60.0,2026-04-30T23:05:05.936095,4.199
2026-04-30T23:04:05.994081,96.33,0.4987,96.33,0.5001,0.0,0.0,4.199,75.9,99,0,60.0,2026-04-30T23:05:05.993940,4.199
2026-04-30T23:04:06.955744,96.33,0.4987,96.33,0.4995,0.0,0.0,4.199,75.9,99,0,60.0,2026-04-30T23:05:06.955574,4.199
2026-04-30T23:04:07.016682,96.32,0.4868,96.32,0.4949,0.0,0.0,4.199,75.9,99,0,60.0,2026-04-30T23:05:07.016519,4.199
2026-04-30T23:04:07.075605,96.32,0.4868,96.32,0.4918,0.0,0.0,4.199,75.9,99,0,60.0,2026-04-30T23:05:07.075437,4.199
2026-04-30T23:04:08.004488,96.3,0.4868,96.31,0.4893,0.0,0.0,4.199,75.9,99,0,60.0,2026-04-30T23:05:08.004304,4.199
2026-04-30T23:04:08.062528,96.3,0.4868,96.31,0.4876,0.0,0.0,4.199,75.9,99,0,60.0,2026-04-30T23:05:08.062380,4.199
2026-04-30T23:04:08.121257,96.3,0.4868,96.3,0.4873,0.0,0.0,4.199,75.9,99,0,60.0,2026-04-30T23:05:08.121109,4.199
2026-04-30T23:04:09.059366,96.3,0.4842,96.3,0.4866,0.0,0.0,4.199,75.9,99,0,60.0,2026-04-30T23:05:09.059190,4.199
2026-04-30T23:04:09.118749,96.3,0.4945,96.3,0.4903,0.0,0.0,4.199,75.9,99,0,60.0,2026-04-30T23:05:09.118601,4.199
2026-04-30T23:04:09.182382,96.3,0.4945,96.3,0.4918,0.0,0.0,4.199,75.9,99,0,60.0,2026-04-30T23:05:09.179006,4.199
2026-04-30T23:04:10.112377,96.29,0.4936,96.29,0.4932,0.0,0.0,4.199,75.9,99,0,60.0,2026-04-30T23:05:10.112210,4.199
2026-04-30T23:04:10.168285,96.29,0.4945,96.29,0.4938,0.0,0.0,4.199,75.9,99,0,60.0,2026-04-30T23:05:10.168129,4.199
2026-04-30T23:04:10.226244,96.29,0.4945,96.29,0.4941,0.0,0.0,4.199,75.9,99,0,60.0,2026-04-30T23:05:10.226081,4.199
2026-04-30T23:04:11.179288,96.28,0.4936,96.28,0.494,0.0,0.0,4.199,75.9,99,0,60.0,2026-04-30T23:05:11.178985,4.199
2026-04-30T23:04:11.246473,96.28,0.4936,96.28,0.4938,0.0,0.0,4.199,75.9,99,0,60.0,2026-04-30T23:05:11.246232,4.199
2026-04-30T23:04:12.183993,96.28,0.4936,96.28,0.4937,0.0,0.0,4.199,75.9,99,0,60.0,2026-04-30T23:05:12.183809,4.199
2026-04-30T23:04:12.242403,96.27,0.4995,96.27,0.4944,0.0,0.0,4.199,75.9,99,0,60.0,2026-04-30T23:05:12.242260,4.199
2026-04-30T23:04:12.299228,96.27,0.4995,96.27,0.4963,0.0,0.0,4.199,75.9,99,0,60.0,2026-04-30T23:05:12.299042,4.199
2026-04-30T23:04:13.233443,96.25,0.4995,96.27,0.4979,0.0,0.0,4.199,75.9,99,0,60.0,2026-04-30T23:05:13.233271,4.199
2026-04-30T23:04:13.294032,96.25,0.4928,96.26,0.4952,0.0,0.0,4.199,75.9,99,0,60.0,2026-04-30T23:05:13.293879,4.199
2026-04-30T23:04:13.355502,96.25,0.4928,96.26,0.4943,0.0,0.0,4.199,75.9,99,0,60.0,2026-04-30T23:05:13.355354,4.199
2026-04-30T23:04:14.306372,96.25,0.4909,96.26,0.4932,0.0,0.0,4.199,75.9,99,0,60.0,2026-04-30T23:05:14.306205,4.199
2026-04-30T23:04:14.385503,96.25,0.4909,96.26,0.4921,0.0,0.0,4.199,75.9,99,0,60.0,2026-04-30T23:05:14.385361,4.199
2026-04-30T23:04:14.462673,96.25,0.4909,96.26,0.4917,0.0,0.0,4.199,75.9,99,0,60.0,2026-04-30T23:05:14.462460,4.199
2026-04-30T23:04:15.354858,96.24,0.4878,96.25,0.4904,0.0,0.0,4.199,75.9,99,0,60.0,2026-04-30T23:05:15.354691,4.199
2026-04-30T23:04:15.415130,96.24,0.4887,96.25,0.4897,0.0,0.0,4.199,75.9,99,0,60.0,2026-04-30T23:05:15.414914,4.199
2026-04-30T23:04:15.479792,96.24,0.4887,96.25,0.4893,0.0,0.0,4.199,75.9,99,0,60.0,2026-04-30T23:05:15.479592,4.199
2026-04-30T23:04:16.399841,96.23,0.4887,96.24,0.4889,0.0,0.0,4.199,75.9,99,0,60.0,2026-04-30T23:05:16.399621,4.199
2026-04-30T23:04:16.463327,96.23,0.4887,96.24,0.4888,0.0,0.0,4.199,75.9,99,0,60.0,2026-04-30T23:05:16.463045,4.199
2026-04-30T23:04:17.422051,96.23,0.4887,96.24,0.4887,0.0,0.0,4.199,75.9,99,0,60.0,2026-04-30T23:05:17.421866,4.199
2026-04-30T23:04:17.481976,96.21,0.4919,96.23,0.4883,0.0,0.0,4.199,75.9,99,0,60.0,2026-04-30T23:05:17.481822,4.199
2026-04-30T23:04:17.538966,96.21,0.4919,96.22,0.4897,0.0,0.0,4.199,75.9,99,0,60.0,2026-04-30T23:05:17.538834,4.199
2026-04-30T23:04:18.475344,96.2,0.4919,96.22,0.4908,0.0,0.0,4.199,75.9,99,0,60.0,2026-04-30T23:05:18.475215,4.199
2026-04-30T23:04:18.534183,96.2,0.4927,96.21,0.4905,0.0,0.0,4.199,75.9,99,0,60.0,2026-04-30T23:05:18.534032,4.199
2026-04-30T23:04:18.590204,96.2,0.4927,96.21,0.4913,0.0,0.0,4.199,75.9,99,0,60.0,2026-04-30T23:05:18.590090,4.199
2026-04-30T23:04:19.530470,96.19,0.4894,96.2,0.4916,0.0,0.0,4.199,75.9,99,0,60.0,2026-04-30T23:05:19.530292,4.199
2026-04-30T23:04:19.590467,96.19,0.4953,96.2,0.4928,0.0,0.0,4.199,75.9,99,0,60.0,2026-04-30T23:05:19.590324,4.199
2026-04-30T23:04:19.647588,96.19,0.4953,96.2,0.4936,0.0,0.0,4.199,75.9,99,0,60.0,2026-04-30T23:05:19.647433,4.199
2026-04-30T23:04:20.575101,96.18,0.4902,96.19,0.4939,0.0,0.0,4.199,75.9,99,0,60.0,2026-04-30T23:05:20.574941,4.199
2026-04-30T23:04:20.634766,96.18,0.4953,96.19,0.4945,0.0,0.0,4.199,75.9,99,0,60.0,2026-04-30T23:05:20.634627,4.199
2026-04-30T23:04:20.690959,96.18,0.4953,96.19,0.4948,0.0,0.0,4.199,75.9,99,0,60.0,2026-04-30T23:05:20.690826,4.199
2026-04-30T23:04:21.703527,96.18,0.5003,96.18,0.4945,0.0,0.0,4.199,75.9,99,0,60.0,2026-04-30T23:05:21.703350,4.199
2026-04-30T23:04:21.761161,96.18,0.5003,96.18,0.497,0.0,0.0,4.199,75.9,99,0,60.0,2026-04-30T23:05:21.761014,4.199
2026-04-30T23:04:22.654266,96.18,0.5003,96.18,0.4985,0.0,0.0,4.199,75.9,99,0,60.0,2026-04-30T23:05:22.654101,4.199
2026-04-30T23:04:22.712337,96.17,0.5003,96.18,0.4995,0.0,0.0,4.199,75.9,99,0,60.0,2026-04-30T23:05:22.712180,4.199
2026-04-30T23:04:22.768441,96.17,0.5003,96.18,0.4998,0.0,0.0,4.199,75.9,99,0,60.0,2026-04-30T23:05:22.768330,4.199
2026-04-30T23:04:23.710734,96.16,0.5003,96.17,0.5001,0.0,0.0,4.199,75.9,99,0,60.0,2026-04-30T23:05:23.710537,4.199
2026-04-30T23:04:23.768429,96.16,0.4909,96.17,0.4958,0.0,0.0,4.199,75.9,99,0,60.0,2026-04-30T23:05:23.768273,4.199
2026-04-30T23:04:23.824421,96.16,0.4909,96.17,0.494,0.0,0.0,4.199,75.9,99,0,60.0,2026-04-30T23:05:23.824307,4.199
2026-04-30T23:04:24.753892,96.15,0.4868,96.16,0.4917,0.0,0.0,4.199,75.9,99,0,60.0,2026-04-30T23:05:24.753730,4.199
2026-04-30T23:04:24.813215,96.15,0.4852,96.16,0.4887,0.0,0.0,4.199,75.9,99,0,60.0,2026-04-30T23:05:24.813063,4.199
2026-04-30T23:04:24.872268,96.15,0.4852,96.16,0.4875,0.0,0.0,4.199,75.9,99,0,60.0,2026-04-30T23:05:24.872123,4.199
2026-04-30T23:04:25.813309,96.14,0.4833,96.15,0.4856,0.0,0.0,4.199,75.9,99,0,60.0,2026-04-30T23:05:25.813147,4.199
2026-04-30T23:04:25.870168,96.14,0.4833,96.15,0.4846,0.0,0.0,4.199,75.9,99,0,60.0,2026-04-30T23:05:25.870036,4.199
2026-04-30T23:04:25.927542,96.14,0.4833,96.15,0.4842,0.0,0.0,4.199,75.9,99,0,60.0,2026-04-30T23:05:25.927391,4.199
2026-04-30T23:04:26.875696,96.14,0.4911,96.14,0.4838,0.0,0.0,4.199,75.9,99,0,60.0,2026-04-30T23:05:26.875527,4.199
2026-04-30T23:04:26.931937,96.14,0.4911,96.14,0.4868,0.0,0.0,4.199,75.9,99,0,60.0,2026-04-30T23:05:26.931813,4.199
2026-04-30T23:04:27.890802,96.14,0.4911,96.14,0.4887,0.0,0.0,4.199,75.9,99,0,60.0,2026-04-30T23:05:27.890639,4.199
2026-04-30T23:04:27.948318,96.14,0.4928,96.14,0.4894,0.0,0.0,4.199,75.9,99,0,60.0,2026-04-30T23:05:27.948165,4.199
2026-04-30T23:04:28.004355,96.14,0.4928,96.14,0.4907,0.0,0.0,4.199,75.9,99,0,60.0,2026-04-30T23:05:28.004241,4.199
2026-04-30T23:04:28.934860,96.13,0.4928,96.14,0.4917,0.0,0.0,4.199,75.9,99,0,60.0,2026-04-30T23:05:28.934712,4.199
2026-04-30T23:04:29.007666,96.13,0.4918,96.14,0.491,0.0,0.0,4.199,75.9,99,0,60.0,2026-04-30T23:05:29.007539,4.199
2026-04-30T23:04:29.139954,96.13,0.4918,96.14,0.4913,0.0,0.0,4.199,75.9,99,0,60.0,2026-04-30T23:05:29.139629,4.199
2026-04-30T23:04:29.989407,96.11,0.4835,96.13,0.4903,0.0,0.0,4.199,75.9,99,0,60.0,2026-04-30T23:05:29.989244,4.199
2026-04-30T23:04:30.047653,96.11,0.4868,96.12,0.4884,0.0,0.0,4.199,75.9,99,0,60.0,2026-04-30T23:05:30.047518,4.199
2026-04-30T23:04:30.104051,96.11,0.4868,96.12,0.4879,0.0,0.0,4.199,75.9,99,0,60.0,2026-04-30T23:05:30.103935,4.199
2026-04-30T23:04:31.055326,96.11,0.4868,96.11,0.4873,0.0,0.0,4.199,75.9,99,0,60.0,2026-04-30T23:05:31.055162,4.199
2026-04-30T23:04:31.113166,96.11,0.4909,96.11,0.4889,0.0,0.0,4.199,75.9,99,0,60.0,2026-04-30T23:05:31.113017,4.199
2026-04-30T23:04:31.170478,96.11,0.4909,96.11,0.4896,0.0,0.0,4.199,75.9,99,0,60.0,2026-04-30T23:05:31.170332,4.199
2026-04-30T23:04:32.102410,96.1,0.4953,96.11,0.4909,0.0,0.0,4.199,75.9,99,0,60.0,2026-04-30T23:05:32.102226,4.199
2026-04-30T23:04:32.159778,96.1,0.4953,96.11,0.4927,0.0,0.0,4.199,75.9,99,0,60.0,2026-04-30T23:05:32.159635,4.199
2026-04-30T23:04:33.116814,96.1,0.4953,96.1,0.4938,0.0,0.0,4.199,75.9,99,0,60.0,2026-04-30T23:05:33.116664,4.199
2026-04-30T23:04:33.173826,96.09,0.4852,96.1,0.4908,0.0,0.0,4.199,75.9,99,0,60.0,2026-04-30T23:05:33.173698,4.199
2026-04-30T23:04:33.229193,96.09,0.4852,96.1,0.4886,0.0,0.0,4.199,75.9,99,0,60.0,2026-04-30T23:05:33.229077,4.199
2026-04-30T23:04:34.181197,96.09,0.4852,96.09,0.4869,0.0,0.0,4.199,75.9,99,0,60.0,2026-04-30T23:05:34.181029,4.199
2026-04-30T23:04:34.243583,96.09,0.4851,96.09,0.4854,0.0,0.0,4.199,75.9,99,0,60.0,2026-04-30T23:05:34.243446,4.199
2026-04-30T23:04:34.299464,96.09,0.4851,96.09,0.4853,0.0,0.0,4.199,75.9,99,0,60.0,2026-04-30T23:05:34.299338,4.199
2026-04-30T23:04:35.235277,96.09,0.4819,96.09,0.4847,0.0,0.0,4.199,75.9,99,0,60.0,2026-04-30T23:05:35.235141,4.199
2026-04-30T23:04:35.292055,96.09,0.4868,96.09,0.4855,0.0,0.0,4.199,75.9,99,0,60.0,2026-04-30T23:05:35.291912,4.199
2026-04-30T23:04:35.347655,96.09,0.4868,96.09,0.486,0.0,0.0,4.199,75.9,99,0,60.0,2026-04-30T23:05:35.347545,4.199
2026-04-30T23:04:36.279890,96.07,0.4835,96.08,0.4858,0.0,0.0,4.199,75.9,99,0,60.0,2026-04-30T23:05:36.279744,4.199
2026-04-30T23:04:36.336750,96.07,0.4835,96.08,0.4848,0.0,0.0,4.199,75.9,99,0,60.0,2026-04-30T23:05:36.336627,4.199
2026-04-30T23:04:36.392661,96.07,0.4835,96.08,0.4843,0.0,0.0,4.199,75.9,99,0,60.0,2026-04-30T23:05:36.392543,4.199
2026-04-30T23:04:37.339885,96.06,0.4835,96.07,0.4828,0.0,0.0,4.199,75.9,99,0,60.0,2026-04-30T23:05:37.339698,4.199
2026-04-30T23:04:37.398501,96.06,0.4835,96.07,0.4831,0.0,0.0,4.199,75.9,99,0,60.0,2026-04-30T23:05:37.398331,4.199
2026-04-30T23:04:38.361506,96.06,0.4835,96.06,0.4833,0.0,0.0,4.199,75.9,99,0,60.0,2026-04-30T23:05:38.361289,4.199
2026-04-30T23:04:38.419006,96.05,0.4936,96.06,0.4863,0.0,0.0,4.199,75.9,99,0,60.0,2026-04-30T23:05:38.418868,4.199
2026-04-30T23:04:38.475913,96.05,0.4936,96.05,0.4891,0.0,0.0,4.199,75.9,99,0,60.0,2026-04-30T23:05:38.475772,4.199
2026-04-30T23:04:39.417918,96.04,0.4936,96.05,0.4913,0.0,0.0,4.199,75.9,99,0,60.0,2026-04-30T23:05:39.417777,4.199
2026-04-30T23:04:39.474610,96.04,0.4987,96.05,0.4935,0.0,0.0,4.199,75.9,99,0,60.0,2026-04-30T23:05:39.474486,4.199
2026-04-30T23:04:39.535523,96.04,0.4987,96.04,0.4954,0.0,0.0,4.199,75.9,99,0,60.0,2026-04-30T23:05:39.535193,4.199
2026-04-30T23:04:40.471198,96.04,0.4909,96.04,0.4959,0.0,0.0,4.199,75.9,99,0,60.0,2026-04-30T23:05:40.471053,4.199
2026-04-30T23:04:40.528935,96.04,0.4978,96.04,0.4968,0.0,0.0,4.199,75.9,99,0,60.0,2026-04-30T23:05:40.528769,4.199
2026-04-30T23:04:40.585190,96.04,0.4978,96.04,0.4972,0.0,0.0,4.199,75.9,99,0,60.0,2026-04-30T23:05:40.585074,4.199
2026-04-30T23:04:41.523709,96.04,0.4963,96.04,0.4971,0.0,0.0,4.199,75.9,99,0,60.0,2026-04-30T23:05:41.523555,4.199
2026-04-30T23:04:41.613871,96.04,0.4963,96.04,0.4968,0.0,0.0,4.199,75.9,99,0,60.0,2026-04-30T23:05:41.613692,4.199
2026-04-30T23:04:41.674397,96.04,0.4963,96.04,0.4966,0.0,0.0,4.199,75.9,99,0,60.0,2026-04-30T23:05:41.674223,4.199
2026-04-30T23:04:42.579869,96.04,0.4961,96.04,0.4946,0.0,0.0,4.199,75.9,99,0,60.0,2026-04-30T23:05:42.579649,4.199
2026-04-30T23:04:42.641310,96.04,0.4961,96.04,0.4952,0.0,0.0,4.199,75.9,99,0,60.0,2026-04-30T23:05:42.641116,4.199
2026-04-30T23:04:43.588721,96.04,0.4961,96.04,0.4956,0.0,0.0,4.199,75.9,99,0,60.0,2026-04-30T23:05:43.588561,4.199
2026-04-30T23:04:43.648799,96.03,0.49,96.04,0.4926,0.0,0.0,4.199,75.9,99,0,60.0,2026-04-30T23:05:43.648631,4.199
2026-04-30T23:04:43.708126,96.03,0.49,96.03,0.4916,0.0,0.0,4.199,75.9,99,0,60.0,2026-04-30T23:05:43.707994,4.199
2026-04-30T23:04:44.646716,96.02,0.49,96.03,0.4908,0.0,0.0,4.199,75.9,99,0,60.0,2026-04-30T23:05:44.646554,4.199
2026-04-30T23:04:44.704224,96.02,0.486,96.03,0.4884,0.0,0.0,4.199,75.9,99,0,60.0,2026-04-30T23:05:44.704060,4.199
2026-04-30T23:04:44.760610,96.02,0.486,96.02,0.4875,0.0,0.0,4.199,75.9,99,0,60.0,2026-04-30T23:05:44.760486,4.199
2026-04-30T23:04:45.708637,96.02,0.486,96.02,0.4867,0.0,0.0,4.199,75.9,99,0,60.0,2026-04-30T23:05:45.708468,4.199
2026-04-30T23:04:45.769208,96.02,0.4894,96.02,0.4876,0.0,0.0,4.199,75.9,99,0,60.0,2026-04-30T23:05:45.769041,4.199
2026-04-30T23:04:45.826258,96.02,0.4894,96.02,0.4882,0.0,0.0,4.199,75.9,99,0,60.0,2026-04-30T23:05:45.826130,4.199
2026-04-30T23:04:46.759754,96.0,0.4894,96.01,0.4884,0.0,0.0,4.199,75.9,99,0,60.0,2026-04-30T23:05:46.759604,4.199
2026-04-30T23:04:46.816636,96.0,0.4945,96.01,0.4911,0.0,0.0,4.199,75.9,99,0,60.0,2026-04-30T23:05:46.816490,4.199
2026-04-30T23:04:46.873150,96.0,0.4945,96.0,0.4922,0.0,0.0,4.199,75.9,99,0,60.0,2026-04-30T23:05:46.873021,4.199
2026-04-30T23:04:48.518354,96.0,0.4928,96.0,0.4933,0.0,0.0,4.199,75.9,99,0,60.0,2026-04-30T23:05:48.517834,4.199
2026-04-30T23:04:48.662820,96.0,0.4928,96.0,0.493,0.0,0.0,4.199,75.9,99,0,60.0,2026-04-30T23:05:48.662478,4.199
2026-04-30T23:04:48.828487,96.0,0.4928,96.0,0.4929,0.0,0.0,4.199,75.9,99,0,60.0,2026-04-30T23:05:48.828256,4.199
2026-04-30T23:04:48.884780,95.99,0.4928,96.0,0.4908,0.0,0.0,4.199,75.9,99,0,60.0,2026-04-30T23:05:48.884647,4.199
2026-04-30T23:04:48.940089,95.99,0.4928,95.99,0.4914,0.0,0.0,4.199,75.9,99,0,60.0,2026-04-30T23:05:48.939963,4.199
2026-04-30T23:04:49.966274,95.97,0.4928,95.99,0.492,0.0,0.0,4.199,75.9,99,0,60.0,2026-04-30T23:05:49.965929,4.199
2026-04-30T23:04:50.090751,95.97,0.4968,95.98,0.4927,0.0,0.0,4.199,75.9,99,0,60.0,2026-04-30T23:05:50.090557,4.199
2026-04-30T23:04:50.225571,95.97,0.4968,95.98,0.4943,0.0,0.0,4.199,75.9,99,0,60.0,2026-04-30T23:05:50.224997,4.199
2026-04-30T23:04:50.944878,95.96,0.4851,95.97,0.4939,0.0,0.0,4.199,75.9,99,0,60.0,2026-04-30T23:05:50.944732,4.199
2026-04-30T23:04:51.000729,95.96,0.486,95.96,0.4903,0.0,0.0,4.199,75.9,99,0,60.0,2026-04-30T23:05:51.000604,4.199
2026-04-30T23:04:51.056465,95.96,0.486,95.96,0.4889,0.0,0.0,4.199,75.9,99,0,60.0,2026-04-30T23:05:51.056347,4.199
2026-04-30T23:04:51.999369,95.94,0.486,95.95,0.4871,0.0,0.0,4.199,75.9,99,0,60.0,2026-04-30T23:05:51.999241,4.199
2026-04-30T23:04:52.059303,95.94,0.486,95.95,0.4866,0.0,0.0,4.199,75.9,99,0,60.0,2026-04-30T23:05:52.059171,4.199
2026-04-30T23:04:52.118888,95.94,0.486,95.94,0.4864,0.0,0.0,4.199,75.9,99,0,60.0,2026-04-30T23:05:52.118754,4.199
2026-04-30T23:04:53.054593,95.94,0.4877,95.94,0.4864,0.0,0.0,4.199,75.9,99,0,60.0,2026-04-30T23:05:53.054409,4.199
2026-04-30T23:04:53.116502,95.94,0.4877,95.94,0.4869,0.0,0.0,4.199,75.9,99,0,60.0,2026-04-30T23:05:53.116331,4.199
2026-04-30T23:04:54.076371,95.94,0.4877,95.94,0.4873,0.0,0.0,4.199,75.9,99,0,60.0,2026-04-30T23:05:54.076142,4.199
2026-04-30T23:04:54.173546,95.93,0.4877,95.93,0.4872,0.0,0.0,4.199,75.9,99,0,60.0,2026-04-30T23:05:54.173216,4.199
2026-04-30T23:04:54.300531,95.93,0.4877,95.93,0.4874,0.0,0.0,4.199,75.9,99,0,60.0,2026-04-30T23:05:54.300029,4.199
2026-04-30T23:04:55.692971,95.91,0.4877,95.93,0.4876,0.0,0.0,4.199,75.9,99,0,60.0,2026-04-30T23:05:55.692680,4.199
2026-04-30T23:04:56.289396,95.91,0.4868,95.91,0.4871,0.0,0.0,4.199,75.9,99,0,60.0,2026-04-30T23:05:56.289197,4.199
2026-04-30T23:04:56.400750,95.91,0.4868,95.91,0.487,0.0,0.0,4.199,75.9,99,0,60.0,2026-04-30T23:05:56.400456,4.199
2026-04-30T23:04:56.486042,95.91,0.4833,95.91,0.4866,0.0,0.0,4.199,75.9,99,0,60.0,2026-04-30T23:05:56.485864,4.199
2026-04-30T23:04:56.555492,95.91,0.4894,95.91,0.4872,0.0,0.0,4.199,75.9,99,0,60.0,2026-04-30T23:05:56.555362,4.199
2026-04-30T23:04:56.620604,95.91,0.4894,95.91,0.4878,0.0,0.0,4.199,75.9,99,0,60.0,2026-04-30T23:05:56.620475,4.199
2026-04-30T23:04:57.225671,95.9,0.4894,95.9,0.4879,0.0,0.0,4.199,75.9,99,0,60.0,2026-04-30T23:05:57.225514,4.199
2026-04-30T23:04:57.282465,95.9,0.4894,95.9,0.4885,0.0,0.0,4.199,75.9,99,0,60.0,2026-04-30T23:05:57.282329,4.199
2026-04-30T23:04:57.339736,95.9,0.4894,95.9,0.4888,0.0,0.0,4.199,75.9,99,0,60.0,2026-04-30T23:05:57.339573,4.199
2026-04-30T23:04:58.299984,95.89,0.4894,95.89,0.4891,0.0,0.0,4.199,75.9,99,0,60.0,2026-04-30T23:05:58.299741,4.199
2026-04-30T23:04:58.393038,95.89,0.4894,95.89,0.4892,0.0,0.0,4.199,75.9,99,0,60.0,2026-04-30T23:05:58.392760,4.199
2026-04-30T23:04:59.835851,95.89,0.4894,95.89,0.4893,0.0,0.0,4.199,75.9,99,0,60.0,2026-04-30T23:05:59.835491,4.199
2026-04-30T23:05:00.219387,95.87,0.4851,95.87,0.4861,0.0,0.0,4.199,75.9,99,0,60.0,2026-04-30T23:06:00.219047,4.199
2026-04-30T23:05:00.336807,95.87,0.4851,95.87,0.4856,0.0,0.0,4.199,75.9,99,0,60.0,2026-04-30T23:06:00.336559,4.199
2026-04-30T23:05:00.433700,95.87,0.4851,95.87,0.4854,0.0,0.0,4.199,75.9,99,0,60.0,2026-04-30T23:06:00.433480,4.199
2026-04-30T23:05:00.604874,95.87,0.49,95.87,0.4856,0.0,0.0,4.199,75.9,99,0,60.0,2026-04-30T23:06:00.604636,4.199
2026-04-30T23:05:00.764678,95.87,0.49,95.87,0.4873,0.0,0.0,4.199,75.9,99,0,60.0,2026-04-30T23:06:00.764428,4.199
2026-04-30T23:05:01.404310,95.87,0.49,95.87,0.4887,0.0,0.0,4.199,75.9,99,0,60.0,2026-04-30T23:06:01.404170,4.199
2026-04-30T23:05:01.460267,95.87,0.49,95.87,0.4893,0.0,0.0,4.199,75.9,99,0,60.0,2026-04-30T23:06:01.460139,4.199
2026-04-30T23:05:01.521595,95.87,0.49,95.87,0.4895,0.0,0.0,4.199,75.9,99,0,60.0,2026-04-30T23:06:01.521448,4.199
2026-04-30T23:05:02.638471,95.85,0.4842,95.86,0.4881,0.0,0.0,4.199,75.9,99,0,60.0,2026-04-30T23:06:02.638129,4.199
2026-04-30T23:05:02.851167,95.85,0.4877,95.85,0.4879,0.0,0.0,4.199,75.9,99,0,60.0,2026-04-30T23:06:02.850809,4.199
2026-04-30T23:05:03.738862,95.85,0.4877,95.85,0.4878,0.0,0.0,4.199,75.9,99,0,60.0,2026-04-30T23:06:03.723777,4.199
2026-04-30T23:05:04.132739,95.84,0.4826,95.84,0.4858,0.0,0.0,4.199,75.9,99,0,60.0,2026-04-30T23:06:04.132486,4.199
2026-04-30T23:05:04.250693,95.84,0.4826,95.84,0.4843,0.0,0.0,4.199,75.9,99,0,60.0,2026-04-30T23:06:04.250419,4.199
2026-04-30T23:05:04.533208,95.84,0.4826,95.84,0.4836,0.0,0.0,4.199,75.9,99,0,60.0,2026-04-30T23:06:04.533075,4.199
2026-04-30T23:05:04.599942,95.83,0.4826,95.83,0.4821,0.0,0.0,4.199,75.9,99,0,60.0,2026-04-30T23:06:04.599818,4.199
2026-04-30T23:05:04.656678,95.83,0.4826,95.83,0.4823,0.0,0.0,4.199,75.9,99,0,60.0,2026-04-30T23:06:04.656537,4.199
