timestamp,T_actual,P_actual_gauge,T_predicted,P_predicted,Q_watts,flow_lpm,water_L,eta_instant,health_score,anomaly_flag,prediction_horizon_s,prediction_target_timestamp,L_predicted
2026-04-30T21:51:31.491767,58.89,0,58.89,0.0,0.0,0.0,0,0.0,100,0,60.0,2026-04-30T21:52:31.491624,4.255
2026-04-30T21:51:31.549514,58.89,0,61.73,0.0,1000.0,0.0,0,88.6,100,0,60.0,2026-04-30T21:52:31.549390,4.211
2026-04-30T21:51:32.526885,58.89,0,61.77,0.0,1000.0,0.0,4.199,88.6,100,0,60.0,2026-04-30T21:52:32.526622,4.211
2026-04-30T21:51:32.601096,58.92,0,61.77,0.0,1000.0,0.0,4.199,88.6,100,0,60.0,2026-04-30T21:52:32.600912,4.211
2026-04-30T21:51:32.667413,58.92,0,61.77,0.0,1000.0,0.0,4.199,88.6,100,0,60.0,2026-04-30T21:52:32.667221,4.211
2026-04-30T21:51:33.652663,58.92,0,61.79,0.0,1000.0,0.0,4.199,88.6,100,0,60.0,2026-04-30T21:52:33.652308,4.211
2026-04-30T21:51:34.292010,58.92,0,61.79,0.0,1000.0,0.0,4.199,88.6,100,0,60.0,2026-04-30T21:52:34.284778,4.211
2026-04-30T21:51:34.791698,58.92,0,61.79,0.0,1000.0,0.0,4.199,88.6,100,0,60.0,2026-04-30T21:52:34.790688,4.211
2026-04-30T21:51:35.045480,58.96,0,61.79,0.0,1000.0,0.0,4.199,88.6,100,0,60.0,2026-04-30T21:52:35.045102,4.211
2026-04-30T21:51:35.257480,58.96,0,61.81,0.0,1000.0,0.0,4.199,88.6,100,0,60.0,2026-04-30T21:52:35.257247,4.211
2026-04-30T21:51:35.454258,58.96,0,61.81,0.0,1000.0,0.0,4.199,88.6,100,0,60.0,2026-04-30T21:52:35.454019,4.211
2026-04-30T21:51:36.121257,58.96,0,61.82,0.0,1000.0,0.0,4.199,88.6,100,0,60.0,2026-04-30T21:52:36.120838,4.211
2026-04-30T21:51:36.510866,58.96,0,61.83,0.0,1000.0,0.0,4.199,88.6,100,0,60.0,2026-04-30T21:52:36.510480,4.211
2026-04-30T21:51:37.229475,58.96,0,61.83,0.0,1000.0,0.0,4.199,88.6,100,0,60.0,2026-04-30T21:52:37.177427,4.211
2026-04-30T21:51:37.538106,59.0,0,61.85,0.0,1000.0,0.0,4.199,88.6,100,0,60.0,2026-04-30T21:52:37.537517,4.211
2026-04-30T21:51:37.845367,59.0,0,61.85,0.0,1000.0,0.0,4.199,88.6,100,0,60.0,2026-04-30T21:52:37.845146,4.211
2026-04-30T21:51:38.090463,59.0,0,61.86,0.0,1000.0,0.0,4.199,88.6,100,0,60.0,2026-04-30T21:52:38.058993,4.211
2026-04-30T21:51:38.355464,59.04,0,61.88,0.0,1000.0,0.0,4.199,88.6,100,0,60.0,2026-04-30T21:52:38.354824,4.211
2026-04-30T21:51:38.555256,59.04,0,61.89,0.0,1000.0,0.0,4.199,88.6,100,0,60.0,2026-04-30T21:52:38.554704,4.211
2026-04-30T21:51:38.991569,59.08,0,61.9,0.0,1000.0,0.0,4.199,88.6,100,0,60.0,2026-04-30T21:52:38.991294,4.211
2026-04-30T21:51:39.275085,59.08,0,61.92,0.0,1000.0,0.0,4.199,88.6,100,0,60.0,2026-04-30T21:52:39.274662,4.211
2026-04-30T21:51:39.453682,59.08,0,61.93,0.0,1000.0,0.0,4.199,88.6,100,0,60.0,2026-04-30T21:52:39.453445,4.211
2026-04-30T21:51:39.977795,59.13,0,61.95,0.0,1000.0,0.0,4.199,88.5,100,0,60.0,2026-04-30T21:52:39.977348,4.211
2026-04-30T21:51:40.270563,59.13,0,61.97,0.0,1000.0,0.0,4.199,88.5,100,0,60.0,2026-04-30T21:52:40.264500,4.211
2026-04-30T21:51:40.587883,59.13,0,61.98,0.0,1000.0,0.0,4.199,88.5,100,0,60.0,2026-04-30T21:52:40.587570,4.211
2026-04-30T21:51:41.037723,59.16,0,61.99,0.0,1000.0,0.0,4.199,88.5,100,0,60.0,2026-04-30T21:52:41.037294,4.211
2026-04-30T21:51:41.634228,59.16,0,62.0,0.0,1000.0,0.0,4.199,88.5,100,0,60.0,2026-04-30T21:52:41.633690,4.211
2026-04-30T21:51:41.977319,59.16,0,62.02,0.0,1000.0,0.0,4.199,88.5,100,0,60.0,2026-04-30T21:52:41.977021,4.211
2026-04-30T21:51:42.368532,59.22,0,62.04,0.0,1000.0,0.0,4.199,88.5,100,0,60.0,2026-04-30T21:52:42.368044,4.211
2026-04-30T21:51:42.830925,59.22,0,62.06,0.0,1000.0,0.0,4.199,88.5,100,0,60.0,2026-04-30T21:52:42.830309,4.211
2026-04-30T21:51:43.045000,59.22,0,62.07,0.0,1000.0,0.0,4.199,88.5,100,0,60.0,2026-04-30T21:52:43.044725,4.211
2026-04-30T21:51:43.210747,59.26,0,62.09,0.0,1000.0,0.0,4.199,88.5,100,0,60.0,2026-04-30T21:52:43.210536,4.211
2026-04-30T21:51:43.344333,59.26,0,62.1,0.0,1000.0,0.0,4.199,88.5,100,0,60.0,2026-04-30T21:52:43.344093,4.211
2026-04-30T21:51:44.293405,59.31,0,62.12,0.0,1000.0,0.0,4.199,88.5,100,0,60.0,2026-04-30T21:52:44.275712,4.211
2026-04-30T21:51:44.496004,59.31,0,62.14,0.0,1000.0,0.0,4.199,88.5,100,0,60.0,2026-04-30T21:52:44.495713,4.211
2026-04-30T21:51:44.638550,59.31,0,62.14,0.0,1000.0,0.0,4.199,88.5,100,0,60.0,2026-04-30T21:52:44.638218,4.211
2026-04-30T21:51:45.169520,59.35,0,62.17,0.0,1000.0,0.0,4.199,88.5,100,0,60.0,2026-04-30T21:52:45.169161,4.211
2026-04-30T21:51:45.290482,59.35,0,62.18,0.0,1000.0,0.0,4.199,88.5,100,0,60.0,2026-04-30T21:52:45.290031,4.211
2026-04-30T21:51:45.456448,59.35,0,62.18,0.0,1000.0,0.0,4.199,88.5,100,0,60.0,2026-04-30T21:52:45.456111,4.211
2026-04-30T21:51:46.533010,59.41,0,62.23,0.0,1000.0,0.0,4.199,88.4,100,0,60.0,2026-04-30T21:52:46.530069,4.211
2026-04-30T21:51:46.785772,59.41,0,62.24,0.0,1000.0,0.0,4.199,88.4,100,0,60.0,2026-04-30T21:52:46.785237,4.211
2026-04-30T21:51:47.015809,59.41,0,62.25,0.0,1000.0,0.0,4.199,88.4,100,0,60.0,2026-04-30T21:52:47.015448,4.211
2026-04-30T21:51:47.333564,59.44,0,62.27,0.0,1000.0,0.0,4.199,88.4,100,0,60.0,2026-04-30T21:52:47.333240,4.211
2026-04-30T21:51:47.503073,59.44,0,62.28,0.0,1000.0,0.0,4.199,88.4,100,0,60.0,2026-04-30T21:52:47.502534,4.211
2026-04-30T21:51:48.268135,59.44,0,62.3,0.0,1000.0,0.0,4.199,88.4,100,0,60.0,2026-04-30T21:52:48.267733,4.211
2026-04-30T21:51:48.386218,59.49,0,62.32,0.0,1000.0,0.0,4.199,88.4,100,0,60.0,2026-04-30T21:52:48.385686,4.211
2026-04-30T21:51:48.517200,59.49,0,62.32,0.0,1000.0,0.0,4.199,88.4,100,0,60.0,2026-04-30T21:52:48.516848,4.211
2026-04-30T21:51:49.311948,59.54,0,62.36,0.0,1000.0,0.0,4.199,88.4,100,0,60.0,2026-04-30T21:52:49.311668,4.211
2026-04-30T21:51:49.445594,59.54,0,62.37,0.0,1000.0,0.0,4.199,88.4,100,0,60.0,2026-04-30T21:52:49.445275,4.211
2026-04-30T21:51:49.635937,59.54,0,62.38,0.0,1000.0,0.0,4.199,88.4,100,0,60.0,2026-04-30T21:52:49.635433,4.211
2026-04-30T21:51:50.380338,59.6,0,62.41,0.0,1000.0,0.0,4.199,88.4,99,0,60.0,2026-04-30T21:52:50.379805,4.211
2026-04-30T21:51:50.510740,59.6,0,62.42,0.0,1000.0,0.0,4.199,88.4,99,0,60.0,2026-04-30T21:52:50.510436,4.211
2026-04-30T21:51:50.652362,59.6,0,62.43,0.0,1000.0,0.0,4.199,88.4,99,0,60.0,2026-04-30T21:52:50.652098,4.211
2026-04-30T21:51:51.694167,59.64,0,62.47,0.0,1000.0,0.0,4.199,88.4,99,0,60.0,2026-04-30T21:52:51.688318,4.211
2026-04-30T21:51:52.776802,59.64,0,62.49,0.0,1000.0,0.0,4.199,88.4,99,0,60.0,2026-04-30T21:52:52.760083,4.211
2026-04-30T21:51:53.152190,59.64,0,62.49,0.0,1000.0,0.0,4.199,88.4,99,0,60.0,2026-04-30T21:52:53.151616,4.211
2026-04-30T21:51:53.325429,59.68,0,62.5,0.0,1000.0,0.0,4.199,88.4,99,0,60.0,2026-04-30T21:52:53.324946,4.211
2026-04-30T21:51:53.484260,59.68,0,62.51,0.0,1000.0,0.0,4.199,88.4,99,0,60.0,2026-04-30T21:52:53.483887,4.211
2026-04-30T21:51:53.633060,59.68,0,62.51,0.0,1000.0,0.0,4.199,88.4,99,0,60.0,2026-04-30T21:52:53.632285,4.211
2026-04-30T21:51:53.825081,59.71,0,62.53,0.0,1000.0,0.0,4.199,88.3,99,0,60.0,2026-04-30T21:52:53.824853,4.211
2026-04-30T21:51:54.045039,59.71,0,62.54,0.0,1000.0,0.0,4.199,88.3,99,0,60.0,2026-04-30T21:52:54.044750,4.211
2026-04-30T21:51:54.584550,59.77,0,62.57,0.0,1000.0,0.0,4.199,88.3,99,0,60.0,2026-04-30T21:52:54.584206,4.211
2026-04-30T21:51:54.775362,59.77,0,62.59,0.0,1000.0,0.0,4.199,88.3,99,0,60.0,2026-04-30T21:52:54.775012,4.211
2026-04-30T21:51:54.986699,59.77,0,62.6,0.0,1000.0,0.0,4.199,88.3,99,0,60.0,2026-04-30T21:52:54.986335,4.211
2026-04-30T21:51:55.710132,59.82,0,62.63,0.0,1000.0,0.0,4.199,88.3,99,0,60.0,2026-04-30T21:52:55.708811,4.211
2026-04-30T21:51:55.945118,59.82,0,62.65,0.0,1000.0,0.0,4.199,88.3,99,0,60.0,2026-04-30T21:52:55.944823,4.211
2026-04-30T21:51:56.634937,59.82,0,62.66,0.0,1000.0,0.0,4.199,88.3,99,0,60.0,2026-04-30T21:52:56.618866,4.211
2026-04-30T21:51:58.808882,59.87,0,62.71,0.0,1000.0,0.0,4.199,88.3,99,0,60.0,2026-04-30T21:52:58.803950,4.211
2026-04-30T21:51:59.506803,59.87,0,62.73,0.0,1000.0,0.0,4.199,88.3,99,0,60.0,2026-04-30T21:52:59.491756,4.211
2026-04-30T21:51:59.867085,59.87,0,62.73,0.0,1000.0,0.0,4.199,88.3,99,0,60.0,2026-04-30T21:52:59.866371,4.211
2026-04-30T21:52:00.171923,59.91,0,62.74,0.0,1000.0,0.0,4.199,88.3,99,0,60.0,2026-04-30T21:53:00.170901,4.211
2026-04-30T21:52:00.568053,59.91,0,62.75,0.0,1000.0,0.0,4.199,88.3,99,0,60.0,2026-04-30T21:53:00.543784,4.211
2026-04-30T21:52:01.202938,59.91,0,62.76,0.0,1000.0,0.0,4.199,88.3,99,0,60.0,2026-04-30T21:53:01.202501,4.211
2026-04-30T21:52:01.416264,59.96,0,62.79,0.0,1000.0,0.0,4.199,88.3,99,0,60.0,2026-04-30T21:53:01.415822,4.211
2026-04-30T21:52:01.652622,59.96,0,62.8,0.0,1000.0,0.0,4.199,88.3,99,0,60.0,2026-04-30T21:53:01.652340,4.211
2026-04-30T21:52:02.038455,60.01,0,62.81,0.0,1000.0,0.0,4.199,88.2,99,0,60.0,2026-04-30T21:53:02.034540,4.211
2026-04-30T21:52:02.501507,60.01,0,62.85,0.0,1000.0,0.0,4.199,88.2,99,0,60.0,2026-04-30T21:53:02.501003,4.211
2026-04-30T21:52:02.640371,60.01,0,62.85,0.0,1000.0,0.0,4.199,88.2,99,0,60.0,2026-04-30T21:53:02.639105,4.211
2026-04-30T21:52:03.044059,60.06,0,62.87,0.0,1000.0,0.0,4.199,88.2,99,0,60.0,2026-04-30T21:53:03.043645,4.211
2026-04-30T21:52:03.397995,60.06,0,62.89,0.0,1000.0,0.0,4.199,88.2,99,0,60.0,2026-04-30T21:53:03.397508,4.211
2026-04-30T21:52:03.610554,60.06,0,62.89,0.0,1000.0,0.0,4.199,88.2,99,0,60.0,2026-04-30T21:53:03.610240,4.211
2026-04-30T21:52:04.308857,60.1,0,62.91,0.0,1000.0,0.0,4.199,88.2,99,0,60.0,2026-04-30T21:53:04.308503,4.211
2026-04-30T21:52:04.589579,60.1,0,62.94,0.0,1000.0,0.0,4.199,88.2,99,0,60.0,2026-04-30T21:53:04.586918,4.211
2026-04-30T21:52:04.709477,60.1,0,62.94,0.0,1000.0,0.0,4.199,88.2,99,0,60.0,2026-04-30T21:53:04.709194,4.211
2026-04-30T21:52:04.859549,60.16,0,62.96,0.0,1000.0,0.0,4.199,88.2,99,0,60.0,2026-04-30T21:53:04.859327,4.211
2026-04-30T21:52:05.117886,60.16,0,62.97,0.0,1000.0,0.0,4.199,88.2,99,0,60.0,2026-04-30T21:53:05.103272,4.211
2026-04-30T21:52:05.332240,60.16,0,62.99,0.0,1000.0,0.0,4.199,88.2,99,0,60.0,2026-04-30T21:53:05.331740,4.211
2026-04-30T21:52:05.486117,60.22,0,63.02,0.0,1000.0,0.0,4.199,88.2,99,0,60.0,2026-04-30T21:53:05.485731,4.211
2026-04-30T21:52:05.676255,60.22,0,63.03,0.0,1000.0,0.0,4.199,88.2,99,0,60.0,2026-04-30T21:53:05.675621,4.211
2026-04-30T21:52:05.852729,60.27,0,63.05,0.0,1000.0,0.0,4.199,88.2,99,0,60.0,2026-04-30T21:53:05.852374,4.211
2026-04-30T21:52:06.329085,60.27,0,63.09,0.0,1000.0,0.0,4.199,88.2,99,0,60.0,2026-04-30T21:53:06.328791,4.211
2026-04-30T21:52:06.500193,60.27,0,63.1,0.0,1000.0,0.0,4.199,88.2,99,0,60.0,2026-04-30T21:53:06.499667,4.211
2026-04-30T21:52:06.937130,60.34,0,63.12,0.0,1000.0,0.0,4.199,88.1,99,0,60.0,2026-04-30T21:53:06.902853,4.211
2026-04-30T21:52:07.511197,60.34,0,63.16,0.0,1000.0,0.0,4.199,88.1,99,0,60.0,2026-04-30T21:53:07.510962,4.211
2026-04-30T21:52:07.665752,60.34,0,63.17,0.0,1000.0,0.0,4.199,88.1,99,0,60.0,2026-04-30T21:53:07.665273,4.211
2026-04-30T21:52:07.863616,60.4,0,63.18,0.0,1000.0,0.0,4.199,88.1,99,0,60.0,2026-04-30T21:53:07.862399,4.211
2026-04-30T21:52:08.322221,60.4,0,63.21,0.0,1000.0,0.0,4.199,88.1,99,0,60.0,2026-04-30T21:53:08.299953,4.211
2026-04-30T21:52:10.383631,60.4,0,63.28,0.0,1000.0,0.0,4.199,88.1,99,0,60.0,2026-04-30T21:53:10.383193,4.211
2026-04-30T21:52:10.714935,60.47,0,63.29,0.0,1000.0,0.0,4.199,88.1,99,0,60.0,2026-04-30T21:53:10.714635,4.211
2026-04-30T21:52:11.190733,60.47,0,63.3,0.0,1000.0,0.0,4.199,88.1,99,0,60.0,2026-04-30T21:53:11.184244,4.211
2026-04-30T21:52:11.553247,60.47,0,63.31,0.0,1000.0,0.0,4.199,88.1,99,0,60.0,2026-04-30T21:53:11.552550,4.211
2026-04-30T21:52:11.776599,60.52,0,63.33,0.0,1000.0,0.0,4.199,88.1,99,0,60.0,2026-04-30T21:53:11.776336,4.211
2026-04-30T21:52:12.216260,60.52,0,63.34,0.0,1000.0,0.0,4.199,88.1,99,0,60.0,2026-04-30T21:53:12.215890,4.211
2026-04-30T21:52:12.678316,60.59,0,63.36,0.0,1000.0,0.0,4.199,88.0,99,0,60.0,2026-04-30T21:53:12.664938,4.211
2026-04-30T21:52:13.051588,60.59,0,63.4,0.0,1000.0,0.0,4.199,88.0,99,0,60.0,2026-04-30T21:53:13.051021,4.211
2026-04-30T21:52:13.328561,60.59,0,63.41,0.0,1000.0,0.0,4.199,88.0,99,0,60.0,2026-04-30T21:53:13.328089,4.211
2026-04-30T21:52:13.716853,60.64,0,63.43,0.0,1000.0,0.0,4.199,88.0,99,0,60.0,2026-04-30T21:53:13.712802,4.211
2026-04-30T21:52:14.427248,60.64,0,63.45,0.0,1000.0,0.0,4.199,88.0,99,0,60.0,2026-04-30T21:53:14.408721,4.211
2026-04-30T21:52:14.715456,60.64,0,63.47,0.0,1000.0,0.0,4.199,88.0,99,0,60.0,2026-04-30T21:53:14.714936,4.211
2026-04-30T21:52:14.859212,60.71,0,63.49,0.0,1000.0,0.0,4.199,88.0,99,0,60.0,2026-04-30T21:53:14.858574,4.211
2026-04-30T21:52:15.101436,60.71,0,63.51,0.0,1000.0,0.0,4.199,88.0,99,0,60.0,2026-04-30T21:53:15.100278,4.211
2026-04-30T21:52:15.327783,60.71,0,63.53,0.0,1000.0,0.0,4.199,88.0,99,0,60.0,2026-04-30T21:53:15.327381,4.211
2026-04-30T21:52:15.468339,60.75,0,63.55,0.0,1000.0,0.0,4.199,88.0,99,0,60.0,2026-04-30T21:53:15.467766,4.211
2026-04-30T21:52:15.692139,60.75,0,63.56,0.0,1000.0,0.0,4.199,88.0,99,0,60.0,2026-04-30T21:53:15.691008,4.211
2026-04-30T21:52:16.186154,60.75,0,63.58,0.0,1000.0,0.0,4.199,88.0,99,0,60.0,2026-04-30T21:53:16.177867,4.211
2026-04-30T21:52:16.494604,60.81,0,63.62,0.0,1000.0,0.0,4.199,88.0,99,0,60.0,2026-04-30T21:53:16.494211,4.211
2026-04-30T21:52:16.617329,60.81,0,63.63,0.0,1000.0,0.0,4.199,88.0,99,0,60.0,2026-04-30T21:53:16.616810,4.211
2026-04-30T21:52:16.905654,60.87,0,63.64,0.0,1000.0,0.0,4.199,88.0,99,0,60.0,2026-04-30T21:53:16.904397,4.211
2026-04-30T21:52:17.136863,60.87,0,63.67,0.0,1000.0,0.0,4.199,88.0,99,0,60.0,2026-04-30T21:53:17.136542,4.211
2026-04-30T21:52:17.331684,60.87,0,63.69,0.0,1000.0,0.0,4.199,88.0,99,0,60.0,2026-04-30T21:53:17.331218,4.211
2026-04-30T21:52:17.609823,60.92,0,63.7,0.0,1000.0,0.0,4.199,87.9,99,0,60.0,2026-04-30T21:53:17.609463,4.211
2026-04-30T21:52:17.960197,60.92,0,63.73,0.0,1000.0,0.0,4.199,87.9,99,0,60.0,2026-04-30T21:53:17.942847,4.211
2026-04-30T21:52:18.369323,60.92,0,63.75,0.0,1000.0,0.0,4.199,87.9,99,0,60.0,2026-04-30T21:53:18.368569,4.211
2026-04-30T21:52:18.581895,60.98,0,63.77,0.0,1000.0,0.0,4.199,87.9,99,0,60.0,2026-04-30T21:53:18.581535,4.211
2026-04-30T21:52:18.743069,60.98,0,63.79,0.0,1000.0,0.0,4.199,87.9,99,0,60.0,2026-04-30T21:53:18.742705,4.211
2026-04-30T21:52:18.976649,60.98,0,63.8,0.0,1000.0,0.0,4.199,87.9,99,0,60.0,2026-04-30T21:53:18.976352,4.211
2026-04-30T21:52:19.192132,61.04,0,63.82,0.0,1000.0,0.0,4.199,87.9,99,0,60.0,2026-04-30T21:53:19.191697,4.211
2026-04-30T21:52:19.359468,61.04,0,63.84,0.0,1000.0,0.0,4.199,87.9,99,0,60.0,2026-04-30T21:53:19.359198,4.211
2026-04-30T21:52:19.707761,61.04,0,63.86,0.0,1000.0,0.0,4.199,87.9,99,0,60.0,2026-04-30T21:53:19.705375,4.211
2026-04-30T21:52:19.917183,61.08,0,63.88,0.0,1000.0,0.0,4.199,87.9,99,0,60.0,2026-04-30T21:53:19.916633,4.211
2026-04-30T21:52:20.151739,61.08,0,63.9,0.0,1000.0,0.0,4.199,87.9,99,0,60.0,2026-04-30T21:53:20.151247,4.211
2026-04-30T21:52:20.780551,61.14,0,63.93,0.0,1000.0,0.0,4.199,87.9,99,0,60.0,2026-04-30T21:53:20.780099,4.211
2026-04-30T21:52:20.960243,61.14,0,63.95,0.0,1000.0,0.0,4.199,87.9,99,0,60.0,2026-04-30T21:53:20.959979,4.211
2026-04-30T21:52:21.261499,61.14,0,63.96,0.0,1000.0,0.0,4.199,87.9,99,0,60.0,2026-04-30T21:53:21.261202,4.211
2026-04-30T21:52:21.963168,61.2,0,63.99,0.0,1000.0,0.0,4.199,87.8,99,0,60.0,2026-04-30T21:53:21.962279,4.211
2026-04-30T21:52:23.273406,61.2,0,64.04,0.0,1000.0,0.0,4.199,87.8,99,0,60.0,2026-04-30T21:53:23.273005,4.211
2026-04-30T21:52:23.422425,61.2,0,64.04,0.0,1000.0,0.0,4.199,87.8,99,0,60.0,2026-04-30T21:53:23.422155,4.211
2026-04-30T21:52:23.801049,61.26,0,64.05,0.0,1000.0,0.0,4.199,87.8,99,0,60.0,2026-04-30T21:53:23.800480,4.211
2026-04-30T21:52:24.800638,61.26,0,64.08,0.0,1000.0,0.0,4.199,87.8,99,0,60.0,2026-04-30T21:53:24.800335,4.211
2026-04-30T21:52:25.394838,61.26,0,64.11,0.0,1000.0,0.0,4.199,87.8,99,0,60.0,2026-04-30T21:53:25.394563,4.211
2026-04-30T21:52:25.538401,61.31,0,64.12,0.0,1000.0,0.0,4.199,87.8,99,0,60.0,2026-04-30T21:53:25.537738,4.211
2026-04-30T21:52:25.877865,61.31,0,64.14,0.0,1000.0,0.0,4.199,87.8,99,0,60.0,2026-04-30T21:53:25.877637,4.211
2026-04-30T21:52:25.991495,61.31,0,64.14,0.0,1000.0,0.0,4.199,87.8,99,0,60.0,2026-04-30T21:53:25.991137,4.211
2026-04-30T21:52:26.100665,61.38,0,64.17,0.0,1000.0,0.0,4.199,87.8,99,0,60.0,2026-04-30T21:53:26.100401,4.211
2026-04-30T21:52:26.295817,61.38,0,64.18,0.0,1000.0,0.0,4.199,87.8,99,0,60.0,2026-04-30T21:53:26.295636,4.211
2026-04-30T21:52:26.621822,61.44,0,64.2,0.0,1000.0,0.0,4.199,87.8,99,0,60.0,2026-04-30T21:53:26.621578,4.211
2026-04-30T21:52:26.736015,61.44,0,64.22,0.0,1000.0,0.0,4.199,87.8,99,0,60.0,2026-04-30T21:53:26.735837,4.211
2026-04-30T21:52:26.847004,61.44,0,64.23,0.0,1000.0,0.0,4.199,87.8,99,0,60.0,2026-04-30T21:53:26.846793,4.211
2026-04-30T21:52:27.067876,61.49,0,64.25,0.0,1000.0,0.0,4.199,87.7,99,0,60.0,2026-04-30T21:53:27.067634,4.211
2026-04-30T21:52:27.266016,61.49,0,64.27,0.0,1000.0,0.0,4.199,87.7,99,0,60.0,2026-04-30T21:53:27.242175,4.211
2026-04-30T21:52:27.650366,61.49,0,64.29,0.0,1000.0,0.0,4.199,87.7,99,0,60.0,2026-04-30T21:53:27.649749,4.211
2026-04-30T21:52:28.059735,61.54,0,64.32,0.0,1000.0,0.0,4.199,87.7,99,0,60.0,2026-04-30T21:53:28.059569,4.211
2026-04-30T21:52:28.130324,61.54,0,64.34,0.0,1000.0,0.0,4.199,87.7,99,0,60.0,2026-04-30T21:53:28.130146,4.211
2026-04-30T21:52:28.199353,61.54,0,64.34,0.0,1000.0,0.0,4.199,87.7,99,0,60.0,2026-04-30T21:53:28.199189,4.211
2026-04-30T21:52:29.215077,61.59,0,64.39,0.0,1000.0,0.0,4.199,87.7,99,0,60.0,2026-04-30T21:53:29.214695,4.211
2026-04-30T21:52:29.282714,61.59,0,64.4,0.0,1000.0,0.0,4.199,87.7,99,0,60.0,2026-04-30T21:53:29.282543,4.211
2026-04-30T21:52:30.120003,61.59,0,64.43,0.0,1000.0,0.0,4.199,87.7,99,0,60.0,2026-04-30T21:53:30.119773,4.211
2026-04-30T21:52:30.186044,61.64,0,64.44,0.0,1000.0,0.0,4.199,87.7,99,0,60.0,2026-04-30T21:53:30.185874,4.211
2026-04-30T21:52:30.248620,61.64,0,64.45,0.0,1000.0,0.0,4.199,87.7,99,0,60.0,2026-04-30T21:53:30.248464,4.211
2026-04-30T21:52:31.201466,61.69,0,64.49,0.0,1000.0,0.0,4.199,87.7,99,0,60.0,2026-04-30T21:53:31.200597,4.211
2026-04-30T21:52:31.337360,61.69,0,64.5,0.0,1000.0,0.0,4.199,87.7,99,0,60.0,2026-04-30T21:53:31.337017,4.211
2026-04-30T21:52:31.653967,61.69,0,64.51,0.0,1000.0,0.0,4.199,87.7,99,0,60.0,2026-04-30T21:53:31.653691,4.211
2026-04-30T21:52:32.228599,61.71,0,64.53,0.0,1000.0,0.0,4.199,87.7,99,0,60.0,2026-04-30T21:53:32.228453,4.211
2026-04-30T21:52:32.482530,61.71,0,64.53,0.0,1000.0,0.0,4.199,87.7,99,0,60.0,2026-04-30T21:53:32.482355,4.211
2026-04-30T21:52:32.540021,61.71,0,64.53,0.0,1000.0,0.0,4.199,87.7,99,0,60.0,2026-04-30T21:53:32.539905,4.211
2026-04-30T21:52:33.294424,61.76,0,64.56,0.0,1000.0,0.0,4.199,87.7,99,0,60.0,2026-04-30T21:53:33.294257,4.211
2026-04-30T21:52:33.363205,61.76,0,64.57,0.0,1000.0,0.0,4.199,87.7,99,0,60.0,2026-04-30T21:53:33.363055,4.211
2026-04-30T21:52:33.440918,61.76,0,64.57,0.0,1000.0,0.0,4.199,87.7,99,0,60.0,2026-04-30T21:53:33.440777,4.211
2026-04-30T21:52:34.346512,61.8,0,64.61,0.0,1000.0,0.0,4.199,87.6,99,0,60.0,2026-04-30T21:53:34.346303,4.211
2026-04-30T21:52:34.406640,61.8,0,64.61,0.0,1000.0,0.0,4.199,87.6,99,0,60.0,2026-04-30T21:53:34.406477,4.211
2026-04-30T21:52:35.454463,61.8,0,64.65,0.0,1000.0,0.0,4.199,87.6,99,0,60.0,2026-04-30T21:53:35.454030,4.211
2026-04-30T21:52:35.725758,61.83,0,64.65,0.0,1000.0,0.0,4.199,87.6,99,0,60.0,2026-04-30T21:53:35.725429,4.211
2026-04-30T21:52:35.930535,61.83,0,64.65,0.0,1000.0,0.0,4.199,87.6,99,0,60.0,2026-04-30T21:53:35.930274,4.211
2026-04-30T21:52:36.525591,61.9,0,64.68,0.0,1000.0,0.0,4.199,87.6,99,0,60.0,2026-04-30T21:53:36.525356,4.211
2026-04-30T21:52:36.736678,61.9,0,64.7,0.0,1000.0,0.0,4.199,87.6,99,0,60.0,2026-04-30T21:53:36.736318,4.211
2026-04-30T21:52:37.134977,61.9,0,64.71,0.0,1000.0,0.0,4.199,87.6,99,0,60.0,2026-04-30T21:53:37.134594,4.211
2026-04-30T21:52:38.249941,61.94,0,64.74,0.0,1000.0,0.0,4.199,87.6,99,0,60.0,2026-04-30T21:53:38.248761,4.211
2026-04-30T21:52:38.712961,61.94,0,64.76,0.0,1000.0,0.0,4.199,87.6,99,0,60.0,2026-04-30T21:53:38.712669,4.211
2026-04-30T21:52:38.842193,61.94,0,64.76,0.0,1000.0,0.0,4.199,87.6,99,0,60.0,2026-04-30T21:53:38.841932,4.211
2026-04-30T21:52:39.473863,61.99,0,64.78,0.0,1000.0,0.0,4.199,87.6,99,0,60.0,2026-04-30T21:53:39.451467,4.211
2026-04-30T21:52:39.686600,61.99,0,64.8,0.0,1000.0,0.0,4.199,87.6,99,0,60.0,2026-04-30T21:53:39.686257,4.211
2026-04-30T21:52:39.818226,61.99,0,64.8,0.0,1000.0,0.0,4.199,87.6,99,0,60.0,2026-04-30T21:53:39.817929,4.211
2026-04-30T21:52:40.029772,62.03,0,64.82,0.0,1000.0,0.0,4.199,87.6,99,0,60.0,2026-04-30T21:53:40.029479,4.211
2026-04-30T21:52:40.149823,62.03,0,64.83,0.0,1000.0,0.0,4.199,87.6,99,0,60.0,2026-04-30T21:53:40.149572,4.211
2026-04-30T21:52:40.597303,62.03,0,64.85,0.0,1000.0,0.0,4.199,87.6,99,0,60.0,2026-04-30T21:53:40.597144,4.211
2026-04-30T21:52:40.668273,62.06,0,64.86,0.0,1000.0,0.0,4.199,87.6,99,0,60.0,2026-04-30T21:53:40.668110,4.211
2026-04-30T21:52:40.751865,62.06,0,64.87,0.0,1000.0,0.0,4.199,87.6,99,0,60.0,2026-04-30T21:53:40.751650,4.211
2026-04-30T21:52:41.846674,62.12,0,64.91,0.0,1000.0,0.0,4.199,87.5,99,0,60.0,2026-04-30T21:53:41.846066,4.211
2026-04-30T21:52:42.233177,62.12,0,64.93,0.0,1000.0,0.0,4.199,87.5,99,0,60.0,2026-04-30T21:53:42.232887,4.211
2026-04-30T21:52:42.485394,62.12,0,64.94,0.0,1000.0,0.0,4.199,87.5,99,0,60.0,2026-04-30T21:53:42.485223,4.211
2026-04-30T21:52:42.710211,62.16,0,64.95,0.0,1000.0,0.0,4.199,87.5,99,0,60.0,2026-04-30T21:53:42.710026,4.211
2026-04-30T21:52:42.769902,62.16,0,64.96,0.0,1000.0,0.0,4.199,87.5,99,0,60.0,2026-04-30T21:53:42.769760,4.211
2026-04-30T21:52:42.827794,62.16,0,64.97,0.0,1000.0,0.0,4.199,87.5,99,0,60.0,2026-04-30T21:53:42.827662,4.211
2026-04-30T21:52:43.764620,62.22,0,65.01,0.0,1000.0,0.0,4.199,87.5,99,0,60.0,2026-04-30T21:53:43.764451,4.211
2026-04-30T21:52:43.826524,62.22,0,65.02,0.0,1000.0,0.0,4.199,87.5,99,0,60.0,2026-04-30T21:53:43.826381,4.211
2026-04-30T21:52:43.886086,62.22,0,65.03,0.0,1000.0,0.0,4.199,87.5,99,0,60.0,2026-04-30T21:53:43.885943,4.211
2026-04-30T21:52:44.976451,62.28,0,65.08,0.0,1000.0,0.0,4.199,87.5,99,0,60.0,2026-04-30T21:53:44.974816,4.211
2026-04-30T21:52:45.113477,62.28,0,65.09,0.0,1000.0,0.0,4.199,87.5,99,0,60.0,2026-04-30T21:53:45.113168,4.211
2026-04-30T21:52:45.872016,62.28,0,65.12,0.0,1000.0,0.0,4.199,87.5,99,0,60.0,2026-04-30T21:53:45.869063,4.211
2026-04-30T21:52:45.986694,62.33,0,65.14,0.0,1000.0,0.0,4.199,87.5,99,0,60.0,2026-04-30T21:53:45.986382,4.211
2026-04-30T21:52:46.075341,62.33,0,65.14,0.0,1000.0,0.0,4.199,87.5,99,0,60.0,2026-04-30T21:53:46.075110,4.211
2026-04-30T21:52:46.891060,62.39,0,65.18,0.0,1000.0,0.0,4.199,87.4,99,0,60.0,2026-04-30T21:53:46.890900,4.211
2026-04-30T21:52:47.051464,62.39,0,65.19,0.0,1000.0,0.0,4.199,87.4,99,0,60.0,2026-04-30T21:53:47.051197,4.211
2026-04-30T21:52:47.261106,62.39,0,65.2,0.0,1000.0,0.0,4.199,87.4,99,0,60.0,2026-04-30T21:53:47.260829,4.211
2026-04-30T21:52:47.947943,62.44,0,65.23,0.0,1000.0,0.0,4.199,87.4,99,0,60.0,2026-04-30T21:53:47.947762,4.211
2026-04-30T21:52:48.007621,62.44,0,65.24,0.0,1000.0,0.0,4.199,87.4,99,0,60.0,2026-04-30T21:53:48.007491,4.211
2026-04-30T21:52:48.077668,62.44,0,65.24,0.0,1000.0,0.0,4.199,87.4,99,0,60.0,2026-04-30T21:53:48.077490,4.211
2026-04-30T21:52:49.007525,62.49,0,65.28,0.0,1000.0,0.0,4.199,87.4,99,0,60.0,2026-04-30T21:53:49.007313,4.211
2026-04-30T21:52:49.153544,62.49,0,65.29,0.0,1000.0,0.0,4.199,87.4,99,0,60.0,2026-04-30T21:53:49.146216,4.211
2026-04-30T21:52:49.228044,62.49,0,65.29,0.0,1000.0,0.0,4.199,87.4,99,0,60.0,2026-04-30T21:53:49.227888,4.211
2026-04-30T21:52:50.072906,62.55,0,65.33,0.0,1000.0,0.0,4.199,87.4,99,0,60.0,2026-04-30T21:53:50.072695,4.211
2026-04-30T21:52:50.133369,62.55,0,65.34,0.0,1000.0,0.0,4.199,87.4,99,0,60.0,2026-04-30T21:53:50.133220,4.211
2026-04-30T21:52:51.128454,62.55,0,65.38,0.0,1000.0,0.0,4.199,87.4,99,0,60.0,2026-04-30T21:53:51.100055,4.211
2026-04-30T21:52:51.191235,62.61,0,65.4,0.0,1000.0,0.0,4.199,87.4,99,0,60.0,2026-04-30T21:53:51.191090,4.211
2026-04-30T21:52:51.250372,62.61,0,65.41,0.0,1000.0,0.0,4.199,87.4,99,0,60.0,2026-04-30T21:53:51.250228,4.211
2026-04-30T21:52:52.125518,62.67,0,65.45,0.0,1000.0,0.0,4.199,87.3,99,0,60.0,2026-04-30T21:53:52.125356,4.211
2026-04-30T21:52:52.183916,62.67,0,65.46,0.0,1000.0,0.0,4.199,87.3,99,0,60.0,2026-04-30T21:53:52.183782,4.211
2026-04-30T21:52:52.240966,62.67,0,65.47,0.0,1000.0,0.0,4.199,87.3,99,0,60.0,2026-04-30T21:53:52.240860,4.211
2026-04-30T21:52:53.183481,62.72,0,65.51,0.0,1000.0,0.0,4.199,87.3,99,0,60.0,2026-04-30T21:53:53.183314,4.211
2026-04-30T21:52:53.243511,62.72,0,65.52,0.0,1000.0,0.0,4.199,87.3,99,0,60.0,2026-04-30T21:53:53.243359,4.211
2026-04-30T21:52:53.302518,62.72,0,65.52,0.0,1000.0,0.0,4.199,87.3,99,0,60.0,2026-04-30T21:53:53.302369,4.211
2026-04-30T21:52:54.238568,62.79,0,65.57,0.0,1000.0,0.0,4.199,87.3,99,0,60.0,2026-04-30T21:53:54.238408,4.211
2026-04-30T21:52:54.297435,62.79,0,65.58,0.0,1000.0,0.0,4.199,87.3,99,0,60.0,2026-04-30T21:53:54.297285,4.211
2026-04-30T21:52:54.356343,62.79,0,65.59,0.0,1000.0,0.0,4.199,87.3,99,0,60.0,2026-04-30T21:53:54.356189,4.211
2026-04-30T21:52:55.397847,62.85,0,65.64,0.0,1000.0,0.0,4.199,87.3,99,0,60.0,2026-04-30T21:53:55.397429,4.211
2026-04-30T21:52:55.478102,62.85,0,65.64,0.0,1000.0,0.0,4.199,87.3,99,0,60.0,2026-04-30T21:53:55.477978,4.211
2026-04-30T21:52:56.309449,62.85,0,65.68,0.0,1000.0,0.0,4.199,87.3,99,0,60.0,2026-04-30T21:53:56.309297,4.211
2026-04-30T21:52:56.373736,62.91,0,65.69,0.0,1000.0,0.0,4.199,87.3,99,0,60.0,2026-04-30T21:53:56.373574,4.211
2026-04-30T21:52:56.439103,62.91,0,65.7,0.0,1000.0,0.0,4.199,87.3,99,0,60.0,2026-04-30T21:53:56.438923,4.211
2026-04-30T21:52:57.371615,62.96,0,65.74,0.0,1000.0,0.0,4.199,87.2,99,0,60.0,2026-04-30T21:53:57.371392,4.211
2026-04-30T21:52:57.444130,62.96,0,65.75,0.0,1000.0,0.0,4.199,87.2,99,0,60.0,2026-04-30T21:53:57.443830,4.211
2026-04-30T21:52:57.523054,62.96,0,65.76,0.0,1000.0,0.0,4.199,87.2,99,0,60.0,2026-04-30T21:53:57.522796,4.211
2026-04-30T21:52:58.461943,63.02,0,65.8,0.0,1000.0,0.0,4.199,87.2,99,0,60.0,2026-04-30T21:53:58.461608,4.211
2026-04-30T21:52:58.564955,63.02,0,65.81,0.0,1000.0,0.0,4.199,87.2,99,0,60.0,2026-04-30T21:53:58.564444,4.211
2026-04-30T21:52:58.709283,63.02,0,65.82,0.0,1000.0,0.0,4.199,87.2,99,0,60.0,2026-04-30T21:53:58.708988,4.211
2026-04-30T21:52:59.689578,63.08,0,65.87,0.0,1000.0,0.0,4.199,87.2,99,0,60.0,2026-04-30T21:53:59.689037,4.211
2026-04-30T21:52:59.919275,63.08,0,65.88,0.0,1000.0,0.0,4.199,87.2,99,0,60.0,2026-04-30T21:53:59.918715,4.211
2026-04-30T21:53:00.272115,63.08,0,65.89,0.0,1000.0,0.0,4.199,87.2,99,0,60.0,2026-04-30T21:54:00.256786,4.211
2026-04-30T21:53:00.712588,63.13,0,65.92,0.0,1000.0,0.0,4.199,87.2,99,0,60.0,2026-04-30T21:54:00.712049,4.211
2026-04-30T21:53:00.868214,63.13,0,65.93,0.0,1000.0,0.0,4.199,87.2,99,0,60.0,2026-04-30T21:54:00.867823,4.211
2026-04-30T21:53:01.574128,63.13,0,65.96,0.0,1000.0,0.0,4.199,87.2,99,0,60.0,2026-04-30T21:54:01.573804,4.211
2026-04-30T21:53:01.792361,63.17,0,65.97,0.0,1000.0,0.0,4.199,87.2,99,0,60.0,2026-04-30T21:54:01.791902,4.211
2026-04-30T21:53:02.113738,63.17,0,65.98,0.0,1000.0,0.0,4.199,87.2,99,0,60.0,2026-04-30T21:54:02.107241,4.211
2026-04-30T21:53:02.612155,63.23,0,66.0,0.0,1000.0,0.0,4.199,87.2,99,0,60.0,2026-04-30T21:54:02.611904,4.211
2026-04-30T21:53:02.683023,63.23,0,66.02,0.0,1000.0,0.0,4.199,87.2,99,0,60.0,2026-04-30T21:54:02.682850,4.211
2026-04-30T21:53:02.755818,63.23,0,66.03,0.0,1000.0,0.0,4.199,87.2,99,0,60.0,2026-04-30T21:54:02.755510,4.211
2026-04-30T21:53:03.697823,63.31,0,66.08,0.0,1000.0,0.0,4.199,87.1,99,0,60.0,2026-04-30T21:54:03.697555,4.211
2026-04-30T21:53:04.291331,63.31,0,66.1,0.0,1000.0,0.0,4.199,87.1,99,0,60.0,2026-04-30T21:54:04.290941,4.211
2026-04-30T21:53:04.546601,63.31,0,66.11,0.0,1000.0,0.0,4.199,87.1,99,0,60.0,2026-04-30T21:54:04.535246,4.211
2026-04-30T21:53:04.895316,63.38,0,66.14,0.0,1000.0,0.0,4.199,87.1,99,0,60.0,2026-04-30T21:54:04.894818,4.211
2026-04-30T21:53:05.098787,63.38,0,66.17,0.0,1000.0,0.0,4.199,87.1,99,0,60.0,2026-04-30T21:54:05.098447,4.211
2026-04-30T21:53:05.301259,63.38,0,66.18,0.0,1000.0,0.0,4.199,87.1,99,0,60.0,2026-04-30T21:54:05.300874,4.211
2026-04-30T21:53:06.208460,63.44,0,66.22,0.0,1000.0,0.0,4.199,87.1,99,0,60.0,2026-04-30T21:54:06.208084,4.211
2026-04-30T21:53:06.705561,63.44,0,66.24,0.0,1000.0,0.0,4.199,87.1,99,0,60.0,2026-04-30T21:54:06.692768,4.211
2026-04-30T21:53:07.157815,63.44,0,66.26,0.0,1000.0,0.0,4.199,87.1,99,0,60.0,2026-04-30T21:54:07.157486,4.211
2026-04-30T21:53:07.499510,63.49,0,66.28,0.0,1000.0,0.0,4.199,87.1,99,0,60.0,2026-04-30T21:54:07.499149,4.211
2026-04-30T21:53:07.908108,63.49,0,66.3,0.0,1000.0,0.0,4.199,87.1,99,0,60.0,2026-04-30T21:54:07.902175,4.211
2026-04-30T21:53:08.318226,63.55,0,66.32,0.0,1000.0,0.0,4.199,87.1,99,0,60.0,2026-04-30T21:54:08.311207,4.211
2026-04-30T21:53:08.598473,63.55,0,66.33,0.0,1000.0,0.0,4.199,87.1,99,0,60.0,2026-04-30T21:54:08.597992,4.211
2026-04-30T21:53:08.724559,63.55,0,66.34,0.0,1000.0,0.0,4.199,87.1,99,0,60.0,2026-04-30T21:54:08.724210,4.211
2026-04-30T21:53:08.965166,63.62,0,66.36,0.0,1000.0,0.0,4.199,87.0,99,0,60.0,2026-04-30T21:54:08.964720,4.211
2026-04-30T21:53:09.381073,63.62,0,66.39,0.0,1000.0,0.0,4.199,87.0,99,0,60.0,2026-04-30T21:54:09.380323,4.211
2026-04-30T21:53:09.867881,63.62,0,66.41,0.0,1000.0,0.0,4.199,87.0,99,0,60.0,2026-04-30T21:54:09.867387,4.211
2026-04-30T21:53:10.666212,63.69,0,66.46,0.0,1000.0,0.0,4.199,87.0,99,0,60.0,2026-04-30T21:54:10.646945,4.211
2026-04-30T21:53:11.242275,63.69,0,66.49,0.0,1000.0,0.0,4.199,87.0,99,0,60.0,2026-04-30T21:54:11.241937,4.211
2026-04-30T21:53:11.415670,63.69,0,66.49,0.0,1000.0,0.0,4.199,87.0,99,0,60.0,2026-04-30T21:54:11.415136,4.211
2026-04-30T21:53:11.608001,63.76,0,66.52,0.0,1000.0,0.0,4.199,87.0,99,0,60.0,2026-04-30T21:54:11.607731,4.211
2026-04-30T21:53:11.925923,63.76,0,66.53,0.0,1000.0,0.0,4.199,87.0,99,0,60.0,2026-04-30T21:54:11.925526,4.211
2026-04-30T21:53:12.324131,63.76,0,66.55,0.0,1000.0,0.0,4.199,87.0,99,0,60.0,2026-04-30T21:54:12.323551,4.211
2026-04-30T21:53:12.440917,63.83,0,66.58,0.0,1000.0,0.0,4.199,87.0,99,0,60.0,2026-04-30T21:54:12.440549,4.211
2026-04-30T21:53:12.615523,63.83,0,66.6,0.0,1000.0,0.0,4.199,87.0,99,0,60.0,2026-04-30T21:54:12.615166,4.211
2026-04-30T21:53:13.152263,63.87,0,66.63,0.0,1000.0,0.0,4.199,86.9,99,0,60.0,2026-04-30T21:54:13.152016,4.211
2026-04-30T21:53:13.293753,63.87,0,66.65,0.0,1000.0,0.0,4.199,86.9,99,0,60.0,2026-04-30T21:54:13.293257,4.211
2026-04-30T21:53:13.431397,63.87,0,66.66,0.0,1000.0,0.0,4.199,86.9,99,0,60.0,2026-04-30T21:54:13.430889,4.211
2026-04-30T21:53:14.293955,63.93,0,66.7,0.0,1000.0,0.0,4.199,86.9,99,0,60.0,2026-04-30T21:54:14.293354,4.211
2026-04-30T21:53:14.505209,63.93,0,66.71,0.0,1000.0,0.0,4.199,86.9,99,0,60.0,2026-04-30T21:54:14.499279,4.211
2026-04-30T21:53:14.696970,63.93,0,66.72,0.0,1000.0,0.0,4.199,86.9,99,0,60.0,2026-04-30T21:54:14.696650,4.211
2026-04-30T21:53:15.293280,64.0,0,66.76,0.0,1000.0,0.0,4.199,86.9,99,0,60.0,2026-04-30T21:54:15.292795,4.211
2026-04-30T21:53:15.568453,64.0,0,66.78,0.0,1000.0,0.0,4.199,86.9,99,0,60.0,2026-04-30T21:54:15.558749,4.212
2026-04-30T21:53:15.827779,64.0,0,66.79,0.0,1000.0,0.0,4.199,86.9,99,0,60.0,2026-04-30T21:54:15.827444,4.212
2026-04-30T21:53:16.763663,64.04,0,66.83,0.0,1000.0,0.0,4.199,86.9,99,0,60.0,2026-04-30T21:54:16.763091,4.212
2026-04-30T21:53:16.905139,64.04,0,66.84,0.0,1000.0,0.0,4.199,86.9,99,0,60.0,2026-04-30T21:54:16.904804,4.212
2026-04-30T21:53:17.278463,64.04,0,66.85,0.0,1000.0,0.0,4.199,86.9,99,0,60.0,2026-04-30T21:54:17.277989,4.212
2026-04-30T21:53:17.407272,64.08,0,66.86,0.0,1000.0,0.0,4.199,86.9,99,0,60.0,2026-04-30T21:54:17.406967,4.212
2026-04-30T21:53:17.525104,64.08,0,66.87,0.0,1000.0,0.0,4.199,86.9,99,0,60.0,2026-04-30T21:54:17.524908,4.212
2026-04-30T21:53:18.361243,64.15,0,66.91,0.0,1000.0,0.0,4.199,86.9,99,0,60.0,2026-04-30T21:54:18.360967,4.212
2026-04-30T21:53:18.479906,64.15,0,66.93,0.0,1000.0,0.0,4.199,86.8,99,0,60.0,2026-04-30T21:54:18.479435,4.212
2026-04-30T21:53:18.594993,64.15,0,66.94,0.0,1000.0,0.0,4.199,86.8,99,0,60.0,2026-04-30T21:54:18.594708,4.212
2026-04-30T21:53:19.518047,64.2,0,66.98,0.0,1000.0,0.0,4.199,86.8,99,0,60.0,2026-04-30T21:54:19.517703,4.212
2026-04-30T21:53:20.661288,64.2,0,67.01,0.0,1000.0,0.0,4.199,86.8,99,0,60.0,2026-04-30T21:54:20.660900,4.212
2026-04-30T21:53:21.322635,64.2,0,67.02,0.0,1000.0,0.0,4.199,86.8,99,0,60.0,2026-04-30T21:54:21.322223,4.212
2026-04-30T21:53:21.474390,64.29,0,67.04,0.0,1000.0,0.0,4.199,86.8,99,0,60.0,2026-04-30T21:54:21.474077,4.212
2026-04-30T21:53:21.618492,64.29,0,67.06,0.0,1000.0,0.0,4.199,86.8,99,0,60.0,2026-04-30T21:54:21.617911,4.212
2026-04-30T21:53:21.766019,64.29,0,67.07,0.0,1000.0,0.0,4.199,86.8,99,0,60.0,2026-04-30T21:54:21.765651,4.212
2026-04-30T21:53:22.023832,64.34,0,67.09,0.0,1000.0,0.0,4.199,86.8,99,0,60.0,2026-04-30T21:54:22.020390,4.212
2026-04-30T21:53:22.242095,64.34,0,67.11,0.0,1000.0,0.0,4.199,86.8,99,0,60.0,2026-04-30T21:54:22.227987,4.212
2026-04-30T21:53:22.508915,64.34,0,67.13,0.0,1000.0,0.0,4.199,86.8,99,0,60.0,2026-04-30T21:54:22.508688,4.212
2026-04-30T21:53:22.593476,64.4,0,67.15,0.0,1000.0,0.0,4.199,86.8,99,0,60.0,2026-04-30T21:54:22.593285,4.212
2026-04-30T21:53:22.668275,64.4,0,67.17,0.0,1000.0,0.0,4.199,86.8,99,0,60.0,2026-04-30T21:54:22.668114,4.212
2026-04-30T21:53:23.567387,64.44,0,67.21,0.0,1000.0,0.0,4.199,86.8,99,0,60.0,2026-04-30T21:54:23.567135,4.212
2026-04-30T21:53:23.672685,64.44,0,67.22,0.0,1000.0,0.0,4.199,86.8,99,0,60.0,2026-04-30T21:54:23.672371,4.212
2026-04-30T21:53:23.895722,64.44,0,67.23,0.0,1000.0,0.0,4.199,86.8,99,0,60.0,2026-04-30T21:54:23.893075,4.212
2026-04-30T21:53:24.611854,64.5,0,67.27,0.0,1000.0,0.0,4.199,86.7,99,0,60.0,2026-04-30T21:54:24.611693,4.212
2026-04-30T21:53:24.674587,64.5,0,67.28,0.0,1000.0,0.0,4.199,86.7,99,0,60.0,2026-04-30T21:54:24.674415,4.212
2026-04-30T21:53:24.749604,64.5,0,67.29,0.0,1000.0,0.0,4.199,86.7,99,0,60.0,2026-04-30T21:54:24.749363,4.212
2026-04-30T21:53:25.820986,64.57,0,67.34,0.0,1000.0,0.0,4.199,86.7,99,0,60.0,2026-04-30T21:54:25.820560,4.212
2026-04-30T21:53:26.125666,64.57,0,67.36,0.0,1000.0,0.0,4.199,86.7,99,0,60.0,2026-04-30T21:54:26.080843,4.212
2026-04-30T21:53:26.495068,64.57,0,67.37,0.0,1000.0,0.0,4.199,86.7,99,0,60.0,2026-04-30T21:54:26.494576,4.212
2026-04-30T21:53:27.119495,64.61,0,67.38,0.0,1000.0,0.0,4.199,86.7,99,0,60.0,2026-04-30T21:54:27.118218,4.212
2026-04-30T21:53:27.305572,64.61,0,67.4,0.0,1000.0,0.0,4.199,86.7,99,0,60.0,2026-04-30T21:54:27.304992,4.212
2026-04-30T21:53:27.741372,64.61,0,67.42,0.0,1000.0,0.0,4.199,86.7,99,0,60.0,2026-04-30T21:54:27.741175,4.212
2026-04-30T21:53:27.821741,64.65,0,67.43,0.0,1000.0,0.0,4.199,86.7,99,0,60.0,2026-04-30T21:54:27.821432,4.212
2026-04-30T21:53:28.092281,64.65,0,67.43,0.0,1000.0,0.0,4.199,86.7,99,0,60.0,2026-04-30T21:54:28.091850,4.212
2026-04-30T21:53:28.790447,64.72,0,67.47,0.0,1000.0,0.0,4.199,86.7,99,0,60.0,2026-04-30T21:54:28.790243,4.212
2026-04-30T21:53:28.864156,64.72,0,67.48,0.0,1000.0,0.0,4.199,86.7,99,0,60.0,2026-04-30T21:54:28.863996,4.212
2026-04-30T21:53:28.939728,64.72,0,67.49,0.0,1000.0,0.0,4.199,86.7,99,0,60.0,2026-04-30T21:54:28.939522,4.212
2026-04-30T21:53:29.848591,64.78,0,67.53,0.0,1000.0,0.0,4.199,86.6,99,0,60.0,2026-04-30T21:54:29.848404,4.212
2026-04-30T21:53:29.916389,64.78,0,67.55,0.0,1000.0,0.0,4.199,86.6,99,0,60.0,2026-04-30T21:54:29.916229,4.212
2026-04-30T21:53:30.162897,64.78,0,67.55,0.0,1000.0,0.0,4.199,86.6,99,0,60.0,2026-04-30T21:54:30.161563,4.212
2026-04-30T21:53:31.081421,64.81,0,67.59,0.0,1000.0,0.0,4.199,86.6,99,0,60.0,2026-04-30T21:54:31.080542,4.212
2026-04-30T21:53:31.870407,64.81,0,67.61,0.0,1000.0,0.0,4.199,86.6,99,0,60.0,2026-04-30T21:54:31.868009,4.212
2026-04-30T21:53:32.345548,64.81,0,67.61,0.0,1000.0,0.0,4.199,86.6,99,0,60.0,2026-04-30T21:54:32.345025,4.212
2026-04-30T21:53:32.550146,64.86,0,67.63,0.0,1000.0,0.0,4.199,86.6,99,0,60.0,2026-04-30T21:54:32.549514,4.212
2026-04-30T21:53:32.862584,64.86,0,67.64,0.0,1000.0,0.0,4.199,86.6,99,0,60.0,2026-04-30T21:54:32.862109,4.212
2026-04-30T21:53:33.192362,64.86,0,67.65,0.0,1000.0,0.0,4.199,86.6,99,0,60.0,2026-04-30T21:54:33.191855,4.212
2026-04-30T21:53:33.366349,64.89,0,67.66,0.0,1000.0,0.0,4.199,86.6,99,0,60.0,2026-04-30T21:54:33.366080,4.212
2026-04-30T21:53:33.469397,64.89,0,67.67,0.0,1000.0,0.0,4.199,86.6,99,0,60.0,2026-04-30T21:54:33.469057,4.212
2026-04-30T21:53:34.065198,64.93,0,67.7,0.0,1000.0,0.0,4.199,86.6,99,0,60.0,2026-04-30T21:54:34.065030,4.212
2026-04-30T21:53:34.133884,64.93,0,67.7,0.0,1000.0,0.0,4.199,86.6,99,0,60.0,2026-04-30T21:54:34.133728,4.212
2026-04-30T21:53:34.207603,64.93,0,67.71,0.0,1000.0,0.0,4.199,86.6,99,0,60.0,2026-04-30T21:54:34.207420,4.212
2026-04-30T21:53:35.317134,64.96,0,67.74,0.0,1000.0,0.0,4.199,86.6,99,0,60.0,2026-04-30T21:54:35.316142,4.212
2026-04-30T21:53:35.783936,64.96,0,67.75,0.0,1000.0,0.0,4.199,86.6,99,0,60.0,2026-04-30T21:54:35.783553,4.212
2026-04-30T21:53:36.330368,64.96,0,67.76,0.0,1000.0,0.0,4.199,86.6,99,0,60.0,2026-04-30T21:54:36.329828,4.212
2026-04-30T21:53:36.815322,65.01,0,67.78,0.0,1000.0,0.0,4.199,86.6,99,0,60.0,2026-04-30T21:54:36.796985,4.212
2026-04-30T21:53:37.592033,65.01,0,67.81,0.0,1000.0,0.0,4.199,86.6,99,0,60.0,2026-04-30T21:54:37.591724,4.212
2026-04-30T21:53:37.800156,65.01,0,67.81,0.0,1000.0,0.0,4.199,86.6,99,0,60.0,2026-04-30T21:54:37.799812,4.212
2026-04-30T21:53:37.913457,65.02,0,67.81,0.0,1000.0,0.0,4.199,86.6,99,0,60.0,2026-04-30T21:54:37.913127,4.212
2026-04-30T21:53:38.063799,65.02,0,67.81,0.0,1000.0,0.0,4.199,86.6,99,0,60.0,2026-04-30T21:54:38.048051,4.212
2026-04-30T21:53:38.335151,65.02,0,67.82,0.0,1000.0,0.0,4.199,86.6,99,0,60.0,2026-04-30T21:54:38.334745,4.212
2026-04-30T21:53:38.447742,65.07,0,67.83,0.0,1000.0,0.0,4.199,86.5,99,0,60.0,2026-04-30T21:54:38.446928,4.212
2026-04-30T21:53:38.558680,65.07,0,67.84,0.0,1000.0,0.0,4.199,86.5,99,0,60.0,2026-04-30T21:54:38.558420,4.212
2026-04-30T21:53:39.268269,65.11,0,67.88,0.0,1000.0,0.0,4.199,86.5,99,0,60.0,2026-04-30T21:54:39.268076,4.212
2026-04-30T21:53:39.340227,65.11,0,67.89,0.0,1000.0,0.0,4.199,86.5,99,0,60.0,2026-04-30T21:54:39.340027,4.212
2026-04-30T21:53:39.414724,65.11,0,67.89,0.0,1000.0,0.0,4.199,86.5,99,0,60.0,2026-04-30T21:54:39.414527,4.212
2026-04-30T21:53:40.342006,65.16,0,67.93,0.0,1000.0,0.0,4.199,86.5,99,0,60.0,2026-04-30T21:54:40.341751,4.212
2026-04-30T21:53:40.647983,65.16,0,67.94,0.0,1000.0,0.0,4.199,86.5,99,0,60.0,2026-04-30T21:54:40.647085,4.212
2026-04-30T21:53:40.882753,65.16,0,67.95,0.0,1000.0,0.0,4.199,86.5,99,0,60.0,2026-04-30T21:54:40.882392,4.212
2026-04-30T21:53:41.440026,65.2,0,67.97,0.0,1000.0,0.0,4.199,86.5,99,0,60.0,2026-04-30T21:54:41.439475,4.212
2026-04-30T21:53:41.692514,65.2,0,67.98,0.0,1000.0,0.0,4.199,86.5,99,0,60.0,2026-04-30T21:54:41.692007,4.212
2026-04-30T21:53:41.872688,65.2,0,67.98,0.0,1000.0,0.0,4.199,86.5,99,0,60.0,2026-04-30T21:54:41.872259,4.212
2026-04-30T21:53:42.466361,65.25,0,68.02,0.0,1000.0,0.0,4.199,86.5,99,0,60.0,2026-04-30T21:54:42.465999,4.212
2026-04-30T21:53:42.580039,65.25,0,68.02,0.0,1000.0,0.0,4.199,86.5,99,0,60.0,2026-04-30T21:54:42.579839,4.212
2026-04-30T21:53:43.448952,65.25,0,68.06,0.0,1000.0,0.0,4.199,86.5,99,0,60.0,2026-04-30T21:54:43.448772,4.212
2026-04-30T21:53:43.521049,65.31,0,68.08,0.0,1000.0,0.0,4.199,86.5,99,0,60.0,2026-04-30T21:54:43.520855,4.212
2026-04-30T21:53:43.594686,65.31,0,68.08,0.0,1000.0,0.0,4.199,86.5,99,0,60.0,2026-04-30T21:54:43.594495,4.212
2026-04-30T21:53:44.506913,65.35,0,68.12,0.0,1000.0,0.0,4.199,86.4,99,0,60.0,2026-04-30T21:54:44.506727,4.212
2026-04-30T21:53:44.580201,65.35,0,68.13,0.0,1000.0,0.0,4.199,86.4,99,0,60.0,2026-04-30T21:54:44.580024,4.212
2026-04-30T21:53:44.654328,65.35,0,68.13,0.0,1000.0,0.0,4.199,86.4,99,0,60.0,2026-04-30T21:54:44.653997,4.212
2026-04-30T21:53:45.895019,65.4,0,68.18,0.0,1000.0,0.0,4.199,86.4,99,0,60.0,2026-04-30T21:54:45.894367,4.212
2026-04-30T21:53:46.457362,65.4,0,68.2,0.0,1000.0,0.0,4.199,86.4,99,0,60.0,2026-04-30T21:54:46.441438,4.212
2026-04-30T21:53:46.758561,65.4,0,68.2,0.0,1000.0,0.0,4.199,86.4,99,0,60.0,2026-04-30T21:54:46.758183,4.212
2026-04-30T21:53:47.207124,65.44,0,68.22,0.0,1000.0,0.0,4.199,86.4,99,0,60.0,2026-04-30T21:54:47.206592,4.212
2026-04-30T21:53:47.400215,65.44,0,68.22,0.0,1000.0,0.0,4.199,86.4,99,0,60.0,2026-04-30T21:54:47.399653,4.212
2026-04-30T21:53:47.659982,65.44,0,68.23,0.0,1000.0,0.0,4.199,86.4,99,0,60.0,2026-04-30T21:54:47.658428,4.212
2026-04-30T21:53:47.873112,65.48,0,68.25,0.0,1000.0,0.0,4.199,86.4,99,0,60.0,2026-04-30T21:54:47.872790,4.212
2026-04-30T21:53:48.137206,65.48,0,68.26,0.0,1000.0,0.0,4.199,86.4,99,0,60.0,2026-04-30T21:54:48.136726,4.212
2026-04-30T21:53:48.682532,65.48,0,68.28,0.0,1000.0,0.0,4.199,86.4,99,0,60.0,2026-04-30T21:54:48.682317,4.212
2026-04-30T21:53:48.756475,65.54,0,68.3,0.0,1000.0,0.0,4.199,86.4,99,0,60.0,2026-04-30T21:54:48.756284,4.212
2026-04-30T21:53:48.828823,65.54,0,68.31,0.0,1000.0,0.0,4.199,86.4,99,0,60.0,2026-04-30T21:54:48.828659,4.212
2026-04-30T21:53:49.743582,65.61,0,68.36,0.0,1000.0,0.0,4.199,86.4,99,0,60.0,2026-04-30T21:54:49.743368,4.212
2026-04-30T21:53:49.816151,65.61,0,68.37,0.0,1000.0,0.0,4.199,86.4,99,0,60.0,2026-04-30T21:54:49.815950,4.212
2026-04-30T21:53:49.915240,65.61,0,68.38,0.0,1000.0,0.0,4.199,86.4,99,0,60.0,2026-04-30T21:54:49.914943,4.212
2026-04-30T21:53:50.800195,65.66,0,68.42,0.0,1000.0,0.0,4.199,86.3,99,0,60.0,2026-04-30T21:54:50.799985,4.212
2026-04-30T21:53:50.877208,65.66,0,68.43,0.0,1000.0,0.0,4.199,86.3,99,0,60.0,2026-04-30T21:54:50.877003,4.212
2026-04-30T21:53:50.966376,65.66,0,68.43,0.0,1000.0,0.0,4.199,86.3,99,0,60.0,2026-04-30T21:54:50.966085,4.212
2026-04-30T21:53:51.860064,65.72,0,68.47,0.0,1000.0,0.0,4.199,86.3,99,0,60.0,2026-04-30T21:54:51.859842,4.212
2026-04-30T21:53:51.963442,65.72,0,68.48,0.0,1000.0,0.0,4.199,86.3,99,0,60.0,2026-04-30T21:54:51.962135,4.212
2026-04-30T21:53:52.429268,65.72,0,68.5,0.0,1000.0,0.0,4.199,86.3,99,0,60.0,2026-04-30T21:54:52.415584,4.212
2026-04-30T21:53:52.914219,65.8,0,68.54,0.0,1000.0,0.0,4.199,86.3,99,0,60.0,2026-04-30T21:54:52.913980,4.212
2026-04-30T21:53:53.004230,65.8,0,68.55,0.0,1000.0,0.0,4.199,86.3,99,0,60.0,2026-04-30T21:54:53.003966,4.212
2026-04-30T21:53:53.916149,65.8,0,68.59,0.0,1000.0,0.0,4.199,86.3,99,0,60.0,2026-04-30T21:54:53.915961,4.212
2026-04-30T21:53:54.090910,65.84,0,68.61,0.0,1000.0,0.0,4.199,86.3,99,0,60.0,2026-04-30T21:54:54.066356,4.212
2026-04-30T21:53:54.224897,65.84,0,68.61,0.0,1000.0,0.0,4.199,86.3,99,0,60.0,2026-04-30T21:54:54.224539,4.212
2026-04-30T21:53:54.967513,65.91,0,68.65,0.0,1000.0,0.0,4.199,86.3,99,0,60.0,2026-04-30T21:54:54.967344,4.212
2026-04-30T21:53:55.029617,65.91,0,68.66,0.0,1000.0,0.0,4.199,86.3,99,0,60.0,2026-04-30T21:54:55.029469,4.212
2026-04-30T21:53:55.103507,65.91,0,68.67,0.0,1000.0,0.0,4.199,86.3,99,0,60.0,2026-04-30T21:54:55.102616,4.212
2026-04-30T21:53:56.382664,65.97,0,68.73,0.0,1000.0,0.0,4.199,86.2,99,0,60.0,2026-04-30T21:54:56.382458,4.212
2026-04-30T21:53:56.993456,65.97,0,68.75,0.0,1000.0,0.0,4.199,86.2,99,0,60.0,2026-04-30T21:54:56.993098,4.212
2026-04-30T21:53:57.217203,65.97,0,68.76,0.0,1000.0,0.0,4.199,86.2,99,0,60.0,2026-04-30T21:54:57.216706,4.212
2026-04-30T21:53:57.359281,66.04,0,68.77,0.0,1000.0,0.0,4.199,86.2,99,0,60.0,2026-04-30T21:54:57.358781,4.212
2026-04-30T21:53:57.601435,66.04,0,68.8,0.0,1000.0,0.0,4.199,86.2,99,0,60.0,2026-04-30T21:54:57.601003,4.212
2026-04-30T21:53:58.563291,66.04,0,68.81,0.0,1000.0,0.0,4.199,86.2,99,0,60.0,2026-04-30T21:54:58.557006,4.212
2026-04-30T21:53:58.964351,66.1,0,68.86,0.0,1000.0,0.0,4.199,86.2,99,0,60.0,2026-04-30T21:54:58.963853,4.212
2026-04-30T21:53:59.125009,66.1,0,68.87,0.0,1000.0,0.0,4.199,86.2,99,0,60.0,2026-04-30T21:54:59.123042,4.212
2026-04-30T21:53:59.284226,66.1,0,68.87,0.0,1000.0,0.0,4.199,86.2,99,0,60.0,2026-04-30T21:54:59.283561,4.212
2026-04-30T21:53:59.489449,66.19,0,68.91,0.0,1000.0,0.0,4.199,86.2,99,0,60.0,2026-04-30T21:54:59.489027,4.212
2026-04-30T21:53:59.730842,66.19,0,68.93,0.0,1000.0,0.0,4.199,86.2,99,0,60.0,2026-04-30T21:54:59.730446,4.212
2026-04-30T21:54:00.312027,66.24,0,68.97,0.0,1000.0,0.0,4.199,86.2,99,0,60.0,2026-04-30T21:55:00.311651,4.212
2026-04-30T21:54:00.477002,66.24,0,68.99,0.0,1000.0,0.0,4.199,86.1,99,0,60.0,2026-04-30T21:55:00.476717,4.212
2026-04-30T21:54:00.593267,66.24,0,69.0,0.0,1000.0,0.0,4.199,86.1,99,0,60.0,2026-04-30T21:55:00.593006,4.212
2026-04-30T21:54:01.294594,66.3,0,69.04,0.0,1000.0,0.0,4.199,86.1,99,0,60.0,2026-04-30T21:55:01.294292,4.212
2026-04-30T21:54:01.988629,66.3,0,69.07,0.0,1000.0,0.0,4.199,86.1,99,0,60.0,2026-04-30T21:55:01.988087,4.212
2026-04-30T21:54:02.497422,66.3,0,69.09,0.0,1000.0,0.0,4.199,86.1,99,0,60.0,2026-04-30T21:55:02.482730,4.212
2026-04-30T21:54:02.890202,66.35,0,69.11,0.0,1000.0,0.0,4.199,86.1,99,0,60.0,2026-04-30T21:55:02.889819,4.212
2026-04-30T21:54:03.156125,66.35,0,69.12,0.0,1000.0,0.0,4.199,86.1,99,0,60.0,2026-04-30T21:55:03.155591,4.212
2026-04-30T21:54:03.362826,66.35,0,69.13,0.0,1000.0,0.0,4.199,86.1,99,0,60.0,2026-04-30T21:55:03.362259,4.212
2026-04-30T21:54:03.553264,66.43,0,69.16,0.0,1000.0,0.0,4.199,86.1,99,0,60.0,2026-04-30T21:55:03.552864,4.212
2026-04-30T21:54:04.133259,66.43,0,69.18,0.0,1000.0,0.0,4.199,86.1,99,0,60.0,2026-04-30T21:55:04.118602,4.212
2026-04-30T21:54:04.462940,66.43,0,69.21,0.0,1000.0,0.0,4.199,86.1,99,0,60.0,2026-04-30T21:55:04.456289,4.212
2026-04-30T21:54:04.649191,66.48,0,69.24,0.0,1000.0,0.0,4.199,86.1,99,0,60.0,2026-04-30T21:55:04.648935,4.212
2026-04-30T21:54:04.754421,66.48,0,69.25,0.0,1000.0,0.0,4.199,86.1,99,0,60.0,2026-04-30T21:55:04.754149,4.212
2026-04-30T21:54:05.440868,66.55,0,69.28,0.0,1000.0,0.0,4.199,86.0,99,0,60.0,2026-04-30T21:55:05.440689,4.212
2026-04-30T21:54:05.509009,66.55,0,69.3,0.0,1000.0,0.0,4.199,86.0,99,0,60.0,2026-04-30T21:55:05.508811,4.212
2026-04-30T21:54:05.583718,66.55,0,69.31,0.0,1000.0,0.0,4.199,86.0,99,0,60.0,2026-04-30T21:55:05.583527,4.212
2026-04-30T21:54:06.745690,66.61,0,69.36,0.0,1000.0,0.0,4.199,86.0,99,0,60.0,2026-04-30T21:55:06.745282,4.212
2026-04-30T21:54:07.788892,66.61,0,69.39,0.0,1000.0,0.0,4.199,86.0,99,0,60.0,2026-04-30T21:55:07.788548,4.212
2026-04-30T21:54:08.177612,66.61,0,69.4,0.0,1000.0,0.0,4.199,86.0,99,0,60.0,2026-04-30T21:55:08.156916,4.212
2026-04-30T21:54:08.480556,66.67,0,69.42,0.0,1000.0,0.0,4.199,86.0,99,0,60.0,2026-04-30T21:55:08.480056,4.212
2026-04-30T21:54:08.630626,66.67,0,69.43,0.0,1000.0,0.0,4.199,86.0,99,0,60.0,2026-04-30T21:55:08.630055,4.212
2026-04-30T21:54:08.907054,66.67,0,69.44,0.0,1000.0,0.0,4.199,86.0,99,0,60.0,2026-04-30T21:55:08.905375,4.212
2026-04-30T21:54:09.183818,66.73,0,69.47,0.0,1000.0,0.0,4.199,86.0,99,0,60.0,2026-04-30T21:55:09.183449,4.212
2026-04-30T21:54:09.306726,66.73,0,69.49,0.0,1000.0,0.0,4.199,86.0,99,0,60.0,2026-04-30T21:55:09.306401,4.212
2026-04-30T21:54:09.627260,66.73,0,69.49,0.0,1000.0,0.0,4.199,86.0,99,0,60.0,2026-04-30T21:55:09.627056,4.212
2026-04-30T21:54:09.705881,66.8,0,69.52,0.0,1000.0,0.0,4.199,86.0,99,0,60.0,2026-04-30T21:55:09.705662,4.212
2026-04-30T21:54:09.803221,66.8,0,69.54,0.0,1000.0,0.0,4.199,86.0,99,0,60.0,2026-04-30T21:55:09.802799,4.212
2026-04-30T21:54:10.683089,66.86,0,69.59,0.0,1000.0,0.0,4.199,86.0,99,0,60.0,2026-04-30T21:55:10.682883,4.212
2026-04-30T21:54:10.760006,66.86,0,69.6,0.0,1000.0,0.0,4.199,85.9,99,0,60.0,2026-04-30T21:55:10.759795,4.212
2026-04-30T21:54:10.856387,66.86,0,69.61,0.0,1000.0,0.0,4.199,85.9,99,0,60.0,2026-04-30T21:55:10.856134,4.212
2026-04-30T21:54:11.745276,66.91,0,69.66,0.0,1000.0,0.0,4.199,85.9,99,0,60.0,2026-04-30T21:55:11.745074,4.212
2026-04-30T21:54:11.821840,66.91,0,69.67,0.0,1000.0,0.0,4.199,85.9,99,0,60.0,2026-04-30T21:55:11.821423,4.212
2026-04-30T21:54:12.266326,66.91,0,69.67,0.0,1000.0,0.0,4.199,85.9,99,0,60.0,2026-04-30T21:55:12.265749,4.212
2026-04-30T21:54:12.830531,66.97,0,69.72,0.0,1000.0,0.0,4.199,85.9,99,0,60.0,2026-04-30T21:55:12.830133,4.212
2026-04-30T21:54:13.065706,66.97,0,69.73,0.0,1000.0,0.0,4.199,85.9,99,0,60.0,2026-04-30T21:55:13.065367,4.212
2026-04-30T21:54:13.422976,66.97,0,69.74,0.0,1000.0,0.0,4.199,85.9,99,0,60.0,2026-04-30T21:55:13.422148,4.212
2026-04-30T21:54:14.264288,67.04,0,69.79,0.0,1000.0,0.0,4.199,85.9,99,0,60.0,2026-04-30T21:55:14.251106,4.212
2026-04-30T21:54:14.508964,67.04,0,69.8,0.0,1000.0,0.0,4.199,85.9,99,0,60.0,2026-04-30T21:55:14.508393,4.212
2026-04-30T21:54:14.866404,67.04,0,69.81,0.0,1000.0,0.0,4.199,85.9,99,0,60.0,2026-04-30T21:55:14.866191,4.212
2026-04-30T21:54:14.943297,67.1,0,69.83,0.0,1000.0,0.0,4.199,85.9,99,0,60.0,2026-04-30T21:55:14.943112,4.212
2026-04-30T21:54:15.014915,67.1,0,69.84,0.0,1000.0,0.0,4.199,85.9,99,0,60.0,2026-04-30T21:55:15.014739,4.212
2026-04-30T21:54:16.107169,67.15,0,69.89,0.0,1000.0,0.0,4.199,85.8,99,0,60.0,2026-04-30T21:55:16.075635,4.212
2026-04-30T21:54:16.439042,67.15,0,69.91,0.0,1000.0,0.0,4.199,85.8,99,0,60.0,2026-04-30T21:55:16.438794,4.212
2026-04-30T21:54:16.543371,67.15,0,69.91,0.0,1000.0,0.0,4.199,85.8,99,0,60.0,2026-04-30T21:55:16.542942,4.212
2026-04-30T21:54:17.379447,67.21,0,69.94,0.0,1000.0,0.0,4.199,85.8,99,0,60.0,2026-04-30T21:55:17.378786,4.212
2026-04-30T21:54:17.724231,67.21,0,69.97,0.0,1000.0,0.0,4.199,85.8,99,0,60.0,2026-04-30T21:55:17.723848,4.212
2026-04-30T21:54:18.031465,67.21,0,69.98,0.0,1000.0,0.0,4.199,85.8,99,0,60.0,2026-04-30T21:55:18.031060,4.212
2026-04-30T21:54:18.543285,67.29,0,70.01,0.0,1000.0,0.0,4.199,85.8,99,0,60.0,2026-04-30T21:55:18.531947,4.212
2026-04-30T21:54:18.681750,67.29,0,70.04,0.0,1000.0,0.0,4.199,85.8,99,0,60.0,2026-04-30T21:55:18.681170,4.212
2026-04-30T21:54:18.845724,67.29,0,70.05,0.0,1000.0,0.0,4.199,85.8,99,0,60.0,2026-04-30T21:55:18.845316,4.212
2026-04-30T21:54:19.148101,67.32,0,70.07,0.0,1000.0,0.0,4.199,85.8,99,0,60.0,2026-04-30T21:55:19.147646,4.212
2026-04-30T21:54:19.262751,67.32,0,70.08,0.0,1000.0,0.0,4.199,85.8,99,0,60.0,2026-04-30T21:55:19.262204,4.212
2026-04-30T21:54:20.111625,67.32,0,70.11,0.0,1000.0,0.0,4.199,85.8,99,0,60.0,2026-04-30T21:55:20.111385,4.212
2026-04-30T21:54:20.231161,67.37,0,70.12,0.0,1000.0,0.0,4.199,85.8,99,0,60.0,2026-04-30T21:55:20.230637,4.212
2026-04-30T21:54:20.384043,67.37,0,70.13,0.0,1000.0,0.0,4.199,85.8,99,0,60.0,2026-04-30T21:55:20.383850,4.212
2026-04-30T21:54:21.189887,67.42,0,70.17,0.0,1000.0,0.0,4.199,85.8,99,0,60.0,2026-04-30T21:55:21.189558,4.212
2026-04-30T21:54:21.305549,67.42,0,70.18,0.0,1000.0,0.0,4.199,85.7,99,0,60.0,2026-04-30T21:55:21.305257,4.212
2026-04-30T21:54:21.410134,67.42,0,70.18,0.0,1000.0,0.0,4.199,85.7,99,0,60.0,2026-04-30T21:55:21.409647,4.212
2026-04-30T21:54:22.348540,67.48,0,70.22,0.0,1000.0,0.0,4.199,85.7,99,0,60.0,2026-04-30T21:55:22.347992,4.212
2026-04-30T21:54:22.533334,67.48,0,70.23,0.0,1000.0,0.0,4.199,85.7,99,0,60.0,2026-04-30T21:55:22.532829,4.212
2026-04-30T21:54:22.750372,67.48,0,70.24,0.0,1000.0,0.0,4.199,85.7,99,0,60.0,2026-04-30T21:55:22.749696,4.212
2026-04-30T21:54:23.434510,67.55,0,70.28,0.0,1000.0,0.0,4.199,85.7,99,0,60.0,2026-04-30T21:55:23.433973,4.212
2026-04-30T21:54:24.024056,67.55,0,70.31,0.0,1000.0,0.0,4.199,85.7,99,0,60.0,2026-04-30T21:55:24.022702,4.212
2026-04-30T21:54:24.262295,67.55,0,70.32,0.0,1000.0,0.0,4.199,85.7,99,0,60.0,2026-04-30T21:55:24.261764,4.212
2026-04-30T21:54:24.630418,67.58,0,70.33,0.0,1000.0,0.0,4.199,85.7,99,0,60.0,2026-04-30T21:55:24.617745,4.212
2026-04-30T21:54:25.274810,67.58,0,70.35,0.0,1000.0,0.0,4.199,85.7,99,0,60.0,2026-04-30T21:55:25.271867,4.212
2026-04-30T21:54:25.626433,67.58,0,70.36,0.0,1000.0,0.0,4.199,85.7,99,0,60.0,2026-04-30T21:55:25.601366,4.212
2026-04-30T21:54:26.330059,67.62,0,70.38,0.0,1000.0,0.0,4.199,85.7,99,0,60.0,2026-04-30T21:55:26.329375,4.212
2026-04-30T21:54:26.503331,67.62,0,70.39,0.0,1000.0,0.0,4.199,85.7,99,0,60.0,2026-04-30T21:55:26.502701,4.212
2026-04-30T21:54:26.803218,67.69,0,70.4,0.0,1000.0,0.0,4.199,85.7,99,0,60.0,2026-04-30T21:55:26.777819,4.212
2026-04-30T21:54:27.208731,67.69,0,70.44,0.0,1000.0,0.0,4.199,85.7,98,0,60.0,2026-04-30T21:55:27.208369,4.212
2026-04-30T21:54:27.461564,67.69,0,70.45,0.0,1000.0,0.0,4.199,85.7,98,0,60.0,2026-04-30T21:55:27.460684,4.212
2026-04-30T21:54:28.167005,67.71,0,70.48,0.0,1000.0,0.0,4.199,85.7,98,0,60.0,2026-04-30T21:55:28.166649,4.212
2026-04-30T21:54:28.396793,67.71,0,70.48,0.0,1000.0,0.0,4.199,85.7,98,0,60.0,2026-04-30T21:55:28.396398,4.212
2026-04-30T21:54:28.563783,67.71,0,70.48,0.0,1000.0,0.0,4.199,85.7,98,0,60.0,2026-04-30T21:55:28.563269,4.212
2026-04-30T21:54:29.134321,67.77,0,70.51,0.0,1000.0,0.0,4.199,85.6,98,0,60.0,2026-04-30T21:55:29.115814,4.212
2026-04-30T21:54:29.617198,67.77,0,70.54,0.0,1000.0,0.0,4.199,85.6,98,0,60.0,2026-04-30T21:55:29.607234,4.212
2026-04-30T21:54:30.053034,67.77,0,70.55,0.0,1000.0,0.0,4.199,85.6,98,0,60.0,2026-04-30T21:55:30.021419,4.212
2026-04-30T21:54:30.334712,67.79,0,70.55,0.0,1000.0,0.0,4.199,85.6,98,0,60.0,2026-04-30T21:55:30.334170,4.212
2026-04-30T21:54:30.548569,67.79,0,70.55,0.0,1000.0,0.0,4.199,85.6,98,0,60.0,2026-04-30T21:55:30.548209,4.212
2026-04-30T21:54:30.909922,67.79,0,70.56,0.0,1000.0,0.0,4.199,85.6,98,0,60.0,2026-04-30T21:55:30.890410,4.212
2026-04-30T21:54:31.391018,67.79,0,70.57,0.0,1000.0,0.0,4.199,85.6,98,0,60.0,2026-04-30T21:55:31.377764,4.212
2026-04-30T21:54:31.508454,67.79,0,70.56,0.0,1000.0,0.0,4.199,85.6,98,0,60.0,2026-04-30T21:55:31.508128,4.212
2026-04-30T21:54:31.649398,67.84,0,70.56,0.0,1000.0,0.0,4.199,85.6,98,0,60.0,2026-04-30T21:55:31.649120,4.212
2026-04-30T21:54:31.771130,67.84,0,70.58,0.0,1000.0,0.0,4.199,85.6,98,0,60.0,2026-04-30T21:55:31.770849,4.212
2026-04-30T21:54:32.168497,67.84,0,70.59,0.0,1000.0,0.0,4.199,85.6,98,0,60.0,2026-04-30T21:55:32.168008,4.212
2026-04-30T21:54:33.141005,67.87,0,70.63,0.0,1000.0,0.0,4.199,85.6,98,0,60.0,2026-04-30T21:55:33.058398,4.212
2026-04-30T21:54:33.318581,67.87,0,70.63,0.0,1000.0,0.0,4.199,85.6,98,0,60.0,2026-04-30T21:55:33.317021,4.212
2026-04-30T21:54:33.442489,67.87,0,70.63,0.0,1000.0,0.0,4.199,85.6,98,0,60.0,2026-04-30T21:55:33.442219,4.212
2026-04-30T21:54:33.771669,67.91,0,70.65,0.0,1000.0,0.0,4.199,85.6,98,0,60.0,2026-04-30T21:55:33.771411,4.212
2026-04-30T21:54:33.898645,67.91,0,70.66,0.0,1000.0,0.0,4.199,85.6,98,0,60.0,2026-04-30T21:55:33.898280,4.212
2026-04-30T21:54:34.100967,67.91,0,70.67,0.0,1000.0,0.0,4.199,85.6,98,0,60.0,2026-04-30T21:55:34.100288,4.212
2026-04-30T21:54:34.893343,67.95,0,70.7,0.0,1000.0,0.0,4.199,85.6,98,0,60.0,2026-04-30T21:55:34.893015,4.212
2026-04-30T21:54:35.122308,67.95,0,70.7,0.0,1000.0,0.0,4.199,85.6,98,0,60.0,2026-04-30T21:55:35.122039,4.212
2026-04-30T21:54:35.818990,67.95,0,70.73,0.0,1000.0,0.0,4.199,85.6,98,0,60.0,2026-04-30T21:55:35.818721,4.212
2026-04-30T21:54:35.975023,67.98,0,70.73,0.0,1000.0,0.0,4.199,85.6,98,0,60.0,2026-04-30T21:55:35.970756,4.212
2026-04-30T21:54:36.425075,67.98,0,70.74,0.0,1000.0,0.0,4.199,85.6,98,0,60.0,2026-04-30T21:55:36.424270,4.212
2026-04-30T21:54:36.929931,68.01,0,70.75,0.0,1000.0,0.0,4.199,85.6,98,0,60.0,2026-04-30T21:55:36.929380,4.212
2026-04-30T21:54:37.096831,68.01,0,70.76,0.0,1000.0,0.0,4.199,85.6,98,0,60.0,2026-04-30T21:55:37.096285,4.212
2026-04-30T21:54:37.261403,68.01,0,70.76,0.0,1000.0,0.0,4.199,85.6,98,0,60.0,2026-04-30T21:55:37.261051,4.212
2026-04-30T21:54:38.148303,68.08,0,70.81,0.0,1000.0,0.0,4.199,85.5,98,0,60.0,2026-04-30T21:55:38.147877,4.212
2026-04-30T21:54:39.037870,68.08,0,70.82,0.0,1000.0,0.0,4.199,85.5,98,0,60.0,2026-04-30T21:55:39.037499,4.212
2026-04-30T21:54:39.689000,68.08,0,70.85,0.0,1000.0,0.0,4.199,85.5,98,0,60.0,2026-04-30T21:55:39.688216,4.212
2026-04-30T21:54:39.827983,68.11,0,70.86,0.0,1000.0,0.0,4.199,85.5,98,0,60.0,2026-04-30T21:55:39.827461,4.212
2026-04-30T21:54:39.975008,68.11,0,70.86,0.0,1000.0,0.0,4.199,85.5,98,0,60.0,2026-04-30T21:55:39.974700,4.212
2026-04-30T21:54:40.115479,68.11,0,70.87,0.0,1000.0,0.0,4.199,85.5,98,0,60.0,2026-04-30T21:55:40.114911,4.212
2026-04-30T21:54:40.234290,68.16,0,70.88,0.0,1000.0,0.0,4.199,85.5,98,0,60.0,2026-04-30T21:55:40.233781,4.212
2026-04-30T21:54:40.343257,68.16,0,70.89,0.0,1000.0,0.0,4.199,85.5,98,0,60.0,2026-04-30T21:55:40.340984,4.212
2026-04-30T21:54:41.045149,68.16,0,70.93,0.0,1000.0,0.0,4.199,85.5,99,0,60.0,2026-04-30T21:55:41.044984,4.212
2026-04-30T21:54:41.108012,68.21,0,70.94,0.0,1000.0,0.0,4.199,85.5,99,0,60.0,2026-04-30T21:55:41.107841,4.212
2026-04-30T21:54:41.171605,68.21,0,70.95,0.0,1000.0,0.0,4.199,85.5,99,0,60.0,2026-04-30T21:55:41.171444,4.212
2026-04-30T21:54:42.103966,68.27,0,71.0,0.0,1000.0,0.0,4.199,85.5,99,0,60.0,2026-04-30T21:55:42.103759,4.212
2026-04-30T21:54:42.175879,68.27,0,71.01,0.0,1000.0,0.0,4.199,85.5,99,0,60.0,2026-04-30T21:55:42.175698,4.212
2026-04-30T21:54:42.257245,68.27,0,71.02,0.0,1000.0,0.0,4.199,85.5,99,0,60.0,2026-04-30T21:55:42.256999,4.212
2026-04-30T21:54:43.507010,68.33,0,71.07,0.0,1000.0,0.0,4.199,85.4,99,0,60.0,2026-04-30T21:55:43.506815,4.212
2026-04-30T21:54:43.765171,68.33,0,71.09,0.0,1000.0,0.0,4.199,85.4,99,0,60.0,2026-04-30T21:55:43.764877,4.212
2026-04-30T21:54:44.206491,68.33,0,71.1,0.0,1000.0,0.0,4.199,85.4,99,0,60.0,2026-04-30T21:55:44.206111,4.212
2026-04-30T21:54:44.415190,68.36,0,71.11,0.0,1000.0,0.0,4.199,85.4,99,0,60.0,2026-04-30T21:55:44.414684,4.212
2026-04-30T21:54:44.989219,68.36,0,71.12,0.0,1000.0,0.0,4.199,85.4,99,0,60.0,2026-04-30T21:55:44.988939,4.212
2026-04-30T21:54:45.289851,68.36,0,71.13,0.0,1000.0,0.0,4.199,85.4,99,0,60.0,2026-04-30T21:55:45.289483,4.212
2026-04-30T21:54:45.411903,68.44,0,71.15,0.0,1000.0,0.0,4.199,85.4,99,0,60.0,2026-04-30T21:55:45.411656,4.212
2026-04-30T21:54:45.674848,68.44,0,71.17,0.0,1000.0,0.0,4.199,85.4,99,0,60.0,2026-04-30T21:55:45.674518,4.212
2026-04-30T21:54:46.315380,68.44,0,71.2,0.0,1000.0,0.0,4.199,85.4,99,0,60.0,2026-04-30T21:55:46.314531,4.212
2026-04-30T21:54:46.554570,68.49,0,71.22,0.0,1000.0,0.0,4.199,85.4,99,0,60.0,2026-04-30T21:55:46.546610,4.212
2026-04-30T21:54:46.823045,68.49,0,71.24,0.0,1000.0,0.0,4.199,85.4,99,0,60.0,2026-04-30T21:55:46.822781,4.212
2026-04-30T21:54:47.371745,68.55,0,71.26,0.0,1000.0,0.0,4.199,85.4,99,0,60.0,2026-04-30T21:55:47.371464,4.212
2026-04-30T21:54:47.538903,68.55,0,71.28,0.0,1000.0,0.0,4.199,85.4,99,0,60.0,2026-04-30T21:55:47.538647,4.212
2026-04-30T21:54:47.714907,68.55,0,71.3,0.0,1000.0,0.0,4.199,85.4,99,0,60.0,2026-04-30T21:55:47.714311,4.212
2026-04-30T21:54:48.483471,68.62,0,71.34,0.0,1000.0,0.0,4.199,85.3,99,0,60.0,2026-04-30T21:55:48.482977,4.212
2026-04-30T21:54:49.308391,68.62,0,71.38,0.0,1000.0,0.0,4.199,85.3,99,0,60.0,2026-04-30T21:55:49.307732,4.212
2026-04-30T21:54:49.495297,68.62,0,71.38,0.0,1000.0,0.0,4.199,85.3,99,0,60.0,2026-04-30T21:55:49.494792,4.212
2026-04-30T21:54:49.733194,68.65,0,71.39,0.0,1000.0,0.0,4.199,85.3,99,0,60.0,2026-04-30T21:55:49.732859,4.212
2026-04-30T21:54:50.327609,68.65,0,71.41,0.0,1000.0,0.0,4.199,85.3,99,0,60.0,2026-04-30T21:55:50.327078,4.212
2026-04-30T21:54:50.507335,68.65,0,71.41,0.0,1000.0,0.0,4.199,85.3,99,0,60.0,2026-04-30T21:55:50.506842,4.212
2026-04-30T21:54:50.793033,68.7,0,71.44,0.0,1000.0,0.0,4.199,85.3,99,0,60.0,2026-04-30T21:55:50.792334,4.212
2026-04-30T21:54:50.975350,68.7,0,71.45,0.0,1000.0,0.0,4.199,85.3,99,0,60.0,2026-04-30T21:55:50.973408,4.212
2026-04-30T21:54:51.525168,68.7,0,71.47,0.0,1000.0,0.0,4.199,85.3,99,0,60.0,2026-04-30T21:55:51.524965,4.212
2026-04-30T21:54:51.599796,68.78,0,71.5,0.0,1000.0,0.0,4.199,85.3,99,0,60.0,2026-04-30T21:55:51.599613,4.212
2026-04-30T21:54:51.676408,68.78,0,71.51,0.0,1000.0,0.0,4.199,85.3,99,0,60.0,2026-04-30T21:55:51.676233,4.212
2026-04-30T21:54:52.613568,68.81,0,71.56,0.0,1000.0,0.0,4.199,85.3,99,0,60.0,2026-04-30T21:55:52.613129,4.212
2026-04-30T21:54:52.711238,68.81,0,71.56,0.0,1000.0,0.0,4.199,85.3,99,0,60.0,2026-04-30T21:55:52.711052,4.212
2026-04-30T21:54:52.785914,68.81,0,71.57,0.0,1000.0,0.0,4.199,85.3,99,0,60.0,2026-04-30T21:55:52.785713,4.212
2026-04-30T21:54:53.690545,68.88,0,71.61,0.0,1000.0,0.0,4.199,85.3,99,0,60.0,2026-04-30T21:55:53.690147,4.212
2026-04-30T21:54:53.884150,68.88,0,71.61,0.0,1000.0,0.0,4.199,85.3,99,0,60.0,2026-04-30T21:55:53.883577,4.212
2026-04-30T21:54:54.210619,68.88,0,71.62,0.0,1000.0,0.0,4.199,85.3,99,0,60.0,2026-04-30T21:55:54.208916,4.212
2026-04-30T21:54:54.917493,68.94,0,71.66,0.0,1000.0,0.0,4.199,85.2,99,0,60.0,2026-04-30T21:55:54.917204,4.212
2026-04-30T21:54:55.236030,68.94,0,71.68,0.0,1000.0,0.0,4.199,85.2,99,0,60.0,2026-04-30T21:55:55.235644,4.212
2026-04-30T21:54:55.347551,68.94,0,71.68,0.0,1000.0,0.0,4.199,85.2,99,0,60.0,2026-04-30T21:55:55.346976,4.212
2026-04-30T21:54:55.744970,69.0,0,71.71,0.0,1000.0,0.0,4.199,85.2,99,0,60.0,2026-04-30T21:55:55.744767,4.212
2026-04-30T21:54:55.818067,69.0,0,71.72,0.0,1000.0,0.0,4.199,85.2,99,0,60.0,2026-04-30T21:55:55.817858,4.212
2026-04-30T21:54:56.755548,69.0,0,71.76,0.0,1000.0,0.0,4.199,85.2,99,0,60.0,2026-04-30T21:55:56.755340,4.212
2026-04-30T21:54:56.828973,69.07,0,71.79,0.0,1000.0,0.0,4.199,85.2,99,0,60.0,2026-04-30T21:55:56.828793,4.212
2026-04-30T21:54:56.904352,69.07,0,71.8,0.0,1000.0,0.0,4.199,85.2,99,0,60.0,2026-04-30T21:55:56.904060,4.212
2026-04-30T21:54:57.816203,69.13,0,71.84,0.0,1000.0,0.0,4.199,85.2,99,0,60.0,2026-04-30T21:55:57.816014,4.212
2026-04-30T21:54:57.891487,69.13,0,71.86,0.0,1000.0,0.0,4.199,85.2,99,0,60.0,2026-04-30T21:55:57.891282,4.212
2026-04-30T21:54:57.977994,69.13,0,71.87,0.0,1000.0,0.0,4.199,85.2,99,0,60.0,2026-04-30T21:55:57.977745,4.212
2026-04-30T21:54:58.881675,69.16,0,71.9,0.0,1000.0,0.0,4.199,85.2,99,0,60.0,2026-04-30T21:55:58.881449,4.212
2026-04-30T21:54:59.000639,69.16,0,71.9,0.0,1000.0,0.0,4.199,85.2,99,0,60.0,2026-04-30T21:55:59.000340,4.212
2026-04-30T21:54:59.293452,69.16,0,71.91,0.0,1000.0,0.0,4.199,85.2,99,0,60.0,2026-04-30T21:55:59.293001,4.212
2026-04-30T21:54:59.950681,69.2,0,71.94,0.0,1000.0,0.0,4.199,85.2,99,0,60.0,2026-04-30T21:55:59.950424,4.212
2026-04-30T21:55:00.138033,69.2,0,71.94,0.0,1000.0,0.0,4.199,85.2,99,0,60.0,2026-04-30T21:56:00.137656,4.212
2026-04-30T21:55:00.293144,69.2,0,71.95,0.0,1000.0,0.0,4.199,85.2,99,0,60.0,2026-04-30T21:56:00.292259,4.212
2026-04-30T21:55:00.984087,69.24,0,71.98,0.0,1000.0,0.0,4.199,85.1,99,0,60.0,2026-04-30T21:56:00.983907,4.212
2026-04-30T21:55:01.057860,69.24,0,71.98,0.0,1000.0,0.0,4.199,85.1,99,0,60.0,2026-04-30T21:56:01.057650,4.212
2026-04-30T21:55:01.991175,69.24,0,72.02,0.0,1000.0,0.0,4.199,85.1,99,0,60.0,2026-04-30T21:56:01.990967,4.212
2026-04-30T21:55:02.067353,69.28,0,72.02,0.0,1000.0,0.0,4.199,85.1,99,0,60.0,2026-04-30T21:56:02.067142,4.212
2026-04-30T21:55:02.171004,69.28,0,72.03,0.0,1000.0,0.0,4.199,85.1,99,0,60.0,2026-04-30T21:56:02.170655,4.212
2026-04-30T21:55:03.046710,69.34,0,72.06,0.0,1000.0,0.0,4.199,85.1,99,0,60.0,2026-04-30T21:56:03.046544,4.212
2026-04-30T21:55:03.112564,69.34,0,72.07,0.0,1000.0,0.0,4.199,85.1,99,0,60.0,2026-04-30T21:56:03.112385,4.212
2026-04-30T21:55:03.190939,69.34,0,72.07,0.0,1000.0,0.0,4.199,85.1,99,0,60.0,2026-04-30T21:56:03.190743,4.212
2026-04-30T21:55:04.271111,69.4,0,72.12,0.0,1000.0,0.0,4.199,85.1,99,0,60.0,2026-04-30T21:56:04.270694,4.212
2026-04-30T21:55:04.474518,69.4,0,72.13,0.0,1000.0,0.0,4.199,85.1,99,0,60.0,2026-04-30T21:56:04.473821,4.212
2026-04-30T21:55:04.812697,69.4,0,72.15,0.0,1000.0,0.0,4.199,85.1,99,0,60.0,2026-04-30T21:56:04.799565,4.212
2026-04-30T21:55:05.207988,69.44,0,72.17,0.0,1000.0,0.0,4.199,85.1,99,0,60.0,2026-04-30T21:56:05.207728,4.212
2026-04-30T21:55:05.344126,69.44,0,72.18,0.0,1000.0,0.0,4.199,85.1,99,0,60.0,2026-04-30T21:56:05.343599,4.212
2026-04-30T21:55:05.548134,69.44,0,72.18,0.0,1000.0,0.0,4.199,85.1,99,0,60.0,2026-04-30T21:56:05.547730,4.212
2026-04-30T21:55:06.306152,69.49,0,72.22,0.0,1000.0,0.0,4.199,85.1,99,0,60.0,2026-04-30T21:56:06.305759,4.212
2026-04-30T21:55:06.512825,69.49,0,72.23,0.0,1000.0,0.0,4.199,85.1,99,0,60.0,2026-04-30T21:56:06.505642,4.212
2026-04-30T21:55:07.234025,69.49,0,72.26,0.0,1000.0,0.0,4.199,85.1,99,0,60.0,2026-04-30T21:56:07.233834,4.213
2026-04-30T21:55:07.332071,69.56,0,72.28,0.0,1000.0,0.0,4.199,85.0,99,0,60.0,2026-04-30T21:56:07.331863,4.213
2026-04-30T21:55:07.470870,69.56,0,72.29,0.0,1000.0,0.0,4.199,85.0,99,0,60.0,2026-04-30T21:56:07.470657,4.213
2026-04-30T21:55:08.360489,69.61,0,72.33,0.0,1000.0,0.0,4.199,85.0,99,0,60.0,2026-04-30T21:56:08.360182,4.213
2026-04-30T21:55:09.031900,69.61,0,72.36,0.0,1000.0,0.0,4.199,85.0,99,0,60.0,2026-04-30T21:56:09.031474,4.213
2026-04-30T21:55:09.430300,69.61,0,72.37,0.0,1000.0,0.0,4.199,85.0,99,0,60.0,2026-04-30T21:56:09.429868,4.213
2026-04-30T21:55:09.576715,69.67,0,72.38,0.0,1000.0,0.0,4.199,85.0,99,0,60.0,2026-04-30T21:56:09.576284,4.213
2026-04-30T21:55:09.784010,69.67,0,72.4,0.0,1000.0,0.0,4.199,85.0,99,0,60.0,2026-04-30T21:56:09.783719,4.213
2026-04-30T21:55:10.086486,69.67,0,72.41,0.0,1000.0,0.0,4.199,85.0,99,0,60.0,2026-04-30T21:56:10.085870,4.213
2026-04-30T21:55:10.469057,69.69,0,72.43,0.0,1000.0,0.0,4.199,85.0,99,0,60.0,2026-04-30T21:56:10.459560,4.213
2026-04-30T21:55:10.803326,69.69,0,72.44,0.0,1000.0,0.0,4.199,85.0,99,0,60.0,2026-04-30T21:56:10.781275,4.213
2026-04-30T21:55:11.187676,69.69,0,72.45,0.0,1000.0,0.0,4.199,85.0,99,0,60.0,2026-04-30T21:56:11.187263,4.213
2026-04-30T21:55:11.457520,69.75,0,72.47,0.0,1000.0,0.0,4.199,85.0,99,0,60.0,2026-04-30T21:56:11.457312,4.213
2026-04-30T21:55:11.530630,69.75,0,72.48,0.0,1000.0,0.0,4.199,85.0,99,0,60.0,2026-04-30T21:56:11.530445,4.213
2026-04-30T21:55:12.464480,69.75,0,72.52,0.0,1000.0,0.0,4.199,85.0,99,0,60.0,2026-04-30T21:56:12.464291,4.213
2026-04-30T21:55:12.545568,69.83,0,72.55,0.0,1000.0,0.0,4.199,84.9,99,0,60.0,2026-04-30T21:56:12.545373,4.213
2026-04-30T21:55:12.647779,69.83,0,72.56,0.0,1000.0,0.0,4.199,84.9,99,0,60.0,2026-04-30T21:56:12.647553,4.213
2026-04-30T21:55:13.549035,69.88,0,72.6,0.0,1000.0,0.0,4.199,84.9,99,0,60.0,2026-04-30T21:56:13.548774,4.213
2026-04-30T21:55:13.695846,69.88,0,72.61,0.0,1000.0,0.0,4.199,84.9,99,0,60.0,2026-04-30T21:56:13.694995,4.213
2026-04-30T21:55:14.025564,69.88,0,72.62,0.0,1000.0,0.0,4.199,84.9,99,0,60.0,2026-04-30T21:56:14.025157,4.213
2026-04-30T21:55:14.610003,69.92,0,72.65,0.0,1000.0,0.0,4.199,84.9,99,0,60.0,2026-04-30T21:56:14.609472,4.213
2026-04-30T21:55:14.811700,69.92,0,72.66,0.0,1000.0,0.0,4.199,84.9,99,0,60.0,2026-04-30T21:56:14.808552,4.213
2026-04-30T21:55:15.149747,69.92,0,72.67,0.0,1000.0,0.0,4.199,84.9,99,0,60.0,2026-04-30T21:56:15.148895,4.213
2026-04-30T21:55:15.752379,70.0,0,72.7,0.0,1000.0,0.0,4.199,84.9,99,0,60.0,2026-04-30T21:56:15.752043,4.213
2026-04-30T21:55:16.058598,70.0,0,72.72,0.0,1000.0,0.0,4.199,84.9,99,0,60.0,2026-04-30T21:56:16.058153,4.213
2026-04-30T21:55:16.275167,70.0,0,72.73,0.0,1000.0,0.0,4.199,84.9,99,0,60.0,2026-04-30T21:56:16.274571,4.213
2026-04-30T21:55:16.690754,70.03,0,72.75,0.0,1000.0,0.0,4.199,84.9,99,0,60.0,2026-04-30T21:56:16.690553,4.213
2026-04-30T21:55:16.762644,70.03,0,72.76,0.0,1000.0,0.0,4.199,84.9,99,0,60.0,2026-04-30T21:56:16.762471,4.213
2026-04-30T21:55:17.708720,70.03,0,72.79,0.0,1000.0,0.0,4.199,84.9,99,0,60.0,2026-04-30T21:56:17.708503,4.213
2026-04-30T21:55:17.773472,70.08,0,72.8,0.0,1000.0,0.0,4.199,84.9,99,0,60.0,2026-04-30T21:56:17.773289,4.213
2026-04-30T21:55:17.838889,70.08,0,72.81,0.0,1000.0,0.0,4.199,84.9,99,0,60.0,2026-04-30T21:56:17.838712,4.213
2026-04-30T21:55:18.776958,70.1,0,72.84,0.0,1000.0,0.0,4.199,84.9,99,0,60.0,2026-04-30T21:56:18.776607,4.213
2026-04-30T21:55:18.891297,70.1,0,72.84,0.0,1000.0,0.0,4.199,84.9,99,0,60.0,2026-04-30T21:56:18.890979,4.213
2026-04-30T21:55:19.133571,70.1,0,72.84,0.0,1000.0,0.0,4.199,84.9,99,0,60.0,2026-04-30T21:56:19.133010,4.213
2026-04-30T21:55:19.832229,70.18,0,72.88,0.0,1000.0,0.0,4.199,84.8,99,0,60.0,2026-04-30T21:56:19.831935,4.213
2026-04-30T21:55:19.953361,70.18,0,72.9,0.0,1000.0,0.0,4.199,84.8,99,0,60.0,2026-04-30T21:56:19.953018,4.213
2026-04-30T21:55:20.125614,70.18,0,72.91,0.0,1000.0,0.0,4.199,84.8,99,0,60.0,2026-04-30T21:56:20.125135,4.213
2026-04-30T21:55:20.920576,70.23,0,72.95,0.0,1000.0,0.0,4.199,84.8,99,0,60.0,2026-04-30T21:56:20.920250,4.213
2026-04-30T21:55:21.066757,70.23,0,72.96,0.0,1000.0,0.0,4.199,84.8,99,0,60.0,2026-04-30T21:56:21.066410,4.213
2026-04-30T21:55:21.234586,70.23,0,72.97,0.0,1000.0,0.0,4.199,84.8,99,0,60.0,2026-04-30T21:56:21.234245,4.213
2026-04-30T21:55:21.924442,70.29,0,73.0,0.0,1000.0,0.0,4.199,84.8,99,0,60.0,2026-04-30T21:56:21.924251,4.213
2026-04-30T21:55:21.995194,70.29,0,73.01,0.0,1000.0,0.0,4.199,84.8,99,0,60.0,2026-04-30T21:56:21.995023,4.213
2026-04-30T21:55:22.939035,70.29,0,73.05,0.0,1000.0,0.0,4.199,84.8,99,0,60.0,2026-04-30T21:56:22.938841,4.213
2026-04-30T21:55:23.004082,70.33,0,73.05,0.0,1000.0,0.0,4.199,84.8,99,0,60.0,2026-04-30T21:56:23.003833,4.213
2026-04-30T21:55:23.077378,70.33,0,73.06,0.0,1000.0,0.0,4.199,84.8,99,0,60.0,2026-04-30T21:56:23.077159,4.213
2026-04-30T21:55:24.044480,70.39,0,73.1,0.0,1000.0,0.0,4.199,84.8,99,0,60.0,2026-04-30T21:56:24.044183,4.213
2026-04-30T21:55:24.428479,70.39,0,73.12,0.0,1000.0,0.0,4.199,84.8,99,0,60.0,2026-04-30T21:56:24.425030,4.213
2026-04-30T21:55:24.830455,70.39,0,73.13,0.0,1000.0,0.0,4.199,84.8,99,0,60.0,2026-04-30T21:56:24.829445,4.213
2026-04-30T21:55:25.123321,70.41,0,73.14,0.0,1000.0,0.0,4.199,84.7,99,0,60.0,2026-04-30T21:56:25.122923,4.213
2026-04-30T21:55:25.325619,70.41,0,73.15,0.0,1000.0,0.0,4.199,84.7,99,0,60.0,2026-04-30T21:56:25.325319,4.213
2026-04-30T21:55:25.759586,70.41,0,73.15,0.0,1000.0,0.0,4.199,84.7,99,0,60.0,2026-04-30T21:56:25.758649,4.213
2026-04-30T21:55:26.360456,70.45,0,73.18,0.0,1000.0,0.0,4.199,84.7,99,0,60.0,2026-04-30T21:56:26.359863,4.213
2026-04-30T21:55:26.619822,70.45,0,73.18,0.0,1000.0,0.0,4.199,84.7,99,0,60.0,2026-04-30T21:56:26.599962,4.213
2026-04-30T21:55:27.354646,70.45,0,73.2,0.0,1000.0,0.0,4.199,84.7,99,0,60.0,2026-04-30T21:56:27.354292,4.213
2026-04-30T21:55:27.533158,70.51,0,73.23,0.0,1000.0,0.0,4.199,84.7,99,0,60.0,2026-04-30T21:56:27.532862,4.213
2026-04-30T21:55:27.711560,70.51,0,73.24,0.0,1000.0,0.0,4.199,84.7,99,0,60.0,2026-04-30T21:56:27.708710,4.213
2026-04-30T21:55:28.196210,70.51,0,73.26,0.0,1000.0,0.0,4.199,84.7,99,0,60.0,2026-04-30T21:56:28.195910,4.213
2026-04-30T21:55:28.304667,70.6,0,73.29,0.0,1000.0,0.0,4.199,84.7,99,0,60.0,2026-04-30T21:56:28.304162,4.213
2026-04-30T21:55:28.570156,70.6,0,73.32,0.0,1000.0,0.0,4.199,84.7,99,0,60.0,2026-04-30T21:56:28.569737,4.213
2026-04-30T21:55:29.264529,70.63,0,73.35,0.0,1000.0,0.0,4.199,84.7,99,0,60.0,2026-04-30T21:56:29.264178,4.213
2026-04-30T21:55:30.125953,70.63,0,73.38,0.0,1000.0,0.0,4.199,84.7,99,0,60.0,2026-04-30T21:56:30.125479,4.213
2026-04-30T21:55:30.458512,70.63,0,73.38,0.0,1000.0,0.0,4.199,84.7,99,0,60.0,2026-04-30T21:56:30.458205,4.213
2026-04-30T21:55:31.030922,70.7,0,73.4,0.0,1000.0,0.0,4.199,84.6,99,0,60.0,2026-04-30T21:56:31.030422,4.213
2026-04-30T21:55:31.328143,70.7,0,73.43,0.0,1000.0,0.0,4.199,84.6,99,0,60.0,2026-04-30T21:56:31.327594,4.213
2026-04-30T21:55:31.447875,70.7,0,73.44,0.0,1000.0,0.0,4.199,84.6,99,0,60.0,2026-04-30T21:56:31.447309,4.213
2026-04-30T21:55:31.570854,70.77,0,73.45,0.0,1000.0,0.0,4.199,84.6,99,0,60.0,2026-04-30T21:56:31.570482,4.213
2026-04-30T21:55:31.722100,70.77,0,73.47,0.0,1000.0,0.0,4.199,84.6,99,0,60.0,2026-04-30T21:56:31.721825,4.213
2026-04-30T21:55:31.980543,70.77,0,73.49,0.0,1000.0,0.0,4.199,84.6,99,0,60.0,2026-04-30T21:56:31.980137,4.213
2026-04-30T21:55:32.610701,70.82,0,73.53,0.0,1000.0,0.0,4.199,84.6,99,0,60.0,2026-04-30T21:56:32.610470,4.213
2026-04-30T21:55:32.713382,70.82,0,73.54,0.0,1000.0,0.0,4.199,84.6,99,0,60.0,2026-04-30T21:56:32.713160,4.213
2026-04-30T21:55:33.415374,70.82,0,73.57,0.0,1000.0,0.0,4.199,84.6,99,0,60.0,2026-04-30T21:56:33.415182,4.213
2026-04-30T21:55:33.479503,70.87,0,73.59,0.0,1000.0,0.0,4.199,84.6,99,0,60.0,2026-04-30T21:56:33.479341,4.213
2026-04-30T21:55:33.560264,70.87,0,73.59,0.0,1000.0,0.0,4.199,84.6,99,0,60.0,2026-04-30T21:56:33.560083,4.213
2026-04-30T21:55:34.639396,70.97,0,73.64,0.0,1000.0,0.0,4.199,84.6,99,0,60.0,2026-04-30T21:56:34.632541,4.213
2026-04-30T21:55:35.252310,70.97,0,73.69,0.0,1000.0,0.0,4.199,84.6,99,0,60.0,2026-04-30T21:56:35.250195,4.213
2026-04-30T21:55:35.417212,70.97,0,73.7,0.0,1000.0,0.0,4.199,84.6,99,0,60.0,2026-04-30T21:56:35.416655,4.213
2026-04-30T21:55:35.745651,70.99,0,73.71,0.0,1000.0,0.0,4.199,84.6,99,0,60.0,2026-04-30T21:56:35.745288,4.213
2026-04-30T21:55:36.257052,70.99,0,73.73,0.0,1000.0,0.0,4.199,84.6,99,0,60.0,2026-04-30T21:56:36.256693,4.213
2026-04-30T21:55:36.524076,70.99,0,73.73,0.0,1000.0,0.0,4.199,84.6,99,0,60.0,2026-04-30T21:56:36.523672,4.213
2026-04-30T21:55:36.789234,71.05,0,73.74,0.0,1000.0,0.0,4.199,84.5,99,0,60.0,2026-04-30T21:56:36.788864,4.213
2026-04-30T21:55:37.598663,71.05,0,73.78,0.0,1000.0,0.0,4.199,84.5,99,0,60.0,2026-04-30T21:56:37.570268,4.213
2026-04-30T21:55:37.803960,71.05,0,73.78,0.0,1000.0,0.0,4.199,84.5,99,0,60.0,2026-04-30T21:56:37.803566,4.213
2026-04-30T21:55:37.953784,71.08,0,73.79,0.0,1000.0,0.0,4.199,84.5,99,0,60.0,2026-04-30T21:56:37.953490,4.213
2026-04-30T21:55:38.127469,71.08,0,73.8,0.0,1000.0,0.0,4.199,84.5,99,0,60.0,2026-04-30T21:56:38.124561,4.213
2026-04-30T21:55:38.646296,71.08,0,73.82,0.0,1000.0,0.0,4.199,84.5,99,0,60.0,2026-04-30T21:56:38.646109,4.213
2026-04-30T21:55:38.720025,71.16,0,73.85,0.0,1000.0,0.0,4.199,84.5,99,0,60.0,2026-04-30T21:56:38.719815,4.213
2026-04-30T21:55:38.800926,71.16,0,73.87,0.0,1000.0,0.0,4.199,84.5,99,0,60.0,2026-04-30T21:56:38.800712,4.213
2026-04-30T21:55:39.774298,71.22,0,73.91,0.0,1000.0,0.0,4.199,84.5,99,0,60.0,2026-04-30T21:56:39.773792,4.213
2026-04-30T21:55:40.014599,71.22,0,73.93,0.0,1000.0,0.0,4.199,84.5,99,0,60.0,2026-04-30T21:56:40.014210,4.213
2026-04-30T21:55:40.263303,71.22,0,73.94,0.0,1000.0,0.0,4.199,84.5,99,0,60.0,2026-04-30T21:56:40.262967,4.213
2026-04-30T21:55:40.793607,71.24,0,73.96,0.0,1000.0,0.0,4.199,84.5,99,0,60.0,2026-04-30T21:56:40.793053,4.213
2026-04-30T21:55:41.056204,71.24,0,73.96,0.0,1000.0,0.0,4.199,84.5,99,0,60.0,2026-04-30T21:56:41.055917,4.213
2026-04-30T21:55:41.297447,71.24,0,73.97,0.0,1000.0,0.0,4.199,84.5,99,0,60.0,2026-04-30T21:56:41.296890,4.213
2026-04-30T21:55:41.971309,71.3,0,74.0,0.0,1000.0,0.0,4.199,84.4,99,0,60.0,2026-04-30T21:56:41.970911,4.213
2026-04-30T21:55:42.211448,71.3,0,74.02,0.0,1000.0,0.0,4.199,84.4,99,0,60.0,2026-04-30T21:56:42.210879,4.213
2026-04-30T21:55:42.355403,71.3,0,74.02,0.0,1000.0,0.0,4.199,84.4,99,0,60.0,2026-04-30T21:56:42.349640,4.213
2026-04-30T21:55:42.872912,71.36,0,74.06,0.0,1000.0,0.0,4.199,84.4,99,0,60.0,2026-04-30T21:56:42.872713,4.213
2026-04-30T21:55:42.948748,71.36,0,74.07,0.0,1000.0,0.0,4.199,84.4,99,0,60.0,2026-04-30T21:56:42.948536,4.213
2026-04-30T21:55:43.888685,71.36,0,74.11,0.0,1000.0,0.0,4.199,84.4,99,0,60.0,2026-04-30T21:56:43.888467,4.213
2026-04-30T21:55:43.956393,71.4,0,74.12,0.0,1000.0,0.0,4.199,84.4,99,0,60.0,2026-04-30T21:56:43.956206,4.213
2026-04-30T21:55:44.020119,71.4,0,74.12,0.0,1000.0,0.0,4.199,84.4,99,0,60.0,2026-04-30T21:56:44.019902,4.213
2026-04-30T21:55:45.125538,71.43,0,74.16,0.0,1000.0,0.0,4.199,84.4,99,0,60.0,2026-04-30T21:56:45.123829,4.213
2026-04-30T21:55:45.604754,71.43,0,74.16,0.0,1000.0,0.0,4.199,84.4,99,0,60.0,2026-04-30T21:56:45.604479,4.213
2026-04-30T21:55:45.889893,71.43,0,74.17,0.0,1000.0,0.0,4.199,84.4,99,0,60.0,2026-04-30T21:56:45.889520,4.213
2026-04-30T21:55:46.156832,71.51,0,74.19,0.0,1000.0,0.0,4.199,84.4,99,0,60.0,2026-04-30T21:56:46.156026,4.213
2026-04-30T21:55:46.379243,71.51,0,74.21,0.0,1000.0,0.0,4.199,84.4,99,0,60.0,2026-04-30T21:56:46.378455,4.213
2026-04-30T21:55:46.595466,71.51,0,74.23,0.0,1000.0,0.0,4.199,84.4,99,0,60.0,2026-04-30T21:56:46.575374,4.213
2026-04-30T21:55:47.105149,71.54,0,74.25,0.0,1000.0,0.0,4.199,84.4,99,0,60.0,2026-04-30T21:56:47.104774,4.213
2026-04-30T21:55:47.213818,71.54,0,74.26,0.0,1000.0,0.0,4.199,84.4,99,0,60.0,2026-04-30T21:56:47.213510,4.213
2026-04-30T21:55:47.330957,71.54,0,74.27,0.0,1000.0,0.0,4.199,84.4,99,0,60.0,2026-04-30T21:56:47.330656,4.213
2026-04-30T21:55:48.102684,71.57,0,74.29,0.0,1000.0,0.0,4.199,84.4,99,0,60.0,2026-04-30T21:56:48.102441,4.213
2026-04-30T21:55:48.165701,71.57,0,74.3,0.0,1000.0,0.0,4.199,84.4,99,0,60.0,2026-04-30T21:56:48.165553,4.213
2026-04-30T21:55:49.159892,71.57,0,74.33,0.0,1000.0,0.0,4.199,84.4,99,0,60.0,2026-04-30T21:56:49.159514,4.213
2026-04-30T21:55:49.318554,71.63,0,74.35,0.0,1000.0,0.0,4.199,84.3,99,0,60.0,2026-04-30T21:56:49.317043,4.213
2026-04-30T21:55:49.448564,71.63,0,74.35,0.0,1000.0,0.0,4.199,84.3,99,0,60.0,2026-04-30T21:56:49.448301,4.213
2026-04-30T21:55:50.273670,71.69,0,74.39,0.0,1000.0,0.0,4.199,84.3,99,0,60.0,2026-04-30T21:56:50.273044,4.213
2026-04-30T21:55:50.521652,71.69,0,74.4,0.0,1000.0,0.0,4.199,84.3,99,0,60.0,2026-04-30T21:56:50.499032,4.213
2026-04-30T21:55:50.910890,71.69,0,74.41,0.0,1000.0,0.0,4.199,84.3,99,0,60.0,2026-04-30T21:56:50.910147,4.213
2026-04-30T21:55:51.369058,71.75,0,74.44,0.0,1000.0,0.0,4.199,84.3,99,0,60.0,2026-04-30T21:56:51.368759,4.213
2026-04-30T21:55:51.541012,71.75,0,74.46,0.0,1000.0,0.0,4.199,84.3,99,0,60.0,2026-04-30T21:56:51.540605,4.213
2026-04-30T21:55:51.841163,71.75,0,74.47,0.0,1000.0,0.0,4.199,84.3,99,0,60.0,2026-04-30T21:56:51.840521,4.213
2026-04-30T21:55:52.349608,71.79,0,74.5,0.0,1000.0,0.0,4.199,84.3,99,0,60.0,2026-04-30T21:56:52.349080,4.213
2026-04-30T21:55:52.692258,71.79,0,74.51,0.0,1000.0,0.0,4.199,84.3,99,0,60.0,2026-04-30T21:56:52.691968,4.213
2026-04-30T21:55:52.792517,71.79,0,74.51,0.0,1000.0,0.0,4.199,84.3,99,0,60.0,2026-04-30T21:56:52.792212,4.213
2026-04-30T21:55:53.353592,71.84,0,74.55,0.0,1000.0,0.0,4.199,84.3,99,0,60.0,2026-04-30T21:56:53.353389,4.213
2026-04-30T21:55:53.428369,71.84,0,74.55,0.0,1000.0,0.0,4.199,84.3,99,0,60.0,2026-04-30T21:56:53.428197,4.213
2026-04-30T21:55:54.553827,71.84,0,74.59,0.0,1000.0,0.0,4.199,84.3,99,0,60.0,2026-04-30T21:56:54.496625,4.213
2026-04-30T21:55:54.755208,71.92,0,74.63,0.0,1000.0,0.0,4.199,84.2,99,0,60.0,2026-04-30T21:56:54.755003,4.213
2026-04-30T21:55:55.012430,71.92,0,74.64,0.0,1000.0,0.0,4.199,84.2,99,0,60.0,2026-04-30T21:56:55.012052,4.213
2026-04-30T21:55:55.445527,71.96,0,74.66,0.0,1000.0,0.0,4.199,84.2,99,0,60.0,2026-04-30T21:56:55.445265,4.213
2026-04-30T21:55:55.693608,71.96,0,74.67,0.0,1000.0,0.0,4.199,84.2,99,0,60.0,2026-04-30T21:56:55.693009,4.213
2026-04-30T21:55:56.090664,71.96,0,74.69,0.0,1000.0,0.0,4.199,84.2,99,0,60.0,2026-04-30T21:56:56.090267,4.213
2026-04-30T21:55:56.694450,72.02,0,74.72,0.0,1000.0,0.0,4.199,84.2,99,0,60.0,2026-04-30T21:56:56.688511,4.213
2026-04-30T21:55:56.940190,72.02,0,74.74,0.0,1000.0,0.0,4.199,84.2,99,0,60.0,2026-04-30T21:56:56.939893,4.213
2026-04-30T21:55:57.191403,72.02,0,74.75,0.0,1000.0,0.0,4.199,84.2,99,0,60.0,2026-04-30T21:56:57.191066,4.213
2026-04-30T21:55:57.638723,72.06,0,74.77,0.0,1000.0,0.0,4.199,84.2,99,0,60.0,2026-04-30T21:56:57.638498,4.213
2026-04-30T21:55:57.824217,72.06,0,74.78,0.0,1000.0,0.0,4.199,84.2,99,0,60.0,2026-04-30T21:56:57.823713,4.213
2026-04-30T21:55:58.215160,72.06,0,74.79,0.0,1000.0,0.0,4.199,84.2,99,0,60.0,2026-04-30T21:56:58.214752,4.213
2026-04-30T21:55:58.640674,72.13,0,74.82,0.0,1000.0,0.0,4.199,84.2,99,0,60.0,2026-04-30T21:56:58.640429,4.213
2026-04-30T21:55:58.727359,72.13,0,74.83,0.0,1000.0,0.0,4.199,84.2,99,0,60.0,2026-04-30T21:56:58.727150,4.213
2026-04-30T21:55:59.603264,72.13,0,74.86,0.0,1000.0,0.0,4.199,84.2,99,0,60.0,2026-04-30T21:56:59.602995,4.213
2026-04-30T21:55:59.676316,72.15,0,74.86,0.0,1000.0,0.0,4.199,84.2,99,0,60.0,2026-04-30T21:56:59.676145,4.213
2026-04-30T21:55:59.749887,72.15,0,74.86,0.0,1000.0,0.0,4.199,84.2,99,0,60.0,2026-04-30T21:56:59.749689,4.213
2026-04-30T21:56:01.749687,72.22,0,74.91,0.0,1000.0,0.0,4.199,84.1,99,0,60.0,2026-04-30T21:57:01.749294,4.213
2026-04-30T21:56:01.935369,72.22,0,74.94,0.0,1000.0,0.0,4.199,84.1,99,0,60.0,2026-04-30T21:57:01.933281,4.213
2026-04-30T21:56:02.086559,72.22,0,74.94,0.0,1000.0,0.0,4.199,84.1,99,0,60.0,2026-04-30T21:57:02.083800,4.213
2026-04-30T21:56:02.271511,72.26,0,74.95,0.0,1000.0,0.0,4.199,84.1,99,0,60.0,2026-04-30T21:57:02.271101,4.213
2026-04-30T21:56:02.448479,72.26,0,74.96,0.0,1000.0,0.0,4.199,84.1,99,0,60.0,2026-04-30T21:57:02.441623,4.213
2026-04-30T21:56:02.728167,72.26,0,74.97,0.0,1000.0,0.0,4.199,84.1,99,0,60.0,2026-04-30T21:57:02.727794,4.213
2026-04-30T21:56:02.830420,72.3,0,74.98,0.0,1000.0,0.0,4.199,84.1,99,0,60.0,2026-04-30T21:57:02.829957,4.213
2026-04-30T21:56:02.943534,72.3,0,75.0,0.0,1000.0,0.0,4.199,84.1,99,0,60.0,2026-04-30T21:57:02.943289,4.213
2026-04-30T21:56:03.186874,72.3,0,75.01,0.0,1000.0,0.0,4.199,84.1,99,0,60.0,2026-04-30T21:57:03.186493,4.213
2026-04-30T21:56:04.212736,72.35,0,75.06,0.0,1000.0,0.0,4.199,84.1,99,0,60.0,2026-04-30T21:57:04.212085,4.213
2026-04-30T21:56:04.370097,72.35,0,75.06,0.0,1000.0,0.0,4.199,84.1,99,0,60.0,2026-04-30T21:57:04.369800,4.213
2026-04-30T21:56:04.832268,72.35,0,75.08,0.0,1000.0,0.0,4.199,84.1,99,0,60.0,2026-04-30T21:57:04.832067,4.213
2026-04-30T21:56:04.907973,72.41,0,75.1,0.0,1000.0,0.0,4.199,84.1,99,0,60.0,2026-04-30T21:57:04.907770,4.213
2026-04-30T21:56:04.981603,72.41,0,75.11,0.0,1000.0,0.0,4.199,84.1,99,0,60.0,2026-04-30T21:57:04.981327,4.213
2026-04-30T21:56:06.090026,72.45,0,75.15,0.0,1000.0,0.0,4.199,84.1,99,0,60.0,2026-04-30T21:57:06.089701,4.213
2026-04-30T21:56:06.380427,72.45,0,75.17,0.0,1000.0,0.0,4.199,84.1,99,0,60.0,2026-04-30T21:57:06.379906,4.213
2026-04-30T21:56:07.307505,72.45,0,75.18,0.0,1000.0,0.0,4.199,84.1,99,0,60.0,2026-04-30T21:57:07.307253,4.213
2026-04-30T21:56:07.715796,72.5,0,75.2,0.0,1000.0,0.0,4.199,84.0,99,0,60.0,2026-04-30T21:57:07.715143,4.213
2026-04-30T21:56:07.828265,72.5,0,75.21,0.0,1000.0,0.0,4.199,84.0,99,0,60.0,2026-04-30T21:57:07.827907,4.213
2026-04-30T21:56:07.942347,72.5,0,75.22,0.0,1000.0,0.0,4.199,84.0,99,0,60.0,2026-04-30T21:57:07.942010,4.213
2026-04-30T21:56:08.073930,72.54,0,75.23,0.0,1000.0,0.0,4.199,84.0,99,0,60.0,2026-04-30T21:57:08.073555,4.213
2026-04-30T21:56:08.281817,72.54,0,75.24,0.0,1000.0,0.0,4.199,84.0,99,0,60.0,2026-04-30T21:57:08.281314,4.213
2026-04-30T21:56:08.434552,72.54,0,75.25,0.0,1000.0,0.0,4.199,84.0,99,0,60.0,2026-04-30T21:57:08.416318,4.213
2026-04-30T21:56:09.049926,72.6,0,75.29,0.0,1000.0,0.0,4.199,84.0,99,0,60.0,2026-04-30T21:57:09.049735,4.213
2026-04-30T21:56:09.112879,72.6,0,75.3,0.0,1000.0,0.0,4.199,84.0,99,0,60.0,2026-04-30T21:57:09.112711,4.213
2026-04-30T21:56:10.066608,72.6,0,75.33,0.0,1000.0,0.0,4.199,84.0,99,0,60.0,2026-04-30T21:57:10.066433,4.213
2026-04-30T21:56:10.131325,72.64,0,75.34,0.0,1000.0,0.0,4.199,84.0,99,0,60.0,2026-04-30T21:57:10.131127,4.213
2026-04-30T21:56:10.204057,72.64,0,75.35,0.0,1000.0,0.0,4.199,84.0,99,0,60.0,2026-04-30T21:57:10.203878,4.213
2026-04-30T21:56:11.205459,72.68,0,75.38,0.0,1000.0,0.0,4.199,84.0,99,0,60.0,2026-04-30T21:57:11.205003,4.213
2026-04-30T21:56:11.399954,72.68,0,75.39,0.0,1000.0,0.0,4.199,84.0,99,0,60.0,2026-04-30T21:57:11.399374,4.213
2026-04-30T21:56:11.623636,72.68,0,75.39,0.0,1000.0,0.0,4.199,84.0,99,0,60.0,2026-04-30T21:57:11.623267,4.213
2026-04-30T21:56:12.244739,72.74,0,75.43,0.0,1000.0,0.0,4.199,84.0,99,0,60.0,2026-04-30T21:57:12.244328,4.213
2026-04-30T21:56:12.539345,72.74,0,75.44,0.0,1000.0,0.0,4.199,84.0,99,0,60.0,2026-04-30T21:57:12.511015,4.213
2026-04-30T21:56:13.147911,72.74,0,75.46,0.0,1000.0,0.0,4.199,84.0,99,0,60.0,2026-04-30T21:57:13.133609,4.213
2026-04-30T21:56:13.356430,72.78,0,75.48,0.0,1000.0,0.0,4.199,84.0,99,0,60.0,2026-04-30T21:57:13.356116,4.213
2026-04-30T21:56:13.472165,72.78,0,75.49,0.0,1000.0,0.0,4.199,84.0,99,0,60.0,2026-04-30T21:57:13.471856,4.213
2026-04-30T21:56:13.611554,72.78,0,75.49,0.0,1000.0,0.0,4.199,84.0,99,0,60.0,2026-04-30T21:57:13.611259,4.213
2026-04-30T21:56:14.314523,72.84,0,75.53,0.0,1000.0,0.0,4.199,83.9,99,0,60.0,2026-04-30T21:57:14.314323,4.213
2026-04-30T21:56:14.586502,72.84,0,75.55,0.0,1000.0,0.0,4.199,83.9,99,0,60.0,2026-04-30T21:57:14.586110,4.213
2026-04-30T21:56:15.309141,72.84,0,75.58,0.0,1000.0,0.0,4.199,83.9,99,0,60.0,2026-04-30T21:57:15.308955,4.213
2026-04-30T21:56:15.382682,72.87,0,75.58,0.0,1000.0,0.0,4.199,83.9,99,0,60.0,2026-04-30T21:57:15.382496,4.213
2026-04-30T21:56:15.466647,72.87,0,75.58,0.0,1000.0,0.0,4.199,83.9,99,0,60.0,2026-04-30T21:57:15.466410,4.213
2026-04-30T21:56:16.422532,72.93,0,75.62,0.0,1000.0,0.0,4.199,83.9,99,0,60.0,2026-04-30T21:57:16.415641,4.213
2026-04-30T21:56:16.628058,72.93,0,75.64,0.0,1000.0,0.0,4.199,83.9,99,0,60.0,2026-04-30T21:57:16.613880,4.213
2026-04-30T21:56:17.176050,72.93,0,75.65,0.0,1000.0,0.0,4.199,83.9,99,0,60.0,2026-04-30T21:57:17.175606,4.213
2026-04-30T21:56:17.459825,72.98,0,75.67,0.0,1000.0,0.0,4.199,83.9,99,0,60.0,2026-04-30T21:57:17.459311,4.213
2026-04-30T21:56:18.628080,72.98,0,75.71,0.0,1000.0,0.0,4.199,83.9,99,0,60.0,2026-04-30T21:57:18.612210,4.213
2026-04-30T21:56:18.789405,72.98,0,75.71,0.0,1000.0,0.0,4.199,83.9,99,0,60.0,2026-04-30T21:57:18.789050,4.213
2026-04-30T21:56:18.904494,73.02,0,75.72,0.0,1000.0,0.0,4.199,83.9,99,0,60.0,2026-04-30T21:57:18.904243,4.213
2026-04-30T21:56:19.055065,73.02,0,75.73,0.0,1000.0,0.0,4.199,83.9,99,0,60.0,2026-04-30T21:57:19.054800,4.213
2026-04-30T21:56:19.220936,73.02,0,75.74,0.0,1000.0,0.0,4.199,83.9,99,0,60.0,2026-04-30T21:57:19.220579,4.213
2026-04-30T21:56:19.575021,73.08,0,75.76,0.0,1000.0,0.0,4.199,83.9,99,0,60.0,2026-04-30T21:57:19.574581,4.213
2026-04-30T21:56:19.723602,73.08,0,75.78,0.0,1000.0,0.0,4.199,83.9,99,0,60.0,2026-04-30T21:57:19.723341,4.213
2026-04-30T21:56:20.557487,73.08,0,75.81,0.0,1000.0,0.0,4.199,83.9,99,0,60.0,2026-04-30T21:57:20.557275,4.213
2026-04-30T21:56:20.738633,73.12,0,75.82,0.0,1000.0,0.0,4.199,83.8,99,0,60.0,2026-04-30T21:57:20.738319,4.213
2026-04-30T21:56:21.283058,73.12,0,75.84,0.0,1000.0,0.0,4.199,83.8,99,0,60.0,2026-04-30T21:57:21.282533,4.213
2026-04-30T21:56:21.840824,73.17,0,75.85,0.0,1000.0,0.0,4.199,83.8,99,0,60.0,2026-04-30T21:57:21.840540,4.213
2026-04-30T21:56:22.680445,73.17,0,75.88,0.0,1000.0,0.0,4.199,83.8,99,0,60.0,2026-04-30T21:57:22.679916,4.213
2026-04-30T21:56:23.221958,73.17,0,75.89,0.0,1000.0,0.0,4.199,83.8,99,0,60.0,2026-04-30T21:57:23.191603,4.213
2026-04-30T21:56:23.473415,73.22,0,75.9,0.0,1000.0,0.0,4.199,83.8,99,0,60.0,2026-04-30T21:57:23.473160,4.213
2026-04-30T21:56:23.584888,73.22,0,75.91,0.0,1000.0,0.0,4.199,83.8,99,0,60.0,2026-04-30T21:57:23.584545,4.213
2026-04-30T21:56:23.698948,73.22,0,75.92,0.0,1000.0,0.0,4.199,83.8,99,0,60.0,2026-04-30T21:57:23.698601,4.213
2026-04-30T21:56:23.810640,73.29,0,75.94,0.0,1000.0,0.0,4.199,83.8,99,0,60.0,2026-04-30T21:57:23.809347,4.213
2026-04-30T21:56:24.034206,73.29,0,75.96,0.0,1000.0,0.0,4.199,83.8,99,0,60.0,2026-04-30T21:57:24.033800,4.213
2026-04-30T21:56:24.189156,73.29,0,75.98,0.0,1000.0,0.0,4.199,83.8,99,0,60.0,2026-04-30T21:57:24.188709,4.213
2026-04-30T21:56:24.772102,73.34,0,76.02,0.0,1000.0,0.0,4.199,83.8,99,0,60.0,2026-04-30T21:57:24.771880,4.213
2026-04-30T21:56:24.844856,73.34,0,76.03,0.0,1000.0,0.0,4.199,83.8,99,0,60.0,2026-04-30T21:57:24.844657,4.213
2026-04-30T21:56:25.782855,73.34,0,76.07,0.0,1000.0,0.0,4.199,83.8,99,0,60.0,2026-04-30T21:57:25.782625,4.213
2026-04-30T21:56:25.856140,73.41,0,76.09,0.0,1000.0,0.0,4.199,83.7,99,0,60.0,2026-04-30T21:57:25.855929,4.213
2026-04-30T21:56:25.941809,73.41,0,76.1,0.0,1000.0,0.0,4.199,83.7,99,0,60.0,2026-04-30T21:57:25.941562,4.213
2026-04-30T21:56:26.957319,73.46,0,76.14,0.0,1000.0,0.0,4.199,83.7,99,0,60.0,2026-04-30T21:57:26.941530,4.213
2026-04-30T21:56:27.445603,73.46,0,76.17,0.0,1000.0,0.0,4.199,83.7,99,0,60.0,2026-04-30T21:57:27.445081,4.213
2026-04-30T21:56:27.792242,73.46,0,76.18,0.0,1000.0,0.0,4.199,83.7,99,0,60.0,2026-04-30T21:57:27.791647,4.213
2026-04-30T21:56:28.298162,73.53,0,76.2,0.0,1000.0,0.0,4.199,83.7,99,0,60.0,2026-04-30T21:57:28.297762,4.213
2026-04-30T21:56:28.544556,73.53,0,76.22,0.0,1000.0,0.0,4.199,83.7,99,0,60.0,2026-04-30T21:57:28.524803,4.213
2026-04-30T21:56:28.801615,73.53,0,76.23,0.0,1000.0,0.0,4.199,83.7,99,0,60.0,2026-04-30T21:57:28.799268,4.213
2026-04-30T21:56:28.986940,73.59,0,76.25,0.0,1000.0,0.0,4.199,83.7,99,0,60.0,2026-04-30T21:57:28.986669,4.213
2026-04-30T21:56:29.099878,73.59,0,76.27,0.0,1000.0,0.0,4.199,83.7,99,0,60.0,2026-04-30T21:57:29.099577,4.213
2026-04-30T21:56:29.231256,73.59,0,76.28,0.0,1000.0,0.0,4.199,83.7,99,0,60.0,2026-04-30T21:57:29.230714,4.213
2026-04-30T21:56:30.299649,73.64,0,76.33,0.0,1000.0,0.0,4.199,83.7,99,0,60.0,2026-04-30T21:57:30.298520,4.213
2026-04-30T21:56:30.504716,73.64,0,76.34,0.0,1000.0,0.0,4.199,83.7,99,0,60.0,2026-04-30T21:57:30.490373,4.213
2026-04-30T21:56:31.020217,73.64,0,76.36,0.0,1000.0,0.0,4.199,83.7,99,0,60.0,2026-04-30T21:57:31.020019,4.213
2026-04-30T21:56:31.095564,73.69,0,76.37,0.0,1000.0,0.0,4.199,83.6,99,0,60.0,2026-04-30T21:57:31.095387,4.213
2026-04-30T21:56:31.177507,73.69,0,76.38,0.0,1000.0,0.0,4.199,83.6,99,0,60.0,2026-04-30T21:57:31.177310,4.213
2026-04-30T21:56:32.130729,73.74,0,76.42,0.0,1000.0,0.0,4.199,83.6,99,0,60.0,2026-04-30T21:57:32.130332,4.213
2026-04-30T21:56:32.296361,73.74,0,76.44,0.0,1000.0,0.0,4.199,83.6,99,0,60.0,2026-04-30T21:57:32.295811,4.213
2026-04-30T21:56:32.881082,73.74,0,76.45,0.0,1000.0,0.0,4.199,83.6,99,0,60.0,2026-04-30T21:57:32.880701,4.213
2026-04-30T21:56:33.456918,73.78,0,76.48,0.0,1000.0,0.0,4.199,83.6,99,0,60.0,2026-04-30T21:57:33.456512,4.213
2026-04-30T21:56:33.663425,73.78,0,76.49,0.0,1000.0,0.0,4.199,83.6,99,0,60.0,2026-04-30T21:57:33.662910,4.213
2026-04-30T21:56:33.768434,73.78,0,76.49,0.0,1000.0,0.0,4.199,83.6,99,0,60.0,2026-04-30T21:57:33.768033,4.213
2026-04-30T21:56:34.193357,73.82,0,76.51,0.0,1000.0,0.0,4.199,83.6,99,0,60.0,2026-04-30T21:57:34.193179,4.213
2026-04-30T21:56:34.268430,73.82,0,76.52,0.0,1000.0,0.0,4.199,83.6,99,0,60.0,2026-04-30T21:57:34.268212,4.213
2026-04-30T21:56:34.387491,73.82,0,76.52,0.0,1000.0,0.0,4.199,83.6,99,0,60.0,2026-04-30T21:57:34.364860,4.213
2026-04-30T21:56:35.261266,73.89,0,76.57,0.0,1000.0,0.0,4.199,83.6,99,0,60.0,2026-04-30T21:57:35.261079,4.213
2026-04-30T21:56:35.333810,73.89,0,76.58,0.0,1000.0,0.0,4.199,83.6,99,0,60.0,2026-04-30T21:57:35.333612,4.213
2026-04-30T21:56:36.274538,73.89,0,76.62,0.0,1000.0,0.0,4.199,83.6,99,0,60.0,2026-04-30T21:57:36.273950,4.213
2026-04-30T21:56:36.508322,73.92,0,76.63,0.0,1000.0,0.0,4.199,83.6,99,0,60.0,2026-04-30T21:57:36.507860,4.213
2026-04-30T21:56:37.410942,73.92,0,76.65,0.0,1000.0,0.0,4.199,83.6,99,0,60.0,2026-04-30T21:57:37.348658,4.213
2026-04-30T21:56:37.677738,73.98,0,76.65,0.0,1000.0,0.0,4.199,83.6,99,0,60.0,2026-04-30T21:57:37.677232,4.213
2026-04-30T21:56:37.920862,73.98,0,76.67,0.0,1000.0,0.0,4.199,83.5,99,0,60.0,2026-04-30T21:57:37.920280,4.213
2026-04-30T21:56:38.189212,73.98,0,76.68,0.0,1000.0,0.0,4.199,83.5,99,0,60.0,2026-04-30T21:57:38.188723,4.213
2026-04-30T21:56:38.498460,74.0,0,76.69,0.0,1000.0,0.0,4.199,83.5,99,0,60.0,2026-04-30T21:57:38.498124,4.213
2026-04-30T21:56:39.319095,74.0,0,76.71,0.0,1000.0,0.0,4.199,83.5,99,0,60.0,2026-04-30T21:57:39.313268,4.213
2026-04-30T21:56:39.456731,74.0,0,76.71,0.0,1000.0,0.0,4.199,83.5,99,0,60.0,2026-04-30T21:57:39.456294,4.213
2026-04-30T21:56:39.617344,74.06,0,76.73,0.0,1000.0,0.0,4.199,83.5,99,0,60.0,2026-04-30T21:57:39.616831,4.213
2026-04-30T21:56:39.760130,74.06,0,76.74,0.0,1000.0,0.0,4.199,83.5,99,0,60.0,2026-04-30T21:57:39.759585,4.213
2026-04-30T21:56:39.963727,74.06,0,76.75,0.0,1000.0,0.0,4.199,83.5,99,0,60.0,2026-04-30T21:57:39.957718,4.213
2026-04-30T21:56:40.612598,74.1,0,76.79,0.0,1000.0,0.0,4.199,83.5,99,0,60.0,2026-04-30T21:57:40.612294,4.213
2026-04-30T21:56:40.709645,74.1,0,76.8,0.0,1000.0,0.0,4.199,83.5,99,0,60.0,2026-04-30T21:57:40.709367,4.213
2026-04-30T21:56:41.498083,74.1,0,76.82,0.0,1000.0,0.0,4.199,83.5,99,0,60.0,2026-04-30T21:57:41.497897,4.213
2026-04-30T21:56:41.563231,74.13,0,76.83,0.0,1000.0,0.0,4.199,83.5,99,0,60.0,2026-04-30T21:57:41.563077,4.213
2026-04-30T21:56:41.626656,74.13,0,76.83,0.0,1000.0,0.0,4.199,83.5,99,0,60.0,2026-04-30T21:57:41.626490,4.213
2026-04-30T21:56:42.746411,74.18,0,76.87,0.0,1000.0,0.0,4.199,83.5,99,0,60.0,2026-04-30T21:57:42.745862,4.213
2026-04-30T21:56:42.887302,74.18,0,76.88,0.0,1000.0,0.0,4.199,83.5,99,0,60.0,2026-04-30T21:57:42.887020,4.213
2026-04-30T21:56:43.028797,74.18,0,76.88,0.0,1000.0,0.0,4.199,83.5,99,0,60.0,2026-04-30T21:57:43.028360,4.213
2026-04-30T21:56:43.623107,74.23,0,76.91,0.0,1000.0,0.0,4.199,83.5,99,0,60.0,2026-04-30T21:57:43.622839,4.213
2026-04-30T21:56:43.796190,74.23,0,76.91,0.0,1000.0,0.0,4.199,83.5,99,0,60.0,2026-04-30T21:57:43.795210,4.213
2026-04-30T21:56:44.146664,74.23,0,76.93,0.0,1000.0,0.0,4.199,83.5,99,0,60.0,2026-04-30T21:57:44.141226,4.213
2026-04-30T21:56:44.676211,74.28,0,76.96,0.0,1000.0,0.0,4.199,83.4,99,0,60.0,2026-04-30T21:57:44.675987,4.213
2026-04-30T21:56:44.761945,74.28,0,76.97,0.0,1000.0,0.0,4.199,83.4,99,0,60.0,2026-04-30T21:57:44.761740,4.213
2026-04-30T21:56:44.862575,74.28,0,76.97,0.0,1000.0,0.0,4.199,83.4,99,0,60.0,2026-04-30T21:57:44.862350,4.213
2026-04-30T21:56:45.721506,74.32,0,77.01,0.0,1000.0,0.0,4.199,83.4,99,0,60.0,2026-04-30T21:57:45.721306,4.213
2026-04-30T21:56:45.793707,74.32,0,77.01,0.0,1000.0,0.0,4.199,83.4,99,0,60.0,2026-04-30T21:57:45.793531,4.213
2026-04-30T21:56:46.730118,74.32,0,77.05,0.0,1000.0,0.0,4.199,83.4,99,0,60.0,2026-04-30T21:57:46.729944,4.213
2026-04-30T21:56:46.803066,74.37,0,77.06,0.0,1000.0,0.0,4.199,83.4,99,0,60.0,2026-04-30T21:57:46.802818,4.213
2026-04-30T21:56:46.889261,74.37,0,77.06,0.0,1000.0,0.0,4.199,83.4,99,0,60.0,2026-04-30T21:57:46.888872,4.213
2026-04-30T21:56:47.809125,74.41,0,77.1,0.0,1000.0,0.0,4.199,83.4,99,0,60.0,2026-04-30T21:57:47.808808,4.213
2026-04-30T21:56:47.963703,74.41,0,77.1,0.0,1000.0,0.0,4.199,83.4,99,0,60.0,2026-04-30T21:57:47.963344,4.213
2026-04-30T21:56:48.137940,74.41,0,77.11,0.0,1000.0,0.0,4.199,83.4,99,0,60.0,2026-04-30T21:57:48.137537,4.213
2026-04-30T21:56:48.869408,74.47,0,77.14,0.0,1000.0,0.0,4.199,83.4,99,0,60.0,2026-04-30T21:57:48.869091,4.213
2026-04-30T21:56:49.174465,74.47,0,77.15,0.0,1000.0,0.0,4.199,83.4,99,0,60.0,2026-04-30T21:57:49.173911,4.213
2026-04-30T21:56:49.342815,74.47,0,77.16,0.0,1000.0,0.0,4.199,83.4,99,0,60.0,2026-04-30T21:57:49.342439,4.213
2026-04-30T21:56:49.902814,74.5,0,77.18,0.0,1000.0,0.0,4.199,83.4,99,0,60.0,2026-04-30T21:57:49.902569,4.213
2026-04-30T21:56:49.994466,74.5,0,77.19,0.0,1000.0,0.0,4.199,83.4,99,0,60.0,2026-04-30T21:57:49.994187,4.213
2026-04-30T21:56:50.182707,74.5,0,77.19,0.0,1000.0,0.0,4.199,83.4,99,0,60.0,2026-04-30T21:57:50.181479,4.213
2026-04-30T21:56:50.961099,74.54,0,77.22,0.0,1000.0,0.0,4.199,83.4,99,0,60.0,2026-04-30T21:57:50.960913,4.213
2026-04-30T21:56:51.033794,74.54,0,77.23,0.0,1000.0,0.0,4.199,83.4,99,0,60.0,2026-04-30T21:57:51.033622,4.213
2026-04-30T21:56:51.967991,74.54,0,77.26,0.0,1000.0,0.0,4.199,83.4,99,0,60.0,2026-04-30T21:57:51.967771,4.213
2026-04-30T21:56:52.043069,74.6,0,77.28,0.0,1000.0,0.0,4.199,83.3,99,0,60.0,2026-04-30T21:57:52.042880,4.213
2026-04-30T21:56:52.153294,74.6,0,77.28,0.0,1000.0,0.0,4.199,83.3,99,0,60.0,2026-04-30T21:57:52.152974,4.213
2026-04-30T21:56:53.045903,74.66,0,77.32,0.0,1000.0,0.0,4.199,83.3,99,0,60.0,2026-04-30T21:57:53.045573,4.213
2026-04-30T21:56:53.265072,74.66,0,77.34,0.0,1000.0,0.0,4.199,83.3,99,0,60.0,2026-04-30T21:57:53.264509,4.213
2026-04-30T21:56:53.434734,74.66,0,77.35,0.0,1000.0,0.0,4.199,83.3,99,0,60.0,2026-04-30T21:57:53.433862,4.213
2026-04-30T21:56:54.107422,74.7,0,77.38,0.0,1000.0,0.0,4.199,83.3,99,0,60.0,2026-04-30T21:57:54.107099,4.213
2026-04-30T21:56:54.238579,74.7,0,77.39,0.0,1000.0,0.0,4.199,83.3,99,0,60.0,2026-04-30T21:57:54.238057,4.213
2026-04-30T21:56:54.445437,74.7,0,77.4,0.0,1000.0,0.0,4.199,83.3,99,0,60.0,2026-04-30T21:57:54.444915,4.213
2026-04-30T21:56:55.138952,74.76,0,77.43,0.0,1000.0,0.0,4.199,83.3,99,0,60.0,2026-04-30T21:57:55.138758,4.213
2026-04-30T21:56:55.210248,74.76,0,77.44,0.0,1000.0,0.0,4.199,83.3,99,0,60.0,2026-04-30T21:57:55.210094,4.213
2026-04-30T21:56:55.282496,74.76,0,77.45,0.0,1000.0,0.0,4.199,83.3,99,0,60.0,2026-04-30T21:57:55.282298,4.213
2026-04-30T21:56:56.223942,74.82,0,77.5,0.0,1000.0,0.0,4.199,83.3,99,0,60.0,2026-04-30T21:57:56.223697,4.213
2026-04-30T21:56:56.342802,74.82,0,77.51,0.0,1000.0,0.0,4.199,83.3,99,0,60.0,2026-04-30T21:57:56.342506,4.213
2026-04-30T21:56:57.207585,74.82,0,77.54,0.0,1000.0,0.0,4.199,83.3,99,0,60.0,2026-04-30T21:57:57.207407,4.213
2026-04-30T21:56:57.276955,74.87,0,77.55,0.0,1000.0,0.0,4.199,83.2,99,0,60.0,2026-04-30T21:57:57.276738,4.213
2026-04-30T21:56:57.353298,74.87,0,77.56,0.0,1000.0,0.0,4.199,83.2,99,0,60.0,2026-04-30T21:57:57.353096,4.213
2026-04-30T21:56:58.275967,74.93,0,77.6,0.0,1000.0,0.0,4.199,83.2,99,0,60.0,2026-04-30T21:57:58.275734,4.213
2026-04-30T21:56:58.740345,74.93,0,77.61,0.0,1000.0,0.0,4.199,83.2,99,0,60.0,2026-04-30T21:57:58.739855,4.213
2026-04-30T21:56:58.993232,74.93,0,77.63,0.0,1000.0,0.0,4.199,83.2,99,0,60.0,2026-04-30T21:57:58.992588,4.213
2026-04-30T21:56:59.407239,75.0,0,77.65,0.0,1000.0,0.0,4.199,83.2,99,0,60.0,2026-04-30T21:57:59.406859,4.213
2026-04-30T21:56:59.586469,75.0,0,77.67,0.0,1000.0,0.0,4.199,83.2,99,0,60.0,2026-04-30T21:57:59.585992,4.213
2026-04-30T21:56:59.761989,75.0,0,77.68,0.0,1000.0,0.0,4.199,83.2,99,0,60.0,2026-04-30T21:57:59.761664,4.213
2026-04-30T21:57:00.443629,75.06,0,77.72,0.0,1000.0,0.0,4.199,83.2,99,0,60.0,2026-04-30T21:58:00.430545,4.213
2026-04-30T21:57:00.812703,75.06,0,77.74,0.0,1000.0,0.0,4.199,83.2,99,0,60.0,2026-04-30T21:58:00.812338,4.213
2026-04-30T21:57:00.981444,75.06,0,77.75,0.0,1000.0,0.0,4.199,83.2,99,0,60.0,2026-04-30T21:58:00.979834,4.214
2026-04-30T21:57:01.441454,75.11,0,77.78,0.0,1000.0,0.0,4.199,83.2,99,0,60.0,2026-04-30T21:58:01.441251,4.214
2026-04-30T21:57:01.515041,75.11,0,77.79,0.0,1000.0,0.0,4.199,83.2,99,0,60.0,2026-04-30T21:58:01.514876,4.214
2026-04-30T21:57:02.764613,75.11,0,77.83,0.0,1000.0,0.0,4.199,83.2,99,0,60.0,2026-04-30T21:58:02.764327,4.214
2026-04-30T21:57:03.282639,75.16,0,77.86,0.0,1000.0,0.0,4.199,83.2,99,0,60.0,2026-04-30T21:58:03.282288,4.214
2026-04-30T21:57:03.438780,75.16,0,77.86,0.0,1000.0,0.0,4.199,83.2,99,0,60.0,2026-04-30T21:58:03.433928,4.214
2026-04-30T21:57:03.615541,75.2,0,77.87,0.0,1000.0,0.0,4.199,83.1,99,0,60.0,2026-04-30T21:58:03.615140,4.214
2026-04-30T21:57:04.151444,75.2,0,77.89,0.0,1000.0,0.0,4.199,83.1,99,0,60.0,2026-04-30T21:58:04.151080,4.214
2026-04-30T21:57:04.372065,75.2,0,77.9,0.0,1000.0,0.0,4.199,83.1,99,0,60.0,2026-04-30T21:58:04.371792,4.214
2026-04-30T21:57:04.682055,75.25,0,77.92,0.0,1000.0,0.0,4.199,83.1,99,0,60.0,2026-04-30T21:58:04.681805,4.214
2026-04-30T21:57:04.789962,75.25,0,77.93,0.0,1000.0,0.0,4.199,83.1,99,0,60.0,2026-04-30T21:58:04.789724,4.214
2026-04-30T21:57:04.889757,75.25,0,77.94,0.0,1000.0,0.0,4.199,83.1,99,0,60.0,2026-04-30T21:58:04.889485,4.214
2026-04-30T21:57:05.618035,75.31,0,77.97,0.0,1000.0,0.0,4.199,83.1,99,0,60.0,2026-04-30T21:58:05.617715,4.214
2026-04-30T21:57:05.873841,75.31,0,77.98,0.0,1000.0,0.0,4.199,83.1,99,0,60.0,2026-04-30T21:58:05.873344,4.214
2026-04-30T21:57:06.459916,75.31,0,78.01,0.0,1000.0,0.0,4.199,83.1,99,0,60.0,2026-04-30T21:58:06.459464,4.214
2026-04-30T21:57:07.070440,75.38,0,78.04,0.0,1000.0,0.0,4.199,83.1,99,0,60.0,2026-04-30T21:58:07.070073,4.214
2026-04-30T21:57:07.240210,75.38,0,78.06,0.0,1000.0,0.0,4.199,83.1,99,0,60.0,2026-04-30T21:58:07.239999,4.214
2026-04-30T21:57:07.701084,75.38,0,78.07,0.0,1000.0,0.0,4.199,83.1,99,0,60.0,2026-04-30T21:58:07.700884,4.214
2026-04-30T21:57:07.925522,75.44,0,78.1,0.0,1000.0,0.0,4.199,83.1,99,0,60.0,2026-04-30T21:58:07.925187,4.214
2026-04-30T21:57:08.080795,75.44,0,78.11,0.0,1000.0,0.0,4.199,83.1,99,0,60.0,2026-04-30T21:58:08.080477,4.214
2026-04-30T21:57:08.780575,75.48,0,78.14,0.0,1000.0,0.0,4.199,83.1,99,0,60.0,2026-04-30T21:58:08.780071,4.214
2026-04-30T21:57:09.298666,75.48,0,78.16,0.0,1000.0,0.0,4.199,83.0,99,0,60.0,2026-04-30T21:58:09.298180,4.214
2026-04-30T21:57:09.457875,75.48,0,78.17,0.0,1000.0,0.0,4.199,83.0,99,0,60.0,2026-04-30T21:58:09.457588,4.214
2026-04-30T21:57:09.809317,75.54,0,78.19,0.0,1000.0,0.0,4.199,83.0,99,0,60.0,2026-04-30T21:58:09.809063,4.214
2026-04-30T21:57:09.920069,75.54,0,78.2,0.0,1000.0,0.0,4.199,83.0,99,0,60.0,2026-04-30T21:58:09.919783,4.214
2026-04-30T21:57:10.120979,75.54,0,78.21,0.0,1000.0,0.0,4.199,83.0,99,0,60.0,2026-04-30T21:58:10.120442,4.214
2026-04-30T21:57:10.849737,75.58,0,78.25,0.0,1000.0,0.0,4.199,83.0,99,0,60.0,2026-04-30T21:58:10.849542,4.214
2026-04-30T21:57:10.927477,75.58,0,78.26,0.0,1000.0,0.0,4.199,83.0,99,0,60.0,2026-04-30T21:58:10.927286,4.214
2026-04-30T21:57:11.031610,75.58,0,78.26,0.0,1000.0,0.0,4.199,83.0,99,0,60.0,2026-04-30T21:58:11.031330,4.214
2026-04-30T21:57:11.913474,75.62,0,78.3,0.0,1000.0,0.0,4.199,83.0,99,0,60.0,2026-04-30T21:58:11.913279,4.214
2026-04-30T21:57:12.013319,75.62,0,78.3,0.0,1000.0,0.0,4.199,83.0,99,0,60.0,2026-04-30T21:58:12.012909,4.214
2026-04-30T21:57:12.920983,75.62,0,78.33,0.0,1000.0,0.0,4.199,83.0,99,0,60.0,2026-04-30T21:58:12.920770,4.214
2026-04-30T21:57:13.047585,75.67,0,78.35,0.0,1000.0,0.0,4.199,83.0,99,0,60.0,2026-04-30T21:58:13.047180,4.214
2026-04-30T21:57:13.295608,75.67,0,78.36,0.0,1000.0,0.0,4.199,83.0,99,0,60.0,2026-04-30T21:58:13.295194,4.214
2026-04-30T21:57:14.000472,75.7,0,78.38,0.0,1000.0,0.0,4.199,83.0,99,0,60.0,2026-04-30T21:58:14.000183,4.214
2026-04-30T21:57:14.162029,75.7,0,78.39,0.0,1000.0,0.0,4.199,83.0,99,0,60.0,2026-04-30T21:58:14.161659,4.214
2026-04-30T21:57:14.331431,75.7,0,78.39,0.0,1000.0,0.0,4.199,83.0,99,0,60.0,2026-04-30T21:58:14.330901,4.214
2026-04-30T21:57:15.039092,75.75,0,78.42,0.0,1000.0,0.0,4.199,83.0,99,0,60.0,2026-04-30T21:58:15.038862,4.214
2026-04-30T21:57:15.143450,75.75,0,78.43,0.0,1000.0,0.0,4.199,83.0,99,0,60.0,2026-04-30T21:58:15.143175,4.214
2026-04-30T21:57:15.271839,75.75,0,78.43,0.0,1000.0,0.0,4.199,83.0,99,0,60.0,2026-04-30T21:58:15.271448,4.214
2026-04-30T21:57:16.187347,75.8,0,78.47,0.0,1000.0,0.0,4.199,82.9,99,0,60.0,2026-04-30T21:58:16.186943,4.214
2026-04-30T21:57:16.304984,75.8,0,78.48,0.0,1000.0,0.0,4.199,82.9,99,0,60.0,2026-04-30T21:58:16.304734,4.214
2026-04-30T21:57:16.463093,75.8,0,78.49,0.0,1000.0,0.0,4.199,82.9,99,0,60.0,2026-04-30T21:58:16.450519,4.214
2026-04-30T21:57:17.145201,75.87,0,78.53,0.0,1000.0,0.0,4.199,82.9,99,0,60.0,2026-04-30T21:58:17.145020,4.214
2026-04-30T21:57:17.207631,75.87,0,78.54,0.0,1000.0,0.0,4.199,82.9,99,0,60.0,2026-04-30T21:58:17.207476,4.214
2026-04-30T21:57:18.168492,75.87,0,78.57,0.0,1000.0,0.0,4.199,82.9,99,0,60.0,2026-04-30T21:58:18.168095,4.214
2026-04-30T21:57:18.308194,75.92,0,78.59,0.0,1000.0,0.0,4.199,82.9,99,0,60.0,2026-04-30T21:58:18.307636,4.214
2026-04-30T21:57:18.790891,75.92,0,78.6,0.0,1000.0,0.0,4.199,82.9,99,0,60.0,2026-04-30T21:58:18.789687,4.214
2026-04-30T21:57:19.397919,75.94,0,78.62,0.0,1000.0,0.0,4.199,82.9,99,0,60.0,2026-04-30T21:58:19.397379,4.214
2026-04-30T21:57:19.558160,75.94,0,78.62,0.0,1000.0,0.0,4.199,82.9,99,0,60.0,2026-04-30T21:58:19.557830,4.214
2026-04-30T21:57:19.714951,75.94,0,78.63,0.0,1000.0,0.0,4.199,82.9,99,0,60.0,2026-04-30T21:58:19.714654,4.214
2026-04-30T21:57:20.329190,76.0,0,78.66,0.0,1000.0,0.0,4.199,82.9,99,0,60.0,2026-04-30T21:58:20.328801,4.214
2026-04-30T21:57:20.937810,76.0,0,78.67,0.0,1000.0,0.0,4.199,82.9,99,0,60.0,2026-04-30T21:58:20.904467,4.214
2026-04-30T21:57:21.406635,76.0,0,78.69,0.0,1000.0,0.0,4.199,82.9,99,0,60.0,2026-04-30T21:58:21.358580,4.214
2026-04-30T21:57:21.718918,76.06,0,78.71,0.0,1000.0,0.0,4.199,82.8,99,0,60.0,2026-04-30T21:58:21.716584,4.214
2026-04-30T21:57:21.857676,76.06,0,78.73,0.0,1000.0,0.0,4.199,82.8,99,0,60.0,2026-04-30T21:58:21.857356,4.214
2026-04-30T21:57:22.104698,76.06,0,78.74,0.0,1000.0,0.0,4.199,82.8,99,0,60.0,2026-04-30T21:58:22.104380,4.214
2026-04-30T21:57:22.500212,76.1,0,78.77,0.0,1000.0,0.0,4.199,82.8,99,0,60.0,2026-04-30T21:58:22.494439,4.214
2026-04-30T21:57:22.796094,76.1,0,78.78,0.0,1000.0,0.0,4.199,82.8,99,0,60.0,2026-04-30T21:58:22.795573,4.214
2026-04-30T21:57:23.448899,76.1,0,78.8,0.0,1000.0,0.0,4.199,82.8,99,0,60.0,2026-04-30T21:58:23.448092,4.214
2026-04-30T21:57:23.843149,76.14,0,78.83,0.0,1000.0,0.0,4.199,82.8,99,0,60.0,2026-04-30T21:58:23.842466,4.214
2026-04-30T21:57:24.058341,76.14,0,78.83,0.0,1000.0,0.0,4.199,82.8,99,0,60.0,2026-04-30T21:58:24.057854,4.214
2026-04-30T21:57:24.839319,76.18,0,78.85,0.0,1000.0,0.0,4.199,82.8,99,0,60.0,2026-04-30T21:58:24.774203,4.214
2026-04-30T21:57:25.209980,76.18,0,78.87,0.0,1000.0,0.0,4.199,82.8,99,0,60.0,2026-04-30T21:58:25.209421,4.214
2026-04-30T21:57:25.388586,76.18,0,78.87,0.0,1000.0,0.0,4.199,82.8,99,0,60.0,2026-04-30T21:58:25.384294,4.214
2026-04-30T21:57:25.888212,76.23,0,78.89,0.0,1000.0,0.0,4.199,82.8,99,0,60.0,2026-04-30T21:58:25.887583,4.214
2026-04-30T21:57:26.296635,76.23,0,78.92,0.0,1000.0,0.0,4.199,82.8,99,0,60.0,2026-04-30T21:58:26.296275,4.214
2026-04-30T21:57:26.464152,76.23,0,78.92,0.0,1000.0,0.0,4.199,82.8,99,0,60.0,2026-04-30T21:58:26.462850,4.214
2026-04-30T21:57:26.729046,76.27,0,78.94,0.0,1000.0,0.0,4.199,82.8,99,0,60.0,2026-04-30T21:58:26.728500,4.214
2026-04-30T21:57:26.815351,76.27,0,78.95,0.0,1000.0,0.0,4.199,82.8,99,0,60.0,2026-04-30T21:58:26.815175,4.214
2026-04-30T21:57:26.892053,76.27,0,78.95,0.0,1000.0,0.0,4.199,82.8,99,0,60.0,2026-04-30T21:58:26.891857,4.214
2026-04-30T21:57:27.625512,76.33,0,78.99,0.0,1000.0,0.0,4.199,82.8,99,0,60.0,2026-04-30T21:58:27.625323,4.214
2026-04-30T21:57:27.700517,76.33,0,79.0,0.0,1000.0,0.0,4.199,82.8,99,0,60.0,2026-04-30T21:58:27.700318,4.214
2026-04-30T21:57:28.730126,76.33,0,79.03,0.0,1000.0,0.0,4.199,82.8,99,0,60.0,2026-04-30T21:58:28.729525,4.214
2026-04-30T21:57:28.905780,76.35,0,79.03,0.0,1000.0,0.0,4.199,82.8,99,0,60.0,2026-04-30T21:58:28.905446,4.214
2026-04-30T21:57:29.425207,76.35,0,79.03,0.0,1000.0,0.0,4.199,82.8,99,0,60.0,2026-04-30T21:58:29.424936,4.214
2026-04-30T21:57:29.753909,76.4,0,79.04,0.0,1000.0,0.0,4.199,82.8,99,0,60.0,2026-04-30T21:58:29.753536,4.214
2026-04-30T21:57:30.093326,76.4,0,79.06,0.0,1000.0,0.0,4.199,82.7,99,0,60.0,2026-04-30T21:58:30.092901,4.214
2026-04-30T21:57:30.345387,76.4,0,79.07,0.0,1000.0,0.0,4.199,82.7,99,0,60.0,2026-04-30T21:58:30.344652,4.214
2026-04-30T21:57:31.036658,76.44,0,79.1,0.0,1000.0,0.0,4.199,82.7,99,0,60.0,2026-04-30T21:58:31.036261,4.214
2026-04-30T21:57:31.291604,76.44,0,79.11,0.0,1000.0,0.0,4.199,82.7,99,0,60.0,2026-04-30T21:58:31.291093,4.214
2026-04-30T21:57:31.400463,76.44,0,79.11,0.0,1000.0,0.0,4.199,82.7,99,0,60.0,2026-04-30T21:58:31.400133,4.214
2026-04-30T21:57:31.798940,76.47,0,79.13,0.0,1000.0,0.0,4.199,82.7,99,0,60.0,2026-04-30T21:58:31.798799,4.214
2026-04-30T21:57:31.862510,76.47,0,79.14,0.0,1000.0,0.0,4.199,82.7,99,0,60.0,2026-04-30T21:58:31.862354,4.214
2026-04-30T21:57:31.929772,76.47,0,79.14,0.0,1000.0,0.0,4.199,82.7,99,0,60.0,2026-04-30T21:58:31.929600,4.214
2026-04-30T21:57:32.889160,76.5,0,79.17,0.0,1000.0,0.0,4.199,82.7,99,0,60.0,2026-04-30T21:58:32.888911,4.214
2026-04-30T21:57:33.135660,76.5,0,79.18,0.0,1000.0,0.0,4.199,82.7,99,0,60.0,2026-04-30T21:58:33.135238,4.214
2026-04-30T21:57:34.160433,76.5,0,79.2,0.0,1000.0,0.0,4.199,82.7,99,0,60.0,2026-04-30T21:58:34.159879,4.214
2026-04-30T21:57:34.994923,76.54,0,79.23,0.0,1000.0,0.0,4.199,82.7,99,0,60.0,2026-04-30T21:58:34.994351,4.214
2026-04-30T21:57:35.419793,76.54,0,79.23,0.0,1000.0,0.0,4.199,82.7,99,0,60.0,2026-04-30T21:58:35.419357,4.214
2026-04-30T21:57:35.557025,76.6,0,79.23,0.0,1000.0,0.0,4.199,82.7,99,0,60.0,2026-04-30T21:58:35.556699,4.214
2026-04-30T21:57:35.806122,76.6,0,79.25,0.0,1000.0,0.0,4.199,82.7,99,0,60.0,2026-04-30T21:58:35.805747,4.214
2026-04-30T21:57:36.431135,76.6,0,79.27,0.0,1000.0,0.0,4.199,82.7,99,0,60.0,2026-04-30T21:58:36.416490,4.214
2026-04-30T21:57:38.236583,76.63,0,79.32,0.0,1000.0,0.0,4.199,82.7,99,0,60.0,2026-04-30T21:58:38.233413,4.214
2026-04-30T21:57:38.486352,76.63,0,79.33,0.0,1000.0,0.0,4.199,82.7,99,0,60.0,2026-04-30T21:58:38.486060,4.214
2026-04-30T21:57:38.590717,76.63,0,79.32,0.0,1000.0,0.0,4.199,82.7,99,0,60.0,2026-04-30T21:58:38.590390,4.214
2026-04-30T21:57:38.870107,76.68,0,79.33,0.0,1000.0,0.0,4.199,82.6,99,0,60.0,2026-04-30T21:58:38.869418,4.214
2026-04-30T21:57:39.182855,76.68,0,79.35,0.0,1000.0,0.0,4.199,82.6,99,0,60.0,2026-04-30T21:58:39.181093,4.214
2026-04-30T21:57:39.794794,76.68,0,79.36,0.0,1000.0,0.0,4.199,82.6,99,0,60.0,2026-04-30T21:58:39.794294,4.214
2026-04-30T21:57:40.473637,76.74,0,79.41,0.0,1000.0,0.0,4.199,82.6,99,0,60.0,2026-04-30T21:58:40.473134,4.214
2026-04-30T21:57:41.114770,76.74,0,79.43,0.0,1000.0,0.0,4.199,82.6,99,0,60.0,2026-04-30T21:58:41.114137,4.214
2026-04-30T21:57:41.422314,76.74,0,79.43,0.0,1000.0,0.0,4.199,82.6,99,0,60.0,2026-04-30T21:58:41.422006,4.214
2026-04-30T21:57:41.528171,76.79,0,79.45,0.0,1000.0,0.0,4.199,82.6,99,0,60.0,2026-04-30T21:58:41.527699,4.214
2026-04-30T21:57:41.642964,76.79,0,79.45,0.0,1000.0,0.0,4.199,82.6,99,0,60.0,2026-04-30T21:58:41.642704,4.214
2026-04-30T21:57:41.758035,76.82,0,79.46,0.0,1000.0,0.0,4.199,82.6,99,0,60.0,2026-04-30T21:58:41.757675,4.214
2026-04-30T21:57:41.865702,76.82,0,79.47,0.0,1000.0,0.0,4.199,82.6,99,0,60.0,2026-04-30T21:58:41.865372,4.214
2026-04-30T21:57:42.174512,76.82,0,79.48,0.0,1000.0,0.0,4.199,82.6,99,0,60.0,2026-04-30T21:58:42.174075,4.214
2026-04-30T21:57:42.339785,76.87,0,79.5,0.0,1000.0,0.0,4.199,82.6,99,0,60.0,2026-04-30T21:58:42.338853,4.214
2026-04-30T21:57:43.121955,76.87,0,79.53,0.0,1000.0,0.0,4.199,82.6,99,0,60.0,2026-04-30T21:58:43.121574,4.214
2026-04-30T21:57:43.375241,76.87,0,79.55,0.0,1000.0,0.0,4.199,82.6,99,0,60.0,2026-04-30T21:58:43.361805,4.214
2026-04-30T21:57:43.631255,76.92,0,79.57,0.0,1000.0,0.0,4.199,82.6,99,0,60.0,2026-04-30T21:58:43.630912,4.214
2026-04-30T21:57:43.741147,76.92,0,79.58,0.0,1000.0,0.0,4.199,82.6,99,0,60.0,2026-04-30T21:58:43.740891,4.214
2026-04-30T21:57:43.839303,76.92,0,79.59,0.0,1000.0,0.0,4.199,82.6,99,0,60.0,2026-04-30T21:58:43.839077,4.214
2026-04-30T21:57:43.928061,76.94,0,79.59,0.0,1000.0,0.0,4.199,82.6,99,0,60.0,2026-04-30T21:58:43.927856,4.214
2026-04-30T21:57:44.032165,76.94,0,79.6,0.0,1000.0,0.0,4.199,82.6,99,0,60.0,2026-04-30T21:58:44.031907,4.214
2026-04-30T21:57:44.416617,76.94,0,79.62,0.0,1000.0,0.0,4.199,82.6,99,0,60.0,2026-04-30T21:58:44.415878,4.214
2026-04-30T21:57:44.745674,76.99,0,79.64,0.0,1000.0,0.0,4.199,82.5,99,0,60.0,2026-04-30T21:58:44.745337,4.214
2026-04-30T21:57:45.310090,76.99,0,79.67,0.0,1000.0,0.0,4.199,82.5,99,0,60.0,2026-04-30T21:58:45.298111,4.214
2026-04-30T21:57:45.447436,77.02,0,79.67,0.0,1000.0,0.0,4.199,82.5,99,0,60.0,2026-04-30T21:58:45.446991,4.214
2026-04-30T21:57:45.578048,77.02,0,79.68,0.0,1000.0,0.0,4.199,82.5,99,0,60.0,2026-04-30T21:58:45.577592,4.214
2026-04-30T21:57:45.880868,77.02,0,79.69,0.0,1000.0,0.0,4.199,82.5,99,0,60.0,2026-04-30T21:58:45.880576,4.214
2026-04-30T21:57:46.738782,77.05,0,79.72,0.0,1000.0,0.0,4.199,82.5,99,0,60.0,2026-04-30T21:58:46.737504,4.214
2026-04-30T21:57:46.889803,77.05,0,79.73,0.0,1000.0,0.0,4.199,82.5,99,0,60.0,2026-04-30T21:58:46.889515,4.214
2026-04-30T21:57:47.006851,77.05,0,79.73,0.0,1000.0,0.0,4.199,82.5,99,0,60.0,2026-04-30T21:58:47.006540,4.214
2026-04-30T21:57:47.506966,77.1,0,79.76,0.0,1000.0,0.0,4.199,82.5,99,0,60.0,2026-04-30T21:58:47.506788,4.214
2026-04-30T21:57:47.577836,77.1,0,79.76,0.0,1000.0,0.0,4.199,82.5,99,0,60.0,2026-04-30T21:58:47.577660,4.214
2026-04-30T21:57:47.651581,77.1,0,79.77,0.0,1000.0,0.0,4.199,82.5,99,0,60.0,2026-04-30T21:58:47.651284,4.214
2026-04-30T21:57:48.595280,77.15,0,79.81,0.0,1000.0,0.0,4.199,82.5,99,0,60.0,2026-04-30T21:58:48.595038,4.214
2026-04-30T21:57:48.688170,77.15,0,79.82,0.0,1000.0,0.0,4.199,82.5,99,0,60.0,2026-04-30T21:58:48.687966,4.214
2026-04-30T21:57:49.610033,77.15,0,79.85,0.0,1000.0,0.0,4.199,82.5,99,0,60.0,2026-04-30T21:58:49.609553,4.214
2026-04-30T21:57:49.824066,77.19,0,79.87,0.0,1000.0,0.0,4.199,82.5,99,0,60.0,2026-04-30T21:58:49.823712,4.214
2026-04-30T21:57:50.048724,77.19,0,79.87,0.0,1000.0,0.0,4.199,82.5,99,0,60.0,2026-04-30T21:58:50.047918,4.214
2026-04-30T21:57:50.647254,77.24,0,79.89,0.0,1000.0,0.0,4.199,82.5,99,0,60.0,2026-04-30T21:58:50.646562,4.214
2026-04-30T21:57:50.817386,77.24,0,79.9,0.0,1000.0,0.0,4.199,82.5,99,0,60.0,2026-04-30T21:58:50.816993,4.214
2026-04-30T21:57:51.254081,77.24,0,79.92,0.0,1000.0,0.0,4.199,82.5,99,0,60.0,2026-04-30T21:58:51.253759,4.214
2026-04-30T21:57:51.798454,77.31,0,79.94,0.0,1000.0,0.0,4.199,82.4,99,0,60.0,2026-04-30T21:58:51.798102,4.214
2026-04-30T21:57:52.138883,77.31,0,79.97,0.0,1000.0,0.0,4.199,82.4,99,0,60.0,2026-04-30T21:58:52.138523,4.214
2026-04-30T21:57:52.307453,77.31,0,79.98,0.0,1000.0,0.0,4.199,82.4,99,0,60.0,2026-04-30T21:58:52.307135,4.214
2026-04-30T21:57:52.782189,77.35,0,80.0,0.0,1000.0,0.0,4.199,82.4,99,0,60.0,2026-04-30T21:58:52.781919,4.214
2026-04-30T21:57:52.898933,77.35,0,80.01,0.0,1000.0,0.0,4.199,82.4,99,0,60.0,2026-04-30T21:58:52.898585,4.214
2026-04-30T21:57:53.050447,77.35,0,80.02,0.0,1000.0,0.0,4.199,82.4,99,0,60.0,2026-04-30T21:58:53.050189,4.214
2026-04-30T21:57:54.188523,77.41,0,80.07,0.0,1000.0,0.0,4.199,82.4,99,0,60.0,2026-04-30T21:58:54.188111,4.214
2026-04-30T21:57:54.822834,77.41,0,80.09,0.0,1000.0,0.0,4.199,82.4,99,0,60.0,2026-04-30T21:58:54.822411,4.214
2026-04-30T21:57:55.371221,77.41,0,80.1,0.0,1000.0,0.0,4.199,82.4,99,0,60.0,2026-04-30T21:58:55.370951,4.214
2026-04-30T21:57:55.566367,77.44,0,80.1,0.0,1000.0,0.0,4.199,82.4,99,0,60.0,2026-04-30T21:58:55.565956,4.214
2026-04-30T21:57:55.773572,77.44,0,80.11,0.0,1000.0,0.0,4.199,82.4,99,0,60.0,2026-04-30T21:58:55.773295,4.214
2026-04-30T21:57:56.357212,77.48,0,80.12,0.0,1000.0,0.0,4.199,82.4,99,0,60.0,2026-04-30T21:58:56.341420,4.214
2026-04-30T21:57:56.748998,77.48,0,80.15,0.0,1000.0,0.0,4.199,82.4,99,0,60.0,2026-04-30T21:58:56.748693,4.214
2026-04-30T21:57:57.117265,77.48,0,80.16,0.0,1000.0,0.0,4.199,82.4,99,0,60.0,2026-04-30T21:58:57.116602,4.214
2026-04-30T21:57:57.223260,77.55,0,80.17,0.0,1000.0,0.0,4.199,82.3,99,0,60.0,2026-04-30T21:58:57.222968,4.214
2026-04-30T21:57:57.347677,77.55,0,80.19,0.0,1000.0,0.0,4.199,82.3,99,0,60.0,2026-04-30T21:58:57.347422,4.214
2026-04-30T21:57:57.453342,77.55,0,80.2,0.0,1000.0,0.0,4.199,82.3,99,0,60.0,2026-04-30T21:58:57.453003,4.214
2026-04-30T21:57:57.981548,77.57,0,80.23,0.0,1000.0,0.0,4.199,82.3,99,0,60.0,2026-04-30T21:58:57.981373,4.214
2026-04-30T21:57:58.048600,77.57,0,80.23,0.0,1000.0,0.0,4.199,82.3,99,0,60.0,2026-04-30T21:58:58.048395,4.214
2026-04-30T21:57:58.121570,77.57,0,80.23,0.0,1000.0,0.0,4.199,82.3,99,0,60.0,2026-04-30T21:58:58.121388,4.214
2026-04-30T21:57:59.093748,77.61,0,80.27,0.0,1000.0,0.0,4.199,82.3,99,0,60.0,2026-04-30T21:58:59.093387,4.214
2026-04-30T21:57:59.587791,77.61,0,80.29,0.0,1000.0,0.0,4.199,82.3,99,0,60.0,2026-04-30T21:58:59.587300,4.214
2026-04-30T21:58:00.092598,77.61,0,80.3,0.0,1000.0,0.0,4.199,82.3,99,0,60.0,2026-04-30T21:59:00.092263,4.214
2026-04-30T21:58:00.269672,77.65,0,80.31,0.0,1000.0,0.0,4.199,82.3,99,0,60.0,2026-04-30T21:59:00.269353,4.214
2026-04-30T21:58:00.472938,77.65,0,80.32,0.0,1000.0,0.0,4.199,82.3,99,0,60.0,2026-04-30T21:59:00.443268,4.214
2026-04-30T21:58:01.132147,77.71,0,80.34,0.0,1000.0,0.0,4.199,82.3,99,0,60.0,2026-04-30T21:59:01.131838,4.214
2026-04-30T21:58:01.243250,77.71,0,80.36,0.0,1000.0,0.0,4.199,82.3,99,0,60.0,2026-04-30T21:59:01.242895,4.214
2026-04-30T21:58:01.349750,77.71,0,80.36,0.0,1000.0,0.0,4.199,82.3,99,0,60.0,2026-04-30T21:59:01.349482,4.214
2026-04-30T21:58:02.158245,77.76,0,80.4,0.0,1000.0,0.0,4.199,82.3,99,0,60.0,2026-04-30T21:59:02.158082,4.214
2026-04-30T21:58:02.218466,77.76,0,80.41,0.0,1000.0,0.0,4.199,82.3,99,0,60.0,2026-04-30T21:59:02.218267,4.214
2026-04-30T21:58:02.281538,77.76,0,80.41,0.0,1000.0,0.0,4.199,82.3,99,0,60.0,2026-04-30T21:59:02.281372,4.214
2026-04-30T21:58:03.216565,77.82,0,80.46,0.0,1000.0,0.0,4.199,82.3,99,0,60.0,2026-04-30T21:59:03.216404,4.214
2026-04-30T21:58:03.278993,77.82,0,80.47,0.0,1000.0,0.0,4.199,82.3,99,0,60.0,2026-04-30T21:59:03.278840,4.214
2026-04-30T21:58:03.343366,77.82,0,80.47,0.0,1000.0,0.0,4.199,82.3,99,0,60.0,2026-04-30T21:59:03.343205,4.214
2026-04-30T21:58:04.273649,77.85,0,80.51,0.0,1000.0,0.0,4.199,82.2,99,0,60.0,2026-04-30T21:59:04.273461,4.214
2026-04-30T21:58:04.381467,77.85,0,80.51,0.0,1000.0,0.0,4.199,82.2,99,0,60.0,2026-04-30T21:59:04.357070,4.214
2026-04-30T21:58:05.305498,77.85,0,80.54,0.0,1000.0,0.0,4.199,82.2,99,0,60.0,2026-04-30T21:59:05.305167,4.214
2026-04-30T21:58:05.452685,77.89,0,80.55,0.0,1000.0,0.0,4.199,82.2,99,0,60.0,2026-04-30T21:59:05.452262,4.214
2026-04-30T21:58:05.629071,77.89,0,80.55,0.0,1000.0,0.0,4.199,82.2,99,0,60.0,2026-04-30T21:59:05.627327,4.214
2026-04-30T21:58:06.572184,77.94,0,80.59,0.0,1000.0,0.0,4.199,82.2,99,0,60.0,2026-04-30T21:59:06.571838,4.214
2026-04-30T21:58:07.015359,77.94,0,80.61,0.0,1000.0,0.0,4.199,82.2,99,0,60.0,2026-04-30T21:59:06.981747,4.214
2026-04-30T21:58:07.467745,77.94,0,80.61,0.0,1000.0,0.0,4.199,82.2,99,0,60.0,2026-04-30T21:59:07.467339,4.214
2026-04-30T21:58:07.576537,78.0,0,80.63,0.0,1000.0,0.0,4.199,82.2,99,0,60.0,2026-04-30T21:59:07.576032,4.214
2026-04-30T21:58:07.701957,78.0,0,80.64,0.0,1000.0,0.0,4.199,82.2,99,0,60.0,2026-04-30T21:59:07.701260,4.214
2026-04-30T21:58:07.957092,78.0,0,80.65,0.0,1000.0,0.0,4.199,82.2,99,0,60.0,2026-04-30T21:59:07.956030,4.214
2026-04-30T21:58:08.990858,78.05,0,80.7,0.0,1000.0,0.0,4.199,82.2,99,0,60.0,2026-04-30T21:59:08.922289,4.214
2026-04-30T21:58:10.497110,78.05,0,80.73,0.0,1000.0,0.0,4.199,82.2,99,0,60.0,2026-04-30T21:59:10.496409,4.214
2026-04-30T21:58:11.497210,78.05,0,80.74,0.0,1000.0,0.0,4.199,82.2,99,0,60.0,2026-04-30T21:59:11.495925,4.214
2026-04-30T21:58:12.004363,78.1,0,80.76,0.0,1000.0,0.0,4.199,82.2,99,0,60.0,2026-04-30T21:59:12.004001,4.214
2026-04-30T21:58:12.298517,78.1,0,80.77,0.0,1000.0,0.0,4.199,82.2,99,0,60.0,2026-04-30T21:59:12.298078,4.214
2026-04-30T21:58:12.440899,78.1,0,80.78,0.0,1000.0,0.0,4.199,82.2,99,0,60.0,2026-04-30T21:59:12.440529,4.214
2026-04-30T21:58:12.622245,78.19,0,80.8,0.0,1000.0,0.0,4.199,82.1,99,0,60.0,2026-04-30T21:59:12.603045,4.214
2026-04-30T21:58:12.905876,78.19,0,80.83,0.0,1000.0,0.0,4.199,82.1,99,0,60.0,2026-04-30T21:59:12.905409,4.214
2026-04-30T21:58:13.081335,78.25,0,80.85,0.0,1000.0,0.0,4.199,82.1,99,0,60.0,2026-04-30T21:59:13.080234,4.214
2026-04-30T21:58:13.259842,78.25,0,80.87,0.0,1000.0,0.0,4.199,82.1,99,0,60.0,2026-04-30T21:59:13.259317,4.214
2026-04-30T21:58:13.385438,78.25,0,80.89,0.0,1000.0,0.0,4.199,82.1,99,0,60.0,2026-04-30T21:59:13.384351,4.214
2026-04-30T21:58:13.506180,78.31,0,80.91,0.0,1000.0,0.0,4.199,82.1,99,0,60.0,2026-04-30T21:59:13.505889,4.214
2026-04-30T21:58:13.643530,78.31,0,80.93,0.0,1000.0,0.0,4.199,82.1,99,0,60.0,2026-04-30T21:59:13.643001,4.214
2026-04-30T21:58:13.785999,78.31,0,80.95,0.0,1000.0,0.0,4.199,82.1,99,0,60.0,2026-04-30T21:59:13.785636,4.214
2026-04-30T21:58:13.931169,78.36,0,80.97,0.0,1000.0,0.0,4.199,82.1,99,0,60.0,2026-04-30T21:59:13.930916,4.214
2026-04-30T21:58:14.098211,78.36,0,80.99,0.0,1000.0,0.0,4.199,82.1,99,0,60.0,2026-04-30T21:59:14.097897,4.214
2026-04-30T21:58:14.261468,78.36,0,81.01,0.0,1000.0,0.0,4.199,82.1,99,0,60.0,2026-04-30T21:59:14.259584,4.214
2026-04-30T21:58:14.752709,78.4,0,81.04,0.0,1000.0,0.0,4.199,82.1,99,0,60.0,2026-04-30T21:59:14.752505,4.214
2026-04-30T21:58:14.827092,78.4,0,81.05,0.0,1000.0,0.0,4.199,82.1,99,0,60.0,2026-04-30T21:59:14.826897,4.214
2026-04-30T21:58:15.805648,78.4,0,81.09,0.0,1000.0,0.0,4.199,82.1,99,0,60.0,2026-04-30T21:59:15.805249,4.214
2026-04-30T21:58:16.083353,78.44,0,81.1,0.0,1000.0,0.0,4.199,82.0,99,0,60.0,2026-04-30T21:59:16.082009,4.214
2026-04-30T21:58:16.601268,78.44,0,81.12,0.0,1000.0,0.0,4.199,82.0,99,0,60.0,2026-04-30T21:59:16.582551,4.214
2026-04-30T21:58:17.486626,78.49,0,81.13,0.0,1000.0,0.0,4.199,82.0,99,0,60.0,2026-04-30T21:59:17.472856,4.214
2026-04-30T21:58:17.695003,78.49,0,81.16,0.0,1000.0,0.0,4.199,82.0,99,0,60.0,2026-04-30T21:59:17.694591,4.214
2026-04-30T21:58:17.942791,78.49,0,81.16,0.0,1000.0,0.0,4.199,82.0,99,0,60.0,2026-04-30T21:59:17.942428,4.214
2026-04-30T21:58:18.115011,78.53,0,81.16,0.0,1000.0,0.0,4.199,82.0,99,0,60.0,2026-04-30T21:59:18.114548,4.214
2026-04-30T21:58:18.299938,78.53,0,81.17,0.0,1000.0,0.0,4.199,82.0,99,0,60.0,2026-04-30T21:59:18.299246,4.214
2026-04-30T21:58:18.473499,78.53,0,81.18,0.0,1000.0,0.0,4.199,82.0,99,0,60.0,2026-04-30T21:59:18.460316,4.214
2026-04-30T21:58:18.981220,78.6,0,81.22,0.0,1000.0,0.0,4.199,82.0,99,0,60.0,2026-04-30T21:59:18.980780,4.214
2026-04-30T21:58:19.278258,78.6,0,81.24,0.0,1000.0,0.0,4.199,82.0,99,0,60.0,2026-04-30T21:59:19.277736,4.214
2026-04-30T21:58:19.436780,78.6,0,81.25,0.0,1000.0,0.0,4.199,82.0,99,0,60.0,2026-04-30T21:59:19.436506,4.214
2026-04-30T21:58:21.847876,78.66,0,81.31,0.0,1000.0,0.0,4.199,82.0,99,0,60.0,2026-04-30T21:59:21.847444,4.214
2026-04-30T21:58:22.397918,78.66,0,81.33,0.0,1000.0,0.0,4.199,82.0,99,0,60.0,2026-04-30T21:59:22.397002,4.214
2026-04-30T21:58:22.614773,78.66,0,81.33,0.0,1000.0,0.0,4.199,82.0,99,0,60.0,2026-04-30T21:59:22.614139,4.214
2026-04-30T21:58:22.905361,78.69,0,81.34,0.0,1000.0,0.0,4.199,82.0,99,0,60.0,2026-04-30T21:59:22.898704,4.214
2026-04-30T21:58:23.392501,78.69,0,81.35,0.0,1000.0,0.0,4.199,82.0,99,0,60.0,2026-04-30T21:59:23.392114,4.214
2026-04-30T21:58:23.521629,78.76,0,81.36,0.0,1000.0,0.0,4.199,81.9,99,0,60.0,2026-04-30T21:59:23.521313,4.214
2026-04-30T21:58:23.633582,78.76,0,81.38,0.0,1000.0,0.0,4.199,81.9,99,0,60.0,2026-04-30T21:59:23.633146,4.214
2026-04-30T21:58:23.745478,78.76,0,81.39,0.0,1000.0,0.0,4.199,81.9,99,0,60.0,2026-04-30T21:59:23.745149,4.214
2026-04-30T21:58:23.975666,78.82,0,81.41,0.0,1000.0,0.0,4.199,81.9,99,0,60.0,2026-04-30T21:59:23.975252,4.214
2026-04-30T21:58:24.305414,78.82,0,81.45,0.0,1000.0,0.0,4.199,81.9,99,0,60.0,2026-04-30T21:59:24.305123,4.214
2026-04-30T21:58:24.505762,78.82,0,81.46,0.0,1000.0,0.0,4.199,81.9,99,0,60.0,2026-04-30T21:59:24.497150,4.214
2026-04-30T21:58:25.030020,78.88,0,81.49,0.0,1000.0,0.0,4.199,81.9,99,0,60.0,2026-04-30T21:59:25.015636,4.214
2026-04-30T21:58:25.263175,78.88,0,81.52,0.0,1000.0,0.0,4.199,81.9,99,0,60.0,2026-04-30T21:59:25.262615,4.214
2026-04-30T21:58:25.393216,78.88,0,81.53,0.0,1000.0,0.0,4.199,81.9,99,0,60.0,2026-04-30T21:59:25.392716,4.214
2026-04-30T21:58:25.577935,78.92,0,81.55,0.0,1000.0,0.0,4.199,81.9,99,0,60.0,2026-04-30T21:59:25.577222,4.214
2026-04-30T21:58:26.178538,78.92,0,81.56,0.0,1000.0,0.0,4.199,81.9,99,0,60.0,2026-04-30T21:59:26.177206,4.214
2026-04-30T21:58:27.309668,78.92,0,81.6,0.0,1000.0,0.0,4.199,81.9,99,0,60.0,2026-04-30T21:59:27.307702,4.214
2026-04-30T21:58:27.888957,78.98,0,81.64,0.0,1000.0,0.0,4.199,81.9,99,0,60.0,2026-04-30T21:59:27.861558,4.214
2026-04-30T21:58:28.188559,78.98,0,81.65,0.0,1000.0,0.0,4.199,81.9,99,0,60.0,2026-04-30T21:59:28.188232,4.214
2026-04-30T21:58:28.329827,79.02,0,81.65,0.0,1000.0,0.0,4.199,81.9,99,0,60.0,2026-04-30T21:59:28.329348,4.214
2026-04-30T21:58:28.471865,79.02,0,81.66,0.0,1000.0,0.0,4.199,81.9,99,0,60.0,2026-04-30T21:59:28.471554,4.214
2026-04-30T21:58:28.595175,79.02,0,81.67,0.0,1000.0,0.0,4.199,81.9,99,0,60.0,2026-04-30T21:59:28.594245,4.214
2026-04-30T21:58:29.163180,79.08,0,81.69,0.0,1000.0,0.0,4.199,81.8,99,0,60.0,2026-04-30T21:59:29.162669,4.214
2026-04-30T21:58:29.339901,79.08,0,81.72,0.0,1000.0,0.0,4.199,81.8,99,0,60.0,2026-04-30T21:59:29.339404,4.214
2026-04-30T21:58:29.498226,79.08,0,81.73,0.0,1000.0,0.0,4.199,81.8,99,0,60.0,2026-04-30T21:59:29.497703,4.214
2026-04-30T21:58:29.630780,79.14,0,81.74,0.0,1000.0,0.0,4.199,81.8,99,0,60.0,2026-04-30T21:59:29.630490,4.214
2026-04-30T21:58:29.743193,79.14,0,81.76,0.0,1000.0,0.0,4.199,81.8,99,0,60.0,2026-04-30T21:59:29.742858,4.214
2026-04-30T21:58:29.860875,79.14,0,81.77,0.0,1000.0,0.0,4.199,81.8,99,0,60.0,2026-04-30T21:59:29.860585,4.214
2026-04-30T21:58:30.538466,79.19,0,81.82,0.0,1000.0,0.0,4.199,81.8,99,0,60.0,2026-04-30T21:59:30.531846,4.214
2026-04-30T21:58:30.938490,79.19,0,81.84,0.0,1000.0,0.0,4.199,81.8,99,0,60.0,2026-04-30T21:59:30.928715,4.214
2026-04-30T21:58:31.490033,79.19,0,81.86,0.0,1000.0,0.0,4.199,81.8,99,0,60.0,2026-04-30T21:59:31.489751,4.214
2026-04-30T21:58:31.791353,79.24,0,81.87,0.0,1000.0,0.0,4.199,81.8,99,0,60.0,2026-04-30T21:59:31.790858,4.214
2026-04-30T21:58:32.096052,79.24,0,81.89,0.0,1000.0,0.0,4.199,81.8,99,0,60.0,2026-04-30T21:59:32.095521,4.214
2026-04-30T21:58:32.676121,79.31,0,81.92,0.0,1000.0,0.0,4.199,81.8,99,0,60.0,2026-04-30T21:59:32.652124,4.214
2026-04-30T21:58:32.855372,79.31,0,81.94,0.0,1000.0,0.0,4.199,81.8,99,0,60.0,2026-04-30T21:59:32.853159,4.214
2026-04-30T21:58:33.004708,79.31,0,81.95,0.0,1000.0,0.0,4.199,81.8,99,0,60.0,2026-04-30T21:59:33.004269,4.214
2026-04-30T21:58:33.587479,79.36,0,81.99,0.0,1000.0,0.0,4.199,81.8,99,0,60.0,2026-04-30T21:59:33.587271,4.214
2026-04-30T21:58:33.649285,79.36,0,82.0,0.0,1000.0,0.0,4.199,81.7,99,0,60.0,2026-04-30T21:59:33.649085,4.214
2026-04-30T21:58:33.713932,79.36,0,82.0,0.0,1000.0,0.0,4.199,81.7,99,0,60.0,2026-04-30T21:59:33.713749,4.214
2026-04-30T21:58:34.643516,79.42,0,82.05,0.0,1000.0,0.0,4.199,81.7,99,0,60.0,2026-04-30T21:59:34.643335,4.214
2026-04-30T21:58:34.746447,79.42,0,82.06,0.0,1000.0,0.0,4.199,81.7,99,0,60.0,2026-04-30T21:59:34.746153,4.214
2026-04-30T21:58:34.988142,79.42,0,82.07,0.0,1000.0,0.0,4.199,81.7,99,0,60.0,2026-04-30T21:59:34.987736,4.214
2026-04-30T21:58:35.707137,79.46,0,82.11,0.0,1000.0,0.0,4.199,81.7,99,0,60.0,2026-04-30T21:59:35.706947,4.214
2026-04-30T21:58:35.781014,79.46,0,82.11,0.0,1000.0,0.0,4.199,81.7,99,0,60.0,2026-04-30T21:59:35.780843,4.214
2026-04-30T21:58:36.855676,79.46,0,82.15,0.0,1000.0,0.0,4.199,81.7,99,0,60.0,2026-04-30T21:59:36.855212,4.214
2026-04-30T21:58:37.673816,79.53,0,82.19,0.0,1000.0,0.0,4.199,81.7,99,0,60.0,2026-04-30T21:59:37.673348,4.214
2026-04-30T21:58:37.943315,79.53,0,82.2,0.0,1000.0,0.0,4.199,81.7,99,0,60.0,2026-04-30T21:59:37.939948,4.214
2026-04-30T21:58:38.288904,79.57,0,82.21,0.0,1000.0,0.0,4.199,81.7,99,0,60.0,2026-04-30T21:59:38.288652,4.214
2026-04-30T21:58:38.426475,79.57,0,82.21,0.0,1000.0,0.0,4.199,81.7,99,0,60.0,2026-04-30T21:59:38.423179,4.214
2026-04-30T21:58:38.719295,79.57,0,82.22,0.0,1000.0,0.0,4.199,81.7,99,0,60.0,2026-04-30T21:59:38.718992,4.214
2026-04-30T21:58:38.855481,79.63,0,82.23,0.0,1000.0,0.0,4.199,81.7,99,0,60.0,2026-04-30T21:59:38.855169,4.214
2026-04-30T21:58:38.974262,79.63,0,82.24,0.0,1000.0,0.0,4.199,81.7,99,0,60.0,2026-04-30T21:59:38.973934,4.214
2026-04-30T21:58:39.153285,79.63,0,82.26,0.0,1000.0,0.0,4.199,81.7,99,0,60.0,2026-04-30T21:59:39.152867,4.214
2026-04-30T21:58:39.889645,79.67,0,82.29,0.0,1000.0,0.0,4.199,81.6,99,0,60.0,2026-04-30T21:59:39.889433,4.214
2026-04-30T21:58:39.976125,79.67,0,82.3,0.0,1000.0,0.0,4.199,81.6,99,0,60.0,2026-04-30T21:59:39.975870,4.214
2026-04-30T21:58:40.298929,79.67,0,82.31,0.0,1000.0,0.0,4.199,81.6,99,0,60.0,2026-04-30T21:59:40.298556,4.214
2026-04-30T21:58:40.941906,79.7,0,82.34,0.0,1000.0,0.0,4.199,81.6,99,0,60.0,2026-04-30T21:59:40.941526,4.214
2026-04-30T21:58:41.030011,79.7,0,82.34,0.0,1000.0,0.0,4.199,81.6,99,0,60.0,2026-04-30T21:59:41.029690,4.214
2026-04-30T21:58:41.963329,79.7,0,82.37,0.0,1000.0,0.0,4.199,81.6,99,0,60.0,2026-04-30T21:59:41.963019,4.214
2026-04-30T21:58:42.106939,79.75,0,82.38,0.0,1000.0,0.0,4.199,81.6,99,0,60.0,2026-04-30T21:59:42.106355,4.214
2026-04-30T21:58:42.348868,79.75,0,82.39,0.0,1000.0,0.0,4.199,81.6,99,0,60.0,2026-04-30T21:59:42.348332,4.214
2026-04-30T21:58:43.097314,79.79,0,82.42,0.0,1000.0,0.0,4.199,81.6,99,0,60.0,2026-04-30T21:59:43.096817,4.214
2026-04-30T21:58:43.416849,79.79,0,82.43,0.0,1000.0,0.0,4.199,81.6,99,0,60.0,2026-04-30T21:59:43.416294,4.214
2026-04-30T21:58:43.680801,79.79,0,82.44,0.0,1000.0,0.0,4.199,81.6,99,0,60.0,2026-04-30T21:59:43.680498,4.214
2026-04-30T21:58:44.213443,79.8,0,82.45,0.0,1000.0,0.0,4.199,81.6,99,0,60.0,2026-04-30T21:59:44.212921,4.214
2026-04-30T21:58:44.341929,79.8,0,82.45,0.0,1000.0,0.0,4.199,81.6,99,0,60.0,2026-04-30T21:59:44.341390,4.214
2026-04-30T21:58:44.494262,79.8,0,82.45,0.0,1000.0,0.0,4.199,81.6,99,0,60.0,2026-04-30T21:59:44.492918,4.214
2026-04-30T21:58:45.111107,79.84,0,82.48,0.0,1000.0,0.0,4.199,81.6,99,0,60.0,2026-04-30T21:59:45.110940,4.214
2026-04-30T21:58:45.173987,79.84,0,82.48,0.0,1000.0,0.0,4.199,81.6,99,0,60.0,2026-04-30T21:59:45.173823,4.214
2026-04-30T21:58:45.238843,79.84,0,82.48,0.0,1000.0,0.0,4.199,81.6,99,0,60.0,2026-04-30T21:59:45.238677,4.214
2026-04-30T21:58:46.176285,79.87,0,82.51,0.0,1000.0,0.0,4.199,81.6,99,0,60.0,2026-04-30T21:59:46.176087,4.214
2026-04-30T21:58:46.256607,79.87,0,82.52,0.0,1000.0,0.0,4.199,81.6,99,0,60.0,2026-04-30T21:59:46.256344,4.214
2026-04-30T21:58:47.219958,79.87,0,82.55,0.0,1000.0,0.0,4.199,81.6,99,0,60.0,2026-04-30T21:59:47.219518,4.214
2026-04-30T21:58:47.387990,79.91,0,82.55,0.0,1000.0,0.0,4.199,81.6,99,0,60.0,2026-04-30T21:59:47.387638,4.214
2026-04-30T21:58:47.678649,79.91,0,82.56,0.0,1000.0,0.0,4.199,81.6,99,0,60.0,2026-04-30T21:59:47.673913,4.214
2026-04-30T21:58:48.297260,79.96,0,82.58,0.0,1000.0,0.0,4.199,81.5,99,0,60.0,2026-04-30T21:59:48.296756,4.214
2026-04-30T21:58:48.580959,79.96,0,82.6,0.0,1000.0,0.0,4.199,81.5,99,0,60.0,2026-04-30T21:59:48.574187,4.214
2026-04-30T21:58:48.864424,79.96,0,82.61,0.0,1000.0,0.0,4.199,81.5,99,0,60.0,2026-04-30T21:59:48.863930,4.214
2026-04-30T21:58:49.312110,80.02,0,82.63,0.0,1000.0,0.0,4.199,81.5,99,0,60.0,2026-04-30T21:59:49.311925,4.214
2026-04-30T21:58:49.415767,80.02,0,82.65,0.0,1000.0,0.0,4.199,81.5,99,0,60.0,2026-04-30T21:59:49.415520,4.214
2026-04-30T21:58:49.503508,80.02,0,82.65,0.0,1000.0,0.0,4.199,81.5,99,0,60.0,2026-04-30T21:59:49.503278,4.214
2026-04-30T21:58:50.385889,80.05,0,82.68,0.0,1000.0,0.0,4.199,81.5,99,0,60.0,2026-04-30T21:59:50.368562,4.214
2026-04-30T21:58:50.615822,80.05,0,82.69,0.0,1000.0,0.0,4.199,81.5,99,0,60.0,2026-04-30T21:59:50.615540,4.214
2026-04-30T21:58:50.798304,80.05,0,82.69,0.0,1000.0,0.0,4.199,81.5,99,0,60.0,2026-04-30T21:59:50.798044,4.214
2026-04-30T21:58:51.446869,80.09,0,82.72,0.0,1000.0,0.0,4.199,81.5,99,0,60.0,2026-04-30T21:59:51.446622,4.214
2026-04-30T21:58:51.555048,80.09,0,82.73,0.0,1000.0,0.0,4.199,81.5,99,0,60.0,2026-04-30T21:59:51.554795,4.214
2026-04-30T21:58:52.501771,80.09,0,82.76,0.0,1000.0,0.0,4.199,81.5,99,0,60.0,2026-04-30T21:59:52.487854,4.214
2026-04-30T21:58:52.788115,80.14,0,82.78,0.0,1000.0,0.0,4.199,81.5,99,0,60.0,2026-04-30T21:59:52.787849,4.214
2026-04-30T21:58:53.238488,80.14,0,82.79,0.0,1000.0,0.0,4.199,81.5,99,0,60.0,2026-04-30T21:59:53.238111,4.214
2026-04-30T21:58:53.511611,80.19,0,82.8,0.0,1000.0,0.0,4.199,81.5,99,0,60.0,2026-04-30T21:59:53.511079,4.214
2026-04-30T21:58:53.815626,80.19,0,82.82,0.0,1000.0,0.0,4.199,81.5,99,0,60.0,2026-04-30T21:59:53.815131,4.214
2026-04-30T21:58:54.165476,80.19,0,82.83,0.0,1000.0,0.0,4.199,81.5,99,0,60.0,2026-04-30T21:59:54.157070,4.214
2026-04-30T21:58:54.631974,80.24,0,82.86,0.0,1000.0,0.0,4.199,81.5,99,0,60.0,2026-04-30T21:59:54.631762,4.214
2026-04-30T21:58:54.715936,80.24,0,82.87,0.0,1000.0,0.0,4.199,81.4,99,0,60.0,2026-04-30T21:59:54.715727,4.214
2026-04-30T21:58:54.802589,80.24,0,82.88,0.0,1000.0,0.0,4.199,81.4,99,0,60.0,2026-04-30T21:59:54.802379,4.214
2026-04-30T21:58:55.591528,80.28,0,82.91,0.0,1000.0,0.0,4.199,81.4,99,0,60.0,2026-04-30T21:59:55.591355,4.214
2026-04-30T21:58:55.656754,80.28,0,82.92,0.0,1000.0,0.0,4.199,81.4,99,0,60.0,2026-04-30T21:59:55.656620,4.214
2026-04-30T21:58:55.728890,80.28,0,82.92,0.0,1000.0,0.0,4.199,81.4,99,0,60.0,2026-04-30T21:59:55.728749,4.214
2026-04-30T21:58:56.682217,80.33,0,82.96,0.0,1000.0,0.0,4.199,81.4,99,0,60.0,2026-04-30T21:59:56.681970,4.214
2026-04-30T21:58:56.792111,80.33,0,82.97,0.0,1000.0,0.0,4.199,81.4,99,0,60.0,2026-04-30T21:59:56.791780,4.214
2026-04-30T21:58:57.661777,80.33,0,83.0,0.0,1000.0,0.0,4.199,81.4,99,0,60.0,2026-04-30T21:59:57.661552,4.214
2026-04-30T21:58:57.756629,80.37,0,83.01,0.0,1000.0,0.0,4.199,81.4,99,0,60.0,2026-04-30T21:59:57.756388,4.214
2026-04-30T21:58:57.868367,80.37,0,83.01,0.0,1000.0,0.0,4.199,81.4,99,0,60.0,2026-04-30T21:59:57.867995,4.214
2026-04-30T21:58:58.760684,80.41,0,83.05,0.0,1000.0,0.0,4.199,81.4,99,0,60.0,2026-04-30T21:59:58.760327,4.214
2026-04-30T21:58:58.968924,80.41,0,83.05,0.0,1000.0,0.0,4.199,81.4,99,0,60.0,2026-04-30T21:59:58.966542,4.214
2026-04-30T21:58:59.193002,80.41,0,83.06,0.0,1000.0,0.0,4.199,81.4,99,0,60.0,2026-04-30T21:59:59.192433,4.214
2026-04-30T21:58:59.775774,80.45,0,83.09,0.0,1000.0,0.0,4.199,81.4,99,0,60.0,2026-04-30T21:59:59.775585,4.214
2026-04-30T21:58:59.848396,80.45,0,83.09,0.0,1000.0,0.0,4.199,81.4,99,0,60.0,2026-04-30T21:59:59.848227,4.214
2026-04-30T21:58:59.951301,80.45,0,83.1,0.0,1000.0,0.0,4.199,81.4,99,0,60.0,2026-04-30T21:59:59.950862,4.214
2026-04-30T21:59:00.827520,80.51,0,83.13,0.0,1000.0,0.0,4.199,81.4,99,0,60.0,2026-04-30T22:00:00.827343,4.214
2026-04-30T21:59:00.913251,80.51,0,83.14,0.0,1000.0,0.0,4.199,81.4,99,0,60.0,2026-04-30T22:00:00.912982,4.214
2026-04-30T21:59:01.047438,80.51,0,83.15,0.0,1000.0,0.0,4.199,81.4,99,0,60.0,2026-04-30T22:00:01.045950,4.214
2026-04-30T21:59:01.883173,80.56,0,83.19,0.0,1000.0,0.0,4.199,81.3,99,0,60.0,2026-04-30T22:00:01.882978,4.214
2026-04-30T21:59:01.949438,80.56,0,83.19,0.0,1000.0,0.0,4.199,81.3,99,0,60.0,2026-04-30T22:00:01.949258,4.214
2026-04-30T21:59:03.295227,80.56,0,83.23,0.0,1000.0,0.0,4.199,81.3,99,0,60.0,2026-04-30T22:00:03.294634,4.214
2026-04-30T21:59:03.560617,80.6,0,83.24,0.0,1000.0,0.0,4.199,81.3,99,0,60.0,2026-04-30T22:00:03.560282,4.214
2026-04-30T21:59:04.456640,80.6,0,83.26,0.0,1000.0,0.0,4.199,81.3,99,0,60.0,2026-04-30T22:00:04.455881,4.214
2026-04-30T21:59:04.744188,80.66,0,83.26,0.0,1000.0,0.0,4.199,81.3,99,0,60.0,2026-04-30T22:00:04.732744,4.214
2026-04-30T21:59:04.831858,80.66,0,83.28,0.0,1000.0,0.0,4.199,81.3,99,0,60.0,2026-04-30T22:00:04.831662,4.215
2026-04-30T21:59:04.922225,80.66,0,83.28,0.0,1000.0,0.0,4.199,81.3,99,0,60.0,2026-04-30T22:00:04.921985,4.215
2026-04-30T21:59:05.029163,80.71,0,83.29,0.0,1000.0,0.0,4.199,81.3,99,0,60.0,2026-04-30T22:00:05.028916,4.215
2026-04-30T21:59:05.151689,80.71,0,83.31,0.0,1000.0,0.0,4.199,81.3,99,0,60.0,2026-04-30T22:00:05.150969,4.215
2026-04-30T21:59:05.293509,80.71,0,83.32,0.0,1000.0,0.0,4.199,81.3,99,0,60.0,2026-04-30T22:00:05.292996,4.215
2026-04-30T21:59:06.353608,80.75,0,83.37,0.0,1000.0,0.0,4.199,81.3,99,0,60.0,2026-04-30T22:00:06.353104,4.215
2026-04-30T21:59:06.684806,80.75,0,83.38,0.0,1000.0,0.0,4.199,81.3,99,0,60.0,2026-04-30T22:00:06.671766,4.215
2026-04-30T21:59:06.996048,80.75,0,83.39,0.0,1000.0,0.0,4.199,81.3,99,0,60.0,2026-04-30T22:00:06.991801,4.215
2026-04-30T21:59:07.170066,80.81,0,83.42,0.0,1000.0,0.0,4.199,81.3,99,0,60.0,2026-04-30T22:00:07.169696,4.215
2026-04-30T21:59:07.276539,80.81,0,83.43,0.0,1000.0,0.0,4.199,81.3,99,0,60.0,2026-04-30T22:00:07.276303,4.215
2026-04-30T21:59:08.138281,80.81,0,83.46,0.0,1000.0,0.0,4.199,81.3,99,0,60.0,2026-04-30T22:00:08.138039,4.215
2026-04-30T21:59:08.252932,80.86,0,83.48,0.0,1000.0,0.0,4.199,81.2,99,0,60.0,2026-04-30T22:00:08.252635,4.215
2026-04-30T21:59:08.589673,80.86,0,83.49,0.0,1000.0,0.0,4.199,81.2,99,0,60.0,2026-04-30T22:00:08.589105,4.215
2026-04-30T21:59:09.806101,80.91,0,83.54,0.0,1000.0,0.0,4.199,81.2,99,0,60.0,2026-04-30T22:00:09.805575,4.215
2026-04-30T21:59:09.961296,80.91,0,83.55,0.0,1000.0,0.0,4.199,81.2,99,0,60.0,2026-04-30T22:00:09.960748,4.215
2026-04-30T21:59:10.105330,80.91,0,83.55,0.0,1000.0,0.0,4.199,81.2,99,0,60.0,2026-04-30T22:00:10.104976,4.215
2026-04-30T21:59:10.269565,80.96,0,83.56,0.0,1000.0,0.0,4.199,81.2,99,0,60.0,2026-04-30T22:00:10.269250,4.215
2026-04-30T21:59:10.378700,80.96,0,83.57,0.0,1000.0,0.0,4.199,81.2,99,0,60.0,2026-04-30T22:00:10.378256,4.215
2026-04-30T21:59:10.611836,80.96,0,83.58,0.0,1000.0,0.0,4.199,81.2,99,0,60.0,2026-04-30T22:00:10.598994,4.215
2026-04-30T21:59:11.296420,80.99,0,83.61,0.0,1000.0,0.0,4.199,81.2,99,0,60.0,2026-04-30T22:00:11.296243,4.215
2026-04-30T21:59:11.365459,80.99,0,83.62,0.0,1000.0,0.0,4.199,81.2,99,0,60.0,2026-04-30T22:00:11.365280,4.215
2026-04-30T21:59:11.441756,80.99,0,83.62,0.0,1000.0,0.0,4.199,81.2,99,0,60.0,2026-04-30T22:00:11.441557,4.215
2026-04-30T21:59:12.376047,81.03,0,83.65,0.0,1000.0,0.0,4.199,81.2,99,0,60.0,2026-04-30T22:00:12.375817,4.215
2026-04-30T21:59:12.664259,81.03,0,83.66,0.0,1000.0,0.0,4.199,81.2,99,0,60.0,2026-04-30T22:00:12.653459,4.215
2026-04-30T21:59:13.394301,81.03,0,83.69,0.0,1000.0,0.0,4.199,81.2,99,0,60.0,2026-04-30T22:00:13.393907,4.215
2026-04-30T21:59:13.768239,81.08,0,83.71,0.0,1000.0,0.0,4.199,81.2,99,0,60.0,2026-04-30T22:00:13.767903,4.215
2026-04-30T21:59:13.960231,81.08,0,83.71,0.0,1000.0,0.0,4.199,81.2,99,0,60.0,2026-04-30T22:00:13.959909,4.215
2026-04-30T21:59:14.471717,81.11,0,83.73,0.0,1000.0,0.0,4.199,81.2,99,0,60.0,2026-04-30T22:00:14.471464,4.215
2026-04-30T21:59:14.830055,81.11,0,83.74,0.0,1000.0,0.0,4.199,81.2,99,0,60.0,2026-04-30T22:00:14.802285,4.215
2026-04-30T21:59:15.122475,81.11,0,83.75,0.0,1000.0,0.0,4.199,81.2,99,0,60.0,2026-04-30T22:00:15.122212,4.215
2026-04-30T21:59:15.481783,81.14,0,83.76,0.0,1000.0,0.0,4.199,81.2,99,0,60.0,2026-04-30T22:00:15.481585,4.215
2026-04-30T21:59:15.561155,81.14,0,83.77,0.0,1000.0,0.0,4.199,81.1,99,0,60.0,2026-04-30T22:00:15.560932,4.215
2026-04-30T21:59:15.669663,81.14,0,83.77,0.0,1000.0,0.0,4.199,81.1,99,0,60.0,2026-04-30T22:00:15.669354,4.215
2026-04-30T21:59:16.602183,81.18,0,83.81,0.0,1000.0,0.0,4.199,81.1,99,0,60.0,2026-04-30T22:00:16.601939,4.215
2026-04-30T21:59:16.682803,81.18,0,83.81,0.0,1000.0,0.0,4.199,81.1,99,0,60.0,2026-04-30T22:00:16.682589,4.215
2026-04-30T21:59:16.764821,81.18,0,83.81,0.0,1000.0,0.0,4.199,81.1,99,0,60.0,2026-04-30T22:00:16.764631,4.215
2026-04-30T21:59:17.600545,81.2,0,83.84,0.0,1000.0,0.0,4.199,81.1,99,0,60.0,2026-04-30T22:00:17.600269,4.215
2026-04-30T21:59:17.689383,81.2,0,83.84,0.0,1000.0,0.0,4.199,81.1,99,0,60.0,2026-04-30T22:00:17.689030,4.215
2026-04-30T21:59:18.710273,81.2,0,83.87,0.0,1000.0,0.0,4.199,81.1,99,0,60.0,2026-04-30T22:00:18.709390,4.215
2026-04-30T21:59:18.925328,81.26,0,83.89,0.0,1000.0,0.0,4.199,81.1,99,0,60.0,2026-04-30T22:00:18.924662,4.215
2026-04-30T21:59:19.297083,81.26,0,83.9,0.0,1000.0,0.0,4.199,81.1,99,0,60.0,2026-04-30T22:00:19.296271,4.215
2026-04-30T21:59:19.722977,81.29,0,83.91,0.0,1000.0,0.0,4.199,81.1,99,0,60.0,2026-04-30T22:00:19.722613,4.215
2026-04-30T21:59:19.991944,81.29,0,83.92,0.0,1000.0,0.0,4.199,81.1,99,0,60.0,2026-04-30T22:00:19.991540,4.215
2026-04-30T21:59:20.212382,81.29,0,83.93,0.0,1000.0,0.0,4.199,81.1,99,0,60.0,2026-04-30T22:00:20.212021,4.215
2026-04-30T21:59:20.747065,81.33,0,83.95,0.0,1000.0,0.0,4.199,81.1,99,0,60.0,2026-04-30T22:00:20.746863,4.215
2026-04-30T21:59:20.853888,81.33,0,83.96,0.0,1000.0,0.0,4.199,81.1,99,0,60.0,2026-04-30T22:00:20.853600,4.215
2026-04-30T21:59:20.962593,81.33,0,83.97,0.0,1000.0,0.0,4.199,81.1,99,0,60.0,2026-04-30T22:00:20.962294,4.215
2026-04-30T21:59:21.771967,81.36,0,83.99,0.0,1000.0,0.0,4.199,81.1,99,0,60.0,2026-04-30T22:00:21.771786,4.215
2026-04-30T21:59:21.834859,81.36,0,84.0,0.0,1000.0,0.0,4.199,81.1,99,0,60.0,2026-04-30T22:00:21.834633,4.215
2026-04-30T21:59:21.899283,81.36,0,84.0,0.0,1000.0,0.0,4.199,81.1,99,0,60.0,2026-04-30T22:00:21.899121,4.215
2026-04-30T21:59:22.838598,81.41,0,84.03,0.0,1000.0,0.0,4.199,81.1,99,0,60.0,2026-04-30T22:00:22.838398,4.215
2026-04-30T21:59:22.914508,81.41,0,84.04,0.0,1000.0,0.0,4.199,81.1,99,0,60.0,2026-04-30T22:00:22.914323,4.215
2026-04-30T21:59:23.867583,81.41,0,84.07,0.0,1000.0,0.0,4.199,81.1,99,0,60.0,2026-04-30T22:00:23.867212,4.215
2026-04-30T21:59:24.136329,81.46,0,84.09,0.0,1000.0,0.0,4.199,81.0,99,0,60.0,2026-04-30T22:00:24.135955,4.215
2026-04-30T21:59:24.308682,81.46,0,84.09,0.0,1000.0,0.0,4.199,81.0,99,0,60.0,2026-04-30T22:00:24.308324,4.215
2026-04-30T21:59:25.088025,81.49,0,84.11,0.0,1000.0,0.0,4.199,81.0,99,0,60.0,2026-04-30T22:00:25.087599,4.215
2026-04-30T21:59:25.314624,81.49,0,84.12,0.0,1000.0,0.0,4.199,81.0,99,0,60.0,2026-04-30T22:00:25.313794,4.215
2026-04-30T21:59:25.459214,81.49,0,84.13,0.0,1000.0,0.0,4.199,81.0,99,0,60.0,2026-04-30T22:00:25.458707,4.215
2026-04-30T21:59:26.190179,81.55,0,84.15,0.0,1000.0,0.0,4.199,81.0,99,0,60.0,2026-04-30T22:00:26.189632,4.215
2026-04-30T21:59:26.359597,81.55,0,84.17,0.0,1000.0,0.0,4.199,81.0,99,0,60.0,2026-04-30T22:00:26.358731,4.215
2026-04-30T21:59:26.571961,81.55,0,84.18,0.0,1000.0,0.0,4.199,81.0,99,0,60.0,2026-04-30T22:00:26.548062,4.215
2026-04-30T21:59:27.038195,81.6,0,84.21,0.0,1000.0,0.0,4.199,81.0,99,0,60.0,2026-04-30T22:00:27.037928,4.215
2026-04-30T21:59:27.222094,81.6,0,84.22,0.0,1000.0,0.0,4.199,81.0,99,0,60.0,2026-04-30T22:00:27.221772,4.215
2026-04-30T21:59:27.463049,81.6,0,84.23,0.0,1000.0,0.0,4.199,81.0,99,0,60.0,2026-04-30T22:00:27.462596,4.215
2026-04-30T21:59:28.071498,81.66,0,84.27,0.0,1000.0,0.0,4.199,81.0,99,0,60.0,2026-04-30T22:00:28.071256,4.215
2026-04-30T21:59:28.183617,81.66,0,84.28,0.0,1000.0,0.0,4.199,81.0,99,0,60.0,2026-04-30T22:00:28.183311,4.215
2026-04-30T21:59:29.104669,81.66,0,84.32,0.0,1000.0,0.0,4.199,81.0,99,0,60.0,2026-04-30T22:00:29.104334,4.215
2026-04-30T21:59:29.304441,81.7,0,84.33,0.0,1000.0,0.0,4.199,81.0,99,0,60.0,2026-04-30T22:00:29.299842,4.215
2026-04-30T21:59:29.481500,81.7,0,84.34,0.0,1000.0,0.0,4.199,81.0,99,0,60.0,2026-04-30T22:00:29.480892,4.215
2026-04-30T21:59:30.190528,81.74,0,84.35,0.0,1000.0,0.0,4.199,80.9,99,0,60.0,2026-04-30T22:00:30.190099,4.215
2026-04-30T21:59:30.438541,81.74,0,84.36,0.0,1000.0,0.0,4.199,80.9,99,0,60.0,2026-04-30T22:00:30.432841,4.215
2026-04-30T21:59:31.226670,81.74,0,84.38,0.0,1000.0,0.0,4.199,80.9,99,0,60.0,2026-04-30T22:00:31.220625,4.215
2026-04-30T21:59:31.469669,81.78,0,84.39,0.0,1000.0,0.0,4.199,80.9,99,0,60.0,2026-04-30T22:00:31.469323,4.215
2026-04-30T21:59:31.575641,81.78,0,84.4,0.0,1000.0,0.0,4.199,80.9,99,0,60.0,2026-04-30T22:00:31.575408,4.215
2026-04-30T21:59:31.681111,81.78,0,84.4,0.0,1000.0,0.0,4.199,80.9,99,0,60.0,2026-04-30T22:00:31.680910,4.215
2026-04-30T21:59:32.244347,81.82,0,84.43,0.0,1000.0,0.0,4.199,80.9,99,0,60.0,2026-04-30T22:00:32.244183,4.215
2026-04-30T21:59:32.314268,81.82,0,84.44,0.0,1000.0,0.0,4.199,80.9,99,0,60.0,2026-04-30T22:00:32.314080,4.215
2026-04-30T21:59:32.525878,81.82,0,84.45,0.0,1000.0,0.0,4.199,80.9,99,0,60.0,2026-04-30T22:00:32.525631,4.215
2026-04-30T21:59:33.308084,81.87,0,84.48,0.0,1000.0,0.0,4.199,80.9,99,0,60.0,2026-04-30T22:00:33.307895,4.215
2026-04-30T21:59:33.380998,81.87,0,84.48,0.0,1000.0,0.0,4.199,80.9,99,0,60.0,2026-04-30T22:00:33.380807,4.215
2026-04-30T21:59:34.411705,81.87,0,84.52,0.0,1000.0,0.0,4.199,80.9,99,0,60.0,2026-04-30T22:00:34.411184,4.215
2026-04-30T21:59:34.978289,81.9,0,84.53,0.0,1000.0,0.0,4.199,80.9,99,0,60.0,2026-04-30T22:00:34.976943,4.215
2026-04-30T21:59:35.432021,81.9,0,84.54,0.0,1000.0,0.0,4.199,80.9,99,0,60.0,2026-04-30T22:00:35.431195,4.215
2026-04-30T21:59:35.587428,81.93,0,84.54,0.0,1000.0,0.0,4.199,80.9,99,0,60.0,2026-04-30T22:00:35.587162,4.215
2026-04-30T21:59:35.820836,81.93,0,84.55,0.0,1000.0,0.0,4.199,80.9,99,0,60.0,2026-04-30T22:00:35.820613,4.215
2026-04-30T21:59:36.321981,81.93,0,84.56,0.0,1000.0,0.0,4.199,80.9,99,0,60.0,2026-04-30T22:00:36.321731,4.215
2026-04-30T21:59:36.638379,81.97,0,84.57,0.0,1000.0,0.0,4.199,80.9,99,0,60.0,2026-04-30T22:00:36.638008,4.215
2026-04-30T21:59:37.164498,81.97,0,84.59,0.0,1000.0,0.0,4.199,80.9,99,0,60.0,2026-04-30T22:00:37.164171,4.215
2026-04-30T21:59:37.424803,81.97,0,84.6,0.0,1000.0,0.0,4.199,80.9,99,0,60.0,2026-04-30T22:00:37.424288,4.215
2026-04-30T21:59:37.619063,81.99,0,84.61,0.0,1000.0,0.0,4.199,80.9,99,0,60.0,2026-04-30T22:00:37.616601,4.215
2026-04-30T21:59:37.805702,81.99,0,84.61,0.0,1000.0,0.0,4.199,80.9,99,0,60.0,2026-04-30T22:00:37.805370,4.215
2026-04-30T21:59:38.328022,81.99,0,84.63,0.0,1000.0,0.0,4.199,80.9,99,0,60.0,2026-04-30T22:00:38.326978,4.215
2026-04-30T21:59:38.735990,82.03,0,84.65,0.0,1000.0,0.0,4.199,80.8,99,0,60.0,2026-04-30T22:00:38.735790,4.215
2026-04-30T21:59:38.837326,82.03,0,84.65,0.0,1000.0,0.0,4.199,80.8,99,0,60.0,2026-04-30T22:00:38.837074,4.215
2026-04-30T21:59:39.570203,82.03,0,84.68,0.0,1000.0,0.0,4.199,80.8,99,0,60.0,2026-04-30T22:00:39.569890,4.215
2026-04-30T21:59:39.697620,82.1,0,84.7,0.0,1000.0,0.0,4.199,80.8,99,0,60.0,2026-04-30T22:00:39.694372,4.215
2026-04-30T21:59:39.889980,82.1,0,84.71,0.0,1000.0,0.0,4.199,80.8,99,0,60.0,2026-04-30T22:00:39.889564,4.215
2026-04-30T21:59:40.712450,82.14,0,84.75,0.0,1000.0,0.0,4.199,80.8,99,0,60.0,2026-04-30T22:00:40.684861,4.215
2026-04-30T21:59:40.946623,82.14,0,84.76,0.0,1000.0,0.0,4.199,80.8,99,0,60.0,2026-04-30T22:00:40.946132,4.215
2026-04-30T21:59:41.187013,82.14,0,84.77,0.0,1000.0,0.0,4.199,80.8,99,0,60.0,2026-04-30T22:00:41.186448,4.215
2026-04-30T21:59:41.663894,82.19,0,84.79,0.0,1000.0,0.0,4.199,80.8,99,0,60.0,2026-04-30T22:00:41.663712,4.215
2026-04-30T21:59:41.728257,82.19,0,84.8,0.0,1000.0,0.0,4.199,80.8,99,0,60.0,2026-04-30T22:00:41.728100,4.215
2026-04-30T21:59:41.798914,82.19,0,84.81,0.0,1000.0,0.0,4.199,80.8,99,0,60.0,2026-04-30T22:00:41.798715,4.215
2026-04-30T21:59:42.720552,82.24,0,84.85,0.0,1000.0,0.0,4.199,80.8,99,0,60.0,2026-04-30T22:00:42.720329,4.215
2026-04-30T21:59:42.795963,82.24,0,84.86,0.0,1000.0,0.0,4.199,80.8,99,0,60.0,2026-04-30T22:00:42.795768,4.215
2026-04-30T21:59:42.895763,82.24,0,84.86,0.0,1000.0,0.0,4.199,80.8,99,0,60.0,2026-04-30T22:00:42.895534,4.215
2026-04-30T21:59:43.778029,82.31,0,84.91,0.0,1000.0,0.0,4.199,80.7,99,0,60.0,2026-04-30T22:00:43.777860,4.215
2026-04-30T21:59:43.849382,82.31,0,84.92,0.0,1000.0,0.0,4.199,80.7,99,0,60.0,2026-04-30T22:00:43.849195,4.215
2026-04-30T21:59:45.404188,82.31,0,84.96,0.0,1000.0,0.0,4.199,80.7,99,0,60.0,2026-04-30T22:00:45.403713,4.215
2026-04-30T21:59:46.040284,82.35,0,84.98,0.0,1000.0,0.0,4.199,80.7,99,0,60.0,2026-04-30T22:00:46.039778,4.215
2026-04-30T21:59:46.249359,82.35,0,84.98,0.0,1000.0,0.0,4.199,80.7,99,0,60.0,2026-04-30T22:00:46.246521,4.215
2026-04-30T21:59:46.399605,82.4,0,84.99,0.0,1000.0,0.0,4.199,80.7,99,0,60.0,2026-04-30T22:00:46.399319,4.215
2026-04-30T21:59:46.584775,82.4,0,85.0,0.0,1000.0,0.0,4.199,80.7,99,0,60.0,2026-04-30T22:00:46.572730,4.215
2026-04-30T21:59:46.839800,82.4,0,85.02,0.0,1000.0,0.0,4.199,80.7,99,0,60.0,2026-04-30T22:00:46.839552,4.215
2026-04-30T21:59:46.947238,82.46,0,85.03,0.0,1000.0,0.0,4.199,80.7,99,0,60.0,2026-04-30T22:00:46.946961,4.215
2026-04-30T21:59:47.098469,82.46,0,85.05,0.0,1000.0,0.0,4.199,80.7,99,0,60.0,2026-04-30T22:00:47.097920,4.215
2026-04-30T21:59:47.247622,82.46,0,85.06,0.0,1000.0,0.0,4.199,80.7,99,0,60.0,2026-04-30T22:00:47.247112,4.215
2026-04-30T21:59:47.952163,82.51,0,85.11,0.0,1000.0,0.0,4.199,80.7,99,0,60.0,2026-04-30T22:00:47.951906,4.215
2026-04-30T21:59:48.017412,82.51,0,85.12,0.0,1000.0,0.0,4.199,80.7,99,0,60.0,2026-04-30T22:00:48.017210,4.215
2026-04-30T21:59:48.091659,82.51,0,85.12,0.0,1000.0,0.0,4.199,80.7,99,0,60.0,2026-04-30T22:00:48.091481,4.215
2026-04-30T21:59:49.103817,82.54,0,85.16,0.0,1000.0,0.0,4.199,80.7,99,0,60.0,2026-04-30T22:00:49.103509,4.215
2026-04-30T21:59:49.375998,82.54,0,85.17,0.0,1000.0,0.0,4.199,80.7,99,0,60.0,2026-04-30T22:00:49.375660,4.215
2026-04-30T21:59:50.050500,82.54,0,85.19,0.0,1000.0,0.0,4.199,80.7,99,0,60.0,2026-04-30T22:00:50.050189,4.215
2026-04-30T21:59:50.220699,82.58,0,85.2,0.0,1000.0,0.0,4.199,80.7,99,0,60.0,2026-04-30T22:00:50.220351,4.215
2026-04-30T21:59:50.355872,82.58,0,85.2,0.0,1000.0,0.0,4.199,80.7,99,0,60.0,2026-04-30T22:00:50.355478,4.215
2026-04-30T21:59:51.215773,82.63,0,85.24,0.0,1000.0,0.0,4.199,80.6,99,0,60.0,2026-04-30T22:00:51.215350,4.215
2026-04-30T21:59:51.357111,82.63,0,85.25,0.0,1000.0,0.0,4.199,80.6,99,0,60.0,2026-04-30T22:00:51.356629,4.215
2026-04-30T21:59:51.515316,82.63,0,85.25,0.0,1000.0,0.0,4.199,80.6,99,0,60.0,2026-04-30T22:00:51.515042,4.215
2026-04-30T21:59:52.208199,82.68,0,85.28,0.0,1000.0,0.0,4.199,80.6,99,0,60.0,2026-04-30T22:00:52.207813,4.215
2026-04-30T21:59:52.327429,82.68,0,85.3,0.0,1000.0,0.0,4.199,80.6,99,0,60.0,2026-04-30T22:00:52.326902,4.215
2026-04-30T21:59:52.470708,82.68,0,85.3,0.0,1000.0,0.0,4.199,80.6,99,0,60.0,2026-04-30T22:00:52.456487,4.215
2026-04-30T21:59:53.191885,82.72,0,85.33,0.0,1000.0,0.0,4.199,80.6,99,0,60.0,2026-04-30T22:00:53.191711,4.215
2026-04-30T21:59:53.253094,82.72,0,85.34,0.0,1000.0,0.0,4.199,80.6,99,0,60.0,2026-04-30T22:00:53.252941,4.215
2026-04-30T21:59:53.317789,82.72,0,85.34,0.0,1000.0,0.0,4.199,80.6,99,0,60.0,2026-04-30T22:00:53.317559,4.215
2026-04-30T21:59:54.390259,82.74,0,85.37,0.0,1000.0,0.0,4.199,80.6,99,0,60.0,2026-04-30T22:00:54.389798,4.215
2026-04-30T21:59:54.638524,82.74,0,85.38,0.0,1000.0,0.0,4.199,80.6,99,0,60.0,2026-04-30T22:00:54.625901,4.215
2026-04-30T21:59:55.280155,82.74,0,85.39,0.0,1000.0,0.0,4.199,80.6,99,0,60.0,2026-04-30T22:00:55.279603,4.215
2026-04-30T21:59:55.438000,82.8,0,85.41,0.0,1000.0,0.0,4.199,80.6,99,0,60.0,2026-04-30T22:00:55.437618,4.215
2026-04-30T21:59:55.560060,82.8,0,85.41,0.0,1000.0,0.0,4.199,80.6,99,0,60.0,2026-04-30T22:00:55.559487,4.215
2026-04-30T21:59:56.378888,82.86,0,85.44,0.0,1000.0,0.0,4.199,80.6,99,0,60.0,2026-04-30T22:00:56.378397,4.215
2026-04-30T21:59:56.654626,82.86,0,85.46,0.0,1000.0,0.0,4.199,80.6,99,0,60.0,2026-04-30T22:00:56.641123,4.215
2026-04-30T21:59:57.332565,82.86,0,85.48,0.0,1000.0,0.0,4.199,80.6,99,0,60.0,2026-04-30T22:00:57.332180,4.215
2026-04-30T21:59:57.458951,82.9,0,85.49,0.0,1000.0,0.0,4.199,80.6,99,0,60.0,2026-04-30T22:00:57.458397,4.215
2026-04-30T21:59:57.558874,82.9,0,85.5,0.0,1000.0,0.0,4.199,80.6,99,0,60.0,2026-04-30T22:00:57.558582,4.215
2026-04-30T21:59:57.665632,82.9,0,85.51,0.0,1000.0,0.0,4.199,80.6,99,0,60.0,2026-04-30T22:00:57.665390,4.215
2026-04-30T21:59:58.547120,82.96,0,85.55,0.0,1000.0,0.0,4.199,80.5,99,0,60.0,2026-04-30T22:00:58.546866,4.215
2026-04-30T21:59:58.664672,82.96,0,85.56,0.0,1000.0,0.0,4.199,80.5,99,0,60.0,2026-04-30T22:00:58.664066,4.215
2026-04-30T21:59:58.881470,82.96,0,85.57,0.0,1000.0,0.0,4.199,80.5,99,0,60.0,2026-04-30T22:00:58.878902,4.215
2026-04-30T21:59:59.622527,82.99,0,85.6,0.0,1000.0,0.0,4.199,80.5,99,0,60.0,2026-04-30T22:00:59.622186,4.215
2026-04-30T21:59:59.829782,82.99,0,85.61,0.0,1000.0,0.0,4.199,80.5,99,0,60.0,2026-04-30T22:00:59.821257,4.215
2026-04-30T22:00:00.627389,82.99,0,85.63,0.0,1000.0,0.0,4.199,80.5,99,0,60.0,2026-04-30T22:01:00.608068,4.215
2026-04-30T22:00:00.908919,83.05,0,85.65,0.0,1000.0,0.0,4.199,80.5,99,0,60.0,2026-04-30T22:01:00.908441,4.215
2026-04-30T22:00:01.348596,83.05,0,85.67,0.0,1000.0,0.0,4.199,80.5,99,0,60.0,2026-04-30T22:01:01.348054,4.215
2026-04-30T22:00:01.647856,83.09,0,85.68,0.0,1000.0,0.0,4.199,80.5,99,0,60.0,2026-04-30T22:01:01.647358,4.215
2026-04-30T22:00:01.876569,83.09,0,85.7,0.0,1000.0,0.0,4.199,80.5,99,0,60.0,2026-04-30T22:01:01.873699,4.215
2026-04-30T22:00:02.122370,83.09,0,85.71,0.0,1000.0,0.0,4.199,80.5,99,0,60.0,2026-04-30T22:01:02.121661,4.215
2026-04-30T22:00:02.610125,83.15,0,85.73,0.0,1000.0,0.0,4.199,80.5,99,0,60.0,2026-04-30T22:01:02.609924,4.215
2026-04-30T22:00:02.693136,83.15,0,85.75,0.0,1000.0,0.0,4.199,80.5,99,0,60.0,2026-04-30T22:01:02.692954,4.215
2026-04-30T22:00:02.780316,83.15,0,85.76,0.0,1000.0,0.0,4.199,80.5,99,0,60.0,2026-04-30T22:01:02.780047,4.215
2026-04-30T22:00:03.674681,83.2,0,85.8,0.0,1000.0,0.0,4.199,80.4,99,0,60.0,2026-04-30T22:01:03.674503,4.215
2026-04-30T22:00:03.760598,83.2,0,85.81,0.0,1000.0,0.0,4.199,80.4,99,0,60.0,2026-04-30T22:01:03.760402,4.215
2026-04-30T22:00:04.245224,83.2,0,85.81,0.0,1000.0,0.0,4.199,80.4,99,0,60.0,2026-04-30T22:01:04.244539,4.215
2026-04-30T22:00:05.107150,83.26,0,85.86,0.0,1000.0,0.0,4.199,80.4,99,0,60.0,2026-04-30T22:01:05.106841,4.215
2026-04-30T22:00:05.311493,83.26,0,85.87,0.0,1000.0,0.0,4.199,80.4,99,0,60.0,2026-04-30T22:01:05.310841,4.215
2026-04-30T22:00:05.857992,83.26,0,85.88,0.0,1000.0,0.0,4.199,80.4,99,0,60.0,2026-04-30T22:01:05.857409,4.215
2026-04-30T22:00:07.092686,83.31,0,85.93,0.0,1000.0,0.0,4.199,80.4,99,0,60.0,2026-04-30T22:01:07.092140,4.215
2026-04-30T22:00:07.436302,83.31,0,85.94,0.0,1000.0,0.0,4.199,80.4,99,0,60.0,2026-04-30T22:01:07.435946,4.215
2026-04-30T22:00:07.546889,83.36,0,85.94,0.0,1000.0,0.0,4.199,80.4,99,0,60.0,2026-04-30T22:01:07.546644,4.215
2026-04-30T22:00:07.663482,83.36,0,85.95,0.0,1000.0,0.0,4.199,80.4,99,0,60.0,2026-04-30T22:01:07.663199,4.215
2026-04-30T22:00:07.848412,83.36,0,85.96,0.0,1000.0,0.0,4.199,80.4,99,0,60.0,2026-04-30T22:01:07.848064,4.215
2026-04-30T22:00:08.170568,83.39,0,85.98,0.0,1000.0,0.0,4.199,80.4,99,0,60.0,2026-04-30T22:01:08.170056,4.215
2026-04-30T22:00:08.295476,83.39,0,85.99,0.0,1000.0,0.0,4.199,80.4,99,0,60.0,2026-04-30T22:01:08.294946,4.215
2026-04-30T22:00:08.690867,83.39,0,86.0,0.0,1000.0,0.0,4.199,80.4,99,0,60.0,2026-04-30T22:01:08.689593,4.215
2026-04-30T22:00:09.124923,83.44,0,86.03,0.0,1000.0,0.0,4.199,80.4,99,0,60.0,2026-04-30T22:01:09.124409,4.215
2026-04-30T22:00:09.245873,83.44,0,86.04,0.0,1000.0,0.0,4.199,80.4,99,0,60.0,2026-04-30T22:01:09.245316,4.215
2026-04-30T22:00:09.458595,83.44,0,86.05,0.0,1000.0,0.0,4.199,80.4,99,0,60.0,2026-04-30T22:01:09.458096,4.215
2026-04-30T22:00:10.129930,83.47,0,86.08,0.0,1000.0,0.0,4.199,80.4,99,0,60.0,2026-04-30T22:01:10.129533,4.215
2026-04-30T22:00:10.345707,83.47,0,86.08,0.0,1000.0,0.0,4.199,80.4,99,0,60.0,2026-04-30T22:01:10.345170,4.215
2026-04-30T22:00:11.202159,83.47,0,86.11,0.0,1000.0,0.0,4.199,80.4,99,0,60.0,2026-04-30T22:01:11.201507,4.215
2026-04-30T22:00:11.407654,83.52,0,86.13,0.0,1000.0,0.0,4.199,80.3,99,0,60.0,2026-04-30T22:01:11.407340,4.215
2026-04-30T22:00:11.554586,83.52,0,86.13,0.0,1000.0,0.0,4.199,80.3,99,0,60.0,2026-04-30T22:01:11.554323,4.215
2026-04-30T22:00:12.065608,83.56,0,86.15,0.0,1000.0,0.0,4.199,80.3,99,0,60.0,2026-04-30T22:01:12.065303,4.215
2026-04-30T22:00:12.228667,83.56,0,86.17,0.0,1000.0,0.0,4.199,80.3,99,0,60.0,2026-04-30T22:01:12.228120,4.215
2026-04-30T22:00:12.336041,83.56,0,86.17,0.0,1000.0,0.0,4.199,80.3,99,0,60.0,2026-04-30T22:01:12.335709,4.215
2026-04-30T22:00:13.088344,83.59,0,86.2,0.0,1000.0,0.0,4.199,80.3,99,0,60.0,2026-04-30T22:01:13.088140,4.215
2026-04-30T22:00:13.162544,83.59,0,86.2,0.0,1000.0,0.0,4.199,80.3,99,0,60.0,2026-04-30T22:01:13.162373,4.215
2026-04-30T22:00:13.237056,83.59,0,86.21,0.0,1000.0,0.0,4.199,80.3,99,0,60.0,2026-04-30T22:01:13.236869,4.215
2026-04-30T22:00:14.172108,83.64,0,86.24,0.0,1000.0,0.0,4.199,80.3,99,0,60.0,2026-04-30T22:01:14.171847,4.215
2026-04-30T22:00:14.275670,83.64,0,86.25,0.0,1000.0,0.0,4.199,80.3,99,0,60.0,2026-04-30T22:01:14.275260,4.215
2026-04-30T22:00:14.426588,83.64,0,86.26,0.0,1000.0,0.0,4.199,80.3,99,0,60.0,2026-04-30T22:01:14.423521,4.215
2026-04-30T22:00:15.719347,83.65,0,86.28,0.0,1000.0,0.0,4.199,80.3,99,0,60.0,2026-04-30T22:01:15.718526,4.215
2026-04-30T22:00:16.171841,83.65,0,86.29,0.0,1000.0,0.0,4.199,80.3,99,0,60.0,2026-04-30T22:01:16.171035,4.215
2026-04-30T22:00:16.398586,83.65,0,86.28,0.0,1000.0,0.0,4.199,80.3,99,0,60.0,2026-04-30T22:01:16.398181,4.215
2026-04-30T22:00:16.935443,83.71,0,86.32,0.0,1000.0,0.0,4.199,80.3,99,0,60.0,2026-04-30T22:01:16.935137,4.215
2026-04-30T22:00:17.345427,83.71,0,86.33,0.0,1000.0,0.0,4.199,80.3,99,0,60.0,2026-04-30T22:01:17.344890,4.215
2026-04-30T22:00:17.507039,83.78,0,86.34,0.0,1000.0,0.0,4.199,80.3,99,0,60.0,2026-04-30T22:01:17.506732,4.215
2026-04-30T22:00:17.661386,83.78,0,86.36,0.0,1000.0,0.0,4.199,80.3,99,0,60.0,2026-04-30T22:01:17.660882,4.215
2026-04-30T22:00:17.862669,83.78,0,86.38,0.0,1000.0,0.0,4.199,80.3,99,0,60.0,2026-04-30T22:01:17.862311,4.215
2026-04-30T22:00:18.525296,83.81,0,86.41,0.0,1000.0,0.0,4.199,80.3,99,0,60.0,2026-04-30T22:01:18.523208,4.215
2026-04-30T22:00:21.153449,83.81,0,86.45,0.0,1000.0,0.0,4.199,80.2,99,0,60.0,2026-04-30T22:01:21.152664,4.216
2026-04-30T22:00:22.871082,83.81,0,86.44,0.0,1000.0,0.0,4.199,80.2,99,0,60.0,2026-04-30T22:01:22.870688,4.216
2026-04-30T22:00:23.503946,83.85,0,86.46,0.0,1000.0,0.0,4.199,80.2,99,0,60.0,2026-04-30T22:01:23.489209,4.216
2026-04-30T22:00:24.431491,83.85,0,86.48,0.0,1000.0,0.0,4.199,80.2,99,0,60.0,2026-04-30T22:01:24.428849,4.216
2026-04-30T22:00:24.981840,83.85,0,86.47,0.0,1000.0,0.0,4.199,80.2,99,0,60.0,2026-04-30T22:01:24.959997,4.215
2026-04-30T22:00:26.009430,83.88,0,86.5,0.0,1000.0,0.0,4.199,80.2,99,0,60.0,2026-04-30T22:01:26.002419,4.215
2026-04-30T22:00:27.221709,83.88,0,86.5,0.0,1000.0,0.0,4.199,80.2,99,0,60.0,2026-04-30T22:01:27.221394,4.215
2026-04-30T22:00:27.721422,83.88,0,86.51,0.0,1000.0,0.0,4.199,80.2,99,0,60.0,2026-04-30T22:01:27.721008,4.215
2026-04-30T22:00:27.907178,83.93,0,86.52,0.0,1000.0,0.0,4.199,80.2,99,0,60.0,2026-04-30T22:01:27.871992,4.215
2026-04-30T22:00:28.178845,83.93,0,86.53,0.0,1000.0,0.0,4.199,80.2,99,0,60.0,2026-04-30T22:01:28.166000,4.215
2026-04-30T22:00:28.292173,83.96,0,86.54,0.0,1000.0,0.0,4.199,80.2,99,0,60.0,2026-04-30T22:01:28.291667,4.215
2026-04-30T22:00:28.402477,83.96,0,86.55,0.0,1000.0,0.0,4.199,80.2,99,0,60.0,2026-04-30T22:01:28.402128,4.215
2026-04-30T22:00:28.577743,83.96,0,86.56,0.0,1000.0,0.0,4.199,80.2,99,0,60.0,2026-04-30T22:01:28.577387,4.215
2026-04-30T22:00:28.839118,84.01,0,86.58,0.0,1000.0,0.0,4.199,80.2,99,0,60.0,2026-04-30T22:01:28.838790,4.215
2026-04-30T22:00:28.917952,84.01,0,86.59,0.0,1000.0,0.0,4.199,80.2,99,0,60.0,2026-04-30T22:01:28.917745,4.215
2026-04-30T22:00:28.991483,84.01,0,86.6,0.0,1000.0,0.0,4.199,80.2,99,0,60.0,2026-04-30T22:01:28.991310,4.215
2026-04-30T22:00:29.071958,84.06,0,86.61,0.0,1000.0,0.0,4.199,80.2,99,0,60.0,2026-04-30T22:01:29.071688,4.215
2026-04-30T22:00:29.175931,84.06,0,86.63,0.0,1000.0,0.0,4.199,80.2,99,0,60.0,2026-04-30T22:01:29.175618,4.215
2026-04-30T22:00:29.438793,84.06,0,86.65,0.0,1000.0,0.0,4.199,80.2,99,0,60.0,2026-04-30T22:01:29.438316,4.215
2026-04-30T22:00:32.102617,84.07,0,86.67,0.0,1000.0,0.0,4.199,80.2,99,0,60.0,2026-04-30T22:01:32.080649,4.215
2026-04-30T22:00:32.607591,84.07,0,86.7,0.0,1000.0,0.0,4.199,80.2,99,0,60.0,2026-04-30T22:01:32.607284,4.215
2026-04-30T22:00:32.847477,84.07,0,86.7,0.0,1000.0,0.0,4.199,80.2,99,0,60.0,2026-04-30T22:01:32.847296,4.215
2026-04-30T22:00:32.962394,84.11,0,86.71,0.0,1000.0,0.0,4.199,80.1,99,0,60.0,2026-04-30T22:01:32.962125,4.215
2026-04-30T22:00:33.095884,84.11,0,86.71,0.0,1000.0,0.0,4.199,80.1,99,0,60.0,2026-04-30T22:01:33.095679,4.215
2026-04-30T22:00:33.203193,84.14,0,86.72,0.0,1000.0,0.0,4.199,80.1,99,0,60.0,2026-04-30T22:01:33.202976,4.215
2026-04-30T22:00:33.303077,84.14,0,86.73,0.0,1000.0,0.0,4.199,80.1,99,0,60.0,2026-04-30T22:01:33.302863,4.215
2026-04-30T22:00:33.575321,84.14,0,86.74,0.0,1000.0,0.0,4.199,80.1,99,0,60.0,2026-04-30T22:01:33.567993,4.215
2026-04-30T22:00:33.679206,84.2,0,86.76,0.0,1000.0,0.0,4.199,80.1,99,0,60.0,2026-04-30T22:01:33.679057,4.215
2026-04-30T22:00:33.849483,84.2,0,86.77,0.0,1000.0,0.0,4.199,80.1,99,0,60.0,2026-04-30T22:01:33.849288,4.215
2026-04-30T22:00:33.949100,84.2,0,86.78,0.0,1000.0,0.0,4.199,80.1,99,0,60.0,2026-04-30T22:01:33.948952,4.215
2026-04-30T22:00:34.029288,84.23,0,86.8,0.0,1000.0,0.0,4.199,80.1,99,0,60.0,2026-04-30T22:01:34.029102,4.215
2026-04-30T22:00:34.110458,84.23,0,86.81,0.0,1000.0,0.0,4.199,80.1,99,0,60.0,2026-04-30T22:01:34.110280,4.215
2026-04-30T22:00:34.194507,84.23,0,86.81,0.0,1000.0,0.0,4.199,80.1,99,0,60.0,2026-04-30T22:01:34.194319,4.215
2026-04-30T22:00:34.271007,84.26,0,86.83,0.0,1000.0,0.0,4.199,80.1,99,0,60.0,2026-04-30T22:01:34.270808,4.215
2026-04-30T22:00:34.351405,84.26,0,86.84,0.0,1000.0,0.0,4.199,80.1,99,0,60.0,2026-04-30T22:01:34.351231,4.215
2026-04-30T22:00:34.432679,84.26,0,86.84,0.0,1000.0,0.0,4.199,80.1,99,0,60.0,2026-04-30T22:01:34.432512,4.215
2026-04-30T22:00:34.507877,84.31,0,86.86,0.0,1000.0,0.0,4.199,80.1,99,0,60.0,2026-04-30T22:01:34.507507,4.215
2026-04-30T22:00:34.638961,84.31,0,86.88,0.0,1000.0,0.0,4.199,80.1,99,0,60.0,2026-04-30T22:01:34.638740,4.215
2026-04-30T22:00:34.735296,84.34,0,86.89,0.0,1000.0,0.0,4.199,80.1,99,0,60.0,2026-04-30T22:01:34.735097,4.215
2026-04-30T22:00:34.807379,84.34,0,86.91,0.0,1000.0,0.0,4.199,80.1,99,0,60.0,2026-04-30T22:01:34.807224,4.215
2026-04-30T22:00:34.876616,84.34,0,86.92,0.0,1000.0,0.0,4.199,80.1,99,0,60.0,2026-04-30T22:01:34.876442,4.215
2026-04-30T22:00:34.952810,84.37,0,86.93,0.0,1000.0,0.0,4.199,80.1,99,0,60.0,2026-04-30T22:01:34.952642,4.215
2026-04-30T22:00:35.037856,84.37,0,86.94,0.0,1000.0,0.0,4.199,80.1,99,0,60.0,2026-04-30T22:01:35.037505,4.215
2026-04-30T22:00:37.474571,84.37,0,86.97,0.0,1000.0,0.0,4.199,80.1,99,0,60.0,2026-04-30T22:01:37.474014,4.215
2026-04-30T22:00:38.184040,84.42,0,87.03,0.0,1000.0,0.0,4.199,80.0,99,0,60.0,2026-04-30T22:01:38.167859,4.215
2026-04-30T22:00:38.443603,84.42,0,87.03,0.0,1000.0,0.0,4.199,80.0,99,0,60.0,2026-04-30T22:01:38.442974,4.215
2026-04-30T22:00:38.631147,84.42,0,87.03,0.0,1000.0,0.0,4.199,80.0,99,0,60.0,2026-04-30T22:01:38.630677,4.215
2026-04-30T22:00:38.987285,84.44,0,87.04,0.0,1000.0,0.0,4.199,80.0,99,0,60.0,2026-04-30T22:01:38.986884,4.215
2026-04-30T22:00:39.426774,84.44,0,87.06,0.0,1000.0,0.0,4.199,80.0,99,0,60.0,2026-04-30T22:01:39.426417,4.215
2026-04-30T22:00:39.566586,84.44,0,87.05,0.0,1000.0,0.0,4.199,80.0,99,0,60.0,2026-04-30T22:01:39.566236,4.215
2026-04-30T22:00:39.735441,84.51,0,87.08,0.0,1000.0,0.0,4.199,80.0,99,0,60.0,2026-04-30T22:01:39.734283,4.215
2026-04-30T22:00:40.030254,84.51,0,87.1,0.0,1000.0,0.0,4.199,80.0,99,0,60.0,2026-04-30T22:01:40.028244,4.215
2026-04-30T22:00:40.230813,84.54,0,87.11,0.0,1000.0,0.0,4.199,80.0,99,0,60.0,2026-04-30T22:01:40.230341,4.215
2026-04-30T22:00:40.486932,84.54,0,87.13,0.0,1000.0,0.0,4.199,80.0,99,0,60.0,2026-04-30T22:01:40.477115,4.215
2026-04-30T22:00:40.860614,84.54,0,87.15,0.0,1000.0,0.0,4.199,80.0,99,0,60.0,2026-04-30T22:01:40.860142,4.215
2026-04-30T22:00:41.066255,84.59,0,87.16,0.0,1000.0,0.0,4.199,80.0,99,0,60.0,2026-04-30T22:01:41.065705,4.215
2026-04-30T22:00:41.285975,84.59,0,87.18,0.0,1000.0,0.0,4.199,80.0,99,0,60.0,2026-04-30T22:01:41.285581,4.215
2026-04-30T22:00:41.475934,84.59,0,87.19,0.0,1000.0,0.0,4.199,80.0,99,0,60.0,2026-04-30T22:01:41.475496,4.215
2026-04-30T22:00:41.949453,84.66,0,87.22,0.0,1000.0,0.0,4.199,80.0,99,0,60.0,2026-04-30T22:01:41.949060,4.215
2026-04-30T22:00:42.477383,84.66,0,87.26,0.0,1000.0,0.0,4.199,80.0,99,0,60.0,2026-04-30T22:01:42.476960,4.215
2026-04-30T22:00:42.963829,84.66,0,87.27,0.0,1000.0,0.0,4.199,80.0,99,0,60.0,2026-04-30T22:01:42.963346,4.215
2026-04-30T22:00:43.564856,84.69,0,87.29,0.0,1000.0,0.0,4.199,80.0,99,0,60.0,2026-04-30T22:01:43.549312,4.215
2026-04-30T22:00:43.736852,84.69,0,87.3,0.0,1000.0,0.0,4.199,80.0,99,0,60.0,2026-04-30T22:01:43.736577,4.215
2026-04-30T22:00:43.897873,84.69,0,87.3,0.0,1000.0,0.0,4.199,80.0,99,0,60.0,2026-04-30T22:01:43.897624,4.215
2026-04-30T22:00:44.208729,84.73,0,87.32,0.0,1000.0,0.0,4.199,79.9,99,0,60.0,2026-04-30T22:01:44.208230,4.215
2026-04-30T22:00:44.412116,84.73,0,87.33,0.0,1000.0,0.0,4.199,79.9,99,0,60.0,2026-04-30T22:01:44.411700,4.215
2026-04-30T22:00:44.698640,84.78,0,87.34,0.0,1000.0,0.0,4.199,79.9,99,0,60.0,2026-04-30T22:01:44.678933,4.215
2026-04-30T22:00:45.410080,84.78,0,87.38,0.0,1000.0,0.0,4.199,79.9,99,0,60.0,2026-04-30T22:01:45.409566,4.215
2026-04-30T22:00:45.668739,84.78,0,87.39,0.0,1000.0,0.0,4.199,79.9,99,0,60.0,2026-04-30T22:01:45.668219,4.215
2026-04-30T22:00:46.244218,84.84,0,87.41,0.0,1000.0,0.0,4.199,79.9,99,0,60.0,2026-04-30T22:01:46.243804,4.215
2026-04-30T22:00:46.894887,84.84,0,87.44,0.0,1000.0,0.0,4.199,79.9,99,0,60.0,2026-04-30T22:01:46.862938,4.215
2026-04-30T22:00:47.687734,84.84,0,87.46,0.0,1000.0,0.0,4.199,79.9,99,0,60.0,2026-04-30T22:01:47.674780,4.215
2026-04-30T22:00:47.991668,84.87,0,87.47,0.0,1000.0,0.0,4.199,79.9,99,0,60.0,2026-04-30T22:01:47.991185,4.215
2026-04-30T22:00:48.282663,84.87,0,87.48,0.0,1000.0,0.0,4.199,79.9,99,0,60.0,2026-04-30T22:01:48.282181,4.215
2026-04-30T22:00:48.609416,84.87,0,87.48,0.0,1000.0,0.0,4.199,79.9,99,0,60.0,2026-04-30T22:01:48.573310,4.215
2026-04-30T22:00:49.008473,84.93,0,87.51,0.0,1000.0,0.0,4.199,79.9,99,0,60.0,2026-04-30T22:01:49.008088,4.215
2026-04-30T22:00:49.189780,84.93,0,87.53,0.0,1000.0,0.0,4.199,79.9,99,0,60.0,2026-04-30T22:01:49.189424,4.215
2026-04-30T22:00:49.548744,84.93,0,87.54,0.0,1000.0,0.0,4.199,79.9,99,0,60.0,2026-04-30T22:01:49.548290,4.215
2026-04-30T22:00:50.645374,85.01,0,87.6,0.0,1000.0,0.0,4.199,79.8,99,0,60.0,2026-04-30T22:01:50.645031,4.215
2026-04-30T22:00:50.910910,85.01,0,87.61,0.0,1000.0,0.0,4.199,79.8,99,0,60.0,2026-04-30T22:01:50.892644,4.215
2026-04-30T22:00:52.276117,85.03,0,87.64,0.0,1000.0,0.0,4.199,79.8,99,0,60.0,2026-04-30T22:01:52.275300,4.215
2026-04-30T22:00:52.608577,85.03,0,87.65,0.0,1000.0,0.0,4.199,79.8,99,0,60.0,2026-04-30T22:01:52.608271,4.215
2026-04-30T22:00:52.749889,85.03,0,87.64,0.0,1000.0,0.0,4.199,79.8,99,0,60.0,2026-04-30T22:01:52.748392,4.215
2026-04-30T22:00:53.002771,85.09,0,87.65,0.0,1000.0,0.0,4.199,79.8,99,0,60.0,2026-04-30T22:01:53.002401,4.215
2026-04-30T22:00:53.326786,85.09,0,87.68,0.0,1000.0,0.0,4.199,79.8,99,0,60.0,2026-04-30T22:01:53.326280,4.215
2026-04-30T22:00:53.762110,85.09,0,87.69,0.0,1000.0,0.0,4.199,79.8,99,0,60.0,2026-04-30T22:01:53.734794,4.215
2026-04-30T22:00:54.264730,85.16,0,87.72,0.0,1000.0,0.0,4.199,79.8,99,0,60.0,2026-04-30T22:01:54.263761,4.215
2026-04-30T22:00:54.440857,85.16,0,87.74,0.0,1000.0,0.0,4.199,79.8,99,0,60.0,2026-04-30T22:01:54.440222,4.215
2026-04-30T22:00:54.736296,85.16,0,87.75,0.0,1000.0,0.0,4.199,79.8,99,0,60.0,2026-04-30T22:01:54.706061,4.215
2026-04-30T22:00:55.025368,85.2,0,87.77,0.0,1000.0,0.0,4.199,79.8,99,0,60.0,2026-04-30T22:01:55.024923,4.215
2026-04-30T22:00:55.164857,85.2,0,87.78,0.0,1000.0,0.0,4.199,79.8,99,0,60.0,2026-04-30T22:01:55.164472,4.215
2026-04-30T22:00:55.313180,85.2,0,87.79,0.0,1000.0,0.0,4.199,79.8,99,0,60.0,2026-04-30T22:01:55.312959,4.215
2026-04-30T22:00:55.437969,85.26,0,87.81,0.0,1000.0,0.0,4.199,79.8,99,0,60.0,2026-04-30T22:01:55.437588,4.215
2026-04-30T22:00:55.570723,85.26,0,87.83,0.0,1000.0,0.0,4.199,79.8,99,0,60.0,2026-04-30T22:01:55.570367,4.215
2026-04-30T22:00:55.753273,85.34,0,87.85,0.0,1000.0,0.0,4.199,79.7,99,0,60.0,2026-04-30T22:01:55.752893,4.215
2026-04-30T22:00:55.981460,85.34,0,87.88,0.0,1000.0,0.0,4.199,79.7,99,0,60.0,2026-04-30T22:01:55.981053,4.215
2026-04-30T22:00:56.263141,85.34,0,87.9,0.0,1000.0,0.0,4.199,79.7,99,0,60.0,2026-04-30T22:01:56.262395,4.215
2026-04-30T22:00:58.197412,85.4,0,87.97,0.0,1000.0,0.0,4.199,79.7,99,0,60.0,2026-04-30T22:01:58.195494,4.215
2026-04-30T22:00:58.504818,85.4,0,88.0,0.0,1000.0,0.0,4.199,79.7,99,0,60.0,2026-04-30T22:01:58.501547,4.215
2026-04-30T22:00:58.811031,85.4,0,88.0,0.0,1000.0,0.0,4.199,79.7,99,0,60.0,2026-04-30T22:01:58.803079,4.215
2026-04-30T22:00:59.420865,85.45,0,88.03,0.0,1000.0,0.0,4.199,79.7,99,0,60.0,2026-04-30T22:01:59.420441,4.215
2026-04-30T22:00:59.587659,85.45,0,88.04,0.0,1000.0,0.0,4.199,79.7,99,0,60.0,2026-04-30T22:01:59.587412,4.215
2026-04-30T22:00:59.854201,85.45,0,88.05,0.0,1000.0,0.0,4.199,79.7,99,0,60.0,2026-04-30T22:01:59.853906,4.215
2026-04-30T22:01:00.207975,85.49,0,88.07,0.0,1000.0,0.0,4.199,79.7,99,0,60.0,2026-04-30T22:02:00.207432,4.215
2026-04-30T22:01:00.455258,85.49,0,88.08,0.0,1000.0,0.0,4.199,79.7,99,0,60.0,2026-04-30T22:02:00.454779,4.215
2026-04-30T22:01:00.970935,85.49,0,88.1,0.0,1000.0,0.0,4.199,79.7,99,0,60.0,2026-04-30T22:02:00.970648,4.215
2026-04-30T22:01:01.463410,85.55,0,88.14,0.0,1000.0,0.0,4.199,79.7,99,0,60.0,2026-04-30T22:02:01.463153,4.215
2026-04-30T22:01:01.852378,85.55,0,88.15,0.0,1000.0,0.0,4.199,79.7,99,0,60.0,2026-04-30T22:02:01.847807,4.215
2026-04-30T22:01:02.266298,85.64,0,88.17,0.0,1000.0,0.0,4.199,79.6,99,0,60.0,2026-04-30T22:02:02.265280,4.215
2026-04-30T22:01:02.497863,85.64,0,88.2,0.0,1000.0,0.0,4.199,79.6,99,0,60.0,2026-04-30T22:02:02.492961,4.215
2026-04-30T22:01:03.037577,85.64,0,88.22,0.0,1000.0,0.0,4.199,79.6,99,0,60.0,2026-04-30T22:02:03.036542,4.215
2026-04-30T22:01:04.534831,85.68,0,88.27,0.0,1000.0,0.0,4.199,79.6,99,0,60.0,2026-04-30T22:02:04.534483,4.215
2026-04-30T22:01:04.669464,85.68,0,88.28,0.0,1000.0,0.0,4.199,79.6,99,0,60.0,2026-04-30T22:02:04.669252,4.215
2026-04-30T22:01:04.917812,85.68,0,88.28,0.0,1000.0,0.0,4.199,79.6,99,0,60.0,2026-04-30T22:02:04.902224,4.215
2026-04-30T22:01:05.257787,85.74,0,88.3,0.0,1000.0,0.0,4.199,79.6,99,0,60.0,2026-04-30T22:02:05.257313,4.215
2026-04-30T22:01:05.383315,85.74,0,88.32,0.0,1000.0,0.0,4.199,79.6,99,0,60.0,2026-04-30T22:02:05.382792,4.215
2026-04-30T22:01:05.506805,85.74,0,88.33,0.0,1000.0,0.0,4.199,79.6,99,0,60.0,2026-04-30T22:02:05.506405,4.215
2026-04-30T22:01:05.632615,85.81,0,88.35,0.0,1000.0,0.0,4.199,79.6,99,0,60.0,2026-04-30T22:02:05.632295,4.215
2026-04-30T22:01:05.831549,85.81,0,88.37,0.0,1000.0,0.0,4.199,79.6,99,0,60.0,2026-04-30T22:02:05.829433,4.215
2026-04-30T22:01:08.422951,85.81,0,88.4,0.0,1000.0,0.0,4.199,79.6,99,0,60.0,2026-04-30T22:02:08.422627,4.215
2026-04-30T22:01:10.229585,85.84,0,88.47,0.0,1000.0,0.0,4.199,79.6,99,0,60.0,2026-04-30T22:02:10.227718,4.216
2026-04-30T22:01:10.444460,85.84,0,88.45,0.0,1000.0,0.0,4.199,79.6,99,0,60.0,2026-04-30T22:02:10.440069,4.215
2026-04-30T22:01:10.797507,85.93,0,88.46,0.0,1000.0,0.0,4.199,79.5,99,0,60.0,2026-04-30T22:02:10.770678,4.215
2026-04-30T22:01:11.317236,85.93,0,88.5,0.0,1000.0,0.0,4.199,79.5,99,0,60.0,2026-04-30T22:02:11.287914,4.215
2026-04-30T22:01:11.545039,85.93,0,88.52,0.0,1000.0,0.0,4.199,79.5,99,0,60.0,2026-04-30T22:02:11.544658,4.215
2026-04-30T22:01:11.731403,85.97,0,88.53,0.0,1000.0,0.0,4.199,79.5,99,0,60.0,2026-04-30T22:02:11.731016,4.215
2026-04-30T22:01:12.327026,85.97,0,88.56,0.0,1000.0,0.0,4.199,79.5,99,0,60.0,2026-04-30T22:02:12.326640,4.215
2026-04-30T22:01:12.725339,85.97,0,88.58,0.0,1000.0,0.0,4.199,79.5,99,0,60.0,2026-04-30T22:02:12.724925,4.215
2026-04-30T22:01:13.002678,85.99,0,88.58,0.0,1000.0,0.0,4.199,79.5,99,0,60.0,2026-04-30T22:02:12.996571,4.215
2026-04-30T22:01:13.322760,85.99,0,88.59,0.0,1000.0,0.0,4.199,79.5,99,0,60.0,2026-04-30T22:02:13.322477,4.215
2026-04-30T22:01:13.497500,85.99,0,88.6,0.0,1000.0,0.0,4.199,79.5,99,0,60.0,2026-04-30T22:02:13.496870,4.215
2026-04-30T22:01:13.735050,86.05,0,88.6,0.0,1000.0,0.0,4.199,79.5,99,0,60.0,2026-04-30T22:02:13.732175,4.215
2026-04-30T22:01:13.893023,86.05,0,88.62,0.0,1000.0,0.0,4.199,79.5,99,0,60.0,2026-04-30T22:02:13.892656,4.215
2026-04-30T22:01:14.191288,86.05,0,88.63,0.0,1000.0,0.0,4.199,79.5,99,0,60.0,2026-04-30T22:02:14.190825,4.215
2026-04-30T22:01:14.398442,86.09,0,88.65,0.0,1000.0,0.0,4.199,79.5,99,0,60.0,2026-04-30T22:02:14.397917,4.215
2026-04-30T22:01:14.808643,86.09,0,88.67,0.0,1000.0,0.0,4.199,79.5,99,0,60.0,2026-04-30T22:02:14.787864,4.215
2026-04-30T22:01:14.980053,86.13,0,88.68,0.0,1000.0,0.0,4.199,79.5,99,0,60.0,2026-04-30T22:02:14.979416,4.215
2026-04-30T22:01:15.085908,86.13,0,88.69,0.0,1000.0,0.0,4.199,79.5,99,0,60.0,2026-04-30T22:02:15.085609,4.215
2026-04-30T22:01:15.187774,86.13,0,88.7,0.0,1000.0,0.0,4.199,79.5,99,0,60.0,2026-04-30T22:02:15.187472,4.215
2026-04-30T22:01:15.300297,86.16,0,88.71,0.0,1000.0,0.0,4.199,79.5,99,0,60.0,2026-04-30T22:02:15.299983,4.215
2026-04-30T22:01:15.446848,86.16,0,88.72,0.0,1000.0,0.0,4.199,79.5,99,0,60.0,2026-04-30T22:02:15.446524,4.215
2026-04-30T22:01:15.586523,86.16,0,88.73,0.0,1000.0,0.0,4.199,79.5,99,0,60.0,2026-04-30T22:02:15.586150,4.215
2026-04-30T22:01:15.698685,86.21,0,88.75,0.0,1000.0,0.0,4.199,79.4,99,0,60.0,2026-04-30T22:02:15.698321,4.215
2026-04-30T22:01:15.822201,86.21,0,88.76,0.0,1000.0,0.0,4.199,79.4,99,0,60.0,2026-04-30T22:02:15.821947,4.215
2026-04-30T22:01:15.989058,86.21,0,88.78,0.0,1000.0,0.0,4.199,79.4,99,0,60.0,2026-04-30T22:02:15.988505,4.215
2026-04-30T22:01:16.290384,86.27,0,88.81,0.0,1000.0,0.0,4.199,79.4,99,0,60.0,2026-04-30T22:02:16.290076,4.215
2026-04-30T22:01:16.625279,86.27,0,88.83,0.0,1000.0,0.0,4.199,79.4,99,0,60.0,2026-04-30T22:02:16.594689,4.216
2026-04-30T22:01:16.826679,86.27,0,88.85,0.0,1000.0,0.0,4.199,79.4,99,0,60.0,2026-04-30T22:02:16.825041,4.216
2026-04-30T22:01:16.978578,86.28,0,88.86,0.0,1000.0,0.0,4.199,79.4,99,0,60.0,2026-04-30T22:02:16.978278,4.216
2026-04-30T22:01:17.136579,86.28,0,88.86,0.0,1000.0,0.0,4.199,79.4,99,0,60.0,2026-04-30T22:02:17.136316,4.216
2026-04-30T22:01:17.348290,86.32,0,88.87,0.0,1000.0,0.0,4.199,79.4,99,0,60.0,2026-04-30T22:02:17.348055,4.216
2026-04-30T22:01:17.529652,86.32,0,88.89,0.0,1000.0,0.0,4.199,79.4,99,0,60.0,2026-04-30T22:02:17.529325,4.216
2026-04-30T22:01:17.839694,86.32,0,88.9,0.0,1000.0,0.0,4.199,79.4,99,0,60.0,2026-04-30T22:02:17.839324,4.216
2026-04-30T22:01:18.084949,86.36,0,88.91,0.0,1000.0,0.0,4.199,79.4,99,0,60.0,2026-04-30T22:02:18.081598,4.216
2026-04-30T22:01:18.363246,86.36,0,88.94,0.0,1000.0,0.0,4.199,79.4,99,0,60.0,2026-04-30T22:02:18.362679,4.216
2026-04-30T22:01:18.894104,86.36,0,88.95,0.0,1000.0,0.0,4.199,79.4,99,0,60.0,2026-04-30T22:02:18.887682,4.216
2026-04-30T22:01:19.579622,86.39,0,88.98,0.0,1000.0,0.0,4.199,79.4,99,0,60.0,2026-04-30T22:02:19.578940,4.216
2026-04-30T22:01:19.739669,86.39,0,88.98,0.0,1000.0,0.0,4.199,79.4,99,0,60.0,2026-04-30T22:02:19.739299,4.216
2026-04-30T22:01:19.913469,86.39,0,88.98,0.0,1000.0,0.0,4.199,79.4,99,0,60.0,2026-04-30T22:02:19.913154,4.216
2026-04-30T22:01:20.082653,86.41,0,88.99,0.0,1000.0,0.0,4.199,79.4,99,0,60.0,2026-04-30T22:02:20.082153,4.216
2026-04-30T22:01:20.271466,86.41,0,89.0,0.0,1000.0,0.0,4.199,79.4,99,0,60.0,2026-04-30T22:02:20.271089,4.216
2026-04-30T22:01:20.703627,86.41,0,89.01,0.0,1000.0,0.0,4.199,79.4,99,0,60.0,2026-04-30T22:02:20.678828,4.216
2026-04-30T22:01:20.931659,86.46,0,89.03,0.0,1000.0,0.0,4.199,79.4,99,0,60.0,2026-04-30T22:02:20.931393,4.216
2026-04-30T22:01:21.056347,86.46,0,89.04,0.0,1000.0,0.0,4.199,79.4,99,0,60.0,2026-04-30T22:02:21.056121,4.216
2026-04-30T22:01:21.271369,86.48,0,89.05,0.0,1000.0,0.0,4.199,79.3,99,0,60.0,2026-04-30T22:02:21.271081,4.216
2026-04-30T22:01:21.581648,86.48,0,89.06,0.0,1000.0,0.0,4.199,79.3,99,0,60.0,2026-04-30T22:02:21.581412,4.216
2026-04-30T22:01:21.905040,86.48,0,89.07,0.0,1000.0,0.0,4.199,79.3,99,0,60.0,2026-04-30T22:02:21.904781,4.216
2026-04-30T22:01:22.208053,86.53,0,89.09,0.0,1000.0,0.0,4.199,79.3,99,0,60.0,2026-04-30T22:02:22.207610,4.216
2026-04-30T22:01:22.344341,86.53,0,89.1,0.0,1000.0,0.0,4.199,79.3,99,0,60.0,2026-04-30T22:02:22.343925,4.216
2026-04-30T22:01:22.592939,86.53,0,89.11,0.0,1000.0,0.0,4.199,79.3,99,0,60.0,2026-04-30T22:02:22.592470,4.216
2026-04-30T22:01:23.497840,86.53,0,89.12,0.0,1000.0,0.0,4.199,79.3,99,0,60.0,2026-04-30T22:02:23.496929,4.216
2026-04-30T22:01:23.698007,86.53,0,89.13,0.0,1000.0,0.0,4.199,79.3,99,0,60.0,2026-04-30T22:02:23.697580,4.216
2026-04-30T22:01:24.111723,86.53,0,89.12,0.0,1000.0,0.0,4.199,79.3,99,0,60.0,2026-04-30T22:02:24.111320,4.216
2026-04-30T22:01:24.736980,86.54,0,89.14,0.0,1000.0,0.0,4.199,79.3,99,0,60.0,2026-04-30T22:02:24.716999,4.216
2026-04-30T22:01:25.070413,86.54,0,89.14,0.0,1000.0,0.0,4.199,79.3,99,0,60.0,2026-04-30T22:02:25.070071,4.216
2026-04-30T22:01:25.219708,86.54,0,89.13,0.0,1000.0,0.0,4.199,79.3,99,0,60.0,2026-04-30T22:02:25.219345,4.216
2026-04-30T22:01:25.395915,86.56,0,89.14,0.0,1000.0,0.0,4.199,79.3,99,0,60.0,2026-04-30T22:02:25.395507,4.216
2026-04-30T22:01:25.618090,86.56,0,89.14,0.0,1000.0,0.0,4.199,79.3,99,0,60.0,2026-04-30T22:02:25.616207,4.216
2026-04-30T22:01:26.284189,86.62,0,89.17,0.0,1000.0,0.0,4.199,79.3,99,0,60.0,2026-04-30T22:02:26.283517,4.216
2026-04-30T22:01:26.494107,86.62,0,89.19,0.0,1000.0,0.0,4.199,79.3,99,0,60.0,2026-04-30T22:02:26.493632,4.216
2026-04-30T22:01:26.896143,86.62,0,89.2,0.0,1000.0,0.0,4.199,79.3,99,0,60.0,2026-04-30T22:02:26.890132,4.216
2026-04-30T22:01:27.349235,86.63,0,89.22,0.0,1000.0,0.0,4.199,79.3,99,0,60.0,2026-04-30T22:02:27.347791,4.216
2026-04-30T22:01:28.404692,86.63,0,89.22,0.0,1000.0,0.0,4.199,79.3,99,0,60.0,2026-04-30T22:02:28.404215,4.216
2026-04-30T22:01:28.679810,86.63,0,89.23,0.0,1000.0,0.0,4.199,79.3,99,0,60.0,2026-04-30T22:02:28.668270,4.216
2026-04-30T22:01:30.688743,86.67,0,89.28,0.0,1000.0,0.0,4.199,79.3,99,0,60.0,2026-04-30T22:02:30.686227,4.217
2026-04-30T22:01:30.824834,86.67,0,89.27,0.0,1000.0,0.0,4.199,79.3,99,0,60.0,2026-04-30T22:02:30.823208,4.216
2026-04-30T22:01:31.155456,86.67,0,89.26,0.0,1000.0,0.0,4.199,79.3,99,0,60.0,2026-04-30T22:02:31.155133,4.216
