timestamp,T_actual,P_actual_gauge,T_predicted,P_predicted,Q_watts,flow_lpm,water_L,eta_instant,health_score,anomaly_flag,prediction_horizon_s,prediction_target_timestamp,L_predicted
2026-05-02T00:05:18.575730,111.7,0.4235,109.29,0.387,0.0,0.0,0,0.0,100,0,60.0,2026-05-02T00:06:18.574947,4.161
2026-05-02T00:05:18.949295,111.7,0.4235,112.26,0.5329,1000.0,0.0,0,70.9,100,0,60.0,2026-05-02T00:06:18.949177,3.767
2026-05-02T00:05:19.454053,111.7,0.4235,112.41,0.5405,1000.0,0.0,4.199,70.9,100,0,60.0,2026-05-02T00:06:19.453907,3.739
2026-05-02T00:05:19.795215,111.71,0.4235,112.52,0.5463,1000.0,0.0,4.199,70.9,100,0,60.0,2026-05-02T00:06:19.795077,3.816
2026-05-02T00:05:20.484181,111.71,0.4235,112.44,0.5423,1000.0,0.0,4.199,70.9,100,0,60.0,2026-05-02T00:06:20.450602,3.917
2026-05-02T00:05:20.887856,111.71,0.4235,112.61,0.551,1000.0,0.0,4.199,70.9,100,0,60.0,2026-05-02T00:06:20.887693,3.854
2026-05-02T00:05:21.279675,111.71,0.4353,112.65,0.5532,1000.0,0.0,4.199,70.9,100,0,60.0,2026-05-02T00:06:21.279486,3.831
2026-05-02T00:05:21.709623,111.71,0.4353,112.58,0.5494,1000.0,0.0,4.199,70.9,100,0,60.0,2026-05-02T00:06:21.709383,3.96
2026-05-02T00:05:22.071547,111.75,0.4152,112.63,0.5523,1000.0,0.0,4.199,70.9,100,0,60.0,2026-05-02T00:06:22.071391,3.965
2026-05-02T00:05:22.796872,111.75,0.4287,112.66,0.5536,1000.0,0.0,4.199,70.9,100,0,60.0,2026-05-02T00:06:22.796695,3.843
2026-05-02T00:05:23.219268,111.75,0.4287,112.69,0.5554,1000.0,0.0,4.199,70.9,100,0,60.0,2026-05-02T00:06:23.219079,3.867
2026-05-02T00:05:23.598925,111.75,0.4209,112.64,0.5525,1000.0,0.0,4.199,70.9,100,0,60.0,2026-05-02T00:06:23.598719,3.897
2026-05-02T00:05:24.173987,111.75,0.4209,112.64,0.5526,1000.0,0.0,4.199,70.9,100,0,60.0,2026-05-02T00:06:24.127370,3.841
2026-05-02T00:05:24.769612,111.75,0.4209,112.61,0.5509,1000.0,0.0,4.199,70.9,100,0,60.0,2026-05-02T00:06:24.769448,3.832
2026-05-02T00:05:25.130713,111.77,0.4209,112.61,0.5509,1000.0,0.0,4.199,70.9,100,0,60.0,2026-05-02T00:06:25.130553,3.839
2026-05-02T00:05:25.486753,111.77,0.4209,112.62,0.5514,1000.0,0.0,4.199,70.9,100,0,60.0,2026-05-02T00:06:25.486573,3.84
2026-05-02T00:05:25.835113,111.77,0.4209,112.62,0.5517,1000.0,0.0,4.199,70.9,100,0,60.0,2026-05-02T00:06:25.834928,3.839
2026-05-02T00:05:26.564098,111.8,0.4278,112.58,0.5493,1000.0,0.0,4.199,70.8,100,0,60.0,2026-05-02T00:06:26.563917,3.81
2026-05-02T00:05:26.931348,111.8,0.4278,112.67,0.5543,1000.0,0.0,4.199,70.8,100,0,60.0,2026-05-02T00:06:26.931162,3.85
2026-05-02T00:05:27.341669,111.82,0.4278,112.7,0.5555,1000.0,0.0,4.199,70.8,100,0,60.0,2026-05-02T00:06:27.341431,3.839
2026-05-02T00:05:28.692137,111.82,0.43,112.65,0.5531,1000.0,0.0,4.199,70.8,100,0,60.0,2026-05-02T00:06:28.691642,3.818
2026-05-02T00:05:30.655905,111.82,0.43,112.69,0.555,1000.0,0.0,4.199,70.8,100,0,60.0,2026-05-02T00:06:30.606199,3.77
2026-05-02T00:05:32.368025,111.85,0.4278,112.63,0.5522,1000.0,0.0,4.199,70.8,100,0,60.0,2026-05-02T00:06:32.337820,3.787
2026-05-02T00:05:34.441824,111.85,0.4319,112.73,0.5573,1000.0,0.0,4.199,70.8,100,0,60.0,2026-05-02T00:06:34.441560,3.719
2026-05-02T00:05:35.844542,111.85,0.4319,112.77,0.5591,1000.0,0.0,4.199,70.8,100,0,60.0,2026-05-02T00:06:35.844295,3.735
2026-05-02T00:05:37.374452,111.87,0.4336,112.65,0.5529,1000.0,0.0,4.199,70.8,100,0,60.0,2026-05-02T00:06:37.371631,3.808
2026-05-02T00:05:38.753127,111.87,0.4426,112.85,0.5637,1000.0,0.0,4.199,70.8,100,0,60.0,2026-05-02T00:06:38.722451,3.883
2026-05-02T00:05:40.471545,111.87,0.4426,112.88,0.5652,1000.0,0.0,4.199,70.8,28,0,60.0,2026-05-02T00:06:40.433795,3.973
2026-05-02T00:05:41.968861,111.91,0.4426,112.85,0.5637,1000.0,0.0,4.199,70.8,29,0,60.0,2026-05-02T00:06:41.968602,3.833
2026-05-02T00:05:43.561680,111.91,0.4426,112.86,0.5643,1000.0,0.0,4.199,70.8,29,0,60.0,2026-05-02T00:06:43.561427,3.767
2026-05-02T00:05:44.687738,111.91,0.4426,112.92,0.567,1000.0,0.0,4.199,70.8,29,0,60.0,2026-05-02T00:06:44.653394,3.863
2026-05-02T00:05:47.536832,111.94,0.4426,112.85,0.5634,1000.0,0.0,4.199,70.8,29,0,60.0,2026-05-02T00:06:47.536434,3.942
2026-05-02T00:05:49.025987,111.94,0.4426,112.88,0.5653,1000.0,0.0,4.199,70.8,29,0,60.0,2026-05-02T00:06:48.983719,3.814
2026-05-02T00:05:50.547548,111.96,0.4426,112.88,0.565,1000.0,0.0,4.199,70.8,29,0,60.0,2026-05-02T00:06:50.490989,3.837
2026-05-02T00:05:51.798683,111.96,0.4538,112.98,0.5705,1000.0,0.0,4.199,70.8,30,0,60.0,2026-05-02T00:06:51.798330,3.818
2026-05-02T00:05:53.462417,111.96,0.4538,112.93,0.5678,1000.0,0.0,4.199,70.8,31,0,60.0,2026-05-02T00:06:53.462052,3.844
2026-05-02T00:05:54.696467,111.99,0.4404,113.03,0.5729,1000.0,0.0,4.199,70.8,31,0,60.0,2026-05-02T00:06:54.695886,3.904
2026-05-02T00:05:56.571018,111.99,0.4547,113.12,0.5775,1000.0,0.0,4.199,70.8,31,0,60.0,2026-05-02T00:06:56.484465,3.858
2026-05-02T00:05:57.930184,111.99,0.4547,113.09,0.5762,1000.0,0.0,4.199,70.8,32,0,60.0,2026-05-02T00:06:57.929963,3.915
2026-05-02T00:05:59.185244,112.02,0.4547,113.03,0.5727,1000.0,0.0,4.199,70.8,32,0,60.0,2026-05-02T00:06:59.132232,3.855
2026-05-02T00:06:01.888186,112.02,0.457,113.02,0.5726,1000.0,0.0,4.199,70.8,32,0,60.0,2026-05-02T00:07:01.844429,3.845
2026-05-02T00:06:03.703268,112.02,0.457,113.14,0.5788,1000.0,0.0,4.199,70.8,33,0,60.0,2026-05-02T00:07:03.686550,3.877
2026-05-02T00:06:05.797119,112.04,0.4463,113.03,0.5728,1000.0,0.0,4.199,70.8,33,0,60.0,2026-05-02T00:07:05.790063,3.797
2026-05-02T00:06:07.773101,112.04,0.4463,112.97,0.5699,1000.0,0.0,4.199,70.8,33,0,60.0,2026-05-02T00:07:07.765486,3.802
2026-05-02T00:06:09.550290,112.04,0.4463,112.96,0.5695,1000.0,0.0,4.199,70.8,33,0,60.0,2026-05-02T00:07:09.549339,3.93
2026-05-02T00:06:11.370910,112.08,0.4446,112.99,0.5706,1000.0,0.0,4.199,70.8,33,0,60.0,2026-05-02T00:07:11.330140,3.889
2026-05-02T00:06:12.747502,112.08,0.4446,112.98,0.5701,1000.0,0.0,4.199,70.8,33,0,60.0,2026-05-02T00:07:12.733610,3.819
2026-05-02T00:06:13.964783,112.11,0.4446,112.92,0.5674,1000.0,0.0,4.199,70.7,32,0,60.0,2026-05-02T00:07:13.964114,3.816
2026-05-02T00:06:15.578730,112.11,0.4413,112.91,0.5664,1000.0,0.0,4.199,70.7,32,0,60.0,2026-05-02T00:07:15.578462,3.928
2026-05-02T00:06:17.405036,112.11,0.4413,112.9,0.5659,1000.0,0.0,4.199,70.7,32,0,60.0,2026-05-02T00:07:17.367379,3.82
2026-05-02T00:06:19.197410,112.14,0.4413,112.97,0.5697,1000.0,0.0,4.199,70.7,32,0,60.0,2026-05-02T00:07:19.167158,3.889
2026-05-02T00:06:20.827860,112.14,0.4471,112.99,0.5707,1000.0,0.0,4.199,70.7,32,0,60.0,2026-05-02T00:07:20.813503,3.8
2026-05-02T00:06:22.740752,112.14,0.4471,113.07,0.5748,1000.0,0.0,4.199,70.7,32,0,60.0,2026-05-02T00:07:22.713851,3.76
2026-05-02T00:06:24.323110,112.18,0.4471,112.94,0.5684,1000.0,0.0,4.199,70.7,32,0,60.0,2026-05-02T00:07:24.303886,3.805
2026-05-02T00:06:25.609624,112.18,0.4521,113.01,0.5718,1000.0,0.0,4.199,70.7,33,0,60.0,2026-05-02T00:07:25.609183,3.819
2026-05-02T00:06:27.360943,112.18,0.4521,113.04,0.5735,1000.0,0.0,4.199,70.7,33,0,60.0,2026-05-02T00:07:27.342627,3.845
2026-05-02T00:06:29.422041,112.21,0.4555,113.1,0.5767,1000.0,0.0,4.199,70.7,33,0,60.0,2026-05-02T00:07:29.393482,3.717
2026-05-02T00:06:32.126267,112.21,0.4555,113.15,0.5792,1000.0,0.0,4.199,70.7,33,0,60.0,2026-05-02T00:07:32.105079,3.869
2026-05-02T00:06:34.314841,112.21,0.4555,113.17,0.5803,1000.0,0.0,4.199,70.7,33,0,60.0,2026-05-02T00:07:34.299247,3.871
2026-05-02T00:06:36.184840,112.24,0.457,113.14,0.5787,1000.0,0.0,4.199,70.7,33,0,60.0,2026-05-02T00:07:36.099915,3.802
2026-05-02T00:06:37.937267,112.24,0.457,113.08,0.5756,1000.0,0.0,4.199,70.7,33,0,60.0,2026-05-02T00:07:37.936985,3.824
2026-05-02T00:06:39.524733,112.28,0.457,113.07,0.575,1000.0,0.0,4.199,70.7,33,0,60.0,2026-05-02T00:07:39.524497,3.82
2026-05-02T00:06:40.467331,112.28,0.4588,113.15,0.5793,1000.0,0.0,4.199,70.7,33,0,60.0,2026-05-02T00:07:40.456255,3.789
2026-05-02T00:06:42.687006,112.28,0.4588,113.25,0.5843,1000.0,0.0,4.199,70.7,34,0,60.0,2026-05-02T00:07:42.616922,3.746
2026-05-02T00:06:43.839407,112.29,0.4588,113.19,0.5812,1000.0,0.0,4.199,70.7,33,0,60.0,2026-05-02T00:07:43.838785,3.812
2026-05-02T00:06:45.194814,112.29,0.4588,113.12,0.5774,1000.0,0.0,4.199,70.7,34,0,60.0,2026-05-02T00:07:45.194531,3.821
2026-05-02T00:06:46.197813,112.29,0.4588,113.19,0.5814,1000.0,0.0,4.199,70.7,34,0,60.0,2026-05-02T00:07:46.197493,3.827
2026-05-02T00:06:48.270059,112.33,0.4488,113.23,0.5834,1000.0,0.0,4.199,70.7,34,0,60.0,2026-05-02T00:07:48.236006,3.697
2026-05-02T00:06:49.599505,112.33,0.4674,113.31,0.5876,1000.0,0.0,4.199,70.7,34,0,60.0,2026-05-02T00:07:49.599296,3.713
2026-05-02T00:06:50.597636,112.33,0.4674,113.26,0.5852,1000.0,0.0,4.199,70.7,34,0,60.0,2026-05-02T00:07:50.587419,3.819
2026-05-02T00:06:52.704773,112.35,0.4623,113.26,0.585,1000.0,0.0,4.199,70.7,35,0,60.0,2026-05-02T00:07:52.652125,3.811
2026-05-02T00:06:54.598728,112.35,0.4623,113.35,0.5897,1000.0,0.0,4.199,70.7,34,0,60.0,2026-05-02T00:07:54.582257,3.899
2026-05-02T00:06:55.798789,112.35,0.4623,113.31,0.5878,1000.0,0.0,4.199,70.7,34,0,60.0,2026-05-02T00:07:55.798551,3.811
2026-05-02T00:06:57.238921,112.4,0.4623,113.24,0.584,1000.0,0.0,4.199,70.6,34,0,60.0,2026-05-02T00:07:57.201237,3.825
2026-05-02T00:06:58.717688,112.4,0.4623,113.32,0.5881,1000.0,0.0,4.199,70.6,34,0,60.0,2026-05-02T00:07:58.668390,3.805
2026-05-02T00:07:00.586573,112.42,0.4623,113.3,0.5868,1000.0,0.0,4.199,70.6,33,0,60.0,2026-05-02T00:08:00.565856,3.774
2026-05-02T00:07:02.659864,112.42,0.4699,113.27,0.5857,1000.0,0.0,4.199,70.6,32,0,60.0,2026-05-02T00:08:02.646583,3.804
2026-05-02T00:07:05.168983,112.42,0.4699,113.39,0.5918,1000.0,0.0,4.199,70.6,32,0,60.0,2026-05-02T00:08:05.103804,3.858
2026-05-02T00:07:06.648648,112.45,0.4625,113.4,0.5925,1000.0,0.0,4.199,70.6,33,0,60.0,2026-05-02T00:08:06.617498,3.848
2026-05-02T00:07:07.926961,112.45,0.4625,113.35,0.5896,1000.0,0.0,4.199,70.6,32,0,60.0,2026-05-02T00:08:07.926562,3.808
2026-05-02T00:07:09.640273,112.45,0.4625,113.25,0.5844,1000.0,0.0,4.199,70.6,32,0,60.0,2026-05-02T00:08:09.639697,3.821
2026-05-02T00:07:11.094757,112.47,0.4589,113.24,0.5838,1000.0,0.0,4.199,70.6,32,0,60.0,2026-05-02T00:08:11.094363,3.783
2026-05-02T00:07:12.419578,112.47,0.4683,113.32,0.588,1000.0,0.0,4.199,70.6,32,0,60.0,2026-05-02T00:08:12.398735,3.774
2026-05-02T00:07:14.687481,112.47,0.4683,113.42,0.5937,1000.0,0.0,4.199,70.6,33,0,60.0,2026-05-02T00:08:14.659009,3.727
2026-05-02T00:07:16.321388,112.49,0.4769,113.46,0.5955,1000.0,0.0,4.199,70.6,33,0,60.0,2026-05-02T00:08:16.278189,3.772
2026-05-02T00:07:17.604102,112.49,0.4769,113.51,0.5981,1000.0,0.0,4.199,70.6,33,0,60.0,2026-05-02T00:08:17.603792,3.766
2026-05-02T00:07:19.675665,112.49,0.4769,113.42,0.5934,1000.0,0.0,4.199,70.6,33,0,60.0,2026-05-02T00:08:19.605027,3.853
2026-05-02T00:07:21.484601,112.54,0.4682,113.44,0.5944,1000.0,0.0,4.199,70.6,34,0,60.0,2026-05-02T00:08:21.456806,3.836
2026-05-02T00:07:23.656852,112.54,0.4682,113.38,0.5911,1000.0,0.0,4.199,70.6,34,0,60.0,2026-05-02T00:08:23.656201,3.837
2026-05-02T00:07:25.102787,112.56,0.4682,113.44,0.5944,1000.0,0.0,4.199,70.6,34,0,60.0,2026-05-02T00:08:25.102411,3.816
2026-05-02T00:07:26.064823,112.56,0.4682,113.41,0.5929,1000.0,0.0,4.199,70.6,34,0,60.0,2026-05-02T00:08:26.046160,3.823
2026-05-02T00:07:29.470223,112.56,0.4682,113.53,0.5992,1000.0,0.0,4.199,70.6,34,0,60.0,2026-05-02T00:08:29.454120,3.752
2026-05-02T00:07:36.733814,112.58,0.4656,113.46,0.5957,1000.0,0.0,4.199,70.6,33,0,60.0,2026-05-02T00:08:36.732550,3.734
2026-05-02T00:07:39.759303,112.58,0.4792,113.62,0.6039,1000.0,0.0,4.199,70.6,35,0,60.0,2026-05-02T00:08:39.757999,3.582
2026-05-02T00:07:41.543693,112.58,0.4792,113.51,0.5984,1000.0,0.0,4.199,70.6,35,0,60.0,2026-05-02T00:08:41.517699,3.877
2026-05-02T00:07:43.684563,112.6,0.4817,113.49,0.5973,1000.0,0.0,4.199,70.6,35,0,60.0,2026-05-02T00:08:43.678526,3.781
2026-05-02T00:07:46.269792,112.6,0.4817,113.67,0.6064,1000.0,0.0,4.199,70.6,36,0,60.0,2026-05-02T00:08:46.249149,3.652
2026-05-02T00:07:48.031843,112.6,0.4817,113.51,0.5982,1000.0,0.0,4.199,70.6,36,0,60.0,2026-05-02T00:08:48.031403,3.789
2026-05-02T00:07:49.862041,112.62,0.4783,113.54,0.5997,1000.0,0.0,4.199,70.6,36,0,60.0,2026-05-02T00:08:49.861760,3.859
2026-05-02T00:07:51.498372,112.62,0.4783,113.56,0.6009,1000.0,0.0,4.199,70.6,36,0,60.0,2026-05-02T00:08:51.498077,3.851
2026-05-02T00:07:53.467832,112.62,0.4783,113.59,0.6026,1000.0,0.0,4.199,70.6,36,0,60.0,2026-05-02T00:08:53.431984,3.832
2026-05-02T00:07:56.179428,112.65,0.4908,113.75,0.6107,1000.0,0.0,4.199,70.6,37,0,60.0,2026-05-02T00:08:56.178844,3.771
2026-05-02T00:07:57.773764,112.65,0.4908,113.64,0.6053,1000.0,0.0,4.199,70.6,37,0,60.0,2026-05-02T00:08:57.772649,3.854
2026-05-02T00:07:59.835605,112.68,0.4908,113.71,0.6086,1000.0,0.0,4.199,70.5,38,0,60.0,2026-05-02T00:08:59.835224,3.886
2026-05-02T00:08:02.918242,112.68,0.4975,113.82,0.6147,1000.0,0.0,4.199,70.5,39,0,60.0,2026-05-02T00:09:02.900485,3.864
2026-05-02T00:08:05.866038,112.68,0.4975,113.93,0.6206,1000.0,0.0,4.199,70.5,40,0,60.0,2026-05-02T00:09:05.844475,3.661
2026-05-02T00:08:07.427833,112.71,0.4899,113.78,0.6127,1000.0,0.0,4.199,70.5,40,0,60.0,2026-05-02T00:09:07.363004,3.818
2026-05-02T00:08:09.000190,112.71,0.4899,113.69,0.608,1000.0,0.0,4.199,70.5,41,0,60.0,2026-05-02T00:09:08.999927,3.839
2026-05-02T00:08:10.045453,112.71,0.4899,113.72,0.6093,1000.0,0.0,4.199,70.5,41,0,60.0,2026-05-02T00:09:10.045093,3.839
2026-05-02T00:08:15.408737,112.74,0.4792,113.53,0.5994,1000.0,0.0,4.199,70.5,41,0,60.0,2026-05-02T00:09:15.406270,4.029
2026-05-02T00:08:17.205895,112.74,0.4827,113.75,0.6109,1000.0,0.0,4.199,70.5,42,0,60.0,2026-05-02T00:09:17.178385,3.793
2026-05-02T00:08:18.145285,112.74,0.4827,113.68,0.607,1000.0,0.0,4.199,70.5,42,0,60.0,2026-05-02T00:09:18.145066,3.807
2026-05-02T00:08:19.164980,112.78,0.5002,113.69,0.6077,1000.0,0.0,4.199,70.5,41,0,60.0,2026-05-02T00:09:19.164700,3.84
2026-05-02T00:08:19.647317,112.78,0.5002,113.84,0.6156,1000.0,0.0,4.199,70.5,41,0,60.0,2026-05-02T00:09:19.647193,3.838
2026-05-02T00:08:19.980728,112.78,0.5002,113.95,0.6216,1000.0,0.0,4.199,70.5,41,0,60.0,2026-05-02T00:09:19.980404,3.872
2026-05-02T00:08:20.639931,112.8,0.5002,113.84,0.616,1000.0,0.0,4.199,70.5,42,0,60.0,2026-05-02T00:09:20.639787,3.96
2026-05-02T00:08:20.961010,112.8,0.5002,113.96,0.6222,1000.0,0.0,4.199,70.5,42,0,60.0,2026-05-02T00:09:20.960870,3.911
2026-05-02T00:08:21.275241,112.84,0.5002,113.91,0.6193,1000.0,0.0,4.199,70.5,42,0,60.0,2026-05-02T00:09:21.275097,3.987
2026-05-02T00:08:21.610570,112.84,0.5036,113.99,0.6239,1000.0,0.0,4.199,70.5,42,0,60.0,2026-05-02T00:09:21.610430,3.935
2026-05-02T00:08:21.955298,112.84,0.5036,114.08,0.6289,1000.0,0.0,4.199,70.5,42,0,60.0,2026-05-02T00:09:21.955175,3.901
2026-05-02T00:08:22.585938,112.86,0.4899,114.06,0.6276,1000.0,0.0,4.199,70.5,41,1,60.0,2026-05-02T00:09:22.585785,3.83
2026-05-02T00:08:22.912647,112.86,0.5038,114.0,0.6243,1000.0,0.0,4.199,70.5,41,1,60.0,2026-05-02T00:09:22.912491,4.006
2026-05-02T00:08:23.217597,112.86,0.5038,113.99,0.6238,1000.0,0.0,4.199,70.5,41,1,60.0,2026-05-02T00:09:23.217450,3.985
2026-05-02T00:08:23.547923,112.89,0.4884,114.05,0.6269,1000.0,0.0,4.199,70.5,41,1,60.0,2026-05-02T00:09:23.547795,3.953
2026-05-02T00:08:23.880827,112.89,0.5038,114.0,0.6246,1000.0,0.0,4.199,70.5,41,1,60.0,2026-05-02T00:09:23.880665,3.965
2026-05-02T00:08:24.350387,112.89,0.5038,114.1,0.6296,1000.0,0.0,4.199,70.5,41,1,60.0,2026-05-02T00:09:24.236795,3.942
2026-05-02T00:08:24.853082,112.93,0.4984,114.08,0.6287,1000.0,0.0,4.199,70.5,42,0,60.0,2026-05-02T00:09:24.852941,3.904
2026-05-02T00:08:25.165927,112.93,0.4984,114.11,0.63,1000.0,0.0,4.199,70.5,42,0,60.0,2026-05-02T00:09:25.165779,3.885
2026-05-02T00:08:25.487845,112.93,0.4984,114.12,0.631,1000.0,0.0,4.199,70.5,42,0,60.0,2026-05-02T00:09:25.487734,3.867
2026-05-02T00:08:25.795824,112.95,0.4984,114.14,0.6318,1000.0,0.0,4.199,70.5,42,0,60.0,2026-05-02T00:09:25.795632,3.88
2026-05-02T00:08:26.185199,112.95,0.4984,114.16,0.6332,1000.0,0.0,4.199,70.5,42,0,60.0,2026-05-02T00:09:26.130066,3.854
2026-05-02T00:08:26.812168,112.99,0.4984,114.07,0.628,1000.0,0.0,4.199,70.5,42,0,60.0,2026-05-02T00:09:26.812036,3.969
2026-05-02T00:08:27.134910,112.99,0.5053,114.1,0.6296,1000.0,0.0,4.199,70.4,42,0,60.0,2026-05-02T00:09:27.134780,3.925
2026-05-02T00:08:27.460278,112.99,0.5053,114.08,0.6284,1000.0,0.0,4.199,70.4,42,0,60.0,2026-05-02T00:09:27.460157,3.986
2026-05-02T00:08:27.813042,113.02,0.4984,114.06,0.6275,1000.0,0.0,4.199,70.4,42,0,60.0,2026-05-02T00:09:27.812933,3.98
2026-05-02T00:08:28.248681,113.02,0.5053,114.05,0.627,1000.0,0.0,4.199,70.4,42,0,60.0,2026-05-02T00:09:28.140520,3.982
2026-05-02T00:08:28.755339,113.02,0.5053,114.03,0.6257,1000.0,0.0,4.199,70.4,42,0,60.0,2026-05-02T00:09:28.755192,3.998
2026-05-02T00:08:29.098715,113.05,0.507,114.09,0.6294,1000.0,0.0,4.199,70.4,42,0,60.0,2026-05-02T00:09:29.098546,3.942
2026-05-02T00:08:29.428619,113.05,0.5129,114.21,0.6359,1000.0,0.0,4.199,70.4,42,0,60.0,2026-05-02T00:09:29.428499,3.904
2026-05-02T00:08:29.748333,113.05,0.5129,114.28,0.6394,1000.0,0.0,4.199,70.4,42,0,60.0,2026-05-02T00:09:29.748221,3.878
2026-05-02T00:08:30.062260,113.08,0.5147,114.34,0.6424,1000.0,0.0,4.199,70.4,42,0,60.0,2026-05-02T00:09:30.062115,3.888
2026-05-02T00:08:30.713658,113.08,0.5147,114.37,0.6444,1000.0,0.0,4.199,70.4,42,0,60.0,2026-05-02T00:09:30.713518,3.827
2026-05-02T00:08:31.054003,113.08,0.5147,114.21,0.6358,1000.0,0.0,4.199,70.4,42,0,60.0,2026-05-02T00:09:31.053829,3.998
2026-05-02T00:08:31.390735,113.11,0.5163,114.3,0.6407,1000.0,0.0,4.199,70.4,42,0,60.0,2026-05-02T00:09:31.390590,3.963
2026-05-02T00:08:31.711844,113.11,0.5163,114.36,0.6438,1000.0,0.0,4.199,70.4,42,0,60.0,2026-05-02T00:09:31.711715,3.909
2026-05-02T00:08:32.105058,113.14,0.5163,114.29,0.6402,1000.0,0.0,4.199,70.4,42,0,60.0,2026-05-02T00:09:32.104870,3.95
2026-05-02T00:08:32.752915,113.14,0.5187,114.36,0.6437,1000.0,0.0,4.199,70.4,41,0,60.0,2026-05-02T00:09:32.752712,3.878
2026-05-02T00:08:33.059959,113.14,0.5187,114.41,0.6464,1000.0,0.0,4.199,70.4,41,0,60.0,2026-05-02T00:09:33.059808,3.903
2026-05-02T00:08:33.395847,113.17,0.5129,114.38,0.6448,1000.0,0.0,4.199,70.4,41,0,60.0,2026-05-02T00:09:33.395731,3.893
2026-05-02T00:08:33.724624,113.17,0.5187,114.45,0.6484,1000.0,0.0,4.199,70.4,41,0,60.0,2026-05-02T00:09:33.724465,3.909
2026-05-02T00:08:34.024999,113.17,0.5187,114.38,0.6451,1000.0,0.0,4.199,70.4,41,0,60.0,2026-05-02T00:09:34.024882,4.004
2026-05-02T00:08:34.638385,113.19,0.5163,114.39,0.6452,1000.0,0.0,4.199,70.4,41,0,60.0,2026-05-02T00:09:34.638138,3.936
2026-05-02T00:08:34.972170,113.19,0.5163,114.41,0.6463,1000.0,0.0,4.199,70.4,41,0,60.0,2026-05-02T00:09:34.972017,3.92
2026-05-02T00:08:35.303932,113.19,0.5163,114.44,0.6481,1000.0,0.0,4.199,70.4,41,0,60.0,2026-05-02T00:09:35.303781,3.909
2026-05-02T00:08:35.593577,113.21,0.5163,114.36,0.644,1000.0,0.0,4.199,70.4,41,0,60.0,2026-05-02T00:09:35.593476,3.928
2026-05-02T00:08:35.908746,113.21,0.5163,114.43,0.6473,1000.0,0.0,4.199,70.4,41,0,60.0,2026-05-02T00:09:35.908637,3.906
2026-05-02T00:08:36.360483,113.21,0.5163,114.33,0.6423,1000.0,0.0,4.199,70.4,41,0,60.0,2026-05-02T00:09:36.281070,3.993
2026-05-02T00:08:36.917416,113.24,0.5205,114.37,0.6441,1000.0,0.0,4.199,70.4,41,0,60.0,2026-05-02T00:09:36.917281,3.975
2026-05-02T00:08:37.232175,113.24,0.5205,114.36,0.6435,1000.0,0.0,4.199,70.4,41,0,60.0,2026-05-02T00:09:37.232031,3.947
2026-05-02T00:08:37.550307,113.27,0.5205,114.45,0.6485,1000.0,0.0,4.199,70.4,41,0,60.0,2026-05-02T00:09:37.550190,3.94
2026-05-02T00:08:37.882027,113.27,0.5304,114.52,0.6527,1000.0,0.0,4.199,70.3,41,0,60.0,2026-05-02T00:09:37.881909,3.895
2026-05-02T00:08:38.380997,113.27,0.5304,114.6,0.6566,1000.0,0.0,4.199,70.3,41,0,60.0,2026-05-02T00:09:38.337223,3.895
2026-05-02T00:08:38.817805,113.31,0.5304,114.63,0.6584,1000.0,0.0,4.199,70.3,41,0,60.0,2026-05-02T00:09:38.817677,3.908
2026-05-02T00:08:39.204373,113.31,0.5382,116.59,0.7686,1000.0,0.0,4.199,70.3,41,0,60.0,2026-05-02T00:09:39.204241,1.758
2026-05-02T00:08:39.489758,113.31,0.5382,114.65,0.6596,1000.0,0.0,4.199,70.3,41,0,60.0,2026-05-02T00:09:39.489596,3.993
2026-05-02T00:08:39.810489,113.33,0.5357,114.64,0.6588,1000.0,0.0,4.199,70.3,41,0,60.0,2026-05-02T00:09:39.810376,4.003
2026-05-02T00:08:40.108553,113.33,0.5484,114.73,0.6637,1000.0,0.0,4.199,70.3,41,0,60.0,2026-05-02T00:09:40.108379,3.982
2026-05-02T00:08:40.764278,113.33,0.5484,114.81,0.6683,1000.0,0.0,4.199,70.3,42,0,60.0,2026-05-02T00:09:40.764100,3.894
2026-05-02T00:08:41.074243,113.36,0.5444,114.84,0.6697,1000.0,0.0,4.199,70.3,42,0,60.0,2026-05-02T00:09:41.074093,3.939
2026-05-02T00:08:41.399681,113.36,0.5444,114.89,0.6725,1000.0,0.0,4.199,70.3,42,0,60.0,2026-05-02T00:09:41.399544,3.917
2026-05-02T00:08:41.752621,113.36,0.5444,114.8,0.6678,1000.0,0.0,4.199,70.3,42,0,60.0,2026-05-02T00:09:41.752502,4.001
2026-05-02T00:08:42.070904,113.4,0.5534,114.85,0.6707,1000.0,0.0,4.199,70.3,42,0,60.0,2026-05-02T00:09:42.070753,4.006
2026-05-02T00:08:42.686801,113.4,0.5534,114.85,0.6708,1000.0,0.0,4.199,70.3,42,0,60.0,2026-05-02T00:09:42.686653,3.943
2026-05-02T00:08:42.997279,113.43,0.5534,114.93,0.675,1000.0,0.0,4.199,70.3,42,0,60.0,2026-05-02T00:09:42.997132,3.993
2026-05-02T00:08:43.302897,113.43,0.5551,114.96,0.6765,1000.0,0.0,4.199,70.3,42,0,60.0,2026-05-02T00:09:43.302769,3.951
2026-05-02T00:08:43.604053,113.43,0.5551,115.0,0.679,1000.0,0.0,4.199,70.3,42,0,60.0,2026-05-02T00:09:43.603913,3.981
2026-05-02T00:08:43.919114,113.46,0.5551,115.03,0.6802,1000.0,0.0,4.199,70.3,42,0,60.0,2026-05-02T00:09:43.918995,3.979
2026-05-02T00:08:44.414049,113.46,0.5585,115.05,0.6816,1000.0,0.0,4.199,70.3,42,0,60.0,2026-05-02T00:09:44.393208,3.983
2026-05-02T00:08:44.797971,113.46,0.5585,114.99,0.6783,1000.0,0.0,4.199,70.3,43,0,60.0,2026-05-02T00:09:44.797795,4.005
2026-05-02T00:08:45.106245,113.5,0.534,114.99,0.6784,1000.0,0.0,4.199,70.3,43,0,60.0,2026-05-02T00:09:45.106098,3.964
2026-05-02T00:08:45.397471,113.5,0.5585,115.04,0.6808,1000.0,0.0,4.199,70.3,43,0,60.0,2026-05-02T00:09:45.397367,3.989
2026-05-02T00:08:45.703189,113.5,0.5585,115.06,0.6822,1000.0,0.0,4.199,70.3,43,0,60.0,2026-05-02T00:09:45.703084,3.984
2026-05-02T00:08:46.029175,113.53,0.5637,115.07,0.6828,1000.0,0.0,4.199,70.3,43,0,60.0,2026-05-02T00:09:46.029050,3.981
2026-05-02T00:08:46.591611,113.53,0.5637,115.11,0.6851,1000.0,0.0,4.199,70.3,43,0,60.0,2026-05-02T00:09:46.591397,3.988
2026-05-02T00:08:46.945333,113.53,0.5637,115.07,0.6826,1000.0,0.0,4.199,70.3,43,0,60.0,2026-05-02T00:09:46.945209,4.008
2026-05-02T00:08:47.238192,113.56,0.5644,115.11,0.6849,1000.0,0.0,4.199,70.3,43,0,60.0,2026-05-02T00:09:47.238038,3.998
2026-05-02T00:08:47.550145,113.56,0.5644,115.14,0.6867,1000.0,0.0,4.199,70.3,43,0,60.0,2026-05-02T00:09:47.550034,3.988
2026-05-02T00:08:47.846900,113.58,0.5644,115.17,0.688,1000.0,0.0,4.199,70.3,43,0,60.0,2026-05-02T00:09:47.846785,3.982
2026-05-02T00:08:48.264488,113.58,0.5703,115.2,0.69,1000.0,0.0,4.199,70.2,43,0,60.0,2026-05-02T00:09:48.148569,3.987
2026-05-02T00:08:48.745671,113.58,0.5703,115.16,0.6876,1000.0,0.0,4.199,70.2,45,0,60.0,2026-05-02T00:09:48.745531,4.006
2026-05-02T00:08:49.037829,113.62,0.5592,115.19,0.6895,1000.0,0.0,4.199,70.2,45,0,60.0,2026-05-02T00:09:49.037675,3.988
2026-05-02T00:08:49.345912,113.62,0.5703,115.22,0.6912,1000.0,0.0,4.199,70.2,45,0,60.0,2026-05-02T00:09:49.345799,3.987
2026-05-02T00:08:49.634654,113.62,0.5703,115.25,0.6927,1000.0,0.0,4.199,70.2,45,0,60.0,2026-05-02T00:09:49.634549,3.983
2026-05-02T00:08:49.946139,113.65,0.5644,115.26,0.6933,1000.0,0.0,4.199,70.2,45,0,60.0,2026-05-02T00:09:49.945991,3.969
2026-05-02T00:08:50.510087,113.65,0.565,115.26,0.6934,1000.0,0.0,4.199,70.2,45,0,60.0,2026-05-02T00:09:50.508322,3.968
2026-05-02T00:08:50.827917,113.65,0.565,115.17,0.6881,1000.0,0.0,4.199,70.2,45,0,60.0,2026-05-02T00:09:50.827780,4.004
2026-05-02T00:08:51.130989,113.68,0.565,115.2,0.6898,1000.0,0.0,4.199,70.2,45,0,60.0,2026-05-02T00:09:51.130826,3.991
2026-05-02T00:08:51.432408,113.68,0.565,115.22,0.691,1000.0,0.0,4.199,70.2,45,0,60.0,2026-05-02T00:09:51.432265,3.984
2026-05-02T00:08:51.729888,113.68,0.565,115.24,0.6919,1000.0,0.0,4.199,70.2,45,0,60.0,2026-05-02T00:09:51.729775,3.979
2026-05-02T00:08:52.031579,113.7,0.5678,115.26,0.6931,1000.0,0.0,4.199,70.2,45,0,60.0,2026-05-02T00:09:52.031451,3.981
2026-05-02T00:08:52.659612,113.7,0.5678,115.19,0.6893,1000.0,0.0,4.199,70.2,46,0,60.0,2026-05-02T00:09:52.659444,3.993
2026-05-02T00:08:52.954377,113.73,0.5678,115.23,0.6916,1000.0,0.0,4.199,70.2,46,0,60.0,2026-05-02T00:09:52.954266,3.99
2026-05-02T00:08:53.250523,113.73,0.5753,115.28,0.6945,1000.0,0.0,4.199,70.2,46,0,60.0,2026-05-02T00:09:53.250389,3.998
2026-05-02T00:08:53.545036,113.73,0.5753,115.32,0.6966,1000.0,0.0,4.199,70.2,46,0,60.0,2026-05-02T00:09:53.544932,3.992
2026-05-02T00:08:53.842259,113.76,0.5696,115.35,0.698,1000.0,0.0,4.199,70.2,46,0,60.0,2026-05-02T00:09:53.842146,3.981
2026-05-02T00:08:54.164148,113.76,0.5753,115.37,0.6991,1000.0,0.0,4.199,70.2,46,0,60.0,2026-05-02T00:09:54.143274,3.98
2026-05-02T00:08:54.748640,113.76,0.5753,115.31,0.6959,1000.0,0.0,4.199,70.2,46,0,60.0,2026-05-02T00:09:54.748473,4.006
2026-05-02T00:08:55.041106,113.78,0.5838,115.35,0.6979,1000.0,0.0,4.199,70.2,46,0,60.0,2026-05-02T00:09:55.040940,3.998
2026-05-02T00:08:55.334006,113.78,0.5838,115.4,0.7009,1000.0,0.0,4.199,70.2,46,0,60.0,2026-05-02T00:09:55.333896,3.999
2026-05-02T00:08:55.637438,113.78,0.5838,115.44,0.703,1000.0,0.0,4.199,70.2,46,0,60.0,2026-05-02T00:09:55.637342,3.99
2026-05-02T00:08:55.936253,113.8,0.5829,115.46,0.7044,1000.0,0.0,4.199,70.2,46,0,60.0,2026-05-02T00:09:55.936150,3.983
2026-05-02T00:08:56.360721,113.8,0.5829,115.48,0.7057,1000.0,0.0,4.199,70.2,46,0,60.0,2026-05-02T00:09:56.351732,3.978
2026-05-02T00:08:56.830540,113.8,0.5829,115.41,0.7016,1000.0,0.0,4.199,70.2,46,0,60.0,2026-05-02T00:09:56.830401,4.005
2026-05-02T00:08:57.119190,113.84,0.5829,115.45,0.7037,1000.0,0.0,4.199,70.2,46,0,60.0,2026-05-02T00:09:57.119036,3.993
2026-05-02T00:08:57.415363,113.84,0.5829,115.48,0.7052,1000.0,0.0,4.199,70.2,46,0,60.0,2026-05-02T00:09:57.415245,3.985
2026-05-02T00:08:57.717481,113.87,0.5829,115.5,0.7064,1000.0,0.0,4.199,70.1,46,0,60.0,2026-05-02T00:09:57.717374,3.98
2026-05-02T00:08:58.029454,113.87,0.5839,115.52,0.7074,1000.0,0.0,4.199,70.1,46,0,60.0,2026-05-02T00:09:58.029338,3.979
2026-05-02T00:08:58.698007,113.87,0.5839,115.45,0.7037,1000.0,0.0,4.199,70.1,47,0,60.0,2026-05-02T00:09:58.697850,4.015
2026-05-02T00:08:58.992278,113.9,0.5839,115.48,0.7055,1000.0,0.0,4.199,70.1,47,0,60.0,2026-05-02T00:09:58.992148,3.996
2026-05-02T00:08:59.297248,113.9,0.5812,115.5,0.7065,1000.0,0.0,4.199,70.1,47,0,60.0,2026-05-02T00:09:59.297116,3.983
2026-05-02T00:08:59.605149,113.9,0.5812,115.52,0.7074,1000.0,0.0,4.199,70.1,47,0,60.0,2026-05-02T00:09:59.605045,3.977
2026-05-02T00:08:59.902938,113.93,0.5812,115.53,0.708,1000.0,0.0,4.199,70.1,47,0,60.0,2026-05-02T00:09:59.902834,3.976
2026-05-02T00:09:00.239193,113.93,0.5812,115.54,0.7086,1000.0,0.0,4.199,70.1,47,0,60.0,2026-05-02T00:10:00.237186,3.974
2026-05-02T00:09:00.854971,113.93,0.5812,115.45,0.7037,1000.0,0.0,4.199,70.1,46,0,60.0,2026-05-02T00:10:00.854804,3.995
2026-05-02T00:09:01.162864,113.97,0.5812,115.49,0.7059,1000.0,0.0,4.199,70.1,46,0,60.0,2026-05-02T00:10:01.162709,3.991
2026-05-02T00:09:01.506392,113.97,0.5855,114.88,0.6722,1000.0,0.03,4.199,70.1,46,0,60.0,2026-05-02T00:10:01.506242,4.022
2026-05-02T00:09:01.867731,113.97,0.5855,114.9,0.6735,1000.0,0.03,4.199,70.1,46,0,60.0,2026-05-02T00:10:01.867593,4.018
2026-05-02T00:09:02.446966,113.99,0.5956,114.93,0.6748,1000.0,0.03,4.199,70.1,46,0,60.0,2026-05-02T00:10:02.352292,4.022
2026-05-02T00:09:02.896790,113.99,0.5956,114.72,0.6632,1000.0,0.04,4.199,70.1,47,0,60.0,2026-05-02T00:10:02.896669,4.056
2026-05-02T00:09:03.260451,113.99,0.5956,114.76,0.6658,1000.0,0.04,4.199,70.1,47,0,60.0,2026-05-02T00:10:03.260296,4.044
2026-05-02T00:09:03.606577,114.02,0.5821,114.77,0.6662,1000.0,0.04,4.199,70.1,47,0,60.0,2026-05-02T00:10:03.606459,4.019
2026-05-02T00:09:03.951420,114.02,0.5821,114.75,0.6652,1000.0,0.04,4.199,70.1,47,0,60.0,2026-05-02T00:10:03.951317,4.009
2026-05-02T00:09:04.605614,114.02,0.5821,114.74,0.6647,1000.0,0.04,4.199,70.1,47,0,60.0,2026-05-02T00:10:04.574009,4.01
2026-05-02T00:09:04.944039,114.05,0.5804,114.86,0.6709,1000.0,0.03,4.199,70.1,47,0,60.0,2026-05-02T00:10:04.943889,4.037
2026-05-02T00:09:05.264734,114.05,0.5804,114.88,0.672,1000.0,0.03,4.199,70.1,47,0,60.0,2026-05-02T00:10:05.264594,4.024
2026-05-02T00:09:05.606355,114.08,0.5804,114.89,0.6729,1000.0,0.03,4.199,70.1,47,0,60.0,2026-05-02T00:10:05.606202,4.018
2026-05-02T00:09:05.959378,114.08,0.5804,115.12,0.6853,1000.0,0.02,4.199,70.1,47,0,60.0,2026-05-02T00:10:05.959238,4.008
2026-05-02T00:09:06.625747,114.08,0.5804,115.13,0.6859,1000.0,0.02,4.199,70.1,47,0,60.0,2026-05-02T00:10:06.584216,3.955
2026-05-02T00:09:06.957368,114.11,0.5794,115.13,0.6859,1000.0,0.02,4.199,70.1,48,0,60.0,2026-05-02T00:10:06.957218,3.955
2026-05-02T00:09:07.329708,114.11,0.5736,115.11,0.6849,1000.0,0.02,4.199,70.1,48,0,60.0,2026-05-02T00:10:07.329556,3.921
2026-05-02T00:09:07.705035,114.11,0.5736,115.11,0.6848,1000.0,0.02,4.199,70.1,48,0,60.0,2026-05-02T00:10:07.704923,3.951
2026-05-02T00:09:08.071963,114.13,0.5703,115.06,0.682,1000.0,0.02,4.199,70.1,48,0,60.0,2026-05-02T00:10:08.071826,3.939
2026-05-02T00:09:08.824969,114.13,0.5736,115.17,0.6881,1000.0,0.01,4.199,70.1,48,0,60.0,2026-05-02T00:10:08.824813,3.953
2026-05-02T00:09:09.171713,114.13,0.5736,115.14,0.6866,1000.0,0.01,4.199,70.1,48,0,60.0,2026-05-02T00:10:09.171572,4.027
2026-05-02T00:09:09.506785,114.16,0.5718,115.15,0.6868,1000.0,0.01,4.199,70.1,48,0,60.0,2026-05-02T00:10:09.506671,4.023
2026-05-02T00:09:09.849608,114.16,0.5718,115.14,0.6866,1000.0,0.01,4.199,70.1,48,0,60.0,2026-05-02T00:10:09.849514,4.022
2026-05-02T00:09:10.226070,114.16,0.5718,115.14,0.6866,1000.0,0.01,4.199,70.1,48,0,60.0,2026-05-02T00:10:10.200508,4.022
2026-05-02T00:09:10.969421,114.19,0.5718,115.14,0.6867,1000.0,0.01,4.199,70.0,47,0,60.0,2026-05-02T00:10:10.969254,3.988
2026-05-02T00:09:11.340760,114.19,0.5718,115.18,0.689,1000.0,0.01,4.199,70.0,47,0,60.0,2026-05-02T00:10:11.340628,3.942
2026-05-02T00:09:11.698059,114.21,0.5718,115.22,0.691,1000.0,0.01,4.199,70.0,47,0,60.0,2026-05-02T00:10:11.697929,3.932
2026-05-02T00:09:12.060461,114.21,0.577,115.27,0.6939,1000.0,0.01,4.199,70.0,47,0,60.0,2026-05-02T00:10:12.060320,3.895
2026-05-02T00:09:12.777883,114.21,0.577,115.17,0.688,1000.0,0.01,4.199,70.0,47,0,60.0,2026-05-02T00:10:12.777739,3.998
2026-05-02T00:09:13.147727,114.25,0.5727,115.23,0.6914,1000.0,0.01,4.199,70.0,47,0,60.0,2026-05-02T00:10:13.147592,3.946
2026-05-02T00:09:13.459549,114.25,0.5696,115.36,0.6986,1000.0,0.0,4.199,70.0,47,0,60.0,2026-05-02T00:10:13.459438,4.006
2026-05-02T00:09:13.775398,114.25,0.5696,115.41,0.7014,1000.0,0.0,4.199,70.0,47,0,60.0,2026-05-02T00:10:13.775265,3.962
2026-05-02T00:09:14.112376,114.27,0.5678,115.44,0.7031,1000.0,0.0,4.199,70.0,47,0,60.0,2026-05-02T00:10:14.112268,3.913
2026-05-02T00:09:14.437013,114.27,0.5694,115.46,0.7041,1000.0,0.0,4.199,70.0,47,0,60.0,2026-05-02T00:10:14.436909,3.89
2026-05-02T00:09:14.755502,114.27,0.5694,115.38,0.6996,1000.0,0.0,4.199,70.0,47,0,60.0,2026-05-02T00:10:14.755398,3.924
2026-05-02T00:09:15.143991,114.3,0.5602,117.32,0.8107,1000.0,0.0,4.199,70.0,47,0,60.0,2026-05-02T00:10:15.143862,1.769
2026-05-02T00:09:15.444159,114.3,0.5602,115.37,0.6995,1000.0,0.0,4.199,70.0,47,0,60.0,2026-05-02T00:10:15.444052,3.942
2026-05-02T00:09:15.769728,114.3,0.5602,115.37,0.6995,1000.0,0.0,4.199,70.0,47,0,60.0,2026-05-02T00:10:15.769597,3.901
2026-05-02T00:09:16.099761,114.31,0.5602,115.37,0.6996,1000.0,0.0,4.199,70.0,47,0,60.0,2026-05-02T00:10:16.099598,3.875
2026-05-02T00:09:16.426571,114.31,0.5602,115.37,0.6994,1000.0,0.0,4.199,70.0,47,0,60.0,2026-05-02T00:10:16.426437,3.863
2026-05-02T00:09:16.752646,114.33,0.5602,115.37,0.6993,1000.0,0.0,4.199,70.0,47,0,60.0,2026-05-02T00:10:16.752530,3.859
2026-05-02T00:09:17.071982,114.33,0.5619,115.38,0.6996,1000.0,0.0,4.199,70.0,47,0,60.0,2026-05-02T00:10:17.071870,3.858
2026-05-02T00:09:17.397009,114.33,0.5619,115.39,0.7003,1000.0,0.0,4.199,70.0,47,0,60.0,2026-05-02T00:10:17.396904,3.856
2026-05-02T00:09:17.721059,114.35,0.561,115.39,0.7005,1000.0,0.0,4.199,70.0,47,0,60.0,2026-05-02T00:10:17.720909,3.855
2026-05-02T00:09:18.040415,114.35,0.5661,115.42,0.7019,1000.0,0.0,4.199,70.0,47,0,60.0,2026-05-02T00:10:18.040281,3.854
2026-05-02T00:09:18.358741,114.35,0.5661,115.43,0.7028,1000.0,0.0,4.199,70.0,47,0,60.0,2026-05-02T00:10:18.358640,3.853
2026-05-02T00:09:18.678073,114.36,0.5618,115.43,0.7028,1000.0,0.0,4.199,70.0,47,0,60.0,2026-05-02T00:10:18.677956,3.853
2026-05-02T00:09:18.997366,114.36,0.5618,115.42,0.702,1000.0,0.0,4.199,70.0,47,0,60.0,2026-05-02T00:10:18.997259,3.856
2026-05-02T00:09:19.312858,114.36,0.5618,115.41,0.7016,1000.0,0.0,4.199,70.0,47,0,60.0,2026-05-02T00:10:19.312751,3.856
2026-05-02T00:09:19.631349,114.37,0.5618,115.4,0.7011,1000.0,0.0,4.199,70.0,47,0,60.0,2026-05-02T00:10:19.631250,3.854
2026-05-02T00:09:19.950341,114.37,0.5618,115.41,0.7013,1000.0,0.0,4.199,70.0,47,0,60.0,2026-05-02T00:10:19.950242,3.854
2026-05-02T00:09:20.268448,114.37,0.5618,115.41,0.7014,1000.0,0.0,4.199,70.0,47,0,60.0,2026-05-02T00:10:20.268332,3.854
2026-05-02T00:09:20.592238,114.4,0.5576,115.39,0.7006,1000.0,0.0,4.199,70.0,47,0,60.0,2026-05-02T00:10:20.592083,3.853
2026-05-02T00:09:20.910614,114.4,0.5576,115.38,0.6999,1000.0,0.0,4.199,70.0,47,0,60.0,2026-05-02T00:10:20.910508,3.855
2026-05-02T00:09:21.230740,114.41,0.5576,115.32,0.6966,1000.0,0.0,4.199,70.0,47,0,60.0,2026-05-02T00:10:21.230586,3.87
2026-05-02T00:09:21.556347,114.41,0.5543,115.3,0.6956,1000.0,0.0,4.199,70.0,47,0,60.0,2026-05-02T00:10:21.556204,3.847
2026-05-02T00:09:21.873457,114.41,0.5543,115.18,0.6887,1000.0,0.0,4.199,70.0,47,0,60.0,2026-05-02T00:10:21.873338,3.912
2026-05-02T00:09:22.249301,114.41,0.5524,115.15,0.6872,1000.0,0.0,4.199,70.0,47,0,60.0,2026-05-02T00:10:22.249099,3.973
2026-05-02T00:09:22.575614,114.41,0.5543,115.22,0.6907,1000.0,0.0,4.199,70.0,47,0,60.0,2026-05-02T00:10:22.575481,3.906
2026-05-02T00:09:22.904288,114.41,0.5543,115.23,0.6915,1000.0,0.0,4.199,70.0,47,0,60.0,2026-05-02T00:10:22.904146,3.875
2026-05-02T00:09:23.235209,114.42,0.5272,115.12,0.6852,1000.0,0.0,4.199,70.0,47,0,60.0,2026-05-02T00:10:23.235076,3.94
2026-05-02T00:09:23.550739,114.42,0.5398,115.13,0.6858,1000.0,0.0,4.199,70.0,47,0,60.0,2026-05-02T00:10:23.550632,3.908
2026-05-02T00:09:23.865140,114.42,0.5398,115.11,0.6848,1000.0,0.0,4.199,70.0,47,0,60.0,2026-05-02T00:10:23.865036,3.876
2026-05-02T00:09:24.198022,114.43,0.5398,115.06,0.6822,1000.0,0.0,4.199,70.0,47,0,60.0,2026-05-02T00:10:24.197903,3.868
2026-05-02T00:09:24.539829,114.43,0.5398,115.06,0.6821,1000.0,0.0,4.199,70.0,47,0,60.0,2026-05-02T00:10:24.539721,3.857
2026-05-02T00:09:24.864739,114.43,0.5398,115.06,0.6819,1000.0,0.0,4.199,70.0,47,0,60.0,2026-05-02T00:10:24.864644,3.853
2026-05-02T00:09:25.190035,114.43,0.55,115.09,0.6836,1000.0,0.0,4.199,70.0,47,0,60.0,2026-05-02T00:10:25.189922,3.842
2026-05-02T00:09:25.531814,114.43,0.55,115.13,0.6858,1000.0,0.0,4.199,70.0,47,0,60.0,2026-05-02T00:10:25.531701,3.837
2026-05-02T00:09:25.847254,114.43,0.55,115.15,0.6868,1000.0,0.0,4.199,70.0,47,0,60.0,2026-05-02T00:10:25.847152,3.84
2026-05-02T00:09:26.179870,114.43,0.545,115.12,0.6853,1000.0,0.0,4.199,70.0,47,0,60.0,2026-05-02T00:10:26.179764,3.848
2026-05-02T00:09:26.504977,114.43,0.545,115.11,0.6851,1000.0,0.0,4.199,70.0,47,0,60.0,2026-05-02T00:10:26.504879,3.849
2026-05-02T00:09:26.831397,114.44,0.5357,115.1,0.6844,1000.0,0.0,4.199,70.0,47,0,60.0,2026-05-02T00:10:26.831247,3.851
2026-05-02T00:09:27.157137,114.44,0.5281,115.01,0.6795,1000.0,0.0,4.199,70.0,47,0,60.0,2026-05-02T00:10:27.157019,3.864
2026-05-02T00:09:27.481996,114.44,0.5281,114.97,0.6772,1000.0,0.0,4.199,70.0,47,0,60.0,2026-05-02T00:10:27.481892,3.862
2026-05-02T00:09:27.807072,114.44,0.5272,114.95,0.6757,1000.0,0.0,4.199,70.0,47,0,60.0,2026-05-02T00:10:27.806974,3.856
2026-05-02T00:09:28.134298,114.44,0.5272,114.93,0.6748,1000.0,0.0,4.199,70.0,47,0,60.0,2026-05-02T00:10:28.134133,3.85
2026-05-02T00:09:28.465243,114.44,0.5272,114.92,0.6742,1000.0,0.0,4.199,70.0,47,0,60.0,2026-05-02T00:10:28.465134,3.847
2026-05-02T00:09:28.796155,114.44,0.5121,114.87,0.6715,1000.0,0.0,4.199,70.0,47,0,60.0,2026-05-02T00:10:28.796037,3.853
2026-05-02T00:09:29.133524,114.44,0.5121,114.8,0.6676,1000.0,0.0,4.199,70.0,47,0,60.0,2026-05-02T00:10:29.133411,3.858
2026-05-02T00:09:29.468541,114.44,0.5121,114.76,0.6656,1000.0,0.0,4.199,70.0,47,0,60.0,2026-05-02T00:10:29.468446,3.854
2026-05-02T00:09:29.793667,114.44,0.511,114.73,0.6642,1000.0,0.0,4.199,70.0,47,0,60.0,2026-05-02T00:10:29.793557,3.848
2026-05-02T00:09:30.118916,114.44,0.511,114.72,0.6635,1000.0,0.0,4.199,70.0,47,0,60.0,2026-05-02T00:10:30.118797,3.843
2026-05-02T00:09:30.514137,114.43,0.511,114.7,0.6622,1000.0,0.0,4.199,70.0,47,0,60.0,2026-05-02T00:10:30.513982,3.832
2026-05-02T00:09:31.036507,114.43,0.4984,114.56,0.6548,1000.0,0.0,4.199,70.0,47,0,60.0,2026-05-02T00:10:31.036347,3.831
2026-05-02T00:09:31.375122,114.43,0.4984,114.56,0.6544,1000.0,0.0,4.199,70.0,47,0,60.0,2026-05-02T00:10:31.374988,3.84
2026-05-02T00:09:31.700015,114.43,0.4952,114.55,0.6539,1000.0,0.0,4.199,70.0,47,0,60.0,2026-05-02T00:10:31.699857,3.834
2026-05-02T00:09:32.031044,114.43,0.4984,114.54,0.6536,1000.0,0.0,4.199,70.0,47,0,60.0,2026-05-02T00:10:32.030907,3.83
2026-05-02T00:09:32.355505,114.43,0.4984,114.54,0.6535,1000.0,0.0,4.199,70.0,47,0,60.0,2026-05-02T00:10:32.355398,3.828
2026-05-02T00:09:32.690158,114.43,0.4969,114.54,0.6534,1000.0,0.0,4.199,70.0,47,0,60.0,2026-05-02T00:10:32.690050,3.826
2026-05-02T00:09:33.024436,114.43,0.4969,114.53,0.6528,1000.0,0.0,4.199,70.0,47,0,60.0,2026-05-02T00:10:33.024312,3.828
2026-05-02T00:09:33.350119,114.43,0.4969,114.52,0.6525,1000.0,0.0,4.199,70.0,47,0,60.0,2026-05-02T00:10:33.349976,3.827
2026-05-02T00:09:33.688628,114.43,0.4969,114.51,0.6521,1000.0,0.0,4.199,70.0,47,0,60.0,2026-05-02T00:10:33.688476,3.827
2026-05-02T00:09:34.022802,114.43,0.4969,114.51,0.6521,1000.0,0.0,4.199,70.0,47,0,60.0,2026-05-02T00:10:34.022695,3.826
2026-05-02T00:09:34.363102,114.43,0.4969,114.51,0.6522,1000.0,0.0,4.199,70.0,47,0,60.0,2026-05-02T00:10:34.363001,3.825
2026-05-02T00:09:34.697989,114.41,0.4975,114.5,0.6516,1000.0,0.0,4.199,70.0,47,0,60.0,2026-05-02T00:10:34.697884,3.828
2026-05-02T00:09:35.026956,114.41,0.4975,114.51,0.6519,1000.0,0.0,4.199,70.0,47,0,60.0,2026-05-02T00:10:35.026844,3.825
2026-05-02T00:09:35.357752,114.41,0.4975,114.52,0.6522,1000.0,0.0,4.199,70.0,47,0,60.0,2026-05-02T00:10:35.357656,3.824
2026-05-02T00:09:35.682472,114.41,0.4894,114.47,0.6496,1000.0,0.0,4.199,70.0,47,0,60.0,2026-05-02T00:10:35.682369,3.834
2026-05-02T00:09:36.004596,114.41,0.4894,114.45,0.6485,1000.0,0.0,4.199,70.0,47,0,60.0,2026-05-02T00:10:36.004495,3.833
2026-05-02T00:09:36.329941,114.41,0.4876,114.43,0.6478,1000.0,0.0,4.199,70.0,47,0,60.0,2026-05-02T00:10:36.329825,3.83
2026-05-02T00:09:36.645726,114.41,0.4851,114.4,0.6461,1000.0,0.0,4.199,70.0,47,0,60.0,2026-05-02T00:10:36.645614,3.831
2026-05-02T00:09:36.978102,114.41,0.4851,114.39,0.6454,1000.0,0.0,4.199,70.0,47,0,60.0,2026-05-02T00:10:36.977985,3.828
2026-05-02T00:09:37.312615,114.39,0.4827,114.37,0.6441,1000.0,0.0,4.199,70.0,47,0,60.0,2026-05-02T00:10:37.312485,3.829
2026-05-02T00:09:37.647469,114.39,0.4827,114.35,0.6431,1000.0,0.0,4.199,70.0,47,0,60.0,2026-05-02T00:10:37.647359,3.829
2026-05-02T00:09:37.976150,114.39,0.4827,114.4,0.6457,1000.0,0.0,4.199,70.0,47,0,60.0,2026-05-02T00:10:37.976020,3.878
2026-05-02T00:09:38.621482,114.37,0.48,114.33,0.6422,1000.0,0.0,4.199,70.0,47,0,60.0,2026-05-02T00:10:38.615013,3.81
2026-05-02T00:09:39.012183,114.37,0.48,114.3,0.6407,1000.0,0.0,4.199,70.0,43,1,60.0,2026-05-02T00:10:39.012051,3.781
2026-05-02T00:09:39.333729,114.37,0.48,114.29,0.6399,1000.0,0.0,4.199,70.0,43,1,60.0,2026-05-02T00:10:39.333609,3.798
2026-05-02T00:09:39.650705,114.37,0.4775,114.27,0.6389,1000.0,0.0,4.199,70.0,43,1,60.0,2026-05-02T00:10:39.650602,3.813
2026-05-02T00:09:39.968134,114.37,0.4775,114.27,0.6386,1000.0,0.0,4.199,70.0,43,1,60.0,2026-05-02T00:10:39.968031,3.815
2026-05-02T00:09:40.301882,114.37,0.4775,114.26,0.6385,1000.0,0.0,4.199,70.0,43,1,60.0,2026-05-02T00:10:40.301779,3.816
2026-05-02T00:09:40.634672,114.37,0.4775,114.27,0.6388,1000.0,0.0,4.199,70.0,43,1,60.0,2026-05-02T00:10:40.634556,3.804
2026-05-02T00:09:40.961695,114.37,0.4775,114.26,0.6383,1000.0,0.0,4.199,70.0,43,1,60.0,2026-05-02T00:10:40.961585,3.809
2026-05-02T00:09:41.302221,114.36,0.4769,114.25,0.638,1000.0,0.0,4.199,70.0,43,1,60.0,2026-05-02T00:10:41.302096,3.813
2026-05-02T00:09:41.624527,114.36,0.48,114.28,0.6393,1000.0,0.0,4.199,70.0,43,1,60.0,2026-05-02T00:10:41.624424,3.8
2026-05-02T00:09:41.947944,114.36,0.48,114.28,0.6395,1000.0,0.0,4.199,70.0,43,1,60.0,2026-05-02T00:10:41.947844,3.803
2026-05-02T00:09:42.271971,114.35,0.48,114.28,0.6392,1000.0,0.0,4.199,70.0,43,1,60.0,2026-05-02T00:10:42.271829,3.81
2026-05-02T00:09:42.610153,114.35,0.48,114.28,0.6393,1000.0,0.0,4.199,70.0,43,1,60.0,2026-05-02T00:10:42.610041,3.814
2026-05-02T00:09:42.951217,114.35,0.48,114.29,0.6399,1000.0,0.0,4.199,70.0,43,1,60.0,2026-05-02T00:10:42.951114,3.803
2026-05-02T00:09:43.295704,114.35,0.48,114.34,0.6428,1000.0,0.0,4.199,70.0,43,1,60.0,2026-05-02T00:10:43.295588,3.875
2026-05-02T00:09:43.634560,114.35,0.48,114.36,0.6435,1000.0,0.0,4.199,70.0,43,1,60.0,2026-05-02T00:10:43.634439,3.831
2026-05-02T00:09:43.965395,114.35,0.48,114.32,0.6416,1000.0,0.0,4.199,70.0,43,1,60.0,2026-05-02T00:10:43.965221,3.824
2026-05-02T00:09:44.288834,114.35,0.48,114.3,0.6405,1000.0,0.0,4.199,70.0,43,1,60.0,2026-05-02T00:10:44.288704,3.826
2026-05-02T00:09:44.614224,114.35,0.48,114.29,0.6402,1000.0,0.0,4.199,70.0,43,1,60.0,2026-05-02T00:10:44.614111,3.824
2026-05-02T00:09:44.929658,114.35,0.48,114.29,0.64,1000.0,0.0,4.199,70.0,43,1,60.0,2026-05-02T00:10:44.929562,3.822
2026-05-02T00:09:45.256964,114.35,0.48,114.29,0.64,1000.0,0.0,4.199,70.0,43,1,60.0,2026-05-02T00:10:45.256852,3.819
2026-05-02T00:09:45.585234,114.35,0.48,114.29,0.6398,1000.0,0.0,4.199,70.0,43,1,60.0,2026-05-02T00:10:45.585130,3.819
2026-05-02T00:09:45.920376,114.35,0.48,114.28,0.6396,1000.0,0.0,4.199,70.0,43,1,60.0,2026-05-02T00:10:45.920280,3.82
2026-05-02T00:09:46.263446,114.35,0.48,114.33,0.642,1000.0,0.0,4.199,70.0,43,1,60.0,2026-05-02T00:10:46.263335,3.923
2026-05-02T00:09:46.602973,114.35,0.48,114.36,0.6437,1000.0,0.0,4.199,70.0,43,1,60.0,2026-05-02T00:10:46.602872,3.863
2026-05-02T00:09:46.948229,114.35,0.48,114.34,0.6429,1000.0,0.0,4.199,70.0,43,1,60.0,2026-05-02T00:10:46.948132,3.827
2026-05-02T00:09:47.295092,114.35,0.48,114.32,0.6418,1000.0,0.0,4.199,70.0,43,1,60.0,2026-05-02T00:10:47.294936,3.811
2026-05-02T00:09:47.629950,114.35,0.48,114.31,0.6411,1000.0,0.0,4.199,70.0,43,1,60.0,2026-05-02T00:10:47.629828,3.801
2026-05-02T00:09:47.954350,114.35,0.48,114.29,0.64,1000.0,0.0,4.199,70.0,43,1,60.0,2026-05-02T00:10:47.954234,3.81
2026-05-02T00:09:48.291341,114.35,0.48,114.28,0.6397,1000.0,0.0,4.199,70.0,43,1,60.0,2026-05-02T00:10:48.291231,3.815
2026-05-02T00:09:48.612062,114.35,0.48,114.29,0.64,1000.0,0.0,4.199,70.0,43,1,60.0,2026-05-02T00:10:48.611955,3.805
2026-05-02T00:09:48.945397,114.35,0.48,114.29,0.6399,1000.0,0.0,4.199,70.0,43,1,60.0,2026-05-02T00:10:48.945297,3.808
2026-05-02T00:09:49.271973,114.35,0.48,114.34,0.6429,1000.0,0.0,4.199,70.0,43,1,60.0,2026-05-02T00:10:49.271795,3.843
2026-05-02T00:09:49.588625,114.35,0.48,114.34,0.6426,1000.0,0.0,4.199,70.0,43,1,60.0,2026-05-02T00:10:49.588518,3.821
2026-05-02T00:09:49.903458,114.35,0.48,114.31,0.6412,1000.0,0.0,4.199,70.0,43,1,60.0,2026-05-02T00:10:49.903351,3.82
2026-05-02T00:09:50.234512,114.35,0.48,114.3,0.6406,1000.0,0.0,4.199,70.0,43,1,60.0,2026-05-02T00:10:50.234379,3.82
2026-05-02T00:09:50.551244,114.35,0.48,114.29,0.64,1000.0,0.0,4.199,70.0,43,1,60.0,2026-05-02T00:10:50.551127,3.822
2026-05-02T00:09:50.878094,114.35,0.48,114.29,0.64,1000.0,0.0,4.199,70.0,43,1,60.0,2026-05-02T00:10:50.877987,3.819
2026-05-02T00:09:51.216847,114.35,0.48,114.29,0.6397,1000.0,0.0,4.199,70.0,43,1,60.0,2026-05-02T00:10:51.216737,3.82
2026-05-02T00:09:51.565838,114.35,0.48,114.29,0.6402,1000.0,0.0,4.199,70.0,43,1,60.0,2026-05-02T00:10:51.565734,3.807
2026-05-02T00:09:51.905070,114.35,0.48,114.3,0.6402,1000.0,0.0,4.199,70.0,43,1,60.0,2026-05-02T00:10:51.904976,3.797
2026-05-02T00:09:52.226930,114.35,0.48,114.3,0.6408,1000.0,0.0,4.199,70.0,43,1,60.0,2026-05-02T00:10:52.226820,3.786
2026-05-02T00:09:52.548155,114.35,0.48,114.29,0.6399,1000.0,0.0,4.199,70.0,43,1,60.0,2026-05-02T00:10:52.548009,3.795
2026-05-02T00:09:52.879187,114.35,0.48,114.28,0.6395,1000.0,0.0,4.199,70.0,43,1,60.0,2026-05-02T00:10:52.879082,3.807
2026-05-02T00:09:53.206582,114.35,0.48,114.28,0.6392,1000.0,0.0,4.199,70.0,43,1,60.0,2026-05-02T00:10:53.206474,3.814
2026-05-02T00:09:53.545175,114.35,0.48,114.28,0.6393,1000.0,0.0,4.199,70.0,43,1,60.0,2026-05-02T00:10:53.545080,3.816
2026-05-02T00:09:53.882122,114.35,0.48,114.29,0.64,1000.0,0.0,4.199,70.0,43,1,60.0,2026-05-02T00:10:53.882011,3.805
2026-05-02T00:09:54.198704,114.35,0.48,114.28,0.6395,1000.0,0.0,4.199,70.0,43,1,60.0,2026-05-02T00:10:54.198586,3.81
2026-05-02T00:09:54.527523,114.35,0.48,114.28,0.6395,1000.0,0.0,4.199,70.0,43,1,60.0,2026-05-02T00:10:54.527343,3.813
2026-05-02T00:09:54.861767,114.35,0.48,114.28,0.6394,1000.0,0.0,4.199,70.0,43,1,60.0,2026-05-02T00:10:54.861657,3.816
2026-05-02T00:09:55.195937,114.35,0.48,114.34,0.6425,1000.0,0.0,4.199,70.0,43,1,60.0,2026-05-02T00:10:55.195805,3.819
2026-05-02T00:09:55.534462,114.35,0.48,114.32,0.6416,1000.0,0.0,4.199,70.0,43,1,60.0,2026-05-02T00:10:55.534352,3.808
2026-05-02T00:09:55.876782,114.35,0.48,114.31,0.6409,1000.0,0.0,4.199,70.0,43,1,60.0,2026-05-02T00:10:55.876672,3.801
2026-05-02T00:09:56.198473,114.35,0.48,114.3,0.6405,1000.0,0.0,4.199,70.0,43,1,60.0,2026-05-02T00:10:56.198371,3.795
2026-05-02T00:09:56.514592,114.35,0.48,114.29,0.6399,1000.0,0.0,4.199,70.0,43,1,60.0,2026-05-02T00:10:56.514492,3.804
2026-05-02T00:09:56.852142,114.35,0.48,114.28,0.6397,1000.0,0.0,4.199,70.0,43,1,60.0,2026-05-02T00:10:56.852044,3.811
2026-05-02T00:09:57.194690,114.35,0.48,114.29,0.64,1000.0,0.0,4.199,70.0,43,1,60.0,2026-05-02T00:10:57.194579,3.802
2026-05-02T00:09:57.519750,114.35,0.48,114.29,0.6401,1000.0,0.0,4.199,70.0,43,1,60.0,2026-05-02T00:10:57.519616,3.793
2026-05-02T00:09:57.858103,114.35,0.48,114.28,0.6396,1000.0,0.0,4.199,70.0,43,1,60.0,2026-05-02T00:10:57.857990,3.802
2026-05-02T00:09:58.199321,114.35,0.48,114.29,0.6398,1000.0,0.0,4.199,70.0,43,1,60.0,2026-05-02T00:10:58.199187,3.798
2026-05-02T00:09:58.533354,114.35,0.48,114.31,0.6411,1000.0,0.0,4.199,70.0,43,1,60.0,2026-05-02T00:10:58.533215,3.783
2026-05-02T00:09:58.853186,114.35,0.48,114.29,0.6399,1000.0,0.0,4.199,70.0,43,1,60.0,2026-05-02T00:10:58.853082,3.794
2026-05-02T00:09:59.183073,114.35,0.48,114.28,0.6395,1000.0,0.0,4.199,70.0,43,1,60.0,2026-05-02T00:10:59.182965,3.806
2026-05-02T00:09:59.512940,114.35,0.48,114.28,0.6392,1000.0,0.0,4.199,70.0,43,1,60.0,2026-05-02T00:10:59.512835,3.814
2026-05-02T00:09:59.848432,114.35,0.48,114.27,0.6391,1000.0,0.0,4.199,70.0,43,1,60.0,2026-05-02T00:10:59.848296,3.815
2026-05-02T00:10:00.173265,114.35,0.48,114.31,0.6409,1000.0,0.0,4.199,70.0,43,1,60.0,2026-05-02T00:11:00.173156,3.796
2026-05-02T00:10:00.578100,114.35,0.48,114.27,0.6387,1000.0,0.0,4.199,70.0,43,1,60.0,2026-05-02T00:11:00.577853,3.801
2026-05-02T00:10:00.910920,114.35,0.48,114.31,0.6413,1000.0,0.0,4.199,70.0,43,1,60.0,2026-05-02T00:11:00.910794,3.928
2026-05-02T00:10:01.240111,114.35,0.48,114.35,0.643,1000.0,0.0,4.199,70.0,43,1,60.0,2026-05-02T00:11:01.239957,3.872
2026-05-02T00:10:01.601524,114.35,0.48,114.33,0.642,1000.0,0.0,4.199,70.0,43,1,60.0,2026-05-02T00:11:01.601382,3.846
2026-05-02T00:10:01.941513,114.35,0.48,114.32,0.6414,1000.0,0.0,4.199,70.0,43,1,60.0,2026-05-02T00:11:01.941369,3.824
2026-05-02T00:10:02.265749,114.35,0.48,114.3,0.6405,1000.0,0.0,4.199,70.0,43,1,60.0,2026-05-02T00:11:02.265611,3.821
2026-05-02T00:10:02.627553,114.35,0.48,114.27,0.6391,1000.0,0.0,4.199,70.0,43,1,60.0,2026-05-02T00:11:02.627384,3.817
2026-05-02T00:10:02.992359,114.35,0.48,114.33,0.642,1000.0,0.0,4.199,70.0,43,1,60.0,2026-05-02T00:11:02.992241,3.917
2026-05-02T00:10:03.330166,114.35,0.48,114.35,0.6434,1000.0,0.0,4.199,70.0,43,1,60.0,2026-05-02T00:11:03.330054,3.857
2026-05-02T00:10:03.650112,114.35,0.48,114.38,0.6451,1000.0,0.0,4.199,70.0,43,1,60.0,2026-05-02T00:11:03.650017,3.833
2026-05-02T00:10:03.988393,114.35,0.48,114.35,0.6433,1000.0,0.0,4.199,70.0,43,1,60.0,2026-05-02T00:11:03.988282,3.817
2026-05-02T00:10:04.341143,114.35,0.48,114.37,0.644,1000.0,0.0,4.199,70.0,43,1,60.0,2026-05-02T00:11:04.341038,3.914
2026-05-02T00:10:04.681498,114.35,0.48,114.37,0.6444,1000.0,0.0,4.199,70.0,43,1,60.0,2026-05-02T00:11:04.681385,3.858
2026-05-02T00:10:05.014841,114.35,0.48,114.38,0.6451,1000.0,0.0,4.199,70.0,43,1,60.0,2026-05-02T00:11:05.014706,3.926
2026-05-02T00:10:05.350651,114.35,0.48,114.42,0.6468,1000.0,0.0,4.199,70.0,43,1,60.0,2026-05-02T00:11:05.350506,3.893
2026-05-02T00:10:05.675082,114.35,0.48,114.43,0.6475,1000.0,0.0,4.199,70.0,43,1,60.0,2026-05-02T00:11:05.674972,3.855
2026-05-02T00:10:06.007308,114.35,0.48,114.38,0.6448,1000.0,0.0,4.199,70.0,43,1,60.0,2026-05-02T00:11:06.007193,3.83
2026-05-02T00:10:06.343889,114.35,0.48,114.33,0.6421,1000.0,0.0,4.199,70.0,43,1,60.0,2026-05-02T00:11:06.343773,3.832
2026-05-02T00:10:06.681452,114.35,0.48,114.33,0.6422,1000.0,0.0,4.199,70.0,43,1,60.0,2026-05-02T00:11:06.681349,3.813
2026-05-02T00:10:07.013630,114.35,0.48,114.32,0.6414,1000.0,0.0,4.199,70.0,43,1,60.0,2026-05-02T00:11:07.013528,3.799
2026-05-02T00:10:07.377926,114.35,0.48,114.29,0.6402,1000.0,0.0,4.199,70.0,43,1,60.0,2026-05-02T00:11:07.377825,3.808
2026-05-02T00:10:07.717249,114.35,0.48,114.29,0.64,1000.0,0.0,4.199,70.0,43,1,60.0,2026-05-02T00:11:07.717128,3.804
2026-05-02T00:10:08.047219,114.35,0.48,114.32,0.6415,1000.0,0.0,4.199,70.0,43,1,60.0,2026-05-02T00:11:08.047062,3.787
2026-05-02T00:10:08.367296,114.35,0.48,114.3,0.6403,1000.0,0.0,4.199,70.0,43,1,60.0,2026-05-02T00:11:08.367183,3.794
2026-05-02T00:10:08.719410,114.35,0.48,114.28,0.6396,1000.0,0.0,4.199,70.0,43,1,60.0,2026-05-02T00:11:08.719277,3.807
2026-05-02T00:10:09.044161,114.35,0.48,114.29,0.6398,1000.0,0.0,4.199,70.0,43,1,60.0,2026-05-02T00:11:09.044061,3.802
2026-05-02T00:10:09.360020,114.35,0.48,114.28,0.6396,1000.0,0.0,4.199,70.0,43,1,60.0,2026-05-02T00:11:09.359896,3.807
2026-05-02T00:10:09.677062,114.35,0.48,114.28,0.6396,1000.0,0.0,4.199,70.0,43,1,60.0,2026-05-02T00:11:09.676956,3.812
2026-05-02T00:10:10.001290,114.35,0.48,114.28,0.6396,1000.0,0.0,4.199,70.0,43,1,60.0,2026-05-02T00:11:10.001183,3.814
2026-05-02T00:10:10.322488,114.35,0.48,114.28,0.6395,1000.0,0.0,4.199,70.0,43,1,60.0,2026-05-02T00:11:10.322347,3.815
2026-05-02T00:10:10.658461,114.35,0.48,114.28,0.6396,1000.0,0.0,4.199,70.0,43,1,60.0,2026-05-02T00:11:10.658353,3.816
2026-05-02T00:10:11.022301,114.35,0.48,114.33,0.6421,1000.0,0.0,4.199,70.0,43,1,60.0,2026-05-02T00:11:11.022192,3.914
2026-05-02T00:10:11.351445,114.35,0.48,114.35,0.6434,1000.0,0.0,4.199,70.0,43,1,60.0,2026-05-02T00:11:11.351335,3.854
2026-05-02T00:10:11.671695,114.35,0.48,114.33,0.6422,1000.0,0.0,4.199,70.0,43,1,60.0,2026-05-02T00:11:11.671600,3.835
2026-05-02T00:10:12.004060,114.35,0.48,114.31,0.6412,1000.0,0.0,4.199,70.0,43,1,60.0,2026-05-02T00:11:12.003951,3.83
2026-05-02T00:10:12.351504,114.35,0.48,114.35,0.6434,1000.0,0.0,4.199,70.0,43,1,60.0,2026-05-02T00:11:12.351384,3.89
2026-05-02T00:10:12.677916,114.35,0.48,114.36,0.6438,1000.0,0.0,4.199,70.0,43,1,60.0,2026-05-02T00:11:12.677800,3.841
2026-05-02T00:10:13.009214,114.35,0.48,114.33,0.6422,1000.0,0.0,4.199,70.0,43,1,60.0,2026-05-02T00:11:13.009097,3.828
2026-05-02T00:10:13.330588,114.35,0.48,114.31,0.6409,1000.0,0.0,4.199,70.0,43,1,60.0,2026-05-02T00:11:13.330445,3.829
2026-05-02T00:10:13.660297,114.35,0.48,114.3,0.6405,1000.0,0.0,4.199,70.0,43,1,60.0,2026-05-02T00:11:13.660200,3.825
2026-05-02T00:10:13.990094,114.35,0.48,114.29,0.6401,1000.0,0.0,4.199,70.0,43,1,60.0,2026-05-02T00:11:13.989956,3.824
2026-05-02T00:10:14.332333,114.35,0.48,114.3,0.6408,1000.0,0.0,4.199,70.0,43,1,60.0,2026-05-02T00:11:14.332219,3.807
2026-05-02T00:10:14.667673,114.35,0.48,114.3,0.6406,1000.0,0.0,4.199,70.0,43,1,60.0,2026-05-02T00:11:14.667575,3.795
2026-05-02T00:10:14.994064,114.35,0.48,114.28,0.6396,1000.0,0.0,4.199,70.0,43,1,60.0,2026-05-02T00:11:14.993958,3.806
2026-05-02T00:10:15.312718,114.35,0.48,114.28,0.6393,1000.0,0.0,4.199,70.0,43,1,60.0,2026-05-02T00:11:15.312599,3.813
2026-05-02T00:10:15.655364,114.35,0.48,114.28,0.6394,1000.0,0.0,4.199,70.0,43,1,60.0,2026-05-02T00:11:15.655222,3.814
2026-05-02T00:10:15.994502,114.35,0.48,114.29,0.64,1000.0,0.0,4.199,70.0,43,1,60.0,2026-05-02T00:11:15.994397,3.804
2026-05-02T00:10:16.334265,114.35,0.48,114.32,0.6416,1000.0,0.0,4.199,70.0,43,1,60.0,2026-05-02T00:11:16.334133,3.787
2026-05-02T00:10:16.671659,114.35,0.48,114.3,0.6405,1000.0,0.0,4.199,70.0,43,1,60.0,2026-05-02T00:11:16.671534,3.786
2026-05-02T00:10:17.001962,114.35,0.48,114.28,0.6394,1000.0,0.0,4.199,70.0,43,1,60.0,2026-05-02T00:11:17.001860,3.803
2026-05-02T00:10:17.319439,114.35,0.48,114.27,0.6391,1000.0,0.0,4.199,70.0,43,1,60.0,2026-05-02T00:11:17.319327,3.813
2026-05-02T00:10:17.635030,114.35,0.48,114.28,0.6394,1000.0,0.0,4.199,70.0,43,1,60.0,2026-05-02T00:11:17.634923,3.814
2026-05-02T00:10:17.965114,114.35,0.48,114.28,0.6396,1000.0,0.0,4.199,70.0,43,1,60.0,2026-05-02T00:11:17.965015,3.815
2026-05-02T00:10:18.310452,114.35,0.48,114.28,0.6392,1000.0,0.0,4.199,70.0,43,1,60.0,2026-05-02T00:11:18.310308,3.816
2026-05-02T00:10:18.647093,114.35,0.48,114.29,0.64,1000.0,0.0,4.199,70.0,43,1,60.0,2026-05-02T00:11:18.646979,3.805
2026-05-02T00:10:18.977762,114.35,0.48,114.28,0.6395,1000.0,0.0,4.199,70.0,43,1,60.0,2026-05-02T00:11:18.977656,3.81
2026-05-02T00:10:19.314477,114.35,0.48,114.28,0.6392,1000.0,0.0,4.199,70.0,43,1,60.0,2026-05-02T00:11:19.314370,3.815
2026-05-02T00:10:19.637365,114.35,0.48,114.29,0.6399,1000.0,0.0,4.199,70.0,43,1,60.0,2026-05-02T00:11:19.637259,3.804
2026-05-02T00:10:19.963797,114.35,0.48,114.29,0.6398,1000.0,0.0,4.199,70.0,43,1,60.0,2026-05-02T00:11:19.963698,3.807
2026-05-02T00:10:20.304152,114.35,0.48,114.28,0.6394,1000.0,0.0,4.199,70.0,43,1,60.0,2026-05-02T00:11:20.304041,3.814
2026-05-02T00:10:20.627664,114.35,0.48,114.29,0.6399,1000.0,0.0,4.199,70.0,43,1,60.0,2026-05-02T00:11:20.627535,3.804
2026-05-02T00:10:20.982132,114.35,0.48,114.28,0.6396,1000.0,0.0,4.199,70.0,43,1,60.0,2026-05-02T00:11:20.981982,3.807
2026-05-02T00:10:21.306996,114.35,0.48,114.29,0.6399,1000.0,0.0,4.199,70.0,43,1,60.0,2026-05-02T00:11:21.306862,3.801
2026-05-02T00:10:21.642577,114.35,0.48,114.28,0.6396,1000.0,0.0,4.199,70.0,43,1,60.0,2026-05-02T00:11:21.642477,3.806
2026-05-02T00:10:21.969010,114.35,0.48,114.29,0.64,1000.0,0.0,4.199,70.0,43,1,60.0,2026-05-02T00:11:21.968902,3.8
2026-05-02T00:10:22.305663,114.35,0.48,114.28,0.6396,1000.0,0.0,4.199,70.0,43,1,60.0,2026-05-02T00:11:22.305557,3.806
2026-05-02T00:10:22.631567,114.35,0.48,114.29,0.6399,1000.0,0.0,4.199,70.0,43,1,60.0,2026-05-02T00:11:22.631463,3.799
2026-05-02T00:10:22.949769,114.35,0.48,114.28,0.6395,1000.0,0.0,4.199,70.0,43,1,60.0,2026-05-02T00:11:22.949665,3.805
2026-05-02T00:10:23.267950,114.35,0.48,114.28,0.6395,1000.0,0.0,4.199,70.0,43,1,60.0,2026-05-02T00:11:23.267813,3.811
2026-05-02T00:10:23.586087,114.35,0.48,114.28,0.6395,1000.0,0.0,4.199,70.0,43,1,60.0,2026-05-02T00:11:23.585978,3.814
2026-05-02T00:10:23.917572,114.35,0.48,114.28,0.6396,1000.0,0.0,4.199,70.0,43,1,60.0,2026-05-02T00:11:23.917472,3.815
2026-05-02T00:10:24.256897,114.35,0.48,114.31,0.641,1000.0,0.0,4.199,70.0,43,1,60.0,2026-05-02T00:11:24.256782,3.796
2026-05-02T00:10:24.582185,114.35,0.48,114.31,0.6411,1000.0,0.0,4.199,70.0,43,1,60.0,2026-05-02T00:11:24.582086,3.783
2026-05-02T00:10:24.902011,114.35,0.48,114.29,0.64,1000.0,0.0,4.199,70.0,43,1,60.0,2026-05-02T00:11:24.901915,3.795
2026-05-02T00:10:25.237917,114.35,0.48,114.28,0.6394,1000.0,0.0,4.199,70.0,43,1,60.0,2026-05-02T00:11:25.237806,3.808
2026-05-02T00:10:25.564275,114.35,0.48,114.29,0.6399,1000.0,0.0,4.199,70.0,43,1,60.0,2026-05-02T00:11:25.564171,3.8
2026-05-02T00:10:25.902746,114.35,0.48,114.28,0.6396,1000.0,0.0,4.199,70.0,43,1,60.0,2026-05-02T00:11:25.902611,3.806
2026-05-02T00:10:26.229199,114.35,0.48,114.29,0.6399,1000.0,0.0,4.199,70.0,43,1,60.0,2026-05-02T00:11:26.229064,3.799
2026-05-02T00:10:26.547942,114.35,0.48,114.28,0.6395,1000.0,0.0,4.199,70.0,43,1,60.0,2026-05-02T00:11:26.547832,3.805
2026-05-02T00:10:26.864398,114.35,0.48,114.28,0.6395,1000.0,0.0,4.199,70.0,43,1,60.0,2026-05-02T00:11:26.864296,3.811
2026-05-02T00:10:27.181212,114.35,0.48,114.28,0.6395,1000.0,0.0,4.199,70.0,43,1,60.0,2026-05-02T00:11:27.181100,3.814
2026-05-02T00:10:27.513160,114.35,0.48,114.28,0.6396,1000.0,0.0,4.199,70.0,43,1,60.0,2026-05-02T00:11:27.513052,3.815
2026-05-02T00:10:27.830902,114.35,0.48,114.28,0.6394,1000.0,0.0,4.199,70.0,43,1,60.0,2026-05-02T00:11:27.830791,3.817
2026-05-02T00:10:28.168238,114.35,0.48,114.28,0.6396,1000.0,0.0,4.199,70.0,43,1,60.0,2026-05-02T00:11:28.168135,3.816
2026-05-02T00:10:28.489841,114.35,0.48,114.29,0.64,1000.0,0.0,4.199,70.0,43,1,60.0,2026-05-02T00:11:28.489727,3.805
2026-05-02T00:10:28.820220,114.35,0.48,114.29,0.6398,1000.0,0.0,4.199,70.0,43,1,60.0,2026-05-02T00:11:28.820078,3.807
2026-05-02T00:10:29.160284,114.35,0.48,114.28,0.6394,1000.0,0.0,4.199,70.0,43,1,60.0,2026-05-02T00:11:29.160176,3.814
2026-05-02T00:10:29.503461,114.35,0.48,114.29,0.6399,1000.0,0.0,4.199,70.0,43,1,60.0,2026-05-02T00:11:29.503352,3.803
2026-05-02T00:10:29.847051,114.35,0.48,114.34,0.6427,1000.0,0.0,4.199,70.0,43,1,60.0,2026-05-02T00:11:29.846941,3.885
2026-05-02T00:10:30.187579,114.35,0.48,114.36,0.6436,1000.0,0.0,4.199,70.0,43,1,60.0,2026-05-02T00:11:30.187478,3.838
2026-05-02T00:10:30.526923,114.35,0.48,114.39,0.6453,1000.0,0.0,4.199,70.0,43,1,60.0,2026-05-02T00:11:30.526814,3.875
2026-05-02T00:10:30.864027,114.35,0.48,114.38,0.6446,1000.0,0.0,4.199,70.0,43,1,60.0,2026-05-02T00:11:30.863922,3.833
2026-05-02T00:10:31.201330,114.35,0.48,114.33,0.6423,1000.0,0.0,4.199,70.0,43,1,60.0,2026-05-02T00:11:31.201175,3.827
2026-05-02T00:10:31.532577,114.35,0.48,114.36,0.6439,1000.0,0.0,4.199,70.0,43,1,60.0,2026-05-02T00:11:31.532426,3.89
2026-05-02T00:10:31.865763,114.35,0.48,114.36,0.6437,1000.0,0.0,4.199,70.0,43,1,60.0,2026-05-02T00:11:31.865634,3.851
2026-05-02T00:10:32.202056,114.35,0.48,114.37,0.6446,1000.0,0.0,4.199,70.0,43,1,60.0,2026-05-02T00:11:32.201920,3.822
2026-05-02T00:10:32.535457,114.35,0.48,114.33,0.6423,1000.0,0.0,4.199,70.0,43,1,60.0,2026-05-02T00:11:32.535343,3.814
2026-05-02T00:10:32.857476,114.35,0.48,114.3,0.6407,1000.0,0.0,4.199,70.0,43,1,60.0,2026-05-02T00:11:32.857341,3.821
2026-05-02T00:10:33.177166,114.35,0.48,114.29,0.6402,1000.0,0.0,4.199,70.0,43,1,60.0,2026-05-02T00:11:33.177064,3.821
2026-05-02T00:10:33.492618,114.35,0.48,114.29,0.6401,1000.0,0.0,4.199,70.0,43,1,60.0,2026-05-02T00:11:33.492516,3.82
2026-05-02T00:10:33.815978,114.35,0.48,114.29,0.6399,1000.0,0.0,4.199,70.0,43,1,60.0,2026-05-02T00:11:33.815819,3.818
2026-05-02T00:10:34.146129,114.35,0.48,114.29,0.6398,1000.0,0.0,4.199,70.0,43,1,60.0,2026-05-02T00:11:34.146019,3.818
2026-05-02T00:10:34.467081,114.35,0.48,114.28,0.6396,1000.0,0.0,4.199,70.0,43,1,60.0,2026-05-02T00:11:34.466974,3.819
2026-05-02T00:10:34.809611,114.35,0.48,114.28,0.6396,1000.0,0.0,4.199,70.0,43,1,60.0,2026-05-02T00:11:34.809508,3.817
2026-05-02T00:10:35.155996,114.35,0.48,114.29,0.64,1000.0,0.0,4.199,70.0,43,1,60.0,2026-05-02T00:11:35.155884,3.805
2026-05-02T00:10:35.514332,114.35,0.48,114.33,0.6422,1000.0,0.0,4.199,70.0,43,1,60.0,2026-05-02T00:11:35.514212,3.917
2026-05-02T00:10:35.854954,114.35,0.48,114.36,0.6436,1000.0,0.0,4.199,70.0,43,1,60.0,2026-05-02T00:11:35.854838,3.858
2026-05-02T00:10:36.222294,114.35,0.48,114.38,0.6447,1000.0,0.0,4.199,70.0,43,1,60.0,2026-05-02T00:11:36.222179,3.927
2026-05-02T00:10:36.545573,114.35,0.48,114.38,0.6447,1000.0,0.0,4.199,70.0,43,1,60.0,2026-05-02T00:11:36.545392,3.864
2026-05-02T00:10:36.880019,114.35,0.48,114.35,0.6431,1000.0,0.0,4.199,70.0,43,1,60.0,2026-05-02T00:11:36.879866,3.842
2026-05-02T00:10:37.212217,114.35,0.48,114.33,0.6419,1000.0,0.0,4.199,70.0,43,1,60.0,2026-05-02T00:11:37.212109,3.825
2026-05-02T00:10:37.539631,114.35,0.4125,114.11,0.6304,1000.0,0.0,4.199,70.0,43,1,60.0,2026-05-02T00:11:37.539513,3.866
2026-05-02T00:10:37.836259,114.35,0.4125,110.8,0.4599,0.0,0.0,4.199,70.0,43,1,60.0,2026-05-02T00:11:37.836149,3.808
2026-05-02T00:10:38.153093,114.35,0.4125,110.64,0.4517,0.0,0.0,4.199,70.0,43,1,60.0,2026-05-02T00:11:38.152956,3.776
2026-05-02T00:10:38.464752,114.34,0.4091,110.52,0.4458,0.0,0.0,4.199,70.0,43,1,60.0,2026-05-02T00:11:38.464598,3.748
2026-05-02T00:10:38.767438,114.34,0.4091,110.44,0.442,0.0,0.0,4.199,70.0,43,1,60.0,2026-05-02T00:11:38.767252,3.722
2026-05-02T00:10:39.069741,114.34,0.4091,110.4,0.44,0.0,0.0,4.199,70.0,43,1,60.0,2026-05-02T00:11:39.069596,3.702
2026-05-02T00:10:39.362765,113.56,0.4057,110.24,0.4323,0.0,0.0,4.199,70.0,43,1,60.0,2026-05-02T00:11:39.362656,3.741
2026-05-02T00:10:39.655907,113.56,0.4057,110.16,0.4283,0.0,0.0,4.199,70.0,43,1,60.0,2026-05-02T00:11:39.655788,3.747
2026-05-02T00:10:39.947990,113.56,0.4057,110.11,0.4262,0.0,0.0,4.199,70.0,43,1,60.0,2026-05-02T00:11:39.947888,3.741
2026-05-02T00:10:40.239796,113.56,0.4083,110.09,0.4253,0.0,0.0,4.199,70.0,43,1,60.0,2026-05-02T00:11:40.239690,3.731
2026-05-02T00:10:40.532654,113.56,0.4083,110.08,0.4248,0.0,0.0,4.199,70.0,43,1,60.0,2026-05-02T00:11:40.532545,3.724
2026-05-02T00:10:40.822211,113.54,0.4057,110.07,0.4243,0.0,0.0,4.199,70.0,43,1,60.0,2026-05-02T00:11:40.822109,3.722
2026-05-02T00:10:41.112736,113.54,0.4183,110.12,0.4266,0.0,0.0,4.199,70.0,43,1,60.0,2026-05-02T00:11:41.112623,3.706
2026-05-02T00:10:41.398483,113.54,0.4183,110.15,0.4279,0.0,0.0,4.199,70.0,43,1,60.0,2026-05-02T00:11:41.398372,3.705
2026-05-02T00:10:41.688034,113.53,0.4066,110.14,0.4277,0.0,0.0,4.199,70.0,43,1,60.0,2026-05-02T00:11:41.687859,3.713
2026-05-02T00:10:41.980768,113.53,0.4116,110.13,0.4268,0.0,0.0,4.199,70.0,43,1,60.0,2026-05-02T00:11:41.980626,3.719
2026-05-02T00:10:42.270390,113.53,0.4116,110.12,0.4264,0.0,0.0,4.199,70.0,43,1,60.0,2026-05-02T00:11:42.270287,3.72
2026-05-02T00:10:42.562307,113.51,0.4066,110.09,0.4251,0.0,0.0,4.199,70.0,43,1,60.0,2026-05-02T00:11:42.562197,3.724
2026-05-02T00:10:42.853258,113.51,0.4066,110.07,0.424,0.0,0.0,4.199,70.0,43,1,60.0,2026-05-02T00:11:42.853161,3.726
2026-05-02T00:10:43.142050,113.51,0.4066,110.05,0.4233,0.0,0.0,4.199,70.0,43,1,60.0,2026-05-02T00:11:43.141928,3.723
2026-05-02T00:10:43.433823,113.5,0.4066,110.04,0.4228,0.0,0.0,4.199,70.0,43,1,60.0,2026-05-02T00:11:43.433711,3.721
2026-05-02T00:10:43.718929,113.5,0.4066,110.04,0.4225,0.0,0.0,4.199,70.0,43,1,60.0,2026-05-02T00:11:43.718836,3.719
2026-05-02T00:10:44.014416,113.5,0.4066,110.03,0.4223,0.0,0.0,4.199,70.0,43,1,60.0,2026-05-02T00:11:44.014296,3.716
2026-05-02T00:10:44.306153,113.49,0.4049,110.02,0.4217,0.0,0.0,4.199,70.0,43,1,60.0,2026-05-02T00:11:44.306032,3.719
2026-05-02T00:10:44.598764,113.49,0.4049,110.01,0.4213,0.0,0.0,4.199,70.0,43,1,60.0,2026-05-02T00:11:44.598659,3.718
2026-05-02T00:10:44.889829,113.47,0.4049,110.01,0.4211,0.0,0.0,4.199,70.0,43,1,60.0,2026-05-02T00:11:44.889726,3.718
2026-05-02T00:10:45.180641,113.47,0.3904,109.93,0.4173,0.0,0.0,4.199,70.0,43,1,60.0,2026-05-02T00:11:45.180534,3.734
2026-05-02T00:10:45.471576,113.47,0.3904,109.88,0.415,0.0,0.0,4.199,70.0,43,1,60.0,2026-05-02T00:11:45.471476,3.733
2026-05-02T00:10:45.765130,113.44,0.388,109.85,0.4134,0.0,0.0,4.199,70.0,43,1,60.0,2026-05-02T00:11:45.765022,3.728
2026-05-02T00:10:46.063722,113.44,0.3904,109.82,0.4123,0.0,0.0,4.199,70.0,43,1,60.0,2026-05-02T00:11:46.063608,3.722
2026-05-02T00:10:46.354432,113.44,0.3904,109.81,0.4118,0.0,0.0,4.199,70.0,43,1,60.0,2026-05-02T00:11:46.354317,3.719
2026-05-02T00:10:46.643225,113.42,0.4024,109.82,0.4121,0.0,0.0,4.199,70.0,43,1,60.0,2026-05-02T00:11:46.643065,3.71
2026-05-02T00:10:46.933614,113.42,0.404,109.88,0.4149,0.0,0.0,4.199,70.0,43,1,60.0,2026-05-02T00:11:46.933469,3.695
2026-05-02T00:10:47.224603,113.42,0.404,109.91,0.4164,0.0,0.0,4.199,70.0,43,1,60.0,2026-05-02T00:11:47.224462,3.696
2026-05-02T00:10:47.518483,113.41,0.3965,109.92,0.4168,0.0,0.0,4.199,70.0,43,1,60.0,2026-05-02T00:11:47.518350,3.704
2026-05-02T00:10:47.807956,113.41,0.404,109.93,0.4176,0.0,0.0,4.199,70.0,43,1,60.0,2026-05-02T00:11:47.807845,3.705
2026-05-02T00:10:48.098518,113.41,0.404,109.94,0.4181,0.0,0.0,4.199,70.0,43,1,60.0,2026-05-02T00:11:48.098403,3.707
2026-05-02T00:10:48.392698,113.4,0.4015,109.93,0.4174,0.0,0.0,4.199,70.0,43,1,60.0,2026-05-02T00:11:48.392579,3.714
2026-05-02T00:10:48.683441,113.4,0.4015,109.93,0.4173,0.0,0.0,4.199,70.0,43,1,60.0,2026-05-02T00:11:48.683333,3.715
2026-05-02T00:10:48.975422,113.4,0.4015,109.93,0.4173,0.0,0.0,4.199,70.0,43,1,60.0,2026-05-02T00:11:48.975319,3.714
2026-05-02T00:10:49.265976,113.39,0.4015,109.92,0.4169,0.0,0.0,4.199,70.0,43,1,60.0,2026-05-02T00:11:49.265842,3.715
2026-05-02T00:10:49.556256,113.39,0.4015,109.92,0.417,0.0,0.0,4.199,70.0,43,1,60.0,2026-05-02T00:11:49.556138,3.713
2026-05-02T00:10:49.847806,113.38,0.4015,109.92,0.4171,0.0,0.0,4.199,70.0,43,1,60.0,2026-05-02T00:11:49.847699,3.713
2026-05-02T00:10:50.138240,113.38,0.4032,109.92,0.4168,0.0,0.0,4.199,70.0,43,1,60.0,2026-05-02T00:11:50.138126,3.714
2026-05-02T00:10:50.427909,113.38,0.4032,109.93,0.4174,0.0,0.0,4.199,70.0,43,1,60.0,2026-05-02T00:11:50.427801,3.711
2026-05-02T00:10:50.718527,113.37,0.4032,109.93,0.4175,0.0,0.0,4.199,70.0,43,1,60.0,2026-05-02T00:11:50.718418,3.711
2026-05-02T00:10:51.009336,113.37,0.4032,109.93,0.4175,0.0,0.0,4.199,70.0,43,1,60.0,2026-05-02T00:11:51.009193,3.713
2026-05-02T00:10:51.298857,113.37,0.4032,109.93,0.4176,0.0,0.0,4.199,70.0,43,1,60.0,2026-05-02T00:11:51.298719,3.713
2026-05-02T00:10:51.589320,113.35,0.3998,109.93,0.4174,0.0,0.0,4.199,70.0,43,1,60.0,2026-05-02T00:11:51.589203,3.715
2026-05-02T00:10:51.878486,113.35,0.3965,109.9,0.4158,0.0,0.0,4.199,70.0,43,1,60.0,2026-05-02T00:11:51.878381,3.723
2026-05-02T00:10:52.167355,113.35,0.3965,109.88,0.4149,0.0,0.0,4.199,70.0,43,1,60.0,2026-05-02T00:11:52.167166,3.722
2026-05-02T00:10:52.464200,113.33,0.3949,109.86,0.4139,0.0,0.0,4.199,70.0,43,1,60.0,2026-05-02T00:11:52.464057,3.722
2026-05-02T00:10:52.756714,113.33,0.3965,109.85,0.4136,0.0,0.0,4.199,70.0,43,1,60.0,2026-05-02T00:11:52.756594,3.719
2026-05-02T00:10:53.046335,113.33,0.3965,109.85,0.4134,0.0,0.0,4.199,70.0,43,1,60.0,2026-05-02T00:11:53.046226,3.717
2026-05-02T00:10:53.337712,113.31,0.3965,109.84,0.413,0.0,0.0,4.199,70.0,43,1,60.0,2026-05-02T00:11:53.337600,3.716
2026-05-02T00:10:53.629996,113.31,0.3965,109.84,0.4129,0.0,0.0,4.199,70.0,43,1,60.0,2026-05-02T00:11:53.629890,3.715
2026-05-02T00:10:53.920534,113.31,0.3965,109.83,0.4128,0.0,0.0,4.199,70.0,43,1,60.0,2026-05-02T00:11:53.920438,3.715
2026-05-02T00:10:54.207714,113.3,0.3931,109.82,0.4121,0.0,0.0,4.199,70.0,43,1,60.0,2026-05-02T00:11:54.207612,3.718
2026-05-02T00:10:54.504013,113.3,0.3931,109.8,0.4113,0.0,0.0,4.199,70.0,43,1,60.0,2026-05-02T00:11:54.503873,3.717
2026-05-02T00:10:54.794686,113.3,0.3931,109.79,0.4109,0.0,0.0,4.199,70.0,43,1,60.0,2026-05-02T00:11:54.794584,3.717
2026-05-02T00:10:55.085815,113.29,0.3889,109.77,0.41,0.0,0.0,4.199,70.0,43,1,60.0,2026-05-02T00:11:55.085711,3.72
2026-05-02T00:10:55.379076,113.29,0.3889,109.75,0.409,0.0,0.0,4.199,70.0,43,1,60.0,2026-05-02T00:11:55.378951,3.719
2026-05-02T00:10:55.668260,113.27,0.3889,109.74,0.4084,0.0,0.0,4.199,70.0,43,1,60.0,2026-05-02T00:11:55.668146,3.717
2026-05-02T00:10:55.958277,113.27,0.3889,109.73,0.4079,0.0,0.0,4.199,70.0,43,1,60.0,2026-05-02T00:11:55.958140,3.716
2026-05-02T00:10:56.248269,113.27,0.3889,109.73,0.4077,0.0,0.0,4.199,70.0,43,1,60.0,2026-05-02T00:11:56.248173,3.714
2026-05-02T00:10:56.541607,113.26,0.3882,109.72,0.4074,0.0,0.0,4.199,70.0,43,1,60.0,2026-05-02T00:11:56.541478,3.713
2026-05-02T00:10:56.829840,113.26,0.3864,109.7,0.4066,0.0,0.0,4.199,70.0,43,1,60.0,2026-05-02T00:11:56.829728,3.716
2026-05-02T00:10:57.120823,113.26,0.3864,109.7,0.4062,0.0,0.0,4.199,70.0,43,1,60.0,2026-05-02T00:11:57.120720,3.714
2026-05-02T00:10:57.415950,113.24,0.3838,109.68,0.4056,0.0,0.0,4.199,70.0,43,1,60.0,2026-05-02T00:11:57.415795,3.714
2026-05-02T00:10:57.707295,113.24,0.3847,109.67,0.4049,0.0,0.0,4.199,70.0,43,1,60.0,2026-05-02T00:11:57.707167,3.716
2026-05-02T00:10:57.996815,113.24,0.3847,109.66,0.4046,0.0,0.0,4.199,70.0,43,1,60.0,2026-05-02T00:11:57.996701,3.714
2026-05-02T00:10:58.293147,113.23,0.3873,109.66,0.4044,0.0,0.0,4.199,70.0,43,1,60.0,2026-05-02T00:11:58.293037,3.712
2026-05-02T00:10:58.584592,113.23,0.3873,109.67,0.4047,0.0,0.0,4.199,70.0,43,1,60.0,2026-05-02T00:11:58.584455,3.709
2026-05-02T00:10:58.869440,113.23,0.3873,109.67,0.4052,0.0,0.0,4.199,70.0,43,1,60.0,2026-05-02T00:11:58.869333,3.708
2026-05-02T00:10:59.154358,113.21,0.3873,109.67,0.4052,0.0,0.0,4.199,70.0,43,1,60.0,2026-05-02T00:11:59.154261,3.708
2026-05-02T00:10:59.439068,113.21,0.3873,109.68,0.4053,0.0,0.0,4.199,70.0,43,1,60.0,2026-05-02T00:11:59.438964,3.708
2026-05-02T00:10:59.726948,113.21,0.3873,109.68,0.4053,0.0,0.0,4.199,70.0,43,1,60.0,2026-05-02T00:11:59.726809,3.708
2026-05-02T00:11:00.016773,113.19,0.3855,109.66,0.4047,0.0,0.0,4.199,70.0,43,1,60.0,2026-05-02T00:12:00.016672,3.712
2026-05-02T00:11:00.306150,113.19,0.3855,109.66,0.4044,0.0,0.0,4.199,70.0,43,1,60.0,2026-05-02T00:12:00.306033,3.713
2026-05-02T00:11:00.598985,113.17,0.3855,109.65,0.4041,0.0,0.0,4.199,70.0,43,1,60.0,2026-05-02T00:12:00.598872,3.713
2026-05-02T00:11:00.884332,113.17,0.3855,109.64,0.4037,0.0,0.0,4.199,70.0,43,1,60.0,2026-05-02T00:12:00.884228,3.714
2026-05-02T00:11:01.175381,113.17,0.3855,109.64,0.4037,0.0,0.0,4.199,70.0,43,1,60.0,2026-05-02T00:12:01.175250,3.711
2026-05-02T00:11:01.465775,113.15,0.3855,109.64,0.4035,0.0,0.0,4.199,70.0,43,1,60.0,2026-05-02T00:12:01.465638,3.712
2026-05-02T00:11:01.752432,113.15,0.3855,109.64,0.4034,0.0,0.0,4.199,70.0,43,1,60.0,2026-05-02T00:12:01.752307,3.712
2026-05-02T00:11:02.039610,113.15,0.3855,109.64,0.4034,0.0,0.0,4.199,70.0,43,1,60.0,2026-05-02T00:12:02.039503,3.711
2026-05-02T00:11:02.327811,113.13,0.3754,109.62,0.4025,0.0,0.0,4.199,70.0,43,1,60.0,2026-05-02T00:12:02.327713,3.716
2026-05-02T00:11:02.625005,113.13,0.3754,109.57,0.4001,0.0,0.0,4.199,70.0,43,1,60.0,2026-05-02T00:12:02.624826,3.725
2026-05-02T00:11:02.914457,113.13,0.3754,109.54,0.3986,0.0,0.0,4.199,70.0,43,1,60.0,2026-05-02T00:12:02.914326,3.723
2026-05-02T00:11:03.207800,113.12,0.3738,109.52,0.3978,0.0,0.0,4.199,70.0,43,1,60.0,2026-05-02T00:12:03.207661,3.719
2026-05-02T00:11:03.498540,113.12,0.3754,109.51,0.3972,0.0,0.0,4.199,70.0,43,1,60.0,2026-05-02T00:12:03.498433,3.715
2026-05-02T00:11:03.821167,113.12,0.3754,109.5,0.3968,0.0,0.0,4.199,70.0,43,1,60.0,2026-05-02T00:12:03.821031,3.712
2026-05-02T00:11:04.122608,113.1,0.3779,109.49,0.3965,0.0,0.0,4.199,70.0,43,1,60.0,2026-05-02T00:12:04.122501,3.697
2026-05-02T00:11:04.415004,113.1,0.3779,109.5,0.3967,0.0,0.0,4.199,70.0,43,1,60.0,2026-05-02T00:12:04.414872,3.697
2026-05-02T00:11:04.702529,113.1,0.3779,109.5,0.3969,0.0,0.0,4.199,70.0,43,1,60.0,2026-05-02T00:12:04.702414,3.702
2026-05-02T00:11:04.994536,113.08,0.3779,109.5,0.3967,0.0,0.0,4.199,70.0,43,1,60.0,2026-05-02T00:12:04.994369,3.705
2026-05-02T00:11:05.285519,113.08,0.3779,109.5,0.3969,0.0,0.0,4.199,70.0,43,1,60.0,2026-05-02T00:12:05.285415,3.706
2026-05-02T00:11:05.571364,113.07,0.3779,109.5,0.397,0.0,0.0,4.199,70.0,43,1,60.0,2026-05-02T00:12:05.571251,3.707
2026-05-02T00:11:05.863030,113.07,0.372,109.48,0.3958,0.0,0.0,4.199,70.0,43,1,60.0,2026-05-02T00:12:05.862893,3.713
2026-05-02T00:11:06.160612,113.07,0.372,109.45,0.3946,0.0,0.0,4.199,70.0,43,1,60.0,2026-05-02T00:12:06.160504,3.713
2026-05-02T00:11:06.451668,113.06,0.367,109.44,0.3939,0.0,0.0,4.199,70.0,43,1,60.0,2026-05-02T00:12:06.451560,3.716
2026-05-02T00:11:06.742590,113.06,0.372,109.43,0.3935,0.0,0.0,4.199,70.0,43,1,60.0,2026-05-02T00:12:06.742480,3.713
2026-05-02T00:11:07.029375,113.06,0.372,109.43,0.3934,0.0,0.0,4.199,70.0,43,1,60.0,2026-05-02T00:12:07.029276,3.71
2026-05-02T00:11:07.318623,113.05,0.367,109.42,0.3932,0.0,0.0,4.199,70.0,43,1,60.0,2026-05-02T00:12:07.318521,3.71
2026-05-02T00:11:07.609186,113.05,0.3737,109.43,0.3936,0.0,0.0,4.199,70.0,43,1,60.0,2026-05-02T00:12:07.609069,3.706
2026-05-02T00:11:07.899869,113.05,0.3737,109.43,0.3938,0.0,0.0,4.199,70.0,43,1,60.0,2026-05-02T00:12:07.899754,3.705
2026-05-02T00:11:08.194787,113.04,0.3686,109.43,0.3933,0.0,0.0,4.199,70.0,43,1,60.0,2026-05-02T00:12:08.194648,3.708
2026-05-02T00:11:08.484944,113.04,0.3686,109.4,0.3923,0.0,0.0,4.199,70.0,43,1,60.0,2026-05-02T00:12:08.484828,3.713
2026-05-02T00:11:08.777215,113.04,0.3686,109.39,0.3917,0.0,0.0,4.199,70.0,43,1,60.0,2026-05-02T00:12:08.777099,3.712
2026-05-02T00:11:09.065822,113.02,0.3686,109.38,0.391,0.0,0.0,4.199,70.0,43,1,60.0,2026-05-02T00:12:09.065717,3.712
2026-05-02T00:11:09.351495,113.02,0.3686,109.37,0.3909,0.0,0.0,4.199,70.0,43,1,60.0,2026-05-02T00:12:09.351396,3.708
2026-05-02T00:11:09.642871,113.02,0.3686,109.37,0.3908,0.0,0.0,4.199,70.0,43,1,60.0,2026-05-02T00:12:09.642747,3.707
2026-05-02T00:11:09.939043,113.0,0.3737,109.38,0.3912,0.0,0.0,4.199,70.0,43,1,60.0,2026-05-02T00:12:09.938936,3.704
2026-05-02T00:11:10.231010,113.0,0.3737,109.4,0.392,0.0,0.0,4.199,70.0,43,1,60.0,2026-05-02T00:12:10.230872,3.702
2026-05-02T00:11:10.516944,112.97,0.3737,109.41,0.3924,0.0,0.0,4.199,70.0,43,1,60.0,2026-05-02T00:12:10.516832,3.704
2026-05-02T00:11:10.803812,112.97,0.3737,109.41,0.3925,0.0,0.0,4.199,70.0,43,1,60.0,2026-05-02T00:12:10.803712,3.705
2026-05-02T00:11:11.092418,112.97,0.3737,109.41,0.3928,0.0,0.0,4.199,70.0,43,1,60.0,2026-05-02T00:12:11.092321,3.705
2026-05-02T00:11:11.381828,112.95,0.3737,109.41,0.3928,0.0,0.0,4.199,70.0,43,1,60.0,2026-05-02T00:12:11.381730,3.707
2026-05-02T00:11:11.674374,112.95,0.3712,109.4,0.3922,0.0,0.0,4.199,70.0,43,1,60.0,2026-05-02T00:12:11.674270,3.711
2026-05-02T00:11:11.961778,112.95,0.3712,109.39,0.3919,0.0,0.0,4.199,70.0,43,1,60.0,2026-05-02T00:12:11.961671,3.712
2026-05-02T00:11:12.252339,112.94,0.3643,109.38,0.3912,0.0,0.0,4.199,70.0,43,1,60.0,2026-05-02T00:12:12.252234,3.714
2026-05-02T00:11:12.544934,112.94,0.3652,109.35,0.3896,0.0,0.0,4.199,70.0,43,1,60.0,2026-05-02T00:12:12.544824,3.718
2026-05-02T00:11:12.835008,112.94,0.3652,109.33,0.3887,0.0,0.0,4.199,70.0,43,1,60.0,2026-05-02T00:12:12.834891,3.716
2026-05-02T00:11:13.127375,112.92,0.356,109.3,0.3875,0.0,0.0,4.199,70.0,43,1,60.0,2026-05-02T00:12:13.127236,3.718
2026-05-02T00:11:13.422995,112.92,0.356,109.25,0.3849,0.0,0.0,4.199,70.0,43,1,60.0,2026-05-02T00:12:13.422844,3.724
2026-05-02T00:11:13.722940,112.92,0.356,109.22,0.3837,0.0,0.0,4.199,70.0,43,1,60.0,2026-05-02T00:12:13.722823,3.706
2026-05-02T00:11:14.021685,112.89,0.356,109.18,0.3819,0.0,0.0,4.199,70.0,43,1,60.0,2026-05-02T00:12:14.021571,3.692
2026-05-02T00:11:14.317154,112.89,0.356,109.17,0.3814,0.0,0.0,4.199,70.0,43,1,60.0,2026-05-02T00:12:14.317048,3.678
2026-05-02T00:11:14.607790,112.89,0.356,109.16,0.3806,0.0,0.0,4.199,70.0,43,1,60.0,2026-05-02T00:12:14.607670,3.687
2026-05-02T00:11:14.899444,112.89,0.3619,109.16,0.3808,0.0,0.0,4.199,70.0,43,1,60.0,2026-05-02T00:12:14.899341,3.693
2026-05-02T00:11:15.185106,112.89,0.3619,109.19,0.3821,0.0,0.0,4.199,70.0,43,1,60.0,2026-05-02T00:12:15.185005,3.692
2026-05-02T00:11:15.472284,112.89,0.3619,109.21,0.383,0.0,0.0,4.199,70.0,43,1,60.0,2026-05-02T00:12:15.472132,3.693
2026-05-02T00:11:15.767615,112.87,0.3534,109.18,0.3817,0.0,0.0,4.199,70.0,43,1,60.0,2026-05-02T00:12:15.767497,3.705
2026-05-02T00:11:16.063891,112.87,0.3534,109.16,0.3808,0.0,0.0,4.199,70.0,43,1,60.0,2026-05-02T00:12:16.063786,3.695
2026-05-02T00:11:16.361024,112.85,0.3534,109.14,0.3799,0.0,0.0,4.199,70.0,43,1,60.0,2026-05-02T00:12:16.360912,3.682
2026-05-02T00:11:16.653269,112.85,0.3518,109.11,0.3785,0.0,0.0,4.199,70.0,43,1,60.0,2026-05-02T00:12:16.653155,3.693
2026-05-02T00:11:16.949046,112.85,0.3518,109.1,0.3782,0.0,0.0,4.199,70.0,43,1,60.0,2026-05-02T00:12:16.948946,3.685
2026-05-02T00:11:17.240792,112.83,0.3486,109.08,0.3772,0.0,0.0,4.199,70.0,43,1,60.0,2026-05-02T00:12:17.240683,3.692
2026-05-02T00:11:17.536950,112.83,0.3526,109.09,0.3774,0.0,0.0,4.199,70.0,43,1,60.0,2026-05-02T00:12:17.536827,3.682
2026-05-02T00:11:17.828458,112.83,0.3526,109.08,0.3771,0.0,0.0,4.199,70.0,43,1,60.0,2026-05-02T00:12:17.828354,3.687
2026-05-02T00:11:18.127107,112.82,0.3526,109.08,0.3771,0.0,0.0,4.199,70.0,43,1,60.0,2026-05-02T00:12:18.126981,3.68
2026-05-02T00:11:18.424788,112.82,0.3536,109.09,0.3774,0.0,0.0,4.199,70.0,43,1,60.0,2026-05-02T00:12:18.424638,3.669
2026-05-02T00:11:18.717844,112.82,0.3536,109.08,0.3771,0.0,0.0,4.199,70.0,43,1,60.0,2026-05-02T00:12:18.717731,3.681
2026-05-02T00:11:19.010818,112.8,0.3543,109.09,0.3774,0.0,0.0,4.199,70.0,43,1,60.0,2026-05-02T00:12:19.010707,3.676
2026-05-02T00:11:19.295404,112.8,0.3543,109.09,0.3774,0.0,0.0,4.199,70.0,43,1,60.0,2026-05-02T00:12:19.295305,3.683
2026-05-02T00:11:19.585999,112.8,0.3543,109.09,0.3776,0.0,0.0,4.199,70.0,43,1,60.0,2026-05-02T00:12:19.585878,3.691
2026-05-02T00:11:19.872108,112.79,0.3568,109.09,0.3775,0.0,0.0,4.199,70.0,43,1,60.0,2026-05-02T00:12:19.872003,3.698
2026-05-02T00:11:20.161504,112.79,0.3568,109.11,0.3783,0.0,0.0,4.199,70.0,43,1,60.0,2026-05-02T00:12:20.161397,3.696
2026-05-02T00:11:20.451787,112.79,0.3568,109.12,0.3788,0.0,0.0,4.199,70.0,43,1,60.0,2026-05-02T00:12:20.451676,3.697
2026-05-02T00:11:20.741122,112.77,0.3501,109.09,0.3775,0.0,0.0,4.199,70.0,43,1,60.0,2026-05-02T00:12:20.740977,3.708
2026-05-02T00:11:21.030757,112.77,0.3501,109.07,0.3766,0.0,0.0,4.199,70.0,43,1,60.0,2026-05-02T00:12:21.030650,3.71
2026-05-02T00:11:21.322698,112.76,0.3501,109.06,0.376,0.0,0.0,4.199,70.0,43,1,60.0,2026-05-02T00:12:21.322596,3.709
2026-05-02T00:11:21.619730,112.76,0.3501,109.05,0.3757,0.0,0.0,4.199,70.0,43,1,60.0,2026-05-02T00:12:21.619620,3.693
2026-05-02T00:11:21.910740,112.76,0.3501,109.04,0.3751,0.0,0.0,4.199,70.0,43,1,60.0,2026-05-02T00:12:21.910643,3.694
2026-05-02T00:11:22.198913,112.74,0.3477,109.03,0.3746,0.0,0.0,4.199,70.0,43,1,60.0,2026-05-02T00:12:22.198818,3.701
2026-05-02T00:11:22.493294,112.74,0.3558,109.06,0.3759,0.0,0.0,4.199,70.0,43,1,60.0,2026-05-02T00:12:22.493132,3.693
2026-05-02T00:11:22.780743,112.74,0.3558,109.08,0.3768,0.0,0.0,4.199,70.0,43,1,60.0,2026-05-02T00:12:22.780634,3.696
2026-05-02T00:11:23.074165,112.74,0.3554,109.09,0.3772,0.0,0.0,4.199,70.0,43,1,60.0,2026-05-02T00:12:23.074065,3.697
2026-05-02T00:11:23.370635,112.74,0.3491,109.05,0.3757,0.0,0.0,4.199,70.0,43,1,60.0,2026-05-02T00:12:23.370519,3.694
2026-05-02T00:11:23.664111,112.74,0.3491,109.03,0.3746,0.0,0.0,4.199,70.0,43,1,60.0,2026-05-02T00:12:23.663945,3.697
2026-05-02T00:11:23.962527,112.73,0.3399,109.0,0.3734,0.0,0.0,4.199,70.0,43,1,60.0,2026-05-02T00:12:23.962408,3.693
2026-05-02T00:11:24.258955,112.73,0.3475,109.0,0.3732,0.0,0.0,4.199,70.0,43,1,60.0,2026-05-02T00:12:24.258849,3.678
2026-05-02T00:11:24.549904,112.73,0.3475,108.99,0.3726,0.0,0.0,4.199,70.0,43,1,60.0,2026-05-02T00:12:24.549796,3.686
2026-05-02T00:11:24.846635,112.72,0.3477,108.99,0.3727,0.0,0.0,4.199,70.0,43,1,60.0,2026-05-02T00:12:24.846534,3.679
2026-05-02T00:11:25.138181,112.72,0.3477,108.98,0.3724,0.0,0.0,4.199,70.0,43,1,60.0,2026-05-02T00:12:25.138083,3.686
2026-05-02T00:11:25.433947,112.72,0.3477,108.99,0.3726,0.0,0.0,4.199,70.0,43,1,60.0,2026-05-02T00:12:25.433843,3.678
2026-05-02T00:11:25.724451,112.71,0.3459,108.97,0.3719,0.0,0.0,4.199,70.0,43,1,60.0,2026-05-02T00:12:25.724340,3.688
2026-05-02T00:11:26.023688,112.71,0.3459,108.97,0.3718,0.0,0.0,4.199,70.0,43,1,60.0,2026-05-02T00:12:26.023540,3.68
2026-05-02T00:11:26.314248,112.69,0.3459,108.96,0.3715,0.0,0.0,4.199,70.0,43,1,60.0,2026-05-02T00:12:26.314142,3.671
2026-05-02T00:11:26.607255,112.69,0.3459,108.95,0.3708,0.0,0.0,4.199,70.0,43,1,60.0,2026-05-02T00:12:26.607140,3.682
2026-05-02T00:11:26.902453,112.69,0.3459,108.95,0.371,0.0,0.0,4.199,70.0,43,1,60.0,2026-05-02T00:12:26.902354,3.676
2026-05-02T00:11:27.193826,112.68,0.3459,108.94,0.3707,0.0,0.0,4.199,70.0,43,1,60.0,2026-05-02T00:12:27.193712,3.684
2026-05-02T00:11:27.487716,112.68,0.3409,108.92,0.3696,0.0,0.0,4.199,70.0,43,1,60.0,2026-05-02T00:12:27.487622,3.683
2026-05-02T00:11:27.776594,112.68,0.3409,108.9,0.3687,0.0,0.0,4.199,70.0,43,1,60.0,2026-05-02T00:12:27.776477,3.69
2026-05-02T00:11:28.073367,112.66,0.3374,108.89,0.3683,0.0,0.0,4.199,70.0,43,1,60.0,2026-05-02T00:12:28.073259,3.683
2026-05-02T00:11:28.368874,112.66,0.3349,108.85,0.3664,0.0,0.0,4.199,70.0,43,1,60.0,2026-05-02T00:12:28.368759,3.679
2026-05-02T00:11:28.665783,112.66,0.3349,108.83,0.3653,0.0,0.0,4.199,70.0,43,1,60.0,2026-05-02T00:12:28.665633,3.671
2026-05-02T00:11:28.964348,112.65,0.3342,108.81,0.3643,0.0,0.0,4.199,70.0,43,1,60.0,2026-05-02T00:12:28.964224,3.666
2026-05-02T00:11:29.261090,112.65,0.3349,108.8,0.3639,0.0,0.0,4.199,70.0,43,1,60.0,2026-05-02T00:12:29.260986,3.662
2026-05-02T00:11:29.559745,112.65,0.3349,108.79,0.3636,0.0,0.0,4.199,70.0,43,1,60.0,2026-05-02T00:12:29.559631,3.659
2026-05-02T00:11:29.855678,112.63,0.3366,108.78,0.3631,0.0,0.0,4.199,70.0,43,1,60.0,2026-05-02T00:12:29.855585,3.657
2026-05-02T00:11:30.152152,112.63,0.3366,108.79,0.3633,0.0,0.0,4.199,70.0,43,1,60.0,2026-05-02T00:12:30.152056,3.653
2026-05-02T00:11:30.450053,112.63,0.3366,108.79,0.3635,0.0,0.0,4.199,70.0,43,1,60.0,2026-05-02T00:12:30.449947,3.652
2026-05-02T00:11:30.748653,112.61,0.3342,108.77,0.3626,0.0,0.0,4.199,70.0,43,1,60.0,2026-05-02T00:12:30.748510,3.656
2026-05-02T00:11:31.043788,112.61,0.3342,108.77,0.3623,0.0,0.0,4.199,70.0,43,1,60.0,2026-05-02T00:12:31.043628,3.656
2026-05-02T00:11:31.338305,112.61,0.3342,108.76,0.3622,0.0,0.0,4.199,70.0,43,1,60.0,2026-05-02T00:12:31.338166,3.654
2026-05-02T00:11:31.629451,112.6,0.3315,108.74,0.3613,0.0,0.0,4.199,70.0,43,1,60.0,2026-05-02T00:12:31.629279,3.674
2026-05-02T00:11:31.925905,112.6,0.3315,108.74,0.3611,0.0,0.0,4.199,70.0,43,1,60.0,2026-05-02T00:12:31.925787,3.672
2026-05-02T00:11:32.217161,112.58,0.3315,108.74,0.361,0.0,0.0,4.199,70.0,43,1,60.0,2026-05-02T00:12:32.217064,3.664
2026-05-02T00:11:32.505761,112.58,0.3315,108.72,0.3601,0.0,0.0,4.199,70.0,43,1,60.0,2026-05-02T00:12:32.505652,3.677
2026-05-02T00:11:32.801419,112.58,0.3315,108.72,0.3604,0.0,0.0,4.199,70.0,43,1,60.0,2026-05-02T00:12:32.801288,3.671
2026-05-02T00:11:33.100800,112.57,0.3297,108.72,0.3602,0.0,0.0,4.199,70.0,43,1,60.0,2026-05-02T00:12:33.100685,3.663
2026-05-02T00:11:33.399278,112.57,0.3315,108.71,0.3598,0.0,0.0,4.199,70.0,43,1,60.0,2026-05-02T00:12:33.399169,3.658
2026-05-02T00:11:33.698929,112.57,0.3315,108.71,0.3597,0.0,0.0,4.199,70.0,43,1,60.0,2026-05-02T00:12:33.698781,3.654
2026-05-02T00:11:33.995503,112.56,0.3273,108.7,0.3591,0.0,0.0,4.199,70.0,43,1,60.0,2026-05-02T00:12:33.995388,3.657
2026-05-02T00:11:34.291614,112.56,0.3281,108.68,0.3585,0.0,0.0,4.199,70.0,43,1,60.0,2026-05-02T00:12:34.291507,3.658
2026-05-02T00:11:34.589141,112.56,0.3281,108.67,0.3581,0.0,0.0,4.199,70.0,43,1,60.0,2026-05-02T00:12:34.589030,3.656
2026-05-02T00:11:34.885610,112.53,0.3222,108.66,0.3572,0.0,0.0,4.199,70.0,43,1,60.0,2026-05-02T00:12:34.885503,3.658
2026-05-02T00:11:35.183415,112.53,0.3229,108.63,0.3558,0.0,0.0,4.199,70.0,43,1,60.0,2026-05-02T00:12:35.183309,3.66
2026-05-02T00:11:35.479883,112.53,0.3229,108.61,0.355,0.0,0.0,4.199,70.0,43,1,60.0,2026-05-02T00:12:35.479789,3.659
2026-05-02T00:11:35.777741,112.51,0.3229,108.6,0.3544,0.0,0.0,4.199,70.0,43,1,60.0,2026-05-02T00:12:35.777618,3.656
2026-05-02T00:11:36.073726,112.51,0.3229,108.59,0.3541,0.0,0.0,4.199,70.0,43,1,60.0,2026-05-02T00:12:36.073618,3.653
2026-05-02T00:11:36.367781,112.51,0.3229,108.58,0.3539,0.0,0.0,4.199,70.0,43,1,60.0,2026-05-02T00:12:36.367623,3.652
2026-05-02T00:11:36.659469,112.49,0.3297,108.6,0.3545,0.0,0.0,4.199,70.0,43,1,60.0,2026-05-02T00:12:36.659346,3.645
2026-05-02T00:11:36.950661,112.49,0.3297,108.62,0.3554,0.0,0.0,4.199,70.0,43,1,60.0,2026-05-02T00:12:36.950558,3.658
2026-05-02T00:11:37.248680,112.49,0.3297,108.64,0.3564,0.0,0.0,4.199,70.0,43,1,60.0,2026-05-02T00:12:37.248578,3.658
2026-05-02T00:11:37.546826,112.49,0.3279,108.63,0.3561,0.0,0.0,4.199,70.0,43,1,60.0,2026-05-02T00:12:37.546727,3.657
2026-05-02T00:11:37.843204,112.49,0.3279,108.63,0.3562,0.0,0.0,4.199,70.0,43,1,60.0,2026-05-02T00:12:37.843079,3.653
2026-05-02T00:11:38.157416,112.46,0.3205,108.61,0.3553,0.0,0.0,4.199,70.0,43,1,60.0,2026-05-02T00:12:38.157250,3.653
2026-05-02T00:11:38.461787,112.46,0.3205,108.57,0.3533,0.0,0.0,4.199,70.0,43,1,60.0,2026-05-02T00:12:38.461622,3.664
2026-05-02T00:11:38.766604,112.46,0.3205,108.55,0.3523,0.0,0.0,4.199,70.0,43,1,60.0,2026-05-02T00:12:38.766441,3.66
2026-05-02T00:11:39.062351,112.45,0.3163,108.53,0.3514,0.0,0.0,4.199,70.0,43,1,60.0,2026-05-02T00:12:39.062236,3.661
2026-05-02T00:11:39.358831,112.45,0.3171,108.51,0.3505,0.0,0.0,4.199,70.0,43,1,60.0,2026-05-02T00:12:39.358722,3.659
2026-05-02T00:11:39.654916,112.45,0.3171,108.5,0.35,0.0,0.0,4.199,70.0,43,1,60.0,2026-05-02T00:12:39.654805,3.656
2026-05-02T00:11:39.959026,112.44,0.3197,108.49,0.3495,0.0,0.0,4.199,70.0,43,1,60.0,2026-05-02T00:12:39.958902,3.651
2026-05-02T00:11:40.321106,112.44,0.3197,108.44,0.3474,0.0,0.0,4.199,70.0,43,1,60.0,2026-05-02T00:12:40.320981,3.646
2026-05-02T00:11:40.626476,112.44,0.3197,108.47,0.3487,0.0,0.0,4.199,70.0,43,1,60.0,2026-05-02T00:12:40.626340,3.643
2026-05-02T00:11:40.993608,112.44,0.3197,108.48,0.3489,0.0,0.0,4.199,70.0,43,1,60.0,2026-05-02T00:12:40.993481,3.651
2026-05-02T00:11:41.290554,112.44,0.3197,108.5,0.3498,0.0,0.0,4.199,70.0,43,1,60.0,2026-05-02T00:12:41.290455,3.652
2026-05-02T00:11:41.587493,112.44,0.3197,108.5,0.3502,0.0,0.0,4.199,70.0,43,1,60.0,2026-05-02T00:12:41.587374,3.65
2026-05-02T00:11:41.892860,112.44,0.3197,108.5,0.3502,0.0,0.0,4.199,70.0,43,1,60.0,2026-05-02T00:12:41.892730,3.648
2026-05-02T00:11:42.194354,112.44,0.3197,108.5,0.3502,0.0,0.0,4.199,70.0,43,1,60.0,2026-05-02T00:12:42.194211,3.648
2026-05-02T00:11:42.486453,112.44,0.3197,108.51,0.3503,0.0,0.0,4.199,70.0,43,1,60.0,2026-05-02T00:12:42.486353,3.648
2026-05-02T00:11:42.780462,112.44,0.3197,108.51,0.3504,0.0,0.0,4.199,70.0,43,1,60.0,2026-05-02T00:12:42.780349,3.648
2026-05-02T00:11:43.075426,112.44,0.3197,108.51,0.3505,0.0,0.0,4.199,70.0,43,1,60.0,2026-05-02T00:12:43.075330,3.647
2026-05-02T00:11:43.370416,112.44,0.3197,108.51,0.3505,0.0,0.0,4.199,70.0,43,1,60.0,2026-05-02T00:12:43.370312,3.647
2026-05-02T00:11:43.667556,112.44,0.3197,108.51,0.3505,0.0,0.0,4.199,70.0,43,1,60.0,2026-05-02T00:12:43.667456,3.647
2026-05-02T00:11:43.964329,112.44,0.3197,108.51,0.3505,0.0,0.0,4.199,70.0,43,1,60.0,2026-05-02T00:12:43.964169,3.648
2026-05-02T00:11:44.260612,112.44,0.3197,108.51,0.3504,0.0,0.0,4.199,70.0,43,1,60.0,2026-05-02T00:12:44.260491,3.648
2026-05-02T00:11:44.556153,112.44,0.3197,108.51,0.3505,0.0,0.0,4.199,70.0,43,1,60.0,2026-05-02T00:12:44.556053,3.648
2026-05-02T00:11:44.851247,112.44,0.3197,108.51,0.3505,0.0,0.0,4.199,70.0,43,1,60.0,2026-05-02T00:12:44.851147,3.648
2026-05-02T00:11:45.146971,112.44,0.3197,108.51,0.3505,0.0,0.0,4.199,70.0,43,1,60.0,2026-05-02T00:12:45.146876,3.648
2026-05-02T00:11:45.440821,112.44,0.3197,108.51,0.3505,0.0,0.0,4.199,70.0,43,1,60.0,2026-05-02T00:12:45.440714,3.648
2026-05-02T00:11:45.735863,112.44,0.3197,108.51,0.3505,0.0,0.0,4.199,70.0,43,1,60.0,2026-05-02T00:12:45.735753,3.648
2026-05-02T00:11:46.032318,112.44,0.3197,108.51,0.3505,0.0,0.0,4.199,70.0,43,1,60.0,2026-05-02T00:12:46.032218,3.647
2026-05-02T00:11:46.326886,112.44,0.3197,108.51,0.3505,0.0,0.0,4.199,70.0,43,1,60.0,2026-05-02T00:12:46.326793,3.648
2026-05-02T00:11:46.622004,112.44,0.3197,108.51,0.3505,0.0,0.0,4.199,70.0,43,1,60.0,2026-05-02T00:12:46.621905,3.648
2026-05-02T00:11:46.916876,112.44,0.3197,108.51,0.3505,0.0,0.0,4.199,70.0,43,1,60.0,2026-05-02T00:12:46.916726,3.648
2026-05-02T00:11:47.215428,112.44,0.3197,108.51,0.3504,0.0,0.0,4.199,70.0,43,1,60.0,2026-05-02T00:12:47.215327,3.647
2026-05-02T00:11:47.508825,112.44,0.3197,108.51,0.3504,0.0,0.0,4.199,70.0,43,1,60.0,2026-05-02T00:12:47.508724,3.648
2026-05-02T00:11:47.805203,112.44,0.3197,108.51,0.3505,0.0,0.0,4.199,70.0,43,1,60.0,2026-05-02T00:12:47.805074,3.647
2026-05-02T00:11:48.103619,112.44,0.3197,108.51,0.3504,0.0,0.0,4.199,70.0,43,1,60.0,2026-05-02T00:12:48.103471,3.647
2026-05-02T00:11:48.398944,112.44,0.3197,108.51,0.3504,0.0,0.0,4.199,70.0,43,1,60.0,2026-05-02T00:12:48.398833,3.648
2026-05-02T00:11:48.694997,112.44,0.3197,108.51,0.3504,0.0,0.0,4.199,70.0,43,1,60.0,2026-05-02T00:12:48.694889,3.648
2026-05-02T00:11:48.989734,112.44,0.3197,108.51,0.3505,0.0,0.0,4.199,70.0,43,1,60.0,2026-05-02T00:12:48.989640,3.648
2026-05-02T00:11:49.291097,112.44,0.3197,108.51,0.3504,0.0,0.0,4.199,70.0,43,1,60.0,2026-05-02T00:12:49.290948,3.647
2026-05-02T00:11:49.584032,112.44,0.3197,108.51,0.3503,0.0,0.0,4.199,70.0,43,1,60.0,2026-05-02T00:12:49.583926,3.648
2026-05-02T00:11:49.879448,112.44,0.3197,108.51,0.3504,0.0,0.0,4.199,70.0,43,1,60.0,2026-05-02T00:12:49.879332,3.648
2026-05-02T00:11:50.174886,112.44,0.3197,108.51,0.3505,0.0,0.0,4.199,70.0,43,1,60.0,2026-05-02T00:12:50.174787,3.647
2026-05-02T00:11:50.469347,112.44,0.3197,108.51,0.3505,0.0,0.0,4.199,70.0,43,1,60.0,2026-05-02T00:12:50.469250,3.648
2026-05-02T00:11:50.766418,112.44,0.3197,108.51,0.3505,0.0,0.0,4.199,70.0,43,1,60.0,2026-05-02T00:12:50.766322,3.647
2026-05-02T00:11:51.061288,112.44,0.3197,108.51,0.3504,0.0,0.0,4.199,70.0,43,1,60.0,2026-05-02T00:12:51.061184,3.648
2026-05-02T00:11:51.358074,112.44,0.3197,108.51,0.3504,0.0,0.0,4.199,70.0,43,1,60.0,2026-05-02T00:12:51.357970,3.648
2026-05-02T00:11:51.653959,112.44,0.3197,108.51,0.3505,0.0,0.0,4.199,70.0,43,1,60.0,2026-05-02T00:12:51.653851,3.647
2026-05-02T00:11:51.952016,112.44,0.3197,108.51,0.3504,0.0,0.0,4.199,70.0,43,1,60.0,2026-05-02T00:12:51.951914,3.647
2026-05-02T00:11:52.246869,112.44,0.3197,108.51,0.3503,0.0,0.0,4.199,70.0,43,1,60.0,2026-05-02T00:12:52.246725,3.647
2026-05-02T00:11:52.544007,112.44,0.3197,108.51,0.3504,0.0,0.0,4.199,70.0,43,1,60.0,2026-05-02T00:12:52.543896,3.647
2026-05-02T00:11:52.841360,112.44,0.3197,108.51,0.3504,0.0,0.0,4.199,70.0,43,1,60.0,2026-05-02T00:12:52.841255,3.647
2026-05-02T00:11:53.135538,112.44,0.3197,108.51,0.3504,0.0,0.0,4.199,70.0,43,1,60.0,2026-05-02T00:12:53.135438,3.648
2026-05-02T00:11:53.433179,112.44,0.3197,108.51,0.3504,0.0,0.0,4.199,70.0,43,1,60.0,2026-05-02T00:12:53.433084,3.647
2026-05-02T00:11:53.730624,112.44,0.3197,108.51,0.3504,0.0,0.0,4.199,70.0,43,1,60.0,2026-05-02T00:12:53.730517,3.647
2026-05-02T00:11:54.026025,112.44,0.3197,108.51,0.3504,0.0,0.0,4.199,70.0,43,1,60.0,2026-05-02T00:12:54.025920,3.648
2026-05-02T00:11:54.323209,112.44,0.3197,108.51,0.3504,0.0,0.0,4.199,70.0,43,1,60.0,2026-05-02T00:12:54.323108,3.647
2026-05-02T00:11:54.620108,112.44,0.3197,108.51,0.3503,0.0,0.0,4.199,70.0,43,1,60.0,2026-05-02T00:12:54.619973,3.647
2026-05-02T00:11:54.914341,112.44,0.3197,108.51,0.3503,0.0,0.0,4.199,70.0,43,1,60.0,2026-05-02T00:12:54.914229,3.647
2026-05-02T00:11:55.211538,112.44,0.3197,108.51,0.3504,0.0,0.0,4.199,70.0,43,1,60.0,2026-05-02T00:12:55.211437,3.647
2026-05-02T00:11:55.506332,112.44,0.3197,108.51,0.3503,0.0,0.0,4.199,70.0,43,1,60.0,2026-05-02T00:12:55.506224,3.647
2026-05-02T00:11:55.800577,112.44,0.3197,108.51,0.3503,0.0,0.0,4.199,70.0,43,1,60.0,2026-05-02T00:12:55.800462,3.646
2026-05-02T00:11:56.095216,112.44,0.3197,108.51,0.3504,0.0,0.0,4.199,70.0,43,1,60.0,2026-05-02T00:12:56.095116,3.646
2026-05-02T00:11:56.391316,112.44,0.3197,108.51,0.3504,0.0,0.0,4.199,70.0,43,1,60.0,2026-05-02T00:12:56.391216,3.646
2026-05-02T00:11:56.686669,112.44,0.3197,108.51,0.3504,0.0,0.0,4.199,70.0,43,1,60.0,2026-05-02T00:12:56.686574,3.646
2026-05-02T00:11:56.982421,112.44,0.3197,108.51,0.3504,0.0,0.0,4.199,70.0,43,1,60.0,2026-05-02T00:12:56.982324,3.646
2026-05-02T00:11:57.278435,112.44,0.3197,108.51,0.3504,0.0,0.0,4.199,70.0,43,1,60.0,2026-05-02T00:12:57.278335,3.647
2026-05-02T00:11:57.573870,112.44,0.3197,108.51,0.3503,0.0,0.0,4.199,70.0,43,1,60.0,2026-05-02T00:12:57.573718,3.646
2026-05-02T00:11:57.867667,112.44,0.3197,108.51,0.3503,0.0,0.0,4.199,70.0,43,1,60.0,2026-05-02T00:12:57.867552,3.646
2026-05-02T00:11:58.163214,112.44,0.3197,108.51,0.3503,0.0,0.0,4.199,70.0,43,1,60.0,2026-05-02T00:12:58.163111,3.646
2026-05-02T00:11:58.466884,112.44,0.3197,108.5,0.3502,0.0,0.0,4.199,70.0,43,1,60.0,2026-05-02T00:12:58.466768,3.646
2026-05-02T00:11:58.772436,112.44,0.3197,108.5,0.3501,0.0,0.0,4.199,70.0,43,1,60.0,2026-05-02T00:12:58.772329,3.646
2026-05-02T00:11:59.066496,112.44,0.3197,108.5,0.3501,0.0,0.0,4.199,70.0,43,1,60.0,2026-05-02T00:12:59.066389,3.647
2026-05-02T00:11:59.358676,112.44,0.3197,108.51,0.3503,0.0,0.0,4.199,70.0,43,1,60.0,2026-05-02T00:12:59.358588,3.647
2026-05-02T00:11:59.656758,112.44,0.3197,108.51,0.3504,0.0,0.0,4.199,70.0,43,1,60.0,2026-05-02T00:12:59.656586,3.646
2026-05-02T00:11:59.952458,112.44,0.3197,108.51,0.3503,0.0,0.0,4.199,70.0,43,1,60.0,2026-05-02T00:12:59.952334,3.646
2026-05-02T00:12:00.248045,112.44,0.3197,108.51,0.3503,0.0,0.0,4.199,70.0,43,1,60.0,2026-05-02T00:13:00.247937,3.646
2026-05-02T00:12:00.550362,112.44,0.3197,108.5,0.3502,0.0,0.0,4.199,70.0,43,1,60.0,2026-05-02T00:13:00.550244,3.646
2026-05-02T00:12:00.848193,112.44,0.3197,108.5,0.3502,0.0,0.0,4.199,70.0,43,1,60.0,2026-05-02T00:13:00.848082,3.647
2026-05-02T00:12:01.145600,112.44,0.3197,108.5,0.3502,0.0,0.0,4.199,70.0,43,1,60.0,2026-05-02T00:13:01.145478,3.647
2026-05-02T00:12:01.439226,112.44,0.3197,108.51,0.3503,0.0,0.0,4.199,70.0,43,1,60.0,2026-05-02T00:13:01.439108,3.647
2026-05-02T00:12:01.732988,112.44,0.3197,108.51,0.3503,0.0,0.0,4.199,70.0,43,1,60.0,2026-05-02T00:13:01.732870,3.647
2026-05-02T00:12:02.029587,112.44,0.3197,108.51,0.3504,0.0,0.0,4.199,70.0,43,1,60.0,2026-05-02T00:13:02.029486,3.647
2026-05-02T00:12:02.323515,112.44,0.3197,108.51,0.3503,0.0,0.0,4.199,70.0,43,1,60.0,2026-05-02T00:13:02.323416,3.646
2026-05-02T00:12:02.620419,112.44,0.3197,108.51,0.3504,0.0,0.0,4.199,70.0,43,1,60.0,2026-05-02T00:13:02.620276,3.646
2026-05-02T00:12:02.915034,112.44,0.3197,108.51,0.3503,0.0,0.0,4.199,70.0,43,1,60.0,2026-05-02T00:13:02.914921,3.647
2026-05-02T00:12:03.211843,112.44,0.3197,108.51,0.3504,0.0,0.0,4.199,70.0,43,1,60.0,2026-05-02T00:13:03.211745,3.647
2026-05-02T00:12:03.506892,112.44,0.3197,108.51,0.3504,0.0,0.0,4.199,70.0,43,1,60.0,2026-05-02T00:13:03.506798,3.647
2026-05-02T00:12:03.803409,112.44,0.3197,108.51,0.3504,0.0,0.0,4.199,70.0,43,1,60.0,2026-05-02T00:13:03.803301,3.647
2026-05-02T00:12:04.100157,112.44,0.3197,108.51,0.3504,0.0,0.0,4.199,70.0,43,1,60.0,2026-05-02T00:13:04.100051,3.647
2026-05-02T00:12:04.396530,112.44,0.3197,108.51,0.3504,0.0,0.0,4.199,70.0,43,1,60.0,2026-05-02T00:13:04.396426,3.647
2026-05-02T00:12:04.692496,112.44,0.3197,108.51,0.3504,0.0,0.0,4.199,70.0,43,1,60.0,2026-05-02T00:13:04.692402,3.647
2026-05-02T00:12:04.990089,112.44,0.3197,108.51,0.3504,0.0,0.0,4.199,70.0,43,1,60.0,2026-05-02T00:13:04.989945,3.647
2026-05-02T00:12:05.291657,112.44,0.3197,108.5,0.3502,0.0,0.0,4.199,70.0,43,1,60.0,2026-05-02T00:13:05.291520,3.647
2026-05-02T00:12:05.585207,112.44,0.3197,108.51,0.3503,0.0,0.0,4.199,70.0,43,1,60.0,2026-05-02T00:13:05.585099,3.647
2026-05-02T00:12:05.881813,112.44,0.3197,108.51,0.3504,0.0,0.0,4.199,70.0,43,1,60.0,2026-05-02T00:13:05.881708,3.647
2026-05-02T00:12:06.190499,112.44,0.3197,108.5,0.3499,0.0,0.0,4.199,70.0,43,1,60.0,2026-05-02T00:13:06.190403,3.644
2026-05-02T00:12:06.481420,112.44,0.3197,108.5,0.3501,0.0,0.0,4.199,70.0,43,1,60.0,2026-05-02T00:13:06.481317,3.649
2026-05-02T00:12:06.777030,112.44,0.3197,108.51,0.3504,0.0,0.0,4.199,70.0,43,1,60.0,2026-05-02T00:13:06.776922,3.648
2026-05-02T00:12:07.072989,112.44,0.3197,108.51,0.3504,0.0,0.0,4.199,70.0,43,1,60.0,2026-05-02T00:13:07.072885,3.647
2026-05-02T00:12:07.369301,112.44,0.3197,108.51,0.3504,0.0,0.0,4.199,70.0,43,1,60.0,2026-05-02T00:13:07.369198,3.647
2026-05-02T00:12:07.667204,112.44,0.3197,108.51,0.3504,0.0,0.0,4.199,70.0,43,1,60.0,2026-05-02T00:13:07.667049,3.647
2026-05-02T00:12:07.960097,112.44,0.3197,108.51,0.3503,0.0,0.0,4.199,70.0,43,1,60.0,2026-05-02T00:13:07.959988,3.648
2026-05-02T00:12:08.256166,112.44,0.3197,108.51,0.3504,0.0,0.0,4.199,70.0,43,1,60.0,2026-05-02T00:13:08.256061,3.647
2026-05-02T00:12:08.552454,112.44,0.3197,108.51,0.3504,0.0,0.0,4.199,70.0,43,1,60.0,2026-05-02T00:13:08.552356,3.647
2026-05-02T00:12:08.848235,112.44,0.3197,108.51,0.3504,0.0,0.0,4.199,70.0,43,1,60.0,2026-05-02T00:13:08.848131,3.647
2026-05-02T00:12:09.146450,112.44,0.3197,108.51,0.3504,0.0,0.0,4.199,70.0,43,1,60.0,2026-05-02T00:13:09.146344,3.647
2026-05-02T00:12:09.440228,112.44,0.3197,108.51,0.3503,0.0,0.0,4.199,70.0,43,1,60.0,2026-05-02T00:13:09.440121,3.647
2026-05-02T00:12:09.737382,112.44,0.3197,108.51,0.3504,0.0,0.0,4.199,70.0,43,1,60.0,2026-05-02T00:13:09.737279,3.647
2026-05-02T00:12:10.034323,112.44,0.3197,108.51,0.3504,0.0,0.0,4.199,70.0,43,1,60.0,2026-05-02T00:13:10.034180,3.647
2026-05-02T00:12:10.331311,112.44,0.3197,108.51,0.3504,0.0,0.0,4.199,70.0,43,1,60.0,2026-05-02T00:13:10.331192,3.647
2026-05-02T00:12:10.628324,112.44,0.3197,108.51,0.3504,0.0,0.0,4.199,70.0,43,1,60.0,2026-05-02T00:13:10.628213,3.647
2026-05-02T00:12:10.925224,112.44,0.3197,108.51,0.3504,0.0,0.0,4.199,70.0,43,1,60.0,2026-05-02T00:13:10.925118,3.647
2026-05-02T00:12:11.222212,112.44,0.3197,108.51,0.3504,0.0,0.0,4.199,70.0,43,1,60.0,2026-05-02T00:13:11.222119,3.647
2026-05-02T00:12:11.516350,112.44,0.3197,108.51,0.3504,0.0,0.0,4.199,70.0,43,1,60.0,2026-05-02T00:13:11.516247,3.648
2026-05-02T00:12:11.810446,112.44,0.3197,108.51,0.3504,0.0,0.0,4.199,70.0,43,1,60.0,2026-05-02T00:13:11.810344,3.648
2026-05-02T00:12:12.108115,112.44,0.3197,108.51,0.3504,0.0,0.0,4.199,70.0,43,1,60.0,2026-05-02T00:13:12.108005,3.647
2026-05-02T00:12:12.403830,112.44,0.3197,108.51,0.3504,0.0,0.0,4.199,70.0,43,1,60.0,2026-05-02T00:13:12.403716,3.647
2026-05-02T00:12:12.699718,112.44,0.3197,108.51,0.3503,0.0,0.0,4.199,70.0,43,1,60.0,2026-05-02T00:13:12.699613,3.647
2026-05-02T00:12:12.994791,112.44,0.3197,108.51,0.3503,0.0,0.0,4.199,70.0,43,1,60.0,2026-05-02T00:13:12.994640,3.647
2026-05-02T00:12:13.290928,112.44,0.3197,108.51,0.3504,0.0,0.0,4.199,70.0,43,1,60.0,2026-05-02T00:13:13.290832,3.647
2026-05-02T00:12:13.585468,112.44,0.3197,108.51,0.3503,0.0,0.0,4.199,70.0,43,1,60.0,2026-05-02T00:13:13.585364,3.647
2026-05-02T00:12:13.883717,112.44,0.3197,108.51,0.3504,0.0,0.0,4.199,70.0,43,1,60.0,2026-05-02T00:13:13.883577,3.647
2026-05-02T00:12:14.178431,112.44,0.3197,108.51,0.3503,0.0,0.0,4.199,70.0,43,1,60.0,2026-05-02T00:13:14.178324,3.647
2026-05-02T00:12:14.474794,112.44,0.3197,108.51,0.3504,0.0,0.0,4.199,70.0,43,1,60.0,2026-05-02T00:13:14.474691,3.647
2026-05-02T00:12:14.772235,112.44,0.3197,108.51,0.3504,0.0,0.0,4.199,70.0,43,1,60.0,2026-05-02T00:13:14.772121,3.647
2026-05-02T00:12:15.069060,112.44,0.3197,108.51,0.3504,0.0,0.0,4.199,70.0,43,1,60.0,2026-05-02T00:13:15.068959,3.647
2026-05-02T00:12:15.363508,112.44,0.3197,108.51,0.3503,0.0,0.0,4.199,70.0,43,1,60.0,2026-05-02T00:13:15.363330,3.647
2026-05-02T00:12:15.657622,112.44,0.3197,108.51,0.3503,0.0,0.0,4.199,70.0,43,1,60.0,2026-05-02T00:13:15.657518,3.647
2026-05-02T00:12:15.955439,112.44,0.3197,108.51,0.3504,0.0,0.0,4.199,70.0,43,1,60.0,2026-05-02T00:13:15.955337,3.647
2026-05-02T00:12:16.252324,112.44,0.3197,108.51,0.3504,0.0,0.0,4.199,70.0,43,1,60.0,2026-05-02T00:13:16.252220,3.647
2026-05-02T00:12:16.546213,112.44,0.3197,108.51,0.3503,0.0,0.0,4.199,70.0,43,1,60.0,2026-05-02T00:13:16.546072,3.647
2026-05-02T00:12:16.843524,112.44,0.3197,108.51,0.3504,0.0,0.0,4.199,70.0,43,1,60.0,2026-05-02T00:13:16.843405,3.647
2026-05-02T00:12:17.141123,112.44,0.3197,108.51,0.3504,0.0,0.0,4.199,70.0,43,1,60.0,2026-05-02T00:13:17.141022,3.647
2026-05-02T00:12:17.438060,112.44,0.3197,108.51,0.3504,0.0,0.0,4.199,70.0,43,1,60.0,2026-05-02T00:13:17.437952,3.647
2026-05-02T00:12:17.736113,112.44,0.3197,108.51,0.3504,0.0,0.0,4.199,70.0,43,1,60.0,2026-05-02T00:13:17.736007,3.647
2026-05-02T00:12:18.030410,112.44,0.3197,108.51,0.3503,0.0,0.0,4.199,70.0,43,1,60.0,2026-05-02T00:13:18.030297,3.647
2026-05-02T00:12:18.326075,112.44,0.3197,108.51,0.3503,0.0,0.0,4.199,70.0,43,1,60.0,2026-05-02T00:13:18.325955,3.647
2026-05-02T00:12:18.621446,112.44,0.3197,108.51,0.3504,0.0,0.0,4.199,70.0,43,1,60.0,2026-05-02T00:13:18.621346,3.647
2026-05-02T00:12:18.918621,112.44,0.3197,108.51,0.3504,0.0,0.0,4.199,70.0,43,1,60.0,2026-05-02T00:13:18.918517,3.647
2026-05-02T00:12:19.214737,112.44,0.3197,108.51,0.3504,0.0,0.0,4.199,70.0,43,1,60.0,2026-05-02T00:13:19.214629,3.647
2026-05-02T00:12:19.508227,112.44,0.3197,108.51,0.3503,0.0,0.0,4.199,70.0,43,1,60.0,2026-05-02T00:13:19.508115,3.647
2026-05-02T00:12:19.806511,112.44,0.3197,108.51,0.3504,0.0,0.0,4.199,70.0,43,1,60.0,2026-05-02T00:13:19.806403,3.647
2026-05-02T00:12:20.100362,112.44,0.3197,108.51,0.3503,0.0,0.0,4.199,70.0,43,1,60.0,2026-05-02T00:13:20.100263,3.647
2026-05-02T00:12:20.396761,112.44,0.3197,108.51,0.3503,0.0,0.0,4.199,70.0,43,1,60.0,2026-05-02T00:13:20.396615,3.647
2026-05-02T00:12:20.696169,112.42,0.2412,108.39,0.3451,0.0,0.0,4.199,70.0,43,1,60.0,2026-05-02T00:13:20.696056,3.681
2026-05-02T00:12:20.994923,112.42,0.2412,108.0,0.327,0.0,0.0,4.199,70.0,43,1,60.0,2026-05-02T00:13:20.994816,3.746
2026-05-02T00:12:21.299137,112.42,0.2412,107.78,0.317,0.0,0.0,4.199,70.0,43,1,60.0,2026-05-02T00:13:21.299038,3.73
2026-05-02T00:12:21.599053,112.41,0.2412,107.65,0.3112,0.0,0.0,4.199,70.0,43,1,60.0,2026-05-02T00:13:21.598934,3.704
2026-05-02T00:12:21.895130,112.41,0.2412,107.58,0.308,0.0,0.0,4.199,70.0,43,1,60.0,2026-05-02T00:13:21.895033,3.674
2026-05-02T00:12:22.188178,112.41,0.2412,107.53,0.3059,0.0,0.0,4.199,70.0,43,1,60.0,2026-05-02T00:13:22.188076,3.654
2026-05-02T00:12:22.488050,111.5,0.241,107.35,0.2978,0.0,0.0,4.199,70.0,43,1,60.0,2026-05-02T00:13:22.487938,3.682
2026-05-02T00:12:22.785155,111.5,0.241,107.27,0.294,0.0,0.0,4.199,70.0,43,1,60.0,2026-05-02T00:13:22.785053,3.672
2026-05-02T00:12:23.081158,111.48,0.241,107.22,0.2918,0.0,0.0,4.199,70.0,43,1,60.0,2026-05-02T00:13:23.081046,3.661
2026-05-02T00:12:23.381596,111.48,0.2387,107.17,0.2897,0.0,0.0,4.199,70.0,43,1,60.0,2026-05-02T00:13:23.381479,3.654
2026-05-02T00:12:23.679284,111.48,0.2387,107.14,0.2885,0.0,0.0,4.199,70.0,43,1,60.0,2026-05-02T00:13:23.679185,3.646
2026-05-02T00:12:23.980385,111.47,0.2387,107.12,0.2875,0.0,0.0,4.199,70.0,43,1,60.0,2026-05-02T00:13:23.980272,3.639
2026-05-02T00:12:24.280363,111.47,0.2387,107.11,0.2869,0.0,0.0,4.199,70.0,43,1,60.0,2026-05-02T00:13:24.280258,3.634
2026-05-02T00:12:24.572702,111.47,0.2387,107.1,0.2867,0.0,0.0,4.199,70.0,43,1,60.0,2026-05-02T00:13:24.572598,3.632
2026-05-02T00:12:24.874892,111.42,0.2379,107.09,0.2863,0.0,0.0,4.199,70.0,43,1,60.0,2026-05-02T00:13:24.874777,3.631
2026-05-02T00:12:25.168619,111.42,0.2395,107.09,0.286,0.0,0.0,4.199,70.0,43,1,60.0,2026-05-02T00:13:25.168515,3.63
2026-05-02T00:12:25.472065,111.42,0.2395,107.09,0.286,0.0,0.0,4.199,70.0,43,1,60.0,2026-05-02T00:13:25.471895,3.628
2026-05-02T00:12:25.772252,111.39,0.2311,107.07,0.2851,0.0,0.0,4.199,70.0,43,1,60.0,2026-05-02T00:13:25.772137,3.633
2026-05-02T00:12:26.076669,111.39,0.2311,107.02,0.283,0.0,0.0,4.199,70.0,43,1,60.0,2026-05-02T00:13:26.076558,3.639
2026-05-02T00:12:26.375474,111.39,0.2311,106.99,0.2818,0.0,0.0,4.199,70.0,43,1,60.0,2026-05-02T00:13:26.375374,3.637
2026-05-02T00:12:26.675426,111.33,0.2311,106.97,0.2809,0.0,0.0,4.199,70.0,43,1,60.0,2026-05-02T00:13:26.675301,3.635
2026-05-02T00:12:26.974366,111.33,0.2311,106.96,0.2803,0.0,0.0,4.199,70.0,43,1,60.0,2026-05-02T00:13:26.974260,3.633
2026-05-02T00:12:27.270750,111.33,0.2311,106.95,0.2799,0.0,0.0,4.199,70.0,43,1,60.0,2026-05-02T00:13:27.270642,3.63
2026-05-02T00:12:27.568254,111.26,0.2302,106.92,0.2786,0.0,0.0,4.199,70.0,43,1,60.0,2026-05-02T00:13:27.568148,3.635
2026-05-02T00:12:27.865488,111.26,0.2302,106.91,0.2782,0.0,0.0,4.199,70.0,43,1,60.0,2026-05-02T00:13:27.865376,3.631
2026-05-02T00:12:28.165502,111.26,0.2302,106.91,0.278,0.0,0.0,4.199,70.0,43,1,60.0,2026-05-02T00:13:28.165383,3.628
2026-05-02T00:12:28.463322,111.19,0.2285,106.86,0.2761,0.0,0.0,4.199,70.0,43,1,60.0,2026-05-02T00:13:28.463224,3.635
2026-05-02T00:12:28.763472,111.19,0.2285,106.86,0.2758,0.0,0.0,4.199,70.0,43,1,60.0,2026-05-02T00:13:28.763296,3.63
2026-05-02T00:12:29.061528,111.11,0.2285,106.85,0.2756,0.0,0.0,4.199,70.0,43,1,60.0,2026-05-02T00:13:29.061416,3.629
2026-05-02T00:12:29.360267,111.11,0.2311,106.85,0.2755,0.0,0.0,4.199,70.0,43,1,60.0,2026-05-02T00:13:29.360145,3.627
2026-05-02T00:12:29.659413,111.11,0.2311,106.85,0.2757,0.0,0.0,4.199,70.0,43,1,60.0,2026-05-02T00:13:29.659312,3.626
2026-05-02T00:12:29.958274,111.03,0.2285,106.85,0.2753,0.0,0.0,4.199,70.0,43,1,60.0,2026-05-02T00:13:29.958160,3.629
2026-05-02T00:12:30.255873,111.03,0.232,106.84,0.2752,0.0,0.0,4.199,70.0,43,1,60.0,2026-05-02T00:13:30.255771,3.629
2026-05-02T00:12:30.553900,111.03,0.232,106.85,0.2753,0.0,0.0,4.199,70.0,43,1,60.0,2026-05-02T00:13:30.553785,3.629
2026-05-02T00:12:30.860641,110.96,0.2311,106.83,0.2745,0.0,0.0,4.199,70.0,43,1,60.0,2026-05-02T00:13:30.860493,3.631
2026-05-02T00:12:31.160042,110.96,0.2311,106.82,0.274,0.0,0.0,4.199,70.0,43,1,60.0,2026-05-02T00:13:31.159910,3.634
2026-05-02T00:12:31.457584,110.96,0.2311,106.81,0.2739,0.0,0.0,4.199,70.0,43,1,60.0,2026-05-02T00:13:31.457445,3.633
2026-05-02T00:12:31.755787,110.87,0.2275,106.78,0.2725,0.0,0.0,4.199,70.0,43,1,60.0,2026-05-02T00:13:31.755641,3.64
2026-05-02T00:12:32.054303,110.87,0.2275,106.76,0.2715,0.0,0.0,4.199,70.0,43,1,60.0,2026-05-02T00:13:32.054188,3.641
2026-05-02T00:12:32.352219,110.87,0.2275,106.75,0.271,0.0,0.0,4.199,70.0,43,1,60.0,2026-05-02T00:13:32.352117,3.638
2026-05-02T00:12:32.650771,110.79,0.2275,106.72,0.2697,0.0,0.0,4.199,70.0,43,1,60.0,2026-05-02T00:13:32.650673,3.641
2026-05-02T00:12:32.953929,110.79,0.2275,106.71,0.2692,0.0,0.0,4.199,70.0,43,1,60.0,2026-05-02T00:13:32.953796,3.637
2026-05-02T00:12:33.253413,110.79,0.2275,106.7,0.269,0.0,0.0,4.199,70.0,43,1,60.0,2026-05-02T00:13:33.253306,3.635
2026-05-02T00:12:33.551052,110.71,0.2244,106.68,0.2678,0.0,0.0,4.199,70.0,43,1,60.0,2026-05-02T00:13:33.550941,3.64
2026-05-02T00:12:33.845498,110.71,0.2244,106.66,0.267,0.0,0.0,4.199,70.0,43,1,60.0,2026-05-02T00:13:33.845383,3.641
2026-05-02T00:12:34.146940,110.63,0.2244,106.64,0.2663,0.0,0.0,4.199,70.0,43,1,60.0,2026-05-02T00:13:34.146811,3.639
2026-05-02T00:12:34.444895,110.63,0.2243,106.62,0.2655,0.0,0.0,4.199,70.0,43,1,60.0,2026-05-02T00:13:34.444788,3.639
2026-05-02T00:12:34.739500,110.63,0.2243,106.61,0.2652,0.0,0.0,4.199,70.0,43,1,60.0,2026-05-02T00:13:34.739388,3.638
2026-05-02T00:12:35.038060,110.54,0.2194,106.59,0.2643,0.0,0.0,4.199,70.0,43,1,60.0,2026-05-02T00:13:35.037953,3.641
2026-05-02T00:12:35.338005,110.54,0.2252,106.58,0.2638,0.0,0.0,4.199,70.0,43,1,60.0,2026-05-02T00:13:35.337906,3.639
2026-05-02T00:12:35.637317,110.54,0.2252,106.58,0.2637,0.0,0.0,4.199,70.0,43,1,60.0,2026-05-02T00:13:35.637198,3.637
2026-05-02T00:12:35.934411,110.46,0.2227,106.56,0.2627,0.0,0.0,4.199,70.0,43,1,60.0,2026-05-02T00:13:35.934275,3.641
2026-05-02T00:12:36.233465,110.46,0.2227,106.54,0.2619,0.0,0.0,4.199,70.0,43,1,60.0,2026-05-02T00:13:36.233348,3.642
2026-05-02T00:12:36.532315,110.46,0.2227,106.53,0.2615,0.0,0.0,4.199,70.0,43,1,60.0,2026-05-02T00:13:36.532214,3.64
2026-05-02T00:12:36.828414,110.38,0.2142,106.5,0.26,0.0,0.0,4.199,70.0,43,1,60.0,2026-05-02T00:13:36.828305,3.646
2026-05-02T00:12:37.127974,110.38,0.2186,106.47,0.2589,0.0,0.0,4.199,70.0,43,1,60.0,2026-05-02T00:13:37.127866,3.646
2026-05-02T00:12:37.426752,110.38,0.2186,106.45,0.2582,0.0,0.0,4.199,70.0,43,1,60.0,2026-05-02T00:13:37.426656,3.644
2026-05-02T00:12:37.727721,110.3,0.2176,106.42,0.2567,0.0,0.0,4.199,70.0,43,1,60.0,2026-05-02T00:13:37.727606,3.646
2026-05-02T00:12:38.040798,110.3,0.2176,106.41,0.2561,0.0,0.0,4.199,70.0,43,1,60.0,2026-05-02T00:13:38.040671,3.644
2026-05-02T00:12:38.426945,110.3,0.2176,106.33,0.2526,0.0,0.0,4.199,70.0,43,1,60.0,2026-05-02T00:13:38.426786,3.641
2026-05-02T00:12:38.725236,110.22,0.2176,106.35,0.2535,0.0,0.0,4.199,70.0,43,1,60.0,2026-05-02T00:13:38.725117,3.639
2026-05-02T00:12:39.024512,110.22,0.2176,106.35,0.2538,0.0,0.0,4.199,70.0,43,1,60.0,2026-05-02T00:13:39.024384,3.638
2026-05-02T00:12:39.323685,110.12,0.2176,106.35,0.2536,0.0,0.0,4.199,70.0,43,1,60.0,2026-05-02T00:13:39.323563,3.639
2026-05-02T00:12:39.624677,110.12,0.2108,106.31,0.2517,0.0,0.0,4.199,70.0,43,1,60.0,2026-05-02T00:13:39.624558,3.648
2026-05-02T00:12:39.923380,110.12,0.2108,106.27,0.2503,0.0,0.0,4.199,70.0,43,1,60.0,2026-05-02T00:13:39.923270,3.648
2026-05-02T00:12:40.222066,110.04,0.206,106.25,0.2491,0.0,0.0,4.199,70.0,43,1,60.0,2026-05-02T00:13:40.221949,3.65
2026-05-02T00:12:40.519819,110.04,0.2058,106.2,0.2471,0.0,0.0,4.199,70.0,43,1,60.0,2026-05-02T00:13:40.519707,3.653
2026-05-02T00:12:40.814245,110.04,0.2058,106.18,0.2461,0.0,0.0,4.199,70.0,43,1,60.0,2026-05-02T00:13:40.814137,3.648
2026-05-02T00:12:41.114767,109.95,0.2014,106.14,0.2446,0.0,0.0,4.199,70.0,43,1,60.0,2026-05-02T00:13:41.114620,3.647
2026-05-02T00:12:41.414964,109.95,0.2014,106.1,0.2427,0.0,0.0,4.199,70.0,43,1,60.0,2026-05-02T00:13:41.414857,3.651
2026-05-02T00:12:41.713167,109.95,0.2014,106.08,0.2418,0.0,0.0,4.199,70.0,43,1,60.0,2026-05-02T00:13:41.713057,3.646
2026-05-02T00:12:42.017453,109.88,0.1965,106.04,0.2402,0.0,0.0,4.199,70.0,43,1,60.0,2026-05-02T00:13:42.017343,3.648
2026-05-02T00:12:42.318522,109.88,0.2023,106.04,0.24,0.0,0.0,4.199,70.0,43,1,60.0,2026-05-02T00:13:42.318390,3.642
2026-05-02T00:12:42.617256,109.88,0.2023,106.03,0.2399,0.0,0.0,4.199,70.0,43,1,60.0,2026-05-02T00:13:42.617158,3.639
2026-05-02T00:12:42.920595,109.8,0.2066,106.03,0.2396,0.0,0.0,4.199,70.0,43,1,60.0,2026-05-02T00:13:42.920459,3.637
2026-05-02T00:12:43.222107,109.8,0.2066,106.04,0.24,0.0,0.0,4.199,70.0,43,1,60.0,2026-05-02T00:13:43.221988,3.635
2026-05-02T00:12:43.522797,109.8,0.2066,106.04,0.2403,0.0,0.0,4.199,70.0,43,1,60.0,2026-05-02T00:13:43.522685,3.635
2026-05-02T00:12:43.822052,109.71,0.2014,106.0,0.2387,0.0,0.0,4.199,70.0,43,1,60.0,2026-05-02T00:13:43.821934,3.645
2026-05-02T00:12:44.124034,109.71,0.2014,105.98,0.2377,0.0,0.0,4.199,70.0,43,1,60.0,2026-05-02T00:13:44.123884,3.646
2026-05-02T00:12:44.426039,109.71,0.2014,105.97,0.2372,0.0,0.0,4.199,70.0,43,1,60.0,2026-05-02T00:13:44.425911,3.643
2026-05-02T00:12:44.725527,109.64,0.1983,105.93,0.2355,0.0,0.0,4.199,70.0,43,1,60.0,2026-05-02T00:13:44.725407,3.649
2026-05-02T00:12:45.025086,109.64,0.1983,105.91,0.2347,0.0,0.0,4.199,70.0,43,1,60.0,2026-05-02T00:13:45.024972,3.647
2026-05-02T00:12:45.326683,109.57,0.1983,105.9,0.234,0.0,0.0,4.199,70.0,43,1,60.0,2026-05-02T00:13:45.326562,3.645
2026-05-02T00:12:45.635591,109.57,0.1973,105.87,0.2327,0.0,0.0,4.199,70.0,43,1,60.0,2026-05-02T00:13:45.635457,3.645
2026-05-02T00:12:45.938670,109.57,0.1973,105.85,0.2322,0.0,0.0,4.199,70.0,43,1,60.0,2026-05-02T00:13:45.938564,3.644
2026-05-02T00:12:46.246151,109.49,0.1973,105.84,0.2316,0.0,0.0,4.199,70.0,43,1,60.0,2026-05-02T00:13:46.246001,3.643
2026-05-02T00:12:46.546278,109.49,0.1973,105.83,0.231,0.0,0.0,4.199,70.0,43,1,60.0,2026-05-02T00:13:46.546162,3.645
2026-05-02T00:12:46.845997,109.49,0.1973,105.82,0.2308,0.0,0.0,4.199,70.0,43,1,60.0,2026-05-02T00:13:46.845886,3.642
2026-05-02T00:12:47.145704,109.42,0.1931,105.8,0.2298,0.0,0.0,4.199,70.0,43,1,60.0,2026-05-02T00:13:47.145586,3.647
2026-05-02T00:12:47.443111,109.42,0.1931,105.77,0.2287,0.0,0.0,4.199,70.0,43,1,60.0,2026-05-02T00:13:47.443006,3.649
2026-05-02T00:12:47.740753,109.42,0.1931,105.76,0.228,0.0,0.0,4.199,70.0,43,1,60.0,2026-05-02T00:13:47.740649,3.647
2026-05-02T00:12:48.040067,109.37,0.1907,105.73,0.2267,0.0,0.0,4.199,70.0,43,1,60.0,2026-05-02T00:13:48.039953,3.649
2026-05-02T00:12:48.338050,109.37,0.1907,105.71,0.2259,0.0,0.0,4.199,70.0,43,1,60.0,2026-05-02T00:13:48.337938,3.647
2026-05-02T00:12:48.636688,109.37,0.1907,105.7,0.2255,0.0,0.0,4.199,70.0,43,1,60.0,2026-05-02T00:13:48.636590,3.644
2026-05-02T00:12:48.936113,109.31,0.1907,105.67,0.2245,0.0,0.0,4.199,70.0,43,1,60.0,2026-05-02T00:13:48.936006,3.646
2026-05-02T00:12:49.237482,109.31,0.1907,105.67,0.2241,0.0,0.0,4.199,70.0,43,1,60.0,2026-05-02T00:13:49.237367,3.643
2026-05-02T00:12:49.538260,109.31,0.1907,105.66,0.2239,0.0,0.0,4.199,70.0,43,1,60.0,2026-05-02T00:13:49.538129,3.641
2026-05-02T00:12:49.838594,109.25,0.1872,105.63,0.2227,0.0,0.0,4.199,70.0,43,1,60.0,2026-05-02T00:13:49.838489,3.646
2026-05-02T00:12:50.137264,109.25,0.1872,105.61,0.222,0.0,0.0,4.199,70.0,43,1,60.0,2026-05-02T00:13:50.137139,3.646
2026-05-02T00:12:50.434621,109.2,0.1872,105.6,0.2214,0.0,0.0,4.199,70.0,43,1,60.0,2026-05-02T00:13:50.434514,3.645
2026-05-02T00:12:50.732996,109.2,0.183,105.57,0.2199,0.0,0.0,4.199,70.0,43,1,60.0,2026-05-02T00:13:50.732890,3.649
2026-05-02T00:12:51.031802,109.2,0.183,105.54,0.219,0.0,0.0,4.199,70.0,43,1,60.0,2026-05-02T00:13:51.031687,3.647
2026-05-02T00:12:51.330148,109.15,0.1805,105.52,0.2181,0.0,0.0,4.199,70.0,43,1,60.0,2026-05-02T00:13:51.330043,3.647
2026-05-02T00:12:51.634274,109.15,0.1805,105.5,0.2169,0.0,0.0,4.199,70.0,43,1,60.0,2026-05-02T00:13:51.634138,3.647
2026-05-02T00:12:51.930800,109.15,0.1805,105.48,0.2164,0.0,0.0,4.199,70.0,43,1,60.0,2026-05-02T00:13:51.930689,3.645
2026-05-02T00:12:52.229549,109.1,0.178,105.46,0.2154,0.0,0.0,4.199,70.0,43,1,60.0,2026-05-02T00:13:52.229434,3.645
2026-05-02T00:12:52.528747,109.1,0.1847,105.48,0.2162,0.0,0.0,4.199,70.0,43,1,60.0,2026-05-02T00:13:52.528625,3.637
2026-05-02T00:12:52.826464,109.1,0.1847,105.49,0.2166,0.0,0.0,4.199,70.0,43,1,60.0,2026-05-02T00:13:52.826357,3.636
2026-05-02T00:12:53.125299,109.06,0.1703,105.46,0.2153,0.0,0.0,4.199,70.0,43,1,60.0,2026-05-02T00:13:53.125179,3.646
2026-05-02T00:12:53.422244,109.06,0.1726,105.4,0.2128,0.0,0.0,4.199,70.0,43,1,60.0,2026-05-02T00:13:53.422142,3.654
2026-05-02T00:12:53.720279,109.06,0.1726,105.37,0.2116,0.0,0.0,4.199,70.0,43,1,60.0,2026-05-02T00:13:53.720170,3.651
2026-05-02T00:12:54.019560,109.01,0.1726,105.34,0.2102,0.0,0.0,4.199,70.0,43,1,60.0,2026-05-02T00:13:54.019450,3.649
2026-05-02T00:12:54.315918,109.01,0.1726,105.32,0.2096,0.0,0.0,4.199,70.0,43,1,60.0,2026-05-02T00:13:54.315821,3.644
2026-05-02T00:12:54.615895,109.01,0.1726,105.31,0.2092,0.0,0.0,4.199,70.0,43,1,60.0,2026-05-02T00:13:54.615737,3.64
2026-05-02T00:12:54.914433,108.97,0.1678,105.28,0.2078,0.0,0.0,4.199,70.0,43,1,60.0,2026-05-02T00:13:54.914326,3.645
2026-05-02T00:12:55.212392,108.97,0.1678,105.26,0.2069,0.0,0.0,4.199,70.0,43,1,60.0,2026-05-02T00:13:55.212282,3.644
2026-05-02T00:12:55.510546,108.94,0.1678,105.24,0.2062,0.0,0.0,4.199,70.0,43,1,60.0,2026-05-02T00:13:55.510437,3.642
2026-05-02T00:12:55.808729,108.94,0.1668,105.22,0.2051,0.0,0.0,4.199,70.0,43,1,60.0,2026-05-02T00:13:55.808623,3.642
2026-05-02T00:12:56.106691,108.94,0.1668,105.21,0.2048,0.0,0.0,4.199,70.0,43,1,60.0,2026-05-02T00:13:56.106583,3.639
2026-05-02T00:12:56.405072,108.89,0.1636,105.19,0.2041,0.0,0.0,4.199,70.0,43,1,60.0,2026-05-02T00:13:56.404970,3.64
2026-05-02T00:12:56.708038,108.89,0.1668,105.18,0.2036,0.0,0.0,4.199,70.0,43,1,60.0,2026-05-02T00:13:56.707873,3.637
2026-05-02T00:12:57.007456,108.89,0.1668,105.18,0.2035,0.0,0.0,4.199,70.0,43,1,60.0,2026-05-02T00:13:57.007344,3.637
2026-05-02T00:12:57.305156,108.85,0.1668,105.17,0.2033,0.0,0.0,4.199,70.0,43,1,60.0,2026-05-02T00:13:57.305059,3.636
2026-05-02T00:12:57.603531,108.85,0.167,105.17,0.203,0.0,0.0,4.199,70.0,43,1,60.0,2026-05-02T00:13:57.603427,3.636
2026-05-02T00:12:57.901603,108.85,0.167,105.17,0.203,0.0,0.0,4.199,70.0,43,1,60.0,2026-05-02T00:13:57.901502,3.636
2026-05-02T00:12:58.200513,108.81,0.1687,105.16,0.2027,0.0,0.0,4.199,70.0,43,1,60.0,2026-05-02T00:13:58.200402,3.636
2026-05-02T00:12:58.498834,108.81,0.1687,105.16,0.2028,0.0,0.0,4.199,70.0,43,1,60.0,2026-05-02T00:13:58.498702,3.636
2026-05-02T00:12:58.796133,108.81,0.1687,105.16,0.2029,0.0,0.0,4.199,70.0,43,1,60.0,2026-05-02T00:13:58.796021,3.635
2026-05-02T00:12:59.094533,108.77,0.1686,105.16,0.2026,0.0,0.0,4.199,70.0,43,1,60.0,2026-05-02T00:13:59.094411,3.637
2026-05-02T00:12:59.393544,108.77,0.1686,105.16,0.2025,0.0,0.0,4.199,70.0,43,1,60.0,2026-05-02T00:13:59.393439,3.636
2026-05-02T00:12:59.695910,108.77,0.1686,105.15,0.2023,0.0,0.0,4.199,70.0,43,1,60.0,2026-05-02T00:13:59.695760,3.635
2026-05-02T00:12:59.995712,108.73,0.1668,105.13,0.2015,0.0,0.0,4.199,70.0,43,1,60.0,2026-05-02T00:13:59.995594,3.641
2026-05-02T00:13:00.293224,108.73,0.1668,105.12,0.2012,0.0,0.0,4.199,70.0,43,1,60.0,2026-05-02T00:14:00.293129,3.64
2026-05-02T00:13:00.591640,108.73,0.1668,105.12,0.2011,0.0,0.0,4.199,70.0,43,1,60.0,2026-05-02T00:14:00.591527,3.638
2026-05-02T00:13:00.890579,108.7,0.1668,105.1,0.2004,0.0,0.0,4.199,70.0,43,1,60.0,2026-05-02T00:14:00.890482,3.64
2026-05-02T00:13:01.189171,108.7,0.1668,105.1,0.2004,0.0,0.0,4.199,70.0,43,1,60.0,2026-05-02T00:14:01.189032,3.638
2026-05-02T00:13:01.486816,108.67,0.1668,105.1,0.2003,0.0,0.0,4.199,70.0,43,1,60.0,2026-05-02T00:14:01.486671,3.638
2026-05-02T00:13:01.787472,108.67,0.1653,105.08,0.1992,0.0,0.0,4.199,70.0,43,1,60.0,2026-05-02T00:14:01.787297,3.661
2026-05-02T00:13:02.085997,108.67,0.1653,105.08,0.1996,0.0,0.0,4.199,70.0,43,1,60.0,2026-05-02T00:14:02.085883,3.655
2026-05-02T00:13:02.384190,108.63,0.1596,105.07,0.1991,0.0,0.0,4.199,70.0,43,1,60.0,2026-05-02T00:14:02.384086,3.65
2026-05-02T00:13:02.682935,108.63,0.16,105.04,0.1975,0.0,0.0,4.199,70.0,43,1,60.0,2026-05-02T00:14:02.682823,3.65
2026-05-02T00:13:02.985814,108.63,0.16,105.01,0.1966,0.0,0.0,4.199,70.0,43,1,60.0,2026-05-02T00:14:02.985692,3.645
2026-05-02T00:13:03.284230,108.6,0.16,105.0,0.1959,0.0,0.0,4.199,70.0,43,1,60.0,2026-05-02T00:14:03.284116,3.643
2026-05-02T00:13:03.583042,108.6,0.1645,105.01,0.1966,0.0,0.0,4.199,70.0,43,1,60.0,2026-05-02T00:14:03.582924,3.636
2026-05-02T00:13:03.881579,108.6,0.1645,105.02,0.197,0.0,0.0,4.199,70.0,43,1,60.0,2026-05-02T00:14:03.881478,3.635
2026-05-02T00:13:04.181108,108.57,0.1627,105.01,0.1964,0.0,0.0,4.199,70.0,43,1,60.0,2026-05-02T00:14:04.181001,3.638
2026-05-02T00:13:04.479967,108.57,0.1627,105.01,0.1962,0.0,0.0,4.199,70.0,43,1,60.0,2026-05-02T00:14:04.479873,3.64
2026-05-02T00:13:04.779628,108.57,0.1627,105.0,0.196,0.0,0.0,4.199,70.0,43,1,60.0,2026-05-02T00:14:04.779467,3.638
2026-05-02T00:13:05.078401,108.55,0.1452,104.94,0.1937,0.0,0.0,4.199,70.0,43,1,60.0,2026-05-02T00:14:05.078295,3.652
2026-05-02T00:13:05.374773,108.55,0.1452,104.87,0.1904,0.0,0.0,4.199,70.0,43,1,60.0,2026-05-02T00:14:05.374670,3.66
2026-05-02T00:13:05.672722,108.55,0.1452,104.82,0.1886,0.0,0.0,4.199,70.0,43,1,60.0,2026-05-02T00:14:05.672621,3.652
2026-05-02T00:13:05.970093,108.52,0.1384,104.76,0.186,0.0,0.0,4.199,70.0,43,1,60.0,2026-05-02T00:14:05.969984,3.654
2026-05-02T00:13:06.266305,108.52,0.1384,104.71,0.1841,0.0,0.0,4.199,70.0,43,1,60.0,2026-05-02T00:14:06.266196,3.648
2026-05-02T00:13:06.564407,108.5,0.1384,104.69,0.1831,0.0,0.0,4.199,70.0,43,1,60.0,2026-05-02T00:14:06.564298,3.641
2026-05-02T00:13:06.866099,108.5,0.1231,104.59,0.1788,0.0,0.0,4.199,70.0,43,1,60.0,2026-05-02T00:14:06.865912,3.654
2026-05-02T00:13:07.169677,108.5,0.1231,104.52,0.1759,0.0,0.0,4.199,70.0,43,1,60.0,2026-05-02T00:14:07.169536,3.648
2026-05-02T00:13:07.469048,108.48,0.1222,104.48,0.1745,0.0,0.0,4.199,70.0,43,1,60.0,2026-05-02T00:14:07.468947,3.639
2026-05-02T00:13:07.766945,108.48,0.1222,104.45,0.1733,0.0,0.0,4.199,70.0,43,1,60.0,2026-05-02T00:14:07.766840,3.634
2026-05-02T00:13:08.063293,108.48,0.1222,104.44,0.1726,0.0,0.0,4.199,70.0,43,1,60.0,2026-05-02T00:14:08.063186,3.628
2026-05-02T00:13:08.362726,108.45,0.1214,104.42,0.1718,0.0,0.0,4.199,70.0,43,1,60.0,2026-05-02T00:14:08.362619,3.626
2026-05-02T00:13:08.660487,108.45,0.129,104.45,0.1732,0.0,0.0,4.199,70.0,43,1,60.0,2026-05-02T00:14:08.660399,3.615
2026-05-02T00:13:08.955597,108.45,0.129,104.47,0.1738,0.0,0.0,4.199,70.0,43,1,60.0,2026-05-02T00:14:08.955498,3.614
2026-05-02T00:13:09.255223,108.43,0.1222,104.44,0.1728,0.0,0.0,4.199,70.0,43,1,60.0,2026-05-02T00:14:09.255116,3.623
2026-05-02T00:13:09.552754,108.43,0.1222,104.42,0.1718,0.0,0.0,4.199,70.0,43,1,60.0,2026-05-02T00:14:09.552654,3.625
2026-05-02T00:13:09.849659,108.43,0.1222,104.4,0.1713,0.0,0.0,4.199,70.0,43,1,60.0,2026-05-02T00:14:09.849550,3.624
2026-05-02T00:13:10.148074,108.4,0.1206,104.38,0.1705,0.0,0.0,4.199,70.0,43,1,60.0,2026-05-02T00:14:10.147933,3.625
2026-05-02T00:13:10.447472,108.4,0.1206,104.37,0.1699,0.0,0.0,4.199,70.0,43,1,60.0,2026-05-02T00:14:10.447360,3.624
2026-05-02T00:13:10.746195,108.36,0.1206,104.36,0.1695,0.0,0.0,4.199,70.0,43,1,60.0,2026-05-02T00:14:10.746088,3.623
2026-05-02T00:13:11.045151,108.36,0.1214,104.34,0.1685,0.0,0.0,4.199,70.0,43,1,60.0,2026-05-02T00:14:11.045038,3.623
2026-05-02T00:13:11.343281,108.36,0.1214,104.34,0.1688,0.0,0.0,4.199,70.0,43,1,60.0,2026-05-02T00:14:11.343180,3.618
2026-05-02T00:13:11.642389,108.31,0.1128,104.33,0.1681,0.0,0.0,4.199,70.0,43,1,60.0,2026-05-02T00:14:11.642258,3.623
2026-05-02T00:13:11.941031,108.31,0.1173,104.3,0.1669,0.0,0.0,4.199,70.0,43,1,60.0,2026-05-02T00:14:11.940895,3.626
2026-05-02T00:13:12.245084,108.31,0.1173,104.28,0.1663,0.0,0.0,4.199,70.0,43,1,60.0,2026-05-02T00:14:12.244925,3.622
2026-05-02T00:13:12.544360,108.29,0.1079,104.25,0.165,0.0,0.0,4.199,70.0,43,1,60.0,2026-05-02T00:14:12.544244,3.627
2026-05-02T00:13:12.842943,108.29,0.1121,104.23,0.1642,0.0,0.0,4.199,70.0,43,1,60.0,2026-05-02T00:14:12.842828,3.626
2026-05-02T00:13:13.140743,108.29,0.1121,104.22,0.1636,0.0,0.0,4.199,70.0,43,1,60.0,2026-05-02T00:14:13.140636,3.622
2026-05-02T00:13:13.440167,108.24,0.1087,104.19,0.1626,0.0,0.0,4.199,70.0,43,1,60.0,2026-05-02T00:14:13.440060,3.625
2026-05-02T00:13:13.736404,108.24,0.1087,104.17,0.1615,0.0,0.0,4.199,70.0,43,1,60.0,2026-05-02T00:14:13.736304,3.625
2026-05-02T00:13:14.035299,108.24,0.1087,104.15,0.1609,0.0,0.0,4.199,70.0,43,1,60.0,2026-05-02T00:14:14.035187,3.621
2026-05-02T00:13:14.334205,108.2,0.1087,104.13,0.1602,0.0,0.0,4.199,70.0,43,1,60.0,2026-05-02T00:14:14.334094,3.621
2026-05-02T00:13:14.631659,108.2,0.1087,104.13,0.1599,0.0,0.0,4.199,70.0,43,1,60.0,2026-05-02T00:14:14.631557,3.619
2026-05-02T00:13:14.930243,108.16,0.1087,104.12,0.1596,0.0,0.0,4.199,70.0,43,1,60.0,2026-05-02T00:14:14.930148,3.618
2026-05-02T00:13:15.229707,108.16,0.1054,104.09,0.1584,0.0,0.0,4.199,70.0,43,1,60.0,2026-05-02T00:14:15.229560,3.622
2026-05-02T00:13:15.526948,108.16,0.1054,104.08,0.1579,0.0,0.0,4.199,70.0,43,1,60.0,2026-05-02T00:14:15.526848,3.621
2026-05-02T00:13:15.822611,108.13,0.1038,104.06,0.1573,0.0,0.0,4.199,70.0,43,1,60.0,2026-05-02T00:14:15.822504,3.62
2026-05-02T00:13:16.120560,108.13,0.102,104.03,0.1558,0.0,0.0,4.199,70.0,43,1,60.0,2026-05-02T00:14:16.120448,3.622
2026-05-02T00:13:16.417812,108.13,0.102,104.01,0.1553,0.0,0.0,4.199,70.0,43,1,60.0,2026-05-02T00:14:16.417711,3.619
2026-05-02T00:13:16.715048,108.08,0.0961,103.98,0.1541,0.0,0.0,4.199,70.0,43,1,60.0,2026-05-02T00:14:16.714931,3.622
2026-05-02T00:13:17.014666,108.08,0.0978,103.96,0.153,0.0,0.0,4.199,70.0,43,1,60.0,2026-05-02T00:14:17.014564,3.622
2026-05-02T00:13:17.313298,108.08,0.0978,103.94,0.1523,0.0,0.0,4.199,70.0,43,1,60.0,2026-05-02T00:14:17.313151,3.619
2026-05-02T00:13:17.613736,108.03,0.0944,103.91,0.1511,0.0,0.0,4.199,70.0,43,1,60.0,2026-05-02T00:14:17.613603,3.621
2026-05-02T00:13:17.911479,108.03,0.0944,103.88,0.1501,0.0,0.0,4.199,70.0,43,1,60.0,2026-05-02T00:14:17.911371,3.621
2026-05-02T00:13:18.209654,108.03,0.0944,103.87,0.1494,0.0,0.0,4.199,70.0,43,1,60.0,2026-05-02T00:14:18.209541,3.618
2026-05-02T00:13:18.508604,107.99,0.0943,103.85,0.1488,0.0,0.0,4.199,70.0,43,1,60.0,2026-05-02T00:14:18.508503,3.616
2026-05-02T00:13:18.805733,107.99,0.0943,103.84,0.1485,0.0,0.0,4.199,70.0,43,1,60.0,2026-05-02T00:14:18.805631,3.614
2026-05-02T00:13:19.104777,107.95,0.0943,103.84,0.1482,0.0,0.0,4.199,70.0,43,1,60.0,2026-05-02T00:14:19.104659,3.614
2026-05-02T00:13:19.403225,107.95,0.102,103.86,0.149,0.0,0.0,4.199,70.0,43,1,60.0,2026-05-02T00:14:19.403121,3.607
2026-05-02T00:13:19.701709,107.95,0.102,103.88,0.15,0.0,0.0,4.199,70.0,43,1,60.0,2026-05-02T00:14:19.701610,3.604
2026-05-02T00:13:20.000319,107.92,0.0943,103.88,0.15,0.0,0.0,4.199,70.0,43,1,60.0,2026-05-02T00:14:20.000211,3.611
2026-05-02T00:13:20.300954,107.92,0.0988,103.87,0.1495,0.0,0.0,4.199,70.0,43,1,60.0,2026-05-02T00:14:20.300815,3.615
2026-05-02T00:13:20.598743,107.92,0.0988,103.87,0.1493,0.0,0.0,4.199,70.0,43,1,60.0,2026-05-02T00:14:20.598634,3.615
2026-05-02T00:13:20.897126,107.85,0.0893,103.84,0.1482,0.0,0.0,4.199,70.0,43,1,60.0,2026-05-02T00:14:20.897027,3.622
2026-05-02T00:13:21.195559,107.85,0.0893,103.78,0.146,0.0,0.0,4.199,70.0,43,1,60.0,2026-05-02T00:14:21.195455,3.628
2026-05-02T00:13:21.492111,107.85,0.0893,103.76,0.1449,0.0,0.0,4.199,70.0,43,1,60.0,2026-05-02T00:14:21.492013,3.625
2026-05-02T00:13:21.790969,107.8,0.0799,103.69,0.1422,0.0,0.0,4.199,70.0,43,1,60.0,2026-05-02T00:14:21.790849,3.631
2026-05-02T00:13:22.089125,107.8,0.0799,103.64,0.1401,0.0,0.0,4.199,70.0,43,1,60.0,2026-05-02T00:14:22.089016,3.63
2026-05-02T00:13:22.391072,107.8,0.0799,103.6,0.1386,0.0,0.0,4.199,70.0,43,1,60.0,2026-05-02T00:14:22.390914,3.623
2026-05-02T00:13:22.693959,107.77,0.0799,103.57,0.1376,0.0,0.0,4.199,70.0,43,1,60.0,2026-05-02T00:14:22.693752,3.619
2026-05-02T00:13:22.990424,107.77,0.0799,103.57,0.1372,0.0,0.0,4.199,70.0,43,1,60.0,2026-05-02T00:14:22.990312,3.614
2026-05-02T00:13:23.287471,107.71,0.0799,103.56,0.1368,0.0,0.0,4.199,70.0,43,1,60.0,2026-05-02T00:14:23.287352,3.612
2026-05-02T00:13:23.583317,107.71,0.0792,103.54,0.1361,0.0,0.0,4.199,70.0,43,1,60.0,2026-05-02T00:14:23.583214,3.613
2026-05-02T00:13:23.880173,107.71,0.0792,103.53,0.1357,0.0,0.0,4.199,70.0,43,1,60.0,2026-05-02T00:14:23.880076,3.61
2026-05-02T00:13:24.178842,107.65,0.075,103.51,0.135,0.0,0.0,4.199,70.0,43,1,60.0,2026-05-02T00:14:24.178722,3.612
2026-05-02T00:13:24.476518,107.65,0.0742,103.47,0.1334,0.0,0.0,4.199,70.0,43,1,60.0,2026-05-02T00:14:24.476411,3.618
2026-05-02T00:13:24.773855,107.65,0.0742,103.45,0.1326,0.0,0.0,4.199,70.0,43,1,60.0,2026-05-02T00:14:24.773759,3.615
2026-05-02T00:13:25.070294,107.61,0.0682,103.42,0.1316,0.0,0.0,4.199,70.0,43,1,60.0,2026-05-02T00:14:25.070191,3.616
2026-05-02T00:13:25.371288,107.61,0.0742,103.41,0.131,0.0,0.0,4.199,70.0,43,1,60.0,2026-05-02T00:14:25.371128,3.611
2026-05-02T00:13:25.668201,107.61,0.0742,103.41,0.1309,0.0,0.0,4.199,70.0,43,1,60.0,2026-05-02T00:14:25.668097,3.61
2026-05-02T00:13:25.966050,107.56,0.0623,103.37,0.1296,0.0,0.0,4.199,70.0,43,1,60.0,2026-05-02T00:14:25.965941,3.616
2026-05-02T00:13:26.269756,107.56,0.0664,103.32,0.1276,0.0,0.0,4.199,70.0,43,1,60.0,2026-05-02T00:14:26.269643,3.617
2026-05-02T00:13:26.566077,107.56,0.0664,103.31,0.1269,0.0,0.0,4.199,70.0,43,1,60.0,2026-05-02T00:14:26.565982,3.613
2026-05-02T00:13:26.865332,107.5,0.0664,103.27,0.1255,0.0,0.0,4.199,70.0,43,1,60.0,2026-05-02T00:14:26.865220,3.614
2026-05-02T00:13:27.162019,107.5,0.0664,103.27,0.1253,0.0,0.0,4.199,70.0,43,1,60.0,2026-05-02T00:14:27.161913,3.61
2026-05-02T00:13:27.460769,107.5,0.0664,103.26,0.125,0.0,0.0,4.199,70.0,43,1,60.0,2026-05-02T00:14:27.460617,3.607
2026-05-02T00:13:27.761375,107.45,0.0664,103.24,0.1242,0.0,0.0,4.199,70.0,43,1,60.0,2026-05-02T00:14:27.761235,3.609
2026-05-02T00:13:28.057808,107.45,0.0664,103.24,0.1241,0.0,0.0,4.199,70.0,43,1,60.0,2026-05-02T00:14:28.057698,3.607
2026-05-02T00:13:28.356086,107.38,0.0664,103.23,0.1239,0.0,0.0,4.199,70.0,43,1,60.0,2026-05-02T00:14:28.355984,3.607
2026-05-02T00:13:28.653503,107.38,0.064,103.2,0.1228,0.0,0.0,4.199,70.0,43,1,60.0,2026-05-02T00:14:28.653395,3.611
2026-05-02T00:13:28.949902,107.38,0.064,103.19,0.1224,0.0,0.0,4.199,70.0,43,1,60.0,2026-05-02T00:14:28.949797,3.609
2026-05-02T00:13:29.246914,107.33,0.064,103.18,0.1219,0.0,0.0,4.199,70.0,43,1,60.0,2026-05-02T00:14:29.246794,3.609
2026-05-02T00:13:29.543925,107.33,0.0547,103.12,0.1193,0.0,0.0,4.199,70.0,43,1,60.0,2026-05-02T00:14:29.543821,3.62
2026-05-02T00:13:29.837878,107.33,0.0547,103.08,0.1179,0.0,0.0,4.199,70.0,43,1,60.0,2026-05-02T00:14:29.837775,3.618
2026-05-02T00:13:30.134275,107.28,0.0547,103.05,0.1168,0.0,0.0,4.199,70.0,43,1,60.0,2026-05-02T00:14:30.134162,3.614
2026-05-02T00:13:30.430046,107.28,0.0547,103.04,0.1161,0.0,0.0,4.199,70.0,43,1,60.0,2026-05-02T00:14:30.429896,3.61
2026-05-02T00:13:30.727860,107.28,0.0547,103.02,0.1156,0.0,0.0,4.199,70.0,43,1,60.0,2026-05-02T00:14:30.727741,3.607
2026-05-02T00:13:31.024114,107.22,0.0564,103.01,0.1151,0.0,0.0,4.199,70.0,43,1,60.0,2026-05-02T00:14:31.023978,3.606
2026-05-02T00:13:31.321079,107.22,0.0564,103.01,0.1149,0.0,0.0,4.199,70.0,43,1,60.0,2026-05-02T00:14:31.320941,3.604
2026-05-02T00:13:31.618813,107.22,0.0564,103.0,0.1148,0.0,0.0,4.199,70.0,43,1,60.0,2026-05-02T00:14:31.618697,3.603
2026-05-02T00:13:31.918039,107.18,0.052,102.97,0.1136,0.0,0.0,4.199,70.0,43,1,60.0,2026-05-02T00:14:31.917924,3.609
2026-05-02T00:13:32.214866,107.18,0.052,102.95,0.1129,0.0,0.0,4.199,70.0,43,1,60.0,2026-05-02T00:14:32.214763,3.609
2026-05-02T00:13:32.510969,107.18,0.052,102.94,0.1125,0.0,0.0,4.199,70.0,43,1,60.0,2026-05-02T00:14:32.510872,3.607
2026-05-02T00:13:32.811866,107.13,0.0565,102.93,0.112,0.0,0.0,4.199,70.0,43,1,60.0,2026-05-02T00:14:32.811709,3.603
2026-05-02T00:13:33.109574,107.13,0.0565,102.95,0.1126,0.0,0.0,4.199,70.0,43,1,60.0,2026-05-02T00:14:33.109452,3.6
2026-05-02T00:13:33.407127,107.13,0.0565,102.95,0.1129,0.0,0.0,4.199,70.0,43,1,60.0,2026-05-02T00:14:33.407009,3.6
2026-05-02T00:13:33.703793,107.09,0.053,102.93,0.112,0.0,0.0,4.199,70.0,43,1,60.0,2026-05-02T00:14:33.703690,3.607
2026-05-02T00:13:33.999372,107.09,0.053,102.92,0.1115,0.0,0.0,4.199,70.0,43,1,60.0,2026-05-02T00:14:33.999262,3.608
2026-05-02T00:13:34.296881,107.05,0.053,102.91,0.1111,0.0,0.0,4.199,70.0,43,1,60.0,2026-05-02T00:14:34.296764,3.606
2026-05-02T00:13:34.593604,107.05,0.053,102.89,0.1104,0.0,0.0,4.199,70.0,43,1,60.0,2026-05-02T00:14:34.593501,3.607
2026-05-02T00:13:34.889592,107.05,0.053,102.89,0.1103,0.0,0.0,4.199,70.0,43,1,60.0,2026-05-02T00:14:34.889488,3.604
2026-05-02T00:13:35.185667,107.0,0.053,102.88,0.1101,0.0,0.0,4.199,70.0,43,1,60.0,2026-05-02T00:14:35.185562,3.606
2026-05-02T00:13:35.482920,107.0,0.048,102.85,0.1086,0.0,0.0,4.199,70.0,43,1,60.0,2026-05-02T00:14:35.482813,3.612
2026-05-02T00:13:35.783048,107.0,0.048,102.82,0.1076,0.0,0.0,4.199,70.0,43,1,60.0,2026-05-02T00:14:35.782895,3.61
2026-05-02T00:13:36.080294,106.94,0.037,102.79,0.1062,0.0,0.0,4.199,70.0,43,1,60.0,2026-05-02T00:14:36.080185,3.615
2026-05-02T00:13:36.376685,106.94,0.0412,102.74,0.1046,0.0,0.0,4.199,70.0,43,1,60.0,2026-05-02T00:14:36.376580,3.615
2026-05-02T00:13:36.674409,106.94,0.0412,102.72,0.1036,0.0,0.0,4.199,70.0,43,1,60.0,2026-05-02T00:14:36.674286,3.611
2026-05-02T00:13:36.969843,106.89,0.037,102.68,0.1023,0.0,0.0,4.199,70.0,43,1,60.0,2026-05-02T00:14:36.969736,3.612
2026-05-02T00:13:37.265805,106.89,0.0412,102.68,0.102,0.0,0.0,4.199,70.0,43,1,60.0,2026-05-02T00:14:37.265700,3.607
2026-05-02T00:13:37.561899,106.89,0.0412,102.67,0.1018,0.0,0.0,4.199,70.0,43,1,60.0,2026-05-02T00:14:37.561801,3.603
2026-05-02T00:13:37.858510,106.85,0.0429,102.66,0.1015,0.0,0.0,4.199,70.0,43,1,60.0,2026-05-02T00:14:37.858385,3.602
2026-05-02T00:13:38.199729,106.85,0.0429,102.65,0.1009,0.0,0.0,4.199,70.0,43,1,60.0,2026-05-02T00:14:38.199560,3.599
2026-05-02T00:13:38.565196,106.85,0.0429,102.56,0.0975,0.0,0.0,4.199,70.0,43,1,60.0,2026-05-02T00:14:38.565033,3.611
2026-05-02T00:13:38.863169,106.81,0.0412,102.6,0.0991,0.0,0.0,4.199,70.0,43,1,60.0,2026-05-02T00:14:38.863052,3.605
2026-05-02T00:13:39.159726,106.81,0.0412,102.62,0.0996,0.0,0.0,4.199,70.0,43,1,60.0,2026-05-02T00:14:39.159602,3.601
2026-05-02T00:13:39.456348,106.77,0.0412,102.62,0.0997,0.0,0.0,4.199,70.0,43,1,60.0,2026-05-02T00:14:39.456234,3.601
2026-05-02T00:13:39.751676,106.77,0.0381,102.6,0.0988,0.0,0.0,4.199,70.0,43,1,60.0,2026-05-02T00:14:39.751572,3.606
2026-05-02T00:13:40.046071,106.77,0.0381,102.59,0.0984,0.0,0.0,4.199,70.0,43,1,60.0,2026-05-02T00:14:40.045953,3.605
2026-05-02T00:13:40.343016,106.72,0.0379,102.57,0.0979,0.0,0.0,4.199,70.0,43,1,60.0,2026-05-02T00:14:40.342911,3.604
2026-05-02T00:13:40.637369,106.72,0.0379,102.56,0.0975,0.0,0.0,4.199,70.0,43,1,60.0,2026-05-02T00:14:40.637267,3.604
2026-05-02T00:13:40.933596,106.72,0.0379,102.55,0.0972,0.0,0.0,4.199,70.0,43,1,60.0,2026-05-02T00:14:40.933469,3.603
2026-05-02T00:13:41.230680,106.67,0.0336,102.54,0.0966,0.0,0.0,4.199,70.0,43,1,60.0,2026-05-02T00:14:41.230567,3.605
2026-05-02T00:13:41.525491,106.67,0.0286,102.48,0.0942,0.0,0.0,4.199,70.0,43,1,60.0,2026-05-02T00:14:41.525399,3.615
2026-05-02T00:13:41.821402,106.67,0.0286,102.44,0.0928,0.0,0.0,4.199,70.0,43,1,60.0,2026-05-02T00:14:41.821293,3.612
2026-05-02T00:13:42.118075,106.63,0.0261,102.41,0.0917,0.0,0.0,4.199,70.0,43,1,60.0,2026-05-02T00:14:42.117966,3.609
2026-05-02T00:13:42.415441,106.63,0.0286,102.4,0.0912,0.0,0.0,4.199,70.0,43,1,60.0,2026-05-02T00:14:42.415323,3.605
2026-05-02T00:13:42.711194,106.63,0.0286,102.39,0.0908,0.0,0.0,4.199,70.0,43,1,60.0,2026-05-02T00:14:42.711076,3.602
2026-05-02T00:13:43.009903,106.58,0.0237,102.35,0.0892,0.0,0.0,4.199,70.0,43,1,60.0,2026-05-02T00:14:43.009787,3.608
2026-05-02T00:13:43.308891,106.58,0.0237,102.32,0.0881,0.0,0.0,4.199,70.0,43,1,60.0,2026-05-02T00:14:43.308731,3.606
2026-05-02T00:13:43.607224,106.58,0.0237,102.31,0.0876,0.0,0.0,4.199,70.0,43,1,60.0,2026-05-02T00:14:43.607109,3.603
2026-05-02T00:13:43.903942,106.53,0.0159,102.25,0.0853,0.0,0.0,4.199,70.0,43,1,60.0,2026-05-02T00:14:43.903829,3.611
2026-05-02T00:13:44.199320,106.53,0.0159,102.21,0.0839,0.0,0.0,4.199,70.0,43,1,60.0,2026-05-02T00:14:44.199194,3.609
2026-05-02T00:13:44.495865,106.49,0.0159,102.19,0.083,0.0,0.0,4.199,70.0,43,1,60.0,2026-05-02T00:14:44.495767,3.605
2026-05-02T00:13:44.792405,106.49,0.0142,102.15,0.0817,0.0,0.0,4.199,70.0,43,1,60.0,2026-05-02T00:14:44.792313,3.603
2026-05-02T00:13:45.087937,106.49,0.0142,102.14,0.0812,0.0,0.0,4.199,70.0,43,1,60.0,2026-05-02T00:14:45.087827,3.599
2026-05-02T00:13:45.385700,106.43,0.0142,102.13,0.0806,0.0,0.0,4.199,70.0,43,1,60.0,2026-05-02T00:14:45.385594,3.597
2026-05-02T00:13:45.683028,106.43,0.0107,102.09,0.0792,0.0,0.0,4.199,70.0,43,1,60.0,2026-05-02T00:14:45.682917,3.601
2026-05-02T00:13:45.979762,106.43,0.0107,102.07,0.0785,0.0,0.0,4.199,70.0,43,1,60.0,2026-05-02T00:14:45.979654,3.599
2026-05-02T00:13:46.280884,106.37,0.01,102.05,0.0776,0.0,0.0,4.199,70.0,43,1,60.0,2026-05-02T00:14:46.280745,3.598
2026-05-02T00:13:46.580255,106.37,0.0034,101.99,0.0753,0.0,0.0,4.199,70.0,43,1,60.0,2026-05-02T00:14:46.580117,3.604
2026-05-02T00:13:46.878094,106.37,0.0034,101.96,0.0741,0.0,0.0,4.199,70.0,43,1,60.0,2026-05-02T00:14:46.877978,3.602
2026-05-02T00:13:47.174899,106.34,0.0016,101.93,0.0731,0.0,0.0,4.199,70.0,43,1,60.0,2026-05-02T00:14:47.174799,3.6
2026-05-02T00:13:47.470464,106.34,0.0034,101.92,0.0728,0.0,0.0,4.199,70.0,43,1,60.0,2026-05-02T00:14:47.470353,3.595
2026-05-02T00:13:47.768322,106.34,0.0034,101.92,0.0726,0.0,0.0,4.199,70.0,43,1,60.0,2026-05-02T00:14:47.768212,3.592
2026-05-02T00:13:48.067137,106.28,0.0109,101.92,0.0727,0.0,0.0,4.199,70.0,43,1,60.0,2026-05-02T00:14:48.067020,3.587
2026-05-02T00:13:48.367294,106.28,0.0109,101.95,0.0737,0.0,0.0,4.199,70.0,43,1,60.0,2026-05-02T00:14:48.367176,3.583
2026-05-02T00:13:48.669258,106.28,0.0109,101.96,0.0741,0.0,0.0,4.199,70.0,43,1,60.0,2026-05-02T00:14:48.669085,3.584
2026-05-02T00:13:48.967073,106.24,0.0067,101.94,0.0734,0.0,0.0,4.199,70.0,43,1,60.0,2026-05-02T00:14:48.966948,3.592
2026-05-02T00:13:49.263194,106.24,0.0067,101.93,0.073,0.0,0.0,4.199,70.0,43,1,60.0,2026-05-02T00:14:49.263084,3.595
2026-05-02T00:13:49.562093,106.24,0.0067,101.92,0.0726,0.0,0.0,4.199,70.0,43,1,60.0,2026-05-02T00:14:49.561995,3.594
2026-05-02T00:13:49.858414,106.19,0,101.87,0.0706,0.0,0.0,4.199,70.0,43,1,60.0,2026-05-02T00:14:49.858302,3.604
2026-05-02T00:13:50.153805,106.19,0,101.83,0.0691,0.0,0.0,4.199,70.0,43,1,60.0,2026-05-02T00:14:50.153709,3.603
2026-05-02T00:13:50.450294,106.14,0,101.8,0.0681,0.0,0.0,4.199,70.0,43,1,60.0,2026-05-02T00:14:50.450179,3.6
2026-05-02T00:13:50.747904,106.14,0,101.77,0.0669,0.0,0.0,4.199,70.0,43,1,60.0,2026-05-02T00:14:50.747804,3.599
2026-05-02T00:13:51.056112,106.14,0,101.73,0.0656,0.0,0.0,4.199,70.0,43,1,60.0,2026-05-02T00:14:51.055976,3.597
2026-05-02T00:13:51.357668,106.1,0,101.72,0.065,0.0,0.0,4.199,70.0,43,1,60.0,2026-05-02T00:14:51.357535,3.596
2026-05-02T00:13:51.655236,106.1,0,101.68,0.0636,0.0,0.0,4.199,70.0,43,1,60.0,2026-05-02T00:14:51.655109,3.598
2026-05-02T00:13:51.951657,106.1,0,101.66,0.0628,0.0,0.0,4.199,70.0,43,1,60.0,2026-05-02T00:14:51.951547,3.595
2026-05-02T00:13:52.249640,106.05,0,101.63,0.0615,0.0,0.0,4.199,70.0,43,1,60.0,2026-05-02T00:14:52.249528,3.599
2026-05-02T00:13:52.547129,106.05,0,101.6,0.0603,0.0,0.0,4.199,70.0,43,1,60.0,2026-05-02T00:14:52.547023,3.597
2026-05-02T00:13:52.844075,106.05,0,101.58,0.0597,0.0,0.0,4.199,70.0,43,1,60.0,2026-05-02T00:14:52.843960,3.593
2026-05-02T00:13:53.141700,106.0,0,101.54,0.0583,0.0,0.0,4.199,70.0,43,1,60.0,2026-05-02T00:14:53.141595,3.596
2026-05-02T00:13:53.439323,106.0,0,101.54,0.058,0.0,0.0,4.199,70.0,43,1,60.0,2026-05-02T00:14:53.439209,3.589
2026-05-02T00:13:53.739847,106.0,0,101.53,0.0577,0.0,0.0,4.199,70.0,43,1,60.0,2026-05-02T00:14:53.739664,3.586
2026-05-02T00:13:54.040547,105.95,0,101.52,0.0573,0.0,0.0,4.199,70.0,43,1,60.0,2026-05-02T00:14:54.040429,3.586
2026-05-02T00:13:54.339753,105.95,0,101.52,0.0574,0.0,0.0,4.199,70.0,43,1,60.0,2026-05-02T00:14:54.339650,3.584
2026-05-02T00:13:54.632970,105.95,0,101.53,0.0577,0.0,0.0,4.199,70.0,43,1,60.0,2026-05-02T00:14:54.632872,3.584
2026-05-02T00:13:54.931153,105.91,0,101.5,0.0568,0.0,0.0,4.199,70.0,43,1,60.0,2026-05-02T00:14:54.931060,3.588
2026-05-02T00:13:55.227412,105.91,0,101.49,0.0564,0.0,0.0,4.199,70.0,43,1,60.0,2026-05-02T00:14:55.227304,3.588
2026-05-02T00:13:55.526328,105.86,0,101.48,0.0559,0.0,0.0,4.199,70.0,43,1,60.0,2026-05-02T00:14:55.526222,3.589
2026-05-02T00:13:55.823508,105.86,0,101.42,0.0535,0.0,0.0,4.199,70.0,43,1,60.0,2026-05-02T00:14:55.823395,3.599
2026-05-02T00:13:56.123287,105.86,0,101.38,0.0521,0.0,0.0,4.199,70.0,43,1,60.0,2026-05-02T00:14:56.123138,3.597
2026-05-02T00:13:56.422189,105.81,0,101.34,0.0507,0.0,0.0,4.199,70.0,43,1,60.0,2026-05-02T00:14:56.422071,3.596
2026-05-02T00:13:56.720520,105.81,0,101.32,0.0499,0.0,0.0,4.199,70.0,43,1,60.0,2026-05-02T00:14:56.720391,3.592
2026-05-02T00:13:57.019436,105.81,0,101.31,0.0496,0.0,0.0,4.199,70.0,43,1,60.0,2026-05-02T00:14:57.019331,3.587
2026-05-02T00:13:57.318158,105.76,0,101.29,0.0489,0.0,0.0,4.199,70.0,43,1,60.0,2026-05-02T00:14:57.318046,3.589
2026-05-02T00:13:57.615800,105.76,0,101.3,0.0492,0.0,0.0,4.199,70.0,43,1,60.0,2026-05-02T00:14:57.615700,3.583
2026-05-02T00:13:57.912916,105.76,0,101.31,0.0494,0.0,0.0,4.199,70.0,43,1,60.0,2026-05-02T00:14:57.912805,3.581
2026-05-02T00:13:58.210367,105.71,0,101.29,0.0487,0.0,0.0,4.199,70.0,43,1,60.0,2026-05-02T00:14:58.210255,3.588
2026-05-02T00:13:58.506783,105.71,0,101.25,0.0472,0.0,0.0,4.199,70.0,43,1,60.0,2026-05-02T00:14:58.506675,3.592
2026-05-02T00:13:58.801903,105.71,0,101.23,0.0465,0.0,0.0,4.199,70.0,43,1,60.0,2026-05-02T00:14:58.801799,3.589
2026-05-02T00:13:59.103288,105.67,0,101.19,0.0452,0.0,0.0,4.199,70.0,43,1,60.0,2026-05-02T00:14:59.103131,3.59
2026-05-02T00:13:59.399970,105.67,0,101.19,0.045,0.0,0.0,4.199,70.0,43,1,60.0,2026-05-02T00:14:59.399822,3.586
2026-05-02T00:13:59.697387,105.67,0,101.19,0.0449,0.0,0.0,4.199,70.0,43,1,60.0,2026-05-02T00:14:59.697282,3.583
2026-05-02T00:13:59.993938,105.61,0,101.17,0.0442,0.0,0.0,4.199,70.0,43,1,60.0,2026-05-02T00:14:59.993833,3.585
2026-05-02T00:14:00.290452,105.61,0,101.17,0.0442,0.0,0.0,4.199,70.0,43,1,60.0,2026-05-02T00:15:00.290341,3.582
2026-05-02T00:14:00.592585,105.57,0,101.16,0.0438,0.0,0.0,4.199,70.0,43,1,60.0,2026-05-02T00:15:00.592474,3.582
2026-05-02T00:14:00.892534,105.57,0,101.13,0.0429,0.0,0.0,4.199,70.0,43,1,60.0,2026-05-02T00:15:00.892429,3.587
2026-05-02T00:14:01.190950,105.57,0,101.13,0.0426,0.0,0.0,4.199,70.0,43,1,60.0,2026-05-02T00:15:01.190813,3.586
2026-05-02T00:14:01.491635,105.52,0,101.11,0.0421,0.0,0.0,4.199,70.0,43,1,60.0,2026-05-02T00:15:01.491500,3.585
2026-05-02T00:14:01.791051,105.52,0,101.04,0.0395,0.0,0.0,4.199,70.0,43,1,60.0,2026-05-02T00:15:01.790921,3.596
2026-05-02T00:14:02.089700,105.52,0,101.01,0.0384,0.0,0.0,4.199,70.0,43,1,60.0,2026-05-02T00:15:02.089601,3.593
2026-05-02T00:14:02.388515,105.46,0,100.98,0.037,0.0,0.0,4.199,70.0,43,1,60.0,2026-05-02T00:15:02.388407,3.591
2026-05-02T00:14:02.685850,105.46,0,100.96,0.0363,0.0,0.0,4.199,70.0,43,1,60.0,2026-05-02T00:15:02.685747,3.588
2026-05-02T00:14:02.987014,105.46,0,100.95,0.036,0.0,0.0,4.199,70.0,43,1,60.0,2026-05-02T00:15:02.986892,3.582
2026-05-02T00:14:03.285208,105.41,0,100.93,0.0352,0.0,0.0,4.199,70.0,43,1,60.0,2026-05-02T00:15:03.285114,3.585
2026-05-02T00:14:03.582814,105.41,0,100.93,0.0353,0.0,0.0,4.199,70.0,43,1,60.0,2026-05-02T00:15:03.582706,3.58
2026-05-02T00:14:03.878848,105.41,0,100.93,0.0354,0.0,0.0,4.199,70.0,43,1,60.0,2026-05-02T00:15:03.878732,3.579
2026-05-02T00:14:04.180581,105.35,0,100.9,0.0341,0.0,0.0,4.199,70.0,43,1,60.0,2026-05-02T00:15:04.180406,3.584
2026-05-02T00:14:04.480018,105.35,0,100.9,0.0342,0.0,0.0,4.199,70.0,43,1,60.0,2026-05-02T00:15:04.479894,3.581
2026-05-02T00:14:04.780017,105.35,0,100.9,0.0342,0.0,0.0,4.199,70.0,43,1,60.0,2026-05-02T00:15:04.779915,3.58
2026-05-02T00:14:05.078064,105.31,0,100.9,0.034,0.0,0.0,4.199,70.0,43,1,60.0,2026-05-02T00:15:05.077946,3.582
2026-05-02T00:14:05.375161,105.31,0,100.89,0.0339,0.0,0.0,4.199,70.0,43,1,60.0,2026-05-02T00:15:05.375057,3.581
2026-05-02T00:14:05.675075,105.31,0,100.89,0.0338,0.0,0.0,4.199,70.0,43,1,60.0,2026-05-02T00:15:05.674960,3.58
2026-05-02T00:14:05.972340,105.25,0,100.85,0.0322,0.0,0.0,4.199,70.0,43,1,60.0,2026-05-02T00:15:05.972229,3.59
2026-05-02T00:14:06.269888,105.25,0,100.81,0.031,0.0,0.0,4.199,70.0,43,1,60.0,2026-05-02T00:15:06.269790,3.59
2026-05-02T00:14:06.566127,105.21,0,100.79,0.0302,0.0,0.0,4.199,70.0,43,1,60.0,2026-05-02T00:15:06.566015,3.587
2026-05-02T00:14:07.004720,105.21,0,100.71,0.027,0.0,0.0,4.199,70.0,43,1,60.0,2026-05-02T00:15:07.004591,3.559
2026-05-02T00:14:07.431097,105.21,0,100.8,0.0303,0.0,0.0,4.199,70.0,43,1,60.0,2026-05-02T00:15:07.430972,3.487
2026-05-02T00:14:07.859739,105.16,0,100.82,0.0312,0.0,0.0,4.199,70.0,43,1,60.0,2026-05-02T00:15:07.859637,3.404
2026-05-02T00:14:08.287608,105.16,0,100.75,0.0286,0.0,0.0,4.199,70.0,43,1,60.0,2026-05-02T00:15:08.287497,3.32
2026-05-02T00:14:08.712637,105.16,0,100.72,0.0274,0.0,0.0,4.199,70.0,43,1,60.0,2026-05-02T00:15:08.712538,3.241
2026-05-02T00:14:09.145971,105.12,0,100.68,0.026,0.0,0.0,4.199,70.0,43,1,60.0,2026-05-02T00:15:09.145807,3.169
2026-05-02T00:14:09.575008,105.12,0,100.66,0.0252,0.0,0.0,4.199,70.0,43,1,60.0,2026-05-02T00:15:09.574878,3.103
2026-05-02T00:14:10.005342,105.12,0,100.64,0.0247,0.0,0.0,4.199,70.0,43,1,60.0,2026-05-02T00:15:10.005238,3.051
2026-05-02T00:14:10.434708,105.07,0,100.64,0.0244,0.0,0.0,4.199,70.0,43,1,60.0,2026-05-02T00:15:10.434594,3.005
2026-05-02T00:14:10.864147,105.07,0,100.65,0.0247,0.0,0.0,4.199,70.0,43,1,60.0,2026-05-02T00:15:10.864042,2.966
2026-05-02T00:14:11.289424,105.07,0,100.64,0.0247,0.0,0.0,4.199,70.0,43,1,60.0,2026-05-02T00:15:11.289322,2.934
2026-05-02T00:14:11.724426,105.02,0,100.6,0.023,0.0,0.0,4.199,70.0,43,1,60.0,2026-05-02T00:15:11.724302,2.908
2026-05-02T00:14:12.152108,105.02,0,100.56,0.0217,0.0,0.0,4.199,70.0,43,1,60.0,2026-05-02T00:15:12.152007,2.883
2026-05-02T00:14:12.582624,105.02,0,100.55,0.0213,0.0,0.0,4.199,70.0,43,1,60.0,2026-05-02T00:15:12.582514,2.866
2026-05-02T00:14:13.012697,104.97,0,100.48,0.0187,0.0,0.0,4.199,70.0,43,1,60.0,2026-05-02T00:15:13.012562,2.851
2026-05-02T00:14:13.451868,104.97,0,100.44,0.0171,0.0,0.0,4.199,70.0,43,1,60.0,2026-05-02T00:15:13.451758,2.838
2026-05-02T00:14:13.880673,104.93,0,100.42,0.0163,0.0,0.0,4.199,70.0,43,1,60.0,2026-05-02T00:15:13.880550,2.826
2026-05-02T00:14:14.310090,104.93,0,100.37,0.0147,0.0,0.0,4.199,70.0,43,1,60.0,2026-05-02T00:15:14.309973,2.819
2026-05-02T00:14:14.747553,104.93,0,100.35,0.0141,0.0,0.0,4.199,70.0,43,1,60.0,2026-05-02T00:15:14.747438,2.812
2026-05-02T00:14:15.172614,104.87,0,100.34,0.0134,0.0,0.0,4.199,70.0,43,1,60.0,2026-05-02T00:15:15.172513,2.804
2026-05-02T00:14:15.629472,104.87,0,100.36,0.0143,0.0,0.0,4.199,70.0,43,1,60.0,2026-05-02T00:15:15.629366,2.803
2026-05-02T00:14:16.059084,104.87,0,100.37,0.0146,0.0,0.0,4.199,70.0,43,1,60.0,2026-05-02T00:15:16.058983,2.792
2026-05-02T00:14:16.500209,104.83,0,100.35,0.014,0.0,0.0,4.199,70.0,43,1,60.0,2026-05-02T00:15:16.500074,2.788
2026-05-02T00:14:16.945527,104.83,0,100.31,0.0124,0.0,0.0,4.199,70.0,43,1,60.0,2026-05-02T00:15:16.945320,2.783
2026-05-02T00:14:17.380129,104.83,0,100.29,0.0119,0.0,0.0,4.199,70.0,43,1,60.0,2026-05-02T00:15:17.380022,2.781
2026-05-02T00:14:17.811676,104.8,0,100.25,0.0104,0.0,0.0,4.199,70.0,43,1,60.0,2026-05-02T00:15:17.811567,2.783
2026-05-02T00:14:18.244389,104.8,0,100.26,0.0106,0.0,0.0,4.199,70.0,43,1,60.0,2026-05-02T00:15:18.244279,2.782
2026-05-02T00:14:18.676292,104.8,0,100.27,0.0108,0.0,0.0,4.199,70.0,43,1,60.0,2026-05-02T00:15:18.676180,2.782
2026-05-02T00:14:19.107417,104.74,0,100.23,0.0097,0.0,0.0,4.199,70.0,43,1,60.0,2026-05-02T00:15:19.107313,2.781
2026-05-02T00:14:19.540276,104.74,0,100.23,0.0096,0.0,0.0,4.199,70.0,43,1,60.0,2026-05-02T00:15:19.540154,2.78
2026-05-02T00:14:19.974970,104.74,0,100.23,0.0094,0.0,0.0,4.199,70.0,43,1,60.0,2026-05-02T00:15:19.974843,2.779
2026-05-02T00:14:20.405791,104.7,0,100.14,0.0061,0.0,0.0,4.199,70.0,43,1,60.0,2026-05-02T00:15:20.405678,2.777
2026-05-02T00:14:20.836555,104.7,0,100.09,0.0043,0.0,0.0,4.199,70.0,43,1,60.0,2026-05-02T00:15:20.836457,2.776
2026-05-02T00:14:21.268876,104.65,0,100.07,0.0036,0.0,0.0,4.199,70.0,43,1,60.0,2026-05-02T00:15:21.268772,2.775
2026-05-02T00:14:21.702331,104.65,0,100.04,0.0028,0.0,0.0,4.199,70.0,43,1,60.0,2026-05-02T00:15:21.702210,2.773
2026-05-02T00:14:22.137287,104.65,0,100.04,0.0026,0.0,0.0,4.199,70.0,43,1,60.0,2026-05-02T00:15:22.137142,2.772
2026-05-02T00:14:22.570863,104.58,0,100.03,0.0024,0.0,0.0,4.199,70.0,43,1,60.0,2026-05-02T00:15:22.570749,2.77
2026-05-02T00:14:23.003783,104.58,0,100.03,0.0022,0.0,0.0,4.199,70.0,43,1,60.0,2026-05-02T00:15:23.003657,2.769
2026-05-02T00:14:23.435595,104.58,0,100.03,0.0023,0.0,0.0,4.199,70.0,43,1,60.0,2026-05-02T00:15:23.435487,2.769
2026-05-02T00:14:23.868411,104.54,0,100.02,0.002,0.0,0.0,4.199,70.0,43,1,60.0,2026-05-02T00:15:23.868313,2.768
2026-05-02T00:14:24.301101,104.54,0,99.95,0.0,0.0,0.0,4.199,70.0,43,1,60.0,2026-05-02T00:15:24.301001,2.768
2026-05-02T00:14:24.734808,104.54,0,99.93,0.0,0.0,0.0,4.199,70.0,43,1,60.0,2026-05-02T00:15:24.734690,2.766
2026-05-02T00:14:25.168006,104.5,0,99.9,0.0,0.0,0.0,4.199,70.0,43,1,60.0,2026-05-02T00:15:25.167899,2.765
2026-05-02T00:14:25.600053,104.5,0,99.9,0.0,0.0,0.0,4.199,70.0,43,1,60.0,2026-05-02T00:15:25.599942,2.765
2026-05-02T00:14:26.038414,104.5,0,99.9,0.0,0.0,0.0,4.199,70.0,43,1,60.0,2026-05-02T00:15:26.038312,2.764
2026-05-02T00:14:26.468290,104.44,0,99.85,0.0,0.0,0.0,4.199,70.0,43,1,60.0,2026-05-02T00:15:26.468183,2.762
2026-05-02T00:14:26.898463,104.44,0,99.81,0.0,0.0,0.0,4.199,70.0,43,1,60.0,2026-05-02T00:15:26.898355,2.762
2026-05-02T00:14:27.332327,104.44,0,99.79,0.0,0.0,0.0,4.199,70.0,43,1,60.0,2026-05-02T00:15:27.332200,2.761
2026-05-02T00:14:27.766096,104.39,0,99.75,0.0,0.0,0.0,4.199,70.0,43,1,60.0,2026-05-02T00:15:27.765958,2.759
2026-05-02T00:14:28.199080,104.39,0,99.74,0.0,0.0,0.0,4.199,70.0,43,1,60.0,2026-05-02T00:15:28.198961,2.758
2026-05-02T00:14:28.628766,104.39,0,99.74,0.0,0.0,0.0,4.199,70.0,43,1,60.0,2026-05-02T00:15:28.628657,2.758
2026-05-02T00:14:29.059278,104.34,0,99.64,0.0,0.0,0.0,4.199,70.0,43,1,60.0,2026-05-02T00:15:29.059171,2.757
2026-05-02T00:14:29.487991,104.34,0,99.58,0.0,0.0,0.0,4.199,70.0,43,1,60.0,2026-05-02T00:15:29.487887,2.756
2026-05-02T00:14:29.915842,104.29,0,99.56,0.0,0.0,0.0,4.199,70.0,43,1,60.0,2026-05-02T00:15:29.915748,2.755
2026-05-02T00:14:30.345171,104.29,0,99.51,0.0,0.0,0.0,4.199,70.0,43,1,60.0,2026-05-02T00:15:30.345060,2.754
2026-05-02T00:14:30.775743,104.29,0,99.49,0.0,0.0,0.0,4.199,70.0,43,1,60.0,2026-05-02T00:15:30.775618,2.752
2026-05-02T00:14:31.207510,104.24,0,99.45,0.0,0.0,0.0,4.199,70.0,43,1,60.0,2026-05-02T00:15:31.207356,2.75
2026-05-02T00:14:31.652861,104.24,0,99.35,0.0,0.0,0.0,4.199,70.0,43,1,60.0,2026-05-02T00:15:31.652725,2.742
2026-05-02T00:14:32.082496,104.24,0,99.32,0.0,0.0,0.0,4.199,70.0,43,1,60.0,2026-05-02T00:15:32.082380,2.742
2026-05-02T00:14:32.515409,104.19,0,99.3,0.0,0.0,0.0,4.199,70.0,43,1,60.0,2026-05-02T00:15:32.515222,2.741
2026-05-02T00:14:32.945687,104.19,0,99.29,0.0,0.0,0.0,4.199,70.0,43,1,60.0,2026-05-02T00:15:32.945570,2.74
2026-05-02T00:14:33.375521,104.19,0,99.28,0.0,0.0,0.0,4.199,70.0,43,1,60.0,2026-05-02T00:15:33.375417,2.74
2026-05-02T00:14:33.807163,104.11,0,99.26,0.0,0.0,0.0,4.199,70.0,43,1,60.0,2026-05-02T00:15:33.807053,2.74
2026-05-02T00:14:34.235935,104.11,0,99.25,0.0,0.0,0.0,4.199,70.0,43,1,60.0,2026-05-02T00:15:34.235831,2.739
2026-05-02T00:14:34.663109,104.11,0,99.25,0.0,0.0,0.0,4.199,70.0,43,1,60.0,2026-05-02T00:15:34.663001,2.74
2026-05-02T00:14:35.093935,104.05,0,99.23,0.0,0.0,0.0,4.199,70.0,43,1,60.0,2026-05-02T00:15:35.093822,2.739
2026-05-02T00:14:35.529513,104.05,0,99.22,0.0,0.0,0.0,4.199,70.0,43,1,60.0,2026-05-02T00:15:35.529397,2.736
2026-05-02T00:14:35.957063,104.05,0,99.22,0.0,0.0,0.0,4.199,70.0,43,1,60.0,2026-05-02T00:15:35.956959,2.737
2026-05-02T00:14:36.386876,103.97,0,99.19,0.0,0.0,0.0,4.199,70.0,43,1,60.0,2026-05-02T00:15:36.386760,2.737
2026-05-02T00:14:36.818904,103.97,0,99.18,0.0,0.0,0.0,4.199,70.0,43,1,60.0,2026-05-02T00:15:36.818791,2.735
2026-05-02T00:14:37.248099,103.9,0,99.17,0.0,0.0,0.0,4.199,70.0,43,1,60.0,2026-05-02T00:15:37.247983,2.735
2026-05-02T00:14:37.677218,103.9,0,99.16,0.0,0.0,0.0,4.199,70.0,43,1,60.0,2026-05-02T00:15:37.677111,2.734
2026-05-02T00:14:38.140099,103.9,0,99.15,0.0,0.0,0.0,4.199,70.0,43,1,60.0,2026-05-02T00:15:38.139809,2.732
2026-05-02T00:14:38.582616,103.81,0,99.12,0.0,0.0,0.0,4.199,70.0,43,1,60.0,2026-05-02T00:15:38.582485,2.72
2026-05-02T00:14:39.014166,103.81,0,99.11,0.0,0.0,0.0,4.199,70.0,43,1,60.0,2026-05-02T00:15:39.014051,2.723
2026-05-02T00:14:39.449889,103.81,0,99.1,0.0,0.0,0.0,4.199,70.0,43,1,60.0,2026-05-02T00:15:39.449758,2.725
2026-05-02T00:14:39.885671,103.73,0,99.09,0.0,0.0,0.0,4.199,70.0,43,1,60.0,2026-05-02T00:15:39.885492,2.725
2026-05-02T00:14:40.314352,103.73,0,99.07,0.0,0.0,0.0,4.199,70.0,43,1,60.0,2026-05-02T00:15:40.314239,2.727
2026-05-02T00:14:40.746055,103.73,0,99.07,0.0,0.0,0.0,4.199,70.0,43,1,60.0,2026-05-02T00:15:40.745941,2.727
2026-05-02T00:14:41.174700,103.63,0,99.04,0.0,0.0,0.0,4.199,70.0,43,1,60.0,2026-05-02T00:15:41.174592,2.728
2026-05-02T00:14:41.602201,103.63,0,99.03,0.0,0.0,0.0,4.199,70.0,43,1,60.0,2026-05-02T00:15:41.602092,2.729
2026-05-02T00:14:42.032329,103.63,0,99.03,0.0,0.0,0.0,4.199,70.0,43,1,60.0,2026-05-02T00:15:42.032218,2.728
2026-05-02T00:14:42.461228,103.54,0,99.0,0.0,0.0,0.0,4.199,70.0,43,1,60.0,2026-05-02T00:15:42.461123,2.727
2026-05-02T00:14:42.891838,103.54,0,98.98,0.0,0.0,0.0,4.199,70.0,43,1,60.0,2026-05-02T00:15:42.891725,2.726
2026-05-02T00:14:43.321759,103.54,0,98.98,0.0,0.0,0.0,4.199,70.0,43,1,60.0,2026-05-02T00:15:43.321653,2.725
2026-05-02T00:14:43.752045,103.45,0,98.95,0.0,0.0,0.0,4.199,70.0,43,1,60.0,2026-05-02T00:15:43.751933,2.725
2026-05-02T00:14:44.179701,103.45,0,98.94,0.0,0.0,0.0,4.199,70.0,43,1,60.0,2026-05-02T00:15:44.179590,2.724
2026-05-02T00:14:44.608231,103.37,0,98.93,0.0,0.0,0.0,4.199,70.0,43,1,60.0,2026-05-02T00:15:44.608124,2.724
2026-05-02T00:14:45.033930,103.37,0,98.91,0.0,0.0,0.0,4.199,70.0,43,1,60.0,2026-05-02T00:15:45.033824,2.725
2026-05-02T00:14:45.459208,103.37,0,98.9,0.0,0.0,0.0,4.199,70.0,43,1,60.0,2026-05-02T00:15:45.459102,2.725
2026-05-02T00:14:45.887601,103.29,0,98.89,0.0,0.0,0.0,4.199,70.0,43,1,60.0,2026-05-02T00:15:45.887485,2.724
2026-05-02T00:14:46.236478,103.29,0,98.62,0.0,0.0,0.0,4.199,70.0,43,1,60.0,2026-05-02T00:15:46.236355,3.131
2026-05-02T00:14:46.508705,103.29,0,98.86,0.0,0.0,0.0,4.199,70.0,43,1,60.0,2026-05-02T00:15:46.508603,3.396
2026-05-02T00:14:46.781994,103.19,0,98.95,0.0,0.0,0.0,4.199,70.0,43,1,60.0,2026-05-02T00:15:46.781875,3.578
2026-05-02T00:14:47.058614,103.19,0,98.98,0.0,0.0,0.0,4.199,70.0,43,1,60.0,2026-05-02T00:15:47.058511,3.768
2026-05-02T00:14:47.334049,103.19,0,99.03,0.0,0.0,0.0,4.199,70.0,43,1,60.0,2026-05-02T00:15:47.333957,3.885
2026-05-02T00:14:47.612166,103.13,0,99.05,0.0,0.0,0.0,4.199,70.0,43,1,60.0,2026-05-02T00:15:47.612061,3.942
2026-05-02T00:14:47.888582,103.13,0,99.07,0.0,0.0,0.0,4.199,70.0,43,1,60.0,2026-05-02T00:15:47.888473,3.982
2026-05-02T00:14:48.163809,103.13,0,99.09,0.0,0.0,0.0,4.199,70.0,43,1,60.0,2026-05-02T00:15:48.163707,3.999
2026-05-02T00:14:48.440904,103.06,0,99.07,0.0,0.0,0.0,4.199,70.0,43,1,60.0,2026-05-02T00:15:48.440775,3.994
2026-05-02T00:14:48.723362,103.06,0,99.08,0.0,0.0,0.0,4.199,70.0,43,1,60.0,2026-05-02T00:15:48.723235,4.012
2026-05-02T00:14:49.010465,103.06,0,99.08,0.0,0.0,0.0,4.199,70.0,43,1,60.0,2026-05-02T00:15:49.010352,4.016
2026-05-02T00:14:49.296090,102.99,0,99.07,0.0,0.0,0.0,4.199,70.0,43,1,60.0,2026-05-02T00:15:49.295982,4.021
2026-05-02T00:14:49.581724,102.99,0,99.07,0.0,0.0,0.0,4.199,70.0,43,1,60.0,2026-05-02T00:15:49.581607,4.021
2026-05-02T00:14:49.859182,102.99,0,99.07,0.0,0.0,0.0,4.199,70.0,43,1,60.0,2026-05-02T00:15:49.859083,4.021
2026-05-02T00:14:50.135838,102.92,0,99.06,0.0,0.0,0.0,4.199,70.0,43,1,60.0,2026-05-02T00:15:50.135731,4.024
2026-05-02T00:14:50.415932,102.92,0,99.05,0.0,0.0,0.0,4.199,70.0,43,1,60.0,2026-05-02T00:15:50.415832,4.024
2026-05-02T00:14:50.692683,102.87,0,99.05,0.0,0.0,0.0,4.199,70.0,43,1,60.0,2026-05-02T00:15:50.692579,4.024
2026-05-02T00:14:50.971654,102.87,0,99.05,0.0,0.0,0.0,4.199,70.0,43,1,60.0,2026-05-02T00:15:50.971534,4.039
2026-05-02T00:14:51.251277,102.87,0,99.05,0.0,0.0,0.0,4.199,70.0,43,1,60.0,2026-05-02T00:15:51.251136,4.026
2026-05-02T00:14:51.528910,102.8,0,99.05,0.0,0.0,0.0,4.199,70.0,43,1,60.0,2026-05-02T00:15:51.528801,4.038
2026-05-02T00:14:51.806719,102.8,0,99.05,0.0,0.0,0.0,4.199,70.0,43,1,60.0,2026-05-02T00:15:51.806592,4.041
2026-05-02T00:14:52.083025,102.8,0,99.05,0.0,0.0,0.0,4.199,70.0,43,1,60.0,2026-05-02T00:15:52.082933,4.04
2026-05-02T00:14:52.360566,102.74,0,99.04,0.0,0.0,0.0,4.199,70.0,43,1,60.0,2026-05-02T00:15:52.360455,4.041
2026-05-02T00:14:52.637949,102.74,0,99.04,0.0,0.0,0.0,4.199,70.0,43,1,60.0,2026-05-02T00:15:52.637834,4.041
2026-05-02T00:14:52.915158,102.74,0,99.03,0.0,0.0,0.0,4.199,70.0,43,1,60.0,2026-05-02T00:15:52.915035,4.04
2026-05-02T00:14:53.193481,102.69,0,99.02,0.0,0.0,0.0,4.199,70.0,43,1,60.0,2026-05-02T00:15:53.193374,4.042
2026-05-02T00:14:53.465435,102.69,0,99.05,0.0,0.0,0.0,4.199,70.0,43,1,60.0,2026-05-02T00:15:53.465333,4.048
2026-05-02T00:14:53.744150,102.69,0,99.03,0.0,0.0,0.0,4.199,70.0,43,1,60.0,2026-05-02T00:15:53.743991,4.041
2026-05-02T00:14:54.023237,102.63,0,99.0,0.0,0.0,0.0,4.199,70.0,43,1,60.0,2026-05-02T00:15:54.023119,4.044
2026-05-02T00:14:54.295502,102.63,0,99.02,0.0,0.0,0.0,4.199,70.0,43,1,60.0,2026-05-02T00:15:54.295404,4.05
2026-05-02T00:14:54.568386,102.57,0,99.03,0.0,0.0,0.0,4.199,70.0,43,1,60.0,2026-05-02T00:15:54.568274,4.051
2026-05-02T00:14:54.844933,102.57,0,98.99,0.0,0.0,0.0,4.199,70.0,43,1,60.0,2026-05-02T00:15:54.844820,4.044
2026-05-02T00:14:55.118619,102.57,0,99.0,0.0,0.0,0.0,4.199,70.0,43,1,60.0,2026-05-02T00:15:55.118496,4.048
2026-05-02T00:14:55.393278,102.51,0,99.0,0.0,0.0,0.0,4.199,70.0,43,1,60.0,2026-05-02T00:15:55.393168,4.049
2026-05-02T00:14:55.666299,102.51,0,99.0,0.0,0.0,0.0,4.199,70.0,43,1,60.0,2026-05-02T00:15:55.666187,4.049
2026-05-02T00:14:55.939223,102.51,0,98.99,0.0,0.0,0.0,4.199,70.0,43,1,60.0,2026-05-02T00:15:55.939128,4.046
2026-05-02T00:14:56.215925,102.46,0,98.98,0.0,0.0,0.0,4.199,70.0,43,1,60.0,2026-05-02T00:15:56.215800,4.045
2026-05-02T00:14:56.494351,102.46,0,98.98,0.0,0.0,0.0,4.199,70.0,43,1,60.0,2026-05-02T00:15:56.494197,4.051
2026-05-02T00:14:56.769662,102.46,0,98.99,0.0,0.0,0.0,4.199,70.0,43,1,60.0,2026-05-02T00:15:56.769541,4.059
2026-05-02T00:14:57.044215,102.4,0,98.98,0.0,0.0,0.0,4.199,70.0,43,1,60.0,2026-05-02T00:15:57.044108,4.064
2026-05-02T00:14:57.317512,102.4,0,98.97,0.0,0.0,0.0,4.199,70.0,43,1,60.0,2026-05-02T00:15:57.317412,4.067
2026-05-02T00:14:57.590561,102.4,0,98.97,0.0,0.0,0.0,4.199,70.0,43,1,60.0,2026-05-02T00:15:57.590458,4.068
2026-05-02T00:14:57.865105,102.35,0,98.95,0.0,0.0,0.0,4.199,70.0,43,1,60.0,2026-05-02T00:15:57.864979,4.07
2026-05-02T00:14:58.137886,102.35,0,98.95,0.0,0.0,0.0,4.199,70.0,43,1,60.0,2026-05-02T00:15:58.137784,4.07
2026-05-02T00:14:58.411495,102.28,0,98.94,0.0,0.0,0.0,4.199,70.0,43,1,60.0,2026-05-02T00:15:58.411397,4.071
2026-05-02T00:14:58.684239,102.28,0,98.93,0.0,0.0,0.0,4.199,70.0,43,1,60.0,2026-05-02T00:15:58.684131,4.071
2026-05-02T00:14:58.957050,102.28,0,98.92,0.0,0.0,0.0,4.199,70.0,43,1,60.0,2026-05-02T00:15:58.956903,4.071
2026-05-02T00:14:59.231847,102.23,0,98.91,0.0,0.0,0.0,4.199,70.0,43,1,60.0,2026-05-02T00:15:59.231735,4.071
2026-05-02T00:14:59.504618,102.23,0,98.9,0.0,0.0,0.0,4.199,70.0,43,1,60.0,2026-05-02T00:15:59.504500,4.071
2026-05-02T00:14:59.778012,102.23,0,98.89,0.0,0.0,0.0,4.199,70.0,43,1,60.0,2026-05-02T00:15:59.777899,4.071
2026-05-02T00:15:00.052516,102.18,0,98.88,0.0,0.0,0.0,4.199,70.0,43,1,60.0,2026-05-02T00:16:00.052408,4.073
2026-05-02T00:15:00.325588,102.18,0,98.88,0.0,0.0,0.0,4.199,70.0,43,1,60.0,2026-05-02T00:16:00.325490,4.073
2026-05-02T00:15:00.600039,102.18,0,98.87,0.0,0.0,0.0,4.199,70.0,43,1,60.0,2026-05-02T00:16:00.599926,4.073
2026-05-02T00:15:00.874677,102.13,0,98.86,0.0,0.0,0.0,4.199,70.0,43,1,60.0,2026-05-02T00:16:00.874575,4.073
2026-05-02T00:15:01.147423,102.13,0,98.85,0.0,0.0,0.0,4.199,70.0,43,1,60.0,2026-05-02T00:16:01.147300,4.073
2026-05-02T00:15:01.420503,102.13,0,98.84,0.0,0.0,0.0,4.199,70.0,43,1,60.0,2026-05-02T00:16:01.420376,4.073
2026-05-02T00:15:01.696540,102.08,0,98.83,0.0,0.0,0.0,4.199,70.0,43,1,60.0,2026-05-02T00:16:01.696408,4.073
2026-05-02T00:15:01.975257,102.08,0,98.82,0.0,0.0,0.0,4.199,70.0,43,1,60.0,2026-05-02T00:16:01.975128,4.074
2026-05-02T00:15:02.250049,102.08,0,98.82,0.0,0.0,0.0,4.199,70.0,43,1,60.0,2026-05-02T00:16:02.249937,4.074
2026-05-02T00:15:02.525933,102.03,0,98.8,0.0,0.0,0.0,4.199,70.0,43,1,60.0,2026-05-02T00:16:02.525827,4.074
2026-05-02T00:15:02.801362,102.03,0,98.8,0.0,0.0,0.0,4.199,70.0,43,1,60.0,2026-05-02T00:16:02.801234,4.074
2026-05-02T00:15:03.075618,101.98,0,98.79,0.0,0.0,0.0,4.199,70.0,43,1,60.0,2026-05-02T00:16:03.075512,4.074
2026-05-02T00:15:03.349839,101.98,0,98.78,0.0,0.0,0.0,4.199,70.0,43,1,60.0,2026-05-02T00:16:03.349726,4.075
2026-05-02T00:15:03.622960,101.98,0,98.77,0.0,0.0,0.0,4.199,70.0,43,1,60.0,2026-05-02T00:16:03.622865,4.075
2026-05-02T00:15:03.897561,101.95,0,98.76,0.0,0.0,0.0,4.199,70.0,43,1,60.0,2026-05-02T00:16:03.897449,4.075
2026-05-02T00:15:04.173643,101.95,0,98.76,0.0,0.0,0.0,4.199,70.0,43,1,60.0,2026-05-02T00:16:04.173520,4.075
2026-05-02T00:15:04.448556,101.95,0,98.75,0.0,0.0,0.0,4.199,70.0,43,1,60.0,2026-05-02T00:16:04.448451,4.076
2026-05-02T00:15:04.724696,101.92,0,98.75,0.0,0.0,0.0,4.199,70.0,43,1,60.0,2026-05-02T00:16:04.724573,4.076
2026-05-02T00:15:04.997637,101.92,0,98.74,0.0,0.0,0.0,4.199,70.0,43,1,60.0,2026-05-02T00:16:04.997536,4.076
2026-05-02T00:15:05.270901,101.92,0,98.74,0.0,0.0,0.0,4.199,70.0,43,1,60.0,2026-05-02T00:16:05.270802,4.076
2026-05-02T00:15:05.554341,101.88,0,98.72,0.0,0.0,0.0,4.199,70.0,43,1,60.0,2026-05-02T00:16:05.554195,4.076
2026-05-02T00:15:05.828216,101.88,0,98.72,0.0,0.0,0.0,4.199,70.0,43,1,60.0,2026-05-02T00:16:05.828104,4.076
2026-05-02T00:15:06.101010,101.88,0,98.72,0.0,0.0,0.0,4.199,70.0,43,1,60.0,2026-05-02T00:16:06.100910,4.077
2026-05-02T00:15:06.372835,101.83,0,98.71,0.0,0.0,0.0,4.199,70.0,43,1,60.0,2026-05-02T00:16:06.372735,4.077
2026-05-02T00:15:06.644322,101.83,0,98.7,0.0,0.0,0.0,4.199,70.0,43,1,60.0,2026-05-02T00:16:06.644223,4.077
2026-05-02T00:15:06.921580,101.81,0,98.7,0.0,0.0,0.0,4.199,70.0,43,1,60.0,2026-05-02T00:16:06.921456,4.077
2026-05-02T00:15:07.196656,101.81,0,98.69,0.0,0.0,0.0,4.199,70.0,43,1,60.0,2026-05-02T00:16:07.196539,4.078
2026-05-02T00:15:07.470722,101.81,0,98.69,0.0,0.0,0.0,4.199,70.0,43,1,60.0,2026-05-02T00:16:07.470588,4.078
2026-05-02T00:15:07.744539,101.77,0,98.68,0.0,0.0,0.0,4.199,70.0,43,1,60.0,2026-05-02T00:16:07.744432,4.078
2026-05-02T00:15:08.017242,101.77,0,98.67,0.0,0.0,0.0,4.199,70.0,43,1,60.0,2026-05-02T00:16:08.017125,4.078
2026-05-02T00:15:08.292031,101.77,0,98.67,0.0,0.0,0.0,4.199,70.0,43,1,60.0,2026-05-02T00:16:08.291918,4.079
2026-05-02T00:15:08.570139,101.72,0,98.66,0.0,0.0,0.0,4.199,70.0,43,1,60.0,2026-05-02T00:16:08.570001,4.079
2026-05-02T00:15:08.842688,101.72,0,98.65,0.0,0.0,0.0,4.199,70.0,43,1,60.0,2026-05-02T00:16:08.842580,4.08
2026-05-02T00:15:09.114112,101.72,0,98.65,0.0,0.0,0.0,4.199,70.0,43,1,60.0,2026-05-02T00:16:09.114005,4.08
2026-05-02T00:15:09.387045,101.67,0,98.64,0.0,0.0,0.0,4.199,70.0,43,1,60.0,2026-05-02T00:16:09.386890,4.08
2026-05-02T00:15:09.659398,101.67,0,98.63,0.0,0.0,0.0,4.199,70.0,43,1,60.0,2026-05-02T00:16:09.659290,4.081
2026-05-02T00:15:09.932180,101.67,0,98.62,0.0,0.0,0.0,4.199,70.0,43,1,60.0,2026-05-02T00:16:09.932074,4.081
2026-05-02T00:15:10.205052,101.63,0,98.61,0.0,0.0,0.0,4.199,70.0,43,1,60.0,2026-05-02T00:16:10.204948,4.081
2026-05-02T00:15:10.478935,101.63,0,98.6,0.0,0.0,0.0,4.199,70.0,43,1,60.0,2026-05-02T00:16:10.478791,4.081
2026-05-02T00:15:10.752938,101.63,0,98.6,0.0,0.0,0.0,4.199,70.0,43,1,60.0,2026-05-02T00:16:10.752816,4.081
2026-05-02T00:15:11.027674,101.57,0,98.58,0.0,0.0,0.0,4.199,70.0,43,1,60.0,2026-05-02T00:16:11.027568,4.082
2026-05-02T00:15:11.298337,101.57,0,98.57,0.0,0.0,0.0,4.199,70.0,43,1,60.0,2026-05-02T00:16:11.298241,4.082
2026-05-02T00:15:11.569565,101.53,0,98.57,0.0,0.0,0.0,4.199,70.0,43,1,60.0,2026-05-02T00:16:11.569460,4.082
2026-05-02T00:15:11.846314,101.53,0,98.56,0.0,0.0,0.0,4.199,70.0,43,1,60.0,2026-05-02T00:16:11.846140,4.083
2026-05-02T00:15:12.121313,101.53,0,98.55,0.0,0.0,0.0,4.199,70.0,43,1,60.0,2026-05-02T00:16:12.121177,4.083
2026-05-02T00:15:12.393363,101.47,0,98.54,0.0,0.0,0.0,4.199,70.0,43,1,60.0,2026-05-02T00:16:12.393259,4.083
2026-05-02T00:15:12.665478,101.47,0,98.53,0.0,0.0,0.0,4.199,70.0,43,1,60.0,2026-05-02T00:16:12.665373,4.083
2026-05-02T00:15:12.937986,101.47,0,98.52,0.0,0.0,0.0,4.199,70.0,43,1,60.0,2026-05-02T00:16:12.937873,4.084
2026-05-02T00:15:13.211795,101.42,0,98.51,0.0,0.0,0.0,4.199,70.0,43,1,60.0,2026-05-02T00:16:13.211656,4.084
2026-05-02T00:15:13.491690,101.42,0,98.5,0.0,0.0,0.0,4.199,70.0,43,1,60.0,2026-05-02T00:16:13.491562,4.084
2026-05-02T00:15:13.765403,101.42,0,98.49,0.0,0.0,0.0,4.199,70.0,43,1,60.0,2026-05-02T00:16:13.765298,4.084
2026-05-02T00:15:14.040169,101.36,0,98.48,0.0,0.0,0.0,4.199,70.0,43,1,60.0,2026-05-02T00:16:14.040029,4.085
2026-05-02T00:15:14.314248,101.36,0,98.47,0.0,0.0,0.0,4.199,70.0,43,1,60.0,2026-05-02T00:16:14.314135,4.085
2026-05-02T00:15:14.586957,101.36,0,98.47,0.0,0.0,0.0,4.199,70.0,43,1,60.0,2026-05-02T00:16:14.586839,4.086
2026-05-02T00:15:14.864649,101.31,0,98.45,0.0,0.0,0.0,4.199,70.0,43,1,60.0,2026-05-02T00:16:14.864524,4.087
2026-05-02T00:15:15.135878,101.31,0,98.45,0.0,0.0,0.0,4.199,70.0,43,1,60.0,2026-05-02T00:16:15.135769,4.087
2026-05-02T00:15:15.409849,101.31,0,98.44,0.0,0.0,0.0,4.199,70.0,43,1,60.0,2026-05-02T00:16:15.409746,4.087
2026-05-02T00:15:15.684848,101.25,0,98.43,0.0,0.0,0.0,4.199,70.0,43,1,60.0,2026-05-02T00:16:15.684743,4.087
2026-05-02T00:15:15.956104,101.25,0,98.42,0.0,0.0,0.0,4.199,70.0,43,1,60.0,2026-05-02T00:16:15.956001,4.088
2026-05-02T00:15:16.232277,101.25,0,98.42,0.0,0.0,0.0,4.199,70.0,43,1,60.0,2026-05-02T00:16:16.232130,4.088
2026-05-02T00:15:16.506915,101.2,0,98.4,0.0,0.0,0.0,4.199,70.0,43,1,60.0,2026-05-02T00:16:16.506821,4.088
2026-05-02T00:15:16.780758,101.2,0,98.39,0.0,0.0,0.0,4.199,70.0,43,1,60.0,2026-05-02T00:16:16.780619,4.088
2026-05-02T00:15:17.057698,101.14,0,98.38,0.0,0.0,0.0,4.199,70.0,43,1,60.0,2026-05-02T00:16:17.057485,4.089
2026-05-02T00:15:17.330885,101.14,0,98.37,0.0,0.0,0.0,4.199,70.0,43,1,60.0,2026-05-02T00:16:17.330769,4.089
2026-05-02T00:15:17.602636,101.14,0,98.36,0.0,0.0,0.0,4.199,70.0,43,1,60.0,2026-05-02T00:16:17.602540,4.089
2026-05-02T00:15:17.874230,101.08,0,98.35,0.0,0.0,0.0,4.199,70.0,43,1,60.0,2026-05-02T00:16:17.874117,4.09
2026-05-02T00:15:18.145625,101.08,0,98.33,0.0,0.0,0.0,4.199,70.0,43,1,60.0,2026-05-02T00:16:18.145524,4.09
2026-05-02T00:15:18.419253,101.08,0,98.33,0.0,0.0,0.0,4.199,70.0,43,1,60.0,2026-05-02T00:16:18.419160,4.09
2026-05-02T00:15:18.690165,101.03,0,98.32,0.0,0.0,0.0,4.199,70.0,43,1,60.0,2026-05-02T00:16:18.690056,4.091
2026-05-02T00:15:18.965349,101.03,0,98.31,0.0,0.0,0.0,4.199,70.0,43,1,60.0,2026-05-02T00:16:18.965232,4.091
2026-05-02T00:15:19.237158,101.03,0,98.3,0.0,0.0,0.0,4.199,70.0,43,1,60.0,2026-05-02T00:16:19.237054,4.091
2026-05-02T00:15:19.509752,100.97,0,98.29,0.0,0.0,0.0,4.199,70.0,43,1,60.0,2026-05-02T00:16:19.509649,4.091
2026-05-02T00:15:19.784509,100.97,0,98.28,0.0,0.0,0.0,4.199,70.0,43,1,60.0,2026-05-02T00:16:19.784401,4.092
2026-05-02T00:15:20.062845,100.97,0,98.27,0.0,0.0,0.0,4.199,70.0,43,1,60.0,2026-05-02T00:16:20.062702,4.092
2026-05-02T00:15:20.465649,100.9,0,98.21,0.0,0.0,0.0,4.199,70.0,43,1,60.0,2026-05-02T00:16:20.465474,4.093
2026-05-02T00:15:20.839552,100.9,0,98.16,0.0,0.0,0.0,4.199,70.0,43,1,60.0,2026-05-02T00:16:20.839342,4.091
2026-05-02T00:15:21.137724,100.9,0,98.18,0.0,0.0,0.0,4.199,70.0,43,1,60.0,2026-05-02T00:16:21.137590,4.091
2026-05-02T00:15:21.411919,100.84,0,98.2,0.0,0.0,0.0,4.199,70.0,43,1,60.0,2026-05-02T00:16:21.411806,4.092
2026-05-02T00:15:21.686448,100.84,0,98.2,0.0,0.0,0.0,4.199,70.0,43,1,60.0,2026-05-02T00:16:21.686341,4.093
2026-05-02T00:15:21.960704,100.78,0,98.2,0.0,0.0,0.0,4.199,70.0,43,1,60.0,2026-05-02T00:16:21.960577,4.094
2026-05-02T00:15:22.237611,100.78,0,98.18,0.0,0.0,0.0,4.199,70.0,43,1,60.0,2026-05-02T00:16:22.237449,4.095
2026-05-02T00:15:22.510177,100.78,0,98.18,0.0,0.0,0.0,4.199,70.0,43,1,60.0,2026-05-02T00:16:22.510060,4.095
2026-05-02T00:15:22.785766,100.72,0,98.16,0.0,0.0,0.0,4.199,70.0,43,1,60.0,2026-05-02T00:16:22.785606,4.096
2026-05-02T00:15:23.057756,100.72,0,98.15,0.0,0.0,0.0,4.199,70.0,43,1,60.0,2026-05-02T00:16:23.057640,4.096
2026-05-02T00:15:23.331207,100.72,0,98.15,0.0,0.0,0.0,4.199,70.0,43,1,60.0,2026-05-02T00:16:23.331110,4.096
2026-05-02T00:15:23.604079,100.66,0,98.14,0.0,0.0,0.0,4.199,70.0,43,1,60.0,2026-05-02T00:16:23.603972,4.097
2026-05-02T00:15:23.877286,100.66,0,98.12,0.0,0.0,0.0,4.199,70.0,43,1,60.0,2026-05-02T00:16:23.877172,4.097
2026-05-02T00:15:24.148211,100.66,0,98.12,0.0,0.0,0.0,4.199,70.0,43,1,60.0,2026-05-02T00:16:24.148110,4.097
2026-05-02T00:15:24.421033,100.6,0,98.1,0.0,0.0,0.0,4.199,70.0,43,1,60.0,2026-05-02T00:16:24.420926,4.098
2026-05-02T00:15:24.693699,100.6,0,98.09,0.0,0.0,0.0,4.199,70.0,43,1,60.0,2026-05-02T00:16:24.693590,4.098
2026-05-02T00:15:24.968245,100.6,0,98.08,0.0,0.0,0.0,4.199,70.0,43,1,60.0,2026-05-02T00:16:24.968140,4.098
2026-05-02T00:15:25.240145,100.54,0,98.07,0.0,0.0,0.0,4.199,70.0,43,1,60.0,2026-05-02T00:16:25.240022,4.098
2026-05-02T00:15:25.515659,100.54,0,98.05,0.0,0.0,0.0,4.199,70.0,43,1,60.0,2026-05-02T00:16:25.515477,4.099
2026-05-02T00:15:25.793653,100.54,0,98.05,0.0,0.0,0.0,4.199,70.0,43,1,60.0,2026-05-02T00:16:25.793510,4.099
2026-05-02T00:15:26.071234,100.49,0,98.03,0.0,0.0,0.0,4.199,70.0,43,1,60.0,2026-05-02T00:16:26.071129,4.1
2026-05-02T00:15:26.339421,100.49,0,98.03,0.0,0.0,0.0,4.199,70.0,43,1,60.0,2026-05-02T00:16:26.339307,4.1
2026-05-02T00:15:26.608651,100.42,0,98.02,0.0,0.0,0.0,4.199,70.0,43,1,60.0,2026-05-02T00:16:26.608557,4.101
2026-05-02T00:15:26.877101,100.42,0,98.0,0.0,0.0,0.0,4.199,70.0,43,1,60.0,2026-05-02T00:16:26.876964,4.101
2026-05-02T00:15:27.144559,100.42,0,98.0,0.0,0.0,0.0,4.199,70.0,43,1,60.0,2026-05-02T00:16:27.144358,4.101
2026-05-02T00:15:27.418574,100.36,0,97.99,0.0,0.0,0.0,4.199,70.0,43,1,60.0,2026-05-02T00:16:27.418453,4.101
2026-05-02T00:15:27.682455,100.36,0,97.98,0.0,0.0,0.0,4.199,70.0,43,1,60.0,2026-05-02T00:16:27.682351,4.101
2026-05-02T00:15:27.946035,100.36,0,97.97,0.0,0.0,0.0,4.199,70.0,43,1,60.0,2026-05-02T00:16:27.945911,4.101
2026-05-02T00:15:28.209895,100.3,0,97.96,0.0,0.0,0.0,4.199,70.0,43,1,60.0,2026-05-02T00:16:28.209785,4.102
2026-05-02T00:15:28.470095,100.3,0,97.95,0.0,0.0,0.0,4.199,70.0,43,1,60.0,2026-05-02T00:16:28.469982,4.102
2026-05-02T00:15:28.730771,100.3,0,97.94,0.0,0.0,0.0,4.199,70.0,43,1,60.0,2026-05-02T00:16:28.730669,4.102
2026-05-02T00:15:28.992670,100.25,0,97.93,0.0,0.0,0.0,4.199,70.0,43,1,60.0,2026-05-02T00:16:28.992557,4.102
2026-05-02T00:15:29.252116,100.25,0,97.92,0.0,0.0,0.0,4.199,70.0,43,1,60.0,2026-05-02T00:16:29.252002,4.102
2026-05-02T00:15:29.511510,100.25,0,97.92,0.0,0.0,0.0,4.199,70.0,43,1,60.0,2026-05-02T00:16:29.511405,4.102
2026-05-02T00:15:29.771267,100.18,0,97.9,0.0,0.0,0.0,4.199,70.0,43,1,60.0,2026-05-02T00:16:29.771164,4.103
2026-05-02T00:15:30.030460,100.18,0,97.88,0.0,0.0,0.0,4.199,70.0,43,1,60.0,2026-05-02T00:16:30.030353,4.103
2026-05-02T00:15:30.289278,100.18,0,97.88,0.0,0.0,0.0,4.199,70.0,43,1,60.0,2026-05-02T00:16:30.289178,4.103
2026-05-02T00:15:30.553453,100.12,0,97.86,0.0,0.0,0.0,4.199,70.0,43,1,60.0,2026-05-02T00:16:30.553334,4.103
2026-05-02T00:15:30.814638,100.12,0,97.85,0.0,0.0,0.0,4.199,70.0,43,1,60.0,2026-05-02T00:16:30.814524,4.103
2026-05-02T00:15:31.075622,100.12,0,97.84,0.0,0.0,0.0,4.199,70.0,43,1,60.0,2026-05-02T00:16:31.075481,4.104
2026-05-02T00:15:31.339708,100.06,0,97.83,0.0,0.0,0.0,4.199,70.0,43,1,60.0,2026-05-02T00:16:31.339586,4.104
2026-05-02T00:15:31.600715,100.06,0,97.82,0.0,0.0,0.0,4.199,70.0,43,1,60.0,2026-05-02T00:16:31.600581,4.104
2026-05-02T00:15:31.861702,100.0,0,97.81,0.0,0.0,0.0,4.199,70.0,43,1,60.0,2026-05-02T00:16:31.861570,4.104
2026-05-02T00:15:32.121204,100.0,0,97.79,0.0,0.0,0.0,4.199,70.0,43,1,60.0,2026-05-02T00:16:32.121098,4.105
2026-05-02T00:15:32.385007,100.0,0,97.79,0.0,0.0,0.0,4.199,70.0,43,1,60.0,2026-05-02T00:16:32.384862,4.105
2026-05-02T00:15:32.645557,99.92,0,97.77,0.0,0.0,0.0,4.199,70.0,43,1,60.0,2026-05-02T00:16:32.645442,4.106
2026-05-02T00:15:32.907690,99.92,0,97.75,0.0,0.0,0.0,4.199,70.0,43,1,60.0,2026-05-02T00:16:32.907566,4.106
2026-05-02T00:15:33.166141,99.92,0,97.75,0.0,0.0,0.0,4.199,70.0,43,1,60.0,2026-05-02T00:16:33.166035,4.107
2026-05-02T00:15:33.426364,99.85,0,97.73,0.0,0.0,0.0,4.199,70.0,43,1,60.0,2026-05-02T00:16:33.426242,4.107
2026-05-02T00:15:33.685389,99.85,0,97.72,0.0,0.0,0.0,4.199,70.0,43,1,60.0,2026-05-02T00:16:33.685290,4.107
2026-05-02T00:15:33.945449,99.85,0,97.71,0.0,0.0,0.0,4.199,70.0,43,1,60.0,2026-05-02T00:16:33.945339,4.107
2026-05-02T00:15:34.205273,99.76,0,97.69,0.0,0.0,0.0,4.199,70.0,43,1,60.0,2026-05-02T00:16:34.205157,4.108
2026-05-02T00:15:34.464677,99.76,0,97.67,0.0,0.0,0.0,4.199,70.0,43,1,60.0,2026-05-02T00:16:34.464576,4.108
2026-05-02T00:15:34.725085,99.76,0,97.66,0.0,0.0,0.0,4.199,70.0,43,1,60.0,2026-05-02T00:16:34.724976,4.108
2026-05-02T00:15:34.979062,99.64,0,97.63,0.0,0.0,0.0,4.199,70.0,43,1,60.0,2026-05-02T00:16:34.978944,4.11
2026-05-02T00:15:35.237314,99.64,0,97.61,0.0,0.0,0.0,4.199,70.0,43,1,60.0,2026-05-02T00:16:35.237207,4.11
2026-05-02T00:15:35.499544,99.64,0,97.6,0.0,0.0,0.0,4.199,70.0,43,1,60.0,2026-05-02T00:16:35.499404,4.111
2026-05-02T00:15:35.770212,99.46,0,97.54,0.0,0.0,0.0,4.199,70.0,43,1,60.0,2026-05-02T00:16:35.770089,4.111
2026-05-02T00:15:36.016459,99.46,0,97.52,0.0,0.0,0.0,4.199,70.0,43,1,60.0,2026-05-02T00:16:36.016345,4.113
2026-05-02T00:15:36.267848,99.3,0,97.5,0.0,0.0,0.0,4.199,70.0,43,1,60.0,2026-05-02T00:16:36.267730,4.114
2026-05-02T00:15:36.513426,99.3,0,97.46,0.0,0.0,0.0,4.199,70.0,43,1,60.0,2026-05-02T00:16:36.513326,4.115
2026-05-02T00:15:36.757962,99.3,0,97.44,0.0,0.0,0.0,4.199,70.0,43,1,60.0,2026-05-02T00:16:36.757852,4.116
2026-05-02T00:15:36.998219,99.15,0,97.4,0.0,0.0,0.0,4.199,70.0,43,1,60.0,2026-05-02T00:16:36.998090,4.118
2026-05-02T00:15:37.243171,99.15,0,97.37,0.0,0.0,0.0,4.199,70.0,43,1,60.0,2026-05-02T00:16:37.243047,4.119
2026-05-02T00:15:37.488233,99.15,0,97.35,0.0,0.0,0.0,4.199,70.0,43,1,60.0,2026-05-02T00:16:37.488080,4.12
2026-05-02T00:15:37.730587,99.01,0,97.32,0.0,0.0,0.0,4.199,70.0,43,1,60.0,2026-05-02T00:16:37.730400,4.121
2026-05-02T00:15:37.977693,99.01,0,97.29,0.0,0.0,0.0,4.199,70.0,43,1,60.0,2026-05-02T00:16:37.977580,4.122
2026-05-02T00:15:38.237045,99.01,0,97.27,0.0,0.0,0.0,4.199,70.0,43,1,60.0,2026-05-02T00:16:38.236889,4.123
2026-05-02T00:15:38.475945,98.91,0,97.24,0.0,0.0,0.0,4.199,70.0,43,1,60.0,2026-05-02T00:16:38.475814,4.124
2026-05-02T00:15:38.715692,98.91,0,97.23,0.0,0.0,0.0,4.199,70.0,43,1,60.0,2026-05-02T00:16:38.715579,4.125
2026-05-02T00:15:38.961244,98.91,0,97.22,0.0,0.0,0.0,4.199,70.0,43,1,60.0,2026-05-02T00:16:38.961126,4.125
2026-05-02T00:15:39.196122,98.81,0,97.18,0.0,0.0,0.0,4.199,70.0,43,1,60.0,2026-05-02T00:16:39.195993,4.126
2026-05-02T00:15:39.422523,98.81,0,97.16,0.0,0.0,0.0,4.199,70.0,43,1,60.0,2026-05-02T00:16:39.422413,4.128
2026-05-02T00:15:39.648809,98.81,0,97.16,0.0,0.0,0.0,4.199,70.0,43,1,60.0,2026-05-02T00:16:39.648707,4.13
2026-05-02T00:15:39.875891,98.73,0,97.12,0.0,0.0,0.0,4.199,70.0,43,1,60.0,2026-05-02T00:16:39.875776,4.131
2026-05-02T00:15:40.101973,98.73,0,97.11,0.0,0.0,0.0,4.199,70.0,43,1,60.0,2026-05-02T00:16:40.101876,4.133
2026-05-02T00:15:40.329162,98.66,0,97.1,0.0,0.0,0.0,4.199,70.0,43,1,60.0,2026-05-02T00:16:40.329057,4.134
2026-05-02T00:15:40.558196,98.66,0,97.07,0.0,0.0,0.0,4.199,70.0,43,1,60.0,2026-05-02T00:16:40.558026,4.135
2026-05-02T00:15:40.786305,98.66,0,97.06,0.0,0.0,0.0,4.199,70.0,43,1,60.0,2026-05-02T00:16:40.786192,4.137
2026-05-02T00:15:41.014080,98.59,0,97.05,0.0,0.0,0.0,4.199,70.0,43,1,60.0,2026-05-02T00:16:41.013959,4.137
2026-05-02T00:15:41.242039,98.59,0,97.03,0.0,0.0,0.0,4.199,70.0,43,1,60.0,2026-05-02T00:16:41.241932,4.138
2026-05-02T00:15:41.467410,98.59,0,97.02,0.0,0.0,0.0,4.199,70.0,43,1,60.0,2026-05-02T00:16:41.467313,4.138
2026-05-02T00:15:41.693753,98.5,0,97.0,0.0,0.0,0.0,4.199,70.0,43,1,60.0,2026-05-02T00:16:41.693636,4.139
2026-05-02T00:15:41.921928,98.5,0,96.98,0.0,0.0,0.0,4.199,70.0,43,1,60.0,2026-05-02T00:16:41.921806,4.139
2026-05-02T00:15:42.147888,98.5,0,96.97,0.0,0.0,0.0,4.199,70.0,43,1,60.0,2026-05-02T00:16:42.147778,4.139
2026-05-02T00:15:42.374552,98.43,0,96.95,0.0,0.0,0.0,4.199,70.0,43,1,60.0,2026-05-02T00:16:42.374444,4.14
2026-05-02T00:15:42.601059,98.43,0,96.93,0.0,0.0,0.0,4.199,70.0,43,1,60.0,2026-05-02T00:16:42.600944,4.14
2026-05-02T00:15:42.830657,98.43,0,96.92,0.0,0.0,0.0,4.199,70.0,43,1,60.0,2026-05-02T00:16:42.830508,4.14
2026-05-02T00:15:43.061179,98.36,0,96.89,0.0,0.0,0.0,4.199,70.0,43,1,60.0,2026-05-02T00:16:43.061021,4.14
2026-05-02T00:15:43.286061,98.36,0,96.88,0.0,0.0,0.0,4.199,70.0,43,1,60.0,2026-05-02T00:16:43.285942,4.14
2026-05-02T00:15:43.511700,98.36,0,96.88,0.0,0.0,0.0,4.199,70.0,43,1,60.0,2026-05-02T00:16:43.511583,4.141
2026-05-02T00:15:43.737690,98.27,0,96.84,0.0,0.0,0.0,4.199,70.0,43,1,60.0,2026-05-02T00:16:43.737577,4.14
2026-05-02T00:15:43.963945,98.27,0,96.83,0.0,0.0,0.0,4.199,70.0,43,1,60.0,2026-05-02T00:16:43.963825,4.141
2026-05-02T00:15:44.191072,98.27,0,96.82,0.0,0.0,0.0,4.199,70.0,43,1,60.0,2026-05-02T00:16:44.190945,4.141
2026-05-02T00:15:44.417676,98.19,0,96.79,0.0,0.0,0.0,4.199,70.0,43,1,60.0,2026-05-02T00:16:44.417569,4.141
2026-05-02T00:15:44.643547,98.19,0,96.78,0.0,0.0,0.0,4.199,70.0,43,1,60.0,2026-05-02T00:16:44.643448,4.141
2026-05-02T00:15:44.869615,98.11,0,96.76,0.0,0.0,0.0,4.199,70.0,43,1,60.0,2026-05-02T00:16:44.869510,4.141
2026-05-02T00:15:45.096834,98.11,0,96.74,0.0,0.0,0.0,4.199,70.0,43,1,60.0,2026-05-02T00:16:45.096726,4.141
2026-05-02T00:15:45.322226,98.11,0,96.73,0.0,0.0,0.0,4.199,70.0,43,1,60.0,2026-05-02T00:16:45.322108,4.141
2026-05-02T00:15:45.548272,98.03,0,96.71,0.0,0.0,0.0,4.199,70.0,43,1,60.0,2026-05-02T00:16:45.548163,4.141
2026-05-02T00:15:45.774757,98.03,0,96.69,0.0,0.0,0.0,4.199,70.0,43,1,60.0,2026-05-02T00:16:45.774662,4.141
2026-05-02T00:15:46.003684,98.03,0,96.68,0.0,0.0,0.0,4.199,70.0,43,1,60.0,2026-05-02T00:16:46.003527,4.141
2026-05-02T00:15:46.230823,97.95,0,96.65,0.0,0.0,0.0,4.199,70.0,43,1,60.0,2026-05-02T00:16:46.230696,4.142
2026-05-02T00:15:46.457271,97.95,0,96.63,0.0,0.0,0.0,4.199,70.0,43,1,60.0,2026-05-02T00:16:46.457154,4.142
2026-05-02T00:15:46.683548,97.95,0,96.63,0.0,0.0,0.0,4.199,70.0,43,1,60.0,2026-05-02T00:16:46.683445,4.142
2026-05-02T00:15:46.911306,97.89,0,96.61,0.0,0.0,0.0,4.199,70.0,43,1,60.0,2026-05-02T00:16:46.911180,4.142
2026-05-02T00:15:47.138762,97.89,0,96.59,0.0,0.0,0.0,4.199,70.0,43,1,60.0,2026-05-02T00:16:47.138652,4.142
2026-05-02T00:15:47.364481,97.89,0,96.59,0.0,0.0,0.0,4.199,70.0,43,1,60.0,2026-05-02T00:16:47.364376,4.142
2026-05-02T00:15:47.590404,97.82,0,96.56,0.0,0.0,0.0,4.199,70.0,43,1,60.0,2026-05-02T00:16:47.590278,4.142
2026-05-02T00:15:47.809836,97.82,0,96.55,0.0,0.0,0.0,4.199,70.0,43,1,60.0,2026-05-02T00:16:47.809729,4.142
2026-05-02T00:15:48.032048,97.82,0,96.54,0.0,0.0,0.0,4.199,70.0,43,1,60.0,2026-05-02T00:16:48.031892,4.143
2026-05-02T00:15:48.253890,97.75,0,96.51,0.0,0.0,0.0,4.199,70.0,43,1,60.0,2026-05-02T00:16:48.253753,4.143
2026-05-02T00:15:48.474401,97.75,0,96.5,0.0,0.0,0.0,4.199,70.0,43,1,60.0,2026-05-02T00:16:48.474254,4.143
2026-05-02T00:15:48.695645,97.68,0,96.49,0.0,0.0,0.0,4.199,70.0,43,1,60.0,2026-05-02T00:16:48.695524,4.143
2026-05-02T00:15:48.915859,97.68,0,96.46,0.0,0.0,0.0,4.199,70.0,43,1,60.0,2026-05-02T00:16:48.915744,4.143
2026-05-02T00:15:49.135892,97.68,0,96.45,0.0,0.0,0.0,4.199,70.0,43,1,60.0,2026-05-02T00:16:49.135785,4.143
2026-05-02T00:15:49.355734,97.6,0,96.44,0.0,0.0,0.0,4.199,70.0,43,1,60.0,2026-05-02T00:16:49.355629,4.144
2026-05-02T00:15:49.576345,97.6,0,96.42,0.0,0.0,0.0,4.199,70.0,43,1,60.0,2026-05-02T00:16:49.576243,4.144
2026-05-02T00:15:49.795662,97.6,0,96.41,0.0,0.0,0.0,4.199,70.0,43,1,60.0,2026-05-02T00:16:49.795553,4.144
2026-05-02T00:15:50.017106,97.53,0,96.39,0.0,0.0,0.0,4.199,70.0,43,1,60.0,2026-05-02T00:16:50.016976,4.144
2026-05-02T00:15:50.276587,97.53,0,96.37,0.0,0.0,0.0,4.199,70.0,43,1,60.0,2026-05-02T00:16:50.276451,4.144
2026-05-02T00:15:50.525740,97.53,0,96.36,0.0,0.0,0.0,4.199,70.0,43,1,60.0,2026-05-02T00:16:50.525560,4.144
2026-05-02T00:15:50.786170,97.45,0,96.34,0.0,0.0,0.0,4.199,70.0,43,1,60.0,2026-05-02T00:16:50.785940,4.144
2026-05-02T00:15:51.027116,97.45,0,96.32,0.0,0.0,0.0,4.199,70.0,43,1,60.0,2026-05-02T00:16:51.026988,4.144
2026-05-02T00:15:51.253168,97.45,0,96.31,0.0,0.0,0.0,4.199,70.0,43,1,60.0,2026-05-02T00:16:51.253057,4.144
2026-05-02T00:15:51.473681,97.38,0,96.29,0.0,0.0,0.0,4.199,70.0,43,1,60.0,2026-05-02T00:16:51.473569,4.144
2026-05-02T00:15:51.694257,97.38,0,96.27,0.0,0.0,0.0,4.199,70.0,43,1,60.0,2026-05-02T00:16:51.694128,4.144
2026-05-02T00:15:51.914998,97.38,0,96.27,0.0,0.0,0.0,4.199,70.0,43,1,60.0,2026-05-02T00:16:51.914873,4.144
2026-05-02T00:15:52.135504,97.3,0,96.24,0.0,0.0,0.0,4.199,70.0,43,1,60.0,2026-05-02T00:16:52.135386,4.144
2026-05-02T00:15:52.355758,97.3,0,96.22,0.0,0.0,0.0,4.199,70.0,43,1,60.0,2026-05-02T00:16:52.355653,4.144
2026-05-02T00:15:52.575673,97.23,0,96.21,0.0,0.0,0.0,4.199,70.0,43,1,60.0,2026-05-02T00:16:52.575561,4.144
2026-05-02T00:15:52.795365,97.23,0,96.19,0.0,0.0,0.0,4.199,70.0,43,1,60.0,2026-05-02T00:16:52.795251,4.144
2026-05-02T00:15:53.016568,97.23,0,96.18,0.0,0.0,0.0,4.199,70.0,43,1,60.0,2026-05-02T00:16:53.016433,4.144
2026-05-02T00:15:53.240640,97.15,0,96.17,0.0,0.0,0.0,4.199,70.0,43,1,60.0,2026-05-02T00:16:53.240506,4.144
2026-05-02T00:15:53.461981,97.15,0,96.14,0.0,0.0,0.0,4.199,70.0,43,1,60.0,2026-05-02T00:16:53.461871,4.145
2026-05-02T00:15:53.682459,97.15,0,96.13,0.0,0.0,0.0,4.199,70.0,43,1,60.0,2026-05-02T00:16:53.682332,4.145
2026-05-02T00:15:53.902129,97.08,0,96.12,0.0,0.0,0.0,4.199,70.0,43,1,60.0,2026-05-02T00:16:53.902031,4.145
2026-05-02T00:15:54.086172,97.08,0,96.83,0.0,0.0,0.0,4.199,70.0,43,1,60.0,2026-05-02T00:16:54.086049,4.194
2026-05-02T00:15:54.306531,97.08,0,96.09,0.0,0.0,0.0,4.199,70.0,43,1,60.0,2026-05-02T00:16:54.306420,4.145
2026-05-02T00:15:54.527009,97.0,0,96.07,0.0,0.0,0.0,4.199,70.0,43,1,60.0,2026-05-02T00:16:54.526906,4.145
2026-05-02T00:15:54.746492,97.0,0,96.05,0.0,0.0,0.0,4.199,70.0,43,1,60.0,2026-05-02T00:16:54.746386,4.145
2026-05-02T00:15:54.966034,97.0,0,96.04,0.0,0.0,0.0,4.199,70.0,43,1,60.0,2026-05-02T00:16:54.965920,4.145
2026-05-02T00:15:55.186560,96.93,0,96.02,0.0,0.0,0.0,4.199,70.0,43,1,60.0,2026-05-02T00:16:55.186458,4.145
2026-05-02T00:15:55.405668,96.93,0,96.01,0.0,0.0,0.0,4.199,70.0,43,1,60.0,2026-05-02T00:16:55.405559,4.145
2026-05-02T00:15:55.627738,96.93,0,96.0,0.0,0.0,0.0,4.199,70.0,43,1,60.0,2026-05-02T00:16:55.627600,4.145
2026-05-02T00:15:55.847925,96.85,0,95.97,0.0,0.0,0.0,4.199,70.0,43,1,60.0,2026-05-02T00:16:55.847802,4.145
2026-05-02T00:15:56.067828,96.85,0,95.96,0.0,0.0,0.0,4.199,70.0,43,1,60.0,2026-05-02T00:16:56.067707,4.145
2026-05-02T00:15:56.292404,96.85,0,95.95,0.0,0.0,0.0,4.199,70.0,43,1,60.0,2026-05-02T00:16:56.292254,4.145
2026-05-02T00:15:56.513387,96.78,0,95.93,0.0,0.0,0.0,4.199,70.0,43,1,60.0,2026-05-02T00:16:56.513271,4.145
2026-05-02T00:15:56.734074,96.78,0,95.92,0.0,0.0,0.0,4.199,70.0,43,1,60.0,2026-05-02T00:16:56.733967,4.145
2026-05-02T00:15:56.955427,96.7,0,95.91,0.0,0.0,0.0,4.199,70.0,43,1,60.0,2026-05-02T00:16:56.955300,4.145
2026-05-02T00:15:57.176390,96.7,0,95.89,0.0,0.0,0.0,4.199,70.0,43,1,60.0,2026-05-02T00:16:57.176267,4.145
2026-05-02T00:15:57.396156,96.7,0,95.88,0.0,0.0,0.0,4.199,70.0,43,1,60.0,2026-05-02T00:16:57.396056,4.145
2026-05-02T00:15:57.616360,96.63,0,95.86,0.0,0.0,0.0,4.199,70.0,43,1,60.0,2026-05-02T00:16:57.616254,4.145
2026-05-02T00:15:57.800267,96.63,0,96.57,0.0,0.0,0.0,4.199,70.0,43,1,60.0,2026-05-02T00:16:57.800163,4.194
2026-05-02T00:15:58.020214,96.63,0,95.84,0.0,0.0,0.0,4.199,70.0,43,1,60.0,2026-05-02T00:16:58.020093,4.145
2026-05-02T00:15:58.204355,96.55,0,96.54,0.0,0.0,0.0,4.199,70.0,43,1,60.0,2026-05-02T00:16:58.204244,4.194
2026-05-02T00:15:58.425015,96.55,0,95.8,0.0,0.0,0.0,4.199,70.0,43,1,60.0,2026-05-02T00:16:58.424894,4.145
2026-05-02T00:15:58.646397,96.55,0,95.79,0.0,0.0,0.0,4.199,70.0,43,1,60.0,2026-05-02T00:16:58.646274,4.145
2026-05-02T00:15:58.831560,96.48,0,96.5,0.0,0.0,0.0,4.199,70.0,43,1,60.0,2026-05-02T00:16:58.831442,4.194
2026-05-02T00:15:59.051935,96.48,0,95.76,0.0,0.0,0.0,4.199,70.0,43,1,60.0,2026-05-02T00:16:59.051820,4.145
2026-05-02T00:15:59.271573,96.48,0,95.75,0.0,0.0,0.0,4.199,70.0,43,1,60.0,2026-05-02T00:16:59.271459,4.145
2026-05-02T00:15:59.437027,96.41,0,95.73,0.0,0.0,0.0,4.199,70.0,43,1,60.0,2026-05-02T00:16:59.436919,4.146
2026-05-02T00:15:59.564867,96.41,0,95.72,0.0,0.0,0.0,4.199,70.0,43,1,60.0,2026-05-02T00:16:59.564771,4.146
2026-05-02T00:15:59.655452,96.41,0,96.44,0.0,0.0,0.0,4.199,70.0,43,1,60.0,2026-05-02T00:16:59.655359,4.196
2026-05-02T00:15:59.747061,96.35,0,96.42,0.0,0.0,0.0,4.199,70.0,43,1,60.0,2026-05-02T00:16:59.746951,4.196
2026-05-02T00:15:59.838208,96.35,0,96.41,0.0,0.0,0.0,4.199,70.0,43,1,60.0,2026-05-02T00:16:59.838110,4.196
2026-05-02T00:15:59.929007,96.29,0,96.41,0.0,0.0,0.0,4.199,70.0,43,1,60.0,2026-05-02T00:16:59.928913,4.197
2026-05-02T00:16:00.020140,96.29,0,96.39,0.0,0.0,0.0,4.199,70.0,43,1,60.0,2026-05-02T00:17:00.020022,4.197
2026-05-02T00:16:00.111293,96.29,0,96.38,0.0,0.0,0.0,4.199,70.0,43,1,60.0,2026-05-02T00:17:00.111188,4.197
2026-05-02T00:16:00.202491,96.21,0,96.38,0.0,0.0,0.0,4.199,70.0,43,1,60.0,2026-05-02T00:17:00.202374,4.197
2026-05-02T00:16:00.293102,96.21,0,96.36,0.0,0.0,0.0,4.199,70.0,43,1,60.0,2026-05-02T00:17:00.292992,4.197
2026-05-02T00:16:00.383777,96.21,0,96.36,0.0,0.0,0.0,4.199,70.0,43,1,60.0,2026-05-02T00:17:00.383674,4.198
2026-05-02T00:16:00.475159,96.15,0,96.35,0.0,0.0,0.0,4.199,70.0,43,1,60.0,2026-05-02T00:17:00.475047,4.198
2026-05-02T00:16:00.534775,96.15,0,96.35,0.0,0.0,0.0,4.199,70.0,43,1,60.0,2026-05-02T00:17:00.534678,4.199
2026-05-02T00:16:00.593795,96.15,0,96.34,0.0,0.0,0.0,4.199,70.0,43,1,60.0,2026-05-02T00:17:00.593704,4.201
2026-05-02T00:16:00.654218,96.09,0,96.33,0.0,0.0,0.0,4.199,70.0,43,1,60.0,2026-05-02T00:17:00.654115,4.202
2026-05-02T00:16:00.681639,96.09,0,96.31,0.0,0.0,0.0,4.199,70.0,43,1,60.0,2026-05-02T00:17:00.681549,4.204
2026-05-02T00:16:00.710009,96.09,0,96.29,0.0,0.0,0.0,4.199,70.0,43,1,60.0,2026-05-02T00:17:00.709926,4.207
2026-05-02T00:16:00.740725,96.03,0,96.26,0.0,0.0,0.0,4.199,70.0,43,1,60.0,2026-05-02T00:17:00.740634,4.21
2026-05-02T00:16:00.771817,96.03,0,96.23,0.0,0.0,0.0,4.199,70.0,43,1,60.0,2026-05-02T00:17:00.771741,4.212
2026-05-02T00:16:00.814557,96.03,0,96.2,0.0,0.0,0.0,4.199,70.0,43,1,60.0,2026-05-02T00:17:00.814463,4.213
2026-05-02T00:16:00.867588,95.98,0,96.17,0.0,0.0,0.0,4.199,70.0,43,1,60.0,2026-05-02T00:17:00.867487,4.211
2026-05-02T00:16:00.921834,95.98,0,96.13,0.0,0.0,0.0,4.199,70.0,43,1,60.0,2026-05-02T00:17:00.921751,4.209
2026-05-02T00:16:00.978373,95.92,0,96.1,0.0,0.0,0.0,4.199,70.0,43,1,60.0,2026-05-02T00:17:00.978255,4.208
2026-05-02T00:16:01.037480,95.92,0,96.06,0.0,0.0,0.0,4.199,70.0,43,1,60.0,2026-05-02T00:17:01.037378,4.206
2026-05-02T00:16:01.095846,95.92,0,96.03,0.0,0.0,0.0,4.199,70.0,43,1,60.0,2026-05-02T00:17:01.095736,4.205
2026-05-02T00:16:01.154216,95.86,0,96.01,0.0,0.0,0.0,4.199,70.0,43,1,60.0,2026-05-02T00:17:01.154111,4.204
2026-05-02T00:16:01.212908,95.86,0,95.98,0.0,0.0,0.0,4.199,70.0,43,1,60.0,2026-05-02T00:17:01.212793,4.204
2026-05-02T00:16:01.270695,95.86,0,95.95,0.0,0.0,0.0,4.199,70.0,43,1,60.0,2026-05-02T00:17:01.270579,4.203
2026-05-02T00:16:01.328610,95.79,0,95.92,0.0,0.0,0.0,4.199,70.0,43,1,60.0,2026-05-02T00:17:01.328496,4.203
2026-05-02T00:16:01.387024,95.79,0,95.9,0.0,0.0,0.0,4.199,70.0,43,1,60.0,2026-05-02T00:17:01.386918,4.202
2026-05-02T00:16:01.444519,95.79,0,95.88,0.0,0.0,0.0,4.199,70.0,43,1,60.0,2026-05-02T00:17:01.444422,4.202
2026-05-02T00:16:01.502831,95.73,0,95.85,0.0,0.0,0.0,4.199,70.0,43,1,60.0,2026-05-02T00:17:01.502723,4.202
2026-05-02T00:16:01.562905,95.73,0,95.83,0.0,0.0,0.0,4.199,70.0,43,1,60.0,2026-05-02T00:17:01.562755,4.201
2026-05-02T00:16:01.620558,95.73,0,95.81,0.0,0.0,0.0,4.199,70.0,43,1,60.0,2026-05-02T00:17:01.620443,4.201
2026-05-02T00:16:01.678299,95.68,0,95.78,0.0,0.0,0.0,4.199,70.0,43,1,60.0,2026-05-02T00:17:01.678189,4.201
2026-05-02T00:16:01.735417,95.68,0,95.76,0.0,0.0,0.0,4.199,70.0,43,1,60.0,2026-05-02T00:17:01.735333,4.201
2026-05-02T00:16:01.793715,95.68,0,95.74,0.0,0.0,0.0,4.199,70.0,43,1,60.0,2026-05-02T00:17:01.793607,4.201
2026-05-02T00:16:01.852713,95.61,0,95.72,0.0,0.0,0.0,4.199,70.0,43,1,60.0,2026-05-02T00:17:01.852610,4.2
2026-05-02T00:16:01.910641,95.61,0,95.69,0.0,0.0,0.0,4.199,70.0,43,1,60.0,2026-05-02T00:17:01.910550,4.2
2026-05-02T00:16:01.968845,95.61,0,95.68,0.0,0.0,0.0,4.199,70.0,43,1,60.0,2026-05-02T00:17:01.968741,4.2
2026-05-02T00:16:02.027722,95.56,0,95.65,0.0,0.0,0.0,4.199,70.0,43,1,60.0,2026-05-02T00:17:02.027619,4.2
2026-05-02T00:16:02.085091,95.56,0,95.63,0.0,0.0,0.0,4.199,70.0,43,1,60.0,2026-05-02T00:17:02.085012,4.2
2026-05-02T00:16:02.142639,95.48,0,95.61,0.0,0.0,0.0,4.199,70.0,43,1,60.0,2026-05-02T00:17:02.142535,4.2
2026-05-02T00:16:02.200851,95.48,0,95.58,0.0,0.0,0.0,4.199,70.0,43,1,60.0,2026-05-02T00:17:02.200761,4.2
2026-05-02T00:16:02.258028,95.48,0,95.56,0.0,0.0,0.0,4.199,70.0,43,1,60.0,2026-05-02T00:17:02.257943,4.2
2026-05-02T00:16:02.315495,95.41,0,95.54,0.0,0.0,0.0,4.199,70.0,43,1,60.0,2026-05-02T00:17:02.315403,4.2
2026-05-02T00:16:02.372954,95.41,0,95.51,0.0,0.0,0.0,4.199,70.0,43,1,60.0,2026-05-02T00:17:02.372868,4.2
2026-05-02T00:16:02.429845,95.41,0,95.49,0.0,0.0,0.0,4.199,70.0,43,1,60.0,2026-05-02T00:17:02.429750,4.199
2026-05-02T00:16:02.486985,95.34,0,95.46,0.0,0.0,0.0,4.199,70.0,43,1,60.0,2026-05-02T00:17:02.486887,4.199
2026-05-02T00:16:02.544095,95.34,0,95.43,0.0,0.0,0.0,4.199,70.0,43,1,60.0,2026-05-02T00:17:02.543997,4.199
2026-05-02T00:16:02.601186,95.34,0,95.41,0.0,0.0,0.0,4.199,70.0,43,1,60.0,2026-05-02T00:17:02.601097,4.199
2026-05-02T00:16:02.658415,95.26,0,95.38,0.0,0.0,0.0,4.199,70.0,43,1,60.0,2026-05-02T00:17:02.658330,4.199
2026-05-02T00:16:02.716078,95.26,0,95.36,0.0,0.0,0.0,4.199,70.0,43,1,60.0,2026-05-02T00:17:02.715934,4.199
2026-05-02T00:16:02.775191,95.26,0,95.34,0.0,0.0,0.0,4.199,70.0,43,1,60.0,2026-05-02T00:17:02.775091,4.199
2026-05-02T00:16:02.833371,95.21,0,95.31,0.0,0.0,0.0,4.199,70.0,43,1,60.0,2026-05-02T00:17:02.833279,4.199
2026-05-02T00:16:02.890408,95.21,0,95.29,0.0,0.0,0.0,4.199,70.0,43,1,60.0,2026-05-02T00:17:02.890305,4.199
2026-05-02T00:16:02.948151,95.14,0,95.27,0.0,0.0,0.0,4.199,70.0,43,1,60.0,2026-05-02T00:17:02.948035,4.199
2026-05-02T00:16:03.006499,95.14,0,95.24,0.0,0.0,0.0,4.199,70.0,43,1,60.0,2026-05-02T00:17:03.006394,4.199
2026-05-02T00:16:03.063351,95.14,0,95.22,0.0,0.0,0.0,4.199,70.0,43,1,60.0,2026-05-02T00:17:03.063262,4.199
2026-05-02T00:16:03.120645,95.07,0,95.2,0.0,0.0,0.0,4.199,70.0,43,1,60.0,2026-05-02T00:17:03.120551,4.199
2026-05-02T00:16:03.177651,95.07,0,95.17,0.0,0.0,0.0,4.199,70.0,43,1,60.0,2026-05-02T00:17:03.177557,4.199
2026-05-02T00:16:03.234409,95.07,0,95.15,0.0,0.0,0.0,4.199,70.0,43,1,60.0,2026-05-02T00:17:03.234318,4.199
2026-05-02T00:16:03.291562,95.02,0,95.13,0.0,0.0,0.0,4.199,70.0,43,1,60.0,2026-05-02T00:17:03.291467,4.199
2026-05-02T00:16:03.348471,95.02,0,95.1,0.0,0.0,0.0,4.199,70.0,43,1,60.0,2026-05-02T00:17:03.348371,4.199
2026-05-02T00:16:03.405631,95.02,0,95.08,0.0,0.0,0.0,4.199,70.0,43,1,60.0,2026-05-02T00:17:03.405544,4.199
2026-05-02T00:16:03.463482,94.96,0,95.06,0.0,0.0,0.0,4.199,70.0,43,1,60.0,2026-05-02T00:17:03.463395,4.199
2026-05-02T00:16:03.522238,94.96,0,95.04,0.0,0.0,0.0,4.199,70.0,43,1,60.0,2026-05-02T00:17:03.522111,4.199
2026-05-02T00:16:03.582049,94.96,0,95.02,0.0,0.0,0.0,4.199,70.0,43,1,60.0,2026-05-02T00:17:03.581943,4.199
2026-05-02T00:16:03.640937,94.9,0,95.0,0.0,0.0,0.0,4.199,70.0,43,1,60.0,2026-05-02T00:17:03.640800,4.199
2026-05-02T00:16:03.698454,94.9,0,94.98,0.0,0.0,0.0,4.199,70.0,43,1,60.0,2026-05-02T00:17:03.698360,4.199
2026-05-02T00:16:03.755436,94.9,0,94.96,0.0,0.0,0.0,4.199,70.0,43,1,60.0,2026-05-02T00:17:03.755333,4.199
2026-05-02T00:16:03.812829,94.83,0,94.93,0.0,0.0,0.0,4.199,70.0,43,1,60.0,2026-05-02T00:17:03.812730,4.199
2026-05-02T00:16:03.869505,94.83,0,94.91,0.0,0.0,0.0,4.199,70.0,43,1,60.0,2026-05-02T00:17:03.869414,4.199
2026-05-02T00:16:03.927151,94.78,0,94.89,0.0,0.0,0.0,4.199,70.0,43,1,60.0,2026-05-02T00:17:03.927041,4.199
2026-05-02T00:16:03.984399,94.78,0,94.87,0.0,0.0,0.0,4.199,70.0,43,1,60.0,2026-05-02T00:17:03.984305,4.199
2026-05-02T00:16:04.041827,94.78,0,94.85,0.0,0.0,0.0,4.199,70.0,43,1,60.0,2026-05-02T00:17:04.041729,4.199
2026-05-02T00:16:04.098651,94.71,0,94.83,0.0,0.0,0.0,4.199,70.0,43,1,60.0,2026-05-02T00:17:04.098564,4.199
2026-05-02T00:16:04.155983,94.71,0,94.8,0.0,0.0,0.0,4.199,70.0,43,1,60.0,2026-05-02T00:17:04.155884,4.199
2026-05-02T00:16:04.212799,94.71,0,94.79,0.0,0.0,0.0,4.199,70.0,43,1,60.0,2026-05-02T00:17:04.212708,4.199
2026-05-02T00:16:04.269884,94.66,0,94.76,0.0,0.0,0.0,4.199,70.0,43,1,60.0,2026-05-02T00:17:04.269799,4.199
2026-05-02T00:16:04.327203,94.66,0,94.74,0.0,0.0,0.0,4.199,70.0,43,1,60.0,2026-05-02T00:17:04.327108,4.199
2026-05-02T00:16:04.383979,94.66,0,94.73,0.0,0.0,0.0,4.199,70.0,43,1,60.0,2026-05-02T00:17:04.383886,4.199
2026-05-02T00:16:04.441320,94.59,0,94.7,0.0,0.0,0.0,4.199,70.0,43,1,60.0,2026-05-02T00:17:04.441235,4.199
2026-05-02T00:16:04.497880,94.59,0,94.68,0.0,0.0,0.0,4.199,70.0,43,1,60.0,2026-05-02T00:17:04.497799,4.199
2026-05-02T00:16:04.554493,94.59,0,94.66,0.0,0.0,0.0,4.199,70.0,43,1,60.0,2026-05-02T00:17:04.554400,4.199
2026-05-02T00:16:04.660673,94.52,0,94.63,0.0,0.0,0.0,4.199,70.0,43,1,60.0,2026-05-02T00:17:04.660578,4.199
2026-05-02T00:16:04.717186,94.52,0,94.6,0.0,0.0,0.0,4.199,70.0,43,1,60.0,2026-05-02T00:17:04.717102,4.199
2026-05-02T00:16:05.692502,94.52,0,94.57,0.0,0.0,0.0,4.199,70.0,43,1,60.0,2026-05-02T00:17:05.692361,4.199
2026-05-02T00:16:05.750023,94.46,0,94.52,0.0,0.0,0.0,4.199,70.0,43,1,60.0,2026-05-02T00:17:05.749924,4.199
2026-05-02T00:16:05.806818,94.46,0,94.49,0.0,0.0,0.0,4.199,70.0,43,1,60.0,2026-05-02T00:17:05.806723,4.199
2026-05-02T00:16:06.747480,94.39,0,94.47,0.0,0.0,0.0,4.199,70.0,43,1,60.0,2026-05-02T00:17:06.747321,4.199
2026-05-02T00:16:06.805782,94.39,0,94.43,0.0,0.0,0.0,4.199,70.0,43,1,60.0,2026-05-02T00:17:06.805660,4.199
2026-05-02T00:16:06.863464,94.39,0,94.42,0.0,0.0,0.0,4.199,70.0,43,1,60.0,2026-05-02T00:17:06.863355,4.199
2026-05-02T00:16:07.799855,94.35,0,94.4,0.0,0.0,0.0,4.199,70.0,43,1,60.0,2026-05-02T00:17:07.799713,4.199
2026-05-02T00:16:07.857730,94.35,0,94.38,0.0,0.0,0.0,4.199,70.0,43,1,60.0,2026-05-02T00:17:07.857625,4.199
2026-05-02T00:16:07.915295,94.35,0,94.37,0.0,0.0,0.0,4.199,70.0,43,1,60.0,2026-05-02T00:17:07.915192,4.199
2026-05-02T00:16:08.859231,94.29,0,94.34,0.0,0.0,0.0,4.199,70.0,43,1,60.0,2026-05-02T00:17:08.859001,4.199
2026-05-02T00:16:08.917256,94.29,0,94.32,0.0,0.0,0.0,4.199,70.0,43,1,60.0,2026-05-02T00:17:08.917141,4.199
2026-05-02T00:16:08.974786,94.29,0,94.31,0.0,0.0,0.0,4.199,70.0,43,1,60.0,2026-05-02T00:17:08.974688,4.199
2026-05-02T00:16:09.895295,94.24,0,94.28,0.0,0.0,0.0,4.199,70.0,43,1,60.0,2026-05-02T00:17:09.895174,4.199
2026-05-02T00:16:09.953649,94.24,0,94.27,0.0,0.0,0.0,4.199,70.0,43,1,60.0,2026-05-02T00:17:09.953542,4.199
2026-05-02T00:16:10.011436,94.24,0,94.26,0.0,0.0,0.0,4.199,70.0,43,1,60.0,2026-05-02T00:17:10.011323,4.199
2026-05-02T00:16:10.962310,94.19,0,94.23,0.0,0.0,0.0,4.199,70.0,43,1,60.0,2026-05-02T00:17:10.962195,4.199
2026-05-02T00:16:11.020367,94.19,0,94.21,0.0,0.0,0.0,4.199,70.0,43,1,60.0,2026-05-02T00:17:11.020268,4.199
2026-05-02T00:16:11.972704,94.19,0,94.2,0.0,0.0,0.0,4.199,70.0,43,1,60.0,2026-05-02T00:17:11.972589,4.199
2026-05-02T00:16:12.031900,94.15,0,94.18,0.0,0.0,0.0,4.199,70.0,43,1,60.0,2026-05-02T00:17:12.031794,4.199
2026-05-02T00:16:12.090473,94.15,0,94.17,0.0,0.0,0.0,4.199,70.0,43,1,60.0,2026-05-02T00:17:12.090338,4.199
2026-05-02T00:16:13.030817,94.15,0,94.16,0.0,0.0,0.0,4.199,70.0,43,1,60.0,2026-05-02T00:17:13.030695,4.199
2026-05-02T00:16:13.089745,94.11,0,94.13,0.0,0.0,0.0,4.199,70.0,43,1,60.0,2026-05-02T00:17:13.089650,4.199
2026-05-02T00:16:13.147770,94.11,0,94.12,0.0,0.0,0.0,4.199,70.0,43,1,60.0,2026-05-02T00:17:13.147678,4.199
2026-05-02T00:16:14.084414,94.06,0,94.11,0.0,0.0,0.0,4.199,70.0,43,1,60.0,2026-05-02T00:17:14.084252,4.199
2026-05-02T00:16:14.143421,94.06,0,94.08,0.0,0.0,0.0,4.199,70.0,43,1,60.0,2026-05-02T00:17:14.143312,4.199
2026-05-02T00:16:14.201326,94.06,0,94.08,0.0,0.0,0.0,4.199,70.0,43,1,60.0,2026-05-02T00:17:14.201228,4.199
2026-05-02T00:16:15.142454,94.02,0,94.05,0.0,0.0,0.0,4.199,70.0,43,1,60.0,2026-05-02T00:17:15.142317,4.199
2026-05-02T00:16:15.201419,94.02,0,94.04,0.0,0.0,0.0,4.199,70.0,43,1,60.0,2026-05-02T00:17:15.201318,4.199
2026-05-02T00:16:15.259389,94.02,0,94.03,0.0,0.0,0.0,4.199,70.0,43,1,60.0,2026-05-02T00:17:15.259294,4.199
2026-05-02T00:16:16.188342,93.96,0,94.0,0.0,0.0,0.0,4.199,70.0,43,1,60.0,2026-05-02T00:17:16.188237,4.199
2026-05-02T00:16:16.246302,93.96,0,93.98,0.0,0.0,0.0,4.199,70.0,43,1,60.0,2026-05-02T00:17:16.246204,4.199
2026-05-02T00:16:16.304063,93.96,0,93.97,0.0,0.0,0.0,4.199,70.0,43,1,60.0,2026-05-02T00:17:16.303967,4.199
2026-05-02T00:16:17.238022,93.9,0,93.95,0.0,0.0,0.0,4.199,70.0,43,1,60.0,2026-05-02T00:17:17.237897,4.199
2026-05-02T00:16:17.296176,93.9,0,93.93,0.0,0.0,0.0,4.199,70.0,43,1,60.0,2026-05-02T00:17:17.296070,4.199
2026-05-02T00:16:17.354888,93.9,0,93.92,0.0,0.0,0.0,4.199,70.0,43,1,60.0,2026-05-02T00:17:17.354782,4.199
2026-05-02T00:16:18.298912,93.85,0,93.89,0.0,0.0,0.0,4.199,70.0,43,1,60.0,2026-05-02T00:17:18.298795,4.199
2026-05-02T00:16:18.356834,93.85,0,93.88,0.0,0.0,0.0,4.199,70.0,43,1,60.0,2026-05-02T00:17:18.356747,4.199
2026-05-02T00:16:19.317182,93.85,0,93.87,0.0,0.0,0.0,4.199,70.0,43,1,60.0,2026-05-02T00:17:19.316978,4.199
2026-05-02T00:16:19.376284,93.78,0,93.82,0.0,0.0,0.0,4.199,70.0,43,1,60.0,2026-05-02T00:17:19.376167,4.199
2026-05-02T00:16:19.435032,93.78,0,93.81,0.0,0.0,0.0,4.199,70.0,43,1,60.0,2026-05-02T00:17:19.434934,4.199
2026-05-02T00:16:20.368113,93.73,0,93.79,0.0,0.0,0.0,4.199,70.0,43,1,60.0,2026-05-02T00:17:20.367991,4.199
2026-05-02T00:16:20.426972,93.73,0,93.76,0.0,0.0,0.0,4.199,70.0,43,1,60.0,2026-05-02T00:17:20.426880,4.199
2026-05-02T00:16:20.485448,93.73,0,93.75,0.0,0.0,0.0,4.199,70.0,43,1,60.0,2026-05-02T00:17:20.485344,4.199
2026-05-02T00:16:21.424302,93.68,0,93.73,0.0,0.0,0.0,4.199,70.0,43,1,60.0,2026-05-02T00:17:21.424175,4.199
2026-05-02T00:16:21.483352,93.68,0,93.71,0.0,0.0,0.0,4.199,70.0,43,1,60.0,2026-05-02T00:17:21.483267,4.199
2026-05-02T00:16:21.541270,93.68,0,93.7,0.0,0.0,0.0,4.199,70.0,43,1,60.0,2026-05-02T00:17:21.541176,4.199
2026-05-02T00:16:22.462570,93.63,0,93.67,0.0,0.0,0.0,4.199,70.0,43,1,60.0,2026-05-02T00:17:22.462450,4.199
2026-05-02T00:16:22.530438,93.63,0,93.65,0.0,0.0,0.0,4.199,70.0,43,1,60.0,2026-05-02T00:17:22.530293,4.199
2026-05-02T00:16:22.592141,93.63,0,93.65,0.0,0.0,0.0,4.199,70.0,43,1,60.0,2026-05-02T00:17:22.592015,4.199
2026-05-02T00:16:23.522501,93.58,0,93.62,0.0,0.0,0.0,4.199,70.0,43,1,60.0,2026-05-02T00:17:23.522370,4.199
2026-05-02T00:16:23.581451,93.58,0,93.6,0.0,0.0,0.0,4.199,70.0,43,1,60.0,2026-05-02T00:17:23.581351,4.199
2026-05-02T00:16:23.640193,93.58,0,93.59,0.0,0.0,0.0,4.199,70.0,43,1,60.0,2026-05-02T00:17:23.640081,4.199
2026-05-02T00:16:24.578020,93.53,0,93.56,0.0,0.0,0.0,4.199,70.0,43,1,60.0,2026-05-02T00:17:24.577816,4.199
2026-05-02T00:16:24.637007,93.53,0,93.55,0.0,0.0,0.0,4.199,70.0,43,1,60.0,2026-05-02T00:17:24.636902,4.199
2026-05-02T00:16:25.597312,93.53,0,93.54,0.0,0.0,0.0,4.199,70.0,43,1,60.0,2026-05-02T00:17:25.597122,4.199
2026-05-02T00:16:25.657128,93.49,0,93.51,0.0,0.0,0.0,4.199,70.0,43,1,60.0,2026-05-02T00:17:25.657022,4.199
2026-05-02T00:16:25.715149,93.49,0,93.5,0.0,0.0,0.0,4.199,70.0,43,1,60.0,2026-05-02T00:17:25.715054,4.199
2026-05-02T00:16:26.654476,93.42,0,93.48,0.0,0.0,0.0,4.199,70.0,43,1,60.0,2026-05-02T00:17:26.654334,4.199
2026-05-02T00:16:26.713293,93.42,0,93.46,0.0,0.0,0.0,4.199,70.0,43,1,60.0,2026-05-02T00:17:26.713197,4.199
2026-05-02T00:16:26.771652,93.42,0,93.44,0.0,0.0,0.0,4.199,70.0,43,1,60.0,2026-05-02T00:17:26.771559,4.199
2026-05-02T00:16:27.701164,93.37,0,93.43,0.0,0.0,0.0,4.199,70.0,43,1,60.0,2026-05-02T00:17:27.701035,4.199
2026-05-02T00:16:27.762462,93.37,0,93.4,0.0,0.0,0.0,4.199,70.0,43,1,60.0,2026-05-02T00:17:27.762303,4.199
2026-05-02T00:16:27.825488,93.37,0,93.39,0.0,0.0,0.0,4.199,70.0,43,1,60.0,2026-05-02T00:17:27.825367,4.199
2026-05-02T00:16:28.754258,93.33,0,93.37,0.0,0.0,0.0,4.199,70.0,43,1,60.0,2026-05-02T00:17:28.754144,4.199
2026-05-02T00:16:28.812703,93.33,0,93.35,0.0,0.0,0.0,4.199,70.0,43,1,60.0,2026-05-02T00:17:28.812603,4.199
2026-05-02T00:16:28.870960,93.33,0,93.35,0.0,0.0,0.0,4.199,70.0,43,1,60.0,2026-05-02T00:17:28.870870,4.199
2026-05-02T00:16:29.812561,93.28,0,93.32,0.0,0.0,0.0,4.199,70.0,43,1,60.0,2026-05-02T00:17:29.812427,4.199
2026-05-02T00:16:29.872358,93.28,0,93.3,0.0,0.0,0.0,4.199,70.0,43,1,60.0,2026-05-02T00:17:29.872248,4.199
2026-05-02T00:16:29.931370,93.28,0,93.3,0.0,0.0,0.0,4.199,70.0,43,1,60.0,2026-05-02T00:17:29.931248,4.199
2026-05-02T00:16:30.862594,93.23,0,93.26,0.0,0.0,0.0,4.199,70.0,43,1,60.0,2026-05-02T00:17:30.862485,4.199
2026-05-02T00:16:30.920924,93.23,0,93.25,0.0,0.0,0.0,4.199,70.0,43,1,60.0,2026-05-02T00:17:30.920828,4.199
2026-05-02T00:16:31.871547,93.23,0,93.24,0.0,0.0,0.0,4.199,70.0,43,1,60.0,2026-05-02T00:17:31.871428,4.199
2026-05-02T00:16:31.930715,93.18,0,93.21,0.0,0.0,0.0,4.199,70.0,43,1,60.0,2026-05-02T00:17:31.930624,4.199
2026-05-02T00:16:31.988849,93.18,0,93.2,0.0,0.0,0.0,4.199,70.0,43,1,60.0,2026-05-02T00:17:31.988751,4.199
2026-05-02T00:16:32.929888,93.18,0,93.19,0.0,0.0,0.0,4.199,70.0,43,1,60.0,2026-05-02T00:17:32.929733,4.199
2026-05-02T00:16:32.991685,93.13,0,93.16,0.0,0.0,0.0,4.199,70.0,43,1,60.0,2026-05-02T00:17:32.991551,4.199
2026-05-02T00:16:33.049610,93.13,0,93.15,0.0,0.0,0.0,4.199,70.0,43,1,60.0,2026-05-02T00:17:33.049511,4.199
2026-05-02T00:16:33.991454,93.1,0,93.13,0.0,0.0,0.0,4.199,70.0,43,1,60.0,2026-05-02T00:17:33.991302,4.199
2026-05-02T00:16:34.050044,93.1,0,93.12,0.0,0.0,0.0,4.199,70.0,43,1,60.0,2026-05-02T00:17:34.049945,4.199
2026-05-02T00:16:34.108028,93.1,0,93.11,0.0,0.0,0.0,4.199,70.0,43,1,60.0,2026-05-02T00:17:34.107934,4.199
2026-05-02T00:16:35.036498,93.05,0,93.09,0.0,0.0,0.0,4.199,70.0,43,1,60.0,2026-05-02T00:17:35.036317,4.199
2026-05-02T00:16:35.095407,93.05,0,93.07,0.0,0.0,0.0,4.199,70.0,43,1,60.0,2026-05-02T00:17:35.095303,4.199
2026-05-02T00:16:35.153894,93.05,0,93.06,0.0,0.0,0.0,4.199,70.0,43,1,60.0,2026-05-02T00:17:35.153787,4.199
2026-05-02T00:16:36.092211,92.99,0,93.03,0.0,0.0,0.0,4.199,70.0,43,1,60.0,2026-05-02T00:17:36.092106,4.199
2026-05-02T00:16:36.151728,92.99,0,93.02,0.0,0.0,0.0,4.199,70.0,43,1,60.0,2026-05-02T00:17:36.151621,4.199
2026-05-02T00:16:36.212064,92.99,0,93.01,0.0,0.0,0.0,4.199,70.0,43,1,60.0,2026-05-02T00:17:36.211948,4.199
2026-05-02T00:16:37.156905,92.94,0,92.98,0.0,0.0,0.0,4.199,70.0,43,1,60.0,2026-05-02T00:17:37.156781,4.199
2026-05-02T00:16:37.215278,92.94,0,92.97,0.0,0.0,0.0,4.199,70.0,43,1,60.0,2026-05-02T00:17:37.215175,4.199
2026-05-02T00:16:37.273535,92.94,0,92.96,0.0,0.0,0.0,4.199,70.0,43,1,60.0,2026-05-02T00:17:37.273440,4.199
2026-05-02T00:16:38.192291,92.88,0,92.92,0.0,0.0,0.0,4.199,70.0,43,1,60.0,2026-05-02T00:17:38.192129,4.199
2026-05-02T00:16:38.251826,92.88,0,92.91,0.0,0.0,0.0,4.199,70.0,43,1,60.0,2026-05-02T00:17:38.251677,4.199
2026-05-02T00:16:39.207468,92.88,0,92.9,0.0,0.0,0.0,4.199,70.0,43,1,60.0,2026-05-02T00:17:39.207336,4.199
2026-05-02T00:16:39.265674,92.84,0,92.87,0.0,0.0,0.0,4.199,70.0,43,1,60.0,2026-05-02T00:17:39.265581,4.199
2026-05-02T00:16:39.323625,92.84,0,92.86,0.0,0.0,0.0,4.199,70.0,43,1,60.0,2026-05-02T00:17:39.323507,4.199
2026-05-02T00:16:40.272775,92.79,0,92.84,0.0,0.0,0.0,4.199,70.0,43,1,60.0,2026-05-02T00:17:40.272634,4.199
2026-05-02T00:16:40.331789,92.79,0,92.82,0.0,0.0,0.0,4.199,70.0,43,1,60.0,2026-05-02T00:17:40.331681,4.199
2026-05-02T00:16:40.390034,92.79,0,92.81,0.0,0.0,0.0,4.199,70.0,43,1,60.0,2026-05-02T00:17:40.389923,4.199
2026-05-02T00:16:41.326565,92.75,0,92.79,0.0,0.0,0.0,4.199,70.0,43,1,60.0,2026-05-02T00:17:41.326459,4.199
2026-05-02T00:16:41.385169,92.75,0,92.77,0.0,0.0,0.0,4.199,70.0,43,1,60.0,2026-05-02T00:17:41.385074,4.199
2026-05-02T00:16:41.442965,92.75,0,92.76,0.0,0.0,0.0,4.199,70.0,43,1,60.0,2026-05-02T00:17:41.442868,4.199
2026-05-02T00:16:42.373728,92.71,0,92.75,0.0,0.0,0.0,4.199,70.0,43,1,60.0,2026-05-02T00:17:42.373606,4.199
2026-05-02T00:16:42.431596,92.71,0,92.73,0.0,0.0,0.0,4.199,70.0,43,1,60.0,2026-05-02T00:17:42.431502,4.199
2026-05-02T00:16:42.489388,92.71,0,92.72,0.0,0.0,0.0,4.199,70.0,43,1,60.0,2026-05-02T00:17:42.489287,4.199
2026-05-02T00:16:43.430893,92.68,0,92.7,0.0,0.0,0.0,4.199,70.0,43,1,60.0,2026-05-02T00:17:43.430751,4.199
2026-05-02T00:16:43.488954,92.68,0,92.69,0.0,0.0,0.0,4.199,70.0,43,1,60.0,2026-05-02T00:17:43.488865,4.199
2026-05-02T00:16:43.547599,92.68,0,92.69,0.0,0.0,0.0,4.199,70.0,43,1,60.0,2026-05-02T00:17:43.547486,4.199
2026-05-02T00:16:44.485685,92.64,0,92.66,0.0,0.0,0.0,4.199,70.0,43,1,60.0,2026-05-02T00:17:44.485561,4.199
2026-05-02T00:16:44.544219,92.64,0,92.65,0.0,0.0,0.0,4.199,70.0,43,1,60.0,2026-05-02T00:17:44.544120,4.199
2026-05-02T00:16:45.495889,92.64,0,92.65,0.0,0.0,0.0,4.199,70.0,43,1,60.0,2026-05-02T00:17:45.495742,4.199
2026-05-02T00:16:45.557260,92.6,0,92.62,0.0,0.0,0.0,4.199,70.0,43,1,60.0,2026-05-02T00:17:45.557102,4.199
2026-05-02T00:16:45.615889,92.6,0,92.61,0.0,0.0,0.0,4.199,70.0,43,1,60.0,2026-05-02T00:17:45.615774,4.199
2026-05-02T00:16:46.555073,92.57,0,92.6,0.0,0.0,0.0,4.199,70.0,43,1,60.0,2026-05-02T00:17:46.554916,4.199
2026-05-02T00:16:46.623600,92.57,0,92.58,0.0,0.0,0.0,4.199,70.0,43,1,60.0,2026-05-02T00:17:46.623447,4.199
2026-05-02T00:16:46.693373,92.57,0,92.58,0.0,0.0,0.0,4.199,70.0,43,1,60.0,2026-05-02T00:17:46.693223,4.199
2026-05-02T00:16:47.604610,92.52,0,92.57,0.0,0.0,0.0,4.199,70.0,43,1,60.0,2026-05-02T00:17:47.604438,4.199
2026-05-02T00:16:47.664933,92.52,0,92.55,0.0,0.0,0.0,4.199,70.0,43,1,60.0,2026-05-02T00:17:47.664820,4.199
2026-05-02T00:16:47.724146,92.52,0,92.54,0.0,0.0,0.0,4.199,70.0,43,1,60.0,2026-05-02T00:17:47.724023,4.199
2026-05-02T00:16:48.651406,92.48,0,92.52,0.0,0.0,0.0,4.199,70.0,43,1,60.0,2026-05-02T00:17:48.651256,4.199
2026-05-02T00:16:48.710220,92.48,0,92.5,0.0,0.0,0.0,4.199,70.0,43,1,60.0,2026-05-02T00:17:48.710116,4.199
2026-05-02T00:16:48.768609,92.48,0,92.5,0.0,0.0,0.0,4.199,70.0,43,1,60.0,2026-05-02T00:17:48.768510,4.199
2026-05-02T00:16:49.716840,92.43,0,92.47,0.0,0.0,0.0,4.199,70.0,43,1,60.0,2026-05-02T00:17:49.716714,4.199
2026-05-02T00:16:49.775006,92.43,0,92.46,0.0,0.0,0.0,4.199,70.0,43,1,60.0,2026-05-02T00:17:49.774910,4.199
2026-05-02T00:16:49.833316,92.43,0,92.45,0.0,0.0,0.0,4.199,70.0,43,1,60.0,2026-05-02T00:17:49.833203,4.199
2026-05-02T00:16:50.767600,92.39,0,92.42,0.0,0.0,0.0,4.199,70.0,43,1,60.0,2026-05-02T00:17:50.767426,4.199
2026-05-02T00:16:50.827579,92.39,0,92.41,0.0,0.0,0.0,4.199,70.0,43,1,60.0,2026-05-02T00:17:50.827416,4.199
2026-05-02T00:16:51.795107,92.39,0,92.4,0.0,0.0,0.0,4.199,70.0,43,1,60.0,2026-05-02T00:17:51.794902,4.199
2026-05-02T00:16:51.855350,92.35,0,92.38,0.0,0.0,0.0,4.199,70.0,43,1,60.0,2026-05-02T00:17:51.855209,4.199
2026-05-02T00:16:51.913539,92.35,0,92.37,0.0,0.0,0.0,4.199,70.0,43,1,60.0,2026-05-02T00:17:51.913424,4.199
2026-05-02T00:16:52.842573,92.35,0,92.36,0.0,0.0,0.0,4.199,70.0,43,1,60.0,2026-05-02T00:17:52.842326,4.199
2026-05-02T00:16:52.901672,92.3,0,92.33,0.0,0.0,0.0,4.199,70.0,43,1,60.0,2026-05-02T00:17:52.901547,4.199
2026-05-02T00:16:52.959651,92.3,0,92.32,0.0,0.0,0.0,4.199,70.0,43,1,60.0,2026-05-02T00:17:52.959521,4.199
2026-05-02T00:16:53.893382,92.27,0,92.31,0.0,0.0,0.0,4.199,70.0,43,1,60.0,2026-05-02T00:17:53.893248,4.199
2026-05-02T00:16:53.952087,92.27,0,92.29,0.0,0.0,0.0,4.199,70.0,43,1,60.0,2026-05-02T00:17:53.951984,4.199
2026-05-02T00:16:54.010205,92.27,0,92.28,0.0,0.0,0.0,4.199,70.0,43,1,60.0,2026-05-02T00:17:54.010103,4.199
2026-05-02T00:16:54.946599,92.21,0,92.26,0.0,0.0,0.0,4.199,70.0,43,1,60.0,2026-05-02T00:17:54.946499,4.199
2026-05-02T00:16:55.005406,92.21,0,92.24,0.0,0.0,0.0,4.199,70.0,43,1,60.0,2026-05-02T00:17:55.005311,4.199
2026-05-02T00:16:55.063466,92.21,0,92.23,0.0,0.0,0.0,4.199,70.0,43,1,60.0,2026-05-02T00:17:55.063368,4.199
2026-05-02T00:16:56.000571,92.18,0,92.21,0.0,0.0,0.0,4.199,70.0,43,1,60.0,2026-05-02T00:17:56.000434,4.199
2026-05-02T00:16:56.060456,92.18,0,92.19,0.0,0.0,0.0,4.199,70.0,43,1,60.0,2026-05-02T00:17:56.060319,4.199
2026-05-02T00:16:56.118683,92.18,0,92.19,0.0,0.0,0.0,4.199,70.0,43,1,60.0,2026-05-02T00:17:56.118568,4.199
2026-05-02T00:16:57.058243,92.13,0,92.16,0.0,0.0,0.0,4.199,70.0,43,1,60.0,2026-05-02T00:17:57.058125,4.199
2026-05-02T00:16:57.116223,92.13,0,92.15,0.0,0.0,0.0,4.199,70.0,43,1,60.0,2026-05-02T00:17:57.116123,4.199
2026-05-02T00:16:57.174966,92.13,0,92.14,0.0,0.0,0.0,4.199,70.0,43,1,60.0,2026-05-02T00:17:57.174857,4.199
2026-05-02T00:16:58.111137,92.06,0,92.1,0.0,0.0,0.0,4.199,70.0,43,1,60.0,2026-05-02T00:17:58.111029,4.199
2026-05-02T00:16:58.168715,92.06,0,92.09,0.0,0.0,0.0,4.199,70.0,43,1,60.0,2026-05-02T00:17:58.168631,4.199
2026-05-02T00:16:59.130521,92.06,0,92.08,0.0,0.0,0.0,4.199,70.0,43,1,60.0,2026-05-02T00:17:59.130273,4.199
2026-05-02T00:16:59.190021,92.02,0,92.05,0.0,0.0,0.0,4.199,70.0,43,1,60.0,2026-05-02T00:17:59.189891,4.199
2026-05-02T00:16:59.248360,92.02,0,92.04,0.0,0.0,0.0,4.199,70.0,43,1,60.0,2026-05-02T00:17:59.248259,4.199
2026-05-02T00:17:00.188275,91.98,0,92.03,0.0,0.0,0.0,4.199,70.0,43,1,60.0,2026-05-02T00:18:00.188153,4.199
2026-05-02T00:17:00.246687,91.98,0,92.01,0.0,0.0,0.0,4.199,70.0,43,1,60.0,2026-05-02T00:18:00.246576,4.199
2026-05-02T00:17:00.304714,91.98,0,92.0,0.0,0.0,0.0,4.199,70.0,43,1,60.0,2026-05-02T00:18:00.304617,4.199
2026-05-02T00:17:01.242420,91.95,0,91.98,0.0,0.0,0.0,4.199,70.0,43,1,60.0,2026-05-02T00:18:01.242284,4.199
2026-05-02T00:17:01.313491,91.95,0,91.97,0.0,0.0,0.0,4.199,70.0,43,1,60.0,2026-05-02T00:18:01.313332,4.199
2026-05-02T00:17:01.381464,91.95,0,91.96,0.0,0.0,0.0,4.199,70.0,43,1,60.0,2026-05-02T00:18:01.381330,4.199
2026-05-02T00:17:02.293499,91.89,0,91.94,0.0,0.0,0.0,4.199,70.0,43,1,60.0,2026-05-02T00:18:02.293358,4.199
2026-05-02T00:17:02.352026,91.89,0,91.92,0.0,0.0,0.0,4.199,70.0,43,1,60.0,2026-05-02T00:18:02.351929,4.199
2026-05-02T00:17:02.409791,91.89,0,91.91,0.0,0.0,0.0,4.199,70.0,43,1,60.0,2026-05-02T00:18:02.409692,4.199
2026-05-02T00:17:03.348720,91.86,0,91.89,0.0,0.0,0.0,4.199,70.0,43,1,60.0,2026-05-02T00:18:03.348583,4.199
2026-05-02T00:17:03.407091,91.86,0,91.88,0.0,0.0,0.0,4.199,70.0,43,1,60.0,2026-05-02T00:18:03.406987,4.199
2026-05-02T00:17:03.464821,91.86,0,91.87,0.0,0.0,0.0,4.199,70.0,43,1,60.0,2026-05-02T00:18:03.464729,4.199
2026-05-02T00:17:04.403079,91.82,0,91.85,0.0,0.0,0.0,4.199,70.0,43,1,60.0,2026-05-02T00:18:04.402952,4.199
2026-05-02T00:17:04.461739,91.82,0,91.84,0.0,0.0,0.0,4.199,70.0,43,1,60.0,2026-05-02T00:18:04.461638,4.199
2026-05-02T00:17:05.419999,91.82,0,91.83,0.0,0.0,0.0,4.199,70.0,43,1,60.0,2026-05-02T00:18:05.419835,4.199
2026-05-02T00:17:05.478552,91.78,0,91.8,0.0,0.0,0.0,4.199,70.0,43,1,60.0,2026-05-02T00:18:05.478459,4.199
2026-05-02T00:17:05.535864,91.78,0,91.79,0.0,0.0,0.0,4.199,70.0,43,1,60.0,2026-05-02T00:18:05.535779,4.199
2026-05-02T00:17:06.476499,91.72,0,91.78,0.0,0.0,0.0,4.199,70.0,43,1,60.0,2026-05-02T00:18:06.476376,4.199
2026-05-02T00:17:06.538120,91.72,0,91.75,0.0,0.0,0.0,4.199,70.0,43,1,60.0,2026-05-02T00:18:06.537964,4.199
2026-05-02T00:17:06.597673,91.72,0,91.74,0.0,0.0,0.0,4.199,70.0,43,1,60.0,2026-05-02T00:18:06.597532,4.199
2026-05-02T00:17:07.542206,91.7,0,91.72,0.0,0.0,0.0,4.199,70.0,43,1,60.0,2026-05-02T00:18:07.542057,4.199
2026-05-02T00:17:07.600425,91.7,0,91.71,0.0,0.0,0.0,4.199,70.0,43,1,60.0,2026-05-02T00:18:07.600330,4.199
2026-05-02T00:17:07.657702,91.7,0,91.71,0.0,0.0,0.0,4.199,70.0,43,1,60.0,2026-05-02T00:18:07.657614,4.199
2026-05-02T00:17:08.590358,91.64,0,91.68,0.0,0.0,0.0,4.199,70.0,43,1,60.0,2026-05-02T00:18:08.590228,4.199
2026-05-02T00:17:08.648422,91.64,0,91.66,0.0,0.0,0.0,4.199,70.0,43,1,60.0,2026-05-02T00:18:08.648328,4.199
2026-05-02T00:17:08.705580,91.64,0,91.65,0.0,0.0,0.0,4.199,70.0,43,1,60.0,2026-05-02T00:18:08.705489,4.199
2026-05-02T00:17:09.645894,91.6,0,91.63,0.0,0.0,0.0,4.199,70.0,43,1,60.0,2026-05-02T00:18:09.645755,4.199
2026-05-02T00:17:09.703841,91.6,0,91.62,0.0,0.0,0.0,4.199,70.0,43,1,60.0,2026-05-02T00:18:09.703748,4.199
2026-05-02T00:17:10.669118,91.6,0,91.61,0.0,0.0,0.0,4.199,70.0,43,1,60.0,2026-05-02T00:18:10.668973,4.199
2026-05-02T00:17:10.727110,91.56,0,91.59,0.0,0.0,0.0,4.199,70.0,43,1,60.0,2026-05-02T00:18:10.727002,4.199
2026-05-02T00:17:10.784300,91.56,0,91.58,0.0,0.0,0.0,4.199,70.0,43,1,60.0,2026-05-02T00:18:10.784221,4.199
2026-05-02T00:17:11.714269,91.52,0,91.57,0.0,0.0,0.0,4.199,70.0,43,1,60.0,2026-05-02T00:18:11.714129,4.199
2026-05-02T00:17:11.772306,91.52,0,91.55,0.0,0.0,0.0,4.199,70.0,43,1,60.0,2026-05-02T00:18:11.772199,4.199
2026-05-02T00:17:11.830036,91.52,0,91.54,0.0,0.0,0.0,4.199,70.0,43,1,60.0,2026-05-02T00:18:11.829938,4.199
2026-05-02T00:17:12.781141,91.49,0,91.52,0.0,0.0,0.0,4.199,70.0,43,1,60.0,2026-05-02T00:18:12.780974,4.199
2026-05-02T00:17:12.839097,91.49,0,91.51,0.0,0.0,0.0,4.199,70.0,43,1,60.0,2026-05-02T00:18:12.839004,4.199
2026-05-02T00:17:12.896147,91.49,0,91.5,0.0,0.0,0.0,4.199,70.0,43,1,60.0,2026-05-02T00:18:12.896051,4.199
2026-05-02T00:17:13.832959,91.44,0,91.48,0.0,0.0,0.0,4.199,70.0,43,1,60.0,2026-05-02T00:18:13.832834,4.199
2026-05-02T00:17:13.890007,91.44,0,91.46,0.0,0.0,0.0,4.199,70.0,43,1,60.0,2026-05-02T00:18:13.889892,4.199
2026-05-02T00:17:13.946802,91.44,0,91.46,0.0,0.0,0.0,4.199,70.0,43,1,60.0,2026-05-02T00:18:13.946702,4.199
2026-05-02T00:17:14.888194,91.4,0,91.43,0.0,0.0,0.0,4.199,70.0,43,1,60.0,2026-05-02T00:18:14.888027,4.199
2026-05-02T00:17:14.944995,91.4,0,91.42,0.0,0.0,0.0,4.199,70.0,43,1,60.0,2026-05-02T00:18:14.944896,4.199
2026-05-02T00:17:15.907143,91.4,0,91.41,0.0,0.0,0.0,4.199,70.0,43,1,60.0,2026-05-02T00:18:15.906983,4.199
2026-05-02T00:17:15.964579,91.36,0,91.38,0.0,0.0,0.0,4.199,70.0,43,1,60.0,2026-05-02T00:18:15.964474,4.199
2026-05-02T00:17:16.021253,91.36,0,91.38,0.0,0.0,0.0,4.199,70.0,43,1,60.0,2026-05-02T00:18:16.021149,4.199
2026-05-02T00:17:16.951009,91.31,0,91.36,0.0,0.0,0.0,4.199,70.0,43,1,60.0,2026-05-02T00:18:16.950857,4.199
2026-05-02T00:17:17.009365,91.31,0,91.34,0.0,0.0,0.0,4.199,70.0,43,1,60.0,2026-05-02T00:18:17.009243,4.199
2026-05-02T00:17:17.066478,91.31,0,91.33,0.0,0.0,0.0,4.199,70.0,43,1,60.0,2026-05-02T00:18:17.066324,4.199
2026-05-02T00:17:18.006978,91.26,0,91.31,0.0,0.0,0.0,4.199,70.0,43,1,60.0,2026-05-02T00:18:18.006864,4.199
2026-05-02T00:17:18.064831,91.26,0,91.29,0.0,0.0,0.0,4.199,70.0,43,1,60.0,2026-05-02T00:18:18.064714,4.199
2026-05-02T00:17:18.121524,91.26,0,91.28,0.0,0.0,0.0,4.199,70.0,43,1,60.0,2026-05-02T00:18:18.121421,4.199
2026-05-02T00:17:19.065510,91.23,0,91.26,0.0,0.0,0.0,4.199,70.0,43,1,60.0,2026-05-02T00:18:19.065376,4.199
2026-05-02T00:17:19.122758,91.23,0,91.24,0.0,0.0,0.0,4.199,70.0,43,1,60.0,2026-05-02T00:18:19.122665,4.199
2026-05-02T00:17:19.178748,91.23,0,91.24,0.0,0.0,0.0,4.199,70.0,43,1,60.0,2026-05-02T00:18:19.178659,4.199
2026-05-02T00:17:20.121081,91.19,0,91.22,0.0,0.0,0.0,4.199,70.0,43,1,60.0,2026-05-02T00:18:20.120967,4.199
2026-05-02T00:17:20.177711,91.19,0,91.2,0.0,0.0,0.0,4.199,70.0,43,1,60.0,2026-05-02T00:18:20.177598,4.199
2026-05-02T00:17:20.234511,91.19,0,91.2,0.0,0.0,0.0,4.199,70.0,43,1,60.0,2026-05-02T00:18:20.234400,4.199
2026-05-02T00:17:21.178551,91.14,0,91.17,0.0,0.0,0.0,4.199,70.0,43,1,60.0,2026-05-02T00:18:21.178419,4.199
2026-05-02T00:17:21.235452,91.14,0,91.16,0.0,0.0,0.0,4.199,70.0,43,1,60.0,2026-05-02T00:18:21.235351,4.199
2026-05-02T00:17:22.077254,91.14,0,91.16,0.0,0.0,0.0,4.199,70.0,43,1,60.0,2026-05-02T00:18:22.077088,4.199
2026-05-02T00:17:22.213974,91.1,0,91.13,0.0,0.0,0.0,4.199,70.0,43,1,60.0,2026-05-02T00:18:22.213838,4.199
2026-05-02T00:17:22.272459,91.1,0,91.12,0.0,0.0,0.0,4.199,70.0,43,1,60.0,2026-05-02T00:18:22.272314,4.199
2026-05-02T00:17:23.248225,91.1,0,91.12,0.0,0.0,0.0,4.199,70.0,43,1,60.0,2026-05-02T00:18:23.247912,4.199
2026-05-02T00:17:23.305830,91.06,0,91.09,0.0,0.0,0.0,4.199,70.0,43,1,60.0,2026-05-02T00:18:23.305726,4.199
2026-05-02T00:17:23.361654,91.06,0,91.08,0.0,0.0,0.0,4.199,70.0,43,1,60.0,2026-05-02T00:18:23.361565,4.199
2026-05-02T00:17:24.295788,91.02,0,91.07,0.0,0.0,0.0,4.199,70.0,43,1,60.0,2026-05-02T00:18:24.295659,4.199
2026-05-02T00:17:24.352718,91.02,0,91.05,0.0,0.0,0.0,4.199,70.0,43,1,60.0,2026-05-02T00:18:24.352612,4.199
2026-05-02T00:17:24.409861,91.02,0,91.04,0.0,0.0,0.0,4.199,70.0,43,1,60.0,2026-05-02T00:18:24.409754,4.199
2026-05-02T00:17:25.356787,90.98,0,91.02,0.0,0.0,0.0,4.199,70.0,43,1,60.0,2026-05-02T00:18:25.356652,4.199
2026-05-02T00:17:25.416473,90.98,0,91.0,0.0,0.0,0.0,4.199,70.0,43,1,60.0,2026-05-02T00:18:25.416358,4.199
2026-05-02T00:17:25.473169,90.98,0,91.0,0.0,0.0,0.0,4.199,70.0,43,1,60.0,2026-05-02T00:18:25.473067,4.199
2026-05-02T00:17:26.410789,90.94,0,90.97,0.0,0.0,0.0,4.199,70.0,43,1,60.0,2026-05-02T00:18:26.410663,4.199
2026-05-02T00:17:26.467940,90.94,0,90.96,0.0,0.0,0.0,4.199,70.0,43,1,60.0,2026-05-02T00:18:26.467836,4.199
2026-05-02T00:17:26.524329,90.94,0,90.95,0.0,0.0,0.0,4.199,70.0,43,1,60.0,2026-05-02T00:18:26.524230,4.199
2026-05-02T00:17:27.451525,90.9,0,90.93,0.0,0.0,0.0,4.199,70.0,43,1,60.0,2026-05-02T00:18:27.451381,4.199
2026-05-02T00:17:27.508556,90.9,0,90.92,0.0,0.0,0.0,4.199,70.0,43,1,60.0,2026-05-02T00:18:27.508460,4.199
2026-05-02T00:17:27.564872,90.9,0,90.91,0.0,0.0,0.0,4.199,70.0,43,1,60.0,2026-05-02T00:18:27.564769,4.199
2026-05-02T00:17:28.510390,90.86,0,90.89,0.0,0.0,0.0,4.199,70.0,43,1,60.0,2026-05-02T00:18:28.510246,4.199
2026-05-02T00:17:28.566678,90.86,0,90.88,0.0,0.0,0.0,4.199,70.0,43,1,60.0,2026-05-02T00:18:28.566572,4.199
2026-05-02T00:17:29.536001,90.86,0,90.87,0.0,0.0,0.0,4.199,70.0,43,1,60.0,2026-05-02T00:18:29.535842,4.199
2026-05-02T00:17:29.593262,90.81,0,90.84,0.0,0.0,0.0,4.199,70.0,43,1,60.0,2026-05-02T00:18:29.593158,4.199
2026-05-02T00:17:29.649466,90.81,0,90.83,0.0,0.0,0.0,4.199,70.0,43,1,60.0,2026-05-02T00:18:29.649373,4.199
2026-05-02T00:17:30.591062,90.77,0,90.81,0.0,0.0,0.0,4.199,70.0,43,1,60.0,2026-05-02T00:18:30.590920,4.199
2026-05-02T00:17:30.648623,90.77,0,90.79,0.0,0.0,0.0,4.199,70.0,43,1,60.0,2026-05-02T00:18:30.648513,4.199
2026-05-02T00:17:30.704883,90.77,0,90.78,0.0,0.0,0.0,4.199,70.0,43,1,60.0,2026-05-02T00:18:30.704786,4.199
2026-05-02T00:17:31.642948,90.73,0,90.76,0.0,0.0,0.0,4.199,70.0,43,1,60.0,2026-05-02T00:18:31.642797,4.199
2026-05-02T00:17:31.700145,90.73,0,90.75,0.0,0.0,0.0,4.199,70.0,43,1,60.0,2026-05-02T00:18:31.700012,4.199
2026-05-02T00:17:31.756155,90.73,0,90.74,0.0,0.0,0.0,4.199,70.0,43,1,60.0,2026-05-02T00:18:31.756065,4.199
2026-05-02T00:17:32.697134,90.67,0,90.72,0.0,0.0,0.0,4.199,70.0,43,1,60.0,2026-05-02T00:18:32.696998,4.199
2026-05-02T00:17:32.754516,90.67,0,90.7,0.0,0.0,0.0,4.199,70.0,43,1,60.0,2026-05-02T00:18:32.754393,4.199
2026-05-02T00:17:32.812754,90.67,0,90.69,0.0,0.0,0.0,4.199,70.0,43,1,60.0,2026-05-02T00:18:32.812641,4.199
2026-05-02T00:17:33.749994,90.63,0,90.67,0.0,0.0,0.0,4.199,70.0,43,1,60.0,2026-05-02T00:18:33.749887,4.199
2026-05-02T00:17:33.806323,90.63,0,90.65,0.0,0.0,0.0,4.199,70.0,43,1,60.0,2026-05-02T00:18:33.806232,4.199
2026-05-02T00:17:33.862297,90.63,0,90.65,0.0,0.0,0.0,4.199,70.0,43,1,60.0,2026-05-02T00:18:33.862197,4.199
2026-05-02T00:17:34.805281,90.59,0,90.62,0.0,0.0,0.0,4.199,70.0,43,1,60.0,2026-05-02T00:18:34.805169,4.199
2026-05-02T00:17:34.861244,90.59,0,90.61,0.0,0.0,0.0,4.199,70.0,43,1,60.0,2026-05-02T00:18:34.861165,4.199
2026-05-02T00:17:35.829140,90.59,0,90.6,0.0,0.0,0.0,4.199,70.0,43,1,60.0,2026-05-02T00:18:35.828896,4.199
2026-05-02T00:17:35.886404,90.55,0,90.58,0.0,0.0,0.0,4.199,70.0,43,1,60.0,2026-05-02T00:18:35.886293,4.199
2026-05-02T00:17:35.942677,90.55,0,90.57,0.0,0.0,0.0,4.199,70.0,43,1,60.0,2026-05-02T00:18:35.942579,4.199
2026-05-02T00:17:36.877941,90.51,0,90.55,0.0,0.0,0.0,4.199,70.0,43,1,60.0,2026-05-02T00:18:36.877830,4.199
2026-05-02T00:17:36.935551,90.51,0,90.53,0.0,0.0,0.0,4.199,70.0,43,1,60.0,2026-05-02T00:18:36.935453,4.199
2026-05-02T00:17:36.992855,90.51,0,90.53,0.0,0.0,0.0,4.199,70.0,43,1,60.0,2026-05-02T00:18:36.992748,4.199
2026-05-02T00:17:37.926071,90.47,0,90.51,0.0,0.0,0.0,4.199,70.0,43,1,60.0,2026-05-02T00:18:37.925954,4.199
2026-05-02T00:17:37.985224,90.47,0,90.49,0.0,0.0,0.0,4.199,70.0,43,1,60.0,2026-05-02T00:18:37.985088,4.199
2026-05-02T00:17:38.084691,90.47,0,90.49,0.0,0.0,0.0,4.199,70.0,43,1,60.0,2026-05-02T00:18:38.084536,4.199
2026-05-02T00:17:38.999576,90.42,0,90.46,0.0,0.0,0.0,4.199,70.0,43,1,60.0,2026-05-02T00:18:38.999354,4.199
2026-05-02T00:17:39.056031,90.42,0,90.44,0.0,0.0,0.0,4.199,70.0,43,1,60.0,2026-05-02T00:18:39.055929,4.199
2026-05-02T00:17:39.112216,90.42,0,90.44,0.0,0.0,0.0,4.199,70.0,43,1,60.0,2026-05-02T00:18:39.112110,4.199
2026-05-02T00:17:40.046428,90.38,0,90.41,0.0,0.0,0.0,4.199,70.0,43,1,60.0,2026-05-02T00:18:40.046303,4.199
2026-05-02T00:17:40.103083,90.38,0,90.4,0.0,0.0,0.0,4.199,70.0,43,1,60.0,2026-05-02T00:18:40.102987,4.199
2026-05-02T00:17:40.160155,90.38,0,90.39,0.0,0.0,0.0,4.199,70.0,43,1,60.0,2026-05-02T00:18:40.160050,4.199
2026-05-02T00:17:41.100131,90.34,0,90.37,0.0,0.0,0.0,4.199,70.0,43,1,60.0,2026-05-02T00:18:41.099968,4.199
2026-05-02T00:17:41.157077,90.34,0,90.36,0.0,0.0,0.0,4.199,70.0,43,1,60.0,2026-05-02T00:18:41.156971,4.199
2026-05-02T00:17:42.123560,90.34,0,90.35,0.0,0.0,0.0,4.199,70.0,43,1,60.0,2026-05-02T00:18:42.123404,4.199
2026-05-02T00:17:42.180597,90.31,0,90.33,0.0,0.0,0.0,4.199,70.0,43,1,60.0,2026-05-02T00:18:42.180503,4.199
2026-05-02T00:17:42.237088,90.31,0,90.32,0.0,0.0,0.0,4.199,70.0,43,1,60.0,2026-05-02T00:18:42.237000,4.199
2026-05-02T00:17:43.162010,90.31,0,90.32,0.0,0.0,0.0,4.199,70.0,43,1,60.0,2026-05-02T00:18:43.161881,4.199
2026-05-02T00:17:43.220749,90.27,0,90.29,0.0,0.0,0.0,4.199,70.0,43,1,60.0,2026-05-02T00:18:43.220614,4.199
2026-05-02T00:17:43.277336,90.27,0,90.28,0.0,0.0,0.0,4.199,70.0,43,1,60.0,2026-05-02T00:18:43.277213,4.199
2026-05-02T00:17:44.209263,90.2,0,90.26,0.0,0.0,0.0,4.199,70.0,43,1,60.0,2026-05-02T00:18:44.209135,4.199
2026-05-02T00:17:44.265932,90.2,0,90.24,0.0,0.0,0.0,4.199,70.0,43,1,60.0,2026-05-02T00:18:44.265828,4.199
2026-05-02T00:17:44.321611,90.2,0,90.23,0.0,0.0,0.0,4.199,70.0,43,1,60.0,2026-05-02T00:18:44.321521,4.199
2026-05-02T00:17:45.279672,90.17,0,90.21,0.0,0.0,0.0,4.199,70.0,43,1,60.0,2026-05-02T00:18:45.279569,4.199
2026-05-02T00:17:45.335686,90.17,0,90.19,0.0,0.0,0.0,4.199,70.0,43,1,60.0,2026-05-02T00:18:45.335599,4.199
2026-05-02T00:17:45.391142,90.17,0,90.19,0.0,0.0,0.0,4.199,70.0,43,1,60.0,2026-05-02T00:18:45.391063,4.199
2026-05-02T00:17:46.338787,90.12,0,90.16,0.0,0.0,0.0,4.199,70.0,43,1,60.0,2026-05-02T00:18:46.338652,4.199
2026-05-02T00:17:46.395968,90.12,0,90.15,0.0,0.0,0.0,4.199,70.0,43,1,60.0,2026-05-02T00:18:46.395834,4.199
2026-05-02T00:17:46.452881,90.12,0,90.14,0.0,0.0,0.0,4.199,70.0,43,1,60.0,2026-05-02T00:18:46.452776,4.199
2026-05-02T00:17:47.383282,90.08,0,90.12,0.0,0.0,0.0,4.199,70.0,43,1,60.0,2026-05-02T00:18:47.383160,4.199
2026-05-02T00:17:47.440006,90.08,0,90.1,0.0,0.0,0.0,4.199,70.0,43,1,60.0,2026-05-02T00:18:47.439910,4.199
2026-05-02T00:17:47.496057,90.08,0,90.1,0.0,0.0,0.0,4.199,70.0,43,1,60.0,2026-05-02T00:18:47.495957,4.199
2026-05-02T00:17:48.435088,90.03,0,90.07,0.0,0.0,0.0,4.199,70.0,43,1,60.0,2026-05-02T00:18:48.434888,4.199
2026-05-02T00:17:48.492671,90.03,0,90.05,0.0,0.0,0.0,4.199,70.0,43,1,60.0,2026-05-02T00:18:48.492548,4.199
2026-05-02T00:17:49.456969,90.03,0,90.04,0.0,0.0,0.0,4.199,70.0,43,1,60.0,2026-05-02T00:18:49.456774,4.199
2026-05-02T00:17:49.513815,89.99,0,90.02,0.0,0.0,0.0,4.199,70.0,43,1,60.0,2026-05-02T00:18:49.513717,4.199
2026-05-02T00:17:49.569941,89.99,0,90.01,0.0,0.0,0.0,4.199,70.0,43,1,60.0,2026-05-02T00:18:49.569844,4.199
2026-05-02T00:17:50.520691,89.95,0,89.99,0.0,0.0,0.0,4.199,70.0,43,1,60.0,2026-05-02T00:18:50.520548,4.199
2026-05-02T00:17:50.577554,89.95,0,89.97,0.0,0.0,0.0,4.199,70.0,43,1,60.0,2026-05-02T00:18:50.577446,4.199
2026-05-02T00:17:50.633659,89.95,0,89.96,0.0,0.0,0.0,4.199,70.0,43,1,60.0,2026-05-02T00:18:50.633577,4.199
2026-05-02T00:17:51.572517,89.91,0,89.94,0.0,0.0,0.0,4.199,70.0,43,1,60.0,2026-05-02T00:18:51.572318,4.199
2026-05-02T00:17:51.629641,89.91,0,89.93,0.0,0.0,0.0,4.199,70.0,43,1,60.0,2026-05-02T00:18:51.629536,4.199
2026-05-02T00:17:51.685986,89.91,0,89.92,0.0,0.0,0.0,4.199,70.0,43,1,60.0,2026-05-02T00:18:51.685895,4.199
2026-05-02T00:17:52.612181,89.87,0,89.9,0.0,0.0,0.0,4.199,70.0,43,1,60.0,2026-05-02T00:18:52.612067,4.199
2026-05-02T00:17:52.668487,89.87,0,89.89,0.0,0.0,0.0,4.199,70.0,43,1,60.0,2026-05-02T00:18:52.668385,4.199
2026-05-02T00:17:52.724796,89.87,0,89.88,0.0,0.0,0.0,4.199,70.0,43,1,60.0,2026-05-02T00:18:52.724701,4.199
2026-05-02T00:17:53.665514,89.83,0,89.86,0.0,0.0,0.0,4.199,70.0,43,1,60.0,2026-05-02T00:18:53.665355,4.199
2026-05-02T00:17:53.722777,89.83,0,89.85,0.0,0.0,0.0,4.199,70.0,43,1,60.0,2026-05-02T00:18:53.722654,4.199
2026-05-02T00:17:53.780088,89.83,0,89.84,0.0,0.0,0.0,4.199,70.0,43,1,60.0,2026-05-02T00:18:53.779941,4.199
2026-05-02T00:17:54.724448,89.78,0,89.81,0.0,0.0,0.0,4.199,70.0,43,1,60.0,2026-05-02T00:18:54.724319,4.199
2026-05-02T00:17:54.781206,89.78,0,89.8,0.0,0.0,0.0,4.199,70.0,43,1,60.0,2026-05-02T00:18:54.781104,4.199
2026-05-02T00:17:55.746377,89.78,0,89.79,0.0,0.0,0.0,4.199,70.0,43,1,60.0,2026-05-02T00:18:55.746226,4.199
2026-05-02T00:17:55.802957,89.72,0,89.76,0.0,0.0,0.0,4.199,70.0,43,1,60.0,2026-05-02T00:18:55.802850,4.199
2026-05-02T00:17:55.858483,89.72,0,89.74,0.0,0.0,0.0,4.199,70.0,43,1,60.0,2026-05-02T00:18:55.858391,4.199
2026-05-02T00:17:56.797400,89.68,0,89.73,0.0,0.0,0.0,4.199,70.0,43,1,60.0,2026-05-02T00:18:56.797249,4.199
2026-05-02T00:17:56.854386,89.68,0,89.71,0.0,0.0,0.0,4.199,70.0,43,1,60.0,2026-05-02T00:18:56.854281,4.199
2026-05-02T00:17:56.911069,89.68,0,89.7,0.0,0.0,0.0,4.199,70.0,43,1,60.0,2026-05-02T00:18:56.910933,4.199
2026-05-02T00:17:57.846906,89.63,0,89.68,0.0,0.0,0.0,4.199,70.0,43,1,60.0,2026-05-02T00:18:57.846771,4.199
2026-05-02T00:17:57.903920,89.63,0,89.66,0.0,0.0,0.0,4.199,70.0,43,1,60.0,2026-05-02T00:18:57.903807,4.199
2026-05-02T00:17:57.959975,89.63,0,89.65,0.0,0.0,0.0,4.199,70.0,43,1,60.0,2026-05-02T00:18:57.959877,4.199
2026-05-02T00:17:58.899343,89.6,0,89.63,0.0,0.0,0.0,4.199,70.0,43,1,60.0,2026-05-02T00:18:58.899223,4.199
2026-05-02T00:17:58.956656,89.6,0,89.62,0.0,0.0,0.0,4.199,70.0,43,1,60.0,2026-05-02T00:18:58.956518,4.199
2026-05-02T00:17:59.013685,89.6,0,89.61,0.0,0.0,0.0,4.199,70.0,43,1,60.0,2026-05-02T00:18:59.013565,4.199
2026-05-02T00:17:59.964289,89.55,0,89.59,0.0,0.0,0.0,4.199,70.0,43,1,60.0,2026-05-02T00:18:59.964158,4.199
2026-05-02T00:18:00.020590,89.55,0,89.57,0.0,0.0,0.0,4.199,70.0,43,1,60.0,2026-05-02T00:19:00.020483,4.199
2026-05-02T00:18:00.076728,89.55,0,89.57,0.0,0.0,0.0,4.199,70.0,43,1,60.0,2026-05-02T00:19:00.076622,4.199
2026-05-02T00:18:01.016140,89.5,0,89.53,0.0,0.0,0.0,4.199,70.0,43,1,60.0,2026-05-02T00:19:01.016032,4.199
2026-05-02T00:18:01.072446,89.5,0,89.52,0.0,0.0,0.0,4.199,70.0,43,1,60.0,2026-05-02T00:19:01.072350,4.199
2026-05-02T00:18:02.023727,89.5,0,89.51,0.0,0.0,0.0,4.199,70.0,43,1,60.0,2026-05-02T00:19:02.023606,4.199
2026-05-02T00:18:02.084512,89.46,0,89.48,0.0,0.0,0.0,4.199,70.0,43,1,60.0,2026-05-02T00:19:02.084388,4.199
2026-05-02T00:18:02.144828,89.46,0,89.48,0.0,0.0,0.0,4.199,70.0,43,1,60.0,2026-05-02T00:19:02.144711,4.199
2026-05-02T00:18:03.087676,89.46,0,89.47,0.0,0.0,0.0,4.199,70.0,43,1,60.0,2026-05-02T00:19:03.087377,4.199
2026-05-02T00:18:03.176769,89.42,0,89.44,0.0,0.0,0.0,4.199,70.0,43,1,60.0,2026-05-02T00:19:03.176609,4.199
2026-05-02T00:18:03.253827,89.42,0,89.43,0.0,0.0,0.0,4.199,70.0,43,1,60.0,2026-05-02T00:19:03.253667,4.199
2026-05-02T00:18:06.944765,89.37,0,89.41,0.0,0.0,0.0,4.199,70.0,43,1,60.0,2026-05-02T00:19:06.943601,4.199
2026-05-02T00:18:07.969734,89.37,0,89.37,0.0,0.0,0.0,4.199,70.0,43,1,60.0,2026-05-02T00:19:07.969488,4.199
2026-05-02T00:18:08.305018,89.37,0,89.37,0.0,0.0,0.0,4.199,70.0,43,1,60.0,2026-05-02T00:19:08.300313,4.199
2026-05-02T00:18:08.578631,89.33,0,89.36,0.0,0.0,0.0,4.199,70.0,43,1,60.0,2026-05-02T00:19:08.578369,4.199
2026-05-02T00:18:08.909573,89.33,0,89.34,0.0,0.0,0.0,4.199,70.0,43,1,60.0,2026-05-02T00:19:08.909065,4.199
2026-05-02T00:18:09.114731,89.33,0,89.34,0.0,0.0,0.0,4.199,70.0,43,1,60.0,2026-05-02T00:19:09.114163,4.199
2026-05-02T00:18:09.788561,89.27,0,89.32,0.0,0.0,0.0,4.199,70.0,43,1,60.0,2026-05-02T00:19:09.787514,4.199
2026-05-02T00:18:10.235125,89.27,0,89.29,0.0,0.0,0.0,4.199,70.0,43,1,60.0,2026-05-02T00:19:10.234356,4.199
2026-05-02T00:18:10.475972,89.27,0,89.29,0.0,0.0,0.0,4.199,70.0,43,1,60.0,2026-05-02T00:19:10.475122,4.199
2026-05-02T00:18:10.649604,89.22,0,89.27,0.0,0.0,0.0,4.199,70.0,43,1,60.0,2026-05-02T00:19:10.649133,4.199
2026-05-02T00:18:10.789062,89.22,0,89.25,0.0,0.0,0.0,4.199,70.0,43,1,60.0,2026-05-02T00:19:10.788752,4.199
2026-05-02T00:18:10.913789,89.22,0,89.24,0.0,0.0,0.0,4.199,70.0,43,1,60.0,2026-05-02T00:19:10.913551,4.199
2026-05-02T00:18:11.220342,89.16,0,89.22,0.0,0.0,0.0,4.199,70.0,43,1,60.0,2026-05-02T00:19:11.220063,4.199
2026-05-02T00:18:11.475360,89.16,0,89.2,0.0,0.0,0.0,4.199,70.0,43,1,60.0,2026-05-02T00:19:11.475120,4.199
2026-05-02T00:18:11.617066,89.16,0,89.18,0.0,0.0,0.0,4.199,70.0,43,1,60.0,2026-05-02T00:19:11.616661,4.199
2026-05-02T00:18:11.779899,89.13,0,89.17,0.0,0.0,0.0,4.199,70.0,43,1,60.0,2026-05-02T00:19:11.779639,4.199
2026-05-02T00:18:12.544555,89.13,0,89.15,0.0,0.0,0.0,4.199,70.0,43,1,60.0,2026-05-02T00:19:12.543468,4.199
2026-05-02T00:18:13.016638,89.08,0,89.13,0.0,0.0,0.0,4.199,70.0,43,1,60.0,2026-05-02T00:19:13.016091,4.199
2026-05-02T00:18:13.510302,89.08,0,87.27,0.0,0.0,0.13,4.199,70.0,43,1,60.0,2026-05-02T00:19:13.510058,4.317
2026-05-02T00:18:13.975781,89.08,0,87.24,0.0,0.0,0.13,4.199,70.0,43,1,60.0,2026-05-02T00:19:13.975045,4.318
2026-05-02T00:18:14.392386,89.03,0,87.22,0.0,0.0,0.13,4.199,70.0,43,1,60.0,2026-05-02T00:19:14.373616,4.318
2026-05-02T00:18:14.973801,89.03,0,79.48,0.0,0.0,0.77,4.199,70.0,43,1,60.0,2026-05-02T00:19:14.968391,4.913
2026-05-02T00:18:15.283340,89.03,0,79.46,0.0,0.0,0.77,4.199,70.0,43,1,60.0,2026-05-02T00:19:15.282621,4.917
2026-05-02T00:18:15.661735,88.99,0,79.43,0.0,0.0,0.77,4.199,70.0,43,1,60.0,2026-05-02T00:19:15.661388,4.919
2026-05-02T00:18:16.077658,88.99,0,75.51,0.0,0.0,1.17,4.199,70.0,43,1,60.0,2026-05-02T00:19:16.075424,5.298
2026-05-02T00:18:16.630012,88.99,0,75.48,0.0,0.0,1.17,4.199,70.0,43,1,60.0,2026-05-02T00:19:16.606466,5.302
2026-05-02T00:18:17.095015,88.94,0,75.46,0.0,0.0,1.17,4.199,70.0,43,1,60.0,2026-05-02T00:19:17.094716,5.307
2026-05-02T00:18:17.403450,88.94,0,72.56,0.0,0.0,1.51,4.199,70.0,43,1,60.0,2026-05-02T00:19:17.403078,5.631
2026-05-02T00:18:17.635876,88.94,0,72.56,0.0,0.0,1.51,4.199,70.0,43,1,60.0,2026-05-02T00:19:17.635604,5.631
2026-05-02T00:18:17.944291,88.88,0,71.06,0.0,0.0,1.7,4.199,70.0,43,1,60.0,2026-05-02T00:19:17.943949,5.813
2026-05-02T00:18:18.310382,88.88,0,71.03,0.0,0.0,1.7,4.199,70.0,43,1,60.0,2026-05-02T00:19:18.310001,5.817
2026-05-02T00:18:18.826750,88.84,0,71.03,0.0,0.0,1.7,4.199,70.0,43,1,60.0,2026-05-02T00:19:18.811535,5.819
2026-05-02T00:18:21.472690,88.84,0,70.1,0.0,0.0,1.81,4.199,70.0,43,1,60.0,2026-05-02T00:19:21.471573,5.965
2026-05-02T00:18:21.763634,88.84,0,70.22,0.0,0.0,1.81,4.199,70.0,43,1,60.0,2026-05-02T00:19:21.763166,5.96
2026-05-02T00:18:22.232333,88.79,0,70.21,0.0,0.0,1.81,4.199,70.0,43,1,60.0,2026-05-02T00:19:22.232082,5.953
2026-05-02T00:18:22.530050,88.79,0,69.42,0.0,0.0,1.92,4.199,70.0,43,1,60.0,2026-05-02T00:19:22.529693,6.053
2026-05-02T00:18:22.689246,88.79,0,69.43,0.0,0.0,1.92,4.199,70.0,43,1,60.0,2026-05-02T00:19:22.648903,6.045
2026-05-02T00:18:23.148239,88.73,0,69.38,0.0,0.0,1.92,4.199,70.0,43,1,60.0,2026-05-02T00:19:23.129891,6.046
2026-05-02T00:18:23.541174,88.73,0,68.74,0.0,0.0,2.01,4.199,70.0,43,1,60.0,2026-05-02T00:19:23.524306,6.077
2026-05-02T00:18:24.070101,88.73,0,68.72,0.0,0.0,2.01,4.199,70.0,43,1,60.0,2026-05-02T00:19:24.069567,6.077
2026-05-02T00:18:24.209561,88.69,0,68.73,0.0,0.0,2.01,4.199,70.0,43,1,60.0,2026-05-02T00:19:24.209265,6.077
2026-05-02T00:18:24.432303,88.69,0,68.73,0.0,0.0,2.01,4.199,70.0,43,1,60.0,2026-05-02T00:19:24.408933,6.077
2026-05-02T00:18:24.636233,88.69,0,68.72,0.0,0.0,2.01,4.199,70.0,43,1,60.0,2026-05-02T00:19:24.636018,6.077
2026-05-02T00:18:24.741935,88.62,0,68.44,0.0,0.0,2.05,4.199,70.0,43,1,60.0,2026-05-02T00:19:24.741690,6.077
2026-05-02T00:18:24.888001,88.62,0,68.43,0.0,0.0,2.05,4.199,70.0,43,1,60.0,2026-05-02T00:19:24.887646,6.077
2026-05-02T00:18:25.144861,88.57,0,68.4,0.0,0.0,2.05,4.199,70.0,43,1,60.0,2026-05-02T00:19:25.144512,6.077
2026-05-02T00:18:25.529867,88.57,0,68.37,0.0,0.0,2.05,4.199,70.0,43,1,60.0,2026-05-02T00:19:25.529533,6.077
2026-05-02T00:18:25.748080,88.57,0,68.36,0.0,0.0,2.05,4.199,70.0,43,1,60.0,2026-05-02T00:19:25.747642,6.077
2026-05-02T00:18:26.047480,88.51,0,68.35,0.0,0.0,2.05,4.199,70.0,43,1,60.0,2026-05-02T00:19:26.047133,6.077
2026-05-02T00:18:26.448636,88.51,0,68.39,0.0,0.0,2.04,4.199,70.0,43,1,60.0,2026-05-02T00:19:26.423086,6.077
2026-05-02T00:18:26.693968,88.51,0,68.39,0.0,0.0,2.04,4.199,70.0,43,1,60.0,2026-05-02T00:19:26.693677,6.077
2026-05-02T00:18:26.830655,88.44,0,68.39,0.0,0.0,2.04,4.199,70.0,43,1,60.0,2026-05-02T00:19:26.830355,6.077
2026-05-02T00:18:27.079323,88.44,0,68.38,0.0,0.0,2.04,4.199,70.0,43,1,60.0,2026-05-02T00:19:27.079021,6.077
2026-05-02T00:18:27.426006,88.44,0,68.34,0.0,0.0,2.04,4.199,70.0,43,1,60.0,2026-05-02T00:19:27.425496,6.077
2026-05-02T00:18:27.643571,88.37,0,68.33,0.0,0.0,2.04,4.199,70.0,43,1,60.0,2026-05-02T00:19:27.643199,6.077
2026-05-02T00:18:27.820411,88.37,0,68.45,0.0,0.0,2.02,4.199,70.0,43,1,60.0,2026-05-02T00:19:27.820106,6.077
2026-05-02T00:18:28.022602,88.37,0,68.45,0.0,0.0,2.02,4.199,70.0,43,1,60.0,2026-05-02T00:19:27.997879,6.077
2026-05-02T00:18:28.510435,88.28,0,68.4,0.0,0.0,2.02,4.199,70.0,43,1,60.0,2026-05-02T00:19:28.485121,6.077
2026-05-02T00:18:28.723398,88.28,0,68.38,0.0,0.0,2.02,4.199,70.0,43,1,60.0,2026-05-02T00:19:28.723190,6.077
2026-05-02T00:18:28.888269,88.28,0,68.38,0.0,0.0,2.02,4.199,70.0,43,1,60.0,2026-05-02T00:19:28.887930,6.077
2026-05-02T00:18:29.083581,88.19,0,68.36,0.0,0.0,2.02,4.199,70.0,43,1,60.0,2026-05-02T00:19:29.083175,6.077
2026-05-02T00:18:29.327922,88.19,0,68.34,0.0,0.0,2.02,4.199,70.0,43,1,60.0,2026-05-02T00:19:29.327637,6.077
2026-05-02T00:18:29.521686,88.19,0,68.32,0.0,0.0,2.02,4.199,70.0,43,1,60.0,2026-05-02T00:19:29.521033,6.077
2026-05-02T00:18:29.779276,88.08,0,67.89,0.0,0.0,2.08,4.199,70.0,43,1,60.0,2026-05-02T00:19:29.778934,6.077
2026-05-02T00:18:30.067279,88.08,0,67.86,0.0,0.0,2.08,4.199,70.0,43,1,60.0,2026-05-02T00:19:30.065445,6.077
2026-05-02T00:18:30.859471,87.99,0,67.78,0.0,0.0,2.08,4.199,70.0,43,1,60.0,2026-05-02T00:19:30.840494,6.077
2026-05-02T00:18:31.648069,87.99,0,67.56,0.0,0.0,2.11,4.199,70.0,43,1,60.0,2026-05-02T00:19:31.628630,6.077
2026-05-02T00:18:32.064000,87.99,0,67.58,0.0,0.0,2.11,4.199,70.0,43,1,60.0,2026-05-02T00:19:32.063657,6.077
2026-05-02T00:18:32.741982,87.88,0,67.56,0.0,0.0,2.11,4.199,70.0,43,1,60.0,2026-05-02T00:19:32.741499,6.077
2026-05-02T00:18:33.347370,87.88,0,67.01,0.0,0.0,2.19,4.199,70.0,43,1,60.0,2026-05-02T00:19:33.341855,6.077
2026-05-02T00:18:33.560705,87.88,0,67.02,0.0,0.0,2.19,4.199,70.0,43,1,60.0,2026-05-02T00:19:33.560356,6.077
2026-05-02T00:18:33.761157,87.79,0,67.01,0.0,0.0,2.19,4.199,70.0,43,1,60.0,2026-05-02T00:19:33.760853,6.077
2026-05-02T00:18:33.943286,87.79,0,66.86,0.0,0.0,2.21,4.199,70.0,43,1,60.0,2026-05-02T00:19:33.943082,6.077
2026-05-02T00:18:34.291994,87.79,0,66.84,0.0,0.0,2.21,4.199,70.0,43,1,60.0,2026-05-02T00:19:34.291579,6.077
2026-05-02T00:18:34.580190,87.71,0,66.78,0.0,0.0,2.21,4.199,70.0,43,1,60.0,2026-05-02T00:19:34.579923,6.077
2026-05-02T00:18:34.677266,87.71,0,66.79,0.0,0.0,2.21,4.199,70.0,43,1,60.0,2026-05-02T00:19:34.677039,6.077
2026-05-02T00:18:34.778939,87.71,0,66.79,0.0,0.0,2.21,4.199,70.0,43,1,60.0,2026-05-02T00:19:34.778772,6.077
2026-05-02T00:18:34.873303,87.61,0,66.77,0.0,0.0,2.21,4.199,70.0,43,1,60.0,2026-05-02T00:19:34.873082,6.077
2026-05-02T00:18:34.980544,87.61,0,67.06,0.0,0.0,2.16,4.199,70.0,43,1,60.0,2026-05-02T00:19:34.980324,6.077
2026-05-02T00:18:35.112252,87.61,0,67.04,0.0,0.0,2.16,4.199,70.0,43,1,60.0,2026-05-02T00:19:35.111930,6.077
2026-05-02T00:18:35.310358,87.52,0,68.59,0.0,0.0,1.92,4.199,70.0,43,1,60.0,2026-05-02T00:19:35.310059,6.038
2026-05-02T00:18:35.472741,87.52,0,68.56,0.0,0.0,1.92,4.199,70.0,43,1,60.0,2026-05-02T00:19:35.472400,6.039
2026-05-02T00:18:35.727624,87.41,0,68.54,0.0,0.0,1.92,4.199,70.0,43,1,60.0,2026-05-02T00:19:35.727258,6.039
2026-05-02T00:18:35.929194,87.41,0,69.05,0.0,0.0,1.84,4.199,70.0,43,1,60.0,2026-05-02T00:19:35.928945,5.964
2026-05-02T00:18:36.501104,87.41,0,69.02,0.0,0.0,1.84,4.199,70.0,43,1,60.0,2026-05-02T00:19:36.500636,5.967
2026-05-02T00:18:36.640736,87.28,0,69.0,0.0,0.0,1.84,4.199,70.0,43,1,60.0,2026-05-02T00:19:36.640208,5.97
2026-05-02T00:18:36.780210,87.28,0,69.4,0.0,0.0,1.78,4.199,70.0,43,1,60.0,2026-05-02T00:19:36.779856,5.909
2026-05-02T00:18:36.919504,87.28,0,69.39,0.0,0.0,1.78,4.199,70.0,43,1,60.0,2026-05-02T00:19:36.919279,5.906
2026-05-02T00:18:37.049746,87.13,0,69.35,0.0,0.0,1.78,4.199,70.0,43,1,60.0,2026-05-02T00:19:37.049503,5.905
2026-05-02T00:18:37.149470,87.13,0,70.12,0.0,0.0,1.67,4.199,70.0,43,1,60.0,2026-05-02T00:19:37.149268,5.798
2026-05-02T00:18:37.251984,87.13,0,70.1,0.0,0.0,1.67,4.199,70.0,43,1,60.0,2026-05-02T00:19:37.251772,5.796
2026-05-02T00:18:37.706565,87.0,0,70.02,0.0,0.0,1.67,4.199,70.0,43,1,60.0,2026-05-02T00:19:37.706387,5.801
2026-05-02T00:18:37.791688,87.0,0,70.53,0.0,0.0,1.6,4.199,70.0,43,1,60.0,2026-05-02T00:19:37.791511,5.731
2026-05-02T00:18:37.910242,87.0,0,70.51,0.0,0.0,1.6,4.199,70.0,43,1,60.0,2026-05-02T00:19:37.910017,5.728
2026-05-02T00:18:39.293880,86.82,0,70.37,0.0,0.0,1.6,4.199,70.0,43,1,60.0,2026-05-02T00:19:39.293543,5.746
2026-05-02T00:18:39.596027,86.82,0,70.74,0.0,0.0,1.55,4.199,70.0,43,1,60.0,2026-05-02T00:19:39.595711,5.698
2026-05-02T00:18:39.930370,86.82,0,70.73,0.0,0.0,1.55,4.199,70.0,43,1,60.0,2026-05-02T00:19:39.930023,5.694
2026-05-02T00:18:40.296409,86.66,0,71.04,0.0,0.0,1.5,4.199,70.0,43,1,60.0,2026-05-02T00:19:40.295920,5.647
2026-05-02T00:18:40.660373,86.66,0,71.01,0.0,0.0,1.5,4.199,70.0,43,1,60.0,2026-05-02T00:19:40.641984,5.644
2026-05-02T00:18:40.873708,86.48,0,70.99,0.0,0.0,1.5,4.199,70.0,43,1,60.0,2026-05-02T00:19:40.873454,5.643
2026-05-02T00:18:41.297399,86.48,0,71.79,0.0,0.0,1.39,4.199,70.0,43,1,60.0,2026-05-02T00:19:41.297033,5.538
2026-05-02T00:18:41.606736,86.48,0,71.75,0.0,0.0,1.39,4.199,70.0,43,1,60.0,2026-05-02T00:19:41.606419,5.537
2026-05-02T00:18:41.988487,86.33,0,71.7,0.0,0.0,1.39,4.199,70.0,43,1,60.0,2026-05-02T00:19:41.988285,5.538
2026-05-02T00:18:42.275305,86.33,0,72.88,0.0,0.0,1.24,4.199,70.0,43,1,60.0,2026-05-02T00:19:42.274784,5.394
2026-05-02T00:18:42.906318,86.33,0,72.85,0.0,0.0,1.24,4.199,70.0,43,1,60.0,2026-05-02T00:19:42.892757,5.394
2026-05-02T00:18:43.125974,86.14,0,72.81,0.0,0.0,1.24,4.199,70.0,43,1,60.0,2026-05-02T00:19:43.125153,5.393
2026-05-02T00:18:43.335858,86.14,0,74.24,0.0,0.0,1.07,4.199,70.0,43,1,60.0,2026-05-02T00:19:43.335636,5.229
2026-05-02T00:18:43.578886,86.14,0,74.21,0.0,0.0,1.07,4.199,70.0,43,1,60.0,2026-05-02T00:19:43.578557,5.227
2026-05-02T00:18:44.189103,85.96,0,74.12,0.0,0.0,1.07,4.199,70.0,43,1,60.0,2026-05-02T00:19:44.188561,5.231
2026-05-02T00:18:44.400161,85.96,0,75.0,0.0,0.0,0.97,4.199,70.0,43,1,60.0,2026-05-02T00:19:44.377930,5.132
2026-05-02T00:18:44.877406,85.96,0,74.95,0.0,0.0,0.97,4.199,70.0,43,1,60.0,2026-05-02T00:19:44.877132,5.133
2026-05-02T00:18:45.094035,85.78,0,74.9,0.0,0.0,0.97,4.199,70.0,43,1,60.0,2026-05-02T00:19:45.093756,5.13
2026-05-02T00:18:45.338077,85.78,0,74.86,0.0,0.0,0.97,4.199,70.0,43,1,60.0,2026-05-02T00:19:45.336468,5.128
2026-05-02T00:18:46.539269,85.78,0,74.77,0.0,0.0,0.97,4.199,70.0,43,1,60.0,2026-05-02T00:19:46.538592,5.135
2026-05-02T00:18:47.151942,85.61,0,74.13,0.0,0.0,1.03,4.199,70.0,43,1,60.0,2026-05-02T00:19:47.137454,5.195
2026-05-02T00:18:47.439582,85.61,0,74.12,0.0,0.0,1.03,4.199,70.0,43,1,60.0,2026-05-02T00:19:47.439155,5.193
2026-05-02T00:18:47.651628,85.61,0,74.12,0.0,0.0,1.03,4.199,70.0,43,1,60.0,2026-05-02T00:19:47.651371,5.188
2026-05-02T00:18:47.827673,85.44,0,73.44,0.0,0.0,1.1,4.199,70.0,43,1,60.0,2026-05-02T00:19:47.827414,5.252
2026-05-02T00:18:48.325897,85.44,0,73.4,0.0,0.0,1.1,4.199,70.0,43,1,60.0,2026-05-02T00:19:48.306922,5.25
2026-05-02T00:18:48.652694,85.27,0,73.33,0.0,0.0,1.1,4.199,70.0,43,1,60.0,2026-05-02T00:19:48.652377,5.255
2026-05-02T00:18:49.045664,85.27,0,72.77,0.0,0.0,1.16,4.199,70.0,43,1,60.0,2026-05-02T00:19:49.045385,5.309
2026-05-02T00:18:49.287208,85.27,0,72.72,0.0,0.0,1.16,4.199,70.0,43,1,60.0,2026-05-02T00:19:49.286918,5.312
2026-05-02T00:18:49.494768,85.09,0,72.69,0.0,0.0,1.16,4.199,70.0,43,1,60.0,2026-05-02T00:19:49.494492,5.31
2026-05-02T00:18:49.763468,85.09,0,72.29,0.0,0.0,1.2,4.199,70.0,43,1,60.0,2026-05-02T00:19:49.762999,5.347
2026-05-02T00:18:50.289952,85.09,0,72.24,0.0,0.0,1.2,4.199,70.0,43,1,60.0,2026-05-02T00:19:50.289424,5.349
2026-05-02T00:18:50.656481,84.94,0,72.18,0.0,0.0,1.2,4.199,70.0,43,1,60.0,2026-05-02T00:19:50.656225,5.351
2026-05-02T00:18:51.003179,84.94,0,71.3,0.0,0.0,1.3,4.199,70.0,43,1,60.0,2026-05-02T00:19:51.002882,5.448
2026-05-02T00:18:51.208235,84.94,0,71.29,0.0,0.0,1.3,4.199,70.0,43,1,60.0,2026-05-02T00:19:51.207943,5.447
2026-05-02T00:18:51.761698,84.8,0,71.23,0.0,0.0,1.3,4.199,70.0,43,1,60.0,2026-05-02T00:19:51.761308,5.449
2026-05-02T00:18:52.205867,84.8,0,71.17,0.0,0.0,1.3,4.199,70.0,43,1,60.0,2026-05-02T00:19:52.205272,5.452
2026-05-02T00:18:52.647893,84.8,0,71.16,0.0,0.0,1.3,4.199,70.0,43,1,60.0,2026-05-02T00:19:52.629807,5.452
2026-05-02T00:18:53.010437,84.63,0,71.1,0.0,0.0,1.3,4.199,70.0,43,1,60.0,2026-05-02T00:19:53.010105,5.453
2026-05-02T00:18:53.169984,84.63,0,71.25,0.0,0.0,1.28,4.199,70.0,43,1,60.0,2026-05-02T00:19:53.169495,5.431
2026-05-02T00:18:53.398810,84.63,0,71.22,0.0,0.0,1.28,4.199,70.0,43,1,60.0,2026-05-02T00:19:53.398382,5.429
2026-05-02T00:18:53.544079,84.49,0,71.66,0.0,0.0,1.22,4.199,70.0,43,1,60.0,2026-05-02T00:19:53.543809,5.37
2026-05-02T00:18:53.824154,84.49,0,71.64,0.0,0.0,1.22,4.199,70.0,43,1,60.0,2026-05-02T00:19:53.823684,5.368
2026-05-02T00:18:54.466256,84.34,0,71.55,0.0,0.0,1.22,4.199,70.0,43,1,60.0,2026-05-02T00:19:54.465635,5.377
2026-05-02T00:18:54.604499,84.34,0,72.96,0.0,0.0,1.05,4.199,70.0,43,1,60.0,2026-05-02T00:19:54.604236,5.211
2026-05-02T00:18:54.739773,84.34,0,72.95,0.0,0.0,1.05,4.199,70.0,43,1,60.0,2026-05-02T00:19:54.739543,5.208
2026-05-02T00:18:55.528181,84.21,0,72.86,0.0,0.0,1.05,4.199,70.0,43,1,60.0,2026-05-02T00:19:55.527926,5.215
2026-05-02T00:18:55.665613,84.21,0,74.95,0.0,0.0,0.82,4.199,70.0,43,1,60.0,2026-05-02T00:19:55.665298,4.992
2026-05-02T00:18:55.833586,84.21,0,74.93,0.0,0.0,0.82,4.199,70.0,43,1,60.0,2026-05-02T00:19:55.833147,4.989
2026-05-02T00:18:56.570110,84.07,0,74.85,0.0,0.0,0.82,4.199,70.0,43,1,60.0,2026-05-02T00:19:56.569889,4.992
2026-05-02T00:18:56.689468,84.07,0,75.12,0.0,0.0,0.79,4.199,70.0,43,1,60.0,2026-05-02T00:19:56.689109,4.96
2026-05-02T00:18:58.272162,84.07,0,75.11,0.0,0.0,0.79,4.199,70.0,43,1,60.0,2026-05-02T00:19:58.271334,4.959
2026-05-02T00:18:59.447957,83.94,0,74.98,0.0,0.0,0.79,4.199,70.0,43,1,60.0,2026-05-02T00:19:59.435136,4.972
2026-05-02T00:18:59.845548,83.94,0,74.97,0.0,0.0,0.79,4.199,70.0,43,1,60.0,2026-05-02T00:19:59.845267,4.968
2026-05-02T00:18:59.960200,83.94,0,74.98,0.0,0.0,0.79,4.199,70.0,43,1,60.0,2026-05-02T00:19:59.960002,4.962
2026-05-02T00:19:00.098016,83.79,0,74.94,0.0,0.0,0.79,4.199,70.0,43,1,60.0,2026-05-02T00:20:00.097428,4.958
2026-05-02T00:19:00.571301,83.79,0,73.95,0.0,0.0,0.89,4.199,70.0,43,1,60.0,2026-05-02T00:20:00.563934,5.053
2026-05-02T00:19:00.898267,83.79,0,73.91,0.0,0.0,0.89,4.199,70.0,43,1,60.0,2026-05-02T00:20:00.897871,5.054
2026-05-02T00:19:01.161428,83.65,0,73.49,0.0,0.0,0.93,4.199,70.0,43,1,60.0,2026-05-02T00:20:01.161160,5.091
2026-05-02T00:19:01.345076,83.65,0,73.47,0.0,0.0,0.93,4.199,70.0,43,1,60.0,2026-05-02T00:20:01.344813,5.09
2026-05-02T00:19:01.480429,83.53,0,73.44,0.0,0.0,0.93,4.199,70.0,43,1,60.0,2026-05-02T00:20:01.480247,5.088
2026-05-02T00:19:01.608672,83.53,0,73.04,0.0,0.0,0.97,4.199,70.0,43,1,60.0,2026-05-02T00:20:01.608445,5.125
2026-05-02T00:19:01.735559,83.53,0,73.02,0.0,0.0,0.97,4.199,70.0,43,1,60.0,2026-05-02T00:20:01.735349,5.124
2026-05-02T00:19:01.875438,83.41,0,72.99,0.0,0.0,0.97,4.199,70.0,43,1,60.0,2026-05-02T00:20:01.875175,5.124
2026-05-02T00:19:02.135451,83.41,0,72.77,0.0,0.0,0.99,4.199,70.0,43,1,60.0,2026-05-02T00:20:02.135026,5.143
2026-05-02T00:19:02.504914,83.41,0,72.71,0.0,0.0,0.99,4.199,70.0,43,1,60.0,2026-05-02T00:20:02.492254,5.146
2026-05-02T00:19:02.828822,83.29,0,72.66,0.0,0.0,0.99,4.199,70.0,43,1,60.0,2026-05-02T00:20:02.828648,5.148
2026-05-02T00:19:02.913441,83.29,0,71.36,0.0,0.0,1.14,4.199,70.0,43,1,60.0,2026-05-02T00:20:02.913300,5.289
2026-05-02T00:19:02.987069,83.29,0,71.35,0.0,0.0,1.14,4.199,70.0,43,1,60.0,2026-05-02T00:20:02.986963,5.287
2026-05-02T00:19:03.873209,83.17,0,71.25,0.0,0.0,1.14,4.199,70.0,43,1,60.0,2026-05-02T00:20:03.873059,5.297
2026-05-02T00:19:03.945724,83.17,0,70.92,0.0,0.0,1.18,4.199,70.0,43,1,60.0,2026-05-02T00:20:03.945610,5.331
2026-05-02T00:19:04.028378,83.17,0,70.92,0.0,0.0,1.18,4.199,70.0,43,1,60.0,2026-05-02T00:20:04.028175,5.33
2026-05-02T00:19:04.936435,83.04,0,70.82,0.0,0.0,1.18,4.199,70.0,43,1,60.0,2026-05-02T00:20:04.936279,5.338
2026-05-02T00:19:05.008005,83.04,0,70.82,0.0,0.0,1.18,4.199,70.0,43,1,60.0,2026-05-02T00:20:05.007881,5.334
