timestamp,T_actual,P_actual_gauge,T_predicted,P_predicted,Q_watts,flow_lpm,water_L,eta_instant,health_score,anomaly_flag,prediction_horizon_s,prediction_target_timestamp,L_predicted
2026-04-29T14:28:10.181379,34.78,0,34.78,0.0,0.0,0.0,0,0.0,100,0,60.0,2026-04-29T14:29:10.181243,4.211
2026-04-29T14:28:10.216080,34.78,0,36.73,0.0,1000.0,0.0,0,97.8,100,0,60.0,2026-04-29T14:29:10.215942,4.204
2026-04-29T14:28:11.217225,34.78,0,36.86,0.0,1000.0,0.0,4.199,97.8,100,0,60.0,2026-04-29T14:29:11.217044,4.204
2026-04-29T14:28:11.272707,34.79,0,36.92,0.0,1000.0,0.0,4.199,97.8,100,0,60.0,2026-04-29T14:29:11.272454,4.204
2026-04-29T14:28:11.312493,34.79,0,36.94,0.0,1000.0,0.0,4.199,97.8,100,0,60.0,2026-04-29T14:29:11.312337,4.204
2026-04-29T14:28:12.327034,34.78,0,36.98,0.0,1000.0,0.0,4.199,97.8,100,0,60.0,2026-04-29T14:29:12.326071,4.204
2026-04-29T14:28:12.367992,34.78,0,36.97,0.0,1000.0,0.0,4.199,97.8,100,0,60.0,2026-04-29T14:29:12.367855,4.204
2026-04-29T14:28:12.404578,34.78,0,36.97,0.0,1000.0,0.0,4.199,97.8,100,0,60.0,2026-04-29T14:29:12.404414,4.204
2026-04-29T14:28:13.329932,34.79,0,36.99,0.0,1000.0,0.0,4.199,97.8,100,0,60.0,2026-04-29T14:29:13.329751,4.204
2026-04-29T14:28:13.367976,34.79,0,36.98,0.0,1000.0,0.0,4.199,97.8,100,0,60.0,2026-04-29T14:29:13.367838,4.204
2026-04-29T14:28:13.409846,34.79,0,36.98,0.0,1000.0,0.0,4.199,97.8,100,0,60.0,2026-04-29T14:29:13.409700,4.204
2026-04-29T14:28:14.393750,34.79,0,36.99,0.0,1000.0,0.0,4.199,97.8,100,0,60.0,2026-04-29T14:29:14.393566,4.204
2026-04-29T14:28:14.437486,34.79,0,36.99,0.0,1000.0,0.0,4.199,97.8,100,0,60.0,2026-04-29T14:29:14.437308,4.204
2026-04-29T14:28:14.475427,34.79,0,36.98,0.0,1000.0,0.0,4.199,97.8,100,0,60.0,2026-04-29T14:29:14.475274,4.204
2026-04-29T14:28:15.449117,34.79,0,36.99,0.0,1000.0,0.0,4.199,97.8,100,0,60.0,2026-04-29T14:29:15.448953,4.204
2026-04-29T14:28:15.486781,34.79,0,36.99,0.0,1000.0,0.0,4.199,97.8,100,0,60.0,2026-04-29T14:29:15.486630,4.204
2026-04-29T14:28:16.473877,34.79,0,37.01,0.0,1000.0,0.0,4.199,97.8,100,0,60.0,2026-04-29T14:29:16.473680,4.204
2026-04-29T14:28:16.517665,34.79,0,36.99,0.0,1000.0,0.0,4.199,97.8,100,0,60.0,2026-04-29T14:29:16.517533,4.204
2026-04-29T14:28:16.553697,34.79,0,36.98,0.0,1000.0,0.0,4.199,97.8,100,0,60.0,2026-04-29T14:29:16.553529,4.204
2026-04-29T14:28:17.526591,34.79,0,37.0,0.0,1000.0,0.0,4.199,97.8,100,0,60.0,2026-04-29T14:29:17.526385,4.204
2026-04-29T14:28:17.568397,34.79,0,36.99,0.0,1000.0,0.0,4.199,97.8,100,0,60.0,2026-04-29T14:29:17.568187,4.204
2026-04-29T14:28:17.603424,34.79,0,36.98,0.0,1000.0,0.0,4.199,97.8,100,0,60.0,2026-04-29T14:29:17.603176,4.204
2026-04-29T14:28:18.576027,34.78,0,37.0,0.0,1000.0,0.0,4.199,97.8,100,0,60.0,2026-04-29T14:29:18.575838,4.204
2026-04-29T14:28:18.616828,34.78,0,36.98,0.0,1000.0,0.0,4.199,97.8,100,0,60.0,2026-04-29T14:29:18.616702,4.204
2026-04-29T14:28:18.653537,34.78,0,36.98,0.0,1000.0,0.0,4.199,97.8,100,0,60.0,2026-04-29T14:29:18.653371,4.204
2026-04-29T14:28:19.636930,34.78,0,36.99,0.0,1000.0,0.0,4.199,97.8,100,0,60.0,2026-04-29T14:29:19.636748,4.204
2026-04-29T14:28:19.675632,34.78,0,36.98,0.0,1000.0,0.0,4.199,97.8,100,0,60.0,2026-04-29T14:29:19.675498,4.204
2026-04-29T14:28:19.712714,34.78,0,36.97,0.0,1000.0,0.0,4.199,97.8,100,0,60.0,2026-04-29T14:29:19.712456,4.204
2026-04-29T14:28:20.690760,34.79,0,36.99,0.0,1000.0,0.0,4.199,97.8,100,0,60.0,2026-04-29T14:29:20.690577,4.204
2026-04-29T14:28:20.727843,34.79,0,36.98,0.0,1000.0,0.0,4.199,97.8,100,0,60.0,2026-04-29T14:29:20.727696,4.204
2026-04-29T14:28:21.708495,34.79,0,37.01,0.0,1000.0,0.0,4.199,97.8,100,0,60.0,2026-04-29T14:29:21.707947,4.204
2026-04-29T14:28:21.814275,34.79,0,36.94,0.0,1000.0,0.03,4.199,97.8,100,0,60.0,2026-04-29T14:29:21.814121,4.234
2026-04-29T14:28:21.857359,34.79,0,36.93,0.0,1000.0,0.03,4.199,97.8,100,0,60.0,2026-04-29T14:29:21.857210,4.234
2026-04-29T14:28:22.773183,34.79,0,36.95,0.0,1000.0,0.03,4.199,97.8,100,0,60.0,2026-04-29T14:29:22.772994,4.234
2026-04-29T14:28:22.821210,34.79,0,36.94,0.0,1000.0,0.03,4.199,97.8,100,0,60.0,2026-04-29T14:29:22.821071,4.234
2026-04-29T14:28:22.864989,34.79,0,36.93,0.0,1000.0,0.03,4.199,97.8,100,0,60.0,2026-04-29T14:29:22.864847,4.234
2026-04-29T14:28:23.842034,34.79,0,36.95,0.0,1000.0,0.03,4.199,97.8,100,0,60.0,2026-04-29T14:29:23.841874,4.235
2026-04-29T14:28:23.890662,34.79,0,36.96,0.0,1000.0,0.02,4.199,97.8,100,0,60.0,2026-04-29T14:29:23.890562,4.224
2026-04-29T14:28:23.936571,34.79,0,36.95,0.0,1000.0,0.02,4.199,97.8,100,0,60.0,2026-04-29T14:29:23.936343,4.224
2026-04-29T14:28:24.862875,34.79,0,36.96,0.0,1000.0,0.02,4.199,97.8,100,0,60.0,2026-04-29T14:29:24.862632,4.225
2026-04-29T14:28:24.907648,34.79,0,36.97,0.0,1000.0,0.01,4.199,97.8,100,0,60.0,2026-04-29T14:29:24.907507,4.214
2026-04-29T14:28:24.949650,34.79,0,36.96,0.0,1000.0,0.01,4.199,97.8,100,0,60.0,2026-04-29T14:29:24.949519,4.214
2026-04-29T14:28:25.906606,34.79,0,36.97,0.0,1000.0,0.01,4.199,97.8,100,0,60.0,2026-04-29T14:29:25.906445,4.214
2026-04-29T14:28:25.954044,34.79,0,36.97,0.0,1000.0,0.01,4.199,97.8,100,0,60.0,2026-04-29T14:29:25.953847,4.214
2026-04-29T14:28:26.955157,34.79,0,36.99,0.0,1000.0,0.01,4.199,97.8,100,0,60.0,2026-04-29T14:29:26.954980,4.214
2026-04-29T14:28:27.008102,34.78,0,36.97,0.0,1000.0,0.01,4.199,97.8,100,0,60.0,2026-04-29T14:29:27.007936,4.214
2026-04-29T14:28:27.056929,34.78,0,36.96,0.0,1000.0,0.01,4.199,97.8,100,0,60.0,2026-04-29T14:29:27.056755,4.214
2026-04-29T14:28:27.996478,34.78,0,36.97,0.0,1000.0,0.01,4.199,97.8,99,0,60.0,2026-04-29T14:29:27.996295,4.214
2026-04-29T14:28:28.060191,34.78,0,36.96,0.0,1000.0,0.01,4.199,97.8,99,0,60.0,2026-04-29T14:29:28.060002,4.214
2026-04-29T14:28:28.126087,34.78,0,36.96,0.0,1000.0,0.01,4.199,97.8,99,0,60.0,2026-04-29T14:29:28.125908,4.214
2026-04-29T14:28:29.078092,34.78,0,36.97,0.0,1000.0,0.01,4.199,97.8,99,0,60.0,2026-04-29T14:29:29.077884,4.214
2026-04-29T14:28:29.151323,34.78,0,36.98,0.0,1000.0,0.0,4.199,97.8,99,0,60.0,2026-04-29T14:29:29.151051,4.204
2026-04-29T14:28:29.217592,34.78,0,36.97,0.0,1000.0,0.0,4.199,97.8,99,0,60.0,2026-04-29T14:29:29.217374,4.204
2026-04-29T14:28:30.127058,34.78,0,36.98,0.0,1000.0,0.0,4.199,97.8,99,0,60.0,2026-04-29T14:29:30.126823,4.204
2026-04-29T14:28:30.209043,34.78,0,36.98,0.0,1000.0,0.0,4.199,97.8,99,0,60.0,2026-04-29T14:29:30.208791,4.204
2026-04-29T14:28:30.303986,34.78,0,36.97,0.0,1000.0,0.0,4.199,97.8,99,0,60.0,2026-04-29T14:29:30.303715,4.204
2026-04-29T14:28:31.199232,34.79,0,36.99,0.0,1000.0,0.0,4.199,97.8,99,0,60.0,2026-04-29T14:29:31.198952,4.204
2026-04-29T14:28:31.311302,34.79,0,36.98,0.0,1000.0,0.0,4.199,97.8,99,0,60.0,2026-04-29T14:29:31.310939,4.204
2026-04-29T14:28:32.202327,34.79,0,37.0,0.0,1000.0,0.0,4.199,97.8,99,0,60.0,2026-04-29T14:29:32.201994,4.204
2026-04-29T14:28:32.306189,34.8,0,37.0,0.0,1000.0,0.0,4.199,97.8,99,0,60.0,2026-04-29T14:29:32.305898,4.204
2026-04-29T14:28:32.405294,34.8,0,36.99,0.0,1000.0,0.0,4.199,97.8,99,0,60.0,2026-04-29T14:29:32.404993,4.204
2026-04-29T14:28:33.248005,34.8,0,37.01,0.0,1000.0,0.0,4.199,97.8,99,0,60.0,2026-04-29T14:29:33.247797,4.204
2026-04-29T14:28:33.316094,34.8,0,37.0,0.0,1000.0,0.0,4.199,97.8,99,0,60.0,2026-04-29T14:29:33.315906,4.204
2026-04-29T14:28:33.384580,34.8,0,36.99,0.0,1000.0,0.0,4.199,97.8,99,0,60.0,2026-04-29T14:29:33.384206,4.204
2026-04-29T14:28:34.292705,34.8,0,37.01,0.0,1000.0,0.0,4.199,97.8,99,0,60.0,2026-04-29T14:29:34.292515,4.204
2026-04-29T14:28:34.351712,34.8,0,37.0,0.0,1000.0,0.0,4.199,97.8,99,0,60.0,2026-04-29T14:29:34.351392,4.204
2026-04-29T14:28:34.410204,34.8,0,36.99,0.0,1000.0,0.0,4.199,97.8,99,0,60.0,2026-04-29T14:29:34.410033,4.204
2026-04-29T14:28:35.354435,34.79,0,37.0,0.0,1000.0,0.0,4.199,97.8,99,0,60.0,2026-04-29T14:29:35.354229,4.204
2026-04-29T14:28:35.394762,34.79,0,36.99,0.0,1000.0,0.0,4.199,97.8,99,0,60.0,2026-04-29T14:29:35.394629,4.204
2026-04-29T14:28:35.431572,34.79,0,36.99,0.0,1000.0,0.0,4.199,97.8,99,0,60.0,2026-04-29T14:29:35.431432,4.204
2026-04-29T14:28:36.409957,34.78,0,36.99,0.0,1000.0,0.0,4.199,97.8,99,0,60.0,2026-04-29T14:29:36.409793,4.204
2026-04-29T14:28:36.447591,34.78,0,36.98,0.0,1000.0,0.0,4.199,97.8,99,0,60.0,2026-04-29T14:29:36.447455,4.204
2026-04-29T14:28:37.427527,34.78,0,37.0,0.0,1000.0,0.0,4.199,97.8,99,0,60.0,2026-04-29T14:29:37.427333,4.204
2026-04-29T14:28:37.471714,34.78,0,36.98,0.0,1000.0,0.0,4.199,97.8,99,0,60.0,2026-04-29T14:29:37.471555,4.204
2026-04-29T14:28:37.506587,34.78,0,36.98,0.0,1000.0,0.0,4.199,97.8,99,0,60.0,2026-04-29T14:29:37.506446,4.204
2026-04-29T14:28:38.490483,34.78,0,36.99,0.0,1000.0,0.0,4.199,97.8,99,0,60.0,2026-04-29T14:29:38.490279,4.204
2026-04-29T14:28:38.532395,34.78,0,36.98,0.0,1000.0,0.0,4.199,97.8,99,0,60.0,2026-04-29T14:29:38.532258,4.204
2026-04-29T14:28:38.568154,34.78,0,36.97,0.0,1000.0,0.0,4.199,97.8,99,0,60.0,2026-04-29T14:29:38.567967,4.204
2026-04-29T14:28:39.541548,34.78,0,36.99,0.0,1000.0,0.0,4.199,97.8,99,0,60.0,2026-04-29T14:29:39.541376,4.204
2026-04-29T14:28:39.581374,34.78,0,36.98,0.0,1000.0,0.0,4.199,97.8,99,0,60.0,2026-04-29T14:29:39.581227,4.204
2026-04-29T14:28:39.615991,34.78,0,36.97,0.0,1000.0,0.0,4.199,97.8,99,0,60.0,2026-04-29T14:29:39.615861,4.204
2026-04-29T14:28:40.594403,34.78,0,36.98,0.0,1000.0,0.0,4.199,97.8,99,0,60.0,2026-04-29T14:29:40.594223,4.204
2026-04-29T14:28:40.632878,34.78,0,36.98,0.0,1000.0,0.0,4.199,97.8,99,0,60.0,2026-04-29T14:29:40.632729,4.204
2026-04-29T14:28:40.669325,34.78,0,36.97,0.0,1000.0,0.0,4.199,97.8,99,0,60.0,2026-04-29T14:29:40.669121,4.204
2026-04-29T14:28:41.645717,34.78,0,36.98,0.0,1000.0,0.0,4.199,97.8,99,0,60.0,2026-04-29T14:29:41.645559,4.204
2026-04-29T14:28:41.682811,34.78,0,36.98,0.0,1000.0,0.0,4.199,97.8,99,0,60.0,2026-04-29T14:29:41.682683,4.204
2026-04-29T14:28:42.670613,34.78,0,37.0,0.0,1000.0,0.0,4.199,97.8,99,0,60.0,2026-04-29T14:29:42.670394,4.204
2026-04-29T14:28:42.714942,34.78,0,36.98,0.0,1000.0,0.0,4.199,97.8,99,0,60.0,2026-04-29T14:29:42.714797,4.204
2026-04-29T14:28:42.749690,34.78,0,36.97,0.0,1000.0,0.0,4.199,97.8,99,0,60.0,2026-04-29T14:29:42.749556,4.204
2026-04-29T14:28:43.707605,34.78,0,36.99,0.0,1000.0,0.0,4.199,97.8,99,0,60.0,2026-04-29T14:29:43.707367,4.204
2026-04-29T14:28:43.797258,34.78,0,36.98,0.0,1000.0,0.0,4.199,97.8,99,0,60.0,2026-04-29T14:29:43.797103,4.204
2026-04-29T14:28:43.831032,34.78,0,36.97,0.0,1000.0,0.0,4.199,97.8,99,0,60.0,2026-04-29T14:29:43.830928,4.204
2026-04-29T14:28:44.761461,34.79,0,36.99,0.0,1000.0,0.0,4.199,97.8,99,0,60.0,2026-04-29T14:29:44.761281,4.204
2026-04-29T14:28:44.796717,34.79,0,36.98,0.0,1000.0,0.0,4.199,97.8,99,0,60.0,2026-04-29T14:29:44.796566,4.204
2026-04-29T14:28:44.831381,34.79,0,36.98,0.0,1000.0,0.0,4.199,97.8,99,0,60.0,2026-04-29T14:29:44.831260,4.204
2026-04-29T14:28:45.805801,34.79,0,36.99,0.0,1000.0,0.0,4.199,97.8,99,0,60.0,2026-04-29T14:29:45.805656,4.204
2026-04-29T14:28:45.839022,34.79,0,36.99,0.0,1000.0,0.0,4.199,97.8,99,0,60.0,2026-04-29T14:29:45.838900,4.204
2026-04-29T14:28:45.875504,34.79,0,36.98,0.0,1000.0,0.0,4.199,97.8,99,0,60.0,2026-04-29T14:29:45.875355,4.204
2026-04-29T14:28:46.866017,34.79,0,36.99,0.0,1000.0,0.0,4.199,97.8,99,0,60.0,2026-04-29T14:29:46.865827,4.204
2026-04-29T14:28:46.902437,34.79,0,36.99,0.0,1000.0,0.0,4.199,97.8,99,0,60.0,2026-04-29T14:29:46.902327,4.204
2026-04-29T14:28:47.886512,34.79,0,37.01,0.0,1000.0,0.0,4.199,97.8,99,0,60.0,2026-04-29T14:29:47.886372,4.204
2026-04-29T14:28:47.921364,34.79,0,36.99,0.0,1000.0,0.0,4.199,97.8,99,0,60.0,2026-04-29T14:29:47.921210,4.204
2026-04-29T14:28:47.956714,34.79,0,36.98,0.0,1000.0,0.0,4.199,97.8,99,0,60.0,2026-04-29T14:29:47.956587,4.204
2026-04-29T14:28:48.960034,34.79,0,37.0,0.0,1000.0,0.0,4.199,97.8,99,0,60.0,2026-04-29T14:29:48.959845,4.204
2026-04-29T14:28:49.003027,34.79,0,36.99,0.0,1000.0,0.0,4.199,97.8,99,0,60.0,2026-04-29T14:29:49.002865,4.204
2026-04-29T14:28:49.038069,34.79,0,36.98,0.0,1000.0,0.0,4.199,97.8,99,0,60.0,2026-04-29T14:29:49.037927,4.204
2026-04-29T14:28:50.013404,34.79,0,37.0,0.0,1000.0,0.0,4.199,97.8,99,0,60.0,2026-04-29T14:29:50.013218,4.204
2026-04-29T14:28:50.055096,34.79,0,36.99,0.0,1000.0,0.0,4.199,97.8,99,0,60.0,2026-04-29T14:29:50.054952,4.204
2026-04-29T14:28:50.089543,34.79,0,36.98,0.0,1000.0,0.0,4.199,97.8,99,0,60.0,2026-04-29T14:29:50.089421,4.204
2026-04-29T14:28:51.069338,34.79,0,37.0,0.0,1000.0,0.0,4.199,97.8,99,0,60.0,2026-04-29T14:29:51.069153,4.204
2026-04-29T14:28:51.116207,34.79,0,36.99,0.0,1000.0,0.0,4.199,97.8,99,0,60.0,2026-04-29T14:29:51.115944,4.204
2026-04-29T14:28:51.153063,34.79,0,36.98,0.0,1000.0,0.0,4.199,97.8,99,0,60.0,2026-04-29T14:29:51.152906,4.204
2026-04-29T14:28:52.166080,34.79,0,36.99,0.0,1000.0,0.0,4.199,97.8,99,0,60.0,2026-04-29T14:29:52.165781,4.204
2026-04-29T14:28:52.206622,34.79,0,36.99,0.0,1000.0,0.0,4.199,97.8,99,0,60.0,2026-04-29T14:29:52.206514,4.204
2026-04-29T14:28:53.146120,34.79,0,37.01,0.0,1000.0,0.0,4.199,97.8,99,0,60.0,2026-04-29T14:29:53.145895,4.204
2026-04-29T14:28:53.206872,34.79,0,36.99,0.0,1000.0,0.0,4.199,97.8,99,0,60.0,2026-04-29T14:29:53.206696,4.204
2026-04-29T14:28:53.251696,34.79,0,36.99,0.0,1000.0,0.0,4.199,97.8,99,0,60.0,2026-04-29T14:29:53.251515,4.204
2026-04-29T14:28:54.181129,34.8,0,37.0,0.0,1000.0,0.0,4.199,97.8,99,0,60.0,2026-04-29T14:29:54.180980,4.204
2026-04-29T14:28:54.217797,34.8,0,36.99,0.0,1000.0,0.0,4.199,97.8,99,0,60.0,2026-04-29T14:29:54.217591,4.204
2026-04-29T14:28:54.253683,34.8,0,36.99,0.0,1000.0,0.0,4.199,97.8,99,0,60.0,2026-04-29T14:29:54.253570,4.204
2026-04-29T14:28:55.255525,34.8,0,37.01,0.0,1000.0,0.0,4.199,97.8,99,0,60.0,2026-04-29T14:29:55.255322,4.204
2026-04-29T14:28:55.295612,34.8,0,37.0,0.0,1000.0,0.0,4.199,97.8,99,0,60.0,2026-04-29T14:29:55.295471,4.204
2026-04-29T14:28:55.330699,34.8,0,36.99,0.0,1000.0,0.0,4.199,97.8,99,0,60.0,2026-04-29T14:29:55.330565,4.204
2026-04-29T14:28:56.311358,34.81,0,37.01,0.0,1000.0,0.0,4.199,97.8,99,0,60.0,2026-04-29T14:29:56.311159,4.204
2026-04-29T14:28:56.351005,34.81,0,37.0,0.0,1000.0,0.0,4.199,97.8,99,0,60.0,2026-04-29T14:29:56.350767,4.204
2026-04-29T14:28:56.385720,34.81,0,37.0,0.0,1000.0,0.0,4.199,97.8,99,0,60.0,2026-04-29T14:29:56.385567,4.204
2026-04-29T14:28:57.362913,34.82,0,37.02,0.0,1000.0,0.0,4.199,97.8,99,0,60.0,2026-04-29T14:29:57.362741,4.204
2026-04-29T14:28:57.400068,34.82,0,37.01,0.0,1000.0,0.0,4.199,97.8,99,0,60.0,2026-04-29T14:29:57.399909,4.204
2026-04-29T14:28:58.384049,34.82,0,37.04,0.0,1000.0,0.0,4.199,97.8,99,0,60.0,2026-04-29T14:29:58.383820,4.204
2026-04-29T14:28:58.429835,34.82,0,37.02,0.0,1000.0,0.0,4.199,97.8,99,0,60.0,2026-04-29T14:29:58.429646,4.204
2026-04-29T14:28:58.465368,34.82,0,37.01,0.0,1000.0,0.0,4.199,97.8,99,0,60.0,2026-04-29T14:29:58.465234,4.204
2026-04-29T14:28:59.461378,34.82,0,37.03,0.0,1000.0,0.0,4.199,97.8,99,0,60.0,2026-04-29T14:29:59.460860,4.204
2026-04-29T14:28:59.516418,34.82,0,37.02,0.0,1000.0,0.0,4.199,97.8,99,0,60.0,2026-04-29T14:29:59.516096,4.204
2026-04-29T14:28:59.554936,34.82,0,37.02,0.0,1000.0,0.0,4.199,97.8,99,0,60.0,2026-04-29T14:29:59.554831,4.204
2026-04-29T14:29:00.497036,34.83,0,37.03,0.0,1000.0,0.0,4.199,97.8,99,0,60.0,2026-04-29T14:30:00.496855,4.204
2026-04-29T14:29:00.538454,34.83,0,37.02,0.0,1000.0,0.0,4.199,97.8,99,0,60.0,2026-04-29T14:30:00.538298,4.204
2026-04-29T14:29:00.573359,34.83,0,37.02,0.0,1000.0,0.0,4.199,97.8,99,0,60.0,2026-04-29T14:30:00.573228,4.204
2026-04-29T14:29:01.551664,34.84,0,37.04,0.0,1000.0,0.0,4.199,97.8,99,0,60.0,2026-04-29T14:30:01.551484,4.204
2026-04-29T14:29:01.591178,34.84,0,37.03,0.0,1000.0,0.0,4.199,97.8,99,0,60.0,2026-04-29T14:30:01.591046,4.204
2026-04-29T14:29:01.626055,34.84,0,37.03,0.0,1000.0,0.0,4.199,97.8,99,0,60.0,2026-04-29T14:30:01.625938,4.204
2026-04-29T14:29:02.608550,34.84,0,37.04,0.0,1000.0,0.0,4.199,97.8,99,0,60.0,2026-04-29T14:30:02.608360,4.204
2026-04-29T14:29:02.647482,34.84,0,37.04,0.0,1000.0,0.0,4.199,97.8,99,0,60.0,2026-04-29T14:30:02.647333,4.204
2026-04-29T14:29:03.632160,34.84,0,37.06,0.0,1000.0,0.0,4.199,97.8,99,0,60.0,2026-04-29T14:30:03.631981,4.204
2026-04-29T14:29:03.677579,34.85,0,37.05,0.0,1000.0,0.0,4.199,97.8,99,0,60.0,2026-04-29T14:30:03.677431,4.204
2026-04-29T14:29:03.714377,34.85,0,37.04,0.0,1000.0,0.0,4.199,97.8,99,0,60.0,2026-04-29T14:30:03.714176,4.204
2026-04-29T14:29:04.685451,34.86,0,37.06,0.0,1000.0,0.0,4.199,97.8,99,0,60.0,2026-04-29T14:30:04.685243,4.204
2026-04-29T14:29:04.727553,34.86,0,37.06,0.0,1000.0,0.0,4.199,97.8,99,0,60.0,2026-04-29T14:30:04.727405,4.204
2026-04-29T14:29:04.762394,34.86,0,37.05,0.0,1000.0,0.0,4.199,97.8,99,0,60.0,2026-04-29T14:30:04.762242,4.204
2026-04-29T14:29:05.757214,34.87,0,37.07,0.0,1000.0,0.0,4.199,97.8,99,0,60.0,2026-04-29T14:30:05.745306,4.204
2026-04-29T14:29:05.830685,34.87,0,37.07,0.0,1000.0,0.0,4.199,97.8,99,0,60.0,2026-04-29T14:30:05.830531,4.204
2026-04-29T14:29:05.863893,34.87,0,37.06,0.0,1000.0,0.0,4.199,97.8,99,0,60.0,2026-04-29T14:30:05.863776,4.204
2026-04-29T14:29:06.793351,34.89,0,37.08,0.0,1000.0,0.0,4.199,97.8,99,0,60.0,2026-04-29T14:30:06.793157,4.204
2026-04-29T14:29:06.830655,34.89,0,37.08,0.0,1000.0,0.0,4.199,97.8,99,0,60.0,2026-04-29T14:30:06.830551,4.204
2026-04-29T14:29:06.865556,34.89,0,37.08,0.0,1000.0,0.0,4.199,97.8,99,0,60.0,2026-04-29T14:30:06.865396,4.204
2026-04-29T14:29:07.817942,34.9,0,37.1,0.0,1000.0,0.0,4.199,97.8,99,0,60.0,2026-04-29T14:30:07.817784,4.204
2026-04-29T14:29:07.852919,34.9,0,37.09,0.0,1000.0,0.0,4.199,97.8,99,0,60.0,2026-04-29T14:30:07.852764,4.204
2026-04-29T14:29:08.856781,34.9,0,37.12,0.0,1000.0,0.0,4.199,97.8,99,0,60.0,2026-04-29T14:30:08.856634,4.204
2026-04-29T14:29:08.895027,34.91,0,37.11,0.0,1000.0,0.0,4.199,97.8,99,0,60.0,2026-04-29T14:30:08.894874,4.204
2026-04-29T14:29:08.931756,34.91,0,37.1,0.0,1000.0,0.0,4.199,97.8,99,0,60.0,2026-04-29T14:30:08.931560,4.204
2026-04-29T14:29:09.905220,34.92,0,37.12,0.0,1000.0,0.0,4.199,97.8,99,0,60.0,2026-04-29T14:30:09.905031,4.204
2026-04-29T14:29:09.945261,34.92,0,37.12,0.0,1000.0,0.0,4.199,97.8,99,0,60.0,2026-04-29T14:30:09.945099,4.204
2026-04-29T14:29:09.982780,34.92,0,37.11,0.0,1000.0,0.0,4.199,97.8,99,0,60.0,2026-04-29T14:30:09.982599,4.204
2026-04-29T14:29:10.972897,34.95,0,37.14,0.0,1000.0,0.0,4.199,97.8,99,0,60.0,2026-04-29T14:30:10.972713,4.204
2026-04-29T14:29:11.013313,34.95,0,37.13,0.0,1000.0,0.0,4.199,97.8,99,0,60.0,2026-04-29T14:30:11.013154,4.204
2026-04-29T14:29:11.048337,34.95,0,37.13,0.0,1000.0,0.0,4.199,97.8,99,0,60.0,2026-04-29T14:30:11.048161,4.204
2026-04-29T14:29:12.029783,34.97,0,37.15,0.0,1000.0,0.0,4.199,97.8,99,0,60.0,2026-04-29T14:30:12.029615,4.204
2026-04-29T14:29:12.070349,34.97,0,37.15,0.0,1000.0,0.0,4.199,97.8,99,0,60.0,2026-04-29T14:30:12.070157,4.204
2026-04-29T14:29:12.105644,34.97,0,37.15,0.0,1000.0,0.0,4.199,97.8,99,0,60.0,2026-04-29T14:30:12.105478,4.204
2026-04-29T14:29:13.085163,34.99,0,37.17,0.0,1000.0,0.0,4.199,97.8,99,0,60.0,2026-04-29T14:30:13.084985,4.204
2026-04-29T14:29:13.122865,34.99,0,37.17,0.0,1000.0,0.0,4.199,97.8,99,0,60.0,2026-04-29T14:30:13.122710,4.204
2026-04-29T14:29:14.119544,34.99,0,37.2,0.0,1000.0,0.0,4.199,97.8,99,0,60.0,2026-04-29T14:30:14.119380,4.204
2026-04-29T14:29:14.162536,35.01,0,37.19,0.0,1000.0,0.0,4.199,97.8,99,0,60.0,2026-04-29T14:30:14.162399,4.204
2026-04-29T14:29:14.197297,35.01,0,37.19,0.0,1000.0,0.0,4.199,97.8,99,0,60.0,2026-04-29T14:30:14.197167,4.204
2026-04-29T14:29:15.163465,35.04,0,37.22,0.0,1000.0,0.0,4.199,97.8,99,0,60.0,2026-04-29T14:30:15.163283,4.204
2026-04-29T14:29:15.208230,35.04,0,37.22,0.0,1000.0,0.0,4.199,97.8,99,0,60.0,2026-04-29T14:30:15.208046,4.204
2026-04-29T14:29:15.243892,35.04,0,37.22,0.0,1000.0,0.0,4.199,97.8,99,0,60.0,2026-04-29T14:30:15.243754,4.204
2026-04-29T14:29:16.216403,35.09,0,37.25,0.0,1000.0,0.0,4.199,97.7,99,0,60.0,2026-04-29T14:30:16.216214,4.204
2026-04-29T14:29:16.257534,35.09,0,37.26,0.0,1000.0,0.0,4.199,97.7,99,0,60.0,2026-04-29T14:30:16.257331,4.204
2026-04-29T14:29:16.292580,35.09,0,37.26,0.0,1000.0,0.0,4.199,97.7,99,0,60.0,2026-04-29T14:30:16.292407,4.204
2026-04-29T14:29:17.272165,35.12,0,37.3,0.0,1000.0,0.0,4.199,97.7,99,0,60.0,2026-04-29T14:30:17.271984,4.204
2026-04-29T14:29:17.311307,35.12,0,37.3,0.0,1000.0,0.0,4.199,97.7,99,0,60.0,2026-04-29T14:30:17.311173,4.204
2026-04-29T14:29:17.346370,35.12,0,37.3,0.0,1000.0,0.0,4.199,97.7,99,0,60.0,2026-04-29T14:30:17.346245,4.204
2026-04-29T14:29:18.325442,35.15,0,37.33,0.0,1000.0,0.0,4.199,97.7,99,0,60.0,2026-04-29T14:30:18.325190,4.204
2026-04-29T14:29:18.363716,35.15,0,37.33,0.0,1000.0,0.0,4.199,97.7,99,0,60.0,2026-04-29T14:30:18.363550,4.204
2026-04-29T14:29:19.339804,35.15,0,37.36,0.0,1000.0,0.0,4.199,97.7,99,0,60.0,2026-04-29T14:30:19.339633,4.204
2026-04-29T14:29:19.379550,35.2,0,37.37,0.0,1000.0,0.0,4.199,97.7,99,0,60.0,2026-04-29T14:30:19.379402,4.204
2026-04-29T14:29:19.415118,35.2,0,37.38,0.0,1000.0,0.0,4.199,97.7,99,0,60.0,2026-04-29T14:30:19.414960,4.204
2026-04-29T14:29:20.403732,35.23,0,37.41,0.0,1000.0,0.0,4.199,97.7,99,0,60.0,2026-04-29T14:30:20.403536,4.204
2026-04-29T14:29:20.446371,35.23,0,37.41,0.0,1000.0,0.0,4.199,97.7,99,0,60.0,2026-04-29T14:30:20.446232,4.204
2026-04-29T14:29:20.481526,35.23,0,37.41,0.0,1000.0,0.0,4.199,97.7,99,0,60.0,2026-04-29T14:30:20.481369,4.204
2026-04-29T14:29:21.460827,35.26,0,37.44,0.0,1000.0,0.0,4.199,97.7,99,0,60.0,2026-04-29T14:30:21.460612,4.204
2026-04-29T14:29:21.503223,35.26,0,37.44,0.0,1000.0,0.0,4.199,97.7,99,0,60.0,2026-04-29T14:30:21.503069,4.204
2026-04-29T14:29:21.538068,35.26,0,37.44,0.0,1000.0,0.0,4.199,97.7,99,0,60.0,2026-04-29T14:30:21.537907,4.204
2026-04-29T14:29:22.515038,35.3,0,37.48,0.0,1000.0,0.0,4.199,97.7,99,0,60.0,2026-04-29T14:30:22.514833,4.204
2026-04-29T14:29:22.554414,35.3,0,37.48,0.0,1000.0,0.0,4.199,97.7,99,0,60.0,2026-04-29T14:30:22.554198,4.204
2026-04-29T14:29:22.589700,35.3,0,37.48,0.0,1000.0,0.0,4.199,97.7,99,0,60.0,2026-04-29T14:30:22.589568,4.204
2026-04-29T14:29:23.559058,35.34,0,37.52,0.0,1000.0,0.0,4.199,97.7,99,0,60.0,2026-04-29T14:30:23.558759,4.204
2026-04-29T14:29:23.597176,35.34,0,37.52,0.0,1000.0,0.0,4.199,97.7,99,0,60.0,2026-04-29T14:30:23.596919,4.204
2026-04-29T14:29:24.590691,35.34,0,37.55,0.0,1000.0,0.0,4.199,97.7,99,0,60.0,2026-04-29T14:30:24.590486,4.204
2026-04-29T14:29:24.636220,35.38,0,37.56,0.0,1000.0,0.0,4.199,97.7,99,0,60.0,2026-04-29T14:30:24.636071,4.204
2026-04-29T14:29:24.682045,35.38,0,37.56,0.0,1000.0,0.0,4.199,97.7,99,0,60.0,2026-04-29T14:30:24.681881,4.204
2026-04-29T14:29:25.644278,35.43,0,37.59,0.0,1000.0,0.0,4.199,97.7,99,0,60.0,2026-04-29T14:30:25.644072,4.204
2026-04-29T14:29:25.697959,35.43,0,37.6,0.0,1000.0,0.0,4.199,97.7,99,0,60.0,2026-04-29T14:30:25.696610,4.204
2026-04-29T14:29:25.812573,35.43,0,37.61,0.0,1000.0,0.0,4.199,97.7,99,0,60.0,2026-04-29T14:30:25.812378,4.204
2026-04-29T14:29:26.695859,35.49,0,37.64,0.0,1000.0,0.0,4.199,97.7,99,0,60.0,2026-04-29T14:30:26.695680,4.204
2026-04-29T14:29:26.736546,35.49,0,37.65,0.0,1000.0,0.0,4.199,97.7,99,0,60.0,2026-04-29T14:30:26.736408,4.204
2026-04-29T14:29:26.771835,35.49,0,37.66,0.0,1000.0,0.0,4.199,97.7,99,0,60.0,2026-04-29T14:30:26.771708,4.204
2026-04-29T14:29:27.791390,35.54,0,37.7,0.0,1000.0,0.0,4.199,97.6,99,0,60.0,2026-04-29T14:30:27.778967,4.204
2026-04-29T14:29:27.837913,35.54,0,37.71,0.0,1000.0,0.0,4.199,97.6,99,0,60.0,2026-04-29T14:30:27.837776,4.204
2026-04-29T14:29:27.872632,35.54,0,37.71,0.0,1000.0,0.0,4.199,97.6,99,0,60.0,2026-04-29T14:30:27.872512,4.204
2026-04-29T14:29:28.792642,35.6,0,37.76,0.0,1000.0,0.0,4.199,97.6,99,0,60.0,2026-04-29T14:30:28.792476,4.204
2026-04-29T14:29:28.827421,35.6,0,37.77,0.0,1000.0,0.0,4.199,97.6,99,0,60.0,2026-04-29T14:30:28.827333,4.204
2026-04-29T14:29:29.804913,35.6,0,37.8,0.0,1000.0,0.0,4.199,97.6,99,0,60.0,2026-04-29T14:30:29.804734,4.204
2026-04-29T14:29:29.839712,35.65,0,37.82,0.0,1000.0,0.0,4.199,97.6,99,0,60.0,2026-04-29T14:30:29.839601,4.204
2026-04-29T14:29:29.873635,35.65,0,37.82,0.0,1000.0,0.0,4.199,97.6,99,0,60.0,2026-04-29T14:30:29.873507,4.204
2026-04-29T14:29:30.865848,35.71,0,37.86,0.0,1000.0,0.0,4.199,97.6,99,0,60.0,2026-04-29T14:30:30.865633,4.204
2026-04-29T14:29:30.905574,35.71,0,37.88,0.0,1000.0,0.0,4.199,97.6,99,0,60.0,2026-04-29T14:30:30.905438,4.204
2026-04-29T14:29:30.941514,35.71,0,37.88,0.0,1000.0,0.0,4.199,97.6,99,0,60.0,2026-04-29T14:30:30.941394,4.204
2026-04-29T14:29:31.912400,35.78,0,37.93,0.0,1000.0,0.0,4.199,97.6,99,0,60.0,2026-04-29T14:30:31.912223,4.204
2026-04-29T14:29:31.951292,35.78,0,37.94,0.0,1000.0,0.0,4.199,97.6,99,0,60.0,2026-04-29T14:30:31.951158,4.204
2026-04-29T14:29:31.985819,35.78,0,37.95,0.0,1000.0,0.0,4.199,97.6,99,0,60.0,2026-04-29T14:30:31.985693,4.204
2026-04-29T14:29:32.985645,35.86,0,38.01,0.0,1000.0,0.0,4.199,97.6,99,0,60.0,2026-04-29T14:30:32.985471,4.204
2026-04-29T14:29:33.025817,35.86,0,38.02,0.0,1000.0,0.0,4.199,97.6,99,0,60.0,2026-04-29T14:30:33.025641,4.204
2026-04-29T14:29:33.060778,35.86,0,38.03,0.0,1000.0,0.0,4.199,97.6,99,0,60.0,2026-04-29T14:30:33.060627,4.204
2026-04-29T14:29:34.043737,35.96,0,38.1,0.0,1000.0,0.0,4.199,97.5,99,0,60.0,2026-04-29T14:30:34.043559,4.204
2026-04-29T14:29:34.083646,35.96,0,38.11,0.0,1000.0,0.0,4.199,97.5,99,0,60.0,2026-04-29T14:30:34.083466,4.204
2026-04-29T14:29:35.056737,35.96,0,38.15,0.0,1000.0,0.0,4.199,97.5,99,0,60.0,2026-04-29T14:30:35.056531,4.204
2026-04-29T14:29:35.102310,36.05,0,38.19,0.0,1000.0,0.0,4.199,97.5,99,0,60.0,2026-04-29T14:30:35.102133,4.204
2026-04-29T14:29:35.138562,36.05,0,38.21,0.0,1000.0,0.0,4.199,97.5,99,0,60.0,2026-04-29T14:30:35.138420,4.204
2026-04-29T14:29:36.122226,36.14,0,38.26,0.0,1000.0,0.0,4.199,97.5,99,0,60.0,2026-04-29T14:30:36.122046,4.204
2026-04-29T14:29:36.165930,36.14,0,38.29,0.0,1000.0,0.0,4.199,97.5,99,0,60.0,2026-04-29T14:30:36.165758,4.204
2026-04-29T14:29:36.201819,36.14,0,38.3,0.0,1000.0,0.0,4.199,97.5,99,0,60.0,2026-04-29T14:30:36.201683,4.204
2026-04-29T14:29:37.172972,36.23,0,38.36,0.0,1000.0,0.0,4.199,97.5,99,0,60.0,2026-04-29T14:30:37.172767,4.204
2026-04-29T14:29:37.214667,36.23,0,38.38,0.0,1000.0,0.0,4.199,97.5,99,0,60.0,2026-04-29T14:30:37.214521,4.204
2026-04-29T14:29:37.250570,36.23,0,38.39,0.0,1000.0,0.0,4.199,97.5,99,0,60.0,2026-04-29T14:30:37.250428,4.204
2026-04-29T14:29:38.222637,36.32,0,38.46,0.0,1000.0,0.0,4.199,97.5,99,0,60.0,2026-04-29T14:30:38.222425,4.204
2026-04-29T14:29:38.261834,36.32,0,38.48,0.0,1000.0,0.0,4.199,97.5,99,0,60.0,2026-04-29T14:30:38.261685,4.204
2026-04-29T14:29:38.298232,36.32,0,38.49,0.0,1000.0,0.0,4.199,97.5,99,0,60.0,2026-04-29T14:30:38.298042,4.204
2026-04-29T14:29:39.262759,36.41,0,38.55,0.0,1000.0,0.0,4.199,97.4,99,0,60.0,2026-04-29T14:30:39.262607,4.204
2026-04-29T14:29:39.299464,36.41,0,38.56,0.0,1000.0,0.0,4.199,97.4,99,0,60.0,2026-04-29T14:30:39.299304,4.204
2026-04-29T14:29:40.307632,36.41,0,38.6,0.0,1000.0,0.0,4.199,97.4,99,0,60.0,2026-04-29T14:30:40.307388,4.204
2026-04-29T14:29:40.353953,36.5,0,38.64,0.0,1000.0,0.0,4.199,97.4,99,0,60.0,2026-04-29T14:30:40.353753,4.204
2026-04-29T14:29:40.389759,36.5,0,38.66,0.0,1000.0,0.0,4.199,97.4,99,0,60.0,2026-04-29T14:30:40.389627,4.204
2026-04-29T14:29:41.358906,36.54,0,38.7,0.0,1000.0,0.0,4.199,97.4,99,0,60.0,2026-04-29T14:30:41.358713,4.204
2026-04-29T14:29:41.402589,36.54,0,38.71,0.0,1000.0,0.0,4.199,97.4,99,0,60.0,2026-04-29T14:30:41.402437,4.204
2026-04-29T14:29:41.437692,36.54,0,38.71,0.0,1000.0,0.0,4.199,97.4,99,0,60.0,2026-04-29T14:30:41.437567,4.204
2026-04-29T14:29:42.415883,36.62,0,38.76,0.0,1000.0,0.0,4.199,97.4,99,0,60.0,2026-04-29T14:30:42.415678,4.204
2026-04-29T14:29:42.456820,36.62,0,38.77,0.0,1000.0,0.0,4.199,97.4,99,0,60.0,2026-04-29T14:30:42.456678,4.204
2026-04-29T14:29:42.492229,36.62,0,38.78,0.0,1000.0,0.0,4.199,97.4,99,0,60.0,2026-04-29T14:30:42.492088,4.204
2026-04-29T14:29:43.460353,36.7,0,38.83,0.0,1000.0,0.0,4.199,97.4,99,0,60.0,2026-04-29T14:30:43.460188,4.204
2026-04-29T14:29:43.498912,36.7,0,38.85,0.0,1000.0,0.0,4.199,97.4,99,0,60.0,2026-04-29T14:30:43.498745,4.204
2026-04-29T14:29:43.534509,36.7,0,38.86,0.0,1000.0,0.0,4.199,97.4,99,0,60.0,2026-04-29T14:30:43.534355,4.204
2026-04-29T14:29:44.521540,36.75,0,38.91,0.0,1000.0,0.0,4.199,97.4,99,0,60.0,2026-04-29T14:30:44.521342,4.204
2026-04-29T14:29:44.558843,36.75,0,38.91,0.0,1000.0,0.0,4.199,97.4,99,0,60.0,2026-04-29T14:30:44.558694,4.204
2026-04-29T14:29:45.543597,36.75,0,38.95,0.0,1000.0,0.0,4.199,97.4,99,0,60.0,2026-04-29T14:30:45.543379,4.204
2026-04-29T14:29:45.590175,36.81,0,38.96,0.0,1000.0,0.0,4.199,97.4,99,0,60.0,2026-04-29T14:30:45.590003,4.204
2026-04-29T14:29:45.625775,36.81,0,38.97,0.0,1000.0,0.0,4.199,97.4,99,0,60.0,2026-04-29T14:30:45.625629,4.204
2026-04-29T14:29:46.599371,36.87,0,39.0,0.0,1000.0,0.0,4.199,97.3,99,0,60.0,2026-04-29T14:30:46.599068,4.204
2026-04-29T14:29:46.641901,36.87,0,39.02,0.0,1000.0,0.0,4.199,97.3,99,0,60.0,2026-04-29T14:30:46.641761,4.204
2026-04-29T14:29:46.677197,36.87,0,39.03,0.0,1000.0,0.0,4.199,97.3,99,0,60.0,2026-04-29T14:30:46.677062,4.204
2026-04-29T14:29:47.645740,36.9,0,39.06,0.0,1000.0,0.0,4.199,97.3,99,0,60.0,2026-04-29T14:30:47.645558,4.204
2026-04-29T14:29:47.688186,36.9,0,39.06,0.0,1000.0,0.0,4.199,97.3,99,0,60.0,2026-04-29T14:30:47.688059,4.204
2026-04-29T14:29:47.743217,36.9,0,39.07,0.0,1000.0,0.0,4.199,97.3,99,0,60.0,2026-04-29T14:30:47.731181,4.204
2026-04-29T14:29:48.697911,36.96,0,39.11,0.0,1000.0,0.0,4.199,97.3,99,0,60.0,2026-04-29T14:30:48.697716,4.204
2026-04-29T14:29:48.736037,36.96,0,39.12,0.0,1000.0,0.0,4.199,97.3,99,0,60.0,2026-04-29T14:30:48.735911,4.204
2026-04-29T14:29:48.770936,36.96,0,39.12,0.0,1000.0,0.0,4.199,97.3,99,0,60.0,2026-04-29T14:30:48.770789,4.204
2026-04-29T14:29:49.812517,37.02,0,39.17,0.0,1000.0,0.0,4.199,97.3,99,0,60.0,2026-04-29T14:30:49.812299,4.204
2026-04-29T14:29:49.848492,37.02,0,39.18,0.0,1000.0,0.0,4.199,97.3,99,0,60.0,2026-04-29T14:30:49.848361,4.204
2026-04-29T14:29:50.780631,37.02,0,39.21,0.0,1000.0,0.0,4.199,97.3,99,0,60.0,2026-04-29T14:30:50.780426,4.204
2026-04-29T14:29:50.821049,37.09,0,39.24,0.0,1000.0,0.0,4.199,97.3,99,0,60.0,2026-04-29T14:30:50.820935,4.204
2026-04-29T14:29:50.854833,37.09,0,39.25,0.0,1000.0,0.0,4.199,97.3,99,0,60.0,2026-04-29T14:30:50.854718,4.204
2026-04-29T14:29:51.814430,37.17,0,39.29,0.0,1000.0,0.0,4.199,97.3,99,0,60.0,2026-04-29T14:30:51.814255,4.204
2026-04-29T14:29:51.848216,37.17,0,39.32,0.0,1000.0,0.0,4.199,97.3,99,0,60.0,2026-04-29T14:30:51.848092,4.204
2026-04-29T14:29:51.883410,37.17,0,39.33,0.0,1000.0,0.0,4.199,97.3,99,0,60.0,2026-04-29T14:30:51.883294,4.204
2026-04-29T14:29:52.873944,37.23,0,39.37,0.0,1000.0,0.0,4.199,97.3,99,0,60.0,2026-04-29T14:30:52.873773,4.204
2026-04-29T14:29:52.915536,37.23,0,39.39,0.0,1000.0,0.0,4.199,97.3,99,0,60.0,2026-04-29T14:30:52.915343,4.204
2026-04-29T14:29:52.951458,37.23,0,39.39,0.0,1000.0,0.0,4.199,97.3,99,0,60.0,2026-04-29T14:30:52.951318,4.204
2026-04-29T14:29:53.920836,37.31,0,39.44,0.0,1000.0,0.0,4.199,97.3,99,0,60.0,2026-04-29T14:30:53.920681,4.204
2026-04-29T14:29:53.955857,37.31,0,39.46,0.0,1000.0,0.0,4.199,97.2,99,0,60.0,2026-04-29T14:30:53.955741,4.204
2026-04-29T14:29:53.990107,37.31,0,39.46,0.0,1000.0,0.0,4.199,97.2,99,0,60.0,2026-04-29T14:30:53.989967,4.204
2026-04-29T14:29:55.000776,37.33,0,39.5,0.0,1000.0,0.0,4.199,97.2,99,0,60.0,2026-04-29T14:30:55.000553,4.204
2026-04-29T14:29:55.038718,37.33,0,39.5,0.0,1000.0,0.0,4.199,97.2,99,0,60.0,2026-04-29T14:30:55.038557,4.204
2026-04-29T14:29:56.002108,37.33,0,39.52,0.0,1000.0,0.0,4.199,97.2,99,0,60.0,2026-04-29T14:30:56.001947,4.204
2026-04-29T14:29:56.037328,37.38,0,39.54,0.0,1000.0,0.0,4.199,97.2,99,0,60.0,2026-04-29T14:30:56.037197,4.204
2026-04-29T14:29:56.071854,37.38,0,39.54,0.0,1000.0,0.0,4.199,97.2,99,0,60.0,2026-04-29T14:30:56.071690,4.204
2026-04-29T14:29:57.079975,37.4,0,39.57,0.0,1000.0,0.0,4.199,97.2,99,0,60.0,2026-04-29T14:30:57.079772,4.204
2026-04-29T14:29:57.123724,37.4,0,39.57,0.0,1000.0,0.0,4.199,97.2,99,0,60.0,2026-04-29T14:30:57.123552,4.204
2026-04-29T14:29:57.159599,37.4,0,39.57,0.0,1000.0,0.0,4.199,97.2,99,0,60.0,2026-04-29T14:30:57.159481,4.204
2026-04-29T14:29:58.133543,37.42,0,39.6,0.0,1000.0,0.0,4.199,97.2,99,0,60.0,2026-04-29T14:30:58.133342,4.204
2026-04-29T14:29:58.174706,37.42,0,39.59,0.0,1000.0,0.0,4.199,97.2,99,0,60.0,2026-04-29T14:30:58.174561,4.204
2026-04-29T14:29:58.209403,37.42,0,39.59,0.0,1000.0,0.0,4.199,97.2,99,0,60.0,2026-04-29T14:30:58.209271,4.204
2026-04-29T14:29:59.189331,37.45,0,39.62,0.0,1000.0,0.0,4.199,97.2,99,0,60.0,2026-04-29T14:30:59.189185,4.204
2026-04-29T14:29:59.228387,37.45,0,39.62,0.0,1000.0,0.0,4.199,97.2,99,0,60.0,2026-04-29T14:30:59.228237,4.204
2026-04-29T14:29:59.264661,37.45,0,39.62,0.0,1000.0,0.0,4.199,97.2,99,0,60.0,2026-04-29T14:30:59.264485,4.204
2026-04-29T14:30:00.240585,37.48,0,39.65,0.0,1000.0,0.0,4.199,97.2,99,0,60.0,2026-04-29T14:31:00.240400,4.204
2026-04-29T14:30:00.290524,37.48,0,39.65,0.0,1000.0,0.0,4.199,97.2,99,0,60.0,2026-04-29T14:31:00.290387,4.204
2026-04-29T14:30:01.262965,37.48,0,39.68,0.0,1000.0,0.0,4.199,97.2,99,0,60.0,2026-04-29T14:31:01.262734,4.204
2026-04-29T14:30:01.307914,37.5,0,39.68,0.0,1000.0,0.0,4.199,97.2,99,0,60.0,2026-04-29T14:31:01.307759,4.204
2026-04-29T14:30:01.343030,37.5,0,39.67,0.0,1000.0,0.0,4.199,97.2,99,0,60.0,2026-04-29T14:31:01.342890,4.204
2026-04-29T14:30:02.317860,37.51,0,39.7,0.0,1000.0,0.0,4.199,97.2,99,0,60.0,2026-04-29T14:31:02.317660,4.204
2026-04-29T14:30:02.359880,37.51,0,39.69,0.0,1000.0,0.0,4.199,97.2,99,0,60.0,2026-04-29T14:31:02.359747,4.204
2026-04-29T14:30:02.395772,37.51,0,39.69,0.0,1000.0,0.0,4.199,97.2,99,0,60.0,2026-04-29T14:31:02.395586,4.204
2026-04-29T14:30:03.367490,37.55,0,39.72,0.0,1000.0,0.0,4.199,97.2,99,0,60.0,2026-04-29T14:31:03.367287,4.204
2026-04-29T14:30:03.406586,37.55,0,39.72,0.0,1000.0,0.0,4.199,97.2,99,0,60.0,2026-04-29T14:31:03.406448,4.204
2026-04-29T14:30:03.441312,37.55,0,39.72,0.0,1000.0,0.0,4.199,97.2,99,0,60.0,2026-04-29T14:31:03.441192,4.204
2026-04-29T14:30:04.426501,37.59,0,39.75,0.0,1000.0,0.0,4.199,97.2,99,0,60.0,2026-04-29T14:31:04.426334,4.204
2026-04-29T14:30:04.465852,37.59,0,39.76,0.0,1000.0,0.0,4.199,97.2,99,0,60.0,2026-04-29T14:31:04.465693,4.204
2026-04-29T14:30:04.500705,37.59,0,39.76,0.0,1000.0,0.0,4.199,97.2,99,0,60.0,2026-04-29T14:31:04.500547,4.204
2026-04-29T14:30:05.477802,37.64,0,39.8,0.0,1000.0,0.0,4.199,97.2,99,0,60.0,2026-04-29T14:31:05.477653,4.204
2026-04-29T14:30:05.516722,37.64,0,39.81,0.0,1000.0,0.0,4.199,97.2,99,0,60.0,2026-04-29T14:31:05.516562,4.204
2026-04-29T14:30:06.500909,37.64,0,39.84,0.0,1000.0,0.0,4.199,97.2,99,0,60.0,2026-04-29T14:31:06.500673,4.204
2026-04-29T14:30:06.545184,37.68,0,39.85,0.0,1000.0,0.0,4.199,97.2,99,0,60.0,2026-04-29T14:31:06.544966,4.204
2026-04-29T14:30:06.580355,37.68,0,39.85,0.0,1000.0,0.0,4.199,97.2,99,0,60.0,2026-04-29T14:31:06.580197,4.204
2026-04-29T14:30:07.554344,37.74,0,39.88,0.0,1000.0,0.0,4.199,97.1,99,0,60.0,2026-04-29T14:31:07.554128,4.204
2026-04-29T14:30:07.597275,37.74,0,39.9,0.0,1000.0,0.0,4.199,97.1,99,0,60.0,2026-04-29T14:31:07.597110,4.204
2026-04-29T14:30:07.632378,37.74,0,39.9,0.0,1000.0,0.0,4.199,97.1,99,0,60.0,2026-04-29T14:31:07.632226,4.204
2026-04-29T14:30:08.609346,37.81,0,39.94,0.0,1000.0,0.0,4.199,97.1,99,0,60.0,2026-04-29T14:31:08.609161,4.204
2026-04-29T14:30:08.651360,37.81,0,39.96,0.0,1000.0,0.0,4.199,97.1,99,0,60.0,2026-04-29T14:31:08.651258,4.204
2026-04-29T14:30:08.687378,37.81,0,39.97,0.0,1000.0,0.0,4.199,97.1,99,0,60.0,2026-04-29T14:31:08.687255,4.204
2026-04-29T14:30:09.663249,37.89,0,40.02,0.0,1000.0,0.0,4.199,97.1,99,0,60.0,2026-04-29T14:31:09.662961,4.204
2026-04-29T14:30:09.704545,37.89,0,40.04,0.0,1000.0,0.0,4.199,97.1,99,0,60.0,2026-04-29T14:31:09.704125,4.204
2026-04-29T14:30:09.800603,37.89,0,40.05,0.0,1000.0,0.0,4.199,97.1,99,0,60.0,2026-04-29T14:31:09.800426,4.204
2026-04-29T14:30:10.716575,37.95,0,40.1,0.0,1000.0,0.0,4.199,97.1,99,0,60.0,2026-04-29T14:31:10.716369,4.204
2026-04-29T14:30:10.754332,37.95,0,40.11,0.0,1000.0,0.0,4.199,97.1,99,0,60.0,2026-04-29T14:31:10.754212,4.204
2026-04-29T14:30:11.756526,37.95,0,40.14,0.0,1000.0,0.0,4.199,97.1,99,0,60.0,2026-04-29T14:31:11.731312,4.204
2026-04-29T14:30:11.814753,38.02,0,40.17,0.0,1000.0,0.0,4.199,97.1,99,0,60.0,2026-04-29T14:31:11.814611,4.204
2026-04-29T14:30:11.850056,38.02,0,40.18,0.0,1000.0,0.0,4.199,97.1,99,0,60.0,2026-04-29T14:31:11.849905,4.204
2026-04-29T14:30:12.787945,38.1,0,40.22,0.0,1000.0,0.0,4.199,97.1,99,0,60.0,2026-04-29T14:31:12.787785,4.204
2026-04-29T14:30:12.828019,38.1,0,40.25,0.0,1000.0,0.0,4.199,97.1,99,0,60.0,2026-04-29T14:31:12.827878,4.204
2026-04-29T14:30:12.861781,38.1,0,40.26,0.0,1000.0,0.0,4.199,97.1,99,0,60.0,2026-04-29T14:31:12.861637,4.204
2026-04-29T14:30:13.818594,38.17,0,40.3,0.0,1000.0,0.0,4.199,97.0,99,0,60.0,2026-04-29T14:31:13.818466,4.204
2026-04-29T14:30:13.854699,38.17,0,40.32,0.0,1000.0,0.0,4.199,97.0,99,0,60.0,2026-04-29T14:31:13.854565,4.204
2026-04-29T14:30:13.889831,38.17,0,40.33,0.0,1000.0,0.0,4.199,97.0,99,0,60.0,2026-04-29T14:31:13.889719,4.204
2026-04-29T14:30:14.903598,38.26,0,40.39,0.0,1000.0,0.0,4.199,97.0,99,0,60.0,2026-04-29T14:31:14.903248,4.204
2026-04-29T14:30:14.952882,38.26,0,40.41,0.0,1000.0,0.0,4.199,97.0,99,0,60.0,2026-04-29T14:31:14.952748,4.204
2026-04-29T14:30:15.007043,38.26,0,40.41,0.0,1000.0,0.0,4.199,97.0,99,0,60.0,2026-04-29T14:31:15.006910,4.204
2026-04-29T14:30:15.939642,38.34,0,40.47,0.0,1000.0,0.0,4.199,97.0,99,0,60.0,2026-04-29T14:31:15.939507,4.204
2026-04-29T14:30:15.975842,38.34,0,40.49,0.0,1000.0,0.0,4.199,97.0,99,0,60.0,2026-04-29T14:31:15.975711,4.204
2026-04-29T14:30:16.954277,38.34,0,40.52,0.0,1000.0,0.0,4.199,97.0,99,0,60.0,2026-04-29T14:31:16.954134,4.204
2026-04-29T14:30:16.988724,38.42,0,40.56,0.0,1000.0,0.0,4.199,97.0,99,0,60.0,2026-04-29T14:31:16.988602,4.204
2026-04-29T14:30:17.021749,38.42,0,40.57,0.0,1000.0,0.0,4.199,97.0,99,0,60.0,2026-04-29T14:31:17.021631,4.204
2026-04-29T14:30:18.022245,38.49,0,40.62,0.0,1000.0,0.0,4.199,97.0,99,0,60.0,2026-04-29T14:31:18.022065,4.204
2026-04-29T14:30:18.061030,38.49,0,40.64,0.0,1000.0,0.0,4.199,97.0,99,0,60.0,2026-04-29T14:31:18.060904,4.204
2026-04-29T14:30:18.094036,38.49,0,40.65,0.0,1000.0,0.0,4.199,97.0,99,0,60.0,2026-04-29T14:31:18.093916,4.204
2026-04-29T14:30:19.065551,38.55,0,40.69,0.0,1000.0,0.0,4.199,97.0,99,0,60.0,2026-04-29T14:31:19.065372,4.204
2026-04-29T14:30:19.099605,38.55,0,40.71,0.0,1000.0,0.0,4.199,97.0,99,0,60.0,2026-04-29T14:31:19.099502,4.204
2026-04-29T14:30:19.133445,38.55,0,40.71,0.0,1000.0,0.0,4.199,97.0,99,0,60.0,2026-04-29T14:31:19.133326,4.204
2026-04-29T14:30:20.113383,38.63,0,40.77,0.0,1000.0,0.0,4.199,96.9,99,0,60.0,2026-04-29T14:31:20.113217,4.204
2026-04-29T14:30:20.147956,38.63,0,40.78,0.0,1000.0,0.0,4.199,96.9,99,0,60.0,2026-04-29T14:31:20.147842,4.204
2026-04-29T14:30:20.181878,38.63,0,40.79,0.0,1000.0,0.0,4.199,96.9,99,0,60.0,2026-04-29T14:31:20.181750,4.204
2026-04-29T14:30:21.173261,38.69,0,40.84,0.0,1000.0,0.0,4.199,96.9,99,0,60.0,2026-04-29T14:31:21.173111,4.204
2026-04-29T14:30:21.207007,38.69,0,40.85,0.0,1000.0,0.0,4.199,96.9,99,0,60.0,2026-04-29T14:31:21.206879,4.204
2026-04-29T14:30:22.218992,38.69,0,40.88,0.0,1000.0,0.0,4.199,96.9,99,0,60.0,2026-04-29T14:31:22.218743,4.204
2026-04-29T14:30:22.260596,38.76,0,40.9,0.0,1000.0,0.0,4.199,96.9,99,0,60.0,2026-04-29T14:31:22.260459,4.204
2026-04-29T14:30:22.293615,38.76,0,40.91,0.0,1000.0,0.0,4.199,96.9,99,0,60.0,2026-04-29T14:31:22.293483,4.205
2026-04-29T14:30:23.263995,38.82,0,40.95,0.0003,1000.0,0.0,4.199,96.9,99,0,60.0,2026-04-29T14:31:23.263797,4.205
2026-04-29T14:30:23.302426,38.82,0.0025,40.97,0.002,1000.0,0.0,4.199,96.9,99,0,60.0,2026-04-29T14:31:23.302320,4.205
2026-04-29T14:30:23.335529,38.82,0.0025,40.98,0.0032,1000.0,0.0,4.199,96.9,99,0,60.0,2026-04-29T14:31:23.335440,4.205
2026-04-29T14:30:24.306044,38.88,0,41.01,0.0038,1000.0,0.0,4.199,96.9,99,0,60.0,2026-04-29T14:31:24.305911,4.205
2026-04-29T14:30:24.341141,38.88,0,41.02,0.0014,1000.0,0.0,4.199,96.9,99,0,60.0,2026-04-29T14:31:24.341021,4.205
2026-04-29T14:30:24.373790,38.88,0,41.03,0.0008,1000.0,0.0,4.199,96.9,99,0,60.0,2026-04-29T14:31:24.373695,4.205
2026-04-29T14:30:25.367169,38.92,0,41.07,0.0,1000.0,0.0,4.199,96.9,99,0,60.0,2026-04-29T14:31:25.367009,4.205
2026-04-29T14:30:25.403230,38.92,0,41.07,0.0,1000.0,0.0,4.199,96.9,99,0,60.0,2026-04-29T14:31:25.403106,4.205
2026-04-29T14:30:25.436255,38.92,0,41.08,0.0,1000.0,0.0,4.199,96.9,99,0,60.0,2026-04-29T14:31:25.436160,4.205
2026-04-29T14:30:26.405086,39.0,0,41.13,0.0,1000.0,0.0,4.199,96.9,99,0,60.0,2026-04-29T14:31:26.404946,4.205
2026-04-29T14:30:26.437869,39.0,0,41.14,0.0,1000.0,0.0,4.199,96.9,99,0,60.0,2026-04-29T14:31:26.437782,4.205
2026-04-29T14:30:27.431862,39.0,0,41.18,0.001,1000.0,0.0,4.199,96.9,99,0,60.0,2026-04-29T14:31:27.431709,4.205
2026-04-29T14:30:27.470885,39.04,0.0027,41.19,0.0019,1000.0,0.0,4.199,96.9,99,0,60.0,2026-04-29T14:31:27.470738,4.205
2026-04-29T14:30:27.504121,39.04,0.0027,41.2,0.0034,1000.0,0.0,4.199,96.9,99,0,60.0,2026-04-29T14:31:27.504027,4.205
2026-04-29T14:30:28.492072,39.1,0.0027,41.23,0.0046,1000.0,0.0,4.199,96.8,99,0,60.0,2026-04-29T14:31:28.491904,4.205
2026-04-29T14:30:28.529935,39.1,0.0025,41.25,0.0051,1000.0,0.0,4.199,96.8,99,0,60.0,2026-04-29T14:31:28.529803,4.205
2026-04-29T14:30:28.562997,39.1,0.0025,41.26,0.0052,1000.0,0.0,4.199,96.8,99,0,60.0,2026-04-29T14:31:28.562889,4.205
2026-04-29T14:30:29.533283,39.18,0.0009,41.3,0.0052,1000.0,0.0,4.199,96.8,99,0,60.0,2026-04-29T14:31:29.533128,4.205
2026-04-29T14:30:29.567241,39.18,0,41.32,0.0003,1000.0,0.0,4.199,96.8,99,0,60.0,2026-04-29T14:31:29.567122,4.205
2026-04-29T14:30:29.600122,39.18,0,41.32,0.0,1000.0,0.0,4.199,96.8,99,0,60.0,2026-04-29T14:31:29.600020,4.205
2026-04-29T14:30:30.596681,39.24,0,41.37,0.0,1000.0,0.0,4.199,96.8,99,0,60.0,2026-04-29T14:31:30.596429,4.205
2026-04-29T14:30:30.633044,39.24,0,41.38,0.0,1000.0,0.0,4.199,96.8,99,0,60.0,2026-04-29T14:31:30.632914,4.205
2026-04-29T14:30:30.667475,39.24,0,41.39,0.0,1000.0,0.0,4.199,96.8,99,0,60.0,2026-04-29T14:31:30.667345,4.205
2026-04-29T14:30:31.664014,39.31,0,41.44,0.0,1000.0,0.0,4.199,96.8,99,0,60.0,2026-04-29T14:31:31.663847,4.205
2026-04-29T14:30:31.701694,39.31,0,41.45,0.0,1000.0,0.0,4.199,96.8,99,0,60.0,2026-04-29T14:31:31.701541,4.205
2026-04-29T14:30:32.671873,39.31,0,41.49,0.0,1000.0,0.0,4.199,96.8,99,0,60.0,2026-04-29T14:31:32.671734,4.205
2026-04-29T14:30:32.707968,39.38,0,41.52,0.0,1000.0,0.0,4.199,96.8,99,0,60.0,2026-04-29T14:31:32.707844,4.205
2026-04-29T14:30:32.796200,39.38,0,41.53,0.0001,1000.0,0.0,4.199,96.8,99,0,60.0,2026-04-29T14:31:32.796029,4.205
2026-04-29T14:30:33.721263,39.47,0,41.57,0.0003,1000.0,0.0,4.199,96.8,99,0,60.0,2026-04-29T14:31:33.721132,4.205
2026-04-29T14:30:33.755140,39.47,0,41.6,0.0,1000.0,0.0,4.199,96.8,99,0,60.0,2026-04-29T14:31:33.755019,4.205
2026-04-29T14:30:33.788372,39.47,0,41.61,0.0,1000.0,0.0,4.199,96.8,99,0,60.0,2026-04-29T14:31:33.788269,4.205
2026-04-29T14:30:34.847231,39.54,0,41.67,0.0,1000.0,0.0,4.199,96.7,99,0,60.0,2026-04-29T14:31:34.847101,4.205
2026-04-29T14:30:34.893393,39.54,0,41.68,0.0,1000.0,0.0,4.199,96.7,99,0,60.0,2026-04-29T14:31:34.893084,4.205
2026-04-29T14:30:34.988422,39.54,0,41.69,0.0,1000.0,0.0,4.199,96.7,99,0,60.0,2026-04-29T14:31:34.988332,4.205
2026-04-29T14:30:35.835576,39.62,0,41.74,0.0,1000.0,0.0,4.199,96.7,99,0,60.0,2026-04-29T14:31:35.835431,4.205
2026-04-29T14:30:35.870128,39.62,0,41.76,0.0,1000.0,0.0,4.199,96.7,99,0,60.0,2026-04-29T14:31:35.870010,4.205
2026-04-29T14:30:35.903412,39.62,0,41.76,0.0,1000.0,0.0,4.199,96.7,99,0,60.0,2026-04-29T14:31:35.903288,4.205
2026-04-29T14:30:36.882158,39.69,0,41.82,0.0004,1000.0,0.0,4.199,96.7,99,0,60.0,2026-04-29T14:31:36.881968,4.205
2026-04-29T14:30:36.922377,39.69,0,41.83,0.0014,1000.0,0.0,4.199,96.7,99,0,60.0,2026-04-29T14:31:36.922232,4.205
2026-04-29T14:30:37.936454,39.69,0,41.87,0.0021,1000.0,0.0,4.199,96.7,99,0,60.0,2026-04-29T14:31:37.936231,4.205
2026-04-29T14:30:37.978520,39.78,0,41.9,0.0009,1000.0,0.0,4.199,96.7,99,0,60.0,2026-04-29T14:31:37.978400,4.205
2026-04-29T14:30:38.011363,39.78,0,41.92,0.0017,1000.0,0.0,4.199,96.7,99,0,60.0,2026-04-29T14:31:38.011273,4.205
2026-04-29T14:30:38.978543,39.85,0,41.96,0.0024,1000.0,0.0,4.199,96.7,99,0,60.0,2026-04-29T14:31:38.978359,4.205
2026-04-29T14:30:39.017424,39.85,0,41.99,0.0019,1000.0,0.0,4.199,96.7,99,0,60.0,2026-04-29T14:31:39.017310,4.205
2026-04-29T14:30:39.050793,39.85,0,42.0,0.0023,1000.0,0.0,4.199,96.7,99,0,60.0,2026-04-29T14:31:39.050697,4.205
2026-04-29T14:30:40.046183,39.94,0,42.05,0.0018,1000.0,0.0,4.199,96.7,99,0,60.0,2026-04-29T14:31:40.046023,4.205
2026-04-29T14:30:40.085088,39.94,0.0049,42.07,0.0037,1000.0,0.0,4.199,96.7,99,0,60.0,2026-04-29T14:31:40.084982,4.205
2026-04-29T14:30:40.118366,39.94,0.0049,42.08,0.0051,1000.0,0.0,4.199,96.7,99,0,60.0,2026-04-29T14:31:40.118277,4.205
2026-04-29T14:30:41.082600,40.01,0,42.14,0.0041,1000.0,0.0,4.199,96.6,99,0,60.0,2026-04-29T14:31:41.082438,4.205
2026-04-29T14:30:41.117858,40.01,0,42.15,0.0022,1000.0,0.0,4.199,96.6,99,0,60.0,2026-04-29T14:31:41.117736,4.205
2026-04-29T14:30:41.150982,40.01,0,42.16,0.0014,1000.0,0.0,4.199,96.6,99,0,60.0,2026-04-29T14:31:41.150874,4.205
2026-04-29T14:30:42.147399,40.08,0,42.21,0.0,1000.0,0.0,4.199,96.6,99,0,60.0,2026-04-29T14:31:42.147201,4.205
2026-04-29T14:30:42.193077,40.08,0,42.22,0.0,1000.0,0.0,4.199,96.6,99,0,60.0,2026-04-29T14:31:42.192967,4.205
2026-04-29T14:30:43.178573,40.08,0,42.26,0.0,1000.0,0.0,4.199,96.6,99,0,60.0,2026-04-29T14:31:43.178387,4.205
2026-04-29T14:30:43.221482,40.14,0.0018,42.28,0.0007,1000.0,0.0,4.199,96.6,99,0,60.0,2026-04-29T14:31:43.221370,4.205
2026-04-29T14:30:43.255543,40.14,0.0018,42.29,0.0022,1000.0,0.0,4.199,96.6,99,0,60.0,2026-04-29T14:31:43.255360,4.205
2026-04-29T14:30:44.213399,40.2,0.0018,42.32,0.0035,1000.0,0.0,4.199,96.6,99,0,60.0,2026-04-29T14:31:44.213274,4.205
2026-04-29T14:30:44.247492,40.2,0.0018,42.34,0.004,1000.0,0.0,4.199,96.6,99,0,60.0,2026-04-29T14:31:44.247388,4.205
2026-04-29T14:30:44.282155,40.2,0.0018,42.35,0.0043,1000.0,0.0,4.199,96.6,99,0,60.0,2026-04-29T14:31:44.282046,4.205
2026-04-29T14:30:45.257056,40.24,0,42.38,0.004,1000.0,0.0,4.199,96.6,99,0,60.0,2026-04-29T14:31:45.256922,4.205
2026-04-29T14:30:45.293607,40.24,0.0058,42.39,0.0056,1000.0,0.0,4.199,96.6,99,0,60.0,2026-04-29T14:31:45.293494,4.205
2026-04-29T14:30:45.327772,40.24,0.0058,42.39,0.0067,1000.0,0.0,4.199,96.6,99,0,60.0,2026-04-29T14:31:45.327664,4.205
2026-04-29T14:30:46.319437,40.29,0.0058,42.43,0.007,1000.0,0.0,4.199,96.6,99,0,60.0,2026-04-29T14:31:46.319317,4.205
2026-04-29T14:30:46.355128,40.29,0.0058,42.44,0.0078,1000.0,0.0,4.199,96.6,99,0,60.0,2026-04-29T14:31:46.355032,4.205
2026-04-29T14:30:46.389190,40.29,0.0058,42.45,0.0082,1000.0,0.0,4.199,96.6,99,0,60.0,2026-04-29T14:31:46.389096,4.205
2026-04-29T14:30:47.365408,40.35,0,42.49,0.0051,1000.0,0.0,4.199,96.6,99,0,60.0,2026-04-29T14:31:47.365260,4.205
2026-04-29T14:30:47.398918,40.35,0,42.5,0.003,1000.0,0.0,4.199,96.6,99,0,60.0,2026-04-29T14:31:47.398807,4.205
2026-04-29T14:30:48.405838,40.35,0,42.53,0.0015,1000.0,0.0,4.199,96.6,99,0,60.0,2026-04-29T14:31:48.405681,4.205
2026-04-29T14:30:48.447649,40.35,0,42.52,0.0008,1000.0,0.0,4.199,96.6,99,0,60.0,2026-04-29T14:31:48.447504,4.205
2026-04-29T14:30:48.486579,40.35,0,42.52,0.0009,1000.0,0.0,4.199,96.6,99,0,60.0,2026-04-29T14:31:48.486452,4.205
2026-04-29T14:30:49.478541,40.38,0,42.54,0.0011,1000.0,0.0,4.199,96.6,99,0,60.0,2026-04-29T14:31:49.478072,4.205
2026-04-29T14:30:49.531409,40.38,0,42.54,0.0007,1000.0,0.0,4.199,96.6,99,0,60.0,2026-04-29T14:31:49.531240,4.205
2026-04-29T14:30:49.569507,40.38,0,42.55,0.0009,1000.0,0.0,4.199,96.6,99,0,60.0,2026-04-29T14:31:49.569379,4.205
2026-04-29T14:30:50.523295,40.41,0,42.57,0.0003,1000.0,0.0,4.199,96.5,99,0,60.0,2026-04-29T14:31:50.523083,4.205
2026-04-29T14:30:50.565697,40.41,0,42.57,0.0,1000.0,0.0,4.199,96.5,99,0,60.0,2026-04-29T14:31:50.565560,4.205
2026-04-29T14:30:50.611719,40.41,0,42.57,0.0,1000.0,0.0,4.199,96.5,99,0,60.0,2026-04-29T14:31:50.611418,4.205
2026-04-29T14:30:51.580267,40.43,0,42.6,0.0,1000.0,0.0,4.199,96.5,99,0,60.0,2026-04-29T14:31:51.580058,4.205
2026-04-29T14:30:51.619091,40.43,0.0034,42.6,0.0027,1000.0,0.0,4.199,96.5,99,0,60.0,2026-04-29T14:31:51.618953,4.205
2026-04-29T14:30:51.653637,40.43,0.0034,42.6,0.004,1000.0,0.0,4.199,96.5,99,0,60.0,2026-04-29T14:31:51.653511,4.205
2026-04-29T14:30:52.635397,40.45,0.0034,42.62,0.0047,1000.0,0.0,4.199,96.5,99,0,60.0,2026-04-29T14:31:52.635232,4.205
2026-04-29T14:30:52.672971,40.45,0.0034,42.62,0.0054,1000.0,0.0,4.199,96.5,99,0,60.0,2026-04-29T14:31:52.672836,4.205
2026-04-29T14:30:53.654009,40.45,0.0034,42.64,0.0059,1000.0,0.0,4.199,96.5,99,0,60.0,2026-04-29T14:31:53.653804,4.205
2026-04-29T14:30:53.712859,40.48,0.0051,42.65,0.0052,1000.0,0.0,4.199,96.5,99,0,60.0,2026-04-29T14:31:53.712719,4.205
2026-04-29T14:30:53.802087,40.48,0.0051,42.65,0.0063,1000.0,0.0,4.199,96.5,99,0,60.0,2026-04-29T14:31:53.792181,4.205
2026-04-29T14:30:54.711134,40.49,0.0051,42.67,0.0073,1000.0,0.0,4.199,96.5,99,0,60.0,2026-04-29T14:31:54.710931,4.205
2026-04-29T14:30:54.753545,40.49,0.0025,42.66,0.0059,1000.0,0.0,4.199,96.5,99,0,60.0,2026-04-29T14:31:54.753404,4.205
2026-04-29T14:30:54.788219,40.49,0.0025,42.66,0.0058,1000.0,0.0,4.199,96.5,99,0,60.0,2026-04-29T14:31:54.788072,4.205
2026-04-29T14:30:55.793570,40.53,0,42.69,0.005,1000.0,0.0,4.199,96.5,99,0,60.0,2026-04-29T14:31:55.793349,4.205
2026-04-29T14:30:55.829869,40.53,0,42.69,0.0033,1000.0,0.0,4.199,96.5,99,0,60.0,2026-04-29T14:31:55.829763,4.205
2026-04-29T14:30:55.863678,40.53,0,42.69,0.0026,1000.0,0.0,4.199,96.5,99,0,60.0,2026-04-29T14:31:55.863540,4.205
2026-04-29T14:30:56.815762,40.55,0,42.71,0.0015,1000.0,0.0,4.199,96.5,99,0,60.0,2026-04-29T14:31:56.815607,4.205
2026-04-29T14:30:56.852400,40.55,0,42.71,0.0009,1000.0,0.0,4.199,96.5,99,0,60.0,2026-04-29T14:31:56.852276,4.205
2026-04-29T14:30:56.888071,40.55,0,42.71,0.0006,1000.0,0.0,4.199,96.5,99,0,60.0,2026-04-29T14:31:56.887913,4.205
2026-04-29T14:30:57.848894,40.57,0,42.73,0.0002,1000.0,0.0,4.199,96.5,99,0,60.0,2026-04-29T14:31:57.848730,4.205
2026-04-29T14:30:57.883299,40.57,0,42.73,0.0013,1000.0,0.0,4.199,96.5,99,0,60.0,2026-04-29T14:31:57.883190,4.205
2026-04-29T14:30:58.884118,40.57,0,42.76,0.0021,1000.0,0.0,4.199,96.5,99,0,60.0,2026-04-29T14:31:58.883949,4.205
2026-04-29T14:30:58.929013,40.59,0,42.75,0.0,1000.0,0.0,4.199,96.5,99,0,60.0,2026-04-29T14:31:58.928846,4.205
2026-04-29T14:30:58.964743,40.59,0,42.75,0.0,1000.0,0.0,4.199,96.5,99,0,60.0,2026-04-29T14:31:58.964567,4.205
2026-04-29T14:30:59.928015,40.61,0,42.78,0.0,1000.0,0.0,4.199,96.5,99,0,60.0,2026-04-29T14:31:59.927758,4.205
2026-04-29T14:30:59.969048,40.61,0,42.77,0.0,1000.0,0.0,4.199,96.5,99,0,60.0,2026-04-29T14:31:59.968882,4.205
2026-04-29T14:31:00.004327,40.61,0,42.77,0.0,1000.0,0.0,4.199,96.5,99,0,60.0,2026-04-29T14:32:00.004213,4.205
2026-04-29T14:31:01.004628,40.64,0,42.8,0.0,1000.0,0.0,4.199,96.5,99,0,60.0,2026-04-29T14:32:01.004425,4.205
2026-04-29T14:31:01.046782,40.64,0,42.8,0.0,1000.0,0.0,4.199,96.5,99,0,60.0,2026-04-29T14:32:01.046631,4.205
2026-04-29T14:31:01.081764,40.64,0,42.8,0.0,1000.0,0.0,4.199,96.5,99,0,60.0,2026-04-29T14:32:01.081629,4.205
2026-04-29T14:31:02.064864,40.66,0,42.82,0.001,1000.0,0.0,4.199,96.5,99,0,60.0,2026-04-29T14:32:02.064669,4.205
2026-04-29T14:31:02.104226,40.66,0,42.82,0.0012,1000.0,0.0,4.199,96.5,99,0,60.0,2026-04-29T14:32:02.104095,4.205
2026-04-29T14:31:02.139344,40.66,0,42.82,0.0012,1000.0,0.0,4.199,96.5,99,0,60.0,2026-04-29T14:32:02.139193,4.205
2026-04-29T14:31:03.116297,40.68,0.0049,42.84,0.0017,1000.0,0.0,4.199,96.5,99,0,60.0,2026-04-29T14:32:03.116179,4.205
2026-04-29T14:31:03.153538,40.68,0.0049,42.84,0.0043,1000.0,0.0,4.199,96.5,99,0,60.0,2026-04-29T14:32:03.153399,4.205
2026-04-29T14:31:04.140092,40.68,0.0049,42.87,0.0059,1000.0,0.0,4.199,96.5,99,0,60.0,2026-04-29T14:32:04.139895,4.205
2026-04-29T14:31:04.186447,40.7,0,42.87,0.0038,1000.0,0.0,4.199,96.5,99,0,60.0,2026-04-29T14:32:04.186322,4.205
2026-04-29T14:31:04.222096,40.7,0,42.86,0.0016,1000.0,0.0,4.199,96.5,99,0,60.0,2026-04-29T14:32:04.221957,4.205
2026-04-29T14:31:05.193459,40.76,0,42.89,0.0,1000.0,0.0,4.199,96.5,99,0,60.0,2026-04-29T14:32:05.193175,4.205
2026-04-29T14:31:05.236244,40.76,0,42.91,0.0,1000.0,0.0,4.199,96.5,99,0,60.0,2026-04-29T14:32:05.236087,4.205
2026-04-29T14:31:05.272378,40.76,0,42.91,0.0,1000.0,0.0,4.199,96.5,99,0,60.0,2026-04-29T14:32:05.272244,4.205
2026-04-29T14:31:06.251238,40.8,0,42.95,0.0,1000.0,0.0,4.199,96.5,99,0,60.0,2026-04-29T14:32:06.251064,4.205
2026-04-29T14:31:06.293449,40.8,0,42.96,0.0,1000.0,0.0,4.199,96.5,99,0,60.0,2026-04-29T14:32:06.293285,4.205
2026-04-29T14:31:06.328258,40.8,0,42.96,0.0,1000.0,0.0,4.199,96.5,99,0,60.0,2026-04-29T14:32:06.328116,4.205
2026-04-29T14:31:07.303503,40.85,0,43.0,0.0,1000.0,0.0,4.199,96.5,99,0,60.0,2026-04-29T14:32:07.303317,4.205
2026-04-29T14:31:07.342938,40.85,0,43.0,0.0,1000.0,0.0,4.199,96.5,99,0,60.0,2026-04-29T14:32:07.342717,4.205
2026-04-29T14:31:07.378702,40.85,0,43.01,0.0001,1000.0,0.0,4.199,96.5,99,0,60.0,2026-04-29T14:32:07.378564,4.205
2026-04-29T14:31:08.355925,40.92,0,43.06,0.0,1000.0,0.0,4.199,96.4,99,0,60.0,2026-04-29T14:32:08.355769,4.205
2026-04-29T14:31:08.393977,40.92,0,43.07,0.0,1000.0,0.0,4.199,96.4,99,0,60.0,2026-04-29T14:32:08.393821,4.205
2026-04-29T14:31:09.368803,40.92,0,43.1,0.0,1000.0,0.0,4.199,96.4,99,0,60.0,2026-04-29T14:32:09.368577,4.205
2026-04-29T14:31:09.411476,40.99,0,43.13,0.0004,1000.0,0.0,4.199,96.4,99,0,60.0,2026-04-29T14:32:09.411308,4.205
2026-04-29T14:31:09.446912,40.99,0,43.13,0.0011,1000.0,0.0,4.199,96.4,99,0,60.0,2026-04-29T14:32:09.446771,4.205
2026-04-29T14:31:10.434739,41.06,0,43.17,0.0017,1000.0,0.0,4.199,96.4,99,0,60.0,2026-04-29T14:32:10.434516,4.205
2026-04-29T14:31:10.477750,41.06,0,43.2,0.0018,1000.0,0.0,4.199,96.4,99,0,60.0,2026-04-29T14:32:10.477595,4.205
2026-04-29T14:31:10.513547,41.06,0,43.2,0.0019,1000.0,0.0,4.199,96.4,99,0,60.0,2026-04-29T14:32:10.513402,4.205
2026-04-29T14:31:11.488366,41.14,0,43.24,0.0009,1000.0,0.0,4.199,96.4,99,0,60.0,2026-04-29T14:32:11.488197,4.205
2026-04-29T14:31:11.529476,41.14,0,43.26,0.0008,1000.0,0.0,4.199,96.4,99,0,60.0,2026-04-29T14:32:11.529311,4.205
2026-04-29T14:31:11.564378,41.14,0,43.27,0.0013,1000.0,0.0,4.199,96.4,99,0,60.0,2026-04-29T14:32:11.564244,4.205
2026-04-29T14:31:12.525368,41.21,0,43.33,0.0008,1000.0,0.0,4.199,96.4,99,0,60.0,2026-04-29T14:32:12.525155,4.205
2026-04-29T14:31:12.562815,41.21,0.0018,43.34,0.0026,1000.0,0.0,4.199,96.4,99,0,60.0,2026-04-29T14:32:12.562663,4.205
2026-04-29T14:31:12.597343,41.21,0.0018,43.35,0.0033,1000.0,0.0,4.199,96.4,99,0,60.0,2026-04-29T14:32:12.597217,4.205
2026-04-29T14:31:13.595553,41.3,0.0018,43.41,0.0041,1000.0,0.0,4.199,96.3,99,0,60.0,2026-04-29T14:32:13.595371,4.205
2026-04-29T14:31:13.633842,41.3,0.0018,43.43,0.0044,1000.0,0.0,4.199,96.3,99,0,60.0,2026-04-29T14:32:13.633679,4.205
2026-04-29T14:31:14.618705,41.3,0.0018,43.47,0.0047,1000.0,0.0,4.199,96.3,99,0,60.0,2026-04-29T14:32:14.618501,4.205
2026-04-29T14:31:14.666413,41.36,0.0009,43.49,0.0042,1000.0,0.0,4.199,96.3,99,0,60.0,2026-04-29T14:32:14.666288,4.205
2026-04-29T14:31:14.702986,41.36,0.0009,43.5,0.0041,1000.0,0.0,4.199,96.3,99,0,60.0,2026-04-29T14:32:14.702843,4.205
2026-04-29T14:31:15.672840,41.45,0.0009,43.54,0.0041,1000.0,0.0,4.199,96.3,99,0,60.0,2026-04-29T14:32:15.672654,4.205
2026-04-29T14:31:15.770727,41.45,0.0025,43.57,0.0045,1000.0,0.0,4.199,96.3,99,0,60.0,2026-04-29T14:32:15.756948,4.205
2026-04-29T14:31:15.807843,41.45,0.0025,43.58,0.005,1000.0,0.0,4.199,96.3,99,0,60.0,2026-04-29T14:32:15.807695,4.205
2026-04-29T14:31:16.728636,41.52,0.0009,43.63,0.0051,1000.0,0.0,4.199,96.3,99,0,60.0,2026-04-29T14:32:16.728441,4.205
2026-04-29T14:31:16.769052,41.52,0.0027,43.65,0.0054,1000.0,0.0,4.199,96.3,99,0,60.0,2026-04-29T14:32:16.768901,4.205
2026-04-29T14:31:16.803903,41.52,0.0027,43.65,0.0055,1000.0,0.0,4.199,96.3,99,0,60.0,2026-04-29T14:32:16.803787,4.205
2026-04-29T14:31:17.794477,41.58,0.0027,43.7,0.0058,1000.0,0.0,4.199,96.3,99,0,60.0,2026-04-29T14:32:17.794305,4.205
2026-04-29T14:31:17.829207,41.58,0.0067,43.71,0.0076,1000.0,0.0,4.199,96.3,99,0,60.0,2026-04-29T14:32:17.829060,4.205
2026-04-29T14:31:17.866315,41.58,0.0067,43.72,0.0083,1000.0,0.0,4.199,96.3,99,0,60.0,2026-04-29T14:32:17.866156,4.205
2026-04-29T14:31:18.814548,41.65,0.0067,43.77,0.0084,1000.0,0.0,4.199,96.3,99,0,60.0,2026-04-29T14:32:18.814400,4.205
2026-04-29T14:31:18.849569,41.65,0.0067,43.78,0.009,1000.0,0.0,4.199,96.3,99,0,60.0,2026-04-29T14:32:18.849431,4.205
2026-04-29T14:31:19.835187,41.65,0.0067,43.82,0.0095,1000.0,0.0,4.199,96.3,99,0,60.0,2026-04-29T14:32:19.835008,4.205
2026-04-29T14:31:19.873443,41.72,0.004,43.85,0.0084,1000.0,0.0,4.199,96.3,99,0,60.0,2026-04-29T14:32:19.873255,4.205
2026-04-29T14:31:19.908179,41.72,0.004,43.86,0.008,1000.0,0.0,4.199,96.3,99,0,60.0,2026-04-29T14:32:19.908025,4.205
2026-04-29T14:31:20.905982,41.8,0.004,43.9,0.0076,1000.0,0.0,4.199,96.2,99,0,60.0,2026-04-29T14:32:20.905800,4.205
2026-04-29T14:31:20.948756,41.8,0.0051,43.93,0.0078,1000.0,0.0,4.199,96.2,99,0,60.0,2026-04-29T14:32:20.948625,4.205
2026-04-29T14:31:20.983636,41.8,0.0051,43.94,0.0079,1000.0,0.0,4.199,96.2,99,0,60.0,2026-04-29T14:32:20.983515,4.205
2026-04-29T14:31:21.958239,41.86,0.004,43.98,0.008,1000.0,0.0,4.199,96.2,99,0,60.0,2026-04-29T14:32:21.958030,4.205
2026-04-29T14:31:21.999135,41.86,0.0051,44.0,0.0081,1000.0,0.0,4.199,96.2,99,0,60.0,2026-04-29T14:32:21.998991,4.205
2026-04-29T14:31:22.034919,41.86,0.0051,44.0,0.0082,1000.0,0.0,4.199,96.2,99,0,60.0,2026-04-29T14:32:22.034749,4.205
2026-04-29T14:31:23.015175,41.94,0,44.05,0.007,1000.0,0.0,4.199,96.2,99,0,60.0,2026-04-29T14:32:23.014953,4.205
2026-04-29T14:31:23.055544,41.94,0.0009,44.07,0.0057,1000.0,0.0,4.199,96.2,99,0,60.0,2026-04-29T14:32:23.055403,4.205
2026-04-29T14:31:23.091798,41.94,0.0009,44.07,0.0052,1000.0,0.0,4.199,96.2,99,0,60.0,2026-04-29T14:32:23.091592,4.205
2026-04-29T14:31:24.073547,42.03,0.0027,44.14,0.0046,1000.0,0.0,4.199,96.2,99,0,60.0,2026-04-29T14:32:24.073220,4.205
2026-04-29T14:31:24.111611,42.03,0.0027,44.15,0.0051,1000.0,0.0,4.199,96.2,99,0,60.0,2026-04-29T14:32:24.111442,4.205
2026-04-29T14:31:25.097685,42.03,0.0027,44.19,0.0055,1000.0,0.0,4.199,96.2,99,0,60.0,2026-04-29T14:32:25.097481,4.205
2026-04-29T14:31:25.143254,42.1,0.0067,44.22,0.0066,1000.0,0.0,4.199,96.2,99,0,60.0,2026-04-29T14:32:25.143097,4.205
2026-04-29T14:31:25.178502,42.1,0.0067,44.23,0.0079,1000.0,0.0,4.199,96.2,99,0,60.0,2026-04-29T14:32:25.178367,4.205
2026-04-29T14:31:26.152855,42.18,0.0067,44.28,0.0089,1000.0,0.0,4.199,96.2,98,0,60.0,2026-04-29T14:32:26.152617,4.205
2026-04-29T14:31:26.197505,42.18,0.0067,44.3,0.0091,1000.0,0.0,4.199,96.2,98,0,60.0,2026-04-29T14:32:26.197315,4.205
2026-04-29T14:31:26.233168,42.18,0.0067,44.31,0.0094,1000.0,0.0,4.199,96.2,98,0,60.0,2026-04-29T14:32:26.233042,4.205
2026-04-29T14:31:27.206272,42.23,0.0058,44.36,0.0096,1000.0,0.0,4.199,96.1,98,0,60.0,2026-04-29T14:32:27.206074,4.205
2026-04-29T14:31:27.248139,42.23,0,44.37,0.0062,1000.0,0.0,4.199,96.1,98,0,60.0,2026-04-29T14:32:27.247986,4.205
2026-04-29T14:31:27.282841,42.23,0,44.37,0.0049,1000.0,0.0,4.199,96.1,98,0,60.0,2026-04-29T14:32:27.282701,4.205
2026-04-29T14:31:28.260690,42.31,0,44.43,0.0034,1000.0,0.0,4.199,96.1,99,0,60.0,2026-04-29T14:32:28.260489,4.205
2026-04-29T14:31:28.299740,42.31,0,44.44,0.003,1000.0,0.0,4.199,96.1,99,0,60.0,2026-04-29T14:32:28.299602,4.205
2026-04-29T14:31:28.335983,42.31,0,44.45,0.0028,1000.0,0.0,4.199,96.1,99,0,60.0,2026-04-29T14:32:28.335841,4.205
2026-04-29T14:31:29.288707,42.39,0.0076,44.51,0.0046,1000.0,0.0,4.199,96.1,99,0,60.0,2026-04-29T14:32:29.288561,4.205
2026-04-29T14:31:29.325480,42.39,0.0076,44.52,0.007,1000.0,0.0,4.199,96.1,99,0,60.0,2026-04-29T14:32:29.325322,4.205
2026-04-29T14:31:30.337139,42.39,0.0076,44.55,0.0087,1000.0,0.0,4.199,96.1,98,0,60.0,2026-04-29T14:32:30.336923,4.205
2026-04-29T14:31:30.382844,42.43,0.0076,44.57,0.0084,1000.0,0.0,4.199,96.1,98,0,60.0,2026-04-29T14:32:30.382694,4.205
2026-04-29T14:31:30.419733,42.43,0.0076,44.57,0.0093,1000.0,0.0,4.199,96.1,98,0,60.0,2026-04-29T14:32:30.419607,4.205
2026-04-29T14:31:31.391899,42.49,0.0076,44.61,0.0101,1000.0,0.0,4.199,96.1,98,0,60.0,2026-04-29T14:32:31.391599,4.205
2026-04-29T14:31:31.435681,42.49,0.0059,44.62,0.0091,1000.0,0.0,4.199,96.1,98,0,60.0,2026-04-29T14:32:31.435543,4.205
2026-04-29T14:31:31.471969,42.49,0.0059,44.63,0.0091,1000.0,0.0,4.199,96.1,98,0,60.0,2026-04-29T14:32:31.471839,4.205
2026-04-29T14:31:32.448291,42.55,0,44.67,0.0079,1000.0,0.0,4.199,96.1,98,0,60.0,2026-04-29T14:32:32.448119,4.205
2026-04-29T14:31:32.488162,42.55,0.0031,44.68,0.0067,1000.0,0.0,4.199,96.1,98,0,60.0,2026-04-29T14:32:32.488031,4.205
2026-04-29T14:31:32.527350,42.55,0.0031,44.69,0.0066,1000.0,0.0,4.199,96.1,98,0,60.0,2026-04-29T14:32:32.527203,4.205
2026-04-29T14:31:33.500554,42.6,0.0031,44.73,0.0058,1000.0,0.0,4.199,96.1,98,0,60.0,2026-04-29T14:32:33.500381,4.205
2026-04-29T14:31:33.540204,42.6,0.0059,44.74,0.0072,1000.0,0.0,4.199,96.1,98,0,60.0,2026-04-29T14:32:33.540008,4.205
2026-04-29T14:31:33.576380,42.6,0.0059,44.74,0.0078,1000.0,0.0,4.199,96.1,98,0,60.0,2026-04-29T14:32:33.576184,4.205
2026-04-29T14:31:34.554186,42.66,0.0076,44.79,0.0086,1000.0,0.0,4.199,96.0,98,0,60.0,2026-04-29T14:32:34.554020,4.205
2026-04-29T14:31:34.593686,42.66,0.0076,44.8,0.0095,1000.0,0.0,4.199,96.0,98,0,60.0,2026-04-29T14:32:34.593533,4.205
2026-04-29T14:31:35.576984,42.66,0.0076,44.83,0.0102,1000.0,0.0,4.199,96.0,98,0,60.0,2026-04-29T14:32:35.576764,4.205
2026-04-29T14:31:35.623605,42.71,0.0067,44.85,0.0102,1000.0,0.0,4.199,96.0,98,0,60.0,2026-04-29T14:32:35.623283,4.205
2026-04-29T14:31:35.659860,42.71,0.0067,44.85,0.0102,1000.0,0.0,4.199,96.0,98,0,60.0,2026-04-29T14:32:35.659695,4.205
2026-04-29T14:31:36.631480,42.77,0.0067,44.89,0.0101,1000.0,0.0,4.199,96.0,98,0,60.0,2026-04-29T14:32:36.631299,4.205
2026-04-29T14:31:36.674463,42.77,0.0076,44.91,0.0102,1000.0,0.0,4.199,96.0,98,0,60.0,2026-04-29T14:32:36.674231,4.205
2026-04-29T14:31:36.712184,42.77,0.0076,44.91,0.0104,1000.0,0.0,4.199,96.0,98,0,60.0,2026-04-29T14:32:36.712055,4.205
2026-04-29T14:31:37.687990,42.83,0.0058,44.96,0.0104,1000.0,0.0,4.199,96.0,98,0,60.0,2026-04-29T14:32:37.686905,4.205
2026-04-29T14:31:37.750533,42.83,0.0099,44.97,0.0115,1000.0,0.0,4.199,96.0,98,0,60.0,2026-04-29T14:32:37.737826,4.205
2026-04-29T14:31:37.819252,42.83,0.0099,44.98,0.0121,1000.0,0.0,4.199,96.0,98,0,60.0,2026-04-29T14:32:37.819091,4.205
2026-04-29T14:31:38.742383,42.9,0.0099,45.02,0.0128,1000.0,0.0,4.199,96.0,98,0,60.0,2026-04-29T14:32:38.742176,4.205
2026-04-29T14:31:38.781421,42.9,0.0135,45.03,0.0145,1000.0,0.0,4.199,96.0,98,0,60.0,2026-04-29T14:32:38.781297,4.205
2026-04-29T14:31:38.816610,42.9,0.0135,45.04,0.0152,1000.0,0.0,4.199,96.0,98,0,60.0,2026-04-29T14:32:38.816483,4.205
2026-04-29T14:31:39.797219,42.96,0.0162,45.09,0.0162,1000.0,0.0,4.199,96.0,98,0,60.0,2026-04-29T14:32:39.797060,4.205
2026-04-29T14:31:39.831616,42.96,0.0162,45.09,0.0175,1000.0,0.0,4.199,96.0,98,0,60.0,2026-04-29T14:32:39.831507,4.205
2026-04-29T14:31:40.806337,42.96,0.0162,45.13,0.0184,1000.0,0.0,4.199,96.0,98,0,60.0,2026-04-29T14:32:40.806163,4.205
2026-04-29T14:31:40.844572,43.02,0.0162,45.15,0.0187,1000.0,0.0,4.199,96.0,98,0,60.0,2026-04-29T14:32:40.844444,4.205
2026-04-29T14:31:40.888073,43.02,0.0162,45.16,0.019,1000.0,0.0,4.199,96.0,98,0,60.0,2026-04-29T14:32:40.887860,4.205
2026-04-29T14:31:41.842714,43.07,0.0162,45.19,0.0193,1000.0,0.0,4.199,96.0,98,0,60.0,2026-04-29T14:32:41.842558,4.205
2026-04-29T14:31:41.880089,43.07,0.0117,45.21,0.0165,1000.0,0.0,4.199,96.0,98,0,60.0,2026-04-29T14:32:41.879945,4.205
2026-04-29T14:31:41.914557,43.07,0.0117,45.21,0.016,1000.0,0.0,4.199,96.0,98,0,60.0,2026-04-29T14:32:41.914440,4.205
2026-04-29T14:31:42.919177,43.12,0.0034,45.25,0.0141,1000.0,0.0,4.199,95.9,98,0,60.0,2026-04-29T14:32:42.919008,4.205
2026-04-29T14:31:42.970976,43.12,0.0049,45.26,0.0113,1000.0,0.0,4.199,95.9,98,0,60.0,2026-04-29T14:32:42.970820,4.205
2026-04-29T14:31:43.009243,43.12,0.0049,45.27,0.0102,1000.0,0.0,4.199,95.9,98,0,60.0,2026-04-29T14:32:43.009079,4.205
2026-04-29T14:31:43.967185,43.19,0.0049,45.31,0.0091,1000.0,0.0,4.199,95.9,98,0,60.0,2026-04-29T14:32:43.967007,4.205
2026-04-29T14:31:44.007063,43.19,0.0084,45.33,0.0102,1000.0,0.0,4.199,95.9,98,0,60.0,2026-04-29T14:32:44.006851,4.205
2026-04-29T14:31:44.043709,43.19,0.0084,45.33,0.0107,1000.0,0.0,4.199,95.9,98,0,60.0,2026-04-29T14:32:44.043573,4.205
2026-04-29T14:31:45.020909,43.23,0.0084,45.37,0.0109,1000.0,0.0,4.199,95.9,98,0,60.0,2026-04-29T14:32:45.020740,4.205
2026-04-29T14:31:45.062345,43.23,0.0084,45.38,0.0113,1000.0,0.0,4.199,95.9,98,0,60.0,2026-04-29T14:32:45.062198,4.205
2026-04-29T14:31:46.049218,43.23,0.0084,45.41,0.0115,1000.0,0.0,4.199,95.9,98,0,60.0,2026-04-29T14:32:46.049014,4.205
2026-04-29T14:31:46.098261,43.27,0.0101,45.42,0.0118,1000.0,0.0,4.199,95.9,98,0,60.0,2026-04-29T14:32:46.098130,4.205
2026-04-29T14:31:46.134366,43.27,0.0101,45.42,0.0124,1000.0,0.0,4.199,95.9,98,0,60.0,2026-04-29T14:32:46.134225,4.205
2026-04-29T14:31:47.105418,43.33,0.0101,45.45,0.013,1000.0,0.0,4.199,95.9,98,0,60.0,2026-04-29T14:32:47.105006,4.205
2026-04-29T14:31:47.148544,43.33,0.0135,45.46,0.014,1000.0,0.0,4.199,95.9,98,0,60.0,2026-04-29T14:32:47.148402,4.205
2026-04-29T14:31:47.183404,43.33,0.0135,45.46,0.015,1000.0,0.0,4.199,95.9,98,0,60.0,2026-04-29T14:32:47.183269,4.205
2026-04-29T14:31:48.161973,43.36,0.0135,45.49,0.016,1000.0,0.0,4.199,95.9,98,0,60.0,2026-04-29T14:32:48.161798,4.205
2026-04-29T14:31:48.203079,43.36,0.0135,45.49,0.0161,1000.0,0.0,4.199,95.9,98,0,60.0,2026-04-29T14:32:48.202945,4.205
2026-04-29T14:31:48.240153,43.36,0.0135,45.5,0.0164,1000.0,0.0,4.199,95.9,98,0,60.0,2026-04-29T14:32:48.239785,4.205
2026-04-29T14:31:49.214276,43.4,0.011,45.53,0.0159,1000.0,0.0,4.199,95.9,98,0,60.0,2026-04-29T14:32:49.214144,4.205
2026-04-29T14:31:49.254725,43.4,0.011,45.53,0.0152,1000.0,0.0,4.199,95.9,98,0,60.0,2026-04-29T14:32:49.254537,4.205
2026-04-29T14:31:49.290642,43.4,0.011,45.54,0.0149,1000.0,0.0,4.199,95.9,98,0,60.0,2026-04-29T14:32:49.290443,4.205
2026-04-29T14:31:50.267828,43.44,0.0058,45.57,0.0125,1000.0,0.0,4.199,95.9,98,0,60.0,2026-04-29T14:32:50.267660,4.205
2026-04-29T14:31:50.306855,43.44,0.0058,45.57,0.0111,1000.0,0.0,4.199,95.9,98,0,60.0,2026-04-29T14:32:50.306634,4.205
2026-04-29T14:31:51.291949,43.44,0.0058,45.6,0.0103,1000.0,0.0,4.199,95.9,98,0,60.0,2026-04-29T14:32:51.291731,4.205
2026-04-29T14:31:51.336674,43.46,0.0058,45.6,0.0088,1000.0,0.0,4.199,95.9,98,0,60.0,2026-04-29T14:32:51.336527,4.205
2026-04-29T14:31:51.372733,43.46,0.0058,45.6,0.0089,1000.0,0.0,4.199,95.9,98,0,60.0,2026-04-29T14:32:51.372567,4.205
2026-04-29T14:31:52.342497,43.5,0.0058,45.63,0.0091,1000.0,0.0,4.199,95.9,99,0,60.0,2026-04-29T14:32:52.342295,4.205
2026-04-29T14:31:52.384468,43.5,0.0143,45.64,0.0125,1000.0,0.0,4.199,95.9,99,0,60.0,2026-04-29T14:32:52.384318,4.205
2026-04-29T14:31:52.419969,43.5,0.0143,45.64,0.0143,1000.0,0.0,4.199,95.9,99,0,60.0,2026-04-29T14:32:52.419818,4.205
2026-04-29T14:31:53.401397,43.54,0.0099,45.67,0.0155,1000.0,0.0,4.199,95.8,99,0,60.0,2026-04-29T14:32:53.401221,4.205
2026-04-29T14:31:53.443515,43.54,0.0135,45.68,0.0158,1000.0,0.0,4.199,95.8,99,0,60.0,2026-04-29T14:32:53.443360,4.205
2026-04-29T14:31:53.478781,43.54,0.0135,45.68,0.0161,1000.0,0.0,4.199,95.8,99,0,60.0,2026-04-29T14:32:53.478625,4.205
2026-04-29T14:31:54.448167,43.59,0.0059,45.72,0.015,1000.0,0.0,4.199,95.8,99,0,60.0,2026-04-29T14:32:54.448003,4.205
2026-04-29T14:31:54.485926,43.59,0.0076,45.72,0.0133,1000.0,0.0,4.199,95.8,99,0,60.0,2026-04-29T14:32:54.485794,4.205
2026-04-29T14:31:54.520923,43.59,0.0076,45.73,0.0125,1000.0,0.0,4.199,95.8,99,0,60.0,2026-04-29T14:32:54.520791,4.205
2026-04-29T14:31:55.508747,43.63,0.0076,45.76,0.0112,1000.0,0.0,4.199,95.8,99,0,60.0,2026-04-29T14:32:55.508566,4.205
2026-04-29T14:31:55.546709,43.63,0.0076,45.77,0.0111,1000.0,0.0,4.199,95.8,99,0,60.0,2026-04-29T14:32:55.546549,4.205
2026-04-29T14:31:56.531568,43.63,0.0076,45.8,0.0111,1000.0,0.0,4.199,95.8,98,0,60.0,2026-04-29T14:32:56.531343,4.205
2026-04-29T14:31:56.577575,43.68,0.0152,45.81,0.0135,1000.0,0.0,4.199,95.8,98,0,60.0,2026-04-29T14:32:56.577321,4.205
2026-04-29T14:31:56.613552,43.68,0.0152,45.82,0.0154,1000.0,0.0,4.199,95.8,98,0,60.0,2026-04-29T14:32:56.613421,4.205
2026-04-29T14:31:57.583971,43.74,0.0152,45.85,0.0171,1000.0,0.0,4.199,95.8,98,0,60.0,2026-04-29T14:32:57.583775,4.205
2026-04-29T14:31:57.628739,43.74,0.0101,45.87,0.0153,1000.0,0.0,4.199,95.8,98,0,60.0,2026-04-29T14:32:57.628582,4.205
2026-04-29T14:31:57.664195,43.74,0.0101,45.88,0.0145,1000.0,0.0,4.199,95.8,98,0,60.0,2026-04-29T14:32:57.664030,4.205
2026-04-29T14:31:58.640332,43.81,0.0099,45.92,0.014,1000.0,0.0,4.199,95.8,99,0,60.0,2026-04-29T14:32:58.640101,4.205
2026-04-29T14:31:58.680860,43.81,0.0101,45.93,0.0138,1000.0,0.0,4.199,95.8,99,0,60.0,2026-04-29T14:32:58.680685,4.205
2026-04-29T14:31:58.716202,43.81,0.0101,45.94,0.0137,1000.0,0.0,4.199,95.8,99,0,60.0,2026-04-29T14:32:58.716090,4.205
2026-04-29T14:31:59.743532,43.89,0.0067,45.99,0.0127,1000.0,0.0,4.199,95.8,99,0,60.0,2026-04-29T14:32:59.736811,4.205
2026-04-29T14:31:59.824021,43.89,0.0086,46.01,0.0123,1000.0,0.0,4.199,95.8,99,0,60.0,2026-04-29T14:32:59.823876,4.205
2026-04-29T14:31:59.864898,43.89,0.0086,46.02,0.0122,1000.0,0.0,4.199,95.8,99,0,60.0,2026-04-29T14:32:59.864760,4.205
2026-04-29T14:32:00.751202,43.93,0.0127,46.06,0.0124,1000.0,0.0,4.199,95.8,99,0,60.0,2026-04-29T14:33:00.751014,4.205
2026-04-29T14:32:00.789584,43.93,0.0127,46.06,0.0138,1000.0,0.0,4.199,95.8,99,0,60.0,2026-04-29T14:33:00.789394,4.205
2026-04-29T14:32:01.780158,43.93,0.0127,46.09,0.0148,1000.0,0.0,4.199,95.8,99,0,60.0,2026-04-29T14:33:01.779994,4.205
2026-04-29T14:32:01.815723,43.99,0.0186,46.11,0.0166,1000.0,0.0,4.199,95.7,99,0,60.0,2026-04-29T14:33:01.815588,4.205
2026-04-29T14:32:01.853538,43.99,0.0186,46.12,0.0186,1000.0,0.0,4.199,95.7,99,0,60.0,2026-04-29T14:33:01.853240,4.205
2026-04-29T14:32:02.816615,44.05,0.0186,46.16,0.0203,1000.0,0.0,4.199,95.7,99,0,60.0,2026-04-29T14:33:02.816453,4.205
2026-04-29T14:32:02.858373,44.05,0.0186,46.17,0.0207,1000.0,0.0,4.199,95.7,99,0,60.0,2026-04-29T14:33:02.858217,4.205
2026-04-29T14:32:02.895051,44.05,0.0186,46.18,0.0212,1000.0,0.0,4.199,95.7,99,0,60.0,2026-04-29T14:33:02.894928,4.205
2026-04-29T14:32:03.857685,44.09,0.0167,46.22,0.0213,1000.0,0.0,4.199,95.7,99,0,60.0,2026-04-29T14:33:03.857496,4.205
2026-04-29T14:32:03.894242,44.09,0.0167,46.22,0.0202,1000.0,0.0,4.199,95.7,99,0,60.0,2026-04-29T14:33:03.894114,4.205
2026-04-29T14:32:03.928768,44.09,0.0167,46.23,0.0201,1000.0,0.0,4.199,95.7,99,0,60.0,2026-04-29T14:33:03.928647,4.205
2026-04-29T14:32:04.934231,44.14,0.0101,46.27,0.0183,1000.0,0.0,4.199,95.7,99,0,60.0,2026-04-29T14:33:04.934058,4.205
2026-04-29T14:32:04.973998,44.14,0.0101,46.27,0.0162,1000.0,0.0,4.199,95.7,99,0,60.0,2026-04-29T14:33:04.973833,4.205
2026-04-29T14:32:05.009852,44.14,0.0101,46.28,0.0154,1000.0,0.0,4.199,95.7,99,0,60.0,2026-04-29T14:33:05.009716,4.205
2026-04-29T14:32:05.981190,44.18,0.0143,46.31,0.013,1000.0,0.0,4.199,95.7,99,0,60.0,2026-04-29T14:33:05.981025,4.205
2026-04-29T14:32:06.019112,44.18,0.0143,46.32,0.0149,1000.0,0.0,4.199,95.7,99,0,60.0,2026-04-29T14:33:06.018978,4.205
2026-04-29T14:32:07.008547,44.18,0.0143,46.35,0.0162,1000.0,0.0,4.199,95.7,99,0,60.0,2026-04-29T14:33:07.008330,4.205
2026-04-29T14:32:07.055699,44.21,0.0167,46.35,0.0163,1000.0,0.0,4.199,95.7,99,0,60.0,2026-04-29T14:33:07.055537,4.205
2026-04-29T14:32:07.092129,44.21,0.0167,46.35,0.0177,1000.0,0.0,4.199,95.7,99,0,60.0,2026-04-29T14:33:07.091962,4.205
2026-04-29T14:32:08.059872,44.26,0.0167,46.38,0.0189,1000.0,0.0,4.199,95.7,98,0,60.0,2026-04-29T14:33:08.059666,4.205
2026-04-29T14:32:08.103891,44.26,0.0175,46.39,0.0198,1000.0,0.0,4.199,95.7,98,0,60.0,2026-04-29T14:33:08.103658,4.205
2026-04-29T14:32:08.140323,44.26,0.0175,46.39,0.0202,1000.0,0.0,4.199,95.7,98,0,60.0,2026-04-29T14:33:08.140129,4.205
2026-04-29T14:32:09.119188,44.3,0.0153,46.43,0.0203,1000.0,0.0,4.199,95.7,98,0,60.0,2026-04-29T14:33:09.118993,4.205
2026-04-29T14:32:09.161601,44.3,0.0153,46.43,0.0193,1000.0,0.0,4.199,95.7,98,0,60.0,2026-04-29T14:33:09.161416,4.205
2026-04-29T14:32:09.196838,44.3,0.0153,46.43,0.0191,1000.0,0.0,4.199,95.7,98,0,60.0,2026-04-29T14:33:09.196676,4.205
2026-04-29T14:32:10.174057,44.33,0.0127,46.46,0.0182,1000.0,0.0,4.199,95.7,98,0,60.0,2026-04-29T14:33:10.173849,4.205
2026-04-29T14:32:10.214459,44.33,0.0127,46.47,0.0173,1000.0,0.0,4.199,95.7,98,0,60.0,2026-04-29T14:33:10.214323,4.205
2026-04-29T14:32:10.250629,44.33,0.0127,46.47,0.0169,1000.0,0.0,4.199,95.7,98,0,60.0,2026-04-29T14:33:10.250506,4.205
2026-04-29T14:32:11.225374,44.36,0.0093,46.5,0.0145,1000.0,0.0,4.199,95.7,98,0,60.0,2026-04-29T14:33:11.225186,4.205
2026-04-29T14:32:11.264414,44.36,0.0093,46.5,0.0138,1000.0,0.0,4.199,95.7,98,0,60.0,2026-04-29T14:33:11.264273,4.205
2026-04-29T14:32:12.248577,44.36,0.0093,46.53,0.0134,1000.0,0.0,4.199,95.7,99,0,60.0,2026-04-29T14:33:12.248391,4.205
2026-04-29T14:32:12.294881,44.38,0.0093,46.52,0.0127,1000.0,0.0,4.199,95.7,99,0,60.0,2026-04-29T14:33:12.294730,4.205
2026-04-29T14:32:12.330877,44.38,0.0093,46.52,0.0127,1000.0,0.0,4.199,95.7,99,0,60.0,2026-04-29T14:33:12.330736,4.205
2026-04-29T14:32:13.300424,44.43,0.0093,46.55,0.0127,1000.0,0.0,4.199,95.6,99,0,60.0,2026-04-29T14:33:13.300236,4.205
2026-04-29T14:32:13.343429,44.43,0.0018,46.56,0.0077,1000.0,0.0,4.199,95.6,99,0,60.0,2026-04-29T14:33:13.343260,4.205
2026-04-29T14:32:13.378362,44.43,0.0018,46.56,0.0068,1000.0,0.0,4.199,95.6,99,0,60.0,2026-04-29T14:33:13.378195,4.205
2026-04-29T14:32:14.340854,44.47,0,46.6,0.0039,1000.0,0.0,4.199,95.6,99,0,60.0,2026-04-29T14:33:14.340681,4.205
2026-04-29T14:32:14.377769,44.47,0.0058,46.6,0.0049,1000.0,0.0,4.199,95.6,99,0,60.0,2026-04-29T14:33:14.377605,4.205
2026-04-29T14:32:14.414113,44.47,0.0058,46.61,0.0063,1000.0,0.0,4.199,95.6,99,0,60.0,2026-04-29T14:33:14.413965,4.205
2026-04-29T14:32:15.412773,44.52,0.0058,46.65,0.0081,1000.0,0.0,4.199,95.6,99,0,60.0,2026-04-29T14:33:15.412559,4.205
2026-04-29T14:32:15.452285,44.52,0.0143,46.65,0.0122,1000.0,0.0,4.199,95.6,99,0,60.0,2026-04-29T14:33:15.452145,4.205
2026-04-29T14:32:15.488328,44.52,0.0143,46.66,0.014,1000.0,0.0,4.199,95.6,99,0,60.0,2026-04-29T14:33:15.488143,4.205
2026-04-29T14:32:16.466562,44.55,0.0169,46.69,0.0156,1000.0,0.0,4.199,95.6,99,0,60.0,2026-04-29T14:33:16.466376,4.205
2026-04-29T14:32:16.504984,44.55,0.0169,46.69,0.0175,1000.0,0.0,4.199,95.6,99,0,60.0,2026-04-29T14:33:16.504822,4.205
2026-04-29T14:32:17.486261,44.55,0.0169,46.72,0.0187,1000.0,0.0,4.199,95.6,99,0,60.0,2026-04-29T14:33:17.486063,4.205
2026-04-29T14:32:17.531136,44.6,0.0118,46.73,0.0179,1000.0,0.0,4.199,95.6,99,0,60.0,2026-04-29T14:33:17.530980,4.205
2026-04-29T14:32:17.565917,44.6,0.0118,46.74,0.0169,1000.0,0.0,4.199,95.6,99,0,60.0,2026-04-29T14:33:17.565774,4.205
2026-04-29T14:32:18.544817,44.64,0.0118,46.77,0.0161,1000.0,0.0,4.199,95.6,99,0,60.0,2026-04-29T14:33:18.544602,4.205
2026-04-29T14:32:18.587253,44.64,0.0118,46.78,0.015,1000.0,0.0,4.199,95.6,99,0,60.0,2026-04-29T14:33:18.587095,4.205
2026-04-29T14:32:18.623003,44.64,0.0118,46.78,0.0151,1000.0,0.0,4.199,95.6,99,0,60.0,2026-04-29T14:33:18.622870,4.205
2026-04-29T14:32:19.595260,44.68,0.0086,46.81,0.0147,1000.0,0.0,4.199,95.6,99,0,60.0,2026-04-29T14:33:19.595075,4.205
2026-04-29T14:32:19.635932,44.68,0.0175,46.82,0.017,1000.0,0.0,4.199,95.6,99,0,60.0,2026-04-29T14:33:19.635787,4.205
2026-04-29T14:32:19.672281,44.68,0.0175,46.82,0.0184,1000.0,0.0,4.199,95.6,99,0,60.0,2026-04-29T14:33:19.672091,4.205
2026-04-29T14:32:20.649923,44.74,0.0175,46.86,0.0199,1000.0,0.0,4.199,95.6,99,0,60.0,2026-04-29T14:33:20.649750,4.205
2026-04-29T14:32:20.689380,44.74,0.0186,46.87,0.0208,1000.0,0.0,4.199,95.6,99,0,60.0,2026-04-29T14:33:20.689220,4.205
2026-04-29T14:32:20.724658,44.74,0.0186,46.87,0.0212,1000.0,0.0,4.199,95.6,99,0,60.0,2026-04-29T14:33:20.724511,4.205
2026-04-29T14:32:21.701655,44.79,0.0186,46.91,0.0216,1000.0,0.0,4.199,95.6,99,0,60.0,2026-04-29T14:33:21.700768,4.205
2026-04-29T14:32:21.795258,44.79,0.0186,46.92,0.0218,1000.0,0.0,4.199,95.6,99,0,60.0,2026-04-29T14:33:21.795092,4.205
2026-04-29T14:32:22.726167,44.79,0.0186,46.95,0.022,1000.0,0.0,4.199,95.6,99,0,60.0,2026-04-29T14:33:22.725944,4.205
2026-04-29T14:32:22.772657,44.86,0.0135,46.98,0.0188,1000.0,0.0,4.199,95.6,99,0,60.0,2026-04-29T14:33:22.772468,4.205
2026-04-29T14:32:22.807396,44.86,0.0135,46.98,0.0181,1000.0,0.0,4.199,95.6,99,0,60.0,2026-04-29T14:33:22.807265,4.205
2026-04-29T14:32:23.784453,44.94,0.0135,47.03,0.0175,1000.0,0.0,4.199,95.5,99,0,60.0,2026-04-29T14:33:23.784307,4.205
2026-04-29T14:32:23.820774,44.94,0.0184,47.05,0.017,1000.0,0.0,4.199,95.5,99,0,60.0,2026-04-29T14:33:23.820592,4.205
2026-04-29T14:32:23.858655,44.94,0.0184,47.06,0.0188,1000.0,0.0,4.199,95.5,99,0,60.0,2026-04-29T14:33:23.858494,4.205
2026-04-29T14:32:24.819220,45.03,0.0184,47.12,0.0206,1000.0,0.0,4.199,95.5,99,0,60.0,2026-04-29T14:33:24.819061,4.205
2026-04-29T14:32:24.858481,45.03,0.0184,47.14,0.0208,1000.0,0.0,4.199,95.5,99,0,60.0,2026-04-29T14:33:24.858343,4.205
2026-04-29T14:32:24.894950,45.03,0.0184,47.15,0.0212,1000.0,0.0,4.199,95.5,99,0,60.0,2026-04-29T14:33:24.894830,4.205
2026-04-29T14:32:25.866356,45.11,0.0143,47.21,0.0205,1000.0,0.0,4.199,95.5,99,0,60.0,2026-04-29T14:33:25.866192,4.205
2026-04-29T14:32:25.904681,45.11,0.0167,47.23,0.0204,1000.0,0.0,4.199,95.5,99,0,60.0,2026-04-29T14:33:25.904430,4.205
2026-04-29T14:32:25.941235,45.11,0.0167,47.24,0.0203,1000.0,0.0,4.199,95.5,99,0,60.0,2026-04-29T14:33:25.941067,4.205
2026-04-29T14:32:26.941417,45.2,0.0194,47.3,0.0206,1000.0,0.0,4.199,95.5,99,0,60.0,2026-04-29T14:33:26.941234,4.205
2026-04-29T14:32:26.979054,45.2,0.0194,47.31,0.0215,1000.0,0.0,4.199,95.5,99,0,60.0,2026-04-29T14:33:26.978928,4.205
2026-04-29T14:32:27.958446,45.2,0.0194,47.35,0.0222,1000.0,0.0,4.199,95.5,99,0,60.0,2026-04-29T14:33:27.958260,4.205
2026-04-29T14:32:28.005235,45.28,0.0194,47.39,0.0218,1000.0,0.0,4.199,95.5,99,0,60.0,2026-04-29T14:33:28.005070,4.205
2026-04-29T14:32:28.041723,45.28,0.0194,47.4,0.0222,1000.0,0.0,4.199,95.5,99,0,60.0,2026-04-29T14:33:28.041573,4.205
2026-04-29T14:32:29.017801,45.36,0.0194,47.44,0.0226,1000.0,0.0,4.199,95.4,99,0,60.0,2026-04-29T14:33:29.017612,4.205
2026-04-29T14:32:29.061881,45.36,0.0167,47.47,0.0211,1000.0,0.0,4.199,95.4,99,0,60.0,2026-04-29T14:33:29.061738,4.205
2026-04-29T14:32:29.097215,45.36,0.0167,47.48,0.0208,1000.0,0.0,4.199,95.4,99,0,60.0,2026-04-29T14:33:29.097040,4.205
2026-04-29T14:32:30.069781,45.44,0.0167,47.53,0.0205,1000.0,0.0,4.199,95.4,99,0,60.0,2026-04-29T14:33:30.069407,4.205
2026-04-29T14:32:30.111932,45.44,0.0211,47.56,0.022,1000.0,0.0,4.199,95.4,99,0,60.0,2026-04-29T14:33:30.111799,4.205
2026-04-29T14:32:30.147001,45.44,0.0211,47.56,0.0229,1000.0,0.0,4.199,95.4,99,0,60.0,2026-04-29T14:33:30.146856,4.205
2026-04-29T14:32:31.127133,45.53,0.0211,47.63,0.0233,1000.0,0.0,4.199,95.4,99,0,60.0,2026-04-29T14:33:31.126963,4.205
2026-04-29T14:32:31.166145,45.53,0.0211,47.65,0.0238,1000.0,0.0,4.199,95.4,99,0,60.0,2026-04-29T14:33:31.166016,4.205
2026-04-29T14:32:31.201263,45.53,0.0211,47.66,0.0241,1000.0,0.0,4.199,95.4,99,0,60.0,2026-04-29T14:33:31.201142,4.205
2026-04-29T14:32:32.181287,45.59,0.0118,47.7,0.0204,1000.0,0.0,4.199,95.4,99,0,60.0,2026-04-29T14:33:32.181127,4.205
2026-04-29T14:32:32.220229,45.59,0.0118,47.71,0.0184,1000.0,0.0,4.199,95.4,99,0,60.0,2026-04-29T14:33:32.219914,4.205
2026-04-29T14:32:33.200375,45.59,0.0118,47.74,0.0171,1000.0,0.0,4.199,95.4,99,0,60.0,2026-04-29T14:33:33.200185,4.205
2026-04-29T14:32:33.246893,45.65,0.0202,47.76,0.0177,1000.0,0.0,4.199,95.4,99,0,60.0,2026-04-29T14:33:33.246741,4.205
2026-04-29T14:32:33.282932,45.65,0.0202,47.77,0.02,1000.0,0.0,4.199,95.4,99,0,60.0,2026-04-29T14:33:33.282801,4.205
2026-04-29T14:32:34.257243,45.73,0.0202,47.81,0.0219,1000.0,0.0,4.199,95.4,98,0,60.0,2026-04-29T14:33:34.257090,4.206
2026-04-29T14:32:34.299523,45.73,0.0202,47.83,0.0228,1000.0,0.0,4.199,95.4,98,0,60.0,2026-04-29T14:33:34.299398,4.206
2026-04-29T14:32:34.336276,45.73,0.0202,47.84,0.0232,1000.0,0.0,4.199,95.4,98,0,60.0,2026-04-29T14:33:34.336116,4.206
2026-04-29T14:32:35.310199,45.8,0.0193,47.89,0.0234,1000.0,0.0,4.199,95.3,98,0,60.0,2026-04-29T14:33:35.310024,4.206
2026-04-29T14:32:35.350770,45.8,0.0193,47.91,0.0231,1000.0,0.0,4.199,95.3,98,0,60.0,2026-04-29T14:33:35.350621,4.206
2026-04-29T14:32:35.387682,45.8,0.0193,47.92,0.023,1000.0,0.0,4.199,95.3,98,0,60.0,2026-04-29T14:33:35.387327,4.206
2026-04-29T14:32:36.366576,45.87,0.0184,47.97,0.0227,1000.0,0.0,4.199,95.3,98,0,60.0,2026-04-29T14:33:36.366406,4.206
2026-04-29T14:32:36.407130,45.87,0.0236,47.98,0.0246,1000.0,0.0,4.199,95.3,98,0,60.0,2026-04-29T14:33:36.406967,4.206
2026-04-29T14:32:36.444051,45.87,0.0236,47.99,0.0255,1000.0,0.0,4.199,95.3,98,0,60.0,2026-04-29T14:33:36.443921,4.206
2026-04-29T14:32:37.420135,45.94,0.0238,48.04,0.0259,1000.0,0.0,4.199,95.3,98,0,60.0,2026-04-29T14:33:37.419921,4.206
2026-04-29T14:32:37.459658,45.94,0.0238,48.06,0.0265,1000.0,0.0,4.199,95.3,98,0,60.0,2026-04-29T14:33:37.459515,4.206
2026-04-29T14:32:38.442386,45.94,0.0238,48.09,0.027,1000.0,0.0,4.199,95.3,98,0,60.0,2026-04-29T14:33:38.442182,4.206
2026-04-29T14:32:38.489722,45.99,0.0228,48.11,0.0268,1000.0,0.0,4.199,95.3,98,0,60.0,2026-04-29T14:33:38.489578,4.206
2026-04-29T14:32:38.528956,45.99,0.0228,48.11,0.0266,1000.0,0.0,4.199,95.3,98,0,60.0,2026-04-29T14:33:38.528809,4.206
2026-04-29T14:32:39.496503,46.05,0.0228,48.15,0.0265,1000.0,0.0,4.199,95.3,98,0,60.0,2026-04-29T14:33:39.496319,4.206
2026-04-29T14:32:39.541165,46.05,0.022,48.17,0.0257,1000.0,0.0,4.199,95.3,98,0,60.0,2026-04-29T14:33:39.541006,4.206
2026-04-29T14:32:39.576626,46.05,0.022,48.17,0.0257,1000.0,0.0,4.199,95.3,98,0,60.0,2026-04-29T14:33:39.576490,4.206
2026-04-29T14:32:40.552201,46.12,0.0186,48.22,0.0251,1000.0,0.0,4.199,95.3,99,0,60.0,2026-04-29T14:33:40.551980,4.206
2026-04-29T14:32:40.663937,46.12,0.0202,48.23,0.0244,1000.0,0.0,4.199,95.3,99,0,60.0,2026-04-29T14:33:40.663783,4.206
2026-04-29T14:32:40.699472,46.12,0.0202,48.24,0.0242,1000.0,0.0,4.199,95.3,99,0,60.0,2026-04-29T14:33:40.699331,4.206
2026-04-29T14:32:41.605849,46.17,0.0202,48.28,0.024,1000.0,0.0,4.199,95.3,99,0,60.0,2026-04-29T14:33:41.605671,4.206
2026-04-29T14:32:41.645142,46.17,0.0236,48.29,0.0254,1000.0,0.0,4.199,95.3,99,0,60.0,2026-04-29T14:33:41.644993,4.206
2026-04-29T14:32:41.681143,46.17,0.0236,48.29,0.026,1000.0,0.0,4.199,95.3,99,0,60.0,2026-04-29T14:33:41.680876,4.206
2026-04-29T14:32:42.658973,46.23,0.0236,48.34,0.0268,1000.0,0.0,4.199,95.2,99,0,60.0,2026-04-29T14:33:42.658726,4.206
2026-04-29T14:32:42.697293,46.23,0.0236,48.35,0.0269,1000.0,0.0,4.199,95.2,99,0,60.0,2026-04-29T14:33:42.697157,4.206
2026-04-29T14:32:43.679637,46.23,0.0236,48.38,0.0271,1000.0,0.0,4.199,95.2,99,0,60.0,2026-04-29T14:33:43.679454,4.206
2026-04-29T14:32:43.770249,46.27,0.0186,48.39,0.0249,1000.0,0.0,4.199,95.2,99,0,60.0,2026-04-29T14:33:43.745520,4.206
2026-04-29T14:32:43.820350,46.27,0.0186,48.4,0.0238,1000.0,0.0,4.199,95.2,99,0,60.0,2026-04-29T14:33:43.820194,4.206
2026-04-29T14:32:44.718782,46.32,0.0186,48.43,0.023,1000.0,0.0,4.199,95.2,99,0,60.0,2026-04-29T14:33:44.718401,4.206
2026-04-29T14:32:44.756065,46.32,0.0152,48.44,0.0213,1000.0,0.0,4.199,95.2,99,0,60.0,2026-04-29T14:33:44.755919,4.206
2026-04-29T14:32:44.792667,46.32,0.0152,48.44,0.0204,1000.0,0.0,4.199,95.2,99,0,60.0,2026-04-29T14:33:44.792513,4.206
2026-04-29T14:32:45.789899,46.37,0.0049,48.48,0.0179,1000.0,0.0,4.199,95.2,99,0,60.0,2026-04-29T14:33:45.789739,4.206
2026-04-29T14:32:45.826060,46.37,0.0143,48.49,0.0171,1000.0,0.0,4.199,95.2,99,0,60.0,2026-04-29T14:33:45.825949,4.206
2026-04-29T14:32:45.860355,46.37,0.0143,48.5,0.0174,1000.0,0.0,4.199,95.2,99,0,60.0,2026-04-29T14:33:45.860210,4.206
2026-04-29T14:32:46.832602,46.42,0.0143,48.53,0.0164,1000.0,0.0,4.199,95.2,99,0,60.0,2026-04-29T14:33:46.832400,4.206
2026-04-29T14:32:46.873913,46.42,0.0143,48.54,0.0171,1000.0,0.0,4.199,95.2,99,0,60.0,2026-04-29T14:33:46.873767,4.206
2026-04-29T14:32:46.909005,46.42,0.0143,48.55,0.0174,1000.0,0.0,4.199,95.2,99,0,60.0,2026-04-29T14:33:46.908875,4.206
2026-04-29T14:32:47.873358,46.46,0.0118,48.58,0.017,1000.0,0.0,4.199,95.2,99,0,60.0,2026-04-29T14:33:47.873192,4.206
2026-04-29T14:32:47.909426,46.46,0.0118,48.59,0.0164,1000.0,0.0,4.199,95.2,99,0,60.0,2026-04-29T14:33:47.909293,4.206
2026-04-29T14:32:48.907057,46.46,0.0118,48.62,0.016,1000.0,0.0,4.199,95.2,99,0,60.0,2026-04-29T14:33:48.906843,4.206
2026-04-29T14:32:48.952782,46.52,0.0118,48.64,0.0146,1000.0,0.0,4.199,95.2,99,0,60.0,2026-04-29T14:33:48.952571,4.206
2026-04-29T14:32:48.988781,46.52,0.0118,48.64,0.0149,1000.0,0.0,4.199,95.2,99,0,60.0,2026-04-29T14:33:48.988645,4.206
2026-04-29T14:32:49.964944,46.58,0.0118,48.68,0.0152,1000.0,0.0,4.199,95.2,99,0,60.0,2026-04-29T14:33:49.964760,4.206
2026-04-29T14:32:50.009145,46.58,0.022,48.69,0.0189,1000.0,0.0,4.199,95.2,99,0,60.0,2026-04-29T14:33:50.008995,4.206
2026-04-29T14:32:50.045388,46.58,0.022,48.7,0.0213,1000.0,0.0,4.199,95.2,99,0,60.0,2026-04-29T14:33:50.045249,4.206
2026-04-29T14:32:51.025549,46.63,0.0202,48.74,0.0234,1000.0,0.0,4.199,95.2,99,0,60.0,2026-04-29T14:33:51.025371,4.206
2026-04-29T14:32:51.066714,46.63,0.0202,48.75,0.0232,1000.0,0.0,4.199,95.2,99,0,60.0,2026-04-29T14:33:51.066565,4.206
2026-04-29T14:32:51.103028,46.63,0.0202,48.75,0.0234,1000.0,0.0,4.199,95.2,99,0,60.0,2026-04-29T14:33:51.102793,4.206
2026-04-29T14:32:52.078200,46.7,0.0152,48.8,0.0223,1000.0,0.0,4.199,95.2,99,0,60.0,2026-04-29T14:33:52.078000,4.206
2026-04-29T14:32:52.117525,46.7,0.0175,48.81,0.0218,1000.0,0.0,4.199,95.1,99,0,60.0,2026-04-29T14:33:52.117332,4.206
2026-04-29T14:32:52.152977,46.7,0.0175,48.82,0.0216,1000.0,0.0,4.199,95.1,99,0,60.0,2026-04-29T14:33:52.152846,4.206
2026-04-29T14:32:53.135862,46.75,0.0211,48.86,0.0218,1000.0,0.0,4.199,95.1,99,0,60.0,2026-04-29T14:33:53.135675,4.206
2026-04-29T14:32:53.174180,46.75,0.0211,48.87,0.023,1000.0,0.0,4.199,95.1,99,0,60.0,2026-04-29T14:33:53.174036,4.206
2026-04-29T14:32:54.157167,46.75,0.0211,48.9,0.0238,1000.0,0.0,4.199,95.1,99,0,60.0,2026-04-29T14:33:54.156922,4.206
2026-04-29T14:32:54.203885,46.8,0.0177,48.92,0.0228,1000.0,0.0,4.199,95.1,99,0,60.0,2026-04-29T14:33:54.203721,4.206
2026-04-29T14:32:54.240087,46.8,0.0177,48.92,0.0222,1000.0,0.0,4.199,95.1,99,0,60.0,2026-04-29T14:33:54.239973,4.206
2026-04-29T14:32:55.213125,46.85,0.0177,48.96,0.0218,1000.0,0.0,4.199,95.1,99,0,60.0,2026-04-29T14:33:55.212891,4.206
2026-04-29T14:32:55.256716,46.85,0.0177,48.97,0.0202,1000.0,0.0,4.199,95.1,99,0,60.0,2026-04-29T14:33:55.256567,4.206
2026-04-29T14:32:55.292511,46.85,0.0177,48.97,0.0206,1000.0,0.0,4.199,95.1,99,0,60.0,2026-04-29T14:33:55.292381,4.206
2026-04-29T14:32:56.263276,46.9,0.0108,49.01,0.0199,1000.0,0.0,4.199,95.1,99,0,60.0,2026-04-29T14:33:56.263078,4.206
2026-04-29T14:32:56.304467,46.9,0.0193,49.02,0.0212,1000.0,0.0,4.199,95.1,99,0,60.0,2026-04-29T14:33:56.304320,4.206
2026-04-29T14:32:56.340096,46.9,0.0193,49.03,0.0218,1000.0,0.0,4.199,95.1,99,0,60.0,2026-04-29T14:33:56.339960,4.206
2026-04-29T14:32:57.321074,46.95,0.0193,49.07,0.0225,1000.0,0.0,4.199,95.1,99,0,60.0,2026-04-29T14:33:57.320887,4.206
2026-04-29T14:32:57.360891,46.95,0.0219,49.07,0.0238,1000.0,0.0,4.199,95.1,99,0,60.0,2026-04-29T14:33:57.360780,4.206
2026-04-29T14:32:57.396983,46.95,0.0219,49.08,0.0244,1000.0,0.0,4.199,95.1,99,0,60.0,2026-04-29T14:33:57.396839,4.206
2026-04-29T14:32:58.374372,47.0,0.0219,49.12,0.0248,1000.0,0.0,4.199,95.1,99,0,60.0,2026-04-29T14:33:58.374217,4.206
2026-04-29T14:32:58.412042,47.0,0.0219,49.13,0.0251,1000.0,0.0,4.199,95.1,99,0,60.0,2026-04-29T14:33:58.411880,4.206
2026-04-29T14:32:59.383592,47.0,0.0219,49.16,0.0253,1000.0,0.0,4.199,95.1,99,0,60.0,2026-04-29T14:33:59.383404,4.206
2026-04-29T14:32:59.424923,47.06,0.0236,49.17,0.0255,1000.0,0.0,4.199,95.1,99,0,60.0,2026-04-29T14:33:59.424781,4.206
2026-04-29T14:32:59.460350,47.06,0.0236,49.18,0.0261,1000.0,0.0,4.199,95.1,99,0,60.0,2026-04-29T14:33:59.460221,4.206
2026-04-29T14:33:00.452401,47.1,0.0236,49.21,0.0268,1000.0,0.0,4.199,95.1,98,0,60.0,2026-04-29T14:34:00.452120,4.206
2026-04-29T14:33:00.494926,47.1,0.0236,49.22,0.0267,1000.0,0.0,4.199,95.1,98,0,60.0,2026-04-29T14:34:00.494803,4.206
2026-04-29T14:33:00.530815,47.1,0.0236,49.22,0.0269,1000.0,0.0,4.199,95.1,98,0,60.0,2026-04-29T14:34:00.530684,4.206
2026-04-29T14:33:01.489818,47.16,0.0202,49.26,0.0266,1000.0,0.0,4.199,95.0,98,0,60.0,2026-04-29T14:34:01.489667,4.206
2026-04-29T14:33:01.526538,47.16,0.0169,49.27,0.0238,1000.0,0.0,4.199,95.0,98,0,60.0,2026-04-29T14:34:01.526398,4.206
2026-04-29T14:33:01.563082,47.16,0.0169,49.28,0.0227,1000.0,0.0,4.199,95.0,98,0,60.0,2026-04-29T14:34:01.562953,4.206
2026-04-29T14:33:02.562813,47.21,0.0167,49.32,0.0214,1000.0,0.0,4.199,95.0,99,0,60.0,2026-04-29T14:34:02.562630,4.206
2026-04-29T14:33:02.604083,47.21,0.0167,49.33,0.0209,1000.0,0.0,4.199,95.0,99,0,60.0,2026-04-29T14:34:02.603953,4.206
2026-04-29T14:33:02.639758,47.21,0.0167,49.33,0.0207,1000.0,0.0,4.199,95.0,99,0,60.0,2026-04-29T14:34:02.639639,4.206
2026-04-29T14:33:03.618472,47.26,0.0067,49.38,0.0156,1000.0,0.0,4.199,95.0,99,0,60.0,2026-04-29T14:34:03.618248,4.206
2026-04-29T14:33:03.657011,47.26,0.0067,49.38,0.0135,1000.0,0.0,4.199,95.0,99,0,60.0,2026-04-29T14:34:03.656879,4.206
2026-04-29T14:33:04.639477,47.26,0.0067,49.41,0.0122,1000.0,0.0,4.199,95.0,99,0,60.0,2026-04-29T14:34:04.639260,4.206
2026-04-29T14:33:04.684903,47.32,0.0049,49.43,0.0087,1000.0,0.0,4.199,95.0,99,0,60.0,2026-04-29T14:34:04.684712,4.206
2026-04-29T14:33:04.720899,47.32,0.0049,49.44,0.0087,1000.0,0.0,4.199,95.0,99,0,60.0,2026-04-29T14:34:04.720756,4.206
2026-04-29T14:33:05.697476,47.38,0.0049,49.48,0.0086,1000.0,0.0,4.199,95.0,99,0,60.0,2026-04-29T14:34:05.697043,4.206
2026-04-29T14:33:05.785326,47.38,0.0135,49.5,0.0112,1000.0,0.0,4.199,95.0,99,0,60.0,2026-04-29T14:34:05.766613,4.206
2026-04-29T14:33:05.834190,47.38,0.0135,49.5,0.0135,1000.0,0.0,4.199,95.0,98,0,60.0,2026-04-29T14:34:05.833990,4.206
2026-04-29T14:33:06.752674,47.43,0.0049,49.54,0.0141,1000.0,0.0,4.199,95.0,98,0,60.0,2026-04-29T14:34:06.752423,4.206
2026-04-29T14:33:06.793662,47.43,0.0135,49.55,0.0155,1000.0,0.0,4.199,95.0,98,0,60.0,2026-04-29T14:34:06.793538,4.206
2026-04-29T14:33:06.830844,47.43,0.0135,49.56,0.016,1000.0,0.0,4.199,95.0,98,0,60.0,2026-04-29T14:34:06.830700,4.206
2026-04-29T14:33:07.790922,47.5,0.0031,49.6,0.0138,1000.0,0.0,4.199,95.0,98,0,60.0,2026-04-29T14:34:07.790765,4.206
2026-04-29T14:33:07.828277,47.5,0.0127,49.61,0.0148,1000.0,0.0,4.199,95.0,98,0,60.0,2026-04-29T14:34:07.828092,4.206
2026-04-29T14:33:07.863684,47.5,0.0127,49.62,0.0153,1000.0,0.0,4.199,95.0,98,0,60.0,2026-04-29T14:34:07.863566,4.206
2026-04-29T14:33:08.832819,47.54,0.0236,49.66,0.0161,1000.0,0.0,4.199,95.0,98,0,60.0,2026-04-29T14:34:08.832644,4.206
2026-04-29T14:33:08.870500,47.54,0.0236,49.66,0.0206,1000.0,0.0,4.199,95.0,98,0,60.0,2026-04-29T14:34:08.870346,4.206
2026-04-29T14:33:09.863856,47.54,0.0236,49.69,0.0236,1000.0,0.0,4.199,95.0,98,0,60.0,2026-04-29T14:34:09.863685,4.206
2026-04-29T14:33:09.904479,47.59,0.0236,49.71,0.0256,1000.0,0.0,4.199,94.9,98,0,60.0,2026-04-29T14:34:09.904330,4.206
2026-04-29T14:33:09.940045,47.59,0.0236,49.71,0.0263,1000.0,0.0,4.199,94.9,98,0,60.0,2026-04-29T14:34:09.939912,4.206
2026-04-29T14:33:10.932571,47.65,0.0236,49.75,0.0268,1000.0,0.0,4.199,94.9,98,0,60.0,2026-04-29T14:34:10.932167,4.206
2026-04-29T14:33:10.976189,47.65,0.022,49.76,0.026,1000.0,0.0,4.199,94.9,98,0,60.0,2026-04-29T14:34:10.976056,4.206
2026-04-29T14:33:11.012535,47.65,0.022,49.77,0.0259,1000.0,0.0,4.199,94.9,98,0,60.0,2026-04-29T14:34:11.012400,4.206
2026-04-29T14:33:11.978531,47.69,0.0194,49.81,0.0254,1000.0,0.0,4.199,94.9,98,0,60.0,2026-04-29T14:34:11.978321,4.206
2026-04-29T14:33:12.032861,47.69,0.0202,49.81,0.0247,1000.0,0.0,4.199,94.9,98,0,60.0,2026-04-29T14:34:12.032690,4.206
2026-04-29T14:33:12.098219,47.69,0.0202,49.82,0.0244,1000.0,0.0,4.199,94.9,98,0,60.0,2026-04-29T14:34:12.097998,4.206
2026-04-29T14:33:13.040835,47.73,0.0202,49.85,0.0242,1000.0,0.0,4.199,94.9,98,0,60.0,2026-04-29T14:34:13.040662,4.206
2026-04-29T14:33:13.088373,47.73,0.0202,49.86,0.0241,1000.0,0.0,4.199,94.9,98,0,60.0,2026-04-29T14:34:13.088205,4.206
2026-04-29T14:33:13.137157,47.73,0.0202,49.86,0.024,1000.0,0.0,4.199,94.9,98,0,60.0,2026-04-29T14:34:13.136972,4.206
2026-04-29T14:33:14.095358,47.75,0.0202,49.88,0.024,1000.0,0.0,4.199,94.9,98,0,60.0,2026-04-29T14:34:14.095124,4.206
2026-04-29T14:33:14.141762,47.75,0.0202,49.88,0.024,1000.0,0.0,4.199,94.9,98,0,60.0,2026-04-29T14:34:14.141608,4.206
2026-04-29T14:33:15.118471,47.75,0.0202,49.91,0.024,1000.0,0.0,4.199,94.9,98,0,60.0,2026-04-29T14:34:15.118202,4.206
2026-04-29T14:33:15.172403,47.79,0.0219,49.92,0.0233,1000.0,0.0,4.199,94.9,98,0,60.0,2026-04-29T14:34:15.172225,4.206
2026-04-29T14:33:15.225787,47.79,0.0219,49.92,0.0242,1000.0,0.0,4.199,94.9,98,0,60.0,2026-04-29T14:34:15.225610,4.206
2026-04-29T14:33:16.165885,47.84,0.0219,49.95,0.0249,1000.0,0.0,4.199,94.9,98,0,60.0,2026-04-29T14:34:16.165700,4.206
2026-04-29T14:33:16.217131,47.84,0.0219,49.95,0.0246,1000.0,0.0,4.199,94.9,98,0,60.0,2026-04-29T14:34:16.216883,4.206
2026-04-29T14:33:16.270803,47.84,0.0219,49.96,0.025,1000.0,0.0,4.199,94.9,98,0,60.0,2026-04-29T14:34:16.270618,4.206
2026-04-29T14:33:17.226670,47.88,0.0126,49.99,0.0239,1000.0,0.0,4.199,94.9,98,0,60.0,2026-04-29T14:34:17.226453,4.206
2026-04-29T14:33:17.277165,47.88,0.0135,50.0,0.0207,1000.0,0.0,4.199,94.9,98,0,60.0,2026-04-29T14:34:17.276974,4.206
2026-04-29T14:33:17.331329,47.88,0.0135,50.0,0.0195,1000.0,0.0,4.199,94.9,98,0,60.0,2026-04-29T14:34:17.331163,4.206
2026-04-29T14:33:18.282111,47.9,0.0135,50.03,0.0181,1000.0,0.0,4.199,94.9,98,0,60.0,2026-04-29T14:34:18.281928,4.206
2026-04-29T14:33:18.332112,47.9,0.0167,50.03,0.0191,1000.0,0.0,4.199,94.9,98,0,60.0,2026-04-29T14:34:18.331939,4.206
2026-04-29T14:33:18.385215,47.9,0.0167,50.03,0.0195,1000.0,0.0,4.199,94.9,98,0,60.0,2026-04-29T14:34:18.385028,4.206
2026-04-29T14:33:19.330141,47.97,0.0193,50.07,0.0197,1000.0,0.0,4.199,94.9,98,0,60.0,2026-04-29T14:34:19.329964,4.206
2026-04-29T14:33:19.384456,47.97,0.0193,50.08,0.021,1000.0,0.0,4.199,94.9,98,0,60.0,2026-04-29T14:34:19.384068,4.206
2026-04-29T14:33:20.361350,47.97,0.0193,50.11,0.022,1000.0,0.0,4.199,94.9,98,0,60.0,2026-04-29T14:34:20.361103,4.206
2026-04-29T14:33:20.431763,48.0,0.0135,50.11,0.0194,1000.0,0.0,4.199,94.9,98,0,60.0,2026-04-29T14:34:20.431551,4.206
2026-04-29T14:33:20.502084,48.0,0.0135,50.12,0.0185,1000.0,0.0,4.199,94.9,98,0,60.0,2026-04-29T14:34:20.501695,4.206
2026-04-29T14:33:21.418896,48.04,0.0135,50.14,0.0179,1000.0,0.0,4.199,94.8,98,0,60.0,2026-04-29T14:34:21.418649,4.206
2026-04-29T14:33:21.489506,48.04,0.0152,50.15,0.0181,1000.0,0.0,4.199,94.8,98,0,60.0,2026-04-29T14:34:21.489284,4.206
2026-04-29T14:33:21.559394,48.04,0.0152,50.16,0.0184,1000.0,0.0,4.199,94.8,98,0,60.0,2026-04-29T14:34:21.559182,4.206
2026-04-29T14:33:22.481429,48.07,0.0135,50.18,0.0184,1000.0,0.0,4.199,94.8,98,0,60.0,2026-04-29T14:34:22.481185,4.206
2026-04-29T14:33:22.575322,48.07,0.0202,50.19,0.0206,1000.0,0.0,4.199,94.8,98,0,60.0,2026-04-29T14:34:22.575068,4.206
2026-04-29T14:33:22.675605,48.07,0.0202,50.19,0.0218,1000.0,0.0,4.199,94.8,98,0,60.0,2026-04-29T14:34:22.675338,4.206
2026-04-29T14:33:23.597205,48.11,0.0177,50.22,0.0227,1000.0,0.0,4.199,94.8,98,0,60.0,2026-04-29T14:34:23.596724,4.206
2026-04-29T14:33:23.854225,48.11,0.0202,50.23,0.0233,1000.0,0.0,4.199,94.8,98,0,60.0,2026-04-29T14:34:23.853672,4.206
2026-04-29T14:33:24.177714,48.11,0.0202,50.24,0.0236,1000.0,0.0,4.199,94.8,98,0,60.0,2026-04-29T14:34:24.160971,4.206
2026-04-29T14:33:25.167967,48.15,0.0177,50.27,0.0228,1000.0,0.0,4.199,94.8,98,0,60.0,2026-04-29T14:34:25.165598,4.206
2026-04-29T14:33:25.487406,48.15,0.0177,50.28,0.022,1000.0,0.0,4.199,94.8,98,0,60.0,2026-04-29T14:34:25.486750,4.206
2026-04-29T14:33:25.974772,48.15,0.0177,50.28,0.0217,1000.0,0.0,4.199,94.8,98,0,60.0,2026-04-29T14:34:25.952426,4.206
2026-04-29T14:33:26.700156,48.16,0.0202,50.3,0.02,1000.0,0.0,4.199,94.8,98,0,60.0,2026-04-29T14:34:26.699451,4.206
2026-04-29T14:33:27.063779,48.16,0.0202,50.3,0.0222,1000.0,0.0,4.199,94.8,98,0,60.0,2026-04-29T14:34:27.062837,4.206
2026-04-29T14:33:27.371126,48.21,0.0202,50.3,0.0231,1000.0,0.0,4.199,94.8,98,0,60.0,2026-04-29T14:34:27.370519,4.206
2026-04-29T14:33:27.589405,48.21,0.0202,50.32,0.0224,1000.0,0.0,4.199,94.8,98,0,60.0,2026-04-29T14:34:27.588976,4.206
2026-04-29T14:33:27.775718,48.21,0.0202,50.33,0.023,1000.0,0.0,4.199,94.8,98,0,60.0,2026-04-29T14:34:27.759565,4.206
2026-04-29T14:33:28.132065,48.25,0.0144,50.34,0.0228,1000.0,0.0,4.199,94.8,98,0,60.0,2026-04-29T14:34:28.131105,4.206
2026-04-29T14:33:28.320942,48.25,0.0186,50.36,0.0222,1000.0,0.0,4.199,94.8,98,0,60.0,2026-04-29T14:34:28.320271,4.206
2026-04-29T14:33:28.497531,48.25,0.0186,50.37,0.0223,1000.0,0.0,4.199,94.8,98,0,60.0,2026-04-29T14:34:28.496782,4.206
2026-04-29T14:33:28.867532,48.31,0.0186,50.4,0.0218,1000.0,0.0,4.199,94.8,98,0,60.0,2026-04-29T14:34:28.866964,4.206
2026-04-29T14:33:29.046992,48.31,0.0186,50.41,0.022,1000.0,0.0,4.199,94.8,98,0,60.0,2026-04-29T14:34:29.046296,4.206
2026-04-29T14:33:29.237508,48.31,0.0186,50.43,0.0221,1000.0,0.0,4.199,94.8,98,0,60.0,2026-04-29T14:34:29.237059,4.206
2026-04-29T14:33:30.027562,48.37,0.0135,50.47,0.0202,1000.0,0.0,4.199,94.8,99,0,60.0,2026-04-29T14:34:30.026967,4.206
2026-04-29T14:33:30.168510,48.37,0.0135,50.48,0.0188,1000.0,0.0,4.199,94.8,99,0,60.0,2026-04-29T14:34:30.168104,4.206
2026-04-29T14:33:30.856799,48.37,0.0135,50.51,0.0181,1000.0,0.0,4.199,94.8,99,0,60.0,2026-04-29T14:34:30.855825,4.206
2026-04-29T14:33:31.005474,48.45,0.0175,50.54,0.0184,1000.0,0.0,4.199,94.7,99,0,60.0,2026-04-29T14:34:31.005094,4.206
2026-04-29T14:33:31.167438,48.45,0.0175,50.55,0.0196,1000.0,0.0,4.199,94.7,99,0,60.0,2026-04-29T14:34:31.167041,4.206
2026-04-29T14:33:32.028483,48.52,0.0175,50.59,0.0205,1000.0,0.0,4.199,94.7,99,0,60.0,2026-04-29T14:34:32.028019,4.206
2026-04-29T14:33:32.269886,48.52,0.0177,50.62,0.021,1000.0,0.0,4.199,94.7,99,0,60.0,2026-04-29T14:34:32.269488,4.206
2026-04-29T14:33:32.465397,48.52,0.0177,50.63,0.0212,1000.0,0.0,4.199,94.7,99,0,60.0,2026-04-29T14:34:32.464967,4.206
2026-04-29T14:33:32.992986,48.59,0.0175,50.66,0.0213,1000.0,0.0,4.199,94.7,99,0,60.0,2026-04-29T14:34:32.992277,4.206
2026-04-29T14:33:33.144607,48.59,0.0177,50.69,0.0214,1000.0,0.0,4.199,94.7,99,0,60.0,2026-04-29T14:34:33.143902,4.206
2026-04-29T14:33:33.312858,48.59,0.0177,50.7,0.0214,1000.0,0.0,4.199,94.7,99,0,60.0,2026-04-29T14:34:33.312195,4.206
2026-04-29T14:33:34.287993,48.66,0.0118,50.75,0.0204,1000.0,0.0,4.199,94.7,99,0,60.0,2026-04-29T14:34:34.287700,4.206
2026-04-29T14:33:34.662336,48.66,0.0167,50.77,0.0205,1000.0,0.0,4.199,94.7,99,0,60.0,2026-04-29T14:34:34.661849,4.206
2026-04-29T14:33:34.803429,48.66,0.0167,50.78,0.0205,1000.0,0.0,4.199,94.7,99,0,60.0,2026-04-29T14:34:34.802950,4.206
2026-04-29T14:33:35.119149,48.73,0.0212,50.81,0.02,1000.0,0.0,4.199,94.7,99,0,60.0,2026-04-29T14:34:35.118742,4.206
2026-04-29T14:33:35.300866,48.73,0.0212,50.83,0.0219,1000.0,0.0,4.199,94.7,99,0,60.0,2026-04-29T14:34:35.297749,4.206
2026-04-29T14:33:36.109061,48.73,0.0212,50.86,0.0234,1000.0,0.0,4.199,94.7,99,0,60.0,2026-04-29T14:34:36.108483,4.206
2026-04-29T14:33:36.248446,48.79,0.0212,50.89,0.024,1000.0,0.0,4.199,94.7,99,0,60.0,2026-04-29T14:34:36.247698,4.206
2026-04-29T14:33:36.520495,48.79,0.0212,50.91,0.0244,1000.0,0.0,4.199,94.7,99,0,60.0,2026-04-29T14:34:36.520008,4.206
2026-04-29T14:33:37.175855,48.85,0.0212,50.94,0.0247,1000.0,0.0,4.199,94.7,99,0,60.0,2026-04-29T14:34:37.175214,4.206
2026-04-29T14:33:37.375795,48.85,0.0193,50.96,0.0238,1000.0,0.0,4.199,94.7,99,0,60.0,2026-04-29T14:34:37.375048,4.206
2026-04-29T14:33:37.536865,48.85,0.0193,50.97,0.0235,1000.0,0.0,4.199,94.7,99,0,60.0,2026-04-29T14:34:37.536397,4.206
2026-04-29T14:33:38.225872,48.91,0.0193,51.0,0.0234,1000.0,0.0,4.199,94.6,99,0,60.0,2026-04-29T14:34:38.225224,4.206
2026-04-29T14:33:38.372516,48.91,0.0193,51.01,0.0233,1000.0,0.0,4.199,94.6,99,0,60.0,2026-04-29T14:34:38.371953,4.206
2026-04-29T14:33:38.560445,48.91,0.0193,51.02,0.0232,1000.0,0.0,4.199,94.6,99,0,60.0,2026-04-29T14:34:38.559673,4.206
2026-04-29T14:33:39.308857,48.98,0.0167,51.06,0.0225,1000.0,0.0,4.199,94.6,99,0,60.0,2026-04-29T14:34:39.308403,4.206
2026-04-29T14:33:39.498494,48.98,0.0202,51.08,0.0232,1000.0,0.0,4.199,94.6,99,0,60.0,2026-04-29T14:34:39.497962,4.206
2026-04-29T14:33:39.662004,48.98,0.0202,51.09,0.0236,1000.0,0.0,4.199,94.6,99,0,60.0,2026-04-29T14:34:39.661532,4.206
2026-04-29T14:33:40.460271,49.03,0.0167,51.13,0.0214,1000.0,0.0,4.199,94.6,99,0,60.0,2026-04-29T14:34:40.459401,4.206
2026-04-29T14:33:40.632750,49.03,0.0167,51.14,0.021,1000.0,0.0,4.199,94.6,99,0,60.0,2026-04-29T14:34:40.632013,4.206
2026-04-29T14:33:41.338465,49.03,0.0167,51.17,0.0208,1000.0,0.0,4.199,94.6,99,0,60.0,2026-04-29T14:34:41.337783,4.206
2026-04-29T14:33:41.497528,49.1,0.0167,51.19,0.0187,1000.0,0.0,4.199,94.6,99,0,60.0,2026-04-29T14:34:41.496878,4.206
2026-04-29T14:33:41.669050,49.1,0.0167,51.21,0.0195,1000.0,0.0,4.199,94.6,99,0,60.0,2026-04-29T14:34:41.668549,4.206
2026-04-29T14:33:42.463947,49.15,0.0167,51.24,0.02,1000.0,0.0,4.199,94.6,99,0,60.0,2026-04-29T14:34:42.463485,4.206
2026-04-29T14:33:42.734307,49.15,0.0211,51.26,0.022,1000.0,0.0,4.199,94.6,99,0,60.0,2026-04-29T14:34:42.733775,4.206
2026-04-29T14:33:42.896461,49.15,0.0211,51.27,0.0233,1000.0,0.0,4.199,94.6,99,0,60.0,2026-04-29T14:34:42.896005,4.206
2026-04-29T14:33:43.494933,49.2,0.0184,51.3,0.0238,1000.0,0.0,4.199,94.6,99,0,60.0,2026-04-29T14:34:43.494518,4.206
2026-04-29T14:33:43.679840,49.2,0.0211,51.31,0.0243,1000.0,0.0,4.199,94.6,99,0,60.0,2026-04-29T14:34:43.679447,4.206
2026-04-29T14:33:43.899813,49.2,0.0211,51.32,0.0246,1000.0,0.0,4.199,94.6,99,0,60.0,2026-04-29T14:34:43.898819,4.206
2026-04-29T14:33:44.570302,49.25,0.0162,51.35,0.0235,1000.0,0.0,4.199,94.6,99,0,60.0,2026-04-29T14:34:44.569918,4.206
2026-04-29T14:33:44.825300,49.25,0.0236,51.37,0.0253,1000.0,0.0,4.199,94.6,99,0,60.0,2026-04-29T14:34:44.824661,4.206
2026-04-29T14:33:45.012838,49.25,0.0236,51.37,0.0262,1000.0,0.0,4.199,94.6,99,0,60.0,2026-04-29T14:34:45.012373,4.206
2026-04-29T14:33:45.655462,49.32,0.0287,51.42,0.0271,1000.0,0.0,4.199,94.6,99,0,60.0,2026-04-29T14:34:45.654768,4.206
2026-04-29T14:33:45.851800,49.32,0.0287,51.43,0.0295,1000.0,0.0,4.199,94.6,99,0,60.0,2026-04-29T14:34:45.851405,4.206
2026-04-29T14:33:46.595357,49.32,0.0287,51.46,0.0309,1000.0,0.0,4.199,94.6,98,0,60.0,2026-04-29T14:34:46.594870,4.206
2026-04-29T14:33:46.763164,49.4,0.0175,51.49,0.0272,1000.0,0.0,4.199,94.5,98,0,60.0,2026-04-29T14:34:46.762628,4.206
2026-04-29T14:33:46.883378,49.4,0.0175,51.5,0.0247,1000.0,0.0,4.199,94.5,98,0,60.0,2026-04-29T14:34:46.882921,4.206
2026-04-29T14:33:47.760824,49.47,0.0175,51.54,0.0231,1000.0,0.0,4.199,94.5,98,0,60.0,2026-04-29T14:34:47.760409,4.206
2026-04-29T14:33:48.018331,49.47,0.0175,51.57,0.0205,1000.0,0.0,4.199,94.5,98,0,60.0,2026-04-29T14:34:48.017882,4.206
2026-04-29T14:33:48.326002,49.47,0.0175,51.58,0.0209,1000.0,0.0,4.199,94.5,98,0,60.0,2026-04-29T14:34:48.313481,4.206
2026-04-29T14:33:48.728701,49.54,0.0175,51.61,0.0211,1000.0,0.0,4.199,94.5,99,0,60.0,2026-04-29T14:34:48.728231,4.206
2026-04-29T14:33:48.876226,49.54,0.0238,51.63,0.0238,1000.0,0.0,4.199,94.5,99,0,60.0,2026-04-29T14:34:48.875335,4.206
2026-04-29T14:33:49.010584,49.54,0.0238,51.65,0.0253,1000.0,0.0,4.199,94.5,99,0,60.0,2026-04-29T14:34:49.010156,4.206
2026-04-29T14:33:49.866951,49.61,0.0219,51.69,0.0261,1000.0,0.0,4.199,94.5,99,0,60.0,2026-04-29T14:34:49.847488,4.206
2026-04-29T14:33:50.100009,49.61,0.027,51.72,0.0285,1000.0,0.0,4.199,94.5,99,0,60.0,2026-04-29T14:34:50.091087,4.206
2026-04-29T14:33:50.291401,49.61,0.027,51.73,0.0296,1000.0,0.0,4.199,94.5,98,0,60.0,2026-04-29T14:34:50.290739,4.206
2026-04-29T14:33:50.859155,49.66,0.027,51.76,0.0298,1000.0,0.0,4.199,94.5,98,0,60.0,2026-04-29T14:34:50.858742,4.206
2026-04-29T14:33:50.988880,49.66,0.027,51.77,0.0303,1000.0,0.0,4.199,94.5,98,0,60.0,2026-04-29T14:34:50.988369,4.206
2026-04-29T14:33:51.869430,49.66,0.027,51.8,0.0306,1000.0,0.0,4.199,94.5,98,0,60.0,2026-04-29T14:34:51.862638,4.206
2026-04-29T14:33:52.070619,49.72,0.0253,51.83,0.0295,1000.0,0.0,4.199,94.5,99,0,60.0,2026-04-29T14:34:52.070196,4.206
2026-04-29T14:33:52.200783,49.72,0.0253,51.84,0.0294,1000.0,0.0,4.199,94.5,99,0,60.0,2026-04-29T14:34:52.200306,4.206
2026-04-29T14:33:52.920892,49.76,0.0253,51.86,0.0293,1000.0,0.0,4.199,94.5,99,0,60.0,2026-04-29T14:34:52.920407,4.206
2026-04-29T14:33:53.244081,49.76,0.027,51.88,0.0299,1000.0,0.0,4.199,94.5,99,0,60.0,2026-04-29T14:34:53.243541,4.206
2026-04-29T14:33:53.449784,49.76,0.027,51.89,0.0303,1000.0,0.0,4.199,94.5,99,0,60.0,2026-04-29T14:34:53.449303,4.206
2026-04-29T14:33:54.088342,49.83,0.027,51.92,0.0307,1000.0,0.0,4.199,94.4,99,0,60.0,2026-04-29T14:34:54.087705,4.206
2026-04-29T14:33:54.223935,49.83,0.027,51.93,0.0308,1000.0,0.0,4.199,94.4,99,0,60.0,2026-04-29T14:34:54.223307,4.206
2026-04-29T14:33:54.363880,49.83,0.027,51.94,0.0308,1000.0,0.0,4.199,94.4,99,0,60.0,2026-04-29T14:34:54.363261,4.206
2026-04-29T14:33:55.017576,49.87,0.027,51.97,0.0309,1000.0,0.0,4.199,94.4,99,0,60.0,2026-04-29T14:34:55.016953,4.206
2026-04-29T14:33:55.165512,49.87,0.027,51.98,0.0309,1000.0,0.0,4.199,94.4,99,0,60.0,2026-04-29T14:34:55.164573,4.206
2026-04-29T14:33:55.349302,49.87,0.027,51.99,0.0309,1000.0,0.0,4.199,94.4,99,0,60.0,2026-04-29T14:34:55.348655,4.206
2026-04-29T14:33:56.106708,49.91,0.0202,52.02,0.0275,1000.0,0.0,4.199,94.4,99,0,60.0,2026-04-29T14:34:56.106058,4.206
2026-04-29T14:33:56.243110,49.91,0.0202,52.03,0.0261,1000.0,0.0,4.199,94.4,99,0,60.0,2026-04-29T14:34:56.242666,4.206
2026-04-29T14:33:57.087237,49.91,0.0202,52.05,0.0252,1000.0,0.0,4.199,94.4,99,0,60.0,2026-04-29T14:34:57.086919,4.206
2026-04-29T14:33:57.279063,49.97,0.0288,52.07,0.0248,1000.0,0.0,4.199,94.4,99,0,60.0,2026-04-29T14:34:57.278592,4.206
2026-04-29T14:33:57.463274,49.97,0.0288,52.08,0.0283,1000.0,0.0,4.199,94.4,99,0,60.0,2026-04-29T14:34:57.462725,4.206
2026-04-29T14:33:58.131799,50.02,0.0288,52.11,0.0306,1000.0,0.0,4.199,94.4,99,0,60.0,2026-04-29T14:34:58.129609,4.206
2026-04-29T14:33:58.441047,50.02,0.0288,52.13,0.0306,1000.0,0.0,4.199,94.4,99,0,60.0,2026-04-29T14:34:58.440344,4.206
2026-04-29T14:33:58.645296,50.02,0.0288,52.14,0.0316,1000.0,0.0,4.199,94.4,99,0,60.0,2026-04-29T14:34:58.644786,4.206
2026-04-29T14:33:59.217880,50.06,0.0177,52.16,0.0307,1000.0,0.0,4.199,94.4,99,0,60.0,2026-04-29T14:34:59.217470,4.206
2026-04-29T14:33:59.428096,50.06,0.0243,52.17,0.029,1000.0,0.0,4.199,94.4,99,0,60.0,2026-04-29T14:34:59.427611,4.206
2026-04-29T14:33:59.679827,50.06,0.0243,52.18,0.0287,1000.0,0.0,4.199,94.4,99,0,60.0,2026-04-29T14:34:59.679188,4.206
2026-04-29T14:34:00.255367,50.11,0.0177,52.21,0.0276,1000.0,0.0,4.199,94.4,99,0,60.0,2026-04-29T14:35:00.254730,4.206
2026-04-29T14:34:00.393328,50.11,0.0177,52.22,0.025,1000.0,0.0,4.199,94.4,99,0,60.0,2026-04-29T14:35:00.392846,4.206
2026-04-29T14:34:00.583765,50.11,0.0177,52.22,0.0237,1000.0,0.0,4.199,94.4,99,0,60.0,2026-04-29T14:35:00.582961,4.206
2026-04-29T14:34:01.345486,50.16,0.0177,52.26,0.0223,1000.0,0.0,4.199,94.4,99,0,60.0,2026-04-29T14:35:01.344866,4.206
2026-04-29T14:34:01.493064,50.16,0.0177,52.27,0.022,1000.0,0.0,4.199,94.4,99,0,60.0,2026-04-29T14:35:01.492654,4.206
2026-04-29T14:34:02.307380,50.16,0.0177,52.29,0.0219,1000.0,0.0,4.199,94.4,99,0,60.0,2026-04-29T14:35:02.306769,4.206
2026-04-29T14:34:02.466815,50.21,0.027,52.31,0.0244,1000.0,0.0,4.199,94.4,99,0,60.0,2026-04-29T14:35:02.466143,4.206
2026-04-29T14:34:02.628590,50.21,0.027,52.32,0.0272,1000.0,0.0,4.199,94.4,99,0,60.0,2026-04-29T14:35:02.628106,4.206
2026-04-29T14:34:03.384997,50.28,0.027,52.35,0.0291,1000.0,0.0,4.199,94.3,99,0,60.0,2026-04-29T14:35:03.384518,4.206
2026-04-29T14:34:03.594949,50.28,0.0177,52.37,0.0259,1000.0,0.0,4.199,94.3,99,0,60.0,2026-04-29T14:35:03.594478,4.206
2026-04-29T14:34:03.808199,50.28,0.0177,52.38,0.024,1000.0,0.0,4.199,94.3,99,0,60.0,2026-04-29T14:35:03.794873,4.206
2026-04-29T14:34:04.482824,50.34,0.0117,52.41,0.0219,1000.0,0.0,4.199,94.3,99,0,60.0,2026-04-29T14:35:04.479796,4.206
2026-04-29T14:34:04.653156,50.34,0.0177,52.43,0.0212,1000.0,0.0,4.199,94.3,99,0,60.0,2026-04-29T14:35:04.652844,4.206
2026-04-29T14:34:04.829255,50.34,0.0177,52.44,0.0214,1000.0,0.0,4.199,94.3,99,0,60.0,2026-04-29T14:35:04.828733,4.206
2026-04-29T14:34:05.528919,50.41,0.0219,52.48,0.0213,1000.0,0.0,4.199,94.3,99,0,60.0,2026-04-29T14:35:05.528343,4.206
2026-04-29T14:34:05.709379,50.41,0.0279,52.5,0.0261,1000.0,0.0,4.199,94.3,99,0,60.0,2026-04-29T14:35:05.705944,4.206
2026-04-29T14:34:06.011639,50.41,0.0279,52.51,0.0285,1000.0,0.0,4.199,94.3,99,0,60.0,2026-04-29T14:35:06.002676,4.206
2026-04-29T14:34:06.599226,50.46,0.0236,52.55,0.0294,1000.0,0.0,4.199,94.3,99,0,60.0,2026-04-29T14:35:06.598232,4.206
2026-04-29T14:34:06.798194,50.46,0.0236,52.56,0.0286,1000.0,0.0,4.199,94.3,99,0,60.0,2026-04-29T14:35:06.797490,4.206
2026-04-29T14:34:07.565446,50.46,0.0236,52.59,0.0281,1000.0,0.0,4.199,94.3,99,0,60.0,2026-04-29T14:35:07.564762,4.206
2026-04-29T14:34:07.774108,50.53,0.0236,52.62,0.0265,1000.0,0.0,4.199,94.3,99,0,60.0,2026-04-29T14:35:07.759499,4.206
2026-04-29T14:34:08.057160,50.53,0.0236,52.63,0.027,1000.0,0.0,4.199,94.3,99,0,60.0,2026-04-29T14:35:08.023716,4.206
2026-04-29T14:34:08.642335,50.58,0.0236,52.66,0.0273,1000.0,0.0,4.199,94.3,99,0,60.0,2026-04-29T14:35:08.641894,4.206
2026-04-29T14:34:08.878528,50.58,0.0279,52.68,0.0286,1000.0,0.0,4.199,94.3,99,0,60.0,2026-04-29T14:35:08.878109,4.206
2026-04-29T14:34:09.027097,50.58,0.0279,52.69,0.03,1000.0,0.0,4.199,94.3,99,0,60.0,2026-04-29T14:35:09.026598,4.206
2026-04-29T14:34:09.700781,50.64,0.027,52.72,0.0308,1000.0,0.0,4.199,94.3,99,0,60.0,2026-04-29T14:35:09.699717,4.206
2026-04-29T14:34:09.907691,50.64,0.0287,52.74,0.0316,1000.0,0.0,4.199,94.3,99,0,60.0,2026-04-29T14:35:09.899549,4.206
2026-04-29T14:34:10.500196,50.64,0.0287,52.76,0.0323,1000.0,0.0,4.199,94.3,99,0,60.0,2026-04-29T14:35:10.499773,4.206
2026-04-29T14:34:10.740876,50.69,0.0287,52.78,0.0324,1000.0,0.0,4.199,94.2,99,0,60.0,2026-04-29T14:35:10.740423,4.206
2026-04-29T14:34:10.864794,50.69,0.0287,52.79,0.0325,1000.0,0.0,4.199,94.2,99,0,60.0,2026-04-29T14:35:10.862613,4.206
2026-04-29T14:34:10.992754,50.69,0.0287,52.8,0.0326,1000.0,0.0,4.199,94.2,99,0,60.0,2026-04-29T14:35:10.992269,4.206
2026-04-29T14:34:11.898342,50.73,0.0311,52.83,0.0326,1000.0,0.0,4.199,94.2,99,0,60.0,2026-04-29T14:35:11.891471,4.206
2026-04-29T14:34:12.114418,50.73,0.0311,52.85,0.0338,1000.0,0.0,4.199,94.2,99,0,60.0,2026-04-29T14:35:12.113024,4.206
2026-04-29T14:34:12.780995,50.73,0.0311,52.86,0.0344,1000.0,0.0,4.199,94.2,99,0,60.0,2026-04-29T14:35:12.779702,4.206
2026-04-29T14:34:12.884189,50.78,0.0311,52.88,0.0343,1000.0,0.0,4.199,94.2,99,0,60.0,2026-04-29T14:35:12.883794,4.206
2026-04-29T14:34:13.002102,50.78,0.0311,52.88,0.0346,1000.0,0.0,4.199,94.2,99,0,60.0,2026-04-29T14:35:13.001654,4.206
2026-04-29T14:34:13.921562,50.81,0.0311,52.91,0.0349,1000.0,0.0,4.199,94.2,99,0,60.0,2026-04-29T14:35:13.921170,4.206
2026-04-29T14:34:14.050596,50.81,0.0243,52.92,0.0307,1000.0,0.0,4.199,94.2,99,0,60.0,2026-04-29T14:35:14.050311,4.206
2026-04-29T14:34:14.158490,50.81,0.0243,52.92,0.0298,1000.0,0.0,4.199,94.2,99,0,60.0,2026-04-29T14:35:14.158146,4.206
2026-04-29T14:34:14.898783,50.84,0.0169,52.94,0.0278,1000.0,0.0,4.199,94.2,99,0,60.0,2026-04-29T14:35:14.898393,4.206
2026-04-29T14:34:15.007603,50.84,0.0311,52.95,0.03,1000.0,0.0,4.199,94.2,99,0,60.0,2026-04-29T14:35:15.007277,4.206
2026-04-29T14:34:15.119757,50.84,0.0311,52.95,0.0319,1000.0,0.0,4.199,94.2,99,0,60.0,2026-04-29T14:35:15.119177,4.206
2026-04-29T14:34:15.952663,50.89,0.027,52.98,0.0332,1000.0,0.0,4.199,94.2,99,0,60.0,2026-04-29T14:35:15.952293,4.206
2026-04-29T14:34:16.052447,50.89,0.0311,52.99,0.034,1000.0,0.0,4.199,94.2,99,0,60.0,2026-04-29T14:35:16.051843,4.206
2026-04-29T14:34:16.164346,50.89,0.0311,53.0,0.0344,1000.0,0.0,4.199,94.2,99,0,60.0,2026-04-29T14:35:16.162850,4.206
2026-04-29T14:34:17.006115,50.94,0.0306,53.03,0.0338,1000.0,0.0,4.199,94.2,99,0,60.0,2026-04-29T14:35:17.005885,4.206
2026-04-29T14:34:17.093811,50.94,0.0306,53.04,0.0341,1000.0,0.0,4.199,94.2,99,0,60.0,2026-04-29T14:35:17.093551,4.206
2026-04-29T14:34:18.001996,50.94,0.0306,53.07,0.0344,1000.0,0.0,4.199,94.2,99,0,60.0,2026-04-29T14:35:18.001759,4.206
2026-04-29T14:34:18.073961,50.98,0.0306,53.08,0.034,1000.0,0.0,4.199,94.2,99,0,60.0,2026-04-29T14:35:18.073751,4.206
2026-04-29T14:34:18.144491,50.98,0.0306,53.09,0.0342,1000.0,0.0,4.199,94.2,99,0,60.0,2026-04-29T14:35:18.144299,4.206
2026-04-29T14:34:19.067631,51.01,0.0306,53.12,0.0345,1000.0,0.0,4.199,94.2,99,0,60.0,2026-04-29T14:35:19.067406,4.206
2026-04-29T14:34:19.139387,51.01,0.0262,53.12,0.0323,1000.0,0.0,4.199,94.2,99,0,60.0,2026-04-29T14:35:19.139169,4.206
2026-04-29T14:34:19.211462,51.01,0.0262,53.12,0.0315,1000.0,0.0,4.199,94.2,99,0,60.0,2026-04-29T14:35:19.211260,4.206
2026-04-29T14:34:20.122424,51.05,0.0261,53.15,0.0308,1000.0,0.0,4.199,94.2,99,0,60.0,2026-04-29T14:35:20.122200,4.206
2026-04-29T14:34:20.192507,51.05,0.0262,53.16,0.0305,1000.0,0.0,4.199,94.2,99,0,60.0,2026-04-29T14:35:20.192288,4.206
2026-04-29T14:34:20.262995,51.05,0.0262,53.16,0.0304,1000.0,0.0,4.199,94.2,99,0,60.0,2026-04-29T14:35:20.262771,4.206
2026-04-29T14:34:21.172365,51.08,0.0262,53.19,0.0303,1000.0,0.0,4.199,94.2,99,0,60.0,2026-04-29T14:35:21.172167,4.206
2026-04-29T14:34:21.227530,51.08,0.0288,53.19,0.0314,1000.0,0.0,4.199,94.2,99,0,60.0,2026-04-29T14:35:21.227347,4.206
2026-04-29T14:34:21.288883,51.08,0.0288,53.19,0.0318,1000.0,0.0,4.199,94.2,99,0,60.0,2026-04-29T14:35:21.288657,4.206
2026-04-29T14:34:22.226678,51.14,0.0288,53.24,0.0324,1000.0,0.0,4.199,94.1,99,0,60.0,2026-04-29T14:35:22.226502,4.206
2026-04-29T14:34:22.276968,51.14,0.0288,53.24,0.0326,1000.0,0.0,4.199,94.1,99,0,60.0,2026-04-29T14:35:22.276798,4.206
2026-04-29T14:34:23.245845,51.14,0.0288,53.27,0.0327,1000.0,0.0,4.199,94.1,99,0,60.0,2026-04-29T14:35:23.245525,4.206
2026-04-29T14:34:23.293570,51.18,0.0347,53.29,0.0328,1000.0,0.0,4.199,94.1,99,0,60.0,2026-04-29T14:35:23.293414,4.206
2026-04-29T14:34:23.339212,51.18,0.0347,53.29,0.035,1000.0,0.0,4.199,94.1,99,0,60.0,2026-04-29T14:35:23.339011,4.206
2026-04-29T14:34:24.305886,51.25,0.0347,53.32,0.0369,1000.0,0.0,4.199,94.1,99,0,60.0,2026-04-29T14:35:24.305665,4.206
2026-04-29T14:34:24.355791,51.25,0.0388,53.34,0.0379,1000.0,0.0,4.199,94.1,99,0,60.0,2026-04-29T14:35:24.355541,4.206
2026-04-29T14:34:24.407078,51.25,0.0388,53.35,0.0397,1000.0,0.0,4.199,94.1,99,0,60.0,2026-04-29T14:35:24.406880,4.206
2026-04-29T14:34:25.358627,51.31,0.0347,53.39,0.0408,1000.0,0.0,4.199,94.1,99,0,60.0,2026-04-29T14:35:25.358432,4.206
2026-04-29T14:34:25.402718,51.31,0.0388,53.4,0.0412,1000.0,0.0,4.199,94.1,99,0,60.0,2026-04-29T14:35:25.402561,4.206
2026-04-29T14:34:25.445650,51.31,0.0388,53.41,0.0417,1000.0,0.0,4.199,94.1,99,0,60.0,2026-04-29T14:35:25.445431,4.206
2026-04-29T14:34:26.413608,51.36,0.0278,53.45,0.04,1000.0,0.0,4.199,94.1,99,0,60.0,2026-04-29T14:35:26.413398,4.206
2026-04-29T14:34:26.456294,51.36,0.0278,53.46,0.0365,1000.0,0.0,4.199,94.1,99,0,60.0,2026-04-29T14:35:26.456120,4.206
2026-04-29T14:34:26.499994,51.36,0.0278,53.46,0.035,1000.0,0.0,4.199,94.1,99,0,60.0,2026-04-29T14:35:26.499804,4.206
2026-04-29T14:34:27.464944,51.42,0.0278,53.51,0.0301,1000.0,0.0,4.199,94.1,99,0,60.0,2026-04-29T14:35:27.464766,4.206
2026-04-29T14:34:27.504090,51.42,0.0278,53.52,0.0308,1000.0,0.0,4.199,94.1,99,0,60.0,2026-04-29T14:35:27.503935,4.206
2026-04-29T14:34:28.488256,51.42,0.0278,53.55,0.0313,1000.0,0.0,4.199,94.1,98,0,60.0,2026-04-29T14:35:28.488027,4.206
2026-04-29T14:34:28.534345,51.48,0.0346,53.57,0.0317,1000.0,0.0,4.199,94.1,98,0,60.0,2026-04-29T14:35:28.534199,4.206
2026-04-29T14:34:28.571090,51.48,0.0346,53.58,0.0343,1000.0,0.0,4.199,94.1,98,0,60.0,2026-04-29T14:35:28.570947,4.206
2026-04-29T14:34:29.538035,51.55,0.0346,53.62,0.0365,1000.0,0.0,4.199,94.1,98,0,60.0,2026-04-29T14:35:29.537823,4.206
2026-04-29T14:34:29.579898,51.55,0.0346,53.64,0.0373,1000.0,0.0,4.199,94.1,98,0,60.0,2026-04-29T14:35:29.579648,4.206
2026-04-29T14:34:29.618160,51.55,0.0346,53.65,0.0378,1000.0,0.0,4.199,94.1,98,0,60.0,2026-04-29T14:35:29.617985,4.206
2026-04-29T14:34:30.600196,51.61,0.0321,53.69,0.0378,1000.0,0.0,4.199,94.0,98,0,60.0,2026-04-29T14:35:30.599512,4.206
2026-04-29T14:34:30.642461,51.61,0.0321,53.71,0.037,1000.0,0.0,4.199,94.0,98,0,60.0,2026-04-29T14:35:30.642316,4.206
2026-04-29T14:34:30.681289,51.61,0.0321,53.71,0.0367,1000.0,0.0,4.199,94.0,98,0,60.0,2026-04-29T14:35:30.681123,4.206
2026-04-29T14:34:31.654054,51.68,0.0262,53.76,0.0354,1000.0,0.0,4.199,94.0,98,0,60.0,2026-04-29T14:35:31.653869,4.206
2026-04-29T14:34:31.722755,51.68,0.0311,53.77,0.0352,1000.0,0.0,4.199,94.0,98,0,60.0,2026-04-29T14:35:31.697189,4.206
2026-04-29T14:34:31.796059,51.68,0.0311,53.78,0.0352,1000.0,0.0,4.199,94.0,98,0,60.0,2026-04-29T14:35:31.795919,4.206
2026-04-29T14:34:32.707917,51.74,0.0262,53.82,0.0333,1000.0,0.0,4.199,94.0,98,0,60.0,2026-04-29T14:35:32.707740,4.206
2026-04-29T14:34:32.746311,51.74,0.0262,53.83,0.0321,1000.0,0.0,4.199,94.0,98,0,60.0,2026-04-29T14:35:32.746149,4.206
2026-04-29T14:34:33.744155,51.74,0.0262,53.87,0.0313,1000.0,0.0,4.199,94.0,98,0,60.0,2026-04-29T14:35:33.726371,4.206
2026-04-29T14:34:33.807426,51.79,0.022,53.88,0.0288,1000.0,0.0,4.199,94.0,98,0,60.0,2026-04-29T14:35:33.807285,4.206
2026-04-29T14:34:33.846558,51.79,0.022,53.89,0.0278,1000.0,0.0,4.199,94.0,98,0,60.0,2026-04-29T14:35:33.846404,4.206
2026-04-29T14:34:34.784979,51.85,0.022,53.93,0.027,1000.0,0.0,4.199,94.0,98,0,60.0,2026-04-29T14:35:34.784796,4.206
2026-04-29T14:34:34.826289,51.85,0.0219,53.94,0.0265,1000.0,0.0,4.199,94.0,98,0,60.0,2026-04-29T14:35:34.826138,4.206
2026-04-29T14:34:34.862368,51.85,0.0219,53.95,0.0263,1000.0,0.0,4.199,94.0,98,0,60.0,2026-04-29T14:35:34.862216,4.206
2026-04-29T14:34:35.812064,51.91,0.0202,53.99,0.0259,1000.0,0.0,4.199,94.0,99,0,60.0,2026-04-29T14:35:35.811704,4.206
2026-04-29T14:34:35.848497,51.91,0.0202,54.0,0.0251,1000.0,0.0,4.199,94.0,99,0,60.0,2026-04-29T14:35:35.848356,4.206
2026-04-29T14:34:35.884041,51.91,0.0202,54.01,0.0248,1000.0,0.0,4.199,94.0,99,0,60.0,2026-04-29T14:35:35.883904,4.206
2026-04-29T14:34:36.888767,51.95,0.0194,54.05,0.0243,1000.0,0.0,4.199,94.0,99,0,60.0,2026-04-29T14:35:36.888545,4.206
2026-04-29T14:34:36.928832,51.95,0.0288,54.05,0.0279,1000.0,0.0,4.199,94.0,99,0,60.0,2026-04-29T14:35:36.928635,4.206
2026-04-29T14:34:36.964549,51.95,0.0288,54.06,0.0295,1000.0,0.0,4.199,94.0,99,0,60.0,2026-04-29T14:35:36.964394,4.206
2026-04-29T14:34:37.935839,52.0,0.0288,54.1,0.0308,1000.0,0.0,4.199,94.0,98,0,60.0,2026-04-29T14:35:37.935679,4.206
2026-04-29T14:34:37.973579,52.0,0.0288,54.1,0.0316,1000.0,0.0,4.199,94.0,98,0,60.0,2026-04-29T14:35:37.973434,4.206
2026-04-29T14:34:38.957039,52.0,0.0288,54.13,0.0322,1000.0,0.0,4.199,94.0,98,0,60.0,2026-04-29T14:35:38.956846,4.206
2026-04-29T14:34:39.001860,52.05,0.027,54.15,0.0307,1000.0,0.0,4.199,93.9,98,0,60.0,2026-04-29T14:35:39.001716,4.206
2026-04-29T14:34:39.037412,52.05,0.027,54.16,0.0309,1000.0,0.0,4.199,93.9,98,0,60.0,2026-04-29T14:35:39.037257,4.206
2026-04-29T14:34:40.023109,52.08,0.027,54.19,0.031,1000.0,0.0,4.199,93.9,98,0,60.0,2026-04-29T14:35:40.022839,4.206
2026-04-29T14:34:40.067279,52.08,0.0278,54.19,0.0313,1000.0,0.0,4.199,93.9,98,0,60.0,2026-04-29T14:35:40.067120,4.206
2026-04-29T14:34:40.103060,52.08,0.0278,54.19,0.0315,1000.0,0.0,4.199,93.9,98,0,60.0,2026-04-29T14:35:40.102898,4.206
2026-04-29T14:34:41.079103,52.12,0.027,54.22,0.0317,1000.0,0.0,4.199,93.9,98,0,60.0,2026-04-29T14:35:41.078768,4.206
2026-04-29T14:34:41.120478,52.12,0.0297,54.23,0.0325,1000.0,0.0,4.199,93.9,98,0,60.0,2026-04-29T14:35:41.120338,4.206
2026-04-29T14:34:41.155218,52.12,0.0297,54.23,0.0329,1000.0,0.0,4.199,93.9,98,0,60.0,2026-04-29T14:35:41.155059,4.206
2026-04-29T14:34:42.134047,52.17,0.0306,54.27,0.0336,1000.0,0.0,4.199,93.9,98,0,60.0,2026-04-29T14:35:42.133878,4.206
2026-04-29T14:34:42.172847,52.17,0.0328,54.27,0.035,1000.0,0.0,4.199,93.9,98,0,60.0,2026-04-29T14:35:42.172706,4.206
2026-04-29T14:34:42.207920,52.17,0.0328,54.27,0.0357,1000.0,0.0,4.199,93.9,98,0,60.0,2026-04-29T14:35:42.207792,4.206
2026-04-29T14:34:43.185139,52.22,0.0328,54.31,0.035,1000.0,0.0,4.199,93.9,98,0,60.0,2026-04-29T14:35:43.184972,4.206
2026-04-29T14:34:43.222904,52.22,0.0328,54.32,0.0358,1000.0,0.0,4.199,93.9,98,0,60.0,2026-04-29T14:35:43.222749,4.206
2026-04-29T14:34:44.206019,52.22,0.0328,54.35,0.0363,1000.0,0.0,4.199,93.9,98,0,60.0,2026-04-29T14:35:44.205806,4.206
2026-04-29T14:34:44.252666,52.26,0.0311,54.36,0.0341,1000.0,0.0,4.199,93.9,98,0,60.0,2026-04-29T14:35:44.252522,4.206
2026-04-29T14:34:44.288383,52.26,0.0311,54.36,0.0345,1000.0,0.0,4.199,93.9,98,0,60.0,2026-04-29T14:35:44.288235,4.206
2026-04-29T14:34:45.262871,52.3,0.0311,54.39,0.0348,1000.0,0.0,4.199,93.9,98,0,60.0,2026-04-29T14:35:45.262537,4.206
2026-04-29T14:34:45.305933,52.3,0.0321,54.4,0.0353,1000.0,0.0,4.199,93.9,98,0,60.0,2026-04-29T14:35:45.305793,4.206
2026-04-29T14:34:45.341814,52.3,0.0321,54.41,0.0356,1000.0,0.0,4.199,93.9,98,0,60.0,2026-04-29T14:35:45.341691,4.206
2026-04-29T14:34:46.318935,52.33,0.0311,54.44,0.0358,1000.0,0.0,4.199,93.9,98,0,60.0,2026-04-29T14:35:46.318762,4.206
2026-04-29T14:34:46.360312,52.33,0.0321,54.44,0.036,1000.0,0.0,4.199,93.9,98,0,60.0,2026-04-29T14:35:46.360180,4.206
2026-04-29T14:34:46.397480,52.33,0.0321,54.44,0.036,1000.0,0.0,4.199,93.9,98,0,60.0,2026-04-29T14:35:46.397326,4.206
2026-04-29T14:34:47.370294,52.38,0.0311,54.48,0.0359,1000.0,0.0,4.199,93.9,98,0,60.0,2026-04-29T14:35:47.370131,4.206
2026-04-29T14:34:47.409874,52.38,0.0321,54.48,0.036,1000.0,0.0,4.199,93.9,98,0,60.0,2026-04-29T14:35:47.409747,4.206
2026-04-29T14:34:47.447396,52.38,0.0321,54.49,0.036,1000.0,0.0,4.199,93.9,98,0,60.0,2026-04-29T14:35:47.447237,4.206
2026-04-29T14:34:48.426194,52.43,0.0355,54.52,0.0365,1000.0,0.0,4.199,93.9,98,0,60.0,2026-04-29T14:35:48.426029,4.206
2026-04-29T14:34:48.465431,52.43,0.0355,54.52,0.0377,1000.0,0.0,4.199,93.9,98,0,60.0,2026-04-29T14:35:48.465280,4.206
2026-04-29T14:34:49.428542,52.43,0.0355,54.55,0.0386,1000.0,0.0,4.199,93.9,98,0,60.0,2026-04-29T14:35:49.428328,4.206
2026-04-29T14:34:49.465560,52.47,0.0211,54.56,0.0344,1000.0,0.0,4.199,93.8,98,0,60.0,2026-04-29T14:35:49.465426,4.206
2026-04-29T14:34:49.500783,52.47,0.0211,54.57,0.031,1000.0,0.0,4.199,93.8,98,0,60.0,2026-04-29T14:35:49.500665,4.206
2026-04-29T14:34:50.499594,52.5,0.0211,54.6,0.0281,1000.0,0.0,4.199,93.8,99,0,60.0,2026-04-29T14:35:50.499398,4.206
2026-04-29T14:34:50.543124,52.5,0.0211,54.6,0.0265,1000.0,0.0,4.199,93.8,99,0,60.0,2026-04-29T14:35:50.542971,4.206
2026-04-29T14:34:50.580953,52.5,0.0211,54.6,0.026,1000.0,0.0,4.199,93.8,99,0,60.0,2026-04-29T14:35:50.580780,4.206
2026-04-29T14:34:51.557865,52.53,0.0202,54.63,0.0255,1000.0,0.0,4.199,93.8,99,0,60.0,2026-04-29T14:35:51.557687,4.206
2026-04-29T14:34:51.599644,52.53,0.0287,54.63,0.0289,1000.0,0.0,4.199,93.8,99,0,60.0,2026-04-29T14:35:51.599495,4.206
2026-04-29T14:34:51.635323,52.53,0.0287,54.63,0.0302,1000.0,0.0,4.199,93.8,99,0,60.0,2026-04-29T14:35:51.635194,4.206
2026-04-29T14:34:52.609996,52.58,0.0252,54.67,0.0308,1000.0,0.0,4.199,93.8,99,0,60.0,2026-04-29T14:35:52.609812,4.206
2026-04-29T14:34:52.650482,52.58,0.0312,54.68,0.0327,1000.0,0.0,4.199,93.8,99,0,60.0,2026-04-29T14:35:52.650336,4.206
2026-04-29T14:34:52.685978,52.58,0.0312,54.68,0.0336,1000.0,0.0,4.199,93.8,99,0,60.0,2026-04-29T14:35:52.685853,4.206
2026-04-29T14:34:53.662019,52.63,0.0312,54.72,0.0339,1000.0,0.0,4.199,93.8,99,0,60.0,2026-04-29T14:35:53.661756,4.206
2026-04-29T14:34:53.702831,52.63,0.0312,54.72,0.0345,1000.0,0.0,4.199,93.8,99,0,60.0,2026-04-29T14:35:53.702657,4.206
2026-04-29T14:34:54.686460,52.63,0.0312,54.75,0.0349,1000.0,0.0,4.199,93.8,99,0,60.0,2026-04-29T14:35:54.686270,4.207
2026-04-29T14:34:54.733187,52.67,0.0321,54.76,0.0333,1000.0,0.0,4.199,93.8,99,0,60.0,2026-04-29T14:35:54.733010,4.207
2026-04-29T14:34:54.769491,52.67,0.0321,54.76,0.0344,1000.0,0.0,4.199,93.8,99,0,60.0,2026-04-29T14:35:54.769352,4.207
2026-04-29T14:34:55.773009,52.72,0.0321,54.8,0.0353,1000.0,0.0,4.199,93.8,98,0,60.0,2026-04-29T14:35:55.772846,4.207
2026-04-29T14:34:55.808372,52.72,0.0321,54.81,0.0348,1000.0,0.0,4.199,93.8,98,0,60.0,2026-04-29T14:35:55.808249,4.207
2026-04-29T14:34:55.846235,52.72,0.0321,54.81,0.0353,1000.0,0.0,4.199,93.8,98,0,60.0,2026-04-29T14:35:55.846068,4.207
2026-04-29T14:34:56.793709,52.76,0.027,54.85,0.035,1000.0,0.0,4.199,93.8,98,0,60.0,2026-04-29T14:35:56.793532,4.207
2026-04-29T14:34:56.833918,52.76,0.027,54.85,0.0332,1000.0,0.0,4.199,93.8,98,0,60.0,2026-04-29T14:35:56.833741,4.207
2026-04-29T14:34:56.869587,52.76,0.027,54.86,0.0325,1000.0,0.0,4.199,93.8,98,0,60.0,2026-04-29T14:35:56.869475,4.207
2026-04-29T14:34:57.820353,52.8,0.027,54.89,0.0317,1000.0,0.0,4.199,93.8,99,0,60.0,2026-04-29T14:35:57.820195,4.207
2026-04-29T14:34:57.855958,52.8,0.0328,54.89,0.0339,1000.0,0.0,4.199,93.8,99,0,60.0,2026-04-29T14:35:57.855836,4.207
2026-04-29T14:34:57.890897,52.8,0.0328,54.9,0.0349,1000.0,0.0,4.199,93.8,99,0,60.0,2026-04-29T14:35:57.890770,4.207
2026-04-29T14:34:58.888766,52.84,0.027,54.93,0.0341,1000.0,0.0,4.199,93.8,99,0,60.0,2026-04-29T14:35:58.888601,4.207
2026-04-29T14:34:58.926116,52.84,0.027,54.94,0.0329,1000.0,0.0,4.199,93.8,99,0,60.0,2026-04-29T14:35:58.925979,4.207
2026-04-29T14:34:59.914773,52.84,0.027,54.97,0.0322,1000.0,0.0,4.199,93.8,99,0,60.0,2026-04-29T14:35:59.914583,4.207
2026-04-29T14:34:59.961281,52.89,0.027,54.98,0.0305,1000.0,0.0,4.199,93.8,99,0,60.0,2026-04-29T14:35:59.961088,4.207
2026-04-29T14:34:59.998079,52.89,0.027,54.98,0.0307,1000.0,0.0,4.199,93.8,99,0,60.0,2026-04-29T14:35:59.997921,4.207
2026-04-29T14:35:00.974892,52.95,0.027,55.02,0.0309,1000.0,0.0,4.199,93.7,99,0,60.0,2026-04-29T14:36:00.974714,4.207
2026-04-29T14:35:01.018059,52.95,0.0405,55.04,0.0363,1000.0,0.0,4.199,93.7,99,0,60.0,2026-04-29T14:36:01.017914,4.207
2026-04-29T14:35:01.054531,52.95,0.0405,55.04,0.0393,1000.0,0.0,4.199,93.7,99,0,60.0,2026-04-29T14:36:01.054401,4.207
2026-04-29T14:35:02.035440,53.01,0.0388,55.09,0.042,1000.0,0.0,4.199,93.7,98,0,60.0,2026-04-29T14:36:02.035269,4.207
2026-04-29T14:35:02.077221,53.01,0.0388,55.1,0.0425,1000.0,0.0,4.199,93.7,98,0,60.0,2026-04-29T14:36:02.077045,4.207
2026-04-29T14:35:02.113573,53.01,0.0388,55.1,0.0427,1000.0,0.0,4.199,93.7,98,0,60.0,2026-04-29T14:36:02.113414,4.207
2026-04-29T14:35:03.087919,53.09,0.0388,55.15,0.0429,1000.0,0.0,4.199,93.7,98,0,60.0,2026-04-29T14:36:03.087743,4.207
2026-04-29T14:35:03.128030,53.09,0.0388,55.17,0.0429,1000.0,0.0,4.199,93.7,98,0,60.0,2026-04-29T14:36:03.127722,4.207
2026-04-29T14:35:03.164896,53.09,0.0388,55.17,0.043,1000.0,0.0,4.199,93.7,98,0,60.0,2026-04-29T14:36:03.164762,4.207
2026-04-29T14:35:04.141724,53.16,0.0373,55.23,0.042,1000.0,0.0,4.199,93.7,98,0,60.0,2026-04-29T14:36:04.141569,4.207
2026-04-29T14:35:04.181331,53.16,0.0373,55.24,0.0418,1000.0,0.0,4.199,93.7,98,0,60.0,2026-04-29T14:36:04.181177,4.207
2026-04-29T14:35:05.162202,53.16,0.0373,55.27,0.0418,1000.0,0.0,4.199,93.7,98,0,60.0,2026-04-29T14:36:05.161978,4.207
2026-04-29T14:35:05.208824,53.23,0.0337,55.3,0.0401,1000.0,0.0,4.199,93.7,98,0,60.0,2026-04-29T14:36:05.208699,4.207
2026-04-29T14:35:05.245712,53.23,0.0337,55.31,0.0393,1000.0,0.0,4.199,93.7,98,0,60.0,2026-04-29T14:36:05.245550,4.207
2026-04-29T14:35:06.219714,53.29,0.0337,55.35,0.0387,1000.0,0.0,4.199,93.7,99,0,60.0,2026-04-29T14:36:06.219531,4.207
2026-04-29T14:35:06.263843,53.29,0.0363,55.37,0.0391,1000.0,0.0,4.199,93.7,99,0,60.0,2026-04-29T14:36:06.263681,4.207
2026-04-29T14:35:06.300464,53.29,0.0363,55.38,0.0396,1000.0,0.0,4.199,93.7,99,0,60.0,2026-04-29T14:36:06.300337,4.207
2026-04-29T14:35:07.272949,53.37,0.0337,55.43,0.0397,1000.0,0.0,4.199,93.6,99,0,60.0,2026-04-29T14:36:07.272770,4.207
2026-04-29T14:35:07.315315,53.37,0.0363,55.45,0.0401,1000.0,0.0,4.199,93.6,99,0,60.0,2026-04-29T14:36:07.315159,4.207
2026-04-29T14:35:07.351512,53.37,0.0363,55.46,0.0402,1000.0,0.0,4.199,93.6,99,0,60.0,2026-04-29T14:36:07.351392,4.207
2026-04-29T14:35:08.327347,53.45,0.027,55.51,0.0378,1000.0,0.0,4.199,93.6,99,0,60.0,2026-04-29T14:36:08.327044,4.207
2026-04-29T14:35:08.368495,53.45,0.0414,55.53,0.0412,1000.0,0.0,4.199,93.6,99,0,60.0,2026-04-29T14:36:08.368360,4.207
2026-04-29T14:35:08.404820,53.45,0.0414,55.54,0.0426,1000.0,0.0,4.199,93.6,99,0,60.0,2026-04-29T14:36:08.404681,4.207
2026-04-29T14:35:09.382485,53.51,0.0436,55.59,0.043,1000.0,0.0,4.199,93.6,99,0,60.0,2026-04-29T14:36:09.382329,4.207
2026-04-29T14:35:09.420951,53.51,0.0436,55.6,0.0449,1000.0,0.0,4.199,93.6,99,0,60.0,2026-04-29T14:36:09.420808,4.207
2026-04-29T14:35:10.400875,53.51,0.0436,55.63,0.0462,1000.0,0.0,4.199,93.6,99,0,60.0,2026-04-29T14:36:10.400672,4.207
2026-04-29T14:35:10.447347,53.59,0.0436,55.66,0.0469,1000.0,0.0,4.199,93.6,99,0,60.0,2026-04-29T14:36:10.447195,4.207
2026-04-29T14:35:10.483841,53.59,0.0436,55.67,0.0473,1000.0,0.0,4.199,93.6,99,0,60.0,2026-04-29T14:36:10.483713,4.207
2026-04-29T14:35:11.455302,53.66,0.0436,55.71,0.0476,1000.0,0.0,4.199,93.6,99,0,60.0,2026-04-29T14:36:11.455104,4.207
2026-04-29T14:35:11.499551,53.66,0.0489,55.74,0.0493,1000.0,0.0,4.199,93.6,99,0,60.0,2026-04-29T14:36:11.499397,4.207
2026-04-29T14:35:11.536110,53.66,0.0489,55.74,0.0507,1000.0,0.0,4.199,93.6,99,0,60.0,2026-04-29T14:36:11.535985,4.207
2026-04-29T14:35:12.513621,53.73,0.0432,55.79,0.0512,1000.0,0.0,4.199,93.6,99,0,60.0,2026-04-29T14:36:12.513428,4.207
2026-04-29T14:35:12.554667,53.73,0.0489,55.81,0.0522,1000.0,0.0,4.199,93.6,99,0,60.0,2026-04-29T14:36:12.554526,4.207
2026-04-29T14:35:12.589927,53.73,0.0489,55.82,0.0525,1000.0,0.0,4.199,93.6,99,0,60.0,2026-04-29T14:36:12.589810,4.207
2026-04-29T14:35:13.565088,53.78,0.0288,55.86,0.0474,1000.0,0.0,4.199,93.6,99,0,60.0,2026-04-29T14:36:13.564910,4.207
2026-04-29T14:35:13.605064,53.78,0.0337,55.87,0.0433,1000.0,0.0,4.199,93.6,99,0,60.0,2026-04-29T14:36:13.604922,4.207
2026-04-29T14:35:13.641483,53.78,0.0337,55.87,0.0416,1000.0,0.0,4.199,93.6,99,0,60.0,2026-04-29T14:36:13.641348,4.207
2026-04-29T14:35:14.615498,53.83,0.0396,55.92,0.0395,1000.0,0.0,4.199,93.5,99,0,60.0,2026-04-29T14:36:14.615349,4.207
2026-04-29T14:35:14.654236,53.83,0.0396,55.92,0.0412,1000.0,0.0,4.199,93.5,99,0,60.0,2026-04-29T14:36:14.654082,4.207
2026-04-29T14:35:15.640901,53.83,0.0396,55.95,0.0424,1000.0,0.0,4.199,93.5,99,0,60.0,2026-04-29T14:36:15.640687,4.207
2026-04-29T14:35:15.687590,53.9,0.0396,55.98,0.0427,1000.0,0.0,4.199,93.5,99,0,60.0,2026-04-29T14:36:15.687386,4.207
2026-04-29T14:35:15.784087,53.9,0.0396,55.99,0.0431,1000.0,0.0,4.199,93.5,99,0,60.0,2026-04-29T14:36:15.783938,4.207
2026-04-29T14:35:16.699941,53.96,0.0396,56.03,0.0436,1000.0,0.0,4.199,93.5,99,0,60.0,2026-04-29T14:36:16.699754,4.207
2026-04-29T14:35:16.743981,53.96,0.0436,56.05,0.0442,1000.0,0.0,4.199,93.5,99,0,60.0,2026-04-29T14:36:16.743725,4.207
2026-04-29T14:35:16.781269,53.96,0.0436,56.05,0.0455,1000.0,0.0,4.199,93.5,99,0,60.0,2026-04-29T14:36:16.781115,4.207
2026-04-29T14:35:17.776790,54.05,0.0436,56.1,0.0469,1000.0,0.0,4.199,93.5,99,0,60.0,2026-04-29T14:36:17.776606,4.207
2026-04-29T14:35:17.811988,54.05,0.0436,56.12,0.0469,1000.0,0.0,4.199,93.5,99,0,60.0,2026-04-29T14:36:17.811837,4.207
2026-04-29T14:35:17.849496,54.05,0.0436,56.13,0.0472,1000.0,0.0,4.199,93.5,99,0,60.0,2026-04-29T14:36:17.849355,4.207
2026-04-29T14:35:18.801114,54.12,0.038,56.18,0.0461,1000.0,0.0,4.199,93.5,99,0,60.0,2026-04-29T14:36:18.800949,4.207
2026-04-29T14:35:18.841282,54.12,0.0491,56.2,0.0492,1000.0,0.0,4.199,93.5,99,0,60.0,2026-04-29T14:36:18.841153,4.207
2026-04-29T14:35:18.879434,54.12,0.0491,56.21,0.0505,1000.0,0.0,4.199,93.5,99,0,60.0,2026-04-29T14:36:18.879279,4.207
2026-04-29T14:35:19.828667,54.18,0.0491,56.25,0.0523,1000.0,0.0,4.199,93.5,99,0,60.0,2026-04-29T14:36:19.828504,4.207
2026-04-29T14:35:19.865703,54.18,0.0491,56.26,0.0527,1000.0,0.0,4.199,93.5,99,0,60.0,2026-04-29T14:36:19.865550,4.207
2026-04-29T14:35:20.873741,54.18,0.0491,56.3,0.053,1000.0,0.0,4.199,93.5,99,0,60.0,2026-04-29T14:36:20.873542,4.207
2026-04-29T14:35:20.918825,54.26,0.0387,56.33,0.0484,1000.0,0.0,4.199,93.4,99,0,60.0,2026-04-29T14:36:20.918628,4.207
2026-04-29T14:35:20.956264,54.26,0.0387,56.34,0.0464,1000.0,0.0,4.199,93.4,99,0,60.0,2026-04-29T14:36:20.956128,4.207
2026-04-29T14:35:21.918501,54.34,0.0387,56.39,0.0447,1000.0,0.0,4.199,93.4,99,0,60.0,2026-04-29T14:36:21.918330,4.207
2026-04-29T14:35:21.959224,54.34,0.0513,56.41,0.0474,1000.0,0.0,4.199,93.4,99,0,60.0,2026-04-29T14:36:21.959000,4.207
2026-04-29T14:35:21.997158,54.34,0.0513,56.42,0.0503,1000.0,0.0,4.199,93.4,99,0,60.0,2026-04-29T14:36:21.997019,4.207
2026-04-29T14:35:22.987633,54.4,0.0513,56.47,0.0532,1000.0,0.0,4.199,93.4,99,0,60.0,2026-04-29T14:36:22.987443,4.207
2026-04-29T14:35:23.030056,54.4,0.0504,56.49,0.0538,1000.0,0.0,4.199,93.4,99,0,60.0,2026-04-29T14:36:23.029918,4.207
2026-04-29T14:35:23.066044,54.4,0.0504,56.49,0.0541,1000.0,0.0,4.199,93.4,99,0,60.0,2026-04-29T14:36:23.065909,4.207
2026-04-29T14:35:24.031149,54.49,0.0489,56.55,0.0541,1000.0,0.0,4.199,93.4,99,0,60.0,2026-04-29T14:36:24.030920,4.207
2026-04-29T14:35:24.070060,54.49,0.0504,56.56,0.0543,1000.0,0.0,4.199,93.4,99,0,60.0,2026-04-29T14:36:24.069910,4.207
2026-04-29T14:35:24.106192,54.49,0.0504,56.57,0.0545,1000.0,0.0,4.199,93.4,99,0,60.0,2026-04-29T14:36:24.106056,4.207
2026-04-29T14:35:25.096674,54.57,0.0515,56.63,0.0549,1000.0,0.0,4.199,93.4,99,0,60.0,2026-04-29T14:36:25.096505,4.207
2026-04-29T14:35:25.135930,54.57,0.0515,56.65,0.0554,1000.0,0.0,4.199,93.4,99,0,60.0,2026-04-29T14:36:25.135766,4.207
2026-04-29T14:35:26.117299,54.57,0.0515,56.68,0.0556,1000.0,0.0,4.199,93.4,99,0,60.0,2026-04-29T14:36:26.117106,4.207
2026-04-29T14:35:26.164699,54.64,0.0491,56.71,0.0543,1000.0,0.0,4.199,93.4,99,0,60.0,2026-04-29T14:36:26.164546,4.207
2026-04-29T14:35:26.201238,54.64,0.0491,56.72,0.054,1000.0,0.0,4.199,93.4,99,0,60.0,2026-04-29T14:36:26.201109,4.207
2026-04-29T14:35:27.169612,54.72,0.0491,56.77,0.0538,1000.0,0.0,4.199,93.3,99,0,60.0,2026-04-29T14:36:27.169410,4.207
2026-04-29T14:35:27.213403,54.72,0.0531,56.78,0.0547,1000.0,0.0,4.199,93.3,99,0,60.0,2026-04-29T14:36:27.213251,4.207
2026-04-29T14:35:27.249506,54.72,0.0531,56.79,0.0557,1000.0,0.0,4.199,93.3,99,0,60.0,2026-04-29T14:36:27.249371,4.207
2026-04-29T14:35:28.226603,54.8,0.0491,56.85,0.0561,1000.0,0.0,4.199,93.3,99,0,60.0,2026-04-29T14:36:28.226323,4.207
2026-04-29T14:35:28.267590,54.8,0.0531,56.87,0.0562,1000.0,0.0,4.199,93.3,99,0,60.0,2026-04-29T14:36:28.267433,4.207
2026-04-29T14:35:28.302718,54.8,0.0531,56.88,0.0566,1000.0,0.0,4.199,93.3,99,0,60.0,2026-04-29T14:36:28.302573,4.207
2026-04-29T14:35:29.280957,54.86,0.0472,56.93,0.0555,1000.0,0.0,4.199,93.3,99,0,60.0,2026-04-29T14:36:29.280774,4.207
2026-04-29T14:35:29.320067,54.86,0.0504,56.94,0.0552,1000.0,0.0,4.199,93.3,99,0,60.0,2026-04-29T14:36:29.319883,4.207
2026-04-29T14:35:29.355544,54.86,0.0504,56.94,0.0551,1000.0,0.0,4.199,93.3,99,0,60.0,2026-04-29T14:36:29.355415,4.207
2026-04-29T14:35:30.335158,54.93,0.0491,56.99,0.054,1000.0,0.0,4.199,93.3,99,0,60.0,2026-04-29T14:36:30.335006,4.207
2026-04-29T14:35:30.372472,54.93,0.0491,57.0,0.0538,1000.0,0.0,4.199,93.3,99,0,60.0,2026-04-29T14:36:30.372320,4.207
2026-04-29T14:35:31.357314,54.93,0.0491,57.03,0.0537,1000.0,0.0,4.199,93.3,99,0,60.0,2026-04-29T14:36:31.357108,4.207
2026-04-29T14:35:31.403736,54.99,0.0481,57.06,0.0522,1000.0,0.0,4.199,93.3,99,0,60.0,2026-04-29T14:36:31.403569,4.207
2026-04-29T14:35:31.439802,54.99,0.0481,57.07,0.0523,1000.0,0.0,4.199,93.3,99,0,60.0,2026-04-29T14:36:31.439672,4.207
2026-04-29T14:35:32.413489,55.03,0.0481,57.1,0.0525,1000.0,0.0,4.199,93.3,99,0,60.0,2026-04-29T14:36:32.413284,4.207
2026-04-29T14:35:32.456653,55.03,0.0565,57.11,0.0551,1000.0,0.0,4.199,93.3,99,0,60.0,2026-04-29T14:36:32.456517,4.207
2026-04-29T14:35:32.492947,55.03,0.0565,57.11,0.0572,1000.0,0.0,4.199,93.3,99,0,60.0,2026-04-29T14:36:32.492756,4.207
2026-04-29T14:35:33.467274,55.09,0.0481,57.15,0.0579,1000.0,0.0,4.199,93.3,99,0,60.0,2026-04-29T14:36:33.467072,4.207
2026-04-29T14:35:33.508119,55.09,0.0565,57.16,0.0593,1000.0,0.0,4.199,93.3,99,0,60.0,2026-04-29T14:36:33.507951,4.207
2026-04-29T14:35:33.543736,55.09,0.0565,57.17,0.0599,1000.0,0.0,4.199,93.3,99,0,60.0,2026-04-29T14:36:33.543603,4.207
2026-04-29T14:35:34.502676,55.13,0.0432,57.21,0.0568,1000.0,0.0,4.199,93.3,99,0,60.0,2026-04-29T14:36:34.502508,4.207
2026-04-29T14:35:34.538712,55.13,0.0464,57.21,0.0543,1000.0,0.0,4.199,93.3,99,0,60.0,2026-04-29T14:36:34.538590,4.207
2026-04-29T14:35:34.575725,55.13,0.0464,57.22,0.0532,1000.0,0.0,4.199,93.3,99,0,60.0,2026-04-29T14:36:34.575574,4.207
2026-04-29T14:35:35.575917,55.18,0.0472,57.26,0.0515,1000.0,0.0,4.199,93.2,99,0,60.0,2026-04-29T14:36:35.575708,4.207
2026-04-29T14:35:35.614559,55.18,0.0472,57.26,0.0515,1000.0,0.0,4.199,93.2,99,0,60.0,2026-04-29T14:36:35.614417,4.207
2026-04-29T14:35:36.598175,55.18,0.0472,57.29,0.0516,1000.0,0.0,4.199,93.2,99,0,60.0,2026-04-29T14:36:36.597948,4.207
2026-04-29T14:35:36.644162,55.22,0.058,57.3,0.0541,1000.0,0.0,4.199,93.2,99,0,60.0,2026-04-29T14:36:36.644009,4.207
2026-04-29T14:35:36.680055,55.22,0.058,57.31,0.0572,1000.0,0.0,4.199,93.2,99,0,60.0,2026-04-29T14:36:36.679912,4.207
2026-04-29T14:35:37.653582,55.27,0.058,57.34,0.0599,1000.0,0.0,4.199,93.2,99,0,60.0,2026-04-29T14:36:37.653376,4.207
2026-04-29T14:35:37.743391,55.27,0.058,57.35,0.0598,1000.0,0.0,4.199,93.2,99,0,60.0,2026-04-29T14:36:37.711871,4.207
2026-04-29T14:35:37.791132,55.27,0.058,57.36,0.0608,1000.0,0.0,4.199,93.2,99,0,60.0,2026-04-29T14:36:37.790877,4.207
2026-04-29T14:35:38.708171,55.33,0.0548,57.4,0.0612,1000.0,0.0,4.199,93.2,99,0,60.0,2026-04-29T14:36:38.707888,4.207
2026-04-29T14:35:38.750544,55.33,0.0548,57.41,0.0603,1000.0,0.0,4.199,93.2,99,0,60.0,2026-04-29T14:36:38.750412,4.207
2026-04-29T14:35:38.787729,55.33,0.0548,57.42,0.06,1000.0,0.0,4.199,93.2,99,0,60.0,2026-04-29T14:36:38.787589,4.207
2026-04-29T14:35:39.782164,55.39,0.0413,57.46,0.056,1000.0,0.0,4.199,93.2,99,0,60.0,2026-04-29T14:36:39.782005,4.207
2026-04-29T14:35:39.818649,55.39,0.0432,57.47,0.0524,1000.0,0.0,4.199,93.2,99,0,60.0,2026-04-29T14:36:39.818482,4.207
2026-04-29T14:35:39.854447,55.39,0.0432,57.47,0.0509,1000.0,0.0,4.199,93.2,99,0,60.0,2026-04-29T14:36:39.854311,4.207
2026-04-29T14:35:40.803167,55.44,0.0454,57.51,0.0488,1000.0,0.0,4.199,93.2,99,0,60.0,2026-04-29T14:36:40.803003,4.207
2026-04-29T14:35:40.840220,55.44,0.0454,57.52,0.0492,1000.0,0.0,4.199,93.2,99,0,60.0,2026-04-29T14:36:40.840068,4.207
2026-04-29T14:35:41.815174,55.44,0.0454,57.55,0.0495,1000.0,0.0,4.199,93.2,99,0,60.0,2026-04-29T14:36:41.815025,4.207
2026-04-29T14:35:41.853254,55.49,0.0454,57.56,0.0494,1000.0,0.0,4.199,93.2,99,0,60.0,2026-04-29T14:36:41.853113,4.207
2026-04-29T14:35:41.887632,55.49,0.0454,57.57,0.0495,1000.0,0.0,4.199,93.2,99,0,60.0,2026-04-29T14:36:41.887512,4.207
2026-04-29T14:35:42.886385,55.54,0.0454,57.6,0.0497,1000.0,0.0,4.199,93.2,99,0,60.0,2026-04-29T14:36:42.886188,4.207
2026-04-29T14:35:42.931547,55.54,0.0481,57.62,0.05,1000.0,0.0,4.199,93.2,99,0,60.0,2026-04-29T14:36:42.931396,4.207
2026-04-29T14:35:42.967366,55.54,0.0481,57.62,0.0509,1000.0,0.0,4.199,93.2,99,0,60.0,2026-04-29T14:36:42.967237,4.207
2026-04-29T14:35:43.923878,55.59,0.0481,57.66,0.0518,1000.0,0.0,4.199,93.2,99,0,60.0,2026-04-29T14:36:43.923691,4.207
2026-04-29T14:35:43.960625,55.59,0.0548,57.67,0.0546,1000.0,0.0,4.199,93.2,99,0,60.0,2026-04-29T14:36:43.960468,4.207
2026-04-29T14:35:43.996637,55.59,0.0548,57.67,0.0562,1000.0,0.0,4.199,93.2,99,0,60.0,2026-04-29T14:36:43.996488,4.207
2026-04-29T14:35:44.993389,55.64,0.0456,57.71,0.0558,1000.0,0.0,4.199,93.1,99,0,60.0,2026-04-29T14:36:44.993192,4.207
2026-04-29T14:35:45.035166,55.64,0.0522,57.72,0.0561,1000.0,0.0,4.199,93.1,99,0,60.0,2026-04-29T14:36:45.035034,4.207
2026-04-29T14:35:45.071506,55.64,0.0522,57.73,0.0563,1000.0,0.0,4.199,93.1,99,0,60.0,2026-04-29T14:36:45.071377,4.207
2026-04-29T14:35:46.053241,55.67,0.0522,57.76,0.0549,1000.0,0.0,4.199,93.1,99,0,60.0,2026-04-29T14:36:46.053093,4.207
2026-04-29T14:35:46.094175,55.67,0.0522,57.76,0.0556,1000.0,0.0,4.199,93.1,99,0,60.0,2026-04-29T14:36:46.093993,4.207
2026-04-29T14:35:47.074676,55.67,0.0522,57.79,0.0561,1000.0,0.0,4.199,93.1,99,0,60.0,2026-04-29T14:36:47.074425,4.207
2026-04-29T14:35:47.120261,55.7,0.054,57.79,0.0569,1000.0,0.0,4.199,93.1,99,0,60.0,2026-04-29T14:36:47.120122,4.207
2026-04-29T14:35:47.156305,55.7,0.054,57.79,0.0575,1000.0,0.0,4.199,93.1,99,0,60.0,2026-04-29T14:36:47.156177,4.207
2026-04-29T14:35:48.131699,55.72,0.054,57.82,0.058,1000.0,0.0,4.199,93.1,99,0,60.0,2026-04-29T14:36:48.131505,4.207
2026-04-29T14:35:48.176226,55.72,0.0558,57.82,0.0585,1000.0,0.0,4.199,93.1,99,0,60.0,2026-04-29T14:36:48.176028,4.207
2026-04-29T14:35:48.212916,55.72,0.0558,57.82,0.0591,1000.0,0.0,4.199,93.1,99,0,60.0,2026-04-29T14:36:48.212766,4.207
2026-04-29T14:35:49.184665,55.76,0.0558,57.85,0.0598,1000.0,0.0,4.199,93.1,99,0,60.0,2026-04-29T14:36:49.184482,4.207
2026-04-29T14:35:49.226478,55.76,0.0558,57.85,0.0595,1000.0,0.0,4.199,93.1,99,0,60.0,2026-04-29T14:36:49.226309,4.207
2026-04-29T14:35:49.262619,55.76,0.0558,57.85,0.0598,1000.0,0.0,4.199,93.1,99,0,60.0,2026-04-29T14:36:49.262465,4.207
2026-04-29T14:35:50.238156,55.8,0.0498,57.89,0.0584,1000.0,0.0,4.199,93.1,99,0,60.0,2026-04-29T14:36:50.237986,4.207
2026-04-29T14:35:50.279874,55.8,0.0498,57.89,0.0567,1000.0,0.0,4.199,93.1,99,0,60.0,2026-04-29T14:36:50.279727,4.207
2026-04-29T14:35:50.316450,55.8,0.0498,57.89,0.0559,1000.0,0.0,4.199,93.1,99,0,60.0,2026-04-29T14:36:50.316315,4.207
2026-04-29T14:35:51.291041,55.81,0.0481,57.91,0.0538,1000.0,0.0,4.199,93.1,99,0,60.0,2026-04-29T14:36:51.290826,4.207
2026-04-29T14:35:51.329239,55.81,0.0481,57.91,0.0533,1000.0,0.0,4.199,93.1,99,0,60.0,2026-04-29T14:36:51.329093,4.207
2026-04-29T14:35:52.312795,55.81,0.0481,57.93,0.053,1000.0,0.0,4.199,93.1,99,0,60.0,2026-04-29T14:36:52.312591,4.207
2026-04-29T14:35:52.358368,55.84,0.0498,57.94,0.0529,1000.0,0.0,4.199,93.1,99,0,60.0,2026-04-29T14:36:52.358210,4.207
2026-04-29T14:35:52.394888,55.84,0.0498,57.94,0.0534,1000.0,0.0,4.199,93.1,99,0,60.0,2026-04-29T14:36:52.394738,4.207
2026-04-29T14:35:53.368798,55.91,0.0498,57.97,0.0539,1000.0,0.0,4.199,93.1,99,0,60.0,2026-04-29T14:36:53.368598,4.207
2026-04-29T14:35:53.421434,55.91,0.0481,57.98,0.0534,1000.0,0.0,4.199,93.1,99,0,60.0,2026-04-29T14:36:53.421287,4.207
2026-04-29T14:35:53.457854,55.91,0.0481,57.99,0.0532,1000.0,0.0,4.199,93.1,99,0,60.0,2026-04-29T14:36:53.457688,4.207
2026-04-29T14:35:54.422191,55.92,0.0481,58.01,0.0529,1000.0,0.0,4.199,93.1,99,0,60.0,2026-04-29T14:36:54.422023,4.207
2026-04-29T14:35:54.465181,55.92,0.0481,58.01,0.0528,1000.0,0.0,4.199,93.1,99,0,60.0,2026-04-29T14:36:54.465041,4.207
2026-04-29T14:35:54.500909,55.92,0.0481,58.01,0.0527,1000.0,0.0,4.199,93.1,99,0,60.0,2026-04-29T14:36:54.500770,4.207
2026-04-29T14:35:55.476727,55.97,0.0523,58.05,0.0533,1000.0,0.0,4.199,93.1,99,0,60.0,2026-04-29T14:36:55.476536,4.207
2026-04-29T14:35:55.516330,55.97,0.0531,58.05,0.0552,1000.0,0.0,4.199,93.1,99,0,60.0,2026-04-29T14:36:55.516194,4.207
2026-04-29T14:35:55.552091,55.97,0.0531,58.05,0.0559,1000.0,0.0,4.199,93.1,99,0,60.0,2026-04-29T14:36:55.551951,4.207
2026-04-29T14:35:56.530233,56.01,0.0549,58.09,0.0572,1000.0,0.0,4.199,93.1,99,0,60.0,2026-04-29T14:36:56.530020,4.207
2026-04-29T14:35:56.568693,56.01,0.0549,58.09,0.0581,1000.0,0.0,4.199,93.1,99,0,60.0,2026-04-29T14:36:56.568556,4.207
2026-04-29T14:35:57.552011,56.01,0.0549,58.12,0.0587,1000.0,0.0,4.199,93.1,99,0,60.0,2026-04-29T14:36:57.551792,4.207
2026-04-29T14:35:57.599416,56.06,0.0557,58.14,0.0591,1000.0,0.0,4.199,93.0,99,0,60.0,2026-04-29T14:36:57.599281,4.207
2026-04-29T14:35:57.635638,56.06,0.0557,58.14,0.0595,1000.0,0.0,4.199,93.0,99,0,60.0,2026-04-29T14:36:57.635492,4.207
2026-04-29T14:35:58.607249,56.11,0.0557,58.18,0.0599,1000.0,0.0,4.199,93.0,99,0,60.0,2026-04-29T14:36:58.607006,4.207
2026-04-29T14:35:58.650076,56.11,0.0641,58.19,0.0626,1000.0,0.0,4.199,93.0,99,0,60.0,2026-04-29T14:36:58.649943,4.207
2026-04-29T14:35:58.685949,56.11,0.0641,58.19,0.0648,1000.0,0.0,4.199,93.0,99,0,60.0,2026-04-29T14:36:58.685809,4.207
2026-04-29T14:35:59.659574,56.16,0.0567,58.23,0.0657,1000.0,0.0,4.199,93.0,99,0,60.0,2026-04-29T14:36:59.659345,4.207
2026-04-29T14:35:59.741311,56.16,0.0598,58.24,0.0649,1000.0,0.0,4.199,93.0,99,0,60.0,2026-04-29T14:36:59.729422,4.207
2026-04-29T14:35:59.794466,56.16,0.0598,58.25,0.0647,1000.0,0.0,4.199,93.0,99,0,60.0,2026-04-29T14:36:59.794319,4.207
2026-04-29T14:36:00.714159,56.21,0.0574,58.29,0.0638,1000.0,0.0,4.199,93.0,99,0,60.0,2026-04-29T14:37:00.713986,4.207
2026-04-29T14:36:00.753721,56.21,0.0589,58.29,0.0637,1000.0,0.0,4.199,93.0,99,0,60.0,2026-04-29T14:37:00.753590,4.207
2026-04-29T14:36:00.790942,56.21,0.0589,58.3,0.0636,1000.0,0.0,4.199,93.0,99,0,60.0,2026-04-29T14:37:00.790774,4.207
2026-04-29T14:36:01.786442,56.25,0.0589,58.33,0.0626,1000.0,0.0,4.199,93.0,99,0,60.0,2026-04-29T14:37:01.786298,4.207
2026-04-29T14:36:01.823472,56.25,0.0589,58.34,0.0629,1000.0,0.0,4.199,93.0,99,0,60.0,2026-04-29T14:37:01.823257,4.207
2026-04-29T14:36:02.785163,56.25,0.0589,58.37,0.0632,1000.0,0.0,4.199,93.0,99,0,60.0,2026-04-29T14:37:02.784978,4.207
2026-04-29T14:36:02.827131,56.32,0.0598,58.39,0.0619,1000.0,0.0,4.199,93.0,99,0,60.0,2026-04-29T14:37:02.826954,4.207
2026-04-29T14:36:02.863891,56.32,0.0598,58.39,0.0628,1000.0,0.0,4.199,93.0,99,0,60.0,2026-04-29T14:37:02.863769,4.207
2026-04-29T14:36:03.823149,56.35,0.0598,58.43,0.0636,1000.0,0.0,4.199,93.0,99,0,60.0,2026-04-29T14:37:03.822966,4.207
2026-04-29T14:36:03.859992,56.35,0.0598,58.43,0.0638,1000.0,0.0,4.199,93.0,99,0,60.0,2026-04-29T14:37:03.859860,4.207
2026-04-29T14:36:03.895267,56.35,0.0598,58.43,0.064,1000.0,0.0,4.199,93.0,99,0,60.0,2026-04-29T14:37:03.895120,4.207
2026-04-29T14:36:04.896652,56.4,0.0582,58.47,0.064,1000.0,0.0,4.199,93.0,99,0,60.0,2026-04-29T14:37:04.896473,4.207
2026-04-29T14:36:04.937634,56.4,0.0582,58.48,0.0634,1000.0,0.0,4.199,93.0,99,0,60.0,2026-04-29T14:37:04.937497,4.207
2026-04-29T14:36:04.974883,56.4,0.0582,58.48,0.0632,1000.0,0.0,4.199,93.0,99,0,60.0,2026-04-29T14:37:04.974727,4.207
2026-04-29T14:36:05.931891,56.44,0.0446,58.52,0.0592,1000.0,0.0,4.199,93.0,99,0,60.0,2026-04-29T14:37:05.931744,4.207
2026-04-29T14:36:05.971988,56.44,0.0523,58.52,0.0582,1000.0,0.0,4.199,93.0,99,0,60.0,2026-04-29T14:37:05.971862,4.207
2026-04-29T14:36:06.008923,56.44,0.0523,58.52,0.0577,1000.0,0.0,4.199,93.0,99,0,60.0,2026-04-29T14:37:06.008759,4.207
2026-04-29T14:36:07.001969,56.48,0.0576,58.56,0.0569,1000.0,0.0,4.199,93.0,99,0,60.0,2026-04-29T14:37:07.001807,4.207
2026-04-29T14:36:07.042938,56.48,0.0576,58.56,0.059,1000.0,0.0,4.199,93.0,99,0,60.0,2026-04-29T14:37:07.042761,4.207
2026-04-29T14:36:08.033277,56.48,0.0576,58.59,0.0604,1000.0,0.0,4.199,93.0,99,0,60.0,2026-04-29T14:37:08.033038,4.207
2026-04-29T14:36:08.079023,56.52,0.0576,58.6,0.0608,1000.0,0.0,4.199,92.9,99,0,60.0,2026-04-29T14:37:08.078860,4.207
2026-04-29T14:36:08.115217,56.52,0.0576,58.61,0.0613,1000.0,0.0,4.199,92.9,99,0,60.0,2026-04-29T14:37:08.115092,4.207
2026-04-29T14:36:09.083391,56.55,0.0576,58.63,0.0618,1000.0,0.0,4.199,92.9,99,0,60.0,2026-04-29T14:37:09.083196,4.207
2026-04-29T14:36:09.127048,56.55,0.0532,58.64,0.0597,1000.0,0.0,4.199,92.9,99,0,60.0,2026-04-29T14:37:09.126904,4.207
2026-04-29T14:36:09.163289,56.55,0.0532,58.64,0.059,1000.0,0.0,4.199,92.9,99,0,60.0,2026-04-29T14:37:09.163161,4.207
2026-04-29T14:36:10.143040,56.61,0.0531,58.68,0.0583,1000.0,0.0,4.199,92.9,99,0,60.0,2026-04-29T14:37:10.142833,4.207
2026-04-29T14:36:10.185086,56.61,0.0574,58.69,0.0596,1000.0,0.0,4.199,92.9,99,0,60.0,2026-04-29T14:37:10.184944,4.207
2026-04-29T14:36:10.221401,56.61,0.0574,58.69,0.0603,1000.0,0.0,4.199,92.9,99,0,60.0,2026-04-29T14:37:10.221265,4.207
2026-04-29T14:36:11.198650,56.65,0.0574,58.73,0.0607,1000.0,0.0,4.199,92.9,99,0,60.0,2026-04-29T14:37:11.198474,4.207
2026-04-29T14:36:11.238295,56.65,0.0576,58.74,0.0613,1000.0,0.0,4.199,92.9,99,0,60.0,2026-04-29T14:37:11.238134,4.207
2026-04-29T14:36:11.276630,56.65,0.0576,58.74,0.0616,1000.0,0.0,4.199,92.9,99,0,60.0,2026-04-29T14:37:11.276470,4.207
2026-04-29T14:36:12.253495,56.7,0.0576,58.78,0.062,1000.0,0.0,4.199,92.9,99,0,60.0,2026-04-29T14:37:12.253338,4.207
2026-04-29T14:36:12.295281,56.7,0.0576,58.79,0.0621,1000.0,0.0,4.199,92.9,99,0,60.0,2026-04-29T14:37:12.295118,4.207
2026-04-29T14:36:13.275325,56.7,0.0576,58.82,0.0622,1000.0,0.0,4.199,92.9,99,0,60.0,2026-04-29T14:37:13.275103,4.207
2026-04-29T14:36:13.320771,56.75,0.0624,58.83,0.0625,1000.0,0.0,4.199,92.9,99,0,60.0,2026-04-29T14:37:13.320634,4.207
2026-04-29T14:36:13.357739,56.75,0.0624,58.84,0.0642,1000.0,0.0,4.199,92.9,99,0,60.0,2026-04-29T14:37:13.357542,4.207
2026-04-29T14:36:14.332034,56.8,0.0624,58.87,0.0657,1000.0,0.0,4.199,92.9,99,0,60.0,2026-04-29T14:37:14.331862,4.207
2026-04-29T14:36:14.377093,56.8,0.0624,58.88,0.0655,1000.0,0.0,4.199,92.9,99,0,60.0,2026-04-29T14:37:14.376929,4.207
2026-04-29T14:36:14.425929,56.8,0.0624,58.88,0.0661,1000.0,0.0,4.199,92.9,99,0,60.0,2026-04-29T14:37:14.425771,4.207
2026-04-29T14:36:15.384387,56.85,0.0531,58.92,0.0651,1000.0,0.0,4.199,92.9,99,0,60.0,2026-04-29T14:37:15.384207,4.207
2026-04-29T14:36:15.426141,56.85,0.0565,58.93,0.063,1000.0,0.0,4.199,92.9,99,0,60.0,2026-04-29T14:37:15.425993,4.207
2026-04-29T14:36:15.461948,56.85,0.0565,58.93,0.0624,1000.0,0.0,4.199,92.9,99,0,60.0,2026-04-29T14:37:15.461815,4.207
2026-04-29T14:36:16.439249,56.91,0.0464,58.97,0.0598,1000.0,0.0,4.199,92.9,99,0,60.0,2026-04-29T14:37:16.438901,4.207
2026-04-29T14:36:16.479936,56.91,0.0464,58.99,0.0559,1000.0,0.0,4.199,92.9,99,0,60.0,2026-04-29T14:37:16.479794,4.207
2026-04-29T14:36:16.516677,56.91,0.0464,58.99,0.0543,1000.0,0.0,4.199,92.9,99,0,60.0,2026-04-29T14:37:16.516528,4.207
2026-04-29T14:36:17.490840,56.96,0.0464,59.03,0.0513,1000.0,0.0,4.199,92.8,99,0,60.0,2026-04-29T14:37:17.490679,4.207
2026-04-29T14:36:17.532578,56.96,0.0464,59.04,0.0511,1000.0,0.0,4.199,92.8,99,0,60.0,2026-04-29T14:37:17.532433,4.207
2026-04-29T14:36:18.511847,56.96,0.0464,59.06,0.0511,1000.0,0.0,4.199,92.8,99,0,60.0,2026-04-29T14:37:18.511575,4.207
2026-04-29T14:36:18.559688,56.99,0.0523,59.07,0.0525,1000.0,0.0,4.199,92.8,99,0,60.0,2026-04-29T14:37:18.559531,4.207
2026-04-29T14:36:18.596769,56.99,0.0523,59.07,0.0541,1000.0,0.0,4.199,92.8,99,0,60.0,2026-04-29T14:37:18.596603,4.207
2026-04-29T14:36:19.556840,57.05,0.0523,59.1,0.0556,1000.0,0.0,4.199,92.8,99,0,60.0,2026-04-29T14:37:19.556618,4.207
2026-04-29T14:36:19.597361,57.05,0.0633,59.12,0.0594,1000.0,0.0,4.199,92.8,99,0,60.0,2026-04-29T14:37:19.597232,4.207
2026-04-29T14:36:19.632620,57.05,0.0633,59.12,0.0624,1000.0,0.0,4.199,92.8,99,0,60.0,2026-04-29T14:37:19.632503,4.207
2026-04-29T14:36:20.622446,57.1,0.0513,59.16,0.0635,1000.0,0.0,4.199,92.8,99,0,60.0,2026-04-29T14:37:20.622238,4.207
2026-04-29T14:36:20.663642,57.1,0.0635,59.17,0.0656,1000.0,0.0,4.199,92.8,99,0,60.0,2026-04-29T14:37:20.663515,4.207
2026-04-29T14:36:20.699259,57.1,0.0635,59.18,0.0664,1000.0,0.0,4.199,92.8,99,0,60.0,2026-04-29T14:37:20.699142,4.207
2026-04-29T14:36:21.679329,57.16,0.0574,59.22,0.0665,1000.0,0.0,4.199,92.8,99,0,60.0,2026-04-29T14:37:21.679057,4.207
2026-04-29T14:36:21.776257,57.16,0.0598,59.23,0.0656,1000.0,0.0,4.199,92.8,99,0,60.0,2026-04-29T14:37:21.776087,4.207
2026-04-29T14:36:21.813522,57.16,0.0598,59.24,0.0652,1000.0,0.0,4.199,92.8,99,0,60.0,2026-04-29T14:37:21.813363,4.207
2026-04-29T14:36:22.732202,57.2,0.0598,59.27,0.0642,1000.0,0.0,4.199,92.8,99,0,60.0,2026-04-29T14:37:22.731997,4.207
2026-04-29T14:36:22.770785,57.2,0.0598,59.28,0.0643,1000.0,0.0,4.199,92.8,99,0,60.0,2026-04-29T14:37:22.770594,4.207
2026-04-29T14:36:23.761728,57.2,0.0598,59.31,0.0644,1000.0,0.0,4.199,92.8,99,0,60.0,2026-04-29T14:37:23.752850,4.207
2026-04-29T14:36:23.798584,57.27,0.0641,59.33,0.0659,1000.0,0.0,4.199,92.8,99,0,60.0,2026-04-29T14:37:23.798448,4.207
2026-04-29T14:36:23.835869,57.27,0.0641,59.34,0.0669,1000.0,0.0,4.199,92.8,99,0,60.0,2026-04-29T14:37:23.835711,4.207
2026-04-29T14:36:24.797912,57.33,0.0641,59.37,0.0679,1000.0,0.0,4.199,92.8,99,0,60.0,2026-04-29T14:37:24.797750,4.207
2026-04-29T14:36:24.836223,57.33,0.0591,59.39,0.0658,1000.0,0.0,4.199,92.8,99,0,60.0,2026-04-29T14:37:24.836079,4.207
2026-04-29T14:36:24.873207,57.33,0.0591,59.4,0.065,1000.0,0.0,4.199,92.8,99,0,60.0,2026-04-29T14:37:24.873026,4.207
2026-04-29T14:36:25.841230,57.39,0.0589,59.44,0.0643,1000.0,0.0,4.199,92.7,99,0,60.0,2026-04-29T14:37:25.841071,4.207
2026-04-29T14:36:25.879087,57.39,0.0635,59.45,0.0656,1000.0,0.0,4.199,92.7,99,0,60.0,2026-04-29T14:37:25.878962,4.207
2026-04-29T14:36:25.914531,57.39,0.0635,59.46,0.0664,1000.0,0.0,4.199,92.7,99,0,60.0,2026-04-29T14:37:25.914409,4.207
2026-04-29T14:36:26.914165,57.47,0.0616,59.51,0.0672,1000.0,0.0,4.199,92.7,99,0,60.0,2026-04-29T14:37:26.913982,4.207
2026-04-29T14:36:26.955496,57.47,0.0635,59.53,0.0675,1000.0,0.0,4.199,92.7,99,0,60.0,2026-04-29T14:37:26.955319,4.207
2026-04-29T14:36:26.993142,57.47,0.0635,59.54,0.0677,1000.0,0.0,4.199,92.7,99,0,60.0,2026-04-29T14:37:26.992980,4.207
2026-04-29T14:36:27.964321,57.53,0.0616,59.59,0.0673,1000.0,0.0,4.199,92.7,99,0,60.0,2026-04-29T14:37:27.964157,4.207
2026-04-29T14:36:28.002725,57.53,0.0616,59.6,0.0668,1000.0,0.0,4.199,92.7,99,0,60.0,2026-04-29T14:37:28.002574,4.207
2026-04-29T14:36:28.978792,57.53,0.0616,59.63,0.0666,1000.0,0.0,4.199,92.7,99,0,60.0,2026-04-29T14:37:28.978624,4.207
2026-04-29T14:36:29.017766,57.59,0.0616,59.65,0.0633,1000.0,0.0,4.199,92.7,99,0,60.0,2026-04-29T14:37:29.017617,4.207
2026-04-29T14:36:29.053774,57.59,0.0616,59.66,0.0644,1000.0,0.0,4.199,92.7,99,0,60.0,2026-04-29T14:37:29.053611,4.207
2026-04-29T14:36:30.047342,57.65,0.0616,59.7,0.0653,1000.0,0.0,4.199,92.7,99,0,60.0,2026-04-29T14:37:30.047162,4.207
2026-04-29T14:36:30.090799,57.65,0.0616,59.72,0.0643,1000.0,0.0,4.199,92.7,99,0,60.0,2026-04-29T14:37:30.090638,4.207
2026-04-29T14:36:30.127435,57.65,0.0616,59.72,0.065,1000.0,0.0,4.199,92.7,99,0,60.0,2026-04-29T14:37:30.127290,4.207
2026-04-29T14:36:31.101110,57.73,0.0607,59.77,0.0655,1000.0,0.0,4.199,92.7,99,0,60.0,2026-04-29T14:37:31.100938,4.207
2026-04-29T14:36:31.143045,57.73,0.0607,59.79,0.0656,1000.0,0.0,4.199,92.7,99,0,60.0,2026-04-29T14:37:31.142850,4.207
2026-04-29T14:36:31.192295,57.73,0.0607,59.79,0.0655,1000.0,0.0,4.199,92.7,99,0,60.0,2026-04-29T14:37:31.192096,4.207
2026-04-29T14:36:32.155516,57.78,0.0557,59.84,0.0646,1000.0,0.0,4.199,92.7,99,0,60.0,2026-04-29T14:37:32.155270,4.207
2026-04-29T14:36:32.195605,57.78,0.0589,59.85,0.0641,1000.0,0.0,4.199,92.7,99,0,60.0,2026-04-29T14:37:32.195472,4.207
2026-04-29T14:36:32.231179,57.78,0.0589,59.85,0.0639,1000.0,0.0,4.199,92.7,99,0,60.0,2026-04-29T14:37:32.231061,4.207
2026-04-29T14:36:33.209272,57.83,0.0643,59.89,0.0637,1000.0,0.0,4.199,92.6,99,0,60.0,2026-04-29T14:37:33.209099,4.207
2026-04-29T14:36:33.247987,57.83,0.0643,59.9,0.0658,1000.0,0.0,4.199,92.6,99,0,60.0,2026-04-29T14:37:33.247838,4.207
2026-04-29T14:36:34.231485,57.83,0.0643,59.93,0.0673,1000.0,0.0,4.199,92.6,99,0,60.0,2026-04-29T14:37:34.231252,4.207
2026-04-29T14:36:34.278936,57.87,0.0643,59.94,0.0674,1000.0,0.0,4.199,92.6,99,0,60.0,2026-04-29T14:37:34.278786,4.207
2026-04-29T14:36:34.316015,57.87,0.0643,59.94,0.068,1000.0,0.0,4.199,92.6,99,0,60.0,2026-04-29T14:37:34.315866,4.207
2026-04-29T14:36:35.285755,57.92,0.0643,59.98,0.0686,1000.0,0.0,4.199,92.6,99,0,60.0,2026-04-29T14:37:35.285564,4.207
2026-04-29T14:36:35.331283,57.92,0.0667,59.99,0.068,1000.0,0.0,4.199,92.6,99,0,60.0,2026-04-29T14:37:35.331143,4.207
2026-04-29T14:36:35.367642,57.92,0.0667,59.99,0.0692,1000.0,0.0,4.199,92.6,99,0,60.0,2026-04-29T14:37:35.367513,4.207
2026-04-29T14:36:36.342828,57.97,0.0667,60.03,0.0704,1000.0,0.0,4.199,92.6,99,0,60.0,2026-04-29T14:37:36.342636,4.207
2026-04-29T14:36:36.383837,57.97,0.0667,60.04,0.0708,1000.0,0.0,4.199,92.6,99,0,60.0,2026-04-29T14:37:36.383703,4.207
2026-04-29T14:36:36.419507,57.97,0.0667,60.04,0.071,1000.0,0.0,4.199,92.6,99,0,60.0,2026-04-29T14:37:36.419372,4.207
2026-04-29T14:36:37.394235,58.01,0.0657,60.08,0.071,1000.0,0.0,4.199,92.6,99,0,60.0,2026-04-29T14:37:37.394042,4.207
2026-04-29T14:36:37.433171,58.01,0.0717,60.09,0.0733,1000.0,0.0,4.199,92.6,99,0,60.0,2026-04-29T14:37:37.433022,4.207
2026-04-29T14:36:37.468990,58.01,0.0717,60.09,0.0743,1000.0,0.0,4.199,92.6,99,0,60.0,2026-04-29T14:37:37.468860,4.207
2026-04-29T14:36:38.451913,58.07,0.0742,60.13,0.0755,1000.0,0.0,4.199,92.6,99,0,60.0,2026-04-29T14:37:38.451736,4.207
2026-04-29T14:36:38.491557,58.07,0.0742,60.14,0.0769,1000.0,0.0,4.199,92.6,99,0,60.0,2026-04-29T14:37:38.491384,4.207
2026-04-29T14:36:39.461212,58.07,0.0742,60.17,0.0778,1000.0,0.0,4.199,92.6,99,0,60.0,2026-04-29T14:37:39.461044,4.207
2026-04-29T14:36:39.501546,58.14,0.0657,60.2,0.0738,1000.0,0.0,4.199,92.6,99,0,60.0,2026-04-29T14:37:39.501411,4.207
2026-04-29T14:36:39.537827,58.14,0.0657,60.21,0.0725,1000.0,0.0,4.199,92.6,99,0,60.0,2026-04-29T14:37:39.537668,4.207
2026-04-29T14:36:40.528769,58.2,0.0657,60.25,0.0715,1000.0,0.0,4.199,92.6,98,0,60.0,2026-04-29T14:37:40.528579,4.207
2026-04-29T14:36:40.572594,58.2,0.0657,60.26,0.0686,1000.0,0.0,4.199,92.6,98,0,60.0,2026-04-29T14:37:40.572421,4.207
2026-04-29T14:36:40.609554,58.2,0.0657,60.27,0.0693,1000.0,0.0,4.199,92.6,98,0,60.0,2026-04-29T14:37:40.609407,4.207
2026-04-29T14:36:41.581819,58.25,0.0657,60.31,0.0699,1000.0,0.0,4.199,92.6,98,0,60.0,2026-04-29T14:37:41.581631,4.207
2026-04-29T14:36:41.624056,58.25,0.0675,60.32,0.0701,1000.0,0.0,4.199,92.6,98,0,60.0,2026-04-29T14:37:41.623862,4.207
2026-04-29T14:36:41.659727,58.25,0.0675,60.32,0.0708,1000.0,0.0,4.199,92.6,98,0,60.0,2026-04-29T14:37:41.659587,4.207
2026-04-29T14:36:42.643118,58.3,0.0574,60.36,0.0688,1000.0,0.0,4.199,92.6,98,0,60.0,2026-04-29T14:37:42.642918,4.207
2026-04-29T14:36:42.682479,58.3,0.0648,60.37,0.0691,1000.0,0.0,4.199,92.5,98,0,60.0,2026-04-29T14:37:42.682331,4.207
2026-04-29T14:36:42.719001,58.3,0.0648,60.37,0.0692,1000.0,0.0,4.199,92.5,98,0,60.0,2026-04-29T14:37:42.718864,4.207
2026-04-29T14:36:43.689850,58.36,0.0648,60.42,0.0693,1000.0,0.0,4.199,92.5,98,0,60.0,2026-04-29T14:37:43.689065,4.207
2026-04-29T14:36:43.785111,58.36,0.0648,60.43,0.0694,1000.0,0.0,4.199,92.5,98,0,60.0,2026-04-29T14:37:43.780246,4.207
2026-04-29T14:36:44.698933,58.36,0.0648,60.46,0.0695,1000.0,0.0,4.199,92.5,98,0,60.0,2026-04-29T14:37:44.698762,4.207
2026-04-29T14:36:44.736001,58.39,0.0716,60.47,0.0708,1000.0,0.0,4.199,92.5,98,0,60.0,2026-04-29T14:37:44.735870,4.207
2026-04-29T14:36:44.774966,58.39,0.0716,60.47,0.0728,1000.0,0.0,4.199,92.5,98,0,60.0,2026-04-29T14:37:44.774807,4.207
2026-04-29T14:36:45.771315,58.44,0.0716,60.5,0.0746,1000.0,0.0,4.199,92.5,98,0,60.0,2026-04-29T14:37:45.771105,4.207
2026-04-29T14:36:45.806255,58.44,0.0692,60.51,0.0745,1000.0,0.0,4.199,92.5,98,0,60.0,2026-04-29T14:37:45.806113,4.207
2026-04-29T14:36:45.842650,58.44,0.0692,60.52,0.0743,1000.0,0.0,4.199,92.5,98,0,60.0,2026-04-29T14:37:45.842496,4.207
2026-04-29T14:36:46.810155,58.48,0.0625,60.55,0.073,1000.0,0.0,4.199,92.5,98,0,60.0,2026-04-29T14:37:46.809991,4.207
2026-04-29T14:36:46.849662,58.48,0.0633,60.56,0.0707,1000.0,0.0,4.199,92.5,98,0,60.0,2026-04-29T14:37:46.849511,4.207
2026-04-29T14:36:46.885411,58.48,0.0633,60.56,0.0698,1000.0,0.0,4.199,92.5,98,0,60.0,2026-04-29T14:37:46.885287,4.207
2026-04-29T14:36:47.854151,58.54,0.0633,60.6,0.0687,1000.0,0.0,4.199,92.5,98,0,60.0,2026-04-29T14:37:47.853922,4.207
2026-04-29T14:36:47.891220,58.54,0.0693,60.61,0.0709,1000.0,0.0,4.199,92.5,98,0,60.0,2026-04-29T14:37:47.891093,4.207
2026-04-29T14:36:47.927328,58.54,0.0693,60.62,0.0719,1000.0,0.0,4.199,92.5,98,0,60.0,2026-04-29T14:37:47.927197,4.207
2026-04-29T14:36:48.930877,58.59,0.0693,60.66,0.0729,1000.0,0.0,4.199,92.5,98,0,60.0,2026-04-29T14:37:48.930712,4.207
2026-04-29T14:36:48.969123,58.59,0.0693,60.67,0.0734,1000.0,0.0,4.199,92.5,98,0,60.0,2026-04-29T14:37:48.968993,4.207
2026-04-29T14:36:49.936661,58.59,0.0693,60.7,0.0737,1000.0,0.0,4.199,92.5,98,0,60.0,2026-04-29T14:37:49.936443,4.207
2026-04-29T14:36:49.978246,58.67,0.0658,60.72,0.0724,1000.0,0.0,4.199,92.5,98,0,60.0,2026-04-29T14:37:49.978065,4.207
2026-04-29T14:36:50.017184,58.67,0.0658,60.73,0.0717,1000.0,0.0,4.199,92.5,98,0,60.0,2026-04-29T14:37:50.017072,4.207
2026-04-29T14:36:51.010857,58.73,0.0658,60.77,0.0712,1000.0,0.0,4.199,92.4,98,0,60.0,2026-04-29T14:37:51.010659,4.207
2026-04-29T14:36:51.054360,58.73,0.0598,60.79,0.0673,1000.0,0.0,4.199,92.4,98,0,60.0,2026-04-29T14:37:51.054150,4.207
2026-04-29T14:36:51.090727,58.73,0.0598,60.8,0.0663,1000.0,0.0,4.199,92.4,98,0,60.0,2026-04-29T14:37:51.090591,4.207
2026-04-29T14:36:52.063577,58.8,0.0548,60.84,0.0646,1000.0,0.0,4.199,92.4,98,0,60.0,2026-04-29T14:37:52.063341,4.207
2026-04-29T14:36:52.106638,58.8,0.0648,60.86,0.066,1000.0,0.0,4.199,92.4,98,0,60.0,2026-04-29T14:37:52.106484,4.207
2026-04-29T14:36:52.143456,58.8,0.0648,60.87,0.0672,1000.0,0.0,4.199,92.4,98,0,60.0,2026-04-29T14:37:52.143310,4.207
2026-04-29T14:36:53.117610,58.86,0.0648,60.91,0.0687,1000.0,0.0,4.199,92.4,98,0,60.0,2026-04-29T14:37:53.117439,4.207
2026-04-29T14:36:53.162542,58.86,0.0683,60.93,0.0706,1000.0,0.0,4.199,92.4,98,0,60.0,2026-04-29T14:37:53.162335,4.207
2026-04-29T14:36:53.202274,58.86,0.0683,60.93,0.0714,1000.0,0.0,4.199,92.4,98,0,60.0,2026-04-29T14:37:53.202101,4.207
2026-04-29T14:36:54.172488,58.91,0.0683,60.97,0.0709,1000.0,0.0,4.199,92.4,98,0,60.0,2026-04-29T14:37:54.172304,4.207
2026-04-29T14:36:54.211137,58.91,0.0683,60.98,0.0718,1000.0,0.0,4.199,92.4,98,0,60.0,2026-04-29T14:37:54.211016,4.207
2026-04-29T14:36:55.192934,58.91,0.0683,61.01,0.0724,1000.0,0.0,4.199,92.4,98,0,60.0,2026-04-29T14:37:55.192726,4.207
2026-04-29T14:36:55.239115,58.97,0.0624,61.03,0.0695,1000.0,0.0,4.199,92.4,98,0,60.0,2026-04-29T14:37:55.238964,4.207
2026-04-29T14:36:55.275637,58.97,0.0624,61.04,0.0686,1000.0,0.0,4.199,92.4,98,0,60.0,2026-04-29T14:37:55.275496,4.207
2026-04-29T14:36:56.250636,59.02,0.0624,61.08,0.068,1000.0,0.0,4.199,92.4,98,0,60.0,2026-04-29T14:37:56.250435,4.207
2026-04-29T14:36:56.294025,59.02,0.065,61.09,0.0684,1000.0,0.0,4.199,92.4,98,0,60.0,2026-04-29T14:37:56.293858,4.207
2026-04-29T14:36:56.328382,59.02,0.065,61.1,0.0689,1000.0,0.0,4.199,92.4,98,0,60.0,2026-04-29T14:37:56.328237,4.207
2026-04-29T14:36:57.305538,59.07,0.065,61.13,0.0694,1000.0,0.0,4.199,92.4,98,0,60.0,2026-04-29T14:37:57.305347,4.207
2026-04-29T14:36:57.346838,59.07,0.065,61.14,0.0696,1000.0,0.0,4.199,92.4,98,0,60.0,2026-04-29T14:37:57.346653,4.207
2026-04-29T14:36:57.382231,59.07,0.065,61.15,0.0696,1000.0,0.0,4.199,92.4,98,0,60.0,2026-04-29T14:37:57.382091,4.207
2026-04-29T14:36:58.341732,59.13,0.0589,61.19,0.0681,1000.0,0.0,4.199,92.4,98,0,60.0,2026-04-29T14:37:58.341529,4.207
2026-04-29T14:36:58.385062,59.13,0.0599,61.2,0.0667,1000.0,0.0,4.199,92.4,98,0,60.0,2026-04-29T14:37:58.384920,4.207
2026-04-29T14:36:58.420872,59.13,0.0599,61.2,0.066,1000.0,0.0,4.199,92.4,98,0,60.0,2026-04-29T14:37:58.420680,4.207
2026-04-29T14:36:59.413096,59.18,0.0599,61.24,0.0649,1000.0,0.0,4.199,92.3,98,0,60.0,2026-04-29T14:37:59.412959,4.207
2026-04-29T14:36:59.454380,59.18,0.0599,61.25,0.0648,1000.0,0.0,4.199,92.3,98,0,60.0,2026-04-29T14:37:59.454195,4.207
2026-04-29T14:37:00.436066,59.18,0.0599,61.28,0.0648,1000.0,0.0,4.199,92.3,98,0,60.0,2026-04-29T14:38:00.435846,4.207
2026-04-29T14:37:00.482566,59.25,0.0582,61.31,0.0638,1000.0,0.0,4.199,92.3,98,0,60.0,2026-04-29T14:38:00.482398,4.207
2026-04-29T14:37:00.520784,59.25,0.0582,61.31,0.0635,1000.0,0.0,4.199,92.3,98,0,60.0,2026-04-29T14:38:00.520543,4.207
2026-04-29T14:37:01.490583,59.29,0.0582,61.35,0.0633,1000.0,0.0,4.199,92.3,98,0,60.0,2026-04-29T14:38:01.490377,4.207
2026-04-29T14:37:01.533568,59.29,0.0565,61.35,0.0623,1000.0,0.0,4.199,92.3,98,0,60.0,2026-04-29T14:38:01.533437,4.207
2026-04-29T14:37:01.571116,59.29,0.0565,61.35,0.062,1000.0,0.0,4.199,92.3,98,0,60.0,2026-04-29T14:38:01.570914,4.207
2026-04-29T14:37:02.546286,59.33,0.0531,61.39,0.0611,1000.0,0.0,4.199,92.3,99,0,60.0,2026-04-29T14:38:02.546056,4.207
2026-04-29T14:37:02.588730,59.33,0.0531,61.39,0.0593,1000.0,0.0,4.199,92.3,99,0,60.0,2026-04-29T14:38:02.588558,4.207
2026-04-29T14:37:02.625559,59.33,0.0531,61.4,0.0588,1000.0,0.0,4.199,92.3,99,0,60.0,2026-04-29T14:38:02.625424,4.207
2026-04-29T14:37:03.588946,59.4,0.0498,61.44,0.0573,1000.0,0.0,4.199,92.3,99,0,60.0,2026-04-29T14:38:03.588768,4.207
2026-04-29T14:37:03.628166,59.4,0.0567,61.46,0.0592,1000.0,0.0,4.199,92.3,99,0,60.0,2026-04-29T14:38:03.628022,4.207
2026-04-29T14:37:03.663842,59.4,0.0567,61.46,0.0599,1000.0,0.0,4.199,92.3,99,0,60.0,2026-04-29T14:38:03.663718,4.207
2026-04-29T14:37:04.645859,59.45,0.0607,61.51,0.0619,1000.0,0.0,4.199,92.3,99,0,60.0,2026-04-29T14:38:04.645699,4.207
2026-04-29T14:37:04.684604,59.45,0.0607,61.51,0.0634,1000.0,0.0,4.199,92.3,99,0,60.0,2026-04-29T14:38:04.684470,4.207
2026-04-29T14:37:05.676829,59.45,0.0607,61.54,0.0644,1000.0,0.0,4.199,92.3,99,0,60.0,2026-04-29T14:38:05.676675,4.207
2026-04-29T14:37:05.779139,59.49,0.0641,61.56,0.0658,1000.0,0.0,4.199,92.3,98,0,60.0,2026-04-29T14:38:05.778985,4.207
2026-04-29T14:37:05.814428,59.49,0.0641,61.56,0.067,1000.0,0.0,4.199,92.3,98,0,60.0,2026-04-29T14:38:05.814267,4.207
2026-04-29T14:37:06.730205,59.53,0.0641,61.59,0.068,1000.0,0.0,4.199,92.3,98,0,60.0,2026-04-29T14:38:06.729983,4.207
2026-04-29T14:37:06.773860,59.53,0.0657,61.6,0.0686,1000.0,0.0,4.199,92.3,98,0,60.0,2026-04-29T14:38:06.773705,4.207
2026-04-29T14:37:06.809128,59.53,0.0657,61.6,0.0693,1000.0,0.0,4.199,92.3,98,0,60.0,2026-04-29T14:38:06.808970,4.207
2026-04-29T14:37:07.774534,59.58,0.0657,61.63,0.07,1000.0,0.0,4.199,92.3,98,0,60.0,2026-04-29T14:38:07.774391,4.207
2026-04-29T14:37:07.809320,59.58,0.0683,61.64,0.0712,1000.0,0.0,4.199,92.3,98,0,60.0,2026-04-29T14:38:07.809181,4.207
2026-04-29T14:37:07.844553,59.58,0.0683,61.64,0.0718,1000.0,0.0,4.199,92.3,98,0,60.0,2026-04-29T14:38:07.844432,4.207
2026-04-29T14:37:08.823482,59.63,0.0683,61.68,0.0723,1000.0,0.0,4.199,92.2,98,0,60.0,2026-04-29T14:38:08.823255,4.208
2026-04-29T14:37:08.864506,59.63,0.0693,61.69,0.073,1000.0,0.0,4.199,92.2,98,0,60.0,2026-04-29T14:38:08.864376,4.208
2026-04-29T14:37:08.901039,59.63,0.0693,61.69,0.0734,1000.0,0.0,4.199,92.2,98,0,60.0,2026-04-29T14:38:08.900932,4.208
2026-04-29T14:37:09.869719,59.68,0.0635,61.73,0.0714,1000.0,0.0,4.199,92.2,98,0,60.0,2026-04-29T14:38:09.869511,4.208
2026-04-29T14:37:09.906297,59.68,0.0635,61.74,0.0701,1000.0,0.0,4.199,92.2,98,0,60.0,2026-04-29T14:38:09.906156,4.208
2026-04-29T14:37:10.910695,59.68,0.0635,61.77,0.0694,1000.0,0.0,4.199,92.2,98,0,60.0,2026-04-29T14:38:10.910507,4.208
2026-04-29T14:37:10.956413,59.74,0.0635,61.79,0.0669,1000.0,0.0,4.199,92.2,98,0,60.0,2026-04-29T14:38:10.956254,4.208
2026-04-29T14:37:10.992839,59.74,0.0635,61.8,0.0674,1000.0,0.0,4.199,92.2,98,0,60.0,2026-04-29T14:38:10.992714,4.208
2026-04-29T14:37:11.967274,59.79,0.0635,61.83,0.0679,1000.0,0.0,4.199,92.2,98,0,60.0,2026-04-29T14:38:11.967092,4.208
2026-04-29T14:37:12.012384,59.79,0.0733,61.85,0.0716,1000.0,0.0,4.199,92.2,98,0,60.0,2026-04-29T14:38:12.012198,4.208
2026-04-29T14:37:12.048990,59.79,0.0733,61.85,0.074,1000.0,0.0,4.199,92.2,98,0,60.0,2026-04-29T14:38:12.048869,4.208
2026-04-29T14:37:13.021626,59.83,0.0683,61.89,0.0756,1000.0,0.0,4.199,92.2,98,0,60.0,2026-04-29T14:38:13.021440,4.208
2026-04-29T14:37:13.062987,59.83,0.0683,61.89,0.0742,1000.0,0.0,4.199,92.2,98,0,60.0,2026-04-29T14:38:13.062838,4.208
2026-04-29T14:37:13.098492,59.83,0.0683,61.9,0.0739,1000.0,0.0,4.199,92.2,98,0,60.0,2026-04-29T14:38:13.098360,4.208
2026-04-29T14:37:14.064531,59.87,0.065,61.93,0.0726,1000.0,0.0,4.199,92.2,98,0,60.0,2026-04-29T14:38:14.064357,4.208
2026-04-29T14:37:14.104224,59.87,0.065,61.94,0.0714,1000.0,0.0,4.199,92.2,98,0,60.0,2026-04-29T14:38:14.104036,4.208
2026-04-29T14:37:14.141157,59.87,0.065,61.94,0.0709,1000.0,0.0,4.199,92.2,98,0,60.0,2026-04-29T14:38:14.140991,4.208
2026-04-29T14:37:15.130562,59.93,0.065,61.98,0.0703,1000.0,0.0,4.199,92.2,98,0,60.0,2026-04-29T14:38:15.130394,4.208
2026-04-29T14:37:15.169754,59.93,0.065,61.99,0.0701,1000.0,0.0,4.199,92.2,98,0,60.0,2026-04-29T14:38:15.169577,4.208
2026-04-29T14:37:16.145963,59.93,0.065,62.02,0.0701,1000.0,0.0,4.199,92.2,98,0,60.0,2026-04-29T14:38:16.145762,4.208
2026-04-29T14:37:16.191888,59.97,0.0684,62.03,0.0707,1000.0,0.0,4.199,92.2,98,0,60.0,2026-04-29T14:38:16.191726,4.208
2026-04-29T14:37:16.228356,59.97,0.0684,62.04,0.0717,1000.0,0.0,4.199,92.2,98,0,60.0,2026-04-29T14:38:16.228201,4.208
2026-04-29T14:37:17.206091,60.02,0.0684,62.07,0.0725,1000.0,0.0,4.199,92.2,98,0,60.0,2026-04-29T14:38:17.205893,4.208
2026-04-29T14:37:17.249017,60.02,0.0693,62.08,0.073,1000.0,0.0,4.199,92.2,98,0,60.0,2026-04-29T14:38:17.248866,4.208
2026-04-29T14:37:17.284481,60.02,0.0693,62.09,0.0734,1000.0,0.0,4.199,92.2,98,0,60.0,2026-04-29T14:38:17.284316,4.208
2026-04-29T14:37:18.260147,60.07,0.0667,62.12,0.0735,1000.0,0.0,4.199,92.1,98,0,60.0,2026-04-29T14:38:18.259950,4.208
2026-04-29T14:37:18.301422,60.07,0.0683,62.13,0.0732,1000.0,0.0,4.199,92.1,98,0,60.0,2026-04-29T14:38:18.301230,4.208
2026-04-29T14:37:18.336728,60.07,0.0683,62.13,0.0732,1000.0,0.0,4.199,92.1,98,0,60.0,2026-04-29T14:38:18.336590,4.208
2026-04-29T14:37:19.315165,60.1,0.0683,62.16,0.0733,1000.0,0.0,4.199,92.1,98,0,60.0,2026-04-29T14:38:19.314971,4.208
2026-04-29T14:37:19.355886,60.1,0.0724,62.17,0.075,1000.0,0.0,4.199,92.1,98,0,60.0,2026-04-29T14:38:19.355711,4.208
2026-04-29T14:37:19.392436,60.1,0.0724,62.17,0.0758,1000.0,0.0,4.199,92.1,98,0,60.0,2026-04-29T14:38:19.392312,4.208
2026-04-29T14:37:20.368781,60.14,0.0724,62.2,0.0755,1000.0,0.0,4.199,92.1,98,0,60.0,2026-04-29T14:38:20.368589,4.208
2026-04-29T14:37:20.407448,60.14,0.0724,62.2,0.0763,1000.0,0.0,4.199,92.1,98,0,60.0,2026-04-29T14:38:20.407292,4.208
2026-04-29T14:37:21.389289,60.14,0.0724,62.23,0.0768,1000.0,0.0,4.199,92.1,98,0,60.0,2026-04-29T14:38:21.389089,4.208
2026-04-29T14:37:21.436303,60.18,0.0624,62.24,0.0727,1000.0,0.0,4.199,92.1,98,0,60.0,2026-04-29T14:38:21.436128,4.208
2026-04-29T14:37:21.473269,60.18,0.0624,62.24,0.0707,1000.0,0.0,4.199,92.1,98,0,60.0,2026-04-29T14:38:21.473122,4.208
2026-04-29T14:37:22.446457,60.21,0.0624,62.27,0.0691,1000.0,0.0,4.199,92.1,99,0,60.0,2026-04-29T14:38:22.446260,4.208
2026-04-29T14:37:22.490660,60.21,0.0709,62.28,0.0701,1000.0,0.0,4.199,92.1,99,0,60.0,2026-04-29T14:38:22.490489,4.208
2026-04-29T14:37:22.526434,60.21,0.0709,62.28,0.0721,1000.0,0.0,4.199,92.1,99,0,60.0,2026-04-29T14:38:22.526271,4.208
2026-04-29T14:37:23.502615,60.27,0.0589,62.32,0.0722,1000.0,0.0,4.199,92.1,99,0,60.0,2026-04-29T14:38:23.502377,4.208
2026-04-29T14:37:23.543569,60.27,0.0724,62.33,0.0745,1000.0,0.0,4.199,92.1,99,0,60.0,2026-04-29T14:38:23.543411,4.208
2026-04-29T14:37:23.579643,60.27,0.0724,62.33,0.0754,1000.0,0.0,4.199,92.1,99,0,60.0,2026-04-29T14:38:23.579489,4.208
2026-04-29T14:37:24.534679,60.3,0.0724,62.36,0.0766,1000.0,0.0,4.199,92.1,99,0,60.0,2026-04-29T14:38:24.534382,4.208
2026-04-29T14:37:24.572169,60.3,0.0726,62.37,0.077,1000.0,0.0,4.199,92.1,99,0,60.0,2026-04-29T14:38:24.572023,4.208
2026-04-29T14:37:24.609074,60.3,0.0726,62.37,0.0771,1000.0,0.0,4.199,92.1,99,0,60.0,2026-04-29T14:38:24.608942,4.208
2026-04-29T14:37:25.609360,60.34,0.0616,62.4,0.0743,1000.0,0.0,4.199,92.1,99,0,60.0,2026-04-29T14:38:25.609194,4.208
2026-04-29T14:37:25.647024,60.34,0.0616,62.41,0.0712,1000.0,0.0,4.199,92.1,99,0,60.0,2026-04-29T14:38:25.646883,4.208
2026-04-29T14:37:26.622390,60.34,0.0616,62.44,0.0692,1000.0,0.0,4.199,92.1,99,0,60.0,2026-04-29T14:38:26.622228,4.208
2026-04-29T14:37:26.666706,60.41,0.0616,62.46,0.0672,1000.0,0.0,4.199,92.1,99,0,60.0,2026-04-29T14:38:26.666569,4.208
2026-04-29T14:37:26.709454,60.41,0.0616,62.47,0.067,1000.0,0.0,4.199,92.1,99,0,60.0,2026-04-29T14:38:26.709323,4.208
2026-04-29T14:37:27.696159,60.46,0.0616,62.51,0.0668,1000.0,0.0,4.199,92.1,99,0,60.0,2026-04-29T14:38:27.695673,4.208
2026-04-29T14:37:27.769467,60.46,0.0667,62.52,0.0685,1000.0,0.0,4.199,92.1,99,0,60.0,2026-04-29T14:38:27.768101,4.208
2026-04-29T14:37:27.923489,60.46,0.0667,62.53,0.0697,1000.0,0.0,4.199,92.1,99,0,60.0,2026-04-29T14:38:27.908622,4.208
2026-04-29T14:37:28.722743,60.51,0.0648,62.56,0.0705,1000.0,0.0,4.199,92.0,99,0,60.0,2026-04-29T14:38:28.722542,4.208
2026-04-29T14:37:28.764842,60.51,0.0692,62.57,0.0721,1000.0,0.0,4.199,92.0,99,0,60.0,2026-04-29T14:38:28.764730,4.208
2026-04-29T14:37:28.808554,60.51,0.0692,62.57,0.0728,1000.0,0.0,4.199,92.0,99,0,60.0,2026-04-29T14:38:28.808431,4.208
2026-04-29T14:37:29.790782,60.56,0.0666,62.61,0.0728,1000.0,0.0,4.199,92.0,99,0,60.0,2026-04-29T14:38:29.790613,4.208
2026-04-29T14:37:29.828381,60.56,0.0692,62.62,0.0734,1000.0,0.0,4.199,92.0,99,0,60.0,2026-04-29T14:38:29.828269,4.208
2026-04-29T14:37:29.862338,60.56,0.0692,62.62,0.0736,1000.0,0.0,4.199,92.0,99,0,60.0,2026-04-29T14:38:29.862236,4.208
2026-04-29T14:37:30.824311,60.61,0.0692,62.66,0.0733,1000.0,0.0,4.199,92.0,99,0,60.0,2026-04-29T14:38:30.824173,4.208
2026-04-29T14:37:30.858784,60.61,0.0692,62.67,0.0736,1000.0,0.0,4.199,92.0,99,0,60.0,2026-04-29T14:38:30.858696,4.208
2026-04-29T14:37:31.867437,60.61,0.0692,62.7,0.0739,1000.0,0.0,4.199,92.0,99,0,60.0,2026-04-29T14:38:31.867272,4.208
2026-04-29T14:37:31.911245,60.65,0.0742,62.71,0.0746,1000.0,0.0,4.199,92.0,99,0,60.0,2026-04-29T14:38:31.911140,4.208
2026-04-29T14:37:31.944831,60.65,0.0742,62.71,0.0763,1000.0,0.0,4.199,92.0,99,0,60.0,2026-04-29T14:38:31.944738,4.208
2026-04-29T14:37:32.917157,60.69,0.0742,62.75,0.0778,1000.0,0.0,4.199,92.0,98,0,60.0,2026-04-29T14:38:32.916995,4.208
2026-04-29T14:37:32.957034,60.69,0.0759,62.75,0.0791,1000.0,0.0,4.199,92.0,98,0,60.0,2026-04-29T14:38:32.956936,4.208
2026-04-29T14:37:32.991561,60.69,0.0759,62.76,0.0797,1000.0,0.0,4.199,92.0,98,0,60.0,2026-04-29T14:38:32.991459,4.208
2026-04-29T14:37:33.957467,60.74,0.0742,62.79,0.0802,1000.0,0.0,4.199,92.0,98,0,60.0,2026-04-29T14:38:33.957338,4.208
2026-04-29T14:37:33.992722,60.74,0.0759,62.8,0.0805,1000.0,0.0,4.199,92.0,98,0,60.0,2026-04-29T14:38:33.992627,4.208
2026-04-29T14:37:34.026204,60.74,0.0759,62.8,0.0807,1000.0,0.0,4.199,92.0,98,0,60.0,2026-04-29T14:38:34.026126,4.208
2026-04-29T14:37:35.031831,60.77,0.065,62.84,0.0784,1000.0,0.0,4.199,92.0,99,0,60.0,2026-04-29T14:38:35.031652,4.208
2026-04-29T14:37:35.068947,60.77,0.0693,62.84,0.0766,1000.0,0.0,4.199,92.0,99,0,60.0,2026-04-29T14:38:35.068851,4.208
2026-04-29T14:37:35.102258,60.77,0.0693,62.84,0.0758,1000.0,0.0,4.199,92.0,99,0,60.0,2026-04-29T14:38:35.102167,4.208
2026-04-29T14:37:36.083949,60.82,0.0693,62.88,0.0738,1000.0,0.0,4.199,92.0,99,0,60.0,2026-04-29T14:38:36.083807,4.208
2026-04-29T14:37:36.120071,60.82,0.0693,62.89,0.074,1000.0,0.0,4.199,92.0,99,0,60.0,2026-04-29T14:38:36.119978,4.208
2026-04-29T14:37:37.108559,60.82,0.0693,62.91,0.0741,1000.0,0.0,4.199,92.0,99,0,60.0,2026-04-29T14:38:37.108358,4.208
2026-04-29T14:37:37.151612,60.87,0.07,62.93,0.0743,1000.0,0.0,4.199,92.0,99,0,60.0,2026-04-29T14:38:37.151508,4.208
2026-04-29T14:37:37.185032,60.87,0.07,62.94,0.0746,1000.0,0.0,4.199,92.0,99,0,60.0,2026-04-29T14:38:37.184950,4.208
2026-04-29T14:37:38.237740,60.91,0.07,62.97,0.0749,1000.0,0.0,4.199,92.0,99,0,60.0,2026-04-29T14:38:38.220443,4.208
2026-04-29T14:37:38.325193,60.91,0.07,62.98,0.0749,1000.0,0.0,4.199,92.0,99,0,60.0,2026-04-29T14:38:38.325045,4.208
2026-04-29T14:37:38.374871,60.91,0.07,62.98,0.075,1000.0,0.0,4.199,92.0,99,0,60.0,2026-04-29T14:38:38.374734,4.208
2026-04-29T14:37:39.208642,60.95,0.0693,63.01,0.0749,1000.0,0.0,4.199,91.9,99,0,60.0,2026-04-29T14:38:39.208498,4.208
2026-04-29T14:37:39.253180,60.95,0.0693,63.02,0.0746,1000.0,0.0,4.199,91.9,99,0,60.0,2026-04-29T14:38:39.253057,4.208
2026-04-29T14:37:39.291530,60.95,0.0693,63.02,0.0745,1000.0,0.0,4.199,91.9,99,0,60.0,2026-04-29T14:38:39.291409,4.208
2026-04-29T14:37:40.269921,61.01,0.0648,63.06,0.0732,1000.0,0.0,4.199,91.9,99,0,60.0,2026-04-29T14:38:40.269702,4.208
2026-04-29T14:37:40.310053,61.01,0.0734,63.07,0.0754,1000.0,0.0,4.199,91.9,99,0,60.0,2026-04-29T14:38:40.309931,4.208
2026-04-29T14:37:40.346192,61.01,0.0734,63.07,0.0764,1000.0,0.0,4.199,91.9,99,0,60.0,2026-04-29T14:38:40.346061,4.208
2026-04-29T14:37:41.323539,61.07,0.0734,63.12,0.0766,1000.0,0.0,4.199,91.9,99,0,60.0,2026-04-29T14:38:41.323374,4.208
2026-04-29T14:37:41.361506,61.07,0.0734,63.13,0.0773,1000.0,0.0,4.199,91.9,99,0,60.0,2026-04-29T14:38:41.361378,4.208
2026-04-29T14:37:42.345123,61.07,0.0734,63.16,0.0779,1000.0,0.0,4.199,91.9,99,0,60.0,2026-04-29T14:38:42.344929,4.208
2026-04-29T14:37:42.392786,61.1,0.0666,63.16,0.0751,1000.0,0.0,4.199,91.9,99,0,60.0,2026-04-29T14:38:42.392635,4.208
2026-04-29T14:37:42.428402,61.1,0.0666,63.17,0.0738,1000.0,0.0,4.199,91.9,99,0,60.0,2026-04-29T14:38:42.428252,4.208
2026-04-29T14:37:43.397810,61.15,0.0666,63.2,0.0727,1000.0,0.0,4.199,91.9,99,0,60.0,2026-04-29T14:38:43.397629,4.208
2026-04-29T14:37:43.443206,61.15,0.0658,63.21,0.0718,1000.0,0.0,4.199,91.9,99,0,60.0,2026-04-29T14:38:43.443029,4.208
2026-04-29T14:37:43.479063,61.15,0.0658,63.21,0.0714,1000.0,0.0,4.199,91.9,99,0,60.0,2026-04-29T14:38:43.478934,4.208
2026-04-29T14:37:44.455641,61.18,0.0625,63.24,0.0706,1000.0,0.0,4.199,91.9,99,0,60.0,2026-04-29T14:38:44.455477,4.208
2026-04-29T14:37:44.497671,61.18,0.0658,63.25,0.0704,1000.0,0.0,4.199,91.9,99,0,60.0,2026-04-29T14:38:44.497534,4.208
2026-04-29T14:37:44.533549,61.18,0.0658,63.25,0.0706,1000.0,0.0,4.199,91.9,99,0,60.0,2026-04-29T14:38:44.533407,4.208
2026-04-29T14:37:45.527479,61.22,0.0658,63.28,0.0703,1000.0,0.0,4.199,91.9,99,0,60.0,2026-04-29T14:38:45.527223,4.208
2026-04-29T14:37:45.575730,61.22,0.0724,63.29,0.0734,1000.0,0.0,4.199,91.9,99,0,60.0,2026-04-29T14:38:45.575571,4.208
2026-04-29T14:37:45.626042,61.22,0.0724,63.29,0.0747,1000.0,0.0,4.199,91.9,99,0,60.0,2026-04-29T14:38:45.625843,4.208
2026-04-29T14:37:46.549300,61.26,0.0793,63.32,0.0772,1000.0,0.0,4.199,91.9,99,0,60.0,2026-04-29T14:38:46.549129,4.208
2026-04-29T14:37:46.584807,61.26,0.0793,63.33,0.08,1000.0,0.0,4.199,91.9,99,0,60.0,2026-04-29T14:38:46.584674,4.208
2026-04-29T14:37:47.563008,61.26,0.0793,63.36,0.0819,1000.0,0.0,4.199,91.9,99,0,60.0,2026-04-29T14:38:47.562860,4.208
2026-04-29T14:37:47.599297,61.32,0.0717,63.38,0.08,1000.0,0.0,4.199,91.9,99,0,60.0,2026-04-29T14:38:47.599144,4.208
2026-04-29T14:37:47.635410,61.32,0.0717,63.38,0.0788,1000.0,0.0,4.199,91.9,99,0,60.0,2026-04-29T14:38:47.635269,4.208
2026-04-29T14:37:48.625635,61.37,0.0717,63.42,0.0778,1000.0,0.0,4.199,91.9,99,0,60.0,2026-04-29T14:38:48.625445,4.208
2026-04-29T14:37:48.698942,61.37,0.0675,63.43,0.075,1000.0,0.0,4.199,91.9,99,0,60.0,2026-04-29T14:38:48.680668,4.208
2026-04-29T14:37:48.769022,61.37,0.0675,63.44,0.074,1000.0,0.0,4.199,91.9,99,0,60.0,2026-04-29T14:38:48.768868,4.208
2026-04-29T14:37:49.672308,61.44,0.0666,63.48,0.0731,1000.0,0.0,4.199,91.8,99,0,60.0,2026-04-29T14:38:49.672160,4.208
2026-04-29T14:37:49.708873,61.44,0.0683,63.49,0.0731,1000.0,0.0,4.199,91.8,99,0,60.0,2026-04-29T14:38:49.708703,4.208
2026-04-29T14:37:49.744929,61.44,0.0683,63.5,0.0732,1000.0,0.0,4.199,91.8,99,0,60.0,2026-04-29T14:38:49.744778,4.208
2026-04-29T14:37:50.730072,61.51,0.0742,63.54,0.074,1000.0,0.0,4.199,91.8,99,0,60.0,2026-04-29T14:38:50.729918,4.208
2026-04-29T14:37:50.767261,61.51,0.0742,63.56,0.0762,1000.0,0.0,4.199,91.8,99,0,60.0,2026-04-29T14:38:50.767111,4.208
2026-04-29T14:37:50.809488,61.51,0.0742,63.57,0.0772,1000.0,0.0,4.199,91.8,99,0,60.0,2026-04-29T14:38:50.809347,4.208
2026-04-29T14:37:51.776466,61.56,0.0742,63.61,0.0771,1000.0,0.0,4.199,91.8,99,0,60.0,2026-04-29T14:38:51.776301,4.208
2026-04-29T14:37:51.810849,61.56,0.0742,63.62,0.0779,1000.0,0.0,4.199,91.8,99,0,60.0,2026-04-29T14:38:51.810714,4.208
2026-04-29T14:37:52.810339,61.56,0.0742,63.65,0.0786,1000.0,0.0,4.199,91.8,99,0,60.0,2026-04-29T14:38:52.810169,4.208
2026-04-29T14:37:52.848849,61.61,0.07,63.66,0.0769,1000.0,0.0,4.199,91.8,99,0,60.0,2026-04-29T14:38:52.848718,4.208
2026-04-29T14:37:52.882572,61.61,0.07,63.66,0.0762,1000.0,0.0,4.199,91.8,99,0,60.0,2026-04-29T14:38:52.882465,4.208
2026-04-29T14:37:53.870122,61.66,0.07,63.7,0.0757,1000.0,0.0,4.199,91.8,99,0,60.0,2026-04-29T14:38:53.869972,4.208
2026-04-29T14:37:53.909843,61.66,0.07,63.71,0.0735,1000.0,0.0,4.199,91.8,99,0,60.0,2026-04-29T14:38:53.909736,4.208
2026-04-29T14:37:53.944418,61.66,0.07,63.71,0.0741,1000.0,0.0,4.199,91.8,99,0,60.0,2026-04-29T14:38:53.944306,4.208
2026-04-29T14:37:54.922344,61.72,0.0607,63.75,0.0731,1000.0,0.0,4.199,91.8,99,0,60.0,2026-04-29T14:38:54.922200,4.208
2026-04-29T14:37:54.960298,61.72,0.0776,63.77,0.0775,1000.0,0.0,4.199,91.8,99,0,60.0,2026-04-29T14:38:54.960182,4.208
2026-04-29T14:37:54.994777,61.72,0.0776,63.77,0.0792,1000.0,0.0,4.199,91.8,99,0,60.0,2026-04-29T14:38:54.994663,4.208
2026-04-29T14:37:55.966893,61.76,0.076,63.81,0.0809,1000.0,0.0,4.199,91.8,99,0,60.0,2026-04-29T14:38:55.966761,4.208
2026-04-29T14:37:56.002006,61.76,0.0785,63.82,0.082,1000.0,0.0,4.199,91.8,99,0,60.0,2026-04-29T14:38:56.001895,4.208
2026-04-29T14:37:56.036134,61.76,0.0785,63.82,0.0825,1000.0,0.0,4.199,91.8,99,0,60.0,2026-04-29T14:38:56.036016,4.208
2026-04-29T14:37:57.037549,61.81,0.0785,63.86,0.0829,1000.0,0.0,4.199,91.8,99,0,60.0,2026-04-29T14:38:57.037279,4.208
2026-04-29T14:37:57.089471,61.81,0.0785,63.87,0.0832,1000.0,0.0,4.199,91.8,99,0,60.0,2026-04-29T14:38:57.089294,4.208
2026-04-29T14:37:58.052888,61.81,0.0785,63.9,0.0834,1000.0,0.0,4.199,91.8,98,0,60.0,2026-04-29T14:38:58.052690,4.208
2026-04-29T14:37:58.098119,61.85,0.0769,63.91,0.0827,1000.0,0.0,4.199,91.7,98,0,60.0,2026-04-29T14:38:58.097986,4.208
2026-04-29T14:37:58.137078,61.85,0.0769,63.91,0.0825,1000.0,0.0,4.199,91.7,98,0,60.0,2026-04-29T14:38:58.136922,4.208
2026-04-29T14:37:59.112288,61.89,0.0769,63.94,0.0823,1000.0,0.0,4.199,91.7,98,0,60.0,2026-04-29T14:38:59.112132,4.208
2026-04-29T14:37:59.155508,61.89,0.0759,63.94,0.0817,1000.0,0.0,4.199,91.7,98,0,60.0,2026-04-29T14:38:59.155372,4.208
2026-04-29T14:37:59.201591,61.89,0.0759,63.94,0.0815,1000.0,0.0,4.199,91.7,98,0,60.0,2026-04-29T14:38:59.201400,4.208
2026-04-29T14:38:00.177613,61.95,0.0742,63.98,0.081,1000.0,0.0,4.199,91.7,98,0,60.0,2026-04-29T14:39:00.177421,4.208
2026-04-29T14:38:00.219993,61.95,0.0742,63.99,0.0802,1000.0,0.0,4.199,91.7,98,0,60.0,2026-04-29T14:39:00.219848,4.208
2026-04-29T14:38:00.257423,61.95,0.0742,64.0,0.0799,1000.0,0.0,4.199,91.7,98,0,60.0,2026-04-29T14:39:00.257306,4.208
2026-04-29T14:38:01.230268,61.99,0.0666,64.04,0.0775,1000.0,0.0,4.199,91.7,98,0,60.0,2026-04-29T14:39:01.230102,4.208
2026-04-29T14:38:01.271231,61.99,0.0759,64.04,0.079,1000.0,0.0,4.199,91.7,98,0,60.0,2026-04-29T14:39:01.271095,4.208
2026-04-29T14:38:01.307061,61.99,0.0759,64.04,0.0797,1000.0,0.0,4.199,91.7,98,0,60.0,2026-04-29T14:39:01.306933,4.208
2026-04-29T14:38:02.287030,62.03,0.081,64.08,0.0804,1000.0,0.0,4.199,91.7,98,0,60.0,2026-04-29T14:39:02.286836,4.208
2026-04-29T14:38:02.325034,62.03,0.081,64.08,0.0827,1000.0,0.0,4.199,91.7,98,0,60.0,2026-04-29T14:39:02.324908,4.208
2026-04-29T14:38:03.307754,62.03,0.081,64.11,0.0842,1000.0,0.0,4.199,91.7,98,0,60.0,2026-04-29T14:39:03.307540,4.208
2026-04-29T14:38:03.354353,62.09,0.0793,64.13,0.0844,1000.0,0.0,4.199,91.7,98,0,60.0,2026-04-29T14:39:03.354186,4.208
2026-04-29T14:38:03.390723,62.09,0.0793,64.14,0.0844,1000.0,0.0,4.199,91.7,98,0,60.0,2026-04-29T14:39:03.390595,4.208
2026-04-29T14:38:04.362978,62.13,0.0793,64.17,0.0845,1000.0,0.0,4.199,91.7,98,0,60.0,2026-04-29T14:39:04.362773,4.208
2026-04-29T14:38:04.407896,62.13,0.0785,64.18,0.084,1000.0,0.0,4.199,91.7,98,0,60.0,2026-04-29T14:39:04.407762,4.208
2026-04-29T14:38:04.443944,62.13,0.0785,64.19,0.0839,1000.0,0.0,4.199,91.7,98,0,60.0,2026-04-29T14:39:04.443792,4.208
2026-04-29T14:38:05.417889,62.17,0.0733,64.22,0.0829,1000.0,0.0,4.199,91.7,98,0,60.0,2026-04-29T14:39:05.417696,4.208
2026-04-29T14:38:05.458766,62.17,0.0733,64.23,0.0806,1000.0,0.0,4.199,91.7,98,0,60.0,2026-04-29T14:39:05.458623,4.208
2026-04-29T14:38:05.495559,62.17,0.0733,64.23,0.0799,1000.0,0.0,4.199,91.7,98,0,60.0,2026-04-29T14:39:05.495411,4.208
2026-04-29T14:38:06.476321,62.23,0.0709,64.27,0.0784,1000.0,0.0,4.199,91.7,99,0,60.0,2026-04-29T14:39:06.476141,4.208
2026-04-29T14:38:06.517137,62.23,0.0709,64.28,0.0774,1000.0,0.0,4.199,91.7,99,0,60.0,2026-04-29T14:39:06.516949,4.208
2026-04-29T14:38:06.553675,62.23,0.0709,64.29,0.0769,1000.0,0.0,4.199,91.7,99,0,60.0,2026-04-29T14:39:06.553534,4.208
2026-04-29T14:38:07.527466,62.27,0.0717,64.32,0.0747,1000.0,0.0,4.199,91.7,99,0,60.0,2026-04-29T14:39:07.527287,4.208
2026-04-29T14:38:07.568783,62.27,0.0717,64.33,0.0755,1000.0,0.0,4.199,91.7,99,0,60.0,2026-04-29T14:39:07.568625,4.208
2026-04-29T14:38:08.553406,62.27,0.0717,64.36,0.0762,1000.0,0.0,4.199,91.7,99,0,60.0,2026-04-29T14:39:08.553190,4.208
2026-04-29T14:38:08.603374,62.34,0.0769,64.38,0.0768,1000.0,0.0,4.199,91.6,99,0,60.0,2026-04-29T14:39:08.603204,4.208
2026-04-29T14:38:08.657767,62.34,0.0769,64.39,0.0788,1000.0,0.0,4.199,91.6,99,0,60.0,2026-04-29T14:39:08.657622,4.208
2026-04-29T14:38:09.593906,62.39,0.0769,64.43,0.0805,1000.0,0.0,4.199,91.6,99,0,60.0,2026-04-29T14:39:09.593746,4.208
2026-04-29T14:38:09.636507,62.39,0.0769,64.44,0.0812,1000.0,0.0,4.199,91.6,99,0,60.0,2026-04-29T14:39:09.636347,4.208
2026-04-29T14:38:09.674740,62.39,0.0769,64.44,0.0815,1000.0,0.0,4.199,91.6,99,0,60.0,2026-04-29T14:39:09.674496,4.208
2026-04-29T14:38:10.661206,62.46,0.0768,64.48,0.0818,1000.0,0.0,4.199,91.6,99,0,60.0,2026-04-29T14:39:10.661008,4.208
2026-04-29T14:38:10.702715,62.46,0.0769,64.5,0.0819,1000.0,0.0,4.199,91.6,99,0,60.0,2026-04-29T14:39:10.702578,4.208
2026-04-29T14:38:10.738793,62.46,0.0769,64.51,0.082,1000.0,0.0,4.199,91.6,99,0,60.0,2026-04-29T14:39:10.738657,4.208
2026-04-29T14:38:11.740900,62.51,0.0768,64.55,0.082,1000.0,0.0,4.199,91.6,99,0,60.0,2026-04-29T14:39:11.723109,4.208
2026-04-29T14:38:11.796742,62.51,0.0768,64.56,0.082,1000.0,0.0,4.199,91.6,99,0,60.0,2026-04-29T14:39:11.796564,4.208
2026-04-29T14:38:11.834386,62.51,0.0768,64.56,0.0819,1000.0,0.0,4.199,91.6,99,0,60.0,2026-04-29T14:39:11.834229,4.208
2026-04-29T14:38:12.753948,62.55,0.0768,64.6,0.0815,1000.0,0.0,4.199,91.6,99,0,60.0,2026-04-29T14:39:12.753768,4.208
2026-04-29T14:38:12.789841,62.55,0.0768,64.6,0.0817,1000.0,0.0,4.199,91.6,99,0,60.0,2026-04-29T14:39:12.789721,4.208
2026-04-29T14:38:13.765839,62.55,0.0768,64.63,0.0818,1000.0,0.0,4.199,91.6,99,0,60.0,2026-04-29T14:39:13.765677,4.208
2026-04-29T14:38:13.803009,62.62,0.0827,64.66,0.0836,1000.0,0.0,4.199,91.6,99,0,60.0,2026-04-29T14:39:13.802843,4.208
2026-04-29T14:38:13.838710,62.62,0.0827,64.67,0.0852,1000.0,0.0,4.199,91.6,99,0,60.0,2026-04-29T14:39:13.838597,4.208
2026-04-29T14:38:14.828561,62.68,0.0827,64.71,0.0866,1000.0,0.0,4.199,91.6,99,0,60.0,2026-04-29T14:39:14.828409,4.208
2026-04-29T14:38:14.866850,62.68,0.0792,64.72,0.0851,1000.0,0.0,4.199,91.6,99,0,60.0,2026-04-29T14:39:14.866692,4.208
2026-04-29T14:38:14.903822,62.68,0.0792,64.73,0.0848,1000.0,0.0,4.199,91.6,99,0,60.0,2026-04-29T14:39:14.903682,4.208
2026-04-29T14:38:15.877500,62.73,0.0759,64.77,0.0841,1000.0,0.0,4.199,91.6,99,0,60.0,2026-04-29T14:39:15.877336,4.208
2026-04-29T14:38:15.916186,62.73,0.0778,64.78,0.0834,1000.0,0.0,4.199,91.6,99,0,60.0,2026-04-29T14:39:15.915974,4.208
2026-04-29T14:38:15.952382,62.73,0.0778,64.79,0.0832,1000.0,0.0,4.199,91.6,99,0,60.0,2026-04-29T14:39:15.952251,4.208
2026-04-29T14:38:16.949260,62.78,0.0778,64.83,0.0831,1000.0,0.0,4.199,91.6,99,0,60.0,2026-04-29T14:39:16.949049,4.208
2026-04-29T14:38:16.989777,62.78,0.0818,64.83,0.0849,1000.0,0.0,4.199,91.5,99,0,60.0,2026-04-29T14:39:16.989644,4.208
2026-04-29T14:38:17.025583,62.78,0.0818,64.84,0.0856,1000.0,0.0,4.199,91.5,99,0,60.0,2026-04-29T14:39:17.025433,4.208
2026-04-29T14:38:17.996496,62.85,0.0818,64.88,0.086,1000.0,0.0,4.199,91.5,99,0,60.0,2026-04-29T14:39:17.996328,4.208
2026-04-29T14:38:18.036471,62.85,0.0818,64.89,0.0864,1000.0,0.0,4.199,91.5,99,0,60.0,2026-04-29T14:39:18.036308,4.208
2026-04-29T14:38:19.012439,62.85,0.0818,64.92,0.0868,1000.0,0.0,4.199,91.5,99,0,60.0,2026-04-29T14:39:19.012274,4.208
2026-04-29T14:38:19.052488,62.93,0.0768,64.96,0.0843,1000.0,0.0,4.199,91.5,99,0,60.0,2026-04-29T14:39:19.052333,4.208
2026-04-29T14:38:19.087925,62.93,0.0768,64.97,0.0835,1000.0,0.0,4.199,91.5,99,0,60.0,2026-04-29T14:39:19.087754,4.208
2026-04-29T14:38:20.082201,62.98,0.0768,65.01,0.0828,1000.0,0.0,4.199,91.5,99,0,60.0,2026-04-29T14:39:20.081991,4.208
2026-04-29T14:38:20.125653,62.98,0.0841,65.02,0.0845,1000.0,0.0,4.199,91.5,99,0,60.0,2026-04-29T14:39:20.125484,4.208
2026-04-29T14:38:20.161395,62.98,0.0841,65.03,0.0862,1000.0,0.0,4.199,91.5,99,0,60.0,2026-04-29T14:39:20.161265,4.208
2026-04-29T14:38:21.134429,63.04,0.0841,65.07,0.088,1000.0,0.0,4.199,91.5,99,0,60.0,2026-04-29T14:39:21.134251,4.208
2026-04-29T14:38:21.176514,63.04,0.0859,65.08,0.0893,1000.0,0.0,4.199,91.5,99,0,60.0,2026-04-29T14:39:21.176381,4.208
2026-04-29T14:38:21.212191,63.04,0.0859,65.09,0.0899,1000.0,0.0,4.199,91.5,99,0,60.0,2026-04-29T14:39:21.212069,4.208
2026-04-29T14:38:22.193143,63.09,0.0802,65.13,0.0899,1000.0,0.0,4.199,91.5,99,0,60.0,2026-04-29T14:39:22.192963,4.208
2026-04-29T14:38:22.234342,63.09,0.0859,65.14,0.0904,1000.0,0.0,4.199,91.5,99,0,60.0,2026-04-29T14:39:22.234193,4.208
2026-04-29T14:38:22.270585,63.09,0.0859,65.14,0.0907,1000.0,0.0,4.199,91.5,99,0,60.0,2026-04-29T14:39:22.270443,4.208
2026-04-29T14:38:23.243847,63.16,0.0802,65.2,0.0889,1000.0,0.0,4.199,91.5,99,0,60.0,2026-04-29T14:39:23.243666,4.208
2026-04-29T14:38:23.283129,63.16,0.0802,65.21,0.0875,1000.0,0.0,4.199,91.5,99,0,60.0,2026-04-29T14:39:23.282973,4.208
2026-04-29T14:38:24.264944,63.16,0.0802,65.24,0.0866,1000.0,0.0,4.199,91.5,99,0,60.0,2026-04-29T14:39:24.264685,4.208
2026-04-29T14:38:24.311757,63.22,0.0792,65.26,0.0852,1000.0,0.0,4.199,91.4,99,0,60.0,2026-04-29T14:39:24.311614,4.208
2026-04-29T14:38:24.349042,63.22,0.0792,65.27,0.0849,1000.0,0.0,4.199,91.4,99,0,60.0,2026-04-29T14:39:24.348811,4.208
2026-04-29T14:38:25.316882,63.29,0.0792,65.31,0.0847,1000.0,0.0,4.199,91.4,99,0,60.0,2026-04-29T14:39:25.316660,4.208
2026-04-29T14:38:25.361264,63.29,0.0877,65.33,0.0867,1000.0,0.0,4.199,91.4,99,0,60.0,2026-04-29T14:39:25.361120,4.208
2026-04-29T14:38:25.398052,63.29,0.0877,65.33,0.0889,1000.0,0.0,4.199,91.4,99,0,60.0,2026-04-29T14:39:25.397873,4.208
2026-04-29T14:38:26.375823,63.35,0.0877,65.38,0.0912,1000.0,0.0,4.199,91.4,99,0,60.0,2026-04-29T14:39:26.375625,4.208
2026-04-29T14:38:26.416389,63.35,0.0869,65.39,0.0916,1000.0,0.0,4.199,91.4,99,0,60.0,2026-04-29T14:39:26.416196,4.208
2026-04-29T14:38:26.452683,63.35,0.0869,65.4,0.0918,1000.0,0.0,4.199,91.4,99,0,60.0,2026-04-29T14:39:26.452551,4.208
2026-04-29T14:38:27.428385,63.42,0.081,65.45,0.0904,1000.0,0.0,4.199,91.4,99,0,60.0,2026-04-29T14:39:27.428228,4.208
2026-04-29T14:38:27.468829,63.42,0.0869,65.46,0.0911,1000.0,0.0,4.199,91.4,99,0,60.0,2026-04-29T14:39:27.468680,4.208
2026-04-29T14:38:27.506088,63.42,0.0869,65.47,0.0914,1000.0,0.0,4.199,91.4,99,0,60.0,2026-04-29T14:39:27.505884,4.208
2026-04-29T14:38:28.483616,63.46,0.0903,65.51,0.092,1000.0,0.0,4.199,91.4,99,0,60.0,2026-04-29T14:39:28.483396,4.208
2026-04-29T14:38:28.522284,63.46,0.0903,65.51,0.0935,1000.0,0.0,4.199,91.4,99,0,60.0,2026-04-29T14:39:28.522144,4.208
2026-04-29T14:38:29.494181,63.46,0.0903,65.54,0.0945,1000.0,0.0,4.199,91.4,99,0,60.0,2026-04-29T14:39:29.494018,4.208
2026-04-29T14:38:29.538948,63.52,0.0841,65.56,0.0912,1000.0,0.0,4.199,91.4,99,0,60.0,2026-04-29T14:39:29.538797,4.208
2026-04-29T14:38:29.575908,63.52,0.0841,65.57,0.0905,1000.0,0.0,4.199,91.4,99,0,60.0,2026-04-29T14:39:29.575754,4.208
2026-04-29T14:38:30.561189,63.57,0.0841,65.61,0.09,1000.0,0.0,4.199,91.4,99,0,60.0,2026-04-29T14:39:30.560683,4.208
2026-04-29T14:38:30.608381,63.57,0.0734,65.62,0.0843,1000.0,0.0,4.199,91.4,99,0,60.0,2026-04-29T14:39:30.608188,4.208
2026-04-29T14:38:30.645349,63.57,0.0734,65.62,0.0822,1000.0,0.0,4.199,91.4,99,0,60.0,2026-04-29T14:39:30.645216,4.208
2026-04-29T14:38:31.619856,63.61,0.0724,65.66,0.0801,1000.0,0.0,4.199,91.4,99,0,60.0,2026-04-29T14:39:31.619667,4.208
2026-04-29T14:38:31.660744,63.61,0.0894,65.67,0.0853,1000.0,0.0,4.199,91.4,99,0,60.0,2026-04-29T14:39:31.660501,4.208
2026-04-29T14:38:31.756884,63.61,0.0894,65.67,0.0887,1000.0,0.0,4.199,91.4,98,0,60.0,2026-04-29T14:39:31.756663,4.208
2026-04-29T14:38:32.669911,63.66,0.092,65.71,0.0903,1000.0,0.0,4.199,91.3,98,0,60.0,2026-04-29T14:39:32.669732,4.208
2026-04-29T14:38:32.716792,63.66,0.092,65.71,0.0933,1000.0,0.0,4.199,91.3,98,0,60.0,2026-04-29T14:39:32.716638,4.208
2026-04-29T14:38:32.754579,63.66,0.092,65.72,0.0946,1000.0,0.0,4.199,91.3,98,0,60.0,2026-04-29T14:39:32.754438,4.208
2026-04-29T14:38:33.767415,63.7,0.0818,65.76,0.092,1000.0,0.0,4.199,91.3,99,0,60.0,2026-04-29T14:39:33.767208,4.208
2026-04-29T14:38:33.806357,63.7,0.0818,65.76,0.09,1000.0,0.0,4.199,91.3,99,0,60.0,2026-04-29T14:39:33.806188,4.208
2026-04-29T14:38:34.732892,63.7,0.0818,65.79,0.0888,1000.0,0.0,4.199,91.3,99,0,60.0,2026-04-29T14:39:34.732715,4.208
2026-04-29T14:38:34.774166,63.76,0.0819,65.8,0.0876,1000.0,0.0,4.199,91.3,99,0,60.0,2026-04-29T14:39:34.774008,4.208
2026-04-29T14:38:34.810732,63.76,0.0819,65.81,0.0874,1000.0,0.0,4.199,91.3,99,0,60.0,2026-04-29T14:39:34.810585,4.208
2026-04-29T14:38:35.772428,63.79,0.0819,65.84,0.0874,1000.0,0.0,4.199,91.3,99,0,60.0,2026-04-29T14:39:35.772284,4.208
2026-04-29T14:38:35.809725,63.79,0.0859,65.84,0.0885,1000.0,0.0,4.199,91.3,99,0,60.0,2026-04-29T14:39:35.809591,4.208
2026-04-29T14:38:35.845614,63.79,0.0859,65.84,0.0895,1000.0,0.0,4.199,91.3,99,0,60.0,2026-04-29T14:39:35.845496,4.208
2026-04-29T14:38:36.831771,63.83,0.0819,65.88,0.0898,1000.0,0.0,4.199,91.3,99,0,60.0,2026-04-29T14:39:36.831570,4.208
2026-04-29T14:38:36.874745,63.83,0.0859,65.88,0.0903,1000.0,0.0,4.199,91.3,99,0,60.0,2026-04-29T14:39:36.874586,4.208
2026-04-29T14:38:36.910348,63.83,0.0859,65.88,0.0906,1000.0,0.0,4.199,91.3,99,0,60.0,2026-04-29T14:39:36.910207,4.208
2026-04-29T14:38:37.888145,63.86,0.0785,65.91,0.0896,1000.0,0.0,4.199,91.3,99,0,60.0,2026-04-29T14:39:37.887984,4.208
2026-04-29T14:38:37.925536,63.86,0.0785,65.92,0.0871,1000.0,0.0,4.199,91.3,99,0,60.0,2026-04-29T14:39:37.925397,4.208
2026-04-29T14:38:37.963160,63.86,0.0785,65.92,0.0861,1000.0,0.0,4.199,91.3,99,0,60.0,2026-04-29T14:39:37.962922,4.208
2026-04-29T14:38:38.953398,63.87,0.0785,65.94,0.0844,1000.0,0.0,4.199,91.3,99,0,60.0,2026-04-29T14:39:38.953234,4.208
2026-04-29T14:38:38.991378,63.87,0.0785,65.93,0.0841,1000.0,0.0,4.199,91.3,99,0,60.0,2026-04-29T14:39:38.991242,4.208
2026-04-29T14:38:39.975346,63.87,0.0785,65.95,0.084,1000.0,0.0,4.199,91.3,99,0,60.0,2026-04-29T14:39:39.975151,4.208
2026-04-29T14:38:40.021092,63.9,0.0909,65.95,0.0875,1000.0,0.0,4.199,91.3,99,0,60.0,2026-04-29T14:39:40.020929,4.208
2026-04-29T14:38:40.057542,63.9,0.0909,65.95,0.0908,1000.0,0.0,4.199,91.3,99,0,60.0,2026-04-29T14:39:40.057382,4.208
2026-04-29T14:38:41.042158,63.95,0.0909,65.98,0.0935,1000.0,0.0,4.199,91.3,99,0,60.0,2026-04-29T14:39:41.041192,4.208
2026-04-29T14:38:41.086798,63.95,0.0886,65.99,0.0939,1000.0,0.0,4.199,91.3,99,0,60.0,2026-04-29T14:39:41.086642,4.208
2026-04-29T14:38:41.123246,63.95,0.0886,65.99,0.0939,1000.0,0.0,4.199,91.3,99,0,60.0,2026-04-29T14:39:41.123106,4.208
2026-04-29T14:38:42.090614,63.97,0.0841,66.02,0.0932,1000.0,0.0,4.199,91.3,99,0,60.0,2026-04-29T14:39:42.090435,4.208
2026-04-29T14:38:42.132198,63.97,0.0886,66.02,0.0931,1000.0,0.0,4.199,91.3,99,0,60.0,2026-04-29T14:39:42.132050,4.208
2026-04-29T14:38:42.168073,63.97,0.0886,66.02,0.0934,1000.0,0.0,4.199,91.3,99,0,60.0,2026-04-29T14:39:42.167921,4.208
2026-04-29T14:38:43.144655,63.98,0.0886,66.04,0.0931,1000.0,0.0,4.199,91.3,99,0,60.0,2026-04-29T14:39:43.144454,4.208
2026-04-29T14:38:43.187497,63.98,0.0886,66.04,0.0934,1000.0,0.0,4.199,91.3,99,0,60.0,2026-04-29T14:39:43.187365,4.208
2026-04-29T14:38:43.223527,63.98,0.0886,66.04,0.0936,1000.0,0.0,4.199,91.3,99,0,60.0,2026-04-29T14:39:43.223341,4.208
2026-04-29T14:38:44.198180,64.02,0.0909,66.07,0.0939,1000.0,0.0,4.199,91.3,99,0,60.0,2026-04-29T14:39:44.197993,4.208
2026-04-29T14:38:44.235451,64.02,0.0909,66.07,0.0948,1000.0,0.0,4.199,91.3,99,0,60.0,2026-04-29T14:39:44.235307,4.208
2026-04-29T14:38:45.218600,64.02,0.0909,66.1,0.0955,1000.0,0.0,4.199,91.3,99,0,60.0,2026-04-29T14:39:45.218375,4.208
2026-04-29T14:38:45.265237,64.04,0.0852,66.1,0.0936,1000.0,0.0,4.199,91.3,99,0,60.0,2026-04-29T14:39:45.265076,4.208
2026-04-29T14:38:45.301471,64.04,0.0852,66.09,0.0925,1000.0,0.0,4.199,91.3,99,0,60.0,2026-04-29T14:39:45.301297,4.208
2026-04-29T14:38:46.275370,64.08,0.0852,66.12,0.0915,1000.0,0.0,4.199,91.2,99,0,60.0,2026-04-29T14:39:46.275158,4.208
2026-04-29T14:38:46.319319,64.08,0.0852,66.13,0.0894,1000.0,0.0,4.199,91.2,99,0,60.0,2026-04-29T14:39:46.319177,4.208
2026-04-29T14:38:46.354934,64.08,0.0852,66.13,0.0898,1000.0,0.0,4.199,91.2,99,0,60.0,2026-04-29T14:39:46.354813,4.208
2026-04-29T14:38:47.328019,64.1,0.0769,66.16,0.0889,1000.0,0.0,4.199,91.2,99,0,60.0,2026-04-29T14:39:47.327848,4.208
2026-04-29T14:38:47.370837,64.1,0.0877,66.16,0.0908,1000.0,0.0,4.199,91.2,99,0,60.0,2026-04-29T14:39:47.370712,4.208
2026-04-29T14:38:47.406937,64.1,0.0877,66.16,0.0916,1000.0,0.0,4.199,91.2,99,0,60.0,2026-04-29T14:39:47.406782,4.208
2026-04-29T14:38:48.385802,64.13,0.0837,66.18,0.0913,1000.0,0.0,4.199,91.2,99,0,60.0,2026-04-29T14:39:48.385641,4.208
2026-04-29T14:38:48.425932,64.13,0.0861,66.18,0.0914,1000.0,0.0,4.199,91.2,99,0,60.0,2026-04-29T14:39:48.425790,4.208
2026-04-29T14:38:48.464208,64.13,0.0861,66.18,0.0914,1000.0,0.0,4.199,91.2,99,0,60.0,2026-04-29T14:39:48.463960,4.208
2026-04-29T14:38:49.437944,64.17,0.0877,66.22,0.0913,1000.0,0.0,4.199,91.2,99,0,60.0,2026-04-29T14:39:49.437792,4.208
2026-04-29T14:38:49.476022,64.17,0.0877,66.22,0.092,1000.0,0.0,4.199,91.2,99,0,60.0,2026-04-29T14:39:49.475912,4.208
2026-04-29T14:38:50.456402,64.17,0.0877,66.25,0.0925,1000.0,0.0,4.199,91.2,99,0,60.0,2026-04-29T14:39:50.456218,4.208
2026-04-29T14:38:50.502074,64.2,0.092,66.25,0.0938,1000.0,0.0,4.199,91.2,99,0,60.0,2026-04-29T14:39:50.501964,4.208
2026-04-29T14:38:50.549618,64.2,0.092,66.25,0.0951,1000.0,0.0,4.199,91.2,99,0,60.0,2026-04-29T14:39:50.549447,4.208
2026-04-29T14:38:51.517274,64.25,0.092,66.28,0.0962,1000.0,0.0,4.199,91.2,99,0,60.0,2026-04-29T14:39:51.517075,4.208
2026-04-29T14:38:51.560551,64.25,0.092,66.29,0.0963,1000.0,0.0,4.199,91.2,99,0,60.0,2026-04-29T14:39:51.560413,4.208
2026-04-29T14:38:51.600499,64.25,0.092,66.29,0.0967,1000.0,0.0,4.199,91.2,99,0,60.0,2026-04-29T14:39:51.600336,4.208
2026-04-29T14:38:52.566762,64.32,0.0896,66.33,0.0967,1000.0,0.0,4.199,91.2,99,0,60.0,2026-04-29T14:39:52.566575,4.208
2026-04-29T14:38:52.609929,64.32,0.0896,66.35,0.0951,1000.0,0.0,4.199,91.2,99,0,60.0,2026-04-29T14:39:52.609781,4.208
2026-04-29T14:38:52.649842,64.32,0.0896,66.36,0.095,1000.0,0.0,4.199,91.2,99,0,60.0,2026-04-29T14:39:52.649695,4.208
2026-04-29T14:38:53.624413,64.38,0.081,66.4,0.0926,1000.0,0.0,4.199,91.2,99,0,60.0,2026-04-29T14:39:53.624244,4.208
2026-04-29T14:38:53.665055,64.38,0.0896,66.41,0.0935,1000.0,0.0,4.199,91.2,99,0,60.0,2026-04-29T14:39:53.664807,4.208
2026-04-29T14:38:53.768858,64.38,0.0896,66.42,0.094,1000.0,0.0,4.199,91.2,99,0,60.0,2026-04-29T14:39:53.768691,4.208
2026-04-29T14:38:54.656689,64.43,0.0936,66.46,0.095,1000.0,0.0,4.199,91.2,99,0,60.0,2026-04-29T14:39:54.656521,4.208
2026-04-29T14:38:54.693547,64.43,0.0936,66.47,0.0966,1000.0,0.0,4.199,91.2,99,0,60.0,2026-04-29T14:39:54.693416,4.208
2026-04-29T14:38:55.709051,64.43,0.0936,66.5,0.0977,1000.0,0.0,4.199,91.2,99,0,60.0,2026-04-29T14:39:55.690829,4.208
2026-04-29T14:38:55.785981,64.5,0.0962,66.53,0.0986,1000.0,0.0,4.199,91.2,99,0,60.0,2026-04-29T14:39:55.785830,4.208
2026-04-29T14:38:55.824568,64.5,0.0962,66.54,0.0997,1000.0,0.0,4.199,91.2,99,0,60.0,2026-04-29T14:39:55.824399,4.208
2026-04-29T14:38:56.750910,64.56,0.0962,66.58,0.1007,1000.0,0.0,4.199,91.1,99,0,60.0,2026-04-29T14:39:56.750716,4.208
2026-04-29T14:38:56.791995,64.56,0.097,66.59,0.1007,1000.0,0.0,4.199,91.1,99,0,60.0,2026-04-29T14:39:56.791823,4.208
2026-04-29T14:38:56.837746,64.56,0.097,66.6,0.1013,1000.0,0.0,4.199,91.1,99,0,60.0,2026-04-29T14:39:56.837610,4.208
2026-04-29T14:38:57.787866,64.62,0.092,66.64,0.1012,1000.0,0.0,4.199,91.1,99,0,60.0,2026-04-29T14:39:57.787695,4.208
2026-04-29T14:38:57.825593,64.62,0.0928,66.66,0.0998,1000.0,0.0,4.199,91.1,99,0,60.0,2026-04-29T14:39:57.825465,4.208
2026-04-29T14:38:57.862008,64.62,0.0928,66.66,0.0992,1000.0,0.0,4.199,91.1,99,0,60.0,2026-04-29T14:39:57.861828,4.208
2026-04-29T14:38:58.862694,64.69,0.0928,66.71,0.0987,1000.0,0.0,4.199,91.1,99,0,60.0,2026-04-29T14:39:58.862478,4.208
2026-04-29T14:38:58.903067,64.69,0.0928,66.72,0.0985,1000.0,0.0,4.199,91.1,99,0,60.0,2026-04-29T14:39:58.902944,4.208
2026-04-29T14:38:58.939243,64.69,0.0928,66.73,0.0984,1000.0,0.0,4.199,91.1,99,0,60.0,2026-04-29T14:39:58.939119,4.208
2026-04-29T14:38:59.908069,64.74,0.0894,66.77,0.0957,1000.0,0.0,4.199,91.1,99,0,60.0,2026-04-29T14:39:59.907885,4.208
2026-04-29T14:38:59.946983,64.74,0.0894,66.78,0.0954,1000.0,0.0,4.199,91.1,99,0,60.0,2026-04-29T14:39:59.946680,4.208
2026-04-29T14:39:00.940945,64.74,0.0894,66.81,0.0952,1000.0,0.0,4.199,91.1,99,0,60.0,2026-04-29T14:40:00.940748,4.208
2026-04-29T14:39:00.988753,64.79,0.0894,66.82,0.0944,1000.0,0.0,4.199,91.1,99,0,60.0,2026-04-29T14:40:00.988576,4.208
2026-04-29T14:39:01.024785,64.79,0.0894,66.83,0.0946,1000.0,0.0,4.199,91.1,99,0,60.0,2026-04-29T14:40:01.024658,4.208
2026-04-29T14:39:01.998845,64.86,0.0894,66.87,0.0947,1000.0,0.0,4.199,91.1,99,0,60.0,2026-04-29T14:40:01.998655,4.208
2026-04-29T14:39:02.042174,64.86,0.0918,66.89,0.0945,1000.0,0.0,4.199,91.1,99,0,60.0,2026-04-29T14:40:02.042048,4.208
2026-04-29T14:39:02.078911,64.86,0.0918,66.9,0.0954,1000.0,0.0,4.199,91.1,99,0,60.0,2026-04-29T14:40:02.078749,4.208
2026-04-29T14:39:03.057184,64.92,0.0841,66.94,0.0952,1000.0,0.0,4.199,91.1,99,0,60.0,2026-04-29T14:40:03.056992,4.208
2026-04-29T14:39:03.099118,64.92,0.0953,66.95,0.0975,1000.0,0.0,4.199,91.1,99,0,60.0,2026-04-29T14:40:03.098969,4.208
2026-04-29T14:39:03.134747,64.92,0.0953,66.96,0.0986,1000.0,0.0,4.199,91.1,99,0,60.0,2026-04-29T14:40:03.134590,4.208
2026-04-29T14:39:04.089447,64.98,0.0963,67.01,0.0995,1000.0,0.0,4.199,91.0,99,0,60.0,2026-04-29T14:40:04.089264,4.208
2026-04-29T14:39:04.127948,64.98,0.0963,67.02,0.1004,1000.0,0.0,4.199,91.0,99,0,60.0,2026-04-29T14:40:04.127762,4.208
2026-04-29T14:39:04.164915,64.98,0.0963,67.02,0.1008,1000.0,0.0,4.199,91.0,99,0,60.0,2026-04-29T14:40:04.164764,4.208
2026-04-29T14:39:05.156353,65.03,0.0869,67.07,0.0978,1000.0,0.0,4.199,91.0,99,0,60.0,2026-04-29T14:40:05.156151,4.208
2026-04-29T14:39:05.195817,65.03,0.0869,67.07,0.0956,1000.0,0.0,4.199,91.0,99,0,60.0,2026-04-29T14:40:05.195656,4.208
2026-04-29T14:39:06.179549,65.03,0.0869,67.1,0.0942,1000.0,0.0,4.199,91.0,99,0,60.0,2026-04-29T14:40:06.179318,4.208
2026-04-29T14:39:06.225537,65.08,0.0909,67.12,0.0939,1000.0,0.0,4.199,91.0,99,0,60.0,2026-04-29T14:40:06.225385,4.208
2026-04-29T14:39:06.261904,65.08,0.0909,67.13,0.0948,1000.0,0.0,4.199,91.0,99,0,60.0,2026-04-29T14:40:06.261729,4.208
2026-04-29T14:39:07.234445,65.13,0.0909,67.16,0.0956,1000.0,0.0,4.199,91.0,99,0,60.0,2026-04-29T14:40:07.234247,4.208
2026-04-29T14:39:07.277161,65.13,0.0928,67.17,0.0965,1000.0,0.0,4.199,91.0,99,0,60.0,2026-04-29T14:40:07.277027,4.208
2026-04-29T14:39:07.313962,65.13,0.0928,67.18,0.0971,1000.0,0.0,4.199,91.0,99,0,60.0,2026-04-29T14:40:07.313809,4.208
2026-04-29T14:39:08.290023,65.18,0.0909,67.21,0.0975,1000.0,0.0,4.199,91.0,99,0,60.0,2026-04-29T14:40:08.289799,4.208
2026-04-29T14:39:08.331959,65.18,0.0962,67.22,0.0991,1000.0,0.0,4.199,91.0,99,0,60.0,2026-04-29T14:40:08.331789,4.208
2026-04-29T14:39:08.367839,65.18,0.0962,67.22,0.0999,1000.0,0.0,4.199,91.0,99,0,60.0,2026-04-29T14:40:08.367619,4.208
2026-04-29T14:39:09.335911,65.23,0.0877,67.26,0.0997,1000.0,0.0,4.199,91.0,99,0,60.0,2026-04-29T14:40:09.335736,4.208
2026-04-29T14:39:09.378015,65.23,0.0877,67.27,0.0969,1000.0,0.0,4.199,91.0,99,0,60.0,2026-04-29T14:40:09.377670,4.208
2026-04-29T14:39:09.416260,65.23,0.0877,67.27,0.0957,1000.0,0.0,4.199,91.0,99,0,60.0,2026-04-29T14:40:09.416096,4.208
2026-04-29T14:39:10.395546,65.26,0.0859,67.3,0.0934,1000.0,0.0,4.199,91.0,99,0,60.0,2026-04-29T14:40:10.395325,4.208
2026-04-29T14:39:10.433264,65.26,0.0859,67.31,0.0926,1000.0,0.0,4.199,91.0,99,0,60.0,2026-04-29T14:40:10.433107,4.208
2026-04-29T14:39:11.416274,65.26,0.0859,67.33,0.0921,1000.0,0.0,4.199,91.0,99,0,60.0,2026-04-29T14:40:11.416049,4.208
2026-04-29T14:39:11.464368,65.31,0.0918,67.35,0.0929,1000.0,0.0,4.199,91.0,99,0,60.0,2026-04-29T14:40:11.464147,4.208
2026-04-29T14:39:11.501092,65.31,0.0918,67.35,0.0945,1000.0,0.0,4.199,91.0,99,0,60.0,2026-04-29T14:40:11.500948,4.208
2026-04-29T14:39:12.469825,65.34,0.0918,67.38,0.0959,1000.0,0.0,4.199,91.0,99,0,60.0,2026-04-29T14:40:12.469623,4.208
2026-04-29T14:39:12.515790,65.34,0.0953,67.39,0.0976,1000.0,0.0,4.199,91.0,99,0,60.0,2026-04-29T14:40:12.515593,4.208
2026-04-29T14:39:12.552797,65.34,0.0953,67.39,0.0987,1000.0,0.0,4.199,91.0,99,0,60.0,2026-04-29T14:40:12.552666,4.208
2026-04-29T14:39:13.528462,65.38,0.0918,67.42,0.0993,1000.0,0.0,4.199,91.0,99,0,60.0,2026-04-29T14:40:13.528117,4.208
2026-04-29T14:39:13.572033,65.38,0.0953,67.43,0.1,1000.0,0.0,4.199,91.0,99,0,60.0,2026-04-29T14:40:13.571854,4.208
2026-04-29T14:39:13.613230,65.38,0.0953,67.43,0.1002,1000.0,0.0,4.199,91.0,99,0,60.0,2026-04-29T14:40:13.613074,4.208
2026-04-29T14:39:14.565069,65.43,0.0837,67.46,0.0974,1000.0,0.0,4.199,90.9,99,0,60.0,2026-04-29T14:40:14.564901,4.208
2026-04-29T14:39:14.616708,65.43,0.0877,67.47,0.0956,1000.0,0.0,4.199,90.9,99,0,60.0,2026-04-29T14:40:14.616558,4.208
2026-04-29T14:39:14.654602,65.43,0.0877,67.48,0.0948,1000.0,0.0,4.199,90.9,99,0,60.0,2026-04-29T14:40:14.654456,4.208
2026-04-29T14:39:15.633599,65.47,0.0844,67.51,0.0925,1000.0,0.0,4.199,90.9,99,0,60.0,2026-04-29T14:40:15.633412,4.208
2026-04-29T14:39:15.674841,65.47,0.0844,67.52,0.0914,1000.0,0.0,4.199,90.9,99,0,60.0,2026-04-29T14:40:15.674695,4.208
2026-04-29T14:39:16.647240,65.47,0.0844,67.55,0.0908,1000.0,0.0,4.199,90.9,99,0,60.0,2026-04-29T14:40:16.646991,4.208
2026-04-29T14:39:16.687900,65.54,0.0844,67.57,0.0893,1000.0,0.0,4.199,90.9,99,0,60.0,2026-04-29T14:40:16.687738,4.208
2026-04-29T14:39:16.724207,65.54,0.0844,67.58,0.0895,1000.0,0.0,4.199,90.9,99,0,60.0,2026-04-29T14:40:16.724069,4.208
2026-04-29T14:39:17.750899,65.58,0.0844,67.62,0.0897,1000.0,0.0,4.199,90.9,99,0,60.0,2026-04-29T14:40:17.735453,4.208
2026-04-29T14:39:17.787414,65.58,0.0937,67.63,0.0928,1000.0,0.0,4.199,90.9,99,0,60.0,2026-04-29T14:40:17.787251,4.208
2026-04-29T14:39:17.826546,65.58,0.0937,67.63,0.0951,1000.0,0.0,4.199,90.9,99,0,60.0,2026-04-29T14:40:17.826369,4.208
2026-04-29T14:39:18.763242,65.67,0.0909,67.67,0.0969,1000.0,0.0,4.199,90.9,99,0,60.0,2026-04-29T14:40:18.763036,4.208
2026-04-29T14:39:18.802727,65.67,0.0937,67.69,0.098,1000.0,0.0,4.199,90.9,99,0,60.0,2026-04-29T14:40:18.802596,4.208
2026-04-29T14:39:18.838996,65.67,0.0937,67.7,0.0984,1000.0,0.0,4.199,90.9,99,0,60.0,2026-04-29T14:40:18.838836,4.208
2026-04-29T14:39:19.794660,65.71,0.0861,67.74,0.0972,1000.0,0.0,4.199,90.9,99,0,60.0,2026-04-29T14:40:19.794489,4.208
2026-04-29T14:39:19.830550,65.71,0.0896,67.75,0.0963,1000.0,0.0,4.199,90.9,99,0,60.0,2026-04-29T14:40:19.830416,4.208
2026-04-29T14:39:19.866257,65.71,0.0896,67.75,0.0959,1000.0,0.0,4.199,90.9,99,0,60.0,2026-04-29T14:40:19.866115,4.208
2026-04-29T14:39:20.864296,65.78,0.0886,67.8,0.0945,1000.0,0.0,4.199,90.9,99,0,60.0,2026-04-29T14:40:20.864130,4.208
2026-04-29T14:39:20.903365,65.78,0.0886,67.81,0.0943,1000.0,0.0,4.199,90.9,99,0,60.0,2026-04-29T14:40:20.903207,4.208
2026-04-29T14:39:21.882335,65.78,0.0886,67.85,0.0943,1000.0,0.0,4.199,90.9,99,0,60.0,2026-04-29T14:40:21.882170,4.208
2026-04-29T14:39:21.925219,65.85,0.0869,67.87,0.0926,1000.0,0.0,4.199,90.9,99,0,60.0,2026-04-29T14:40:21.925078,4.208
2026-04-29T14:39:21.962313,65.85,0.0869,67.88,0.0925,1000.0,0.0,4.199,90.9,99,0,60.0,2026-04-29T14:40:21.962178,4.208
2026-04-29T14:39:22.949649,65.88,0.0869,67.92,0.0925,1000.0,0.0,4.199,90.8,99,0,60.0,2026-04-29T14:40:22.949451,4.208
2026-04-29T14:39:22.995877,65.88,0.081,67.93,0.0889,1000.0,0.0,4.199,90.8,99,0,60.0,2026-04-29T14:40:22.995711,4.208
2026-04-29T14:39:23.033042,65.88,0.081,67.93,0.088,1000.0,0.0,4.199,90.8,99,0,60.0,2026-04-29T14:40:23.032906,4.208
2026-04-29T14:39:23.998672,65.97,0.081,67.98,0.0872,1000.0,0.0,4.199,90.8,99,0,60.0,2026-04-29T14:40:23.998491,4.208
2026-04-29T14:39:24.037980,65.97,0.0869,68.0,0.089,1000.0,0.0,4.199,90.8,99,0,60.0,2026-04-29T14:40:24.037848,4.208
2026-04-29T14:39:24.075024,65.97,0.0869,68.01,0.0901,1000.0,0.0,4.199,90.8,99,0,60.0,2026-04-29T14:40:24.074904,4.208
2026-04-29T14:39:25.047920,66.01,0.0918,68.05,0.0914,1000.0,0.0,4.199,90.8,99,0,60.0,2026-04-29T14:40:25.047746,4.208
2026-04-29T14:39:25.085285,66.01,0.097,68.05,0.0961,1000.0,0.0,4.199,90.8,99,0,60.0,2026-04-29T14:40:25.085154,4.208
2026-04-29T14:39:25.121188,66.01,0.097,68.06,0.0982,1000.0,0.0,4.199,90.8,99,0,60.0,2026-04-29T14:40:25.121032,4.208
2026-04-29T14:39:26.112087,66.06,0.097,68.1,0.1002,1000.0,0.0,4.199,90.8,99,0,60.0,2026-04-29T14:40:26.111634,4.208
2026-04-29T14:39:26.152149,66.06,0.097,68.11,0.1012,1000.0,0.0,4.199,90.8,99,0,60.0,2026-04-29T14:40:26.152011,4.208
2026-04-29T14:39:27.137735,66.06,0.097,68.14,0.1018,1000.0,0.0,4.199,90.8,99,0,60.0,2026-04-29T14:40:27.137517,4.208
2026-04-29T14:39:27.185071,66.13,0.0859,68.16,0.0962,1000.0,0.0,4.199,90.8,99,0,60.0,2026-04-29T14:40:27.184927,4.208
2026-04-29T14:39:27.220918,66.13,0.0859,68.17,0.0944,1000.0,0.0,4.199,90.8,99,0,60.0,2026-04-29T14:40:27.220771,4.208
2026-04-29T14:39:28.196119,66.18,0.0859,68.2,0.093,1000.0,0.0,4.199,90.8,99,0,60.0,2026-04-29T14:40:28.195823,4.208
2026-04-29T14:39:28.239826,66.18,0.0963,68.21,0.0934,1000.0,0.0,4.199,90.8,99,0,60.0,2026-04-29T14:40:28.239685,4.208
2026-04-29T14:39:28.276566,66.18,0.0963,68.22,0.0964,1000.0,0.0,4.199,90.8,99,0,60.0,2026-04-29T14:40:28.276236,4.208
2026-04-29T14:39:29.248397,66.22,0.0963,68.25,0.0994,1000.0,0.0,4.199,90.8,99,0,60.0,2026-04-29T14:40:29.248204,4.208
2026-04-29T14:39:29.299919,66.22,0.0985,68.26,0.1013,1000.0,0.0,4.199,90.8,99,0,60.0,2026-04-29T14:40:29.299702,4.208
2026-04-29T14:39:29.335841,66.22,0.0985,68.26,0.1023,1000.0,0.0,4.199,90.8,99,0,60.0,2026-04-29T14:40:29.335723,4.208
2026-04-29T14:39:30.297761,66.27,0.0985,68.29,0.103,1000.0,0.0,4.199,90.8,99,0,60.0,2026-04-29T14:40:30.297525,4.208
2026-04-29T14:39:30.338396,66.27,0.1012,68.3,0.1046,1000.0,0.0,4.199,90.8,99,0,60.0,2026-04-29T14:40:30.338256,4.208
2026-04-29T14:39:30.374480,66.27,0.1012,68.3,0.1053,1000.0,0.0,4.199,90.8,99,0,60.0,2026-04-29T14:40:30.374329,4.208
2026-04-29T14:39:31.355669,66.31,0.1012,68.34,0.106,1000.0,0.0,4.199,90.7,99,0,60.0,2026-04-29T14:40:31.355501,4.208
2026-04-29T14:39:31.395763,66.31,0.1012,68.35,0.1063,1000.0,0.0,4.199,90.7,99,0,60.0,2026-04-29T14:40:31.395599,4.208
2026-04-29T14:39:32.388188,66.31,0.1012,68.37,0.1066,1000.0,0.0,4.199,90.7,99,0,60.0,2026-04-29T14:40:32.387951,4.208
2026-04-29T14:39:32.434314,66.35,0.0904,68.38,0.1007,1000.0,0.0,4.199,90.7,99,0,60.0,2026-04-29T14:40:32.434175,4.208
2026-04-29T14:39:32.470147,66.35,0.0904,68.39,0.0989,1000.0,0.0,4.199,90.7,99,0,60.0,2026-04-29T14:40:32.470000,4.208
2026-04-29T14:39:33.408021,66.41,0.0904,68.42,0.0975,1000.0,0.0,4.199,90.7,99,0,60.0,2026-04-29T14:40:33.407859,4.208
2026-04-29T14:39:33.445532,66.41,0.0918,68.44,0.0951,1000.0,0.0,4.199,90.7,99,0,60.0,2026-04-29T14:40:33.445385,4.208
2026-04-29T14:39:33.482183,66.41,0.0918,68.44,0.0959,1000.0,0.0,4.199,90.7,99,0,60.0,2026-04-29T14:40:33.482043,4.208
2026-04-29T14:39:34.484011,66.45,0.0918,68.48,0.0967,1000.0,0.0,4.199,90.7,99,0,60.0,2026-04-29T14:40:34.483848,4.208
2026-04-29T14:39:34.526201,66.45,0.097,68.49,0.0989,1000.0,0.0,4.199,90.7,99,0,60.0,2026-04-29T14:40:34.525885,4.208
2026-04-29T14:39:34.565100,66.45,0.097,68.49,0.1002,1000.0,0.0,4.199,90.7,99,0,60.0,2026-04-29T14:40:34.564956,4.208
2026-04-29T14:39:35.544523,66.49,0.0894,68.52,0.0998,1000.0,0.0,4.199,90.7,99,0,60.0,2026-04-29T14:40:35.544225,4.209
2026-04-29T14:39:35.586580,66.49,0.097,68.53,0.101,1000.0,0.0,4.199,90.7,99,0,60.0,2026-04-29T14:40:35.586396,4.209
2026-04-29T14:39:35.625482,66.49,0.097,68.53,0.1015,1000.0,0.0,4.199,90.7,99,0,60.0,2026-04-29T14:40:35.625344,4.209
2026-04-29T14:39:36.596468,66.54,0.0894,68.57,0.0994,1000.0,0.0,4.199,90.7,99,0,60.0,2026-04-29T14:40:36.596271,4.209
2026-04-29T14:39:36.635387,66.54,0.0894,68.57,0.0976,1000.0,0.0,4.199,90.7,99,0,60.0,2026-04-29T14:40:36.635256,4.209
2026-04-29T14:39:37.609382,66.54,0.0894,68.6,0.0965,1000.0,0.0,4.199,90.7,99,0,60.0,2026-04-29T14:40:37.609133,4.209
2026-04-29T14:39:37.654139,66.59,0.0869,68.61,0.0916,1000.0,0.0,4.199,90.7,99,0,60.0,2026-04-29T14:40:37.654017,4.209
2026-04-29T14:39:37.750141,66.59,0.0869,68.62,0.0919,1000.0,0.0,4.199,90.7,99,0,60.0,2026-04-29T14:40:37.745437,4.209
2026-04-29T14:39:38.657551,66.63,0.0869,68.65,0.0922,1000.0,0.0,4.199,90.7,99,0,60.0,2026-04-29T14:40:38.657372,4.209
2026-04-29T14:39:38.707099,66.63,0.0869,68.66,0.091,1000.0,0.0,4.199,90.7,99,0,60.0,2026-04-29T14:40:38.706953,4.209
2026-04-29T14:39:38.746565,66.63,0.0869,68.66,0.0915,1000.0,0.0,4.199,90.7,99,0,60.0,2026-04-29T14:40:38.746412,4.209
2026-04-29T14:39:39.755337,66.67,0.0851,68.7,0.0917,1000.0,0.0,4.199,90.7,99,0,60.0,2026-04-29T14:40:39.746698,4.209
2026-04-29T14:39:39.791151,66.67,0.0886,68.7,0.0925,1000.0,0.0,4.199,90.7,99,0,60.0,2026-04-29T14:40:39.791003,4.209
2026-04-29T14:39:39.829077,66.67,0.0886,68.71,0.0931,1000.0,0.0,4.199,90.7,99,0,60.0,2026-04-29T14:40:39.828932,4.209
2026-04-29T14:39:40.772739,66.71,0.0937,68.74,0.0939,1000.0,0.0,4.199,90.7,99,0,60.0,2026-04-29T14:40:40.772591,4.209
2026-04-29T14:39:40.812772,66.71,0.1021,68.74,0.0999,1000.0,0.0,4.199,90.7,99,0,60.0,2026-04-29T14:40:40.812610,4.209
2026-04-29T14:39:40.848717,66.71,0.1021,68.75,0.1024,1000.0,0.0,4.199,90.7,99,0,60.0,2026-04-29T14:40:40.848584,4.209
2026-04-29T14:39:41.802019,66.76,0.1031,68.79,0.1037,1000.0,0.0,4.199,90.6,99,0,60.0,2026-04-29T14:40:41.801874,4.209
2026-04-29T14:39:41.848816,66.76,0.1031,68.79,0.1057,1000.0,0.0,4.199,90.6,99,0,60.0,2026-04-29T14:40:41.848663,4.209
2026-04-29T14:39:42.851084,66.76,0.1031,68.82,0.107,1000.0,0.0,4.199,90.6,99,0,60.0,2026-04-29T14:40:42.850893,4.209
2026-04-29T14:39:42.896961,66.79,0.1031,68.83,0.1076,1000.0,0.0,4.199,90.6,99,0,60.0,2026-04-29T14:40:42.896834,4.209
2026-04-29T14:39:42.933685,66.79,0.1031,68.83,0.108,1000.0,0.0,4.199,90.6,99,0,60.0,2026-04-29T14:40:42.933542,4.209
2026-04-29T14:39:43.896248,66.82,0.1031,68.86,0.1084,1000.0,0.0,4.199,90.6,99,0,60.0,2026-04-29T14:40:43.896087,4.209
2026-04-29T14:39:43.936519,66.82,0.1053,68.86,0.1087,1000.0,0.0,4.199,90.6,99,0,60.0,2026-04-29T14:40:43.936353,4.209
2026-04-29T14:39:43.979172,66.82,0.1053,68.86,0.1095,1000.0,0.0,4.199,90.6,99,0,60.0,2026-04-29T14:40:43.979025,4.209
2026-04-29T14:39:44.939510,66.87,0.1053,68.89,0.1103,1000.0,0.0,4.199,90.6,99,0,60.0,2026-04-29T14:40:44.939351,4.209
2026-04-29T14:39:44.989414,66.87,0.1156,68.9,0.1153,1000.0,0.0,4.199,90.6,99,0,60.0,2026-04-29T14:40:44.989244,4.209
2026-04-29T14:39:45.027419,66.87,0.1156,68.91,0.1174,1000.0,0.0,4.199,90.6,99,0,60.0,2026-04-29T14:40:45.027123,4.209
2026-04-29T14:39:46.007880,66.91,0.0945,68.94,0.1137,1000.0,0.0,4.199,90.6,98,0,60.0,2026-04-29T14:40:46.007725,4.209
2026-04-29T14:39:46.051557,66.91,0.1012,68.95,0.1108,1000.0,0.0,4.199,90.6,98,0,60.0,2026-04-29T14:40:46.051416,4.209
2026-04-29T14:39:46.088574,66.91,0.1012,68.95,0.1095,1000.0,0.0,4.199,90.6,98,0,60.0,2026-04-29T14:40:46.088439,4.209
2026-04-29T14:39:47.069376,66.94,0.1021,68.98,0.1072,1000.0,0.0,4.199,90.6,98,0,60.0,2026-04-29T14:40:47.069188,4.209
2026-04-29T14:39:47.107974,66.94,0.1021,68.98,0.1074,1000.0,0.0,4.199,90.6,98,0,60.0,2026-04-29T14:40:47.107742,4.209
2026-04-29T14:39:48.088784,66.94,0.1021,69.01,0.1076,1000.0,0.0,4.199,90.6,98,0,60.0,2026-04-29T14:40:48.088560,4.209
2026-04-29T14:39:48.138615,66.98,0.1021,69.02,0.1077,1000.0,0.0,4.199,90.6,98,0,60.0,2026-04-29T14:40:48.138460,4.209
2026-04-29T14:39:48.176380,66.98,0.1021,69.02,0.1077,1000.0,0.0,4.199,90.6,98,0,60.0,2026-04-29T14:40:48.176165,4.209
2026-04-29T14:39:49.134596,67.03,0.1021,69.05,0.1077,1000.0,0.0,4.199,90.6,98,0,60.0,2026-04-29T14:40:49.134393,4.209
2026-04-29T14:39:49.177207,67.03,0.0981,69.06,0.1045,1000.0,0.0,4.199,90.6,98,0,60.0,2026-04-29T14:40:49.177032,4.209
2026-04-29T14:39:49.217046,67.03,0.0981,69.06,0.1042,1000.0,0.0,4.199,90.6,98,0,60.0,2026-04-29T14:40:49.216887,4.209
2026-04-29T14:39:50.203998,67.06,0.0852,69.09,0.1019,1000.0,0.0,4.199,90.6,98,0,60.0,2026-04-29T14:40:50.203797,4.209
2026-04-29T14:39:50.246291,67.06,0.0954,69.1,0.1006,1000.0,0.0,4.199,90.6,98,0,60.0,2026-04-29T14:40:50.246154,4.209
2026-04-29T14:39:50.282785,67.06,0.0954,69.1,0.1007,1000.0,0.0,4.199,90.6,98,0,60.0,2026-04-29T14:40:50.282642,4.209
2026-04-29T14:39:51.256395,67.13,0.0954,69.14,0.1009,1000.0,0.0,4.199,90.6,98,0,60.0,2026-04-29T14:40:51.256224,4.209
2026-04-29T14:39:51.296177,67.13,0.0987,69.15,0.1024,1000.0,0.0,4.199,90.6,98,0,60.0,2026-04-29T14:40:51.296029,4.209
2026-04-29T14:39:51.332248,67.13,0.0987,69.16,0.103,1000.0,0.0,4.199,90.6,98,0,60.0,2026-04-29T14:40:51.332118,4.209
2026-04-29T14:39:52.317174,67.16,0.1021,69.19,0.1039,1000.0,0.0,4.199,90.6,98,0,60.0,2026-04-29T14:40:52.316988,4.209
2026-04-29T14:39:52.355369,67.16,0.1021,69.2,0.1054,1000.0,0.0,4.199,90.6,98,0,60.0,2026-04-29T14:40:52.355219,4.209
2026-04-29T14:39:53.329975,67.16,0.1021,69.22,0.1065,1000.0,0.0,4.199,90.6,98,0,60.0,2026-04-29T14:40:53.329701,4.209
2026-04-29T14:39:53.377430,67.21,0.1021,69.24,0.1071,1000.0,0.0,4.199,90.5,98,0,60.0,2026-04-29T14:40:53.377170,4.209
2026-04-29T14:39:53.414462,67.21,0.1021,69.24,0.1074,1000.0,0.0,4.199,90.5,98,0,60.0,2026-04-29T14:40:53.414311,4.209
2026-04-29T14:39:54.386522,67.24,0.1021,69.27,0.1076,1000.0,0.0,4.199,90.5,98,0,60.0,2026-04-29T14:40:54.386297,4.209
2026-04-29T14:39:54.431673,67.24,0.1004,69.28,0.1058,1000.0,0.0,4.199,90.5,98,0,60.0,2026-04-29T14:40:54.431450,4.209
2026-04-29T14:39:54.472488,67.24,0.1004,69.28,0.1059,1000.0,0.0,4.199,90.5,98,0,60.0,2026-04-29T14:40:54.472344,4.209
2026-04-29T14:39:55.429867,67.27,0.0954,69.31,0.1052,1000.0,0.0,4.199,90.5,98,0,60.0,2026-04-29T14:40:55.429446,4.209
2026-04-29T14:39:55.470365,67.27,0.1021,69.31,0.1062,1000.0,0.0,4.199,90.5,98,0,60.0,2026-04-29T14:40:55.470225,4.209
2026-04-29T14:39:55.517607,67.27,0.1021,69.31,0.1067,1000.0,0.0,4.199,90.5,98,0,60.0,2026-04-29T14:40:55.517473,4.209
2026-04-29T14:39:56.495038,67.31,0.1021,69.34,0.1074,1000.0,0.0,4.199,90.5,98,0,60.0,2026-04-29T14:40:56.494808,4.209
2026-04-29T14:39:56.535103,67.31,0.1038,69.35,0.1083,1000.0,0.0,4.199,90.5,98,0,60.0,2026-04-29T14:40:56.534952,4.209
2026-04-29T14:39:56.573558,67.31,0.1038,69.35,0.1087,1000.0,0.0,4.199,90.5,98,0,60.0,2026-04-29T14:40:56.573421,4.209
2026-04-29T14:39:57.551427,67.34,0.1046,69.38,0.1091,1000.0,0.0,4.199,90.5,98,0,60.0,2026-04-29T14:40:57.551265,4.209
2026-04-29T14:39:57.594097,67.34,0.1046,69.38,0.1096,1000.0,0.0,4.199,90.5,98,0,60.0,2026-04-29T14:40:57.593797,4.209
2026-04-29T14:39:58.575120,67.34,0.1046,69.41,0.11,1000.0,0.0,4.199,90.5,99,0,60.0,2026-04-29T14:40:58.574649,4.209
2026-04-29T14:39:58.623336,67.36,0.1046,69.41,0.1102,1000.0,0.0,4.199,90.5,99,0,60.0,2026-04-29T14:40:58.623186,4.209
2026-04-29T14:39:58.663031,67.36,0.1046,69.41,0.1102,1000.0,0.0,4.199,90.5,99,0,60.0,2026-04-29T14:40:58.662802,4.209
2026-04-29T14:39:59.619299,67.43,0.1046,69.44,0.1103,1000.0,0.0,4.199,90.5,99,0,60.0,2026-04-29T14:40:59.619055,4.209
2026-04-29T14:39:59.673807,67.43,0.1021,69.46,0.1079,1000.0,0.0,4.199,90.5,99,0,60.0,2026-04-29T14:40:59.673178,4.209
2026-04-29T14:39:59.822343,67.43,0.1021,69.46,0.1079,1000.0,0.0,4.199,90.5,99,0,60.0,2026-04-29T14:40:59.811264,4.209
2026-04-29T14:40:00.678096,67.47,0.0963,69.5,0.107,1000.0,0.0,4.199,90.5,98,0,60.0,2026-04-29T14:41:00.677919,4.209
2026-04-29T14:40:00.720880,67.47,0.1021,69.5,0.1074,1000.0,0.0,4.199,90.5,98,0,60.0,2026-04-29T14:41:00.720742,4.209
2026-04-29T14:40:00.762164,67.47,0.1021,69.5,0.1075,1000.0,0.0,4.199,90.5,98,0,60.0,2026-04-29T14:41:00.762037,4.209
2026-04-29T14:40:01.735717,67.54,0.097,69.55,0.107,1000.0,0.0,4.199,90.5,98,0,60.0,2026-04-29T14:41:01.735570,4.209
2026-04-29T14:40:01.773428,67.54,0.0995,69.56,0.1062,1000.0,0.0,4.199,90.5,98,0,60.0,2026-04-29T14:41:01.773316,4.209
2026-04-29T14:40:01.808537,67.54,0.0995,69.57,0.1059,1000.0,0.0,4.199,90.5,98,0,60.0,2026-04-29T14:41:01.808422,4.209
2026-04-29T14:40:02.785142,67.6,0.0987,69.61,0.1048,1000.0,0.0,4.199,90.5,98,0,60.0,2026-04-29T14:41:02.784993,4.209
2026-04-29T14:40:02.819881,67.6,0.0987,69.62,0.1046,1000.0,0.0,4.199,90.5,98,0,60.0,2026-04-29T14:41:02.819766,4.209
2026-04-29T14:40:03.810843,67.6,0.0987,69.66,0.1046,1000.0,0.0,4.199,90.5,98,0,60.0,2026-04-29T14:41:03.810669,4.209
2026-04-29T14:40:03.852791,67.68,0.0987,69.69,0.1045,1000.0,0.0,4.199,90.4,98,0,60.0,2026-04-29T14:41:03.852672,4.209
2026-04-29T14:40:03.887458,67.68,0.0987,69.7,0.1045,1000.0,0.0,4.199,90.4,98,0,60.0,2026-04-29T14:41:03.887356,4.209
2026-04-29T14:40:04.843562,67.75,0.0987,69.74,0.1045,1000.0,0.0,4.199,90.4,99,0,60.0,2026-04-29T14:41:04.843410,4.209
2026-04-29T14:40:04.885521,67.75,0.1088,69.77,0.1068,1000.0,0.0,4.199,90.4,99,0,60.0,2026-04-29T14:41:04.885340,4.209
2026-04-29T14:40:04.920934,67.75,0.1088,69.78,0.1096,1000.0,0.0,4.199,90.4,99,0,60.0,2026-04-29T14:41:04.920831,4.209
2026-04-29T14:40:05.912526,67.81,0.0954,69.82,0.1102,1000.0,0.0,4.199,90.4,99,0,60.0,2026-04-29T14:41:05.912376,4.209
2026-04-29T14:40:05.988601,67.81,0.1071,69.84,0.1109,1000.0,0.0,4.199,90.4,99,0,60.0,2026-04-29T14:41:05.988328,4.209
2026-04-29T14:40:06.152115,67.81,0.1071,69.84,0.1116,1000.0,0.0,4.199,90.4,99,0,60.0,2026-04-29T14:41:06.150906,4.209
2026-04-29T14:40:06.975665,67.89,0.1012,69.89,0.1107,1000.0,0.0,4.199,90.4,98,0,60.0,2026-04-29T14:41:06.975368,4.209
2026-04-29T14:40:07.017864,67.89,0.1012,69.91,0.1091,1000.0,0.0,4.199,90.4,98,0,60.0,2026-04-29T14:41:07.017742,4.209
2026-04-29T14:40:07.055633,67.89,0.1012,69.92,0.1084,1000.0,0.0,4.199,90.4,98,0,60.0,2026-04-29T14:41:07.055490,4.209
2026-04-29T14:40:08.023434,67.97,0.1046,69.97,0.1073,1000.0,0.0,4.199,90.4,99,0,60.0,2026-04-29T14:41:08.023211,4.209
2026-04-29T14:40:08.063499,67.97,0.1046,69.99,0.1085,1000.0,0.0,4.199,90.4,99,0,60.0,2026-04-29T14:41:08.063348,4.209
2026-04-29T14:40:09.035873,67.97,0.1046,70.02,0.1094,1000.0,0.0,4.199,90.4,99,0,60.0,2026-04-29T14:41:09.035721,4.209
2026-04-29T14:40:09.077746,68.05,0.1046,70.06,0.1092,1000.0,0.0,4.199,90.4,99,0,60.0,2026-04-29T14:41:09.077597,4.209
2026-04-29T14:40:09.115065,68.05,0.1046,70.07,0.1096,1000.0,0.0,4.199,90.4,99,0,60.0,2026-04-29T14:41:09.114895,4.209
2026-04-29T14:40:10.104669,68.11,0.1046,70.11,0.11,1000.0,0.0,4.199,90.3,98,0,60.0,2026-04-29T14:41:10.104445,4.209
2026-04-29T14:40:10.150871,68.11,0.1088,70.13,0.1112,1000.0,0.0,4.199,90.3,98,0,60.0,2026-04-29T14:41:10.150701,4.209
2026-04-29T14:40:10.187758,68.11,0.1088,70.14,0.1124,1000.0,0.0,4.199,90.3,98,0,60.0,2026-04-29T14:41:10.187637,4.209
2026-04-29T14:40:11.159985,68.17,0.1031,70.18,0.1127,1000.0,0.0,4.199,90.3,98,0,60.0,2026-04-29T14:41:11.159745,4.209
2026-04-29T14:40:11.201880,68.17,0.112,70.19,0.1146,1000.0,0.0,4.199,90.3,98,0,60.0,2026-04-29T14:41:11.201724,4.209
2026-04-29T14:40:11.239044,68.17,0.112,70.2,0.1157,1000.0,0.0,4.199,90.3,98,0,60.0,2026-04-29T14:41:11.238924,4.209
2026-04-29T14:40:12.212587,68.23,0.1063,70.25,0.1154,1000.0,0.0,4.199,90.3,98,0,60.0,2026-04-29T14:41:12.212387,4.209
2026-04-29T14:40:12.253902,68.23,0.1063,70.26,0.114,1000.0,0.0,4.199,90.3,98,0,60.0,2026-04-29T14:41:12.253773,4.209
2026-04-29T14:40:12.291652,68.23,0.1063,70.26,0.1134,1000.0,0.0,4.199,90.3,98,0,60.0,2026-04-29T14:41:12.291363,4.209
2026-04-29T14:40:13.268472,68.27,0.1139,70.3,0.1134,1000.0,0.0,4.199,90.3,98,0,60.0,2026-04-29T14:41:13.268294,4.209
2026-04-29T14:40:13.307489,68.27,0.1139,70.31,0.1159,1000.0,0.0,4.199,90.3,98,0,60.0,2026-04-29T14:41:13.307299,4.209
2026-04-29T14:40:14.292860,68.27,0.1139,70.33,0.1176,1000.0,0.0,4.199,90.3,98,0,60.0,2026-04-29T14:41:14.292622,4.209
2026-04-29T14:40:14.341536,68.34,0.1129,70.36,0.1173,1000.0,0.0,4.199,90.3,98,0,60.0,2026-04-29T14:41:14.341178,4.209
2026-04-29T14:40:14.378230,68.34,0.1129,70.37,0.1179,1000.0,0.0,4.199,90.3,98,0,60.0,2026-04-29T14:41:14.378076,4.209
2026-04-29T14:40:15.342949,68.4,0.1129,70.41,0.1184,1000.0,0.0,4.199,90.3,98,0,60.0,2026-04-29T14:41:15.342710,4.209
2026-04-29T14:40:15.437318,68.4,0.1114,70.42,0.1178,1000.0,0.0,4.199,90.3,98,0,60.0,2026-04-29T14:41:15.434803,4.209
2026-04-29T14:40:15.492355,68.4,0.1114,70.43,0.1176,1000.0,0.0,4.199,90.3,98,0,60.0,2026-04-29T14:41:15.492013,4.209
2026-04-29T14:40:16.390899,68.46,0.0985,70.47,0.1154,1000.0,0.0,4.199,90.3,98,0,60.0,2026-04-29T14:41:16.390738,4.209
2026-04-29T14:40:16.428861,68.46,0.1029,70.48,0.112,1000.0,0.0,4.199,90.3,98,0,60.0,2026-04-29T14:41:16.428737,4.209
2026-04-29T14:40:16.463814,68.46,0.1029,70.49,0.1109,1000.0,0.0,4.199,90.3,98,0,60.0,2026-04-29T14:41:16.463725,4.209
2026-04-29T14:40:17.451667,68.52,0.1029,70.53,0.1091,1000.0,0.0,4.199,90.3,98,0,60.0,2026-04-29T14:41:17.451514,4.209
2026-04-29T14:40:17.489074,68.52,0.1071,70.54,0.1107,1000.0,0.0,4.199,90.3,98,0,60.0,2026-04-29T14:41:17.488959,4.209
2026-04-29T14:40:17.522885,68.52,0.1071,70.55,0.1114,1000.0,0.0,4.199,90.3,98,0,60.0,2026-04-29T14:41:17.522729,4.209
2026-04-29T14:40:18.508131,68.58,0.1072,70.59,0.1124,1000.0,0.0,4.199,90.2,98,0,60.0,2026-04-29T14:41:18.507615,4.209
2026-04-29T14:40:18.544746,68.58,0.1072,70.6,0.1126,1000.0,0.0,4.199,90.2,98,0,60.0,2026-04-29T14:41:18.544630,4.209
2026-04-29T14:40:19.531971,68.58,0.1072,70.63,0.1128,1000.0,0.0,4.199,90.2,98,0,60.0,2026-04-29T14:41:19.531834,4.209
2026-04-29T14:40:19.576145,68.62,0.1048,70.64,0.1114,1000.0,0.0,4.199,90.2,98,0,60.0,2026-04-29T14:41:19.576013,4.209
2026-04-29T14:40:19.611044,68.62,0.1048,70.64,0.1112,1000.0,0.0,4.199,90.2,98,0,60.0,2026-04-29T14:41:19.610897,4.209
2026-04-29T14:40:20.584748,68.66,0.1048,70.68,0.111,1000.0,0.0,4.199,90.2,98,0,60.0,2026-04-29T14:41:20.584609,4.209
2026-04-29T14:40:20.625578,68.66,0.104,70.68,0.1093,1000.0,0.0,4.199,90.2,98,0,60.0,2026-04-29T14:41:20.625436,4.209
2026-04-29T14:40:20.668209,68.66,0.104,70.69,0.1095,1000.0,0.0,4.199,90.2,98,0,60.0,2026-04-29T14:41:20.662149,4.209
2026-04-29T14:40:21.639909,68.7,0.104,70.72,0.1097,1000.0,0.0,4.199,90.2,98,0,60.0,2026-04-29T14:41:21.639730,4.209
2026-04-29T14:40:21.680107,68.7,0.1097,70.73,0.1118,1000.0,0.0,4.199,90.2,98,0,60.0,2026-04-29T14:41:21.679850,4.209
2026-04-29T14:40:21.713831,68.7,0.1097,70.73,0.1131,1000.0,0.0,4.199,90.2,98,0,60.0,2026-04-29T14:41:21.713735,4.209
2026-04-29T14:40:22.665028,68.73,0.1097,70.76,0.1137,1000.0,0.0,4.199,90.2,98,0,60.0,2026-04-29T14:41:22.664871,4.209
2026-04-29T14:40:22.754931,68.73,0.1097,70.76,0.1145,1000.0,0.0,4.199,90.2,98,0,60.0,2026-04-29T14:41:22.750094,4.209
2026-04-29T14:40:22.793729,68.73,0.1097,70.76,0.1148,1000.0,0.0,4.199,90.2,98,0,60.0,2026-04-29T14:41:22.793570,4.209
2026-04-29T14:40:23.735941,68.77,0.1129,70.8,0.1157,1000.0,0.0,4.199,90.2,98,0,60.0,2026-04-29T14:41:23.735778,4.209
2026-04-29T14:40:23.771570,68.77,0.1129,70.8,0.1169,1000.0,0.0,4.199,90.2,98,0,60.0,2026-04-29T14:41:23.771463,4.209
2026-04-29T14:40:24.747492,68.77,0.1129,70.83,0.1178,1000.0,0.0,4.199,90.2,98,0,60.0,2026-04-29T14:41:24.747330,4.209
2026-04-29T14:40:24.783637,68.8,0.1131,70.83,0.1171,1000.0,0.0,4.199,90.2,98,0,60.0,2026-04-29T14:41:24.783502,4.209
2026-04-29T14:40:24.818956,68.8,0.1131,70.83,0.1177,1000.0,0.0,4.199,90.2,98,0,60.0,2026-04-29T14:41:24.818829,4.209
2026-04-29T14:40:25.823368,68.82,0.1131,70.86,0.1184,1000.0,0.0,4.199,90.2,98,0,60.0,2026-04-29T14:41:25.823178,4.209
2026-04-29T14:40:25.863601,68.82,0.1089,70.86,0.115,1000.0,0.0,4.199,90.2,98,0,60.0,2026-04-29T14:41:25.863484,4.209
2026-04-29T14:40:25.896942,68.82,0.1089,70.86,0.1149,1000.0,0.0,4.199,90.2,98,0,60.0,2026-04-29T14:41:25.896853,4.209
2026-04-29T14:40:26.853365,68.87,0.1089,70.89,0.1148,1000.0,0.0,4.199,90.2,98,0,60.0,2026-04-29T14:41:26.853212,4.209
2026-04-29T14:40:26.895177,68.87,0.1089,70.89,0.1142,1000.0,0.0,4.199,90.2,98,0,60.0,2026-04-29T14:41:26.895037,4.209
2026-04-29T14:40:26.929828,68.87,0.1089,70.89,0.1144,1000.0,0.0,4.199,90.2,98,0,60.0,2026-04-29T14:41:26.929689,4.209
2026-04-29T14:40:27.925679,68.92,0.1029,70.93,0.1129,1000.0,0.0,4.199,90.2,98,0,60.0,2026-04-29T14:41:27.925486,4.209
2026-04-29T14:40:27.963404,68.92,0.1156,70.94,0.1166,1000.0,0.0,4.199,90.2,98,0,60.0,2026-04-29T14:41:27.963269,4.209
2026-04-29T14:40:27.998175,68.92,0.1156,70.94,0.1182,1000.0,0.0,4.199,90.2,98,0,60.0,2026-04-29T14:41:27.998057,4.209
2026-04-29T14:40:28.975696,68.96,0.1166,70.98,0.1204,1000.0,0.0,4.199,90.2,98,0,60.0,2026-04-29T14:41:28.975531,4.209
2026-04-29T14:40:29.014594,68.96,0.1166,70.98,0.1212,1000.0,0.0,4.199,90.2,98,0,60.0,2026-04-29T14:41:29.014453,4.209
2026-04-29T14:40:30.009996,68.96,0.1166,71.01,0.1218,1000.0,0.0,4.199,90.2,98,0,60.0,2026-04-29T14:41:30.009833,4.209
2026-04-29T14:40:30.052185,69.01,0.1098,71.03,0.1198,1000.0,0.0,4.199,90.1,98,0,60.0,2026-04-29T14:41:30.052048,4.209
2026-04-29T14:40:30.086099,69.01,0.1098,71.03,0.1183,1000.0,0.0,4.199,90.1,98,0,60.0,2026-04-29T14:41:30.086009,4.209
2026-04-29T14:40:31.060236,69.06,0.1098,71.06,0.1169,1000.0,0.0,4.199,90.1,98,0,60.0,2026-04-29T14:41:31.060040,4.209
2026-04-29T14:40:31.100275,69.06,0.1098,71.08,0.1163,1000.0,0.0,4.199,90.1,98,0,60.0,2026-04-29T14:41:31.100146,4.209
2026-04-29T14:40:31.135335,69.06,0.1098,71.08,0.116,1000.0,0.0,4.199,90.1,98,0,60.0,2026-04-29T14:41:31.135197,4.209
2026-04-29T14:40:32.096472,69.12,0.1098,71.12,0.1158,1000.0,0.0,4.199,90.1,98,0,60.0,2026-04-29T14:41:32.096331,4.209
2026-04-29T14:40:32.131332,69.12,0.1098,71.14,0.1153,1000.0,0.0,4.199,90.1,98,0,60.0,2026-04-29T14:41:32.131226,4.209
2026-04-29T14:40:32.164872,69.12,0.1098,71.14,0.1154,1000.0,0.0,4.199,90.1,98,0,60.0,2026-04-29T14:41:32.164790,4.209
2026-04-29T14:40:33.170882,69.17,0.1046,71.18,0.1141,1000.0,0.0,4.199,90.1,98,0,60.0,2026-04-29T14:41:33.170737,4.209
2026-04-29T14:40:33.208259,69.17,0.1071,71.19,0.1136,1000.0,0.0,4.199,90.1,98,0,60.0,2026-04-29T14:41:33.208129,4.209
2026-04-29T14:40:33.242296,69.17,0.1071,71.2,0.1134,1000.0,0.0,4.199,90.1,98,0,60.0,2026-04-29T14:41:33.242196,4.209
2026-04-29T14:40:34.201382,69.23,0.108,71.24,0.1132,1000.0,0.0,4.199,90.1,98,0,60.0,2026-04-29T14:41:34.201234,4.209
2026-04-29T14:40:34.237205,69.23,0.108,71.25,0.1135,1000.0,0.0,4.199,90.1,98,0,60.0,2026-04-29T14:41:34.237071,4.209
2026-04-29T14:40:35.247806,69.23,0.108,71.28,0.1137,1000.0,0.0,4.199,90.1,98,0,60.0,2026-04-29T14:41:35.247631,4.209
2026-04-29T14:40:35.289267,69.29,0.1122,71.31,0.1147,1000.0,0.0,4.199,90.1,98,0,60.0,2026-04-29T14:41:35.289148,4.209
2026-04-29T14:40:35.323631,69.29,0.1122,71.31,0.116,1000.0,0.0,4.199,90.1,98,0,60.0,2026-04-29T14:41:35.323496,4.209
2026-04-29T14:40:36.306240,69.35,0.1122,71.35,0.1171,1000.0,0.0,4.199,90.1,98,0,60.0,2026-04-29T14:41:36.306079,4.209
2026-04-29T14:40:36.346700,69.35,0.1166,71.36,0.1189,1000.0,0.0,4.199,90.1,98,0,60.0,2026-04-29T14:41:36.346578,4.209
2026-04-29T14:40:36.380552,69.35,0.1166,71.37,0.1202,1000.0,0.0,4.199,90.1,98,0,60.0,2026-04-29T14:41:36.380461,4.209
2026-04-29T14:40:37.364108,69.41,0.1166,71.41,0.1215,1000.0,0.0,4.199,90.1,98,0,60.0,2026-04-29T14:41:37.363994,4.209
2026-04-29T14:40:37.405097,69.41,0.1166,71.42,0.1212,1000.0,0.0,4.199,90.1,98,0,60.0,2026-04-29T14:41:37.404972,4.209
2026-04-29T14:40:37.439577,69.41,0.1166,71.43,0.1216,1000.0,0.0,4.199,90.1,98,0,60.0,2026-04-29T14:41:37.439442,4.209
2026-04-29T14:40:38.399647,69.48,0.108,71.48,0.1198,1000.0,0.0,4.199,90.0,98,0,60.0,2026-04-29T14:41:38.399413,4.209
2026-04-29T14:40:38.440271,69.48,0.1156,71.49,0.1205,1000.0,0.0,4.199,90.0,98,0,60.0,2026-04-29T14:41:38.440147,4.209
2026-04-29T14:40:38.479215,69.48,0.1156,71.5,0.1209,1000.0,0.0,4.199,90.0,98,0,60.0,2026-04-29T14:41:38.479061,4.209
2026-04-29T14:40:39.465773,69.54,0.1232,71.55,0.1223,1000.0,0.0,4.199,90.0,98,0,60.0,2026-04-29T14:41:39.465586,4.209
2026-04-29T14:40:39.505946,69.54,0.1232,71.56,0.125,1000.0,0.0,4.199,90.0,98,0,60.0,2026-04-29T14:41:39.505751,4.209
2026-04-29T14:40:40.489475,69.54,0.1232,71.59,0.1268,1000.0,0.0,4.199,90.0,98,0,60.0,2026-04-29T14:41:40.489255,4.209
2026-04-29T14:40:40.535260,69.6,0.1233,71.61,0.1271,1000.0,0.0,4.199,90.0,98,0,60.0,2026-04-29T14:41:40.535113,4.209
2026-04-29T14:40:40.574989,69.6,0.1233,71.62,0.128,1000.0,0.0,4.199,90.0,98,0,60.0,2026-04-29T14:41:40.574796,4.209
2026-04-29T14:40:41.546018,69.66,0.1233,71.66,0.1287,1000.0,0.0,4.199,90.0,98,0,60.0,2026-04-29T14:41:41.545822,4.209
2026-04-29T14:40:41.592255,69.66,0.1215,71.67,0.1279,1000.0,0.0,4.199,90.0,98,0,60.0,2026-04-29T14:41:41.592101,4.209
2026-04-29T14:40:41.642752,69.66,0.1215,71.68,0.1278,1000.0,0.0,4.199,90.0,98,0,60.0,2026-04-29T14:41:41.642594,4.209
2026-04-29T14:40:42.602247,69.71,0.1198,71.72,0.1274,1000.0,0.0,4.199,90.0,98,0,60.0,2026-04-29T14:41:42.602074,4.209
2026-04-29T14:40:42.653783,69.71,0.1198,71.73,0.1263,1000.0,0.0,4.199,90.0,98,0,60.0,2026-04-29T14:41:42.653636,4.209
2026-04-29T14:40:42.690847,69.71,0.1198,71.74,0.1261,1000.0,0.0,4.199,90.0,98,0,60.0,2026-04-29T14:41:42.690644,4.209
2026-04-29T14:40:43.646622,69.76,0.1156,71.78,0.1247,1000.0,0.0,4.199,90.0,98,0,60.0,2026-04-29T14:41:43.646456,4.209
2026-04-29T14:40:43.741846,69.76,0.1156,71.79,0.1233,1000.0,0.0,4.199,90.0,98,0,60.0,2026-04-29T14:41:43.730051,4.209
2026-04-29T14:40:43.779598,69.76,0.1156,71.79,0.1227,1000.0,0.0,4.199,90.0,98,0,60.0,2026-04-29T14:41:43.779486,4.209
2026-04-29T14:40:44.693548,69.84,0.1156,71.84,0.1211,1000.0,0.0,4.199,90.0,98,0,60.0,2026-04-29T14:41:44.693403,4.209
2026-04-29T14:40:44.734505,69.84,0.1156,71.85,0.1212,1000.0,0.0,4.199,90.0,98,0,60.0,2026-04-29T14:41:44.734394,4.209
2026-04-29T14:40:45.712254,69.84,0.1156,71.88,0.1214,1000.0,0.0,4.199,90.0,98,0,60.0,2026-04-29T14:41:45.712109,4.209
2026-04-29T14:40:45.749524,69.88,0.1233,71.9,0.1227,1000.0,0.0,4.199,90.0,98,0,60.0,2026-04-29T14:41:45.749426,4.209
2026-04-29T14:40:45.782492,69.88,0.1233,71.9,0.1252,1000.0,0.0,4.199,90.0,98,0,60.0,2026-04-29T14:41:45.782399,4.209
2026-04-29T14:40:46.759988,69.93,0.1233,71.93,0.1273,1000.0,0.0,4.199,89.9,98,0,60.0,2026-04-29T14:41:46.759747,4.209
2026-04-29T14:40:46.798893,69.93,0.1232,71.95,0.1283,1000.0,0.0,4.199,89.9,98,0,60.0,2026-04-29T14:41:46.798778,4.209
2026-04-29T14:40:46.838156,69.93,0.1232,71.95,0.1286,1000.0,0.0,4.199,89.9,98,0,60.0,2026-04-29T14:41:46.838025,4.209
2026-04-29T14:40:47.821903,69.96,0.1107,71.98,0.127,1000.0,0.0,4.199,89.9,98,0,60.0,2026-04-29T14:41:47.821699,4.209
2026-04-29T14:40:47.857096,69.96,0.1114,71.99,0.1225,1000.0,0.0,4.199,89.9,98,0,60.0,2026-04-29T14:41:47.856976,4.209
2026-04-29T14:40:47.892416,69.96,0.1114,71.99,0.1207,1000.0,0.0,4.199,89.9,98,0,60.0,2026-04-29T14:41:47.892317,4.209
2026-04-29T14:40:48.866739,70.0,0.1114,72.02,0.1187,1000.0,0.0,4.199,89.9,99,0,60.0,2026-04-29T14:41:48.866575,4.209
2026-04-29T14:40:48.905511,70.0,0.1156,72.02,0.1199,1000.0,0.0,4.199,89.9,99,0,60.0,2026-04-29T14:41:48.905401,4.209
2026-04-29T14:40:48.944272,70.0,0.1156,72.03,0.1204,1000.0,0.0,4.199,89.9,99,0,60.0,2026-04-29T14:41:48.944168,4.209
2026-04-29T14:40:49.929119,70.06,0.1207,72.07,0.1219,1000.0,0.0,4.199,89.9,99,0,60.0,2026-04-29T14:41:49.928978,4.209
2026-04-29T14:40:49.965185,70.06,0.1207,72.08,0.1238,1000.0,0.0,4.199,89.9,99,0,60.0,2026-04-29T14:41:49.965075,4.209
2026-04-29T14:40:50.956169,70.06,0.1207,72.11,0.1251,1000.0,0.0,4.199,89.9,98,0,60.0,2026-04-29T14:41:50.955968,4.209
2026-04-29T14:40:51.000257,70.1,0.1207,72.12,0.1254,1000.0,0.0,4.199,89.9,98,0,60.0,2026-04-29T14:41:51.000111,4.209
2026-04-29T14:40:51.043306,70.1,0.1207,72.13,0.1259,1000.0,0.0,4.199,89.9,98,0,60.0,2026-04-29T14:41:51.043170,4.209
2026-04-29T14:40:52.013022,70.14,0.1207,72.16,0.1263,1000.0,0.0,4.199,89.9,98,0,60.0,2026-04-29T14:41:52.012875,4.209
2026-04-29T14:40:52.061117,70.14,0.1179,72.17,0.1243,1000.0,0.0,4.199,89.9,98,0,60.0,2026-04-29T14:41:52.060999,4.209
2026-04-29T14:40:52.118105,70.14,0.1179,72.17,0.1242,1000.0,0.0,4.199,89.9,98,0,60.0,2026-04-29T14:41:52.117926,4.209
2026-04-29T14:40:53.086705,70.16,0.1138,72.2,0.1234,1000.0,0.0,4.199,89.9,99,0,60.0,2026-04-29T14:41:53.086501,4.209
2026-04-29T14:40:53.156890,70.16,0.119,72.2,0.1241,1000.0,0.0,4.199,89.9,99,0,60.0,2026-04-29T14:41:53.156728,4.209
2026-04-29T14:40:53.238050,70.16,0.119,72.2,0.1244,1000.0,0.0,4.199,89.9,99,0,60.0,2026-04-29T14:41:53.237883,4.209
2026-04-29T14:40:54.156958,70.21,0.1198,72.23,0.1247,1000.0,0.0,4.199,89.9,99,0,60.0,2026-04-29T14:41:54.156751,4.209
2026-04-29T14:40:54.238453,70.21,0.1198,72.24,0.1252,1000.0,0.0,4.199,89.9,99,0,60.0,2026-04-29T14:41:54.238238,4.209
2026-04-29T14:40:54.418038,70.21,0.1198,72.24,0.1254,1000.0,0.0,4.199,89.9,99,0,60.0,2026-04-29T14:41:54.417322,4.209
2026-04-29T14:40:56.909304,70.26,0.1188,72.29,0.1242,1000.0,0.0,4.199,89.9,99,0,60.0,2026-04-29T14:41:56.908609,4.209
2026-04-29T14:40:57.599310,70.26,0.1188,72.31,0.1247,1000.0,0.0,4.199,89.9,99,0,60.0,2026-04-29T14:41:57.598600,4.209
2026-04-29T14:40:58.564798,70.26,0.1188,72.31,0.1248,1000.0,0.0,4.199,89.9,99,0,60.0,2026-04-29T14:41:58.558754,4.209
2026-04-29T14:41:00.284508,70.31,0.1122,72.33,0.1216,1000.0,0.0,4.199,89.9,99,0,60.0,2026-04-29T14:42:00.283808,4.209
2026-04-29T14:41:02.320265,70.31,0.1122,72.37,0.1189,1000.0,0.0,4.199,89.9,99,0,60.0,2026-04-29T14:42:02.310492,4.209
2026-04-29T14:41:07.292276,70.36,0.1122,72.37,0.1185,1000.0,0.0,4.199,89.8,99,0,60.0,2026-04-29T14:42:07.291231,4.209
2026-04-29T14:41:09.992129,70.36,0.1147,72.43,0.1189,1000.0,0.0,4.199,89.8,99,0,60.0,2026-04-29T14:42:09.984297,4.21
2026-04-29T14:41:10.305370,70.36,0.1147,72.41,0.1203,1000.0,0.0,4.199,89.8,99,0,60.0,2026-04-29T14:42:10.304738,4.209
2026-04-29T14:41:11.045314,70.4,0.1071,72.42,0.1194,1000.0,0.0,4.199,89.8,99,0,60.0,2026-04-29T14:42:11.044771,4.209
2026-04-29T14:41:11.514026,70.4,0.1147,72.44,0.1203,1000.0,0.0,4.199,89.8,99,0,60.0,2026-04-29T14:42:11.495772,4.209
2026-04-29T14:41:11.850716,70.4,0.1147,72.44,0.1205,1000.0,0.0,4.199,89.8,99,0,60.0,2026-04-29T14:42:11.850161,4.209
2026-04-29T14:41:12.233595,70.46,0.112,72.46,0.1201,1000.0,0.0,4.199,89.8,99,0,60.0,2026-04-29T14:42:12.233003,4.209
2026-04-29T14:41:13.629058,70.46,0.1181,72.5,0.1228,1000.0,0.0,4.199,89.8,99,0,60.0,2026-04-29T14:42:13.628405,4.209
2026-04-29T14:41:14.359275,70.46,0.1181,72.51,0.1237,1000.0,0.0,4.199,89.8,99,0,60.0,2026-04-29T14:42:14.352186,4.209
2026-04-29T14:41:15.245599,70.48,0.1215,72.53,0.124,1000.0,0.0,4.199,89.8,99,0,60.0,2026-04-29T14:42:15.244918,4.209
2026-04-29T14:41:15.671881,70.48,0.1215,72.53,0.1262,1000.0,0.0,4.199,89.8,99,0,60.0,2026-04-29T14:42:15.670229,4.209
2026-04-29T14:41:15.995211,70.48,0.1215,72.53,0.1269,1000.0,0.0,4.199,89.8,99,0,60.0,2026-04-29T14:42:15.994740,4.209
2026-04-29T14:41:16.110213,70.53,0.119,72.54,0.1263,1000.0,0.0,4.199,89.8,99,0,60.0,2026-04-29T14:42:16.109679,4.209
2026-04-29T14:41:16.234406,70.53,0.119,72.55,0.1258,1000.0,0.0,4.199,89.8,99,0,60.0,2026-04-29T14:42:16.233858,4.209
2026-04-29T14:41:16.407834,70.57,0.119,72.56,0.1255,1000.0,0.0,4.199,89.8,99,0,60.0,2026-04-29T14:42:16.407346,4.209
2026-04-29T14:41:16.554798,70.57,0.1188,72.58,0.125,1000.0,0.0,4.199,89.8,99,0,60.0,2026-04-29T14:42:16.554296,4.209
2026-04-29T14:41:16.852113,70.57,0.1188,72.59,0.1249,1000.0,0.0,4.199,89.8,99,0,60.0,2026-04-29T14:42:16.844794,4.209
2026-04-29T14:41:17.273943,70.62,0.1166,72.62,0.1246,1000.0,0.0,4.199,89.8,99,0,60.0,2026-04-29T14:42:17.267850,4.209
2026-04-29T14:41:17.407287,70.62,0.124,72.64,0.1267,1000.0,0.0,4.199,89.8,99,0,60.0,2026-04-29T14:42:17.406749,4.209
2026-04-29T14:41:17.550227,70.62,0.124,72.65,0.1279,1000.0,0.0,4.199,89.8,99,0,60.0,2026-04-29T14:42:17.549445,4.209
2026-04-29T14:41:17.717381,70.66,0.1266,72.66,0.1285,1000.0,0.0,4.199,89.8,99,0,60.0,2026-04-29T14:42:17.716802,4.209
2026-04-29T14:41:17.843176,70.66,0.1266,72.68,0.1301,1000.0,0.0,4.199,89.8,99,0,60.0,2026-04-29T14:42:17.842762,4.209
2026-04-29T14:41:17.996689,70.66,0.1266,72.68,0.131,1000.0,0.0,4.199,89.8,99,0,60.0,2026-04-29T14:42:17.996184,4.209
2026-04-29T14:41:18.133253,70.7,0.1188,72.7,0.1293,1000.0,0.0,4.199,89.8,99,0,60.0,2026-04-29T14:42:18.132857,4.209
2026-04-29T14:41:18.256056,70.7,0.1188,72.72,0.1277,1000.0,0.0,4.199,89.8,99,0,60.0,2026-04-29T14:42:18.255708,4.209
2026-04-29T14:41:18.370694,70.7,0.1188,72.72,0.1267,1000.0,0.0,4.199,89.8,99,0,60.0,2026-04-29T14:42:18.370235,4.209
2026-04-29T14:41:18.509716,70.76,0.1188,72.75,0.1248,1000.0,0.0,4.199,89.8,99,0,60.0,2026-04-29T14:42:18.509306,4.209
2026-04-29T14:41:18.855689,70.76,0.1188,72.76,0.1248,1000.0,0.0,4.199,89.8,99,0,60.0,2026-04-29T14:42:18.855198,4.209
2026-04-29T14:41:19.571178,70.79,0.1188,72.79,0.1248,1000.0,0.0,4.199,89.8,99,0,60.0,2026-04-29T14:42:19.556919,4.209
2026-04-29T14:41:19.861131,70.79,0.1173,72.81,0.1242,1000.0,0.0,4.199,89.7,99,0,60.0,2026-04-29T14:42:19.860548,4.209
2026-04-29T14:41:19.986532,70.79,0.1173,72.82,0.1238,1000.0,0.0,4.199,89.7,99,0,60.0,2026-04-29T14:42:19.986052,4.209
2026-04-29T14:41:20.134509,70.85,0.1156,72.83,0.1235,1000.0,0.0,4.199,89.7,99,0,60.0,2026-04-29T14:42:20.133907,4.209
2026-04-29T14:41:20.257818,70.85,0.1173,72.85,0.1233,1000.0,0.0,4.199,89.7,99,0,60.0,2026-04-29T14:42:20.257335,4.209
2026-04-29T14:41:20.379027,70.85,0.1173,72.86,0.1233,1000.0,0.0,4.199,89.7,99,0,60.0,2026-04-29T14:42:20.378498,4.209
2026-04-29T14:41:20.541425,70.91,0.1188,72.88,0.1233,1000.0,0.0,4.199,89.7,99,0,60.0,2026-04-29T14:42:20.540782,4.209
2026-04-29T14:41:20.771815,70.91,0.1188,72.9,0.1239,1000.0,0.0,4.199,89.7,99,0,60.0,2026-04-29T14:42:20.771056,4.209
2026-04-29T14:41:21.473038,70.91,0.1188,72.93,0.1244,1000.0,0.0,4.199,89.7,99,0,60.0,2026-04-29T14:42:21.468465,4.209
2026-04-29T14:41:21.636064,70.97,0.1257,72.96,0.1235,1000.0,0.0,4.199,89.7,99,0,60.0,2026-04-29T14:42:21.634685,4.209
2026-04-29T14:41:21.800814,70.97,0.1257,72.97,0.127,1000.0,0.0,4.199,89.7,99,0,60.0,2026-04-29T14:42:21.800246,4.209
2026-04-29T14:41:21.932788,70.97,0.1257,72.98,0.1289,1000.0,0.0,4.199,89.7,99,0,60.0,2026-04-29T14:42:21.932231,4.209
2026-04-29T14:41:22.331516,71.03,0.1246,73.02,0.1285,1000.0,0.0,4.199,89.7,99,0,60.0,2026-04-29T14:42:22.324558,4.209
2026-04-29T14:41:22.452015,71.03,0.1246,73.04,0.1295,1000.0,0.0,4.199,89.7,99,0,60.0,2026-04-29T14:42:22.451440,4.209
2026-04-29T14:41:22.568255,71.09,0.1246,73.05,0.13,1000.0,0.0,4.199,89.7,99,0,60.0,2026-04-29T14:42:22.567655,4.209
2026-04-29T14:41:22.683039,71.09,0.1207,73.07,0.1289,1000.0,0.0,4.199,89.7,99,0,60.0,2026-04-29T14:42:22.682304,4.209
2026-04-29T14:41:22.815886,71.09,0.1207,73.09,0.1282,1000.0,0.0,4.199,89.7,99,0,60.0,2026-04-29T14:42:22.815456,4.209
2026-04-29T14:41:22.975708,71.16,0.1179,73.11,0.1275,1000.0,0.0,4.199,89.7,99,0,60.0,2026-04-29T14:42:22.975124,4.209
2026-04-29T14:41:23.104904,71.16,0.1223,73.14,0.1276,1000.0,0.0,4.199,89.7,99,0,60.0,2026-04-29T14:42:23.104307,4.209
2026-04-29T14:41:23.296803,71.16,0.1223,73.16,0.1279,1000.0,0.0,4.199,89.7,99,0,60.0,2026-04-29T14:42:23.296259,4.209
2026-04-29T14:41:23.480800,71.23,0.1223,73.18,0.1277,1000.0,0.0,4.199,89.6,99,0,60.0,2026-04-29T14:42:23.480161,4.209
2026-04-29T14:41:23.874976,71.23,0.1232,73.22,0.1285,1000.0,0.0,4.199,89.6,99,0,60.0,2026-04-29T14:42:23.874370,4.209
2026-04-29T14:41:24.062041,71.23,0.1232,73.23,0.1288,1000.0,0.0,4.199,89.6,99,0,60.0,2026-04-29T14:42:24.061418,4.209
2026-04-29T14:41:24.248538,71.29,0.1232,73.26,0.129,1000.0,0.0,4.199,89.6,99,0,60.0,2026-04-29T14:42:24.247995,4.209
2026-04-29T14:41:24.618684,71.29,0.1232,73.28,0.1291,1000.0,0.0,4.199,89.6,99,0,60.0,2026-04-29T14:42:24.618014,4.209
2026-04-29T14:41:25.215765,71.29,0.1232,73.31,0.1292,1000.0,0.0,4.199,89.6,99,0,60.0,2026-04-29T14:42:25.205408,4.209
2026-04-29T14:41:25.563360,71.33,0.1215,73.34,0.1283,1000.0,0.0,4.199,89.6,99,0,60.0,2026-04-29T14:42:25.562795,4.209
2026-04-29T14:41:25.720233,71.33,0.1215,73.35,0.128,1000.0,0.0,4.199,89.6,99,0,60.0,2026-04-29T14:42:25.719732,4.209
2026-04-29T14:41:25.925189,71.39,0.1215,73.36,0.1278,1000.0,0.0,4.199,89.6,99,0,60.0,2026-04-29T14:42:25.924665,4.209
2026-04-29T14:41:26.157674,71.39,0.1224,73.38,0.1279,1000.0,0.0,4.199,89.6,99,0,60.0,2026-04-29T14:42:26.150525,4.209
2026-04-29T14:41:26.507212,71.39,0.1224,73.4,0.1282,1000.0,0.0,4.199,89.6,99,0,60.0,2026-04-29T14:42:26.506634,4.209
2026-04-29T14:41:26.717179,71.46,0.1224,73.42,0.1283,1000.0,0.0,4.199,89.6,99,0,60.0,2026-04-29T14:42:26.716381,4.209
2026-04-29T14:41:29.717151,71.46,0.1188,73.5,0.1257,1000.0,0.0,4.199,89.6,99,0,60.0,2026-04-29T14:42:29.705326,4.209
2026-04-29T14:41:29.902384,71.46,0.1188,73.5,0.1252,1000.0,0.0,4.199,89.6,99,0,60.0,2026-04-29T14:42:29.901708,4.209
2026-04-29T14:41:30.147737,71.5,0.1173,73.51,0.1247,1000.0,0.0,4.199,89.6,99,0,60.0,2026-04-29T14:42:30.147268,4.209
2026-04-29T14:41:30.306862,71.5,0.1188,73.52,0.1248,1000.0,0.0,4.199,89.6,99,0,60.0,2026-04-29T14:42:30.306293,4.209
2026-04-29T14:41:30.453216,71.5,0.1188,73.52,0.1249,1000.0,0.0,4.199,89.6,99,0,60.0,2026-04-29T14:42:30.450947,4.209
2026-04-29T14:41:31.048018,71.55,0.1266,73.55,0.1267,1000.0,0.0,4.199,89.6,99,0,60.0,2026-04-29T14:42:31.030868,4.209
2026-04-29T14:41:31.312784,71.55,0.1266,73.57,0.1298,1000.0,0.0,4.199,89.6,99,0,60.0,2026-04-29T14:42:31.312292,4.209
2026-04-29T14:41:31.520595,71.55,0.1266,73.58,0.131,1000.0,0.0,4.199,89.6,99,0,60.0,2026-04-29T14:42:31.520109,4.209
2026-04-29T14:41:31.696371,71.58,0.1173,73.59,0.1288,1000.0,0.0,4.199,89.6,99,0,60.0,2026-04-29T14:42:31.695749,4.209
2026-04-29T14:41:31.874634,71.58,0.1173,73.6,0.1267,1000.0,0.0,4.199,89.6,99,0,60.0,2026-04-29T14:42:31.874230,4.209
2026-04-29T14:41:32.029106,71.66,0.1173,73.61,0.1254,1000.0,0.0,4.199,89.6,99,0,60.0,2026-04-29T14:42:32.028316,4.209
2026-04-29T14:41:32.158521,71.66,0.1173,73.64,0.1244,1000.0,0.0,4.199,89.6,99,0,60.0,2026-04-29T14:42:32.157971,4.209
2026-04-29T14:41:32.404454,71.66,0.1173,73.66,0.124,1000.0,0.0,4.199,89.6,99,0,60.0,2026-04-29T14:42:32.403961,4.209
2026-04-29T14:41:32.542302,71.69,0.1147,73.67,0.1236,1000.0,0.0,4.199,89.5,99,0,60.0,2026-04-29T14:42:32.541734,4.209
2026-04-29T14:41:32.755110,71.69,0.1291,73.69,0.1272,1000.0,0.0,4.199,89.5,99,0,60.0,2026-04-29T14:42:32.754664,4.209
2026-04-29T14:41:33.061820,71.69,0.1291,73.7,0.1303,1000.0,0.0,4.199,89.5,99,0,60.0,2026-04-29T14:42:33.049754,4.209
2026-04-29T14:41:33.407537,71.72,0.1257,73.72,0.1312,1000.0,0.0,4.199,89.5,99,0,60.0,2026-04-29T14:42:33.401286,4.209
2026-04-29T14:41:33.604298,71.72,0.1332,73.73,0.1351,1000.0,0.0,4.199,89.5,99,0,60.0,2026-04-29T14:42:33.603845,4.209
2026-04-29T14:41:34.106594,71.72,0.1332,73.74,0.1373,1000.0,0.0,4.199,89.5,99,0,60.0,2026-04-29T14:42:34.106152,4.209
2026-04-29T14:41:34.269272,71.76,0.1257,73.76,0.1362,1000.0,0.0,4.199,89.5,99,0,60.0,2026-04-29T14:42:34.268488,4.209
2026-04-29T14:41:34.442627,71.76,0.1257,73.77,0.1345,1000.0,0.0,4.199,89.5,99,0,60.0,2026-04-29T14:42:34.441563,4.209
2026-04-29T14:41:34.566036,71.76,0.1257,73.78,0.1336,1000.0,0.0,4.199,89.5,99,0,60.0,2026-04-29T14:42:34.565634,4.209
2026-04-29T14:41:34.799311,71.8,0.1215,73.79,0.1316,1000.0,0.0,4.199,89.5,99,0,60.0,2026-04-29T14:42:34.798753,4.209
2026-04-29T14:41:35.054848,71.8,0.1215,73.81,0.1301,1000.0,0.0,4.199,89.5,99,0,60.0,2026-04-29T14:42:35.042108,4.209
2026-04-29T14:41:35.290057,71.84,0.1215,73.82,0.1291,1000.0,0.0,4.199,89.5,99,0,60.0,2026-04-29T14:42:35.289207,4.209
2026-04-29T14:41:35.447033,71.84,0.1215,73.84,0.1285,1000.0,0.0,4.199,89.5,99,0,60.0,2026-04-29T14:42:35.446476,4.209
2026-04-29T14:41:35.578854,71.84,0.1215,73.85,0.1282,1000.0,0.0,4.199,89.5,99,0,60.0,2026-04-29T14:42:35.578083,4.209
2026-04-29T14:41:35.765086,71.9,0.1166,73.87,0.1275,1000.0,0.0,4.199,89.5,99,0,60.0,2026-04-29T14:42:35.764464,4.209
2026-04-29T14:41:36.060974,71.9,0.1249,73.89,0.1286,1000.0,0.0,4.199,89.5,99,0,60.0,2026-04-29T14:42:36.060529,4.209
2026-04-29T14:41:36.216400,71.9,0.1249,73.91,0.1296,1000.0,0.0,4.199,89.5,99,0,60.0,2026-04-29T14:42:36.215173,4.209
2026-04-29T14:41:36.376466,71.92,0.1273,73.92,0.1297,1000.0,0.0,4.199,89.5,99,0,60.0,2026-04-29T14:42:36.376048,4.209
2026-04-29T14:41:37.090815,71.92,0.1282,73.94,0.1321,1000.0,0.0,4.199,89.5,99,0,60.0,2026-04-29T14:42:37.074510,4.209
2026-04-29T14:41:37.457924,71.92,0.1282,73.95,0.1333,1000.0,0.0,4.199,89.5,99,0,60.0,2026-04-29T14:42:37.456938,4.209
2026-04-29T14:41:37.633276,71.96,0.1291,73.97,0.1339,1000.0,0.0,4.199,89.5,99,0,60.0,2026-04-29T14:42:37.632682,4.209
2026-04-29T14:41:37.932190,71.96,0.1291,73.98,0.1345,1000.0,0.0,4.199,89.5,99,0,60.0,2026-04-29T14:42:37.931768,4.209
2026-04-29T14:41:38.074443,71.96,0.1291,73.98,0.1349,1000.0,0.0,4.199,89.5,99,0,60.0,2026-04-29T14:42:38.074042,4.209
2026-04-29T14:41:38.262801,72.0,0.1264,74.0,0.1341,1000.0,0.0,4.199,89.5,99,0,60.0,2026-04-29T14:42:38.262328,4.209
2026-04-29T14:41:38.387830,72.0,0.1264,74.01,0.1336,1000.0,0.0,4.199,89.5,99,0,60.0,2026-04-29T14:42:38.384419,4.209
2026-04-29T14:41:38.573581,72.03,0.1264,74.02,0.1332,1000.0,0.0,4.199,89.5,99,0,60.0,2026-04-29T14:42:38.573166,4.209
2026-04-29T14:41:38.821260,72.03,0.1264,74.04,0.1325,1000.0,0.0,4.199,89.5,99,0,60.0,2026-04-29T14:42:38.808306,4.209
2026-04-29T14:41:39.149051,72.03,0.1264,74.05,0.1326,1000.0,0.0,4.199,89.5,99,0,60.0,2026-04-29T14:42:39.148359,4.209
2026-04-29T14:41:39.434068,72.05,0.1264,74.06,0.1326,1000.0,0.0,4.199,89.5,99,0,60.0,2026-04-29T14:42:39.433450,4.209
2026-04-29T14:41:39.622856,72.05,0.13,74.07,0.134,1000.0,0.0,4.199,89.5,99,0,60.0,2026-04-29T14:42:39.622380,4.209
2026-04-29T14:41:40.452256,72.05,0.13,74.09,0.1351,1000.0,0.0,4.199,89.5,99,0,60.0,2026-04-29T14:42:40.451349,4.209
2026-04-29T14:41:40.722987,72.08,0.1291,74.1,0.1356,1000.0,0.0,4.199,89.5,99,0,60.0,2026-04-29T14:42:40.722427,4.209
2026-04-29T14:41:41.280581,72.08,0.13,74.11,0.136,1000.0,0.0,4.199,89.5,99,0,60.0,2026-04-29T14:42:41.261686,4.209
2026-04-29T14:41:41.545374,72.08,0.13,74.12,0.1362,1000.0,0.0,4.199,89.5,99,0,60.0,2026-04-29T14:42:41.544324,4.209
2026-04-29T14:41:41.762353,72.13,0.1316,74.13,0.1362,1000.0,0.0,4.199,89.4,99,0,60.0,2026-04-29T14:42:41.757080,4.209
2026-04-29T14:41:41.998355,72.13,0.1316,74.14,0.1369,1000.0,0.0,4.199,89.4,99,0,60.0,2026-04-29T14:42:41.997949,4.209
2026-04-29T14:41:42.163595,72.13,0.1316,74.15,0.1373,1000.0,0.0,4.199,89.4,99,0,60.0,2026-04-29T14:42:42.163242,4.209
2026-04-29T14:41:42.294291,72.18,0.1323,74.17,0.1376,1000.0,0.0,4.199,89.4,99,0,60.0,2026-04-29T14:42:42.293820,4.209
2026-04-29T14:41:42.437874,72.18,0.1323,74.18,0.1379,1000.0,0.0,4.199,89.4,99,0,60.0,2026-04-29T14:42:42.437295,4.209
2026-04-29T14:41:43.040017,72.21,0.1323,74.19,0.1381,1000.0,0.0,4.199,89.4,99,0,60.0,2026-04-29T14:42:43.022180,4.209
2026-04-29T14:41:44.239117,72.21,0.135,74.22,0.1393,1000.0,0.0,4.199,89.4,99,0,60.0,2026-04-29T14:42:44.238184,4.209
2026-04-29T14:41:47.270719,72.21,0.135,74.26,0.141,1000.0,0.0,4.199,89.4,99,0,60.0,2026-04-29T14:42:47.251528,4.209
2026-04-29T14:41:48.678698,72.26,0.1325,74.28,0.1407,1000.0,0.0,4.199,89.4,99,0,60.0,2026-04-29T14:42:48.669321,4.209
2026-04-29T14:41:49.615582,72.26,0.1325,74.3,0.1394,1000.0,0.0,4.199,89.4,99,0,60.0,2026-04-29T14:42:49.526681,4.209
2026-04-29T14:41:50.516288,72.26,0.1325,74.3,0.1389,1000.0,0.0,4.199,89.4,99,0,60.0,2026-04-29T14:42:50.498512,4.209
2026-04-29T14:41:51.478219,72.31,0.1291,74.33,0.1377,1000.0,0.0,4.199,89.4,99,0,60.0,2026-04-29T14:42:51.467078,4.209
2026-04-29T14:41:52.772378,72.31,0.1291,74.35,0.1362,1000.0,0.0,4.199,89.4,99,0,60.0,2026-04-29T14:42:52.751068,4.209
2026-04-29T14:41:53.237125,72.31,0.1291,74.35,0.1357,1000.0,0.0,4.199,89.4,99,0,60.0,2026-04-29T14:42:53.230160,4.209
2026-04-29T14:41:53.995611,72.38,0.1256,74.38,0.1336,1000.0,0.0,4.199,89.4,99,0,60.0,2026-04-29T14:42:53.994758,4.209
2026-04-29T14:41:54.542391,72.38,0.1256,74.4,0.1326,1000.0,0.0,4.199,89.4,99,0,60.0,2026-04-29T14:42:54.466596,4.209
2026-04-29T14:41:55.289139,72.38,0.1256,74.42,0.1321,1000.0,0.0,4.199,89.4,99,0,60.0,2026-04-29T14:42:55.276068,4.209
2026-04-29T14:41:58.195962,72.44,0.1233,74.45,0.1304,1000.0,0.0,4.199,89.4,98,0,60.0,2026-04-29T14:42:58.195248,4.209
2026-04-29T14:41:58.830903,72.44,0.1233,74.48,0.1297,1000.0,0.0,4.199,89.4,98,0,60.0,2026-04-29T14:42:58.829961,4.209
2026-04-29T14:41:59.865240,72.49,0.1233,74.49,0.1296,1000.0,0.0,4.199,89.4,98,0,60.0,2026-04-29T14:42:59.864726,4.209
2026-04-29T14:42:00.237449,72.49,0.1273,74.52,0.1312,1000.0,0.0,4.199,89.4,99,0,60.0,2026-04-29T14:43:00.236574,4.209
2026-04-29T14:42:00.365113,72.49,0.1273,74.52,0.1323,1000.0,0.0,4.199,89.4,99,0,60.0,2026-04-29T14:43:00.364677,4.209
2026-04-29T14:42:00.587806,72.54,0.1233,74.53,0.1325,1000.0,0.0,4.199,89.4,99,0,60.0,2026-04-29T14:43:00.582594,4.209
2026-04-29T14:42:00.759999,72.54,0.1273,74.55,0.1329,1000.0,0.0,4.199,89.4,99,0,60.0,2026-04-29T14:43:00.759389,4.209
2026-04-29T14:42:01.156388,72.54,0.1273,74.56,0.1332,1000.0,0.0,4.199,89.4,99,0,60.0,2026-04-29T14:43:01.155755,4.209
2026-04-29T14:42:01.526240,72.6,0.1264,74.59,0.1332,1000.0,0.0,4.199,89.3,98,0,60.0,2026-04-29T14:43:01.525686,4.209
2026-04-29T14:42:01.672910,72.6,0.1264,74.6,0.133,1000.0,0.0,4.199,89.3,98,0,60.0,2026-04-29T14:43:01.672385,4.209
2026-04-29T14:42:01.841191,72.6,0.1264,74.61,0.1328,1000.0,0.0,4.199,89.3,98,0,60.0,2026-04-29T14:43:01.840663,4.209
2026-04-29T14:42:02.037021,72.65,0.1282,74.63,0.1329,1000.0,0.0,4.199,89.3,98,0,60.0,2026-04-29T14:43:02.036485,4.209
2026-04-29T14:42:02.385587,72.65,0.1282,74.65,0.1336,1000.0,0.0,4.199,89.3,98,0,60.0,2026-04-29T14:43:02.367056,4.209
2026-04-29T14:42:02.556710,72.65,0.1282,74.66,0.1341,1000.0,0.0,4.199,89.3,98,0,60.0,2026-04-29T14:43:02.556193,4.209
2026-04-29T14:42:02.707257,72.71,0.1282,74.69,0.1341,1000.0,0.0,4.199,89.3,98,0,60.0,2026-04-29T14:43:02.706750,4.209
2026-04-29T14:42:02.834692,72.71,0.1282,74.71,0.1343,1000.0,0.0,4.199,89.3,98,0,60.0,2026-04-29T14:43:02.832871,4.209
2026-04-29T14:42:02.957174,72.77,0.1282,74.72,0.1344,1000.0,0.0,4.199,89.3,98,0,60.0,2026-04-29T14:43:02.956719,4.209
2026-04-29T14:42:03.327830,72.77,0.1323,74.75,0.1352,1000.0,0.0,4.199,89.3,98,0,60.0,2026-04-29T14:43:03.327330,4.209
2026-04-29T14:42:03.470007,72.77,0.1323,74.77,0.1367,1000.0,0.0,4.199,89.3,98,0,60.0,2026-04-29T14:43:03.469559,4.209
2026-04-29T14:42:03.824363,72.83,0.1256,74.79,0.1368,1000.0,0.0,4.199,89.3,98,0,60.0,2026-04-29T14:43:03.823244,4.209
2026-04-29T14:42:04.046228,72.83,0.13,74.83,0.1363,1000.0,0.0,4.199,89.3,98,0,60.0,2026-04-29T14:43:04.045444,4.209
2026-04-29T14:42:04.180925,72.83,0.13,74.84,0.1363,1000.0,0.0,4.199,89.3,98,0,60.0,2026-04-29T14:43:04.180383,4.209
2026-04-29T14:42:04.358688,72.89,0.1249,74.86,0.1356,1000.0,0.0,4.199,89.3,98,0,60.0,2026-04-29T14:43:04.358156,4.209
2026-04-29T14:42:04.475426,72.89,0.1249,74.88,0.134,1000.0,0.0,4.199,89.3,98,0,60.0,2026-04-29T14:43:04.475031,4.209
2026-04-29T14:42:04.628834,72.89,0.1249,74.89,0.1331,1000.0,0.0,4.199,89.3,98,0,60.0,2026-04-29T14:43:04.628270,4.209
2026-04-29T14:42:04.805018,72.95,0.1249,74.92,0.1306,1000.0,0.0,4.199,89.3,98,0,60.0,2026-04-29T14:43:04.802925,4.209
2026-04-29T14:42:05.904282,72.95,0.1249,74.96,0.131,1000.0,0.0,4.199,89.3,98,0,60.0,2026-04-29T14:43:05.903526,4.209
2026-04-29T14:42:06.071973,72.95,0.1249,74.98,0.1311,1000.0,0.0,4.199,89.3,98,0,60.0,2026-04-29T14:43:06.071496,4.209
2026-04-29T14:42:06.226540,73.0,0.1332,75.0,0.1322,1000.0,0.0,4.199,89.3,98,0,60.0,2026-04-29T14:43:06.226017,4.209
2026-04-29T14:42:06.382835,73.0,0.1332,75.01,0.1351,1000.0,0.0,4.199,89.3,98,0,60.0,2026-04-29T14:43:06.382113,4.209
2026-04-29T14:42:06.571771,73.06,0.1332,75.02,0.1367,1000.0,0.0,4.199,89.2,98,0,60.0,2026-04-29T14:43:06.571457,4.209
2026-04-29T14:42:06.696516,73.06,0.1332,75.05,0.1378,1000.0,0.0,4.199,89.2,98,0,60.0,2026-04-29T14:43:06.696071,4.209
2026-04-29T14:42:06.883544,73.06,0.1332,75.06,0.1384,1000.0,0.0,4.199,89.2,98,0,60.0,2026-04-29T14:43:06.868150,4.209
2026-04-29T14:42:07.160332,73.08,0.1256,75.08,0.1381,1000.0,0.0,4.199,89.2,98,0,60.0,2026-04-29T14:43:07.156276,4.209
2026-04-29T14:42:07.296260,73.08,0.1325,75.09,0.1379,1000.0,0.0,4.199,89.2,98,0,60.0,2026-04-29T14:43:07.295868,4.209
2026-04-29T14:42:07.664038,73.08,0.1325,75.1,0.1383,1000.0,0.0,4.199,89.2,98,0,60.0,2026-04-29T14:43:07.663462,4.209
2026-04-29T14:42:07.822757,73.12,0.1325,75.11,0.1379,1000.0,0.0,4.199,89.2,98,0,60.0,2026-04-29T14:43:07.822454,4.209
2026-04-29T14:42:07.961147,73.12,0.1325,75.12,0.1382,1000.0,0.0,4.199,89.2,98,0,60.0,2026-04-29T14:43:07.960643,4.209
2026-04-29T14:42:08.077474,73.12,0.1325,75.13,0.1384,1000.0,0.0,4.199,89.2,98,0,60.0,2026-04-29T14:43:08.077077,4.209
2026-04-29T14:42:08.201265,73.15,0.1282,75.14,0.1374,1000.0,0.0,4.199,89.2,98,0,60.0,2026-04-29T14:43:08.199309,4.209
2026-04-29T14:42:08.309934,73.15,0.1282,75.15,0.1365,1000.0,0.0,4.199,89.2,98,0,60.0,2026-04-29T14:43:08.309562,4.209
2026-04-29T14:42:08.415411,73.15,0.1282,75.16,0.1359,1000.0,0.0,4.199,89.2,98,0,60.0,2026-04-29T14:43:08.415032,4.209
2026-04-29T14:42:08.531572,73.18,0.1325,75.17,0.1359,1000.0,0.0,4.199,89.2,98,0,60.0,2026-04-29T14:43:08.531318,4.209
2026-04-29T14:42:08.853120,73.18,0.1325,75.19,0.137,1000.0,0.0,4.199,89.2,98,0,60.0,2026-04-29T14:43:08.852609,4.209
2026-04-29T14:42:09.225673,73.22,0.1325,75.2,0.1378,1000.0,0.0,4.199,89.2,98,0,60.0,2026-04-29T14:43:09.225317,4.209
2026-04-29T14:42:09.467969,73.22,0.1325,75.23,0.1382,1000.0,0.0,4.199,89.2,98,0,60.0,2026-04-29T14:43:09.467603,4.209
2026-04-29T14:42:09.587450,73.22,0.1325,75.23,0.1385,1000.0,0.0,4.199,89.2,98,0,60.0,2026-04-29T14:43:09.586949,4.209
2026-04-29T14:42:09.732817,73.25,0.1282,75.23,0.1383,1000.0,0.0,4.199,89.2,98,0,60.0,2026-04-29T14:43:09.732248,4.209
2026-04-29T14:42:09.904524,73.25,0.135,75.25,0.1389,1000.0,0.0,4.199,89.2,98,0,60.0,2026-04-29T14:43:09.904145,4.209
2026-04-29T14:42:10.072772,73.25,0.135,75.26,0.1398,1000.0,0.0,4.199,89.2,98,0,60.0,2026-04-29T14:43:10.072453,4.209
2026-04-29T14:42:10.455341,73.3,0.1375,75.28,0.1401,1000.0,0.0,4.199,89.2,98,0,60.0,2026-04-29T14:43:10.454965,4.209
2026-04-29T14:42:10.597947,73.3,0.1375,75.3,0.1418,1000.0,0.0,4.199,89.2,98,0,60.0,2026-04-29T14:43:10.597495,4.21
2026-04-29T14:42:10.729871,73.3,0.1375,75.3,0.1426,1000.0,0.0,4.199,89.2,98,0,60.0,2026-04-29T14:43:10.729417,4.21
2026-04-29T14:42:11.050047,73.36,0.1401,75.33,0.1424,1000.0,0.0,4.199,89.2,98,0,60.0,2026-04-29T14:43:11.034225,4.21
2026-04-29T14:42:11.339641,73.36,0.1401,75.36,0.1443,1000.0,0.0,4.199,89.2,98,0,60.0,2026-04-29T14:43:11.339243,4.21
2026-04-29T14:42:11.541903,73.36,0.1401,75.37,0.1453,1000.0,0.0,4.199,89.2,98,0,60.0,2026-04-29T14:43:11.541390,4.21
2026-04-29T14:42:11.707995,73.4,0.1401,75.39,0.1447,1000.0,0.0,4.199,89.2,98,0,60.0,2026-04-29T14:43:11.707726,4.21
2026-04-29T14:42:12.050249,73.4,0.1401,75.4,0.1454,1000.0,0.0,4.199,89.2,98,0,60.0,2026-04-29T14:43:12.049910,4.21
2026-04-29T14:42:12.160296,73.46,0.1401,75.42,0.1459,1000.0,0.0,4.199,89.2,98,0,60.0,2026-04-29T14:43:12.160002,4.21
2026-04-29T14:42:12.273936,73.46,0.1342,75.44,0.144,1000.0,0.0,4.199,89.1,98,0,60.0,2026-04-29T14:43:12.273549,4.21
2026-04-29T14:42:12.416006,73.46,0.1342,75.45,0.1428,1000.0,0.0,4.199,89.1,98,0,60.0,2026-04-29T14:43:12.415677,4.21
2026-04-29T14:42:12.570362,73.53,0.1341,75.47,0.1421,1000.0,0.0,4.199,89.1,98,0,60.0,2026-04-29T14:43:12.569983,4.21
2026-04-29T14:42:12.704306,73.53,0.1401,75.5,0.1432,1000.0,0.0,4.199,89.1,98,0,60.0,2026-04-29T14:43:12.704001,4.21
2026-04-29T14:42:12.857536,73.53,0.1401,75.51,0.1444,1000.0,0.0,4.199,89.1,98,0,60.0,2026-04-29T14:43:12.857140,4.21
2026-04-29T14:42:13.146718,73.61,0.1401,75.54,0.1447,1000.0,0.0,4.199,89.1,98,0,60.0,2026-04-29T14:43:13.139385,4.21
2026-04-29T14:42:13.519337,73.61,0.1401,75.58,0.1455,1000.0,0.0,4.199,89.1,98,0,60.0,2026-04-29T14:43:13.519008,4.21
2026-04-29T14:42:13.704326,73.61,0.1401,75.6,0.146,1000.0,0.0,4.199,89.1,98,0,60.0,2026-04-29T14:43:13.703982,4.21
2026-04-29T14:42:13.981173,73.64,0.1314,75.62,0.1438,1000.0,0.0,4.199,89.1,98,0,60.0,2026-04-29T14:43:13.980893,4.21
2026-04-29T14:42:14.115044,73.64,0.1314,75.64,0.1413,1000.0,0.0,4.199,89.1,98,0,60.0,2026-04-29T14:43:14.114714,4.21
2026-04-29T14:42:14.363993,73.64,0.1314,75.64,0.14,1000.0,0.0,4.199,89.1,98,0,60.0,2026-04-29T14:43:14.363257,4.21
2026-04-29T14:42:14.483236,73.68,0.1401,75.67,0.1403,1000.0,0.0,4.199,89.1,98,0,60.0,2026-04-29T14:43:14.482725,4.21
2026-04-29T14:42:14.609936,73.68,0.1401,75.68,0.1425,1000.0,0.0,4.199,89.1,98,0,60.0,2026-04-29T14:43:14.609302,4.21
2026-04-29T14:42:14.786571,73.72,0.1401,75.69,0.1439,1000.0,0.0,4.199,89.1,98,0,60.0,2026-04-29T14:43:14.785211,4.21
2026-04-29T14:42:15.239957,73.72,0.1434,75.71,0.1455,1000.0,0.0,4.199,89.1,98,0,60.0,2026-04-29T14:43:15.238037,4.21
2026-04-29T14:42:15.394705,73.72,0.1434,75.73,0.1475,1000.0,0.0,4.199,89.1,98,0,60.0,2026-04-29T14:43:15.390811,4.21
2026-04-29T14:42:15.604724,73.77,0.1359,75.74,0.1478,1000.0,0.0,4.199,89.1,98,0,60.0,2026-04-29T14:43:15.604212,4.21
2026-04-29T14:42:15.781480,73.77,0.1409,75.76,0.1473,1000.0,0.0,4.199,89.1,98,0,60.0,2026-04-29T14:43:15.781043,4.21
2026-04-29T14:42:15.886463,73.77,0.1409,75.77,0.1473,1000.0,0.0,4.199,89.1,98,0,60.0,2026-04-29T14:43:15.886089,4.21
2026-04-29T14:42:15.993271,73.81,0.1409,75.78,0.147,1000.0,0.0,4.199,89.1,98,0,60.0,2026-04-29T14:43:15.992973,4.21
2026-04-29T14:42:16.239767,73.81,0.1436,75.8,0.1479,1000.0,0.0,4.199,89.1,98,0,60.0,2026-04-29T14:43:16.239387,4.21
2026-04-29T14:42:16.342370,73.81,0.1436,75.81,0.1487,1000.0,0.0,4.199,89.1,98,0,60.0,2026-04-29T14:43:16.341933,4.21
2026-04-29T14:42:16.443717,73.83,0.1443,75.82,0.1492,1000.0,0.0,4.199,89.1,98,0,60.0,2026-04-29T14:43:16.443387,4.21
2026-04-29T14:42:16.536936,73.83,0.1443,75.83,0.1497,1000.0,0.0,4.199,89.1,98,0,60.0,2026-04-29T14:43:16.536626,4.21
2026-04-29T14:42:16.645956,73.83,0.1443,75.84,0.15,1000.0,0.0,4.199,89.1,98,0,60.0,2026-04-29T14:43:16.645526,4.21
2026-04-29T14:42:16.975692,73.88,0.1314,75.86,0.1468,1000.0,0.0,4.199,89.1,98,0,60.0,2026-04-29T14:43:16.969011,4.21
2026-04-29T14:42:17.222839,73.88,0.1314,75.88,0.1429,1000.0,0.0,4.199,89.1,98,0,60.0,2026-04-29T14:43:17.222345,4.21
2026-04-29T14:42:17.323038,73.94,0.1314,75.89,0.1409,1000.0,0.0,4.199,89.0,98,0,60.0,2026-04-29T14:43:17.322577,4.21
2026-04-29T14:42:17.430965,73.94,0.1314,75.91,0.1396,1000.0,0.0,4.199,89.0,98,0,60.0,2026-04-29T14:43:17.430538,4.21
2026-04-29T14:42:17.535550,73.94,0.1314,75.93,0.139,1000.0,0.0,4.199,89.0,98,0,60.0,2026-04-29T14:43:17.535307,4.21
2026-04-29T14:42:17.677040,73.99,0.1314,75.95,0.1386,1000.0,0.0,4.199,89.0,98,0,60.0,2026-04-29T14:43:17.676800,4.21
2026-04-29T14:42:17.775765,73.99,0.1386,75.96,0.1404,1000.0,0.0,4.199,89.0,98,0,60.0,2026-04-29T14:43:17.775525,4.21
2026-04-29T14:42:17.875489,73.99,0.1386,75.98,0.1418,1000.0,0.0,4.199,89.0,98,0,60.0,2026-04-29T14:43:17.875206,4.21
2026-04-29T14:42:17.984319,74.02,0.1342,75.99,0.1422,1000.0,0.0,4.199,89.0,98,0,60.0,2026-04-29T14:43:17.984021,4.21
2026-04-29T14:42:18.145035,74.02,0.1342,76.0,0.1417,1000.0,0.0,4.199,89.0,98,0,60.0,2026-04-29T14:43:18.144763,4.21
2026-04-29T14:42:18.245882,74.02,0.1342,76.01,0.1413,1000.0,0.0,4.199,89.0,98,0,60.0,2026-04-29T14:43:18.245629,4.21
2026-04-29T14:42:19.014453,74.06,0.1392,76.05,0.1411,1000.0,0.0,4.199,89.0,98,0,60.0,2026-04-29T14:43:19.014237,4.21
2026-04-29T14:42:19.080928,74.06,0.1392,76.06,0.1429,1000.0,0.0,4.199,89.0,98,0,60.0,2026-04-29T14:43:19.080745,4.21
2026-04-29T14:42:20.024016,74.06,0.1392,76.09,0.1442,1000.0,0.0,4.199,89.0,98,0,60.0,2026-04-29T14:43:20.023862,4.21
2026-04-29T14:42:20.073721,74.1,0.1392,76.1,0.1441,1000.0,0.0,4.199,89.0,98,0,60.0,2026-04-29T14:43:20.073568,4.21
2026-04-29T14:42:20.124080,74.1,0.1392,76.1,0.1447,1000.0,0.0,4.199,89.0,98,0,60.0,2026-04-29T14:43:20.123953,4.21
2026-04-29T14:42:21.081682,74.14,0.1392,76.13,0.1452,1000.0,0.0,4.199,89.0,98,0,60.0,2026-04-29T14:43:21.081506,4.21
2026-04-29T14:42:21.127146,74.14,0.1384,76.14,0.145,1000.0,0.0,4.199,89.0,98,0,60.0,2026-04-29T14:43:21.127001,4.21
2026-04-29T14:42:21.170705,74.14,0.1384,76.15,0.1449,1000.0,0.0,4.199,89.0,98,0,60.0,2026-04-29T14:43:21.170472,4.21
2026-04-29T14:42:22.129485,74.19,0.1309,76.18,0.1437,1000.0,0.0,4.199,89.0,98,0,60.0,2026-04-29T14:43:22.129324,4.21
2026-04-29T14:42:22.167362,74.19,0.1375,76.19,0.1432,1000.0,0.0,4.199,89.0,98,0,60.0,2026-04-29T14:43:22.167240,4.21
2026-04-29T14:42:22.202128,74.19,0.1375,76.19,0.1435,1000.0,0.0,4.199,89.0,98,0,60.0,2026-04-29T14:43:22.202030,4.21
2026-04-29T14:42:23.189045,74.22,0.1375,76.23,0.1429,1000.0,0.0,4.199,89.0,97,0,60.0,2026-04-29T14:43:23.188881,4.21
2026-04-29T14:42:23.226425,74.22,0.1485,76.23,0.1481,1000.0,0.0,4.199,89.0,97,0,60.0,2026-04-29T14:43:23.226292,4.21
2026-04-29T14:42:23.261091,74.22,0.1485,76.23,0.1503,1000.0,0.0,4.199,89.0,97,0,60.0,2026-04-29T14:43:23.260993,4.21
2026-04-29T14:42:24.248837,74.26,0.1485,76.26,0.1532,1000.0,0.0,4.199,89.0,97,0,60.0,2026-04-29T14:43:24.248681,4.21
2026-04-29T14:42:24.285650,74.26,0.1485,76.27,0.1539,1000.0,0.0,4.199,89.0,97,0,60.0,2026-04-29T14:43:24.285527,4.21
2026-04-29T14:42:25.263875,74.26,0.1485,76.29,0.1545,1000.0,0.0,4.199,89.0,98,0,60.0,2026-04-29T14:43:25.263713,4.21
2026-04-29T14:42:25.304893,74.31,0.1467,76.31,0.1539,1000.0,0.0,4.199,89.0,98,0,60.0,2026-04-29T14:43:25.304773,4.21
2026-04-29T14:42:25.338688,74.31,0.1467,76.32,0.1536,1000.0,0.0,4.199,89.0,98,0,60.0,2026-04-29T14:43:25.338585,4.21
2026-04-29T14:42:26.327872,74.33,0.1467,76.34,0.1535,1000.0,0.0,4.199,89.0,98,0,60.0,2026-04-29T14:43:26.327707,4.21
2026-04-29T14:42:26.369266,74.33,0.146,76.34,0.153,1000.0,0.0,4.199,89.0,98,0,60.0,2026-04-29T14:43:26.369118,4.21
2026-04-29T14:42:26.403452,74.33,0.146,76.34,0.1528,1000.0,0.0,4.199,89.0,98,0,60.0,2026-04-29T14:43:26.403349,4.21
2026-04-29T14:42:27.383398,74.36,0.1332,76.37,0.1506,1000.0,0.0,4.199,88.9,98,0,60.0,2026-04-29T14:43:27.383213,4.21
2026-04-29T14:42:27.422969,74.36,0.1426,76.37,0.1491,1000.0,0.0,4.199,88.9,98,0,60.0,2026-04-29T14:43:27.422861,4.21
2026-04-29T14:42:27.456325,74.36,0.1426,76.37,0.1491,1000.0,0.0,4.199,88.9,98,0,60.0,2026-04-29T14:43:27.456243,4.21
2026-04-29T14:42:28.428116,74.4,0.1426,76.41,0.1478,1000.0,0.0,4.199,88.9,98,0,60.0,2026-04-29T14:43:28.427951,4.21
2026-04-29T14:42:28.464938,74.4,0.1467,76.41,0.1501,1000.0,0.0,4.199,88.9,98,0,60.0,2026-04-29T14:43:28.464818,4.21
2026-04-29T14:42:28.498991,74.4,0.1467,76.41,0.1511,1000.0,0.0,4.199,88.9,98,0,60.0,2026-04-29T14:43:28.498881,4.21
2026-04-29T14:42:29.475252,74.46,0.1485,76.45,0.1526,1000.0,0.0,4.199,88.9,98,0,60.0,2026-04-29T14:43:29.475093,4.21
2026-04-29T14:42:29.510140,74.46,0.1485,76.46,0.1536,1000.0,0.0,4.199,88.9,98,0,60.0,2026-04-29T14:43:29.510036,4.21
2026-04-29T14:42:30.511345,74.46,0.1485,76.49,0.1543,1000.0,0.0,4.199,88.9,98,0,60.0,2026-04-29T14:43:30.511156,4.21
2026-04-29T14:42:30.555492,74.5,0.1485,76.5,0.1544,1000.0,0.0,4.199,88.9,98,0,60.0,2026-04-29T14:43:30.554648,4.21
2026-04-29T14:42:30.591971,74.5,0.1485,76.5,0.1546,1000.0,0.0,4.199,88.9,98,0,60.0,2026-04-29T14:43:30.591855,4.21
2026-04-29T14:42:31.565082,74.52,0.1485,76.53,0.1549,1000.0,0.0,4.199,88.9,98,0,60.0,2026-04-29T14:43:31.564922,4.21
2026-04-29T14:42:31.607099,74.52,0.1477,76.53,0.1545,1000.0,0.0,4.199,88.9,98,0,60.0,2026-04-29T14:43:31.606960,4.21
2026-04-29T14:42:31.641240,74.52,0.1477,76.53,0.1544,1000.0,0.0,4.199,88.9,98,0,60.0,2026-04-29T14:43:31.641139,4.21
2026-04-29T14:42:32.609566,74.54,0.1444,76.55,0.1538,1000.0,0.0,4.199,88.9,98,0,60.0,2026-04-29T14:43:32.609410,4.21
2026-04-29T14:42:32.647766,74.54,0.146,76.55,0.1531,1000.0,0.0,4.199,88.9,98,0,60.0,2026-04-29T14:43:32.647606,4.21
2026-04-29T14:42:32.724637,74.54,0.146,76.55,0.1529,1000.0,0.0,4.199,88.9,98,0,60.0,2026-04-29T14:43:32.705687,4.21
2026-04-29T14:42:33.670290,74.56,0.146,76.57,0.1525,1000.0,0.0,4.199,88.9,98,0,60.0,2026-04-29T14:43:33.670131,4.21
2026-04-29T14:42:33.707414,74.56,0.1526,76.57,0.1553,1000.0,0.0,4.199,88.9,98,0,60.0,2026-04-29T14:43:33.707305,4.21
2026-04-29T14:42:33.740968,74.56,0.1526,76.57,0.1566,1000.0,0.0,4.199,88.9,98,0,60.0,2026-04-29T14:43:33.740879,4.21
2026-04-29T14:42:34.752247,74.61,0.1453,76.61,0.1561,1000.0,0.0,4.199,88.9,98,0,60.0,2026-04-29T14:43:34.747349,4.21
2026-04-29T14:42:34.788693,74.61,0.1453,76.61,0.1543,1000.0,0.0,4.199,88.9,98,0,60.0,2026-04-29T14:43:34.788574,4.21
2026-04-29T14:42:35.750951,74.61,0.1453,76.64,0.1533,1000.0,0.0,4.199,88.9,98,0,60.0,2026-04-29T14:43:35.750779,4.21
2026-04-29T14:42:35.793493,74.62,0.1434,76.64,0.1512,1000.0,0.0,4.199,88.9,98,0,60.0,2026-04-29T14:43:35.793350,4.21
2026-04-29T14:42:35.827257,74.62,0.1434,76.63,0.1507,1000.0,0.0,4.199,88.9,98,0,60.0,2026-04-29T14:43:35.827167,4.21
2026-04-29T14:42:36.778736,74.65,0.1434,76.66,0.1504,1000.0,0.0,4.199,88.9,97,0,60.0,2026-04-29T14:43:36.778582,4.21
2026-04-29T14:42:36.815538,74.65,0.1436,76.66,0.1494,1000.0,0.0,4.199,88.9,97,0,60.0,2026-04-29T14:43:36.815203,4.21
2026-04-29T14:42:36.855026,74.65,0.1436,76.66,0.1496,1000.0,0.0,4.199,88.9,97,0,60.0,2026-04-29T14:43:36.854867,4.21
2026-04-29T14:42:37.860322,74.67,0.1436,76.69,0.1499,1000.0,0.0,4.199,88.9,97,0,60.0,2026-04-29T14:43:37.860154,4.21
2026-04-29T14:42:37.900261,74.67,0.1341,76.68,0.1443,1000.0,0.0,4.199,88.9,97,0,60.0,2026-04-29T14:43:37.900135,4.21
2026-04-29T14:42:37.933943,74.67,0.1341,76.68,0.143,1000.0,0.0,4.199,88.9,97,0,60.0,2026-04-29T14:43:37.933841,4.21
2026-04-29T14:42:38.903432,74.69,0.1198,76.71,0.1377,1000.0,0.0,4.199,88.9,97,0,60.0,2026-04-29T14:43:38.903267,4.21
2026-04-29T14:42:38.941103,74.69,0.1341,76.7,0.139,1000.0,0.0,4.199,88.9,97,0,60.0,2026-04-29T14:43:38.940979,4.21
2026-04-29T14:42:38.975268,74.69,0.1341,76.7,0.1395,1000.0,0.0,4.199,88.9,97,0,60.0,2026-04-29T14:43:38.975171,4.21
2026-04-29T14:42:39.942676,74.71,0.1377,76.73,0.1404,1000.0,0.0,4.199,88.9,97,0,60.0,2026-04-29T14:43:39.942550,4.21
2026-04-29T14:42:39.976793,74.71,0.1377,76.72,0.1419,1000.0,0.0,4.199,88.9,97,0,60.0,2026-04-29T14:43:39.976682,4.21
2026-04-29T14:42:40.966963,74.71,0.1377,76.75,0.143,1000.0,0.0,4.199,88.9,97,0,60.0,2026-04-29T14:43:40.966743,4.21
2026-04-29T14:42:41.005573,74.75,0.1377,76.76,0.1425,1000.0,0.0,4.199,88.9,97,0,60.0,2026-04-29T14:43:41.005458,4.21
2026-04-29T14:42:41.039434,74.75,0.1377,76.76,0.1431,1000.0,0.0,4.199,88.9,97,0,60.0,2026-04-29T14:43:41.039329,4.21
2026-04-29T14:42:42.023264,74.77,0.1377,76.79,0.1437,1000.0,0.0,4.199,88.9,97,0,60.0,2026-04-29T14:43:42.023107,4.21
2026-04-29T14:42:42.058994,74.77,0.1468,76.79,0.1476,1000.0,0.0,4.199,88.9,97,0,60.0,2026-04-29T14:43:42.058864,4.21
2026-04-29T14:42:42.093716,74.77,0.1468,76.79,0.1496,1000.0,0.0,4.199,88.9,97,0,60.0,2026-04-29T14:43:42.093582,4.21
2026-04-29T14:42:43.090520,74.82,0.1467,76.82,0.1517,1000.0,0.0,4.199,88.8,98,0,60.0,2026-04-29T14:43:43.090380,4.21
2026-04-29T14:42:43.130601,74.82,0.1512,76.83,0.1539,1000.0,0.0,4.199,88.8,98,0,60.0,2026-04-29T14:43:43.130466,4.21
2026-04-29T14:42:43.167478,74.82,0.1512,76.83,0.1553,1000.0,0.0,4.199,88.8,98,0,60.0,2026-04-29T14:43:43.167369,4.21
2026-04-29T14:42:44.152158,74.87,0.1443,76.87,0.1548,1000.0,0.0,4.199,88.8,98,0,60.0,2026-04-29T14:43:44.151991,4.21
2026-04-29T14:42:44.190963,74.87,0.1444,76.88,0.1532,1000.0,0.0,4.199,88.8,98,0,60.0,2026-04-29T14:43:44.190845,4.21
2026-04-29T14:42:44.225095,74.87,0.1444,76.88,0.1525,1000.0,0.0,4.199,88.8,98,0,60.0,2026-04-29T14:43:44.224989,4.21
2026-04-29T14:42:45.207429,74.94,0.1493,76.92,0.1523,1000.0,0.0,4.199,88.8,98,0,60.0,2026-04-29T14:43:45.207280,4.21
2026-04-29T14:42:45.243759,74.94,0.1493,76.93,0.1538,1000.0,0.0,4.199,88.8,98,0,60.0,2026-04-29T14:43:45.243654,4.21
2026-04-29T14:42:46.226221,74.94,0.1493,76.96,0.1548,1000.0,0.0,4.199,88.8,98,0,60.0,2026-04-29T14:43:46.226057,4.21
2026-04-29T14:42:46.269103,74.98,0.1494,76.98,0.1549,1000.0,0.0,4.199,88.8,98,0,60.0,2026-04-29T14:43:46.268876,4.21
2026-04-29T14:42:46.304660,74.98,0.1494,76.98,0.1553,1000.0,0.0,4.199,88.8,98,0,60.0,2026-04-29T14:43:46.304511,4.21
2026-04-29T14:42:47.285866,75.03,0.1494,77.01,0.1557,1000.0,0.0,4.199,88.8,98,0,60.0,2026-04-29T14:43:47.285703,4.21
2026-04-29T14:42:47.328188,75.03,0.1527,77.03,0.1569,1000.0,0.0,4.199,88.8,98,0,60.0,2026-04-29T14:43:47.328036,4.21
2026-04-29T14:42:47.365403,75.03,0.1527,77.03,0.1577,1000.0,0.0,4.199,88.8,98,0,60.0,2026-04-29T14:43:47.365195,4.21
2026-04-29T14:42:48.316587,75.09,0.1494,77.07,0.1581,1000.0,0.0,4.199,88.8,98,0,60.0,2026-04-29T14:43:48.316425,4.21
2026-04-29T14:42:48.353537,75.09,0.1561,77.08,0.1601,1000.0,0.0,4.199,88.8,98,0,60.0,2026-04-29T14:43:48.353385,4.21
2026-04-29T14:42:48.390023,75.09,0.1561,77.09,0.1609,1000.0,0.0,4.199,88.8,98,0,60.0,2026-04-29T14:43:48.389896,4.21
2026-04-29T14:42:49.367881,75.14,0.1561,77.13,0.1618,1000.0,0.0,4.199,88.8,98,0,60.0,2026-04-29T14:43:49.367722,4.21
2026-04-29T14:42:49.403970,75.14,0.1561,77.14,0.1622,1000.0,0.0,4.199,88.8,98,0,60.0,2026-04-29T14:43:49.403793,4.21
2026-04-29T14:42:49.439607,75.14,0.1561,77.14,0.1623,1000.0,0.0,4.199,88.8,98,0,60.0,2026-04-29T14:43:49.439482,4.21
2026-04-29T14:42:50.420360,75.17,0.1485,77.18,0.1595,1000.0,0.0,4.199,88.8,98,0,60.0,2026-04-29T14:43:50.420201,4.21
2026-04-29T14:42:50.454763,75.17,0.1485,77.18,0.1578,1000.0,0.0,4.199,88.8,98,0,60.0,2026-04-29T14:43:50.454606,4.21
2026-04-29T14:42:51.448830,75.17,0.1485,77.21,0.1567,1000.0,0.0,4.199,88.8,98,0,60.0,2026-04-29T14:43:51.448617,4.21
2026-04-29T14:42:51.484944,75.22,0.1503,77.22,0.1557,1000.0,0.0,4.199,88.8,98,0,60.0,2026-04-29T14:43:51.484788,4.21
2026-04-29T14:42:51.521607,75.22,0.1503,77.23,0.1561,1000.0,0.0,4.199,88.8,98,0,60.0,2026-04-29T14:43:51.521463,4.21
2026-04-29T14:42:52.501753,75.27,0.1503,77.26,0.1566,1000.0,0.0,4.199,88.7,98,0,60.0,2026-04-29T14:43:52.501566,4.21
2026-04-29T14:42:52.537941,75.27,0.1512,77.27,0.157,1000.0,0.0,4.199,88.7,98,0,60.0,2026-04-29T14:43:52.537791,4.21
2026-04-29T14:42:52.575651,75.27,0.1512,77.28,0.1573,1000.0,0.0,4.199,88.7,98,0,60.0,2026-04-29T14:43:52.575525,4.21
2026-04-29T14:42:53.565948,75.31,0.1503,77.31,0.1575,1000.0,0.0,4.199,88.7,99,0,60.0,2026-04-29T14:43:53.565783,4.21
2026-04-29T14:42:53.603502,75.31,0.1512,77.32,0.1572,1000.0,0.0,4.199,88.7,99,0,60.0,2026-04-29T14:43:53.603375,4.21
2026-04-29T14:42:53.637115,75.31,0.1512,77.32,0.1574,1000.0,0.0,4.199,88.7,99,0,60.0,2026-04-29T14:43:53.637022,4.21
2026-04-29T14:42:54.617981,75.35,0.146,77.35,0.1562,1000.0,0.0,4.199,88.7,99,0,60.0,2026-04-29T14:43:54.617826,4.21
2026-04-29T14:42:54.653518,75.35,0.1512,77.36,0.1569,1000.0,0.0,4.199,88.7,99,0,60.0,2026-04-29T14:43:54.653372,4.21
2026-04-29T14:42:54.744391,75.35,0.1512,77.36,0.1572,1000.0,0.0,4.199,88.7,99,0,60.0,2026-04-29T14:43:54.744209,4.21
2026-04-29T14:42:55.668477,75.41,0.1519,77.4,0.1577,1000.0,0.0,4.199,88.7,99,0,60.0,2026-04-29T14:43:55.668310,4.21
2026-04-29T14:42:55.702867,75.41,0.1519,77.41,0.158,1000.0,0.0,4.199,88.7,99,0,60.0,2026-04-29T14:43:55.702749,4.21
2026-04-29T14:42:56.719000,75.41,0.1519,77.44,0.1583,1000.0,0.0,4.199,88.7,99,0,60.0,2026-04-29T14:43:56.718816,4.21
2026-04-29T14:42:56.757270,75.44,0.1453,77.44,0.1557,1000.0,0.0,4.199,88.7,99,0,60.0,2026-04-29T14:43:56.757136,4.21
2026-04-29T14:42:56.793086,75.44,0.1453,77.45,0.1543,1000.0,0.0,4.199,88.7,99,0,60.0,2026-04-29T14:43:56.792936,4.21
2026-04-29T14:42:57.763214,75.49,0.1453,77.48,0.1532,1000.0,0.0,4.199,88.7,99,0,60.0,2026-04-29T14:43:57.763042,4.21
2026-04-29T14:42:57.803917,75.49,0.1453,77.49,0.1519,1000.0,0.0,4.199,88.7,99,0,60.0,2026-04-29T14:43:57.803809,4.21
2026-04-29T14:42:57.838257,75.49,0.1453,77.49,0.1519,1000.0,0.0,4.199,88.7,99,0,60.0,2026-04-29T14:43:57.838159,4.21
2026-04-29T14:42:58.823374,75.52,0.1453,77.52,0.152,1000.0,0.0,4.199,88.7,99,0,60.0,2026-04-29T14:43:58.823200,4.21
2026-04-29T14:42:58.862667,75.52,0.1544,77.53,0.1559,1000.0,0.0,4.199,88.7,99,0,60.0,2026-04-29T14:43:58.862539,4.21
2026-04-29T14:42:58.896471,75.52,0.1544,77.53,0.1576,1000.0,0.0,4.199,88.7,99,0,60.0,2026-04-29T14:43:58.896369,4.21
2026-04-29T14:42:59.865771,75.58,0.151,77.56,0.1588,1000.0,0.0,4.199,88.7,99,0,60.0,2026-04-29T14:43:59.865640,4.21
2026-04-29T14:42:59.903527,75.58,0.1534,77.57,0.1594,1000.0,0.0,4.199,88.7,99,0,60.0,2026-04-29T14:43:59.903395,4.21
2026-04-29T14:42:59.937098,75.58,0.1534,77.57,0.1596,1000.0,0.0,4.199,88.7,99,0,60.0,2026-04-29T14:43:59.936985,4.21
2026-04-29T14:43:00.906391,75.63,0.1519,77.61,0.1596,1000.0,0.0,4.199,88.7,99,0,60.0,2026-04-29T14:44:00.906235,4.21
2026-04-29T14:43:00.941329,75.63,0.1519,77.62,0.1592,1000.0,0.0,4.199,88.7,99,0,60.0,2026-04-29T14:44:00.941105,4.21
2026-04-29T14:43:01.936414,75.63,0.1519,77.65,0.159,1000.0,0.0,4.199,88.7,99,0,60.0,2026-04-29T14:44:01.936243,4.21
2026-04-29T14:43:01.978172,75.68,0.1494,77.67,0.157,1000.0,0.0,4.199,88.7,99,0,60.0,2026-04-29T14:44:01.978040,4.21
2026-04-29T14:43:02.012468,75.68,0.1494,77.67,0.1567,1000.0,0.0,4.199,88.7,99,0,60.0,2026-04-29T14:44:02.012362,4.21
2026-04-29T14:43:02.985827,75.73,0.1494,77.71,0.1565,1000.0,0.0,4.199,88.6,99,0,60.0,2026-04-29T14:44:02.985659,4.21
2026-04-29T14:43:03.022615,75.73,0.1503,77.72,0.1553,1000.0,0.0,4.199,88.6,99,0,60.0,2026-04-29T14:44:03.022490,4.21
2026-04-29T14:43:03.056888,75.73,0.1503,77.73,0.156,1000.0,0.0,4.199,88.6,99,0,60.0,2026-04-29T14:44:03.056787,4.21
2026-04-29T14:43:04.041505,75.76,0.1503,77.76,0.1566,1000.0,0.0,4.199,88.6,99,0,60.0,2026-04-29T14:44:04.041348,4.21
2026-04-29T14:43:04.077977,75.76,0.1536,77.76,0.158,1000.0,0.0,4.199,88.6,99,0,60.0,2026-04-29T14:44:04.077860,4.21
2026-04-29T14:43:04.111840,75.76,0.1536,77.76,0.1587,1000.0,0.0,4.199,88.6,99,0,60.0,2026-04-29T14:44:04.111730,4.21
2026-04-29T14:43:05.093194,75.8,0.1536,77.8,0.1592,1000.0,0.0,4.199,88.6,99,0,60.0,2026-04-29T14:44:05.093027,4.21
2026-04-29T14:43:05.128060,75.8,0.157,77.8,0.1612,1000.0,0.0,4.199,88.6,99,0,60.0,2026-04-29T14:44:05.127942,4.21
2026-04-29T14:43:05.161959,75.8,0.157,77.8,0.162,1000.0,0.0,4.199,88.6,99,0,60.0,2026-04-29T14:44:05.161852,4.21
2026-04-29T14:43:06.149202,75.84,0.1578,77.83,0.1632,1000.0,0.0,4.199,88.6,99,0,60.0,2026-04-29T14:44:06.149032,4.21
2026-04-29T14:43:06.184482,75.84,0.1578,77.83,0.1637,1000.0,0.0,4.199,88.6,99,0,60.0,2026-04-29T14:44:06.184373,4.21
2026-04-29T14:43:07.176074,75.84,0.1578,77.86,0.1641,1000.0,0.0,4.199,88.6,99,0,60.0,2026-04-29T14:44:07.175866,4.21
2026-04-29T14:43:07.216684,75.88,0.1593,77.87,0.1638,1000.0,0.0,4.199,88.6,99,0,60.0,2026-04-29T14:44:07.216559,4.21
2026-04-29T14:43:07.250379,75.88,0.1593,77.87,0.1647,1000.0,0.0,4.199,88.6,99,0,60.0,2026-04-29T14:44:07.250272,4.21
2026-04-29T14:43:08.263525,75.92,0.1593,77.9,0.1654,1000.0,0.0,4.199,88.6,99,0,60.0,2026-04-29T14:44:08.259114,4.21
2026-04-29T14:43:08.410860,75.92,0.1552,77.91,0.1628,1000.0,0.0,4.199,88.6,99,0,60.0,2026-04-29T14:44:08.393328,4.21
2026-04-29T14:43:08.498964,75.92,0.1552,77.92,0.1624,1000.0,0.0,4.199,88.6,99,0,60.0,2026-04-29T14:44:08.498813,4.21
2026-04-29T14:43:09.283042,75.96,0.1552,77.94,0.1622,1000.0,0.0,4.199,88.6,99,0,60.0,2026-04-29T14:44:09.282877,4.21
2026-04-29T14:43:09.326168,75.96,0.1552,77.95,0.1614,1000.0,0.0,4.199,88.6,99,0,60.0,2026-04-29T14:44:09.326039,4.21
2026-04-29T14:43:09.363453,75.96,0.1552,77.95,0.1616,1000.0,0.0,4.199,88.6,99,0,60.0,2026-04-29T14:44:09.363270,4.21
2026-04-29T14:43:10.350631,76.02,0.1468,78.0,0.1595,1000.0,0.0,4.199,88.6,99,0,60.0,2026-04-29T14:44:10.350449,4.21
2026-04-29T14:43:10.391890,76.02,0.1536,78.01,0.1598,1000.0,0.0,4.199,88.6,99,0,60.0,2026-04-29T14:44:10.391751,4.21
2026-04-29T14:43:10.428480,76.02,0.1536,78.01,0.16,1000.0,0.0,4.199,88.6,99,0,60.0,2026-04-29T14:44:10.428350,4.21
2026-04-29T14:43:11.404100,76.07,0.1536,78.05,0.1602,1000.0,0.0,4.199,88.6,99,0,60.0,2026-04-29T14:44:11.403910,4.21
2026-04-29T14:43:11.442312,76.07,0.1536,78.06,0.1602,1000.0,0.0,4.199,88.6,99,0,60.0,2026-04-29T14:44:11.442175,4.21
2026-04-29T14:43:12.425439,76.07,0.1536,78.09,0.1603,1000.0,0.0,4.199,88.6,99,0,60.0,2026-04-29T14:44:12.425241,4.21
2026-04-29T14:43:12.471879,76.11,0.151,78.1,0.1582,1000.0,0.0,4.199,88.6,99,0,60.0,2026-04-29T14:44:12.471729,4.21
2026-04-29T14:43:12.508051,76.11,0.151,78.11,0.158,1000.0,0.0,4.199,88.6,99,0,60.0,2026-04-29T14:44:12.507908,4.21
2026-04-29T14:43:13.477114,76.16,0.151,78.14,0.158,1000.0,0.0,4.199,88.5,99,0,60.0,2026-04-29T14:44:13.476924,4.21
2026-04-29T14:43:13.522260,76.16,0.1645,78.15,0.1615,1000.0,0.0,4.199,88.5,99,0,60.0,2026-04-29T14:44:13.522090,4.21
2026-04-29T14:43:13.559624,76.16,0.1645,78.16,0.165,1000.0,0.0,4.199,88.5,99,0,60.0,2026-04-29T14:44:13.559483,4.21
2026-04-29T14:43:14.532107,76.23,0.1645,78.2,0.1685,1000.0,0.0,4.199,88.5,99,0,60.0,2026-04-29T14:44:14.531839,4.21
2026-04-29T14:43:14.580517,76.23,0.1669,78.21,0.1707,1000.0,0.0,4.199,88.5,99,0,60.0,2026-04-29T14:44:14.579441,4.21
2026-04-29T14:43:14.623469,76.23,0.1669,78.22,0.1718,1000.0,0.0,4.199,88.5,99,0,60.0,2026-04-29T14:44:14.623287,4.21
2026-04-29T14:43:15.587168,76.28,0.1561,78.26,0.1715,1000.0,0.0,4.199,88.5,99,0,60.0,2026-04-29T14:44:15.586972,4.21
2026-04-29T14:43:15.630024,76.28,0.1611,78.27,0.1699,1000.0,0.0,4.199,88.5,99,0,60.0,2026-04-29T14:44:15.629821,4.21
2026-04-29T14:43:15.670345,76.28,0.1611,78.28,0.1693,1000.0,0.0,4.199,88.5,99,0,60.0,2026-04-29T14:44:15.670200,4.21
2026-04-29T14:43:16.624314,76.34,0.1578,78.32,0.1669,1000.0,0.0,4.199,88.5,99,0,60.0,2026-04-29T14:44:16.624153,4.21
2026-04-29T14:43:16.661413,76.34,0.1578,78.33,0.166,1000.0,0.0,4.199,88.5,99,0,60.0,2026-04-29T14:44:16.661110,4.21
2026-04-29T14:43:17.646972,76.34,0.1578,78.36,0.1654,1000.0,0.0,4.199,88.5,99,0,60.0,2026-04-29T14:44:17.646710,4.21
2026-04-29T14:43:17.741602,76.4,0.1578,78.38,0.165,1000.0,0.0,4.199,88.5,99,0,60.0,2026-04-29T14:44:17.726449,4.21
2026-04-29T14:43:17.779430,76.4,0.1578,78.39,0.1648,1000.0,0.0,4.199,88.5,99,0,60.0,2026-04-29T14:44:17.779280,4.21
2026-04-29T14:43:18.704798,76.46,0.1578,78.42,0.1648,1000.0,0.0,4.199,88.5,99,0,60.0,2026-04-29T14:44:18.704604,4.21
2026-04-29T14:43:18.745383,76.46,0.1503,78.44,0.1603,1000.0,0.0,4.199,88.5,99,0,60.0,2026-04-29T14:44:18.745206,4.21
2026-04-29T14:43:18.780244,76.46,0.1503,78.45,0.1591,1000.0,0.0,4.199,88.5,99,0,60.0,2026-04-29T14:44:18.780134,4.21
2026-04-29T14:43:19.745077,76.52,0.1443,78.49,0.1571,1000.0,0.0,4.199,88.5,99,0,60.0,2026-04-29T14:44:19.744778,4.21
2026-04-29T14:43:19.781461,76.52,0.1512,78.5,0.1568,1000.0,0.0,4.199,88.5,99,0,60.0,2026-04-29T14:44:19.781323,4.21
2026-04-29T14:43:19.817223,76.52,0.1512,78.51,0.1572,1000.0,0.0,4.199,88.5,99,0,60.0,2026-04-29T14:44:19.817088,4.21
2026-04-29T14:43:20.810760,76.57,0.1512,78.55,0.1577,1000.0,0.0,4.199,88.5,99,0,60.0,2026-04-29T14:44:20.810611,4.21
2026-04-29T14:43:20.853073,76.57,0.1519,78.56,0.1581,1000.0,0.0,4.199,88.5,99,0,60.0,2026-04-29T14:44:20.852931,4.21
2026-04-29T14:43:20.889011,76.57,0.1519,78.56,0.1582,1000.0,0.0,4.199,88.5,99,0,60.0,2026-04-29T14:44:20.888895,4.21
2026-04-29T14:43:21.986633,76.64,0.1552,78.62,0.159,1000.0,0.0,4.199,88.4,99,0,60.0,2026-04-29T14:44:21.986308,4.21
2026-04-29T14:43:22.076079,76.64,0.1552,78.63,0.1603,1000.0,0.0,4.199,88.4,99,0,60.0,2026-04-29T14:44:22.075927,4.21
2026-04-29T14:43:22.907886,76.64,0.1552,78.66,0.1612,1000.0,0.0,4.199,88.4,99,0,60.0,2026-04-29T14:44:22.907565,4.21
2026-04-29T14:43:22.987184,76.7,0.1544,78.68,0.1614,1000.0,0.0,4.199,88.4,99,0,60.0,2026-04-29T14:44:22.986965,4.21
2026-04-29T14:43:23.070098,76.7,0.1544,78.69,0.1613,1000.0,0.0,4.199,88.4,99,0,60.0,2026-04-29T14:44:23.069778,4.21
2026-04-29T14:43:23.954342,76.76,0.1544,78.73,0.1613,1000.0,0.0,4.199,88.4,99,0,60.0,2026-04-29T14:44:23.954080,4.21
2026-04-29T14:43:24.025635,76.76,0.1467,78.74,0.1574,1000.0,0.0,4.199,88.4,99,0,60.0,2026-04-29T14:44:24.025418,4.21
2026-04-29T14:43:24.106779,76.76,0.1467,78.75,0.1559,1000.0,0.0,4.199,88.4,99,0,60.0,2026-04-29T14:44:24.106538,4.21
2026-04-29T14:43:25.038411,76.83,0.1418,78.79,0.1538,1000.0,0.0,4.199,88.4,99,0,60.0,2026-04-29T14:44:25.038126,4.21
2026-04-29T14:43:25.153136,76.83,0.1467,78.81,0.1532,1000.0,0.0,4.199,88.4,99,0,60.0,2026-04-29T14:44:25.152844,4.21
2026-04-29T14:43:25.270247,76.83,0.1467,78.82,0.1533,1000.0,0.0,4.199,88.4,99,0,60.0,2026-04-29T14:44:25.269779,4.21
2026-04-29T14:43:26.146623,76.88,0.1502,78.86,0.1539,1000.0,0.0,4.199,88.4,99,0,60.0,2026-04-29T14:44:26.145934,4.21
2026-04-29T14:43:26.360457,76.88,0.1534,78.87,0.1569,1000.0,0.0,4.199,88.4,99,0,60.0,2026-04-29T14:44:26.359831,4.21
2026-04-29T14:43:26.635642,76.88,0.1534,78.88,0.1584,1000.0,0.0,4.199,88.4,99,0,60.0,2026-04-29T14:44:26.634647,4.21
2026-04-29T14:43:27.271904,76.94,0.1502,78.92,0.1583,1000.0,0.0,4.199,88.4,99,0,60.0,2026-04-29T14:44:27.271190,4.21
2026-04-29T14:43:27.482429,76.94,0.1502,78.93,0.1578,1000.0,0.0,4.199,88.4,99,0,60.0,2026-04-29T14:44:27.481978,4.21
2026-04-29T14:43:28.201451,76.94,0.1502,78.95,0.1574,1000.0,0.0,4.199,88.4,99,0,60.0,2026-04-29T14:44:28.200949,4.21
2026-04-29T14:43:28.566569,76.97,0.1552,78.97,0.1564,1000.0,0.0,4.199,88.4,99,0,60.0,2026-04-29T14:44:28.566008,4.21
2026-04-29T14:43:28.924988,76.97,0.1552,78.98,0.1593,1000.0,0.0,4.199,88.4,99,0,60.0,2026-04-29T14:44:28.924559,4.21
2026-04-29T14:43:29.270704,77.02,0.1552,78.99,0.1607,1000.0,0.0,4.199,88.4,99,0,60.0,2026-04-29T14:44:29.270118,4.21
2026-04-29T14:43:29.476640,77.02,0.1503,79.01,0.1583,1000.0,0.0,4.199,88.4,99,0,60.0,2026-04-29T14:44:29.475179,4.21
2026-04-29T14:43:29.663789,77.02,0.1503,79.02,0.1578,1000.0,0.0,4.199,88.4,99,0,60.0,2026-04-29T14:44:29.663172,4.21
2026-04-29T14:43:30.309357,77.04,0.1502,79.04,0.1575,1000.0,0.0,4.199,88.3,99,0,60.0,2026-04-29T14:44:30.308968,4.21
2026-04-29T14:43:30.477729,77.04,0.1451,79.04,0.1549,1000.0,0.0,4.199,88.3,99,0,60.0,2026-04-29T14:44:30.476485,4.21
2026-04-29T14:43:30.749298,77.04,0.1451,79.05,0.1537,1000.0,0.0,4.199,88.3,99,0,60.0,2026-04-29T14:44:30.744386,4.21
2026-04-29T14:43:31.426965,77.07,0.1418,79.07,0.1519,1000.0,0.0,4.199,88.3,99,0,60.0,2026-04-29T14:44:31.426584,4.21
2026-04-29T14:43:31.781427,77.07,0.1451,79.08,0.1519,1000.0,0.0,4.199,88.3,99,0,60.0,2026-04-29T14:44:31.781134,4.21
2026-04-29T14:43:32.043392,77.07,0.1451,79.08,0.1519,1000.0,0.0,4.199,88.3,99,0,60.0,2026-04-29T14:44:32.042870,4.21
2026-04-29T14:43:34.947885,77.13,0.1519,79.15,0.1551,1000.0,0.0,4.199,88.3,99,0,60.0,2026-04-29T14:44:34.947357,4.21
2026-04-29T14:43:35.262170,77.13,0.1519,79.15,0.1575,1000.0,0.0,4.199,88.3,99,0,60.0,2026-04-29T14:44:35.260476,4.21
2026-04-29T14:43:35.492158,77.13,0.1519,79.15,0.1581,1000.0,0.0,4.199,88.3,99,0,60.0,2026-04-29T14:44:35.491833,4.21
2026-04-29T14:43:35.675319,77.17,0.1512,79.16,0.1574,1000.0,0.0,4.199,88.3,99,0,60.0,2026-04-29T14:44:35.674969,4.21
2026-04-29T14:43:35.783847,77.17,0.1512,79.17,0.1577,1000.0,0.0,4.199,88.3,99,0,60.0,2026-04-29T14:44:35.783347,4.21
2026-04-29T14:43:35.941966,77.2,0.1512,79.18,0.1578,1000.0,0.0,4.199,88.3,99,0,60.0,2026-04-29T14:44:35.941167,4.21
2026-04-29T14:43:36.084774,77.2,0.158,79.19,0.1583,1000.0,0.0,4.199,88.3,99,0,60.0,2026-04-29T14:44:36.083345,4.21
2026-04-29T14:43:36.216180,77.2,0.158,79.2,0.1606,1000.0,0.0,4.199,88.3,99,0,60.0,2026-04-29T14:44:36.215742,4.21
2026-04-29T14:43:36.441613,77.23,0.158,79.21,0.162,1000.0,0.0,4.199,88.3,99,0,60.0,2026-04-29T14:44:36.441021,4.21
2026-04-29T14:43:36.802024,77.23,0.158,79.22,0.1629,1000.0,0.0,4.199,88.3,99,0,60.0,2026-04-29T14:44:36.801671,4.21
2026-04-29T14:43:37.428758,77.23,0.158,79.24,0.1639,1000.0,0.0,4.199,88.3,99,0,60.0,2026-04-29T14:44:37.420632,4.21
2026-04-29T14:43:37.694288,77.29,0.1552,79.26,0.1637,1000.0,0.0,4.199,88.3,99,0,60.0,2026-04-29T14:44:37.694020,4.21
2026-04-29T14:43:37.915719,77.29,0.157,79.28,0.1638,1000.0,0.0,4.199,88.3,99,0,60.0,2026-04-29T14:44:37.915394,4.21
2026-04-29T14:43:38.043762,77.29,0.157,79.28,0.1638,1000.0,0.0,4.199,88.3,99,0,60.0,2026-04-29T14:44:38.043373,4.21
2026-04-29T14:43:38.190744,77.33,0.157,79.3,0.1639,1000.0,0.0,4.199,88.3,99,0,60.0,2026-04-29T14:44:38.190338,4.21
2026-04-29T14:43:38.347153,77.33,0.157,79.31,0.1639,1000.0,0.0,4.199,88.3,99,0,60.0,2026-04-29T14:44:38.346737,4.21
2026-04-29T14:43:38.669117,77.33,0.157,79.33,0.1639,1000.0,0.0,4.199,88.3,99,0,60.0,2026-04-29T14:44:38.668744,4.21
2026-04-29T14:43:38.986208,77.36,0.1612,79.34,0.1644,1000.0,0.0,4.199,88.3,99,0,60.0,2026-04-29T14:44:38.985431,4.21
2026-04-29T14:43:39.301558,77.36,0.1612,79.36,0.1662,1000.0,0.0,4.199,88.3,99,0,60.0,2026-04-29T14:44:39.300904,4.21
2026-04-29T14:43:39.721859,77.41,0.1612,79.38,0.1672,1000.0,0.0,4.199,88.3,99,0,60.0,2026-04-29T14:44:39.721606,4.21
2026-04-29T14:43:39.830241,77.41,0.1669,79.39,0.1687,1000.0,0.0,4.199,88.3,99,0,60.0,2026-04-29T14:44:39.829972,4.21
2026-04-29T14:43:40.017323,77.41,0.1669,79.4,0.1706,1000.0,0.0,4.199,88.3,99,0,60.0,2026-04-29T14:44:40.016972,4.21
2026-04-29T14:43:40.980771,77.47,0.1669,79.44,0.1724,1000.0,0.0,4.199,88.3,99,0,60.0,2026-04-29T14:44:40.980340,4.21
2026-04-29T14:43:41.459802,77.47,0.1705,79.47,0.1743,1000.0,0.0,4.199,88.3,99,0,60.0,2026-04-29T14:44:41.459451,4.21
2026-04-29T14:43:41.605113,77.47,0.1705,79.47,0.1758,1000.0,0.0,4.199,88.3,99,0,60.0,2026-04-29T14:44:41.604778,4.21
2026-04-29T14:43:41.827935,77.52,0.1578,79.49,0.1741,1000.0,0.0,4.199,88.2,99,0,60.0,2026-04-29T14:44:41.827634,4.21
2026-04-29T14:43:41.932855,77.52,0.1578,79.5,0.1706,1000.0,0.0,4.199,88.2,99,0,60.0,2026-04-29T14:44:41.932353,4.21
2026-04-29T14:43:42.046752,77.52,0.1578,79.51,0.1687,1000.0,0.0,4.199,88.2,99,0,60.0,2026-04-29T14:44:42.046473,4.21
2026-04-29T14:43:42.921134,77.57,0.1569,79.55,0.1656,1000.0,0.0,4.199,88.2,99,0,60.0,2026-04-29T14:44:42.920889,4.21
2026-04-29T14:43:42.999419,77.57,0.1569,79.56,0.1649,1000.0,0.0,4.199,88.2,99,0,60.0,2026-04-29T14:44:42.999201,4.21
2026-04-29T14:43:43.872567,77.57,0.1569,79.59,0.1645,1000.0,0.0,4.199,88.2,99,0,60.0,2026-04-29T14:44:43.872316,4.21
2026-04-29T14:43:43.940551,77.62,0.1612,79.61,0.1649,1000.0,0.0,4.199,88.2,99,0,60.0,2026-04-29T14:44:43.940362,4.21
2026-04-29T14:43:44.008417,77.62,0.1612,79.62,0.1661,1000.0,0.0,4.199,88.2,99,0,60.0,2026-04-29T14:44:44.008239,4.21
2026-04-29T14:43:44.925638,77.67,0.1612,79.65,0.1672,1000.0,0.0,4.199,88.2,99,0,60.0,2026-04-29T14:44:44.925436,4.21
2026-04-29T14:43:44.995926,77.67,0.1612,79.66,0.1676,1000.0,0.0,4.199,88.2,99,0,60.0,2026-04-29T14:44:44.995767,4.21
2026-04-29T14:43:45.065761,77.67,0.1612,79.67,0.1678,1000.0,0.0,4.199,88.2,99,0,60.0,2026-04-29T14:44:45.065583,4.21
2026-04-29T14:43:45.977483,77.7,0.1543,79.7,0.1669,1000.0,0.0,4.199,88.2,99,0,60.0,2026-04-29T14:44:45.977237,4.21
2026-04-29T14:43:46.044249,77.7,0.1637,79.7,0.1678,1000.0,0.0,4.199,88.2,99,0,60.0,2026-04-29T14:44:46.044079,4.21
2026-04-29T14:43:46.112936,77.7,0.1637,79.7,0.1688,1000.0,0.0,4.199,88.2,99,0,60.0,2026-04-29T14:44:46.112753,4.21
2026-04-29T14:43:47.032423,77.74,0.1637,79.73,0.1686,1000.0,0.0,4.199,88.2,98,0,60.0,2026-04-29T14:44:47.032242,4.21
2026-04-29T14:43:47.098304,77.74,0.1704,79.73,0.1724,1000.0,0.0,4.199,88.2,98,0,60.0,2026-04-29T14:44:47.098138,4.21
2026-04-29T14:43:47.166230,77.74,0.1704,79.74,0.1741,1000.0,0.0,4.199,88.2,98,0,60.0,2026-04-29T14:44:47.166041,4.21
2026-04-29T14:43:48.085204,77.81,0.1791,79.78,0.1772,1000.0,0.0,4.199,88.2,98,0,60.0,2026-04-29T14:44:48.085026,4.21
2026-04-29T14:43:48.140039,77.81,0.1791,79.79,0.1808,1000.0,0.0,4.199,88.2,98,0,60.0,2026-04-29T14:44:48.139905,4.21
2026-04-29T14:43:49.102934,77.81,0.1791,79.82,0.1832,1000.0,0.0,4.199,88.2,98,0,60.0,2026-04-29T14:44:49.102772,4.21
2026-04-29T14:43:49.148285,77.87,0.166,79.85,0.1798,1000.0,0.0,4.199,88.2,98,0,60.0,2026-04-29T14:44:49.148152,4.21
2026-04-29T14:43:49.192580,77.87,0.166,79.86,0.1773,1000.0,0.0,4.199,88.2,98,0,60.0,2026-04-29T14:44:49.192361,4.21
2026-04-29T14:43:50.152360,77.89,0.166,79.89,0.1752,1000.0,0.0,4.199,88.2,98,0,60.0,2026-04-29T14:44:50.152220,4.21
2026-04-29T14:43:50.191270,77.89,0.1647,79.89,0.1725,1000.0,0.0,4.199,88.2,98,0,60.0,2026-04-29T14:44:50.191164,4.21
2026-04-29T14:43:50.227451,77.89,0.1647,79.89,0.1722,1000.0,0.0,4.199,88.2,98,0,60.0,2026-04-29T14:44:50.227344,4.21
2026-04-29T14:43:51.219792,77.93,0.1647,79.91,0.1719,1000.0,0.0,4.199,88.1,98,0,60.0,2026-04-29T14:44:51.219631,4.21
2026-04-29T14:43:51.258943,77.93,0.1647,79.92,0.1715,1000.0,0.0,4.199,88.1,98,0,60.0,2026-04-29T14:44:51.258827,4.21
2026-04-29T14:43:51.295556,77.93,0.1647,79.92,0.1716,1000.0,0.0,4.199,88.1,98,0,60.0,2026-04-29T14:44:51.295444,4.21
2026-04-29T14:43:52.275105,77.97,0.162,79.95,0.1709,1000.0,0.0,4.199,88.1,98,0,60.0,2026-04-29T14:44:52.274967,4.21
2026-04-29T14:43:52.312718,77.97,0.1737,79.96,0.1751,1000.0,0.0,4.199,88.1,98,0,60.0,2026-04-29T14:44:52.312606,4.21
2026-04-29T14:43:52.347018,77.97,0.1737,79.96,0.1769,1000.0,0.0,4.199,88.1,98,0,60.0,2026-04-29T14:44:52.346891,4.21
2026-04-29T14:43:53.317842,78.0,0.1763,79.99,0.1796,1000.0,0.0,4.199,88.1,98,0,60.0,2026-04-29T14:44:53.317702,4.21
2026-04-29T14:43:53.353011,78.0,0.1763,79.99,0.1811,1000.0,0.0,4.199,88.1,98,0,60.0,2026-04-29T14:44:53.352911,4.21
2026-04-29T14:43:54.343038,78.0,0.1763,80.02,0.1821,1000.0,0.0,4.199,88.1,98,0,60.0,2026-04-29T14:44:54.342875,4.21
2026-04-29T14:43:54.388787,78.05,0.1822,80.03,0.1838,1000.0,0.0,4.199,88.1,98,0,60.0,2026-04-29T14:44:54.388657,4.21
2026-04-29T14:43:54.424337,78.05,0.1822,80.04,0.1859,1000.0,0.0,4.199,88.1,98,0,60.0,2026-04-29T14:44:54.424238,4.21
2026-04-29T14:43:55.403290,78.12,0.1822,80.07,0.1877,1000.0,0.0,4.199,88.1,98,0,60.0,2026-04-29T14:44:55.403137,4.21
2026-04-29T14:43:55.444470,78.12,0.1755,80.09,0.1857,1000.0,0.0,4.199,88.1,98,0,60.0,2026-04-29T14:44:55.444363,4.21
2026-04-29T14:43:55.478128,78.12,0.1755,80.1,0.1846,1000.0,0.0,4.199,88.1,98,0,60.0,2026-04-29T14:44:55.478032,4.21
2026-04-29T14:43:56.445464,78.13,0.1737,80.13,0.1832,1000.0,0.0,4.199,88.1,98,0,60.0,2026-04-29T14:44:56.445321,4.21
2026-04-29T14:43:56.482745,78.13,0.1755,80.13,0.1827,1000.0,0.0,4.199,88.1,98,0,60.0,2026-04-29T14:44:56.482644,4.21
2026-04-29T14:43:56.516301,78.13,0.1755,80.13,0.1827,1000.0,0.0,4.199,88.1,98,0,60.0,2026-04-29T14:44:56.516213,4.21
2026-04-29T14:43:57.499941,78.18,0.1789,80.16,0.1828,1000.0,0.0,4.199,88.1,98,0,60.0,2026-04-29T14:44:57.499770,4.21
2026-04-29T14:43:57.536332,78.18,0.1791,80.16,0.1842,1000.0,0.0,4.199,88.1,98,0,60.0,2026-04-29T14:44:57.536227,4.21
2026-04-29T14:43:57.570895,78.18,0.1791,80.16,0.1848,1000.0,0.0,4.199,88.1,98,0,60.0,2026-04-29T14:44:57.570797,4.21
2026-04-29T14:43:58.546682,78.2,0.1814,80.19,0.186,1000.0,0.0,4.199,88.1,98,0,60.0,2026-04-29T14:44:58.546553,4.21
2026-04-29T14:43:58.584781,78.2,0.1814,80.19,0.187,1000.0,0.0,4.199,88.1,98,0,60.0,2026-04-29T14:44:58.584648,4.21
2026-04-29T14:43:59.585668,78.2,0.1814,80.21,0.1877,1000.0,0.0,4.199,88.1,98,0,60.0,2026-04-29T14:44:59.585488,4.21
2026-04-29T14:43:59.629465,78.28,0.1814,80.24,0.1872,1000.0,0.0,4.199,88.1,98,0,60.0,2026-04-29T14:44:59.629343,4.21
2026-04-29T14:43:59.664644,78.28,0.1814,80.25,0.1877,1000.0,0.0,4.199,88.1,98,0,60.0,2026-04-29T14:44:59.664541,4.21
2026-04-29T14:44:00.621154,78.28,0.1814,80.28,0.1882,1000.0,0.0,4.199,88.1,98,0,60.0,2026-04-29T14:45:00.621011,4.21
2026-04-29T14:44:00.714723,78.28,0.1822,80.28,0.1873,1000.0,0.0,4.199,88.1,97,0,60.0,2026-04-29T14:45:00.714571,4.21
2026-04-29T14:44:00.756846,78.28,0.1822,80.27,0.1881,1000.0,0.0,4.199,88.1,97,0,60.0,2026-04-29T14:45:00.756715,4.21
2026-04-29T14:44:01.690827,78.32,0.1822,80.3,0.1888,1000.0,0.0,4.199,88.1,97,0,60.0,2026-04-29T14:45:01.690682,4.21
2026-04-29T14:44:01.731172,78.32,0.1822,80.31,0.1884,1000.0,0.0,4.199,88.1,97,0,60.0,2026-04-29T14:45:01.731043,4.21
2026-04-29T14:44:01.770112,78.32,0.1822,80.31,0.1887,1000.0,0.0,4.199,88.1,97,0,60.0,2026-04-29T14:45:01.769996,4.21
2026-04-29T14:44:02.724985,78.35,0.1747,80.34,0.187,1000.0,0.0,4.199,88.1,98,0,60.0,2026-04-29T14:45:02.724849,4.21
2026-04-29T14:44:02.767004,78.35,0.1849,80.34,0.1892,1000.0,0.0,4.199,88.1,98,0,60.0,2026-04-29T14:45:02.766859,4.21
2026-04-29T14:44:02.814362,78.35,0.1849,80.34,0.1901,1000.0,0.0,4.199,88.1,98,0,60.0,2026-04-29T14:45:02.814171,4.21
2026-04-29T14:44:03.804432,78.41,0.1849,80.38,0.1905,1000.0,0.0,4.199,88.0,98,0,60.0,2026-04-29T14:45:03.804274,4.21
2026-04-29T14:44:03.843318,78.41,0.1849,80.39,0.1911,1000.0,0.0,4.199,88.0,98,0,60.0,2026-04-29T14:45:03.843208,4.21
2026-04-29T14:44:04.810776,78.41,0.1849,80.42,0.1916,1000.0,0.0,4.199,88.0,97,0,60.0,2026-04-29T14:45:04.810600,4.21
2026-04-29T14:44:04.855084,78.44,0.178,80.43,0.1888,1000.0,0.0,4.199,88.0,97,0,60.0,2026-04-29T14:45:04.854963,4.21
2026-04-29T14:44:04.901457,78.44,0.178,80.43,0.1874,1000.0,0.0,4.199,88.0,97,0,60.0,2026-04-29T14:45:04.901332,4.21
2026-04-29T14:44:05.882536,78.51,0.178,80.46,0.1863,1000.0,0.0,4.199,88.0,97,0,60.0,2026-04-29T14:45:05.882345,4.21
2026-04-29T14:44:05.924432,78.51,0.1804,80.48,0.185,1000.0,0.0,4.199,88.0,97,0,60.0,2026-04-29T14:45:05.924302,4.21
2026-04-29T14:44:05.969820,78.51,0.1804,80.49,0.1859,1000.0,0.0,4.199,88.0,97,0,60.0,2026-04-29T14:45:05.969647,4.21
2026-04-29T14:44:06.918167,78.54,0.1705,80.52,0.1853,1000.0,0.0,4.199,88.0,97,0,60.0,2026-04-29T14:45:06.918020,4.21
2026-04-29T14:44:06.957250,78.54,0.1831,80.53,0.1873,1000.0,0.0,4.199,88.0,97,0,60.0,2026-04-29T14:45:06.957128,4.21
2026-04-29T14:44:06.997042,78.54,0.1831,80.53,0.1883,1000.0,0.0,4.199,88.0,97,0,60.0,2026-04-29T14:45:06.996925,4.21
2026-04-29T14:44:07.981440,78.59,0.1848,80.57,0.1893,1000.0,0.0,4.199,88.0,97,0,60.0,2026-04-29T14:45:07.981288,4.21
2026-04-29T14:44:08.018399,78.59,0.1848,80.58,0.1904,1000.0,0.0,4.199,88.0,97,0,60.0,2026-04-29T14:45:08.018286,4.21
2026-04-29T14:44:08.052428,78.59,0.1848,80.58,0.1909,1000.0,0.0,4.199,88.0,97,0,60.0,2026-04-29T14:45:08.052345,4.21
2026-04-29T14:44:09.039509,78.65,0.1806,80.62,0.1887,1000.0,0.0,4.199,88.0,97,0,60.0,2026-04-29T14:45:09.039368,4.21
2026-04-29T14:44:09.076033,78.65,0.1806,80.63,0.1883,1000.0,0.0,4.199,88.0,97,0,60.0,2026-04-29T14:45:09.075931,4.21
2026-04-29T14:44:10.045099,78.65,0.1806,80.66,0.1881,1000.0,0.0,4.199,88.0,97,0,60.0,2026-04-29T14:45:10.044979,4.21
2026-04-29T14:44:10.082505,78.72,0.1822,80.68,0.1877,1000.0,0.0,4.199,88.0,97,0,60.0,2026-04-29T14:45:10.082393,4.21
2026-04-29T14:44:10.115522,78.72,0.1822,80.69,0.1883,1000.0,0.0,4.199,88.0,97,0,60.0,2026-04-29T14:45:10.115430,4.21
2026-04-29T14:44:11.120400,78.77,0.1822,80.73,0.1889,1000.0,0.0,4.199,88.0,97,0,60.0,2026-04-29T14:45:11.120227,4.21
2026-04-29T14:44:11.164688,78.77,0.1831,80.74,0.1894,1000.0,0.0,4.199,88.0,97,0,60.0,2026-04-29T14:45:11.164569,4.21
2026-04-29T14:44:11.198888,78.77,0.1831,80.75,0.1897,1000.0,0.0,4.199,88.0,97,0,60.0,2026-04-29T14:45:11.198784,4.21
2026-04-29T14:44:12.158101,78.81,0.1831,80.78,0.1901,1000.0,0.0,4.199,88.0,97,0,60.0,2026-04-29T14:45:12.157965,4.21
2026-04-29T14:44:12.195715,78.81,0.1831,80.79,0.1894,1000.0,0.0,4.199,88.0,97,0,60.0,2026-04-29T14:45:12.195606,4.21
2026-04-29T14:44:12.229290,78.81,0.1831,80.79,0.1897,1000.0,0.0,4.199,88.0,97,0,60.0,2026-04-29T14:45:12.229203,4.21
2026-04-29T14:44:13.223123,78.88,0.1747,80.84,0.1877,1000.0,0.0,4.199,87.9,97,0,60.0,2026-04-29T14:45:13.222975,4.21
2026-04-29T14:44:13.260754,78.88,0.184,80.85,0.1892,1000.0,0.0,4.199,87.9,97,0,60.0,2026-04-29T14:45:13.260645,4.21
2026-04-29T14:44:13.294585,78.88,0.184,80.86,0.1898,1000.0,0.0,4.199,87.9,97,0,60.0,2026-04-29T14:45:13.294492,4.21
2026-04-29T14:44:14.277365,78.95,0.184,80.91,0.1884,1000.0,0.0,4.199,87.9,97,0,60.0,2026-04-29T14:45:14.277202,4.21
2026-04-29T14:44:14.314040,78.95,0.184,80.93,0.1895,1000.0,0.0,4.199,87.9,97,0,60.0,2026-04-29T14:45:14.313934,4.21
2026-04-29T14:44:15.302671,78.95,0.184,80.96,0.1904,1000.0,0.0,4.199,87.9,97,0,60.0,2026-04-29T14:45:15.302401,4.21
2026-04-29T14:44:15.345939,78.98,0.1822,80.97,0.1863,1000.0,0.0,4.199,87.9,97,0,60.0,2026-04-29T14:45:15.345787,4.21
2026-04-29T14:44:15.380918,78.98,0.1822,80.97,0.1874,1000.0,0.0,4.199,87.9,97,0,60.0,2026-04-29T14:45:15.380799,4.21
2026-04-29T14:44:16.354531,79.06,0.1822,81.01,0.1885,1000.0,0.0,4.199,87.9,97,0,60.0,2026-04-29T14:45:16.354376,4.21
2026-04-29T14:44:16.395773,79.06,0.1873,81.03,0.1905,1000.0,0.0,4.199,87.9,97,0,60.0,2026-04-29T14:45:16.395638,4.21
2026-04-29T14:44:16.430006,79.06,0.1873,81.04,0.192,1000.0,0.0,4.199,87.9,97,0,60.0,2026-04-29T14:45:16.429905,4.21
2026-04-29T14:44:17.405200,79.1,0.1822,81.07,0.1926,1000.0,0.0,4.199,87.9,97,0,60.0,2026-04-29T14:45:17.405045,4.21
2026-04-29T14:44:17.443007,79.1,0.1873,81.08,0.1935,1000.0,0.0,4.199,87.9,97,0,60.0,2026-04-29T14:45:17.442892,4.21
2026-04-29T14:44:17.476948,79.1,0.1873,81.08,0.1938,1000.0,0.0,4.199,87.9,97,0,60.0,2026-04-29T14:45:17.476848,4.21
2026-04-29T14:44:18.449355,79.17,0.1873,81.13,0.1943,1000.0,0.0,4.199,87.9,97,0,60.0,2026-04-29T14:45:18.449211,4.21
2026-04-29T14:44:18.485264,79.17,0.1873,81.14,0.1944,1000.0,0.0,4.199,87.9,97,0,60.0,2026-04-29T14:45:18.485116,4.21
2026-04-29T14:44:18.519382,79.17,0.1873,81.15,0.1944,1000.0,0.0,4.199,87.9,97,0,60.0,2026-04-29T14:45:18.519295,4.21
2026-04-29T14:44:19.511417,79.19,0.1856,81.18,0.1929,1000.0,0.0,4.199,87.9,97,0,60.0,2026-04-29T14:45:19.511270,4.21
2026-04-29T14:44:19.546808,79.19,0.1856,81.18,0.1928,1000.0,0.0,4.199,87.9,97,0,60.0,2026-04-29T14:45:19.546710,4.21
2026-04-29T14:44:20.536031,79.19,0.1856,81.2,0.1929,1000.0,0.0,4.199,87.9,97,0,60.0,2026-04-29T14:45:20.535885,4.21
2026-04-29T14:44:20.580900,79.27,0.1856,81.23,0.1924,1000.0,0.0,4.199,87.8,97,0,60.0,2026-04-29T14:45:20.580772,4.21
2026-04-29T14:44:20.662753,79.27,0.1856,81.24,0.1926,1000.0,0.0,4.199,87.8,97,0,60.0,2026-04-29T14:45:20.638068,4.21
2026-04-29T14:44:21.589687,79.32,0.1856,81.28,0.1928,1000.0,0.0,4.199,87.8,97,0,60.0,2026-04-29T14:45:21.589510,4.21
2026-04-29T14:44:21.630768,79.32,0.1915,81.3,0.1937,1000.0,0.0,4.199,87.8,97,0,60.0,2026-04-29T14:45:21.630619,4.21
2026-04-29T14:44:21.665535,79.32,0.1915,81.3,0.1955,1000.0,0.0,4.199,87.8,97,0,60.0,2026-04-29T14:45:21.665448,4.21
2026-04-29T14:44:22.628190,79.35,0.1813,81.33,0.1957,1000.0,0.0,4.199,87.8,97,0,60.0,2026-04-29T14:45:22.628048,4.21
2026-04-29T14:44:22.720804,79.35,0.1915,81.34,0.1971,1000.0,0.0,4.199,87.8,97,0,60.0,2026-04-29T14:45:22.711969,4.21
2026-04-29T14:44:22.759841,79.35,0.1915,81.34,0.1977,1000.0,0.0,4.199,87.8,97,0,60.0,2026-04-29T14:45:22.759695,4.21
2026-04-29T14:44:23.694982,79.41,0.1804,81.38,0.1953,1000.0,0.0,4.199,87.8,97,0,60.0,2026-04-29T14:45:23.694812,4.21
2026-04-29T14:44:23.732359,79.41,0.1949,81.39,0.1982,1000.0,0.0,4.199,87.8,97,0,60.0,2026-04-29T14:45:23.732252,4.21
2026-04-29T14:44:23.766116,79.41,0.1949,81.39,0.1995,1000.0,0.0,4.199,87.8,97,0,60.0,2026-04-29T14:45:23.766002,4.21
2026-04-29T14:44:24.732312,79.45,0.194,81.43,0.1983,1000.0,0.0,4.199,87.8,96,0,60.0,2026-04-29T14:45:24.732181,4.21
2026-04-29T14:44:24.773207,79.45,0.194,81.44,0.1995,1000.0,0.0,4.199,87.8,96,0,60.0,2026-04-29T14:45:24.772978,4.21
2026-04-29T14:44:25.776800,79.45,0.194,81.47,0.2004,1000.0,0.0,4.199,87.8,96,0,60.0,2026-04-29T14:45:25.776611,4.21
2026-04-29T14:44:25.819545,79.5,0.194,81.48,0.1994,1000.0,0.0,4.199,87.8,96,0,60.0,2026-04-29T14:45:25.819426,4.21
2026-04-29T14:44:25.853797,79.5,0.194,81.49,0.2001,1000.0,0.0,4.199,87.8,96,0,60.0,2026-04-29T14:45:25.853697,4.21
2026-04-29T14:44:26.814808,79.57,0.194,81.52,0.2007,1000.0,0.0,4.199,87.8,96,0,60.0,2026-04-29T14:45:26.814636,4.21
2026-04-29T14:44:26.851498,79.57,0.194,81.54,0.2005,1000.0,0.0,4.199,87.8,96,0,60.0,2026-04-29T14:45:26.851388,4.21
2026-04-29T14:44:26.886980,79.57,0.194,81.54,0.2008,1000.0,0.0,4.199,87.8,96,0,60.0,2026-04-29T14:45:26.886859,4.21
2026-04-29T14:44:27.890651,79.58,0.189,81.57,0.2003,1000.0,0.0,4.199,87.8,96,0,60.0,2026-04-29T14:45:27.890471,4.21
2026-04-29T14:44:27.930246,79.58,0.1856,81.57,0.1969,1000.0,0.0,4.199,87.8,96,0,60.0,2026-04-29T14:45:27.930106,4.21
2026-04-29T14:44:27.963722,79.58,0.1856,81.57,0.1954,1000.0,0.0,4.199,87.8,96,0,60.0,2026-04-29T14:45:27.963619,4.21
2026-04-29T14:44:28.925434,79.63,0.1791,81.6,0.1922,1000.0,0.0,4.199,87.8,96,0,60.0,2026-04-29T14:45:28.925268,4.21
2026-04-29T14:44:28.963550,79.63,0.1856,81.61,0.1925,1000.0,0.0,4.199,87.8,96,0,60.0,2026-04-29T14:45:28.963380,4.21
2026-04-29T14:44:28.998552,79.63,0.1856,81.61,0.1926,1000.0,0.0,4.199,87.8,96,0,60.0,2026-04-29T14:45:28.998400,4.21
2026-04-29T14:44:29.987893,79.67,0.1957,81.65,0.1937,1000.0,0.0,4.199,87.8,96,0,60.0,2026-04-29T14:45:29.987737,4.21
2026-04-29T14:44:30.024531,79.67,0.1957,81.65,0.1975,1000.0,0.0,4.199,87.8,96,0,60.0,2026-04-29T14:45:30.024376,4.21
2026-04-29T14:44:31.015983,79.67,0.1957,81.68,0.2,1000.0,0.0,4.199,87.8,96,0,60.0,2026-04-29T14:45:31.015808,4.21
2026-04-29T14:44:31.058124,79.78,0.1957,81.73,0.2017,1000.0,0.0,4.199,87.7,96,0,60.0,2026-04-29T14:45:31.057999,4.21
2026-04-29T14:44:31.092510,79.78,0.1957,81.74,0.2022,1000.0,0.0,4.199,87.7,96,0,60.0,2026-04-29T14:45:31.092406,4.21
2026-04-29T14:44:32.051334,79.79,0.1957,81.78,0.2027,1000.0,0.0,4.199,87.7,96,0,60.0,2026-04-29T14:45:32.051206,4.21
2026-04-29T14:44:32.086357,79.79,0.1949,81.78,0.2024,1000.0,0.0,4.199,87.7,96,0,60.0,2026-04-29T14:45:32.086247,4.21
2026-04-29T14:44:32.120963,79.79,0.1949,81.78,0.2023,1000.0,0.0,4.199,87.7,96,0,60.0,2026-04-29T14:45:32.120840,4.21
2026-04-29T14:44:33.132684,79.82,0.1932,81.81,0.202,1000.0,0.0,4.199,87.7,97,0,60.0,2026-04-29T14:45:33.132514,4.21
2026-04-29T14:44:33.172063,79.82,0.1949,81.81,0.2019,1000.0,0.0,4.199,87.7,97,0,60.0,2026-04-29T14:45:33.171953,4.21
2026-04-29T14:44:33.205910,79.82,0.1949,81.81,0.202,1000.0,0.0,4.199,87.7,97,0,60.0,2026-04-29T14:45:33.205802,4.21
2026-04-29T14:44:34.170897,79.88,0.1957,81.85,0.2023,1000.0,0.0,4.199,87.7,97,0,60.0,2026-04-29T14:45:34.170747,4.21
2026-04-29T14:44:34.208485,79.88,0.1989,81.86,0.2039,1000.0,0.0,4.199,87.7,97,0,60.0,2026-04-29T14:45:34.208324,4.21
2026-04-29T14:44:34.245605,79.88,0.1989,81.86,0.2047,1000.0,0.0,4.199,87.7,97,0,60.0,2026-04-29T14:45:34.245450,4.21
2026-04-29T14:44:35.222726,79.92,0.2016,81.9,0.2057,1000.0,0.0,4.199,87.7,97,0,60.0,2026-04-29T14:45:35.222581,4.21
2026-04-29T14:44:35.257756,79.92,0.2016,81.91,0.207,1000.0,0.0,4.199,87.7,97,0,60.0,2026-04-29T14:45:35.257623,4.21
2026-04-29T14:44:36.260646,79.92,0.2016,81.94,0.208,1000.0,0.0,4.199,87.7,97,0,60.0,2026-04-29T14:45:36.260436,4.21
2026-04-29T14:44:36.303551,79.92,0.1966,81.93,0.206,1000.0,0.0,4.199,87.7,97,0,60.0,2026-04-29T14:45:36.303413,4.21
2026-04-29T14:44:36.337358,79.92,0.1966,81.92,0.2052,1000.0,0.0,4.199,87.7,97,0,60.0,2026-04-29T14:45:36.337262,4.21
2026-04-29T14:44:37.312427,79.96,0.1966,81.95,0.2046,1000.0,0.0,4.199,87.7,97,0,60.0,2026-04-29T14:45:37.312254,4.21
2026-04-29T14:44:37.352733,79.96,0.1957,81.95,0.2037,1000.0,0.0,4.199,87.7,97,0,60.0,2026-04-29T14:45:37.352618,4.21
2026-04-29T14:44:37.387657,79.96,0.1957,81.95,0.2035,1000.0,0.0,4.199,87.7,97,0,60.0,2026-04-29T14:45:37.387539,4.21
2026-04-29T14:44:38.375556,79.98,0.1957,81.98,0.2033,1000.0,0.0,4.199,87.7,97,0,60.0,2026-04-29T14:45:38.375381,4.211
2026-04-29T14:44:38.415097,79.98,0.1957,81.98,0.2032,1000.0,0.0,4.199,87.7,97,0,60.0,2026-04-29T14:45:38.414995,4.211
2026-04-29T14:44:38.449411,79.98,0.1957,81.98,0.2031,1000.0,0.0,4.199,87.7,97,0,60.0,2026-04-29T14:45:38.449322,4.211
2026-04-29T14:44:39.420014,80.05,0.1966,82.02,0.2033,1000.0,0.0,4.199,87.7,97,0,60.0,2026-04-29T14:45:39.419859,4.211
2026-04-29T14:44:39.457751,80.05,0.1966,82.02,0.2035,1000.0,0.0,4.199,87.7,97,0,60.0,2026-04-29T14:45:39.457611,4.211
2026-04-29T14:44:39.492744,80.05,0.1966,82.03,0.2037,1000.0,0.0,4.199,87.7,97,0,60.0,2026-04-29T14:45:39.492630,4.211
2026-04-29T14:44:40.457530,80.11,0.1983,82.07,0.2026,1000.0,0.0,4.199,87.7,97,0,60.0,2026-04-29T14:45:40.457376,4.211
2026-04-29T14:44:40.492864,80.11,0.1983,82.08,0.2038,1000.0,0.0,4.199,87.7,97,0,60.0,2026-04-29T14:45:40.492732,4.211
2026-04-29T14:44:41.478788,80.11,0.1983,82.12,0.2048,1000.0,0.0,4.199,87.7,97,0,60.0,2026-04-29T14:45:41.478678,4.211
2026-04-29T14:44:41.518295,80.14,0.1983,82.12,0.2045,1000.0,0.0,4.199,87.7,97,0,60.0,2026-04-29T14:45:41.518173,4.211
2026-04-29T14:44:41.553478,80.14,0.1983,82.13,0.2049,1000.0,0.0,4.199,87.7,97,0,60.0,2026-04-29T14:45:41.553371,4.211
2026-04-29T14:44:42.556208,80.19,0.1983,82.16,0.2054,1000.0,0.0,4.199,87.6,97,0,60.0,2026-04-29T14:45:42.556033,4.211
2026-04-29T14:44:42.597257,80.19,0.1991,82.17,0.2043,1000.0,0.0,4.199,87.6,97,0,60.0,2026-04-29T14:45:42.597146,4.211
2026-04-29T14:44:42.631093,80.19,0.1991,82.17,0.2051,1000.0,0.0,4.199,87.6,97,0,60.0,2026-04-29T14:45:42.631011,4.211
2026-04-29T14:44:43.609434,80.26,0.1908,82.22,0.2046,1000.0,0.0,4.199,87.6,97,0,60.0,2026-04-29T14:45:43.609241,4.211
2026-04-29T14:44:43.648427,80.26,0.1998,82.23,0.2057,1000.0,0.0,4.199,87.6,97,0,60.0,2026-04-29T14:45:43.648323,4.211
2026-04-29T14:44:43.682375,80.26,0.1998,82.24,0.2062,1000.0,0.0,4.199,87.6,97,0,60.0,2026-04-29T14:45:43.682281,4.211
2026-04-29T14:44:44.658724,80.28,0.1998,82.26,0.2068,1000.0,0.0,4.199,87.6,97,0,60.0,2026-04-29T14:45:44.658522,4.211
2026-04-29T14:44:44.699232,80.28,0.1998,82.26,0.207,1000.0,0.0,4.199,87.6,97,0,60.0,2026-04-29T14:45:44.699101,4.211
2026-04-29T14:44:44.738694,80.28,0.1998,82.26,0.2071,1000.0,0.0,4.199,87.6,97,0,60.0,2026-04-29T14:45:44.738554,4.211
2026-04-29T14:44:45.713629,80.33,0.2042,82.3,0.2075,1000.0,0.0,4.199,87.6,97,0,60.0,2026-04-29T14:45:45.713472,4.211
2026-04-29T14:44:45.749505,80.33,0.2042,82.3,0.2091,1000.0,0.0,4.199,87.6,97,0,60.0,2026-04-29T14:45:45.749402,4.211
2026-04-29T14:44:46.738191,80.33,0.2042,82.33,0.2103,1000.0,0.0,4.199,87.6,97,0,60.0,2026-04-29T14:45:46.738010,4.211
2026-04-29T14:44:46.780913,80.39,0.2043,82.36,0.2105,1000.0,0.0,4.199,87.6,97,0,60.0,2026-04-29T14:45:46.780782,4.211
2026-04-29T14:44:46.815272,80.39,0.2043,82.36,0.2109,1000.0,0.0,4.199,87.6,97,0,60.0,2026-04-29T14:45:46.815182,4.211
2026-04-29T14:44:47.795460,80.43,0.2043,82.4,0.2114,1000.0,0.0,4.199,87.6,97,0,60.0,2026-04-29T14:45:47.795285,4.211
2026-04-29T14:44:47.836448,80.43,0.2034,82.41,0.2108,1000.0,0.0,4.199,87.6,97,0,60.0,2026-04-29T14:45:47.836331,4.211
2026-04-29T14:44:47.870917,80.43,0.2034,82.41,0.2108,1000.0,0.0,4.199,87.6,97,0,60.0,2026-04-29T14:45:47.870801,4.211
2026-04-29T14:44:48.850787,80.46,0.2,82.44,0.2103,1000.0,0.0,4.199,87.6,97,0,60.0,2026-04-29T14:45:48.850632,4.211
2026-04-29T14:44:48.890807,80.46,0.2007,82.44,0.2092,1000.0,0.0,4.199,87.6,97,0,60.0,2026-04-29T14:45:48.890694,4.211
2026-04-29T14:44:48.925287,80.46,0.2007,82.44,0.2088,1000.0,0.0,4.199,87.6,97,0,60.0,2026-04-29T14:45:48.925180,4.211
2026-04-29T14:44:49.908738,80.52,0.1839,82.48,0.2061,1000.0,0.0,4.199,87.6,97,0,60.0,2026-04-29T14:45:49.908535,4.211
2026-04-29T14:44:49.948081,80.52,0.1989,82.49,0.2062,1000.0,0.0,4.199,87.6,97,0,60.0,2026-04-29T14:45:49.947932,4.211
2026-04-29T14:44:49.982794,80.52,0.1989,82.49,0.2062,1000.0,0.0,4.199,87.6,97,0,60.0,2026-04-29T14:45:49.982689,4.211
2026-04-29T14:44:50.944604,80.58,0.1839,82.54,0.2008,1000.0,0.0,4.199,87.6,97,0,60.0,2026-04-29T14:45:50.944453,4.211
2026-04-29T14:44:50.979762,80.58,0.1839,82.54,0.197,1000.0,0.0,4.199,87.6,97,0,60.0,2026-04-29T14:45:50.979656,4.211
2026-04-29T14:44:51.978169,80.58,0.1839,82.58,0.1946,1000.0,0.0,4.199,87.6,97,0,60.0,2026-04-29T14:45:51.977995,4.211
2026-04-29T14:44:52.020809,80.6,0.1932,82.58,0.1941,1000.0,0.0,4.199,87.5,97,0,60.0,2026-04-29T14:45:52.020679,4.211
2026-04-29T14:44:52.055105,80.6,0.1932,82.58,0.1965,1000.0,0.0,4.199,87.5,97,0,60.0,2026-04-29T14:45:52.055007,4.211
2026-04-29T14:44:53.032554,80.65,0.1932,82.61,0.1987,1000.0,0.0,4.199,87.5,97,0,60.0,2026-04-29T14:45:53.032388,4.211
2026-04-29T14:44:53.073548,80.65,0.1983,82.62,0.2004,1000.0,0.0,4.199,87.5,97,0,60.0,2026-04-29T14:45:53.073407,4.211
2026-04-29T14:44:53.107860,80.65,0.1983,82.62,0.2023,1000.0,0.0,4.199,87.5,97,0,60.0,2026-04-29T14:45:53.107752,4.211
2026-04-29T14:44:54.109950,80.71,0.1957,82.66,0.2038,1000.0,0.0,4.199,87.5,97,0,60.0,2026-04-29T14:45:54.109509,4.211
2026-04-29T14:44:54.147659,80.71,0.1957,82.68,0.2035,1000.0,0.0,4.199,87.5,97,0,60.0,2026-04-29T14:45:54.147545,4.211
2026-04-29T14:44:54.181615,80.71,0.1957,82.68,0.2034,1000.0,0.0,4.199,87.5,97,0,60.0,2026-04-29T14:45:54.181499,4.211
2026-04-29T14:44:55.119729,80.77,0.1899,82.72,0.2017,1000.0,0.0,4.199,87.5,97,0,60.0,2026-04-29T14:45:55.119575,4.211
2026-04-29T14:44:55.154155,80.77,0.1949,82.74,0.202,1000.0,0.0,4.199,87.5,97,0,60.0,2026-04-29T14:45:55.154039,4.211
2026-04-29T14:44:55.187900,80.77,0.1949,82.74,0.2021,1000.0,0.0,4.199,87.5,97,0,60.0,2026-04-29T14:45:55.187802,4.211
2026-04-29T14:44:56.198256,80.77,0.1949,82.76,0.2017,1000.0,0.0,4.199,87.5,97,0,60.0,2026-04-29T14:45:56.198105,4.211
2026-04-29T14:44:56.235285,80.77,0.1949,82.76,0.2019,1000.0,0.0,4.199,87.5,97,0,60.0,2026-04-29T14:45:56.235173,4.211
2026-04-29T14:44:57.207882,80.77,0.1949,82.78,0.2022,1000.0,0.0,4.199,87.5,97,0,60.0,2026-04-29T14:45:57.207716,4.211
2026-04-29T14:44:57.248677,80.83,0.1949,82.8,0.2005,1000.0,0.0,4.199,87.5,97,0,60.0,2026-04-29T14:45:57.248553,4.211
2026-04-29T14:44:57.283014,80.83,0.1949,82.8,0.2011,1000.0,0.0,4.199,87.5,97,0,60.0,2026-04-29T14:45:57.282911,4.211
2026-04-29T14:44:58.273524,80.86,0.1949,82.83,0.2018,1000.0,0.0,4.199,87.5,97,0,60.0,2026-04-29T14:45:58.273351,4.211
2026-04-29T14:44:58.314760,80.86,0.1908,82.84,0.1976,1000.0,0.0,4.199,87.5,97,0,60.0,2026-04-29T14:45:58.314629,4.211
2026-04-29T14:44:58.349401,80.86,0.1908,82.84,0.1978,1000.0,0.0,4.199,87.5,97,0,60.0,2026-04-29T14:45:58.349290,4.211
2026-04-29T14:44:59.309207,80.94,0.1908,82.88,0.1981,1000.0,0.0,4.199,87.5,97,0,60.0,2026-04-29T14:45:59.309054,4.211
2026-04-29T14:44:59.345248,80.94,0.1863,82.9,0.196,1000.0,0.0,4.199,87.5,97,0,60.0,2026-04-29T14:45:59.345129,4.211
2026-04-29T14:44:59.381079,80.94,0.1863,82.9,0.1952,1000.0,0.0,4.199,87.5,97,0,60.0,2026-04-29T14:45:59.380970,4.211
2026-04-29T14:45:00.366400,80.96,0.1848,82.93,0.194,1000.0,0.0,4.199,87.5,97,0,60.0,2026-04-29T14:46:00.366238,4.211
2026-04-29T14:45:00.401976,80.96,0.1863,82.94,0.1939,1000.0,0.0,4.199,87.5,97,0,60.0,2026-04-29T14:46:00.401842,4.211
2026-04-29T14:45:00.436772,80.96,0.1863,82.94,0.1938,1000.0,0.0,4.199,87.5,97,0,60.0,2026-04-29T14:46:00.436629,4.211
2026-04-29T14:45:01.417481,81.01,0.1975,82.97,0.1962,1000.0,0.0,4.199,87.5,97,0,60.0,2026-04-29T14:46:01.417335,4.211
2026-04-29T14:45:01.452469,81.01,0.1975,82.98,0.1997,1000.0,0.0,4.199,87.5,97,0,60.0,2026-04-29T14:46:01.452335,4.211
2026-04-29T14:45:02.440782,81.01,0.1975,83.01,0.2021,1000.0,0.0,4.199,87.5,97,0,60.0,2026-04-29T14:46:02.440585,4.211
2026-04-29T14:45:02.478660,81.03,0.1975,83.01,0.2028,1000.0,0.0,4.199,87.5,97,0,60.0,2026-04-29T14:46:02.478540,4.211
2026-04-29T14:45:02.512671,81.03,0.1975,83.01,0.2036,1000.0,0.0,4.199,87.5,97,0,60.0,2026-04-29T14:46:02.512560,4.211
2026-04-29T14:45:03.503562,81.13,0.1975,83.05,0.2043,1000.0,0.0,4.199,87.4,97,0,60.0,2026-04-29T14:46:03.503394,4.211
2026-04-29T14:45:03.544043,81.13,0.1957,83.08,0.2031,1000.0,0.0,4.199,87.4,97,0,60.0,2026-04-29T14:46:03.543899,4.211
2026-04-29T14:45:03.578141,81.13,0.1957,83.09,0.2031,1000.0,0.0,4.199,87.4,97,0,60.0,2026-04-29T14:46:03.578027,4.211
2026-04-29T14:45:04.549357,81.14,0.1957,83.12,0.2032,1000.0,0.0,4.199,87.4,97,0,60.0,2026-04-29T14:46:04.549195,4.211
2026-04-29T14:45:04.585592,81.14,0.2033,83.12,0.2061,1000.0,0.0,4.199,87.4,97,0,60.0,2026-04-29T14:46:04.585470,4.211
2026-04-29T14:45:04.620050,81.14,0.2033,83.12,0.2077,1000.0,0.0,4.199,87.4,97,0,60.0,2026-04-29T14:46:04.619947,4.211
2026-04-29T14:45:05.597520,81.22,0.2033,83.17,0.2085,1000.0,0.0,4.199,87.4,97,0,60.0,2026-04-29T14:46:05.597361,4.211
2026-04-29T14:45:05.634701,81.22,0.2033,83.18,0.2095,1000.0,0.0,4.199,87.4,97,0,60.0,2026-04-29T14:46:05.634543,4.211
2026-04-29T14:45:05.674751,81.22,0.2033,83.19,0.2099,1000.0,0.0,4.199,87.4,97,0,60.0,2026-04-29T14:46:05.674429,4.211
2026-04-29T14:45:06.647183,81.22,0.2008,83.21,0.2072,1000.0,0.0,4.199,87.4,97,0,60.0,2026-04-29T14:46:06.647062,4.211
2026-04-29T14:45:06.681072,81.22,0.2008,83.21,0.2076,1000.0,0.0,4.199,87.4,97,0,60.0,2026-04-29T14:46:06.680973,4.211
2026-04-29T14:45:07.675978,81.22,0.2008,83.23,0.208,1000.0,0.0,4.199,87.4,97,0,60.0,2026-04-29T14:46:07.675823,4.211
2026-04-29T14:45:07.712062,81.28,0.2008,83.25,0.2057,1000.0,0.0,4.199,87.4,97,0,60.0,2026-04-29T14:46:07.711931,4.211
2026-04-29T14:45:07.746401,81.28,0.2008,83.25,0.2067,1000.0,0.0,4.199,87.4,97,0,60.0,2026-04-29T14:46:07.746290,4.211
2026-04-29T14:45:08.739203,81.32,0.2008,83.29,0.2076,1000.0,0.0,4.199,87.4,97,0,60.0,2026-04-29T14:46:08.739035,4.211
2026-04-29T14:45:08.778705,81.32,0.1975,83.3,0.2045,1000.0,0.0,4.199,87.4,97,0,60.0,2026-04-29T14:46:08.778577,4.211
2026-04-29T14:45:08.812916,81.32,0.1975,83.3,0.2047,1000.0,0.0,4.199,87.4,97,0,60.0,2026-04-29T14:46:08.812805,4.211
2026-04-29T14:45:09.795751,81.39,0.1975,83.34,0.2049,1000.0,0.0,4.199,87.4,97,0,60.0,2026-04-29T14:46:09.795588,4.211
2026-04-29T14:45:09.833249,81.39,0.2042,83.36,0.2075,1000.0,0.0,4.199,87.4,97,0,60.0,2026-04-29T14:46:09.833130,4.211
2026-04-29T14:45:09.868886,81.39,0.2042,83.36,0.2089,1000.0,0.0,4.199,87.4,97,0,60.0,2026-04-29T14:46:09.868758,4.211
2026-04-29T14:45:10.846833,81.42,0.2042,83.39,0.2096,1000.0,0.0,4.199,87.4,97,0,60.0,2026-04-29T14:46:10.846682,4.211
2026-04-29T14:45:10.884387,81.42,0.2042,83.4,0.2105,1000.0,0.0,4.199,87.4,97,0,60.0,2026-04-29T14:46:10.884271,4.211
2026-04-29T14:45:10.919486,81.42,0.2042,83.4,0.2109,1000.0,0.0,4.199,87.4,97,0,60.0,2026-04-29T14:46:10.919370,4.211
2026-04-29T14:45:11.913663,81.47,0.2025,83.43,0.2108,1000.0,0.0,4.199,87.4,97,0,60.0,2026-04-29T14:46:11.913504,4.211
2026-04-29T14:45:11.950000,81.47,0.2025,83.44,0.2105,1000.0,0.0,4.199,87.4,97,0,60.0,2026-04-29T14:46:11.949878,4.211
2026-04-29T14:45:12.918731,81.47,0.2025,83.47,0.2104,1000.0,0.0,4.199,87.4,97,0,60.0,2026-04-29T14:46:12.918573,4.211
2026-04-29T14:45:12.957326,81.47,0.2017,83.46,0.2096,1000.0,0.0,4.199,87.4,97,0,60.0,2026-04-29T14:46:12.957184,4.211
2026-04-29T14:45:12.991105,81.47,0.2017,83.45,0.2094,1000.0,0.0,4.199,87.4,97,0,60.0,2026-04-29T14:46:12.991002,4.211
2026-04-29T14:45:13.981280,81.52,0.2017,83.48,0.2094,1000.0,0.0,4.199,87.3,97,0,60.0,2026-04-29T14:46:13.981084,4.211
2026-04-29T14:45:14.020585,81.52,0.1924,83.49,0.2054,1000.0,0.0,4.199,87.3,97,0,60.0,2026-04-29T14:46:14.020465,4.211
2026-04-29T14:45:14.054478,81.52,0.1924,83.49,0.2035,1000.0,0.0,4.199,87.3,97,0,60.0,2026-04-29T14:46:14.054376,4.211
2026-04-29T14:45:15.038554,81.57,0.1908,83.53,0.2013,1000.0,0.0,4.199,87.3,97,0,60.0,2026-04-29T14:46:15.038385,4.211
2026-04-29T14:45:15.077251,81.57,0.1924,83.54,0.2005,1000.0,0.0,4.199,87.3,97,0,60.0,2026-04-29T14:46:15.077141,4.211
2026-04-29T14:45:15.111020,81.57,0.1924,83.54,0.2003,1000.0,0.0,4.199,87.3,97,0,60.0,2026-04-29T14:46:15.110925,4.211
2026-04-29T14:45:16.084038,81.59,0.2,83.57,0.2009,1000.0,0.0,4.199,87.3,97,0,60.0,2026-04-29T14:46:16.083864,4.211
2026-04-29T14:45:16.121391,81.59,0.2,83.57,0.2037,1000.0,0.0,4.199,87.3,97,0,60.0,2026-04-29T14:46:16.121282,4.211
2026-04-29T14:45:16.155409,81.59,0.2,83.57,0.2049,1000.0,0.0,4.199,87.3,97,0,60.0,2026-04-29T14:46:16.155280,4.211
2026-04-29T14:45:17.226670,81.64,0.2,83.61,0.2063,1000.0,0.0,4.199,87.3,97,0,60.0,2026-04-29T14:46:17.226391,4.211
2026-04-29T14:45:17.265402,81.64,0.2,83.61,0.2068,1000.0,0.0,4.199,87.3,97,0,60.0,2026-04-29T14:46:17.265168,4.211
2026-04-29T14:45:18.161525,81.64,0.2,83.64,0.2072,1000.0,0.0,4.199,87.3,97,0,60.0,2026-04-29T14:46:18.158920,4.211
2026-04-29T14:45:18.235341,81.65,0.2075,83.64,0.2089,1000.0,0.0,4.199,87.3,97,0,60.0,2026-04-29T14:46:18.235114,4.211
2026-04-29T14:45:18.281118,81.65,0.2075,83.64,0.2112,1000.0,0.0,4.199,87.3,97,0,60.0,2026-04-29T14:46:18.280960,4.211
2026-04-29T14:45:19.226664,81.72,0.2075,83.67,0.2133,1000.0,0.0,4.199,87.3,97,0,60.0,2026-04-29T14:46:19.226466,4.211
2026-04-29T14:45:19.272002,81.72,0.2075,83.68,0.2141,1000.0,0.0,4.199,87.3,97,0,60.0,2026-04-29T14:46:19.271832,4.211
2026-04-29T14:45:19.308582,81.72,0.2075,83.69,0.2144,1000.0,0.0,4.199,87.3,97,0,60.0,2026-04-29T14:46:19.308412,4.211
2026-04-29T14:45:20.279716,81.74,0.2067,83.72,0.2147,1000.0,0.0,4.199,87.3,97,0,60.0,2026-04-29T14:46:20.279552,4.211
2026-04-29T14:45:20.319574,81.74,0.211,83.72,0.2161,1000.0,0.0,4.199,87.3,97,0,60.0,2026-04-29T14:46:20.319434,4.211
2026-04-29T14:45:20.356198,81.74,0.211,83.72,0.217,1000.0,0.0,4.199,87.3,97,0,60.0,2026-04-29T14:46:20.356031,4.211
2026-04-29T14:45:21.350419,81.76,0.2025,83.75,0.2168,1000.0,0.0,4.199,87.3,97,0,60.0,2026-04-29T14:46:21.350210,4.211
2026-04-29T14:45:21.390971,81.76,0.2043,83.75,0.2147,1000.0,0.0,4.199,87.3,97,0,60.0,2026-04-29T14:46:21.390825,4.211
2026-04-29T14:45:21.426811,81.76,0.2043,83.75,0.2138,1000.0,0.0,4.199,87.3,97,0,60.0,2026-04-29T14:46:21.426676,4.211
2026-04-29T14:45:22.393591,81.8,0.2043,83.78,0.2123,1000.0,0.0,4.199,87.3,97,0,60.0,2026-04-29T14:46:22.393287,4.211
2026-04-29T14:45:22.433047,81.8,0.2043,83.78,0.2121,1000.0,0.0,4.199,87.3,97,0,60.0,2026-04-29T14:46:22.432881,4.211
2026-04-29T14:45:23.413949,81.8,0.2043,83.81,0.2121,1000.0,0.0,4.199,87.3,97,0,60.0,2026-04-29T14:46:23.413728,4.211
2026-04-29T14:45:23.461481,81.82,0.2065,83.81,0.2128,1000.0,0.0,4.199,87.3,97,0,60.0,2026-04-29T14:46:23.461336,4.211
2026-04-29T14:45:23.497397,81.82,0.2065,83.81,0.2133,1000.0,0.0,4.199,87.3,97,0,60.0,2026-04-29T14:46:23.497245,4.211
2026-04-29T14:45:24.470211,81.83,0.2065,83.83,0.2138,1000.0,0.0,4.199,87.3,97,0,60.0,2026-04-29T14:46:24.469966,4.211
2026-04-29T14:45:24.514363,81.83,0.2025,83.82,0.2111,1000.0,0.0,4.199,87.3,97,0,60.0,2026-04-29T14:46:24.514195,4.211
2026-04-29T14:45:24.552914,81.83,0.2025,83.82,0.2108,1000.0,0.0,4.199,87.3,97,0,60.0,2026-04-29T14:46:24.552625,4.211
2026-04-29T14:45:25.525479,81.88,0.1985,83.85,0.2098,1000.0,0.0,4.199,87.3,97,0,60.0,2026-04-29T14:46:25.525287,4.211
2026-04-29T14:45:25.568172,81.88,0.2025,83.85,0.21,1000.0,0.0,4.199,87.3,97,0,60.0,2026-04-29T14:46:25.568042,4.211
2026-04-29T14:45:25.609479,81.88,0.2025,83.85,0.21,1000.0,0.0,4.199,87.3,97,0,60.0,2026-04-29T14:46:25.609317,4.211
2026-04-29T14:45:26.582653,81.92,0.1957,83.89,0.2081,1000.0,0.0,4.199,87.3,97,0,60.0,2026-04-29T14:46:26.582452,4.211
2026-04-29T14:45:26.624483,81.92,0.2084,83.89,0.2116,1000.0,0.0,4.199,87.3,97,0,60.0,2026-04-29T14:46:26.624335,4.211
2026-04-29T14:45:26.661878,81.92,0.2084,83.89,0.213,1000.0,0.0,4.199,87.3,97,0,60.0,2026-04-29T14:46:26.661740,4.211
2026-04-29T14:45:27.625110,81.94,0.211,83.92,0.2137,1000.0,0.0,4.199,87.3,97,0,60.0,2026-04-29T14:46:27.624945,4.211
2026-04-29T14:45:27.694459,81.94,0.211,83.92,0.2157,1000.0,0.0,4.199,87.3,97,0,60.0,2026-04-29T14:46:27.681861,4.211
2026-04-29T14:45:28.636519,81.94,0.211,83.94,0.2171,1000.0,0.0,4.199,87.3,97,0,60.0,2026-04-29T14:46:28.636359,4.211
2026-04-29T14:45:28.675801,81.99,0.211,83.96,0.2175,1000.0,0.0,4.199,87.2,97,0,60.0,2026-04-29T14:46:28.675665,4.211
2026-04-29T14:45:28.712190,81.99,0.211,83.96,0.2179,1000.0,0.0,4.199,87.2,97,0,60.0,2026-04-29T14:46:28.712059,4.211
2026-04-29T14:45:29.725719,82.04,0.211,83.99,0.2184,1000.0,0.0,4.199,87.2,97,0,60.0,2026-04-29T14:46:29.725550,4.211
2026-04-29T14:45:29.762803,82.04,0.2075,84.01,0.2166,1000.0,0.0,4.199,87.2,97,0,60.0,2026-04-29T14:46:29.762626,4.211
2026-04-29T14:45:29.798371,82.04,0.2075,84.01,0.216,1000.0,0.0,4.199,87.2,97,0,60.0,2026-04-29T14:46:29.798223,4.211
2026-04-29T14:45:30.750698,82.08,0.2075,84.05,0.2156,1000.0,0.0,4.199,87.2,97,0,60.0,2026-04-29T14:46:30.750514,4.211
2026-04-29T14:45:30.790139,82.08,0.2092,84.05,0.216,1000.0,0.0,4.199,87.2,97,0,60.0,2026-04-29T14:46:30.789997,4.211
2026-04-29T14:45:30.826408,82.08,0.2092,84.06,0.2163,1000.0,0.0,4.199,87.2,97,0,60.0,2026-04-29T14:46:30.826286,4.211
2026-04-29T14:45:31.789868,82.12,0.2084,84.09,0.2163,1000.0,0.0,4.199,87.2,97,0,60.0,2026-04-29T14:46:31.789630,4.211
2026-04-29T14:45:31.825886,82.12,0.2101,84.09,0.2169,1000.0,0.0,4.199,87.2,97,0,60.0,2026-04-29T14:46:31.825778,4.211
2026-04-29T14:45:31.862087,82.12,0.2101,84.1,0.2172,1000.0,0.0,4.199,87.2,97,0,60.0,2026-04-29T14:46:31.861964,4.211
2026-04-29T14:45:32.855444,82.22,0.2128,84.16,0.2175,1000.0,0.0,4.199,87.2,97,0,60.0,2026-04-29T14:46:32.855236,4.211
2026-04-29T14:45:32.892714,82.22,0.2128,84.18,0.2187,1000.0,0.0,4.199,87.2,97,0,60.0,2026-04-29T14:46:32.892583,4.211
2026-04-29T14:45:33.883884,82.22,0.2128,84.21,0.2195,1000.0,0.0,4.199,87.2,98,0,60.0,2026-04-29T14:46:33.882569,4.211
2026-04-29T14:45:34.001732,82.26,0.2128,84.23,0.2196,1000.0,0.0,4.199,87.2,98,0,60.0,2026-04-29T14:46:34.001585,4.211
2026-04-29T14:45:34.094160,82.26,0.2128,84.24,0.2201,1000.0,0.0,4.199,87.2,98,0,60.0,2026-04-29T14:46:34.093986,4.211
2026-04-29T14:45:34.934861,82.27,0.2128,84.26,0.2204,1000.0,0.0,4.199,87.2,98,0,60.0,2026-04-29T14:46:34.934629,4.211
2026-04-29T14:45:34.972237,82.27,0.2109,84.26,0.2191,1000.0,0.0,4.199,87.2,98,0,60.0,2026-04-29T14:46:34.972069,4.211
2026-04-29T14:45:35.006292,82.27,0.2109,84.26,0.2189,1000.0,0.0,4.199,87.2,98,0,60.0,2026-04-29T14:46:35.006188,4.211
2026-04-29T14:45:35.998186,82.35,0.2109,84.3,0.2189,1000.0,0.0,4.199,87.2,98,0,60.0,2026-04-29T14:46:35.998043,4.211
2026-04-29T14:45:36.036619,82.35,0.2109,84.31,0.2185,1000.0,0.0,4.199,87.2,98,0,60.0,2026-04-29T14:46:36.036503,4.211
2026-04-29T14:45:36.071341,82.35,0.2109,84.32,0.2186,1000.0,0.0,4.199,87.2,98,0,60.0,2026-04-29T14:46:36.071239,4.211
2026-04-29T14:45:37.030193,82.43,0.2084,84.37,0.218,1000.0,0.0,4.199,87.1,98,0,60.0,2026-04-29T14:46:37.030050,4.211
2026-04-29T14:45:37.064415,82.43,0.212,84.38,0.2187,1000.0,0.0,4.199,87.1,98,0,60.0,2026-04-29T14:46:37.064296,4.211
2026-04-29T14:45:37.098132,82.43,0.212,84.39,0.219,1000.0,0.0,4.199,87.1,98,0,60.0,2026-04-29T14:46:37.098038,4.211
2026-04-29T14:45:38.105143,82.45,0.2135,84.42,0.2198,1000.0,0.0,4.199,87.1,98,0,60.0,2026-04-29T14:46:38.104994,4.211
2026-04-29T14:45:38.141484,82.45,0.2135,84.43,0.2204,1000.0,0.0,4.199,87.1,98,0,60.0,2026-04-29T14:46:38.141376,4.211
2026-04-29T14:45:39.134711,82.45,0.2135,84.45,0.2208,1000.0,0.0,4.199,87.1,98,0,60.0,2026-04-29T14:46:39.134529,4.211
2026-04-29T14:45:39.179673,82.49,0.2092,84.46,0.2182,1000.0,0.0,4.199,87.1,98,0,60.0,2026-04-29T14:46:39.179545,4.211
2026-04-29T14:45:39.213921,82.49,0.2092,84.47,0.2177,1000.0,0.0,4.199,87.1,98,0,60.0,2026-04-29T14:46:39.213817,4.211
2026-04-29T14:45:40.173107,82.58,0.2092,84.5,0.2174,1000.0,0.0,4.199,87.1,98,0,60.0,2026-04-29T14:46:40.172961,4.211
2026-04-29T14:45:40.209460,82.58,0.2083,84.53,0.2153,1000.0,0.0,4.199,87.1,98,0,60.0,2026-04-29T14:46:40.209353,4.211
2026-04-29T14:45:40.243055,82.58,0.2083,84.54,0.2155,1000.0,0.0,4.199,87.1,98,0,60.0,2026-04-29T14:46:40.242964,4.211
2026-04-29T14:45:41.247079,82.63,0.2083,84.58,0.2159,1000.0,0.0,4.199,87.1,98,0,60.0,2026-04-29T14:46:41.246908,4.211
2026-04-29T14:45:41.286500,82.63,0.2152,84.59,0.2185,1000.0,0.0,4.199,87.1,98,0,60.0,2026-04-29T14:46:41.286379,4.211
2026-04-29T14:45:41.320570,82.63,0.2152,84.59,0.22,1000.0,0.0,4.199,87.1,98,0,60.0,2026-04-29T14:46:41.320483,4.211
2026-04-29T14:45:42.299787,82.68,0.2152,84.63,0.2208,1000.0,0.0,4.199,87.1,98,0,60.0,2026-04-29T14:46:42.299628,4.211
2026-04-29T14:45:42.337504,82.68,0.2152,84.64,0.2217,1000.0,0.0,4.199,87.1,98,0,60.0,2026-04-29T14:46:42.337364,4.211
2026-04-29T14:45:42.372751,82.68,0.2152,84.65,0.2221,1000.0,0.0,4.199,87.1,98,0,60.0,2026-04-29T14:46:42.372608,4.211
2026-04-29T14:45:43.346035,82.72,0.211,84.68,0.2208,1000.0,0.0,4.199,87.1,98,0,60.0,2026-04-29T14:46:43.345875,4.211
2026-04-29T14:45:43.382815,82.72,0.211,84.69,0.22,1000.0,0.0,4.199,87.1,98,0,60.0,2026-04-29T14:46:43.382707,4.211
2026-04-29T14:45:44.415490,82.72,0.211,84.72,0.2195,1000.0,0.0,4.199,87.1,98,0,60.0,2026-04-29T14:46:44.415126,4.211
2026-04-29T14:45:44.454004,82.74,0.2101,84.72,0.2183,1000.0,0.0,4.199,87.1,98,0,60.0,2026-04-29T14:46:44.453723,4.211
2026-04-29T14:45:44.489789,82.74,0.2101,84.72,0.2181,1000.0,0.0,4.199,87.1,98,0,60.0,2026-04-29T14:46:44.489653,4.211
2026-04-29T14:45:45.431286,82.83,0.2101,84.75,0.2181,1000.0,0.0,4.199,87.1,98,0,60.0,2026-04-29T14:46:45.431051,4.211
2026-04-29T14:45:45.477074,82.83,0.211,84.77,0.2182,1000.0,0.0,4.199,87.1,98,0,60.0,2026-04-29T14:46:45.476889,4.211
2026-04-29T14:45:45.514039,82.83,0.211,84.78,0.2184,1000.0,0.0,4.199,87.1,98,0,60.0,2026-04-29T14:46:45.513886,4.211
2026-04-29T14:45:46.488748,82.9,0.2101,84.83,0.2185,1000.0,0.0,4.199,87.0,98,0,60.0,2026-04-29T14:46:46.488538,4.211
2026-04-29T14:45:46.529891,82.9,0.2118,84.85,0.2189,1000.0,0.0,4.199,87.0,98,0,60.0,2026-04-29T14:46:46.529746,4.211
2026-04-29T14:45:46.569563,82.9,0.2118,84.85,0.2191,1000.0,0.0,4.199,87.0,98,0,60.0,2026-04-29T14:46:46.569262,4.211
2026-04-29T14:45:47.542371,82.95,0.2118,84.9,0.2193,1000.0,0.0,4.199,87.0,98,0,60.0,2026-04-29T14:46:47.542178,4.211
2026-04-29T14:45:47.593078,82.95,0.2118,84.91,0.2194,1000.0,0.0,4.199,87.0,98,0,60.0,2026-04-29T14:46:47.592907,4.211
2026-04-29T14:45:47.649999,82.95,0.2118,84.91,0.2194,1000.0,0.0,4.199,87.0,98,0,60.0,2026-04-29T14:46:47.648918,4.211
2026-04-29T14:45:48.599560,83.03,0.2109,84.97,0.2179,1000.0,0.0,4.199,87.0,98,0,60.0,2026-04-29T14:46:48.599381,4.211
2026-04-29T14:45:48.641075,83.03,0.2109,84.98,0.2182,1000.0,0.0,4.199,87.0,98,0,60.0,2026-04-29T14:46:48.640904,4.211
2026-04-29T14:45:49.608662,83.03,0.2109,85.01,0.2185,1000.0,0.0,4.199,87.0,98,0,60.0,2026-04-29T14:46:49.608408,4.211
2026-04-29T14:45:49.654400,83.09,0.2218,85.04,0.2204,1000.0,0.0,4.199,87.0,98,0,60.0,2026-04-29T14:46:49.652990,4.211
2026-04-29T14:45:49.750988,83.09,0.2218,85.05,0.224,1000.0,0.0,4.199,87.0,98,0,60.0,2026-04-29T14:46:49.746122,4.211
2026-04-29T14:45:50.653565,83.12,0.2218,85.08,0.227,1000.0,0.0,4.199,87.0,98,0,60.0,2026-04-29T14:46:50.653347,4.211
2026-04-29T14:45:50.699448,83.12,0.2218,85.09,0.2278,1000.0,0.0,4.199,87.0,98,0,60.0,2026-04-29T14:46:50.699258,4.211
2026-04-29T14:45:50.739586,83.12,0.2218,85.09,0.2285,1000.0,0.0,4.199,87.0,98,0,60.0,2026-04-29T14:46:50.739430,4.211
2026-04-29T14:45:51.731327,83.17,0.2168,85.12,0.2284,1000.0,0.0,4.199,87.0,98,0,60.0,2026-04-29T14:46:51.731169,4.211
2026-04-29T14:45:51.767003,83.17,0.2185,85.13,0.2273,1000.0,0.0,4.199,87.0,98,0,60.0,2026-04-29T14:46:51.766855,4.211
2026-04-29T14:45:51.806130,83.17,0.2185,85.14,0.227,1000.0,0.0,4.199,87.0,98,0,60.0,2026-04-29T14:46:51.805972,4.211
2026-04-29T14:45:52.757542,83.21,0.2185,85.17,0.2267,1000.0,0.0,4.199,87.0,98,0,60.0,2026-04-29T14:46:52.757394,4.211
2026-04-29T14:45:52.794703,83.21,0.2227,85.18,0.2283,1000.0,0.0,4.199,87.0,98,0,60.0,2026-04-29T14:46:52.794562,4.211
2026-04-29T14:45:52.831374,83.21,0.2227,85.18,0.229,1000.0,0.0,4.199,87.0,98,0,60.0,2026-04-29T14:46:52.831250,4.211
2026-04-29T14:45:53.805198,83.26,0.2227,85.22,0.2296,1000.0,0.0,4.199,87.0,98,0,60.0,2026-04-29T14:46:53.805030,4.211
2026-04-29T14:45:53.851234,83.26,0.2227,85.22,0.23,1000.0,0.0,4.199,87.0,98,0,60.0,2026-04-29T14:46:53.851103,4.211
2026-04-29T14:45:54.838002,83.26,0.2227,85.25,0.2303,1000.0,0.0,4.199,87.0,98,0,60.0,2026-04-29T14:46:54.837821,4.211
2026-04-29T14:45:54.875650,83.27,0.2194,85.24,0.229,1000.0,0.0,4.199,87.0,98,0,60.0,2026-04-29T14:46:54.875511,4.211
2026-04-29T14:45:54.911073,83.27,0.2194,85.24,0.2283,1000.0,0.0,4.199,87.0,98,0,60.0,2026-04-29T14:46:54.910939,4.211
2026-04-29T14:45:55.899845,83.35,0.2194,85.27,0.2278,1000.0,0.0,4.199,86.9,98,0,60.0,2026-04-29T14:46:55.899725,4.211
2026-04-29T14:45:55.946826,83.35,0.2194,85.3,0.226,1000.0,0.0,4.199,86.9,98,0,60.0,2026-04-29T14:46:55.946692,4.211
2026-04-29T14:45:55.982936,83.35,0.2194,85.3,0.2264,1000.0,0.0,4.199,86.9,98,0,60.0,2026-04-29T14:46:55.982788,4.211
2026-04-29T14:45:56.963959,83.46,0.212,85.36,0.2257,1000.0,0.0,4.199,86.9,98,0,60.0,2026-04-29T14:46:56.963786,4.211
2026-04-29T14:45:57.021464,83.46,0.2142,85.39,0.2237,1000.0,0.0,4.199,86.9,98,0,60.0,2026-04-29T14:46:57.021059,4.211
2026-04-29T14:45:57.066401,83.46,0.2142,85.41,0.2231,1000.0,0.0,4.199,86.9,98,0,60.0,2026-04-29T14:46:57.066255,4.211
2026-04-29T14:45:58.021795,83.47,0.2109,85.44,0.2216,1000.0,0.0,4.199,86.9,98,0,60.0,2026-04-29T14:46:58.021599,4.211
2026-04-29T14:45:58.062826,83.47,0.2142,85.44,0.2218,1000.0,0.0,4.199,86.9,98,0,60.0,2026-04-29T14:46:58.062711,4.211
2026-04-29T14:45:58.100485,83.47,0.2142,85.44,0.2219,1000.0,0.0,4.199,86.9,98,0,60.0,2026-04-29T14:46:58.100357,4.211
2026-04-29T14:45:59.060582,83.51,0.2264,85.47,0.2243,1000.0,0.0,4.199,86.9,98,0,60.0,2026-04-29T14:46:59.060414,4.211
2026-04-29T14:45:59.097593,83.51,0.2264,85.48,0.2282,1000.0,0.0,4.199,86.9,98,0,60.0,2026-04-29T14:46:59.097456,4.211
2026-04-29T14:46:00.074158,83.51,0.2264,85.5,0.2309,1000.0,0.0,4.199,86.9,98,0,60.0,2026-04-29T14:47:00.074008,4.211
2026-04-29T14:46:00.111864,83.55,0.2264,85.51,0.2328,1000.0,0.0,4.199,86.9,98,0,60.0,2026-04-29T14:47:00.111728,4.211
2026-04-29T14:46:00.149106,83.55,0.2264,85.52,0.2333,1000.0,0.0,4.199,86.9,98,0,60.0,2026-04-29T14:47:00.148988,4.211
2026-04-29T14:46:01.147256,83.62,0.2264,85.55,0.2339,1000.0,0.0,4.199,86.9,98,0,60.0,2026-04-29T14:47:01.147063,4.211
2026-04-29T14:46:01.193884,83.62,0.2254,85.57,0.2331,1000.0,0.0,4.199,86.9,98,0,60.0,2026-04-29T14:47:01.193732,4.211
2026-04-29T14:46:01.229639,83.62,0.2254,85.58,0.2332,1000.0,0.0,4.199,86.9,98,0,60.0,2026-04-29T14:47:01.229479,4.211
2026-04-29T14:46:02.205487,83.68,0.2202,85.62,0.2325,1000.0,0.0,4.199,86.9,98,0,60.0,2026-04-29T14:47:02.205256,4.211
2026-04-29T14:46:02.247627,83.68,0.2202,85.64,0.2305,1000.0,0.0,4.199,86.9,98,0,60.0,2026-04-29T14:47:02.247487,4.211
2026-04-29T14:46:02.284469,83.68,0.2202,85.64,0.2297,1000.0,0.0,4.199,86.9,98,0,60.0,2026-04-29T14:47:02.284334,4.211
2026-04-29T14:46:03.246322,83.71,0.22,85.68,0.2288,1000.0,0.0,4.199,86.9,98,0,60.0,2026-04-29T14:47:03.246150,4.211
2026-04-29T14:46:03.284468,83.71,0.2218,85.68,0.2292,1000.0,0.0,4.199,86.9,98,0,60.0,2026-04-29T14:47:03.284311,4.211
2026-04-29T14:46:03.322070,83.71,0.2218,85.68,0.2294,1000.0,0.0,4.199,86.9,98,0,60.0,2026-04-29T14:47:03.321923,4.211
2026-04-29T14:46:04.312431,83.78,0.2218,85.73,0.2294,1000.0,0.0,4.199,86.8,98,0,60.0,2026-04-29T14:47:04.312264,4.211
2026-04-29T14:46:04.352012,83.78,0.2218,85.74,0.2296,1000.0,0.0,4.199,86.8,98,0,60.0,2026-04-29T14:47:04.351847,4.211
2026-04-29T14:46:05.330989,83.78,0.2218,85.76,0.2297,1000.0,0.0,4.199,86.8,98,0,60.0,2026-04-29T14:47:05.330804,4.211
2026-04-29T14:46:05.380739,83.82,0.2178,85.78,0.2278,1000.0,0.0,4.199,86.8,98,0,60.0,2026-04-29T14:47:05.380596,4.211
2026-04-29T14:46:05.419712,83.82,0.2178,85.78,0.2269,1000.0,0.0,4.199,86.8,98,0,60.0,2026-04-29T14:47:05.419551,4.211
2026-04-29T14:46:06.389044,83.86,0.2178,85.81,0.2263,1000.0,0.0,4.199,86.8,98,0,60.0,2026-04-29T14:47:06.388833,4.211
2026-04-29T14:46:06.443262,83.86,0.2202,85.82,0.2267,1000.0,0.0,4.199,86.8,98,0,60.0,2026-04-29T14:47:06.443046,4.211
2026-04-29T14:46:06.480092,83.86,0.2202,85.82,0.2272,1000.0,0.0,4.199,86.8,98,0,60.0,2026-04-29T14:47:06.479935,4.211
2026-04-29T14:46:07.433556,83.92,0.2178,85.86,0.2274,1000.0,0.0,4.199,86.8,98,0,60.0,2026-04-29T14:47:07.433303,4.211
2026-04-29T14:46:07.478827,83.92,0.2209,85.87,0.228,1000.0,0.0,4.199,86.8,98,0,60.0,2026-04-29T14:47:07.478662,4.211
2026-04-29T14:46:07.515009,83.92,0.2209,85.88,0.2283,1000.0,0.0,4.199,86.8,98,0,60.0,2026-04-29T14:47:07.514875,4.211
2026-04-29T14:46:08.498204,83.95,0.2177,85.91,0.2282,1000.0,0.0,4.199,86.8,98,0,60.0,2026-04-29T14:47:08.498029,4.211
2026-04-29T14:46:08.541205,83.95,0.2209,85.92,0.2285,1000.0,0.0,4.199,86.8,98,0,60.0,2026-04-29T14:47:08.541033,4.211
2026-04-29T14:46:08.579397,83.95,0.2209,85.92,0.2286,1000.0,0.0,4.199,86.8,98,0,60.0,2026-04-29T14:47:08.579257,4.211
2026-04-29T14:46:09.553050,83.97,0.2187,85.94,0.2277,1000.0,0.0,4.199,86.8,98,0,60.0,2026-04-29T14:47:09.552690,4.211
2026-04-29T14:46:09.592946,83.97,0.2187,85.94,0.2273,1000.0,0.0,4.199,86.8,98,0,60.0,2026-04-29T14:47:09.592810,4.211
2026-04-29T14:46:10.571404,83.97,0.2187,85.97,0.2271,1000.0,0.0,4.199,86.8,98,0,60.0,2026-04-29T14:47:10.571032,4.211
2026-04-29T14:46:10.614162,83.99,0.2187,85.97,0.2264,1000.0,0.0,4.199,86.8,98,0,60.0,2026-04-29T14:47:10.614012,4.211
2026-04-29T14:46:10.650142,83.99,0.2187,85.96,0.2265,1000.0,0.0,4.199,86.8,98,0,60.0,2026-04-29T14:47:10.649909,4.211
2026-04-29T14:46:11.629923,84.02,0.2187,85.99,0.2266,1000.0,0.0,4.199,86.8,98,0,60.0,2026-04-29T14:47:11.629764,4.211
2026-04-29T14:46:11.737433,84.02,0.2187,85.99,0.2259,1000.0,0.0,4.199,86.8,98,0,60.0,2026-04-29T14:47:11.737255,4.211
2026-04-29T14:46:11.774521,84.02,0.2187,85.99,0.2262,1000.0,0.0,4.199,86.8,98,0,60.0,2026-04-29T14:47:11.774371,4.211
2026-04-29T14:46:12.671457,84.08,0.2187,86.03,0.2265,1000.0,0.0,4.199,86.8,98,0,60.0,2026-04-29T14:47:12.671283,4.211
2026-04-29T14:46:12.710956,84.08,0.2151,86.04,0.2242,1000.0,0.0,4.199,86.8,98,0,60.0,2026-04-29T14:47:12.710839,4.211
2026-04-29T14:46:12.747326,84.08,0.2151,86.04,0.2238,1000.0,0.0,4.199,86.8,98,0,60.0,2026-04-29T14:47:12.747190,4.211
2026-04-29T14:46:13.737263,84.11,0.2067,86.08,0.2209,1000.0,0.0,4.199,86.8,98,0,60.0,2026-04-29T14:47:13.737075,4.211
2026-04-29T14:46:13.777951,84.11,0.2151,86.08,0.2218,1000.0,0.0,4.199,86.8,98,0,60.0,2026-04-29T14:47:13.777747,4.211
2026-04-29T14:46:13.814515,84.11,0.2151,86.08,0.2221,1000.0,0.0,4.199,86.8,98,0,60.0,2026-04-29T14:47:13.814383,4.211
2026-04-29T14:46:14.769135,84.15,0.2177,86.12,0.2228,1000.0,0.0,4.199,86.8,98,0,60.0,2026-04-29T14:47:14.768980,4.211
2026-04-29T14:46:14.807450,84.15,0.2177,86.12,0.2239,1000.0,0.0,4.199,86.8,98,0,60.0,2026-04-29T14:47:14.807322,4.211
2026-04-29T14:46:15.793775,84.15,0.2177,86.15,0.2247,1000.0,0.0,4.199,86.8,98,0,60.0,2026-04-29T14:47:15.793616,4.211
2026-04-29T14:46:15.830291,84.17,0.2209,86.15,0.2248,1000.0,0.0,4.199,86.7,98,0,60.0,2026-04-29T14:47:15.830150,4.211
2026-04-29T14:46:15.865432,84.17,0.2209,86.15,0.2263,1000.0,0.0,4.199,86.7,98,0,60.0,2026-04-29T14:47:15.865288,4.211
2026-04-29T14:46:16.862692,84.32,0.2209,86.19,0.2277,1000.0,0.0,4.199,86.7,98,0,60.0,2026-04-29T14:47:16.862465,4.211
2026-04-29T14:46:16.906865,84.32,0.2253,86.24,0.23,1000.0,0.0,4.199,86.7,98,0,60.0,2026-04-29T14:47:16.906720,4.211
2026-04-29T14:46:16.942821,84.32,0.2253,86.26,0.2311,1000.0,0.0,4.199,86.7,98,0,60.0,2026-04-29T14:47:16.942694,4.211
2026-04-29T14:46:17.910399,84.33,0.22,86.29,0.2315,1000.0,0.0,4.199,86.7,98,0,60.0,2026-04-29T14:47:17.910260,4.211
2026-04-29T14:46:17.951615,84.33,0.2202,86.3,0.2299,1000.0,0.0,4.199,86.7,98,0,60.0,2026-04-29T14:47:17.951358,4.211
2026-04-29T14:46:17.989512,84.33,0.2202,86.3,0.2293,1000.0,0.0,4.199,86.7,98,0,60.0,2026-04-29T14:47:17.989393,4.211
2026-04-29T14:46:18.978340,84.37,0.2202,86.33,0.2287,1000.0,0.0,4.199,86.7,98,0,60.0,2026-04-29T14:47:18.978139,4.211
2026-04-29T14:46:19.019429,84.37,0.2202,86.33,0.2284,1000.0,0.0,4.199,86.7,98,0,60.0,2026-04-29T14:47:19.019249,4.211
2026-04-29T14:46:19.064350,84.37,0.2202,86.34,0.2283,1000.0,0.0,4.199,86.7,98,0,60.0,2026-04-29T14:47:19.064199,4.211
2026-04-29T14:46:20.036436,84.41,0.2177,86.37,0.225,1000.0,0.0,4.199,86.7,98,0,60.0,2026-04-29T14:47:20.036128,4.211
2026-04-29T14:46:20.075937,84.41,0.2177,86.38,0.2253,1000.0,0.0,4.199,86.7,98,0,60.0,2026-04-29T14:47:20.075827,4.211
2026-04-29T14:46:21.058859,84.41,0.2177,86.4,0.2255,1000.0,0.0,4.199,86.7,98,0,60.0,2026-04-29T14:47:21.058624,4.211
2026-04-29T14:46:21.106312,84.46,0.216,86.42,0.224,1000.0,0.0,4.199,86.7,98,0,60.0,2026-04-29T14:47:21.106135,4.211
2026-04-29T14:46:21.142955,84.46,0.216,86.42,0.2239,1000.0,0.0,4.199,86.7,98,0,60.0,2026-04-29T14:47:21.142830,4.211
2026-04-29T14:46:22.114487,84.51,0.216,86.46,0.224,1000.0,0.0,4.199,86.7,98,0,60.0,2026-04-29T14:47:22.114298,4.211
2026-04-29T14:46:22.169533,84.51,0.216,86.47,0.2208,1000.0,0.0,4.199,86.7,98,0,60.0,2026-04-29T14:47:22.169367,4.211
2026-04-29T14:46:22.206297,84.51,0.216,86.48,0.2219,1000.0,0.0,4.199,86.7,98,0,60.0,2026-04-29T14:47:22.206166,4.211
2026-04-29T14:46:23.148626,84.53,0.1998,86.5,0.2205,1000.0,0.0,4.199,86.7,98,0,60.0,2026-04-29T14:47:23.148452,4.211
2026-04-29T14:46:23.186268,84.53,0.2286,86.5,0.2269,1000.0,0.0,4.199,86.7,98,0,60.0,2026-04-29T14:47:23.186089,4.211
2026-04-29T14:46:23.223408,84.53,0.2286,86.5,0.2301,1000.0,0.0,4.199,86.7,98,0,60.0,2026-04-29T14:47:23.223192,4.211
2026-04-29T14:46:24.223354,84.6,0.2227,86.55,0.2332,1000.0,0.0,4.199,86.7,98,0,60.0,2026-04-29T14:47:24.223174,4.211
2026-04-29T14:46:24.263791,84.6,0.2286,86.56,0.2347,1000.0,0.0,4.199,86.7,98,0,60.0,2026-04-29T14:47:24.263647,4.211
2026-04-29T14:46:24.301525,84.6,0.2286,86.56,0.2353,1000.0,0.0,4.199,86.7,98,0,60.0,2026-04-29T14:47:24.301359,4.211
2026-04-29T14:46:25.258874,84.7,0.2254,86.63,0.2343,1000.0,0.0,4.199,86.6,98,0,60.0,2026-04-29T14:47:25.258722,4.211
2026-04-29T14:46:25.295634,84.7,0.2254,86.64,0.234,1000.0,0.0,4.199,86.6,98,0,60.0,2026-04-29T14:47:25.295479,4.211
2026-04-29T14:46:26.296771,84.7,0.2254,86.68,0.2338,1000.0,0.0,4.199,86.6,98,0,60.0,2026-04-29T14:47:26.296560,4.211
2026-04-29T14:46:26.345009,84.71,0.2303,86.68,0.2347,1000.0,0.0,4.199,86.6,98,0,60.0,2026-04-29T14:47:26.344863,4.211
2026-04-29T14:46:26.381594,84.71,0.2303,86.68,0.2361,1000.0,0.0,4.199,86.6,98,0,60.0,2026-04-29T14:47:26.381462,4.211
2026-04-29T14:46:27.353707,84.76,0.2303,86.71,0.2373,1000.0,0.0,4.199,86.6,98,0,60.0,2026-04-29T14:47:27.353523,4.211
2026-04-29T14:46:27.396475,84.76,0.2354,86.72,0.2383,1000.0,0.0,4.199,86.6,98,0,60.0,2026-04-29T14:47:27.396312,4.211
2026-04-29T14:46:27.432623,84.76,0.2354,86.72,0.2401,1000.0,0.0,4.199,86.6,98,0,60.0,2026-04-29T14:47:27.432488,4.211
2026-04-29T14:46:28.408692,84.78,0.2244,86.75,0.2402,1000.0,0.0,4.199,86.6,98,0,60.0,2026-04-29T14:47:28.408429,4.211
2026-04-29T14:46:28.450668,84.78,0.2322,86.75,0.2395,1000.0,0.0,4.199,86.6,98,0,60.0,2026-04-29T14:47:28.450492,4.211
2026-04-29T14:46:28.495312,84.78,0.2322,86.75,0.2398,1000.0,0.0,4.199,86.6,98,0,60.0,2026-04-29T14:47:28.495156,4.211
2026-04-29T14:46:29.461018,84.79,0.2236,86.77,0.2389,1000.0,0.0,4.199,86.6,98,0,60.0,2026-04-29T14:47:29.460835,4.211
2026-04-29T14:46:29.501461,84.79,0.2322,86.77,0.2394,1000.0,0.0,4.199,86.6,98,0,60.0,2026-04-29T14:47:29.501303,4.211
2026-04-29T14:46:29.538757,84.79,0.2322,86.76,0.2397,1000.0,0.0,4.199,86.6,98,0,60.0,2026-04-29T14:47:29.538587,4.211
2026-04-29T14:46:30.515147,84.85,0.2362,86.8,0.2385,1000.0,0.0,4.199,86.6,98,0,60.0,2026-04-29T14:47:30.514968,4.211
2026-04-29T14:46:30.557250,84.85,0.2362,86.81,0.2408,1000.0,0.0,4.199,86.6,98,0,60.0,2026-04-29T14:47:30.557097,4.211
2026-04-29T14:46:31.536258,84.85,0.2362,86.84,0.2425,1000.0,0.0,4.199,86.6,98,0,60.0,2026-04-29T14:47:31.535932,4.211
2026-04-29T14:46:31.583683,84.9,0.2362,86.86,0.2435,1000.0,0.0,4.199,86.6,98,0,60.0,2026-04-29T14:47:31.583429,4.211
2026-04-29T14:46:31.621475,84.9,0.2362,86.86,0.2438,1000.0,0.0,4.199,86.6,98,0,60.0,2026-04-29T14:47:31.621337,4.211
2026-04-29T14:46:32.588146,84.93,0.2362,86.89,0.2442,1000.0,0.0,4.199,86.6,98,0,60.0,2026-04-29T14:47:32.587946,4.211
2026-04-29T14:46:32.633465,84.93,0.2295,86.9,0.2406,1000.0,0.0,4.199,86.6,98,0,60.0,2026-04-29T14:47:32.633243,4.211
2026-04-29T14:46:32.669483,84.93,0.2295,86.9,0.2395,1000.0,0.0,4.199,86.6,98,0,60.0,2026-04-29T14:47:32.669348,4.211
2026-04-29T14:46:33.635274,84.98,0.2286,86.93,0.2383,1000.0,0.0,4.199,86.6,98,0,60.0,2026-04-29T14:47:33.634783,4.211
2026-04-29T14:46:33.722050,84.98,0.2362,86.93,0.2406,1000.0,0.0,4.199,86.6,98,0,60.0,2026-04-29T14:47:33.707328,4.211
2026-04-29T14:46:33.771039,84.98,0.2362,86.94,0.242,1000.0,0.0,4.199,86.6,98,0,60.0,2026-04-29T14:47:33.770863,4.211
2026-04-29T14:46:34.680171,85.03,0.2346,86.97,0.2432,1000.0,0.0,4.199,86.6,98,0,60.0,2026-04-29T14:47:34.680012,4.211
2026-04-29T14:46:34.717558,85.03,0.2362,86.98,0.2437,1000.0,0.0,4.199,86.6,98,0,60.0,2026-04-29T14:47:34.717318,4.211
2026-04-29T14:46:34.754479,85.03,0.2362,86.99,0.2439,1000.0,0.0,4.199,86.6,98,0,60.0,2026-04-29T14:47:34.754347,4.211
2026-04-29T14:46:35.741402,85.08,0.2353,87.03,0.2437,1000.0,0.0,4.199,86.5,98,0,60.0,2026-04-29T14:47:35.741253,4.211
2026-04-29T14:46:35.792645,85.08,0.2353,87.03,0.2436,1000.0,0.0,4.199,86.5,98,0,60.0,2026-04-29T14:47:35.792398,4.211
2026-04-29T14:46:36.759678,85.08,0.2353,87.06,0.2436,1000.0,0.0,4.199,86.5,98,0,60.0,2026-04-29T14:47:36.759520,4.211
2026-04-29T14:46:36.797627,85.08,0.2353,87.05,0.2435,1000.0,0.0,4.199,86.5,98,0,60.0,2026-04-29T14:47:36.797497,4.211
2026-04-29T14:46:36.834225,85.08,0.2353,87.05,0.2435,1000.0,0.0,4.199,86.5,98,0,60.0,2026-04-29T14:47:36.834066,4.211
2026-04-29T14:46:37.813778,85.16,0.2353,87.08,0.2436,1000.0,0.0,4.199,86.5,98,0,60.0,2026-04-29T14:47:37.813611,4.211
2026-04-29T14:46:37.852340,85.16,0.238,87.1,0.2438,1000.0,0.0,4.199,86.5,98,0,60.0,2026-04-29T14:47:37.852138,4.211
2026-04-29T14:46:37.889536,85.16,0.238,87.11,0.2446,1000.0,0.0,4.199,86.5,98,0,60.0,2026-04-29T14:47:37.889398,4.211
2026-04-29T14:46:38.887610,85.21,0.2327,87.14,0.2447,1000.0,0.0,4.199,86.5,98,0,60.0,2026-04-29T14:47:38.887378,4.211
2026-04-29T14:46:38.939120,85.21,0.2353,87.16,0.2433,1000.0,0.0,4.199,86.5,98,0,60.0,2026-04-29T14:47:38.938966,4.211
2026-04-29T14:46:38.975765,85.21,0.2353,87.16,0.2434,1000.0,0.0,4.199,86.5,98,0,60.0,2026-04-29T14:47:38.975625,4.211
2026-04-29T14:46:39.930896,85.25,0.227,87.19,0.2412,1000.0,0.0,4.199,86.5,98,0,60.0,2026-04-29T14:47:39.930719,4.211
2026-04-29T14:46:39.971740,85.25,0.2353,87.2,0.2421,1000.0,0.0,4.199,86.5,98,0,60.0,2026-04-29T14:47:39.971590,4.211
2026-04-29T14:46:40.008501,85.25,0.2353,87.2,0.2426,1000.0,0.0,4.199,86.5,98,0,60.0,2026-04-29T14:47:40.008353,4.211
2026-04-29T14:46:40.996857,85.28,0.2329,87.23,0.2425,1000.0,0.0,4.199,86.5,98,0,60.0,2026-04-29T14:47:40.996669,4.211
2026-04-29T14:46:41.036514,85.28,0.2329,87.24,0.2419,1000.0,0.0,4.199,86.5,98,0,60.0,2026-04-29T14:47:41.036350,4.211
2026-04-29T14:46:42.021398,85.28,0.2329,87.26,0.2416,1000.0,0.0,4.199,86.5,98,0,60.0,2026-04-29T14:47:42.021156,4.211
2026-04-29T14:46:42.068168,85.31,0.2329,87.27,0.2407,1000.0,0.0,4.199,86.5,98,0,60.0,2026-04-29T14:47:42.068004,4.211
2026-04-29T14:46:42.104784,85.31,0.2329,87.27,0.2408,1000.0,0.0,4.199,86.5,98,0,60.0,2026-04-29T14:47:42.104633,4.211
2026-04-29T14:46:43.074917,85.32,0.2329,87.29,0.241,1000.0,0.0,4.199,86.5,98,0,60.0,2026-04-29T14:47:43.074703,4.211
2026-04-29T14:46:43.120790,85.32,0.2362,87.29,0.242,1000.0,0.0,4.199,86.5,98,0,60.0,2026-04-29T14:47:43.120618,4.211
2026-04-29T14:46:43.157539,85.32,0.2362,87.29,0.2429,1000.0,0.0,4.199,86.5,98,0,60.0,2026-04-29T14:47:43.157363,4.211
2026-04-29T14:46:44.129010,85.37,0.2362,87.32,0.2437,1000.0,0.0,4.199,86.5,98,0,60.0,2026-04-29T14:47:44.128819,4.211
2026-04-29T14:46:44.170763,85.37,0.2389,87.32,0.2446,1000.0,0.0,4.199,86.5,98,0,60.0,2026-04-29T14:47:44.170581,4.211
2026-04-29T14:46:44.206997,85.37,0.2389,87.33,0.2454,1000.0,0.0,4.199,86.5,98,0,60.0,2026-04-29T14:47:44.206864,4.211
2026-04-29T14:46:45.161607,85.42,0.2312,87.36,0.2443,1000.0,0.0,4.199,86.5,98,0,60.0,2026-04-29T14:47:45.161456,4.211
2026-04-29T14:46:45.197889,85.42,0.2312,87.37,0.2422,1000.0,0.0,4.199,86.5,98,0,60.0,2026-04-29T14:47:45.197742,4.211
2026-04-29T14:46:45.234691,85.42,0.2312,87.38,0.2413,1000.0,0.0,4.199,86.5,98,0,60.0,2026-04-29T14:47:45.234531,4.211
2026-04-29T14:46:46.235978,85.47,0.2287,87.42,0.2375,1000.0,0.0,4.199,86.5,98,0,60.0,2026-04-29T14:47:46.235779,4.211
2026-04-29T14:46:46.274903,85.47,0.2287,87.42,0.2372,1000.0,0.0,4.199,86.5,98,0,60.0,2026-04-29T14:47:46.274709,4.211
2026-04-29T14:46:47.256044,85.47,0.2287,87.45,0.2371,1000.0,0.0,4.199,86.5,98,0,60.0,2026-04-29T14:47:47.255838,4.211
2026-04-29T14:46:47.303286,85.51,0.2403,87.46,0.2388,1000.0,0.0,4.199,86.4,98,0,60.0,2026-04-29T14:47:47.303132,4.211
2026-04-29T14:46:47.369240,85.51,0.2403,87.47,0.2425,1000.0,0.0,4.199,86.4,98,0,60.0,2026-04-29T14:47:47.369046,4.211
2026-04-29T14:46:48.294071,85.51,0.2403,87.49,0.2455,1000.0,0.0,4.199,86.4,98,0,60.0,2026-04-29T14:47:48.293890,4.211
2026-04-29T14:46:48.332485,85.51,0.2379,87.48,0.246,1000.0,0.0,4.199,86.4,98,0,60.0,2026-04-29T14:47:48.332318,4.211
2026-04-29T14:46:48.370054,85.51,0.2379,87.48,0.246,1000.0,0.0,4.199,86.4,98,0,60.0,2026-04-29T14:47:48.369904,4.211
2026-04-29T14:46:49.368729,85.55,0.2327,87.51,0.2452,1000.0,0.0,4.199,86.4,98,0,60.0,2026-04-29T14:47:49.368412,4.211
2026-04-29T14:46:49.410236,85.55,0.2327,87.51,0.2428,1000.0,0.0,4.199,86.4,98,0,60.0,2026-04-29T14:47:49.410092,4.211
2026-04-29T14:46:49.447348,85.55,0.2327,87.51,0.2421,1000.0,0.0,4.199,86.4,98,0,60.0,2026-04-29T14:47:49.447231,4.211
2026-04-29T14:46:50.419295,85.64,0.2287,87.56,0.2403,1000.0,0.0,4.199,86.4,98,0,60.0,2026-04-29T14:47:50.419118,4.211
2026-04-29T14:46:50.459473,85.64,0.2287,87.58,0.2388,1000.0,0.0,4.199,86.4,98,0,60.0,2026-04-29T14:47:50.459332,4.211
2026-04-29T14:46:50.495733,85.64,0.2287,87.58,0.2381,1000.0,0.0,4.199,86.4,98,0,60.0,2026-04-29T14:47:50.495598,4.211
2026-04-29T14:46:51.474638,85.65,0.2312,87.61,0.2371,1000.0,0.0,4.199,86.4,98,0,60.0,2026-04-29T14:47:51.474449,4.211
2026-04-29T14:46:51.512626,85.65,0.2312,87.61,0.238,1000.0,0.0,4.199,86.4,98,0,60.0,2026-04-29T14:47:51.512498,4.211
2026-04-29T14:46:52.496400,85.65,0.2312,87.63,0.2386,1000.0,0.0,4.199,86.4,98,0,60.0,2026-04-29T14:47:52.496200,4.211
2026-04-29T14:46:52.546006,85.67,0.2412,87.63,0.2407,1000.0,0.0,4.199,86.4,98,0,60.0,2026-04-29T14:47:52.545860,4.211
2026-04-29T14:46:52.588057,85.67,0.2412,87.63,0.244,1000.0,0.0,4.199,86.4,98,0,60.0,2026-04-29T14:47:52.587861,4.211
2026-04-29T14:46:53.554854,85.73,0.2412,87.66,0.2468,1000.0,0.0,4.199,86.4,98,0,60.0,2026-04-29T14:47:53.554662,4.211
2026-04-29T14:46:53.601851,85.73,0.2447,87.67,0.2492,1000.0,0.0,4.199,86.4,98,0,60.0,2026-04-29T14:47:53.601715,4.211
2026-04-29T14:46:53.640341,85.73,0.2447,87.68,0.2505,1000.0,0.0,4.199,86.4,98,0,60.0,2026-04-29T14:47:53.640086,4.211
2026-04-29T14:46:54.608016,85.75,0.2412,87.71,0.2513,1000.0,0.0,4.199,86.4,98,0,60.0,2026-04-29T14:47:54.607711,4.211
2026-04-29T14:46:54.647080,85.75,0.2447,87.71,0.252,1000.0,0.0,4.199,86.4,98,0,60.0,2026-04-29T14:47:54.646953,4.211
2026-04-29T14:46:54.684393,85.75,0.2447,87.71,0.2523,1000.0,0.0,4.199,86.4,98,0,60.0,2026-04-29T14:47:54.684236,4.211
2026-04-29T14:46:55.656545,85.77,0.2388,87.73,0.2511,1000.0,0.0,4.199,86.4,98,0,60.0,2026-04-29T14:47:55.655824,4.211
2026-04-29T14:46:55.769883,85.77,0.2389,87.73,0.2494,1000.0,0.0,4.199,86.4,98,0,60.0,2026-04-29T14:47:55.769612,4.211
2026-04-29T14:46:55.811178,85.77,0.2389,87.73,0.2486,1000.0,0.0,4.199,86.4,98,0,60.0,2026-04-29T14:47:55.811032,4.211
2026-04-29T14:46:56.691821,85.79,0.2388,87.75,0.2477,1000.0,0.0,4.199,86.4,98,0,60.0,2026-04-29T14:47:56.691654,4.211
2026-04-29T14:46:56.734120,85.79,0.2388,87.75,0.2474,1000.0,0.0,4.199,86.4,98,0,60.0,2026-04-29T14:47:56.733968,4.211
2026-04-29T14:46:57.718164,85.79,0.2388,87.78,0.2473,1000.0,0.0,4.199,86.4,98,0,60.0,2026-04-29T14:47:57.718020,4.211
2026-04-29T14:46:57.754791,85.81,0.238,87.77,0.2464,1000.0,0.0,4.199,86.4,98,0,60.0,2026-04-29T14:47:57.754626,4.211
2026-04-29T14:46:57.792077,85.81,0.238,87.77,0.2463,1000.0,0.0,4.199,86.4,98,0,60.0,2026-04-29T14:47:57.791919,4.211
2026-04-29T14:46:58.771085,85.82,0.238,87.79,0.2464,1000.0,0.0,4.199,86.4,98,0,60.0,2026-04-29T14:47:58.770922,4.211
2026-04-29T14:46:58.811601,85.82,0.2337,87.79,0.2442,1000.0,0.0,4.199,86.4,98,0,60.0,2026-04-29T14:47:58.811456,4.211
2026-04-29T14:46:58.847004,85.82,0.2337,87.79,0.2434,1000.0,0.0,4.199,86.4,98,0,60.0,2026-04-29T14:47:58.846886,4.211
2026-04-29T14:46:59.910817,85.83,0.22,87.81,0.2403,1000.0,0.0,4.199,86.4,99,0,60.0,2026-04-29T14:47:59.910515,4.211
2026-04-29T14:46:59.972641,85.83,0.2396,87.8,0.2421,1000.0,0.0,4.199,86.4,99,0,60.0,2026-04-29T14:47:59.972470,4.211
2026-04-29T14:47:00.041994,85.83,0.2396,87.8,0.2442,1000.0,0.0,4.199,86.4,99,0,60.0,2026-04-29T14:48:00.041577,4.211
2026-04-29T14:47:00.887557,85.83,0.2396,87.81,0.2437,1000.0,0.0,4.199,86.4,99,0,60.0,2026-04-29T14:48:00.887234,4.211
2026-04-29T14:47:00.929134,85.83,0.2396,87.8,0.2454,1000.0,0.0,4.199,86.4,99,0,60.0,2026-04-29T14:48:00.928996,4.211
2026-04-29T14:47:00.971165,85.83,0.2396,87.8,0.2462,1000.0,0.0,4.199,86.4,99,0,60.0,2026-04-29T14:48:00.971005,4.211
2026-04-29T14:47:01.943521,85.83,0.2461,87.81,0.2474,1000.0,0.0,4.199,86.4,99,0,60.0,2026-04-29T14:48:01.943372,4.211
2026-04-29T14:47:01.979566,85.83,0.2461,87.8,0.2502,1000.0,0.0,4.199,86.4,99,0,60.0,2026-04-29T14:48:01.979464,4.211
2026-04-29T14:47:02.972936,85.83,0.2461,87.82,0.2521,1000.0,0.0,4.199,86.4,99,0,60.0,2026-04-29T14:48:02.972784,4.211
2026-04-29T14:47:03.015242,85.84,0.2461,87.81,0.2515,1000.0,0.0,4.199,86.4,99,0,60.0,2026-04-29T14:48:03.015125,4.211
2026-04-29T14:47:03.050743,85.84,0.2461,87.81,0.2525,1000.0,0.0,4.199,86.4,99,0,60.0,2026-04-29T14:48:03.050625,4.211
2026-04-29T14:47:04.020768,85.86,0.2461,87.83,0.2535,1000.0,0.0,4.199,86.4,99,0,60.0,2026-04-29T14:48:04.020619,4.211
2026-04-29T14:47:04.059998,85.86,0.2421,87.83,0.2511,1000.0,0.0,4.199,86.4,99,0,60.0,2026-04-29T14:48:04.059882,4.211
2026-04-29T14:47:04.105965,85.86,0.2421,87.83,0.2508,1000.0,0.0,4.199,86.4,99,0,60.0,2026-04-29T14:48:04.105852,4.211
2026-04-29T14:47:05.079842,85.86,0.2421,87.84,0.2506,1000.0,0.0,4.199,86.4,99,0,60.0,2026-04-29T14:48:05.079694,4.211
2026-04-29T14:47:05.118703,85.86,0.2421,87.83,0.2502,1000.0,0.0,4.199,86.4,99,0,60.0,2026-04-29T14:48:05.118582,4.211
2026-04-29T14:47:05.154082,85.86,0.2421,87.83,0.2502,1000.0,0.0,4.199,86.4,99,0,60.0,2026-04-29T14:48:05.153981,4.211
2026-04-29T14:47:06.129851,85.86,0.2388,87.84,0.2494,1000.0,0.0,4.199,86.4,99,0,60.0,2026-04-29T14:48:06.129669,4.211
2026-04-29T14:47:06.166283,85.86,0.2388,87.83,0.2484,1000.0,0.0,4.199,86.4,99,0,60.0,2026-04-29T14:48:06.166181,4.211
2026-04-29T14:47:06.201457,85.86,0.2388,87.83,0.2479,1000.0,0.0,4.199,86.4,99,0,60.0,2026-04-29T14:48:06.201346,4.211
2026-04-29T14:47:07.183006,85.95,0.2413,87.88,0.2473,1000.0,0.0,4.199,86.4,98,0,60.0,2026-04-29T14:48:07.182847,4.211
2026-04-29T14:47:07.218133,85.95,0.2413,87.89,0.2482,1000.0,0.0,4.199,86.4,98,0,60.0,2026-04-29T14:48:07.218014,4.211
2026-04-29T14:47:08.198137,85.95,0.2413,87.93,0.2489,1000.0,0.0,4.199,86.4,98,0,60.0,2026-04-29T14:48:08.197991,4.211
2026-04-29T14:47:08.234098,85.98,0.2413,87.94,0.2484,1000.0,0.0,4.199,86.3,98,0,60.0,2026-04-29T14:48:08.233987,4.211
2026-04-29T14:47:08.268476,85.98,0.2413,87.94,0.2488,1000.0,0.0,4.199,86.3,98,0,60.0,2026-04-29T14:48:08.268374,4.211
2026-04-29T14:47:09.274096,86.02,0.2413,87.97,0.2492,1000.0,0.0,4.199,86.3,98,0,60.0,2026-04-29T14:48:09.273917,4.211
2026-04-29T14:47:09.322976,86.02,0.2379,87.98,0.2475,1000.0,0.0,4.199,86.3,98,0,60.0,2026-04-29T14:48:09.322850,4.211
2026-04-29T14:47:09.360223,86.02,0.2379,87.98,0.247,1000.0,0.0,4.199,86.3,98,0,60.0,2026-04-29T14:48:09.360092,4.211
2026-04-29T14:47:10.306461,86.14,0.2362,88.03,0.2463,1000.0,0.0,4.199,86.3,98,0,60.0,2026-04-29T14:48:10.306316,4.211
2026-04-29T14:47:10.341727,86.14,0.2421,88.06,0.2476,1000.0,0.0,4.199,86.3,98,0,60.0,2026-04-29T14:48:10.341601,4.211
2026-04-29T14:47:10.375870,86.14,0.2421,88.07,0.2485,1000.0,0.0,4.199,86.3,98,0,60.0,2026-04-29T14:48:10.375757,4.211
2026-04-29T14:47:11.369559,86.14,0.2421,88.1,0.2496,1000.0,0.0,4.199,86.3,98,0,60.0,2026-04-29T14:48:11.369403,4.211
2026-04-29T14:47:11.406500,86.14,0.243,88.1,0.2503,1000.0,0.0,4.199,86.3,98,0,60.0,2026-04-29T14:48:11.406373,4.211
2026-04-29T14:47:11.440352,86.14,0.243,88.1,0.2506,1000.0,0.0,4.199,86.3,98,0,60.0,2026-04-29T14:48:11.440226,4.211
2026-04-29T14:47:12.434650,86.17,0.2337,88.13,0.2486,1000.0,0.0,4.199,86.3,98,0,60.0,2026-04-29T14:48:12.434510,4.211
2026-04-29T14:47:12.471012,86.17,0.2337,88.13,0.2459,1000.0,0.0,4.199,86.3,98,0,60.0,2026-04-29T14:48:12.470906,4.211
2026-04-29T14:47:13.453456,86.17,0.2337,88.15,0.2443,1000.0,0.0,4.199,86.3,99,0,60.0,2026-04-29T14:48:13.453311,4.211
2026-04-29T14:47:13.495319,86.19,0.2337,88.15,0.2419,1000.0,0.0,4.199,86.3,99,0,60.0,2026-04-29T14:48:13.495214,4.211
2026-04-29T14:47:13.529432,86.19,0.2337,88.15,0.2419,1000.0,0.0,4.199,86.3,99,0,60.0,2026-04-29T14:48:13.529311,4.211
2026-04-29T14:47:14.509733,86.31,0.2337,88.19,0.242,1000.0,0.0,4.199,86.3,99,0,60.0,2026-04-29T14:48:14.509568,4.211
2026-04-29T14:47:14.552520,86.31,0.2322,88.23,0.2392,1000.0,0.0,4.199,86.3,99,0,60.0,2026-04-29T14:48:14.552403,4.211
2026-04-29T14:47:14.590011,86.31,0.2322,88.24,0.2397,1000.0,0.0,4.199,86.3,99,0,60.0,2026-04-29T14:48:14.589857,4.211
2026-04-29T14:47:15.567116,86.37,0.216,88.29,0.2375,1000.0,0.0,4.199,86.3,99,0,60.0,2026-04-29T14:48:15.566904,4.211
2026-04-29T14:47:15.607226,86.37,0.2322,88.31,0.2374,1000.0,0.0,4.199,86.3,99,0,60.0,2026-04-29T14:48:15.607075,4.211
2026-04-29T14:47:15.641036,86.37,0.2322,88.32,0.2384,1000.0,0.0,4.199,86.3,99,0,60.0,2026-04-29T14:48:15.640949,4.211
2026-04-29T14:47:16.603258,86.43,0.2322,88.36,0.2396,1000.0,0.0,4.199,86.3,99,0,60.0,2026-04-29T14:48:16.603089,4.211
2026-04-29T14:47:16.678952,86.43,0.2354,88.38,0.2413,1000.0,0.0,4.199,86.2,99,0,60.0,2026-04-29T14:48:16.659946,4.211
2026-04-29T14:47:16.740873,86.43,0.2354,88.38,0.2421,1000.0,0.0,4.199,86.2,99,0,60.0,2026-04-29T14:48:16.740713,4.211
2026-04-29T14:47:17.666154,86.53,0.2322,88.44,0.2417,1000.0,0.0,4.199,86.2,99,0,60.0,2026-04-29T14:48:17.665994,4.211
2026-04-29T14:47:17.702261,86.53,0.2322,88.46,0.2412,1000.0,0.0,4.199,86.2,99,0,60.0,2026-04-29T14:48:17.702152,4.211
2026-04-29T14:47:18.702651,86.53,0.2322,88.5,0.2409,1000.0,0.0,4.199,86.2,99,0,60.0,2026-04-29T14:48:18.700500,4.212
2026-04-29T14:47:18.740055,86.56,0.2322,88.51,0.2402,1000.0,0.0,4.199,86.2,99,0,60.0,2026-04-29T14:48:18.739897,4.212
2026-04-29T14:47:18.782562,86.56,0.2322,88.51,0.2403,1000.0,0.0,4.199,86.2,99,0,60.0,2026-04-29T14:48:18.782435,4.212
2026-04-29T14:47:19.744983,86.62,0.2322,88.54,0.2404,1000.0,0.0,4.199,86.2,99,0,60.0,2026-04-29T14:48:19.744802,4.212
2026-04-29T14:47:19.785645,86.62,0.2389,88.56,0.2428,1000.0,0.0,4.199,86.2,99,0,60.0,2026-04-29T14:48:19.785509,4.212
2026-04-29T14:47:19.819992,86.62,0.2389,88.57,0.2443,1000.0,0.0,4.199,86.2,99,0,60.0,2026-04-29T14:48:19.819886,4.212
2026-04-29T14:47:20.785558,86.71,0.2389,88.62,0.246,1000.0,0.0,4.199,86.2,99,0,60.0,2026-04-29T14:48:20.785400,4.212
2026-04-29T14:47:20.822539,86.71,0.2389,88.64,0.2466,1000.0,0.0,4.199,86.2,99,0,60.0,2026-04-29T14:48:20.822418,4.212
2026-04-29T14:47:20.856546,86.71,0.2389,88.65,0.2468,1000.0,0.0,4.199,86.2,99,0,60.0,2026-04-29T14:48:20.856448,4.212
2026-04-29T14:47:21.850728,86.75,0.2371,88.69,0.2466,1000.0,0.0,4.199,86.2,99,0,60.0,2026-04-29T14:48:21.850572,4.212
2026-04-29T14:47:21.888420,86.75,0.2396,88.7,0.2472,1000.0,0.0,4.199,86.2,99,0,60.0,2026-04-29T14:48:21.888305,4.212
2026-04-29T14:47:21.922726,86.75,0.2396,88.7,0.2474,1000.0,0.0,4.199,86.2,99,0,60.0,2026-04-29T14:48:21.922611,4.212
2026-04-29T14:47:22.897265,86.82,0.2464,88.75,0.2491,1000.0,0.0,4.199,86.2,98,0,60.0,2026-04-29T14:48:22.897105,4.212
2026-04-29T14:47:22.932767,86.82,0.2464,88.77,0.2513,1000.0,0.0,4.199,86.2,98,0,60.0,2026-04-29T14:48:22.932655,4.212
2026-04-29T14:47:23.934203,86.82,0.2464,88.8,0.2529,1000.0,0.0,4.199,86.2,98,0,60.0,2026-04-29T14:48:23.934026,4.212
2026-04-29T14:47:23.976658,86.87,0.243,88.82,0.2498,1000.0,0.0,4.199,86.1,98,0,60.0,2026-04-29T14:48:23.976520,4.212
2026-04-29T14:47:24.049389,86.87,0.243,88.82,0.2504,1000.0,0.0,4.199,86.1,98,0,60.0,2026-04-29T14:48:24.049236,4.212
2026-04-29T14:47:24.988732,86.91,0.243,88.86,0.2509,1000.0,0.0,4.199,86.1,99,0,60.0,2026-04-29T14:48:24.988551,4.212
2026-04-29T14:47:25.029270,86.91,0.2457,88.87,0.2508,1000.0,0.0,4.199,86.1,99,0,60.0,2026-04-29T14:48:25.029158,4.212
2026-04-29T14:47:25.064262,86.91,0.2457,88.87,0.2519,1000.0,0.0,4.199,86.1,99,0,60.0,2026-04-29T14:48:25.064137,4.212
2026-04-29T14:47:26.034451,86.95,0.2457,88.9,0.2531,1000.0,0.0,4.199,86.1,99,0,60.0,2026-04-29T14:48:26.034282,4.212
2026-04-29T14:47:26.072095,86.95,0.2457,88.91,0.2531,1000.0,0.0,4.199,86.1,99,0,60.0,2026-04-29T14:48:26.071959,4.212
2026-04-29T14:47:26.106644,86.95,0.2457,88.91,0.2534,1000.0,0.0,4.199,86.1,99,0,60.0,2026-04-29T14:48:26.106512,4.212
2026-04-29T14:47:27.097091,87.02,0.2405,88.95,0.2523,1000.0,0.0,4.199,86.1,99,0,60.0,2026-04-29T14:48:27.096941,4.212
2026-04-29T14:47:27.134700,87.02,0.2448,88.96,0.2527,1000.0,0.0,4.199,86.1,99,0,60.0,2026-04-29T14:48:27.134575,4.212
2026-04-29T14:47:27.169066,87.02,0.2448,88.97,0.2528,1000.0,0.0,4.199,86.1,99,0,60.0,2026-04-29T14:48:27.168945,4.212
2026-04-29T14:47:28.147646,87.03,0.2448,88.99,0.253,1000.0,0.0,4.199,86.1,99,0,60.0,2026-04-29T14:48:28.147382,4.212
2026-04-29T14:47:28.184872,87.03,0.2448,88.99,0.2531,1000.0,0.0,4.199,86.1,99,0,60.0,2026-04-29T14:48:28.184753,4.212
2026-04-29T14:47:29.176144,87.03,0.2448,89.01,0.2532,1000.0,0.0,4.199,86.1,99,0,60.0,2026-04-29T14:48:29.175960,4.212
2026-04-29T14:47:29.218196,87.04,0.2489,89.01,0.2541,1000.0,0.0,4.199,86.1,99,0,60.0,2026-04-29T14:48:29.218074,4.212
2026-04-29T14:47:29.252073,87.04,0.2489,89.0,0.2553,1000.0,0.0,4.199,86.1,99,0,60.0,2026-04-29T14:48:29.251976,4.212
2026-04-29T14:47:30.210850,87.04,0.2489,89.02,0.2564,1000.0,0.0,4.199,86.1,99,0,60.0,2026-04-29T14:48:30.210715,4.212
2026-04-29T14:47:30.246088,87.04,0.2514,89.01,0.2576,1000.0,0.0,4.199,86.1,99,0,60.0,2026-04-29T14:48:30.245955,4.212
2026-04-29T14:47:30.280374,87.04,0.2514,89.01,0.2584,1000.0,0.0,4.199,86.1,99,0,60.0,2026-04-29T14:48:30.280270,4.212
2026-04-29T14:47:31.284723,87.18,0.2489,89.06,0.2588,1000.0,0.0,4.199,86.1,99,0,60.0,2026-04-29T14:48:31.284536,4.212
2026-04-29T14:47:31.323645,87.18,0.2422,89.1,0.255,1000.0,0.0,4.199,86.1,99,0,60.0,2026-04-29T14:48:31.323527,4.212
2026-04-29T14:47:31.357289,87.18,0.2422,89.11,0.2535,1000.0,0.0,4.199,86.1,99,0,60.0,2026-04-29T14:48:31.357203,4.212
2026-04-29T14:47:32.335540,87.2,0.2335,89.15,0.2494,1000.0,0.0,4.199,86.1,99,0,60.0,2026-04-29T14:48:32.335386,4.212
2026-04-29T14:47:32.372692,87.2,0.2422,89.16,0.2498,1000.0,0.0,4.199,86.1,99,0,60.0,2026-04-29T14:48:32.372588,4.212
2026-04-29T14:47:32.406764,87.2,0.2422,89.16,0.25,1000.0,0.0,4.199,86.1,99,0,60.0,2026-04-29T14:48:32.406673,4.212
2026-04-29T14:47:33.387307,87.26,0.2506,89.2,0.2509,1000.0,0.0,4.199,86.1,99,0,60.0,2026-04-29T14:48:33.387173,4.212
2026-04-29T14:47:33.422835,87.26,0.2506,89.21,0.2542,1000.0,0.0,4.199,86.1,99,0,60.0,2026-04-29T14:48:33.422746,4.212
2026-04-29T14:47:34.417387,87.26,0.2506,89.24,0.2564,1000.0,0.0,4.199,86.1,99,0,60.0,2026-04-29T14:48:34.417226,4.212
2026-04-29T14:47:34.460113,87.34,0.2506,89.27,0.2578,1000.0,0.0,4.199,86.0,99,0,60.0,2026-04-29T14:48:34.459973,4.212
2026-04-29T14:47:34.494128,87.34,0.2506,89.28,0.2583,1000.0,0.0,4.199,86.0,99,0,60.0,2026-04-29T14:48:34.494025,4.212
2026-04-29T14:47:35.472412,87.36,0.2506,89.31,0.2587,1000.0,0.0,4.199,86.0,99,0,60.0,2026-04-29T14:48:35.472259,4.212
2026-04-29T14:47:35.513754,87.36,0.2413,89.31,0.2538,1000.0,0.0,4.199,86.0,99,0,60.0,2026-04-29T14:48:35.513636,4.212
2026-04-29T14:47:35.547792,87.36,0.2413,89.31,0.2524,1000.0,0.0,4.199,86.0,99,0,60.0,2026-04-29T14:48:35.547669,4.212
2026-04-29T14:47:36.525693,87.36,0.2394,89.33,0.2507,1000.0,0.0,4.199,86.0,99,0,60.0,2026-04-29T14:48:36.525520,4.212
2026-04-29T14:47:36.568480,87.36,0.2498,89.32,0.2534,1000.0,0.0,4.199,86.0,99,0,60.0,2026-04-29T14:48:36.568339,4.212
2026-04-29T14:47:36.611467,87.36,0.2498,89.32,0.255,1000.0,0.0,4.199,86.0,99,0,60.0,2026-04-29T14:48:36.605551,4.212
2026-04-29T14:47:37.580627,87.41,0.2498,89.35,0.2569,1000.0,0.0,4.199,86.0,99,0,60.0,2026-04-29T14:48:37.580437,4.212
2026-04-29T14:47:37.618246,87.41,0.2565,89.36,0.2603,1000.0,0.0,4.199,86.0,99,0,60.0,2026-04-29T14:48:37.618143,4.212
2026-04-29T14:47:37.652788,87.41,0.2565,89.36,0.2618,1000.0,0.0,4.199,86.0,99,0,60.0,2026-04-29T14:48:37.652678,4.212
2026-04-29T14:47:38.616756,87.47,0.259,89.4,0.2636,1000.0,0.0,4.199,86.0,99,0,60.0,2026-04-29T14:48:38.616612,4.212
2026-04-29T14:47:38.712604,87.47,0.259,89.41,0.2652,1000.0,0.0,4.199,86.0,99,0,60.0,2026-04-29T14:48:38.693152,4.212
2026-04-29T14:47:39.657989,87.47,0.259,89.44,0.2664,1000.0,0.0,4.199,86.0,99,0,60.0,2026-04-29T14:48:39.657752,4.212
2026-04-29T14:47:39.701377,87.51,0.2489,89.45,0.262,1000.0,0.0,4.199,86.0,99,0,60.0,2026-04-29T14:48:39.701256,4.212
2026-04-29T14:47:39.735615,87.51,0.2489,89.45,0.2603,1000.0,0.0,4.199,86.0,99,0,60.0,2026-04-29T14:48:39.735525,4.212
2026-04-29T14:47:40.714523,87.54,0.2489,89.48,0.2589,1000.0,0.0,4.199,86.0,99,0,60.0,2026-04-29T14:48:40.714239,4.212
2026-04-29T14:47:40.798890,87.54,0.2489,89.49,0.2579,1000.0,0.0,4.199,86.0,99,0,60.0,2026-04-29T14:48:40.798726,4.212
2026-04-29T14:47:40.835180,87.54,0.2489,89.49,0.2577,1000.0,0.0,4.199,86.0,99,0,60.0,2026-04-29T14:48:40.835071,4.212
2026-04-29T14:47:41.766909,87.62,0.2457,89.53,0.257,1000.0,0.0,4.199,86.0,99,0,60.0,2026-04-29T14:48:41.766745,4.212
2026-04-29T14:47:41.805762,87.62,0.2464,89.55,0.2559,1000.0,0.0,4.199,86.0,99,0,60.0,2026-04-29T14:48:41.805651,4.212
2026-04-29T14:47:41.839043,87.62,0.2464,89.55,0.2556,1000.0,0.0,4.199,86.0,99,0,60.0,2026-04-29T14:48:41.838960,4.212
2026-04-29T14:47:42.800159,87.65,0.2464,89.59,0.2551,1000.0,0.0,4.199,86.0,99,0,60.0,2026-04-29T14:48:42.800002,4.212
2026-04-29T14:47:42.835209,87.65,0.2489,89.59,0.256,1000.0,0.0,4.199,86.0,99,0,60.0,2026-04-29T14:48:42.835113,4.212
2026-04-29T14:47:42.869534,87.65,0.2489,89.6,0.2564,1000.0,0.0,4.199,86.0,99,0,60.0,2026-04-29T14:48:42.869436,4.212
2026-04-29T14:47:43.861044,87.7,0.2489,89.64,0.2561,1000.0,0.0,4.199,86.0,99,0,60.0,2026-04-29T14:48:43.860900,4.212
2026-04-29T14:47:43.896891,87.7,0.2489,89.64,0.2566,1000.0,0.0,4.199,86.0,99,0,60.0,2026-04-29T14:48:43.896772,4.212
2026-04-29T14:47:44.872132,87.7,0.2489,89.67,0.257,1000.0,0.0,4.199,86.0,99,0,60.0,2026-04-29T14:48:44.871990,4.212
2026-04-29T14:47:44.907664,87.74,0.2422,89.68,0.2542,1000.0,0.0,4.199,86.0,99,0,60.0,2026-04-29T14:48:44.907530,4.212
2026-04-29T14:47:44.942759,87.74,0.2422,89.69,0.2529,1000.0,0.0,4.199,86.0,99,0,60.0,2026-04-29T14:48:44.942644,4.212
2026-04-29T14:47:45.947915,87.78,0.2422,89.72,0.2518,1000.0,0.0,4.199,85.9,99,0,60.0,2026-04-29T14:48:45.947755,4.212
2026-04-29T14:47:45.989584,87.78,0.243,89.73,0.2506,1000.0,0.0,4.199,85.9,99,0,60.0,2026-04-29T14:48:45.989451,4.212
2026-04-29T14:47:46.026263,87.78,0.243,89.73,0.2509,1000.0,0.0,4.199,85.9,99,0,60.0,2026-04-29T14:48:46.026143,4.212
2026-04-29T14:47:47.005024,87.83,0.238,89.76,0.2504,1000.0,0.0,4.199,85.9,99,0,60.0,2026-04-29T14:48:47.004854,4.212
2026-04-29T14:47:47.044729,87.83,0.2455,89.77,0.2518,1000.0,0.0,4.199,85.9,99,0,60.0,2026-04-29T14:48:47.044594,4.212
2026-04-29T14:47:47.078862,87.83,0.2455,89.78,0.2525,1000.0,0.0,4.199,85.9,99,0,60.0,2026-04-29T14:48:47.078764,4.212
2026-04-29T14:47:48.050386,87.85,0.2464,89.8,0.2532,1000.0,0.0,4.199,85.9,99,0,60.0,2026-04-29T14:48:48.050234,4.212
2026-04-29T14:47:48.087459,87.85,0.2464,89.81,0.2539,1000.0,0.0,4.199,85.9,99,0,60.0,2026-04-29T14:48:48.087344,4.212
2026-04-29T14:47:48.121672,87.85,0.2464,89.81,0.2542,1000.0,0.0,4.199,85.9,99,0,60.0,2026-04-29T14:48:48.121580,4.212
2026-04-29T14:47:49.091634,87.92,0.2396,89.85,0.2503,1000.0,0.0,4.199,85.9,99,0,60.0,2026-04-29T14:48:49.091480,4.212
2026-04-29T14:47:49.127360,87.92,0.2396,89.85,0.2494,1000.0,0.0,4.199,85.9,99,0,60.0,2026-04-29T14:48:49.127220,4.212
2026-04-29T14:47:50.125059,87.92,0.2396,89.88,0.2489,1000.0,0.0,4.199,85.9,99,0,60.0,2026-04-29T14:48:50.124908,4.212
2026-04-29T14:47:50.167908,87.93,0.2421,89.88,0.2482,1000.0,0.0,4.199,85.9,99,0,60.0,2026-04-29T14:48:50.167773,4.212
2026-04-29T14:47:50.202620,87.93,0.2421,89.88,0.249,1000.0,0.0,4.199,85.9,99,0,60.0,2026-04-29T14:48:50.202488,4.212
2026-04-29T14:47:51.176385,87.98,0.2421,89.91,0.2499,1000.0,0.0,4.199,85.9,99,0,60.0,2026-04-29T14:48:51.176138,4.212
2026-04-29T14:47:51.215183,87.98,0.2421,89.92,0.25,1000.0,0.0,4.199,85.9,99,0,60.0,2026-04-29T14:48:51.215063,4.212
2026-04-29T14:47:51.249165,87.98,0.2421,89.92,0.2502,1000.0,0.0,4.199,85.9,99,0,60.0,2026-04-29T14:48:51.249063,4.212
2026-04-29T14:47:52.229389,88.04,0.2405,89.96,0.2502,1000.0,0.0,4.199,85.9,99,0,60.0,2026-04-29T14:48:52.229221,4.212
2026-04-29T14:47:52.266102,88.04,0.2405,89.97,0.2496,1000.0,0.0,4.199,85.9,99,0,60.0,2026-04-29T14:48:52.265988,4.212
2026-04-29T14:47:52.300073,88.04,0.2405,89.98,0.2493,1000.0,0.0,4.199,85.9,99,0,60.0,2026-04-29T14:48:52.299965,4.212
2026-04-29T14:47:53.281278,88.1,0.2394,90.02,0.2488,1000.0,0.0,4.199,85.9,99,0,60.0,2026-04-29T14:48:53.281125,4.212
2026-04-29T14:47:53.342296,88.1,0.2438,90.03,0.2503,1000.0,0.0,4.199,85.9,99,0,60.0,2026-04-29T14:48:53.342169,4.212
2026-04-29T14:47:53.419637,88.1,0.2438,90.04,0.251,1000.0,0.0,4.199,85.9,99,0,60.0,2026-04-29T14:48:53.419481,4.212
2026-04-29T14:47:54.323212,88.16,0.2515,90.09,0.2523,1000.0,0.0,4.199,85.9,99,0,60.0,2026-04-29T14:48:54.323108,4.212
2026-04-29T14:47:54.356744,88.16,0.2515,90.1,0.2553,1000.0,0.0,4.199,85.9,99,0,60.0,2026-04-29T14:48:54.356657,4.212
2026-04-29T14:47:55.357138,88.16,0.2515,90.13,0.2575,1000.0,0.0,4.199,85.9,99,0,60.0,2026-04-29T14:48:55.356982,4.212
2026-04-29T14:47:55.393620,88.2,0.2421,90.14,0.2554,1000.0,0.0,4.199,85.8,99,0,60.0,2026-04-29T14:48:55.393491,4.212
2026-04-29T14:47:55.427110,88.2,0.2421,90.15,0.2536,1000.0,0.0,4.199,85.8,99,0,60.0,2026-04-29T14:48:55.426997,4.212
2026-04-29T14:47:56.439524,88.21,0.2421,90.17,0.2522,1000.0,0.0,4.199,85.8,99,0,60.0,2026-04-29T14:48:56.439241,4.212
2026-04-29T14:47:56.484237,88.21,0.2421,90.17,0.2506,1000.0,0.0,4.199,85.8,99,0,60.0,2026-04-29T14:48:56.484125,4.212
2026-04-29T14:47:56.520344,88.21,0.2421,90.17,0.2506,1000.0,0.0,4.199,85.8,99,0,60.0,2026-04-29T14:48:56.520238,4.212
2026-04-29T14:47:57.466358,88.3,0.2421,90.21,0.2507,1000.0,0.0,4.199,85.8,99,0,60.0,2026-04-29T14:48:57.466196,4.212
2026-04-29T14:47:57.502280,88.3,0.2498,90.23,0.2528,1000.0,0.0,4.199,85.8,99,0,60.0,2026-04-29T14:48:57.502167,4.212
2026-04-29T14:47:57.535743,88.3,0.2498,90.24,0.2546,1000.0,0.0,4.199,85.8,99,0,60.0,2026-04-29T14:48:57.535630,4.212
2026-04-29T14:47:58.516568,88.33,0.2346,90.27,0.2526,1000.0,0.0,4.199,85.8,99,0,60.0,2026-04-29T14:48:58.516411,4.212
2026-04-29T14:47:58.554561,88.33,0.2498,90.28,0.255,1000.0,0.0,4.199,85.8,99,0,60.0,2026-04-29T14:48:58.554440,4.212
2026-04-29T14:47:58.589695,88.33,0.2498,90.28,0.256,1000.0,0.0,4.199,85.8,99,0,60.0,2026-04-29T14:48:58.589547,4.212
2026-04-29T14:47:59.573639,88.4,0.2523,90.32,0.2577,1000.0,0.0,4.199,85.8,98,0,60.0,2026-04-29T14:48:59.573470,4.212
2026-04-29T14:47:59.608387,88.4,0.2523,90.33,0.259,1000.0,0.0,4.199,85.8,98,0,60.0,2026-04-29T14:48:59.608291,4.212
2026-04-29T14:48:00.594623,88.4,0.2523,90.36,0.2598,1000.0,0.0,4.199,85.8,98,0,60.0,2026-04-29T14:49:00.594395,4.212
2026-04-29T14:48:00.721964,88.43,0.2523,90.37,0.2601,1000.0,0.0,4.199,85.8,98,0,60.0,2026-04-29T14:49:00.721747,4.212
2026-04-29T14:48:00.759599,88.43,0.2523,90.38,0.2604,1000.0,0.0,4.199,85.8,98,0,60.0,2026-04-29T14:49:00.759447,4.212
2026-04-29T14:48:01.668369,88.5,0.2523,90.41,0.2607,1000.0,0.0,4.199,85.8,98,0,60.0,2026-04-29T14:49:01.668120,4.212
2026-04-29T14:48:01.704136,88.5,0.2523,90.43,0.2602,1000.0,0.0,4.199,85.8,98,0,60.0,2026-04-29T14:49:01.704008,4.212
2026-04-29T14:48:01.739083,88.5,0.2523,90.43,0.2604,1000.0,0.0,4.199,85.8,98,0,60.0,2026-04-29T14:49:01.738949,4.212
2026-04-29T14:48:02.700043,88.55,0.2498,90.47,0.2603,1000.0,0.0,4.199,85.8,98,0,60.0,2026-04-29T14:49:02.699894,4.212
2026-04-29T14:48:02.736454,88.55,0.2583,90.49,0.2628,1000.0,0.0,4.199,85.8,98,0,60.0,2026-04-29T14:49:02.736323,4.212
2026-04-29T14:48:02.771714,88.55,0.2583,90.49,0.2642,1000.0,0.0,4.199,85.8,98,0,60.0,2026-04-29T14:49:02.771597,4.212
2026-04-29T14:48:03.765822,88.6,0.2583,90.53,0.2658,1000.0,0.0,4.199,85.8,98,0,60.0,2026-04-29T14:49:03.765659,4.212
2026-04-29T14:48:03.802740,88.6,0.2583,90.54,0.2663,1000.0,0.0,4.199,85.8,98,0,60.0,2026-04-29T14:49:03.802620,4.212
2026-04-29T14:48:03.836562,88.6,0.2583,90.54,0.2665,1000.0,0.0,4.199,85.8,98,0,60.0,2026-04-29T14:49:03.836463,4.212
2026-04-29T14:48:04.822225,88.63,0.2574,90.58,0.2662,1000.0,0.0,4.199,85.8,98,0,60.0,2026-04-29T14:49:04.822079,4.212
2026-04-29T14:48:04.857318,88.63,0.2574,90.58,0.2662,1000.0,0.0,4.199,85.8,98,0,60.0,2026-04-29T14:49:04.857224,4.212
2026-04-29T14:48:05.848479,88.63,0.2574,90.6,0.2662,1000.0,0.0,4.199,85.8,99,0,60.0,2026-04-29T14:49:05.848283,4.212
2026-04-29T14:48:05.890495,88.68,0.2557,90.62,0.2653,1000.0,0.0,4.199,85.7,99,0,60.0,2026-04-29T14:49:05.890368,4.212
2026-04-29T14:48:05.924652,88.68,0.2557,90.62,0.2649,1000.0,0.0,4.199,85.7,99,0,60.0,2026-04-29T14:49:05.924562,4.212
2026-04-29T14:48:06.909350,88.69,0.2557,90.65,0.2647,1000.0,0.0,4.199,85.7,99,0,60.0,2026-04-29T14:49:06.909179,4.212
2026-04-29T14:48:06.950228,88.69,0.2582,90.65,0.2639,1000.0,0.0,4.199,85.7,99,0,60.0,2026-04-29T14:49:06.950110,4.212
2026-04-29T14:48:06.983970,88.69,0.2582,90.65,0.2649,1000.0,0.0,4.199,85.7,99,0,60.0,2026-04-29T14:49:06.983883,4.212
2026-04-29T14:48:07.962359,88.73,0.2489,90.67,0.2645,1000.0,0.0,4.199,85.7,99,0,60.0,2026-04-29T14:49:07.962209,4.212
2026-04-29T14:48:08.001188,88.73,0.259,90.68,0.266,1000.0,0.0,4.199,85.7,99,0,60.0,2026-04-29T14:49:08.001066,4.212
2026-04-29T14:48:08.034981,88.73,0.259,90.68,0.2665,1000.0,0.0,4.199,85.7,99,0,60.0,2026-04-29T14:49:08.034891,4.212
2026-04-29T14:48:09.014928,88.82,0.2514,90.73,0.2659,1000.0,0.0,4.199,85.7,99,0,60.0,2026-04-29T14:49:09.014781,4.212
2026-04-29T14:48:09.051424,88.82,0.2574,90.75,0.266,1000.0,0.0,4.199,85.7,99,0,60.0,2026-04-29T14:49:09.051320,4.212
2026-04-29T14:48:09.086005,88.82,0.2574,90.76,0.266,1000.0,0.0,4.199,85.7,99,0,60.0,2026-04-29T14:49:09.085901,4.212
2026-04-29T14:48:10.075433,88.82,0.2574,90.78,0.2646,1000.0,0.0,4.199,85.7,99,0,60.0,2026-04-29T14:49:10.075264,4.212
2026-04-29T14:48:10.111792,88.82,0.2574,90.78,0.2652,1000.0,0.0,4.199,85.7,99,0,60.0,2026-04-29T14:49:10.111681,4.212
2026-04-29T14:48:11.074360,88.82,0.2574,90.8,0.2656,1000.0,0.0,4.199,85.7,99,0,60.0,2026-04-29T14:49:11.074210,4.212
2026-04-29T14:48:11.109819,88.87,0.2599,90.81,0.2664,1000.0,0.0,4.199,85.7,99,0,60.0,2026-04-29T14:49:11.109652,4.212
2026-04-29T14:48:11.143960,88.87,0.2599,90.81,0.2672,1000.0,0.0,4.199,85.7,99,0,60.0,2026-04-29T14:49:11.143855,4.212
2026-04-29T14:48:12.138598,88.93,0.2599,90.85,0.2679,1000.0,0.0,4.199,85.7,99,0,60.0,2026-04-29T14:49:12.138444,4.212
2026-04-29T14:48:12.177494,88.93,0.2599,90.86,0.268,1000.0,0.0,4.199,85.7,99,0,60.0,2026-04-29T14:49:12.177361,4.212
2026-04-29T14:48:12.211968,88.93,0.2599,90.87,0.2681,1000.0,0.0,4.199,85.7,99,0,60.0,2026-04-29T14:49:12.211863,4.212
2026-04-29T14:48:13.184471,88.94,0.2592,90.89,0.2683,1000.0,0.0,4.199,85.7,98,0,60.0,2026-04-29T14:49:13.184150,4.212
2026-04-29T14:48:13.222423,88.94,0.2641,90.89,0.27,1000.0,0.0,4.199,85.7,98,0,60.0,2026-04-29T14:49:13.222272,4.212
2026-04-29T14:48:13.268577,88.94,0.2641,90.89,0.2709,1000.0,0.0,4.199,85.7,98,0,60.0,2026-04-29T14:49:13.268354,4.212
2026-04-29T14:48:14.261714,88.98,0.2641,90.92,0.2714,1000.0,0.0,4.199,85.7,98,0,60.0,2026-04-29T14:49:14.261502,4.212
2026-04-29T14:48:14.303354,88.98,0.2641,90.93,0.272,1000.0,0.0,4.199,85.7,98,0,60.0,2026-04-29T14:49:14.303213,4.212
2026-04-29T14:48:14.340732,88.98,0.2641,90.93,0.2723,1000.0,0.0,4.199,85.7,98,0,60.0,2026-04-29T14:49:14.340600,4.212
2026-04-29T14:48:15.292508,89.01,0.2515,90.96,0.2675,1000.0,0.0,4.199,85.7,98,0,60.0,2026-04-29T14:49:15.292350,4.212
2026-04-29T14:48:15.330115,89.01,0.2515,90.96,0.2646,1000.0,0.0,4.199,85.7,98,0,60.0,2026-04-29T14:49:15.329939,4.212
2026-04-29T14:48:16.337248,89.01,0.2515,90.98,0.2628,1000.0,0.0,4.199,85.7,98,0,60.0,2026-04-29T14:49:16.336926,4.212
2026-04-29T14:48:16.385464,89.03,0.2533,90.98,0.261,1000.0,0.0,4.199,85.7,98,0,60.0,2026-04-29T14:49:16.385318,4.212
2026-04-29T14:48:16.421700,89.03,0.2533,90.98,0.2613,1000.0,0.0,4.199,85.7,98,0,60.0,2026-04-29T14:49:16.421555,4.212
2026-04-29T14:48:17.390421,89.06,0.2533,91.01,0.2617,1000.0,0.0,4.199,85.7,98,0,60.0,2026-04-29T14:49:17.390237,4.212
2026-04-29T14:48:17.446229,89.06,0.2533,91.01,0.2617,1000.0,0.0,4.199,85.7,98,0,60.0,2026-04-29T14:49:17.446041,4.212
2026-04-29T14:48:17.484339,89.06,0.2533,91.01,0.2618,1000.0,0.0,4.199,85.7,98,0,60.0,2026-04-29T14:49:17.484205,4.212
2026-04-29T14:48:18.446308,89.1,0.2523,91.04,0.2618,1000.0,0.0,4.199,85.6,98,0,60.0,2026-04-29T14:49:18.446112,4.212
2026-04-29T14:48:18.487982,89.1,0.2523,91.05,0.2614,1000.0,0.0,4.199,85.6,98,0,60.0,2026-04-29T14:49:18.487828,4.212
2026-04-29T14:48:18.524824,89.1,0.2523,91.05,0.2612,1000.0,0.0,4.199,85.6,98,0,60.0,2026-04-29T14:49:18.524695,4.212
2026-04-29T14:48:19.476535,89.13,0.2481,91.08,0.2604,1000.0,0.0,4.199,85.6,98,0,60.0,2026-04-29T14:49:19.476340,4.212
2026-04-29T14:48:19.514016,89.13,0.2515,91.08,0.2603,1000.0,0.0,4.199,85.6,98,0,60.0,2026-04-29T14:49:19.513856,4.212
2026-04-29T14:48:19.552699,89.13,0.2515,91.08,0.2603,1000.0,0.0,4.199,85.6,98,0,60.0,2026-04-29T14:49:19.552565,4.212
2026-04-29T14:48:20.555844,89.18,0.2515,91.12,0.2594,1000.0,0.0,4.199,85.6,98,0,60.0,2026-04-29T14:49:20.555668,4.212
2026-04-29T14:48:20.596415,89.18,0.2515,91.13,0.2597,1000.0,0.0,4.199,85.6,98,0,60.0,2026-04-29T14:49:20.596271,4.212
2026-04-29T14:48:21.571468,89.18,0.2515,91.15,0.26,1000.0,0.0,4.199,85.6,98,0,60.0,2026-04-29T14:49:21.571267,4.212
2026-04-29T14:48:21.619928,89.23,0.2565,91.17,0.2612,1000.0,0.0,4.199,85.6,98,0,60.0,2026-04-29T14:49:21.619738,4.212
2026-04-29T14:48:21.661600,89.23,0.2565,91.18,0.2627,1000.0,0.0,4.199,85.6,98,0,60.0,2026-04-29T14:49:21.661354,4.212
2026-04-29T14:48:22.619503,89.27,0.2565,91.21,0.264,1000.0,0.0,4.199,85.6,98,0,60.0,2026-04-29T14:49:22.619287,4.212
2026-04-29T14:48:22.658839,89.27,0.2565,91.22,0.2641,1000.0,0.0,4.199,85.6,98,0,60.0,2026-04-29T14:49:22.658483,4.212
2026-04-29T14:48:22.696748,89.27,0.2565,91.22,0.2644,1000.0,0.0,4.199,85.6,98,0,60.0,2026-04-29T14:49:22.696588,4.212
2026-04-29T14:48:23.681409,89.31,0.2533,91.25,0.2645,1000.0,0.0,4.199,85.6,98,0,60.0,2026-04-29T14:49:23.663813,4.212
2026-04-29T14:48:23.758716,89.31,0.2574,91.25,0.2649,1000.0,0.0,4.199,85.6,98,0,60.0,2026-04-29T14:49:23.758527,4.212
2026-04-29T14:48:23.796793,89.31,0.2574,91.26,0.2653,1000.0,0.0,4.199,85.6,98,0,60.0,2026-04-29T14:49:23.796648,4.212
2026-04-29T14:48:24.722951,89.35,0.2574,91.29,0.2653,1000.0,0.0,4.199,85.6,98,0,60.0,2026-04-29T14:49:24.722741,4.212
2026-04-29T14:48:24.760882,89.35,0.2607,91.29,0.267,1000.0,0.0,4.199,85.6,98,0,60.0,2026-04-29T14:49:24.760657,4.212
2026-04-29T14:48:24.797338,89.35,0.2607,91.29,0.2678,1000.0,0.0,4.199,85.6,98,0,60.0,2026-04-29T14:49:24.797188,4.212
2026-04-29T14:48:25.773588,89.41,0.2614,91.34,0.2686,1000.0,0.0,4.199,85.6,98,0,60.0,2026-04-29T14:49:25.773410,4.212
2026-04-29T14:48:25.810524,89.41,0.2614,91.35,0.2692,1000.0,0.0,4.199,85.6,98,0,60.0,2026-04-29T14:49:25.810381,4.212
2026-04-29T14:48:26.797087,89.41,0.2614,91.38,0.2697,1000.0,0.0,4.199,85.6,98,0,60.0,2026-04-29T14:49:26.796878,4.212
2026-04-29T14:48:26.841094,89.44,0.2641,91.38,0.2704,1000.0,0.0,4.199,85.6,98,0,60.0,2026-04-29T14:49:26.840961,4.212
2026-04-29T14:48:26.881075,89.44,0.2641,91.39,0.2713,1000.0,0.0,4.199,85.6,98,0,60.0,2026-04-29T14:49:26.880901,4.212
2026-04-29T14:48:27.853546,89.47,0.2641,91.41,0.2722,1000.0,0.0,4.199,85.6,98,0,60.0,2026-04-29T14:49:27.853367,4.212
2026-04-29T14:48:27.892404,89.47,0.2641,91.42,0.2722,1000.0,0.0,4.199,85.6,98,0,60.0,2026-04-29T14:49:27.892256,4.212
2026-04-29T14:48:27.929824,89.47,0.2641,91.42,0.2724,1000.0,0.0,4.199,85.6,98,0,60.0,2026-04-29T14:49:27.929675,4.212
2026-04-29T14:48:28.918945,89.53,0.2641,91.45,0.2727,1000.0,0.0,4.199,85.5,98,0,60.0,2026-04-29T14:49:28.918768,4.212
2026-04-29T14:48:28.961190,89.53,0.2641,91.47,0.2728,1000.0,0.0,4.199,85.5,98,0,60.0,2026-04-29T14:49:28.961013,4.212
2026-04-29T14:48:28.998381,89.53,0.2641,91.47,0.2728,1000.0,0.0,4.199,85.5,98,0,60.0,2026-04-29T14:49:28.998237,4.212
2026-04-29T14:48:29.967884,89.58,0.2601,91.51,0.2718,1000.0,0.0,4.199,85.5,98,0,60.0,2026-04-29T14:49:29.967722,4.212
2026-04-29T14:48:30.007936,89.58,0.2605,91.52,0.2707,1000.0,0.0,4.199,85.5,98,0,60.0,2026-04-29T14:49:30.007804,4.212
2026-04-29T14:48:30.045567,89.58,0.2605,91.52,0.2702,1000.0,0.0,4.199,85.5,98,0,60.0,2026-04-29T14:49:30.045426,4.212
2026-04-29T14:48:31.030266,89.64,0.2632,91.57,0.27,1000.0,0.0,4.199,85.5,98,0,60.0,2026-04-29T14:49:31.030083,4.212
2026-04-29T14:48:31.077473,89.64,0.2632,91.58,0.2708,1000.0,0.0,4.199,85.5,98,0,60.0,2026-04-29T14:49:31.077232,4.212
2026-04-29T14:48:32.059480,89.64,0.2632,91.61,0.2714,1000.0,0.0,4.199,85.5,98,0,60.0,2026-04-29T14:49:32.059110,4.212
2026-04-29T14:48:32.137548,89.69,0.2641,91.63,0.2715,1000.0,0.0,4.199,85.5,98,0,60.0,2026-04-29T14:49:32.137297,4.212
2026-04-29T14:48:32.231466,89.69,0.2641,91.64,0.2721,1000.0,0.0,4.199,85.5,98,0,60.0,2026-04-29T14:49:32.231178,4.212
2026-04-29T14:48:33.164540,89.73,0.2641,91.66,0.2726,1000.0,0.0,4.199,85.5,98,0,60.0,2026-04-29T14:49:33.162347,4.212
2026-04-29T14:48:38.997417,89.73,0.2624,91.67,0.2718,1000.0,0.0,4.199,85.5,98,0,60.0,2026-04-29T14:49:38.568346,4.212
2026-04-29T14:48:41.144433,89.73,0.2624,91.71,0.2714,1000.0,0.0,4.199,85.5,98,0,60.0,2026-04-29T14:49:41.088971,4.213
2026-04-29T14:48:41.776715,89.78,0.2574,91.71,0.2705,1000.0,0.0,4.199,85.5,98,0,60.0,2026-04-29T14:49:41.769058,4.212
2026-04-29T14:48:43.525467,89.78,0.2574,91.73,0.2675,1000.0,0.0,4.199,85.5,98,0,60.0,2026-04-29T14:49:43.290932,4.212
2026-04-29T14:48:48.378812,89.78,0.2574,91.76,0.2665,1000.0,0.0,4.199,85.5,98,0,60.0,2026-04-29T14:49:48.212554,4.213
2026-04-29T14:48:50.312423,89.8,0.2548,91.77,0.265,1000.0,0.0,4.199,85.5,98,0,60.0,2026-04-29T14:49:50.311319,4.213
2026-04-29T14:48:50.981805,89.8,0.2601,91.76,0.2678,1000.0,0.0,4.199,85.5,98,0,60.0,2026-04-29T14:49:50.980957,4.212
2026-04-29T14:48:51.688915,89.8,0.2601,91.76,0.2685,1000.0,0.0,4.199,85.5,98,0,60.0,2026-04-29T14:49:51.688187,4.212
2026-04-29T14:48:52.713757,89.87,0.2616,91.79,0.2689,1000.0,0.0,4.199,85.5,98,0,60.0,2026-04-29T14:49:52.623246,4.212
2026-04-29T14:48:53.688391,89.87,0.2616,91.82,0.2701,1000.0,0.0,4.199,85.5,98,0,60.0,2026-04-29T14:49:53.654254,4.212
2026-04-29T14:48:54.516767,89.87,0.2616,91.83,0.2703,1000.0,0.0,4.199,85.5,98,0,60.0,2026-04-29T14:49:54.516073,4.212
2026-04-29T14:48:55.525877,89.93,0.2616,91.87,0.2702,1000.0,0.0,4.199,85.5,98,0,60.0,2026-04-29T14:49:55.525285,4.212
2026-04-29T14:48:56.161055,89.93,0.2616,91.88,0.2704,1000.0,0.0,4.199,85.5,98,0,60.0,2026-04-29T14:49:56.145284,4.212
2026-04-29T14:48:56.803441,89.97,0.2616,91.89,0.2704,1000.0,0.0,4.199,85.5,98,0,60.0,2026-04-29T14:49:56.767483,4.212
2026-04-29T14:48:57.462555,89.97,0.2632,91.91,0.2704,1000.0,0.0,4.199,85.5,98,0,60.0,2026-04-29T14:49:57.431719,4.212
2026-04-29T14:48:58.194263,89.97,0.2632,91.92,0.2714,1000.0,0.0,4.199,85.5,98,0,60.0,2026-04-29T14:49:58.129638,4.212
2026-04-29T14:48:58.840577,90.03,0.2583,91.95,0.2711,1000.0,0.0,4.199,85.4,98,0,60.0,2026-04-29T14:49:58.827823,4.212
2026-04-29T14:48:59.429388,90.03,0.2666,91.97,0.2732,1000.0,0.0,4.199,85.4,98,0,60.0,2026-04-29T14:49:59.428986,4.212
2026-04-29T14:49:00.393660,90.03,0.2666,91.99,0.2746,1000.0,0.0,4.199,85.4,98,0,60.0,2026-04-29T14:50:00.341729,4.212
2026-04-29T14:49:01.142207,90.03,0.2666,91.99,0.2752,1000.0,0.0,4.199,85.4,98,0,60.0,2026-04-29T14:50:01.141670,4.212
2026-04-29T14:49:01.504446,90.03,0.2666,91.99,0.2754,1000.0,0.0,4.199,85.4,98,0,60.0,2026-04-29T14:50:01.503916,4.212
2026-04-29T14:49:02.200244,90.03,0.2666,91.99,0.2755,1000.0,0.0,4.199,85.4,98,0,60.0,2026-04-29T14:50:02.187812,4.212
2026-04-29T14:49:02.777439,90.07,0.2666,92.01,0.2755,1000.0,0.0,4.199,85.4,98,0,60.0,2026-04-29T14:50:02.770488,4.212
2026-04-29T14:49:03.212264,90.07,0.2666,92.02,0.2755,1000.0,0.0,4.199,85.4,98,0,60.0,2026-04-29T14:50:03.185208,4.212
2026-04-29T14:49:04.129169,90.07,0.2666,92.03,0.2755,1000.0,0.0,4.199,85.4,98,0,60.0,2026-04-29T14:50:04.117254,4.212
2026-04-29T14:49:04.686729,90.12,0.2649,92.06,0.2723,1000.0,0.0,4.199,85.4,98,0,60.0,2026-04-29T14:50:04.677318,4.212
2026-04-29T14:49:06.394553,90.12,0.2649,92.07,0.2732,1000.0,0.0,4.199,85.4,98,0,60.0,2026-04-29T14:50:06.354749,4.212
2026-04-29T14:49:07.008880,90.16,0.2649,92.09,0.2737,1000.0,0.0,4.199,85.4,98,0,60.0,2026-04-29T14:50:06.994133,4.212
2026-04-29T14:49:07.610190,90.16,0.2649,92.11,0.2725,1000.0,0.0,4.199,85.4,98,0,60.0,2026-04-29T14:50:07.572819,4.212
2026-04-29T14:49:08.221999,90.16,0.2649,92.12,0.2733,1000.0,0.0,4.199,85.4,98,0,60.0,2026-04-29T14:50:08.203507,4.212
2026-04-29T14:49:09.146327,90.19,0.2632,92.14,0.2733,1000.0,0.0,4.199,85.4,98,0,60.0,2026-04-29T14:50:09.144451,4.212
2026-04-29T14:49:09.764992,90.19,0.2669,92.15,0.2745,1000.0,0.0,4.199,85.4,98,0,60.0,2026-04-29T14:50:09.745775,4.212
2026-04-29T14:49:10.096845,90.19,0.2669,92.15,0.2752,1000.0,0.0,4.199,85.4,98,0,60.0,2026-04-29T14:50:10.096282,4.212
2026-04-29T14:49:10.613032,90.24,0.2691,92.16,0.2757,1000.0,0.0,4.199,85.4,98,0,60.0,2026-04-29T14:50:10.609000,4.212
2026-04-29T14:49:11.211134,90.24,0.2691,92.18,0.2771,1000.0,0.0,4.199,85.4,98,0,60.0,2026-04-29T14:50:11.210591,4.212
2026-04-29T14:49:11.453903,90.24,0.2691,92.18,0.2775,1000.0,0.0,4.199,85.4,98,0,60.0,2026-04-29T14:50:11.452486,4.212
2026-04-29T14:49:12.148371,90.29,0.2673,92.21,0.277,1000.0,0.0,4.199,85.4,98,0,60.0,2026-04-29T14:50:12.122440,4.212
2026-04-29T14:49:12.859856,90.29,0.2673,92.24,0.2765,1000.0,0.0,4.199,85.4,98,0,60.0,2026-04-29T14:50:12.858719,4.212
2026-04-29T14:49:13.477705,90.29,0.2673,92.24,0.2763,1000.0,0.0,4.199,85.4,98,0,60.0,2026-04-29T14:50:13.477059,4.212
2026-04-29T14:49:15.444428,90.33,0.2683,92.28,0.2764,1000.0,0.0,4.199,85.4,98,0,60.0,2026-04-29T14:50:15.443973,4.212
2026-04-29T14:49:16.542259,90.33,0.2683,92.29,0.2771,1000.0,0.0,4.199,85.4,98,0,60.0,2026-04-29T14:50:16.521829,4.212
2026-04-29T14:49:17.134662,90.36,0.2683,92.3,0.2771,1000.0,0.0,4.199,85.4,98,0,60.0,2026-04-29T14:50:17.134100,4.212
2026-04-29T14:49:17.508942,90.36,0.2691,92.3,0.2775,1000.0,0.0,4.199,85.4,98,0,60.0,2026-04-29T14:50:17.508328,4.212
2026-04-29T14:49:17.965143,90.36,0.2691,92.31,0.2778,1000.0,0.0,4.199,85.4,98,0,60.0,2026-04-29T14:50:17.964485,4.212
2026-04-29T14:49:18.489626,90.37,0.2691,92.32,0.278,1000.0,0.0,4.199,85.4,98,0,60.0,2026-04-29T14:50:18.488915,4.212
2026-04-29T14:49:18.818950,90.37,0.2691,92.32,0.2774,1000.0,0.0,4.199,85.4,98,0,60.0,2026-04-29T14:50:18.818286,4.212
2026-04-29T14:49:19.295299,90.37,0.2691,92.32,0.2777,1000.0,0.0,4.199,85.4,98,0,60.0,2026-04-29T14:50:19.277197,4.212
2026-04-29T14:49:19.974939,90.41,0.2616,92.34,0.2757,1000.0,0.0,4.199,85.4,98,0,60.0,2026-04-29T14:50:19.954095,4.212
2026-04-29T14:49:20.342110,90.41,0.2666,92.36,0.2756,1000.0,0.0,4.199,85.4,98,0,60.0,2026-04-29T14:50:20.341372,4.212
2026-04-29T14:49:20.566639,90.41,0.2666,92.36,0.2755,1000.0,0.0,4.199,85.4,98,0,60.0,2026-04-29T14:50:20.565953,4.212
2026-04-29T14:49:20.835522,90.45,0.2666,92.37,0.2754,1000.0,0.0,4.199,85.3,98,0,60.0,2026-04-29T14:50:20.822314,4.212
2026-04-29T14:49:21.435156,90.45,0.2666,92.39,0.2754,1000.0,0.0,4.199,85.3,98,0,60.0,2026-04-29T14:50:21.434379,4.212
2026-04-29T14:49:21.753727,90.45,0.2666,92.4,0.2755,1000.0,0.0,4.199,85.3,98,0,60.0,2026-04-29T14:50:21.753035,4.212
2026-04-29T14:49:22.585106,90.5,0.2691,92.43,0.2759,1000.0,0.0,4.199,85.3,98,0,60.0,2026-04-29T14:50:22.522150,4.212
2026-04-29T14:49:22.953615,90.5,0.2691,92.45,0.2772,1000.0,0.0,4.199,85.3,98,0,60.0,2026-04-29T14:50:22.952888,4.212
2026-04-29T14:49:23.159133,90.55,0.2691,92.45,0.2776,1000.0,0.0,4.199,85.3,98,0,60.0,2026-04-29T14:50:23.153050,4.212
2026-04-29T14:49:23.851787,90.55,0.2691,92.49,0.2777,1000.0,0.0,4.199,85.3,98,0,60.0,2026-04-29T14:50:23.850986,4.212
2026-04-29T14:49:24.753230,90.55,0.2691,92.5,0.2779,1000.0,0.0,4.199,85.3,98,0,60.0,2026-04-29T14:50:24.750120,4.212
2026-04-29T14:49:25.751211,90.61,0.2666,92.53,0.2776,1000.0,0.0,4.199,85.3,98,0,60.0,2026-04-29T14:50:25.750599,4.212
2026-04-29T14:49:26.128205,90.61,0.2666,92.56,0.2763,1000.0,0.0,4.199,85.3,98,0,60.0,2026-04-29T14:50:26.127826,4.212
2026-04-29T14:49:26.505221,90.61,0.2666,92.56,0.2759,1000.0,0.0,4.199,85.3,98,0,60.0,2026-04-29T14:50:26.486523,4.212
2026-04-29T14:49:27.168034,90.68,0.265,92.6,0.2753,1000.0,0.0,4.199,85.3,98,0,60.0,2026-04-29T14:50:27.132167,4.212
2026-04-29T14:49:27.424537,90.68,0.2717,92.62,0.2782,1000.0,0.0,4.199,85.3,98,0,60.0,2026-04-29T14:50:27.423951,4.212
2026-04-29T14:49:27.710482,90.68,0.2717,92.63,0.2793,1000.0,0.0,4.199,85.3,98,0,60.0,2026-04-29T14:50:27.710084,4.212
2026-04-29T14:49:28.499578,90.74,0.2725,92.66,0.2797,1000.0,0.0,4.199,85.3,98,0,60.0,2026-04-29T14:50:28.485070,4.212
2026-04-29T14:49:28.912037,90.74,0.2725,92.68,0.2808,1000.0,0.0,4.199,85.3,98,0,60.0,2026-04-29T14:50:28.903562,4.212
2026-04-29T14:49:29.379041,90.74,0.2725,92.68,0.2811,1000.0,0.0,4.199,85.3,98,0,60.0,2026-04-29T14:50:29.371388,4.212
2026-04-29T14:49:30.097936,90.77,0.2718,92.71,0.281,1000.0,0.0,4.199,85.3,98,0,60.0,2026-04-29T14:50:30.097397,4.212
2026-04-29T14:49:30.801282,90.77,0.2718,92.72,0.2809,1000.0,0.0,4.199,85.3,98,0,60.0,2026-04-29T14:50:30.800703,4.212
2026-04-29T14:49:31.041999,90.82,0.2718,92.73,0.2808,1000.0,0.0,4.199,85.3,98,0,60.0,2026-04-29T14:50:31.041375,4.212
2026-04-29T14:49:31.237368,90.82,0.2742,92.74,0.2815,1000.0,0.0,4.199,85.3,98,0,60.0,2026-04-29T14:50:31.236687,4.212
2026-04-29T14:49:31.422402,90.82,0.2742,92.75,0.2822,1000.0,0.0,4.199,85.3,98,0,60.0,2026-04-29T14:50:31.420904,4.212
2026-04-29T14:49:31.598494,90.91,0.2718,92.77,0.2823,1000.0,0.0,4.199,85.2,98,0,60.0,2026-04-29T14:50:31.597688,4.212
2026-04-29T14:49:31.850278,90.91,0.2776,92.81,0.2838,1000.0,0.0,4.199,85.2,98,0,60.0,2026-04-29T14:50:31.849539,4.212
2026-04-29T14:49:32.160483,90.91,0.2776,92.83,0.2851,1000.0,0.0,4.199,85.2,98,0,60.0,2026-04-29T14:50:32.137357,4.212
2026-04-29T14:49:32.654810,90.94,0.2725,92.86,0.2852,1000.0,0.0,4.199,85.2,98,0,60.0,2026-04-29T14:50:32.645727,4.212
2026-04-29T14:49:33.045004,90.94,0.2725,92.88,0.2833,1000.0,0.0,4.199,85.2,98,0,60.0,2026-04-29T14:50:33.044552,4.212
2026-04-29T14:49:33.211688,90.94,0.2725,92.88,0.2824,1000.0,0.0,4.199,85.2,98,0,60.0,2026-04-29T14:50:33.211195,4.212
2026-04-29T14:49:33.507245,90.97,0.2725,92.9,0.2816,1000.0,0.0,4.199,85.2,98,0,60.0,2026-04-29T14:50:33.506707,4.212
2026-04-29T14:49:33.745348,90.97,0.2725,92.91,0.2816,1000.0,0.0,4.199,85.2,98,0,60.0,2026-04-29T14:50:33.744850,4.212
2026-04-29T14:49:33.968606,90.97,0.2725,92.91,0.2815,1000.0,0.0,4.199,85.2,98,0,60.0,2026-04-29T14:50:33.951764,4.212
2026-04-29T14:49:34.329777,91.03,0.2682,92.95,0.2791,1000.0,0.0,4.199,85.2,98,0,60.0,2026-04-29T14:50:34.329082,4.212
2026-04-29T14:49:34.928991,91.03,0.2682,92.97,0.2781,1000.0,0.0,4.199,85.2,99,0,60.0,2026-04-29T14:50:34.928144,4.212
2026-04-29T14:49:35.126820,91.1,0.2682,92.98,0.2776,1000.0,0.0,4.199,85.2,99,0,60.0,2026-04-29T14:50:35.124634,4.212
2026-04-29T14:49:35.415097,91.1,0.2682,93.01,0.2758,1000.0,0.0,4.199,85.2,99,0,60.0,2026-04-29T14:50:35.414537,4.212
2026-04-29T14:49:35.668799,91.1,0.2682,93.03,0.2764,1000.0,0.0,4.199,85.2,99,0,60.0,2026-04-29T14:50:35.668340,4.212
2026-04-29T14:49:35.959159,91.12,0.2682,93.05,0.2767,1000.0,0.0,4.199,85.2,99,0,60.0,2026-04-29T14:50:35.958513,4.212
2026-04-29T14:49:36.455642,91.12,0.2751,93.06,0.2801,1000.0,0.0,4.199,85.2,99,0,60.0,2026-04-29T14:50:36.449046,4.212
2026-04-29T14:49:36.853252,91.12,0.2751,93.07,0.2823,1000.0,0.0,4.199,85.2,98,0,60.0,2026-04-29T14:50:36.852762,4.212
2026-04-29T14:49:40.144813,91.16,0.2749,93.12,0.2838,1000.0,0.0,4.199,85.2,98,0,60.0,2026-04-29T14:50:40.144284,4.212
2026-04-29T14:49:40.392961,91.16,0.2751,93.11,0.284,1000.0,0.0,4.199,85.2,98,0,60.0,2026-04-29T14:50:40.392507,4.212
2026-04-29T14:49:41.391661,91.16,0.2751,93.11,0.2841,1000.0,0.0,4.199,85.2,98,0,60.0,2026-04-29T14:50:41.385562,4.212
2026-04-29T14:49:41.692793,91.19,0.2794,93.13,0.2847,1000.0,0.0,4.199,85.2,98,0,60.0,2026-04-29T14:50:41.692360,4.212
2026-04-29T14:49:41.810219,91.19,0.2794,93.13,0.2865,1000.0,0.0,4.199,85.2,98,0,60.0,2026-04-29T14:50:41.809791,4.212
2026-04-29T14:49:42.123838,91.19,0.2794,93.13,0.2872,1000.0,0.0,4.199,85.2,98,0,60.0,2026-04-29T14:50:42.122692,4.212
2026-04-29T14:49:42.265109,91.22,0.2751,93.15,0.2862,1000.0,0.0,4.199,85.2,98,0,60.0,2026-04-29T14:50:42.264410,4.212
2026-04-29T14:49:42.378665,91.22,0.2751,93.15,0.2854,1000.0,0.0,4.199,85.2,98,0,60.0,2026-04-29T14:50:42.377990,4.212
2026-04-29T14:49:42.694070,91.27,0.2751,93.16,0.285,1000.0,0.0,4.199,85.2,98,0,60.0,2026-04-29T14:50:42.693502,4.212
2026-04-29T14:49:43.021824,91.27,0.274,93.19,0.284,1000.0,0.0,4.199,85.2,98,0,60.0,2026-04-29T14:50:43.007997,4.212
2026-04-29T14:49:43.242084,91.27,0.274,93.2,0.2836,1000.0,0.0,4.199,85.2,98,0,60.0,2026-04-29T14:50:43.241286,4.212
2026-04-29T14:49:43.473876,91.31,0.2725,93.22,0.2832,1000.0,0.0,4.199,85.2,98,0,60.0,2026-04-29T14:50:43.473208,4.212
2026-04-29T14:49:43.589842,91.31,0.2776,93.23,0.2842,1000.0,0.0,4.199,85.2,98,0,60.0,2026-04-29T14:50:43.589133,4.212
2026-04-29T14:49:43.692193,91.31,0.2776,93.24,0.2851,1000.0,0.0,4.199,85.2,98,0,60.0,2026-04-29T14:50:43.691525,4.212
2026-04-29T14:49:43.815815,91.33,0.2776,93.25,0.2856,1000.0,0.0,4.199,85.1,98,0,60.0,2026-04-29T14:50:43.815387,4.212
2026-04-29T14:49:43.942370,91.33,0.281,93.26,0.287,1000.0,0.0,4.199,85.1,98,0,60.0,2026-04-29T14:50:43.941770,4.212
2026-04-29T14:49:44.058662,91.33,0.281,93.26,0.288,1000.0,0.0,4.199,85.1,98,0,60.0,2026-04-29T14:50:44.058079,4.212
2026-04-29T14:49:44.197536,91.39,0.2826,93.28,0.2886,1000.0,0.0,4.199,85.1,98,0,60.0,2026-04-29T14:50:44.197268,4.212
2026-04-29T14:49:44.447253,91.39,0.2826,93.3,0.2897,1000.0,0.0,4.199,85.1,98,0,60.0,2026-04-29T14:50:44.446593,4.212
2026-04-29T14:49:44.557908,91.39,0.2826,93.32,0.2904,1000.0,0.0,4.199,85.1,98,0,60.0,2026-04-29T14:50:44.555557,4.212
2026-04-29T14:49:44.703290,91.45,0.2945,93.34,0.2927,1000.0,0.0,4.199,85.1,98,0,60.0,2026-04-29T14:50:44.702741,4.212
2026-04-29T14:49:45.298386,91.45,0.2945,93.37,0.2971,1000.0,0.0,4.199,85.1,98,0,60.0,2026-04-29T14:50:45.285747,4.212
2026-04-29T14:49:45.458159,91.49,0.2945,93.39,0.3004,1000.0,0.0,4.199,85.1,98,0,60.0,2026-04-29T14:50:45.457736,4.212
2026-04-29T14:49:45.612859,91.49,0.292,93.41,0.3001,1000.0,0.0,4.199,85.1,98,0,60.0,2026-04-29T14:50:45.612360,4.212
2026-04-29T14:49:45.726672,91.49,0.292,93.42,0.3005,1000.0,0.0,4.199,85.1,98,0,60.0,2026-04-29T14:50:45.726146,4.212
2026-04-29T14:49:45.866866,91.54,0.2919,93.43,0.3007,1000.0,0.0,4.199,85.1,98,0,60.0,2026-04-29T14:50:45.866556,4.212
2026-04-29T14:49:45.985717,91.54,0.2919,93.45,0.3008,1000.0,0.0,4.199,85.1,98,0,60.0,2026-04-29T14:50:45.985280,4.212
2026-04-29T14:49:46.107049,91.54,0.2919,93.46,0.3009,1000.0,0.0,4.199,85.1,98,0,60.0,2026-04-29T14:50:46.106471,4.212
2026-04-29T14:49:46.214541,91.59,0.2911,93.48,0.3008,1000.0,0.0,4.199,85.1,98,0,60.0,2026-04-29T14:50:46.213889,4.212
2026-04-29T14:49:46.317222,91.59,0.3006,93.5,0.3037,1000.0,0.0,4.199,85.1,98,0,60.0,2026-04-29T14:50:46.316876,4.212
2026-04-29T14:49:46.416712,91.59,0.3006,93.51,0.3056,1000.0,0.0,4.199,85.1,98,0,60.0,2026-04-29T14:50:46.416376,4.212
2026-04-29T14:49:46.520276,91.63,0.3021,93.53,0.307,1000.0,0.0,4.199,85.1,98,0,60.0,2026-04-29T14:50:46.519751,4.212
2026-04-29T14:49:46.662840,91.63,0.3021,93.54,0.3083,1000.0,0.0,4.199,85.1,98,0,60.0,2026-04-29T14:50:46.662438,4.212
2026-04-29T14:49:47.110455,91.63,0.3021,93.56,0.3094,1000.0,0.0,4.199,85.1,98,0,60.0,2026-04-29T14:50:47.108939,4.212
2026-04-29T14:49:47.296723,91.69,0.2978,93.59,0.3089,1000.0,0.0,4.199,85.1,98,0,60.0,2026-04-29T14:50:47.296359,4.212
2026-04-29T14:49:47.419279,91.69,0.2978,93.61,0.3082,1000.0,0.0,4.199,85.1,98,0,60.0,2026-04-29T14:50:47.418851,4.212
2026-04-29T14:49:47.538483,91.71,0.2978,93.62,0.3078,1000.0,0.0,4.199,85.1,98,0,60.0,2026-04-29T14:50:47.537871,4.212
2026-04-29T14:49:47.664841,91.71,0.2928,93.63,0.3061,1000.0,0.0,4.199,85.1,98,0,60.0,2026-04-29T14:50:47.664502,4.212
2026-04-29T14:49:47.794098,91.71,0.2928,93.64,0.3047,1000.0,0.0,4.199,85.1,98,0,60.0,2026-04-29T14:50:47.793529,4.212
2026-04-29T14:49:48.118136,91.76,0.2871,93.66,0.3031,1000.0,0.0,4.199,85.1,98,0,60.0,2026-04-29T14:50:48.117793,4.212
2026-04-29T14:49:48.220835,91.76,0.2928,93.68,0.3023,1000.0,0.0,4.199,85.1,98,0,60.0,2026-04-29T14:50:48.220512,4.212
2026-04-29T14:49:48.323601,91.76,0.2928,93.69,0.3022,1000.0,0.0,4.199,85.1,98,0,60.0,2026-04-29T14:50:48.323333,4.212
2026-04-29T14:49:48.420845,91.77,0.2911,93.69,0.3016,1000.0,0.0,4.199,85.0,98,0,60.0,2026-04-29T14:50:48.420577,4.212
2026-04-29T14:49:48.515962,91.77,0.2936,93.7,0.302,1000.0,0.0,4.199,85.0,98,0,60.0,2026-04-29T14:50:48.515702,4.212
2026-04-29T14:49:48.613395,91.77,0.2936,93.7,0.3023,1000.0,0.0,4.199,85.0,98,0,60.0,2026-04-29T14:50:48.613051,4.212
2026-04-29T14:49:48.885741,91.83,0.2911,93.72,0.302,1000.0,0.0,4.199,85.0,98,0,60.0,2026-04-29T14:50:48.877153,4.212
2026-04-29T14:49:49.158366,91.83,0.2911,93.75,0.3013,1000.0,0.0,4.199,85.0,98,0,60.0,2026-04-29T14:50:49.157857,4.212
2026-04-29T14:49:49.254910,91.83,0.2911,93.76,0.3009,1000.0,0.0,4.199,85.0,98,0,60.0,2026-04-29T14:50:49.254517,4.212
2026-04-29T14:49:49.356785,91.87,0.2835,93.78,0.2979,1000.0,0.0,4.199,85.0,98,0,60.0,2026-04-29T14:50:49.356522,4.212
2026-04-29T14:49:49.453562,91.87,0.2835,93.79,0.2962,1000.0,0.0,4.199,85.0,98,0,60.0,2026-04-29T14:50:49.453306,4.212
2026-04-29T14:49:49.551809,91.92,0.2835,93.8,0.2951,1000.0,0.0,4.199,85.0,98,0,60.0,2026-04-29T14:50:49.551536,4.212
2026-04-29T14:49:49.651248,91.92,0.2871,93.82,0.2939,1000.0,0.0,4.199,85.0,98,0,60.0,2026-04-29T14:50:49.650974,4.212
2026-04-29T14:49:49.750652,91.92,0.2871,93.83,0.2946,1000.0,0.0,4.199,85.0,98,0,60.0,2026-04-29T14:50:49.750395,4.212
2026-04-29T14:49:49.850708,91.96,0.2871,93.85,0.2951,1000.0,0.0,4.199,85.0,98,0,60.0,2026-04-29T14:50:49.850465,4.212
2026-04-29T14:49:49.955639,91.96,0.2902,93.87,0.2962,1000.0,0.0,4.199,85.0,98,0,60.0,2026-04-29T14:50:49.955371,4.212
2026-04-29T14:49:50.053235,91.96,0.2902,93.88,0.2973,1000.0,0.0,4.199,85.0,98,0,60.0,2026-04-29T14:50:50.052900,4.212
2026-04-29T14:49:50.264200,91.96,0.2902,93.89,0.2978,1000.0,0.0,4.199,85.0,98,0,60.0,2026-04-29T14:50:50.234705,4.212
2026-04-29T14:49:50.386104,91.96,0.2902,93.9,0.2984,1000.0,0.0,4.199,85.0,98,0,60.0,2026-04-29T14:50:50.385909,4.212
2026-04-29T14:49:50.484420,91.96,0.2902,93.9,0.2988,1000.0,0.0,4.199,85.0,98,0,60.0,2026-04-29T14:50:50.484127,4.212
2026-04-29T14:49:50.603981,92.0,0.2835,93.91,0.2974,1000.0,0.0,4.199,85.0,98,0,60.0,2026-04-29T14:50:50.603555,4.212
2026-04-29T14:49:50.748607,92.0,0.2835,93.93,0.2959,1000.0,0.0,4.199,85.0,98,0,60.0,2026-04-29T14:50:50.748127,4.212
2026-04-29T14:49:50.962985,92.0,0.2835,93.94,0.2947,1000.0,0.0,4.199,85.0,98,0,60.0,2026-04-29T14:50:50.962487,4.212
2026-04-29T14:49:51.268105,92.04,0.2835,93.96,0.2937,1000.0,0.0,4.199,85.0,98,0,60.0,2026-04-29T14:50:51.267664,4.212
2026-04-29T14:49:51.377965,92.04,0.2835,93.97,0.2933,1000.0,0.0,4.199,85.0,98,0,60.0,2026-04-29T14:50:51.377529,4.212
2026-04-29T14:49:51.495496,92.12,0.2835,93.98,0.2931,1000.0,0.0,4.199,85.0,98,0,60.0,2026-04-29T14:50:51.494886,4.212
2026-04-29T14:49:51.603494,92.12,0.2886,94.0,0.294,1000.0,0.0,4.199,85.0,98,0,60.0,2026-04-29T14:50:51.602873,4.212
2026-04-29T14:49:51.711460,92.12,0.2886,94.02,0.2953,1000.0,0.0,4.199,85.0,98,0,60.0,2026-04-29T14:50:51.710889,4.212
2026-04-29T14:49:51.820663,92.16,0.2835,94.03,0.2957,1000.0,0.0,4.199,85.0,98,0,60.0,2026-04-29T14:50:51.820109,4.212
2026-04-29T14:49:51.934870,92.16,0.2988,94.05,0.299,1000.0,0.0,4.199,85.0,98,0,60.0,2026-04-29T14:50:51.934196,4.212
2026-04-29T14:49:52.175723,92.16,0.2988,94.07,0.302,1000.0,0.0,4.199,85.0,98,0,60.0,2026-04-29T14:50:52.175140,4.212
2026-04-29T14:49:52.278888,92.16,0.308,94.08,0.305,1000.0,0.0,4.199,85.0,98,0,60.0,2026-04-29T14:50:52.278533,4.212
2026-04-29T14:49:52.378758,92.16,0.3145,94.08,0.3113,1000.0,0.0,4.199,85.0,98,0,60.0,2026-04-29T14:50:52.378501,4.212
2026-04-29T14:49:52.477131,92.16,0.3145,94.09,0.3153,1000.0,0.0,4.199,85.0,98,0,60.0,2026-04-29T14:50:52.476881,4.212
2026-04-29T14:49:52.579200,92.18,0.3123,94.09,0.3169,1000.0,0.0,4.199,85.0,98,0,60.0,2026-04-29T14:50:52.578955,4.212
2026-04-29T14:49:52.672616,92.18,0.3123,94.1,0.3183,1000.0,0.0,4.199,85.0,98,0,60.0,2026-04-29T14:50:52.672329,4.212
2026-04-29T14:49:52.781019,92.18,0.3123,94.1,0.3193,1000.0,0.0,4.199,85.0,98,0,60.0,2026-04-29T14:50:52.772858,4.212
2026-04-29T14:49:53.061283,92.22,0.3123,94.12,0.3202,1000.0,0.0,4.199,84.9,98,0,60.0,2026-04-29T14:50:53.055952,4.212
2026-04-29T14:49:53.176420,92.22,0.3123,94.14,0.3208,1000.0,0.0,4.199,84.9,98,0,60.0,2026-04-29T14:50:53.176023,4.212
2026-04-29T14:49:53.274030,92.28,0.3123,94.15,0.3211,1000.0,0.0,4.199,84.9,98,0,60.0,2026-04-29T14:50:53.273596,4.212
2026-04-29T14:49:53.375405,92.28,0.3181,94.17,0.3225,1000.0,0.0,4.199,84.9,98,0,60.0,2026-04-29T14:50:53.375046,4.212
2026-04-29T14:49:53.472458,92.28,0.3181,94.18,0.324,1000.0,0.0,4.199,84.9,98,0,60.0,2026-04-29T14:50:53.472157,4.212
2026-04-29T14:49:53.570029,92.32,0.3181,94.2,0.3251,1000.0,0.0,4.199,84.9,98,0,60.0,2026-04-29T14:50:53.569765,4.212
2026-04-29T14:49:53.668975,92.32,0.3206,94.21,0.3264,1000.0,0.0,4.199,84.9,98,0,60.0,2026-04-29T14:50:53.668720,4.212
2026-04-29T14:49:53.766904,92.32,0.3206,94.23,0.3275,1000.0,0.0,4.199,84.9,98,0,60.0,2026-04-29T14:50:53.766633,4.212
2026-04-29T14:49:53.865122,92.36,0.3206,94.24,0.3281,1000.0,0.0,4.199,84.9,98,0,60.0,2026-04-29T14:50:53.864808,4.212
2026-04-29T14:49:54.055473,92.36,0.3206,94.26,0.3287,1000.0,0.0,4.199,84.9,98,0,60.0,2026-04-29T14:50:54.055157,4.212
2026-04-29T14:49:54.160652,92.36,0.3206,94.27,0.3292,1000.0,0.0,4.199,84.9,98,0,60.0,2026-04-29T14:50:54.160330,4.212
2026-04-29T14:49:54.268782,92.39,0.3189,94.29,0.3289,1000.0,0.0,4.199,84.9,98,0,60.0,2026-04-29T14:50:54.268444,4.212
2026-04-29T14:49:54.372284,92.39,0.3189,94.3,0.3287,1000.0,0.0,4.199,84.9,98,0,60.0,2026-04-29T14:50:54.371768,4.212
2026-04-29T14:49:54.469283,92.39,0.3189,94.31,0.3286,1000.0,0.0,4.199,84.9,98,0,60.0,2026-04-29T14:50:54.469006,4.212
2026-04-29T14:49:54.747590,92.46,0.3231,94.33,0.329,1000.0,0.0,4.199,84.9,98,0,60.0,2026-04-29T14:50:54.747032,4.212
2026-04-29T14:49:54.931887,92.46,0.3231,94.36,0.3304,1000.0,0.0,4.199,84.9,98,0,60.0,2026-04-29T14:50:54.931331,4.212
2026-04-29T14:49:55.208814,92.51,0.3231,94.39,0.3314,1000.0,0.0,4.199,84.9,98,0,60.0,2026-04-29T14:50:55.208347,4.212
2026-04-29T14:49:55.355867,92.51,0.3291,94.41,0.3334,1000.0,0.0,4.199,84.9,98,0,60.0,2026-04-29T14:50:55.349998,4.212
2026-04-29T14:49:55.486390,92.51,0.3291,94.43,0.3354,1000.0,0.0,4.199,84.9,98,0,60.0,2026-04-29T14:50:55.486115,4.212
2026-04-29T14:49:55.587651,92.51,0.3231,94.43,0.336,1000.0,0.0,4.199,84.9,98,0,60.0,2026-04-29T14:50:55.587222,4.212
2026-04-29T14:49:55.699787,92.51,0.3267,94.44,0.3361,1000.0,0.0,4.199,84.9,98,0,60.0,2026-04-29T14:50:55.699492,4.212
2026-04-29T14:49:55.844592,92.51,0.3267,94.44,0.3361,1000.0,0.0,4.199,84.9,98,0,60.0,2026-04-29T14:50:55.844134,4.212
2026-04-29T14:49:56.643713,92.56,0.3265,94.46,0.3362,1000.0,0.0,4.199,84.9,98,0,60.0,2026-04-29T14:50:56.643195,4.212
2026-04-29T14:49:57.165070,92.56,0.3267,94.49,0.3363,1000.0,0.0,4.199,84.9,98,0,60.0,2026-04-29T14:50:57.164572,4.212
2026-04-29T14:49:57.326779,92.56,0.3267,94.49,0.3362,1000.0,0.0,4.199,84.9,98,0,60.0,2026-04-29T14:50:57.326350,4.212
2026-04-29T14:49:57.507442,92.61,0.3265,94.51,0.3362,1000.0,0.0,4.199,84.9,98,0,60.0,2026-04-29T14:50:57.507107,4.212
2026-04-29T14:49:57.692789,92.61,0.3265,94.52,0.3362,1000.0,0.0,4.199,84.9,98,0,60.0,2026-04-29T14:50:57.692064,4.212
2026-04-29T14:49:57.896613,92.61,0.3265,94.53,0.3361,1000.0,0.0,4.199,84.9,98,0,60.0,2026-04-29T14:50:57.886074,4.212
2026-04-29T14:49:58.198481,92.66,0.3257,94.56,0.3349,1000.0,0.0,4.199,84.8,98,0,60.0,2026-04-29T14:50:58.185687,4.212
2026-04-29T14:49:58.424933,92.66,0.3257,94.58,0.3351,1000.0,0.0,4.199,84.8,98,0,60.0,2026-04-29T14:50:58.424576,4.212
2026-04-29T14:49:58.542448,92.66,0.3257,94.58,0.3351,1000.0,0.0,4.199,84.8,98,0,60.0,2026-04-29T14:50:58.542082,4.212
2026-04-29T14:49:58.767806,92.66,0.3257,94.59,0.3348,1000.0,0.0,4.199,84.8,98,0,60.0,2026-04-29T14:50:58.767465,4.212
2026-04-29T14:49:58.924234,92.66,0.3257,94.59,0.335,1000.0,0.0,4.199,84.8,98,0,60.0,2026-04-29T14:50:58.923890,4.212
2026-04-29T14:49:59.069066,92.67,0.3087,94.6,0.3337,1000.0,0.0,4.199,84.8,98,0,60.0,2026-04-29T14:50:59.068643,4.212
2026-04-29T14:49:59.273370,92.67,0.3265,94.6,0.3335,1000.0,0.0,4.199,84.8,98,0,60.0,2026-04-29T14:50:59.273021,4.212
2026-04-29T14:49:59.484217,92.67,0.3265,94.6,0.3345,1000.0,0.0,4.199,84.8,98,0,60.0,2026-04-29T14:50:59.483844,4.212
2026-04-29T14:49:59.675607,92.72,0.3274,94.62,0.3336,1000.0,0.0,4.199,84.8,98,0,60.0,2026-04-29T14:50:59.675308,4.212
2026-04-29T14:49:59.809736,92.72,0.3276,94.63,0.3349,1000.0,0.0,4.199,84.8,98,0,60.0,2026-04-29T14:50:59.802400,4.212
2026-04-29T14:50:00.116842,92.72,0.3276,94.64,0.3358,1000.0,0.0,4.199,84.8,98,0,60.0,2026-04-29T14:51:00.095071,4.212
2026-04-29T14:50:00.297583,92.72,0.3274,94.65,0.3363,1000.0,0.0,4.199,84.8,98,0,60.0,2026-04-29T14:51:00.297069,4.212
2026-04-29T14:50:00.843908,92.72,0.3274,94.65,0.3365,1000.0,0.0,4.199,84.8,98,0,60.0,2026-04-29T14:51:00.843320,4.212
2026-04-29T14:50:01.429393,92.72,0.3274,94.67,0.3368,1000.0,0.0,4.199,84.8,98,0,60.0,2026-04-29T14:51:01.428625,4.212
2026-04-29T14:50:01.986391,92.75,0.3289,94.68,0.3373,1000.0,0.0,4.199,84.8,98,0,60.0,2026-04-29T14:51:01.965302,4.212
2026-04-29T14:50:02.426512,92.75,0.3289,94.69,0.338,1000.0,0.0,4.199,84.8,98,0,60.0,2026-04-29T14:51:02.426127,4.212
2026-04-29T14:50:02.764430,92.8,0.3289,94.7,0.3382,1000.0,0.0,4.199,84.8,98,0,60.0,2026-04-29T14:51:02.760371,4.212
2026-04-29T14:50:03.026494,92.8,0.3163,94.72,0.332,1000.0,0.0,4.199,84.8,98,0,60.0,2026-04-29T14:51:03.026110,4.212
2026-04-29T14:50:04.743983,92.8,0.3163,94.73,0.3293,1000.0,0.0,4.199,84.8,98,0,60.0,2026-04-29T14:51:04.743142,4.212
2026-04-29T14:50:05.594814,92.81,0.3021,94.76,0.3239,1000.0,0.0,4.199,84.8,98,0,60.0,2026-04-29T14:51:05.593366,4.212
2026-04-29T14:50:06.743321,92.81,0.3163,94.77,0.3241,1000.0,0.0,4.199,84.8,98,0,60.0,2026-04-29T14:51:06.742901,4.212
2026-04-29T14:50:07.074656,92.81,0.3163,94.76,0.3252,1000.0,0.0,4.199,84.8,98,0,60.0,2026-04-29T14:51:07.040697,4.212
2026-04-29T14:50:07.501667,92.87,0.319,94.78,0.326,1000.0,0.0,4.199,84.8,98,0,60.0,2026-04-29T14:51:07.501251,4.212
2026-04-29T14:50:07.909289,92.87,0.3215,94.79,0.3284,1000.0,0.0,4.199,84.8,98,0,60.0,2026-04-29T14:51:07.908786,4.212
2026-04-29T14:50:08.412244,92.87,0.3215,94.81,0.3297,1000.0,0.0,4.199,84.8,98,0,60.0,2026-04-29T14:51:08.392795,4.212
2026-04-29T14:50:08.984178,92.91,0.3276,94.84,0.3319,1000.0,0.0,4.199,84.8,98,0,60.0,2026-04-29T14:51:08.983509,4.212
2026-04-29T14:50:09.256380,92.91,0.3276,94.85,0.3347,1000.0,0.0,4.199,84.8,98,0,60.0,2026-04-29T14:51:09.255868,4.212
2026-04-29T14:50:09.559268,92.91,0.3276,94.85,0.3358,1000.0,0.0,4.199,84.8,98,0,60.0,2026-04-29T14:51:09.558931,4.212
2026-04-29T14:50:10.063501,92.97,0.3289,94.88,0.3368,1000.0,0.0,4.199,84.8,98,0,60.0,2026-04-29T14:51:10.055835,4.212
2026-04-29T14:50:10.564970,92.97,0.3289,94.9,0.3379,1000.0,0.0,4.199,84.8,98,0,60.0,2026-04-29T14:51:10.545656,4.213
2026-04-29T14:50:10.790112,93.03,0.3289,94.92,0.3383,1000.0,0.0,4.199,84.8,98,0,60.0,2026-04-29T14:51:10.789735,4.213
2026-04-29T14:50:11.314261,93.03,0.3307,94.94,0.3382,1000.0,0.0,4.199,84.8,98,0,60.0,2026-04-29T14:51:11.313746,4.213
2026-04-29T14:50:11.514369,93.03,0.3307,94.95,0.3393,1000.0,0.0,4.199,84.8,98,0,60.0,2026-04-29T14:51:11.513999,4.213
2026-04-29T14:50:11.700392,93.05,0.324,94.96,0.3391,1000.0,0.0,4.199,84.8,98,0,60.0,2026-04-29T14:51:11.699968,4.213
2026-04-29T14:50:12.104514,93.05,0.3307,94.98,0.3397,1000.0,0.0,4.199,84.8,98,0,60.0,2026-04-29T14:51:12.077895,4.213
2026-04-29T14:50:12.374651,93.05,0.3307,94.98,0.3401,1000.0,0.0,4.199,84.8,98,0,60.0,2026-04-29T14:51:12.374360,4.213
2026-04-29T14:50:12.497292,93.06,0.3298,94.99,0.34,1000.0,0.0,4.199,84.8,98,0,60.0,2026-04-29T14:51:12.496639,4.213
2026-04-29T14:50:12.677992,93.06,0.3299,94.99,0.3399,1000.0,0.0,4.199,84.8,98,0,60.0,2026-04-29T14:51:12.677418,4.213
2026-04-29T14:50:12.790109,93.06,0.3299,94.99,0.3397,1000.0,0.0,4.199,84.8,98,0,60.0,2026-04-29T14:51:12.789672,4.213
2026-04-29T14:50:12.935305,93.12,0.3299,95.01,0.3397,1000.0,0.0,4.199,84.7,98,0,60.0,2026-04-29T14:51:12.934842,4.213
2026-04-29T14:50:13.078029,93.12,0.3299,95.02,0.3396,1000.0,0.0,4.199,84.7,98,0,60.0,2026-04-29T14:51:13.077530,4.213
2026-04-29T14:50:13.232027,93.12,0.3299,95.04,0.3396,1000.0,0.0,4.199,84.7,98,0,60.0,2026-04-29T14:51:13.231674,4.213
2026-04-29T14:50:13.483127,93.15,0.3367,95.06,0.3408,1000.0,0.0,4.199,84.7,98,0,60.0,2026-04-29T14:51:13.482783,4.213
2026-04-29T14:50:13.680563,93.15,0.3367,95.07,0.3429,1000.0,0.0,4.199,84.7,98,0,60.0,2026-04-29T14:51:13.668528,4.213
2026-04-29T14:50:14.149419,93.16,0.3367,95.08,0.3445,1000.0,0.0,4.199,84.7,98,0,60.0,2026-04-29T14:51:14.149087,4.213
2026-04-29T14:50:14.684286,93.16,0.3415,95.09,0.3466,1000.0,0.0,4.199,84.7,98,0,60.0,2026-04-29T14:51:14.683863,4.213
2026-04-29T14:50:15.208863,93.16,0.3415,95.1,0.3494,1000.0,0.0,4.199,84.7,98,0,60.0,2026-04-29T14:51:15.208390,4.213
2026-04-29T14:50:15.601688,93.23,0.3392,95.12,0.3501,1000.0,0.0,4.199,84.7,98,0,60.0,2026-04-29T14:51:15.600694,4.213
2026-04-29T14:50:16.298824,93.23,0.3366,95.14,0.3482,1000.0,0.0,4.199,84.7,98,0,60.0,2026-04-29T14:51:16.292126,4.213
2026-04-29T14:50:16.763032,93.23,0.3366,95.17,0.3471,1000.0,0.0,4.199,84.7,98,0,60.0,2026-04-29T14:51:16.762644,4.213
2026-04-29T14:50:17.019706,93.28,0.3358,95.18,0.3465,1000.0,0.0,4.199,84.7,98,0,60.0,2026-04-29T14:51:17.012539,4.213
2026-04-29T14:50:17.380180,93.28,0.3358,95.21,0.346,1000.0,0.0,4.199,84.7,98,0,60.0,2026-04-29T14:51:17.379709,4.213
2026-04-29T14:50:17.525334,93.28,0.3358,95.21,0.3457,1000.0,0.0,4.199,84.7,98,0,60.0,2026-04-29T14:51:17.524978,4.213
2026-04-29T14:50:17.715928,93.3,0.3324,95.22,0.3445,1000.0,0.0,4.199,84.7,98,0,60.0,2026-04-29T14:51:17.715429,4.213
2026-04-29T14:50:17.876600,93.3,0.3324,95.23,0.3436,1000.0,0.0,4.199,84.7,98,0,60.0,2026-04-29T14:51:17.875974,4.213
2026-04-29T14:50:18.309299,93.3,0.3324,95.24,0.343,1000.0,0.0,4.199,84.7,98,0,60.0,2026-04-29T14:51:18.308744,4.213
2026-04-29T14:50:18.427316,93.37,0.3348,95.27,0.3429,1000.0,0.0,4.199,84.7,98,0,60.0,2026-04-29T14:51:18.426892,4.213
2026-04-29T14:50:18.635721,93.37,0.3348,95.29,0.3435,1000.0,0.0,4.199,84.7,98,0,60.0,2026-04-29T14:51:18.635046,4.213
2026-04-29T14:50:18.780831,93.4,0.3348,95.3,0.3439,1000.0,0.0,4.199,84.7,98,0,60.0,2026-04-29T14:51:18.780385,4.213
2026-04-29T14:50:18.995587,93.4,0.3358,95.32,0.3443,1000.0,0.0,4.199,84.7,98,0,60.0,2026-04-29T14:51:18.995162,4.213
2026-04-29T14:50:19.214366,93.4,0.3358,95.33,0.3449,1000.0,0.0,4.199,84.7,98,0,60.0,2026-04-29T14:51:19.213828,4.213
2026-04-29T14:50:19.653723,93.42,0.3348,95.34,0.3451,1000.0,0.0,4.199,84.7,98,0,60.0,2026-04-29T14:51:19.652865,4.213
2026-04-29T14:50:19.807513,93.42,0.3366,95.35,0.3456,1000.0,0.0,4.199,84.7,98,0,60.0,2026-04-29T14:51:19.807226,4.213
2026-04-29T14:50:20.227111,93.42,0.3366,95.36,0.3459,1000.0,0.0,4.199,84.7,98,0,60.0,2026-04-29T14:51:20.226641,4.213
2026-04-29T14:50:20.370377,93.44,0.3366,95.37,0.3461,1000.0,0.0,4.199,84.7,98,0,60.0,2026-04-29T14:51:20.369942,4.213
2026-04-29T14:50:20.780921,93.44,0.34,95.37,0.3476,1000.0,0.0,4.199,84.7,98,0,60.0,2026-04-29T14:51:20.780578,4.213
2026-04-29T14:50:20.967711,93.44,0.34,95.38,0.3487,1000.0,0.0,4.199,84.7,98,0,60.0,2026-04-29T14:51:20.967204,4.213
2026-04-29T14:50:21.185040,93.52,0.34,95.41,0.3488,1000.0,0.0,4.199,84.7,98,0,60.0,2026-04-29T14:51:21.184527,4.213
2026-04-29T14:50:21.416199,93.52,0.34,95.43,0.3492,1000.0,0.0,4.199,84.7,98,0,60.0,2026-04-29T14:51:21.415858,4.213
2026-04-29T14:50:22.463355,93.52,0.34,95.44,0.3495,1000.0,0.0,4.199,84.7,98,0,60.0,2026-04-29T14:51:22.438962,4.213
2026-04-29T14:50:22.850967,93.54,0.3434,95.47,0.3486,1000.0,0.0,4.199,84.7,98,0,60.0,2026-04-29T14:51:22.850339,4.213
2026-04-29T14:50:22.972467,93.54,0.3434,95.47,0.3508,1000.0,0.0,4.199,84.7,98,0,60.0,2026-04-29T14:51:22.972170,4.213
2026-04-29T14:50:23.112180,93.61,0.3434,95.48,0.3517,1000.0,0.0,4.199,84.6,98,0,60.0,2026-04-29T14:51:23.111619,4.213
2026-04-29T14:50:23.305742,93.61,0.3493,95.5,0.3532,1000.0,0.0,4.199,84.6,98,0,60.0,2026-04-29T14:51:23.305326,4.213
2026-04-29T14:50:23.658217,93.61,0.3493,95.52,0.3558,1000.0,0.0,4.199,84.6,98,0,60.0,2026-04-29T14:51:23.657723,4.213
2026-04-29T14:50:23.834012,93.63,0.3469,95.54,0.357,1000.0,0.0,4.199,84.6,98,0,60.0,2026-04-29T14:51:23.833579,4.213
2026-04-29T14:50:24.119396,93.63,0.346,95.55,0.3564,1000.0,0.0,4.199,84.6,98,0,60.0,2026-04-29T14:51:24.093134,4.213
2026-04-29T14:50:24.501146,93.63,0.346,95.56,0.3562,1000.0,0.0,4.199,84.6,98,0,60.0,2026-04-29T14:51:24.476523,4.213
2026-04-29T14:50:24.703522,93.64,0.3442,95.57,0.3557,1000.0,0.0,4.199,84.6,97,0,60.0,2026-04-29T14:51:24.702843,4.213
2026-04-29T14:50:24.833590,93.64,0.3451,95.57,0.3554,1000.0,0.0,4.199,84.6,97,0,60.0,2026-04-29T14:51:24.833196,4.213
2026-04-29T14:50:24.958258,93.64,0.3451,95.57,0.3552,1000.0,0.0,4.199,84.6,97,0,60.0,2026-04-29T14:51:24.957806,4.213
2026-04-29T14:50:25.176755,93.72,0.3451,95.6,0.3551,1000.0,0.0,4.199,84.6,97,0,60.0,2026-04-29T14:51:25.176268,4.213
2026-04-29T14:50:25.439357,93.72,0.3451,95.62,0.3551,1000.0,0.0,4.199,84.6,97,0,60.0,2026-04-29T14:51:25.438773,4.213
2026-04-29T14:50:25.771150,93.72,0.3451,95.64,0.3551,1000.0,0.0,4.199,84.6,97,0,60.0,2026-04-29T14:51:25.770838,4.213
2026-04-29T14:50:25.991245,93.77,0.351,95.67,0.3565,1000.0,0.0,4.199,84.6,97,0,60.0,2026-04-29T14:51:25.971551,4.213
2026-04-29T14:50:26.264887,93.77,0.351,95.69,0.3585,1000.0,0.0,4.199,84.6,97,0,60.0,2026-04-29T14:51:26.264530,4.213
2026-04-29T14:50:26.506836,93.83,0.351,95.7,0.3594,1000.0,0.0,4.199,84.6,97,0,60.0,2026-04-29T14:51:26.506393,4.213
2026-04-29T14:50:27.037072,93.83,0.3541,95.74,0.3611,1000.0,0.0,4.199,84.6,97,0,60.0,2026-04-29T14:51:27.036601,4.213
2026-04-29T14:50:27.328380,93.83,0.3541,95.76,0.3625,1000.0,0.0,4.199,84.6,97,0,60.0,2026-04-29T14:51:27.325666,4.213
2026-04-29T14:50:27.770882,93.83,0.3541,95.77,0.3632,1000.0,0.0,4.199,84.6,97,0,60.0,2026-04-29T14:51:27.770458,4.213
2026-04-29T14:50:28.097022,93.83,0.3552,95.77,0.3641,1000.0,0.0,4.199,84.6,97,0,60.0,2026-04-29T14:51:28.071212,4.213
2026-04-29T14:50:28.313256,93.83,0.3552,95.77,0.3646,1000.0,0.0,4.199,84.6,97,0,60.0,2026-04-29T14:51:28.312568,4.213
2026-04-29T14:50:28.455114,93.9,0.3527,95.79,0.3645,1000.0,0.0,4.199,84.6,97,0,60.0,2026-04-29T14:51:28.454653,4.213
2026-04-29T14:50:28.796925,93.9,0.3527,95.82,0.3637,1000.0,0.0,4.199,84.6,97,0,60.0,2026-04-29T14:51:28.796449,4.213
2026-04-29T14:50:28.938736,93.9,0.3527,95.83,0.3632,1000.0,0.0,4.199,84.6,97,0,60.0,2026-04-29T14:51:28.938116,4.213
2026-04-29T14:50:29.266872,93.93,0.3501,95.85,0.3616,1000.0,0.0,4.199,84.6,97,0,60.0,2026-04-29T14:51:29.266483,4.213
2026-04-29T14:50:29.491494,93.93,0.3501,95.86,0.3609,1000.0,0.0,4.199,84.6,97,0,60.0,2026-04-29T14:51:29.491101,4.213
2026-04-29T14:50:29.703932,93.93,0.3501,95.87,0.3605,1000.0,0.0,4.199,84.6,97,0,60.0,2026-04-29T14:51:29.703456,4.213
2026-04-29T14:50:29.840790,93.98,0.3501,95.88,0.3594,1000.0,0.0,4.199,84.6,97,0,60.0,2026-04-29T14:51:29.840228,4.213
2026-04-29T14:50:30.162707,93.98,0.3501,95.9,0.3597,1000.0,0.0,4.199,84.6,97,0,60.0,2026-04-29T14:51:30.162118,4.213
2026-04-29T14:50:30.285462,94.0,0.3501,95.91,0.3598,1000.0,0.0,4.199,84.5,97,0,60.0,2026-04-29T14:51:30.284243,4.213
2026-04-29T14:50:30.601802,94.0,0.3501,95.92,0.3595,1000.0,0.0,4.199,84.5,97,0,60.0,2026-04-29T14:51:30.601114,4.213
2026-04-29T14:50:30.787266,94.0,0.3501,95.93,0.3597,1000.0,0.0,4.199,84.5,97,0,60.0,2026-04-29T14:51:30.786901,4.213
2026-04-29T14:50:30.955723,94.03,0.3451,95.94,0.3594,1000.0,0.0,4.199,84.5,97,0,60.0,2026-04-29T14:51:30.955284,4.213
2026-04-29T14:50:31.164225,94.03,0.3492,95.95,0.359,1000.0,0.0,4.199,84.5,97,0,60.0,2026-04-29T14:51:31.163764,4.213
2026-04-29T14:50:31.351375,94.03,0.3492,95.96,0.359,1000.0,0.0,4.199,84.5,97,0,60.0,2026-04-29T14:51:31.350678,4.213
2026-04-29T14:50:31.745392,94.09,0.3476,95.98,0.3589,1000.0,0.0,4.199,84.5,97,0,60.0,2026-04-29T14:51:31.744831,4.213
2026-04-29T14:50:31.977732,94.09,0.3492,96.0,0.359,1000.0,0.0,4.199,84.5,97,0,60.0,2026-04-29T14:51:31.977071,4.213
2026-04-29T14:50:32.318218,94.09,0.3492,96.02,0.359,1000.0,0.0,4.199,84.5,97,0,60.0,2026-04-29T14:51:32.317589,4.213
2026-04-29T14:50:32.448090,94.13,0.3578,96.03,0.3596,1000.0,0.0,4.199,84.5,97,0,60.0,2026-04-29T14:51:32.447693,4.213
2026-04-29T14:50:32.642611,94.13,0.3578,96.05,0.3627,1000.0,0.0,4.199,84.5,97,0,60.0,2026-04-29T14:51:32.642048,4.213
2026-04-29T14:50:32.803234,94.13,0.3578,96.05,0.3646,1000.0,0.0,4.199,84.5,97,0,60.0,2026-04-29T14:51:32.781688,4.213
2026-04-29T14:50:33.133766,94.15,0.3618,96.07,0.3668,1000.0,0.0,4.199,84.5,97,0,60.0,2026-04-29T14:51:33.133409,4.213
2026-04-29T14:50:33.320938,94.15,0.3618,96.08,0.3688,1000.0,0.0,4.199,84.5,97,0,60.0,2026-04-29T14:51:33.319863,4.213
2026-04-29T14:50:33.514467,94.18,0.3618,96.09,0.37,1000.0,0.0,4.199,84.5,97,0,60.0,2026-04-29T14:51:33.513989,4.213
2026-04-29T14:50:33.838624,94.18,0.351,96.1,0.3666,1000.0,0.0,4.199,84.5,97,0,60.0,2026-04-29T14:51:33.835709,4.213
2026-04-29T14:50:34.137336,94.18,0.351,96.11,0.3639,1000.0,0.0,4.199,84.5,97,0,60.0,2026-04-29T14:51:34.137020,4.213
2026-04-29T14:50:34.326498,94.22,0.346,96.12,0.3623,1000.0,0.0,4.199,84.5,97,0,60.0,2026-04-29T14:51:34.326100,4.213
2026-04-29T14:50:34.538388,94.22,0.351,96.14,0.3614,1000.0,0.0,4.199,84.5,97,0,60.0,2026-04-29T14:51:34.537937,4.213
2026-04-29T14:50:34.706030,94.22,0.351,96.15,0.3612,1000.0,0.0,4.199,84.5,97,0,60.0,2026-04-29T14:51:34.705597,4.213
2026-04-29T14:50:34.848245,94.26,0.3653,96.16,0.3619,1000.0,0.0,4.199,84.5,97,0,60.0,2026-04-29T14:51:34.847890,4.213
2026-04-29T14:50:35.023449,94.26,0.3704,96.17,0.3686,1000.0,0.0,4.199,84.5,97,0,60.0,2026-04-29T14:51:35.023027,4.213
2026-04-29T14:50:35.219887,94.26,0.3704,96.19,0.373,1000.0,0.0,4.199,84.5,97,0,60.0,2026-04-29T14:51:35.219477,4.213
2026-04-29T14:50:35.528590,94.28,0.3672,96.2,0.3744,1000.0,0.0,4.199,84.5,97,0,60.0,2026-04-29T14:51:35.524247,4.213
2026-04-29T14:50:36.405219,94.28,0.3672,96.21,0.3758,1000.0,0.0,4.199,84.5,97,0,60.0,2026-04-29T14:51:36.398420,4.213
2026-04-29T14:50:36.901994,94.28,0.3672,96.23,0.3767,1000.0,0.0,4.199,84.5,98,0,60.0,2026-04-29T14:51:36.901574,4.213
2026-04-29T14:50:37.058249,94.31,0.3586,96.24,0.3727,1000.0,0.0,4.199,84.5,98,0,60.0,2026-04-29T14:51:37.056665,4.213
2026-04-29T14:50:37.599113,94.31,0.3586,96.25,0.3709,1000.0,0.0,4.199,84.5,98,0,60.0,2026-04-29T14:51:37.598451,4.213
2026-04-29T14:50:37.886490,94.32,0.3586,96.26,0.3697,1000.0,0.0,4.199,84.5,98,0,60.0,2026-04-29T14:51:37.886081,4.213
2026-04-29T14:50:38.335112,94.32,0.3696,96.26,0.3729,1000.0,0.0,4.199,84.5,98,0,60.0,2026-04-29T14:51:38.319740,4.213
2026-04-29T14:50:38.527993,94.32,0.3696,96.26,0.3762,1000.0,0.0,4.199,84.5,97,0,60.0,2026-04-29T14:51:38.527696,4.213
2026-04-29T14:50:38.663466,94.34,0.3586,96.27,0.3766,1000.0,0.0,4.199,84.5,97,0,60.0,2026-04-29T14:51:38.663122,4.213
2026-04-29T14:50:38.840806,94.34,0.3738,96.27,0.3794,1000.0,0.0,4.199,84.5,97,0,60.0,2026-04-29T14:51:38.839776,4.213
2026-04-29T14:50:38.955220,94.34,0.3738,96.28,0.381,1000.0,0.0,4.199,84.5,97,0,60.0,2026-04-29T14:51:38.954843,4.213
2026-04-29T14:50:39.077496,94.41,0.3696,96.29,0.3816,1000.0,0.0,4.199,84.5,97,0,60.0,2026-04-29T14:51:39.076952,4.213
2026-04-29T14:50:39.220930,94.41,0.373,96.31,0.3821,1000.0,0.0,4.199,84.5,97,0,60.0,2026-04-29T14:51:39.220522,4.213
2026-04-29T14:50:39.363699,94.41,0.373,96.32,0.3824,1000.0,0.0,4.199,84.5,97,0,60.0,2026-04-29T14:51:39.359622,4.213
2026-04-29T14:50:39.499086,94.41,0.3696,96.33,0.3819,1000.0,0.0,4.199,84.5,97,0,60.0,2026-04-29T14:51:39.498800,4.213
2026-04-29T14:50:39.655648,94.41,0.3696,96.33,0.3811,1000.0,0.0,4.199,84.5,97,0,60.0,2026-04-29T14:51:39.655262,4.213
2026-04-29T14:50:40.320567,94.41,0.3696,96.35,0.3806,1000.0,0.0,4.199,84.5,97,0,60.0,2026-04-29T14:51:40.320227,4.213
2026-04-29T14:50:40.513443,94.43,0.3685,96.36,0.3791,1000.0,0.0,4.199,84.5,97,0,60.0,2026-04-29T14:51:40.505806,4.213
2026-04-29T14:50:40.774399,94.43,0.3685,96.36,0.3789,1000.0,0.0,4.199,84.5,97,0,60.0,2026-04-29T14:51:40.764792,4.213
2026-04-29T14:50:40.898590,94.46,0.3685,96.36,0.3788,1000.0,0.0,4.199,84.4,97,0,60.0,2026-04-29T14:51:40.898213,4.213
2026-04-29T14:50:41.008425,94.46,0.3694,96.37,0.3783,1000.0,0.0,4.199,84.4,97,0,60.0,2026-04-29T14:51:41.007844,4.213
2026-04-29T14:50:41.126164,94.46,0.3694,96.37,0.3787,1000.0,0.0,4.199,84.4,97,0,60.0,2026-04-29T14:51:41.125614,4.213
2026-04-29T14:50:41.256434,94.49,0.3694,96.38,0.3789,1000.0,0.0,4.199,84.4,97,0,60.0,2026-04-29T14:51:41.255984,4.213
2026-04-29T14:50:41.479984,94.49,0.3746,96.39,0.3807,1000.0,0.0,4.199,84.4,97,0,60.0,2026-04-29T14:51:41.479203,4.213
2026-04-29T14:50:41.639497,94.49,0.3746,96.4,0.3822,1000.0,0.0,4.199,84.4,97,0,60.0,2026-04-29T14:51:41.639103,4.213
2026-04-29T14:50:41.840062,94.54,0.3746,96.42,0.3827,1000.0,0.0,4.199,84.4,97,0,60.0,2026-04-29T14:51:41.836195,4.213
2026-04-29T14:50:42.979670,94.54,0.378,96.45,0.3857,1000.0,0.0,4.199,84.4,97,0,60.0,2026-04-29T14:51:42.947184,4.213
2026-04-29T14:50:43.135313,94.54,0.378,96.46,0.3872,1000.0,0.0,4.199,84.4,97,0,60.0,2026-04-29T14:51:43.134502,4.213
2026-04-29T14:50:43.436271,94.57,0.378,96.48,0.3876,1000.0,0.0,4.199,84.4,97,0,60.0,2026-04-29T14:51:43.435844,4.213
2026-04-29T14:50:43.654046,94.57,0.378,96.49,0.3879,1000.0,0.0,4.199,84.4,97,0,60.0,2026-04-29T14:51:43.653619,4.213
2026-04-29T14:50:44.132314,94.57,0.378,96.49,0.388,1000.0,0.0,4.199,84.4,97,0,60.0,2026-04-29T14:51:44.106854,4.213
2026-04-29T14:50:44.320837,94.6,0.378,96.51,0.3873,1000.0,0.0,4.199,84.4,97,0,60.0,2026-04-29T14:51:44.318471,4.213
2026-04-29T14:50:44.437410,94.6,0.378,96.52,0.3876,1000.0,0.0,4.199,84.4,97,0,60.0,2026-04-29T14:51:44.437014,4.213
2026-04-29T14:50:44.620235,94.64,0.378,96.53,0.3878,1000.0,0.0,4.199,84.4,97,0,60.0,2026-04-29T14:51:44.616776,4.213
2026-04-29T14:50:45.279403,94.64,0.3789,96.55,0.3881,1000.0,0.0,4.199,84.4,97,0,60.0,2026-04-29T14:51:45.273859,4.213
2026-04-29T14:50:46.210688,94.64,0.3789,96.57,0.3887,1000.0,0.0,4.199,84.4,97,0,60.0,2026-04-29T14:51:46.203613,4.213
2026-04-29T14:50:46.546535,94.7,0.3789,96.59,0.3889,1000.0,0.0,4.199,84.4,97,0,60.0,2026-04-29T14:51:46.527660,4.213
2026-04-29T14:50:46.724001,94.7,0.3847,96.61,0.3915,1000.0,0.0,4.199,84.4,97,0,60.0,2026-04-29T14:51:46.723460,4.213
2026-04-29T14:50:46.852123,94.7,0.3847,96.62,0.3928,1000.0,0.0,4.199,84.4,97,0,60.0,2026-04-29T14:51:46.851271,4.213
2026-04-29T14:50:47.089568,94.75,0.3788,96.64,0.3932,1000.0,0.0,4.199,84.4,97,0,60.0,2026-04-29T14:51:47.089242,4.213
2026-04-29T14:50:47.332816,94.75,0.3788,96.65,0.3915,1000.0,0.0,4.199,84.4,97,0,60.0,2026-04-29T14:51:47.332371,4.213
2026-04-29T14:50:47.617725,94.75,0.3788,96.67,0.3905,1000.0,0.0,4.199,84.4,97,0,60.0,2026-04-29T14:51:47.616090,4.213
2026-04-29T14:50:48.422988,94.79,0.3788,96.7,0.3889,1000.0,0.0,4.199,84.4,97,0,60.0,2026-04-29T14:51:48.374702,4.213
2026-04-29T14:50:48.828606,94.79,0.3788,96.72,0.389,1000.0,0.0,4.199,84.4,97,0,60.0,2026-04-29T14:51:48.827591,4.213
2026-04-29T14:50:48.963570,94.79,0.3788,96.72,0.389,1000.0,0.0,4.199,84.4,97,0,60.0,2026-04-29T14:51:48.963183,4.213
2026-04-29T14:50:49.129764,94.83,0.3831,96.74,0.3896,1000.0,0.0,4.199,84.4,97,0,60.0,2026-04-29T14:51:49.129318,4.213
2026-04-29T14:50:49.379654,94.83,0.3831,96.75,0.391,1000.0,0.0,4.199,84.4,97,0,60.0,2026-04-29T14:51:49.379242,4.213
2026-04-29T14:50:49.587979,94.88,0.3831,96.76,0.392,1000.0,0.0,4.199,84.4,97,0,60.0,2026-04-29T14:51:49.587597,4.213
2026-04-29T14:50:49.770729,94.88,0.3822,96.78,0.3922,1000.0,0.0,4.199,84.4,97,0,60.0,2026-04-29T14:51:49.768325,4.213
2026-04-29T14:50:50.097247,94.88,0.3822,96.79,0.3923,1000.0,0.0,4.199,84.4,97,0,60.0,2026-04-29T14:51:50.062812,4.213
2026-04-29T14:50:50.462560,94.96,0.378,96.82,0.3919,1000.0,0.0,4.199,84.3,97,0,60.0,2026-04-29T14:51:50.462239,4.213
2026-04-29T14:50:50.724911,94.96,0.378,96.85,0.3903,1000.0,0.0,4.199,84.3,97,0,60.0,2026-04-29T14:51:50.724469,4.213
2026-04-29T14:50:51.060161,94.96,0.378,96.87,0.3893,1000.0,0.0,4.199,84.3,97,0,60.0,2026-04-29T14:51:51.059480,4.213
2026-04-29T14:50:51.512259,94.98,0.373,96.89,0.3875,1000.0,0.0,4.199,84.3,97,0,60.0,2026-04-29T14:51:51.511873,4.213
2026-04-29T14:50:51.828493,94.98,0.3831,96.9,0.3901,1000.0,0.0,4.199,84.3,97,0,60.0,2026-04-29T14:51:51.790058,4.213
2026-04-29T14:50:52.111426,94.98,0.3831,96.9,0.3916,1000.0,0.0,4.199,84.3,97,0,60.0,2026-04-29T14:51:52.081126,4.213
2026-04-29T14:50:52.594588,95.03,0.3847,96.93,0.3919,1000.0,0.0,4.199,84.3,97,0,60.0,2026-04-29T14:51:52.593799,4.213
2026-04-29T14:50:52.846696,95.03,0.3847,96.94,0.3932,1000.0,0.0,4.199,84.3,97,0,60.0,2026-04-29T14:51:52.846296,4.213
2026-04-29T14:50:53.614195,95.03,0.3847,96.96,0.3942,1000.0,0.0,4.199,84.3,97,0,60.0,2026-04-29T14:51:53.613691,4.213
2026-04-29T14:50:53.938850,95.11,0.3856,97.0,0.3944,1000.0,0.0,4.199,84.3,97,0,60.0,2026-04-29T14:51:53.938438,4.213
2026-04-29T14:50:54.489660,95.11,0.3856,97.03,0.3952,1000.0,0.0,4.199,84.3,97,0,60.0,2026-04-29T14:51:54.483012,4.213
2026-04-29T14:50:54.827679,95.15,0.3856,97.04,0.3956,1000.0,0.0,4.199,84.3,97,0,60.0,2026-04-29T14:51:54.827301,4.213
2026-04-29T14:50:54.964798,95.15,0.3881,97.06,0.3964,1000.0,0.0,4.199,84.3,97,0,60.0,2026-04-29T14:51:54.964375,4.213
2026-04-29T14:50:55.152932,95.15,0.3881,97.07,0.3972,1000.0,0.0,4.199,84.3,97,0,60.0,2026-04-29T14:51:55.149839,4.213
2026-04-29T14:50:55.772714,95.2,0.3829,97.09,0.3971,1000.0,0.0,4.199,84.3,97,0,60.0,2026-04-29T14:51:55.772366,4.213
2026-04-29T14:50:55.934959,95.2,0.3829,97.11,0.3945,1000.0,0.0,4.199,84.3,97,0,60.0,2026-04-29T14:51:55.932033,4.213
2026-04-29T14:50:56.249540,95.2,0.3829,97.12,0.3939,1000.0,0.0,4.199,84.3,97,0,60.0,2026-04-29T14:51:56.248906,4.213
2026-04-29T14:50:56.754219,95.24,0.3738,97.14,0.3914,1000.0,0.0,4.199,84.3,97,0,60.0,2026-04-29T14:51:56.753846,4.213
2026-04-29T14:50:56.893877,95.24,0.382,97.15,0.3918,1000.0,0.0,4.199,84.3,97,0,60.0,2026-04-29T14:51:56.893317,4.213
2026-04-29T14:50:57.154220,95.24,0.382,97.16,0.392,1000.0,0.0,4.199,84.3,97,0,60.0,2026-04-29T14:51:57.153869,4.213
2026-04-29T14:50:57.924764,95.29,0.3932,97.2,0.3937,1000.0,0.0,4.199,84.3,97,0,60.0,2026-04-29T14:51:57.906378,4.213
2026-04-29T14:50:58.296134,95.29,0.3932,97.21,0.3986,1000.0,0.0,4.199,84.3,97,0,60.0,2026-04-29T14:51:58.295801,4.213
2026-04-29T14:50:58.798440,95.29,0.3932,97.23,0.4011,1000.0,0.0,4.199,84.3,97,0,60.0,2026-04-29T14:51:58.797882,4.213
2026-04-29T14:50:58.925382,95.31,0.3932,97.23,0.4012,1000.0,0.0,4.199,84.3,97,0,60.0,2026-04-29T14:51:58.924936,4.213
2026-04-29T14:50:59.079176,95.31,0.3932,97.24,0.4021,1000.0,0.0,4.199,84.3,97,0,60.0,2026-04-29T14:51:59.078912,4.213
2026-04-29T14:50:59.905066,95.36,0.3932,97.26,0.4029,1000.0,0.0,4.199,84.2,97,0,60.0,2026-04-29T14:51:59.879855,4.213
2026-04-29T14:51:00.530817,95.36,0.3924,97.28,0.402,1000.0,0.0,4.199,84.2,97,0,60.0,2026-04-29T14:52:00.530199,4.213
2026-04-29T14:51:00.885797,95.36,0.3924,97.29,0.4024,1000.0,0.0,4.199,84.2,97,0,60.0,2026-04-29T14:52:00.885450,4.213
2026-04-29T14:51:01.031958,95.41,0.3839,97.29,0.4017,1000.0,0.0,4.199,84.2,97,0,60.0,2026-04-29T14:52:01.031470,4.213
2026-04-29T14:51:01.253162,95.41,0.3942,97.31,0.4021,1000.0,0.0,4.199,84.2,97,0,60.0,2026-04-29T14:52:01.251357,4.213
2026-04-29T14:51:01.452334,95.41,0.3942,97.32,0.4032,1000.0,0.0,4.199,84.2,97,0,60.0,2026-04-29T14:52:01.451947,4.213
2026-04-29T14:51:02.327285,95.46,0.3942,97.36,0.404,1000.0,0.0,4.199,84.2,97,0,60.0,2026-04-29T14:52:02.309332,4.213
2026-04-29T14:51:03.011859,95.46,0.3991,97.38,0.4072,1000.0,0.0,4.199,84.2,97,0,60.0,2026-04-29T14:52:03.011347,4.213
2026-04-29T14:51:03.235436,95.46,0.3991,97.39,0.4084,1000.0,0.0,4.199,84.2,97,0,60.0,2026-04-29T14:52:03.234912,4.213
2026-04-29T14:51:03.494938,95.49,0.4008,97.4,0.4086,1000.0,0.0,4.199,84.2,97,0,60.0,2026-04-29T14:52:03.494626,4.213
2026-04-29T14:51:03.737899,95.49,0.4008,97.41,0.4097,1000.0,0.0,4.199,84.2,97,0,60.0,2026-04-29T14:52:03.737532,4.213
2026-04-29T14:51:04.571391,95.49,0.4008,97.42,0.4106,1000.0,0.0,4.199,84.2,97,0,60.0,2026-04-29T14:52:04.556841,4.213
2026-04-29T14:51:05.664758,95.52,0.3982,97.45,0.4098,1000.0,0.0,4.199,84.2,97,0,60.0,2026-04-29T14:52:05.602596,4.213
2026-04-29T14:51:08.652605,95.52,0.3982,97.47,0.409,1000.0,0.0,4.199,84.2,97,0,60.0,2026-04-29T14:52:08.634181,4.214
2026-04-29T14:51:09.082599,95.57,0.3982,97.47,0.4088,1000.0,0.0,4.199,84.2,97,0,60.0,2026-04-29T14:52:09.082021,4.213
2026-04-29T14:51:09.462115,95.57,0.4008,97.49,0.4092,1000.0,0.0,4.199,84.2,97,0,60.0,2026-04-29T14:52:09.449444,4.213
2026-04-29T14:51:10.157226,95.57,0.4008,97.5,0.4104,1000.0,0.0,4.199,84.2,98,0,60.0,2026-04-29T14:52:10.156852,4.213
2026-04-29T14:51:10.339211,95.61,0.3964,97.51,0.4104,1000.0,0.0,4.199,84.2,98,0,60.0,2026-04-29T14:52:10.338711,4.213
2026-04-29T14:51:10.657664,95.61,0.4008,97.52,0.4106,1000.0,0.0,4.199,84.2,98,0,60.0,2026-04-29T14:52:10.657288,4.213
2026-04-29T14:51:11.007077,95.61,0.4008,97.54,0.4109,1000.0,0.0,4.199,84.2,98,0,60.0,2026-04-29T14:52:11.006546,4.213
2026-04-29T14:51:11.216819,95.66,0.3957,97.55,0.4104,1000.0,0.0,4.199,84.2,98,0,60.0,2026-04-29T14:52:11.216384,4.213
2026-04-29T14:51:11.492001,95.66,0.3964,97.57,0.4089,1000.0,0.0,4.199,84.2,98,0,60.0,2026-04-29T14:52:11.491483,4.213
2026-04-29T14:51:11.705853,95.66,0.3964,97.58,0.4081,1000.0,0.0,4.199,84.2,98,0,60.0,2026-04-29T14:52:11.705348,4.213
2026-04-29T14:51:12.137537,95.71,0.3957,97.6,0.4074,1000.0,0.0,4.199,84.2,98,0,60.0,2026-04-29T14:52:12.124983,4.213
2026-04-29T14:51:12.503341,95.71,0.3957,97.63,0.4068,1000.0,0.0,4.199,84.2,98,0,60.0,2026-04-29T14:52:12.502927,4.213
2026-04-29T14:51:12.734283,95.71,0.3957,97.64,0.4065,1000.0,0.0,4.199,84.2,98,0,60.0,2026-04-29T14:52:12.733642,4.213
2026-04-29T14:51:13.004767,95.74,0.3991,97.65,0.4055,1000.0,0.0,4.199,84.2,98,0,60.0,2026-04-29T14:52:13.004401,4.213
2026-04-29T14:51:13.296252,95.74,0.3991,97.66,0.4072,1000.0,0.0,4.199,84.2,98,0,60.0,2026-04-29T14:52:13.295666,4.213
2026-04-29T14:51:14.539561,95.81,0.3991,97.68,0.4082,1000.0,0.0,4.199,84.1,98,0,60.0,2026-04-29T14:52:14.528117,4.213
2026-04-29T14:51:15.970018,95.81,0.3999,97.73,0.4085,1000.0,0.0,4.199,84.1,98,0,60.0,2026-04-29T14:52:15.969546,4.213
2026-04-29T14:51:16.418241,95.81,0.3999,97.74,0.4099,1000.0,0.0,4.199,84.1,98,0,60.0,2026-04-29T14:52:16.417864,4.213
2026-04-29T14:51:16.657593,95.87,0.3991,97.75,0.41,1000.0,0.0,4.199,84.1,98,0,60.0,2026-04-29T14:52:16.656976,4.213
2026-04-29T14:51:17.366584,95.87,0.4025,97.78,0.4114,1000.0,0.0,4.199,84.1,98,0,60.0,2026-04-29T14:52:17.366119,4.213
2026-04-29T14:51:17.625834,95.87,0.4025,97.79,0.4122,1000.0,0.0,4.199,84.1,98,0,60.0,2026-04-29T14:52:17.625128,4.213
2026-04-29T14:51:17.813960,95.9,0.4025,97.8,0.4122,1000.0,0.0,4.199,84.1,98,0,60.0,2026-04-29T14:52:17.813538,4.213
2026-04-29T14:51:18.034919,95.9,0.4025,97.81,0.4125,1000.0,0.0,4.199,84.1,98,0,60.0,2026-04-29T14:52:18.014524,4.213
2026-04-29T14:51:18.373351,95.9,0.4025,97.82,0.4127,1000.0,0.0,4.199,84.1,98,0,60.0,2026-04-29T14:52:18.372779,4.213
2026-04-29T14:51:18.831250,95.98,0.4042,97.86,0.413,1000.0,0.0,4.199,84.1,98,0,60.0,2026-04-29T14:52:18.830848,4.213
2026-04-29T14:51:19.127152,95.98,0.4042,97.88,0.4138,1000.0,0.0,4.199,84.1,98,0,60.0,2026-04-29T14:52:19.126731,4.213
2026-04-29T14:51:19.530287,95.98,0.4042,97.9,0.4143,1000.0,0.0,4.199,84.1,98,0,60.0,2026-04-29T14:52:19.529605,4.213
2026-04-29T14:51:19.842211,96.01,0.4135,97.92,0.4165,1000.0,0.0,4.199,84.1,98,0,60.0,2026-04-29T14:52:19.839689,4.213
2026-04-29T14:51:20.546769,96.01,0.4135,97.94,0.4204,1000.0,0.0,4.199,84.1,98,0,60.0,2026-04-29T14:52:20.510884,4.213
2026-04-29T14:51:21.236990,96.06,0.4135,97.96,0.4227,1000.0,0.0,4.199,84.1,97,0,60.0,2026-04-29T14:52:21.236656,4.213
2026-04-29T14:51:21.484135,96.06,0.4109,97.97,0.4223,1000.0,0.0,4.199,84.1,97,0,60.0,2026-04-29T14:52:21.483703,4.213
2026-04-29T14:51:21.829734,96.06,0.4109,97.98,0.4219,1000.0,0.0,4.199,84.1,97,0,60.0,2026-04-29T14:52:21.829068,4.213
2026-04-29T14:51:22.355748,96.09,0.4099,98.0,0.4216,1000.0,0.0,4.199,84.1,97,0,60.0,2026-04-29T14:52:22.329897,4.213
2026-04-29T14:51:22.721497,96.09,0.4109,98.02,0.4215,1000.0,0.0,4.199,84.1,97,0,60.0,2026-04-29T14:52:22.721148,4.213
2026-04-29T14:51:22.871082,96.09,0.4109,98.02,0.4215,1000.0,0.0,4.199,84.1,97,0,60.0,2026-04-29T14:52:22.869732,4.213
2026-04-29T14:51:23.068967,96.12,0.4126,98.03,0.4215,1000.0,0.0,4.199,84.1,97,0,60.0,2026-04-29T14:52:23.068483,4.213
2026-04-29T14:51:23.396663,96.12,0.4126,98.04,0.4222,1000.0,0.0,4.199,84.1,97,0,60.0,2026-04-29T14:52:23.396140,4.213
2026-04-29T14:51:23.639920,96.12,0.4126,98.05,0.4226,1000.0,0.0,4.199,84.1,97,0,60.0,2026-04-29T14:52:23.639445,4.213
2026-04-29T14:51:23.843759,96.16,0.4084,98.06,0.4208,1000.0,0.0,4.199,84.1,97,0,60.0,2026-04-29T14:52:23.840161,4.213
2026-04-29T14:51:24.510620,96.16,0.4084,98.08,0.4199,1000.0,0.0,4.199,84.1,97,0,60.0,2026-04-29T14:52:24.463744,4.213
2026-04-29T14:51:25.312532,96.16,0.4084,98.1,0.4193,1000.0,0.0,4.199,84.1,98,0,60.0,2026-04-29T14:52:25.312104,4.213
2026-04-29T14:51:25.504718,96.22,0.4084,98.13,0.4186,1000.0,0.0,4.199,84.1,98,0,60.0,2026-04-29T14:52:25.504327,4.213
2026-04-29T14:51:25.839904,96.22,0.4084,98.14,0.4188,1000.0,0.0,4.199,84.1,98,0,60.0,2026-04-29T14:52:25.819929,4.213
2026-04-29T14:51:26.443139,96.25,0.4084,98.16,0.4189,1000.0,0.0,4.199,84.0,98,0,60.0,2026-04-29T14:52:26.413560,4.213
2026-04-29T14:51:26.775775,96.25,0.405,98.17,0.4166,1000.0,0.0,4.199,84.0,98,0,60.0,2026-04-29T14:52:26.775232,4.213
2026-04-29T14:51:26.945864,96.25,0.405,98.18,0.4161,1000.0,0.0,4.199,84.0,98,0,60.0,2026-04-29T14:52:26.945434,4.213
2026-04-29T14:51:27.229005,96.27,0.4018,98.19,0.4155,1000.0,0.0,4.199,84.0,98,0,60.0,2026-04-29T14:52:27.228486,4.213
2026-04-29T14:51:27.410031,96.27,0.4077,98.19,0.4165,1000.0,0.0,4.199,84.0,98,0,60.0,2026-04-29T14:52:27.409654,4.213
2026-04-29T14:51:27.599456,96.27,0.4077,98.19,0.4172,1000.0,0.0,4.199,84.0,98,0,60.0,2026-04-29T14:52:27.598557,4.213
2026-04-29T14:51:27.782862,96.28,0.4086,98.2,0.4177,1000.0,0.0,4.199,84.0,98,0,60.0,2026-04-29T14:52:27.782256,4.213
2026-04-29T14:51:28.193503,96.28,0.4101,98.2,0.4189,1000.0,0.0,4.199,84.0,98,0,60.0,2026-04-29T14:52:28.146530,4.213
2026-04-29T14:51:28.946368,96.28,0.4101,98.22,0.4199,1000.0,0.0,4.199,84.0,98,0,60.0,2026-04-29T14:52:28.945895,4.213
2026-04-29T14:51:29.446280,96.32,0.4118,98.23,0.4204,1000.0,0.0,4.199,84.0,98,0,60.0,2026-04-29T14:52:29.430399,4.213
2026-04-29T14:51:32.755838,96.32,0.4118,98.28,0.4222,1000.0,0.0,4.199,84.0,98,0,60.0,2026-04-29T14:52:32.754959,4.214
2026-04-29T14:51:32.920845,96.32,0.4118,98.26,0.4223,1000.0,0.0,4.199,84.0,98,0,60.0,2026-04-29T14:52:32.920281,4.213
2026-04-29T14:51:33.259184,96.33,0.4144,98.26,0.4229,1000.0,0.0,4.199,84.0,98,0,60.0,2026-04-29T14:52:33.258014,4.213
2026-04-29T14:51:34.198305,96.33,0.4144,98.27,0.4243,1000.0,0.0,4.199,84.0,98,0,60.0,2026-04-29T14:52:34.197355,4.213
2026-04-29T14:51:34.360792,96.36,0.4144,98.27,0.4247,1000.0,0.0,4.199,84.0,98,0,60.0,2026-04-29T14:52:34.360421,4.213
2026-04-29T14:51:34.631609,96.36,0.4144,98.28,0.4246,1000.0,0.0,4.199,84.0,98,0,60.0,2026-04-29T14:52:34.628898,4.213
2026-04-29T14:51:35.000147,96.36,0.4144,98.28,0.4249,1000.0,0.0,4.199,84.0,98,0,60.0,2026-04-29T14:52:34.987570,4.213
2026-04-29T14:51:35.203071,96.41,0.4109,98.3,0.4246,1000.0,0.0,4.199,84.0,97,0,60.0,2026-04-29T14:52:35.202652,4.213
2026-04-29T14:51:35.351882,96.41,0.4144,98.31,0.4245,1000.0,0.0,4.199,84.0,97,0,60.0,2026-04-29T14:52:35.351534,4.213
2026-04-29T14:51:35.503779,96.41,0.4144,98.32,0.4248,1000.0,0.0,4.199,84.0,97,0,60.0,2026-04-29T14:52:35.503216,4.213
2026-04-29T14:51:35.737380,96.45,0.3999,98.34,0.4235,1000.0,0.0,4.199,84.0,97,0,60.0,2026-04-29T14:52:35.736862,4.213
2026-04-29T14:51:35.842017,96.45,0.4158,98.35,0.4246,1000.0,0.0,4.199,84.0,97,0,60.0,2026-04-29T14:52:35.841703,4.213
2026-04-29T14:51:35.940905,96.45,0.4158,98.36,0.4252,1000.0,0.0,4.199,84.0,97,0,60.0,2026-04-29T14:52:35.940585,4.213
2026-04-29T14:51:36.041368,96.48,0.4135,98.37,0.4234,1000.0,0.0,4.199,84.0,97,0,60.0,2026-04-29T14:52:36.041096,4.213
2026-04-29T14:51:36.141070,96.48,0.4135,98.38,0.4237,1000.0,0.0,4.199,84.0,97,0,60.0,2026-04-29T14:52:36.140813,4.213
2026-04-29T14:51:36.371141,96.48,0.4135,98.39,0.4238,1000.0,0.0,4.199,84.0,97,0,60.0,2026-04-29T14:52:36.370854,4.213
2026-04-29T14:51:36.474591,96.53,0.4261,98.42,0.4259,1000.0,0.0,4.199,84.0,97,0,60.0,2026-04-29T14:52:36.474319,4.213
2026-04-29T14:51:36.589927,96.53,0.4261,98.43,0.4295,1000.0,0.0,4.199,84.0,97,0,60.0,2026-04-29T14:52:36.581837,4.213
2026-04-29T14:51:36.865429,96.54,0.4261,98.44,0.4321,1000.0,0.0,4.199,84.0,97,0,60.0,2026-04-29T14:52:36.861982,4.213
2026-04-29T14:51:36.991542,96.54,0.4284,98.45,0.4337,1000.0,0.0,4.199,84.0,97,0,60.0,2026-04-29T14:52:36.991195,4.213
