timestamp,T_actual,P_actual_gauge,T_predicted,P_predicted,Q_watts,flow_lpm,water_L,eta_instant,health_score,anomaly_flag,prediction_horizon_s,prediction_target_timestamp,L_predicted
2026-05-01T21:51:04.825421,38.84,0,38.84,0.0,0.0,0.0,0,0.0,100,0,60.0,2026-05-01T21:52:04.825213,4.217
2026-05-01T21:51:04.893368,38.84,0,40.54,0.0,1000.0,0.31,0,95.4,100,0,60.0,2026-05-01T21:52:04.893223,4.515
2026-05-01T21:51:05.862725,38.84,0,40.68,0.0,1000.0,0.31,4.199,95.4,100,0,60.0,2026-05-01T21:52:05.862570,4.519
2026-05-01T21:51:05.930956,38.9,0,40.76,0.0,1000.0,0.31,4.199,95.3,100,0,60.0,2026-05-01T21:52:05.930794,4.518
2026-05-01T21:51:05.995299,38.9,0,40.79,0.0,1000.0,0.31,4.199,95.3,100,0,60.0,2026-05-01T21:52:05.995175,4.518
2026-05-01T21:51:06.929388,38.9,0,40.84,0.0,1000.0,0.31,4.199,95.3,100,0,60.0,2026-05-01T21:52:06.929211,4.521
2026-05-01T21:51:07.004063,38.9,0,41.11,0.0,1000.0,0.23,4.199,95.3,100,0,60.0,2026-05-01T21:52:07.003576,4.44
2026-05-01T21:51:07.073733,38.9,0,41.11,0.0,1000.0,0.23,4.199,95.3,100,0,60.0,2026-05-01T21:52:07.073564,4.439
2026-05-01T21:51:07.977060,38.94,0,41.13,0.0,1000.0,0.23,4.199,95.3,100,0,60.0,2026-05-01T21:52:07.976883,4.441
2026-05-01T21:51:08.045464,38.94,0,41.35,0.0,1000.0,0.17,4.199,95.3,100,0,60.0,2026-05-01T21:52:08.045307,4.381
2026-05-01T21:51:08.113567,38.94,0,41.35,0.0,1000.0,0.17,4.199,95.3,100,0,60.0,2026-05-01T21:52:08.113401,4.38
2026-05-01T21:51:09.036474,38.94,0,41.37,0.0,1000.0,0.17,4.199,95.3,100,0,60.0,2026-05-01T21:52:09.036208,4.382
2026-05-01T21:51:09.104583,38.94,0,41.5,0.0,1000.0,0.13,4.199,95.3,100,0,60.0,2026-05-01T21:52:09.104373,4.341
2026-05-01T21:51:09.174318,38.94,0,41.5,0.0,1000.0,0.13,4.199,95.3,100,0,60.0,2026-05-01T21:52:09.174141,4.34
2026-05-01T21:51:10.092729,39.0,0,41.54,0.0,1000.0,0.13,4.199,95.3,100,0,60.0,2026-05-01T21:52:10.092544,4.341
2026-05-01T21:51:10.161300,39.0,0,41.66,0.0,1000.0,0.1,4.199,95.3,100,0,60.0,2026-05-01T21:52:10.161146,4.31
2026-05-01T21:51:11.094037,39.0,0,41.68,0.0,1000.0,0.1,4.199,95.3,100,0,60.0,2026-05-01T21:52:11.093873,4.311
2026-05-01T21:51:11.164492,39.03,0,41.8,0.0,1000.0,0.07,4.199,95.3,100,0,60.0,2026-05-01T21:52:11.164317,4.28
2026-05-01T21:51:11.234218,39.03,0,41.8,0.0,1000.0,0.07,4.199,95.3,100,0,60.0,2026-05-01T21:52:11.234046,4.279
2026-05-01T21:51:12.224323,39.09,0,41.83,0.0,1000.0,0.07,4.199,95.3,100,0,60.0,2026-05-01T21:52:12.223981,4.28
2026-05-01T21:51:12.369827,39.09,0,41.93,0.0,1000.0,0.05,4.199,95.3,100,0,60.0,2026-05-01T21:52:12.369648,4.26
2026-05-01T21:51:12.465940,39.09,0,41.94,0.0,1000.0,0.05,4.199,95.3,100,0,60.0,2026-05-01T21:52:12.465754,4.259
2026-05-01T21:51:13.286855,39.15,0,41.97,0.0,1000.0,0.05,4.199,95.2,100,0,60.0,2026-05-01T21:52:13.286644,4.26
2026-05-01T21:51:13.415632,39.15,0,42.01,0.0,1000.0,0.04,4.199,95.2,100,0,60.0,2026-05-01T21:52:13.414927,4.249
2026-05-01T21:51:13.575560,39.15,0,42.02,0.0,1000.0,0.04,4.199,95.2,100,0,60.0,2026-05-01T21:52:13.575319,4.249
2026-05-01T21:51:14.333540,39.17,0,42.04,0.0,1000.0,0.04,4.199,95.2,100,0,60.0,2026-05-01T21:52:14.333350,4.249
2026-05-01T21:51:14.405161,39.17,0,42.08,0.0,1000.0,0.03,4.199,95.2,100,0,60.0,2026-05-01T21:52:14.405000,4.238
2026-05-01T21:51:14.474111,39.17,0,42.08,0.0,1000.0,0.03,4.199,95.2,100,0,60.0,2026-05-01T21:52:14.473953,4.238
2026-05-01T21:51:15.391058,39.21,0,42.12,0.0,1000.0,0.03,4.199,95.2,100,0,60.0,2026-05-01T21:52:15.390868,4.238
2026-05-01T21:51:15.460436,39.21,0,42.16,0.0,1000.0,0.02,4.199,95.2,100,0,60.0,2026-05-01T21:52:15.460266,4.228
2026-05-01T21:51:16.401750,39.21,0,42.2,0.0,1000.0,0.02,4.199,95.2,100,0,60.0,2026-05-01T21:52:16.401573,4.228
2026-05-01T21:51:16.470675,39.26,0,42.2,0.0,1000.0,0.02,4.199,95.2,100,0,60.0,2026-05-01T21:52:16.470520,4.228
2026-05-01T21:51:16.550748,39.26,0,42.21,0.0,1000.0,0.02,4.199,95.2,100,0,60.0,2026-05-01T21:52:16.550478,4.228
2026-05-01T21:51:17.457388,39.32,0,42.25,0.0,1000.0,0.02,4.199,95.2,100,0,60.0,2026-05-01T21:52:17.457214,4.228
2026-05-01T21:51:17.527763,39.32,0,42.3,0.0,1000.0,0.01,4.199,95.2,100,0,60.0,2026-05-01T21:52:17.527602,4.218
2026-05-01T21:51:17.598816,39.32,0,42.31,0.0,1000.0,0.01,4.199,95.2,100,0,60.0,2026-05-01T21:52:17.598625,4.218
2026-05-01T21:51:18.514041,39.37,0,42.34,0.0,1000.0,0.01,4.199,95.2,100,0,60.0,2026-05-01T21:52:18.513778,4.218
2026-05-01T21:51:18.635667,39.37,0,42.36,0.0,1000.0,0.01,4.199,95.2,100,0,60.0,2026-05-01T21:52:18.622960,4.217
2026-05-01T21:51:18.808115,39.37,0,42.37,0.0,1000.0,0.01,4.199,95.2,100,0,60.0,2026-05-01T21:52:18.807935,4.217
2026-05-01T21:51:19.567487,39.44,0,42.4,0.0,1000.0,0.01,4.199,95.1,100,0,60.0,2026-05-01T21:52:19.567303,4.217
2026-05-01T21:51:19.637923,39.44,0,42.41,0.0,1000.0,0.01,4.199,95.1,100,0,60.0,2026-05-01T21:52:19.637759,4.217
2026-05-01T21:51:19.706491,39.44,0,42.42,0.0,1000.0,0.01,4.199,95.1,100,0,60.0,2026-05-01T21:52:19.706338,4.217
2026-05-01T21:51:20.765662,39.49,0,42.47,0.0,1000.0,0.01,4.199,95.1,100,0,60.0,2026-05-01T21:52:20.765427,4.217
2026-05-01T21:51:20.849084,39.49,0,42.47,0.0,1000.0,0.01,4.199,95.1,100,0,60.0,2026-05-01T21:52:20.848966,4.217
2026-05-01T21:51:21.639513,39.49,0,42.5,0.0,1000.0,0.01,4.199,95.1,100,0,60.0,2026-05-01T21:52:21.639344,4.217
2026-05-01T21:51:21.701881,39.57,0,42.57,0.0,1000.0,0.0,4.199,95.1,100,0,60.0,2026-05-01T21:52:21.701735,4.207
2026-05-01T21:51:21.753474,39.57,0,42.58,0.0,1000.0,0.0,4.199,95.1,100,0,60.0,2026-05-01T21:52:21.753310,4.207
2026-05-01T21:51:22.681396,39.64,0,42.63,0.0,1000.0,0.0,4.199,95.1,100,0,60.0,2026-05-01T21:52:22.681154,4.207
2026-05-01T21:51:22.733651,39.64,0,42.64,0.0,1000.0,0.0,4.199,95.1,100,0,60.0,2026-05-01T21:52:22.733496,4.207
2026-05-01T21:51:22.787583,39.64,0,42.65,0.0,1000.0,0.0,4.199,95.1,100,0,60.0,2026-05-01T21:52:22.787426,4.207
2026-05-01T21:51:23.734098,39.69,0,42.69,0.0,1000.0,0.0,4.199,95.1,100,0,60.0,2026-05-01T21:52:23.733916,4.207
2026-05-01T21:51:23.786338,39.69,0,42.7,0.0,1000.0,0.0,4.199,95.1,100,0,60.0,2026-05-01T21:52:23.786170,4.207
2026-05-01T21:51:23.838841,39.69,0,42.71,0.0,1000.0,0.0,4.199,95.1,100,0,60.0,2026-05-01T21:52:23.838704,4.207
2026-05-01T21:51:24.790596,39.74,0,42.75,0.0,1000.0,0.0,4.199,95.1,99,0,60.0,2026-05-01T21:52:24.790410,4.207
2026-05-01T21:51:24.843861,39.74,0,42.76,0.0,1000.0,0.0,4.199,95.0,99,0,60.0,2026-05-01T21:52:24.843696,4.207
2026-05-01T21:51:24.899523,39.74,0,42.76,0.0,1000.0,0.0,4.199,95.0,99,0,60.0,2026-05-01T21:52:24.899341,4.207
2026-05-01T21:51:25.863574,39.78,0,42.8,0.0,1000.0,0.0,4.199,95.0,99,0,60.0,2026-05-01T21:52:25.863350,4.207
2026-05-01T21:51:25.917614,39.78,0,42.8,0.0,1000.0,0.0,4.199,95.0,99,0,60.0,2026-05-01T21:52:25.917443,4.207
2026-05-01T21:51:26.873277,39.78,0,42.84,0.0,1000.0,0.0,4.199,95.0,99,0,60.0,2026-05-01T21:52:26.873072,4.207
2026-05-01T21:51:26.929385,39.82,0,42.84,0.0,1000.0,0.0,4.199,95.0,99,0,60.0,2026-05-01T21:52:26.929177,4.207
2026-05-01T21:51:26.985174,39.82,0,42.84,0.0,1000.0,0.0,4.199,95.0,99,0,60.0,2026-05-01T21:52:26.984964,4.207
2026-05-01T21:51:27.932018,39.86,0,42.88,0.0,1000.0,0.0,4.199,95.0,99,0,60.0,2026-05-01T21:52:27.931787,4.207
2026-05-01T21:51:27.987642,39.86,0,42.88,0.0,1000.0,0.0,4.199,95.0,99,0,60.0,2026-05-01T21:52:27.987475,4.207
2026-05-01T21:51:28.042222,39.86,0,42.88,0.0,1000.0,0.0,4.199,95.0,99,0,60.0,2026-05-01T21:52:28.042051,4.207
2026-05-01T21:51:28.990779,39.9,0,42.92,0.0,1000.0,0.0,4.199,95.0,99,0,60.0,2026-05-01T21:52:28.990576,4.207
2026-05-01T21:51:29.047436,39.9,0,42.92,0.0,1000.0,0.0,4.199,95.0,99,0,60.0,2026-05-01T21:52:29.047246,4.207
2026-05-01T21:51:29.103004,39.9,0,42.93,0.0,1000.0,0.0,4.199,95.0,99,0,60.0,2026-05-01T21:52:29.102773,4.207
2026-05-01T21:51:30.045049,39.92,0,42.96,0.0,1000.0,0.0,4.199,95.0,99,0,60.0,2026-05-01T21:52:30.044690,4.207
2026-05-01T21:51:30.100202,39.92,0,42.95,0.0,1000.0,0.0,4.199,95.0,99,0,60.0,2026-05-01T21:52:30.100025,4.207
2026-05-01T21:51:30.155047,39.92,0,42.95,0.0,1000.0,0.0,4.199,95.0,99,0,60.0,2026-05-01T21:52:30.154899,4.207
2026-05-01T21:51:31.096185,39.97,0,42.99,0.0,1000.0,0.0,4.199,95.0,99,0,60.0,2026-05-01T21:52:31.095926,4.207
2026-05-01T21:51:31.155636,39.97,0,42.99,0.0,1000.0,0.0,4.199,95.0,99,0,60.0,2026-05-01T21:52:31.155446,4.207
2026-05-01T21:51:32.119416,39.97,0,43.03,0.0,1000.0,0.0,4.199,95.0,99,0,60.0,2026-05-01T21:52:32.119210,4.207
2026-05-01T21:51:32.184734,40.0,0,43.03,0.0,1000.0,0.0,4.199,95.0,99,0,60.0,2026-05-01T21:52:32.184530,4.207
2026-05-01T21:51:32.251334,40.0,0,43.03,0.0,1000.0,0.0,4.199,95.0,99,0,60.0,2026-05-01T21:52:32.251120,4.207
2026-05-01T21:51:33.183047,40.02,0,43.06,0.0,1000.0,0.0,4.199,95.0,99,0,60.0,2026-05-01T21:52:33.182813,4.207
2026-05-01T21:51:33.256344,40.02,0,43.06,0.0,1000.0,0.0,4.199,95.0,99,0,60.0,2026-05-01T21:52:33.256123,4.207
2026-05-01T21:51:33.330084,40.02,0,43.05,0.0,1000.0,0.0,4.199,95.0,99,0,60.0,2026-05-01T21:52:33.329847,4.207
2026-05-01T21:51:34.231366,40.07,0,43.09,0.0,1000.0,0.0,4.199,94.9,99,0,60.0,2026-05-01T21:52:34.231119,4.207
2026-05-01T21:51:34.285614,40.07,0,43.09,0.0,1000.0,0.0,4.199,94.9,99,0,60.0,2026-05-01T21:52:34.285444,4.207
2026-05-01T21:51:34.348043,40.07,0,43.09,0.0,1000.0,0.0,4.199,94.9,99,0,60.0,2026-05-01T21:52:34.347466,4.207
2026-05-01T21:51:35.285918,40.12,0,43.13,0.0,1000.0,0.0,4.199,94.9,99,0,60.0,2026-05-01T21:52:35.285726,4.207
2026-05-01T21:51:35.339704,40.12,0,43.13,0.0,1000.0,0.0,4.199,94.9,99,0,60.0,2026-05-01T21:52:35.339515,4.207
2026-05-01T21:51:35.394002,40.12,0,43.14,0.0,1000.0,0.0,4.199,94.9,99,0,60.0,2026-05-01T21:52:35.393843,4.207
2026-05-01T21:51:36.334359,40.17,0,43.18,0.0,1000.0,0.0,4.199,94.9,99,0,60.0,2026-05-01T21:52:36.334178,4.207
2026-05-01T21:51:36.388576,40.17,0,43.19,0.0,1000.0,0.0,4.199,94.9,99,0,60.0,2026-05-01T21:52:36.388417,4.207
2026-05-01T21:51:37.357507,40.17,0,43.22,0.0,1000.0,0.0,4.199,94.9,99,0,60.0,2026-05-01T21:52:37.357305,4.207
2026-05-01T21:51:37.416043,40.23,0,43.24,0.0,1000.0,0.0,4.199,94.9,99,0,60.0,2026-05-01T21:52:37.415846,4.207
2026-05-01T21:51:37.489390,40.23,0,43.24,0.0,1000.0,0.0,4.199,94.9,99,0,60.0,2026-05-01T21:52:37.489170,4.207
2026-05-01T21:51:38.429171,40.3,0,43.29,0.0,1000.0,0.0,4.199,94.9,99,0,60.0,2026-05-01T21:52:38.428756,4.207
2026-05-01T21:51:38.521545,40.3,0,43.31,0.0,1000.0,0.0,4.199,94.9,99,0,60.0,2026-05-01T21:52:38.521103,4.207
2026-05-01T21:51:38.723070,40.3,0,43.31,0.0,1000.0,0.0,4.199,94.9,99,0,60.0,2026-05-01T21:52:38.692005,4.207
2026-05-01T21:51:39.460763,40.37,0,43.35,0.0,1000.0,0.0,4.199,94.8,99,0,60.0,2026-05-01T21:52:39.460609,4.207
2026-05-01T21:51:39.516861,40.37,0,43.37,0.0,1000.0,0.0,4.199,94.8,99,0,60.0,2026-05-01T21:52:39.516686,4.207
2026-05-01T21:51:39.574780,40.37,0,43.37,0.0,1000.0,0.0,4.199,94.8,99,0,60.0,2026-05-01T21:52:39.574614,4.207
2026-05-01T21:51:40.531609,40.45,0,43.43,0.0,1000.0,0.0,4.199,94.8,99,0,60.0,2026-05-01T21:52:40.530974,4.207
2026-05-01T21:51:40.666154,40.45,0,43.45,0.0,1000.0,0.0,4.199,94.8,99,0,60.0,2026-05-01T21:52:40.648015,4.207
2026-05-01T21:51:40.777027,40.45,0,43.46,0.0,1000.0,0.0,4.199,94.8,99,0,60.0,2026-05-01T21:52:40.776777,4.207
2026-05-01T21:51:41.585234,40.53,0,43.51,0.0,1000.0,0.0,4.199,94.8,99,0,60.0,2026-05-01T21:52:41.585008,4.207
2026-05-01T21:51:41.648553,40.53,0,43.52,0.0,1000.0,0.0,4.199,94.8,99,0,60.0,2026-05-01T21:52:41.648360,4.207
2026-05-01T21:51:42.677357,40.53,0,43.57,0.0,1000.0,0.0,4.199,94.8,99,0,60.0,2026-05-01T21:52:42.659292,4.207
2026-05-01T21:51:42.802133,40.6,0,43.59,0.0,1000.0,0.0,4.199,94.8,99,0,60.0,2026-05-01T21:52:42.801911,4.207
2026-05-01T21:51:42.871254,40.6,0,43.6,0.0,1000.0,0.0,4.199,94.8,99,0,60.0,2026-05-01T21:52:42.871070,4.207
2026-05-01T21:51:43.654664,40.65,0,43.64,0.0,1000.0,0.0,4.199,94.7,99,0,60.0,2026-05-01T21:52:43.654477,4.207
2026-05-01T21:51:43.708105,40.65,0,43.65,0.0,1000.0,0.0,4.199,94.7,99,0,60.0,2026-05-01T21:52:43.707965,4.207
2026-05-01T21:51:43.768992,40.65,0,43.65,0.0,1000.0,0.0,4.199,94.7,99,0,60.0,2026-05-01T21:52:43.768830,4.207
2026-05-01T21:51:44.707327,40.71,0,43.7,0.0,1000.0,0.0,4.199,94.7,99,0,60.0,2026-05-01T21:52:44.707137,4.207
2026-05-01T21:51:44.769554,40.71,0,43.71,0.0,1000.0,0.0,4.199,94.7,99,0,60.0,2026-05-01T21:52:44.769375,4.207
2026-05-01T21:51:44.835148,40.71,0,43.72,0.0,1000.0,0.0,4.199,94.7,99,0,60.0,2026-05-01T21:52:44.834894,4.207
2026-05-01T21:51:45.768099,40.77,0,43.76,0.0,1000.0,0.0,4.199,94.7,99,0,60.0,2026-05-01T21:52:45.767882,4.207
2026-05-01T21:51:45.836514,40.77,0,43.77,0.0,1000.0,0.0,4.199,94.7,99,0,60.0,2026-05-01T21:52:45.836337,4.207
2026-05-01T21:51:45.899167,40.77,0,43.78,0.0,1000.0,0.0,4.199,94.7,99,0,60.0,2026-05-01T21:52:45.898967,4.207
2026-05-01T21:51:46.824561,40.82,0,43.82,0.0,1000.0,0.0,4.199,94.7,99,0,60.0,2026-05-01T21:52:46.824328,4.207
2026-05-01T21:51:46.918523,40.82,0,43.83,0.0,1000.0,0.0,4.199,94.7,99,0,60.0,2026-05-01T21:52:46.918277,4.207
2026-05-01T21:51:47.839235,40.82,0,43.87,0.0,1000.0,0.0,4.199,94.7,99,0,60.0,2026-05-01T21:52:47.839048,4.207
2026-05-01T21:51:47.893693,40.86,0,43.87,0.0,1000.0,0.0,4.199,94.7,99,0,60.0,2026-05-01T21:52:47.893522,4.207
2026-05-01T21:51:47.948190,40.86,0,43.87,0.0,1000.0,0.0,4.199,94.7,99,0,60.0,2026-05-01T21:52:47.947966,4.207
2026-05-01T21:51:48.897616,40.91,0,43.91,0.0,1000.0,0.0,4.199,94.7,99,0,60.0,2026-05-01T21:52:48.897352,4.207
2026-05-01T21:51:48.960548,40.91,0,43.92,0.0,1000.0,0.0,4.199,94.7,99,0,60.0,2026-05-01T21:52:48.960363,4.207
2026-05-01T21:51:49.042832,40.91,0,43.92,0.0,1000.0,0.0,4.199,94.7,99,0,60.0,2026-05-01T21:52:49.042596,4.207
2026-05-01T21:51:49.952229,40.96,0,43.97,0.0,1000.0,0.0,4.199,94.6,99,0,60.0,2026-05-01T21:52:49.951994,4.207
2026-05-01T21:51:50.015250,40.96,0,43.97,0.0,1000.0,0.0,4.199,94.6,99,0,60.0,2026-05-01T21:52:50.015034,4.207
2026-05-01T21:51:50.083518,40.96,0,43.97,0.0,1000.0,0.0,4.199,94.6,99,0,60.0,2026-05-01T21:52:50.083287,4.207
2026-05-01T21:51:51.017869,41.02,0,44.02,0.0,1000.0,0.0,4.199,94.6,99,0,60.0,2026-05-01T21:52:51.017663,4.207
2026-05-01T21:51:51.087843,41.02,0,44.02,0.0,1000.0,0.0,4.199,94.6,99,0,60.0,2026-05-01T21:52:51.087654,4.207
2026-05-01T21:51:51.174734,41.02,0,44.03,0.0,1000.0,0.0,4.199,94.6,99,0,60.0,2026-05-01T21:52:51.174487,4.207
2026-05-01T21:51:52.068649,41.08,0,44.07,0.0,1000.0,0.0,4.199,94.6,99,0,60.0,2026-05-01T21:52:52.068456,4.207
2026-05-01T21:51:52.132445,41.08,0,44.08,0.0,1000.0,0.0,4.199,94.6,99,0,60.0,2026-05-01T21:52:52.132226,4.207
2026-05-01T21:51:53.076083,41.08,0,44.12,0.0,1000.0,0.0,4.199,94.6,99,0,60.0,2026-05-01T21:52:53.075880,4.207
2026-05-01T21:51:53.133193,41.15,0,44.14,0.0,1000.0,0.0,4.199,94.6,99,0,60.0,2026-05-01T21:52:53.133044,4.207
2026-05-01T21:51:53.187532,41.15,0,44.15,0.0,1000.0,0.0,4.199,94.6,99,0,60.0,2026-05-01T21:52:53.187387,4.207
2026-05-01T21:51:54.136523,41.19,0,44.19,0.0,1000.0,0.0,4.199,94.6,99,0,60.0,2026-05-01T21:52:54.136326,4.207
2026-05-01T21:51:54.201660,41.19,0,44.2,0.0,1000.0,0.0,4.199,94.6,99,0,60.0,2026-05-01T21:52:54.201462,4.207
2026-05-01T21:51:54.265935,41.19,0,44.2,0.0,1000.0,0.0,4.199,94.6,99,0,60.0,2026-05-01T21:52:54.265753,4.207
2026-05-01T21:51:55.191559,41.26,0,44.25,0.0,1000.0,0.0,4.199,94.5,99,0,60.0,2026-05-01T21:52:55.191366,4.207
2026-05-01T21:51:55.246189,41.26,0,44.26,0.0,1000.0,0.0,4.199,94.5,99,0,60.0,2026-05-01T21:52:55.245994,4.207
2026-05-01T21:51:55.300699,41.26,0,44.27,0.0,1000.0,0.0,4.199,94.5,99,0,60.0,2026-05-01T21:52:55.300528,4.207
2026-05-01T21:51:56.237210,41.32,0,44.32,0.0,1000.0,0.0,4.199,94.5,99,0,60.0,2026-05-01T21:52:56.237038,4.207
2026-05-01T21:51:56.291287,41.32,0,44.32,0.0,1000.0,0.0,4.199,94.5,99,0,60.0,2026-05-01T21:52:56.291108,4.207
2026-05-01T21:51:56.347121,41.32,0,44.33,0.0,1000.0,0.0,4.199,94.5,99,0,60.0,2026-05-01T21:52:56.346893,4.207
2026-05-01T21:51:57.303976,41.38,0,44.37,0.0,1000.0,0.0,4.199,94.5,99,0,60.0,2026-05-01T21:52:57.303796,4.207
2026-05-01T21:51:57.359272,41.38,0,44.38,0.0,1000.0,0.0,4.199,94.5,99,0,60.0,2026-05-01T21:52:57.359100,4.207
2026-05-01T21:51:58.316451,41.38,0,44.42,0.0,1000.0,0.0,4.199,94.5,99,0,60.0,2026-05-01T21:52:58.316250,4.207
2026-05-01T21:51:58.372323,41.47,0,44.44,0.0,1000.0,0.0,4.199,94.5,99,0,60.0,2026-05-01T21:52:58.372161,4.207
2026-05-01T21:51:58.431957,41.47,0,44.45,0.0,1000.0,0.0,4.199,94.5,99,0,60.0,2026-05-01T21:52:58.431619,4.207
2026-05-01T21:51:59.371872,41.52,0,44.5,0.0,1000.0,0.0,4.199,94.5,99,0,60.0,2026-05-01T21:52:59.371731,4.207
2026-05-01T21:51:59.431836,41.52,0,44.51,0.0,1000.0,0.0,4.199,94.5,99,0,60.0,2026-05-01T21:52:59.431648,4.207
2026-05-01T21:51:59.493945,41.52,0,44.51,0.0,1000.0,0.0,4.199,94.5,99,0,60.0,2026-05-01T21:52:59.493756,4.207
2026-05-01T21:52:00.427796,41.58,0,44.56,0.0,1000.0,0.0,4.199,94.4,99,0,60.0,2026-05-01T21:53:00.427463,4.207
2026-05-01T21:52:00.483154,41.58,0,44.57,0.0,1000.0,0.0,4.199,94.4,99,0,60.0,2026-05-01T21:53:00.482974,4.207
2026-05-01T21:52:00.539082,41.58,0,44.57,0.0,1000.0,0.0,4.199,94.4,99,0,60.0,2026-05-01T21:53:00.538663,4.207
2026-05-01T21:52:01.599991,41.63,0,44.62,0.0,1000.0,0.0,4.199,94.4,99,0,60.0,2026-05-01T21:53:01.599610,4.207
2026-05-01T21:52:01.784031,41.63,0,44.63,0.0,1000.0,0.0,4.199,94.4,99,0,60.0,2026-05-01T21:53:01.783777,4.207
2026-05-01T21:52:01.951791,41.63,0,44.64,0.0,1000.0,0.0,4.199,94.4,99,0,60.0,2026-05-01T21:53:01.951248,4.207
2026-05-01T21:52:02.572725,41.68,0,44.67,0.0,1000.0,0.0,4.199,94.4,99,0,60.0,2026-05-01T21:53:02.565096,4.207
2026-05-01T21:52:02.806670,41.68,0,44.68,0.0,1000.0,0.0,4.199,94.4,99,0,60.0,2026-05-01T21:53:02.806408,4.207
2026-05-01T21:52:03.553456,41.68,0,44.71,0.0,1000.0,0.0,4.199,94.4,99,0,60.0,2026-05-01T21:53:03.553281,4.207
2026-05-01T21:52:03.609897,41.74,0,44.73,0.0,1000.0,0.0,4.199,94.4,99,0,60.0,2026-05-01T21:53:03.609748,4.207
2026-05-01T21:52:03.668151,41.74,0,44.74,0.0,1000.0,0.0,4.199,94.4,99,0,60.0,2026-05-01T21:53:03.667993,4.207
2026-05-01T21:52:04.674951,41.76,0,44.77,0.0,1000.0,0.0,4.199,94.4,99,0,60.0,2026-05-01T21:53:04.669656,4.207
2026-05-01T21:52:04.737808,41.76,0,44.77,0.0,1000.0,0.0,4.199,94.4,99,0,60.0,2026-05-01T21:53:04.737655,4.207
2026-05-01T21:52:04.803561,41.76,0,44.77,0.0,1000.0,0.0,4.199,94.4,99,0,60.0,2026-05-01T21:53:04.803341,4.207
2026-05-01T21:52:05.667736,41.83,0,44.81,0.0,1000.0,0.0,4.199,94.3,99,0,60.0,2026-05-01T21:53:05.667566,4.207
2026-05-01T21:52:05.719704,41.83,0,44.82,0.0,1000.0,0.0,4.199,94.3,99,0,60.0,2026-05-01T21:53:05.719561,4.207
2026-05-01T21:52:05.772780,41.83,0,44.83,0.0,1000.0,0.0,4.199,94.3,99,0,60.0,2026-05-01T21:53:05.772604,4.207
2026-05-01T21:52:06.717638,41.87,0,44.87,0.0,1000.0,0.0,4.199,94.3,99,0,60.0,2026-05-01T21:53:06.717451,4.207
2026-05-01T21:52:06.776150,41.87,0,44.87,0.0,1000.0,0.0,4.199,94.3,99,0,60.0,2026-05-01T21:53:06.775980,4.207
2026-05-01T21:52:06.837324,41.87,0,44.88,0.0,1000.0,0.0,4.199,94.3,99,0,60.0,2026-05-01T21:53:06.837152,4.207
2026-05-01T21:52:07.775091,41.92,0,44.91,0.0,1000.0,0.0,4.199,94.3,99,0,60.0,2026-05-01T21:53:07.774894,4.207
2026-05-01T21:52:07.842700,41.92,0,44.92,0.0,1000.0,0.0,4.199,94.3,99,0,60.0,2026-05-01T21:53:07.842521,4.207
2026-05-01T21:52:08.785443,41.92,0,44.95,0.0,1000.0,0.0,4.199,94.3,99,0,60.0,2026-05-01T21:53:08.785270,4.207
2026-05-01T21:52:08.838718,41.97,0,44.96,0.0,1000.0,0.0,4.199,94.3,99,0,60.0,2026-05-01T21:53:08.838554,4.207
2026-05-01T21:52:08.907845,41.97,0,44.97,0.0,1000.0,0.0,4.199,94.3,99,0,60.0,2026-05-01T21:53:08.907663,4.207
2026-05-01T21:52:09.855571,42.0,0,45.0,0.0,1000.0,0.0,4.199,94.3,99,0,60.0,2026-05-01T21:53:09.855351,4.207
2026-05-01T21:52:09.919365,42.0,0,45.0,0.0,1000.0,0.0,4.199,94.3,99,0,60.0,2026-05-01T21:53:09.919167,4.207
2026-05-01T21:52:09.983507,42.0,0,45.0,0.0,1000.0,0.0,4.199,94.3,99,0,60.0,2026-05-01T21:53:09.983246,4.207
2026-05-01T21:52:10.902380,42.04,0,45.04,0.0,1000.0,0.0,4.199,94.3,99,0,60.0,2026-05-01T21:53:10.902130,4.207
2026-05-01T21:52:10.981272,42.04,0,45.04,0.0,1000.0,0.0,4.199,94.3,99,0,60.0,2026-05-01T21:53:10.981014,4.207
2026-05-01T21:52:11.073248,42.04,0,45.04,0.0,1000.0,0.0,4.199,94.3,99,0,60.0,2026-05-01T21:53:11.073004,4.207
2026-05-01T21:52:11.965945,42.09,0,45.08,0.0,1000.0,0.0,4.199,94.3,99,0,60.0,2026-05-01T21:53:11.965751,4.207
2026-05-01T21:52:12.034164,42.09,0,45.09,0.0,1000.0,0.0,4.199,94.3,99,0,60.0,2026-05-01T21:53:12.034030,4.207
2026-05-01T21:52:12.113658,42.09,0,45.09,0.0,1000.0,0.0,4.199,94.3,99,0,60.0,2026-05-01T21:53:12.113331,4.207
2026-05-01T21:52:13.030946,42.14,0,45.13,0.0,1000.0,0.0,4.199,94.2,99,0,60.0,2026-05-01T21:53:13.030648,4.207
2026-05-01T21:52:13.100771,42.14,0,45.14,0.0,1000.0,0.0,4.199,94.2,99,0,60.0,2026-05-01T21:53:13.100514,4.207
2026-05-01T21:52:14.032966,42.14,0,45.18,0.0,1000.0,0.0,4.199,94.2,99,0,60.0,2026-05-01T21:53:14.032787,4.207
2026-05-01T21:52:14.088339,42.18,0,45.18,0.0,1000.0,0.0,4.199,94.2,99,0,60.0,2026-05-01T21:53:14.088174,4.207
2026-05-01T21:52:14.141927,42.18,0,45.18,0.0,1000.0,0.0,4.199,94.2,99,0,60.0,2026-05-01T21:53:14.141741,4.207
2026-05-01T21:52:15.090525,42.21,0,45.22,0.0,1000.0,0.0,4.199,94.2,99,0,60.0,2026-05-01T21:53:15.090342,4.207
2026-05-01T21:52:15.146656,42.21,0,45.22,0.0,1000.0,0.0,4.199,94.2,99,0,60.0,2026-05-01T21:53:15.146406,4.207
2026-05-01T21:52:15.202210,42.21,0,45.22,0.0,1000.0,0.0,4.199,94.2,99,0,60.0,2026-05-01T21:53:15.202014,4.207
2026-05-01T21:52:16.146629,42.23,0,45.25,0.0,1000.0,0.0,4.199,94.2,99,0,60.0,2026-05-01T21:53:16.146348,4.207
2026-05-01T21:52:16.207994,42.23,0,45.24,0.0,1000.0,0.0,4.199,94.2,99,0,60.0,2026-05-01T21:53:16.207802,4.207
2026-05-01T21:52:16.271093,42.23,0,45.24,0.0,1000.0,0.0,4.199,94.2,99,0,60.0,2026-05-01T21:53:16.270922,4.207
2026-05-01T21:52:17.201412,42.28,0,45.28,0.0,1000.0,0.0,4.199,94.2,99,0,60.0,2026-05-01T21:53:17.201220,4.207
2026-05-01T21:52:17.255693,42.28,0,45.28,0.0,1000.0,0.0,4.199,94.2,99,0,60.0,2026-05-01T21:53:17.255540,4.207
2026-05-01T21:52:17.310565,42.28,0,45.29,0.0,1000.0,0.0,4.199,94.2,99,0,60.0,2026-05-01T21:53:17.310392,4.207
2026-05-01T21:52:18.256493,42.32,0,45.32,0.0,1000.0,0.0,4.199,94.2,99,0,60.0,2026-05-01T21:53:18.256300,4.207
2026-05-01T21:52:18.311447,42.32,0,45.33,0.0,1000.0,0.0,4.199,94.2,99,0,60.0,2026-05-01T21:53:18.311279,4.207
2026-05-01T21:52:19.276191,42.32,0,45.36,0.0,1000.0,0.0,4.199,94.2,99,0,60.0,2026-05-01T21:53:19.276015,4.207
2026-05-01T21:52:19.341541,42.35,0,45.36,0.0,1000.0,0.0,4.199,94.2,99,0,60.0,2026-05-01T21:53:19.341344,4.207
2026-05-01T21:52:19.407527,42.35,0,45.36,0.0,1000.0,0.0,4.199,94.2,99,0,60.0,2026-05-01T21:53:19.407362,4.207
2026-05-01T21:52:20.332083,42.39,0,45.38,0.0,1000.0,0.0,4.199,94.2,99,0,60.0,2026-05-01T21:53:20.331851,4.207
2026-05-01T21:52:20.387718,42.39,0,45.38,0.0,1000.0,0.0,4.199,94.2,99,0,60.0,2026-05-01T21:53:20.387546,4.207
2026-05-01T21:52:20.442549,42.39,0,45.38,0.0,1000.0,0.0,4.199,94.2,99,0,60.0,2026-05-01T21:53:20.442382,4.207
2026-05-01T21:52:21.387089,42.42,0,45.41,0.0,1000.0,0.0,4.199,94.2,99,0,60.0,2026-05-01T21:53:21.386918,4.208
2026-05-01T21:52:21.441877,42.42,0,45.41,0.0,1000.0,0.0,4.199,94.2,99,0,60.0,2026-05-01T21:53:21.441694,4.208
2026-05-01T21:52:21.497345,42.42,0,45.41,0.0,1000.0,0.0,4.199,94.2,99,0,60.0,2026-05-01T21:53:21.497129,4.208
2026-05-01T21:52:22.442785,42.46,0,45.45,0.0,1000.0,0.0,4.199,94.1,99,0,60.0,2026-05-01T21:53:22.442587,4.208
2026-05-01T21:52:22.500504,42.46,0,45.45,0.0,1000.0,0.0,4.199,94.1,99,0,60.0,2026-05-01T21:53:22.500308,4.208
2026-05-01T21:52:22.593248,42.46,0,45.45,0.0,1000.0,0.0,4.199,94.1,99,0,60.0,2026-05-01T21:53:22.568114,4.208
2026-05-01T21:52:23.498103,42.5,0,45.49,0.0,1000.0,0.0,4.199,94.1,99,0,60.0,2026-05-01T21:53:23.497912,4.208
2026-05-01T21:52:23.552877,42.5,0,45.49,0.0,1000.0,0.0,4.199,94.1,99,0,60.0,2026-05-01T21:53:23.552719,4.208
2026-05-01T21:52:24.504176,42.5,0,45.53,0.0,1000.0,0.0,4.199,94.1,99,0,60.0,2026-05-01T21:53:24.504002,4.208
2026-05-01T21:52:24.642562,42.53,0,45.52,0.0,1000.0,0.0,4.199,94.1,99,0,60.0,2026-05-01T21:53:24.617891,4.208
2026-05-01T21:52:24.773615,42.53,0,45.53,0.0,1000.0,0.0,4.199,94.1,99,0,60.0,2026-05-01T21:53:24.773278,4.208
2026-05-01T21:52:25.569360,42.58,0,45.56,0.0,1000.0,0.0,4.199,94.1,99,0,60.0,2026-05-01T21:53:25.569171,4.208
2026-05-01T21:52:25.624708,42.58,0,45.57,0.0,1000.0,0.0,4.199,94.1,99,0,60.0,2026-05-01T21:53:25.624537,4.208
2026-05-01T21:52:25.679200,42.58,0,45.57,0.0,1000.0,0.0,4.199,94.1,99,0,60.0,2026-05-01T21:53:25.679006,4.208
2026-05-01T21:52:26.671541,42.63,0,45.61,0.0,1000.0,0.0,4.199,94.1,99,0,60.0,2026-05-01T21:53:26.671333,4.208
2026-05-01T21:52:26.733855,42.63,0,45.62,0.0,1000.0,0.0,4.199,94.1,99,0,60.0,2026-05-01T21:53:26.733698,4.208
2026-05-01T21:52:26.795497,42.63,0,45.62,0.0,1000.0,0.0,4.199,94.1,99,0,60.0,2026-05-01T21:53:26.795299,4.208
2026-05-01T21:52:27.682855,42.67,0,45.66,0.0,1000.0,0.0,4.199,94.1,99,0,60.0,2026-05-01T21:53:27.682690,4.208
2026-05-01T21:52:27.734951,42.67,0,45.66,0.0,1000.0,0.0,4.199,94.1,99,0,60.0,2026-05-01T21:53:27.734792,4.208
2026-05-01T21:52:27.794756,42.67,0,45.66,0.0,1000.0,0.0,4.199,94.1,99,0,60.0,2026-05-01T21:53:27.794573,4.208
2026-05-01T21:52:28.725420,42.7,0,45.7,0.0,1000.0,0.0,4.199,94.1,99,0,60.0,2026-05-01T21:53:28.725254,4.208
2026-05-01T21:52:28.776672,42.7,0,45.7,0.0,1000.0,0.0,4.199,94.1,99,0,60.0,2026-05-01T21:53:28.776515,4.208
2026-05-01T21:52:29.751788,42.7,0,45.73,0.0,1000.0,0.0,4.199,94.1,99,0,60.0,2026-05-01T21:53:29.751610,4.208
2026-05-01T21:52:29.821917,42.76,0,45.75,0.0,1000.0,0.0,4.199,94.0,99,0,60.0,2026-05-01T21:53:29.821732,4.208
2026-05-01T21:52:29.887660,42.76,0,45.75,0.0,1000.0,0.0,4.199,94.0,99,0,60.0,2026-05-01T21:53:29.887463,4.208
2026-05-01T21:52:30.801790,42.82,0,45.79,0.0,1000.0,0.0,4.199,94.0,99,0,60.0,2026-05-01T21:53:30.801601,4.208
2026-05-01T21:52:30.862508,42.82,0,45.81,0.0,1000.0,0.0,4.199,94.0,99,0,60.0,2026-05-01T21:53:30.862249,4.208
2026-05-01T21:52:30.921947,42.82,0,45.81,0.0,1000.0,0.0,4.199,94.0,99,0,60.0,2026-05-01T21:53:30.921782,4.208
2026-05-01T21:52:31.897130,42.86,0,45.85,0.0,1000.0,0.0,4.199,94.0,99,0,60.0,2026-05-01T21:53:31.895014,4.208
2026-05-01T21:52:32.089420,42.86,0,45.85,0.0,1000.0,0.0,4.199,94.0,99,0,60.0,2026-05-01T21:53:32.086974,4.208
2026-05-01T21:52:32.238566,42.86,0,45.86,0.0,1000.0,0.0,4.199,94.0,99,0,60.0,2026-05-01T21:53:32.235750,4.208
2026-05-01T21:52:32.918322,42.92,0,45.89,0.0,1000.0,0.0,4.199,94.0,99,0,60.0,2026-05-01T21:53:32.918128,4.208
2026-05-01T21:52:32.980987,42.92,0,45.9,0.0,1000.0,0.0,4.199,94.0,99,0,60.0,2026-05-01T21:53:32.980807,4.208
2026-05-01T21:52:33.053108,42.92,0,45.9,0.0,1000.0,0.0,4.199,94.0,99,0,60.0,2026-05-01T21:53:33.052905,4.208
2026-05-01T21:52:33.987411,42.97,0,45.95,0.0,1000.0,0.0,4.199,94.0,99,0,60.0,2026-05-01T21:53:33.987237,4.208
2026-05-01T21:52:34.041356,42.97,0,45.96,0.0004,1000.0,0.0,4.199,94.0,99,0,60.0,2026-05-01T21:53:34.041190,4.208
2026-05-01T21:52:35.001302,42.97,0,45.99,0.0018,1000.0,0.0,4.199,94.0,99,0,60.0,2026-05-01T21:53:35.001048,4.208
2026-05-01T21:52:35.232434,43.01,0,46.0,0.0008,1000.0,0.0,4.199,94.0,99,0,60.0,2026-05-01T21:53:35.232191,4.208
2026-05-01T21:52:35.334853,43.01,0,46.01,0.0009,1000.0,0.0,4.199,94.0,99,0,60.0,2026-05-01T21:53:35.334546,4.208
2026-05-01T21:52:36.058433,43.07,0,46.04,0.001,1000.0,0.0,4.199,93.9,99,0,60.0,2026-05-01T21:53:36.058198,4.208
2026-05-01T21:52:36.151832,43.07,0,46.05,0.0,1000.0,0.0,4.199,93.9,99,0,60.0,2026-05-01T21:53:36.151624,4.208
2026-05-01T21:52:36.275808,43.07,0,46.06,0.0,1000.0,0.0,4.199,93.9,99,0,60.0,2026-05-01T21:53:36.275460,4.208
2026-05-01T21:52:37.099336,43.1,0,46.09,0.0,1000.0,0.0,4.199,93.9,99,0,60.0,2026-05-01T21:53:37.099142,4.208
2026-05-01T21:52:37.153494,43.1,0,46.09,0.0,1000.0,0.0,4.199,93.9,99,0,60.0,2026-05-01T21:53:37.153338,4.208
2026-05-01T21:52:37.208475,43.1,0,46.09,0.0,1000.0,0.0,4.199,93.9,99,0,60.0,2026-05-01T21:53:37.208299,4.208
2026-05-01T21:52:38.168864,43.12,0,46.12,0.0,1000.0,0.0,4.199,93.9,99,0,60.0,2026-05-01T21:53:38.168679,4.208
2026-05-01T21:52:38.222840,43.12,0,46.12,0.0,1000.0,0.0,4.199,93.9,99,0,60.0,2026-05-01T21:53:38.222684,4.208
2026-05-01T21:52:38.277269,43.12,0,46.12,0.0,1000.0,0.0,4.199,93.9,99,0,60.0,2026-05-01T21:53:38.277106,4.208
2026-05-01T21:52:39.213204,43.17,0,46.16,0.0,1000.0,0.0,4.199,93.9,99,0,60.0,2026-05-01T21:53:39.212937,4.208
2026-05-01T21:52:39.268413,43.17,0,46.16,0.0,1000.0,0.0,4.199,93.9,99,0,60.0,2026-05-01T21:53:39.268244,4.208
2026-05-01T21:52:40.233547,43.17,0,46.2,0.0,1000.0,0.0,4.199,93.9,99,0,60.0,2026-05-01T21:53:40.233325,4.208
2026-05-01T21:52:40.316137,43.21,0,46.2,0.0,1000.0,0.0,4.199,93.9,99,0,60.0,2026-05-01T21:53:40.315846,4.208
2026-05-01T21:52:40.477021,43.21,0,46.21,0.0,1000.0,0.0,4.199,93.9,99,0,60.0,2026-05-01T21:53:40.476451,4.208
2026-05-01T21:52:41.276497,43.24,0,46.24,0.0,1000.0,0.0,4.199,93.9,99,0,60.0,2026-05-01T21:53:41.276305,4.208
2026-05-01T21:52:41.332783,43.24,0,46.24,0.0,1000.0,0.0,4.199,93.9,99,0,60.0,2026-05-01T21:53:41.332606,4.208
2026-05-01T21:52:41.387972,43.24,0,46.24,0.0,1000.0,0.0,4.199,93.9,99,0,60.0,2026-05-01T21:53:41.387813,4.208
2026-05-01T21:52:42.340969,43.27,0,46.27,0.0,1000.0,0.0,4.199,93.9,99,0,60.0,2026-05-01T21:53:42.340778,4.208
2026-05-01T21:52:42.396605,43.27,0,46.27,0.0,1000.0,0.0,4.199,93.9,99,0,60.0,2026-05-01T21:53:42.396409,4.208
2026-05-01T21:52:42.451671,43.27,0,46.27,0.0,1000.0,0.0,4.199,93.9,99,0,60.0,2026-05-01T21:53:42.451495,4.208
2026-05-01T21:52:43.401948,43.31,0,46.3,0.0,1000.0,0.0,4.199,93.9,99,0,60.0,2026-05-01T21:53:43.401741,4.208
2026-05-01T21:52:43.465055,43.31,0,46.3,0.0,1000.0,0.0,4.199,93.9,99,0,60.0,2026-05-01T21:53:43.464724,4.208
2026-05-01T21:52:43.528763,43.31,0,46.3,0.0,1000.0,0.0,4.199,93.9,99,0,60.0,2026-05-01T21:53:43.528374,4.208
2026-05-01T21:52:44.454897,43.35,0,46.34,0.0,1000.0,0.0,4.199,93.8,99,0,60.0,2026-05-01T21:53:44.454743,4.208
2026-05-01T21:52:44.509365,43.35,0,46.34,0.0,1000.0,0.0,4.199,93.8,99,0,60.0,2026-05-01T21:53:44.509201,4.208
2026-05-01T21:52:45.469846,43.35,0,46.38,0.0,1000.0,0.0,4.199,93.8,99,0,60.0,2026-05-01T21:53:45.469656,4.208
2026-05-01T21:52:45.525256,43.37,0,46.37,0.0,1000.0,0.0,4.199,93.8,99,0,60.0,2026-05-01T21:53:45.525096,4.208
2026-05-01T21:52:45.580338,43.37,0,46.37,0.0,1000.0,0.0,4.199,93.8,99,0,60.0,2026-05-01T21:53:45.580115,4.208
2026-05-01T21:52:46.526924,43.41,0,46.4,0.0,1000.0,0.0,4.199,93.8,99,0,60.0,2026-05-01T21:53:46.526767,4.208
2026-05-01T21:52:46.726106,43.41,0,46.41,0.0,1000.0,0.0,4.199,93.8,99,0,60.0,2026-05-01T21:53:46.725838,4.208
2026-05-01T21:52:46.824368,43.41,0,46.41,0.0,1000.0,0.0,4.199,93.8,99,0,60.0,2026-05-01T21:53:46.823709,4.208
2026-05-01T21:52:47.583164,43.47,0,46.43,0.0,1000.0,0.0,4.199,93.8,99,0,60.0,2026-05-01T21:53:47.582982,4.208
2026-05-01T21:52:47.637811,43.47,0,46.44,0.0,1000.0,0.0,4.199,93.8,99,0,60.0,2026-05-01T21:53:47.637653,4.208
2026-05-01T21:52:47.691223,43.47,0,46.45,0.0,1000.0,0.0,4.199,93.8,99,0,60.0,2026-05-01T21:53:47.691057,4.208
2026-05-01T21:52:48.677582,43.51,0,46.49,0.0,1000.0,0.0,4.199,93.8,99,0,60.0,2026-05-01T21:53:48.677414,4.208
2026-05-01T21:52:48.730165,43.51,0,46.49,0.0,1000.0,0.0,4.199,93.8,99,0,60.0,2026-05-01T21:53:48.729963,4.208
2026-05-01T21:52:48.784901,43.51,0,46.49,0.0,1000.0,0.0,4.199,93.8,99,0,60.0,2026-05-01T21:53:48.784709,4.208
2026-05-01T21:52:49.697480,43.56,0,46.53,0.0,1000.0,0.0,4.199,93.8,99,0,60.0,2026-05-01T21:53:49.697275,4.208
2026-05-01T21:52:49.756451,43.56,0,46.54,0.0,1000.0,0.0,4.199,93.8,99,0,60.0,2026-05-01T21:53:49.756284,4.208
2026-05-01T21:52:50.703231,43.56,0,46.58,0.0,1000.0,0.0,4.199,93.8,99,0,60.0,2026-05-01T21:53:50.703048,4.208
2026-05-01T21:52:50.764688,43.62,0,46.59,0.0,1000.0,0.0,4.199,93.7,99,0,60.0,2026-05-01T21:53:50.764473,4.208
2026-05-01T21:52:50.826549,43.62,0,46.6,0.0,1000.0,0.0,4.199,93.7,99,0,60.0,2026-05-01T21:53:50.826377,4.208
2026-05-01T21:52:51.762149,43.69,0,46.64,0.0,1000.0,0.0,4.199,93.7,99,0,60.0,2026-05-01T21:53:51.761854,4.208
2026-05-01T21:52:51.818384,43.69,0,46.66,0.0,1000.0,0.0,4.199,93.7,99,0,60.0,2026-05-01T21:53:51.818205,4.208
2026-05-01T21:52:51.871943,43.69,0,46.67,0.0,1000.0,0.0,4.199,93.7,99,0,60.0,2026-05-01T21:53:51.871784,4.208
2026-05-01T21:52:52.811700,43.78,0,46.72,0.0006,1000.0,0.0,4.199,93.7,99,0,60.0,2026-05-01T21:53:52.811529,4.208
2026-05-01T21:52:52.864230,43.78,0,46.74,0.0032,1000.0,0.0,4.199,93.7,99,0,60.0,2026-05-01T21:53:52.864042,4.208
2026-05-01T21:52:52.923858,43.78,0,46.74,0.0042,1000.0,0.0,4.199,93.7,99,0,60.0,2026-05-01T21:53:52.923501,4.208
2026-05-01T21:52:53.873040,43.88,0,46.81,0.0027,1000.0,0.0,4.199,93.7,99,0,60.0,2026-05-01T21:53:53.872876,4.208
2026-05-01T21:52:53.928206,43.88,0,46.83,0.0013,1000.0,0.0,4.199,93.7,99,0,60.0,2026-05-01T21:53:53.928046,4.208
2026-05-01T21:52:53.984904,43.88,0,46.84,0.0007,1000.0,0.0,4.199,93.7,99,0,60.0,2026-05-01T21:53:53.984731,4.208
2026-05-01T21:52:54.969181,43.96,0,46.91,0.0,1000.0,0.0,4.199,93.6,99,0,60.0,2026-05-01T21:53:54.968889,4.208
2026-05-01T21:52:55.058106,43.96,0,46.92,0.0,1000.0,0.0,4.199,93.6,99,0,60.0,2026-05-01T21:53:55.057805,4.208
2026-05-01T21:52:55.965654,43.96,0,46.97,0.0,1000.0,0.0,4.199,93.6,99,0,60.0,2026-05-01T21:53:55.965020,4.208
2026-05-01T21:52:56.140915,44.06,0,47.01,0.0,1000.0,0.0,4.199,93.6,99,0,60.0,2026-05-01T21:53:56.140512,4.208
2026-05-01T21:52:56.343707,44.06,0,47.03,0.0,1000.0,0.0,4.199,93.6,99,0,60.0,2026-05-01T21:53:56.343316,4.208
2026-05-01T21:52:57.005847,44.14,0,47.07,0.0,1000.0,0.0,4.199,93.6,99,0,60.0,2026-05-01T21:53:57.005643,4.208
2026-05-01T21:52:57.067952,44.14,0,47.1,0.0,1000.0,0.0,4.199,93.6,99,0,60.0,2026-05-01T21:53:57.067775,4.208
2026-05-01T21:52:57.138899,44.14,0,47.11,0.0,1000.0,0.0,4.199,93.6,99,0,60.0,2026-05-01T21:53:57.138715,4.208
2026-05-01T21:52:58.063805,44.24,0,47.17,0.0,1000.0,0.0,4.199,93.5,99,0,60.0,2026-05-01T21:53:58.063550,4.208
2026-05-01T21:52:58.118903,44.24,0,47.19,0.0,1000.0,0.0,4.199,93.5,99,0,60.0,2026-05-01T21:53:58.118727,4.208
2026-05-01T21:52:58.178673,44.24,0,47.2,0.0,1000.0,0.0,4.199,93.5,99,0,60.0,2026-05-01T21:53:58.178484,4.208
2026-05-01T21:52:59.123917,44.32,0,47.26,0.0,1000.0,0.0,4.199,93.5,99,0,60.0,2026-05-01T21:53:59.123703,4.208
2026-05-01T21:52:59.187245,44.32,0,47.28,0.0,1000.0,0.0,4.199,93.5,99,0,60.0,2026-05-01T21:53:59.187052,4.208
2026-05-01T21:52:59.253298,44.32,0,47.29,0.0,1000.0,0.0,4.199,93.5,99,0,60.0,2026-05-01T21:53:59.253100,4.208
2026-05-01T21:53:00.178126,44.41,0,47.35,0.0009,1000.0,0.0,4.199,93.5,99,0,60.0,2026-05-01T21:54:00.177939,4.208
2026-05-01T21:53:00.241655,44.41,0,47.37,0.0022,1000.0,0.0,4.199,93.5,99,0,60.0,2026-05-01T21:54:00.241468,4.208
2026-05-01T21:53:01.211027,44.41,0,47.41,0.003,1000.0,0.0,4.199,93.5,99,0,60.0,2026-05-01T21:54:01.210747,4.208
2026-05-01T21:53:01.543963,44.48,0,47.45,0.0025,1000.0,0.0,4.199,93.5,99,0,60.0,2026-05-01T21:54:01.543522,4.208
2026-05-01T21:53:01.732607,44.48,0,47.45,0.0024,1000.0,0.0,4.199,93.5,99,0,60.0,2026-05-01T21:54:01.732355,4.208
2026-05-01T21:53:02.258806,44.55,0,47.48,0.0023,1000.0,0.0,4.199,93.4,99,0,60.0,2026-05-01T21:54:02.258561,4.208
2026-05-01T21:53:02.377093,44.55,0,47.5,0.0022,1000.0,0.0,4.199,93.4,99,0,60.0,2026-05-01T21:54:02.376669,4.208
2026-05-01T21:53:02.582581,44.55,0,47.52,0.0022,1000.0,0.0,4.199,93.4,99,0,60.0,2026-05-01T21:54:02.582255,4.208
2026-05-01T21:53:03.304939,44.63,0,47.56,0.0017,1000.0,0.0,4.199,93.4,99,0,60.0,2026-05-01T21:54:03.304770,4.208
2026-05-01T21:53:03.360733,44.63,0,47.58,0.0,1000.0,0.0,4.199,93.4,99,0,60.0,2026-05-01T21:54:03.360566,4.208
2026-05-01T21:53:03.416445,44.63,0,47.59,0.0,1000.0,0.0,4.199,93.4,99,0,60.0,2026-05-01T21:54:03.416261,4.208
2026-05-01T21:53:04.357839,44.72,0,47.65,0.0,1000.0,0.0,4.199,93.4,99,0,60.0,2026-05-01T21:54:04.357664,4.208
2026-05-01T21:53:04.416674,44.72,0,47.67,0.0001,1000.0,0.0,4.199,93.4,99,0,60.0,2026-05-01T21:54:04.416531,4.208
2026-05-01T21:53:04.480644,44.72,0,47.68,0.0012,1000.0,0.0,4.199,93.4,99,0,60.0,2026-05-01T21:54:04.480425,4.208
2026-05-01T21:53:05.412974,44.76,0,47.72,0.0024,1000.0,0.0,4.199,93.4,99,0,60.0,2026-05-01T21:54:05.412578,4.208
2026-05-01T21:53:05.468732,44.76,0,47.72,0.0027,1000.0,0.0,4.199,93.4,99,0,60.0,2026-05-01T21:54:05.468550,4.208
2026-05-01T21:53:06.437785,44.76,0,47.76,0.0029,1000.0,0.0,4.199,93.4,99,0,60.0,2026-05-01T21:54:06.437532,4.208
2026-05-01T21:53:06.588945,44.81,0,47.77,0.0008,1000.0,0.0,4.199,93.3,99,0,60.0,2026-05-01T21:54:06.583539,4.208
2026-05-01T21:53:06.999016,44.81,0,47.79,0.0003,1000.0,0.0,4.199,93.3,99,0,60.0,2026-05-01T21:54:06.976102,4.208
2026-05-01T21:53:07.477480,44.87,0,47.81,0.0,1000.0,0.0,4.199,93.3,99,0,60.0,2026-05-01T21:54:07.477296,4.208
2026-05-01T21:53:07.534682,44.87,0,47.82,0.0,1000.0,0.0,4.199,93.3,99,0,60.0,2026-05-01T21:54:07.534503,4.208
2026-05-01T21:53:07.589618,44.87,0,47.83,0.0,1000.0,0.0,4.199,93.3,99,0,60.0,2026-05-01T21:54:07.589451,4.208
2026-05-01T21:53:08.549205,44.9,0,47.87,0.0,1000.0,0.0,4.199,93.3,99,0,60.0,2026-05-01T21:54:08.548055,4.208
2026-05-01T21:53:08.821814,44.9,0,47.88,0.0,1000.0,0.0,4.199,93.3,99,0,60.0,2026-05-01T21:54:08.821242,4.208
2026-05-01T21:53:08.922994,44.9,0,47.88,0.0,1000.0,0.0,4.199,93.3,99,0,60.0,2026-05-01T21:54:08.922519,4.208
2026-05-01T21:53:09.588888,44.94,0,47.91,0.0,1000.0,0.0,4.199,93.3,99,0,60.0,2026-05-01T21:54:09.588722,4.208
2026-05-01T21:53:09.642804,44.94,0,47.91,0.0,1000.0,0.0,4.199,93.3,99,0,60.0,2026-05-01T21:54:09.642633,4.208
2026-05-01T21:53:09.697041,44.94,0,47.91,0.0,1000.0,0.0,4.199,93.3,99,0,60.0,2026-05-01T21:54:09.696879,4.208
2026-05-01T21:53:10.702212,44.97,0.0009,47.95,0.0,1000.0,0.0,4.199,93.3,99,0,60.0,2026-05-01T21:54:10.702022,4.208
2026-05-01T21:53:10.763575,44.97,0.0009,47.95,0.0024,1000.0,0.0,4.199,93.3,99,0,60.0,2026-05-01T21:54:10.763401,4.208
2026-05-01T21:53:11.675766,44.97,0.0009,47.98,0.0046,1000.0,0.0,4.199,93.3,99,0,60.0,2026-05-01T21:54:11.675519,4.208
2026-05-01T21:53:11.763899,45.0,0,47.98,0.0021,1000.0,0.0,4.199,93.3,99,0,60.0,2026-05-01T21:54:11.763644,4.208
2026-05-01T21:53:11.854117,45.0,0,47.98,0.0012,1000.0,0.0,4.199,93.3,99,0,60.0,2026-05-01T21:54:11.853849,4.208
2026-05-01T21:53:12.714921,45.02,0,48.01,0.0005,1000.0,0.0,4.199,93.3,99,0,60.0,2026-05-01T21:54:12.714747,4.208
2026-05-01T21:53:12.767608,45.02,0,48.0,0.0,1000.0,0.0,4.199,93.3,99,0,60.0,2026-05-01T21:54:12.767454,4.208
2026-05-01T21:53:12.826094,45.02,0,48.0,0.0,1000.0,0.0,4.199,93.3,99,0,60.0,2026-05-01T21:54:12.825877,4.208
2026-05-01T21:53:13.774531,45.03,0,48.03,0.0003,1000.0,0.0,4.199,93.3,99,0,60.0,2026-05-01T21:54:13.774335,4.208
2026-05-01T21:53:13.839328,45.03,0,48.02,0.0005,1000.0,0.0,4.199,93.3,99,0,60.0,2026-05-01T21:54:13.839161,4.208
2026-05-01T21:53:13.901350,45.03,0,48.02,0.0005,1000.0,0.0,4.199,93.3,99,0,60.0,2026-05-01T21:54:13.901166,4.208
2026-05-01T21:53:14.831732,45.06,0,48.04,0.0,1000.0,0.0,4.199,93.3,99,0,60.0,2026-05-01T21:54:14.831477,4.208
2026-05-01T21:53:14.904316,45.06,0,48.04,0.0,1000.0,0.0,4.199,93.3,99,0,60.0,2026-05-01T21:54:14.904133,4.208
2026-05-01T21:53:14.981480,45.06,0,48.04,0.0,1000.0,0.0,4.199,93.3,99,0,60.0,2026-05-01T21:54:14.981183,4.208
2026-05-01T21:53:15.889160,45.08,0,48.07,0.0,1000.0,0.0,4.199,93.3,99,0,60.0,2026-05-01T21:54:15.888991,4.208
2026-05-01T21:53:15.943392,45.08,0,48.06,0.0,1000.0,0.0,4.199,93.3,99,0,60.0,2026-05-01T21:54:15.943223,4.208
2026-05-01T21:53:16.905669,45.08,0,48.1,0.0,1000.0,0.0,4.199,93.3,99,0,60.0,2026-05-01T21:54:16.905439,4.208
2026-05-01T21:53:16.968355,45.1,0,48.09,0.0,1000.0,0.0,4.199,93.2,99,0,60.0,2026-05-01T21:54:16.968174,4.208
2026-05-01T21:53:17.038689,45.1,0,48.08,0.0,1000.0,0.0,4.199,93.2,99,0,60.0,2026-05-01T21:54:17.038477,4.208
2026-05-01T21:53:17.962924,45.11,0,48.11,0.0,1000.0,0.0,4.199,93.2,99,0,60.0,2026-05-01T21:54:17.962695,4.208
2026-05-01T21:53:18.019071,45.11,0,48.1,0.0,1000.0,0.0,4.199,93.2,99,0,60.0,2026-05-01T21:54:18.018893,4.208
2026-05-01T21:53:18.074239,45.11,0,48.1,0.0,1000.0,0.0,4.199,93.2,99,0,60.0,2026-05-01T21:54:18.074067,4.208
2026-05-01T21:53:19.018950,45.14,0,48.13,0.0,1000.0,0.0,4.199,93.2,99,0,60.0,2026-05-01T21:54:19.018758,4.208
2026-05-01T21:53:19.077405,45.14,0,48.12,0.0,1000.0,0.0,4.199,93.2,99,0,60.0,2026-05-01T21:54:19.077232,4.208
2026-05-01T21:53:19.141502,45.14,0,48.12,0.0,1000.0,0.0,4.199,93.2,99,0,60.0,2026-05-01T21:54:19.141328,4.208
2026-05-01T21:53:20.074653,45.18,0,48.15,0.0,1000.0,0.0,4.199,93.2,99,0,60.0,2026-05-01T21:54:20.074486,4.208
2026-05-01T21:53:20.128996,45.18,0,48.15,0.0004,1000.0,0.0,4.199,93.2,99,0,60.0,2026-05-01T21:54:20.128713,4.208
2026-05-01T21:53:20.187185,45.18,0,48.15,0.0007,1000.0,0.0,4.199,93.2,99,0,60.0,2026-05-01T21:54:20.187014,4.208
2026-05-01T21:53:21.134588,45.2,0.0008,48.18,0.0026,1000.0,0.0,4.199,93.2,99,0,60.0,2026-05-01T21:54:21.134386,4.208
2026-05-01T21:53:21.189180,45.2,0.0008,48.18,0.0045,1000.0,0.0,4.199,93.2,99,0,60.0,2026-05-01T21:54:21.189042,4.208
2026-05-01T21:53:22.148622,45.2,0.0008,48.21,0.0058,1000.0,0.0,4.199,93.2,99,0,60.0,2026-05-01T21:54:22.148302,4.208
2026-05-01T21:53:22.204430,45.24,0,48.21,0.0022,1000.0,0.0,4.199,93.2,99,0,60.0,2026-05-01T21:54:22.204267,4.208
2026-05-01T21:53:22.259055,45.24,0,48.21,0.0006,1000.0,0.0,4.199,93.2,99,0,60.0,2026-05-01T21:54:22.258862,4.208
2026-05-01T21:53:23.204528,45.28,0,48.25,0.0,1000.0,0.0,4.199,93.2,99,0,60.0,2026-05-01T21:54:23.204335,4.208
2026-05-01T21:53:23.269030,45.28,0,48.25,0.0,1000.0,0.0,4.199,93.2,99,0,60.0,2026-05-01T21:54:23.268753,4.208
2026-05-01T21:53:23.331946,45.28,0,48.25,0.0,1000.0,0.0,4.199,93.2,99,0,60.0,2026-05-01T21:54:23.331730,4.208
2026-05-01T21:53:24.269303,45.32,0,48.29,0.0002,1000.0,0.0,4.199,93.2,99,0,60.0,2026-05-01T21:54:24.269101,4.208
2026-05-01T21:53:24.324843,45.32,0,48.29,0.0002,1000.0,0.0,4.199,93.2,99,0,60.0,2026-05-01T21:54:24.324673,4.208
2026-05-01T21:53:24.380873,45.32,0,48.29,0.0003,1000.0,0.0,4.199,93.2,99,0,60.0,2026-05-01T21:54:24.380617,4.208
2026-05-01T21:53:25.318336,45.37,0,48.33,0.0,1000.0,0.0,4.199,93.2,99,0,60.0,2026-05-01T21:54:25.318126,4.208
2026-05-01T21:53:25.382814,45.37,0,48.34,0.0,1000.0,0.0,4.199,93.2,99,0,60.0,2026-05-01T21:54:25.382597,4.208
2026-05-01T21:53:25.448139,45.37,0,48.34,0.0,1000.0,0.0,4.199,93.2,99,0,60.0,2026-05-01T21:54:25.447859,4.208
2026-05-01T21:53:26.362886,45.43,0,48.39,0.0,1000.0,0.0,4.199,93.1,99,0,60.0,2026-05-01T21:54:26.362568,4.208
2026-05-01T21:53:26.418451,45.43,0,48.39,0.0,1000.0,0.0,4.199,93.1,99,0,60.0,2026-05-01T21:54:26.418273,4.208
2026-05-01T21:53:27.618552,45.43,0,48.43,0.0,1000.0,0.0,4.199,93.1,99,0,60.0,2026-05-01T21:54:27.618254,4.208
2026-05-01T21:53:27.784742,45.48,0,48.45,0.0,1000.0,0.0,4.199,93.1,99,0,60.0,2026-05-01T21:54:27.784422,4.208
2026-05-01T21:53:27.893766,45.48,0,48.46,0.0,1000.0,0.0,4.199,93.1,99,0,60.0,2026-05-01T21:54:27.893246,4.208
2026-05-01T21:53:28.440382,45.54,0,48.48,0.0,1000.0,0.0,4.199,93.1,99,0,60.0,2026-05-01T21:54:28.440175,4.208
2026-05-01T21:53:28.504206,45.54,0,48.49,0.0,1000.0,0.0,4.199,93.1,99,0,60.0,2026-05-01T21:54:28.504018,4.208
2026-05-01T21:53:28.612159,45.54,0,48.5,0.0009,1000.0,0.0,4.199,93.1,99,0,60.0,2026-05-01T21:54:28.593953,4.208
2026-05-01T21:53:29.489181,45.58,0,48.54,0.0026,1000.0,0.0,4.199,93.1,99,0,60.0,2026-05-01T21:54:29.489021,4.208
2026-05-01T21:53:29.544818,45.58,0,48.54,0.0027,1000.0,0.0,4.199,93.1,99,0,60.0,2026-05-01T21:54:29.544654,4.208
2026-05-01T21:53:29.601952,45.58,0,48.54,0.003,1000.0,0.0,4.199,93.1,99,0,60.0,2026-05-01T21:54:29.601762,4.208
2026-05-01T21:53:30.606066,45.62,0,48.58,0.0025,1000.0,0.0,4.199,93.1,99,0,60.0,2026-05-01T21:54:30.574523,4.208
2026-05-01T21:53:30.740611,45.62,0,48.59,0.003,1000.0,0.0,4.199,93.1,99,0,60.0,2026-05-01T21:54:30.740443,4.208
2026-05-01T21:53:30.888507,45.62,0,48.59,0.0032,1000.0,0.0,4.199,93.1,99,0,60.0,2026-05-01T21:54:30.888033,4.208
2026-05-01T21:53:31.625213,45.67,0,48.62,0.0021,1000.0,0.0,4.199,93.1,99,0,60.0,2026-05-01T21:54:31.624987,4.208
2026-05-01T21:53:31.711686,45.67,0,48.63,0.0008,1000.0,0.0,4.199,93.1,99,0,60.0,2026-05-01T21:54:31.711296,4.208
2026-05-01T21:53:32.768305,45.67,0,48.67,0.0001,1000.0,0.0,4.199,93.1,99,0,60.0,2026-05-01T21:54:32.755513,4.208
2026-05-01T21:53:32.868788,45.7,0,48.67,0.0,1000.0,0.0,4.199,93.0,99,0,60.0,2026-05-01T21:54:32.868452,4.208
2026-05-01T21:53:32.960992,45.7,0,48.66,0.0,1000.0,0.0,4.199,93.0,99,0,60.0,2026-05-01T21:54:32.960568,4.208
2026-05-01T21:53:33.679655,45.77,0,48.7,0.0,1000.0,0.0,4.199,93.0,99,0,60.0,2026-05-01T21:54:33.679459,4.208
2026-05-01T21:53:33.732481,45.77,0.0008,48.71,0.0022,1000.0,0.0,4.199,93.0,99,0,60.0,2026-05-01T21:54:33.732336,4.208
2026-05-01T21:53:33.786609,45.77,0.0008,48.72,0.004,1000.0,0.0,4.199,93.0,99,0,60.0,2026-05-01T21:54:33.786447,4.208
2026-05-01T21:53:34.729841,45.84,0,48.77,0.0051,1000.0,0.0,4.199,93.0,99,0,60.0,2026-05-01T21:54:34.729662,4.208
2026-05-01T21:53:34.784803,45.84,0.0017,48.79,0.006,1000.0,0.0,4.199,93.0,99,0,60.0,2026-05-01T21:54:34.784622,4.208
2026-05-01T21:53:34.847172,45.84,0.0017,48.79,0.0069,1000.0,0.0,4.199,93.0,99,0,60.0,2026-05-01T21:54:34.846911,4.208
2026-05-01T21:53:35.793341,45.89,0.0017,48.84,0.0069,1000.0,0.0,4.199,93.0,99,0,60.0,2026-05-01T21:54:35.793168,4.208
2026-05-01T21:53:35.863960,45.89,0.0017,48.85,0.0075,1000.0,0.0,4.199,93.0,99,0,60.0,2026-05-01T21:54:35.863788,4.208
2026-05-01T21:53:35.928372,45.89,0.0017,48.85,0.0078,1000.0,0.0,4.199,93.0,99,0,60.0,2026-05-01T21:54:35.928209,4.208
2026-05-01T21:53:36.851824,45.95,0,48.9,0.0066,1000.0,0.0,4.199,93.0,99,0,60.0,2026-05-01T21:54:36.851537,4.208
2026-05-01T21:53:36.905526,45.95,0,48.91,0.0059,1000.0,0.0,4.199,93.0,99,0,60.0,2026-05-01T21:54:36.905380,4.208
2026-05-01T21:53:37.870324,45.95,0,48.95,0.0056,1000.0,0.0,4.199,93.0,99,0,60.0,2026-05-01T21:54:37.870127,4.208
2026-05-01T21:53:37.937569,46.02,0.0009,48.97,0.0053,1000.0,0.0,4.199,92.9,99,0,60.0,2026-05-01T21:54:37.937366,4.208
2026-05-01T21:53:38.023301,46.02,0.0009,48.98,0.0062,1000.0,0.0,4.199,92.9,99,0,60.0,2026-05-01T21:54:38.023057,4.208
2026-05-01T21:53:38.938057,46.08,0.0009,49.02,0.007,1000.0,0.0,4.199,92.9,99,0,60.0,2026-05-01T21:54:38.937884,4.208
2026-05-01T21:53:39.001877,46.08,0.0009,49.03,0.006,1000.0,0.0,4.199,92.9,99,0,60.0,2026-05-01T21:54:39.001670,4.208
2026-05-01T21:53:39.066963,46.08,0.0009,49.04,0.0066,1000.0,0.0,4.199,92.9,99,0,60.0,2026-05-01T21:54:39.066773,4.208
2026-05-01T21:53:39.987923,46.15,0,49.09,0.0052,1000.0,0.0,4.199,92.9,99,0,60.0,2026-05-01T21:54:39.987715,4.208
2026-05-01T21:53:40.068978,46.15,0,49.1,0.0042,1000.0,0.0,4.199,92.9,99,0,60.0,2026-05-01T21:54:40.068733,4.208
2026-05-01T21:53:40.163597,46.15,0,49.1,0.0044,1000.0,0.0,4.199,92.9,99,0,60.0,2026-05-01T21:54:40.163210,4.208
2026-05-01T21:53:41.042141,46.23,0,49.16,0.0048,1000.0,0.0,4.199,92.9,99,0,60.0,2026-05-01T21:54:41.041909,4.208
2026-05-01T21:53:41.107047,46.23,0,49.17,0.0056,1000.0,0.0,4.199,92.9,99,0,60.0,2026-05-01T21:54:41.106854,4.208
2026-05-01T21:53:41.172995,46.23,0,49.18,0.006,1000.0,0.0,4.199,92.9,99,0,60.0,2026-05-01T21:54:41.172812,4.208
2026-05-01T21:53:42.097514,46.28,0.0017,49.23,0.0065,1000.0,0.0,4.199,92.9,99,0,60.0,2026-05-01T21:54:42.097264,4.208
2026-05-01T21:53:42.167985,46.28,0.0017,49.23,0.0073,1000.0,0.0,4.199,92.9,99,0,60.0,2026-05-01T21:54:42.167759,4.208
2026-05-01T21:53:43.104042,46.28,0.0017,49.27,0.0079,1000.0,0.0,4.199,92.9,99,0,60.0,2026-05-01T21:54:43.103776,4.208
2026-05-01T21:53:43.187379,46.34,0.0017,49.29,0.0081,1000.0,0.0,4.199,92.8,99,0,60.0,2026-05-01T21:54:43.187166,4.208
2026-05-01T21:53:43.254590,46.34,0.0017,49.3,0.0082,1000.0,0.0,4.199,92.8,99,0,60.0,2026-05-01T21:54:43.254422,4.208
2026-05-01T21:53:44.165907,46.39,0.0017,49.34,0.0084,1000.0,0.0,4.199,92.8,99,0,60.0,2026-05-01T21:54:44.165675,4.208
2026-05-01T21:53:44.222338,46.39,0.0059,49.35,0.0083,1000.0,0.0,4.199,92.8,99,0,60.0,2026-05-01T21:54:44.222179,4.208
2026-05-01T21:53:44.278082,46.39,0.0059,49.35,0.0099,1000.0,0.0,4.199,92.8,99,0,60.0,2026-05-01T21:54:44.277773,4.208
2026-05-01T21:53:45.222489,46.44,0,49.39,0.0096,1000.0,0.0,4.199,92.8,99,0,60.0,2026-05-01T21:54:45.222312,4.208
2026-05-01T21:53:45.278542,46.44,0.0059,49.4,0.0109,1000.0,0.0,4.199,92.8,99,0,60.0,2026-05-01T21:54:45.278388,4.208
2026-05-01T21:53:45.334377,46.44,0.0059,49.4,0.0115,1000.0,0.0,4.199,92.8,99,0,60.0,2026-05-01T21:54:45.334210,4.208
2026-05-01T21:53:46.270074,46.47,0.0025,49.44,0.0116,1000.0,0.0,4.199,92.8,99,0,60.0,2026-05-01T21:54:46.269884,4.208
2026-05-01T21:53:46.334564,46.47,0.004,49.44,0.0113,1000.0,0.0,4.199,92.8,99,0,60.0,2026-05-01T21:54:46.334380,4.208
2026-05-01T21:53:46.402294,46.47,0.004,49.44,0.0111,1000.0,0.0,4.199,92.8,99,0,60.0,2026-05-01T21:54:46.402076,4.208
2026-05-01T21:53:47.332460,46.52,0.0025,49.48,0.0104,1000.0,0.0,4.199,92.8,99,0,60.0,2026-05-01T21:54:47.332262,4.208
2026-05-01T21:53:47.387113,46.52,0.0025,49.48,0.01,1000.0,0.0,4.199,92.8,99,0,60.0,2026-05-01T21:54:47.386961,4.208
2026-05-01T21:53:48.378338,46.52,0.0025,49.52,0.0098,1000.0,0.0,4.199,92.8,99,0,60.0,2026-05-01T21:54:48.377784,4.208
2026-05-01T21:53:48.637043,46.58,0.0025,49.53,0.0095,1000.0,0.0,4.199,92.8,99,0,60.0,2026-05-01T21:54:48.636663,4.208
2026-05-01T21:53:48.851290,46.58,0.0025,49.53,0.0095,1000.0,0.0,4.199,92.8,99,0,60.0,2026-05-01T21:54:48.828854,4.208
2026-05-01T21:53:49.404424,46.6,0.0025,49.55,0.0094,1000.0,0.0,4.199,92.7,99,0,60.0,2026-05-01T21:54:49.404249,4.208
2026-05-01T21:53:49.463455,46.6,0.0051,49.55,0.0091,1000.0,0.0,4.199,92.7,99,0,60.0,2026-05-01T21:54:49.463138,4.208
2026-05-01T21:53:49.521888,46.6,0.0051,49.55,0.0101,1000.0,0.0,4.199,92.7,99,0,60.0,2026-05-01T21:54:49.521711,4.208
2026-05-01T21:53:50.463611,46.65,0,49.59,0.0099,1000.0,0.0,4.199,92.7,99,0,60.0,2026-05-01T21:54:50.463334,4.208
2026-05-01T21:53:50.534989,46.65,0.0076,49.6,0.0118,1000.0,0.0,4.199,92.7,99,0,60.0,2026-05-01T21:54:50.533343,4.208
2026-05-01T21:53:50.851431,46.65,0.0076,49.6,0.0129,1000.0,0.0,4.199,92.7,99,0,60.0,2026-05-01T21:54:50.850821,4.208
2026-05-01T21:53:51.517666,46.7,0.0076,49.64,0.0139,1000.0,0.0,4.199,92.7,99,0,60.0,2026-05-01T21:54:51.517476,4.208
2026-05-01T21:53:51.573347,46.7,0.0093,49.64,0.0149,1000.0,0.0,4.199,92.7,99,0,60.0,2026-05-01T21:54:51.573127,4.208
2026-05-01T21:53:51.629604,46.7,0.0093,49.65,0.0153,1000.0,0.0,4.199,92.7,99,0,60.0,2026-05-01T21:54:51.629231,4.208
2026-05-01T21:53:52.623653,46.74,0.0135,49.69,0.0162,1000.0,0.0,4.199,92.7,99,0,60.0,2026-05-01T21:54:52.604927,4.208
2026-05-01T21:53:52.749064,46.74,0.0135,49.69,0.0181,1000.0,0.0,4.199,92.7,99,0,60.0,2026-05-01T21:54:52.748896,4.208
2026-05-01T21:53:53.588431,46.74,0.0135,49.72,0.0192,1000.0,0.0,4.199,92.7,99,0,60.0,2026-05-01T21:54:53.588192,4.208
2026-05-01T21:53:53.645209,46.78,0.0152,49.73,0.0204,1000.0,0.0,4.199,92.7,99,0,60.0,2026-05-01T21:54:53.645041,4.208
2026-05-01T21:53:53.699069,46.78,0.0152,49.73,0.021,1000.0,0.0,4.199,92.7,99,0,60.0,2026-05-01T21:54:53.698924,4.208
2026-05-01T21:53:54.657740,46.84,0.0152,49.77,0.0216,1000.0,0.0,4.199,92.7,98,0,60.0,2026-05-01T21:54:54.657550,4.208
2026-05-01T21:53:54.712655,46.84,0.0086,49.78,0.0179,1000.0,0.0,4.199,92.7,98,0,60.0,2026-05-01T21:54:54.712485,4.208
2026-05-01T21:53:54.765127,46.84,0.0086,49.79,0.017,1000.0,0.0,4.199,92.7,98,0,60.0,2026-05-01T21:54:54.764975,4.208
2026-05-01T21:53:55.694537,46.88,0.0017,49.83,0.0151,1000.0,0.0,4.199,92.6,98,0,60.0,2026-05-01T21:54:55.694367,4.208
2026-05-01T21:53:55.748225,46.88,0.0144,49.83,0.0168,1000.0,0.0,4.199,92.6,98,0,60.0,2026-05-01T21:54:55.748037,4.208
2026-05-01T21:53:55.815452,46.88,0.0144,49.83,0.0184,1000.0,0.0,4.199,92.6,98,0,60.0,2026-05-01T21:54:55.815254,4.208
2026-05-01T21:53:56.746988,46.94,0.0059,49.88,0.019,1000.0,0.0,4.199,92.6,98,0,60.0,2026-05-01T21:54:56.746734,4.208
2026-05-01T21:53:56.808013,46.94,0.0162,49.89,0.0208,1000.0,0.0,4.199,92.6,98,0,60.0,2026-05-01T21:54:56.807832,4.208
2026-05-01T21:53:56.869796,46.94,0.0162,49.89,0.0216,1000.0,0.0,4.199,92.6,98,0,60.0,2026-05-01T21:54:56.869636,4.208
2026-05-01T21:53:57.818380,47.01,0.0059,49.95,0.0188,1000.0,0.0,4.199,92.6,98,0,60.0,2026-05-01T21:54:57.818173,4.208
2026-05-01T21:53:57.877822,47.01,0.0059,49.96,0.0164,1000.0,0.0,4.199,92.6,98,0,60.0,2026-05-01T21:54:57.877655,4.208
2026-05-01T21:53:58.834891,47.01,0.0059,50.0,0.015,1000.0,0.0,4.199,92.6,99,0,60.0,2026-05-01T21:54:58.834508,4.208
2026-05-01T21:53:58.927394,47.1,0.0076,50.03,0.0138,1000.0,0.0,4.199,92.6,99,0,60.0,2026-05-01T21:54:58.927098,4.208
2026-05-01T21:53:59.019487,47.1,0.0076,50.04,0.0141,1000.0,0.0,4.199,92.6,99,0,60.0,2026-05-01T21:54:59.019207,4.208
2026-05-01T21:53:59.884968,47.17,0.0076,50.08,0.0144,1000.0,0.0,4.199,92.6,99,0,60.0,2026-05-01T21:54:59.884768,4.208
2026-05-01T21:53:59.940170,47.17,0.0153,50.1,0.0168,1000.0,0.0,4.199,92.6,99,0,60.0,2026-05-01T21:54:59.939997,4.208
2026-05-01T21:54:00.006552,47.17,0.0153,50.11,0.0188,1000.0,0.0,4.199,92.6,99,0,60.0,2026-05-01T21:55:00.006341,4.208
2026-05-01T21:54:00.951183,47.25,0.011,50.16,0.0201,1000.0,0.0,4.199,92.5,98,0,60.0,2026-05-01T21:55:00.950969,4.208
2026-05-01T21:54:01.015459,47.25,0.011,50.18,0.0191,1000.0,0.0,4.199,92.5,98,0,60.0,2026-05-01T21:55:01.015261,4.208
2026-05-01T21:54:01.084095,47.25,0.011,50.19,0.0187,1000.0,0.0,4.199,92.5,98,0,60.0,2026-05-01T21:55:01.083810,4.208
2026-05-01T21:54:02.018132,47.32,0.0058,50.25,0.0169,1000.0,0.0,4.199,92.5,98,0,60.0,2026-05-01T21:55:02.017882,4.208
2026-05-01T21:54:02.112528,47.32,0.0084,50.26,0.0163,1000.0,0.0,4.199,92.5,98,0,60.0,2026-05-01T21:55:02.110991,4.208
2026-05-01T21:54:02.245631,47.32,0.0084,50.27,0.016,1000.0,0.0,4.199,92.5,98,0,60.0,2026-05-01T21:55:02.244991,4.208
2026-05-01T21:54:03.066372,47.38,0.0135,50.32,0.016,1000.0,0.0,4.199,92.5,98,0,60.0,2026-05-01T21:55:03.066155,4.208
2026-05-01T21:54:03.128493,47.38,0.0135,50.33,0.0179,1000.0,0.0,4.199,92.5,98,0,60.0,2026-05-01T21:55:03.128312,4.208
2026-05-01T21:54:04.072990,47.38,0.0135,50.36,0.0192,1000.0,0.0,4.199,92.5,98,0,60.0,2026-05-01T21:55:04.072788,4.208
2026-05-01T21:54:04.137822,47.45,0.0135,50.39,0.019,1000.0,0.0,4.199,92.5,98,0,60.0,2026-05-01T21:55:04.137640,4.208
2026-05-01T21:54:04.201956,47.45,0.0135,50.4,0.0197,1000.0,0.0,4.199,92.5,98,0,60.0,2026-05-01T21:55:04.201742,4.208
2026-05-01T21:54:05.124940,47.51,0.0135,50.44,0.0202,1000.0,0.0,4.199,92.4,98,0,60.0,2026-05-01T21:55:05.124741,4.208
2026-05-01T21:54:05.182926,47.51,0.0051,50.45,0.0162,1000.0,0.0,4.199,92.4,98,0,60.0,2026-05-01T21:55:05.182746,4.208
2026-05-01T21:54:05.239012,47.51,0.0051,50.45,0.0147,1000.0,0.0,4.199,92.4,98,0,60.0,2026-05-01T21:55:05.238861,4.208
2026-05-01T21:54:06.183937,47.57,0,50.5,0.0124,1000.0,0.0,4.199,92.4,98,0,60.0,2026-05-01T21:55:06.183750,4.208
2026-05-01T21:54:06.241247,47.57,0.0076,50.51,0.0127,1000.0,0.0,4.199,92.4,98,0,60.0,2026-05-01T21:55:06.241063,4.208
2026-05-01T21:54:06.305570,47.57,0.0076,50.51,0.0134,1000.0,0.0,4.199,92.4,98,0,60.0,2026-05-01T21:55:06.305389,4.208
2026-05-01T21:54:07.237597,47.62,0.0076,50.56,0.013,1000.0,0.0,4.199,92.4,98,0,60.0,2026-05-01T21:55:07.237420,4.208
2026-05-01T21:54:07.291765,47.62,0.0153,50.56,0.0171,1000.0,0.0,4.199,92.4,98,0,60.0,2026-05-01T21:55:07.291607,4.208
2026-05-01T21:54:07.347549,47.62,0.0153,50.57,0.0188,1000.0,0.0,4.199,92.4,98,0,60.0,2026-05-01T21:55:07.347280,4.208
2026-05-01T21:54:08.303213,47.67,0.0202,50.6,0.0212,1000.0,0.0,4.199,92.4,98,0,60.0,2026-05-01T21:55:08.302986,4.208
2026-05-01T21:54:08.373993,47.67,0.0202,50.61,0.0237,1000.0,0.0,4.199,92.4,98,0,60.0,2026-05-01T21:55:08.373774,4.208
2026-05-01T21:54:09.309235,47.67,0.0202,50.64,0.0255,1000.0,0.0,4.199,92.4,98,0,60.0,2026-05-01T21:55:09.309038,4.209
2026-05-01T21:54:09.366716,47.73,0.0118,50.66,0.0227,1000.0,0.0,4.199,92.4,98,0,60.0,2026-05-01T21:55:09.366537,4.209
2026-05-01T21:54:09.422335,47.73,0.0118,50.67,0.0212,1000.0,0.0,4.199,92.4,98,0,60.0,2026-05-01T21:55:09.422182,4.209
2026-05-01T21:54:10.365951,47.76,0.0118,50.7,0.0201,1000.0,0.0,4.199,92.4,98,0,60.0,2026-05-01T21:55:10.365749,4.209
2026-05-01T21:54:10.422626,47.76,0.0101,50.7,0.0187,1000.0,0.0,4.199,92.4,98,0,60.0,2026-05-01T21:55:10.422468,4.209
2026-05-01T21:54:10.477952,47.76,0.0101,50.71,0.0182,1000.0,0.0,4.199,92.4,98,0,60.0,2026-05-01T21:55:10.477796,4.209
2026-05-01T21:54:11.419650,47.81,0.0094,50.74,0.0176,1000.0,0.0,4.199,92.3,98,0,60.0,2026-05-01T21:55:11.419441,4.209
2026-05-01T21:54:11.483732,47.81,0.0186,50.75,0.0206,1000.0,0.0,4.199,92.3,98,0,60.0,2026-05-01T21:55:11.483512,4.209
2026-05-01T21:54:11.549401,47.81,0.0186,50.75,0.0224,1000.0,0.0,4.199,92.3,98,0,60.0,2026-05-01T21:55:11.549206,4.209
2026-05-01T21:54:12.480327,47.86,0.0186,50.8,0.0232,1000.0,0.0,4.199,92.3,98,0,60.0,2026-05-01T21:55:12.480039,4.209
2026-05-01T21:54:12.537666,47.86,0.0186,50.8,0.0243,1000.0,0.0,4.199,92.3,98,0,60.0,2026-05-01T21:55:12.536043,4.209
2026-05-01T21:54:12.727626,47.86,0.0186,50.81,0.0248,1000.0,0.0,4.199,92.3,98,0,60.0,2026-05-01T21:55:12.727343,4.209
2026-05-01T21:54:13.538425,47.91,0.0194,50.85,0.0231,1000.0,0.0,4.199,92.3,98,0,60.0,2026-05-01T21:55:13.538238,4.209
2026-05-01T21:54:13.594164,47.91,0.0194,50.85,0.0245,1000.0,0.0,4.199,92.3,98,0,60.0,2026-05-01T21:55:13.594016,4.209
2026-05-01T21:54:14.549587,47.91,0.0194,50.89,0.0255,1000.0,0.0,4.199,92.3,98,0,60.0,2026-05-01T21:55:14.549393,4.209
2026-05-01T21:54:14.782643,47.96,0.0243,50.9,0.0263,1000.0,0.0,4.199,92.3,98,0,60.0,2026-05-01T21:55:14.782286,4.209
2026-05-01T21:54:14.881011,47.96,0.0243,50.9,0.0285,1000.0,0.0,4.199,92.3,98,0,60.0,2026-05-01T21:55:14.880450,4.209
2026-05-01T21:54:15.610968,48.0,0.0243,50.93,0.0301,1000.0,0.0,4.199,92.3,98,0,60.0,2026-05-01T21:55:15.610794,4.209
2026-05-01T21:54:15.667877,48.0,0.0243,50.93,0.0297,1000.0,0.0,4.199,92.3,98,0,60.0,2026-05-01T21:55:15.667697,4.209
2026-05-01T21:54:15.730226,48.0,0.0243,50.94,0.0304,1000.0,0.0,4.199,92.3,98,0,60.0,2026-05-01T21:55:15.730042,4.209
2026-05-01T21:54:16.671327,48.06,0.0127,50.98,0.0293,1000.0,0.0,4.199,92.3,98,0,60.0,2026-05-01T21:55:16.671162,4.209
2026-05-01T21:54:16.727419,48.06,0.0261,50.99,0.03,1000.0,0.0,4.199,92.3,98,0,60.0,2026-05-01T21:55:16.727271,4.209
2026-05-01T21:54:16.788105,48.06,0.0261,50.99,0.0312,1000.0,0.0,4.199,92.3,98,0,60.0,2026-05-01T21:55:16.787936,4.209
2026-05-01T21:54:17.715982,48.12,0.0202,51.04,0.0317,1000.0,0.0,4.199,92.2,98,0,60.0,2026-05-01T21:55:17.715805,4.209
2026-05-01T21:54:17.769236,48.12,0.0261,51.05,0.0324,1000.0,0.0,4.199,92.2,98,0,60.0,2026-05-01T21:55:17.769058,4.209
2026-05-01T21:54:17.830522,48.12,0.0261,51.06,0.0328,1000.0,0.0,4.199,92.2,98,0,60.0,2026-05-01T21:55:17.830310,4.209
2026-05-01T21:54:18.765815,48.17,0.0202,51.1,0.0295,1000.0,0.0,4.199,92.2,98,0,60.0,2026-05-01T21:55:18.765638,4.209
2026-05-01T21:54:18.827196,48.17,0.0202,51.11,0.0287,1000.0,0.0,4.199,92.2,98,0,60.0,2026-05-01T21:55:18.827015,4.209
2026-05-01T21:54:19.789542,48.17,0.0202,51.14,0.0283,1000.0,0.0,4.199,92.2,98,0,60.0,2026-05-01T21:55:19.789348,4.209
2026-05-01T21:54:19.851153,48.23,0.0099,51.16,0.0228,1000.0,0.0,4.199,92.2,98,0,60.0,2026-05-01T21:55:19.850964,4.209
2026-05-01T21:54:19.923149,48.23,0.0099,51.17,0.0206,1000.0,0.0,4.199,92.2,98,0,60.0,2026-05-01T21:55:19.922970,4.209
2026-05-01T21:54:20.842743,48.29,0.0099,51.21,0.019,1000.0,0.0,4.199,92.2,98,0,60.0,2026-05-01T21:55:20.842565,4.209
2026-05-01T21:54:20.903729,48.29,0.0143,51.22,0.0194,1000.0,0.0,4.199,92.2,98,0,60.0,2026-05-01T21:55:20.903572,4.209
2026-05-01T21:54:20.987843,48.29,0.0143,51.23,0.0203,1000.0,0.0,4.199,92.2,98,0,60.0,2026-05-01T21:55:20.987267,4.209
2026-05-01T21:54:21.910095,48.35,0.0099,51.27,0.0204,1000.0,0.0,4.199,92.2,98,0,60.0,2026-05-01T21:55:21.909889,4.209
2026-05-01T21:54:21.970685,48.35,0.0177,51.28,0.0225,1000.0,0.0,4.199,92.2,98,0,60.0,2026-05-01T21:55:21.970502,4.209
2026-05-01T21:54:22.035479,48.35,0.0177,51.29,0.0234,1000.0,0.0,4.199,92.2,98,0,60.0,2026-05-01T21:55:22.035294,4.209
2026-05-01T21:54:22.983095,48.42,0.0126,51.34,0.023,1000.0,0.0,4.199,92.2,98,0,60.0,2026-05-01T21:55:22.982796,4.209
2026-05-01T21:54:23.060583,48.42,0.0126,51.35,0.0216,1000.0,0.0,4.199,92.1,98,0,60.0,2026-05-01T21:55:23.060392,4.209
2026-05-01T21:54:23.143107,48.42,0.0126,51.35,0.021,1000.0,0.0,4.199,92.1,98,0,60.0,2026-05-01T21:55:23.142885,4.209
2026-05-01T21:54:24.019242,48.48,0.0211,51.4,0.0207,1000.0,0.0,4.199,92.1,98,0,60.0,2026-05-01T21:55:24.019075,4.209
2026-05-01T21:54:24.078526,48.48,0.0211,51.41,0.0238,1000.0,0.0,4.199,92.1,98,0,60.0,2026-05-01T21:55:24.077951,4.209
2026-05-01T21:54:25.034811,48.48,0.0211,51.45,0.0259,1000.0,0.0,4.199,92.1,98,0,60.0,2026-05-01T21:55:25.034578,4.209
2026-05-01T21:54:25.106074,48.53,0.0211,51.46,0.026,1000.0,0.0,4.199,92.1,98,0,60.0,2026-05-01T21:55:25.105899,4.209
2026-05-01T21:54:25.179869,48.53,0.0211,51.47,0.027,1000.0,0.0,4.199,92.1,98,0,60.0,2026-05-01T21:55:25.179555,4.209
2026-05-01T21:54:26.087313,48.58,0.0211,51.5,0.0278,1000.0,0.0,4.199,92.1,98,0,60.0,2026-05-01T21:55:26.086577,4.209
2026-05-01T21:54:26.143233,48.58,0.011,51.51,0.0228,1000.0,0.0,4.199,92.1,98,0,60.0,2026-05-01T21:55:26.143072,4.209
2026-05-01T21:54:26.199444,48.58,0.011,51.52,0.0212,1000.0,0.0,4.199,92.1,98,0,60.0,2026-05-01T21:55:26.199275,4.209
2026-05-01T21:54:27.147371,48.63,0.0099,51.56,0.0195,1000.0,0.0,4.199,92.1,98,0,60.0,2026-05-01T21:55:27.147107,4.209
2026-05-01T21:54:27.214380,48.63,0.0306,51.57,0.0264,1000.0,0.0,4.199,92.1,98,0,60.0,2026-05-01T21:55:27.214094,4.209
2026-05-01T21:54:27.301888,48.63,0.0306,51.57,0.0305,1000.0,0.0,4.199,92.1,98,0,60.0,2026-05-01T21:55:27.301625,4.209
2026-05-01T21:54:28.197206,48.68,0.0202,51.61,0.0335,1000.0,0.0,4.199,92.0,98,0,60.0,2026-05-01T21:55:28.196981,4.209
2026-05-01T21:54:28.252808,48.68,0.0202,51.61,0.031,1000.0,0.0,4.199,92.0,98,0,60.0,2026-05-01T21:55:28.252639,4.209
2026-05-01T21:54:28.315634,48.68,0.0202,51.61,0.0299,1000.0,0.0,4.199,92.0,98,0,60.0,2026-05-01T21:55:28.315436,4.209
2026-05-01T21:54:29.286802,48.72,0.0202,51.65,0.0265,1000.0,0.0,4.199,92.0,98,0,60.0,2026-05-01T21:55:29.286176,4.209
2026-05-01T21:54:29.683021,48.72,0.0202,51.66,0.0271,1000.0,0.0,4.199,92.0,98,0,60.0,2026-05-01T21:55:29.682722,4.209
2026-05-01T21:54:30.273133,48.72,0.0202,51.68,0.0274,1000.0,0.0,4.199,92.0,98,0,60.0,2026-05-01T21:55:30.272941,4.209
2026-05-01T21:54:30.339031,48.76,0.0304,51.69,0.0298,1000.0,0.0,4.199,92.0,98,0,60.0,2026-05-01T21:55:30.338847,4.209
2026-05-01T21:54:30.403886,48.76,0.0304,51.69,0.0327,1000.0,0.0,4.199,92.0,98,0,60.0,2026-05-01T21:55:30.403706,4.209
2026-05-01T21:54:31.323300,48.81,0.0304,51.73,0.0354,1000.0,0.0,4.199,92.0,98,0,60.0,2026-05-01T21:55:31.323080,4.209
2026-05-01T21:54:31.392275,48.81,0.0243,51.74,0.0331,1000.0,0.0,4.199,92.0,98,0,60.0,2026-05-01T21:55:31.392048,4.209
2026-05-01T21:54:31.565563,48.81,0.0243,51.74,0.0325,1000.0,0.0,4.199,92.0,98,0,60.0,2026-05-01T21:55:31.565083,4.209
2026-05-01T21:54:32.403382,48.84,0.0194,51.78,0.0315,1000.0,0.0,4.199,92.0,98,0,60.0,2026-05-01T21:55:32.403140,4.209
2026-05-01T21:54:32.498474,48.84,0.0194,51.78,0.0292,1000.0,0.0,4.199,92.0,98,0,60.0,2026-05-01T21:55:32.498138,4.209
2026-05-01T21:54:32.662620,48.84,0.0194,51.78,0.0283,1000.0,0.0,4.199,92.0,98,0,60.0,2026-05-01T21:55:32.636770,4.209
2026-05-01T21:54:33.438006,48.89,0.0167,51.81,0.0268,1000.0,0.0,4.199,92.0,98,0,60.0,2026-05-01T21:55:33.437846,4.209
2026-05-01T21:54:33.493026,48.89,0.0177,51.82,0.0261,1000.0,0.0,4.199,92.0,98,0,60.0,2026-05-01T21:55:33.492863,4.209
2026-05-01T21:54:33.549542,48.89,0.0177,51.82,0.0258,1000.0,0.0,4.199,92.0,98,0,60.0,2026-05-01T21:55:33.549322,4.209
2026-05-01T21:54:34.506899,48.95,0.0211,51.87,0.0257,1000.0,0.0,4.199,92.0,98,0,60.0,2026-05-01T21:55:34.506676,4.209
2026-05-01T21:54:34.604329,48.95,0.0211,51.87,0.0269,1000.0,0.0,4.199,92.0,98,0,60.0,2026-05-01T21:55:34.591506,4.209
2026-05-01T21:54:35.510366,48.95,0.0211,51.91,0.0278,1000.0,0.0,4.199,92.0,98,0,60.0,2026-05-01T21:55:35.510172,4.209
2026-05-01T21:54:35.567827,48.99,0.0229,51.92,0.0286,1000.0,0.0,4.199,91.9,98,0,60.0,2026-05-01T21:55:35.567639,4.209
2026-05-01T21:54:35.623617,48.99,0.0229,51.92,0.0293,1000.0,0.0,4.199,91.9,98,0,60.0,2026-05-01T21:55:35.623429,4.209
2026-05-01T21:54:36.579865,49.03,0.0229,51.96,0.03,1000.0,0.0,4.199,91.9,98,0,60.0,2026-05-01T21:55:36.567299,4.209
2026-05-01T21:54:36.742703,49.03,0.0229,51.96,0.0302,1000.0,0.0,4.199,91.9,98,0,60.0,2026-05-01T21:55:36.742470,4.209
2026-05-01T21:54:36.834812,49.03,0.0229,51.96,0.0303,1000.0,0.0,4.199,91.9,98,0,60.0,2026-05-01T21:55:36.834511,4.209
2026-05-01T21:54:37.623576,49.08,0.0228,52.0,0.0304,1000.0,0.0,4.199,91.9,98,0,60.0,2026-05-01T21:55:37.623373,4.209
2026-05-01T21:54:37.687605,49.08,0.0306,52.01,0.0332,1000.0,0.0,4.199,91.9,98,0,60.0,2026-05-01T21:55:37.687447,4.209
2026-05-01T21:54:37.756685,49.08,0.0306,52.01,0.0349,1000.0,0.0,4.199,91.9,98,0,60.0,2026-05-01T21:55:37.756464,4.209
2026-05-01T21:54:38.688985,49.12,0.0306,52.05,0.0368,1000.0,0.0,4.199,91.9,98,0,60.0,2026-05-01T21:55:38.688795,4.209
2026-05-01T21:54:38.752464,49.12,0.0328,52.05,0.0383,1000.0,0.0,4.199,91.9,98,0,60.0,2026-05-01T21:55:38.752311,4.209
2026-05-01T21:54:38.829809,49.12,0.0328,52.05,0.0391,1000.0,0.0,4.199,91.9,98,0,60.0,2026-05-01T21:55:38.829439,4.209
2026-05-01T21:54:39.768287,49.18,0.0371,52.1,0.0402,1000.0,0.0,4.199,91.9,98,0,60.0,2026-05-01T21:55:39.767997,4.209
2026-05-01T21:54:39.891223,49.18,0.0371,52.11,0.0422,1000.0,0.0,4.199,91.9,98,0,60.0,2026-05-01T21:55:39.890860,4.209
2026-05-01T21:54:40.741247,49.18,0.0371,52.14,0.0435,1000.0,0.0,4.199,91.9,98,0,60.0,2026-05-01T21:55:40.741038,4.209
2026-05-01T21:54:40.803255,49.22,0.0304,52.15,0.0415,1000.0,0.0,4.199,91.9,98,0,60.0,2026-05-01T21:55:40.803078,4.209
2026-05-01T21:54:40.874634,49.22,0.0304,52.15,0.0402,1000.0,0.0,4.199,91.9,98,0,60.0,2026-05-01T21:55:40.874407,4.209
2026-05-01T21:54:41.815855,49.28,0.0304,52.19,0.0391,1000.0,0.0,4.199,91.8,98,0,60.0,2026-05-01T21:55:41.815648,4.209
2026-05-01T21:54:41.880858,49.28,0.0304,52.21,0.0377,1000.0,0.0,4.199,91.8,98,0,60.0,2026-05-01T21:55:41.880540,4.209
2026-05-01T21:54:41.945338,49.28,0.0304,52.21,0.0378,1000.0,0.0,4.199,91.8,98,0,60.0,2026-05-01T21:55:41.945160,4.209
2026-05-01T21:54:42.864262,49.33,0.0261,52.25,0.0373,1000.0,0.0,4.199,91.8,98,0,60.0,2026-05-01T21:55:42.864029,4.209
2026-05-01T21:54:42.967393,49.33,0.0355,52.26,0.04,1000.0,0.0,4.199,91.8,98,0,60.0,2026-05-01T21:55:42.967116,4.209
2026-05-01T21:54:43.064410,49.33,0.0355,52.27,0.0412,1000.0,0.0,4.199,91.8,98,0,60.0,2026-05-01T21:55:43.063305,4.209
2026-05-01T21:54:43.920412,49.39,0.0329,52.31,0.042,1000.0,0.0,4.199,91.8,98,0,60.0,2026-05-01T21:55:43.920222,4.209
2026-05-01T21:54:43.985527,49.39,0.0355,52.31,0.0425,1000.0,0.0,4.199,91.8,98,0,60.0,2026-05-01T21:55:43.985333,4.209
2026-05-01T21:54:44.058792,49.39,0.0355,52.32,0.0427,1000.0,0.0,4.199,91.8,98,0,60.0,2026-05-01T21:55:44.058567,4.209
2026-05-01T21:54:45.088894,49.45,0.0396,52.37,0.0429,1000.0,0.0,4.199,91.8,98,0,60.0,2026-05-01T21:55:45.088361,4.209
2026-05-01T21:54:45.247366,49.45,0.0396,52.38,0.045,1000.0,0.0,4.199,91.8,98,0,60.0,2026-05-01T21:55:45.245674,4.209
2026-05-01T21:54:45.987413,49.45,0.0396,52.41,0.0461,1000.0,0.0,4.199,91.8,98,0,60.0,2026-05-01T21:55:45.987218,4.209
2026-05-01T21:54:46.059584,49.5,0.0396,52.42,0.0468,1000.0,0.0,4.199,91.8,98,0,60.0,2026-05-01T21:55:46.059427,4.209
2026-05-01T21:54:46.116083,49.5,0.0396,52.42,0.047,1000.0,0.0,4.199,91.8,98,0,60.0,2026-05-01T21:55:46.115881,4.209
2026-05-01T21:54:47.047336,49.56,0.0396,52.47,0.0472,1000.0,0.0,4.199,91.8,98,0,60.0,2026-05-01T21:55:47.047058,4.209
2026-05-01T21:54:47.126287,49.56,0.0329,52.48,0.0433,1000.0,0.0,4.199,91.8,98,0,60.0,2026-05-01T21:55:47.126082,4.209
2026-05-01T21:54:47.202863,49.56,0.0329,52.49,0.0423,1000.0,0.0,4.199,91.8,98,0,60.0,2026-05-01T21:55:47.202594,4.209
2026-05-01T21:54:48.097677,49.6,0.0297,52.53,0.0409,1000.0,0.0,4.199,91.7,98,0,60.0,2026-05-01T21:55:48.097462,4.209
2026-05-01T21:54:48.153542,49.6,0.0355,52.53,0.0418,1000.0,0.0,4.199,91.7,98,0,60.0,2026-05-01T21:55:48.153383,4.209
2026-05-01T21:54:48.208811,49.6,0.0355,52.53,0.0423,1000.0,0.0,4.199,91.7,98,0,60.0,2026-05-01T21:55:48.208644,4.209
2026-05-01T21:54:49.156020,49.66,0.0355,52.58,0.0429,1000.0,0.0,4.199,91.7,98,0,60.0,2026-05-01T21:55:49.155848,4.209
2026-05-01T21:54:49.211620,49.66,0.0413,52.59,0.0455,1000.0,0.0,4.199,91.7,98,0,60.0,2026-05-01T21:55:49.211465,4.209
2026-05-01T21:54:49.268411,49.66,0.0413,52.59,0.0467,1000.0,0.0,4.199,91.7,98,0,60.0,2026-05-01T21:55:49.268236,4.209
2026-05-01T21:54:50.211161,49.71,0.0413,52.63,0.0473,1000.0,0.0,4.199,91.7,98,0,60.0,2026-05-01T21:55:50.210997,4.209
2026-05-01T21:54:50.270170,49.71,0.0413,52.64,0.048,1000.0,0.0,4.199,91.7,98,0,60.0,2026-05-01T21:55:50.269998,4.209
2026-05-01T21:54:51.227781,49.71,0.0413,52.67,0.0486,1000.0,0.0,4.199,91.7,98,0,60.0,2026-05-01T21:55:51.227621,4.209
2026-05-01T21:54:51.286568,49.78,0.0397,52.69,0.0482,1000.0,0.0,4.199,91.7,98,0,60.0,2026-05-01T21:55:51.286416,4.209
2026-05-01T21:54:51.351766,49.78,0.0397,52.7,0.0479,1000.0,0.0,4.199,91.7,98,0,60.0,2026-05-01T21:55:51.351546,4.209
2026-05-01T21:54:52.286762,49.83,0.0397,52.74,0.0478,1000.0,0.0,4.199,91.7,98,0,60.0,2026-05-01T21:55:52.286561,4.209
2026-05-01T21:54:52.351553,49.83,0.0337,52.74,0.0429,1000.0,0.0,4.199,91.7,98,0,60.0,2026-05-01T21:55:52.351366,4.209
2026-05-01T21:54:52.416306,49.83,0.0337,52.75,0.0424,1000.0,0.0,4.199,91.7,98,0,60.0,2026-05-01T21:55:52.416116,4.209
2026-05-01T21:54:53.342549,49.89,0.0252,52.79,0.0406,1000.0,0.0,4.199,91.6,98,0,60.0,2026-05-01T21:55:53.342370,4.209
2026-05-01T21:54:53.400863,49.89,0.0364,52.8,0.042,1000.0,0.0,4.199,91.6,98,0,60.0,2026-05-01T21:55:53.400682,4.209
2026-05-01T21:54:53.456410,49.89,0.0364,52.8,0.0428,1000.0,0.0,4.199,91.6,98,0,60.0,2026-05-01T21:55:53.456255,4.209
2026-05-01T21:54:54.404417,49.95,0.0364,52.85,0.0437,1000.0,0.0,4.199,91.6,98,0,60.0,2026-05-01T21:55:54.404237,4.209
2026-05-01T21:54:54.468706,49.95,0.0463,52.86,0.0482,1000.0,0.0,4.199,91.6,98,0,60.0,2026-05-01T21:55:54.468493,4.209
2026-05-01T21:54:54.539981,49.95,0.0463,52.87,0.0503,1000.0,0.0,4.199,91.6,98,0,60.0,2026-05-01T21:55:54.539587,4.209
2026-05-01T21:54:55.748762,49.99,0.0447,52.91,0.0511,1000.0,0.0,4.199,91.6,98,0,60.0,2026-05-01T21:55:55.747991,4.209
2026-05-01T21:54:56.002621,49.99,0.0447,52.92,0.0518,1000.0,0.0,4.199,91.6,98,0,60.0,2026-05-01T21:55:56.002390,4.209
2026-05-01T21:54:56.569384,49.99,0.0447,52.93,0.0522,1000.0,0.0,4.199,91.6,98,0,60.0,2026-05-01T21:55:56.568975,4.209
2026-05-01T21:54:56.765264,50.03,0.0312,52.95,0.0478,1000.0,0.0,4.199,91.6,98,0,60.0,2026-05-01T21:55:56.764945,4.209
2026-05-01T21:54:56.888739,50.03,0.0312,52.95,0.0442,1000.0,0.0,4.199,91.6,98,0,60.0,2026-05-01T21:55:56.886091,4.209
2026-05-01T21:54:57.524330,50.08,0.0312,52.98,0.0418,1000.0,0.0,4.199,91.6,98,0,60.0,2026-05-01T21:55:57.524151,4.209
2026-05-01T21:54:57.595012,50.08,0.0279,52.99,0.0383,1000.0,0.0,4.199,91.6,98,0,60.0,2026-05-01T21:55:57.594843,4.209
2026-05-01T21:54:57.650145,50.08,0.0279,53.0,0.0374,1000.0,0.0,4.199,91.6,98,0,60.0,2026-05-01T21:55:57.650001,4.209
2026-05-01T21:54:58.623508,50.11,0.0202,53.03,0.0353,1000.0,0.0,4.199,91.6,98,0,60.0,2026-05-01T21:55:58.591969,4.209
2026-05-01T21:54:58.724161,50.11,0.0306,53.04,0.0359,1000.0,0.0,4.199,91.6,99,0,60.0,2026-05-01T21:55:58.724001,4.209
2026-05-01T21:54:58.777469,50.11,0.0306,53.04,0.0368,1000.0,0.0,4.199,91.6,99,0,60.0,2026-05-01T21:55:58.777324,4.209
2026-05-01T21:54:59.693497,50.15,0.0304,53.07,0.0377,1000.0,0.0,4.199,91.6,99,0,60.0,2026-05-01T21:55:59.693078,4.209
2026-05-01T21:54:59.795151,50.15,0.0306,53.08,0.038,1000.0,0.0,4.199,91.6,99,0,60.0,2026-05-01T21:55:59.794654,4.209
2026-05-01T21:54:59.901707,50.15,0.0306,53.08,0.0382,1000.0,0.0,4.199,91.6,99,0,60.0,2026-05-01T21:55:59.901212,4.209
2026-05-01T21:55:00.741486,50.2,0.0432,53.12,0.0398,1000.0,0.0,4.199,91.5,99,0,60.0,2026-05-01T21:56:00.741194,4.209
2026-05-01T21:55:00.865732,50.2,0.0432,53.12,0.0445,1000.0,0.0,4.199,91.5,99,0,60.0,2026-05-01T21:56:00.865218,4.209
2026-05-01T21:55:01.727336,50.2,0.0432,53.16,0.0477,1000.0,0.0,4.199,91.5,99,0,60.0,2026-05-01T21:56:01.727024,4.209
2026-05-01T21:55:01.837460,50.24,0.0472,53.16,0.0509,1000.0,0.0,4.199,91.5,99,0,60.0,2026-05-01T21:56:01.836886,4.209
2026-05-01T21:55:01.950481,50.24,0.0472,53.17,0.0526,1000.0,0.0,4.199,91.5,99,0,60.0,2026-05-01T21:56:01.950232,4.209
2026-05-01T21:55:02.765231,50.31,0.0472,53.2,0.054,1000.0,0.0,4.199,91.5,99,0,60.0,2026-05-01T21:56:02.765010,4.209
2026-05-01T21:55:02.857059,50.31,0.038,53.22,0.0489,1000.0,0.0,4.199,91.5,99,0,60.0,2026-05-01T21:56:02.856798,4.209
2026-05-01T21:55:02.950886,50.31,0.038,53.22,0.0477,1000.0,0.0,4.199,91.5,99,0,60.0,2026-05-01T21:56:02.950664,4.209
2026-05-01T21:55:03.821748,50.37,0.032,53.27,0.0458,1000.0,0.0,4.199,91.5,99,0,60.0,2026-05-01T21:56:03.821565,4.209
2026-05-01T21:55:03.893924,50.37,0.0371,53.28,0.0455,1000.0,0.0,4.199,91.5,99,0,60.0,2026-05-01T21:56:03.893741,4.209
2026-05-01T21:55:03.961342,50.37,0.0371,53.28,0.0453,1000.0,0.0,4.199,91.5,99,0,60.0,2026-05-01T21:56:03.961091,4.209
2026-05-01T21:55:04.869478,50.43,0.0364,53.33,0.045,1000.0,0.0,4.199,91.5,99,0,60.0,2026-05-01T21:56:04.869270,4.209
2026-05-01T21:55:04.944017,50.43,0.0371,53.34,0.045,1000.0,0.0,4.199,91.5,99,0,60.0,2026-05-01T21:56:04.943768,4.209
2026-05-01T21:55:05.036371,50.43,0.0371,53.35,0.045,1000.0,0.0,4.199,91.5,99,0,60.0,2026-05-01T21:56:05.036117,4.209
2026-05-01T21:55:05.961002,50.48,0.0388,53.39,0.0454,1000.0,0.0,4.199,91.4,99,0,60.0,2026-05-01T21:56:05.960740,4.209
2026-05-01T21:55:06.094326,50.48,0.0388,53.4,0.046,1000.0,0.0,4.199,91.4,99,0,60.0,2026-05-01T21:56:06.093846,4.209
2026-05-01T21:55:06.940607,50.48,0.0388,53.43,0.0464,1000.0,0.0,4.199,91.4,99,0,60.0,2026-05-01T21:56:06.940389,4.209
2026-05-01T21:55:07.015100,50.55,0.0436,53.45,0.0476,1000.0,0.0,4.199,91.4,99,0,60.0,2026-05-01T21:56:07.014892,4.209
2026-05-01T21:55:07.077491,50.55,0.0436,53.46,0.0491,1000.0,0.0,4.199,91.4,99,0,60.0,2026-05-01T21:56:07.077308,4.209
2026-05-01T21:55:08.003273,50.62,0.0436,53.51,0.0505,1000.0,0.0,4.199,91.4,99,0,60.0,2026-05-01T21:56:08.003046,4.209
2026-05-01T21:55:08.060310,50.62,0.0436,53.53,0.0509,1000.0,0.0,4.199,91.4,99,0,60.0,2026-05-01T21:56:08.060148,4.209
2026-05-01T21:55:08.118102,50.62,0.0436,53.53,0.0512,1000.0,0.0,4.199,91.4,99,0,60.0,2026-05-01T21:56:08.117925,4.209
2026-05-01T21:55:09.067357,50.67,0.0413,53.58,0.0511,1000.0,0.0,4.199,91.4,99,0,60.0,2026-05-01T21:56:09.067109,4.209
2026-05-01T21:55:09.143367,50.67,0.0513,53.59,0.0541,1000.0,0.0,4.199,91.4,99,0,60.0,2026-05-01T21:56:09.143174,4.209
2026-05-01T21:55:09.230446,50.67,0.0513,53.59,0.056,1000.0,0.0,4.199,91.4,99,0,60.0,2026-05-01T21:56:09.230182,4.209
2026-05-01T21:55:10.122401,50.73,0.0447,53.64,0.057,1000.0,0.0,4.199,91.4,99,0,60.0,2026-05-01T21:56:10.122210,4.209
2026-05-01T21:55:10.188111,50.73,0.0504,53.65,0.0576,1000.0,0.0,4.199,91.4,99,0,60.0,2026-05-01T21:56:10.187931,4.209
2026-05-01T21:55:10.267628,50.73,0.0504,53.65,0.0579,1000.0,0.0,4.199,91.4,99,0,60.0,2026-05-01T21:56:10.267360,4.209
2026-05-01T21:55:11.192014,50.79,0.0498,53.7,0.0568,1000.0,0.0,4.199,91.3,99,0,60.0,2026-05-01T21:56:11.191750,4.209
2026-05-01T21:55:11.286089,50.79,0.0498,53.7,0.0573,1000.0,0.0,4.199,91.3,99,0,60.0,2026-05-01T21:56:11.285879,4.209
2026-05-01T21:55:12.185317,50.79,0.0498,53.73,0.0577,1000.0,0.0,4.199,91.3,99,0,60.0,2026-05-01T21:56:12.185123,4.209
2026-05-01T21:55:12.241423,50.85,0.0498,53.75,0.0578,1000.0,0.0,4.199,91.3,99,0,60.0,2026-05-01T21:56:12.241261,4.209
2026-05-01T21:55:12.298547,50.85,0.0498,53.75,0.0578,1000.0,0.0,4.199,91.3,99,0,60.0,2026-05-01T21:56:12.298336,4.209
2026-05-01T21:55:13.351860,50.9,0.0498,53.79,0.0579,1000.0,0.0,4.199,91.3,99,0,60.0,2026-05-01T21:56:13.351325,4.209
2026-05-01T21:55:13.733641,50.9,0.0439,53.81,0.0545,1000.0,0.0,4.199,91.3,99,0,60.0,2026-05-01T21:56:13.733338,4.209
2026-05-01T21:55:13.851460,50.9,0.0439,53.82,0.0533,1000.0,0.0,4.199,91.3,99,0,60.0,2026-05-01T21:56:13.850935,4.209
2026-05-01T21:55:14.300663,50.94,0.0436,53.84,0.0527,1000.0,0.0,4.199,91.3,99,0,60.0,2026-05-01T21:56:14.300457,4.209
2026-05-01T21:55:14.362642,50.94,0.0463,53.84,0.0532,1000.0,0.0,4.199,91.3,99,0,60.0,2026-05-01T21:56:14.362379,4.209
2026-05-01T21:55:14.425991,50.94,0.0463,53.85,0.0536,1000.0,0.0,4.199,91.3,99,0,60.0,2026-05-01T21:56:14.425814,4.209
2026-05-01T21:55:15.353929,50.99,0.0463,53.89,0.0542,1000.0,0.0,4.199,91.3,99,0,60.0,2026-05-01T21:56:15.353754,4.209
2026-05-01T21:55:15.413354,50.99,0.0498,53.9,0.0558,1000.0,0.0,4.199,91.3,99,0,60.0,2026-05-01T21:56:15.413124,4.209
2026-05-01T21:55:15.478382,50.99,0.0498,53.9,0.0565,1000.0,0.0,4.199,91.3,99,0,60.0,2026-05-01T21:56:15.478091,4.209
2026-05-01T21:55:16.513858,51.01,0.0498,53.93,0.0565,1000.0,0.0,4.199,91.3,99,0,60.0,2026-05-01T21:56:16.512892,4.209
2026-05-01T21:55:16.704858,51.01,0.0498,53.93,0.0572,1000.0,0.0,4.199,91.3,99,0,60.0,2026-05-01T21:56:16.685888,4.209
2026-05-01T21:55:17.425192,51.01,0.0498,53.96,0.0576,1000.0,0.0,4.199,91.3,99,0,60.0,2026-05-01T21:56:17.424985,4.209
2026-05-01T21:55:17.484027,51.06,0.0464,53.97,0.0563,1000.0,0.0,4.199,91.2,99,0,60.0,2026-05-01T21:56:17.483840,4.209
2026-05-01T21:55:17.541022,51.06,0.0464,53.97,0.0557,1000.0,0.0,4.199,91.2,99,0,60.0,2026-05-01T21:56:17.540842,4.209
2026-05-01T21:55:18.482290,51.11,0.0464,54.01,0.0552,1000.0,0.0,4.199,91.2,99,0,60.0,2026-05-01T21:56:18.482095,4.209
2026-05-01T21:55:18.547623,51.11,0.0436,54.02,0.0533,1000.0,0.0,4.199,91.2,99,0,60.0,2026-05-01T21:56:18.546383,4.209
2026-05-01T21:55:18.859875,51.11,0.0436,54.03,0.0527,1000.0,0.0,4.199,91.2,99,0,60.0,2026-05-01T21:56:18.859588,4.209
2026-05-01T21:55:19.537778,51.16,0.0422,54.06,0.052,1000.0,0.0,4.199,91.2,99,0,60.0,2026-05-01T21:56:19.537585,4.209
2026-05-01T21:55:19.595443,51.16,0.0481,54.07,0.0534,1000.0,0.0,4.199,91.2,99,0,60.0,2026-05-01T21:56:19.595168,4.209
2026-05-01T21:55:19.659542,51.16,0.0481,54.07,0.0544,1000.0,0.0,4.199,91.2,99,0,60.0,2026-05-01T21:56:19.659367,4.209
2026-05-01T21:55:20.742683,51.19,0.0447,54.11,0.055,1000.0,0.0,4.199,91.2,99,0,60.0,2026-05-01T21:56:20.724448,4.209
2026-05-01T21:55:20.877642,51.19,0.0481,54.11,0.0556,1000.0,0.0,4.199,91.2,99,0,60.0,2026-05-01T21:56:20.877258,4.209
2026-05-01T21:55:20.980816,51.19,0.0481,54.11,0.056,1000.0,0.0,4.199,91.2,99,0,60.0,2026-05-01T21:56:20.980447,4.209
2026-05-01T21:55:21.650120,51.26,0.0447,54.15,0.0551,1000.0,0.0,4.199,91.2,99,0,60.0,2026-05-01T21:56:21.649914,4.209
2026-05-01T21:55:21.711394,51.26,0.0447,54.16,0.0542,1000.0,0.0,4.199,91.2,99,0,60.0,2026-05-01T21:56:21.711247,4.209
2026-05-01T21:55:22.655360,51.26,0.0447,54.2,0.0538,1000.0,0.0,4.199,91.2,99,0,60.0,2026-05-01T21:56:22.655195,4.209
2026-05-01T21:55:22.723700,51.3,0.0472,54.2,0.0526,1000.0,0.0,4.199,91.2,99,0,60.0,2026-05-01T21:56:22.723512,4.209
2026-05-01T21:55:22.799187,51.3,0.0472,54.21,0.0537,1000.0,0.0,4.199,91.2,99,0,60.0,2026-05-01T21:56:22.798913,4.209
2026-05-01T21:55:23.718564,51.36,0.0472,54.25,0.0547,1000.0,0.0,4.199,91.1,99,0,60.0,2026-05-01T21:56:23.718393,4.209
2026-05-01T21:55:23.772765,51.36,0.0491,54.26,0.0549,1000.0,0.0,4.199,91.1,99,0,60.0,2026-05-01T21:56:23.772593,4.209
2026-05-01T21:55:23.829444,51.36,0.0491,54.26,0.0557,1000.0,0.0,4.199,91.1,99,0,60.0,2026-05-01T21:56:23.829225,4.209
2026-05-01T21:55:24.774437,51.4,0.0491,54.3,0.0566,1000.0,0.0,4.199,91.1,99,0,60.0,2026-05-01T21:56:24.774237,4.209
2026-05-01T21:55:24.837703,51.4,0.0491,54.31,0.0569,1000.0,0.0,4.199,91.1,99,0,60.0,2026-05-01T21:56:24.837536,4.209
2026-05-01T21:55:24.901384,51.4,0.0491,54.31,0.057,1000.0,0.0,4.199,91.1,99,0,60.0,2026-05-01T21:56:24.901170,4.209
2026-05-01T21:55:25.842204,51.45,0.0491,54.35,0.0572,1000.0,0.0,4.199,91.1,99,0,60.0,2026-05-01T21:56:25.842021,4.209
2026-05-01T21:55:25.897240,51.45,0.0515,54.36,0.0583,1000.0,0.0,4.199,91.1,99,0,60.0,2026-05-01T21:56:25.896957,4.209
2026-05-01T21:55:25.956025,51.45,0.0515,54.36,0.0587,1000.0,0.0,4.199,91.1,99,0,60.0,2026-05-01T21:56:25.955847,4.209
2026-05-01T21:55:26.891971,51.5,0.0515,54.4,0.0591,1000.0,0.0,4.199,91.1,99,0,60.0,2026-05-01T21:56:26.891757,4.209
2026-05-01T21:55:26.955470,51.5,0.0515,54.41,0.0593,1000.0,0.0,4.199,91.1,99,0,60.0,2026-05-01T21:56:26.955303,4.209
2026-05-01T21:55:27.905838,51.5,0.0515,54.45,0.0597,1000.0,0.0,4.199,91.1,99,0,60.0,2026-05-01T21:56:27.905655,4.209
2026-05-01T21:55:27.971165,51.56,0.0504,54.46,0.0592,1000.0,0.0,4.199,91.1,99,0,60.0,2026-05-01T21:56:27.970991,4.209
2026-05-01T21:55:28.043821,51.56,0.0504,54.47,0.059,1000.0,0.0,4.199,91.1,99,0,60.0,2026-05-01T21:56:28.043618,4.209
2026-05-01T21:55:28.961300,51.61,0.0504,54.51,0.0589,1000.0,0.0,4.199,91.1,99,0,60.0,2026-05-01T21:56:28.961118,4.209
2026-05-01T21:55:29.017258,51.61,0.0498,54.52,0.0585,1000.0,0.0,4.199,91.1,99,0,60.0,2026-05-01T21:56:29.017073,4.209
2026-05-01T21:55:29.075540,51.61,0.0498,54.52,0.0584,1000.0,0.0,4.199,91.1,99,0,60.0,2026-05-01T21:56:29.075355,4.209
2026-05-01T21:55:30.017874,51.67,0.0396,54.56,0.0566,1000.0,0.0,4.199,91.0,99,0,60.0,2026-05-01T21:56:30.017696,4.209
2026-05-01T21:55:30.081538,51.67,0.0472,54.57,0.0555,1000.0,0.0,4.199,91.0,99,0,60.0,2026-05-01T21:56:30.081169,4.209
2026-05-01T21:55:30.145984,51.67,0.0472,54.57,0.0555,1000.0,0.0,4.199,91.0,99,0,60.0,2026-05-01T21:56:30.145775,4.209
2026-05-01T21:55:31.088157,51.72,0.0472,54.62,0.0545,1000.0,0.0,4.199,91.0,99,0,60.0,2026-05-01T21:56:31.087948,4.209
2026-05-01T21:55:31.153122,51.72,0.0499,54.62,0.0561,1000.0,0.0,4.199,91.0,99,0,60.0,2026-05-01T21:56:31.152911,4.209
2026-05-01T21:55:31.220148,51.72,0.0499,54.63,0.0569,1000.0,0.0,4.199,91.0,99,0,60.0,2026-05-01T21:56:31.219959,4.209
2026-05-01T21:55:32.448771,51.78,0.0548,54.68,0.0585,1000.0,0.0,4.199,91.0,99,0,60.0,2026-05-01T21:56:32.448224,4.209
2026-05-01T21:55:32.899450,51.78,0.0548,54.7,0.0611,1000.0,0.0,4.199,91.0,99,0,60.0,2026-05-01T21:56:32.882720,4.209
2026-05-01T21:55:33.142658,51.78,0.0548,54.71,0.0621,1000.0,0.0,4.199,91.0,99,0,60.0,2026-05-01T21:56:33.142416,4.209
2026-05-01T21:55:33.224775,51.84,0.054,54.73,0.062,1000.0,0.0,4.199,91.0,99,0,60.0,2026-05-01T21:56:33.224556,4.209
2026-05-01T21:55:33.287967,51.84,0.054,54.74,0.0621,1000.0,0.0,4.199,91.0,99,0,60.0,2026-05-01T21:56:33.287788,4.209
2026-05-01T21:55:34.204506,51.87,0.054,54.77,0.0624,1000.0,0.0,4.199,91.0,99,0,60.0,2026-05-01T21:56:34.204332,4.209
2026-05-01T21:55:34.261335,51.87,0.0531,54.77,0.0619,1000.0,0.0,4.199,91.0,99,0,60.0,2026-05-01T21:56:34.261183,4.209
2026-05-01T21:55:34.318839,51.87,0.0531,54.77,0.0618,1000.0,0.0,4.199,91.0,99,0,60.0,2026-05-01T21:56:34.318635,4.209
2026-05-01T21:55:35.257021,51.91,0.0463,54.81,0.0606,1000.0,0.0,4.199,91.0,99,0,60.0,2026-05-01T21:56:35.256813,4.209
2026-05-01T21:55:35.312709,51.91,0.0463,54.81,0.0577,1000.0,0.0,4.199,91.0,99,0,60.0,2026-05-01T21:56:35.312414,4.209
2026-05-01T21:55:35.371903,51.91,0.0463,54.81,0.0566,1000.0,0.0,4.199,91.0,99,0,60.0,2026-05-01T21:56:35.371731,4.209
2026-05-01T21:55:36.310711,51.94,0.0447,54.85,0.0551,1000.0,0.0,4.199,91.0,99,0,60.0,2026-05-01T21:56:36.310549,4.209
2026-05-01T21:55:36.375199,51.94,0.054,54.85,0.0583,1000.0,0.0,4.199,91.0,99,0,60.0,2026-05-01T21:56:36.375005,4.209
2026-05-01T21:55:36.440963,51.94,0.054,54.85,0.0597,1000.0,0.0,4.199,91.0,99,0,60.0,2026-05-01T21:56:36.440778,4.209
2026-05-01T21:55:37.371060,52.0,0.054,54.89,0.0609,1000.0,0.0,4.199,90.9,99,0,60.0,2026-05-01T21:56:37.370881,4.209
2026-05-01T21:55:37.426522,52.0,0.054,54.9,0.0615,1000.0,0.0,4.199,90.9,99,0,60.0,2026-05-01T21:56:37.426364,4.209
2026-05-01T21:55:38.386102,52.0,0.054,54.94,0.062,1000.0,0.0,4.199,90.9,99,0,60.0,2026-05-01T21:56:38.385891,4.209
2026-05-01T21:55:38.442210,52.04,0.0498,54.94,0.0604,1000.0,0.0,4.199,90.9,99,0,60.0,2026-05-01T21:56:38.442036,4.209
2026-05-01T21:55:38.500174,52.04,0.0498,54.94,0.0595,1000.0,0.0,4.199,90.9,99,0,60.0,2026-05-01T21:56:38.499996,4.209
2026-05-01T21:55:39.441962,52.08,0.0498,54.98,0.0589,1000.0,0.0,4.199,90.9,99,0,60.0,2026-05-01T21:56:39.441791,4.209
2026-05-01T21:55:39.504418,52.08,0.0498,54.98,0.0582,1000.0,0.0,4.199,90.9,99,0,60.0,2026-05-01T21:56:39.504226,4.209
2026-05-01T21:55:39.573793,52.08,0.0498,54.99,0.0582,1000.0,0.0,4.199,90.9,99,0,60.0,2026-05-01T21:56:39.573561,4.209
2026-05-01T21:55:40.497456,52.1,0.0481,55.02,0.058,1000.0,0.0,4.199,90.9,99,0,60.0,2026-05-01T21:56:40.497171,4.209
2026-05-01T21:55:40.577301,52.1,0.0522,55.01,0.059,1000.0,0.0,4.199,90.9,99,0,60.0,2026-05-01T21:56:40.558812,4.209
2026-05-01T21:55:40.727249,52.1,0.0522,55.02,0.0596,1000.0,0.0,4.199,90.9,99,0,60.0,2026-05-01T21:56:40.727052,4.209
2026-05-01T21:55:41.555403,52.14,0.0522,55.04,0.0602,1000.0,0.0,4.199,90.9,99,0,60.0,2026-05-01T21:56:41.555228,4.209
2026-05-01T21:55:41.611286,52.14,0.0522,55.04,0.0604,1000.0,0.0,4.199,90.9,99,0,60.0,2026-05-01T21:56:41.611099,4.209
2026-05-01T21:55:41.667693,52.14,0.0522,55.04,0.0605,1000.0,0.0,4.199,90.9,99,0,60.0,2026-05-01T21:56:41.667516,4.209
2026-05-01T21:55:43.084654,52.19,0.0549,55.09,0.0611,1000.0,0.0,4.199,90.9,99,0,60.0,2026-05-01T21:56:43.083372,4.209
2026-05-01T21:55:43.192751,52.19,0.0549,55.1,0.0623,1000.0,0.0,4.199,90.9,99,0,60.0,2026-05-01T21:56:43.192496,4.209
2026-05-01T21:55:43.622553,52.19,0.0549,55.11,0.0629,1000.0,0.0,4.199,90.9,99,0,60.0,2026-05-01T21:56:43.622366,4.209
2026-05-01T21:55:43.679965,52.22,0.0549,55.11,0.0629,1000.0,0.0,4.199,90.9,99,0,60.0,2026-05-01T21:56:43.679805,4.209
2026-05-01T21:55:43.734191,52.22,0.0549,55.12,0.0631,1000.0,0.0,4.199,90.9,99,0,60.0,2026-05-01T21:56:43.734029,4.209
2026-05-01T21:55:44.688211,52.27,0.0549,55.16,0.0633,1000.0,0.0,4.199,90.8,99,0,60.0,2026-05-01T21:56:44.687957,4.209
2026-05-01T21:55:44.776808,52.27,0.0472,55.16,0.0591,1000.0,0.0,4.199,90.8,99,0,60.0,2026-05-01T21:56:44.776446,4.209
2026-05-01T21:55:44.921174,52.27,0.0472,55.17,0.0578,1000.0,0.0,4.199,90.8,99,0,60.0,2026-05-01T21:56:44.920588,4.209
2026-05-01T21:55:45.733555,52.32,0.0439,55.21,0.0561,1000.0,0.0,4.199,90.8,99,0,60.0,2026-05-01T21:56:45.733374,4.209
2026-05-01T21:55:45.787448,52.32,0.0504,55.21,0.0568,1000.0,0.0,4.199,90.8,99,0,60.0,2026-05-01T21:56:45.787288,4.209
2026-05-01T21:55:45.841951,52.32,0.0504,55.22,0.0576,1000.0,0.0,4.199,90.8,99,0,60.0,2026-05-01T21:56:45.841785,4.209
2026-05-01T21:55:46.783527,52.36,0.0504,55.26,0.0584,1000.0,0.0,4.199,90.8,99,0,60.0,2026-05-01T21:56:46.783345,4.209
2026-05-01T21:55:46.842746,52.36,0.0523,55.26,0.0594,1000.0,0.0,4.199,90.8,99,0,60.0,2026-05-01T21:56:46.842569,4.209
2026-05-01T21:55:46.905784,52.36,0.0523,55.26,0.0599,1000.0,0.0,4.199,90.8,99,0,60.0,2026-05-01T21:56:46.905613,4.209
2026-05-01T21:55:47.877471,52.4,0.0643,55.3,0.0618,1000.0,0.0,4.199,90.8,99,0,60.0,2026-05-01T21:56:47.877217,4.209
2026-05-01T21:55:47.969365,52.4,0.0643,55.3,0.0665,1000.0,0.0,4.199,90.8,99,0,60.0,2026-05-01T21:56:47.969089,4.209
2026-05-01T21:55:48.857200,52.4,0.0643,55.34,0.0695,1000.0,0.0,4.199,90.8,99,0,60.0,2026-05-01T21:56:48.856989,4.209
2026-05-01T21:55:48.919840,52.44,0.0643,55.34,0.0705,1000.0,0.0,4.199,90.8,99,0,60.0,2026-05-01T21:56:48.919680,4.209
2026-05-01T21:55:48.994892,52.44,0.0643,55.34,0.0714,1000.0,0.0,4.199,90.8,99,0,60.0,2026-05-01T21:56:48.994563,4.209
2026-05-01T21:55:49.920625,52.48,0.0643,55.38,0.0723,1000.0,0.0,4.199,90.8,99,0,60.0,2026-05-01T21:56:49.920436,4.209
2026-05-01T21:55:49.985079,52.48,0.054,55.38,0.0674,1000.0,0.0,4.199,90.8,99,0,60.0,2026-05-01T21:56:49.984878,4.209
2026-05-01T21:55:50.050073,52.48,0.054,55.39,0.0656,1000.0,0.0,4.199,90.8,99,0,60.0,2026-05-01T21:56:50.049877,4.209
2026-05-01T21:55:50.976491,52.52,0.0523,55.42,0.0637,1000.0,0.0,4.199,90.8,99,0,60.0,2026-05-01T21:56:50.976283,4.209
2026-05-01T21:55:51.042321,52.52,0.054,55.42,0.063,1000.0,0.0,4.199,90.8,99,0,60.0,2026-05-01T21:56:51.042116,4.209
2026-05-01T21:55:51.122781,52.52,0.054,55.43,0.0628,1000.0,0.0,4.199,90.8,99,0,60.0,2026-05-01T21:56:51.122547,4.209
2026-05-01T21:55:52.031444,52.58,0.0523,55.47,0.0625,1000.0,0.0,4.199,90.7,99,0,60.0,2026-05-01T21:56:52.031166,4.209
2026-05-01T21:55:52.102923,52.58,0.0567,55.48,0.0637,1000.0,0.0,4.199,90.7,99,0,60.0,2026-05-01T21:56:52.102693,4.209
2026-05-01T21:55:52.168514,52.58,0.0567,55.48,0.0643,1000.0,0.0,4.199,90.7,99,0,60.0,2026-05-01T21:56:52.168326,4.209
2026-05-01T21:55:53.102898,52.63,0.0576,55.52,0.064,1000.0,0.0,4.199,90.7,99,0,60.0,2026-05-01T21:56:53.102661,4.209
2026-05-01T21:55:53.191802,52.63,0.0576,55.53,0.0649,1000.0,0.0,4.199,90.7,99,0,60.0,2026-05-01T21:56:53.191523,4.209
2026-05-01T21:55:54.107496,52.63,0.0576,55.56,0.0656,1000.0,0.0,4.199,90.7,99,0,60.0,2026-05-01T21:56:54.107223,4.209
2026-05-01T21:55:54.174619,52.67,0.0576,55.57,0.0658,1000.0,0.0,4.199,90.7,99,0,60.0,2026-05-01T21:56:54.174431,4.209
2026-05-01T21:55:54.239660,52.67,0.0576,55.57,0.066,1000.0,0.0,4.199,90.7,99,0,60.0,2026-05-01T21:56:54.239484,4.209
2026-05-01T21:55:55.156628,52.72,0.0576,55.61,0.0662,1000.0,0.0,4.199,90.7,99,0,60.0,2026-05-01T21:56:55.156451,4.209
2026-05-01T21:55:55.212682,52.72,0.0607,55.61,0.0669,1000.0,0.0,4.199,90.7,99,0,60.0,2026-05-01T21:56:55.212350,4.209
2026-05-01T21:55:55.268999,52.72,0.0607,55.62,0.0678,1000.0,0.0,4.199,90.7,99,0,60.0,2026-05-01T21:56:55.268823,4.209
2026-05-01T21:55:56.212368,52.77,0.0607,55.66,0.0687,1000.0,0.0,4.199,90.7,99,0,60.0,2026-05-01T21:56:56.212054,4.209
2026-05-01T21:55:56.272711,52.77,0.0616,55.66,0.0694,1000.0,0.0,4.199,90.7,99,0,60.0,2026-05-01T21:56:56.272568,4.209
2026-05-01T21:55:56.339291,52.77,0.0616,55.67,0.0697,1000.0,0.0,4.199,90.7,99,0,60.0,2026-05-01T21:56:56.339123,4.209
2026-05-01T21:55:57.269481,52.82,0.0616,55.71,0.07,1000.0,0.0,4.199,90.7,99,0,60.0,2026-05-01T21:56:57.269288,4.209
2026-05-01T21:55:57.324971,52.82,0.0616,55.72,0.0702,1000.0,0.0,4.199,90.7,99,0,60.0,2026-05-01T21:56:57.324765,4.209
2026-05-01T21:55:57.382159,52.82,0.0616,55.72,0.0702,1000.0,0.0,4.199,90.7,99,0,60.0,2026-05-01T21:56:57.381891,4.209
2026-05-01T21:55:58.329733,52.86,0.0607,55.76,0.0686,1000.0,0.0,4.199,90.6,99,0,60.0,2026-05-01T21:56:58.329525,4.209
2026-05-01T21:55:58.403332,52.86,0.0607,55.76,0.069,1000.0,0.0,4.199,90.6,99,0,60.0,2026-05-01T21:56:58.402955,4.209
2026-05-01T21:55:59.342702,52.86,0.0607,55.79,0.0693,1000.0,0.0,4.199,90.6,98,0,60.0,2026-05-01T21:56:59.342486,4.209
2026-05-01T21:55:59.400802,52.88,0.0607,55.79,0.0687,1000.0,0.0,4.199,90.6,98,0,60.0,2026-05-01T21:56:59.400618,4.209
2026-05-01T21:55:59.456326,52.88,0.0607,55.79,0.069,1000.0,0.0,4.199,90.6,98,0,60.0,2026-05-01T21:56:59.456163,4.209
2026-05-01T21:56:00.399544,52.93,0.0607,55.81,0.0693,1000.0,0.0,4.199,90.6,98,0,60.0,2026-05-01T21:57:00.399348,4.209
2026-05-01T21:56:00.456320,52.93,0.0607,55.82,0.0688,1000.0,0.0,4.199,90.6,98,0,60.0,2026-05-01T21:57:00.456175,4.209
2026-05-01T21:56:00.515647,52.93,0.0607,55.82,0.069,1000.0,0.0,4.199,90.6,98,0,60.0,2026-05-01T21:57:00.515343,4.209
2026-05-01T21:56:01.478205,52.98,0.0576,55.86,0.0688,1000.0,0.0,4.199,90.6,98,0,60.0,2026-05-01T21:57:01.470178,4.209
2026-05-01T21:56:01.669637,52.98,0.0607,55.87,0.0691,1000.0,0.0,4.199,90.6,98,0,60.0,2026-05-01T21:57:01.667237,4.209
2026-05-01T21:56:01.792790,52.98,0.0607,55.88,0.0692,1000.0,0.0,4.199,90.6,98,0,60.0,2026-05-01T21:57:01.792425,4.209
2026-05-01T21:56:02.514226,53.04,0.0599,55.92,0.0692,1000.0,0.0,4.199,90.6,98,0,60.0,2026-05-01T21:57:02.513943,4.209
2026-05-01T21:56:02.599920,53.04,0.0616,55.93,0.0697,1000.0,0.0,4.199,90.6,98,0,60.0,2026-05-01T21:57:02.588774,4.209
2026-05-01T21:56:02.774181,53.04,0.0616,55.94,0.07,1000.0,0.0,4.199,90.6,99,0,60.0,2026-05-01T21:57:02.773912,4.209
2026-05-01T21:56:03.585261,53.08,0.0616,55.97,0.0697,1000.0,0.0,4.199,90.6,99,0,60.0,2026-05-01T21:57:03.584972,4.21
2026-05-01T21:56:03.749576,53.08,0.0616,55.97,0.07,1000.0,0.0,4.199,90.6,99,0,60.0,2026-05-01T21:57:03.749128,4.21
2026-05-01T21:56:04.663697,53.08,0.0616,56.0,0.0703,1000.0,0.0,4.199,90.6,99,0,60.0,2026-05-01T21:57:04.639367,4.21
2026-05-01T21:56:04.753315,53.13,0.0574,56.01,0.0684,1000.0,0.0,4.199,90.6,98,0,60.0,2026-05-01T21:57:04.753075,4.21
2026-05-01T21:56:04.840110,53.13,0.0574,56.02,0.0675,1000.0,0.0,4.199,90.6,98,0,60.0,2026-05-01T21:57:04.839811,4.21
2026-05-01T21:56:05.638562,53.19,0.0574,56.05,0.0669,1000.0,0.0,4.199,90.5,98,0,60.0,2026-05-01T21:57:05.638393,4.21
2026-05-01T21:56:05.693501,53.19,0.0574,56.07,0.0664,1000.0,0.0,4.199,90.5,98,0,60.0,2026-05-01T21:57:05.693357,4.21
2026-05-01T21:56:05.748297,53.19,0.0574,56.07,0.0663,1000.0,0.0,4.199,90.5,98,0,60.0,2026-05-01T21:57:05.748101,4.21
2026-05-01T21:56:06.685456,53.24,0.0567,56.12,0.0662,1000.0,0.0,4.199,90.5,99,0,60.0,2026-05-01T21:57:06.685245,4.21
2026-05-01T21:56:06.739244,53.24,0.0616,56.12,0.0678,1000.0,0.0,4.199,90.5,99,0,60.0,2026-05-01T21:57:06.739118,4.21
2026-05-01T21:56:06.793758,53.24,0.0616,56.13,0.0687,1000.0,0.0,4.199,90.5,99,0,60.0,2026-05-01T21:57:06.793582,4.21
2026-05-01T21:56:07.756729,53.29,0.0523,56.17,0.0685,1000.0,0.0,4.199,90.5,99,0,60.0,2026-05-01T21:57:07.756519,4.21
2026-05-01T21:56:07.878132,53.29,0.0589,56.18,0.0682,1000.0,0.0,4.199,90.5,99,0,60.0,2026-05-01T21:57:07.877619,4.21
2026-05-01T21:56:08.068179,53.29,0.0589,56.19,0.068,1000.0,0.0,4.199,90.5,99,0,60.0,2026-05-01T21:57:08.067816,4.21
2026-05-01T21:56:08.859657,53.35,0.0523,56.23,0.0655,1000.0,0.0,4.199,90.5,99,0,60.0,2026-05-01T21:57:08.859270,4.21
2026-05-01T21:56:09.003127,53.35,0.0523,56.24,0.0636,1000.0,0.0,4.199,90.5,99,0,60.0,2026-05-01T21:57:09.002560,4.21
2026-05-01T21:56:09.825444,53.35,0.0523,56.27,0.0625,1000.0,0.0,4.199,90.5,99,0,60.0,2026-05-01T21:57:09.825248,4.21
2026-05-01T21:56:09.884382,53.4,0.0565,56.28,0.062,1000.0,0.0,4.199,90.5,99,0,60.0,2026-05-01T21:57:09.884208,4.21
2026-05-01T21:56:09.941051,53.4,0.0565,56.29,0.0633,1000.0,0.0,4.199,90.5,99,0,60.0,2026-05-01T21:57:09.940867,4.21
2026-05-01T21:56:10.893173,53.45,0.0565,56.33,0.0644,1000.0,0.0,4.199,90.4,98,0,60.0,2026-05-01T21:57:10.892823,4.21
2026-05-01T21:56:11.008117,53.45,0.0589,56.34,0.0649,1000.0,0.0,4.199,90.4,98,0,60.0,2026-05-01T21:57:11.007814,4.21
2026-05-01T21:56:11.215875,53.45,0.0589,56.35,0.0661,1000.0,0.0,4.199,90.4,98,0,60.0,2026-05-01T21:57:11.215547,4.21
2026-05-01T21:56:11.939935,53.51,0.0589,56.38,0.0671,1000.0,0.0,4.199,90.4,98,0,60.0,2026-05-01T21:57:11.939753,4.21
2026-05-01T21:56:12.015215,53.51,0.0624,56.39,0.0686,1000.0,0.0,4.199,90.4,98,0,60.0,2026-05-01T21:57:12.014970,4.21
2026-05-01T21:56:12.084573,53.51,0.0624,56.4,0.0697,1000.0,0.0,4.199,90.4,98,0,60.0,2026-05-01T21:57:12.084393,4.21
2026-05-01T21:56:13.027408,53.56,0.0683,56.44,0.071,1000.0,0.0,4.199,90.4,98,0,60.0,2026-05-01T21:57:13.026369,4.21
2026-05-01T21:56:13.126221,53.56,0.0683,56.45,0.0738,1000.0,0.0,4.199,90.4,98,0,60.0,2026-05-01T21:57:13.125980,4.21
2026-05-01T21:56:13.221275,53.56,0.0683,56.45,0.0751,1000.0,0.0,4.199,90.4,98,0,60.0,2026-05-01T21:57:13.220956,4.21
2026-05-01T21:56:14.059210,53.61,0.0667,56.49,0.075,1000.0,0.0,4.199,90.4,98,0,60.0,2026-05-01T21:57:14.058986,4.21
2026-05-01T21:56:14.126506,53.61,0.0667,56.49,0.0753,1000.0,0.0,4.199,90.4,98,0,60.0,2026-05-01T21:57:14.126314,4.21
2026-05-01T21:56:15.066837,53.61,0.0667,56.53,0.0755,1000.0,0.0,4.199,90.4,98,0,60.0,2026-05-01T21:57:15.066620,4.21
2026-05-01T21:56:15.133776,53.66,0.0667,56.54,0.0752,1000.0,0.0,4.199,90.4,98,0,60.0,2026-05-01T21:57:15.133573,4.21
2026-05-01T21:56:15.199739,53.66,0.0667,56.55,0.0753,1000.0,0.0,4.199,90.4,98,0,60.0,2026-05-01T21:57:15.199549,4.21
2026-05-01T21:56:16.123014,53.72,0.0667,56.59,0.0755,1000.0,0.0,4.199,90.4,98,0,60.0,2026-05-01T21:57:16.122847,4.21
2026-05-01T21:56:16.179935,53.72,0.0625,56.6,0.0732,1000.0,0.0,4.199,90.4,98,0,60.0,2026-05-01T21:57:16.179716,4.21
2026-05-01T21:56:16.236206,53.72,0.0625,56.6,0.0726,1000.0,0.0,4.199,90.4,98,0,60.0,2026-05-01T21:57:16.236039,4.21
2026-05-01T21:56:17.178768,53.76,0.0599,56.64,0.0716,1000.0,0.0,4.199,90.3,98,0,60.0,2026-05-01T21:57:17.178551,4.21
2026-05-01T21:56:17.236449,53.76,0.0657,56.65,0.0725,1000.0,0.0,4.199,90.3,98,0,60.0,2026-05-01T21:57:17.236285,4.21
2026-05-01T21:56:17.293132,53.76,0.0657,56.65,0.0732,1000.0,0.0,4.199,90.3,98,0,60.0,2026-05-01T21:57:17.292963,4.21
2026-05-01T21:56:18.234519,53.8,0.0657,56.69,0.0742,1000.0,0.0,4.199,90.3,98,0,60.0,2026-05-01T21:57:18.234330,4.21
2026-05-01T21:56:18.291320,53.8,0.0683,56.69,0.0755,1000.0,0.0,4.199,90.3,98,0,60.0,2026-05-01T21:57:18.291131,4.21
2026-05-01T21:56:18.349052,53.8,0.0683,56.69,0.0762,1000.0,0.0,4.199,90.3,98,0,60.0,2026-05-01T21:57:18.348864,4.21
2026-05-01T21:56:19.325838,53.86,0.0683,56.74,0.0766,1000.0,0.0,4.199,90.3,98,0,60.0,2026-05-01T21:57:19.325547,4.21
2026-05-01T21:56:19.533277,53.86,0.0683,56.75,0.0769,1000.0,0.0,4.199,90.3,98,0,60.0,2026-05-01T21:57:19.529062,4.21
2026-05-01T21:56:20.304734,53.86,0.0683,56.78,0.0772,1000.0,0.0,4.199,90.3,98,0,60.0,2026-05-01T21:57:20.304573,4.21
2026-05-01T21:56:20.377793,53.91,0.0683,56.79,0.0766,1000.0,0.0,4.199,90.3,98,0,60.0,2026-05-01T21:57:20.377603,4.21
2026-05-01T21:56:20.521314,53.91,0.0683,56.8,0.0769,1000.0,0.0,4.199,90.3,98,0,60.0,2026-05-01T21:57:20.520852,4.21
2026-05-01T21:56:21.361604,53.97,0.0683,56.84,0.0772,1000.0,0.0,4.199,90.3,98,0,60.0,2026-05-01T21:57:21.361402,4.21
2026-05-01T21:56:21.454347,53.97,0.07,56.84,0.0776,1000.0,0.0,4.199,90.3,98,0,60.0,2026-05-01T21:57:21.454099,4.21
2026-05-01T21:56:21.566267,53.97,0.07,56.85,0.0782,1000.0,0.0,4.199,90.3,98,0,60.0,2026-05-01T21:57:21.565992,4.21
2026-05-01T21:56:22.419138,54.04,0.0635,56.89,0.0777,1000.0,0.0,4.199,90.2,98,0,60.0,2026-05-01T21:57:22.418950,4.21
2026-05-01T21:56:22.476044,54.04,0.0692,56.91,0.0774,1000.0,0.0,4.199,90.2,98,0,60.0,2026-05-01T21:57:22.475881,4.21
2026-05-01T21:56:22.534526,54.04,0.0692,56.91,0.0777,1000.0,0.0,4.199,90.2,98,0,60.0,2026-05-01T21:57:22.534155,4.21
2026-05-01T21:56:23.473303,54.1,0.0692,56.96,0.0774,1000.0,0.0,4.199,90.2,98,0,60.0,2026-05-01T21:57:23.473123,4.21
2026-05-01T21:56:23.534508,54.1,0.0693,56.97,0.0778,1000.0,0.0,4.199,90.2,98,0,60.0,2026-05-01T21:57:23.534292,4.21
2026-05-01T21:56:23.599618,54.1,0.0693,56.97,0.078,1000.0,0.0,4.199,90.2,98,0,60.0,2026-05-01T21:57:23.599413,4.21
2026-05-01T21:56:24.708682,54.17,0.0693,57.03,0.078,1000.0,0.0,4.199,90.2,98,0,60.0,2026-05-01T21:57:24.690637,4.21
2026-05-01T21:56:25.067597,54.17,0.0693,57.05,0.0782,1000.0,0.0,4.199,90.2,98,0,60.0,2026-05-01T21:57:25.059604,4.21
2026-05-01T21:56:25.545442,54.17,0.0693,57.07,0.0784,1000.0,0.0,4.199,90.2,98,0,60.0,2026-05-01T21:57:25.545169,4.21
2026-05-01T21:56:25.604020,54.24,0.0711,57.09,0.0782,1000.0,0.0,4.199,90.2,98,0,60.0,2026-05-01T21:57:25.603844,4.21
2026-05-01T21:56:25.660439,54.24,0.0711,57.11,0.0789,1000.0,0.0,4.199,90.2,98,0,60.0,2026-05-01T21:57:25.660276,4.21
2026-05-01T21:56:26.664674,54.29,0.0711,57.15,0.0797,1000.0,0.0,4.199,90.2,98,0,60.0,2026-05-01T21:57:26.664403,4.21
2026-05-01T21:56:26.730550,54.29,0.0717,57.16,0.0802,1000.0,0.0,4.199,90.2,98,0,60.0,2026-05-01T21:57:26.730332,4.21
2026-05-01T21:56:26.807749,54.29,0.0717,57.17,0.0804,1000.0,0.0,4.199,90.2,98,0,60.0,2026-05-01T21:57:26.807524,4.21
2026-05-01T21:56:27.663072,54.34,0.0598,57.21,0.0789,1000.0,0.0,4.199,90.1,98,0,60.0,2026-05-01T21:57:27.662825,4.21
2026-05-01T21:56:27.738531,54.34,0.0709,57.22,0.0784,1000.0,0.0,4.199,90.1,98,0,60.0,2026-05-01T21:57:27.738286,4.21
2026-05-01T21:56:27.827571,54.34,0.0709,57.22,0.079,1000.0,0.0,4.199,90.1,98,0,60.0,2026-05-01T21:57:27.827213,4.21
2026-05-01T21:56:28.704700,54.4,0.0709,57.27,0.0782,1000.0,0.0,4.199,90.1,98,0,60.0,2026-05-01T21:57:28.704537,4.21
2026-05-01T21:56:28.757708,54.4,0.0709,57.28,0.079,1000.0,0.0,4.199,90.1,98,0,60.0,2026-05-01T21:57:28.757545,4.21
2026-05-01T21:56:28.820676,54.4,0.0709,57.28,0.0794,1000.0,0.0,4.199,90.1,98,0,60.0,2026-05-01T21:57:28.820496,4.21
2026-05-01T21:56:29.769616,54.46,0.0684,57.33,0.0781,1000.0,0.0,4.199,90.1,98,0,60.0,2026-05-01T21:57:29.769420,4.21
2026-05-01T21:56:29.835009,54.46,0.0684,57.33,0.0779,1000.0,0.0,4.199,90.1,98,0,60.0,2026-05-01T21:57:29.834816,4.21
2026-05-01T21:56:30.805762,54.46,0.0684,57.37,0.0779,1000.0,0.0,4.199,90.1,98,0,60.0,2026-05-01T21:57:30.805198,4.21
2026-05-01T21:56:30.897600,54.53,0.0607,57.39,0.0744,1000.0,0.0,4.199,90.1,98,0,60.0,2026-05-01T21:57:30.897238,4.21
2026-05-01T21:56:30.994279,54.53,0.0607,57.4,0.0726,1000.0,0.0,4.199,90.1,98,0,60.0,2026-05-01T21:57:30.994039,4.21
2026-05-01T21:56:31.878291,54.57,0.0607,57.44,0.0713,1000.0,0.0,4.199,90.1,98,0,60.0,2026-05-01T21:57:31.877901,4.21
2026-05-01T21:56:32.019618,54.57,0.0607,57.45,0.07,1000.0,0.0,4.199,90.1,98,0,60.0,2026-05-01T21:57:32.019043,4.21
2026-05-01T21:56:32.278952,54.57,0.0607,57.46,0.07,1000.0,0.0,4.199,90.1,98,0,60.0,2026-05-01T21:57:32.278398,4.21
2026-05-01T21:56:32.919558,54.62,0.0576,57.48,0.0696,1000.0,0.0,4.199,90.1,98,0,60.0,2026-05-01T21:57:32.919169,4.21
2026-05-01T21:56:33.007085,54.62,0.0633,57.49,0.0709,1000.0,0.0,4.199,90.1,98,0,60.0,2026-05-01T21:57:33.006874,4.21
2026-05-01T21:56:33.090186,54.62,0.0633,57.5,0.0715,1000.0,0.0,4.199,90.1,98,0,60.0,2026-05-01T21:57:33.089983,4.21
2026-05-01T21:56:33.960803,54.67,0.058,57.54,0.0707,1000.0,0.0,4.199,90.0,98,0,60.0,2026-05-01T21:57:33.960626,4.21
2026-05-01T21:56:34.018284,54.67,0.0675,57.55,0.0733,1000.0,0.0,4.199,90.0,98,0,60.0,2026-05-01T21:57:34.018112,4.21
2026-05-01T21:56:34.084889,54.67,0.0675,57.55,0.0744,1000.0,0.0,4.199,90.0,98,0,60.0,2026-05-01T21:57:34.084674,4.21
2026-05-01T21:56:35.242620,54.71,0.0717,57.59,0.0753,1000.0,0.0,4.199,90.0,98,0,60.0,2026-05-01T21:57:35.242426,4.21
2026-05-01T21:56:35.340880,54.71,0.0717,57.6,0.078,1000.0,0.0,4.199,90.0,98,0,60.0,2026-05-01T21:57:35.340571,4.21
2026-05-01T21:56:36.033818,54.71,0.0717,57.62,0.0794,1000.0,0.0,4.199,90.0,98,0,60.0,2026-05-01T21:57:36.033560,4.21
2026-05-01T21:56:36.091068,54.76,0.0666,57.63,0.0778,1000.0,0.0,4.199,90.0,98,0,60.0,2026-05-01T21:57:36.090872,4.21
2026-05-01T21:56:36.147807,54.76,0.0666,57.64,0.0771,1000.0,0.0,4.199,90.0,98,0,60.0,2026-05-01T21:57:36.147528,4.21
2026-05-01T21:56:37.089642,54.8,0.0666,57.68,0.0766,1000.0,0.0,4.199,90.0,98,0,60.0,2026-05-01T21:57:37.089467,4.21
2026-05-01T21:56:37.151939,54.8,0.0582,57.68,0.072,1000.0,0.0,4.199,90.0,98,0,60.0,2026-05-01T21:57:37.151723,4.21
2026-05-01T21:56:37.218786,54.8,0.0582,57.68,0.0703,1000.0,0.0,4.199,90.0,98,0,60.0,2026-05-01T21:57:37.218597,4.21
2026-05-01T21:56:38.143855,54.85,0.0576,57.72,0.0687,1000.0,0.0,4.199,90.0,98,0,60.0,2026-05-01T21:57:38.143673,4.21
2026-05-01T21:56:38.209001,54.85,0.0709,57.73,0.0729,1000.0,0.0,4.199,90.0,98,0,60.0,2026-05-01T21:57:38.208807,4.21
2026-05-01T21:56:38.265741,54.85,0.0709,57.73,0.0754,1000.0,0.0,4.199,90.0,98,0,60.0,2026-05-01T21:57:38.265498,4.21
2026-05-01T21:56:39.199107,54.89,0.0709,57.77,0.0764,1000.0,0.0,4.199,90.0,98,0,60.0,2026-05-01T21:57:39.198884,4.21
2026-05-01T21:56:39.255763,54.89,0.0709,57.77,0.078,1000.0,0.0,4.199,90.0,98,0,60.0,2026-05-01T21:57:39.255604,4.21
2026-05-01T21:56:39.318427,54.89,0.0709,57.78,0.0788,1000.0,0.0,4.199,90.0,98,0,60.0,2026-05-01T21:57:39.318232,4.21
2026-05-01T21:56:40.270582,54.94,0.0675,57.81,0.078,1000.0,0.0,4.199,89.9,98,0,60.0,2026-05-01T21:57:40.270369,4.21
2026-05-01T21:56:40.350861,54.94,0.0675,57.82,0.0775,1000.0,0.0,4.199,89.9,98,0,60.0,2026-05-01T21:57:40.350629,4.21
2026-05-01T21:56:41.271369,54.94,0.0675,57.85,0.0773,1000.0,0.0,4.199,89.9,98,0,60.0,2026-05-01T21:57:41.271172,4.21
2026-05-01T21:56:41.328606,54.99,0.0675,57.86,0.0768,1000.0,0.0,4.199,89.9,98,0,60.0,2026-05-01T21:57:41.328362,4.21
2026-05-01T21:56:41.386604,54.99,0.0675,57.87,0.0768,1000.0,0.0,4.199,89.9,98,0,60.0,2026-05-01T21:57:41.386377,4.21
2026-05-01T21:56:42.326719,55.03,0.0675,57.89,0.0769,1000.0,0.0,4.199,89.9,98,0,60.0,2026-05-01T21:57:42.326563,4.21
2026-05-01T21:56:42.387109,55.03,0.0692,57.9,0.0768,1000.0,0.0,4.199,89.9,98,0,60.0,2026-05-01T21:57:42.386942,4.21
2026-05-01T21:56:42.452918,55.03,0.0692,57.9,0.0776,1000.0,0.0,4.199,89.9,98,0,60.0,2026-05-01T21:57:42.452739,4.21
2026-05-01T21:56:43.388446,55.06,0.0648,57.93,0.0775,1000.0,0.0,4.199,89.9,98,0,60.0,2026-05-01T21:57:43.388263,4.21
2026-05-01T21:56:43.455810,55.06,0.0726,57.93,0.0796,1000.0,0.0,4.199,89.9,98,0,60.0,2026-05-01T21:57:43.455640,4.21
2026-05-01T21:56:43.522877,55.06,0.0726,57.93,0.0804,1000.0,0.0,4.199,89.9,98,0,60.0,2026-05-01T21:57:43.522667,4.21
2026-05-01T21:56:44.444825,55.1,0.0684,57.97,0.0802,1000.0,0.0,4.199,89.9,98,0,60.0,2026-05-01T21:57:44.444627,4.21
2026-05-01T21:56:44.515593,55.1,0.0709,57.97,0.0803,1000.0,0.0,4.199,89.9,98,0,60.0,2026-05-01T21:57:44.515274,4.21
2026-05-01T21:56:44.733684,55.1,0.0709,57.97,0.0803,1000.0,0.0,4.199,89.9,98,0,60.0,2026-05-01T21:57:44.724046,4.21
2026-05-01T21:56:45.495441,55.12,0.0709,58.0,0.08,1000.0,0.0,4.199,89.9,98,0,60.0,2026-05-01T21:57:45.495103,4.21
2026-05-01T21:56:45.550969,55.12,0.0709,58.0,0.0801,1000.0,0.0,4.199,89.9,98,0,60.0,2026-05-01T21:57:45.550786,4.21
2026-05-01T21:56:46.505791,55.12,0.0709,58.03,0.0803,1000.0,0.0,4.199,89.9,98,0,60.0,2026-05-01T21:57:46.505621,4.21
2026-05-01T21:56:46.595134,55.15,0.0684,58.03,0.0792,1000.0,0.0,4.199,89.9,98,0,60.0,2026-05-01T21:57:46.577582,4.21
2026-05-01T21:56:46.712817,55.15,0.0684,58.03,0.0786,1000.0,0.0,4.199,89.9,99,0,60.0,2026-05-01T21:57:46.712517,4.21
2026-05-01T21:56:47.569642,55.2,0.0684,58.06,0.0783,1000.0,0.0,4.199,89.9,99,0,60.0,2026-05-01T21:57:47.569441,4.21
2026-05-01T21:56:47.634320,55.2,0.0675,58.07,0.0768,1000.0,0.0,4.199,89.9,99,0,60.0,2026-05-01T21:57:47.634008,4.21
2026-05-01T21:56:47.717887,55.2,0.0675,58.07,0.0769,1000.0,0.0,4.199,89.9,99,0,60.0,2026-05-01T21:57:47.717637,4.21
2026-05-01T21:56:48.689533,55.24,0.0635,58.11,0.0763,1000.0,0.0,4.199,89.8,99,0,60.0,2026-05-01T21:57:48.689315,4.21
2026-05-01T21:56:48.765384,55.24,0.0684,58.11,0.0769,1000.0,0.0,4.199,89.8,99,0,60.0,2026-05-01T21:57:48.765147,4.21
2026-05-01T21:56:48.853523,55.24,0.0684,58.12,0.0773,1000.0,0.0,4.199,89.8,99,0,60.0,2026-05-01T21:57:48.853221,4.21
2026-05-01T21:56:49.670646,55.29,0.0742,58.15,0.0784,1000.0,0.0,4.199,89.8,99,0,60.0,2026-05-01T21:57:49.670489,4.21
2026-05-01T21:56:49.723276,55.29,0.0742,58.16,0.0807,1000.0,0.0,4.199,89.8,99,0,60.0,2026-05-01T21:57:49.723156,4.21
2026-05-01T21:56:49.776669,55.29,0.0742,58.16,0.0817,1000.0,0.0,4.199,89.8,99,0,60.0,2026-05-01T21:57:49.776491,4.21
2026-05-01T21:56:50.734677,55.33,0.0733,58.2,0.0827,1000.0,0.0,4.199,89.8,99,0,60.0,2026-05-01T21:57:50.734491,4.21
2026-05-01T21:56:50.798290,55.33,0.0733,58.2,0.0827,1000.0,0.0,4.199,89.8,99,0,60.0,2026-05-01T21:57:50.798071,4.21
2026-05-01T21:56:51.750289,55.33,0.0733,58.24,0.0829,1000.0,0.0,4.199,89.8,99,0,60.0,2026-05-01T21:57:51.750065,4.21
2026-05-01T21:56:51.839238,55.39,0.0724,58.25,0.0814,1000.0,0.0,4.199,89.8,99,0,60.0,2026-05-01T21:57:51.838975,4.21
2026-05-01T21:56:51.944746,55.39,0.0724,58.26,0.0816,1000.0,0.0,4.199,89.8,99,0,60.0,2026-05-01T21:57:51.944454,4.21
2026-05-01T21:56:52.800812,55.43,0.0724,58.29,0.0819,1000.0,0.0,4.199,89.8,99,0,60.0,2026-05-01T21:57:52.800626,4.21
2026-05-01T21:56:52.863868,55.43,0.0759,58.29,0.0825,1000.0,0.0,4.199,89.8,99,0,60.0,2026-05-01T21:57:52.863644,4.21
2026-05-01T21:56:52.935499,55.43,0.0759,58.3,0.0836,1000.0,0.0,4.199,89.8,99,0,60.0,2026-05-01T21:57:52.935060,4.21
2026-05-01T21:56:53.870509,55.49,0.0724,58.34,0.0841,1000.0,0.0,4.199,89.8,99,0,60.0,2026-05-01T21:57:53.870336,4.21
2026-05-01T21:56:53.926738,55.49,0.0742,58.35,0.0833,1000.0,0.0,4.199,89.8,99,0,60.0,2026-05-01T21:57:53.926581,4.21
2026-05-01T21:56:53.986684,55.49,0.0742,58.35,0.0834,1000.0,0.0,4.199,89.8,99,0,60.0,2026-05-01T21:57:53.986472,4.21
2026-05-01T21:56:54.930936,55.54,0.0667,58.4,0.0816,1000.0,0.0,4.199,89.7,99,0,60.0,2026-05-01T21:57:54.930660,4.21
2026-05-01T21:56:54.993866,55.54,0.0693,58.4,0.0804,1000.0,0.0,4.199,89.7,99,0,60.0,2026-05-01T21:57:54.993694,4.21
2026-05-01T21:56:55.060174,55.54,0.0693,58.41,0.0799,1000.0,0.0,4.199,89.7,99,0,60.0,2026-05-01T21:57:55.059974,4.21
2026-05-01T21:56:55.979981,55.59,0.0759,58.45,0.0801,1000.0,0.0,4.199,89.7,99,0,60.0,2026-05-01T21:57:55.979684,4.21
2026-05-01T21:56:56.045303,55.59,0.0759,58.46,0.0824,1000.0,0.0,4.199,89.7,99,0,60.0,2026-05-01T21:57:56.045105,4.21
2026-05-01T21:56:57.003675,55.59,0.0759,58.49,0.0839,1000.0,0.0,4.199,89.7,98,0,60.0,2026-05-01T21:57:57.003240,4.21
2026-05-01T21:56:57.109473,55.65,0.0759,58.51,0.0841,1000.0,0.0,4.199,89.7,98,0,60.0,2026-05-01T21:57:57.109182,4.21
2026-05-01T21:56:57.236557,55.65,0.0759,58.52,0.0847,1000.0,0.0,4.199,89.7,98,0,60.0,2026-05-01T21:57:57.236268,4.21
2026-05-01T21:56:58.840568,55.69,0.0759,58.58,0.0853,1000.0,0.0,4.199,89.7,98,0,60.0,2026-05-01T21:57:58.840134,4.21
2026-05-01T21:56:59.212616,55.69,0.0793,58.58,0.0857,1000.0,0.0,4.199,89.7,98,0,60.0,2026-05-01T21:57:59.200407,4.21
2026-05-01T21:56:59.672326,55.69,0.0793,58.58,0.0875,1000.0,0.0,4.199,89.7,98,0,60.0,2026-05-01T21:57:59.671953,4.21
2026-05-01T21:56:59.826581,55.74,0.0711,58.59,0.0874,1000.0,0.0,4.199,89.7,98,0,60.0,2026-05-01T21:57:59.825849,4.21
2026-05-01T21:56:59.973807,55.74,0.0793,58.6,0.088,1000.0,0.0,4.199,89.7,98,0,60.0,2026-05-01T21:57:59.972956,4.21
2026-05-01T21:57:00.192191,55.74,0.0793,58.61,0.0884,1000.0,0.0,4.199,89.7,98,0,60.0,2026-05-01T21:58:00.191920,4.21
2026-05-01T21:57:00.407428,55.79,0.0734,58.63,0.0877,1000.0,0.0,4.199,89.7,98,0,60.0,2026-05-01T21:58:00.407073,4.21
2026-05-01T21:57:01.276433,55.79,0.0751,58.65,0.0865,1000.0,0.0,4.199,89.7,98,0,60.0,2026-05-01T21:58:01.211795,4.21
2026-05-01T21:57:01.934780,55.79,0.0751,58.69,0.0855,1000.0,0.0,4.199,89.7,98,0,60.0,2026-05-01T21:58:01.917607,4.21
2026-05-01T21:57:02.167892,55.84,0.0734,58.71,0.0846,1000.0,0.0,4.199,89.6,98,0,60.0,2026-05-01T21:58:02.167568,4.21
2026-05-01T21:57:02.313480,55.84,0.0734,58.72,0.084,1000.0,0.0,4.199,89.6,98,0,60.0,2026-05-01T21:58:02.313123,4.21
2026-05-01T21:57:02.485974,55.84,0.0734,58.72,0.0835,1000.0,0.0,4.199,89.6,98,0,60.0,2026-05-01T21:58:02.484991,4.21
2026-05-01T21:57:03.130984,55.9,0.0785,58.76,0.084,1000.0,0.0,4.199,89.6,98,0,60.0,2026-05-01T21:58:03.118780,4.21
2026-05-01T21:57:03.727890,55.9,0.0785,58.78,0.0863,1000.0,0.0,4.199,89.6,98,0,60.0,2026-05-01T21:58:03.727469,4.21
2026-05-01T21:57:03.951859,55.93,0.0785,58.79,0.0874,1000.0,0.0,4.199,89.6,98,0,60.0,2026-05-01T21:58:03.951528,4.21
2026-05-01T21:57:04.192422,55.93,0.0828,58.8,0.0884,1000.0,0.0,4.199,89.6,98,0,60.0,2026-05-01T21:58:04.192121,4.21
2026-05-01T21:57:04.376049,55.93,0.0828,58.8,0.0901,1000.0,0.0,4.199,89.6,98,0,60.0,2026-05-01T21:58:04.375741,4.21
2026-05-01T21:57:04.534847,55.99,0.0802,58.82,0.0908,1000.0,0.0,4.199,89.6,98,0,60.0,2026-05-01T21:58:04.534634,4.21
2026-05-01T21:57:04.823086,55.99,0.0733,58.84,0.0875,1000.0,0.0,4.199,89.6,98,0,60.0,2026-05-01T21:58:04.803101,4.21
2026-05-01T21:57:04.997027,55.99,0.0733,58.86,0.0856,1000.0,0.0,4.199,89.6,99,0,60.0,2026-05-01T21:58:04.996681,4.21
2026-05-01T21:57:05.399703,56.01,0.0683,58.88,0.0833,1000.0,0.0,4.199,89.6,99,0,60.0,2026-05-01T21:58:05.399542,4.21
2026-05-01T21:57:05.457110,56.01,0.0733,58.88,0.0832,1000.0,0.0,4.199,89.6,99,0,60.0,2026-05-01T21:58:05.456899,4.21
2026-05-01T21:57:05.518983,56.01,0.0733,58.88,0.0832,1000.0,0.0,4.199,89.6,99,0,60.0,2026-05-01T21:58:05.518783,4.21
2026-05-01T21:57:06.534158,56.06,0.0768,58.92,0.0837,1000.0,0.0,4.199,89.6,99,0,60.0,2026-05-01T21:58:06.533851,4.21
2026-05-01T21:57:06.749456,56.06,0.0768,58.93,0.085,1000.0,0.0,4.199,89.6,99,0,60.0,2026-05-01T21:58:06.735075,4.21
2026-05-01T21:57:07.469002,56.06,0.0768,58.95,0.0858,1000.0,0.0,4.199,89.6,98,0,60.0,2026-05-01T21:58:07.468814,4.21
2026-05-01T21:57:07.526909,56.08,0.081,58.95,0.0873,1000.0,0.0,4.199,89.6,98,0,60.0,2026-05-01T21:58:07.526733,4.21
2026-05-01T21:57:07.584922,56.08,0.081,58.95,0.0886,1000.0,0.0,4.199,89.6,98,0,60.0,2026-05-01T21:58:07.584717,4.21
2026-05-01T21:57:08.525920,56.13,0.081,58.98,0.0898,1000.0,0.0,4.199,89.5,98,0,60.0,2026-05-01T21:58:08.525775,4.21
2026-05-01T21:57:08.628816,56.13,0.0792,58.99,0.0886,1000.0,0.0,4.199,89.5,98,0,60.0,2026-05-01T21:58:08.617265,4.21
2026-05-01T21:57:08.736120,56.13,0.0792,58.99,0.0888,1000.0,0.0,4.199,89.5,98,0,60.0,2026-05-01T21:58:08.735925,4.21
2026-05-01T21:57:09.585284,56.17,0.0751,59.03,0.0883,1000.0,0.0,4.199,89.5,98,0,60.0,2026-05-01T21:58:09.585071,4.21
2026-05-01T21:57:09.650757,56.17,0.081,59.03,0.0893,1000.0,0.0,4.199,89.5,98,0,60.0,2026-05-01T21:58:09.650554,4.21
2026-05-01T21:57:09.716249,56.17,0.081,59.03,0.0898,1000.0,0.0,4.199,89.5,98,0,60.0,2026-05-01T21:58:09.716046,4.21
2026-05-01T21:57:10.753193,56.23,0.081,59.08,0.0902,1000.0,0.0,4.199,89.5,98,0,60.0,2026-05-01T21:58:10.752864,4.21
2026-05-01T21:57:10.909864,56.23,0.0828,59.09,0.0913,1000.0,0.0,4.199,89.5,98,0,60.0,2026-05-01T21:58:10.909608,4.21
2026-05-01T21:57:11.088840,56.23,0.0828,59.1,0.0919,1000.0,0.0,4.199,89.5,98,0,60.0,2026-05-01T21:58:11.088265,4.21
2026-05-01T21:57:11.816510,56.26,0.0861,59.13,0.0931,1000.0,0.0,4.199,89.5,98,0,60.0,2026-05-01T21:58:11.816023,4.21
2026-05-01T21:57:11.935010,56.26,0.0861,59.13,0.0944,1000.0,0.0,4.199,89.5,98,0,60.0,2026-05-01T21:58:11.934748,4.21
2026-05-01T21:57:12.861081,56.26,0.0861,59.16,0.0952,1000.0,0.0,4.199,89.5,98,0,60.0,2026-05-01T21:58:12.838648,4.21
2026-05-01T21:57:13.045918,56.3,0.0896,59.17,0.0963,1000.0,0.0,4.199,89.5,98,0,60.0,2026-05-01T21:58:13.045400,4.21
2026-05-01T21:57:13.141547,56.3,0.0896,59.17,0.0977,1000.0,0.0,4.199,89.5,98,0,60.0,2026-05-01T21:58:13.141193,4.21
2026-05-01T21:57:13.767886,56.35,0.0896,59.2,0.0986,1000.0,0.0,4.199,89.5,98,0,60.0,2026-05-01T21:58:13.767700,4.21
2026-05-01T21:57:13.822374,56.35,0.0852,59.2,0.0969,1000.0,0.0,4.199,89.5,98,0,60.0,2026-05-01T21:58:13.822234,4.21
2026-05-01T21:57:13.877304,56.35,0.0852,59.21,0.0963,1000.0,0.0,4.199,89.5,98,0,60.0,2026-05-01T21:58:13.877141,4.21
2026-05-01T21:57:14.816746,56.42,0.0852,59.25,0.0957,1000.0,0.0,4.199,89.4,99,0,60.0,2026-05-01T21:58:14.816552,4.21
2026-05-01T21:57:14.881420,56.42,0.0909,59.26,0.0976,1000.0,0.0,4.199,89.4,99,0,60.0,2026-05-01T21:58:14.881219,4.21
2026-05-01T21:57:14.944935,56.42,0.0909,59.27,0.0987,1000.0,0.0,4.199,89.4,99,0,60.0,2026-05-01T21:58:14.944610,4.21
2026-05-01T21:57:15.880304,56.47,0.0911,59.32,0.1001,1000.0,0.0,4.199,89.4,99,0,60.0,2026-05-01T21:58:15.880091,4.21
2026-05-01T21:57:15.936319,56.47,0.092,59.32,0.1009,1000.0,0.0,4.199,89.4,99,0,60.0,2026-05-01T21:58:15.936122,4.21
2026-05-01T21:57:15.997357,56.47,0.092,59.33,0.1013,1000.0,0.0,4.199,89.4,99,0,60.0,2026-05-01T21:58:15.997122,4.21
2026-05-01T21:57:17.094443,56.53,0.0861,59.38,0.1002,1000.0,0.0,4.199,89.4,98,0,60.0,2026-05-01T21:58:17.094101,4.21
2026-05-01T21:57:17.256930,56.53,0.0861,59.39,0.0984,1000.0,0.0,4.199,89.4,98,0,60.0,2026-05-01T21:58:17.256579,4.21
2026-05-01T21:57:17.951671,56.53,0.0861,59.42,0.0974,1000.0,0.0,4.199,89.4,98,0,60.0,2026-05-01T21:58:17.951484,4.21
2026-05-01T21:57:18.015071,56.59,0.0844,59.44,0.0934,1000.0,0.0,4.199,89.4,98,0,60.0,2026-05-01T21:58:18.014817,4.21
2026-05-01T21:57:18.083480,56.59,0.0844,59.44,0.0938,1000.0,0.0,4.199,89.4,98,0,60.0,2026-05-01T21:58:18.083268,4.21
2026-05-01T21:57:19.009600,56.66,0.0844,59.49,0.0942,1000.0,0.0,4.199,89.4,99,0,60.0,2026-05-01T21:58:19.009396,4.21
2026-05-01T21:57:19.074029,56.66,0.0877,59.51,0.0941,1000.0,0.0,4.199,89.4,99,0,60.0,2026-05-01T21:58:19.073843,4.21
2026-05-01T21:57:19.139412,56.66,0.0877,59.51,0.0954,1000.0,0.0,4.199,89.4,99,0,60.0,2026-05-01T21:58:19.139230,4.21
2026-05-01T21:57:20.062201,56.73,0.0877,59.56,0.0968,1000.0,0.0,4.199,89.3,99,0,60.0,2026-05-01T21:58:20.062029,4.21
2026-05-01T21:57:20.126978,56.73,0.0877,59.58,0.0966,1000.0,0.0,4.199,89.3,99,0,60.0,2026-05-01T21:58:20.126792,4.21
2026-05-01T21:57:20.193440,56.73,0.0877,59.59,0.097,1000.0,0.0,4.199,89.3,99,0,60.0,2026-05-01T21:58:20.193235,4.21
2026-05-01T21:57:21.123783,56.8,0.081,59.64,0.0957,1000.0,0.0,4.199,89.3,99,0,60.0,2026-05-01T21:58:21.123519,4.21
2026-05-01T21:57:21.190110,56.8,0.0837,59.65,0.0948,1000.0,0.0,4.199,89.3,99,0,60.0,2026-05-01T21:58:21.189933,4.21
2026-05-01T21:57:21.270425,56.8,0.0837,59.65,0.0944,1000.0,0.0,4.199,89.3,99,0,60.0,2026-05-01T21:58:21.270184,4.21
2026-05-01T21:57:22.253709,56.87,0.0852,59.71,0.0944,1000.0,0.0,4.199,89.3,99,0,60.0,2026-05-01T21:58:22.253216,4.21
2026-05-01T21:57:22.419344,56.87,0.0852,59.72,0.0948,1000.0,0.0,4.199,89.3,99,0,60.0,2026-05-01T21:58:22.418936,4.21
2026-05-01T21:57:23.194727,56.87,0.0852,59.75,0.0951,1000.0,0.0,4.199,89.3,99,0,60.0,2026-05-01T21:58:23.194521,4.21
2026-05-01T21:57:23.253025,56.93,0.0852,59.77,0.0951,1000.0,0.0,4.199,89.3,99,0,60.0,2026-05-01T21:58:23.252847,4.21
2026-05-01T21:57:23.316420,56.93,0.0852,59.78,0.0952,1000.0,0.0,4.199,89.3,99,0,60.0,2026-05-01T21:58:23.316221,4.21
2026-05-01T21:57:24.249705,56.98,0.0852,59.82,0.0953,1000.0,0.0,4.199,89.3,99,0,60.0,2026-05-01T21:58:24.249485,4.21
2026-05-01T21:57:24.306342,56.98,0.0837,59.83,0.0941,1000.0,0.0,4.199,89.3,99,0,60.0,2026-05-01T21:58:24.306184,4.21
2026-05-01T21:57:24.363017,56.98,0.0837,59.84,0.094,1000.0,0.0,4.199,89.3,99,0,60.0,2026-05-01T21:58:24.362681,4.21
2026-05-01T21:57:25.325924,57.03,0.0793,59.88,0.0933,1000.0,0.0,4.199,89.2,98,0,60.0,2026-05-01T21:58:25.325604,4.21
2026-05-01T21:57:25.482206,57.03,0.0886,59.89,0.0951,1000.0,0.0,4.199,89.2,98,0,60.0,2026-05-01T21:58:25.479519,4.21
2026-05-01T21:57:25.641787,57.03,0.0886,59.89,0.0966,1000.0,0.0,4.199,89.2,98,0,60.0,2026-05-01T21:58:25.641489,4.21
2026-05-01T21:57:26.357829,57.1,0.0877,59.94,0.0979,1000.0,0.0,4.199,89.2,98,0,60.0,2026-05-01T21:58:26.357667,4.21
2026-05-01T21:57:26.414677,57.1,0.0877,59.95,0.0979,1000.0,0.0,4.199,89.2,98,0,60.0,2026-05-01T21:58:26.414417,4.21
2026-05-01T21:57:26.471628,57.1,0.0877,59.96,0.0979,1000.0,0.0,4.199,89.2,98,0,60.0,2026-05-01T21:58:26.471472,4.21
2026-05-01T21:57:27.617288,57.14,0.0877,59.99,0.098,1000.0,0.0,4.199,89.2,98,0,60.0,2026-05-01T21:58:27.616677,4.21
2026-05-01T21:57:27.769231,57.14,0.0877,60.0,0.098,1000.0,0.0,4.199,89.2,98,0,60.0,2026-05-01T21:58:27.768973,4.21
2026-05-01T21:57:28.428351,57.14,0.0877,60.02,0.0981,1000.0,0.0,4.199,89.2,98,0,60.0,2026-05-01T21:58:28.428032,4.21
2026-05-01T21:57:28.485895,57.19,0.0928,60.03,0.0996,1000.0,0.0,4.199,89.2,98,0,60.0,2026-05-01T21:58:28.485725,4.21
2026-05-01T21:57:28.542562,57.19,0.0928,60.04,0.1008,1000.0,0.0,4.199,89.2,98,0,60.0,2026-05-01T21:58:28.542253,4.21
2026-05-01T21:57:29.486388,57.26,0.0928,60.08,0.102,1000.0,0.0,4.199,89.2,98,0,60.0,2026-05-01T21:58:29.486183,4.21
2026-05-01T21:57:29.552114,57.26,0.0861,60.09,0.0985,1000.0,0.0,4.199,89.2,98,0,60.0,2026-05-01T21:58:29.551893,4.21
2026-05-01T21:57:29.618807,57.26,0.0861,60.1,0.0977,1000.0,0.0,4.199,89.2,98,0,60.0,2026-05-01T21:58:29.618611,4.21
2026-05-01T21:57:30.545622,57.29,0.0828,60.14,0.0965,1000.0,0.0,4.199,89.2,98,0,60.0,2026-05-01T21:58:30.544421,4.21
2026-05-01T21:57:30.720180,57.29,0.0918,60.14,0.0986,1000.0,0.0,4.199,89.2,98,0,60.0,2026-05-01T21:58:30.719243,4.21
2026-05-01T21:57:30.815606,57.29,0.0918,60.14,0.1,1000.0,0.0,4.199,89.2,98,0,60.0,2026-05-01T21:58:30.812362,4.21
2026-05-01T21:57:31.679708,57.35,0.0844,60.18,0.1003,1000.0,0.0,4.199,89.2,98,0,60.0,2026-05-01T21:58:31.679297,4.21
2026-05-01T21:57:31.809206,57.35,0.0918,60.19,0.1011,1000.0,0.0,4.199,89.1,98,0,60.0,2026-05-01T21:58:31.808893,4.21
2026-05-01T21:57:31.938924,57.35,0.0918,60.2,0.1015,1000.0,0.0,4.199,89.1,98,0,60.0,2026-05-01T21:58:31.937275,4.21
2026-05-01T21:57:32.842031,57.38,0.0886,60.23,0.0997,1000.0,0.0,4.199,89.1,98,0,60.0,2026-05-01T21:58:32.834905,4.21
2026-05-01T21:57:33.075708,57.38,0.0886,60.24,0.0994,1000.0,0.0,4.199,89.1,98,0,60.0,2026-05-01T21:58:33.075333,4.21
2026-05-01T21:57:33.667730,57.38,0.0886,60.26,0.0993,1000.0,0.0,4.199,89.1,98,0,60.0,2026-05-01T21:58:33.667514,4.21
2026-05-01T21:57:33.723622,57.44,0.0886,60.27,0.0986,1000.0,0.0,4.199,89.1,98,0,60.0,2026-05-01T21:58:33.723447,4.21
2026-05-01T21:57:33.777220,57.44,0.0886,60.28,0.0987,1000.0,0.0,4.199,89.1,98,0,60.0,2026-05-01T21:58:33.777079,4.21
2026-05-01T21:57:34.721973,57.48,0.0886,60.32,0.0989,1000.0,0.0,4.199,89.1,98,0,60.0,2026-05-01T21:58:34.721802,4.21
2026-05-01T21:57:34.798871,57.48,0.0886,60.33,0.098,1000.0,0.0,4.199,89.1,98,0,60.0,2026-05-01T21:58:34.798594,4.21
2026-05-01T21:57:34.910416,57.48,0.0886,60.33,0.0983,1000.0,0.0,4.199,89.1,98,0,60.0,2026-05-01T21:58:34.910051,4.21
2026-05-01T21:57:35.785318,57.54,0.0886,60.37,0.0988,1000.0,0.0,4.199,89.1,98,0,60.0,2026-05-01T21:58:35.785130,4.21
2026-05-01T21:57:35.840455,57.54,0.0886,60.38,0.0981,1000.0,0.0,4.199,89.1,98,0,60.0,2026-05-01T21:58:35.840239,4.21
2026-05-01T21:57:35.897188,57.54,0.0886,60.39,0.0984,1000.0,0.0,4.199,89.1,98,0,60.0,2026-05-01T21:58:35.896940,4.21
2026-05-01T21:57:36.877379,57.59,0.0802,60.43,0.0964,1000.0,0.0,4.199,89.1,98,0,60.0,2026-05-01T21:58:36.876944,4.21
2026-05-01T21:57:37.267704,57.59,0.0837,60.44,0.0953,1000.0,0.0,4.199,89.1,98,0,60.0,2026-05-01T21:58:37.265471,4.21
2026-05-01T21:57:37.750148,57.59,0.0837,60.46,0.0946,1000.0,0.0,4.199,89.1,98,0,60.0,2026-05-01T21:58:37.749746,4.21
2026-05-01T21:57:37.931951,57.64,0.0911,60.48,0.0951,1000.0,0.0,4.199,89.0,98,0,60.0,2026-05-01T21:58:37.931618,4.21
2026-05-01T21:57:38.027128,57.64,0.0911,60.49,0.0976,1000.0,0.0,4.199,89.0,98,0,60.0,2026-05-01T21:58:38.026913,4.21
2026-05-01T21:57:38.912493,57.64,0.0911,60.52,0.0994,1000.0,0.0,4.199,89.0,98,0,60.0,2026-05-01T21:58:38.912288,4.21
2026-05-01T21:57:38.979895,57.68,0.0911,60.53,0.0998,1000.0,0.0,4.199,89.0,98,0,60.0,2026-05-01T21:58:38.979647,4.21
2026-05-01T21:57:39.051802,57.68,0.0911,60.53,0.1005,1000.0,0.0,4.199,89.0,98,0,60.0,2026-05-01T21:58:39.051558,4.21
2026-05-01T21:57:39.966366,57.74,0.0911,60.57,0.1011,1000.0,0.0,4.199,89.0,98,0,60.0,2026-05-01T21:58:39.966156,4.21
2026-05-01T21:57:40.034478,57.74,0.0869,60.58,0.0987,1000.0,0.0,4.199,89.0,98,0,60.0,2026-05-01T21:58:40.034273,4.21
2026-05-01T21:57:40.111079,57.74,0.0869,60.58,0.0982,1000.0,0.0,4.199,89.0,98,0,60.0,2026-05-01T21:58:40.110836,4.21
2026-05-01T21:57:41.026843,57.78,0.0818,60.62,0.097,1000.0,0.0,4.199,89.0,99,0,60.0,2026-05-01T21:58:41.026611,4.21
2026-05-01T21:57:41.094211,57.78,0.0896,60.63,0.0977,1000.0,0.0,4.199,89.0,99,0,60.0,2026-05-01T21:58:41.094039,4.21
2026-05-01T21:57:41.160088,57.78,0.0896,60.63,0.0985,1000.0,0.0,4.199,89.0,99,0,60.0,2026-05-01T21:58:41.159900,4.21
2026-05-01T21:57:42.084441,57.81,0.0896,60.66,0.0994,1000.0,0.0,4.199,89.0,99,0,60.0,2026-05-01T21:58:42.084245,4.21
2026-05-01T21:57:42.140901,57.81,0.092,60.66,0.1007,1000.0,0.0,4.199,89.0,99,0,60.0,2026-05-01T21:58:42.140716,4.21
2026-05-01T21:57:42.198523,57.81,0.092,60.66,0.1013,1000.0,0.0,4.199,89.0,99,0,60.0,2026-05-01T21:58:42.198273,4.21
2026-05-01T21:57:43.142931,57.87,0.0985,60.71,0.1026,1000.0,0.0,4.199,89.0,99,0,60.0,2026-05-01T21:58:43.142713,4.21
2026-05-01T21:57:43.208118,57.87,0.0985,60.71,0.1052,1000.0,0.0,4.199,89.0,99,0,60.0,2026-05-01T21:58:43.207926,4.21
2026-05-01T21:57:44.161212,57.87,0.0985,60.75,0.107,1000.0,0.0,4.199,89.0,99,0,60.0,2026-05-01T21:58:44.161024,4.21
2026-05-01T21:57:44.229980,57.9,0.0985,60.75,0.1072,1000.0,0.0,4.199,88.9,99,0,60.0,2026-05-01T21:58:44.229734,4.21
2026-05-01T21:57:44.305271,57.9,0.0985,60.75,0.108,1000.0,0.0,4.199,88.9,99,0,60.0,2026-05-01T21:58:44.305038,4.21
2026-05-01T21:57:45.211204,57.95,0.0985,60.79,0.1086,1000.0,0.0,4.199,88.9,98,0,60.0,2026-05-01T21:58:45.211027,4.21
2026-05-01T21:57:45.269676,57.95,0.0903,60.8,0.1047,1000.0,0.0,4.199,88.9,98,0,60.0,2026-05-01T21:58:45.269502,4.21
2026-05-01T21:57:45.327687,57.95,0.0903,60.8,0.1033,1000.0,0.0,4.199,88.9,98,0,60.0,2026-05-01T21:58:45.327517,4.21
2026-05-01T21:57:46.269446,57.99,0.0819,60.84,0.1007,1000.0,0.0,4.199,88.9,98,0,60.0,2026-05-01T21:58:46.269250,4.21
2026-05-01T21:57:46.337506,57.99,0.0962,60.84,0.1022,1000.0,0.0,4.199,88.9,98,0,60.0,2026-05-01T21:58:46.337309,4.21
2026-05-01T21:57:46.434121,57.99,0.0962,60.84,0.1038,1000.0,0.0,4.199,88.9,98,0,60.0,2026-05-01T21:58:46.433786,4.21
2026-05-01T21:57:47.323228,58.04,0.0962,60.88,0.1036,1000.0,0.0,4.199,88.9,98,0,60.0,2026-05-01T21:58:47.323060,4.21
2026-05-01T21:57:47.380378,58.04,0.0962,60.89,0.105,1000.0,0.0,4.199,88.9,98,0,60.0,2026-05-01T21:58:47.380169,4.21
2026-05-01T21:57:47.440060,58.04,0.0962,60.89,0.1056,1000.0,0.0,4.199,88.9,98,0,60.0,2026-05-01T21:58:47.439884,4.21
2026-05-01T21:57:48.394262,58.08,0.0954,60.93,0.1057,1000.0,0.0,4.199,88.9,98,0,60.0,2026-05-01T21:58:48.394005,4.21
2026-05-01T21:57:48.488297,58.08,0.0954,60.93,0.1058,1000.0,0.0,4.199,88.9,98,0,60.0,2026-05-01T21:58:48.488036,4.21
2026-05-01T21:57:49.394145,58.08,0.0954,60.97,0.106,1000.0,0.0,4.199,88.9,98,0,60.0,2026-05-01T21:58:49.393954,4.21
2026-05-01T21:57:49.454082,58.13,0.097,60.98,0.1062,1000.0,0.0,4.199,88.9,98,0,60.0,2026-05-01T21:58:49.453907,4.21
2026-05-01T21:57:49.511154,58.13,0.097,60.98,0.1067,1000.0,0.0,4.199,88.9,98,0,60.0,2026-05-01T21:58:49.510974,4.21
2026-05-01T21:57:50.452670,58.18,0.097,61.02,0.1073,1000.0,0.0,4.199,88.9,98,0,60.0,2026-05-01T21:58:50.452471,4.21
2026-05-01T21:57:50.518972,58.18,0.1046,61.02,0.11,1000.0,0.0,4.199,88.9,98,0,60.0,2026-05-01T21:58:50.518771,4.21
2026-05-01T21:57:50.699051,58.18,0.1046,61.03,0.1121,1000.0,0.0,4.199,88.9,98,0,60.0,2026-05-01T21:58:50.681071,4.21
2026-05-01T21:57:51.496230,58.23,0.1003,61.05,0.1133,1000.0,0.0,4.199,88.8,98,0,60.0,2026-05-01T21:58:51.495826,4.21
2026-05-01T21:57:51.553957,58.23,0.1053,61.06,0.1137,1000.0,0.0,4.199,88.8,98,0,60.0,2026-05-01T21:58:51.553793,4.21
2026-05-01T21:57:51.617032,58.23,0.1053,61.07,0.1145,1000.0,0.0,4.199,88.8,98,0,60.0,2026-05-01T21:58:51.616778,4.21
2026-05-01T21:57:52.587343,58.28,0.0962,61.11,0.1129,1000.0,0.0,4.199,88.8,98,0,60.0,2026-05-01T21:58:52.574611,4.21
2026-05-01T21:57:52.722011,58.28,0.0995,61.12,0.1116,1000.0,0.0,4.199,88.8,98,0,60.0,2026-05-01T21:58:52.721811,4.21
2026-05-01T21:57:52.793511,58.28,0.0995,61.12,0.1111,1000.0,0.0,4.199,88.8,98,0,60.0,2026-05-01T21:58:52.793272,4.21
2026-05-01T21:57:53.682636,58.32,0.0995,61.16,0.1102,1000.0,0.0,4.199,88.8,98,0,60.0,2026-05-01T21:58:53.682352,4.21
2026-05-01T21:57:53.791758,58.32,0.0995,61.16,0.1102,1000.0,0.0,4.199,88.8,98,0,60.0,2026-05-01T21:58:53.791271,4.21
2026-05-01T21:57:54.656867,58.32,0.0995,61.19,0.1103,1000.0,0.0,4.199,88.8,98,0,60.0,2026-05-01T21:58:54.656660,4.21
2026-05-01T21:57:54.714020,58.35,0.0962,61.19,0.1088,1000.0,0.0,4.199,88.8,98,0,60.0,2026-05-01T21:58:54.713829,4.21
2026-05-01T21:57:54.777025,58.35,0.0962,61.19,0.1081,1000.0,0.0,4.199,88.8,98,0,60.0,2026-05-01T21:58:54.776833,4.21
2026-05-01T21:57:55.685406,58.39,0.0962,61.23,0.1076,1000.0,0.0,4.199,88.8,98,0,60.0,2026-05-01T21:58:55.685220,4.21
2026-05-01T21:57:55.741782,58.39,0.1072,61.23,0.1101,1000.0,0.0,4.199,88.8,98,0,60.0,2026-05-01T21:58:55.741569,4.21
2026-05-01T21:57:55.798209,58.39,0.1072,61.23,0.1129,1000.0,0.0,4.199,88.8,98,0,60.0,2026-05-01T21:58:55.798035,4.21
2026-05-01T21:57:56.736032,58.44,0.0936,61.27,0.1136,1000.0,0.0,4.199,88.8,98,0,60.0,2026-05-01T21:58:56.735842,4.21
2026-05-01T21:57:56.802036,58.44,0.1072,61.28,0.1156,1000.0,0.0,4.199,88.8,98,0,60.0,2026-05-01T21:58:56.801822,4.21
2026-05-01T21:57:56.871687,58.44,0.1072,61.28,0.1165,1000.0,0.0,4.199,88.8,98,0,60.0,2026-05-01T21:58:56.871455,4.21
2026-05-01T21:57:57.806966,58.48,0.0987,61.32,0.1154,1000.0,0.0,4.199,88.8,98,0,60.0,2026-05-01T21:58:57.806785,4.21
2026-05-01T21:57:57.872466,58.48,0.1012,61.32,0.114,1000.0,0.0,4.199,88.8,98,0,60.0,2026-05-01T21:58:57.872291,4.21
2026-05-01T21:57:57.938892,58.48,0.1012,61.32,0.1133,1000.0,0.0,4.199,88.8,98,0,60.0,2026-05-01T21:58:57.938716,4.21
2026-05-01T21:57:58.889941,58.52,0.097,61.36,0.1113,1000.0,0.0,4.199,88.7,98,0,60.0,2026-05-01T21:58:58.889688,4.211
2026-05-01T21:57:58.986363,58.52,0.097,61.37,0.1098,1000.0,0.0,4.199,88.7,98,0,60.0,2026-05-01T21:58:58.986048,4.211
2026-05-01T21:57:59.871394,58.52,0.097,61.4,0.109,1000.0,0.0,4.199,88.7,98,0,60.0,2026-05-01T21:58:59.871232,4.211
2026-05-01T21:57:59.935600,58.56,0.097,61.4,0.1075,1000.0,0.0,4.199,88.7,98,0,60.0,2026-05-01T21:58:59.935424,4.211
2026-05-01T21:58:00.001158,58.56,0.097,61.41,0.1076,1000.0,0.0,4.199,88.7,98,0,60.0,2026-05-01T21:59:00.000970,4.211
2026-05-01T21:58:00.961711,58.59,0.097,61.44,0.1078,1000.0,0.0,4.199,88.7,98,0,60.0,2026-05-01T21:59:00.961256,4.211
2026-05-01T21:58:01.318797,58.59,0.108,61.45,0.112,1000.0,0.0,4.199,88.7,98,0,60.0,2026-05-01T21:59:01.318270,4.211
2026-05-01T21:58:02.017518,58.59,0.108,61.46,0.1158,1000.0,0.0,4.199,88.7,98,0,60.0,2026-05-01T21:59:02.017211,4.211
2026-05-01T21:58:03.049116,58.61,0.108,61.47,0.118,1000.0,0.0,4.199,88.7,98,0,60.0,2026-05-01T21:59:03.045658,4.211
2026-05-01T21:58:03.703541,58.61,0.1046,61.48,0.1165,1000.0,0.0,4.199,88.7,99,0,60.0,2026-05-01T21:59:03.702837,4.211
2026-05-01T21:58:03.970644,58.61,0.1046,61.48,0.116,1000.0,0.0,4.199,88.7,99,0,60.0,2026-05-01T21:59:03.970111,4.211
2026-05-01T21:58:04.095302,58.65,0.104,61.48,0.1157,1000.0,0.0,4.199,88.7,99,0,60.0,2026-05-01T21:59:04.094880,4.211
2026-05-01T21:58:04.273289,58.65,0.1046,61.49,0.1156,1000.0,0.0,4.199,88.7,99,0,60.0,2026-05-01T21:59:04.272954,4.211
2026-05-01T21:58:04.643592,58.65,0.1046,61.5,0.1156,1000.0,0.0,4.199,88.7,99,0,60.0,2026-05-01T21:59:04.643272,4.211
2026-05-01T21:58:04.848059,58.69,0.1088,61.52,0.116,1000.0,0.0,4.199,88.7,99,0,60.0,2026-05-01T21:59:04.847715,4.211
2026-05-01T21:58:05.026475,58.69,0.1088,61.52,0.1175,1000.0,0.0,4.199,88.7,99,0,60.0,2026-05-01T21:59:05.026116,4.211
2026-05-01T21:58:05.343698,58.69,0.1088,61.54,0.1186,1000.0,0.0,4.199,88.7,98,0,60.0,2026-05-01T21:59:05.343344,4.211
2026-05-01T21:58:05.455651,58.72,0.1088,61.55,0.1187,1000.0,0.0,4.199,88.7,98,0,60.0,2026-05-01T21:59:05.455163,4.211
2026-05-01T21:58:05.592265,58.72,0.1088,61.56,0.1191,1000.0,0.0,4.199,88.7,98,0,60.0,2026-05-01T21:59:05.591945,4.211
2026-05-01T21:58:06.175560,58.75,0.1088,61.58,0.1195,1000.0,0.0,4.199,88.7,98,0,60.0,2026-05-01T21:59:06.175363,4.211
2026-05-01T21:58:06.435688,58.75,0.104,61.59,0.1165,1000.0,0.0,4.199,88.7,98,0,60.0,2026-05-01T21:59:06.434922,4.211
2026-05-01T21:58:06.814188,58.75,0.104,61.6,0.1157,1000.0,0.0,4.199,88.7,98,0,60.0,2026-05-01T21:59:06.812502,4.211
2026-05-01T21:58:07.226114,58.79,0.0945,61.62,0.1141,1000.0,0.0,4.199,88.7,99,0,60.0,2026-05-01T21:59:07.225948,4.211
2026-05-01T21:58:07.291475,58.79,0.1021,61.62,0.1131,1000.0,0.0,4.199,88.7,99,0,60.0,2026-05-01T21:59:07.291269,4.211
2026-05-01T21:58:07.356342,58.79,0.1021,61.63,0.1131,1000.0,0.0,4.199,88.7,99,0,60.0,2026-05-01T21:59:07.356163,4.211
2026-05-01T21:58:08.290014,58.84,0.1021,61.67,0.1131,1000.0,0.0,4.199,88.6,99,0,60.0,2026-05-01T21:59:08.289825,4.211
2026-05-01T21:58:08.357553,58.84,0.108,61.68,0.1156,1000.0,0.0,4.199,88.6,99,0,60.0,2026-05-01T21:59:08.357359,4.211
2026-05-01T21:58:08.447922,58.84,0.108,61.68,0.1168,1000.0,0.0,4.199,88.6,99,0,60.0,2026-05-01T21:59:08.447604,4.211
2026-05-01T21:58:09.349673,58.88,0.108,61.72,0.1175,1000.0,0.0,4.199,88.6,98,0,60.0,2026-05-01T21:59:09.349433,4.211
2026-05-01T21:58:09.422122,58.88,0.108,61.72,0.1181,1000.0,0.0,4.199,88.6,98,0,60.0,2026-05-01T21:59:09.421905,4.211
2026-05-01T21:58:10.358098,58.88,0.108,61.76,0.1186,1000.0,0.0,4.199,88.6,98,0,60.0,2026-05-01T21:59:10.357911,4.211
2026-05-01T21:58:10.426194,58.91,0.1138,61.76,0.1196,1000.0,0.0,4.199,88.6,98,0,60.0,2026-05-01T21:59:10.426007,4.211
2026-05-01T21:58:10.505393,58.91,0.1138,61.76,0.1216,1000.0,0.0,4.199,88.6,98,0,60.0,2026-05-01T21:59:10.505163,4.211
2026-05-01T21:58:11.410950,58.95,0.1138,61.79,0.1234,1000.0,0.0,4.199,88.6,98,0,60.0,2026-05-01T21:59:11.410768,4.211
2026-05-01T21:58:11.493568,58.95,0.1138,61.79,0.123,1000.0,0.0,4.199,88.6,98,0,60.0,2026-05-01T21:59:11.493326,4.211
2026-05-01T21:58:11.726873,58.95,0.1138,61.8,0.1237,1000.0,0.0,4.199,88.6,98,0,60.0,2026-05-01T21:59:11.726545,4.211
2026-05-01T21:58:12.469688,59.0,0.1105,61.83,0.1239,1000.0,0.0,4.199,88.6,98,0,60.0,2026-05-01T21:59:12.469491,4.211
2026-05-01T21:58:12.530075,59.0,0.1105,61.84,0.1227,1000.0,0.0,4.199,88.6,98,0,60.0,2026-05-01T21:59:12.529356,4.211
2026-05-01T21:58:12.698711,59.0,0.1105,61.84,0.1223,1000.0,0.0,4.199,88.6,98,0,60.0,2026-05-01T21:59:12.698312,4.211
2026-05-01T21:58:13.525075,59.05,0.1088,61.88,0.1216,1000.0,0.0,4.199,88.6,98,0,60.0,2026-05-01T21:59:13.524873,4.211
2026-05-01T21:58:13.591624,59.05,0.1088,61.89,0.1209,1000.0,0.0,4.199,88.6,98,0,60.0,2026-05-01T21:59:13.591443,4.211
2026-05-01T21:58:13.660506,59.05,0.1088,61.89,0.1206,1000.0,0.0,4.199,88.6,98,0,60.0,2026-05-01T21:59:13.660307,4.211
2026-05-01T21:58:14.684274,59.09,0.1088,61.93,0.1203,1000.0,0.0,4.199,88.5,98,0,60.0,2026-05-01T21:59:14.673164,4.211
2026-05-01T21:58:14.932291,59.09,0.1088,61.94,0.1201,1000.0,0.0,4.199,88.5,98,0,60.0,2026-05-01T21:59:14.931961,4.211
2026-05-01T21:58:15.593672,59.09,0.1088,61.97,0.1201,1000.0,0.0,4.199,88.5,98,0,60.0,2026-05-01T21:59:15.593472,4.211
2026-05-01T21:58:15.660175,59.14,0.108,61.97,0.1194,1000.0,0.0,4.199,88.5,98,0,60.0,2026-05-01T21:59:15.659995,4.211
2026-05-01T21:58:15.731821,59.14,0.108,61.98,0.1193,1000.0,0.0,4.199,88.5,98,0,60.0,2026-05-01T21:59:15.731585,4.211
2026-05-01T21:58:16.698419,59.18,0.108,62.01,0.1193,1000.0,0.0,4.199,88.5,98,0,60.0,2026-05-01T21:59:16.698176,4.211
2026-05-01T21:58:16.790390,59.18,0.1048,62.02,0.1175,1000.0,0.0,4.199,88.5,98,0,60.0,2026-05-01T21:59:16.790028,4.211
2026-05-01T21:58:16.886589,59.18,0.1048,62.02,0.1169,1000.0,0.0,4.199,88.5,98,0,60.0,2026-05-01T21:59:16.886052,4.211
2026-05-01T21:58:17.700677,59.23,0.1048,62.06,0.1165,1000.0,0.0,4.199,88.5,98,0,60.0,2026-05-01T21:59:17.700516,4.211
2026-05-01T21:58:17.756313,59.23,0.1055,62.06,0.1165,1000.0,0.0,4.199,88.5,98,0,60.0,2026-05-01T21:59:17.756144,4.211
2026-05-01T21:58:17.812270,59.23,0.1055,62.07,0.1165,1000.0,0.0,4.199,88.5,98,0,60.0,2026-05-01T21:59:17.812101,4.211
2026-05-01T21:58:18.869606,59.27,0.1055,62.1,0.1165,1000.0,0.0,4.199,88.5,98,0,60.0,2026-05-01T21:59:18.869098,4.211
2026-05-01T21:58:19.060135,59.27,0.1105,62.1,0.1191,1000.0,0.0,4.199,88.5,98,0,60.0,2026-05-01T21:59:19.059848,4.211
2026-05-01T21:58:19.495231,59.27,0.1105,62.11,0.1203,1000.0,0.0,4.199,88.5,98,0,60.0,2026-05-01T21:59:19.494832,4.211
2026-05-01T21:58:20.093701,59.33,0.1105,62.15,0.1212,1000.0,0.0,4.199,88.5,98,0,60.0,2026-05-01T21:59:20.093420,4.211
2026-05-01T21:58:20.350831,59.33,0.1105,62.16,0.1215,1000.0,0.0,4.199,88.5,98,0,60.0,2026-05-01T21:59:20.350380,4.211
2026-05-01T21:58:20.903032,59.33,0.1105,62.18,0.1217,1000.0,0.0,4.199,88.5,98,0,60.0,2026-05-01T21:59:20.902681,4.211
2026-05-01T21:58:21.211637,59.38,0.1003,62.2,0.1169,1000.0,0.0,4.199,88.5,98,0,60.0,2026-05-01T21:59:21.211283,4.211
2026-05-01T21:58:21.432071,59.38,0.1003,62.22,0.1144,1000.0,0.0,4.199,88.5,98,0,60.0,2026-05-01T21:59:21.428763,4.211
2026-05-01T21:58:21.928167,59.42,0.1003,62.24,0.113,1000.0,0.0,4.199,88.4,98,0,60.0,2026-05-01T21:59:21.927674,4.211
2026-05-01T21:58:22.149175,59.42,0.0972,62.25,0.1101,1000.0,0.0,4.199,88.4,98,0,60.0,2026-05-01T21:59:22.145882,4.211
2026-05-01T21:58:22.418625,59.42,0.0972,62.26,0.1094,1000.0,0.0,4.199,88.4,98,0,60.0,2026-05-01T21:59:22.418055,4.211
2026-05-01T21:58:23.013355,59.47,0.0972,62.29,0.109,1000.0,0.0,4.199,88.4,98,0,60.0,2026-05-01T21:59:23.012846,4.211
2026-05-01T21:58:23.144161,59.47,0.1012,62.3,0.1102,1000.0,0.0,4.199,88.4,98,0,60.0,2026-05-01T21:59:23.143776,4.211
2026-05-01T21:58:23.310439,59.47,0.1012,62.3,0.1111,1000.0,0.0,4.199,88.4,98,0,60.0,2026-05-01T21:59:23.310154,4.211
2026-05-01T21:58:24.094108,59.51,0.1012,62.34,0.1114,1000.0,0.0,4.199,88.4,98,0,60.0,2026-05-01T21:59:24.093746,4.211
2026-05-01T21:58:24.835502,59.51,0.104,62.36,0.1134,1000.0,0.0,4.199,88.4,98,0,60.0,2026-05-01T21:59:24.835163,4.211
2026-05-01T21:58:25.507554,59.51,0.104,62.36,0.1144,1000.0,0.0,4.199,88.4,98,0,60.0,2026-05-01T21:59:25.492843,4.211
2026-05-01T21:58:26.128542,59.57,0.104,62.4,0.1137,1000.0,0.0,4.199,88.4,98,0,60.0,2026-05-01T21:59:26.126566,4.211
2026-05-01T21:58:26.385319,59.57,0.104,62.41,0.1145,1000.0,0.0,4.199,88.4,98,0,60.0,2026-05-01T21:59:26.385081,4.211
2026-05-01T21:58:26.599590,59.57,0.104,62.41,0.1148,1000.0,0.0,4.199,88.4,98,0,60.0,2026-05-01T21:59:26.595076,4.211
2026-05-01T21:58:26.829425,59.62,0.1071,62.43,0.1142,1000.0,0.0,4.199,88.4,98,0,60.0,2026-05-01T21:59:26.802101,4.211
2026-05-01T21:58:27.058373,59.62,0.1071,62.45,0.1161,1000.0,0.0,4.199,88.4,98,0,60.0,2026-05-01T21:59:27.058023,4.211
2026-05-01T21:58:27.172061,59.68,0.1071,62.45,0.117,1000.0,0.0,4.199,88.4,98,0,60.0,2026-05-01T21:59:27.171700,4.211
2026-05-01T21:58:27.289174,59.68,0.1071,62.48,0.1173,1000.0,0.0,4.199,88.4,98,0,60.0,2026-05-01T21:59:27.288895,4.211
2026-05-01T21:58:27.441819,59.68,0.1071,62.49,0.1177,1000.0,0.0,4.199,88.4,98,0,60.0,2026-05-01T21:59:27.441313,4.211
2026-05-01T21:58:28.379681,59.72,0.1046,62.53,0.1178,1000.0,0.0,4.199,88.3,98,0,60.0,2026-05-01T21:59:28.379274,4.211
2026-05-01T21:58:28.748852,59.72,0.1046,62.55,0.1168,1000.0,0.0,4.199,88.3,98,0,60.0,2026-05-01T21:59:28.745543,4.211
2026-05-01T21:58:29.186180,59.72,0.1046,62.56,0.1164,1000.0,0.0,4.199,88.3,98,0,60.0,2026-05-01T21:59:29.185849,4.211
2026-05-01T21:58:29.944666,59.77,0.0928,62.6,0.114,1000.0,0.0,4.199,88.3,98,0,60.0,2026-05-01T21:59:29.944056,4.211
2026-05-01T21:58:30.308114,59.77,0.1021,62.61,0.1137,1000.0,0.0,4.199,88.3,98,0,60.0,2026-05-01T21:59:30.307409,4.211
2026-05-01T21:58:30.469198,59.77,0.1021,62.61,0.1136,1000.0,0.0,4.199,88.3,98,0,60.0,2026-05-01T21:59:30.468852,4.211
2026-05-01T21:58:30.804664,59.81,0.1003,62.63,0.1115,1000.0,0.0,4.199,88.3,98,0,60.0,2026-05-01T21:59:30.804094,4.211
2026-05-01T21:58:31.208212,59.81,0.1003,62.64,0.1116,1000.0,0.0,4.199,88.3,98,0,60.0,2026-05-01T21:59:31.169027,4.211
2026-05-01T21:58:31.642358,59.81,0.1003,62.66,0.1117,1000.0,0.0,4.199,88.3,98,0,60.0,2026-05-01T21:59:31.641988,4.211
2026-05-01T21:58:31.872959,59.85,0.1003,62.68,0.1106,1000.0,0.0,4.199,88.3,98,0,60.0,2026-05-01T21:59:31.872405,4.211
2026-05-01T21:58:32.036039,59.85,0.1003,62.68,0.1111,1000.0,0.0,4.199,88.3,98,0,60.0,2026-05-01T21:59:32.035298,4.211
2026-05-01T21:58:32.428606,59.91,0.1003,62.7,0.1114,1000.0,0.0,4.199,88.3,98,0,60.0,2026-05-01T21:59:32.428271,4.211
2026-05-01T21:58:32.837469,59.91,0.1062,62.73,0.1118,1000.0,0.0,4.199,88.3,98,0,60.0,2026-05-01T21:59:32.802399,4.211
2026-05-01T21:58:33.067765,59.91,0.1062,62.75,0.1147,1000.0,0.0,4.199,88.3,98,0,60.0,2026-05-01T21:59:33.067572,4.211
2026-05-01T21:58:33.422982,59.93,0.1062,62.76,0.1161,1000.0,0.0,4.199,88.3,98,0,60.0,2026-05-01T21:59:33.422797,4.211
2026-05-01T21:58:33.495540,59.93,0.1131,62.76,0.1195,1000.0,0.0,4.199,88.3,98,0,60.0,2026-05-01T21:59:33.495346,4.211
2026-05-01T21:58:33.731456,59.93,0.1131,62.77,0.1211,1000.0,0.0,4.199,88.3,98,0,60.0,2026-05-01T21:59:33.729327,4.211
2026-05-01T21:58:34.876693,59.99,0.1046,62.82,0.1209,1000.0,0.0,4.199,88.3,98,0,60.0,2026-05-01T21:59:34.875604,4.211
2026-05-01T21:58:35.451330,59.99,0.1048,62.84,0.1183,1000.0,0.0,4.199,88.2,98,0,60.0,2026-05-01T21:59:35.445952,4.211
2026-05-01T21:58:35.828293,59.99,0.1048,62.84,0.1171,1000.0,0.0,4.199,88.2,98,0,60.0,2026-05-01T21:59:35.825796,4.211
2026-05-01T21:58:35.945817,60.04,0.1048,62.86,0.1168,1000.0,0.0,4.199,88.2,98,0,60.0,2026-05-01T21:59:35.945438,4.211
2026-05-01T21:58:36.079160,60.04,0.1048,62.86,0.1166,1000.0,0.0,4.199,88.2,98,0,60.0,2026-05-01T21:59:36.078807,4.211
2026-05-01T21:58:36.544803,60.04,0.1048,62.88,0.1166,1000.0,0.0,4.199,88.2,98,0,60.0,2026-05-01T21:59:36.543556,4.211
2026-05-01T21:58:36.771156,60.07,0.1097,62.9,0.1176,1000.0,0.0,4.199,88.2,98,0,60.0,2026-05-01T21:59:36.770843,4.211
2026-05-01T21:58:36.880270,60.07,0.1097,62.9,0.1191,1000.0,0.0,4.199,88.2,98,0,60.0,2026-05-01T21:59:36.879745,4.211
2026-05-01T21:58:37.603995,60.12,0.1097,62.93,0.1202,1000.0,0.0,4.199,88.2,98,0,60.0,2026-05-01T21:59:37.603818,4.211
2026-05-01T21:58:37.661064,60.12,0.1097,62.94,0.1202,1000.0,0.0,4.199,88.2,98,0,60.0,2026-05-01T21:59:37.660885,4.211
2026-05-01T21:58:37.716226,60.12,0.1097,62.94,0.1206,1000.0,0.0,4.199,88.2,98,0,60.0,2026-05-01T21:59:37.716063,4.211
2026-05-01T21:58:38.697199,60.19,0.1021,62.99,0.1198,1000.0,0.0,4.199,88.2,98,0,60.0,2026-05-01T21:59:38.696880,4.211
2026-05-01T21:58:38.777385,60.19,0.1046,63.01,0.1179,1000.0,0.0,4.199,88.2,98,0,60.0,2026-05-01T21:59:38.777108,4.211
2026-05-01T21:58:39.026348,60.19,0.1046,63.02,0.1172,1000.0,0.0,4.199,88.2,98,0,60.0,2026-05-01T21:59:39.025962,4.211
2026-05-01T21:58:39.729963,60.23,0.1046,63.05,0.1163,1000.0,0.0,4.199,88.2,98,0,60.0,2026-05-01T21:59:39.729571,4.211
2026-05-01T21:58:40.179290,60.23,0.1062,63.06,0.117,1000.0,0.0,4.199,88.2,98,0,60.0,2026-05-01T21:59:40.177771,4.211
2026-05-01T21:58:40.375890,60.23,0.1062,63.07,0.1175,1000.0,0.0,4.199,88.2,98,0,60.0,2026-05-01T21:59:40.375647,4.211
2026-05-01T21:58:41.028745,60.27,0.1062,63.1,0.1171,1000.0,0.0,4.199,88.2,98,0,60.0,2026-05-01T21:59:41.028269,4.211
2026-05-01T21:58:41.170326,60.27,0.1062,63.11,0.1175,1000.0,0.0,4.199,88.2,98,0,60.0,2026-05-01T21:59:41.169882,4.211
2026-05-01T21:58:41.801369,60.27,0.1062,63.13,0.1177,1000.0,0.0,4.199,88.2,98,0,60.0,2026-05-01T21:59:41.801005,4.211
2026-05-01T21:58:41.934842,60.3,0.1048,63.13,0.1165,1000.0,0.0,4.199,88.1,98,0,60.0,2026-05-01T21:59:41.934538,4.211
2026-05-01T21:58:42.125505,60.3,0.1048,63.14,0.1165,1000.0,0.0,4.199,88.1,98,0,60.0,2026-05-01T21:59:42.125156,4.211
2026-05-01T21:58:42.862931,60.36,0.1048,63.16,0.1166,1000.0,0.0,4.199,88.1,98,0,60.0,2026-05-01T21:59:42.862430,4.211
2026-05-01T21:58:42.959434,60.36,0.1048,63.17,0.1163,1000.0,0.0,4.199,88.1,98,0,60.0,2026-05-01T21:59:42.959153,4.211
2026-05-01T21:58:43.055775,60.36,0.1048,63.18,0.1163,1000.0,0.0,4.199,88.1,98,0,60.0,2026-05-01T21:59:43.055447,4.211
2026-05-01T21:58:43.906107,60.39,0.1021,63.21,0.1161,1000.0,0.0,4.199,88.1,98,0,60.0,2026-05-01T21:59:43.905946,4.211
2026-05-01T21:58:43.969885,60.39,0.1021,63.22,0.115,1000.0,0.0,4.199,88.1,98,0,60.0,2026-05-01T21:59:43.969679,4.211
2026-05-01T21:58:44.039298,60.39,0.1021,63.22,0.1145,1000.0,0.0,4.199,88.1,98,0,60.0,2026-05-01T21:59:44.039112,4.211
2026-05-01T21:58:44.985164,60.44,0.0995,63.26,0.1134,1000.0,0.0,4.199,88.1,98,0,60.0,2026-05-01T21:59:44.984910,4.211
2026-05-01T21:58:45.114897,60.44,0.1029,63.26,0.1139,1000.0,0.0,4.199,88.1,98,0,60.0,2026-05-01T21:59:45.114436,4.211
2026-05-01T21:58:45.244465,60.44,0.1029,63.27,0.1142,1000.0,0.0,4.199,88.1,98,0,60.0,2026-05-01T21:59:45.243939,4.211
2026-05-01T21:58:46.024278,60.47,0.1055,63.3,0.1143,1000.0,0.0,4.199,88.1,98,0,60.0,2026-05-01T21:59:46.024017,4.211
2026-05-01T21:58:46.090130,60.47,0.1055,63.3,0.1155,1000.0,0.0,4.199,88.1,98,0,60.0,2026-05-01T21:59:46.089956,4.211
2026-05-01T21:58:47.043734,60.47,0.1055,63.33,0.1164,1000.0,0.0,4.199,88.1,98,0,60.0,2026-05-01T21:59:47.043508,4.211
2026-05-01T21:58:47.136446,60.52,0.108,63.34,0.1174,1000.0,0.0,4.199,88.1,98,0,60.0,2026-05-01T21:59:47.136190,4.211
2026-05-01T21:58:47.228987,60.52,0.108,63.34,0.1183,1000.0,0.0,4.199,88.1,98,0,60.0,2026-05-01T21:59:47.228583,4.211
2026-05-01T21:58:48.089229,60.57,0.108,63.37,0.1191,1000.0,0.0,4.199,88.1,98,0,60.0,2026-05-01T21:59:48.089071,4.211
2026-05-01T21:58:48.145481,60.57,0.1129,63.38,0.1209,1000.0,0.0,4.199,88.1,98,0,60.0,2026-05-01T21:59:48.145310,4.211
2026-05-01T21:58:48.202892,60.57,0.1129,63.39,0.1223,1000.0,0.0,4.199,88.1,98,0,60.0,2026-05-01T21:59:48.202712,4.211
2026-05-01T21:58:49.159973,60.63,0.1129,63.43,0.1238,1000.0,0.0,4.199,88.0,98,0,60.0,2026-05-01T21:59:49.159714,4.211
2026-05-01T21:58:49.835787,60.63,0.1147,63.45,0.1251,1000.0,0.0,4.199,88.0,98,0,60.0,2026-05-01T21:59:49.835475,4.211
2026-05-01T21:58:50.027578,60.63,0.1147,63.46,0.126,1000.0,0.0,4.199,88.0,98,0,60.0,2026-05-01T21:59:50.027278,4.211
2026-05-01T21:58:50.268453,60.65,0.1147,63.47,0.1261,1000.0,0.0,4.199,88.0,98,0,60.0,2026-05-01T21:59:50.267993,4.211
2026-05-01T21:58:50.526688,60.65,0.1147,63.48,0.1263,1000.0,0.0,4.199,88.0,98,0,60.0,2026-05-01T21:59:50.526350,4.211
2026-05-01T21:58:50.770153,60.65,0.1147,63.48,0.1265,1000.0,0.0,4.199,88.0,98,0,60.0,2026-05-01T21:59:50.769897,4.211
2026-05-01T21:58:51.259165,60.72,0.1107,63.52,0.1246,1000.0,0.0,4.199,88.0,98,0,60.0,2026-05-01T21:59:51.258957,4.211
2026-05-01T21:58:51.325148,60.72,0.1107,63.53,0.1238,1000.0,0.0,4.199,88.0,98,0,60.0,2026-05-01T21:59:51.324957,4.211
2026-05-01T21:58:52.271310,60.72,0.1107,63.57,0.1234,1000.0,0.0,4.199,88.0,98,0,60.0,2026-05-01T21:59:52.271134,4.211
2026-05-01T21:58:52.329158,60.77,0.1131,63.58,0.1231,1000.0,0.0,4.199,88.0,98,0,60.0,2026-05-01T21:59:52.328828,4.211
2026-05-01T21:58:52.393638,60.77,0.1131,63.59,0.1238,1000.0,0.0,4.199,88.0,98,0,60.0,2026-05-01T21:59:52.393469,4.211
2026-05-01T21:58:53.332419,60.81,0.1131,63.63,0.1246,1000.0,0.0,4.199,88.0,98,0,60.0,2026-05-01T21:59:53.332216,4.211
2026-05-01T21:58:53.390909,60.81,0.1138,63.63,0.1248,1000.0,0.0,4.199,88.0,98,0,60.0,2026-05-01T21:59:53.390731,4.211
2026-05-01T21:58:53.456176,60.81,0.1138,63.63,0.1251,1000.0,0.0,4.199,88.0,98,0,60.0,2026-05-01T21:59:53.456002,4.211
2026-05-01T21:58:54.392255,60.85,0.1138,63.67,0.1256,1000.0,0.0,4.199,88.0,98,0,60.0,2026-05-01T21:59:54.392040,4.211
2026-05-01T21:58:54.550449,60.85,0.1173,63.67,0.127,1000.0,0.0,4.199,88.0,98,0,60.0,2026-05-01T21:59:54.549993,4.211
2026-05-01T21:58:54.907336,60.85,0.1173,63.68,0.128,1000.0,0.0,4.199,88.0,98,0,60.0,2026-05-01T21:59:54.898334,4.211
2026-05-01T21:58:55.455477,60.89,0.1173,63.71,0.1283,1000.0,0.0,4.199,88.0,98,0,60.0,2026-05-01T21:59:55.455263,4.211
2026-05-01T21:58:55.529087,60.89,0.1173,63.71,0.1287,1000.0,0.0,4.199,87.9,98,0,60.0,2026-05-01T21:59:55.528892,4.211
2026-05-01T21:58:55.607407,60.89,0.1173,63.72,0.1289,1000.0,0.0,4.199,87.9,98,0,60.0,2026-05-01T21:59:55.607153,4.211
2026-05-01T21:58:56.500283,60.91,0.119,63.74,0.1289,1000.0,0.0,4.199,87.9,98,0,60.0,2026-05-01T21:59:56.500096,4.211
2026-05-01T21:58:56.601070,60.91,0.119,63.74,0.1297,1000.0,0.0,4.199,87.9,98,0,60.0,2026-05-01T21:59:56.574994,4.211
2026-05-01T21:58:57.517855,60.91,0.119,63.77,0.1305,1000.0,0.0,4.199,87.9,98,0,60.0,2026-05-01T21:59:57.517652,4.211
2026-05-01T21:58:57.574498,60.94,0.1198,63.77,0.1307,1000.0,0.0,4.199,87.9,98,0,60.0,2026-05-01T21:59:57.574332,4.211
2026-05-01T21:58:57.630130,60.94,0.1198,63.77,0.1311,1000.0,0.0,4.199,87.9,98,0,60.0,2026-05-01T21:59:57.629942,4.211
2026-05-01T21:58:58.582764,61.0,0.1198,63.81,0.1316,1000.0,0.0,4.199,87.9,98,0,60.0,2026-05-01T21:59:58.576775,4.211
2026-05-01T21:58:58.776765,61.0,0.1198,63.82,0.1305,1000.0,0.0,4.199,87.9,98,0,60.0,2026-05-01T21:59:58.776453,4.211
2026-05-01T21:58:58.919262,61.0,0.1198,63.82,0.1311,1000.0,0.0,4.199,87.9,98,0,60.0,2026-05-01T21:59:58.918885,4.211
2026-05-01T21:58:59.646556,61.03,0.1138,63.85,0.1307,1000.0,0.0,4.199,87.9,98,0,60.0,2026-05-01T21:59:59.646231,4.211
2026-05-01T21:58:59.749722,61.03,0.1249,63.85,0.1335,1000.0,0.0,4.199,87.9,98,0,60.0,2026-05-01T21:59:59.749424,4.211
2026-05-01T21:58:59.872425,61.03,0.1249,63.85,0.1348,1000.0,0.0,4.199,87.9,98,0,60.0,2026-05-01T21:59:59.871877,4.211
2026-05-01T21:59:01.273912,61.09,0.1173,63.91,0.1344,1000.0,0.0,4.199,87.9,98,0,60.0,2026-05-01T22:00:01.272951,4.211
2026-05-01T21:59:01.778702,61.09,0.1215,63.93,0.134,1000.0,0.0,4.199,87.9,98,0,60.0,2026-05-01T22:00:01.778204,4.211
2026-05-01T21:59:01.966540,61.09,0.1215,63.92,0.1338,1000.0,0.0,4.199,87.9,98,0,60.0,2026-05-01T22:00:01.966231,4.211
2026-05-01T21:59:02.088827,61.14,0.1232,63.94,0.1332,1000.0,0.0,4.199,87.9,98,0,60.0,2026-05-01T22:00:02.088431,4.211
2026-05-01T21:59:02.262150,61.14,0.1232,63.95,0.134,1000.0,0.0,4.199,87.9,98,0,60.0,2026-05-01T22:00:02.261721,4.211
2026-05-01T21:59:02.789638,61.14,0.1232,63.97,0.1346,1000.0,0.0,4.199,87.9,98,0,60.0,2026-05-01T22:00:02.789056,4.211
2026-05-01T21:59:02.904172,61.19,0.1233,63.99,0.135,1000.0,0.0,4.199,87.8,98,0,60.0,2026-05-01T22:00:02.903701,4.211
2026-05-01T21:59:03.016569,61.19,0.1233,64.0,0.1351,1000.0,0.0,4.199,87.8,98,0,60.0,2026-05-01T22:00:03.016200,4.211
2026-05-01T21:59:03.816645,61.25,0.1233,64.04,0.1354,1000.0,0.0,4.199,87.8,98,0,60.0,2026-05-01T22:00:03.816449,4.211
2026-05-01T21:59:03.882693,61.25,0.1249,64.06,0.136,1000.0,0.0,4.199,87.8,98,0,60.0,2026-05-01T22:00:03.882484,4.211
2026-05-01T21:59:03.947856,61.25,0.1249,64.06,0.1364,1000.0,0.0,4.199,87.8,98,0,60.0,2026-05-01T22:00:03.947600,4.211
2026-05-01T21:59:04.877478,61.31,0.1233,64.11,0.1366,1000.0,0.0,4.199,87.8,98,0,60.0,2026-05-01T22:00:04.877266,4.211
2026-05-01T21:59:04.959663,61.31,0.1233,64.12,0.1358,1000.0,0.0,4.199,87.8,98,0,60.0,2026-05-01T22:00:04.959432,4.211
2026-05-01T21:59:05.052778,61.31,0.1233,64.13,0.1357,1000.0,0.0,4.199,87.8,98,0,60.0,2026-05-01T22:00:05.052535,4.211
2026-05-01T21:59:05.936812,61.37,0.1198,64.18,0.1347,1000.0,0.0,4.199,87.8,98,0,60.0,2026-05-01T22:00:05.936610,4.211
2026-05-01T21:59:06.022282,61.37,0.1242,64.19,0.1355,1000.0,0.0,4.199,87.8,98,0,60.0,2026-05-01T22:00:06.021949,4.211
2026-05-01T21:59:06.349699,61.37,0.1242,64.2,0.1359,1000.0,0.0,4.199,87.8,98,0,60.0,2026-05-01T22:00:06.349325,4.211
2026-05-01T21:59:06.985149,61.44,0.1206,64.23,0.1341,1000.0,0.0,4.199,87.8,98,0,60.0,2026-05-01T22:00:06.984924,4.211
2026-05-01T21:59:07.050287,61.44,0.1206,64.24,0.1336,1000.0,0.0,4.199,87.8,98,0,60.0,2026-05-01T22:00:07.050085,4.211
2026-05-01T21:59:08.001786,61.44,0.1206,64.28,0.1334,1000.0,0.0,4.199,87.8,98,0,60.0,2026-05-01T22:00:08.001596,4.211
2026-05-01T21:59:08.058404,61.51,0.1206,64.3,0.1307,1000.0,0.0,4.199,87.7,98,0,60.0,2026-05-01T22:00:08.058221,4.211
2026-05-01T21:59:08.117530,61.51,0.1206,64.31,0.1315,1000.0,0.0,4.199,87.7,98,0,60.0,2026-05-01T22:00:08.117325,4.211
2026-05-01T21:59:09.060340,61.57,0.1206,64.35,0.1324,1000.0,0.0,4.199,87.7,98,0,60.0,2026-05-01T22:00:09.060130,4.211
2026-05-01T21:59:09.125269,61.57,0.13,64.37,0.1356,1000.0,0.0,4.199,87.7,98,0,60.0,2026-05-01T22:00:09.125090,4.211
2026-05-01T21:59:09.191535,61.57,0.13,64.37,0.1381,1000.0,0.0,4.199,87.7,98,0,60.0,2026-05-01T22:00:09.191348,4.211
2026-05-01T21:59:10.114727,61.6,0.1215,64.41,0.1392,1000.0,0.0,4.199,87.7,98,0,60.0,2026-05-01T22:00:10.114467,4.211
2026-05-01T21:59:10.181641,61.6,0.13,64.41,0.14,1000.0,0.0,4.199,87.7,98,0,60.0,2026-05-01T22:00:10.181427,4.211
2026-05-01T21:59:10.248201,61.6,0.13,64.41,0.1409,1000.0,0.0,4.199,87.7,98,0,60.0,2026-05-01T22:00:10.247942,4.211
2026-05-01T21:59:11.184534,61.65,0.13,64.45,0.1419,1000.0,0.0,4.199,87.7,98,0,60.0,2026-05-01T22:00:11.184309,4.211
2026-05-01T21:59:11.405044,61.65,0.1342,64.46,0.1439,1000.0,0.0,4.199,87.7,98,0,60.0,2026-05-01T22:00:11.404720,4.211
2026-05-01T21:59:11.672047,61.65,0.1342,64.47,0.1451,1000.0,0.0,4.199,87.7,98,0,60.0,2026-05-01T22:00:11.671430,4.211
2026-05-01T21:59:12.227276,61.72,0.1384,64.51,0.1465,1000.0,0.0,4.199,87.7,98,0,60.0,2026-05-01T22:00:12.227097,4.211
2026-05-01T21:59:12.286164,61.72,0.1384,64.52,0.1483,1000.0,0.0,4.199,87.7,98,0,60.0,2026-05-01T22:00:12.285990,4.211
2026-05-01T21:59:13.244017,61.72,0.1384,64.56,0.1496,1000.0,0.0,4.199,87.7,98,0,60.0,2026-05-01T22:00:13.243817,4.211
2026-05-01T21:59:13.310963,61.78,0.13,64.58,0.1464,1000.0,0.0,4.199,87.6,98,0,60.0,2026-05-01T22:00:13.310780,4.211
2026-05-01T21:59:13.393087,61.78,0.13,64.59,0.1449,1000.0,0.0,4.199,87.6,98,0,60.0,2026-05-01T22:00:13.392849,4.211
2026-05-01T21:59:14.300501,61.85,0.13,64.63,0.1438,1000.0,0.0,4.199,87.6,98,0,60.0,2026-05-01T22:00:14.300292,4.211
2026-05-01T21:59:14.356386,61.85,0.1257,64.65,0.141,1000.0,0.0,4.199,87.6,98,0,60.0,2026-05-01T22:00:14.356235,4.211
2026-05-01T21:59:14.412594,61.85,0.1257,64.66,0.14,1000.0,0.0,4.199,87.6,98,0,60.0,2026-05-01T22:00:14.412429,4.211
2026-05-01T21:59:15.352146,61.92,0.1206,64.7,0.1383,1000.0,0.0,4.199,87.6,98,0,60.0,2026-05-01T22:00:15.351959,4.211
2026-05-01T21:59:15.414331,61.92,0.1316,64.71,0.14,1000.0,0.0,4.199,87.6,98,0,60.0,2026-05-01T22:00:15.414131,4.211
2026-05-01T21:59:15.478413,61.92,0.1316,64.72,0.1415,1000.0,0.0,4.199,87.6,98,0,60.0,2026-05-01T22:00:15.478217,4.211
2026-05-01T21:59:16.421310,61.98,0.1316,64.77,0.1417,1000.0,0.0,4.199,87.6,98,0,60.0,2026-05-01T22:00:16.421140,4.211
2026-05-01T21:59:16.510137,61.98,0.1316,64.78,0.1428,1000.0,0.0,4.199,87.6,98,0,60.0,2026-05-01T22:00:16.509810,4.211
2026-05-01T21:59:16.874869,61.98,0.1316,64.8,0.1435,1000.0,0.0,4.199,87.6,98,0,60.0,2026-05-01T22:00:16.874207,4.211
2026-05-01T21:59:17.468691,62.02,0.1299,64.82,0.1418,1000.0,0.0,4.199,87.6,98,0,60.0,2026-05-01T22:00:17.468473,4.211
2026-05-01T21:59:17.525526,62.02,0.1299,64.83,0.1421,1000.0,0.0,4.199,87.6,98,0,60.0,2026-05-01T22:00:17.525363,4.211
2026-05-01T21:59:18.483868,62.02,0.1299,64.86,0.1424,1000.0,0.0,4.199,87.6,98,0,60.0,2026-05-01T22:00:18.483668,4.211
2026-05-01T21:59:18.540879,62.07,0.1299,64.87,0.1418,1000.0,0.0,4.199,87.5,98,0,60.0,2026-05-01T22:00:18.540530,4.211
2026-05-01T21:59:18.718670,62.07,0.1299,64.88,0.1421,1000.0,0.0,4.199,87.5,98,0,60.0,2026-05-01T22:00:18.718428,4.211
2026-05-01T21:59:19.542686,62.15,0.1299,64.92,0.1424,1000.0,0.0,4.199,87.5,98,0,60.0,2026-05-01T22:00:19.542428,4.211
2026-05-01T21:59:19.606800,62.15,0.1332,64.94,0.1434,1000.0,0.0,4.199,87.5,98,0,60.0,2026-05-01T22:00:19.606636,4.211
2026-05-01T21:59:19.672946,62.15,0.1332,64.95,0.1443,1000.0,0.0,4.199,87.5,98,0,60.0,2026-05-01T22:00:19.672770,4.211
2026-05-01T21:59:20.742105,62.18,0.1291,64.99,0.1446,1000.0,0.0,4.199,87.5,98,0,60.0,2026-05-01T22:00:20.741769,4.211
2026-05-01T21:59:20.846211,62.18,0.1332,65.0,0.1453,1000.0,0.0,4.199,87.5,98,0,60.0,2026-05-01T22:00:20.845991,4.211
2026-05-01T21:59:21.025292,62.18,0.1332,65.0,0.1455,1000.0,0.0,4.199,87.5,98,0,60.0,2026-05-01T22:00:21.020294,4.211
2026-05-01T21:59:21.738510,62.24,0.1316,65.04,0.1455,1000.0,0.0,4.199,87.5,98,0,60.0,2026-05-01T22:00:21.738009,4.211
2026-05-01T21:59:21.843298,62.24,0.1323,65.05,0.1453,1000.0,0.0,4.199,87.5,98,0,60.0,2026-05-01T22:00:21.842988,4.211
2026-05-01T21:59:21.974335,62.24,0.1323,65.05,0.1452,1000.0,0.0,4.199,87.5,98,0,60.0,2026-05-01T22:00:21.974009,4.211
2026-05-01T21:59:22.751359,62.29,0.1325,65.09,0.145,1000.0,0.0,4.199,87.5,98,0,60.0,2026-05-01T22:00:22.751110,4.211
2026-05-01T21:59:22.853905,62.29,0.1325,65.1,0.1451,1000.0,0.0,4.199,87.5,98,0,60.0,2026-05-01T22:00:22.853511,4.211
2026-05-01T21:59:23.725344,62.29,0.1325,65.13,0.1454,1000.0,0.0,4.199,87.5,98,0,60.0,2026-05-01T22:00:23.725113,4.211
2026-05-01T21:59:23.811291,62.34,0.119,65.15,0.1408,1000.0,0.0,4.199,87.5,98,0,60.0,2026-05-01T22:00:23.811030,4.211
2026-05-01T21:59:23.904237,62.34,0.119,65.15,0.1372,1000.0,0.0,4.199,87.5,98,0,60.0,2026-05-01T22:00:23.903924,4.211
2026-05-01T21:59:24.776683,62.4,0.119,65.19,0.1345,1000.0,0.0,4.199,87.4,99,0,60.0,2026-05-01T22:00:24.776534,4.211
2026-05-01T21:59:24.867414,62.4,0.119,65.2,0.1331,1000.0,0.0,4.199,87.4,99,0,60.0,2026-05-01T22:00:24.867177,4.211
2026-05-01T21:59:24.984173,62.4,0.119,65.21,0.1326,1000.0,0.0,4.199,87.4,99,0,60.0,2026-05-01T22:00:24.983837,4.211
2026-05-01T21:59:25.839281,62.46,0.1188,65.25,0.1321,1000.0,0.0,4.199,87.4,99,0,60.0,2026-05-01T22:00:25.839094,4.211
2026-05-01T21:59:25.904604,62.46,0.1282,65.26,0.1363,1000.0,0.0,4.199,87.4,99,0,60.0,2026-05-01T22:00:25.904421,4.211
2026-05-01T21:59:25.970581,62.46,0.1282,65.26,0.138,1000.0,0.0,4.199,87.4,99,0,60.0,2026-05-01T22:00:25.970396,4.211
2026-05-01T21:59:26.936908,62.5,0.1316,65.29,0.1403,1000.0,0.0,4.199,87.4,99,0,60.0,2026-05-01T22:00:26.936533,4.211
2026-05-01T21:59:27.045051,62.5,0.1316,65.3,0.1422,1000.0,0.0,4.199,87.4,99,0,60.0,2026-05-01T22:00:27.044828,4.211
2026-05-01T21:59:27.160134,62.5,0.1316,65.3,0.1431,1000.0,0.0,4.199,87.4,99,0,60.0,2026-05-01T22:00:27.159770,4.211
2026-05-01T21:59:27.958541,62.53,0.1309,65.33,0.1438,1000.0,0.0,4.199,87.4,99,0,60.0,2026-05-01T22:00:27.958339,4.211
2026-05-01T21:59:28.035449,62.53,0.1309,65.33,0.1438,1000.0,0.0,4.199,87.4,99,0,60.0,2026-05-01T22:00:28.035242,4.211
2026-05-01T21:59:28.964520,62.53,0.1309,65.37,0.144,1000.0,0.0,4.199,87.4,99,0,60.0,2026-05-01T22:00:28.964253,4.211
2026-05-01T21:59:29.031120,62.57,0.1333,65.37,0.1442,1000.0,0.0,4.199,87.4,99,0,60.0,2026-05-01T22:00:29.030905,4.211
2026-05-01T21:59:29.096697,62.57,0.1333,65.37,0.145,1000.0,0.0,4.199,87.4,99,0,60.0,2026-05-01T22:00:29.096377,4.211
2026-05-01T21:59:30.021078,62.62,0.1333,65.41,0.1457,1000.0,0.0,4.199,87.4,99,0,60.0,2026-05-01T22:00:30.020883,4.211
2026-05-01T21:59:30.084402,62.62,0.1282,65.42,0.1433,1000.0,0.0,4.199,87.4,99,0,60.0,2026-05-01T22:00:30.084209,4.211
2026-05-01T21:59:30.152544,62.62,0.1282,65.42,0.1425,1000.0,0.0,4.199,87.4,99,0,60.0,2026-05-01T22:00:30.152348,4.211
2026-05-01T21:59:31.079222,62.66,0.1249,65.46,0.1413,1000.0,0.0,4.199,87.3,99,0,60.0,2026-05-01T22:00:31.079035,4.211
2026-05-01T21:59:31.146188,62.66,0.1282,65.46,0.141,1000.0,0.0,4.199,87.3,99,0,60.0,2026-05-01T22:00:31.145997,4.211
2026-05-01T21:59:31.213728,62.66,0.1282,65.46,0.141,1000.0,0.0,4.199,87.3,99,0,60.0,2026-05-01T22:00:31.213507,4.211
2026-05-01T21:59:32.226878,62.7,0.1325,65.5,0.1419,1000.0,0.0,4.199,87.3,99,0,60.0,2026-05-01T22:00:32.226455,4.211
2026-05-01T21:59:32.428049,62.7,0.1325,65.51,0.1436,1000.0,0.0,4.199,87.3,99,0,60.0,2026-05-01T22:00:32.427695,4.211
2026-05-01T21:59:32.727520,62.7,0.1325,65.51,0.1445,1000.0,0.0,4.199,87.3,99,0,60.0,2026-05-01T22:00:32.727112,4.211
2026-05-01T21:59:33.190908,62.73,0.1392,65.53,0.1456,1000.0,0.0,4.199,87.3,99,0,60.0,2026-05-01T22:00:33.190721,4.211
2026-05-01T21:59:33.255507,62.73,0.1392,65.54,0.1482,1000.0,0.0,4.199,87.3,99,0,60.0,2026-05-01T22:00:33.255335,4.211
2026-05-01T21:59:34.207942,62.73,0.1392,65.57,0.1501,1000.0,0.0,4.199,87.3,99,0,60.0,2026-05-01T22:00:34.207743,4.211
2026-05-01T21:59:34.267106,62.78,0.1392,65.58,0.1505,1000.0,0.0,4.199,87.3,99,0,60.0,2026-05-01T22:00:34.266922,4.211
2026-05-01T21:59:34.323817,62.78,0.1392,65.58,0.1512,1000.0,0.0,4.199,87.3,99,0,60.0,2026-05-01T22:00:34.323661,4.211
2026-05-01T21:59:35.266691,62.83,0.1392,65.62,0.1519,1000.0,0.0,4.199,87.3,99,0,60.0,2026-05-01T22:00:35.266448,4.211
2026-05-01T21:59:35.323536,62.83,0.14,65.62,0.1515,1000.0,0.0,4.199,87.3,99,0,60.0,2026-05-01T22:00:35.323372,4.211
2026-05-01T21:59:35.379374,62.83,0.14,65.63,0.1521,1000.0,0.0,4.199,87.3,99,0,60.0,2026-05-01T22:00:35.379079,4.211
2026-05-01T21:59:36.320690,62.85,0.135,65.66,0.1519,1000.0,0.0,4.199,87.3,99,0,60.0,2026-05-01T22:00:36.320508,4.211
2026-05-01T21:59:36.377797,62.85,0.1282,65.65,0.147,1000.0,0.0,4.199,87.3,99,0,60.0,2026-05-01T22:00:36.377632,4.211
2026-05-01T21:59:36.436979,62.85,0.1282,65.65,0.145,1000.0,0.0,4.199,87.3,99,0,60.0,2026-05-01T22:00:36.436838,4.211
2026-05-01T21:59:37.389117,62.89,0.1274,65.69,0.1427,1000.0,0.0,4.199,87.3,99,0,60.0,2026-05-01T22:00:37.388880,4.211
2026-05-01T21:59:37.490236,62.89,0.1282,65.69,0.1421,1000.0,0.0,4.199,87.3,99,0,60.0,2026-05-01T22:00:37.489935,4.211
2026-05-01T21:59:37.703430,62.89,0.1282,65.69,0.1419,1000.0,0.0,4.199,87.3,99,0,60.0,2026-05-01T22:00:37.702918,4.211
2026-05-01T21:59:38.431890,62.94,0.1453,65.73,0.1453,1000.0,0.0,4.199,87.3,99,0,60.0,2026-05-01T22:00:38.431581,4.211
2026-05-01T21:59:38.488142,62.94,0.1453,65.73,0.1506,1000.0,0.0,4.199,87.3,99,0,60.0,2026-05-01T22:00:38.487988,4.211
2026-05-01T21:59:39.451581,62.94,0.1453,65.77,0.1543,1000.0,0.0,4.199,87.3,99,0,60.0,2026-05-01T22:00:39.451376,4.211
2026-05-01T21:59:39.519853,62.97,0.1444,65.77,0.1559,1000.0,0.0,4.199,87.2,99,0,60.0,2026-05-01T22:00:39.519630,4.211
2026-05-01T21:59:39.584113,62.97,0.1444,65.77,0.1566,1000.0,0.0,4.199,87.2,99,0,60.0,2026-05-01T22:00:39.583921,4.211
2026-05-01T21:59:40.508313,63.0,0.1444,65.8,0.1573,1000.0,0.0,4.199,87.2,99,0,60.0,2026-05-01T22:00:40.508080,4.211
2026-05-01T21:59:40.615086,63.0,0.1409,65.8,0.1557,1000.0,0.0,4.199,87.2,99,0,60.0,2026-05-01T22:00:40.596452,4.211
2026-05-01T21:59:40.914789,63.0,0.1409,65.81,0.155,1000.0,0.0,4.199,87.2,99,0,60.0,2026-05-01T22:00:40.914151,4.211
2026-05-01T21:59:41.553392,63.04,0.1391,65.83,0.1543,1000.0,0.0,4.199,87.2,99,0,60.0,2026-05-01T22:00:41.553204,4.211
2026-05-01T21:59:41.620625,63.04,0.1418,65.84,0.1544,1000.0,0.0,4.199,87.2,99,0,60.0,2026-05-01T22:00:41.620442,4.211
2026-05-01T21:59:41.685778,63.04,0.1418,65.84,0.1546,1000.0,0.0,4.199,87.2,99,0,60.0,2026-05-01T22:00:41.685595,4.211
2026-05-01T21:59:42.715117,63.08,0.1418,65.88,0.1546,1000.0,0.0,4.199,87.2,99,0,60.0,2026-05-01T22:00:42.714727,4.211
2026-05-01T21:59:43.042179,63.08,0.1476,65.88,0.1575,1000.0,0.0,4.199,87.2,99,0,60.0,2026-05-01T22:00:43.012806,4.211
2026-05-01T21:59:43.335144,63.08,0.1476,65.9,0.1593,1000.0,0.0,4.199,87.2,99,0,60.0,2026-05-01T22:00:43.334787,4.211
2026-05-01T21:59:43.698295,63.1,0.1493,65.91,0.1605,1000.0,0.0,4.199,87.2,99,0,60.0,2026-05-01T22:00:43.697977,4.211
2026-05-01T21:59:43.821585,63.1,0.1493,65.91,0.1613,1000.0,0.0,4.199,87.2,99,0,60.0,2026-05-01T22:00:43.820363,4.211
2026-05-01T21:59:44.791035,63.1,0.1493,65.94,0.1621,1000.0,0.0,4.199,87.2,99,0,60.0,2026-05-01T22:00:44.783507,4.211
2026-05-01T21:59:44.984219,63.13,0.1494,65.94,0.1611,1000.0,0.0,4.199,87.2,99,0,60.0,2026-05-01T22:00:44.983887,4.211
2026-05-01T21:59:45.080909,63.13,0.1494,65.94,0.1618,1000.0,0.0,4.199,87.2,99,0,60.0,2026-05-01T22:00:45.080428,4.211
2026-05-01T21:59:45.744618,63.17,0.1494,65.97,0.1624,1000.0,0.0,4.199,87.2,99,0,60.0,2026-05-01T22:00:45.744431,4.211
2026-05-01T21:59:45.800449,63.17,0.1418,65.97,0.1584,1000.0,0.0,4.199,87.2,99,0,60.0,2026-05-01T22:00:45.800273,4.211
2026-05-01T21:59:45.859412,63.17,0.1418,65.97,0.1572,1000.0,0.0,4.199,87.2,99,0,60.0,2026-05-01T22:00:45.859234,4.211
2026-05-01T21:59:46.818006,63.21,0.1418,66.01,0.1561,1000.0,0.0,4.199,87.2,99,0,60.0,2026-05-01T22:00:46.817738,4.211
2026-05-01T21:59:46.928335,63.21,0.1418,66.01,0.1551,1000.0,0.0,4.199,87.2,99,0,60.0,2026-05-01T22:00:46.927851,4.211
2026-05-01T21:59:47.101388,63.21,0.1418,66.02,0.1551,1000.0,0.0,4.199,87.2,99,0,60.0,2026-05-01T22:00:47.100931,4.211
2026-05-01T21:59:47.882250,63.25,0.1358,66.05,0.1536,1000.0,0.0,4.199,87.2,99,0,60.0,2026-05-01T22:00:47.882015,4.211
2026-05-01T21:59:47.959173,63.25,0.1392,66.06,0.1531,1000.0,0.0,4.199,87.2,99,0,60.0,2026-05-01T22:00:47.958980,4.211
2026-05-01T21:59:48.037868,63.25,0.1392,66.06,0.1529,1000.0,0.0,4.199,87.2,99,0,60.0,2026-05-01T22:00:48.037668,4.211
2026-05-01T21:59:48.915095,63.31,0.1392,66.1,0.1529,1000.0,0.0,4.199,87.1,99,0,60.0,2026-05-01T22:00:48.914813,4.211
2026-05-01T21:59:48.981978,63.31,0.1392,66.1,0.1528,1000.0,0.0,4.199,87.1,99,0,60.0,2026-05-01T22:00:48.981723,4.211
2026-05-01T21:59:49.925087,63.31,0.1392,66.14,0.1529,1000.0,0.0,4.199,87.1,99,0,60.0,2026-05-01T22:00:49.924895,4.211
2026-05-01T21:59:49.990480,63.36,0.1418,66.15,0.1509,1000.0,0.0,4.199,87.1,99,0,60.0,2026-05-01T22:00:49.990295,4.211
2026-05-01T21:59:50.056983,63.36,0.1418,66.15,0.1526,1000.0,0.0,4.199,87.1,99,0,60.0,2026-05-01T22:00:50.056799,4.211
2026-05-01T21:59:50.989080,63.41,0.1418,66.19,0.154,1000.0,0.0,4.199,87.1,99,0,60.0,2026-05-01T22:00:50.988871,4.211
2026-05-01T21:59:51.056946,63.41,0.1426,66.2,0.1536,1000.0,0.0,4.199,87.1,99,0,60.0,2026-05-01T22:00:51.056768,4.211
2026-05-01T21:59:51.126712,63.41,0.1426,66.21,0.1545,1000.0,0.0,4.199,87.1,99,0,60.0,2026-05-01T22:00:51.126527,4.211
2026-05-01T21:59:52.043303,63.46,0.1323,66.25,0.1539,1000.0,0.0,4.199,87.1,99,0,60.0,2026-05-01T22:00:52.043133,4.211
2026-05-01T21:59:52.107398,63.46,0.1384,66.25,0.1524,1000.0,0.0,4.199,87.1,99,0,60.0,2026-05-01T22:00:52.107195,4.211
2026-05-01T21:59:52.173235,63.46,0.1384,66.26,0.1522,1000.0,0.0,4.199,87.1,99,0,60.0,2026-05-01T22:00:52.173059,4.211
2026-05-01T21:59:53.106273,63.51,0.1384,66.3,0.1513,1000.0,0.0,4.199,87.1,99,0,60.0,2026-05-01T22:00:53.106065,4.211
2026-05-01T21:59:53.172825,63.51,0.1384,66.31,0.1516,1000.0,0.0,4.199,87.1,99,0,60.0,2026-05-01T22:00:53.172651,4.211
2026-05-01T21:59:53.241983,63.51,0.1384,66.31,0.1517,1000.0,0.0,4.199,87.1,99,0,60.0,2026-05-01T22:00:53.241793,4.211
2026-05-01T21:59:54.156302,63.54,0.1392,66.33,0.1493,1000.0,0.0,4.199,87.1,99,0,60.0,2026-05-01T22:00:54.156146,4.211
2026-05-01T21:59:54.212745,63.54,0.1392,66.33,0.1507,1000.0,0.0,4.199,87.1,99,0,60.0,2026-05-01T22:00:54.212579,4.211
2026-05-01T21:59:55.173091,63.54,0.1392,66.37,0.1517,1000.0,0.0,4.199,87.1,99,0,60.0,2026-05-01T22:00:55.172877,4.211
2026-05-01T21:59:55.238770,63.59,0.1408,66.38,0.1514,1000.0,0.0,4.199,87.0,99,0,60.0,2026-05-01T22:00:55.238583,4.211
2026-05-01T21:59:55.305860,63.59,0.1408,66.38,0.1525,1000.0,0.0,4.199,87.0,99,0,60.0,2026-05-01T22:00:55.305650,4.211
2026-05-01T21:59:56.226196,63.66,0.1408,66.42,0.1537,1000.0,0.0,4.199,87.0,99,0,60.0,2026-05-01T22:00:56.226027,4.211
2026-05-01T21:59:56.284974,63.66,0.1408,66.44,0.1539,1000.0,0.0,4.199,87.0,99,0,60.0,2026-05-01T22:00:56.284784,4.211
2026-05-01T21:59:56.345015,63.66,0.1408,66.45,0.1541,1000.0,0.0,4.199,87.0,99,0,60.0,2026-05-01T22:00:56.344827,4.211
2026-05-01T21:59:57.285080,63.73,0.1392,66.5,0.1541,1000.0,0.0,4.199,87.0,99,0,60.0,2026-05-01T22:00:57.284878,4.211
2026-05-01T21:59:57.341717,63.73,0.146,66.51,0.1561,1000.0,0.0,4.199,87.0,99,0,60.0,2026-05-01T22:00:57.341562,4.211
2026-05-01T21:59:57.399264,63.73,0.146,66.52,0.1574,1000.0,0.0,4.199,87.0,99,0,60.0,2026-05-01T22:00:57.399054,4.211
2026-05-01T21:59:58.342571,63.77,0.1342,66.55,0.1572,1000.0,0.0,4.199,87.0,99,0,60.0,2026-05-01T22:00:58.342389,4.211
2026-05-01T21:59:58.400390,63.77,0.146,66.56,0.1582,1000.0,0.0,4.199,87.0,99,0,60.0,2026-05-01T22:00:58.400206,4.211
2026-05-01T21:59:58.464768,63.77,0.146,66.56,0.1587,1000.0,0.0,4.199,87.0,99,0,60.0,2026-05-01T22:00:58.464532,4.211
2026-05-01T21:59:59.398468,63.82,0.1426,66.6,0.1561,1000.0,0.0,4.199,87.0,99,0,60.0,2026-05-01T22:00:59.398138,4.211
2026-05-01T21:59:59.454319,63.82,0.1426,66.6,0.1562,1000.0,0.0,4.199,87.0,99,0,60.0,2026-05-01T22:00:59.454157,4.211
2026-05-01T22:00:00.432405,63.82,0.1426,66.64,0.1564,1000.0,0.0,4.199,87.0,99,0,60.0,2026-05-01T22:01:00.431975,4.211
2026-05-01T22:00:00.584707,63.87,0.1451,66.65,0.157,1000.0,0.0,4.199,86.9,99,0,60.0,2026-05-01T22:01:00.583629,4.211
2026-05-01T22:00:00.791274,63.87,0.1451,66.66,0.1578,1000.0,0.0,4.199,86.9,99,0,60.0,2026-05-01T22:01:00.778165,4.211
2026-05-01T22:00:01.475811,63.92,0.1451,66.69,0.1586,1000.0,0.0,4.199,86.9,99,0,60.0,2026-05-01T22:01:01.475610,4.211
2026-05-01T22:00:01.579200,63.92,0.1468,66.7,0.159,1000.0,0.0,4.199,86.9,99,0,60.0,2026-05-01T22:01:01.578912,4.211
2026-05-01T22:00:01.745764,63.92,0.1468,66.71,0.1597,1000.0,0.0,4.199,86.9,99,0,60.0,2026-05-01T22:01:01.745340,4.211
2026-05-01T22:00:02.529362,63.95,0.1468,66.74,0.1603,1000.0,0.0,4.199,86.9,99,0,60.0,2026-05-01T22:01:02.528926,4.211
2026-05-01T22:00:02.729588,63.95,0.1468,66.75,0.1598,1000.0,0.0,4.199,86.9,99,0,60.0,2026-05-01T22:01:02.729247,4.211
2026-05-01T22:00:02.900593,63.95,0.1468,66.75,0.1602,1000.0,0.0,4.199,86.9,99,0,60.0,2026-05-01T22:01:02.899805,4.211
2026-05-01T22:00:03.584170,64.0,0.1392,66.78,0.1585,1000.0,0.0,4.199,86.9,99,0,60.0,2026-05-01T22:01:03.583981,4.212
2026-05-01T22:00:03.648196,64.0,0.1494,66.79,0.1605,1000.0,0.0,4.199,86.9,99,0,60.0,2026-05-01T22:01:03.647962,4.212
2026-05-01T22:00:03.714891,64.0,0.1494,66.79,0.1615,1000.0,0.0,4.199,86.9,99,0,60.0,2026-05-01T22:01:03.714701,4.212
2026-05-01T22:00:04.691025,64.04,0.1521,66.83,0.1632,1000.0,0.0,4.199,86.9,99,0,60.0,2026-05-01T22:01:04.690829,4.212
2026-05-01T22:00:04.755373,64.04,0.1521,66.83,0.1644,1000.0,0.0,4.199,86.9,99,0,60.0,2026-05-01T22:01:04.755135,4.212
2026-05-01T22:00:05.655345,64.04,0.1521,66.87,0.1652,1000.0,0.0,4.199,86.9,99,0,60.0,2026-05-01T22:01:05.655150,4.212
2026-05-01T22:00:05.710404,64.09,0.1521,66.88,0.1654,1000.0,0.0,4.199,86.9,99,0,60.0,2026-05-01T22:01:05.710233,4.212
2026-05-01T22:00:05.774218,64.09,0.1521,66.88,0.1657,1000.0,0.0,4.199,86.9,99,0,60.0,2026-05-01T22:01:05.774003,4.212
2026-05-01T22:00:06.762184,64.13,0.1521,66.92,0.1661,1000.0,0.0,4.199,86.9,99,0,60.0,2026-05-01T22:01:06.761726,4.212
2026-05-01T22:00:06.871870,64.13,0.1552,66.92,0.1674,1000.0,0.0,4.199,86.9,99,0,60.0,2026-05-01T22:01:06.871331,4.212
2026-05-01T22:00:06.971860,64.13,0.1552,66.93,0.1682,1000.0,0.0,4.199,86.9,99,0,60.0,2026-05-01T22:01:06.971307,4.212
2026-05-01T22:00:07.765163,64.16,0.14,66.96,0.1665,1000.0,0.0,4.199,86.8,99,0,60.0,2026-05-01T22:01:07.764958,4.212
2026-05-01T22:00:07.820598,64.16,0.1477,66.96,0.1637,1000.0,0.0,4.199,86.8,99,0,60.0,2026-05-01T22:01:07.820437,4.212
2026-05-01T22:00:07.877927,64.16,0.1477,66.96,0.163,1000.0,0.0,4.199,86.8,99,0,60.0,2026-05-01T22:01:07.877745,4.212
2026-05-01T22:00:08.842459,64.22,0.1451,67.0,0.1609,1000.0,0.0,4.199,86.8,99,0,60.0,2026-05-01T22:01:08.841891,4.212
2026-05-01T22:00:08.936231,64.22,0.1451,67.0,0.1601,1000.0,0.0,4.199,86.8,99,0,60.0,2026-05-01T22:01:08.935866,4.212
2026-05-01T22:00:09.032076,64.22,0.1451,67.01,0.1598,1000.0,0.0,4.199,86.8,99,0,60.0,2026-05-01T22:01:09.031779,4.212
2026-05-01T22:00:09.869249,64.26,0.1451,67.04,0.1573,1000.0,0.0,4.199,86.8,99,0,60.0,2026-05-01T22:01:09.869055,4.212
2026-05-01T22:00:09.925781,64.26,0.1451,67.05,0.158,1000.0,0.0,4.199,86.8,99,0,60.0,2026-05-01T22:01:09.925623,4.212
2026-05-01T22:00:10.900581,64.26,0.1451,67.08,0.1587,1000.0,0.0,4.199,86.8,99,0,60.0,2026-05-01T22:01:10.900199,4.212
2026-05-01T22:00:10.996581,64.3,0.1493,67.09,0.1594,1000.0,0.0,4.199,86.8,99,0,60.0,2026-05-01T22:01:10.996332,4.212
2026-05-01T22:00:11.095359,64.3,0.1493,67.09,0.161,1000.0,0.0,4.199,86.8,99,0,60.0,2026-05-01T22:01:11.094902,4.212
2026-05-01T22:00:11.946299,64.33,0.1493,67.12,0.1624,1000.0,0.0,4.199,86.8,99,0,60.0,2026-05-01T22:01:11.946126,4.212
2026-05-01T22:00:12.006358,64.33,0.14,67.12,0.1581,1000.0,0.0,4.199,86.8,99,0,60.0,2026-05-01T22:01:12.006175,4.212
2026-05-01T22:00:12.074661,64.33,0.14,67.12,0.1566,1000.0,0.0,4.199,86.8,99,0,60.0,2026-05-01T22:01:12.074424,4.212
2026-05-01T22:00:13.007275,64.39,0.1392,67.16,0.1552,1000.0,0.0,4.199,86.8,99,0,60.0,2026-05-01T22:01:13.007072,4.212
2026-05-01T22:00:13.078308,64.39,0.1476,67.17,0.1575,1000.0,0.0,4.199,86.8,99,0,60.0,2026-05-01T22:01:13.078089,4.212
2026-05-01T22:00:13.358435,64.39,0.1476,67.18,0.159,1000.0,0.0,4.199,86.8,99,0,60.0,2026-05-01T22:01:13.356525,4.212
2026-05-01T22:00:14.064327,64.42,0.1476,67.21,0.1607,1000.0,0.0,4.199,86.8,99,0,60.0,2026-05-01T22:01:14.064040,4.212
2026-05-01T22:00:14.129190,64.42,0.1578,67.21,0.1655,1000.0,0.0,4.199,86.8,99,0,60.0,2026-05-01T22:01:14.129007,4.212
2026-05-01T22:00:14.194046,64.42,0.1578,67.21,0.1678,1000.0,0.0,4.199,86.8,99,0,60.0,2026-05-01T22:01:14.193854,4.212
2026-05-01T22:00:15.144296,64.47,0.1578,67.25,0.1692,1000.0,0.0,4.199,86.7,99,0,60.0,2026-05-01T22:01:15.144057,4.212
2026-05-01T22:00:15.244905,64.47,0.1578,67.26,0.1704,1000.0,0.0,4.199,86.7,99,0,60.0,2026-05-01T22:01:15.244588,4.212
2026-05-01T22:00:16.130061,64.47,0.1578,67.29,0.1713,1000.0,0.0,4.199,86.7,99,0,60.0,2026-05-01T22:01:16.129845,4.212
2026-05-01T22:00:16.187858,64.53,0.1494,67.31,0.1677,1000.0,0.0,4.199,86.7,99,0,60.0,2026-05-01T22:01:16.187690,4.212
2026-05-01T22:00:16.244309,64.53,0.1494,67.32,0.1662,1000.0,0.0,4.199,86.7,99,0,60.0,2026-05-01T22:01:16.244136,4.212
2026-05-01T22:00:17.191235,64.57,0.1494,67.35,0.165,1000.0,0.0,4.199,86.7,99,0,60.0,2026-05-01T22:01:17.191010,4.212
2026-05-01T22:00:17.272237,64.57,0.1485,67.36,0.1635,1000.0,0.0,4.199,86.7,99,0,60.0,2026-05-01T22:01:17.271997,4.212
2026-05-01T22:00:17.377528,64.57,0.1485,67.36,0.1632,1000.0,0.0,4.199,86.7,99,0,60.0,2026-05-01T22:01:17.377179,4.212
2026-05-01T22:00:18.242537,64.65,0.1485,67.4,0.1631,1000.0,0.0,4.199,86.7,99,0,60.0,2026-05-01T22:01:18.242359,4.212
2026-05-01T22:00:18.301099,64.65,0.1544,67.42,0.1652,1000.0,0.0,4.199,86.7,99,0,60.0,2026-05-01T22:01:18.300911,4.212
2026-05-01T22:00:18.364721,64.65,0.1544,67.43,0.1664,1000.0,0.0,4.199,86.7,99,0,60.0,2026-05-01T22:01:18.364416,4.212
2026-05-01T22:00:19.300563,64.7,0.1544,67.47,0.167,1000.0,0.0,4.199,86.7,99,0,60.0,2026-05-01T22:01:19.300358,4.212
2026-05-01T22:00:19.356280,64.7,0.1544,67.47,0.1678,1000.0,0.0,4.199,86.7,99,0,60.0,2026-05-01T22:01:19.356123,4.212
2026-05-01T22:00:19.413015,64.7,0.1544,67.48,0.1681,1000.0,0.0,4.199,86.7,99,0,60.0,2026-05-01T22:01:19.412718,4.212
2026-05-01T22:00:20.355777,64.76,0.1436,67.52,0.1647,1000.0,0.0,4.199,86.6,99,0,60.0,2026-05-01T22:01:20.355566,4.212
2026-05-01T22:00:20.419406,64.76,0.1436,67.53,0.1618,1000.0,0.0,4.199,86.6,99,0,60.0,2026-05-01T22:01:20.419196,4.212
2026-05-01T22:00:21.371385,64.76,0.1436,67.57,0.1603,1000.0,0.0,4.199,86.6,99,0,60.0,2026-05-01T22:01:21.371196,4.212
2026-05-01T22:00:21.428643,64.81,0.1593,67.58,0.1625,1000.0,0.0,4.199,86.6,99,0,60.0,2026-05-01T22:01:21.428456,4.212
2026-05-01T22:00:21.495062,64.81,0.1593,67.59,0.1668,1000.0,0.0,4.199,86.6,99,0,60.0,2026-05-01T22:01:21.494897,4.212
2026-05-01T22:00:22.428725,64.87,0.1593,67.63,0.1705,1000.0,0.0,4.199,86.6,99,0,60.0,2026-05-01T22:01:22.428559,4.212
2026-05-01T22:00:22.490471,64.87,0.1593,67.64,0.1721,1000.0,0.0,4.199,86.6,99,0,60.0,2026-05-01T22:01:22.490295,4.212
2026-05-01T22:00:22.566248,64.87,0.1593,67.64,0.1727,1000.0,0.0,4.199,86.6,99,0,60.0,2026-05-01T22:01:22.559386,4.212
2026-05-01T22:00:23.489447,64.92,0.1586,67.69,0.1733,1000.0,0.0,4.199,86.6,99,0,60.0,2026-05-01T22:01:23.489254,4.212
2026-05-01T22:00:23.564849,64.92,0.1586,67.69,0.1733,1000.0,0.0,4.199,86.6,99,0,60.0,2026-05-01T22:01:23.564583,4.212
2026-05-01T22:00:23.636938,64.92,0.1586,67.7,0.1732,1000.0,0.0,4.199,86.6,99,0,60.0,2026-05-01T22:01:23.636748,4.212
2026-05-01T22:00:24.544753,64.99,0.1519,67.75,0.1718,1000.0,0.0,4.199,86.6,99,0,60.0,2026-05-01T22:01:24.543573,4.212
2026-05-01T22:00:24.698142,64.99,0.1543,67.76,0.1706,1000.0,0.0,4.199,86.6,99,0,60.0,2026-05-01T22:01:24.697914,4.212
2026-05-01T22:00:24.764211,64.99,0.1543,67.77,0.17,1000.0,0.0,4.199,86.6,99,0,60.0,2026-05-01T22:01:24.764008,4.212
2026-05-01T22:00:25.633799,65.04,0.1519,67.81,0.1686,1000.0,0.0,4.199,86.5,99,0,60.0,2026-05-01T22:01:25.633496,4.212
2026-05-01T22:00:25.739670,65.04,0.1519,67.82,0.1677,1000.0,0.0,4.199,86.5,99,0,60.0,2026-05-01T22:01:25.739197,4.212
2026-05-01T22:00:26.654687,65.04,0.1519,67.85,0.1673,1000.0,0.0,4.199,86.5,99,0,60.0,2026-05-01T22:01:26.654472,4.212
2026-05-01T22:00:26.712758,65.12,0.1561,67.88,0.1669,1000.0,0.0,4.199,86.5,99,0,60.0,2026-05-01T22:01:26.712589,4.212
2026-05-01T22:00:26.774098,65.12,0.1561,67.89,0.1683,1000.0,0.0,4.199,86.5,99,0,60.0,2026-05-01T22:01:26.773910,4.212
2026-05-01T22:00:27.672887,65.18,0.1561,67.93,0.1697,1000.0,0.0,4.199,86.5,99,0,60.0,2026-05-01T22:01:27.672703,4.212
2026-05-01T22:00:27.737309,65.18,0.1637,67.95,0.1725,1000.0,0.0,4.199,86.5,99,0,60.0,2026-05-01T22:01:27.737144,4.212
2026-05-01T22:00:27.816859,65.18,0.1637,67.95,0.1747,1000.0,0.0,4.199,86.5,99,0,60.0,2026-05-01T22:01:27.816567,4.212
2026-05-01T22:00:28.720904,65.23,0.1602,67.99,0.1763,1000.0,0.0,4.199,86.5,99,0,60.0,2026-05-01T22:01:28.720701,4.212
2026-05-01T22:00:28.787546,65.23,0.1602,68.0,0.1754,1000.0,0.0,4.199,86.5,99,0,60.0,2026-05-01T22:01:28.787331,4.212
2026-05-01T22:00:28.872847,65.23,0.1602,68.01,0.1753,1000.0,0.0,4.199,86.5,99,0,60.0,2026-05-01T22:01:28.872609,4.212
2026-05-01T22:00:29.785603,65.28,0.1569,68.05,0.1743,1000.0,0.0,4.199,86.5,99,0,60.0,2026-05-01T22:01:29.785428,4.212
2026-05-01T22:00:29.861988,65.28,0.1603,68.05,0.1747,1000.0,0.0,4.199,86.5,99,0,60.0,2026-05-01T22:01:29.861742,4.212
2026-05-01T22:00:29.966259,65.28,0.1603,68.06,0.1748,1000.0,0.0,4.199,86.5,99,0,60.0,2026-05-01T22:01:29.965950,4.212
2026-05-01T22:00:30.845281,65.35,0.162,68.11,0.1753,1000.0,0.0,4.199,86.4,99,0,60.0,2026-05-01T22:01:30.845063,4.212
2026-05-01T22:00:30.922572,65.35,0.162,68.12,0.1759,1000.0,0.0,4.199,86.4,99,0,60.0,2026-05-01T22:01:30.922351,4.212
2026-05-01T22:00:31.873723,65.35,0.162,68.16,0.1766,1000.0,0.0,4.199,86.4,99,0,60.0,2026-05-01T22:01:31.873201,4.212
2026-05-01T22:00:32.025339,65.38,0.162,68.16,0.1763,1000.0,0.0,4.199,86.4,99,0,60.0,2026-05-01T22:01:32.025070,4.212
2026-05-01T22:00:32.212480,65.38,0.162,68.17,0.1766,1000.0,0.0,4.199,86.4,99,0,60.0,2026-05-01T22:01:32.212063,4.212
2026-05-01T22:00:32.945379,65.42,0.162,68.19,0.1769,1000.0,0.0,4.199,86.4,99,0,60.0,2026-05-01T22:01:32.945003,4.212
2026-05-01T22:00:33.061347,65.42,0.1637,68.2,0.1766,1000.0,0.0,4.199,86.4,99,0,60.0,2026-05-01T22:01:33.061057,4.212
2026-05-01T22:00:33.170058,65.42,0.1637,68.2,0.1774,1000.0,0.0,4.199,86.4,99,0,60.0,2026-05-01T22:01:33.169737,4.212
2026-05-01T22:00:33.971105,65.46,0.1637,68.24,0.1781,1000.0,0.0,4.199,86.4,99,0,60.0,2026-05-01T22:01:33.970908,4.212
2026-05-01T22:00:34.039044,65.46,0.1586,68.24,0.1761,1000.0,0.0,4.199,86.4,99,0,60.0,2026-05-01T22:01:34.038861,4.212
2026-05-01T22:00:34.122839,65.46,0.1586,68.24,0.1752,1000.0,0.0,4.199,86.4,99,0,60.0,2026-05-01T22:01:34.122581,4.212
2026-05-01T22:00:35.056429,65.5,0.1494,68.28,0.1718,1000.0,0.0,4.199,86.4,99,0,60.0,2026-05-01T22:01:35.055997,4.212
2026-05-01T22:00:35.156942,65.5,0.1586,68.28,0.1726,1000.0,0.0,4.199,86.4,99,0,60.0,2026-05-01T22:01:35.156636,4.212
2026-05-01T22:00:35.255254,65.5,0.1586,68.29,0.1729,1000.0,0.0,4.199,86.4,99,0,60.0,2026-05-01T22:01:35.255020,4.212
2026-05-01T22:00:36.080276,65.56,0.162,68.33,0.1732,1000.0,0.0,4.199,86.4,99,0,60.0,2026-05-01T22:01:36.080000,4.212
2026-05-01T22:00:36.136361,65.56,0.162,68.34,0.1747,1000.0,0.0,4.199,86.4,99,0,60.0,2026-05-01T22:01:36.136171,4.212
2026-05-01T22:00:37.096186,65.56,0.162,68.37,0.1759,1000.0,0.0,4.199,86.4,99,0,60.0,2026-05-01T22:01:37.095990,4.212
2026-05-01T22:00:37.155189,65.58,0.1552,68.37,0.1733,1000.0,0.0,4.199,86.4,99,0,60.0,2026-05-01T22:01:37.155021,4.212
2026-05-01T22:00:37.211490,65.58,0.1552,68.37,0.1722,1000.0,0.0,4.199,86.4,99,0,60.0,2026-05-01T22:01:37.211307,4.212
2026-05-01T22:00:38.152921,65.64,0.1552,68.41,0.1713,1000.0,0.0,4.199,86.4,99,0,60.0,2026-05-01T22:01:38.152725,4.212
2026-05-01T22:00:38.208835,65.64,0.158,68.41,0.1715,1000.0,0.0,4.199,86.4,99,0,60.0,2026-05-01T22:01:38.208653,4.212
2026-05-01T22:00:38.265374,65.64,0.158,68.42,0.1721,1000.0,0.0,4.199,86.4,99,0,60.0,2026-05-01T22:01:38.265164,4.212
2026-05-01T22:00:39.210035,65.66,0.158,68.44,0.1727,1000.0,0.0,4.199,86.3,99,0,60.0,2026-05-01T22:01:39.209819,4.212
2026-05-01T22:00:39.275743,65.66,0.1628,68.43,0.1749,1000.0,0.0,4.199,86.3,99,0,60.0,2026-05-01T22:01:39.275554,4.212
2026-05-01T22:00:39.354629,65.66,0.1628,68.43,0.176,1000.0,0.0,4.199,86.3,99,0,60.0,2026-05-01T22:01:39.354359,4.212
2026-05-01T22:00:40.268175,65.72,0.1628,68.47,0.1769,1000.0,0.0,4.199,86.3,99,0,60.0,2026-05-01T22:01:40.267981,4.212
2026-05-01T22:00:40.332083,65.72,0.1651,68.48,0.1783,1000.0,0.0,4.199,86.3,99,0,60.0,2026-05-01T22:01:40.331870,4.212
2026-05-01T22:00:40.395942,65.72,0.1651,68.49,0.179,1000.0,0.0,4.199,86.3,99,0,60.0,2026-05-01T22:01:40.395770,4.212
2026-05-01T22:00:41.319870,65.75,0.1628,68.52,0.179,1000.0,0.0,4.199,86.3,99,0,60.0,2026-05-01T22:01:41.319681,4.212
2026-05-01T22:00:41.376144,65.75,0.1628,68.52,0.1786,1000.0,0.0,4.199,86.3,99,0,60.0,2026-05-01T22:01:41.375956,4.212
2026-05-01T22:00:42.336679,65.75,0.1628,68.55,0.1786,1000.0,0.0,4.199,86.3,99,0,60.0,2026-05-01T22:01:42.336480,4.212
2026-05-01T22:00:42.394088,65.79,0.1584,68.56,0.1761,1000.0,0.0,4.199,86.3,99,0,60.0,2026-05-01T22:01:42.393915,4.212
2026-05-01T22:00:42.451614,65.79,0.1584,68.56,0.175,1000.0,0.0,4.199,86.3,99,0,60.0,2026-05-01T22:01:42.451434,4.212
2026-05-01T22:00:43.392519,65.84,0.1584,68.6,0.1745,1000.0,0.0,4.199,86.3,99,0,60.0,2026-05-01T22:01:43.392328,4.212
2026-05-01T22:00:43.451222,65.84,0.1705,68.61,0.1773,1000.0,0.0,4.199,86.3,99,0,60.0,2026-05-01T22:01:43.451046,4.212
2026-05-01T22:00:43.508279,65.84,0.1705,68.61,0.1804,1000.0,0.0,4.199,86.3,99,0,60.0,2026-05-01T22:01:43.508089,4.212
2026-05-01T22:00:44.447950,65.88,0.1705,68.65,0.1835,1000.0,0.0,4.199,86.3,99,0,60.0,2026-05-01T22:01:44.447746,4.212
2026-05-01T22:00:44.505510,65.88,0.1723,68.65,0.1853,1000.0,0.0,4.199,86.3,99,0,60.0,2026-05-01T22:01:44.505351,4.212
2026-05-01T22:00:44.573689,65.88,0.1723,68.65,0.1861,1000.0,0.0,4.199,86.3,99,0,60.0,2026-05-01T22:01:44.566652,4.212
2026-05-01T22:00:45.584217,65.93,0.1704,68.69,0.1866,1000.0,0.0,4.199,86.3,99,0,60.0,2026-05-01T22:01:45.583759,4.212
2026-05-01T22:00:45.783693,65.93,0.1704,68.7,0.1862,1000.0,0.0,4.199,86.3,99,0,60.0,2026-05-01T22:01:45.783488,4.212
2026-05-01T22:00:45.969115,65.93,0.1704,68.71,0.186,1000.0,0.0,4.199,86.3,99,0,60.0,2026-05-01T22:01:45.968803,4.212
2026-05-01T22:00:46.605808,66.01,0.1721,68.76,0.185,1000.0,0.0,4.199,86.2,99,0,60.0,2026-05-01T22:01:46.592339,4.212
2026-05-01T22:00:46.867036,66.01,0.1721,68.78,0.1862,1000.0,0.0,4.199,86.2,98,0,60.0,2026-05-01T22:01:46.866615,4.212
2026-05-01T22:00:47.577214,66.01,0.1721,68.81,0.1869,1000.0,0.0,4.199,86.2,98,0,60.0,2026-05-01T22:01:47.577007,4.212
2026-05-01T22:00:47.643299,66.05,0.1721,68.82,0.1865,1000.0,0.0,4.199,86.2,98,0,60.0,2026-05-01T22:01:47.643104,4.212
2026-05-01T22:00:47.719003,66.05,0.1721,68.82,0.1869,1000.0,0.0,4.199,86.2,98,0,60.0,2026-05-01T22:01:47.718765,4.212
2026-05-01T22:00:48.678466,66.12,0.1721,68.86,0.1875,1000.0,0.0,4.199,86.2,98,0,60.0,2026-05-01T22:01:48.678259,4.212
2026-05-01T22:00:48.745141,66.12,0.1747,68.88,0.187,1000.0,0.0,4.199,86.2,98,0,60.0,2026-05-01T22:01:48.744923,4.212
2026-05-01T22:00:48.840978,66.12,0.1747,68.88,0.1882,1000.0,0.0,4.199,86.2,98,0,60.0,2026-05-01T22:01:48.840604,4.212
2026-05-01T22:00:49.688081,66.17,0.1651,68.92,0.1879,1000.0,0.0,4.199,86.2,98,0,60.0,2026-05-01T22:01:49.687871,4.212
2026-05-01T22:00:49.758966,66.17,0.1747,68.93,0.1889,1000.0,0.0,4.199,86.2,98,0,60.0,2026-05-01T22:01:49.758722,4.212
2026-05-01T22:00:49.853055,66.17,0.1747,68.94,0.1894,1000.0,0.0,4.199,86.2,98,0,60.0,2026-05-01T22:01:49.852238,4.212
2026-05-01T22:00:50.919711,66.21,0.1595,68.98,0.1869,1000.0,0.0,4.199,86.2,98,0,60.0,2026-05-01T22:01:50.912721,4.212
2026-05-01T22:00:51.074667,66.21,0.1696,68.98,0.1861,1000.0,0.0,4.199,86.2,99,0,60.0,2026-05-01T22:01:51.074290,4.212
2026-05-01T22:00:51.175649,66.21,0.1696,68.98,0.1857,1000.0,0.0,4.199,86.2,99,0,60.0,2026-05-01T22:01:51.175387,4.212
2026-05-01T22:00:51.805573,66.26,0.1755,69.02,0.1839,1000.0,0.0,4.199,86.1,99,0,60.0,2026-05-01T22:01:51.805382,4.212
2026-05-01T22:00:51.870999,66.26,0.1755,69.02,0.1868,1000.0,0.0,4.199,86.1,99,0,60.0,2026-05-01T22:01:51.870818,4.212
2026-05-01T22:00:52.811778,66.26,0.1755,69.06,0.1888,1000.0,0.0,4.199,86.1,99,0,60.0,2026-05-01T22:01:52.811576,4.212
2026-05-01T22:00:52.887932,66.33,0.1746,69.08,0.189,1000.0,0.0,4.199,86.1,99,0,60.0,2026-05-01T22:01:52.887722,4.212
2026-05-01T22:00:52.963779,66.33,0.1746,69.09,0.1895,1000.0,0.0,4.199,86.1,99,0,60.0,2026-05-01T22:01:52.963471,4.212
2026-05-01T22:00:53.869774,66.37,0.1746,69.13,0.1901,1000.0,0.0,4.199,86.1,99,0,60.0,2026-05-01T22:01:53.869573,4.212
2026-05-01T22:00:53.927310,66.37,0.1746,69.14,0.1889,1000.0,0.0,4.199,86.1,99,0,60.0,2026-05-01T22:01:53.927131,4.212
2026-05-01T22:00:53.987717,66.37,0.1746,69.14,0.1894,1000.0,0.0,4.199,86.1,99,0,60.0,2026-05-01T22:01:53.987525,4.212
2026-05-01T22:00:54.943719,66.42,0.1746,69.18,0.19,1000.0,0.0,4.199,86.1,98,0,60.0,2026-05-01T22:01:54.943452,4.212
2026-05-01T22:00:55.055135,66.42,0.1772,69.19,0.191,1000.0,0.0,4.199,86.1,98,0,60.0,2026-05-01T22:01:55.053239,4.212
2026-05-01T22:00:55.300398,66.42,0.1772,69.2,0.1918,1000.0,0.0,4.199,86.1,98,0,60.0,2026-05-01T22:01:55.298962,4.212
2026-05-01T22:00:55.986908,66.46,0.1662,69.23,0.1906,1000.0,0.0,4.199,86.1,98,0,60.0,2026-05-01T22:01:55.986691,4.212
2026-05-01T22:00:56.053213,66.46,0.173,69.23,0.1897,1000.0,0.0,4.199,86.1,98,0,60.0,2026-05-01T22:01:56.053019,4.212
2026-05-01T22:00:56.131931,66.46,0.173,69.24,0.1895,1000.0,0.0,4.199,86.1,98,0,60.0,2026-05-01T22:01:56.131550,4.212
2026-05-01T22:00:57.044227,66.51,0.1679,69.28,0.1869,1000.0,0.0,4.199,86.1,99,0,60.0,2026-05-01T22:01:57.044019,4.212
2026-05-01T22:00:57.109579,66.51,0.1679,69.28,0.1856,1000.0,0.0,4.199,86.1,99,0,60.0,2026-05-01T22:01:57.109392,4.212
2026-05-01T22:00:58.053187,66.51,0.1679,69.32,0.1849,1000.0,0.0,4.199,86.1,99,0,60.0,2026-05-01T22:01:58.052975,4.212
2026-05-01T22:00:58.111625,66.55,0.1687,69.32,0.1845,1000.0,0.0,4.199,86.0,99,0,60.0,2026-05-01T22:01:58.111465,4.212
2026-05-01T22:00:58.172640,66.55,0.1687,69.32,0.1845,1000.0,0.0,4.199,86.0,99,0,60.0,2026-05-01T22:01:58.172453,4.212
2026-05-01T22:00:59.112724,66.58,0.1687,69.35,0.1847,1000.0,0.0,4.199,86.0,99,0,60.0,2026-05-01T22:01:59.112523,4.212
2026-05-01T22:00:59.179528,66.58,0.1804,69.35,0.1894,1000.0,0.0,4.199,86.0,99,0,60.0,2026-05-01T22:01:59.179351,4.212
2026-05-01T22:00:59.245982,66.58,0.1804,69.35,0.192,1000.0,0.0,4.199,86.0,99,0,60.0,2026-05-01T22:01:59.245802,4.212
2026-05-01T22:01:00.165295,66.61,0.1795,69.38,0.1944,1000.0,0.0,4.199,86.0,99,0,60.0,2026-05-01T22:02:00.165077,4.212
2026-05-01T22:01:00.222546,66.61,0.1795,69.38,0.1949,1000.0,0.0,4.199,86.0,99,0,60.0,2026-05-01T22:02:00.222371,4.212
2026-05-01T22:01:00.279657,66.61,0.1795,69.38,0.1951,1000.0,0.0,4.199,86.0,99,0,60.0,2026-05-01T22:02:00.279412,4.212
2026-05-01T22:01:01.247910,66.65,0.1782,69.42,0.195,1000.0,0.0,4.199,86.0,99,0,60.0,2026-05-01T22:02:01.247629,4.212
2026-05-01T22:01:01.365634,66.65,0.1795,69.42,0.1952,1000.0,0.0,4.199,86.0,99,0,60.0,2026-05-01T22:02:01.365219,4.212
2026-05-01T22:01:01.741704,66.65,0.1795,69.43,0.1954,1000.0,0.0,4.199,86.0,99,0,60.0,2026-05-01T22:02:01.735731,4.212
2026-05-01T22:01:02.306834,66.69,0.1822,69.46,0.1958,1000.0,0.0,4.199,86.0,99,0,60.0,2026-05-01T22:02:02.306581,4.212
2026-05-01T22:01:02.419566,66.69,0.1822,69.46,0.1968,1000.0,0.0,4.199,86.0,99,0,60.0,2026-05-01T22:02:02.419208,4.212
2026-05-01T22:01:03.294264,66.69,0.1822,69.48,0.1976,1000.0,0.0,4.199,86.0,99,0,60.0,2026-05-01T22:02:03.294074,4.212
2026-05-01T22:01:03.361026,66.72,0.1822,69.48,0.1977,1000.0,0.0,4.199,86.0,99,0,60.0,2026-05-01T22:02:03.360844,4.212
2026-05-01T22:01:03.428146,66.72,0.1822,69.48,0.1979,1000.0,0.0,4.199,86.0,99,0,60.0,2026-05-01T22:02:03.427965,4.212
2026-05-01T22:01:04.350077,66.77,0.1822,69.52,0.1982,1000.0,0.0,4.199,86.0,99,0,60.0,2026-05-01T22:02:04.349871,4.212
2026-05-01T22:01:04.416132,66.77,0.1814,69.53,0.197,1000.0,0.0,4.199,86.0,99,0,60.0,2026-05-01T22:02:04.415934,4.212
2026-05-01T22:01:04.483664,66.77,0.1814,69.53,0.1972,1000.0,0.0,4.199,86.0,99,0,60.0,2026-05-01T22:02:04.483444,4.212
2026-05-01T22:01:05.407634,66.79,0.1773,69.56,0.1969,1000.0,0.0,4.199,86.0,99,0,60.0,2026-05-01T22:02:05.407442,4.212
2026-05-01T22:01:05.466358,66.79,0.1797,69.56,0.1964,1000.0,0.0,4.199,86.0,99,0,60.0,2026-05-01T22:02:05.466122,4.212
2026-05-01T22:01:05.523960,66.79,0.1797,69.56,0.1962,1000.0,0.0,4.199,86.0,99,0,60.0,2026-05-01T22:02:05.523791,4.212
2026-05-01T22:01:06.462974,66.84,0.1629,69.6,0.1914,1000.0,0.0,4.199,85.9,99,0,60.0,2026-05-01T22:02:06.462740,4.212
2026-05-01T22:01:06.549555,66.84,0.1797,69.6,0.1934,1000.0,0.0,4.199,85.9,99,0,60.0,2026-05-01T22:02:06.549050,4.212
2026-05-01T22:01:06.841426,66.84,0.1797,69.61,0.1944,1000.0,0.0,4.199,85.9,99,0,60.0,2026-05-01T22:02:06.840529,4.212
2026-05-01T22:01:07.517218,66.89,0.1797,69.64,0.1933,1000.0,0.0,4.199,85.9,99,0,60.0,2026-05-01T22:02:07.517018,4.212
2026-05-01T22:01:07.577060,66.89,0.1797,69.65,0.1943,1000.0,0.0,4.199,85.9,99,0,60.0,2026-05-01T22:02:07.576874,4.212
2026-05-01T22:01:08.529293,66.89,0.1797,69.69,0.1953,1000.0,0.0,4.199,85.9,99,0,60.0,2026-05-01T22:02:08.529139,4.212
2026-05-01T22:01:08.673724,66.93,0.1791,69.69,0.195,1000.0,0.0,4.199,85.9,99,0,60.0,2026-05-01T22:02:08.655175,4.212
2026-05-01T22:01:08.766774,66.93,0.1791,69.7,0.1951,1000.0,0.0,4.199,85.9,99,0,60.0,2026-05-01T22:02:08.766538,4.212
2026-05-01T22:01:09.585962,66.96,0.1791,69.73,0.1954,1000.0,0.0,4.199,85.9,99,0,60.0,2026-05-01T22:02:09.585770,4.212
2026-05-01T22:01:09.644985,66.96,0.1791,69.73,0.1951,1000.0,0.0,4.199,85.9,99,0,60.0,2026-05-01T22:02:09.644802,4.212
2026-05-01T22:01:09.708242,66.96,0.1791,69.73,0.1952,1000.0,0.0,4.199,85.9,99,0,60.0,2026-05-01T22:02:09.708069,4.212
2026-05-01T22:01:10.674584,67.0,0.1789,69.76,0.1954,1000.0,0.0,4.199,85.9,99,0,60.0,2026-05-01T22:02:10.674398,4.212
2026-05-01T22:01:10.730584,67.0,0.1791,69.76,0.1953,1000.0,0.0,4.199,85.9,99,0,60.0,2026-05-01T22:02:10.730206,4.212
2026-05-01T22:01:10.802700,67.0,0.1791,69.76,0.1953,1000.0,0.0,4.199,85.9,99,0,60.0,2026-05-01T22:02:10.802513,4.212
2026-05-01T22:01:11.696744,67.05,0.178,69.8,0.1953,1000.0,0.0,4.199,85.9,99,0,60.0,2026-05-01T22:02:11.696520,4.212
2026-05-01T22:01:11.784171,67.05,0.1791,69.8,0.1953,1000.0,0.0,4.199,85.9,99,0,60.0,2026-05-01T22:02:11.783873,4.212
2026-05-01T22:01:11.877404,67.05,0.1791,69.81,0.1953,1000.0,0.0,4.199,85.9,99,0,60.0,2026-05-01T22:02:11.877094,4.212
2026-05-01T22:01:12.753765,67.11,0.178,69.85,0.1951,1000.0,0.0,4.199,85.9,99,0,60.0,2026-05-01T22:02:12.753533,4.212
2026-05-01T22:01:12.843557,67.11,0.178,69.86,0.1948,1000.0,0.0,4.199,85.9,99,0,60.0,2026-05-01T22:02:12.843281,4.212
2026-05-01T22:01:13.771956,67.11,0.178,69.9,0.1948,1000.0,0.0,4.199,85.9,99,0,60.0,2026-05-01T22:02:13.771768,4.212
2026-05-01T22:01:13.838799,67.17,0.1755,69.92,0.1932,1000.0,0.0,4.199,85.8,99,0,60.0,2026-05-01T22:02:13.838625,4.212
2026-05-01T22:01:13.904048,67.17,0.1755,69.92,0.1926,1000.0,0.0,4.199,85.8,99,0,60.0,2026-05-01T22:02:13.903820,4.212
2026-05-01T22:01:14.830737,67.21,0.1755,69.96,0.1925,1000.0,0.0,4.199,85.8,99,0,60.0,2026-05-01T22:02:14.830353,4.212
2026-05-01T22:01:14.923473,67.21,0.1764,69.97,0.192,1000.0,0.0,4.199,85.8,99,0,60.0,2026-05-01T22:02:14.923212,4.212
2026-05-01T22:01:15.032194,67.21,0.1764,69.97,0.1923,1000.0,0.0,4.199,85.8,99,0,60.0,2026-05-01T22:02:15.031852,4.212
2026-05-01T22:01:15.889121,67.26,0.1764,70.01,0.1927,1000.0,0.0,4.199,85.8,99,0,60.0,2026-05-01T22:02:15.888931,4.212
2026-05-01T22:01:15.959010,67.26,0.1814,70.02,0.1951,1000.0,0.0,4.199,85.8,99,0,60.0,2026-05-01T22:02:15.958804,4.212
2026-05-01T22:01:16.040998,67.26,0.1814,70.02,0.196,1000.0,0.0,4.199,85.8,99,0,60.0,2026-05-01T22:02:16.040734,4.212
2026-05-01T22:01:16.939169,67.34,0.1814,70.07,0.1973,1000.0,0.0,4.199,85.8,99,0,60.0,2026-05-01T22:02:16.938946,4.212
2026-05-01T22:01:17.004933,67.34,0.1814,70.09,0.1975,1000.0,0.0,4.199,85.8,99,0,60.0,2026-05-01T22:02:17.004696,4.212
2026-05-01T22:01:17.072463,67.34,0.1814,70.09,0.1977,1000.0,0.0,4.199,85.8,99,0,60.0,2026-05-01T22:02:17.072275,4.212
2026-05-01T22:01:17.997444,67.38,0.1814,70.14,0.1965,1000.0,0.0,4.199,85.8,99,0,60.0,2026-05-01T22:02:17.997253,4.212
2026-05-01T22:01:18.054835,67.38,0.1814,70.14,0.1971,1000.0,0.0,4.199,85.8,99,0,60.0,2026-05-01T22:02:18.054675,4.212
2026-05-01T22:01:19.012237,67.38,0.1814,70.18,0.1977,1000.0,0.0,4.199,85.8,99,0,60.0,2026-05-01T22:02:19.012047,4.212
2026-05-01T22:01:19.080249,67.43,0.1814,70.19,0.1973,1000.0,0.0,4.199,85.7,99,0,60.0,2026-05-01T22:02:19.079811,4.212
2026-05-01T22:01:19.145033,67.43,0.1814,70.19,0.1976,1000.0,0.0,4.199,85.7,99,0,60.0,2026-05-01T22:02:19.144855,4.212
2026-05-01T22:01:20.068161,67.5,0.1814,70.23,0.1979,1000.0,0.0,4.199,85.7,99,0,60.0,2026-05-01T22:02:20.067962,4.212
2026-05-01T22:01:20.135594,67.5,0.1797,70.25,0.1973,1000.0,0.0,4.199,85.7,99,0,60.0,2026-05-01T22:02:20.135357,4.212
2026-05-01T22:01:20.203846,67.5,0.1797,70.25,0.1969,1000.0,0.0,4.199,85.7,99,0,60.0,2026-05-01T22:02:20.203658,4.212
2026-05-01T22:01:21.136075,67.55,0.1795,70.29,0.1968,1000.0,0.0,4.199,85.7,99,0,60.0,2026-05-01T22:02:21.135784,4.212
2026-05-01T22:01:21.230875,67.55,0.1797,70.3,0.1966,1000.0,0.0,4.199,85.7,99,0,60.0,2026-05-01T22:02:21.230537,4.212
2026-05-01T22:01:21.334075,67.55,0.1797,70.31,0.1966,1000.0,0.0,4.199,85.7,99,0,60.0,2026-05-01T22:02:21.333683,4.212
2026-05-01T22:01:22.179933,67.58,0.184,70.34,0.1972,1000.0,0.0,4.199,85.7,99,0,60.0,2026-05-01T22:02:22.179640,4.212
2026-05-01T22:01:22.237139,67.58,0.1856,70.34,0.1994,1000.0,0.0,4.199,85.7,99,0,60.0,2026-05-01T22:02:22.236959,4.212
2026-05-01T22:01:22.294639,67.58,0.1856,70.34,0.2004,1000.0,0.0,4.199,85.7,99,0,60.0,2026-05-01T22:02:22.294453,4.212
2026-05-01T22:01:23.244281,67.63,0.1881,70.38,0.2019,1000.0,0.0,4.199,85.7,99,0,60.0,2026-05-01T22:02:23.244091,4.212
2026-05-01T22:01:23.309121,67.63,0.1881,70.39,0.2031,1000.0,0.0,4.199,85.7,99,0,60.0,2026-05-01T22:02:23.308905,4.212
2026-05-01T22:01:24.256082,67.63,0.1881,70.42,0.2041,1000.0,0.0,4.199,85.7,99,0,60.0,2026-05-01T22:02:24.255887,4.212
2026-05-01T22:01:24.315291,67.68,0.1881,70.43,0.2038,1000.0,0.0,4.199,85.7,99,0,60.0,2026-05-01T22:02:24.315064,4.212
2026-05-01T22:01:24.372651,67.68,0.1881,70.44,0.2042,1000.0,0.0,4.199,85.7,99,0,60.0,2026-05-01T22:02:24.372494,4.212
2026-05-01T22:01:25.315677,67.74,0.1881,70.48,0.2048,1000.0,0.0,4.199,85.6,99,0,60.0,2026-05-01T22:02:25.315329,4.212
2026-05-01T22:01:25.382127,67.74,0.1863,70.49,0.2031,1000.0,0.0,4.199,85.6,99,0,60.0,2026-05-01T22:02:25.381910,4.212
2026-05-01T22:01:25.453060,67.74,0.1863,70.5,0.2031,1000.0,0.0,4.199,85.6,99,0,60.0,2026-05-01T22:02:25.452827,4.212
2026-05-01T22:01:26.372563,67.78,0.1863,70.53,0.2033,1000.0,0.0,4.199,85.6,99,0,60.0,2026-05-01T22:02:26.372399,4.212
2026-05-01T22:01:26.441643,67.78,0.1872,70.54,0.2036,1000.0,0.0,4.199,85.6,99,0,60.0,2026-05-01T22:02:26.441441,4.212
2026-05-01T22:01:26.536111,67.78,0.1872,70.54,0.2038,1000.0,0.0,4.199,85.6,99,0,60.0,2026-05-01T22:02:26.535822,4.212
2026-05-01T22:01:27.422956,67.82,0.1789,70.57,0.2028,1000.0,0.0,4.199,85.6,98,0,60.0,2026-05-01T22:02:27.422767,4.212
2026-05-01T22:01:27.500973,67.82,0.1872,70.57,0.2034,1000.0,0.0,4.199,85.6,98,0,60.0,2026-05-01T22:02:27.500667,4.212
2026-05-01T22:01:27.598187,67.82,0.1872,70.58,0.2038,1000.0,0.0,4.199,85.6,98,0,60.0,2026-05-01T22:02:27.597828,4.212
2026-05-01T22:01:28.477288,67.86,0.1899,70.61,0.2024,1000.0,0.0,4.199,85.6,98,0,60.0,2026-05-01T22:02:28.477104,4.212
2026-05-01T22:01:28.544416,67.86,0.1899,70.61,0.2043,1000.0,0.0,4.199,85.6,98,0,60.0,2026-05-01T22:02:28.543178,4.212
2026-05-01T22:01:29.496382,67.86,0.1899,70.65,0.2056,1000.0,0.0,4.199,85.6,98,0,60.0,2026-05-01T22:02:29.496067,4.212
2026-05-01T22:01:29.554428,67.9,0.1899,70.65,0.2061,1000.0,0.0,4.199,85.6,98,0,60.0,2026-05-01T22:02:29.554254,4.212
2026-05-01T22:01:29.611038,67.9,0.1899,70.66,0.2064,1000.0,0.0,4.199,85.6,98,0,60.0,2026-05-01T22:02:29.610884,4.212
2026-05-01T22:01:30.550587,67.95,0.1899,70.69,0.2069,1000.0,0.0,4.199,85.6,98,0,60.0,2026-05-01T22:02:30.549029,4.212
2026-05-01T22:01:30.736154,67.95,0.1856,70.7,0.2049,1000.0,0.0,4.199,85.6,99,0,60.0,2026-05-01T22:02:30.735837,4.212
2026-05-01T22:01:30.840335,67.95,0.1856,70.7,0.204,1000.0,0.0,4.199,85.6,99,0,60.0,2026-05-01T22:02:30.839884,4.212
2026-05-01T22:01:31.803267,67.96,0.1795,70.73,0.2025,1000.0,0.0,4.199,85.6,99,0,60.0,2026-05-01T22:02:31.803003,4.212
2026-05-01T22:01:32.202208,67.96,0.1797,70.73,0.1994,1000.0,0.0,4.199,85.6,99,0,60.0,2026-05-01T22:02:32.200955,4.212
2026-05-01T22:01:32.460949,67.96,0.1797,70.73,0.1981,1000.0,0.0,4.199,85.6,99,0,60.0,2026-05-01T22:02:32.460529,4.212
2026-05-01T22:01:32.882775,68.01,0.1797,70.75,0.1976,1000.0,0.0,4.199,85.6,99,0,60.0,2026-05-01T22:02:32.859564,4.212
2026-05-01T22:01:33.038192,68.01,0.1932,70.76,0.2035,1000.0,0.0,4.199,85.6,98,0,60.0,2026-05-01T22:02:33.037682,4.212
2026-05-01T22:01:33.138389,68.01,0.1932,70.76,0.2061,1000.0,0.0,4.199,85.6,98,0,60.0,2026-05-01T22:02:33.138034,4.212
2026-05-01T22:01:33.714674,68.04,0.1932,70.78,0.2075,1000.0,0.0,4.199,85.5,98,0,60.0,2026-05-01T22:02:33.714474,4.212
2026-05-01T22:01:33.771056,68.04,0.1932,70.79,0.2086,1000.0,0.0,4.199,85.5,98,0,60.0,2026-05-01T22:02:33.770909,4.212
2026-05-01T22:01:34.736668,68.04,0.1932,70.82,0.2096,1000.0,0.0,4.199,85.5,98,0,60.0,2026-05-01T22:02:34.736371,4.212
2026-05-01T22:01:34.863554,68.06,0.1926,70.82,0.2079,1000.0,0.0,4.199,85.5,98,0,60.0,2026-05-01T22:02:34.862692,4.212
2026-05-01T22:01:35.020000,68.06,0.1926,70.82,0.2087,1000.0,0.0,4.199,85.5,98,0,60.0,2026-05-01T22:02:35.019634,4.212
2026-05-01T22:01:35.790308,68.09,0.1926,70.84,0.2094,1000.0,0.0,4.199,85.5,98,0,60.0,2026-05-01T22:02:35.790120,4.212
2026-05-01T22:01:35.855302,68.09,0.1898,70.84,0.2085,1000.0,0.0,4.199,85.5,98,0,60.0,2026-05-01T22:02:35.855126,4.212
2026-05-01T22:01:35.920521,68.09,0.1898,70.84,0.208,1000.0,0.0,4.199,85.5,98,0,60.0,2026-05-01T22:02:35.920344,4.212
2026-05-01T22:01:36.852915,68.1,0.1881,70.87,0.2073,1000.0,0.0,4.199,85.5,98,0,60.0,2026-05-01T22:02:36.852675,4.212
2026-05-01T22:01:36.962404,68.1,0.1898,70.86,0.2071,1000.0,0.0,4.199,85.5,98,0,60.0,2026-05-01T22:02:36.962073,4.212
2026-05-01T22:01:37.267649,68.1,0.1898,70.87,0.2071,1000.0,0.0,4.199,85.5,98,0,60.0,2026-05-01T22:02:37.267154,4.212
2026-05-01T22:01:37.908695,68.14,0.1898,70.89,0.2069,1000.0,0.0,4.199,85.5,98,0,60.0,2026-05-01T22:02:37.908450,4.212
2026-05-01T22:01:37.973603,68.14,0.194,70.89,0.2088,1000.0,0.0,4.199,85.5,98,0,60.0,2026-05-01T22:02:37.973435,4.212
2026-05-01T22:01:38.039795,68.14,0.194,70.89,0.2096,1000.0,0.0,4.199,85.5,98,0,60.0,2026-05-01T22:02:38.039622,4.212
2026-05-01T22:01:38.959407,68.17,0.1899,70.92,0.2092,1000.0,0.0,4.199,85.5,98,0,60.0,2026-05-01T22:02:38.959234,4.212
2026-05-01T22:01:39.022373,68.17,0.1899,70.92,0.2084,1000.0,0.0,4.199,85.5,98,0,60.0,2026-05-01T22:02:39.022188,4.212
2026-05-01T22:01:39.968871,68.17,0.1899,70.96,0.2081,1000.0,0.0,4.199,85.5,98,0,60.0,2026-05-01T22:02:39.968646,4.212
2026-05-01T22:01:40.054744,68.2,0.1924,70.96,0.2082,1000.0,0.0,4.199,85.5,98,0,60.0,2026-05-01T22:02:40.054526,4.212
2026-05-01T22:01:40.147253,68.2,0.1924,70.96,0.2088,1000.0,0.0,4.199,85.5,98,0,60.0,2026-05-01T22:02:40.146815,4.212
2026-05-01T22:01:41.031694,68.22,0.1924,70.99,0.2094,1000.0,0.0,4.199,85.5,98,0,60.0,2026-05-01T22:02:41.031494,4.212
2026-05-01T22:01:41.095051,68.22,0.193,70.98,0.2095,1000.0,0.0,4.199,85.5,98,0,60.0,2026-05-01T22:02:41.094875,4.212
2026-05-01T22:01:41.161032,68.22,0.193,70.98,0.2098,1000.0,0.0,4.199,85.5,98,0,60.0,2026-05-01T22:02:41.160844,4.212
2026-05-01T22:01:42.087388,68.25,0.193,71.01,0.2103,1000.0,0.0,4.199,85.5,98,0,60.0,2026-05-01T22:02:42.087198,4.212
2026-05-01T22:01:42.156009,68.25,0.1915,71.01,0.2097,1000.0,0.0,4.199,85.5,98,0,60.0,2026-05-01T22:02:42.155813,4.212
2026-05-01T22:01:42.245876,68.25,0.1915,71.01,0.2094,1000.0,0.0,4.199,85.5,98,0,60.0,2026-05-01T22:02:42.245634,4.212
2026-05-01T22:01:43.141630,68.28,0.1747,71.04,0.2051,1000.0,0.0,4.199,85.5,98,0,60.0,2026-05-01T22:02:43.141453,4.212
2026-05-01T22:01:43.199551,68.28,0.1782,71.04,0.2009,1000.0,0.0,4.199,85.5,98,0,60.0,2026-05-01T22:02:43.199313,4.212
2026-05-01T22:01:43.258343,68.28,0.1782,71.04,0.1991,1000.0,0.0,4.199,85.5,98,0,60.0,2026-05-01T22:02:43.258160,4.212
2026-05-01T22:01:44.200165,68.3,0.1872,71.06,0.1973,1000.0,0.0,4.199,85.5,98,0,60.0,2026-05-01T22:02:44.199962,4.212
2026-05-01T22:01:44.266132,68.3,0.1872,71.06,0.2002,1000.0,0.0,4.199,85.5,98,0,60.0,2026-05-01T22:02:44.265907,4.212
2026-05-01T22:01:45.214967,68.3,0.1872,71.09,0.2024,1000.0,0.0,4.199,85.5,98,0,60.0,2026-05-01T22:02:45.214714,4.212
2026-05-01T22:01:45.281619,68.32,0.189,71.08,0.204,1000.0,0.0,4.199,85.4,98,0,60.0,2026-05-01T22:02:45.281369,4.212
2026-05-01T22:01:45.347142,68.32,0.189,71.08,0.205,1000.0,0.0,4.199,85.4,98,0,60.0,2026-05-01T22:02:45.346898,4.212
2026-05-01T22:01:46.273689,68.36,0.189,71.11,0.2058,1000.0,0.0,4.199,85.4,98,0,60.0,2026-05-01T22:02:46.273506,4.212
2026-05-01T22:01:46.340951,68.36,0.189,71.12,0.206,1000.0,0.0,4.199,85.4,98,0,60.0,2026-05-01T22:02:46.340771,4.212
2026-05-01T22:01:46.408311,68.36,0.189,71.12,0.2061,1000.0,0.0,4.199,85.4,98,0,60.0,2026-05-01T22:02:46.408102,4.212
2026-05-01T22:01:47.325116,68.41,0.1881,71.15,0.2064,1000.0,0.0,4.199,85.4,98,0,60.0,2026-05-01T22:02:47.324927,4.212
2026-05-01T22:01:47.389554,68.41,0.1983,71.16,0.2098,1000.0,0.0,4.199,85.4,98,0,60.0,2026-05-01T22:02:47.389301,4.212
2026-05-01T22:01:47.455044,68.41,0.1983,71.16,0.2119,1000.0,0.0,4.199,85.4,98,0,60.0,2026-05-01T22:02:47.454850,4.212
2026-05-01T22:01:48.383408,68.43,0.1991,71.19,0.2131,1000.0,0.0,4.199,85.4,98,0,60.0,2026-05-01T22:02:48.383172,4.212
2026-05-01T22:01:48.440769,68.43,0.1991,71.18,0.2147,1000.0,0.0,4.199,85.4,98,0,60.0,2026-05-01T22:02:48.440607,4.212
2026-05-01T22:01:48.499872,68.43,0.1991,71.18,0.2154,1000.0,0.0,4.199,85.4,98,0,60.0,2026-05-01T22:02:48.499592,4.212
2026-05-01T22:01:49.443781,68.46,0.1957,71.21,0.2144,1000.0,0.0,4.199,85.4,98,0,60.0,2026-05-01T22:02:49.443576,4.212
2026-05-01T22:01:49.519250,68.46,0.1957,71.21,0.214,1000.0,0.0,4.199,85.4,98,0,60.0,2026-05-01T22:02:49.518958,4.212
2026-05-01T22:01:50.456563,68.46,0.1957,71.24,0.2139,1000.0,0.0,4.199,85.4,98,0,60.0,2026-05-01T22:02:50.456359,4.212
2026-05-01T22:01:50.513514,68.49,0.1957,71.24,0.2133,1000.0,0.0,4.199,85.4,98,0,60.0,2026-05-01T22:02:50.513255,4.212
2026-05-01T22:01:50.595477,68.49,0.1957,71.24,0.2133,1000.0,0.0,4.199,85.4,98,0,60.0,2026-05-01T22:02:50.582132,4.212
2026-05-01T22:01:51.515200,68.52,0.1957,71.27,0.2135,1000.0,0.0,4.199,85.4,98,0,60.0,2026-05-01T22:02:51.514985,4.212
2026-05-01T22:01:51.595564,68.52,0.1957,71.27,0.2133,1000.0,0.0,4.199,85.4,98,0,60.0,2026-05-01T22:02:51.595329,4.212
2026-05-01T22:01:51.703779,68.52,0.1957,71.27,0.2133,1000.0,0.0,4.199,85.4,98,0,60.0,2026-05-01T22:02:51.703415,4.212
2026-05-01T22:01:52.646939,68.53,0.1941,71.3,0.2133,1000.0,0.0,4.199,85.4,98,0,60.0,2026-05-01T22:02:52.628155,4.212
2026-05-01T22:01:52.742242,68.53,0.1957,71.29,0.2131,1000.0,0.0,4.199,85.4,98,0,60.0,2026-05-01T22:02:52.742024,4.212
2026-05-01T22:01:52.833094,68.53,0.1957,71.29,0.2132,1000.0,0.0,4.199,85.4,98,0,60.0,2026-05-01T22:02:52.832841,4.212
2026-05-01T22:01:53.652311,68.57,0.1941,71.32,0.2133,1000.0,0.0,4.199,85.4,98,0,60.0,2026-05-01T22:02:53.651932,4.212
2026-05-01T22:01:53.754493,68.57,0.1941,71.32,0.2126,1000.0,0.0,4.199,85.4,98,0,60.0,2026-05-01T22:02:53.754107,4.212
2026-05-01T22:01:53.862391,68.57,0.1941,71.32,0.2123,1000.0,0.0,4.199,85.4,98,0,60.0,2026-05-01T22:02:53.861881,4.212
2026-05-01T22:01:54.700047,68.6,0.1941,71.35,0.2117,1000.0,0.0,4.199,85.4,98,0,60.0,2026-05-01T22:02:54.699841,4.212
2026-05-01T22:01:54.765433,68.6,0.1941,71.35,0.2118,1000.0,0.0,4.199,85.4,98,0,60.0,2026-05-01T22:02:54.765230,4.212
2026-05-01T22:01:55.694308,68.6,0.1941,71.39,0.212,1000.0,0.0,4.199,85.4,98,0,60.0,2026-05-01T22:02:55.694133,4.212
2026-05-01T22:01:55.752075,68.65,0.1949,71.4,0.2117,1000.0,0.0,4.199,85.3,98,0,60.0,2026-05-01T22:02:55.751872,4.212
2026-05-01T22:01:55.816763,68.65,0.1949,71.4,0.212,1000.0,0.0,4.199,85.3,98,0,60.0,2026-05-01T22:02:55.816590,4.212
2026-05-01T22:01:56.771813,68.71,0.1949,71.44,0.2126,1000.0,0.0,4.199,85.3,98,0,60.0,2026-05-01T22:02:56.771447,4.212
2026-05-01T22:01:56.894371,68.71,0.1957,71.45,0.2124,1000.0,0.0,4.199,85.3,98,0,60.0,2026-05-01T22:02:56.894059,4.212
2026-05-01T22:01:57.019725,68.71,0.1957,71.46,0.2129,1000.0,0.0,4.199,85.3,98,0,60.0,2026-05-01T22:02:57.019275,4.212
2026-05-01T22:01:57.810914,68.77,0.1957,71.5,0.2134,1000.0,0.0,4.199,85.3,98,0,60.0,2026-05-01T22:02:57.810737,4.212
2026-05-01T22:01:57.878641,68.77,0.2034,71.51,0.2169,1000.0,0.0,4.199,85.3,98,0,60.0,2026-05-01T22:02:57.878446,4.212
2026-05-01T22:01:57.952215,68.77,0.2034,71.52,0.2185,1000.0,0.0,4.199,85.3,98,0,60.0,2026-05-01T22:02:57.952011,4.212
2026-05-01T22:01:58.889450,68.81,0.2017,71.56,0.2199,1000.0,0.0,4.199,85.3,98,0,60.0,2026-05-01T22:02:58.889072,4.212
2026-05-01T22:01:58.993860,68.81,0.2025,71.56,0.2201,1000.0,0.0,4.199,85.3,98,0,60.0,2026-05-01T22:02:58.993463,4.212
2026-05-01T22:01:59.132877,68.81,0.2025,71.57,0.2203,1000.0,0.0,4.199,85.3,98,0,60.0,2026-05-01T22:02:59.129752,4.212
2026-05-01T22:01:59.923007,68.88,0.2056,71.6,0.2207,1000.0,0.0,4.199,85.3,98,0,60.0,2026-05-01T22:02:59.922834,4.212
2026-05-01T22:01:59.987569,68.88,0.2056,71.61,0.2219,1000.0,0.0,4.199,85.3,98,0,60.0,2026-05-01T22:02:59.987398,4.212
2026-05-01T22:02:00.939848,68.88,0.2056,71.65,0.223,1000.0,0.0,4.199,85.3,98,0,60.0,2026-05-01T22:03:00.939662,4.212
2026-05-01T22:02:01.011040,68.94,0.1975,71.66,0.219,1000.0,0.0,4.199,85.2,98,0,60.0,2026-05-01T22:03:01.010853,4.212
2026-05-01T22:02:01.111694,68.94,0.1975,71.67,0.2177,1000.0,0.0,4.199,85.2,98,0,60.0,2026-05-01T22:03:01.111425,4.212
2026-05-01T22:02:02.000774,69.0,0.1975,71.71,0.2168,1000.0,0.0,4.199,85.2,98,0,60.0,2026-05-01T22:03:02.000547,4.212
2026-05-01T22:02:02.094184,69.0,0.1975,71.73,0.2135,1000.0,0.0,4.199,85.2,98,0,60.0,2026-05-01T22:03:02.093907,4.212
2026-05-01T22:02:02.199990,69.0,0.1975,71.73,0.2143,1000.0,0.0,4.199,85.2,98,0,60.0,2026-05-01T22:03:02.199674,4.212
2026-05-01T22:02:03.061946,69.05,0.1975,71.77,0.2152,1000.0,0.0,4.199,85.2,98,0,60.0,2026-05-01T22:03:03.061728,4.212
2026-05-01T22:02:03.317196,69.05,0.2016,71.78,0.2169,1000.0,0.0,4.199,85.2,98,0,60.0,2026-05-01T22:03:03.316638,4.212
2026-05-01T22:02:03.693537,69.05,0.2016,71.8,0.2185,1000.0,0.0,4.199,85.2,98,0,60.0,2026-05-01T22:03:03.693268,4.212
2026-05-01T22:02:04.122351,69.11,0.1966,71.83,0.218,1000.0,0.0,4.199,85.2,98,0,60.0,2026-05-01T22:03:04.122148,4.212
2026-05-01T22:02:04.211000,69.11,0.2043,71.84,0.2199,1000.0,0.0,4.199,85.2,98,0,60.0,2026-05-01T22:03:04.210779,4.212
2026-05-01T22:02:04.305751,69.11,0.2043,71.85,0.2208,1000.0,0.0,4.199,85.2,98,0,60.0,2026-05-01T22:03:04.305525,4.212
2026-05-01T22:02:05.164558,69.17,0.1989,71.89,0.2196,1000.0,0.0,4.199,85.2,98,0,60.0,2026-05-01T22:03:05.164221,4.212
2026-05-01T22:02:05.221831,69.17,0.1989,71.9,0.2187,1000.0,0.0,4.199,85.2,98,0,60.0,2026-05-01T22:03:05.221677,4.212
2026-05-01T22:02:06.180120,69.17,0.1989,71.94,0.2182,1000.0,0.0,4.199,85.2,98,0,60.0,2026-05-01T22:03:06.179909,4.212
2026-05-01T22:02:06.239050,69.24,0.1908,71.96,0.2139,1000.0,0.0,4.199,85.1,98,0,60.0,2026-05-01T22:03:06.238891,4.212
2026-05-01T22:02:06.304201,69.24,0.1908,71.97,0.2121,1000.0,0.0,4.199,85.1,98,0,60.0,2026-05-01T22:03:06.304017,4.212
2026-05-01T22:02:07.236175,69.3,0.1908,72.02,0.2107,1000.0,0.0,4.199,85.1,98,0,60.0,2026-05-01T22:03:07.235969,4.212
2026-05-01T22:02:07.293126,69.3,0.2008,72.03,0.213,1000.0,0.0,4.199,85.1,98,0,60.0,2026-05-01T22:03:07.292949,4.212
2026-05-01T22:02:07.352937,69.3,0.2008,72.04,0.2153,1000.0,0.0,4.199,85.1,98,0,60.0,2026-05-01T22:03:07.352748,4.212
2026-05-01T22:02:08.288156,69.35,0.1908,72.08,0.216,1000.0,0.0,4.199,85.1,98,0,60.0,2026-05-01T22:03:08.287986,4.212
2026-05-01T22:02:08.361601,69.35,0.2025,72.08,0.2181,1000.0,0.0,4.199,85.1,98,0,60.0,2026-05-01T22:03:08.361394,4.212
2026-05-01T22:02:08.457953,69.35,0.2025,72.09,0.2191,1000.0,0.0,4.199,85.1,98,0,60.0,2026-05-01T22:03:08.457641,4.212
2026-05-01T22:02:09.347148,69.42,0.2025,72.13,0.2204,1000.0,0.0,4.199,85.1,98,0,60.0,2026-05-01T22:03:09.346878,4.212
2026-05-01T22:02:09.403889,69.42,0.2059,72.15,0.2221,1000.0,0.0,4.199,85.1,98,0,60.0,2026-05-01T22:03:09.403713,4.212
2026-05-01T22:02:09.459909,69.42,0.2059,72.15,0.2229,1000.0,0.0,4.199,85.1,98,0,60.0,2026-05-01T22:03:09.459751,4.212
2026-05-01T22:02:10.410533,69.5,0.2052,72.21,0.223,1000.0,0.0,4.199,85.1,98,0,60.0,2026-05-01T22:03:10.410339,4.212
2026-05-01T22:02:10.478260,69.5,0.2052,72.22,0.2233,1000.0,0.0,4.199,85.1,98,0,60.0,2026-05-01T22:03:10.478032,4.212
2026-05-01T22:02:11.419707,69.5,0.2052,72.26,0.2237,1000.0,0.0,4.199,85.1,98,0,60.0,2026-05-01T22:03:11.419520,4.213
2026-05-01T22:02:11.477352,69.55,0.1949,72.28,0.22,1000.0,0.0,4.199,85.0,98,0,60.0,2026-05-01T22:03:11.477173,4.213
2026-05-01T22:02:11.537240,69.55,0.1949,72.28,0.2175,1000.0,0.0,4.199,85.0,98,0,60.0,2026-05-01T22:03:11.537064,4.213
2026-05-01T22:02:12.474122,69.6,0.1949,72.32,0.2157,1000.0,0.0,4.199,85.0,98,0,60.0,2026-05-01T22:03:12.473913,4.213
2026-05-01T22:02:12.541087,69.6,0.1949,72.33,0.2131,1000.0,0.0,4.199,85.0,98,0,60.0,2026-05-01T22:03:12.540767,4.213
2026-05-01T22:02:12.754479,69.6,0.1949,72.34,0.2133,1000.0,0.0,4.199,85.0,98,0,60.0,2026-05-01T22:03:12.754123,4.213
2026-05-01T22:02:13.535236,69.67,0.1872,72.38,0.2125,1000.0,0.0,4.199,85.0,98,0,60.0,2026-05-01T22:03:13.535070,4.213
2026-05-01T22:02:13.597497,69.67,0.2065,72.4,0.2179,1000.0,0.0,4.199,85.0,98,0,60.0,2026-05-01T22:03:13.597280,4.213
2026-05-01T22:02:13.669158,69.67,0.2065,72.41,0.2206,1000.0,0.0,4.199,85.0,98,0,60.0,2026-05-01T22:03:13.668983,4.213
2026-05-01T22:02:14.690364,69.71,0.2025,72.45,0.2224,1000.0,0.0,4.199,85.0,98,0,60.0,2026-05-01T22:03:14.689984,4.213
2026-05-01T22:02:14.757997,69.71,0.2059,72.45,0.2234,1000.0,0.0,4.199,85.0,98,0,60.0,2026-05-01T22:03:14.757862,4.213
2026-05-01T22:02:14.863392,69.71,0.2059,72.46,0.2239,1000.0,0.0,4.199,85.0,98,0,60.0,2026-05-01T22:03:14.863135,4.213
2026-05-01T22:02:15.651799,69.77,0.2059,72.5,0.2246,1000.0,0.0,4.199,85.0,98,0,60.0,2026-05-01T22:03:15.651594,4.213
2026-05-01T22:02:15.725971,69.77,0.2059,72.51,0.2247,1000.0,0.0,4.199,85.0,98,0,60.0,2026-05-01T22:03:15.725759,4.213
2026-05-01T22:02:16.660310,69.77,0.2059,72.54,0.2249,1000.0,0.0,4.199,85.0,98,0,60.0,2026-05-01T22:03:16.660118,4.213
2026-05-01T22:02:16.723712,69.85,0.2084,72.57,0.225,1000.0,0.0,4.199,84.9,98,0,60.0,2026-05-01T22:03:16.723502,4.213
2026-05-01T22:02:16.794014,69.85,0.2084,72.58,0.2259,1000.0,0.0,4.199,84.9,98,0,60.0,2026-05-01T22:03:16.793764,4.213
2026-05-01T22:02:17.717782,69.88,0.2084,72.61,0.2268,1000.0,0.0,4.199,84.9,98,0,60.0,2026-05-01T22:03:17.717577,4.213
2026-05-01T22:02:17.797955,69.88,0.2084,72.62,0.2267,1000.0,0.0,4.199,84.9,98,0,60.0,2026-05-01T22:03:17.797692,4.213
2026-05-01T22:02:17.894069,69.88,0.2084,72.62,0.227,1000.0,0.0,4.199,84.9,98,0,60.0,2026-05-01T22:03:17.893802,4.213
2026-05-01T22:02:18.788310,69.92,0.2025,72.65,0.2264,1000.0,0.0,4.199,84.9,98,0,60.0,2026-05-01T22:03:18.788071,4.213
2026-05-01T22:02:18.892671,69.92,0.2025,72.66,0.2239,1000.0,0.0,4.199,84.9,98,0,60.0,2026-05-01T22:03:18.892416,4.213
2026-05-01T22:02:19.167995,69.92,0.2025,72.66,0.223,1000.0,0.0,4.199,84.9,98,0,60.0,2026-05-01T22:03:19.167536,4.213
2026-05-01T22:02:19.835493,69.99,0.2,72.7,0.2217,1000.0,0.0,4.199,84.9,98,0,60.0,2026-05-01T22:03:19.835301,4.213
2026-05-01T22:02:19.904654,69.99,0.2016,72.71,0.2213,1000.0,0.0,4.199,84.9,98,0,60.0,2026-05-01T22:03:19.904466,4.213
2026-05-01T22:02:19.994315,69.99,0.2016,72.71,0.2211,1000.0,0.0,4.199,84.9,98,0,60.0,2026-05-01T22:03:19.994086,4.213
2026-05-01T22:02:20.896967,70.03,0.1949,72.75,0.2188,1000.0,0.0,4.199,84.9,98,0,60.0,2026-05-01T22:03:20.896584,4.213
2026-05-01T22:02:20.973157,70.03,0.1949,72.76,0.2168,1000.0,0.0,4.199,84.9,98,0,60.0,2026-05-01T22:03:20.972947,4.213
2026-05-01T22:02:21.901932,70.03,0.1949,72.79,0.2158,1000.0,0.0,4.199,84.9,98,0,60.0,2026-05-01T22:03:21.901739,4.213
2026-05-01T22:02:21.963319,70.08,0.1949,72.8,0.2139,1000.0,0.0,4.199,84.9,98,0,60.0,2026-05-01T22:03:21.962920,4.213
2026-05-01T22:02:22.029396,70.08,0.1949,72.81,0.2139,1000.0,0.0,4.199,84.9,98,0,60.0,2026-05-01T22:03:22.029221,4.213
2026-05-01T22:02:22.961065,70.11,0.1949,72.84,0.2142,1000.0,0.0,4.199,84.8,98,0,60.0,2026-05-01T22:03:22.960867,4.213
2026-05-01T22:02:23.027649,70.11,0.2083,72.84,0.2192,1000.0,0.0,4.199,84.8,98,0,60.0,2026-05-01T22:03:23.027442,4.213
2026-05-01T22:02:23.106487,70.11,0.2083,72.85,0.2223,1000.0,0.0,4.199,84.8,98,0,60.0,2026-05-01T22:03:23.106244,4.213
2026-05-01T22:02:24.016876,70.15,0.2043,72.88,0.2248,1000.0,0.0,4.199,84.8,98,0,60.0,2026-05-01T22:03:24.016683,4.213
2026-05-01T22:02:24.083558,70.15,0.2092,72.88,0.2265,1000.0,0.0,4.199,84.8,98,0,60.0,2026-05-01T22:03:24.083261,4.213
2026-05-01T22:02:24.156339,70.15,0.2092,72.89,0.2272,1000.0,0.0,4.199,84.8,98,0,60.0,2026-05-01T22:03:24.156106,4.213
2026-05-01T22:02:25.070154,70.2,0.2092,72.92,0.228,1000.0,0.0,4.199,84.8,98,0,60.0,2026-05-01T22:03:25.069944,4.213
2026-05-01T22:02:25.136046,70.2,0.2092,72.93,0.2282,1000.0,0.0,4.199,84.8,98,0,60.0,2026-05-01T22:03:25.135845,4.213
2026-05-01T22:02:25.202378,70.2,0.2092,72.93,0.2285,1000.0,0.0,4.199,84.8,98,0,60.0,2026-05-01T22:03:25.202182,4.213
2026-05-01T22:02:26.127203,70.24,0.2076,72.97,0.2262,1000.0,0.0,4.199,84.8,98,0,60.0,2026-05-01T22:03:26.126520,4.213
2026-05-01T22:02:26.183646,70.24,0.2076,72.97,0.2265,1000.0,0.0,4.199,84.8,98,0,60.0,2026-05-01T22:03:26.183474,4.213
2026-05-01T22:02:27.143546,70.24,0.2076,73.01,0.2269,1000.0,0.0,4.199,84.8,98,0,60.0,2026-05-01T22:03:27.143340,4.213
2026-05-01T22:02:27.218079,70.28,0.2076,73.01,0.2261,1000.0,0.0,4.199,84.8,98,0,60.0,2026-05-01T22:03:27.217809,4.213
2026-05-01T22:02:27.309142,70.28,0.2076,73.01,0.2265,1000.0,0.0,4.199,84.8,98,0,60.0,2026-05-01T22:03:27.308825,4.213
2026-05-01T22:02:28.202222,70.32,0.2076,73.04,0.227,1000.0,0.0,4.199,84.8,98,0,60.0,2026-05-01T22:03:28.202020,4.213
2026-05-01T22:02:28.268801,70.32,0.2025,73.05,0.2236,1000.0,0.0,4.199,84.8,98,0,60.0,2026-05-01T22:03:28.268599,4.213
2026-05-01T22:02:28.334280,70.32,0.2025,73.05,0.223,1000.0,0.0,4.199,84.8,98,0,60.0,2026-05-01T22:03:28.334090,4.213
2026-05-01T22:02:29.260348,70.36,0.1941,73.08,0.2213,1000.0,0.0,4.199,84.8,99,0,60.0,2026-05-01T22:03:29.260071,4.213
2026-05-01T22:02:29.338260,70.36,0.2025,73.09,0.2209,1000.0,0.0,4.199,84.8,99,0,60.0,2026-05-01T22:03:29.338055,4.213
2026-05-01T22:02:29.450506,70.36,0.2025,73.09,0.2213,1000.0,0.0,4.199,84.8,99,0,60.0,2026-05-01T22:03:29.450075,4.213
2026-05-01T22:02:30.311685,70.38,0.2025,73.12,0.2218,1000.0,0.0,4.199,84.8,99,0,60.0,2026-05-01T22:03:30.311494,4.213
2026-05-01T22:02:30.377504,70.38,0.2042,73.12,0.2226,1000.0,0.0,4.199,84.8,99,0,60.0,2026-05-01T22:03:30.377329,4.213
2026-05-01T22:02:30.444548,70.38,0.2042,73.12,0.223,1000.0,0.0,4.199,84.8,99,0,60.0,2026-05-01T22:03:30.444365,4.213
2026-05-01T22:02:31.385976,70.43,0.2151,73.15,0.2258,1000.0,0.0,4.199,84.7,98,0,60.0,2026-05-01T22:03:31.385723,4.213
2026-05-01T22:02:31.589070,70.43,0.2151,73.16,0.2296,1000.0,0.0,4.199,84.7,98,0,60.0,2026-05-01T22:03:31.588713,4.213
2026-05-01T22:02:32.428817,70.43,0.2151,73.19,0.2323,1000.0,0.0,4.199,84.7,98,0,60.0,2026-05-01T22:03:32.428362,4.213
2026-05-01T22:02:32.590995,70.47,0.2126,73.2,0.2326,1000.0,0.0,4.199,84.7,98,0,60.0,2026-05-01T22:03:32.588493,4.213
2026-05-01T22:02:32.847112,70.47,0.2126,73.21,0.2325,1000.0,0.0,4.199,84.7,98,0,60.0,2026-05-01T22:03:32.822702,4.213
2026-05-01T22:02:33.437131,70.5,0.2126,73.23,0.2326,1000.0,0.0,4.199,84.7,99,0,60.0,2026-05-01T22:03:33.436945,4.213
2026-05-01T22:02:33.494768,70.5,0.2067,73.23,0.2295,1000.0,0.0,4.199,84.7,99,0,60.0,2026-05-01T22:03:33.494615,4.213
2026-05-01T22:02:33.554295,70.5,0.2067,73.23,0.2284,1000.0,0.0,4.199,84.7,99,0,60.0,2026-05-01T22:03:33.554114,4.213
2026-05-01T22:02:34.495943,70.54,0.2052,73.27,0.2272,1000.0,0.0,4.199,84.7,99,0,60.0,2026-05-01T22:03:34.495746,4.213
2026-05-01T22:02:34.615500,70.54,0.2178,73.27,0.2311,1000.0,0.0,4.199,84.7,99,0,60.0,2026-05-01T22:03:34.602294,4.213
2026-05-01T22:02:34.942542,70.54,0.2178,73.28,0.2341,1000.0,0.0,4.199,84.7,99,0,60.0,2026-05-01T22:03:34.941711,4.213
2026-05-01T22:02:35.550510,70.6,0.2126,73.31,0.2355,1000.0,0.0,4.199,84.7,99,0,60.0,2026-05-01T22:03:35.550234,4.213
2026-05-01T22:02:35.606974,70.6,0.2178,73.32,0.2364,1000.0,0.0,4.199,84.7,99,0,60.0,2026-05-01T22:03:35.606816,4.213
2026-05-01T22:02:35.665102,70.6,0.2178,73.33,0.2368,1000.0,0.0,4.199,84.7,99,0,60.0,2026-05-01T22:03:35.664928,4.213
2026-05-01T22:02:36.704275,70.66,0.2178,73.38,0.2362,1000.0,0.0,4.199,84.7,99,0,60.0,2026-05-01T22:03:36.704064,4.213
2026-05-01T22:02:36.797909,70.66,0.2178,73.39,0.2369,1000.0,0.0,4.199,84.7,99,0,60.0,2026-05-01T22:03:36.796222,4.213
2026-05-01T22:02:37.622968,70.66,0.2178,73.42,0.2375,1000.0,0.0,4.199,84.7,99,0,60.0,2026-05-01T22:03:37.622774,4.213
2026-05-01T22:02:37.689427,70.69,0.2209,73.43,0.238,1000.0,0.0,4.199,84.7,99,0,60.0,2026-05-01T22:03:37.689263,4.213
2026-05-01T22:02:37.766185,70.69,0.2209,73.43,0.2391,1000.0,0.0,4.199,84.7,99,0,60.0,2026-05-01T22:03:37.765916,4.213
2026-05-01T22:02:38.679536,70.76,0.2209,73.46,0.2403,1000.0,0.0,4.199,84.6,99,0,60.0,2026-05-01T22:03:38.679348,4.213
2026-05-01T22:02:38.742946,70.76,0.2152,73.48,0.2367,1000.0,0.0,4.199,84.6,99,0,60.0,2026-05-01T22:03:38.742762,4.213
2026-05-01T22:02:38.830132,70.76,0.2152,73.48,0.2362,1000.0,0.0,4.199,84.6,99,0,60.0,2026-05-01T22:03:38.829824,4.213
2026-05-01T22:02:39.751321,70.81,0.205,73.52,0.2342,1000.0,0.0,4.199,84.6,99,0,60.0,2026-05-01T22:03:39.751074,4.213
2026-05-01T22:02:39.846132,70.81,0.2092,73.53,0.2315,1000.0,0.0,4.199,84.6,99,0,60.0,2026-05-01T22:03:39.845824,4.213
2026-05-01T22:02:39.974559,70.81,0.2092,73.54,0.2307,1000.0,0.0,4.199,84.6,99,0,60.0,2026-05-01T22:03:39.974142,4.213
2026-05-01T22:02:40.786418,70.86,0.2092,73.58,0.23,1000.0,0.0,4.199,84.6,99,0,60.0,2026-05-01T22:03:40.786210,4.213
2026-05-01T22:02:40.849532,70.86,0.2143,73.58,0.2319,1000.0,0.0,4.199,84.6,99,0,60.0,2026-05-01T22:03:40.849264,4.213
2026-05-01T22:02:40.912172,70.86,0.2143,73.59,0.2328,1000.0,0.0,4.199,84.6,99,0,60.0,2026-05-01T22:03:40.911985,4.213
2026-05-01T22:02:41.858879,70.91,0.2143,73.63,0.2333,1000.0,0.0,4.199,84.6,99,0,60.0,2026-05-01T22:03:41.858676,4.213
2026-05-01T22:02:41.949026,70.91,0.2143,73.64,0.2338,1000.0,0.0,4.199,84.6,99,0,60.0,2026-05-01T22:03:41.948744,4.213
2026-05-01T22:02:42.868381,70.91,0.2143,73.67,0.2344,1000.0,0.0,4.199,84.6,99,0,60.0,2026-05-01T22:03:42.868116,4.213
2026-05-01T22:02:42.954339,70.96,0.2126,73.68,0.2336,1000.0,0.0,4.199,84.6,99,0,60.0,2026-05-01T22:03:42.954072,4.213
2026-05-01T22:02:43.048981,70.96,0.2126,73.69,0.2333,1000.0,0.0,4.199,84.6,99,0,60.0,2026-05-01T22:03:43.048674,4.213
2026-05-01T22:02:43.923553,71.0,0.2126,73.72,0.2332,1000.0,0.0,4.199,84.5,99,0,60.0,2026-05-01T22:03:43.923369,4.213
2026-05-01T22:02:43.991106,71.0,0.2169,73.72,0.2343,1000.0,0.0,4.199,84.5,99,0,60.0,2026-05-01T22:03:43.990930,4.213
2026-05-01T22:02:44.059362,71.0,0.2169,73.72,0.2353,1000.0,0.0,4.199,84.5,99,0,60.0,2026-05-01T22:03:44.059194,4.213
2026-05-01T22:02:45.077720,71.05,0.2169,73.76,0.2366,1000.0,0.0,4.199,84.5,99,0,60.0,2026-05-01T22:03:45.077226,4.213
2026-05-01T22:02:45.614593,71.05,0.2236,73.78,0.2401,1000.0,0.0,4.199,84.5,99,0,60.0,2026-05-01T22:03:45.612823,4.213
2026-05-01T22:02:45.795037,71.05,0.2236,73.79,0.2423,1000.0,0.0,4.199,84.5,99,0,60.0,2026-05-01T22:03:45.794743,4.213
2026-05-01T22:02:46.146006,71.09,0.2236,73.8,0.2425,1000.0,0.0,4.199,84.5,99,0,60.0,2026-05-01T22:03:46.145615,4.213
2026-05-01T22:02:46.381664,71.09,0.2236,73.81,0.2432,1000.0,0.0,4.199,84.5,99,0,60.0,2026-05-01T22:03:46.380401,4.213
2026-05-01T22:02:46.593972,71.09,0.2236,73.82,0.2436,1000.0,0.0,4.199,84.5,99,0,60.0,2026-05-01T22:03:46.593227,4.213
2026-05-01T22:02:47.160140,71.14,0.2218,73.85,0.2433,1000.0,0.0,4.199,84.5,99,0,60.0,2026-05-01T22:03:47.159909,4.213
2026-05-01T22:02:47.293963,71.14,0.2218,73.86,0.243,1000.0,0.0,4.199,84.5,99,0,60.0,2026-05-01T22:03:47.293673,4.213
2026-05-01T22:02:48.108705,71.14,0.2218,73.89,0.2429,1000.0,0.0,4.199,84.5,99,0,60.0,2026-05-01T22:03:48.108507,4.213
2026-05-01T22:02:48.174752,71.16,0.2178,73.89,0.2409,1000.0,0.0,4.199,84.5,99,0,60.0,2026-05-01T22:03:48.174553,4.213
2026-05-01T22:02:48.240850,71.16,0.2178,73.89,0.2399,1000.0,0.0,4.199,84.5,99,0,60.0,2026-05-01T22:03:48.240675,4.213
2026-05-01T22:02:49.168299,71.23,0.2178,73.93,0.2393,1000.0,0.0,4.199,84.5,99,0,60.0,2026-05-01T22:03:49.168118,4.213
2026-05-01T22:02:49.228862,71.23,0.2268,73.94,0.2415,1000.0,0.0,4.199,84.5,99,0,60.0,2026-05-01T22:03:49.228687,4.213
2026-05-01T22:02:49.294826,71.23,0.2268,73.94,0.2437,1000.0,0.0,4.199,84.5,99,0,60.0,2026-05-01T22:03:49.294639,4.213
2026-05-01T22:02:50.230258,71.27,0.2268,73.98,0.2459,1000.0,0.0,4.199,84.5,99,0,60.0,2026-05-01T22:03:50.229929,4.213
2026-05-01T22:02:50.325265,71.27,0.2227,73.99,0.2444,1000.0,0.0,4.199,84.5,99,0,60.0,2026-05-01T22:03:50.324945,4.213
2026-05-01T22:02:50.495787,71.27,0.2227,73.99,0.244,1000.0,0.0,4.199,84.5,99,0,60.0,2026-05-01T22:03:50.495212,4.213
2026-05-01T22:02:51.280268,71.3,0.2194,74.02,0.2429,1000.0,0.0,4.199,84.4,99,0,60.0,2026-05-01T22:03:51.279954,4.213
2026-05-01T22:02:51.337472,71.3,0.2194,74.02,0.2416,1000.0,0.0,4.199,84.4,99,0,60.0,2026-05-01T22:03:51.337297,4.213
2026-05-01T22:02:51.394097,71.3,0.2194,74.02,0.2411,1000.0,0.0,4.199,84.4,99,0,60.0,2026-05-01T22:03:51.393937,4.213
2026-05-01T22:02:52.335544,71.34,0.2202,74.06,0.2399,1000.0,0.0,4.199,84.4,99,0,60.0,2026-05-01T22:03:52.335340,4.213
2026-05-01T22:02:52.390686,71.34,0.2202,74.06,0.2403,1000.0,0.0,4.199,84.4,99,0,60.0,2026-05-01T22:03:52.390538,4.213
2026-05-01T22:02:53.352013,71.34,0.2202,74.09,0.2408,1000.0,0.0,4.199,84.4,99,0,60.0,2026-05-01T22:03:53.351804,4.213
2026-05-01T22:02:53.420530,71.36,0.2236,74.09,0.2412,1000.0,0.0,4.199,84.4,99,0,60.0,2026-05-01T22:03:53.420339,4.213
2026-05-01T22:02:53.487486,71.36,0.2236,74.09,0.2424,1000.0,0.0,4.199,84.4,99,0,60.0,2026-05-01T22:03:53.487280,4.213
2026-05-01T22:02:54.408426,71.38,0.2236,74.11,0.2436,1000.0,0.0,4.199,84.4,99,0,60.0,2026-05-01T22:03:54.408213,4.213
2026-05-01T22:02:54.476026,71.38,0.227,74.11,0.2453,1000.0,0.0,4.199,84.4,99,0,60.0,2026-05-01T22:03:54.475802,4.213
2026-05-01T22:02:54.553768,71.38,0.227,74.11,0.2463,1000.0,0.0,4.199,84.4,99,0,60.0,2026-05-01T22:03:54.552119,4.213
2026-05-01T22:02:55.461995,71.4,0.2268,74.13,0.2472,1000.0,0.0,4.199,84.4,99,0,60.0,2026-05-01T22:03:55.461769,4.213
2026-05-01T22:02:55.522119,71.4,0.2287,74.13,0.2481,1000.0,0.0,4.199,84.4,99,0,60.0,2026-05-01T22:03:55.521906,4.213
2026-05-01T22:02:55.589817,71.4,0.2287,74.13,0.2486,1000.0,0.0,4.199,84.4,99,0,60.0,2026-05-01T22:03:55.589630,4.213
2026-05-01T22:02:56.521720,71.42,0.2287,74.15,0.2492,1000.0,0.0,4.199,84.4,99,0,60.0,2026-05-01T22:03:56.521530,4.213
2026-05-01T22:02:56.703943,71.42,0.2287,74.15,0.2494,1000.0,0.0,4.199,84.4,99,0,60.0,2026-05-01T22:03:56.703616,4.213
2026-05-01T22:02:56.975022,71.42,0.2287,74.16,0.2495,1000.0,0.0,4.199,84.4,99,0,60.0,2026-05-01T22:03:56.974438,4.213
2026-05-01T22:02:57.564176,71.47,0.2185,74.18,0.2453,1000.0,0.0,4.199,84.4,99,0,60.0,2026-05-01T22:03:57.563892,4.213
2026-05-01T22:02:57.618537,71.47,0.2185,74.19,0.243,1000.0,0.0,4.199,84.4,99,0,60.0,2026-05-01T22:03:57.618352,4.213
2026-05-01T22:02:58.669456,71.47,0.2185,74.23,0.2417,1000.0,0.0,4.199,84.4,99,0,60.0,2026-05-01T22:03:58.655324,4.213
2026-05-01T22:02:58.742333,71.49,0.2209,74.22,0.2405,1000.0,0.0,4.199,84.4,99,0,60.0,2026-05-01T22:03:58.742126,4.213
2026-05-01T22:02:58.834658,71.49,0.2209,74.22,0.241,1000.0,0.0,4.199,84.4,99,0,60.0,2026-05-01T22:03:58.834372,4.213
2026-05-01T22:02:59.646425,71.54,0.2209,74.25,0.2417,1000.0,0.0,4.199,84.4,99,0,60.0,2026-05-01T22:03:59.646235,4.213
2026-05-01T22:02:59.710722,71.54,0.2227,74.26,0.2423,1000.0,0.0,4.199,84.4,99,0,60.0,2026-05-01T22:03:59.710564,4.213
2026-05-01T22:02:59.773672,71.54,0.2227,74.26,0.2428,1000.0,0.0,4.199,84.4,99,0,60.0,2026-05-01T22:03:59.773502,4.213
2026-05-01T22:03:00.815625,71.55,0.2209,74.29,0.2431,1000.0,0.0,4.199,84.4,99,0,60.0,2026-05-01T22:04:00.807949,4.213
2026-05-01T22:03:00.965752,71.55,0.2286,74.29,0.246,1000.0,0.0,4.199,84.4,99,0,60.0,2026-05-01T22:04:00.964353,4.213
2026-05-01T22:03:01.094182,71.55,0.2286,74.29,0.2475,1000.0,0.0,4.199,84.4,99,0,60.0,2026-05-01T22:04:01.093834,4.213
2026-05-01T22:03:01.856838,71.6,0.2287,74.32,0.2488,1000.0,0.0,4.199,84.3,99,0,60.0,2026-05-01T22:04:01.856519,4.213
2026-05-01T22:03:02.099174,71.6,0.2335,74.33,0.2515,1000.0,0.0,4.199,84.3,99,0,60.0,2026-05-01T22:04:02.098338,4.213
2026-05-01T22:03:02.333719,71.6,0.2335,74.33,0.2529,1000.0,0.0,4.199,84.3,99,0,60.0,2026-05-01T22:04:02.333358,4.213
2026-05-01T22:03:02.900566,71.66,0.2379,74.36,0.2545,1000.0,0.0,4.199,84.3,99,0,60.0,2026-05-01T22:04:02.900166,4.213
2026-05-01T22:03:03.005148,71.66,0.2379,74.37,0.2564,1000.0,0.0,4.199,84.3,99,0,60.0,2026-05-01T22:04:03.004629,4.213
2026-05-01T22:03:03.827733,71.66,0.2379,74.4,0.2579,1000.0,0.0,4.199,84.3,99,0,60.0,2026-05-01T22:04:03.827540,4.213
2026-05-01T22:03:03.886773,71.68,0.2405,74.4,0.2589,1000.0,0.0,4.199,84.3,99,0,60.0,2026-05-01T22:04:03.886605,4.213
2026-05-01T22:03:03.945182,71.68,0.2405,74.4,0.26,1000.0,0.0,4.199,84.3,99,0,60.0,2026-05-01T22:04:03.945035,4.213
2026-05-01T22:03:04.886465,71.74,0.2405,74.44,0.261,1000.0,0.0,4.199,84.3,99,0,60.0,2026-05-01T22:04:04.886308,4.213
2026-05-01T22:03:04.964707,71.74,0.2295,74.45,0.2552,1000.0,0.0,4.199,84.3,99,0,60.0,2026-05-01T22:04:04.964437,4.213
2026-05-01T22:03:05.059629,71.74,0.2295,74.45,0.2535,1000.0,0.0,4.199,84.3,99,0,60.0,2026-05-01T22:04:05.059403,4.213
2026-05-01T22:03:05.964565,71.79,0.2227,74.49,0.2511,1000.0,0.0,4.199,84.3,99,0,60.0,2026-05-01T22:04:05.964126,4.213
2026-05-01T22:03:06.062458,71.79,0.2236,74.5,0.2481,1000.0,0.0,4.199,84.3,99,0,60.0,2026-05-01T22:04:06.062229,4.213
2026-05-01T22:03:06.158520,71.79,0.2236,74.51,0.2469,1000.0,0.0,4.199,84.3,99,0,60.0,2026-05-01T22:04:06.158266,4.213
2026-05-01T22:03:06.996842,71.82,0.2236,74.54,0.2459,1000.0,0.0,4.199,84.3,99,0,60.0,2026-05-01T22:04:06.996644,4.213
2026-05-01T22:03:07.063693,71.82,0.2295,74.54,0.248,1000.0,0.0,4.199,84.3,99,0,60.0,2026-05-01T22:04:07.063427,4.213
2026-05-01T22:03:07.129211,71.82,0.2295,74.54,0.249,1000.0,0.0,4.199,84.3,99,0,60.0,2026-05-01T22:04:07.129017,4.213
2026-05-01T22:03:08.051213,71.87,0.2295,74.58,0.2493,1000.0,0.0,4.199,84.3,99,0,60.0,2026-05-01T22:04:08.051005,4.213
2026-05-01T22:03:08.116863,71.87,0.2295,74.59,0.2499,1000.0,0.0,4.199,84.3,99,0,60.0,2026-05-01T22:04:08.116651,4.213
2026-05-01T22:03:09.064982,71.87,0.2295,74.62,0.2506,1000.0,0.0,4.199,84.3,99,0,60.0,2026-05-01T22:04:09.064750,4.213
2026-05-01T22:03:09.131861,71.93,0.2313,74.64,0.2508,1000.0,0.0,4.199,84.2,99,0,60.0,2026-05-01T22:04:09.131614,4.213
2026-05-01T22:03:09.210337,71.93,0.2313,74.65,0.2516,1000.0,0.0,4.199,84.2,99,0,60.0,2026-05-01T22:04:09.210060,4.213
2026-05-01T22:03:10.119282,71.98,0.2313,74.68,0.2523,1000.0,0.0,4.199,84.2,99,0,60.0,2026-05-01T22:04:10.119082,4.213
2026-05-01T22:03:10.182638,71.98,0.2295,74.69,0.2502,1000.0,0.0,4.199,84.2,99,0,60.0,2026-05-01T22:04:10.182412,4.213
2026-05-01T22:03:10.250561,71.98,0.2295,74.7,0.2506,1000.0,0.0,4.199,84.2,99,0,60.0,2026-05-01T22:04:10.250359,4.213
2026-05-01T22:03:11.188359,72.02,0.2135,74.74,0.2484,1000.0,0.0,4.199,84.2,99,0,60.0,2026-05-01T22:04:11.188155,4.213
2026-05-01T22:03:11.264735,72.02,0.2295,74.74,0.2482,1000.0,0.0,4.199,84.2,99,0,60.0,2026-05-01T22:04:11.264446,4.213
2026-05-01T22:03:11.355164,72.02,0.2295,74.75,0.2492,1000.0,0.0,4.199,84.2,99,0,60.0,2026-05-01T22:04:11.354935,4.213
2026-05-01T22:03:12.234933,72.06,0.2379,74.78,0.2517,1000.0,0.0,4.199,84.2,99,0,60.0,2026-05-01T22:04:12.234740,4.213
2026-05-01T22:03:12.298526,72.06,0.2379,74.78,0.255,1000.0,0.0,4.199,84.2,99,0,60.0,2026-05-01T22:04:12.298306,4.213
2026-05-01T22:03:12.365374,72.06,0.2379,74.78,0.2566,1000.0,0.0,4.199,84.2,99,0,60.0,2026-05-01T22:04:12.365094,4.213
2026-05-01T22:03:13.291652,72.09,0.2322,74.81,0.2564,1000.0,0.0,4.199,84.2,99,0,60.0,2026-05-01T22:04:13.291468,4.213
2026-05-01T22:03:13.349600,72.09,0.2322,74.81,0.2553,1000.0,0.0,4.199,84.2,99,0,60.0,2026-05-01T22:04:13.349412,4.213
2026-05-01T22:03:14.308270,72.09,0.2322,74.84,0.255,1000.0,0.0,4.199,84.2,99,0,60.0,2026-05-01T22:04:14.308021,4.213
2026-05-01T22:03:14.366276,72.15,0.2312,74.85,0.2541,1000.0,0.0,4.199,84.2,99,0,60.0,2026-05-01T22:04:14.366092,4.213
2026-05-01T22:03:14.423148,72.15,0.2312,74.85,0.2536,1000.0,0.0,4.199,84.2,99,0,60.0,2026-05-01T22:04:14.422988,4.213
2026-05-01T22:03:15.366624,72.2,0.2312,74.89,0.2534,1000.0,0.0,4.199,84.1,99,0,60.0,2026-05-01T22:04:15.366392,4.213
2026-05-01T22:03:15.432055,72.2,0.2312,74.9,0.2529,1000.0,0.0,4.199,84.1,99,0,60.0,2026-05-01T22:04:15.431861,4.213
2026-05-01T22:03:15.518999,72.2,0.2312,74.91,0.2529,1000.0,0.0,4.199,84.1,99,0,60.0,2026-05-01T22:04:15.518740,4.213
2026-05-01T22:03:16.436379,72.25,0.2295,74.94,0.2529,1000.0,0.0,4.199,84.1,99,0,60.0,2026-05-01T22:04:16.436110,4.213
2026-05-01T22:03:16.531032,72.25,0.227,74.95,0.251,1000.0,0.0,4.199,84.1,99,0,60.0,2026-05-01T22:04:16.530798,4.213
2026-05-01T22:03:16.774579,72.25,0.227,74.96,0.2502,1000.0,0.0,4.199,84.1,99,0,60.0,2026-05-01T22:04:16.762418,4.213
2026-05-01T22:03:17.487358,72.29,0.211,74.99,0.2452,1000.0,0.0,4.199,84.1,99,0,60.0,2026-05-01T22:04:17.487165,4.213
2026-05-01T22:03:17.544215,72.29,0.227,75.0,0.2468,1000.0,0.0,4.199,84.1,99,0,60.0,2026-05-01T22:04:17.544042,4.213
2026-05-01T22:03:17.602855,72.29,0.227,75.0,0.2474,1000.0,0.0,4.199,84.1,99,0,60.0,2026-05-01T22:04:17.602680,4.213
2026-05-01T22:03:18.532906,72.35,0.2353,75.05,0.2478,1000.0,0.0,4.199,84.1,99,0,60.0,2026-05-01T22:04:18.532368,4.213
2026-05-01T22:03:18.685139,72.35,0.2353,75.06,0.2519,1000.0,0.0,4.199,84.1,99,0,60.0,2026-05-01T22:04:18.684956,4.213
2026-05-01T22:03:19.546302,72.35,0.2353,75.09,0.2547,1000.0,0.0,4.199,84.1,99,0,60.0,2026-05-01T22:04:19.546110,4.213
2026-05-01T22:03:19.606755,72.4,0.2353,75.1,0.2547,1000.0,0.0,4.199,84.1,99,0,60.0,2026-05-01T22:04:19.606558,4.213
2026-05-01T22:03:19.672819,72.4,0.2353,75.11,0.2557,1000.0,0.0,4.199,84.1,99,0,60.0,2026-05-01T22:04:19.672647,4.213
2026-05-01T22:03:20.689966,72.44,0.2353,75.15,0.2568,1000.0,0.0,4.199,84.1,98,0,60.0,2026-05-01T22:04:20.689701,4.213
2026-05-01T22:03:20.767285,72.44,0.238,75.15,0.2578,1000.0,0.0,4.199,84.1,98,0,60.0,2026-05-01T22:04:20.767059,4.213
2026-05-01T22:03:20.978672,72.44,0.238,75.16,0.2587,1000.0,0.0,4.199,84.1,98,0,60.0,2026-05-01T22:04:20.978354,4.213
2026-05-01T22:03:21.741658,72.49,0.2329,75.19,0.2589,1000.0,0.0,4.199,84.0,98,0,60.0,2026-05-01T22:04:21.741228,4.213
2026-05-01T22:03:21.870361,72.49,0.2389,75.2,0.2594,1000.0,0.0,4.199,84.0,98,0,60.0,2026-05-01T22:04:21.870100,4.213
2026-05-01T22:03:22.060496,72.49,0.2389,75.21,0.2601,1000.0,0.0,4.199,84.0,98,0,60.0,2026-05-01T22:04:22.060134,4.213
2026-05-01T22:03:22.777400,72.54,0.2389,75.24,0.2609,1000.0,0.0,4.199,84.0,98,0,60.0,2026-05-01T22:04:22.777157,4.213
2026-05-01T22:03:22.872140,72.54,0.2389,75.25,0.261,1000.0,0.0,4.199,84.0,98,0,60.0,2026-05-01T22:04:22.871903,4.213
2026-05-01T22:03:22.971251,72.54,0.2389,75.25,0.2611,1000.0,0.0,4.199,84.0,98,0,60.0,2026-05-01T22:04:22.970951,4.213
2026-05-01T22:03:23.771156,72.62,0.2405,75.3,0.2609,1000.0,0.0,4.199,84.0,98,0,60.0,2026-05-01T22:04:23.770963,4.213
2026-05-01T22:03:23.836705,72.62,0.2405,75.31,0.2617,1000.0,0.0,4.199,84.0,98,0,60.0,2026-05-01T22:04:23.836487,4.213
2026-05-01T22:03:24.779887,72.62,0.2405,75.35,0.2624,1000.0,0.0,4.199,84.0,98,0,60.0,2026-05-01T22:04:24.779692,4.213
2026-05-01T22:03:24.850877,72.65,0.2405,75.36,0.2622,1000.0,0.0,4.199,84.0,98,0,60.0,2026-05-01T22:04:24.850602,4.213
2026-05-01T22:03:24.944313,72.65,0.2405,75.36,0.2624,1000.0,0.0,4.199,84.0,98,0,60.0,2026-05-01T22:04:24.944074,4.213
2026-05-01T22:03:25.840667,72.69,0.2405,75.39,0.2629,1000.0,0.0,4.199,84.0,98,0,60.0,2026-05-01T22:04:25.840497,4.213
2026-05-01T22:03:25.898294,72.69,0.243,75.4,0.2621,1000.0,0.0,4.199,84.0,98,0,60.0,2026-05-01T22:04:25.898064,4.213
2026-05-01T22:03:25.957473,72.69,0.243,75.4,0.2633,1000.0,0.0,4.199,84.0,98,0,60.0,2026-05-01T22:04:25.957300,4.213
2026-05-01T22:03:26.919350,72.74,0.2322,75.44,0.2629,1000.0,0.0,4.199,84.0,98,0,60.0,2026-05-01T22:04:26.919065,4.213
2026-05-01T22:03:27.018012,72.74,0.2371,75.45,0.2613,1000.0,0.0,4.199,84.0,98,0,60.0,2026-05-01T22:04:27.017726,4.213
2026-05-01T22:03:27.120865,72.74,0.2371,75.45,0.2606,1000.0,0.0,4.199,84.0,98,0,60.0,2026-05-01T22:04:27.120539,4.213
2026-05-01T22:03:27.959798,72.78,0.2362,75.48,0.26,1000.0,0.0,4.199,84.0,98,0,60.0,2026-05-01T22:04:27.959598,4.213
2026-05-01T22:03:28.026179,72.78,0.2371,75.49,0.2598,1000.0,0.0,4.199,84.0,98,0,60.0,2026-05-01T22:04:28.025976,4.213
2026-05-01T22:03:28.092807,72.78,0.2371,75.49,0.2598,1000.0,0.0,4.199,84.0,98,0,60.0,2026-05-01T22:04:28.092622,4.213
2026-05-01T22:03:29.017635,72.82,0.2396,75.53,0.26,1000.0,0.0,4.199,83.9,98,0,60.0,2026-05-01T22:04:29.017424,4.213
2026-05-01T22:03:29.084641,72.82,0.2396,75.53,0.2609,1000.0,0.0,4.199,83.9,98,0,60.0,2026-05-01T22:04:29.084439,4.213
2026-05-01T22:03:30.028296,72.82,0.2396,75.56,0.2618,1000.0,0.0,4.199,83.9,98,0,60.0,2026-05-01T22:04:30.028064,4.213
2026-05-01T22:03:30.117642,72.88,0.2421,75.58,0.2626,1000.0,0.0,4.199,83.9,98,0,60.0,2026-05-01T22:04:30.117329,4.213
2026-05-01T22:03:30.219902,72.88,0.2421,75.59,0.2635,1000.0,0.0,4.199,83.9,98,0,60.0,2026-05-01T22:04:30.219452,4.213
2026-05-01T22:03:31.079010,72.91,0.2421,75.62,0.2644,1000.0,0.0,4.199,83.9,98,0,60.0,2026-05-01T22:04:31.078833,4.213
2026-05-01T22:03:31.142265,72.91,0.2345,75.62,0.2611,1000.0,0.0,4.199,83.9,98,0,60.0,2026-05-01T22:04:31.142069,4.213
2026-05-01T22:03:31.208202,72.91,0.2345,75.63,0.2597,1000.0,0.0,4.199,83.9,98,0,60.0,2026-05-01T22:04:31.208003,4.213
2026-05-01T22:03:32.200670,72.98,0.2295,75.67,0.2577,1000.0,0.0,4.199,83.9,98,0,60.0,2026-05-01T22:04:32.196928,4.213
2026-05-01T22:03:32.395427,72.98,0.2345,75.69,0.257,1000.0,0.0,4.199,83.9,98,0,60.0,2026-05-01T22:04:32.395150,4.213
2026-05-01T22:03:32.741245,72.98,0.2345,75.7,0.2571,1000.0,0.0,4.199,83.9,98,0,60.0,2026-05-01T22:04:32.740484,4.213
2026-05-01T22:03:33.191566,73.0,0.2388,75.72,0.2579,1000.0,0.0,4.199,83.9,98,0,60.0,2026-05-01T22:04:33.191360,4.213
2026-05-01T22:03:33.256593,73.0,0.2388,75.72,0.2594,1000.0,0.0,4.199,83.9,98,0,60.0,2026-05-01T22:04:33.256415,4.213
2026-05-01T22:03:33.322202,73.0,0.2388,75.72,0.2601,1000.0,0.0,4.199,83.9,98,0,60.0,2026-05-01T22:04:33.322023,4.213
2026-05-01T22:03:34.253006,73.05,0.2388,75.75,0.2591,1000.0,0.0,4.199,83.9,98,0,60.0,2026-05-01T22:04:34.252821,4.213
2026-05-01T22:03:34.310085,73.05,0.2388,75.76,0.2601,1000.0,0.0,4.199,83.9,98,0,60.0,2026-05-01T22:04:34.309904,4.213
2026-05-01T22:03:35.267287,73.05,0.2388,75.79,0.2611,1000.0,0.0,4.199,83.9,99,0,60.0,2026-05-01T22:04:35.267046,4.213
2026-05-01T22:03:35.335107,73.1,0.2455,75.8,0.2628,1000.0,0.0,4.199,83.8,99,0,60.0,2026-05-01T22:04:35.334877,4.213
2026-05-01T22:03:35.423579,73.1,0.2455,75.81,0.265,1000.0,0.0,4.199,83.8,99,0,60.0,2026-05-01T22:04:35.423324,4.213
2026-05-01T22:03:36.338854,73.13,0.2455,75.84,0.2671,1000.0,0.0,4.199,83.8,99,0,60.0,2026-05-01T22:04:36.338582,4.213
2026-05-01T22:03:36.500351,73.13,0.2461,75.84,0.2679,1000.0,0.0,4.199,83.8,99,0,60.0,2026-05-01T22:04:36.496293,4.213
2026-05-01T22:03:36.933772,73.13,0.2461,75.84,0.2685,1000.0,0.0,4.199,83.8,99,0,60.0,2026-05-01T22:04:36.909542,4.213
2026-05-01T22:03:37.390175,73.17,0.2448,75.86,0.2688,1000.0,0.0,4.199,83.8,99,0,60.0,2026-05-01T22:04:37.389967,4.213
2026-05-01T22:03:37.469193,73.17,0.2489,75.87,0.2699,1000.0,0.0,4.199,83.8,99,0,60.0,2026-05-01T22:04:37.468955,4.213
2026-05-01T22:03:37.556231,73.17,0.2489,75.87,0.2706,1000.0,0.0,4.199,83.8,99,0,60.0,2026-05-01T22:04:37.556010,4.213
2026-05-01T22:03:38.435645,73.21,0.2506,75.9,0.2715,1000.0,0.0,4.199,83.8,99,0,60.0,2026-05-01T22:04:38.435464,4.213
2026-05-01T22:03:38.496221,73.21,0.2538,75.91,0.2738,1000.0,0.0,4.199,83.8,99,0,60.0,2026-05-01T22:04:38.496039,4.213
2026-05-01T22:03:38.603804,73.21,0.2538,75.91,0.2749,1000.0,0.0,4.199,83.8,99,0,60.0,2026-05-01T22:04:38.578738,4.213
2026-05-01T22:03:39.488329,73.27,0.2547,75.96,0.2758,1000.0,0.0,4.199,83.8,99,0,60.0,2026-05-01T22:04:39.488155,4.213
2026-05-01T22:03:39.544864,73.27,0.2547,75.96,0.2767,1000.0,0.0,4.199,83.8,99,0,60.0,2026-05-01T22:04:39.544695,4.213
2026-05-01T22:03:40.508063,73.27,0.2547,76.0,0.2776,1000.0,0.0,4.199,83.8,99,0,60.0,2026-05-01T22:04:40.507843,4.213
2026-05-01T22:03:40.620758,73.32,0.2489,76.01,0.2752,1000.0,0.0,4.199,83.8,99,0,60.0,2026-05-01T22:04:40.602756,4.213
2026-05-01T22:03:40.792774,73.32,0.2489,76.02,0.274,1000.0,0.0,4.199,83.8,99,0,60.0,2026-05-01T22:04:40.792461,4.213
2026-05-01T22:03:41.565278,73.33,0.2489,76.05,0.2732,1000.0,0.0,4.199,83.8,99,0,60.0,2026-05-01T22:04:41.565037,4.213
2026-05-01T22:03:41.633396,73.33,0.2422,76.04,0.2683,1000.0,0.0,4.199,83.8,99,0,60.0,2026-05-01T22:04:41.633205,4.213
2026-05-01T22:03:41.702243,73.33,0.2422,76.04,0.2672,1000.0,0.0,4.199,83.8,99,0,60.0,2026-05-01T22:04:41.702014,4.213
2026-05-01T22:03:42.759445,73.38,0.2362,76.08,0.2655,1000.0,0.0,4.199,83.7,99,0,60.0,2026-05-01T22:04:42.746627,4.213
2026-05-01T22:03:42.904049,73.38,0.2498,76.08,0.2687,1000.0,0.0,4.199,83.7,99,0,60.0,2026-05-01T22:04:42.903760,4.213
2026-05-01T22:03:43.083717,73.38,0.2498,76.09,0.2706,1000.0,0.0,4.199,83.7,99,0,60.0,2026-05-01T22:04:43.083400,4.213
2026-05-01T22:03:43.671030,73.44,0.2498,76.12,0.2721,1000.0,0.0,4.199,83.7,99,0,60.0,2026-05-01T22:04:43.670803,4.213
2026-05-01T22:03:43.755765,73.44,0.2506,76.13,0.2729,1000.0,0.0,4.199,83.7,99,0,60.0,2026-05-01T22:04:43.755521,4.213
2026-05-01T22:03:43.854400,73.44,0.2506,76.14,0.2733,1000.0,0.0,4.199,83.7,99,0,60.0,2026-05-01T22:04:43.853992,4.213
2026-05-01T22:03:44.768612,73.47,0.2506,76.17,0.2731,1000.0,0.0,4.199,83.7,99,0,60.0,2026-05-01T22:04:44.768303,4.213
2026-05-01T22:03:44.907154,73.47,0.2506,76.18,0.2736,1000.0,0.0,4.199,83.7,99,0,60.0,2026-05-01T22:04:44.906576,4.213
2026-05-01T22:03:45.744095,73.47,0.2506,76.21,0.2741,1000.0,0.0,4.199,83.7,99,0,60.0,2026-05-01T22:04:45.743877,4.213
2026-05-01T22:03:45.809611,73.55,0.248,76.23,0.2721,1000.0,0.0,4.199,83.7,99,0,60.0,2026-05-01T22:04:45.809434,4.213
2026-05-01T22:03:45.876526,73.55,0.248,76.24,0.2719,1000.0,0.0,4.199,83.7,99,0,60.0,2026-05-01T22:04:45.876314,4.213
2026-05-01T22:03:46.852697,73.59,0.248,76.28,0.272,1000.0,0.0,4.199,83.7,99,0,60.0,2026-05-01T22:04:46.852339,4.213
2026-05-01T22:03:46.967658,73.59,0.2515,76.29,0.2729,1000.0,0.0,4.199,83.7,99,0,60.0,2026-05-01T22:04:46.967096,4.213
2026-05-01T22:03:47.103355,73.59,0.2515,76.29,0.2739,1000.0,0.0,4.199,83.7,99,0,60.0,2026-05-01T22:04:47.103087,4.213
2026-05-01T22:03:47.892767,73.59,0.248,76.31,0.2742,1000.0,0.0,4.199,83.7,99,0,60.0,2026-05-01T22:04:47.892265,4.213
2026-05-01T22:03:47.992095,73.59,0.2515,76.3,0.2745,1000.0,0.0,4.199,83.7,99,0,60.0,2026-05-01T22:04:47.991814,4.213
2026-05-01T22:03:48.086777,73.59,0.2515,76.3,0.2748,1000.0,0.0,4.199,83.7,99,0,60.0,2026-05-01T22:04:48.086469,4.213
2026-05-01T22:03:48.912909,73.65,0.2498,76.34,0.2747,1000.0,0.0,4.199,83.7,99,0,60.0,2026-05-01T22:04:48.912724,4.213
2026-05-01T22:03:48.985044,73.65,0.2556,76.34,0.2767,1000.0,0.0,4.199,83.7,99,0,60.0,2026-05-01T22:04:48.984819,4.213
2026-05-01T22:03:49.089550,73.65,0.2556,76.35,0.2776,1000.0,0.0,4.199,83.7,99,0,60.0,2026-05-01T22:04:49.089226,4.213
2026-05-01T22:03:49.974461,73.71,0.2556,76.39,0.2789,1000.0,0.0,4.199,83.6,99,0,60.0,2026-05-01T22:04:49.974291,4.213
2026-05-01T22:03:50.039273,73.71,0.2556,76.4,0.2791,1000.0,0.0,4.199,83.6,99,0,60.0,2026-05-01T22:04:50.039051,4.213
2026-05-01T22:03:50.983678,73.71,0.2556,76.44,0.2795,1000.0,0.0,4.199,83.6,99,0,60.0,2026-05-01T22:04:50.983425,4.213
2026-05-01T22:03:51.051669,73.78,0.2573,76.46,0.2785,1000.0,0.0,4.199,83.6,99,0,60.0,2026-05-01T22:04:51.051438,4.213
2026-05-01T22:03:51.118192,73.78,0.2573,76.47,0.2796,1000.0,0.0,4.199,83.6,99,0,60.0,2026-05-01T22:04:51.117990,4.213
2026-05-01T22:03:52.039318,73.81,0.2573,76.51,0.2806,1000.0,0.0,4.199,83.6,99,0,60.0,2026-05-01T22:04:52.039130,4.213
2026-05-01T22:03:52.105576,73.81,0.2573,76.51,0.2801,1000.0,0.0,4.199,83.6,99,0,60.0,2026-05-01T22:04:52.105403,4.213
2026-05-01T22:03:52.171149,73.81,0.2573,76.51,0.2806,1000.0,0.0,4.199,83.6,99,0,60.0,2026-05-01T22:04:52.170957,4.213
2026-05-01T22:03:53.113555,73.87,0.2556,76.55,0.2809,1000.0,0.0,4.199,83.6,99,0,60.0,2026-05-01T22:04:53.112951,4.213
2026-05-01T22:03:53.243192,73.87,0.2556,76.57,0.2801,1000.0,0.0,4.199,83.6,99,0,60.0,2026-05-01T22:04:53.242849,4.213
2026-05-01T22:03:53.391690,73.87,0.2556,76.57,0.2799,1000.0,0.0,4.199,83.6,99,0,60.0,2026-05-01T22:04:53.391180,4.213
2026-05-01T22:03:54.149300,73.9,0.2531,76.6,0.2793,1000.0,0.0,4.199,83.6,99,0,60.0,2026-05-01T22:04:54.149109,4.213
2026-05-01T22:03:54.208407,73.9,0.2531,76.61,0.2785,1000.0,0.0,4.199,83.6,99,0,60.0,2026-05-01T22:04:54.208214,4.213
2026-05-01T22:03:54.276182,73.9,0.2531,76.61,0.2781,1000.0,0.0,4.199,83.6,99,0,60.0,2026-05-01T22:04:54.275946,4.213
2026-05-01T22:03:55.236677,73.95,0.254,76.65,0.2768,1000.0,0.0,4.199,83.6,99,0,60.0,2026-05-01T22:04:55.236251,4.213
2026-05-01T22:03:55.429522,73.95,0.254,76.65,0.2773,1000.0,0.0,4.199,83.6,99,0,60.0,2026-05-01T22:04:55.429194,4.213
2026-05-01T22:03:56.220407,73.95,0.254,76.68,0.278,1000.0,0.0,4.199,83.6,99,0,60.0,2026-05-01T22:04:56.220210,4.213
2026-05-01T22:03:56.279482,74.0,0.2498,76.69,0.2753,1000.0,0.0,4.199,83.5,99,0,60.0,2026-05-01T22:04:56.279326,4.213
2026-05-01T22:03:56.344629,74.0,0.2498,76.7,0.2749,1000.0,0.0,4.199,83.5,99,0,60.0,2026-05-01T22:04:56.344459,4.213
2026-05-01T22:03:57.276647,74.06,0.2498,76.73,0.2746,1000.0,0.0,4.199,83.5,99,0,60.0,2026-05-01T22:04:57.276458,4.213
2026-05-01T22:03:57.335294,74.06,0.2498,76.75,0.2727,1000.0,0.0,4.199,83.5,99,0,60.0,2026-05-01T22:04:57.335129,4.213
2026-05-01T22:03:57.391554,74.06,0.2498,76.75,0.2731,1000.0,0.0,4.199,83.5,99,0,60.0,2026-05-01T22:04:57.391356,4.213
2026-05-01T22:03:58.334188,74.09,0.2498,76.79,0.2739,1000.0,0.0,4.199,83.5,99,0,60.0,2026-05-01T22:04:58.333995,4.213
2026-05-01T22:03:58.401428,74.09,0.2599,76.79,0.2785,1000.0,0.0,4.199,83.5,99,0,60.0,2026-05-01T22:04:58.401212,4.213
2026-05-01T22:03:58.466729,74.09,0.2599,76.79,0.2805,1000.0,0.0,4.199,83.5,99,0,60.0,2026-05-01T22:04:58.466529,4.213
2026-05-01T22:03:59.388664,74.12,0.2599,76.82,0.2827,1000.0,0.0,4.199,83.5,99,0,60.0,2026-05-01T22:04:59.388482,4.213
2026-05-01T22:03:59.444264,74.12,0.2607,76.82,0.2837,1000.0,0.0,4.199,83.5,99,0,60.0,2026-05-01T22:04:59.444079,4.213
2026-05-01T22:03:59.501745,74.12,0.2607,76.82,0.2842,1000.0,0.0,4.199,83.5,99,0,60.0,2026-05-01T22:04:59.501574,4.213
2026-05-01T22:04:00.452988,74.16,0.2607,76.86,0.2849,1000.0,0.0,4.199,83.5,99,0,60.0,2026-05-01T22:05:00.452791,4.213
2026-05-01T22:04:00.538789,74.16,0.2607,76.86,0.285,1000.0,0.0,4.199,83.5,99,0,60.0,2026-05-01T22:05:00.538483,4.213
2026-05-01T22:04:01.465971,74.16,0.2607,76.89,0.2854,1000.0,0.0,4.199,83.5,99,0,60.0,2026-05-01T22:05:01.465679,4.213
2026-05-01T22:04:01.562300,74.21,0.2556,76.9,0.2826,1000.0,0.0,4.199,83.5,99,0,60.0,2026-05-01T22:05:01.562007,4.213
2026-05-01T22:04:01.778295,74.21,0.2556,76.9,0.2816,1000.0,0.0,4.199,83.5,99,0,60.0,2026-05-01T22:05:01.777858,4.213
2026-05-01T22:04:02.517034,74.24,0.2556,76.93,0.281,1000.0,0.0,4.199,83.5,99,0,60.0,2026-05-01T22:05:02.516817,4.213
2026-05-01T22:04:02.617918,74.24,0.2592,76.93,0.2809,1000.0,0.0,4.199,83.5,99,0,60.0,2026-05-01T22:05:02.593855,4.213
2026-05-01T22:04:02.784105,74.24,0.2592,76.94,0.2821,1000.0,0.0,4.199,83.5,99,0,60.0,2026-05-01T22:05:02.783864,4.213
2026-05-01T22:04:03.826097,74.29,0.2592,76.98,0.2833,1000.0,0.0,4.199,83.4,99,0,60.0,2026-05-01T22:05:03.825271,4.213
2026-05-01T22:04:03.942833,74.29,0.2592,76.98,0.2835,1000.0,0.0,4.199,83.4,99,0,60.0,2026-05-01T22:05:03.942471,4.213
2026-05-01T22:04:04.077404,74.29,0.2592,76.99,0.2837,1000.0,0.0,4.199,83.4,99,0,60.0,2026-05-01T22:05:04.077131,4.213
2026-05-01T22:04:04.698330,74.32,0.2582,77.01,0.2836,1000.0,0.0,4.199,83.4,99,0,60.0,2026-05-01T22:05:04.698082,4.213
2026-05-01T22:04:04.762873,74.32,0.27,77.01,0.2883,1000.0,0.0,4.199,83.4,99,0,60.0,2026-05-01T22:05:04.762672,4.213
2026-05-01T22:04:04.837399,74.32,0.27,77.02,0.2904,1000.0,0.0,4.199,83.4,99,0,60.0,2026-05-01T22:05:04.837153,4.213
2026-05-01T22:04:05.692254,74.35,0.2709,77.05,0.2934,1000.0,0.0,4.199,83.4,99,0,60.0,2026-05-01T22:05:05.692080,4.213
2026-05-01T22:04:05.775018,74.35,0.2709,77.05,0.2943,1000.0,0.0,4.199,83.4,99,0,60.0,2026-05-01T22:05:05.774777,4.213
2026-05-01T22:04:06.694776,74.35,0.2709,77.08,0.2952,1000.0,0.0,4.199,83.4,99,0,60.0,2026-05-01T22:05:06.694602,4.213
2026-05-01T22:04:06.766628,74.36,0.2632,77.07,0.2918,1000.0,0.0,4.199,83.4,99,0,60.0,2026-05-01T22:05:06.766407,4.213
2026-05-01T22:04:06.859070,74.36,0.2632,77.07,0.2903,1000.0,0.0,4.199,83.4,99,0,60.0,2026-05-01T22:05:06.858797,4.213
2026-05-01T22:04:07.760337,74.44,0.2632,77.1,0.2894,1000.0,0.0,4.199,83.4,99,0,60.0,2026-05-01T22:05:07.760126,4.213
2026-05-01T22:04:07.824823,74.44,0.2632,77.11,0.2886,1000.0,0.0,4.199,83.4,99,0,60.0,2026-05-01T22:05:07.824644,4.213
2026-05-01T22:04:07.890848,74.44,0.2632,77.12,0.2884,1000.0,0.0,4.199,83.4,99,0,60.0,2026-05-01T22:05:07.890676,4.213
2026-05-01T22:04:08.837547,74.47,0.2624,77.16,0.2884,1000.0,0.0,4.199,83.4,99,0,60.0,2026-05-01T22:05:08.837186,4.213
2026-05-01T22:04:08.941011,74.47,0.2624,77.16,0.2869,1000.0,0.0,4.199,83.4,99,0,60.0,2026-05-01T22:05:08.940504,4.213
2026-05-01T22:04:09.044695,74.47,0.2624,77.16,0.287,1000.0,0.0,4.199,83.4,99,0,60.0,2026-05-01T22:05:09.044417,4.213
2026-05-01T22:04:09.872035,74.51,0.2514,77.19,0.2844,1000.0,0.0,4.199,83.4,99,0,60.0,2026-05-01T22:05:09.871870,4.213
2026-05-01T22:04:09.929361,74.51,0.2624,77.2,0.2856,1000.0,0.0,4.199,83.4,99,0,60.0,2026-05-01T22:05:09.929215,4.213
2026-05-01T22:04:09.989748,74.51,0.2624,77.2,0.2862,1000.0,0.0,4.199,83.4,99,0,60.0,2026-05-01T22:05:09.989593,4.213
2026-05-01T22:04:10.943442,74.56,0.265,77.24,0.2877,1000.0,0.0,4.199,83.4,99,0,60.0,2026-05-01T22:05:10.943211,4.213
2026-05-01T22:04:11.027319,74.56,0.265,77.25,0.2887,1000.0,0.0,4.199,83.4,99,0,60.0,2026-05-01T22:05:11.027086,4.213
2026-05-01T22:04:11.946440,74.56,0.265,77.28,0.2897,1000.0,0.0,4.199,83.4,99,0,60.0,2026-05-01T22:05:11.946112,4.213
2026-05-01T22:04:12.012311,74.59,0.265,77.28,0.29,1000.0,0.0,4.199,83.3,99,0,60.0,2026-05-01T22:05:12.012147,4.213
2026-05-01T22:04:12.089214,74.59,0.265,77.28,0.29,1000.0,0.0,4.199,83.3,99,0,60.0,2026-05-01T22:05:12.088997,4.213
2026-05-01T22:04:13.005078,74.61,0.265,77.31,0.2903,1000.0,0.0,4.199,83.3,99,0,60.0,2026-05-01T22:05:13.004874,4.213
2026-05-01T22:04:13.074409,74.61,0.2659,77.31,0.2898,1000.0,0.0,4.199,83.3,99,0,60.0,2026-05-01T22:05:13.074235,4.213
2026-05-01T22:04:13.145638,74.61,0.2659,77.31,0.2903,1000.0,0.0,4.199,83.3,99,0,60.0,2026-05-01T22:05:13.145440,4.213
2026-05-01T22:04:14.085657,74.65,0.2614,77.34,0.2903,1000.0,0.0,4.199,83.3,99,0,60.0,2026-05-01T22:05:14.085339,4.213
2026-05-01T22:04:14.217061,74.65,0.2659,77.34,0.2904,1000.0,0.0,4.199,83.3,99,0,60.0,2026-05-01T22:05:14.216708,4.213
2026-05-01T22:04:14.354165,74.65,0.2659,77.35,0.2907,1000.0,0.0,4.199,83.3,99,0,60.0,2026-05-01T22:05:14.353749,4.213
2026-05-01T22:04:15.110897,74.68,0.2624,77.37,0.2902,1000.0,0.0,4.199,83.3,99,0,60.0,2026-05-01T22:05:15.110701,4.213
2026-05-01T22:04:15.175988,74.68,0.2666,77.37,0.2909,1000.0,0.0,4.199,83.3,99,0,60.0,2026-05-01T22:05:15.175794,4.213
2026-05-01T22:04:15.244287,74.68,0.2666,77.38,0.2912,1000.0,0.0,4.199,83.3,99,0,60.0,2026-05-01T22:05:15.244090,4.213
2026-05-01T22:04:16.174581,74.71,0.2666,77.41,0.2918,1000.0,0.0,4.199,83.3,99,0,60.0,2026-05-01T22:05:16.174400,4.213
2026-05-01T22:04:16.239197,74.71,0.2666,77.41,0.2919,1000.0,0.0,4.199,83.3,99,0,60.0,2026-05-01T22:05:16.239009,4.213
2026-05-01T22:04:17.187286,74.71,0.2666,77.44,0.2922,1000.0,0.0,4.199,83.3,99,0,60.0,2026-05-01T22:05:17.187089,4.213
2026-05-01T22:04:17.245293,74.73,0.2605,77.43,0.2888,1000.0,0.0,4.199,83.3,99,0,60.0,2026-05-01T22:05:17.245110,4.213
2026-05-01T22:04:17.303085,74.73,0.2605,77.43,0.2877,1000.0,0.0,4.199,83.3,99,0,60.0,2026-05-01T22:05:17.302904,4.213
2026-05-01T22:04:18.240324,74.77,0.2605,77.46,0.287,1000.0,0.0,4.199,83.3,99,0,60.0,2026-05-01T22:05:18.240153,4.213
2026-05-01T22:04:18.298184,74.77,0.2605,77.46,0.285,1000.0,0.0,4.199,83.3,99,0,60.0,2026-05-01T22:05:18.297998,4.213
2026-05-01T22:04:18.361831,74.77,0.2605,77.47,0.2853,1000.0,0.0,4.199,83.3,99,0,60.0,2026-05-01T22:05:18.361641,4.213
2026-05-01T22:04:19.316566,74.78,0.2605,77.49,0.2858,1000.0,0.0,4.199,83.3,99,0,60.0,2026-05-01T22:05:19.316308,4.213
2026-05-01T22:04:19.412902,74.78,0.2691,77.49,0.2893,1000.0,0.0,4.199,83.3,99,0,60.0,2026-05-01T22:05:19.412527,4.213
2026-05-01T22:04:19.558625,74.78,0.2691,77.49,0.2913,1000.0,0.0,4.199,83.3,99,0,60.0,2026-05-01T22:05:19.558139,4.213
2026-05-01T22:04:20.359909,74.8,0.2616,77.51,0.2913,1000.0,0.0,4.199,83.3,99,0,60.0,2026-05-01T22:05:20.359706,4.213
2026-05-01T22:04:20.426515,74.8,0.2691,77.5,0.2927,1000.0,0.0,4.199,83.3,99,0,60.0,2026-05-01T22:05:20.426311,4.213
2026-05-01T22:04:20.494866,74.8,0.2691,77.5,0.2933,1000.0,0.0,4.199,83.3,99,0,60.0,2026-05-01T22:05:20.494617,4.213
2026-05-01T22:04:21.414900,74.82,0.2717,77.53,0.2948,1000.0,0.0,4.199,83.3,99,0,60.0,2026-05-01T22:05:21.414649,4.213
2026-05-01T22:04:21.471090,74.82,0.2717,77.52,0.2957,1000.0,0.0,4.199,83.3,99,0,60.0,2026-05-01T22:05:21.470895,4.213
2026-05-01T22:04:22.429458,74.82,0.2717,77.55,0.2967,1000.0,0.0,4.199,83.3,99,0,60.0,2026-05-01T22:05:22.429260,4.213
2026-05-01T22:04:22.488172,74.85,0.2717,77.55,0.2959,1000.0,0.0,4.199,83.3,99,0,60.0,2026-05-01T22:05:22.487992,4.213
2026-05-01T22:04:22.552250,74.85,0.2717,77.55,0.2964,1000.0,0.0,4.199,83.3,99,0,60.0,2026-05-01T22:05:22.551918,4.213
2026-05-01T22:04:23.486986,74.91,0.2717,77.58,0.297,1000.0,0.0,4.199,83.2,99,0,60.0,2026-05-01T22:05:23.486809,4.213
2026-05-01T22:04:23.543660,74.91,0.2708,77.59,0.2963,1000.0,0.0,4.199,83.2,99,0,60.0,2026-05-01T22:05:23.543488,4.213
2026-05-01T22:04:23.605291,74.91,0.2708,77.59,0.2963,1000.0,0.0,4.199,83.2,99,0,60.0,2026-05-01T22:05:23.605114,4.213
2026-05-01T22:04:24.554926,74.97,0.2659,77.64,0.2959,1000.0,0.0,4.199,83.2,99,0,60.0,2026-05-01T22:05:24.553257,4.213
2026-05-01T22:04:24.826451,74.97,0.2708,77.65,0.2958,1000.0,0.0,4.199,83.2,99,0,60.0,2026-05-01T22:05:24.826093,4.213
2026-05-01T22:04:24.944301,74.97,0.2708,77.66,0.2961,1000.0,0.0,4.199,83.2,99,0,60.0,2026-05-01T22:05:24.944058,4.213
2026-05-01T22:04:25.598780,75.0,0.27,77.69,0.2958,1000.0,0.0,4.199,83.2,99,0,60.0,2026-05-01T22:05:25.598540,4.213
2026-05-01T22:04:25.664445,75.0,0.2709,77.69,0.2962,1000.0,0.0,4.199,83.2,99,0,60.0,2026-05-01T22:05:25.664244,4.213
2026-05-01T22:04:25.727212,75.0,0.2709,77.69,0.2963,1000.0,0.0,4.199,83.2,99,0,60.0,2026-05-01T22:05:25.727034,4.213
2026-05-01T22:04:26.705468,75.04,0.27,77.73,0.2963,1000.0,0.0,4.199,83.2,99,0,60.0,2026-05-01T22:05:26.705301,4.213
2026-05-01T22:04:26.778848,75.04,0.27,77.73,0.2961,1000.0,0.0,4.199,83.2,99,0,60.0,2026-05-01T22:05:26.778627,4.213
2026-05-01T22:04:27.666627,75.04,0.27,77.76,0.2963,1000.0,0.0,4.199,83.2,99,0,60.0,2026-05-01T22:05:27.666428,4.214
2026-05-01T22:04:27.730892,75.08,0.2708,77.77,0.2939,1000.0,0.0,4.199,83.2,99,0,60.0,2026-05-01T22:05:27.730612,4.214
2026-05-01T22:04:27.806425,75.08,0.2708,77.77,0.295,1000.0,0.0,4.199,83.2,99,0,60.0,2026-05-01T22:05:27.806219,4.214
2026-05-01T22:04:28.718475,75.12,0.2708,77.8,0.2961,1000.0,0.0,4.199,83.2,99,0,60.0,2026-05-01T22:05:28.718279,4.214
2026-05-01T22:04:28.782886,75.12,0.2718,77.81,0.2955,1000.0,0.0,4.199,83.2,99,0,60.0,2026-05-01T22:05:28.782698,4.214
2026-05-01T22:04:28.869990,75.12,0.2718,77.81,0.2964,1000.0,0.0,4.199,83.2,99,0,60.0,2026-05-01T22:05:28.869751,4.214
2026-05-01T22:04:29.787561,75.16,0.2718,77.85,0.2973,1000.0,0.0,4.199,83.2,99,0,60.0,2026-05-01T22:05:29.787337,4.214
2026-05-01T22:04:29.865393,75.16,0.2718,77.85,0.2975,1000.0,0.0,4.199,83.2,99,0,60.0,2026-05-01T22:05:29.865055,4.214
2026-05-01T22:04:29.955256,75.16,0.2718,77.85,0.2976,1000.0,0.0,4.199,83.2,99,0,60.0,2026-05-01T22:05:29.955024,4.214
2026-05-01T22:04:30.839172,75.21,0.254,77.89,0.2951,1000.0,0.0,4.199,83.2,99,0,60.0,2026-05-01T22:05:30.838968,4.214
2026-05-01T22:04:30.912592,75.21,0.2691,77.9,0.2951,1000.0,0.0,4.199,83.1,99,0,60.0,2026-05-01T22:05:30.912376,4.214
2026-05-01T22:04:31.000710,75.21,0.2691,77.9,0.2951,1000.0,0.0,4.199,83.1,99,0,60.0,2026-05-01T22:05:31.000478,4.214
2026-05-01T22:04:31.929761,75.27,0.2669,77.95,0.2913,1000.0,0.0,4.199,83.1,99,0,60.0,2026-05-01T22:05:31.929362,4.214
2026-05-01T22:04:32.070252,75.27,0.2669,77.96,0.292,1000.0,0.0,4.199,83.1,99,0,60.0,2026-05-01T22:05:32.069903,4.214
2026-05-01T22:04:32.909003,75.27,0.2669,77.98,0.2928,1000.0,0.0,4.199,83.1,99,0,60.0,2026-05-01T22:05:32.908789,4.214
2026-05-01T22:04:32.981244,75.31,0.2717,77.99,0.2939,1000.0,0.0,4.199,83.1,99,0,60.0,2026-05-01T22:05:32.980859,4.214
2026-05-01T22:04:33.051571,75.31,0.2717,77.99,0.2954,1000.0,0.0,4.199,83.1,99,0,60.0,2026-05-01T22:05:33.051344,4.214
2026-05-01T22:04:33.968430,75.35,0.2717,78.03,0.297,1000.0,0.0,4.199,83.1,99,0,60.0,2026-05-01T22:05:33.968229,4.214
2026-05-01T22:04:34.026603,75.35,0.2717,78.03,0.297,1000.0,0.0,4.199,83.1,99,0,60.0,2026-05-01T22:05:34.026422,4.214
2026-05-01T22:04:34.085060,75.35,0.2717,78.04,0.2973,1000.0,0.0,4.199,83.1,99,0,60.0,2026-05-01T22:05:34.084855,4.214
2026-05-01T22:04:35.022888,75.41,0.27,78.07,0.2977,1000.0,0.0,4.199,83.1,99,0,60.0,2026-05-01T22:05:35.022722,4.214
2026-05-01T22:04:35.094332,75.41,0.2793,78.08,0.3005,1000.0,0.0,4.199,83.1,99,0,60.0,2026-05-01T22:05:35.094133,4.214
2026-05-01T22:04:35.188352,75.41,0.2793,78.09,0.3024,1000.0,0.0,4.199,83.1,99,0,60.0,2026-05-01T22:05:35.188122,4.214
2026-05-01T22:04:36.077319,75.46,0.2742,78.13,0.3025,1000.0,0.0,4.199,83.1,99,0,60.0,2026-05-01T22:05:36.077132,4.214
2026-05-01T22:04:36.134042,75.46,0.2793,78.13,0.3039,1000.0,0.0,4.199,83.1,99,0,60.0,2026-05-01T22:05:36.133865,4.214
2026-05-01T22:04:36.192129,75.46,0.2793,78.14,0.3045,1000.0,0.0,4.199,83.1,99,0,60.0,2026-05-01T22:05:36.191915,4.214
2026-05-01T22:04:37.142714,75.51,0.2742,78.18,0.3036,1000.0,0.0,4.199,83.0,99,0,60.0,2026-05-01T22:05:37.142512,4.214
2026-05-01T22:04:37.209215,75.51,0.2742,78.18,0.3023,1000.0,0.0,4.199,83.0,99,0,60.0,2026-05-01T22:05:37.209024,4.214
2026-05-01T22:04:38.144525,75.51,0.2742,78.22,0.302,1000.0,0.0,4.199,83.0,99,0,60.0,2026-05-01T22:05:38.144350,4.214
2026-05-01T22:04:38.201844,75.55,0.2801,78.23,0.3026,1000.0,0.0,4.199,83.0,99,0,60.0,2026-05-01T22:05:38.201668,4.214
2026-05-01T22:04:38.257928,75.55,0.2801,78.23,0.3041,1000.0,0.0,4.199,83.0,99,0,60.0,2026-05-01T22:05:38.257779,4.214
2026-05-01T22:04:39.210918,75.6,0.2801,78.27,0.3057,1000.0,0.0,4.199,83.0,99,0,60.0,2026-05-01T22:05:39.210713,4.214
2026-05-01T22:04:39.275470,75.6,0.2817,78.27,0.3058,1000.0,0.0,4.199,83.0,99,0,60.0,2026-05-01T22:05:39.275288,4.214
2026-05-01T22:04:39.356394,75.6,0.2817,78.28,0.3067,1000.0,0.0,4.199,83.0,99,0,60.0,2026-05-01T22:05:39.356168,4.214
2026-05-01T22:04:40.262694,75.64,0.2767,78.31,0.3071,1000.0,0.0,4.199,83.0,99,0,60.0,2026-05-01T22:05:40.262498,4.214
2026-05-01T22:04:40.322657,75.64,0.2785,78.32,0.3061,1000.0,0.0,4.199,83.0,99,0,60.0,2026-05-01T22:05:40.322487,4.214
2026-05-01T22:04:40.388556,75.64,0.2785,78.32,0.3058,1000.0,0.0,4.199,83.0,99,0,60.0,2026-05-01T22:05:40.388373,4.214
2026-05-01T22:04:41.323371,75.68,0.2785,78.36,0.3057,1000.0,0.0,4.199,83.0,99,0,60.0,2026-05-01T22:05:41.323160,4.214
2026-05-01T22:04:41.379727,75.68,0.2818,78.36,0.3069,1000.0,0.0,4.199,83.0,99,0,60.0,2026-05-01T22:05:41.379564,4.214
2026-05-01T22:04:41.438691,75.68,0.2818,78.36,0.3075,1000.0,0.0,4.199,83.0,99,0,60.0,2026-05-01T22:05:41.438521,4.214
2026-05-01T22:04:42.377493,75.73,0.2827,78.4,0.3082,1000.0,0.0,4.199,83.0,99,0,60.0,2026-05-01T22:05:42.377304,4.214
2026-05-01T22:04:42.441089,75.73,0.2827,78.41,0.3087,1000.0,0.0,4.199,83.0,99,0,60.0,2026-05-01T22:05:42.440915,4.214
2026-05-01T22:04:43.395175,75.73,0.2827,78.44,0.3094,1000.0,0.0,4.199,83.0,99,0,60.0,2026-05-01T22:05:43.394969,4.214
2026-05-01T22:04:43.454166,75.79,0.2749,78.46,0.3052,1000.0,0.0,4.199,82.9,99,0,60.0,2026-05-01T22:05:43.454003,4.214
2026-05-01T22:04:43.510546,75.79,0.2749,78.47,0.3039,1000.0,0.0,4.199,82.9,99,0,60.0,2026-05-01T22:05:43.510380,4.214
2026-05-01T22:04:44.451793,75.84,0.2749,78.51,0.3031,1000.0,0.0,4.199,82.9,99,0,60.0,2026-05-01T22:05:44.451585,4.214
2026-05-01T22:04:44.519563,75.84,0.2759,78.51,0.3012,1000.0,0.0,4.199,82.9,99,0,60.0,2026-05-01T22:05:44.519360,4.214
2026-05-01T22:04:44.703880,75.84,0.2759,78.52,0.3018,1000.0,0.0,4.199,82.9,99,0,60.0,2026-05-01T22:05:44.673785,4.214
2026-05-01T22:04:45.504684,75.89,0.2759,78.55,0.3027,1000.0,0.0,4.199,82.9,99,0,60.0,2026-05-01T22:05:45.504493,4.214
2026-05-01T22:04:45.570920,75.89,0.2853,78.56,0.3062,1000.0,0.0,4.199,82.9,99,0,60.0,2026-05-01T22:05:45.570734,4.214
2026-05-01T22:04:45.636402,75.89,0.2853,78.56,0.3084,1000.0,0.0,4.199,82.9,99,0,60.0,2026-05-01T22:05:45.636204,4.214
2026-05-01T22:04:46.603013,75.92,0.2801,78.6,0.3102,1000.0,0.0,4.199,82.9,99,0,60.0,2026-05-01T22:05:46.571925,4.214
2026-05-01T22:04:46.715815,75.92,0.2853,78.6,0.3113,1000.0,0.0,4.199,82.9,99,0,60.0,2026-05-01T22:05:46.715612,4.214
2026-05-01T22:04:46.772798,75.92,0.2853,78.6,0.3117,1000.0,0.0,4.199,82.9,99,0,60.0,2026-05-01T22:05:46.772654,4.214
2026-05-01T22:04:47.622639,75.96,0.2902,78.64,0.3117,1000.0,0.0,4.199,82.9,99,0,60.0,2026-05-01T22:05:47.622440,4.214
2026-05-01T22:04:47.686073,75.96,0.2902,78.64,0.314,1000.0,0.0,4.199,82.9,99,0,60.0,2026-05-01T22:05:47.685887,4.214
2026-05-01T22:04:48.660074,75.96,0.2902,78.67,0.316,1000.0,0.0,4.199,82.9,99,0,60.0,2026-05-01T22:05:48.659802,4.214
2026-05-01T22:04:48.722216,76.0,0.2827,78.68,0.3143,1000.0,0.0,4.199,82.9,99,0,60.0,2026-05-01T22:05:48.722041,4.214
2026-05-01T22:04:48.787384,76.0,0.2827,78.68,0.3126,1000.0,0.0,4.199,82.9,99,0,60.0,2026-05-01T22:05:48.787203,4.214
2026-05-01T22:04:49.685651,76.04,0.2827,78.71,0.3115,1000.0,0.0,4.199,82.9,99,0,60.0,2026-05-01T22:05:49.685472,4.214
2026-05-01T22:04:49.745667,76.04,0.2827,78.72,0.3104,1000.0,0.0,4.199,82.9,99,0,60.0,2026-05-01T22:05:49.745487,4.214
2026-05-01T22:04:49.808288,76.04,0.2827,78.72,0.3103,1000.0,0.0,4.199,82.9,99,0,60.0,2026-05-01T22:05:49.808113,4.214
2026-05-01T22:04:50.793036,76.08,0.2808,78.76,0.3101,1000.0,0.0,4.199,82.8,99,0,60.0,2026-05-01T22:05:50.792706,4.214
2026-05-01T22:04:50.902855,76.08,0.2929,78.76,0.3147,1000.0,0.0,4.199,82.8,99,0,60.0,2026-05-01T22:05:50.902589,4.214
2026-05-01T22:04:51.021914,76.08,0.2929,78.77,0.3169,1000.0,0.0,4.199,82.8,99,0,60.0,2026-05-01T22:05:51.021368,4.214
2026-05-01T22:04:51.792509,76.12,0.2911,78.8,0.3189,1000.0,0.0,4.199,82.8,99,0,60.0,2026-05-01T22:05:51.792321,4.214
2026-05-01T22:04:51.857295,76.12,0.2911,78.8,0.3188,1000.0,0.0,4.199,82.8,99,0,60.0,2026-05-01T22:05:51.857112,4.214
2026-05-01T22:04:51.923445,76.12,0.2911,78.8,0.3187,1000.0,0.0,4.199,82.8,99,0,60.0,2026-05-01T22:05:51.923272,4.214
2026-05-01T22:04:52.873898,76.15,0.2911,78.84,0.3165,1000.0,0.0,4.199,82.8,99,0,60.0,2026-05-01T22:05:52.873354,4.214
2026-05-01T22:04:52.967139,76.15,0.2911,78.84,0.3174,1000.0,0.0,4.199,82.8,99,0,60.0,2026-05-01T22:05:52.966755,4.214
2026-05-01T22:04:53.873937,76.15,0.2911,78.87,0.3183,1000.0,0.0,4.199,82.8,99,0,60.0,2026-05-01T22:05:53.873744,4.214
2026-05-01T22:04:53.941246,76.21,0.2911,78.88,0.3175,1000.0,0.0,4.199,82.8,99,0,60.0,2026-05-01T22:05:53.941054,4.214
2026-05-01T22:04:54.006013,76.21,0.2911,78.89,0.318,1000.0,0.0,4.199,82.8,99,0,60.0,2026-05-01T22:05:54.005838,4.214
2026-05-01T22:04:54.929822,76.25,0.2911,78.93,0.3187,1000.0,0.0,4.199,82.8,99,0,60.0,2026-05-01T22:05:54.929457,4.214
2026-05-01T22:04:55.000204,76.25,0.2929,78.93,0.3173,1000.0,0.0,4.199,82.8,99,0,60.0,2026-05-01T22:05:54.999982,4.214
2026-05-01T22:04:55.095228,76.25,0.2929,78.94,0.3186,1000.0,0.0,4.199,82.8,99,0,60.0,2026-05-01T22:05:55.094907,4.214
2026-05-01T22:04:56.004486,76.31,0.2808,78.97,0.318,1000.0,0.0,4.199,82.8,99,0,60.0,2026-05-01T22:05:56.004240,4.214
2026-05-01T22:04:56.101611,76.31,0.286,78.98,0.316,1000.0,0.0,4.199,82.8,99,0,60.0,2026-05-01T22:05:56.101366,4.214
2026-05-01T22:04:56.196331,76.31,0.286,78.99,0.3152,1000.0,0.0,4.199,82.8,99,0,60.0,2026-05-01T22:05:56.196067,4.214
2026-05-01T22:04:57.048666,76.36,0.2801,79.02,0.3136,1000.0,0.0,4.199,82.7,99,0,60.0,2026-05-01T22:05:57.048383,4.214
2026-05-01T22:04:57.114346,76.36,0.2844,79.03,0.313,1000.0,0.0,4.199,82.7,99,0,60.0,2026-05-01T22:05:57.113996,4.214
2026-05-01T22:04:57.180557,76.36,0.2844,79.03,0.3128,1000.0,0.0,4.199,82.7,99,0,60.0,2026-05-01T22:05:57.180255,4.214
2026-05-01T22:04:58.100361,76.42,0.2801,79.07,0.3107,1000.0,0.0,4.199,82.7,99,0,60.0,2026-05-01T22:05:58.100153,4.214
2026-05-01T22:04:58.158669,76.42,0.2801,79.08,0.3097,1000.0,0.0,4.199,82.7,99,0,60.0,2026-05-01T22:05:58.158500,4.214
2026-05-01T22:04:59.130845,76.42,0.2801,79.12,0.3093,1000.0,0.0,4.199,82.7,99,0,60.0,2026-05-01T22:05:59.130116,4.214
2026-05-01T22:04:59.253443,76.48,0.2776,79.14,0.3075,1000.0,0.0,4.199,82.7,99,0,60.0,2026-05-01T22:05:59.252945,4.214
2026-05-01T22:04:59.374359,76.48,0.2776,79.15,0.3067,1000.0,0.0,4.199,82.7,99,0,60.0,2026-05-01T22:05:59.373699,4.214
2026-05-01T22:05:00.167709,76.54,0.2776,79.18,0.3064,1000.0,0.0,4.199,82.7,99,0,60.0,2026-05-01T22:06:00.167523,4.214
2026-05-01T22:05:00.233468,76.54,0.2776,79.2,0.3038,1000.0,0.0,4.199,82.7,99,0,60.0,2026-05-01T22:06:00.233230,4.214
2026-05-01T22:05:00.319229,76.54,0.2776,79.2,0.3045,1000.0,0.0,4.199,82.7,99,0,60.0,2026-05-01T22:06:00.318990,4.214
2026-05-01T22:05:01.246226,76.59,0.2659,79.25,0.3036,1000.0,0.0,4.199,82.7,99,0,60.0,2026-05-01T22:06:01.245683,4.214
2026-05-01T22:05:01.392162,76.59,0.2884,79.26,0.3096,1000.0,0.0,4.199,82.7,99,0,60.0,2026-05-01T22:06:01.391782,4.214
2026-05-01T22:05:01.586132,76.59,0.2884,79.26,0.3125,1000.0,0.0,4.199,82.7,99,0,60.0,2026-05-01T22:06:01.585804,4.214
2026-05-01T22:05:02.308441,76.65,0.2884,79.3,0.3151,1000.0,0.0,4.199,82.7,99,0,60.0,2026-05-01T22:06:02.308113,4.214
2026-05-01T22:05:02.431223,76.65,0.2884,79.31,0.3159,1000.0,0.0,4.199,82.6,99,0,60.0,2026-05-01T22:06:02.430846,4.214
2026-05-01T22:05:02.557919,76.65,0.2884,79.32,0.3162,1000.0,0.0,4.199,82.6,99,0,60.0,2026-05-01T22:06:02.552759,4.214
2026-05-01T22:05:03.377133,76.7,0.2886,79.36,0.3157,1000.0,0.0,4.199,82.6,99,0,60.0,2026-05-01T22:06:03.376885,4.214
2026-05-01T22:05:03.531213,76.7,0.2886,79.37,0.3162,1000.0,0.0,4.199,82.6,99,0,60.0,2026-05-01T22:06:03.515485,4.214
2026-05-01T22:05:04.354466,76.7,0.2886,79.4,0.3169,1000.0,0.0,4.199,82.6,99,0,60.0,2026-05-01T22:06:04.354241,4.214
2026-05-01T22:05:04.414377,76.74,0.2886,79.41,0.3165,1000.0,0.0,4.199,82.6,99,0,60.0,2026-05-01T22:06:04.414180,4.214
2026-05-01T22:05:04.478015,76.74,0.2886,79.41,0.3167,1000.0,0.0,4.199,82.6,99,0,60.0,2026-05-01T22:06:04.477810,4.214
2026-05-01T22:05:05.885271,76.8,0.2886,79.45,0.3172,1000.0,0.0,4.199,82.6,99,0,60.0,2026-05-01T22:06:05.870332,4.214
2026-05-01T22:05:06.578506,76.8,0.2844,79.48,0.3137,1000.0,0.0,4.199,82.6,99,0,60.0,2026-05-01T22:06:06.578224,4.214
2026-05-01T22:05:06.834405,76.8,0.2844,79.48,0.3133,1000.0,0.0,4.199,82.6,99,0,60.0,2026-05-01T22:06:06.834069,4.214
2026-05-01T22:05:07.676497,76.84,0.2784,79.51,0.3123,1000.0,0.0,4.199,82.6,99,0,60.0,2026-05-01T22:06:07.666357,4.214
2026-05-01T22:05:08.353330,76.84,0.2902,79.52,0.3152,1000.0,0.0,4.199,82.6,99,0,60.0,2026-05-01T22:06:08.352941,4.214
2026-05-01T22:05:08.584702,76.84,0.2902,79.53,0.3174,1000.0,0.0,4.199,82.6,99,0,60.0,2026-05-01T22:06:08.580044,4.214
2026-05-01T22:05:08.754599,76.89,0.2902,79.54,0.3181,1000.0,0.0,4.199,82.6,99,0,60.0,2026-05-01T22:06:08.754326,4.214
2026-05-01T22:05:08.919720,76.89,0.2911,79.55,0.3188,1000.0,0.0,4.199,82.6,99,0,60.0,2026-05-01T22:06:08.919321,4.214
2026-05-01T22:05:09.454070,76.89,0.2911,79.57,0.3195,1000.0,0.0,4.199,82.6,98,0,60.0,2026-05-01T22:06:09.453553,4.214
2026-05-01T22:05:09.595964,76.92,0.2911,79.58,0.3191,1000.0,0.0,4.199,82.6,98,0,60.0,2026-05-01T22:06:09.595550,4.214
2026-05-01T22:05:09.699404,76.92,0.2911,79.59,0.3194,1000.0,0.0,4.199,82.6,98,0,60.0,2026-05-01T22:06:09.699066,4.214
2026-05-01T22:05:09.793710,76.92,0.2911,79.59,0.3196,1000.0,0.0,4.199,82.6,98,0,60.0,2026-05-01T22:06:09.793418,4.214
2026-05-01T22:05:09.921079,76.96,0.2843,79.61,0.3179,1000.0,0.0,4.199,82.5,98,0,60.0,2026-05-01T22:06:09.920666,4.214
2026-05-01T22:05:10.093601,76.96,0.2843,79.62,0.3163,1000.0,0.0,4.199,82.5,98,0,60.0,2026-05-01T22:06:10.093317,4.214
2026-05-01T22:05:10.851111,76.97,0.2843,79.64,0.3151,1000.0,0.0,4.199,82.5,98,0,60.0,2026-05-01T22:06:10.808432,4.214
2026-05-01T22:05:11.246630,76.97,0.2843,79.65,0.3127,1000.0,0.0,4.199,82.5,99,0,60.0,2026-05-01T22:06:11.246162,4.214
2026-05-01T22:05:11.563525,76.97,0.2843,79.66,0.313,1000.0,0.0,4.199,82.5,99,0,60.0,2026-05-01T22:06:11.563083,4.214
2026-05-01T22:05:13.374598,77.02,0.2767,79.68,0.3121,1000.0,0.0,4.199,82.5,99,0,60.0,2026-05-01T22:06:13.374263,4.214
2026-05-01T22:05:13.736724,77.02,0.2843,79.71,0.3131,1000.0,0.0,4.199,82.5,99,0,60.0,2026-05-01T22:06:13.712244,4.214
2026-05-01T22:05:13.916463,77.02,0.2843,79.71,0.3132,1000.0,0.0,4.199,82.5,99,0,60.0,2026-05-01T22:06:13.916169,4.214
2026-05-01T22:05:14.009850,77.06,0.2835,79.71,0.3131,1000.0,0.0,4.199,82.5,99,0,60.0,2026-05-01T22:06:14.009598,4.214
2026-05-01T22:05:14.111810,77.06,0.292,79.72,0.3158,1000.0,0.0,4.199,82.5,99,0,60.0,2026-05-01T22:06:14.111519,4.214
2026-05-01T22:05:14.215870,77.06,0.292,79.73,0.3175,1000.0,0.0,4.199,82.5,99,0,60.0,2026-05-01T22:06:14.215571,4.214
2026-05-01T22:05:14.322881,77.07,0.2945,79.74,0.3188,1000.0,0.0,4.199,82.5,99,0,60.0,2026-05-01T22:06:14.322545,4.214
2026-05-01T22:05:14.406262,77.07,0.2945,79.74,0.3203,1000.0,0.0,4.199,82.5,99,0,60.0,2026-05-01T22:06:14.406119,4.214
2026-05-01T22:05:14.838827,77.07,0.2945,79.76,0.3216,1000.0,0.0,4.199,82.5,99,0,60.0,2026-05-01T22:06:14.838640,4.214
2026-05-01T22:05:14.893557,77.09,0.2988,79.76,0.3229,1000.0,0.0,4.199,82.5,99,0,60.0,2026-05-01T22:06:14.893421,4.214
2026-05-01T22:05:14.947273,77.09,0.2988,79.76,0.3246,1000.0,0.0,4.199,82.5,99,0,60.0,2026-05-01T22:06:14.947158,4.214
2026-05-01T22:05:15.884705,77.12,0.2988,79.8,0.3265,1000.0,0.0,4.199,82.5,98,0,60.0,2026-05-01T22:06:15.884541,4.214
2026-05-01T22:05:15.941309,77.12,0.3063,79.8,0.3295,1000.0,0.0,4.199,82.5,98,0,60.0,2026-05-01T22:06:15.941156,4.214
2026-05-01T22:05:15.994805,77.12,0.3063,79.8,0.3316,1000.0,0.0,4.199,82.5,98,0,60.0,2026-05-01T22:06:15.994680,4.214
2026-05-01T22:05:16.938615,77.14,0.2988,79.82,0.3328,1000.0,0.0,4.199,82.5,98,0,60.0,2026-05-01T22:06:16.938458,4.214
2026-05-01T22:05:16.992312,77.14,0.3063,79.82,0.3339,1000.0,0.0,4.199,82.5,98,0,60.0,2026-05-01T22:06:16.992167,4.214
2026-05-01T22:05:17.046475,77.14,0.3063,79.82,0.3345,1000.0,0.0,4.199,82.5,98,0,60.0,2026-05-01T22:06:17.046134,4.214
2026-05-01T22:05:18.006148,77.16,0.3046,79.85,0.3348,1000.0,0.0,4.199,82.5,98,0,60.0,2026-05-01T22:06:18.005992,4.214
2026-05-01T22:05:18.076869,77.16,0.3046,79.84,0.3344,1000.0,0.0,4.199,82.5,98,0,60.0,2026-05-01T22:06:18.076673,4.214
2026-05-01T22:05:18.133251,77.16,0.3046,79.84,0.3342,1000.0,0.0,4.199,82.5,98,0,60.0,2026-05-01T22:06:18.133117,4.214
2026-05-01T22:05:19.050224,77.19,0.3019,79.87,0.3332,1000.0,0.0,4.199,82.5,98,0,60.0,2026-05-01T22:06:19.049184,4.214
2026-05-01T22:05:19.105717,77.19,0.3019,79.87,0.3324,1000.0,0.0,4.199,82.5,98,0,60.0,2026-05-01T22:06:19.105577,4.214
2026-05-01T22:05:20.064568,77.19,0.3019,79.9,0.3322,1000.0,0.0,4.199,82.5,98,0,60.0,2026-05-01T22:06:20.064407,4.214
2026-05-01T22:05:20.120308,77.22,0.3019,79.89,0.3312,1000.0,0.0,4.199,82.5,98,0,60.0,2026-05-01T22:06:20.120156,4.214
2026-05-01T22:05:20.174631,77.22,0.3019,79.89,0.3312,1000.0,0.0,4.199,82.5,98,0,60.0,2026-05-01T22:06:20.174482,4.214
2026-05-01T22:05:21.132243,77.25,0.3019,79.92,0.3315,1000.0,0.0,4.199,82.5,98,0,60.0,2026-05-01T22:06:21.132053,4.214
2026-05-01T22:05:21.236258,77.25,0.3064,79.92,0.3328,1000.0,0.0,4.199,82.5,98,0,60.0,2026-05-01T22:06:21.207572,4.214
2026-05-01T22:05:21.375988,77.25,0.3064,79.92,0.3341,1000.0,0.0,4.199,82.5,98,0,60.0,2026-05-01T22:06:21.375867,4.214
2026-05-01T22:05:22.173782,77.31,0.3064,79.96,0.3353,1000.0,0.0,4.199,82.4,98,0,60.0,2026-05-01T22:06:22.173600,4.214
2026-05-01T22:05:22.227901,77.31,0.3064,79.97,0.3351,1000.0,0.0,4.199,82.4,98,0,60.0,2026-05-01T22:06:22.227765,4.214
2026-05-01T22:05:22.280906,77.31,0.3064,79.97,0.3354,1000.0,0.0,4.199,82.4,98,0,60.0,2026-05-01T22:06:22.280783,4.214
2026-05-01T22:05:23.320150,77.35,0.3012,80.01,0.3345,1000.0,0.0,4.199,82.4,98,0,60.0,2026-05-01T22:06:23.313235,4.214
2026-05-01T22:05:23.383123,77.35,0.3012,80.02,0.3328,1000.0,0.0,4.199,82.4,99,0,60.0,2026-05-01T22:06:23.382991,4.214
2026-05-01T22:05:23.487130,77.35,0.3012,80.02,0.3321,1000.0,0.0,4.199,82.4,99,0,60.0,2026-05-01T22:06:23.486932,4.214
2026-05-01T22:05:24.293860,77.39,0.3055,80.05,0.3308,1000.0,0.0,4.199,82.4,99,0,60.0,2026-05-01T22:06:24.293727,4.214
2026-05-01T22:05:24.347963,77.39,0.3055,80.06,0.3326,1000.0,0.0,4.199,82.4,99,0,60.0,2026-05-01T22:06:24.347832,4.214
2026-05-01T22:05:25.303606,77.39,0.3055,80.09,0.334,1000.0,0.0,4.199,82.4,99,0,60.0,2026-05-01T22:06:25.303416,4.214
2026-05-01T22:05:25.359085,77.42,0.308,80.09,0.3342,1000.0,0.0,4.199,82.4,99,0,60.0,2026-05-01T22:06:25.358946,4.214
2026-05-01T22:05:25.417761,77.42,0.308,80.09,0.3355,1000.0,0.0,4.199,82.4,99,0,60.0,2026-05-01T22:06:25.417573,4.214
2026-05-01T22:05:26.368511,77.47,0.308,80.12,0.3369,1000.0,0.0,4.199,82.4,99,0,60.0,2026-05-01T22:06:26.368322,4.214
2026-05-01T22:05:26.423498,77.47,0.3113,80.13,0.3384,1000.0,0.0,4.199,82.4,99,0,60.0,2026-05-01T22:06:26.423370,4.214
2026-05-01T22:05:26.476783,77.47,0.3113,80.13,0.3394,1000.0,0.0,4.199,82.4,99,0,60.0,2026-05-01T22:06:26.476651,4.214
2026-05-01T22:05:27.412664,77.52,0.3074,80.17,0.34,1000.0,0.0,4.199,82.4,99,0,60.0,2026-05-01T22:06:27.412491,4.214
2026-05-01T22:05:27.472132,77.52,0.3087,80.18,0.3392,1000.0,0.0,4.199,82.4,99,0,60.0,2026-05-01T22:06:27.471975,4.214
2026-05-01T22:05:27.525716,77.52,0.3087,80.18,0.339,1000.0,0.0,4.199,82.4,99,0,60.0,2026-05-01T22:06:27.525594,4.214
2026-05-01T22:05:28.473925,77.57,0.3063,80.22,0.3385,1000.0,0.0,4.199,82.3,99,0,60.0,2026-05-01T22:06:28.473760,4.214
2026-05-01T22:05:28.528402,77.57,0.3087,80.23,0.3385,1000.0,0.0,4.199,82.3,99,0,60.0,2026-05-01T22:06:28.528284,4.214
2026-05-01T22:05:28.581818,77.57,0.3087,80.23,0.3386,1000.0,0.0,4.199,82.3,99,0,60.0,2026-05-01T22:06:28.581679,4.214
2026-05-01T22:05:29.529489,77.62,0.3063,80.27,0.3379,1000.0,0.0,4.199,82.3,99,0,60.0,2026-05-01T22:06:29.529305,4.214
2026-05-01T22:05:29.583992,77.62,0.3063,80.28,0.3373,1000.0,0.0,4.199,82.3,99,0,60.0,2026-05-01T22:06:29.583863,4.214
2026-05-01T22:05:30.555992,77.62,0.3063,80.31,0.3372,1000.0,0.0,4.199,82.3,99,0,60.0,2026-05-01T22:06:30.555681,4.214
2026-05-01T22:05:30.612891,77.67,0.3097,80.33,0.3371,1000.0,0.0,4.199,82.3,99,0,60.0,2026-05-01T22:06:30.612757,4.214
2026-05-01T22:05:30.670735,77.67,0.3097,80.33,0.3381,1000.0,0.0,4.199,82.3,99,0,60.0,2026-05-01T22:06:30.670606,4.214
2026-05-01T22:05:31.666267,77.73,0.3097,80.37,0.3393,1000.0,0.0,4.199,82.3,99,0,60.0,2026-05-01T22:06:31.665912,4.214
2026-05-01T22:05:31.893730,77.73,0.3105,80.38,0.3394,1000.0,0.0,4.199,82.3,99,0,60.0,2026-05-01T22:06:31.893332,4.214
2026-05-01T22:05:32.686805,77.73,0.3105,80.41,0.3404,1000.0,0.0,4.199,82.3,99,0,60.0,2026-05-01T22:06:32.686311,4.214
2026-05-01T22:05:32.820102,77.76,0.3105,80.41,0.3406,1000.0,0.0,4.199,82.3,99,0,60.0,2026-05-01T22:06:32.819655,4.214
2026-05-01T22:05:33.162834,77.76,0.3088,80.42,0.34,1000.0,0.0,4.199,82.3,99,0,60.0,2026-05-01T22:06:33.162266,4.214
2026-05-01T22:05:33.337735,77.76,0.3088,80.43,0.3396,1000.0,0.0,4.199,82.3,99,0,60.0,2026-05-01T22:06:33.337235,4.214
2026-05-01T22:05:33.795355,77.79,0.2952,80.44,0.3363,1000.0,0.0,4.199,82.3,99,0,60.0,2026-05-01T22:06:33.794794,4.214
2026-05-01T22:05:33.930745,77.79,0.3088,80.45,0.3375,1000.0,0.0,4.199,82.3,99,0,60.0,2026-05-01T22:06:33.930164,4.214
2026-05-01T22:05:34.365208,77.79,0.3088,80.45,0.3381,1000.0,0.0,4.199,82.3,99,0,60.0,2026-05-01T22:06:34.364495,4.214
2026-05-01T22:05:36.057735,77.86,0.3088,80.53,0.3372,1000.0,0.0,4.199,82.3,99,0,60.0,2026-05-01T22:06:36.057411,4.214
2026-05-01T22:05:36.133532,77.86,0.3088,80.53,0.3384,1000.0,0.0,4.199,82.2,99,0,60.0,2026-05-01T22:06:36.133390,4.214
2026-05-01T22:05:36.224164,77.86,0.3088,80.53,0.3387,1000.0,0.0,4.199,82.2,99,0,60.0,2026-05-01T22:06:36.223952,4.214
2026-05-01T22:05:36.335034,77.9,0.3074,80.54,0.3385,1000.0,0.0,4.199,82.2,99,0,60.0,2026-05-01T22:06:36.334798,4.214
2026-05-01T22:05:36.469699,77.9,0.3074,80.55,0.3383,1000.0,0.0,4.199,82.2,99,0,60.0,2026-05-01T22:06:36.469292,4.214
2026-05-01T22:05:36.836460,77.94,0.3074,80.57,0.3382,1000.0,0.0,4.199,82.2,99,0,60.0,2026-05-01T22:06:36.836296,4.214
2026-05-01T22:05:36.891335,77.94,0.313,80.58,0.3395,1000.0,0.0,4.199,82.2,99,0,60.0,2026-05-01T22:06:36.891192,4.214
2026-05-01T22:05:36.945667,77.94,0.313,80.59,0.3408,1000.0,0.0,4.199,82.2,99,0,60.0,2026-05-01T22:06:36.945542,4.214
2026-05-01T22:05:37.892398,77.98,0.313,80.63,0.3426,1000.0,0.0,4.199,82.2,98,0,60.0,2026-05-01T22:06:37.892242,4.214
2026-05-01T22:05:37.945791,77.98,0.3132,80.64,0.3431,1000.0,0.0,4.199,82.2,98,0,60.0,2026-05-01T22:06:37.945658,4.214
2026-05-01T22:05:37.999712,77.98,0.3132,80.64,0.3434,1000.0,0.0,4.199,82.2,98,0,60.0,2026-05-01T22:06:37.999580,4.214
2026-05-01T22:05:38.948672,78.01,0.3046,80.67,0.3426,1000.0,0.0,4.199,82.2,98,0,60.0,2026-05-01T22:06:38.948489,4.214
2026-05-01T22:05:39.003037,78.01,0.319,80.67,0.3458,1000.0,0.0,4.199,82.2,98,0,60.0,2026-05-01T22:06:39.002895,4.214
2026-05-01T22:05:39.059618,78.01,0.319,80.68,0.3471,1000.0,0.0,4.199,82.2,98,0,60.0,2026-05-01T22:06:39.059345,4.214
2026-05-01T22:05:40.006158,78.05,0.3078,80.71,0.344,1000.0,0.0,4.199,82.2,98,0,60.0,2026-05-01T22:06:40.006008,4.214
2026-05-01T22:05:40.064975,78.05,0.3078,80.71,0.3418,1000.0,0.0,4.199,82.2,98,0,60.0,2026-05-01T22:06:40.064847,4.214
2026-05-01T22:05:41.023026,78.05,0.3078,80.75,0.3408,1000.0,0.0,4.199,82.2,98,0,60.0,2026-05-01T22:06:41.022790,4.214
2026-05-01T22:05:41.137413,78.08,0.3105,80.75,0.3401,1000.0,0.0,4.199,82.2,98,0,60.0,2026-05-01T22:06:41.137244,4.214
2026-05-01T22:05:41.216211,78.08,0.3105,80.75,0.3407,1000.0,0.0,4.199,82.2,98,0,60.0,2026-05-01T22:06:41.196566,4.214
2026-05-01T22:05:42.077685,78.13,0.3105,80.78,0.3413,1000.0,0.0,4.199,82.2,98,0,60.0,2026-05-01T22:06:42.077507,4.214
2026-05-01T22:05:42.136541,78.13,0.3105,80.79,0.341,1000.0,0.0,4.199,82.2,98,0,60.0,2026-05-01T22:06:42.136379,4.214
2026-05-01T22:05:42.190944,78.13,0.3105,80.79,0.3412,1000.0,0.0,4.199,82.2,98,0,60.0,2026-05-01T22:06:42.190799,4.214
2026-05-01T22:05:43.130042,78.18,0.3105,80.83,0.3416,1000.0,0.0,4.199,82.1,98,0,60.0,2026-05-01T22:06:43.129874,4.214
2026-05-01T22:05:43.185375,78.18,0.3105,80.83,0.3415,1000.0,0.0,4.199,82.1,98,0,60.0,2026-05-01T22:06:43.185089,4.214
2026-05-01T22:05:43.327747,78.18,0.3105,80.84,0.3415,1000.0,0.0,4.199,82.1,98,0,60.0,2026-05-01T22:06:43.327578,4.214
2026-05-01T22:05:44.195566,78.2,0.3096,80.86,0.3414,1000.0,0.0,4.199,82.1,98,0,60.0,2026-05-01T22:06:44.195397,4.214
2026-05-01T22:05:44.249207,78.2,0.3096,80.86,0.341,1000.0,0.0,4.199,82.1,98,0,60.0,2026-05-01T22:06:44.249062,4.214
2026-05-01T22:05:44.310318,78.2,0.3096,80.86,0.3409,1000.0,0.0,4.199,82.1,98,0,60.0,2026-05-01T22:06:44.310138,4.214
2026-05-01T22:05:45.335586,78.26,0.3105,80.91,0.3403,1000.0,0.0,4.199,82.1,99,0,60.0,2026-05-01T22:06:45.335390,4.214
2026-05-01T22:05:45.390595,78.26,0.3105,80.91,0.3408,1000.0,0.0,4.199,82.1,99,0,60.0,2026-05-01T22:06:45.390434,4.214
2026-05-01T22:05:46.260622,78.26,0.3105,80.95,0.3415,1000.0,0.0,4.199,82.1,99,0,60.0,2026-05-01T22:06:46.260454,4.214
2026-05-01T22:05:46.359685,78.3,0.3105,80.95,0.3412,1000.0,0.0,4.199,82.1,99,0,60.0,2026-05-01T22:06:46.359429,4.214
2026-05-01T22:05:46.413206,78.3,0.3105,80.96,0.3414,1000.0,0.0,4.199,82.1,99,0,60.0,2026-05-01T22:06:46.413045,4.214
2026-05-01T22:05:47.314846,78.34,0.3105,80.99,0.3419,1000.0,0.0,4.199,82.1,98,0,60.0,2026-05-01T22:06:47.314661,4.214
2026-05-01T22:05:47.371473,78.34,0.3105,81.0,0.3386,1000.0,0.0,4.199,82.1,98,0,60.0,2026-05-01T22:06:47.371320,4.214
2026-05-01T22:05:47.425979,78.34,0.3105,81.0,0.3398,1000.0,0.0,4.199,82.1,98,0,60.0,2026-05-01T22:06:47.425829,4.214
2026-05-01T22:05:48.383126,78.37,0.2943,81.03,0.3385,1000.0,0.0,4.199,82.1,98,0,60.0,2026-05-01T22:06:48.382961,4.214
2026-05-01T22:05:48.437206,78.37,0.3215,81.03,0.3452,1000.0,0.0,4.199,82.1,98,0,60.0,2026-05-01T22:06:48.437064,4.214
2026-05-01T22:05:48.489837,78.37,0.3215,81.03,0.3478,1000.0,0.0,4.199,82.1,98,0,60.0,2026-05-01T22:06:48.489715,4.214
2026-05-01T22:05:49.428865,78.41,0.3154,81.07,0.3492,1000.0,0.0,4.199,82.1,98,0,60.0,2026-05-01T22:06:49.428694,4.214
2026-05-01T22:05:49.485558,78.41,0.3154,81.07,0.3482,1000.0,0.0,4.199,82.1,98,0,60.0,2026-05-01T22:06:49.485391,4.214
2026-05-01T22:05:49.545807,78.41,0.3154,81.07,0.3477,1000.0,0.0,4.199,82.1,98,0,60.0,2026-05-01T22:06:49.545655,4.214
2026-05-01T22:05:50.494526,78.44,0.3114,81.1,0.345,1000.0,0.0,4.199,82.0,98,0,60.0,2026-05-01T22:06:50.494364,4.214
2026-05-01T22:05:50.547522,78.44,0.3114,81.11,0.3441,1000.0,0.0,4.199,82.0,98,0,60.0,2026-05-01T22:06:50.547399,4.214
2026-05-01T22:05:51.501466,78.44,0.3114,81.14,0.3439,1000.0,0.0,4.199,82.0,98,0,60.0,2026-05-01T22:06:51.501272,4.214
2026-05-01T22:05:51.556475,78.51,0.3173,81.15,0.3431,1000.0,0.0,4.199,82.0,98,0,60.0,2026-05-01T22:06:51.556353,4.214
2026-05-01T22:05:51.609999,78.51,0.3173,81.15,0.3452,1000.0,0.0,4.199,82.0,98,0,60.0,2026-05-01T22:06:51.609878,4.214
2026-05-01T22:05:52.561095,78.55,0.3173,81.19,0.3474,1000.0,0.0,4.199,82.0,98,0,60.0,2026-05-01T22:06:52.560942,4.214
2026-05-01T22:05:52.615683,78.55,0.3173,81.2,0.3481,1000.0,0.0,4.199,82.0,98,0,60.0,2026-05-01T22:06:52.615533,4.214
2026-05-01T22:05:52.670400,78.55,0.3173,81.2,0.3484,1000.0,0.0,4.199,82.0,98,0,60.0,2026-05-01T22:06:52.670266,4.214
2026-05-01T22:05:53.619286,78.59,0.3173,81.24,0.3489,1000.0,0.0,4.199,82.0,98,0,60.0,2026-05-01T22:06:53.619095,4.214
2026-05-01T22:05:53.672808,78.59,0.319,81.24,0.3498,1000.0,0.0,4.199,82.0,98,0,60.0,2026-05-01T22:06:53.672686,4.214
2026-05-01T22:05:53.725683,78.59,0.319,81.25,0.3502,1000.0,0.0,4.199,82.0,98,0,60.0,2026-05-01T22:06:53.725565,4.214
2026-05-01T22:05:54.673222,78.63,0.3189,81.28,0.3507,1000.0,0.0,4.199,82.0,98,0,60.0,2026-05-01T22:06:54.673085,4.214
2026-05-01T22:05:54.726758,78.63,0.3189,81.28,0.3507,1000.0,0.0,4.199,82.0,98,0,60.0,2026-05-01T22:06:54.726631,4.214
2026-05-01T22:05:54.779918,78.63,0.3189,81.28,0.3507,1000.0,0.0,4.199,82.0,98,0,60.0,2026-05-01T22:06:54.779769,4.214
2026-05-01T22:05:55.732308,78.65,0.3145,81.31,0.3488,1000.0,0.0,4.199,82.0,98,0,60.0,2026-05-01T22:06:55.732147,4.214
2026-05-01T22:05:55.785936,78.65,0.3145,81.3,0.3478,1000.0,0.0,4.199,82.0,98,0,60.0,2026-05-01T22:06:55.785816,4.214
2026-05-01T22:05:56.746630,78.65,0.3145,81.33,0.3475,1000.0,0.0,4.199,82.0,98,0,60.0,2026-05-01T22:06:56.746500,4.214
2026-05-01T22:05:56.803741,78.68,0.3154,81.33,0.3462,1000.0,0.0,4.199,82.0,98,0,60.0,2026-05-01T22:06:56.803595,4.214
2026-05-01T22:05:56.856383,78.68,0.3154,81.33,0.3466,1000.0,0.0,4.199,82.0,98,0,60.0,2026-05-01T22:06:56.856269,4.214
2026-05-01T22:05:57.806322,78.73,0.3154,81.37,0.3473,1000.0,0.0,4.199,82.0,98,0,60.0,2026-05-01T22:06:57.806162,4.214
2026-05-01T22:05:57.860069,78.73,0.3248,81.37,0.3511,1000.0,0.0,4.199,82.0,98,0,60.0,2026-05-01T22:06:57.859935,4.214
2026-05-01T22:05:57.912927,78.73,0.3248,81.38,0.3532,1000.0,0.0,4.199,82.0,98,0,60.0,2026-05-01T22:06:57.912805,4.214
2026-05-01T22:05:58.861135,78.78,0.3163,81.42,0.3541,1000.0,0.0,4.199,81.9,98,0,60.0,2026-05-01T22:06:58.860977,4.214
2026-05-01T22:05:58.914696,78.78,0.3173,81.42,0.3518,1000.0,0.0,4.199,81.9,98,0,60.0,2026-05-01T22:06:58.914522,4.214
2026-05-01T22:05:58.967433,78.78,0.3173,81.43,0.3509,1000.0,0.0,4.199,81.9,98,0,60.0,2026-05-01T22:06:58.967309,4.214
2026-05-01T22:05:59.915688,78.84,0.3173,81.47,0.3501,1000.0,0.0,4.199,81.9,98,0,60.0,2026-05-01T22:06:59.915517,4.214
2026-05-01T22:05:59.968611,78.84,0.3267,81.48,0.3539,1000.0,0.0,4.199,81.9,98,0,60.0,2026-05-01T22:06:59.968488,4.214
2026-05-01T22:06:00.022107,78.84,0.3267,81.49,0.3555,1000.0,0.0,4.199,81.9,98,0,60.0,2026-05-01T22:07:00.021988,4.214
2026-05-01T22:06:00.971306,78.89,0.3267,81.53,0.3577,1000.0,0.0,4.199,81.9,98,0,60.0,2026-05-01T22:07:00.971151,4.214
2026-05-01T22:06:01.024441,78.89,0.3267,81.54,0.3582,1000.0,0.0,4.199,81.9,98,0,60.0,2026-05-01T22:07:01.024316,4.214
2026-05-01T22:06:01.989035,78.89,0.3267,81.57,0.359,1000.0,0.0,4.199,81.9,98,0,60.0,2026-05-01T22:07:01.988839,4.214
2026-05-01T22:06:02.042560,78.92,0.3265,81.57,0.3587,1000.0,0.0,4.199,81.9,98,0,60.0,2026-05-01T22:07:02.042430,4.214
2026-05-01T22:06:02.095208,78.92,0.3265,81.57,0.3588,1000.0,0.0,4.199,81.9,98,0,60.0,2026-05-01T22:07:02.095088,4.214
2026-05-01T22:06:03.049291,79.0,0.3265,81.61,0.3592,1000.0,0.0,4.199,81.9,98,0,60.0,2026-05-01T22:07:03.048290,4.214
2026-05-01T22:06:03.104145,79.0,0.3289,81.63,0.3598,1000.0,0.0,4.199,81.9,98,0,60.0,2026-05-01T22:07:03.104016,4.214
2026-05-01T22:06:03.157968,79.0,0.3289,81.64,0.3604,1000.0,0.0,4.199,81.9,98,0,60.0,2026-05-01T22:07:03.157817,4.214
2026-05-01T22:06:04.093277,79.02,0.3289,81.68,0.3613,1000.0,0.0,4.199,81.9,98,0,60.0,2026-05-01T22:07:04.093071,4.214
2026-05-01T22:06:04.146514,79.02,0.3289,81.68,0.3607,1000.0,0.0,4.199,81.9,98,0,60.0,2026-05-01T22:07:04.146332,4.214
2026-05-01T22:06:04.199610,79.02,0.3289,81.68,0.361,1000.0,0.0,4.199,81.9,98,0,60.0,2026-05-01T22:07:04.199450,4.214
2026-05-01T22:06:05.146531,79.09,0.3215,81.72,0.3594,1000.0,0.0,4.199,81.8,98,0,60.0,2026-05-01T22:07:05.146369,4.214
2026-05-01T22:06:05.289501,79.09,0.324,81.73,0.3583,1000.0,0.0,4.199,81.8,98,0,60.0,2026-05-01T22:07:05.282639,4.214
2026-05-01T22:06:05.345714,79.09,0.324,81.73,0.3576,1000.0,0.0,4.199,81.8,98,0,60.0,2026-05-01T22:07:05.345556,4.214
2026-05-01T22:06:06.211693,79.15,0.3189,81.78,0.356,1000.0,0.0,4.199,81.8,98,0,60.0,2026-05-01T22:07:06.211536,4.214
2026-05-01T22:06:06.265213,79.15,0.3189,81.79,0.3542,1000.0,0.0,4.199,81.8,98,0,60.0,2026-05-01T22:07:06.265075,4.214
2026-05-01T22:06:07.287190,79.15,0.3189,81.83,0.3535,1000.0,0.0,4.199,81.8,98,0,60.0,2026-05-01T22:07:07.286843,4.214
2026-05-01T22:06:07.345576,79.2,0.3189,81.84,0.3523,1000.0,0.0,4.199,81.8,99,0,60.0,2026-05-01T22:07:07.345445,4.214
2026-05-01T22:06:07.398457,79.2,0.3189,81.84,0.3521,1000.0,0.0,4.199,81.8,99,0,60.0,2026-05-01T22:07:07.398321,4.214
2026-05-01T22:06:08.281869,79.24,0.3189,81.88,0.3522,1000.0,0.0,4.199,81.8,99,0,60.0,2026-05-01T22:07:08.281668,4.214
2026-05-01T22:06:08.338526,79.24,0.324,81.89,0.3539,1000.0,0.0,4.199,81.8,99,0,60.0,2026-05-01T22:07:08.338333,4.214
2026-05-01T22:06:08.402789,79.24,0.324,81.89,0.355,1000.0,0.0,4.199,81.8,99,0,60.0,2026-05-01T22:07:08.402669,4.214
2026-05-01T22:06:09.394800,79.27,0.324,81.92,0.3564,1000.0,0.0,4.199,81.8,99,0,60.0,2026-05-01T22:07:09.394287,4.214
2026-05-01T22:06:09.505108,79.27,0.324,81.92,0.3563,1000.0,0.0,4.199,81.8,99,0,60.0,2026-05-01T22:07:09.504866,4.214
2026-05-01T22:06:09.591697,79.27,0.324,81.93,0.3566,1000.0,0.0,4.199,81.8,99,0,60.0,2026-05-01T22:07:09.591549,4.214
2026-05-01T22:06:10.389802,79.3,0.3206,81.95,0.3561,1000.0,0.0,4.199,81.8,99,0,60.0,2026-05-01T22:07:10.389449,4.214
2026-05-01T22:06:10.446710,79.3,0.3249,81.95,0.3568,1000.0,0.0,4.199,81.8,99,0,60.0,2026-05-01T22:07:10.446584,4.214
2026-05-01T22:06:10.501916,79.3,0.3249,81.95,0.3572,1000.0,0.0,4.199,81.8,99,0,60.0,2026-05-01T22:07:10.501762,4.214
2026-05-01T22:06:11.442921,79.33,0.3325,81.98,0.3597,1000.0,0.0,4.199,81.8,99,0,60.0,2026-05-01T22:07:11.442728,4.214
2026-05-01T22:06:11.511968,79.33,0.3325,81.98,0.3621,1000.0,0.0,4.199,81.8,99,0,60.0,2026-05-01T22:07:11.511743,4.214
2026-05-01T22:06:12.458972,79.33,0.3325,82.02,0.3641,1000.0,0.0,4.199,81.8,99,0,60.0,2026-05-01T22:07:12.458775,4.214
2026-05-01T22:06:12.525121,79.35,0.3325,82.01,0.3646,1000.0,0.0,4.199,81.7,99,0,60.0,2026-05-01T22:07:12.524988,4.214
2026-05-01T22:06:12.686066,79.35,0.3325,82.01,0.365,1000.0,0.0,4.199,81.7,99,0,60.0,2026-05-01T22:07:12.666989,4.214
2026-05-01T22:06:13.529357,79.42,0.3325,82.04,0.3656,1000.0,0.0,4.199,81.7,99,0,60.0,2026-05-01T22:07:13.529024,4.214
2026-05-01T22:06:13.593493,79.42,0.3325,82.06,0.3651,1000.0,0.0,4.199,81.7,99,0,60.0,2026-05-01T22:07:13.593334,4.214
2026-05-01T22:06:13.659505,79.42,0.3325,82.07,0.3654,1000.0,0.0,4.199,81.7,99,0,60.0,2026-05-01T22:07:13.659320,4.214
2026-05-01T22:06:14.614724,79.46,0.3325,82.1,0.3659,1000.0,0.0,4.199,81.7,99,0,60.0,2026-05-01T22:07:14.590234,4.214
2026-05-01T22:06:14.750235,79.46,0.3334,82.11,0.3658,1000.0,0.0,4.199,81.7,99,0,60.0,2026-05-01T22:07:14.750045,4.214
2026-05-01T22:06:14.836104,79.46,0.3334,82.12,0.3662,1000.0,0.0,4.199,81.7,99,0,60.0,2026-05-01T22:07:14.835862,4.214
2026-05-01T22:06:15.723010,79.48,0.3274,82.14,0.3651,1000.0,0.0,4.199,81.7,99,0,60.0,2026-05-01T22:07:15.722422,4.214
2026-05-01T22:06:15.844764,79.48,0.3334,82.14,0.3659,1000.0,0.0,4.199,81.7,99,0,60.0,2026-05-01T22:07:15.844370,4.214
2026-05-01T22:06:15.970220,79.48,0.3334,82.14,0.3663,1000.0,0.0,4.199,81.7,99,0,60.0,2026-05-01T22:07:15.969876,4.214
2026-05-01T22:06:16.715544,79.5,0.3334,82.16,0.3668,1000.0,0.0,4.199,81.7,99,0,60.0,2026-05-01T22:07:16.715270,4.214
2026-05-01T22:06:16.784487,79.5,0.3334,82.16,0.3669,1000.0,0.0,4.199,81.7,99,0,60.0,2026-05-01T22:07:16.784313,4.214
2026-05-01T22:06:17.709091,79.5,0.3334,82.19,0.3672,1000.0,0.0,4.199,81.7,99,0,60.0,2026-05-01T22:07:17.708899,4.214
2026-05-01T22:06:17.773871,79.53,0.3334,82.19,0.3666,1000.0,0.0,4.199,81.7,99,0,60.0,2026-05-01T22:07:17.773696,4.214
2026-05-01T22:06:17.840372,79.53,0.3334,82.19,0.3667,1000.0,0.0,4.199,81.7,99,0,60.0,2026-05-01T22:07:17.840180,4.214
2026-05-01T22:06:18.778123,79.6,0.3334,82.22,0.3672,1000.0,0.0,4.199,81.7,99,0,60.0,2026-05-01T22:07:18.777877,4.214
2026-05-01T22:06:18.878744,79.6,0.3291,82.23,0.3649,1000.0,0.0,4.199,81.7,99,0,60.0,2026-05-01T22:07:18.878434,4.214
2026-05-01T22:06:19.070316,79.6,0.3291,82.24,0.364,1000.0,0.0,4.199,81.7,99,0,60.0,2026-05-01T22:07:19.069869,4.214
2026-05-01T22:06:19.825932,79.6,0.3289,82.26,0.3634,1000.0,0.0,4.199,81.7,99,0,60.0,2026-05-01T22:07:19.825742,4.214
2026-05-01T22:06:19.891672,79.6,0.335,82.25,0.3652,1000.0,0.0,4.199,81.7,99,0,60.0,2026-05-01T22:07:19.891496,4.214
2026-05-01T22:06:19.977067,79.6,0.335,82.25,0.3664,1000.0,0.0,4.199,81.7,99,0,60.0,2026-05-01T22:07:19.976870,4.214
2026-05-01T22:06:21.300253,79.66,0.3333,82.29,0.3669,1000.0,0.0,4.199,81.6,99,0,60.0,2026-05-01T22:07:21.296968,4.214
2026-05-01T22:06:22.227574,79.66,0.3348,82.32,0.3683,1000.0,0.0,4.199,81.6,99,0,60.0,2026-05-01T22:07:22.227234,4.214
2026-05-01T22:06:22.331133,79.66,0.3348,82.31,0.3684,1000.0,0.0,4.199,81.6,99,0,60.0,2026-05-01T22:07:22.330821,4.214
2026-05-01T22:06:22.404251,79.7,0.3333,82.32,0.3681,1000.0,0.0,4.199,81.6,99,0,60.0,2026-05-01T22:07:22.404086,4.214
2026-05-01T22:06:22.465516,79.7,0.3333,82.33,0.3678,1000.0,0.0,4.199,81.6,99,0,60.0,2026-05-01T22:07:22.465376,4.214
2026-05-01T22:06:22.949646,79.7,0.3333,82.35,0.3677,1000.0,0.0,4.199,81.6,99,0,60.0,2026-05-01T22:07:22.949471,4.214
2026-05-01T22:06:23.003868,79.75,0.3383,82.37,0.3684,1000.0,0.0,4.199,81.6,99,0,60.0,2026-05-01T22:07:23.003725,4.214
2026-05-01T22:06:23.067297,79.75,0.3383,82.38,0.3697,1000.0,0.0,4.199,81.6,99,0,60.0,2026-05-01T22:07:23.067140,4.214
2026-05-01T22:06:24.001583,79.77,0.3383,82.41,0.3713,1000.0,0.0,4.199,81.6,98,0,60.0,2026-05-01T22:07:24.001388,4.214
2026-05-01T22:06:24.066875,79.77,0.3383,82.41,0.3718,1000.0,0.0,4.199,81.6,98,0,60.0,2026-05-01T22:07:24.066631,4.214
2026-05-01T22:06:24.139271,79.77,0.3383,82.41,0.372,1000.0,0.0,4.199,81.6,98,0,60.0,2026-05-01T22:07:24.139003,4.214
2026-05-01T22:06:25.062290,79.77,0.3375,82.44,0.3722,1000.0,0.0,4.199,81.6,98,0,60.0,2026-05-01T22:07:25.061067,4.214
2026-05-01T22:06:25.121404,79.77,0.3375,82.43,0.3716,1000.0,0.0,4.199,81.6,98,0,60.0,2026-05-01T22:07:25.121248,4.214
2026-05-01T22:06:25.205195,79.77,0.3375,82.42,0.3715,1000.0,0.0,4.199,81.6,98,0,60.0,2026-05-01T22:07:25.181807,4.214
2026-05-01T22:06:26.124880,79.82,0.3341,82.46,0.3708,1000.0,0.0,4.199,81.6,98,0,60.0,2026-05-01T22:07:26.124698,4.214
2026-05-01T22:06:26.178270,79.82,0.3402,82.46,0.3722,1000.0,0.0,4.199,81.6,98,0,60.0,2026-05-01T22:07:26.178140,4.214
2026-05-01T22:06:26.233049,79.82,0.3402,82.46,0.373,1000.0,0.0,4.199,81.6,98,0,60.0,2026-05-01T22:07:26.232917,4.214
2026-05-01T22:06:27.173594,79.89,0.3402,82.51,0.3732,1000.0,0.0,4.199,81.6,98,0,60.0,2026-05-01T22:07:27.173433,4.214
2026-05-01T22:06:27.313771,79.89,0.3402,82.52,0.3738,1000.0,0.0,4.199,81.6,98,0,60.0,2026-05-01T22:07:27.313591,4.214
2026-05-01T22:06:28.200011,79.89,0.3402,82.56,0.3744,1000.0,0.0,4.199,81.6,98,0,60.0,2026-05-01T22:07:28.199794,4.214
2026-05-01T22:06:28.253223,79.93,0.3357,82.57,0.372,1000.0,0.0,4.199,81.5,98,0,60.0,2026-05-01T22:07:28.253111,4.214
2026-05-01T22:06:28.306047,79.93,0.3357,82.57,0.3712,1000.0,0.0,4.199,81.5,98,0,60.0,2026-05-01T22:07:28.305915,4.214
2026-05-01T22:06:29.324018,79.94,0.3357,82.6,0.3709,1000.0,0.0,4.199,81.5,99,0,60.0,2026-05-01T22:07:29.323833,4.214
2026-05-01T22:06:29.388665,79.94,0.3357,82.6,0.3704,1000.0,0.0,4.199,81.5,99,0,60.0,2026-05-01T22:07:29.388507,4.214
2026-05-01T22:06:29.447649,79.94,0.3357,82.59,0.3703,1000.0,0.0,4.199,81.5,99,0,60.0,2026-05-01T22:07:29.447472,4.214
2026-05-01T22:06:30.308030,79.94,0.3357,82.61,0.3703,1000.0,0.0,4.199,81.5,99,0,60.0,2026-05-01T22:07:30.307879,4.214
2026-05-01T22:06:30.361808,79.94,0.3357,82.6,0.3696,1000.0,0.0,4.199,81.5,99,0,60.0,2026-05-01T22:07:30.361668,4.214
2026-05-01T22:06:30.414832,79.94,0.3357,82.6,0.3697,1000.0,0.0,4.199,81.5,99,0,60.0,2026-05-01T22:07:30.414688,4.214
2026-05-01T22:06:31.353731,80.01,0.3291,82.63,0.3682,1000.0,0.0,4.199,81.5,99,0,60.0,2026-05-01T22:07:31.353567,4.214
2026-05-01T22:06:31.405820,80.01,0.3411,82.64,0.3714,1000.0,0.0,4.199,81.5,99,0,60.0,2026-05-01T22:07:31.405683,4.214
2026-05-01T22:06:31.459053,80.01,0.3411,82.64,0.3727,1000.0,0.0,4.199,81.5,99,0,60.0,2026-05-01T22:07:31.458900,4.214
2026-05-01T22:06:32.419716,80.05,0.3384,82.68,0.3725,1000.0,0.0,4.199,81.5,99,0,60.0,2026-05-01T22:07:32.419572,4.214
2026-05-01T22:06:32.471373,80.05,0.3384,82.69,0.3727,1000.0,0.0,4.199,81.5,99,0,60.0,2026-05-01T22:07:32.471279,4.214
2026-05-01T22:06:33.425305,80.05,0.3384,82.72,0.3731,1000.0,0.0,4.199,81.5,99,0,60.0,2026-05-01T22:07:33.425130,4.214
2026-05-01T22:06:33.482459,80.06,0.3384,82.71,0.3706,1000.0,0.0,4.199,81.5,99,0,60.0,2026-05-01T22:07:33.482304,4.214
2026-05-01T22:06:33.534789,80.06,0.3384,82.71,0.3714,1000.0,0.0,4.199,81.5,99,0,60.0,2026-05-01T22:07:33.534660,4.214
2026-05-01T22:06:34.492673,80.09,0.3384,82.73,0.3724,1000.0,0.0,4.199,81.5,99,0,60.0,2026-05-01T22:07:34.492441,4.214
2026-05-01T22:06:34.545595,80.09,0.3434,82.73,0.3746,1000.0,0.0,4.199,81.5,99,0,60.0,2026-05-01T22:07:34.545461,4.214
2026-05-01T22:06:34.598238,80.09,0.3434,82.73,0.3759,1000.0,0.0,4.199,81.5,99,0,60.0,2026-05-01T22:07:34.598111,4.214
2026-05-01T22:06:35.549857,80.1,0.3348,82.76,0.3759,1000.0,0.0,4.199,81.5,99,0,60.0,2026-05-01T22:07:35.549634,4.214
2026-05-01T22:06:35.602246,80.1,0.3434,82.75,0.3761,1000.0,0.0,4.199,81.5,99,0,60.0,2026-05-01T22:07:35.602130,4.214
2026-05-01T22:06:35.654123,80.1,0.3434,82.75,0.3767,1000.0,0.0,4.199,81.5,99,0,60.0,2026-05-01T22:07:35.654019,4.214
2026-05-01T22:06:36.605898,80.11,0.3434,82.77,0.3764,1000.0,0.0,4.199,81.5,99,0,60.0,2026-05-01T22:07:36.605773,4.214
2026-05-01T22:06:36.658338,80.11,0.3434,82.76,0.3771,1000.0,0.0,4.199,81.5,99,0,60.0,2026-05-01T22:07:36.658201,4.214
2026-05-01T22:06:36.710798,80.11,0.3434,82.76,0.3774,1000.0,0.0,4.199,81.5,99,0,60.0,2026-05-01T22:07:36.710692,4.214
2026-05-01T22:06:37.664066,80.19,0.3434,82.81,0.3778,1000.0,0.0,4.199,81.5,99,0,60.0,2026-05-01T22:07:37.663904,4.214
2026-05-01T22:06:37.717757,80.19,0.3434,82.82,0.3779,1000.0,0.0,4.199,81.5,99,0,60.0,2026-05-01T22:07:37.717627,4.214
2026-05-01T22:06:38.678276,80.19,0.3434,82.86,0.3784,1000.0,0.0,4.199,81.5,99,0,60.0,2026-05-01T22:07:38.677984,4.214
2026-05-01T22:06:38.731350,80.22,0.3474,82.86,0.3791,1000.0,0.0,4.199,81.5,99,0,60.0,2026-05-01T22:07:38.731236,4.214
2026-05-01T22:06:38.783289,80.22,0.3474,82.86,0.3802,1000.0,0.0,4.199,81.5,99,0,60.0,2026-05-01T22:07:38.783180,4.214
2026-05-01T22:06:39.734317,80.28,0.3474,82.9,0.3816,1000.0,0.0,4.199,81.4,99,0,60.0,2026-05-01T22:07:39.734128,4.214
2026-05-01T22:06:39.788490,80.28,0.3474,82.91,0.3816,1000.0,0.0,4.199,81.4,99,0,60.0,2026-05-01T22:07:39.788341,4.214
2026-05-01T22:06:39.842345,80.28,0.3474,82.92,0.3818,1000.0,0.0,4.199,81.4,99,0,60.0,2026-05-01T22:07:39.842183,4.214
2026-05-01T22:06:40.885821,80.31,0.3442,82.95,0.3819,1000.0,0.0,4.199,81.4,99,0,60.0,2026-05-01T22:07:40.885499,4.214
2026-05-01T22:06:41.479929,80.31,0.3518,82.96,0.3838,1000.0,0.0,4.199,81.4,99,0,60.0,2026-05-01T22:07:41.475684,4.214
2026-05-01T22:06:41.809526,80.31,0.3518,82.97,0.3858,1000.0,0.0,4.199,81.4,99,0,60.0,2026-05-01T22:07:41.809347,4.214
2026-05-01T22:06:41.906927,80.36,0.3518,82.98,0.3863,1000.0,0.0,4.199,81.4,99,0,60.0,2026-05-01T22:07:41.906733,4.214
2026-05-01T22:06:41.993356,80.36,0.3518,82.99,0.3865,1000.0,0.0,4.199,81.4,99,0,60.0,2026-05-01T22:07:41.993143,4.214
2026-05-01T22:06:42.074090,80.36,0.3518,83.0,0.3867,1000.0,0.0,4.199,81.4,99,0,60.0,2026-05-01T22:07:42.073891,4.214
2026-05-01T22:06:42.907270,80.43,0.3451,83.05,0.3841,1000.0,0.0,4.199,81.4,99,0,60.0,2026-05-01T22:07:42.907100,4.214
2026-05-01T22:06:42.960492,80.43,0.3451,83.06,0.3826,1000.0,0.0,4.199,81.4,99,0,60.0,2026-05-01T22:07:42.960355,4.214
2026-05-01T22:06:43.925897,80.43,0.3451,83.1,0.382,1000.0,0.0,4.199,81.4,99,0,60.0,2026-05-01T22:07:43.925627,4.214
2026-05-01T22:06:43.981111,80.49,0.3451,83.11,0.3808,1000.0,0.0,4.199,81.4,99,0,60.0,2026-05-01T22:07:43.980957,4.214
2026-05-01T22:06:44.033905,80.49,0.3451,83.12,0.3806,1000.0,0.0,4.199,81.4,99,0,60.0,2026-05-01T22:07:44.033767,4.214
2026-05-01T22:06:44.975448,80.56,0.3451,83.16,0.3809,1000.0,0.0,4.199,81.3,99,0,60.0,2026-05-01T22:07:44.975300,4.214
2026-05-01T22:06:45.030451,80.56,0.351,83.18,0.3815,1000.0,0.0,4.199,81.3,99,0,60.0,2026-05-01T22:07:45.030320,4.214
2026-05-01T22:06:45.112745,80.56,0.351,83.19,0.3833,1000.0,0.0,4.199,81.3,99,0,60.0,2026-05-01T22:07:45.112519,4.214
2026-05-01T22:06:46.024354,80.58,0.3402,83.22,0.3836,1000.0,0.0,4.199,81.3,99,0,60.0,2026-05-01T22:07:46.024205,4.214
2026-05-01T22:06:46.078207,80.58,0.3493,83.22,0.3841,1000.0,0.0,4.199,81.3,99,0,60.0,2026-05-01T22:07:46.078061,4.214
2026-05-01T22:06:46.134015,80.58,0.3493,83.22,0.3844,1000.0,0.0,4.199,81.3,99,0,60.0,2026-05-01T22:07:46.133861,4.214
2026-05-01T22:06:47.094300,80.66,0.3415,83.27,0.3827,1000.0,0.0,4.199,81.3,99,0,60.0,2026-05-01T22:07:47.094125,4.214
2026-05-01T22:06:47.148435,80.66,0.3451,83.28,0.3819,1000.0,0.0,4.199,81.3,99,0,60.0,2026-05-01T22:07:47.148288,4.214
2026-05-01T22:06:47.229484,80.66,0.3451,83.28,0.3815,1000.0,0.0,4.199,81.3,99,0,60.0,2026-05-01T22:07:47.210646,4.215
2026-05-01T22:06:48.148355,80.71,0.3451,83.33,0.3807,1000.0,0.0,4.199,81.3,99,0,60.0,2026-05-01T22:07:48.148173,4.215
2026-05-01T22:06:48.201506,80.71,0.3451,83.33,0.3808,1000.0,0.0,4.199,81.3,99,0,60.0,2026-05-01T22:07:48.201388,4.215
2026-05-01T22:06:49.159973,80.71,0.3451,83.37,0.3813,1000.0,0.0,4.199,81.3,99,0,60.0,2026-05-01T22:07:49.159794,4.215
2026-05-01T22:06:49.356675,80.76,0.3528,83.39,0.3828,1000.0,0.0,4.199,81.3,99,0,60.0,2026-05-01T22:07:49.339889,4.215
2026-05-01T22:06:49.413427,80.76,0.3528,83.39,0.3853,1000.0,0.0,4.199,81.3,99,0,60.0,2026-05-01T22:07:49.413299,4.215
2026-05-01T22:06:50.211816,80.85,0.3528,83.43,0.3873,1000.0,0.0,4.199,81.2,99,0,60.0,2026-05-01T22:07:50.211655,4.215
2026-05-01T22:06:50.265707,80.85,0.3528,83.46,0.3879,1000.0,0.0,4.199,81.2,99,0,60.0,2026-05-01T22:07:50.265562,4.215
2026-05-01T22:06:50.318875,80.85,0.3528,83.47,0.3882,1000.0,0.0,4.199,81.2,99,0,60.0,2026-05-01T22:07:50.318749,4.215
2026-05-01T22:06:51.330805,80.87,0.351,83.51,0.3886,1000.0,0.0,4.199,81.2,98,0,60.0,2026-05-01T22:07:51.330575,4.215
2026-05-01T22:06:51.386237,80.87,0.3672,83.51,0.394,1000.0,0.0,4.199,81.2,98,0,60.0,2026-05-01T22:07:51.386101,4.215
2026-05-01T22:06:51.443544,80.87,0.3672,83.51,0.3973,1000.0,0.0,4.199,81.2,98,0,60.0,2026-05-01T22:07:51.443426,4.215
2026-05-01T22:06:52.334461,80.9,0.3535,83.54,0.3991,1000.0,0.0,4.199,81.2,98,0,60.0,2026-05-01T22:07:52.334262,4.215
2026-05-01T22:06:52.388711,80.9,0.3627,83.54,0.399,1000.0,0.0,4.199,81.2,98,0,60.0,2026-05-01T22:07:52.388591,4.215
2026-05-01T22:06:52.442334,80.9,0.3627,83.54,0.3989,1000.0,0.0,4.199,81.2,98,0,60.0,2026-05-01T22:07:52.442208,4.215
2026-05-01T22:06:53.377465,80.95,0.3544,83.57,0.3958,1000.0,0.0,4.199,81.2,98,0,60.0,2026-05-01T22:07:53.377327,4.215
2026-05-01T22:06:53.430884,80.95,0.3544,83.58,0.3937,1000.0,0.0,4.199,81.2,98,0,60.0,2026-05-01T22:07:53.430736,4.215
2026-05-01T22:06:54.401518,80.95,0.3544,83.61,0.3928,1000.0,0.0,4.199,81.2,98,0,60.0,2026-05-01T22:07:54.401238,4.215
2026-05-01T22:06:54.456191,80.97,0.3604,83.6,0.393,1000.0,0.0,4.199,81.2,98,0,60.0,2026-05-01T22:07:54.456058,4.215
2026-05-01T22:06:54.509516,80.97,0.3604,83.6,0.3944,1000.0,0.0,4.199,81.2,98,0,60.0,2026-05-01T22:07:54.509380,4.215
2026-05-01T22:06:55.452509,81.02,0.3604,83.64,0.396,1000.0,0.0,4.199,81.2,98,0,60.0,2026-05-01T22:07:55.452262,4.215
2026-05-01T22:06:55.554746,81.02,0.3596,83.64,0.3942,1000.0,0.0,4.199,81.2,98,0,60.0,2026-05-01T22:07:55.554565,4.215
2026-05-01T22:06:55.611175,81.02,0.3596,83.65,0.3949,1000.0,0.0,4.199,81.2,98,0,60.0,2026-05-01T22:07:55.610971,4.215
2026-05-01T22:06:56.626304,81.08,0.3409,83.69,0.3925,1000.0,0.0,4.199,81.2,98,0,60.0,2026-05-01T22:07:56.626036,4.215
2026-05-01T22:06:56.742345,81.08,0.351,83.7,0.3891,1000.0,0.0,4.199,81.2,98,0,60.0,2026-05-01T22:07:56.742146,4.215
2026-05-01T22:06:57.859792,81.08,0.351,83.71,0.3884,1000.0,0.0,4.199,81.2,98,0,60.0,2026-05-01T22:07:57.717738,4.215
2026-05-01T22:06:58.126586,81.11,0.351,83.74,0.388,1000.0,0.0,4.199,81.2,98,0,60.0,2026-05-01T22:07:58.118227,4.215
2026-05-01T22:06:58.190161,81.11,0.3636,83.74,0.3937,1000.0,0.0,4.199,81.2,99,0,60.0,2026-05-01T22:07:58.190010,4.215
2026-05-01T22:06:58.252845,81.11,0.3636,83.74,0.396,1000.0,0.0,4.199,81.2,99,0,60.0,2026-05-01T22:07:58.252644,4.215
2026-05-01T22:06:58.616100,81.19,0.3637,83.78,0.3969,1000.0,0.0,4.199,81.1,99,0,60.0,2026-05-01T22:07:58.615898,4.215
2026-05-01T22:06:58.668930,81.19,0.3637,83.79,0.3981,1000.0,0.0,4.199,81.1,99,0,60.0,2026-05-01T22:07:58.668788,4.215
2026-05-01T22:06:59.641606,81.19,0.3637,83.84,0.3995,1000.0,0.0,4.199,81.1,98,0,60.0,2026-05-01T22:07:59.641356,4.215
2026-05-01T22:06:59.695430,81.19,0.3685,83.83,0.4011,1000.0,0.0,4.199,81.1,98,0,60.0,2026-05-01T22:07:59.695303,4.215
2026-05-01T22:06:59.748485,81.19,0.3685,83.83,0.4027,1000.0,0.0,4.199,81.1,98,0,60.0,2026-05-01T22:07:59.748362,4.215
2026-05-01T22:07:00.688098,81.23,0.3685,83.86,0.4043,1000.0,0.0,4.199,81.1,98,0,60.0,2026-05-01T22:08:00.687923,4.215
2026-05-01T22:07:00.743509,81.23,0.3789,83.86,0.4075,1000.0,0.0,4.199,81.1,98,0,60.0,2026-05-01T22:08:00.743357,4.215
2026-05-01T22:07:00.797141,81.23,0.3789,83.86,0.4105,1000.0,0.0,4.199,81.1,98,0,60.0,2026-05-01T22:08:00.797020,4.215
2026-05-01T22:07:01.753002,81.3,0.3628,83.91,0.4111,1000.0,0.0,4.199,81.1,98,0,60.0,2026-05-01T22:08:01.752854,4.215
2026-05-01T22:07:01.808636,81.3,0.3798,83.92,0.4122,1000.0,0.0,4.199,81.1,98,0,60.0,2026-05-01T22:08:01.808512,4.215
2026-05-01T22:07:01.863900,81.3,0.3798,83.93,0.4139,1000.0,0.0,4.199,81.1,98,0,60.0,2026-05-01T22:08:01.863783,4.215
2026-05-01T22:07:02.809165,81.35,0.3798,83.97,0.4158,1000.0,0.0,4.199,81.1,98,0,60.0,2026-05-01T22:08:02.808982,4.215
2026-05-01T22:07:02.863538,81.35,0.3798,83.98,0.4164,1000.0,0.0,4.199,81.1,98,0,60.0,2026-05-01T22:08:02.863354,4.215
2026-05-01T22:07:02.918781,81.35,0.3798,83.98,0.4166,1000.0,0.0,4.199,81.1,98,0,60.0,2026-05-01T22:08:02.918619,4.215
2026-05-01T22:07:03.867246,81.41,0.3755,84.02,0.4136,1000.0,0.0,4.199,81.1,98,0,60.0,2026-05-01T22:08:03.867045,4.215
2026-05-01T22:07:03.920006,81.41,0.3755,84.03,0.4132,1000.0,0.0,4.199,81.1,98,0,60.0,2026-05-01T22:08:03.919895,4.215
2026-05-01T22:07:04.876769,81.41,0.3755,84.07,0.4134,1000.0,0.0,4.199,81.1,98,0,60.0,2026-05-01T22:08:04.876520,4.215
2026-05-01T22:07:04.930372,81.47,0.3755,84.08,0.4122,1000.0,0.0,4.199,81.0,98,0,60.0,2026-05-01T22:08:04.930243,4.215
2026-05-01T22:07:04.986414,81.47,0.3755,84.09,0.4124,1000.0,0.0,4.199,81.0,98,0,60.0,2026-05-01T22:08:04.986250,4.215
2026-05-01T22:07:05.941737,81.49,0.3755,84.12,0.413,1000.0,0.0,4.199,81.0,98,0,60.0,2026-05-01T22:08:05.941582,4.215
2026-05-01T22:07:05.995958,81.49,0.3729,84.12,0.4115,1000.0,0.0,4.199,81.0,98,0,60.0,2026-05-01T22:08:05.995825,4.215
2026-05-01T22:07:06.048933,81.49,0.3729,84.12,0.4111,1000.0,0.0,4.199,81.0,98,0,60.0,2026-05-01T22:08:06.048805,4.215
2026-05-01T22:07:06.984328,81.51,0.3721,84.15,0.4108,1000.0,0.0,4.199,81.0,98,0,60.0,2026-05-01T22:08:06.984173,4.215
2026-05-01T22:07:07.039318,81.51,0.382,84.15,0.414,1000.0,0.0,4.199,81.0,98,0,60.0,2026-05-01T22:08:07.038113,4.215
2026-05-01T22:07:07.116020,81.51,0.382,84.15,0.4159,1000.0,0.0,4.199,81.0,98,0,60.0,2026-05-01T22:08:07.115796,4.215
2026-05-01T22:07:08.055255,81.54,0.382,84.17,0.4182,1000.0,0.0,4.199,81.0,98,0,60.0,2026-05-01T22:08:08.055032,4.215
2026-05-01T22:07:08.115668,81.54,0.3856,84.17,0.4204,1000.0,0.0,4.199,81.0,98,0,60.0,2026-05-01T22:08:08.115486,4.215
2026-05-01T22:07:08.175457,81.54,0.3856,84.17,0.4213,1000.0,0.0,4.199,81.0,98,0,60.0,2026-05-01T22:08:08.175279,4.215
2026-05-01T22:07:09.108767,81.6,0.3906,84.22,0.4229,1000.0,0.0,4.199,81.0,98,0,60.0,2026-05-01T22:08:09.108548,4.215
2026-05-01T22:07:09.166142,81.6,0.3906,84.22,0.4251,1000.0,0.0,4.199,81.0,98,0,60.0,2026-05-01T22:08:09.165860,4.215
2026-05-01T22:07:10.115523,81.6,0.3906,84.26,0.427,1000.0,0.0,4.199,81.0,98,0,60.0,2026-05-01T22:08:10.115289,4.215
2026-05-01T22:07:10.173359,81.64,0.3906,84.27,0.4277,1000.0,0.0,4.199,81.0,98,0,60.0,2026-05-01T22:08:10.173199,4.215
2026-05-01T22:07:10.229968,81.64,0.3906,84.27,0.428,1000.0,0.0,4.199,81.0,98,0,60.0,2026-05-01T22:08:10.229794,4.215
2026-05-01T22:07:11.181344,81.67,0.3906,84.3,0.4286,1000.0,0.0,4.199,81.0,98,0,60.0,2026-05-01T22:08:11.180931,4.215
2026-05-01T22:07:11.241595,81.67,0.3746,84.3,0.4203,1000.0,0.0,4.199,81.0,98,0,60.0,2026-05-01T22:08:11.241433,4.215
2026-05-01T22:07:11.298792,81.67,0.3746,84.3,0.4174,1000.0,0.0,4.199,81.0,98,0,60.0,2026-05-01T22:08:11.298581,4.215
2026-05-01T22:07:12.233854,81.72,0.3739,84.34,0.4148,1000.0,0.0,4.199,80.9,98,0,60.0,2026-05-01T22:08:12.233506,4.215
2026-05-01T22:07:12.295655,81.72,0.3798,84.34,0.4157,1000.0,0.0,4.199,80.9,98,0,60.0,2026-05-01T22:08:12.295468,4.215
2026-05-01T22:07:12.355270,81.72,0.3798,84.34,0.4164,1000.0,0.0,4.199,80.9,98,0,60.0,2026-05-01T22:08:12.355089,4.215
2026-05-01T22:07:13.137674,81.76,0.3798,84.37,0.4173,1000.0,0.0,4.199,80.9,98,0,60.0,2026-05-01T22:08:13.137500,4.215
2026-05-01T22:07:13.198151,81.76,0.3915,84.38,0.4224,1000.0,0.0,4.199,80.9,98,0,60.0,2026-05-01T22:08:13.197971,4.215
2026-05-01T22:07:13.272986,81.76,0.3915,84.38,0.4248,1000.0,0.0,4.199,80.9,98,0,60.0,2026-05-01T22:08:13.272717,4.215
2026-05-01T22:07:14.186183,81.8,0.3881,84.42,0.4256,1000.0,0.0,4.199,80.9,98,0,60.0,2026-05-01T22:08:14.185972,4.215
2026-05-01T22:07:14.242666,81.8,0.3881,84.42,0.4259,1000.0,0.0,4.199,80.9,98,0,60.0,2026-05-01T22:08:14.242482,4.215
2026-05-01T22:07:15.203020,81.8,0.3881,84.46,0.4265,1000.0,0.0,4.199,80.9,98,0,60.0,2026-05-01T22:08:15.202818,4.215
2026-05-01T22:07:15.261709,81.83,0.3847,84.46,0.4241,1000.0,0.0,4.199,80.9,98,0,60.0,2026-05-01T22:08:15.261524,4.215
2026-05-01T22:07:15.319146,81.83,0.3847,84.46,0.4236,1000.0,0.0,4.199,80.9,98,0,60.0,2026-05-01T22:08:15.318957,4.215
2026-05-01T22:07:16.256061,81.91,0.3847,84.5,0.4236,1000.0,0.0,4.199,80.9,98,0,60.0,2026-05-01T22:08:16.255861,4.215
2026-05-01T22:07:16.323725,81.91,0.3847,84.51,0.4225,1000.0,0.0,4.199,80.9,98,0,60.0,2026-05-01T22:08:16.323517,4.215
2026-05-01T22:07:16.381576,81.91,0.3847,84.52,0.4227,1000.0,0.0,4.199,80.9,98,0,60.0,2026-05-01T22:08:16.381235,4.215
2026-05-01T22:07:17.314798,81.91,0.3805,84.55,0.4225,1000.0,0.0,4.199,80.9,98,0,60.0,2026-05-01T22:08:17.314611,4.215
2026-05-01T22:07:17.373241,81.91,0.3807,84.54,0.4208,1000.0,0.0,4.199,80.9,98,0,60.0,2026-05-01T22:08:17.372983,4.215
2026-05-01T22:07:17.443344,81.91,0.3807,84.54,0.4202,1000.0,0.0,4.199,80.9,98,0,60.0,2026-05-01T22:08:17.443126,4.215
2026-05-01T22:07:18.369747,81.95,0.3637,84.57,0.4173,1000.0,0.0,4.199,80.9,98,0,60.0,2026-05-01T22:08:18.369568,4.215
2026-05-01T22:07:18.455571,81.95,0.3807,84.57,0.418,1000.0,0.0,4.199,80.9,98,0,60.0,2026-05-01T22:08:18.450161,4.215
2026-05-01T22:07:18.599686,81.95,0.3807,84.57,0.4184,1000.0,0.0,4.199,80.9,98,0,60.0,2026-05-01T22:08:18.599568,4.215
2026-05-01T22:07:19.428637,81.98,0.3847,84.6,0.4154,1000.0,0.0,4.199,80.9,98,0,60.0,2026-05-01T22:08:19.428400,4.215
2026-05-01T22:07:19.486316,81.98,0.3847,84.6,0.4185,1000.0,0.0,4.199,80.9,98,0,60.0,2026-05-01T22:08:19.486150,4.215
2026-05-01T22:07:20.479452,81.98,0.3847,84.63,0.4209,1000.0,0.0,4.199,80.9,98,0,60.0,2026-05-01T22:08:20.461271,4.215
2026-05-01T22:07:20.628099,82.03,0.3847,84.64,0.4223,1000.0,0.0,4.199,80.8,97,0,60.0,2026-05-01T22:08:20.627746,4.215
2026-05-01T22:07:20.702376,82.03,0.3847,84.65,0.4227,1000.0,0.0,4.199,80.8,97,0,60.0,2026-05-01T22:08:20.702226,4.215
2026-05-01T22:07:21.752477,82.08,0.3847,84.68,0.4234,1000.0,0.0,4.199,80.8,97,0,60.0,2026-05-01T22:08:21.752029,4.215
2026-05-01T22:07:21.989036,82.08,0.3831,84.7,0.4218,1000.0,0.0,4.199,80.8,97,0,60.0,2026-05-01T22:08:21.988698,4.215
2026-05-01T22:07:22.075690,82.08,0.3831,84.7,0.4217,1000.0,0.0,4.199,80.8,97,0,60.0,2026-05-01T22:08:22.075441,4.215
2026-05-01T22:07:22.553139,82.13,0.3798,84.73,0.4214,1000.0,0.0,4.199,80.8,97,0,60.0,2026-05-01T22:08:22.552986,4.215
2026-05-01T22:07:22.606483,82.13,0.3897,84.74,0.4238,1000.0,0.0,4.199,80.8,97,0,60.0,2026-05-01T22:08:22.606349,4.215
2026-05-01T22:07:22.658450,82.13,0.3897,84.74,0.4252,1000.0,0.0,4.199,80.8,97,0,60.0,2026-05-01T22:08:22.658336,4.215
2026-05-01T22:07:23.607008,82.16,0.3881,84.78,0.4271,1000.0,0.0,4.199,80.8,97,0,60.0,2026-05-01T22:08:23.606836,4.215
2026-05-01T22:07:23.663378,82.16,0.3897,84.78,0.4277,1000.0,0.0,4.199,80.8,97,0,60.0,2026-05-01T22:08:23.663267,4.215
2026-05-01T22:07:23.718819,82.16,0.3897,84.78,0.428,1000.0,0.0,4.199,80.8,97,0,60.0,2026-05-01T22:08:23.718681,4.215
2026-05-01T22:07:24.665329,82.2,0.3888,84.82,0.4281,1000.0,0.0,4.199,80.8,97,0,60.0,2026-05-01T22:08:24.665173,4.215
2026-05-01T22:07:24.717650,82.2,0.3888,84.82,0.4279,1000.0,0.0,4.199,80.8,97,0,60.0,2026-05-01T22:08:24.717537,4.215
2026-05-01T22:07:25.671724,82.2,0.3888,84.86,0.4282,1000.0,0.0,4.199,80.8,97,0,60.0,2026-05-01T22:08:25.671556,4.215
2026-05-01T22:07:25.726442,82.24,0.3932,84.86,0.4289,1000.0,0.0,4.199,80.8,97,0,60.0,2026-05-01T22:08:25.726304,4.215
2026-05-01T22:07:25.778681,82.24,0.3932,84.86,0.4301,1000.0,0.0,4.199,80.8,97,0,60.0,2026-05-01T22:08:25.778568,4.215
2026-05-01T22:07:26.726177,82.29,0.3932,84.9,0.4315,1000.0,0.0,4.199,80.8,97,0,60.0,2026-05-01T22:08:26.726026,4.215
2026-05-01T22:07:26.780278,82.29,0.3942,84.91,0.4318,1000.0,0.0,4.199,80.8,97,0,60.0,2026-05-01T22:08:26.780147,4.215
2026-05-01T22:07:26.832393,82.29,0.3942,84.91,0.4323,1000.0,0.0,4.199,80.8,97,0,60.0,2026-05-01T22:08:26.832262,4.215
2026-05-01T22:07:27.794567,82.34,0.3942,84.95,0.4331,1000.0,0.0,4.199,80.7,97,0,60.0,2026-05-01T22:08:27.794405,4.215
2026-05-01T22:07:27.848709,82.34,0.3942,84.95,0.4332,1000.0,0.0,4.199,80.7,97,0,60.0,2026-05-01T22:08:27.848572,4.215
2026-05-01T22:07:27.901724,82.34,0.3942,84.96,0.4333,1000.0,0.0,4.199,80.7,97,0,60.0,2026-05-01T22:08:27.901577,4.215
2026-05-01T22:07:28.849657,82.34,0.3874,84.98,0.4317,1000.0,0.0,4.199,80.7,97,0,60.0,2026-05-01T22:08:28.849518,4.215
2026-05-01T22:07:28.905874,82.34,0.3966,84.97,0.4334,1000.0,0.0,4.199,80.7,97,0,60.0,2026-05-01T22:08:28.905729,4.215
2026-05-01T22:07:28.961457,82.34,0.3966,84.97,0.4342,1000.0,0.0,4.199,80.7,97,0,60.0,2026-05-01T22:08:28.961136,4.215
2026-05-01T22:07:29.907133,82.37,0.3966,84.99,0.4342,1000.0,0.0,4.199,80.7,97,0,60.0,2026-05-01T22:08:29.906971,4.215
2026-05-01T22:07:29.961330,82.37,0.3966,84.99,0.4348,1000.0,0.0,4.199,80.7,97,0,60.0,2026-05-01T22:08:29.961206,4.215
2026-05-01T22:07:30.912911,82.37,0.3966,85.02,0.4357,1000.0,0.0,4.199,80.7,97,0,60.0,2026-05-01T22:08:30.912769,4.215
2026-05-01T22:07:30.974522,82.43,0.3966,85.04,0.4353,1000.0,0.0,4.199,80.7,97,0,60.0,2026-05-01T22:08:30.973697,4.215
2026-05-01T22:07:31.127061,82.43,0.3966,85.05,0.4356,1000.0,0.0,4.199,80.7,97,0,60.0,2026-05-01T22:08:31.126892,4.215
2026-05-01T22:07:31.974374,82.45,0.3966,85.07,0.4361,1000.0,0.0,4.199,80.7,97,0,60.0,2026-05-01T22:08:31.974186,4.215
2026-05-01T22:07:32.030072,82.45,0.4009,85.07,0.4371,1000.0,0.0,4.199,80.7,97,0,60.0,2026-05-01T22:08:32.029918,4.215
2026-05-01T22:07:32.083232,82.45,0.4009,85.07,0.4382,1000.0,0.0,4.199,80.7,97,0,60.0,2026-05-01T22:08:32.083102,4.215
2026-05-01T22:07:33.110982,82.47,0.4009,85.1,0.4398,1000.0,0.0,4.199,80.7,97,0,60.0,2026-05-01T22:08:33.110808,4.215
2026-05-01T22:07:33.166481,82.47,0.4009,85.1,0.4398,1000.0,0.0,4.199,80.7,97,0,60.0,2026-05-01T22:08:33.166316,4.215
2026-05-01T22:07:33.223263,82.47,0.4009,85.1,0.44,1000.0,0.0,4.199,80.7,97,0,60.0,2026-05-01T22:08:33.223154,4.215
2026-05-01T22:07:34.089884,82.48,0.394,85.12,0.4392,1000.0,0.0,4.199,80.7,97,0,60.0,2026-05-01T22:08:34.089713,4.215
2026-05-01T22:07:34.143061,82.48,0.3982,85.11,0.4385,1000.0,0.0,4.199,80.7,97,0,60.0,2026-05-01T22:08:34.142921,4.215
2026-05-01T22:07:34.196043,82.48,0.3982,85.11,0.4383,1000.0,0.0,4.199,80.7,97,0,60.0,2026-05-01T22:08:34.195911,4.215
2026-05-01T22:07:35.133599,82.55,0.3956,85.15,0.4369,1000.0,0.0,4.199,80.7,97,0,60.0,2026-05-01T22:08:35.133435,4.215
2026-05-01T22:07:35.192031,82.55,0.3956,85.16,0.4362,1000.0,0.0,4.199,80.7,97,0,60.0,2026-05-01T22:08:35.191876,4.215
2026-05-01T22:07:36.163805,82.55,0.3956,85.2,0.4361,1000.0,0.0,4.199,80.7,97,0,60.0,2026-05-01T22:08:36.163523,4.215
2026-05-01T22:07:36.218257,82.6,0.3956,85.21,0.4356,1000.0,0.0,4.199,80.7,97,0,60.0,2026-05-01T22:08:36.218120,4.215
2026-05-01T22:07:36.270499,82.6,0.3956,85.22,0.4354,1000.0,0.0,4.199,80.7,97,0,60.0,2026-05-01T22:08:36.270371,4.215
2026-05-01T22:07:37.211335,82.63,0.3956,85.25,0.4357,1000.0,0.0,4.199,80.6,97,0,60.0,2026-05-01T22:08:37.211170,4.215
2026-05-01T22:07:37.265011,82.63,0.4,85.25,0.4367,1000.0,0.0,4.199,80.6,97,0,60.0,2026-05-01T22:08:37.264873,4.215
2026-05-01T22:07:37.317898,82.63,0.4,85.25,0.4379,1000.0,0.0,4.199,80.6,97,0,60.0,2026-05-01T22:08:37.317773,4.215
2026-05-01T22:07:38.273731,82.64,0.4,85.28,0.4392,1000.0,0.0,4.199,80.6,97,0,60.0,2026-05-01T22:08:38.273570,4.215
2026-05-01T22:07:38.326886,82.64,0.4016,85.27,0.4401,1000.0,0.0,4.199,80.6,97,0,60.0,2026-05-01T22:08:38.326755,4.215
2026-05-01T22:07:38.379773,82.64,0.4016,85.27,0.4405,1000.0,0.0,4.199,80.6,97,0,60.0,2026-05-01T22:08:38.379666,4.215
2026-05-01T22:07:39.326268,82.72,0.4033,85.32,0.4414,1000.0,0.0,4.199,80.6,97,0,60.0,2026-05-01T22:08:39.326103,4.215
2026-05-01T22:07:39.379417,82.72,0.4059,85.33,0.4434,1000.0,0.0,4.199,80.6,97,0,60.0,2026-05-01T22:08:39.379303,4.215
2026-05-01T22:07:39.432680,82.72,0.4059,85.34,0.4442,1000.0,0.0,4.199,80.6,97,0,60.0,2026-05-01T22:08:39.432540,4.215
2026-05-01T22:07:40.384790,82.75,0.4118,85.37,0.4468,1000.0,0.0,4.199,80.6,97,0,60.0,2026-05-01T22:08:40.384620,4.215
2026-05-01T22:07:40.437567,82.75,0.4118,85.38,0.4488,1000.0,0.0,4.199,80.6,97,0,60.0,2026-05-01T22:08:40.437436,4.215
2026-05-01T22:07:41.406634,82.75,0.4118,85.4,0.4507,1000.0,0.0,4.199,80.6,98,0,60.0,2026-05-01T22:08:41.406329,4.215
2026-05-01T22:07:41.460932,82.81,0.4077,85.41,0.4488,1000.0,0.0,4.199,80.6,98,0,60.0,2026-05-01T22:08:41.460791,4.215
2026-05-01T22:07:41.513869,82.81,0.4077,85.41,0.4484,1000.0,0.0,4.199,80.6,98,0,60.0,2026-05-01T22:08:41.513751,4.215
2026-05-01T22:07:42.459690,82.85,0.4077,85.45,0.4485,1000.0,0.0,4.199,80.6,98,0,60.0,2026-05-01T22:08:42.459525,4.215
2026-05-01T22:07:42.514310,82.85,0.4018,85.45,0.4444,1000.0,0.0,4.199,80.6,98,0,60.0,2026-05-01T22:08:42.514183,4.215
2026-05-01T22:07:42.567636,82.85,0.4018,85.46,0.4435,1000.0,0.0,4.199,80.6,98,0,60.0,2026-05-01T22:08:42.567501,4.215
2026-05-01T22:07:43.505834,82.9,0.4018,85.49,0.4431,1000.0,0.0,4.199,80.6,98,0,60.0,2026-05-01T22:08:43.505680,4.215
2026-05-01T22:07:43.559494,82.9,0.4025,85.5,0.4429,1000.0,0.0,4.199,80.6,98,0,60.0,2026-05-01T22:08:43.559349,4.215
2026-05-01T22:07:43.612738,82.9,0.4025,85.51,0.4428,1000.0,0.0,4.199,80.6,98,0,60.0,2026-05-01T22:08:43.612597,4.215
2026-05-01T22:07:44.566841,82.94,0.4025,85.54,0.443,1000.0,0.0,4.199,80.5,98,0,60.0,2026-05-01T22:08:44.566681,4.215
2026-05-01T22:07:44.620535,82.94,0.4077,85.55,0.4452,1000.0,0.0,4.199,80.5,98,0,60.0,2026-05-01T22:08:44.620382,4.215
2026-05-01T22:07:44.673515,82.94,0.4077,85.55,0.4461,1000.0,0.0,4.199,80.5,98,0,60.0,2026-05-01T22:08:44.673366,4.215
2026-05-01T22:07:45.622205,83.0,0.4118,85.59,0.4481,1000.0,0.0,4.199,80.5,98,0,60.0,2026-05-01T22:08:45.622033,4.215
2026-05-01T22:07:45.674456,83.0,0.4118,85.6,0.4498,1000.0,0.0,4.199,80.5,98,0,60.0,2026-05-01T22:08:45.674323,4.215
2026-05-01T22:07:46.630731,83.0,0.4118,85.64,0.4514,1000.0,0.0,4.199,80.5,98,0,60.0,2026-05-01T22:08:46.630564,4.215
2026-05-01T22:07:46.686456,83.03,0.4153,85.64,0.4521,1000.0,0.0,4.199,80.5,98,0,60.0,2026-05-01T22:08:46.686311,4.215
2026-05-01T22:07:46.740368,83.03,0.4153,85.64,0.4537,1000.0,0.0,4.199,80.5,98,0,60.0,2026-05-01T22:08:46.740234,4.215
2026-05-01T22:07:47.687122,83.04,0.4153,85.67,0.4552,1000.0,0.0,4.199,80.5,97,0,60.0,2026-05-01T22:08:47.686959,4.215
2026-05-01T22:07:47.741935,83.04,0.4109,85.66,0.4534,1000.0,0.0,4.199,80.5,97,0,60.0,2026-05-01T22:08:47.741787,4.215
2026-05-01T22:07:47.795348,83.04,0.4109,85.66,0.4527,1000.0,0.0,4.199,80.5,97,0,60.0,2026-05-01T22:08:47.795237,4.215
2026-05-01T22:07:48.748136,83.09,0.4086,85.69,0.452,1000.0,0.0,4.199,80.5,97,0,60.0,2026-05-01T22:08:48.747971,4.215
2026-05-01T22:07:48.801587,83.09,0.4151,85.7,0.4533,1000.0,0.0,4.199,80.5,97,0,60.0,2026-05-01T22:08:48.801456,4.215
2026-05-01T22:07:48.854231,83.09,0.4151,85.7,0.4542,1000.0,0.0,4.199,80.5,97,0,60.0,2026-05-01T22:08:48.854091,4.215
2026-05-01T22:07:49.804963,83.12,0.4151,85.73,0.4545,1000.0,0.0,4.199,80.5,98,0,60.0,2026-05-01T22:08:49.804777,4.215
2026-05-01T22:07:49.859302,83.12,0.4151,85.73,0.4551,1000.0,0.0,4.199,80.5,98,0,60.0,2026-05-01T22:08:49.859165,4.215
2026-05-01T22:07:49.914917,83.12,0.4151,85.74,0.4555,1000.0,0.0,4.199,80.5,98,0,60.0,2026-05-01T22:08:49.914763,4.215
2026-05-01T22:07:50.864740,83.15,0.4099,85.77,0.4536,1000.0,0.0,4.199,80.5,98,0,60.0,2026-05-01T22:08:50.864566,4.215
2026-05-01T22:07:50.921705,83.15,0.4099,85.77,0.4525,1000.0,0.0,4.199,80.5,98,0,60.0,2026-05-01T22:08:50.921557,4.215
2026-05-01T22:07:51.874451,83.15,0.4099,85.8,0.4523,1000.0,0.0,4.199,80.5,98,0,60.0,2026-05-01T22:08:51.874293,4.215
2026-05-01T22:07:51.929818,83.17,0.4068,85.79,0.4498,1000.0,0.0,4.199,80.5,98,0,60.0,2026-05-01T22:08:51.929665,4.215
2026-05-01T22:07:51.982982,83.17,0.4068,85.79,0.449,1000.0,0.0,4.199,80.5,98,0,60.0,2026-05-01T22:08:51.982828,4.215
2026-05-01T22:07:52.946206,83.23,0.4068,85.82,0.4488,1000.0,0.0,4.199,80.4,98,0,60.0,2026-05-01T22:08:52.946006,4.215
2026-05-01T22:07:53.202979,83.23,0.4118,85.84,0.45,1000.0,0.0,4.199,80.4,98,0,60.0,2026-05-01T22:08:53.192944,4.215
2026-05-01T22:07:53.265879,83.23,0.4118,85.85,0.4512,1000.0,0.0,4.199,80.4,98,0,60.0,2026-05-01T22:08:53.265732,4.215
2026-05-01T22:07:53.990801,83.29,0.4068,85.88,0.4516,1000.0,0.0,4.199,80.4,98,0,60.0,2026-05-01T22:08:53.990612,4.215
2026-05-01T22:07:54.046940,83.29,0.4118,85.89,0.4518,1000.0,0.0,4.199,80.4,98,0,60.0,2026-05-01T22:08:54.046740,4.215
2026-05-01T22:07:54.102171,83.29,0.4118,85.89,0.4522,1000.0,0.0,4.199,80.4,98,0,60.0,2026-05-01T22:08:54.102003,4.215
2026-05-01T22:07:55.122660,83.31,0.4084,85.92,0.4519,1000.0,0.0,4.199,80.4,98,0,60.0,2026-05-01T22:08:55.122451,4.215
2026-05-01T22:07:55.186112,83.31,0.4084,85.92,0.4509,1000.0,0.0,4.199,80.4,98,0,60.0,2026-05-01T22:08:55.185918,4.215
2026-05-01T22:07:55.245006,83.31,0.4084,85.92,0.4504,1000.0,0.0,4.199,80.4,98,0,60.0,2026-05-01T22:08:55.244890,4.215
2026-05-01T22:07:56.096846,83.36,0.4092,85.96,0.4496,1000.0,0.0,4.199,80.4,98,0,60.0,2026-05-01T22:08:56.096610,4.215
2026-05-01T22:07:56.153631,83.36,0.4092,85.96,0.4499,1000.0,0.0,4.199,80.4,98,0,60.0,2026-05-01T22:08:56.153456,4.215
2026-05-01T22:07:57.113933,83.36,0.4092,86.0,0.4507,1000.0,0.0,4.199,80.4,98,0,60.0,2026-05-01T22:08:57.113752,4.215
2026-05-01T22:07:57.172764,83.37,0.4158,85.99,0.4517,1000.0,0.0,4.199,80.4,98,0,60.0,2026-05-01T22:08:57.172513,4.215
2026-05-01T22:07:57.235213,83.37,0.4158,85.99,0.4537,1000.0,0.0,4.199,80.4,98,0,60.0,2026-05-01T22:08:57.235029,4.215
2026-05-01T22:07:58.169610,83.39,0.4158,86.01,0.4559,1000.0,0.0,4.199,80.4,98,0,60.0,2026-05-01T22:08:58.169458,4.215
2026-05-01T22:07:58.226647,83.39,0.416,86.01,0.4566,1000.0,0.0,4.199,80.4,98,0,60.0,2026-05-01T22:08:58.226474,4.215
2026-05-01T22:07:58.285286,83.39,0.416,86.01,0.4568,1000.0,0.0,4.199,80.4,98,0,60.0,2026-05-01T22:08:58.285148,4.215
2026-05-01T22:07:59.227999,83.44,0.4158,86.04,0.4575,1000.0,0.0,4.199,80.4,98,0,60.0,2026-05-01T22:08:59.227831,4.215
2026-05-01T22:07:59.281323,83.44,0.4118,86.05,0.4555,1000.0,0.0,4.199,80.4,98,0,60.0,2026-05-01T22:08:59.281169,4.215
2026-05-01T22:07:59.333909,83.44,0.4118,86.05,0.4547,1000.0,0.0,4.199,80.4,98,0,60.0,2026-05-01T22:08:59.333792,4.215
2026-05-01T22:08:00.281542,83.44,0.409,86.07,0.4533,1000.0,0.0,4.199,80.4,98,0,60.0,2026-05-01T22:09:00.281368,4.215
2026-05-01T22:08:00.334749,83.44,0.4109,86.06,0.4529,1000.0,0.0,4.199,80.4,98,0,60.0,2026-05-01T22:09:00.334596,4.215
2026-05-01T22:08:00.389258,83.44,0.4109,86.06,0.4527,1000.0,0.0,4.199,80.4,98,0,60.0,2026-05-01T22:09:00.389126,4.215
2026-05-01T22:08:01.337759,83.46,0.4236,86.08,0.4541,1000.0,0.0,4.199,80.4,98,0,60.0,2026-05-01T22:09:01.337587,4.215
2026-05-01T22:08:01.392538,83.46,0.4236,86.08,0.4586,1000.0,0.0,4.199,80.4,98,0,60.0,2026-05-01T22:09:01.392366,4.215
2026-05-01T22:08:02.353461,83.46,0.4236,86.11,0.4619,1000.0,0.0,4.199,80.4,98,0,60.0,2026-05-01T22:09:02.353299,4.215
2026-05-01T22:08:02.409463,83.47,0.4261,86.1,0.4642,1000.0,0.0,4.199,80.4,98,0,60.0,2026-05-01T22:09:02.409311,4.215
2026-05-01T22:08:02.471488,83.47,0.4261,86.09,0.4656,1000.0,0.0,4.199,80.4,98,0,60.0,2026-05-01T22:09:02.471185,4.215
2026-05-01T22:08:03.407764,83.53,0.4261,86.12,0.4671,1000.0,0.0,4.199,80.3,98,0,60.0,2026-05-01T22:09:03.407463,4.215
2026-05-01T22:08:03.462341,83.53,0.4261,86.13,0.4669,1000.0,0.0,4.199,80.3,98,0,60.0,2026-05-01T22:09:03.462211,4.215
2026-05-01T22:08:03.515486,83.53,0.4261,86.14,0.4672,1000.0,0.0,4.199,80.3,98,0,60.0,2026-05-01T22:09:03.515362,4.215
2026-05-01T22:08:04.465164,83.53,0.4202,86.16,0.467,1000.0,0.0,4.199,80.3,98,0,60.0,2026-05-01T22:09:04.465013,4.215
2026-05-01T22:08:04.519869,83.53,0.4279,86.16,0.4675,1000.0,0.0,4.199,80.3,98,0,60.0,2026-05-01T22:09:04.519735,4.215
2026-05-01T22:08:04.574280,83.53,0.4279,86.15,0.4683,1000.0,0.0,4.199,80.3,98,0,60.0,2026-05-01T22:09:04.574129,4.215
2026-05-01T22:08:05.531255,83.54,0.4279,86.17,0.4694,1000.0,0.0,4.199,80.3,98,0,60.0,2026-05-01T22:09:05.531093,4.215
2026-05-01T22:08:05.584746,83.54,0.4312,86.16,0.4709,1000.0,0.0,4.199,80.3,98,0,60.0,2026-05-01T22:09:05.584614,4.215
2026-05-01T22:08:05.639568,83.54,0.4312,86.16,0.4716,1000.0,0.0,4.199,80.3,98,0,60.0,2026-05-01T22:09:05.639407,4.215
2026-05-01T22:08:06.586701,83.58,0.4328,86.19,0.4725,1000.0,0.0,4.199,80.3,98,0,60.0,2026-05-01T22:09:06.586542,4.215
2026-05-01T22:08:06.640007,83.58,0.4328,86.19,0.4734,1000.0,0.0,4.199,80.3,98,0,60.0,2026-05-01T22:09:06.639866,4.215
2026-05-01T22:08:07.603340,83.58,0.4328,86.23,0.4745,1000.0,0.0,4.199,80.3,98,0,60.0,2026-05-01T22:09:07.603099,4.215
2026-05-01T22:08:07.659659,83.58,0.4312,86.21,0.4738,1000.0,0.0,4.199,80.3,98,0,60.0,2026-05-01T22:09:07.659490,4.215
2026-05-01T22:08:07.714514,83.58,0.4312,86.21,0.4735,1000.0,0.0,4.199,80.3,98,0,60.0,2026-05-01T22:09:07.714345,4.215
2026-05-01T22:08:08.656447,83.6,0.4312,86.23,0.4737,1000.0,0.0,4.199,80.3,98,0,60.0,2026-05-01T22:09:08.656276,4.215
2026-05-01T22:08:08.710909,83.6,0.4243,86.22,0.4685,1000.0,0.0,4.199,80.3,98,0,60.0,2026-05-01T22:09:08.710761,4.215
2026-05-01T22:08:08.763582,83.6,0.4243,86.22,0.4677,1000.0,0.0,4.199,80.3,98,0,60.0,2026-05-01T22:09:08.763459,4.215
2026-05-01T22:08:09.716629,83.62,0.4058,86.25,0.4642,1000.0,0.0,4.199,80.3,98,0,60.0,2026-05-01T22:09:09.716470,4.215
2026-05-01T22:08:09.769579,83.62,0.4243,86.24,0.4635,1000.0,0.0,4.199,80.3,98,0,60.0,2026-05-01T22:09:09.769446,4.215
2026-05-01T22:08:09.821564,83.62,0.4243,86.24,0.4644,1000.0,0.0,4.199,80.3,98,0,60.0,2026-05-01T22:09:09.821453,4.215
2026-05-01T22:08:10.763055,83.66,0.4243,86.27,0.4658,1000.0,0.0,4.199,80.3,98,0,60.0,2026-05-01T22:09:10.762916,4.215
2026-05-01T22:08:10.815161,83.66,0.4253,86.27,0.4664,1000.0,0.0,4.199,80.3,98,0,60.0,2026-05-01T22:09:10.815041,4.215
2026-05-01T22:08:10.867068,83.66,0.4253,86.28,0.4667,1000.0,0.0,4.199,80.3,98,0,60.0,2026-05-01T22:09:10.866945,4.215
2026-05-01T22:08:11.823979,83.68,0.4337,86.3,0.4683,1000.0,0.0,4.199,80.3,98,0,60.0,2026-05-01T22:09:11.823667,4.215
2026-05-01T22:08:11.899704,83.68,0.4337,86.3,0.4713,1000.0,0.0,4.199,80.3,98,0,60.0,2026-05-01T22:09:11.899427,4.215
2026-05-01T22:08:12.842242,83.68,0.4337,86.33,0.4738,1000.0,0.0,4.199,80.3,98,0,60.0,2026-05-01T22:09:12.841953,4.215
2026-05-01T22:08:12.908480,83.74,0.4337,86.34,0.4748,1000.0,0.0,4.199,80.3,98,0,60.0,2026-05-01T22:09:12.908307,4.215
2026-05-01T22:08:12.966026,83.74,0.4337,86.34,0.4752,1000.0,0.0,4.199,80.3,98,0,60.0,2026-05-01T22:09:12.965872,4.215
2026-05-01T22:08:13.897526,83.8,0.4337,86.38,0.476,1000.0,0.0,4.199,80.3,98,0,60.0,2026-05-01T22:09:13.897314,4.215
2026-05-01T22:08:13.955302,83.8,0.4338,86.4,0.4758,1000.0,0.0,4.199,80.3,98,0,60.0,2026-05-01T22:09:13.955112,4.215
2026-05-01T22:08:14.012138,83.8,0.4338,86.4,0.4759,1000.0,0.0,4.199,80.3,98,0,60.0,2026-05-01T22:09:14.011978,4.215
2026-05-01T22:08:14.949069,83.85,0.4338,86.44,0.4764,1000.0,0.0,4.199,80.2,98,0,60.0,2026-05-01T22:09:14.948869,4.215
2026-05-01T22:08:15.009682,83.85,0.4362,86.45,0.4774,1000.0,0.0,4.199,80.2,98,0,60.0,2026-05-01T22:09:15.009510,4.215
2026-05-01T22:08:15.068023,83.85,0.4362,86.45,0.4778,1000.0,0.0,4.199,80.2,98,0,60.0,2026-05-01T22:09:15.067864,4.215
2026-05-01T22:08:16.011371,83.9,0.4253,86.49,0.4756,1000.0,0.0,4.199,80.2,98,0,60.0,2026-05-01T22:09:16.011186,4.215
2026-05-01T22:08:16.067055,83.9,0.4371,86.49,0.4773,1000.0,0.0,4.199,80.2,98,0,60.0,2026-05-01T22:09:16.066900,4.215
2026-05-01T22:08:16.124973,83.9,0.4371,86.5,0.4781,1000.0,0.0,4.199,80.2,98,0,60.0,2026-05-01T22:09:16.124808,4.215
2026-05-01T22:08:17.065992,83.96,0.4371,86.54,0.4778,1000.0,0.0,4.199,80.2,98,0,60.0,2026-05-01T22:09:17.065800,4.215
2026-05-01T22:08:17.123382,83.96,0.4371,86.55,0.4787,1000.0,0.0,4.199,80.2,98,0,60.0,2026-05-01T22:09:17.123146,4.215
2026-05-01T22:08:18.081911,83.96,0.4371,86.59,0.4796,1000.0,0.0,4.199,80.2,98,0,60.0,2026-05-01T22:09:18.081696,4.215
2026-05-01T22:08:18.144607,84.0,0.4345,86.6,0.4758,1000.0,0.0,4.199,80.2,98,0,60.0,2026-05-01T22:09:18.144376,4.215
2026-05-01T22:08:18.206858,84.0,0.4345,86.6,0.4764,1000.0,0.0,4.199,80.2,98,0,60.0,2026-05-01T22:09:18.206680,4.215
2026-05-01T22:08:19.140451,84.04,0.4345,86.63,0.4772,1000.0,0.0,4.199,80.2,98,0,60.0,2026-05-01T22:09:19.140254,4.215
2026-05-01T22:08:19.197217,84.04,0.4369,86.64,0.4768,1000.0,0.0,4.199,80.2,98,0,60.0,2026-05-01T22:09:19.197063,4.215
2026-05-01T22:08:19.254990,84.04,0.4369,86.64,0.4779,1000.0,0.0,4.199,80.2,98,0,60.0,2026-05-01T22:09:19.254773,4.215
2026-05-01T22:08:20.195317,84.09,0.4369,86.68,0.4793,1000.0,0.0,4.199,80.2,98,0,60.0,2026-05-01T22:09:20.195096,4.215
2026-05-01T22:08:20.251148,84.09,0.4369,86.69,0.4795,1000.0,0.0,4.199,80.2,98,0,60.0,2026-05-01T22:09:20.250978,4.215
2026-05-01T22:08:20.307997,84.09,0.4369,86.69,0.4796,1000.0,0.0,4.199,80.2,98,0,60.0,2026-05-01T22:09:20.307816,4.215
2026-05-01T22:08:21.252104,84.12,0.4351,86.72,0.4796,1000.0,0.0,4.199,80.1,98,0,60.0,2026-05-01T22:09:21.251927,4.215
2026-05-01T22:08:21.309685,84.12,0.4378,86.73,0.4801,1000.0,0.0,4.199,80.1,98,0,60.0,2026-05-01T22:09:21.309506,4.215
2026-05-01T22:08:21.366204,84.12,0.4378,86.73,0.4804,1000.0,0.0,4.199,80.1,98,0,60.0,2026-05-01T22:09:21.366031,4.215
2026-05-01T22:08:22.320968,84.16,0.4295,86.76,0.4786,1000.0,0.0,4.199,80.1,98,0,60.0,2026-05-01T22:09:22.320374,4.215
2026-05-01T22:08:22.384361,84.16,0.4295,86.77,0.4761,1000.0,0.0,4.199,80.1,98,0,60.0,2026-05-01T22:09:22.384217,4.215
2026-05-01T22:08:23.320085,84.16,0.4295,86.8,0.475,1000.0,0.0,4.199,80.1,98,0,60.0,2026-05-01T22:09:23.319874,4.215
2026-05-01T22:08:23.375322,84.27,0.4295,86.83,0.4735,1000.0,0.0,4.199,80.1,98,0,60.0,2026-05-01T22:09:23.375176,4.215
2026-05-01T22:08:23.427599,84.27,0.4295,86.85,0.4732,1000.0,0.0,4.199,80.1,98,0,60.0,2026-05-01T22:09:23.427484,4.215
2026-05-01T22:08:24.380932,84.28,0.4295,86.89,0.4734,1000.0,0.0,4.199,80.1,98,0,60.0,2026-05-01T22:09:24.380791,4.215
2026-05-01T22:08:24.434208,84.28,0.4369,86.88,0.4758,1000.0,0.0,4.199,80.1,98,0,60.0,2026-05-01T22:09:24.434048,4.215
2026-05-01T22:08:24.486769,84.28,0.4369,86.88,0.4774,1000.0,0.0,4.199,80.1,98,0,60.0,2026-05-01T22:09:24.486659,4.215
2026-05-01T22:08:25.435024,84.33,0.4369,86.92,0.4793,1000.0,0.0,4.199,80.1,98,0,60.0,2026-05-01T22:09:25.434868,4.215
2026-05-01T22:08:25.488414,84.33,0.4404,86.92,0.4811,1000.0,0.0,4.199,80.1,98,0,60.0,2026-05-01T22:09:25.488278,4.215
2026-05-01T22:08:25.540081,84.33,0.4404,86.93,0.482,1000.0,0.0,4.199,80.1,98,0,60.0,2026-05-01T22:09:25.539974,4.215
2026-05-01T22:08:26.492363,84.38,0.4404,86.97,0.4829,1000.0,0.0,4.199,80.1,98,0,60.0,2026-05-01T22:09:26.492205,4.215
2026-05-01T22:08:26.545449,84.38,0.4446,86.97,0.4851,1000.0,0.0,4.199,80.1,98,0,60.0,2026-05-01T22:09:26.545323,4.215
2026-05-01T22:08:26.597488,84.38,0.4446,86.98,0.4862,1000.0,0.0,4.199,80.1,98,0,60.0,2026-05-01T22:09:26.597356,4.215
2026-05-01T22:08:27.545260,84.38,0.4463,87.0,0.4878,1000.0,0.0,4.199,80.1,98,0,60.0,2026-05-01T22:09:27.545106,4.215
2026-05-01T22:08:27.597440,84.38,0.4463,86.99,0.4887,1000.0,0.0,4.199,80.1,98,0,60.0,2026-05-01T22:09:27.597331,4.215
2026-05-01T22:08:28.560616,84.38,0.4463,87.02,0.4898,1000.0,0.0,4.199,80.1,98,0,60.0,2026-05-01T22:09:28.560397,4.215
2026-05-01T22:08:28.616257,84.42,0.4463,87.02,0.4891,1000.0,0.0,4.199,80.0,98,0,60.0,2026-05-01T22:09:28.616098,4.215
2026-05-01T22:08:28.667969,84.42,0.4463,87.02,0.4895,1000.0,0.0,4.199,80.0,98,0,60.0,2026-05-01T22:09:28.667839,4.215
2026-05-01T22:08:29.619940,84.47,0.4463,87.06,0.4902,1000.0,0.0,4.199,80.0,98,0,60.0,2026-05-01T22:09:29.619775,4.215
2026-05-01T22:08:29.673925,84.47,0.4413,87.07,0.4876,1000.0,0.0,4.199,80.0,98,0,60.0,2026-05-01T22:09:29.673780,4.215
2026-05-01T22:08:29.727059,84.47,0.4413,87.07,0.4867,1000.0,0.0,4.199,80.0,98,0,60.0,2026-05-01T22:09:29.726930,4.215
2026-05-01T22:08:30.675627,84.49,0.4396,87.1,0.4858,1000.0,0.0,4.199,80.0,98,0,60.0,2026-05-01T22:09:30.675491,4.215
2026-05-01T22:08:30.730255,84.49,0.4396,87.1,0.4845,1000.0,0.0,4.199,80.0,98,0,60.0,2026-05-01T22:09:30.730082,4.215
2026-05-01T22:08:30.782192,84.49,0.4396,87.1,0.4841,1000.0,0.0,4.199,80.0,98,0,60.0,2026-05-01T22:09:30.782082,4.215
2026-05-01T22:08:31.720359,84.54,0.4371,87.13,0.4833,1000.0,0.0,4.199,80.0,98,0,60.0,2026-05-01T22:09:31.720210,4.215
2026-05-01T22:08:31.773898,84.54,0.4428,87.14,0.4848,1000.0,0.0,4.199,80.0,98,0,60.0,2026-05-01T22:09:31.773773,4.215
2026-05-01T22:08:31.826684,84.54,0.4428,87.14,0.4854,1000.0,0.0,4.199,80.0,98,0,60.0,2026-05-01T22:09:31.826547,4.215
2026-05-01T22:08:32.776476,84.55,0.443,87.17,0.4865,1000.0,0.0,4.199,80.0,98,0,60.0,2026-05-01T22:09:32.776244,4.215
2026-05-01T22:08:32.831071,84.55,0.443,87.16,0.4866,1000.0,0.0,4.199,80.0,98,0,60.0,2026-05-01T22:09:32.830914,4.215
2026-05-01T22:08:33.790920,84.55,0.443,87.19,0.4873,1000.0,0.0,4.199,80.0,98,0,60.0,2026-05-01T22:09:33.790745,4.215
2026-05-01T22:08:33.848065,84.59,0.4463,87.19,0.4878,1000.0,0.0,4.199,80.0,98,0,60.0,2026-05-01T22:09:33.847904,4.215
2026-05-01T22:08:33.901112,84.59,0.4463,87.2,0.4888,1000.0,0.0,4.199,80.0,98,0,60.0,2026-05-01T22:09:33.900939,4.215
2026-05-01T22:08:34.846829,84.66,0.4463,87.23,0.49,1000.0,0.0,4.199,80.0,98,0,60.0,2026-05-01T22:09:34.846656,4.215
2026-05-01T22:08:34.904507,84.66,0.4463,87.24,0.4902,1000.0,0.0,4.199,80.0,98,0,60.0,2026-05-01T22:09:34.904290,4.215
2026-05-01T22:08:34.979605,84.66,0.4463,87.25,0.4903,1000.0,0.0,4.199,80.0,98,0,60.0,2026-05-01T22:09:34.965946,4.215
2026-05-01T22:08:35.928911,84.73,0.4428,87.3,0.4902,1000.0,0.0,4.199,79.9,98,0,60.0,2026-05-01T22:09:35.928689,4.215
2026-05-01T22:08:36.052306,84.73,0.4455,87.31,0.4898,1000.0,0.0,4.199,79.9,98,0,60.0,2026-05-01T22:09:36.052136,4.215
2026-05-01T22:08:36.107125,84.73,0.4455,87.32,0.4898,1000.0,0.0,4.199,79.9,98,0,60.0,2026-05-01T22:09:36.106968,4.215
2026-05-01T22:08:36.958773,84.76,0.4455,87.35,0.4897,1000.0,0.0,4.199,79.9,98,0,60.0,2026-05-01T22:09:36.958491,4.215
2026-05-01T22:08:37.109965,84.76,0.4455,87.36,0.4898,1000.0,0.0,4.199,79.9,98,0,60.0,2026-05-01T22:09:37.089486,4.215
2026-05-01T22:08:37.167822,84.76,0.4455,87.36,0.4899,1000.0,0.0,4.199,79.9,98,0,60.0,2026-05-01T22:09:37.167613,4.215
2026-05-01T22:08:38.013991,84.84,0.4472,87.41,0.4904,1000.0,0.0,4.199,79.9,98,0,60.0,2026-05-01T22:09:38.013760,4.215
2026-05-01T22:08:38.069291,84.84,0.4472,87.42,0.4909,1000.0,0.0,4.199,79.9,98,0,60.0,2026-05-01T22:09:38.069128,4.215
2026-05-01T22:08:39.087506,84.84,0.4472,87.46,0.4918,1000.0,0.0,4.199,79.9,98,0,60.0,2026-05-01T22:09:39.075196,4.215
2026-05-01T22:08:39.170113,84.85,0.4523,87.46,0.4928,1000.0,0.0,4.199,79.9,98,0,60.0,2026-05-01T22:09:39.169928,4.215
2026-05-01T22:08:39.225497,84.85,0.4523,87.46,0.4943,1000.0,0.0,4.199,79.9,98,0,60.0,2026-05-01T22:09:39.225334,4.215
2026-05-01T22:08:40.086862,84.93,0.4523,87.49,0.496,1000.0,0.0,4.199,79.9,98,0,60.0,2026-05-01T22:09:40.086694,4.215
2026-05-01T22:08:40.140934,84.93,0.4523,87.51,0.4964,1000.0,0.0,4.199,79.9,98,0,60.0,2026-05-01T22:09:40.140786,4.215
2026-05-01T22:08:40.194310,84.93,0.4523,87.52,0.4966,1000.0,0.0,4.199,79.9,98,0,60.0,2026-05-01T22:09:40.194178,4.215
2026-05-01T22:08:41.144375,84.98,0.4464,87.55,0.4963,1000.0,0.0,4.199,79.9,99,0,60.0,2026-05-01T22:09:41.144136,4.215
2026-05-01T22:08:41.207907,84.98,0.4472,87.56,0.4942,1000.0,0.0,4.199,79.9,99,0,60.0,2026-05-01T22:09:41.207716,4.215
2026-05-01T22:08:41.261189,84.98,0.4472,87.57,0.4934,1000.0,0.0,4.199,79.9,99,0,60.0,2026-05-01T22:09:41.261070,4.215
2026-05-01T22:08:42.197631,85.05,0.4472,87.62,0.4928,1000.0,0.0,4.199,79.8,99,0,60.0,2026-05-01T22:09:42.197442,4.215
2026-05-01T22:08:42.253617,85.05,0.4491,87.63,0.4934,1000.0,0.0,4.199,79.8,99,0,60.0,2026-05-01T22:09:42.253458,4.215
2026-05-01T22:08:42.307227,85.05,0.4491,87.64,0.4936,1000.0,0.0,4.199,79.8,99,0,60.0,2026-05-01T22:09:42.307068,4.215
2026-05-01T22:08:43.253111,85.12,0.4523,87.69,0.4946,1000.0,0.0,4.199,79.8,98,0,60.0,2026-05-01T22:09:43.252933,4.215
2026-05-01T22:08:43.305851,85.12,0.4523,87.7,0.4957,1000.0,0.0,4.199,79.8,98,0,60.0,2026-05-01T22:09:43.305728,4.215
2026-05-01T22:08:44.278737,85.12,0.4523,87.73,0.497,1000.0,0.0,4.199,79.8,98,0,60.0,2026-05-01T22:09:44.278585,4.215
2026-05-01T22:08:44.335724,85.16,0.4421,87.74,0.4935,1000.0,0.0,4.199,79.8,98,0,60.0,2026-05-01T22:09:44.335594,4.215
2026-05-01T22:08:44.388238,85.16,0.4421,87.74,0.4911,1000.0,0.0,4.199,79.8,98,0,60.0,2026-05-01T22:09:44.388122,4.215
2026-05-01T22:08:45.326653,85.22,0.4421,87.78,0.4896,1000.0,0.0,4.199,79.8,99,0,60.0,2026-05-01T22:09:45.326461,4.215
2026-05-01T22:08:45.382726,85.22,0.4421,87.8,0.487,1000.0,0.0,4.199,79.8,99,0,60.0,2026-05-01T22:09:45.382602,4.215
2026-05-01T22:08:45.437193,85.22,0.4421,87.8,0.4871,1000.0,0.0,4.199,79.8,99,0,60.0,2026-05-01T22:09:45.437041,4.215
2026-05-01T22:08:46.391407,85.27,0.4347,87.84,0.4864,1000.0,0.0,4.199,79.8,99,0,60.0,2026-05-01T22:09:46.391239,4.215
2026-05-01T22:08:46.445655,85.27,0.4513,87.85,0.4905,1000.0,0.0,4.199,79.8,99,0,60.0,2026-05-01T22:09:46.445511,4.215
2026-05-01T22:08:46.500255,85.27,0.4513,87.86,0.4926,1000.0,0.0,4.199,79.8,99,0,60.0,2026-05-01T22:09:46.500113,4.215
2026-05-01T22:08:47.437949,85.33,0.454,87.9,0.4957,1000.0,0.0,4.199,79.7,98,0,60.0,2026-05-01T22:09:47.437776,4.215
2026-05-01T22:08:47.491489,85.33,0.454,87.91,0.4975,1000.0,0.0,4.199,79.7,98,0,60.0,2026-05-01T22:09:47.491343,4.215
2026-05-01T22:08:47.544766,85.33,0.454,87.91,0.4982,1000.0,0.0,4.199,79.7,98,0,60.0,2026-05-01T22:09:47.544640,4.215
2026-05-01T22:08:48.496765,85.36,0.4548,87.95,0.4983,1000.0,0.0,4.199,79.7,98,0,60.0,2026-05-01T22:09:48.496586,4.215
2026-05-01T22:08:48.559517,85.36,0.4548,87.95,0.4991,1000.0,0.0,4.199,79.7,98,0,60.0,2026-05-01T22:09:48.559393,4.215
2026-05-01T22:08:49.511828,85.36,0.4548,87.98,0.5002,1000.0,0.0,4.199,79.7,98,0,60.0,2026-05-01T22:09:49.511619,4.215
2026-05-01T22:08:49.569375,85.4,0.459,87.99,0.5007,1000.0,0.0,4.199,79.7,98,0,60.0,2026-05-01T22:09:49.569199,4.215
2026-05-01T22:08:49.622914,85.4,0.459,87.99,0.5023,1000.0,0.0,4.199,79.7,98,0,60.0,2026-05-01T22:09:49.622750,4.215
2026-05-01T22:08:50.566789,85.43,0.459,88.02,0.5039,1000.0,0.0,4.199,79.7,98,0,60.0,2026-05-01T22:09:50.566620,4.215
2026-05-01T22:08:50.625318,85.43,0.4617,88.02,0.505,1000.0,0.0,4.199,79.7,98,0,60.0,2026-05-01T22:09:50.625139,4.215
2026-05-01T22:08:50.679722,85.43,0.4617,88.03,0.506,1000.0,0.0,4.199,79.7,98,0,60.0,2026-05-01T22:09:50.679539,4.215
2026-05-01T22:08:51.622341,85.45,0.4573,88.05,0.5065,1000.0,0.0,4.199,79.7,98,0,60.0,2026-05-01T22:09:51.622157,4.215
2026-05-01T22:08:51.676045,85.45,0.463,88.05,0.5071,1000.0,0.0,4.199,79.7,98,0,60.0,2026-05-01T22:09:51.675898,4.215
2026-05-01T22:08:51.730828,85.45,0.463,88.05,0.5077,1000.0,0.0,4.199,79.7,98,0,60.0,2026-05-01T22:09:51.730684,4.215
2026-05-01T22:08:52.683119,85.53,0.4598,88.1,0.5083,1000.0,0.0,4.199,79.7,98,0,60.0,2026-05-01T22:09:52.682923,4.215
2026-05-01T22:08:52.736970,85.53,0.4598,88.11,0.5073,1000.0,0.0,4.199,79.7,98,0,60.0,2026-05-01T22:09:52.736825,4.215
2026-05-01T22:08:52.791231,85.53,0.4598,88.12,0.5069,1000.0,0.0,4.199,79.7,98,0,60.0,2026-05-01T22:09:52.791084,4.215
2026-05-01T22:08:53.733169,85.57,0.4582,88.16,0.5043,1000.0,0.0,4.199,79.7,99,0,60.0,2026-05-01T22:09:53.733013,4.215
2026-05-01T22:08:53.785706,85.57,0.4582,88.16,0.5042,1000.0,0.0,4.199,79.7,99,0,60.0,2026-05-01T22:09:53.785587,4.215
2026-05-01T22:08:54.753326,85.57,0.4582,88.2,0.5048,1000.0,0.0,4.199,79.7,99,0,60.0,2026-05-01T22:09:54.753082,4.215
2026-05-01T22:08:54.810227,85.6,0.4582,88.19,0.5038,1000.0,0.0,4.199,79.6,99,0,60.0,2026-05-01T22:09:54.810059,4.215
2026-05-01T22:08:54.863155,85.6,0.4582,88.19,0.504,1000.0,0.0,4.199,79.6,99,0,60.0,2026-05-01T22:09:54.863012,4.215
2026-05-01T22:08:55.808381,85.68,0.4582,88.23,0.5047,1000.0,0.0,4.199,79.6,99,0,60.0,2026-05-01T22:09:55.808205,4.215
2026-05-01T22:08:55.862869,85.68,0.4658,88.25,0.5066,1000.0,0.0,4.199,79.6,99,0,60.0,2026-05-01T22:09:55.862686,4.215
2026-05-01T22:08:55.917506,85.68,0.4658,88.26,0.5087,1000.0,0.0,4.199,79.6,99,0,60.0,2026-05-01T22:09:55.917343,4.215
2026-05-01T22:08:56.862219,85.71,0.4572,88.29,0.5095,1000.0,0.0,4.199,79.6,99,0,60.0,2026-05-01T22:09:56.862074,4.215
2026-05-01T22:08:56.919218,85.71,0.4676,88.3,0.5115,1000.0,0.0,4.199,79.6,99,0,60.0,2026-05-01T22:09:56.919072,4.215
2026-05-01T22:08:57.011131,85.71,0.4676,88.3,0.5124,1000.0,0.0,4.199,79.6,99,0,60.0,2026-05-01T22:09:56.980688,4.215
2026-05-01T22:08:57.928789,85.76,0.4674,88.34,0.5137,1000.0,0.0,4.199,79.6,99,0,60.0,2026-05-01T22:09:57.928625,4.215
2026-05-01T22:08:57.981702,85.76,0.4674,88.34,0.5138,1000.0,0.0,4.199,79.6,99,0,60.0,2026-05-01T22:09:57.981581,4.215
2026-05-01T22:08:58.034958,85.76,0.4674,88.35,0.5139,1000.0,0.0,4.199,79.6,99,0,60.0,2026-05-01T22:09:58.034812,4.215
2026-05-01T22:08:58.983451,85.8,0.4639,88.38,0.5129,1000.0,0.0,4.199,79.6,99,0,60.0,2026-05-01T22:09:58.977007,4.215
2026-05-01T22:08:59.123175,85.8,0.4639,88.39,0.5119,1000.0,0.0,4.199,79.6,99,0,60.0,2026-05-01T22:09:59.122943,4.215
2026-05-01T22:08:59.992607,85.8,0.4639,88.42,0.5118,1000.0,0.0,4.199,79.6,99,0,60.0,2026-05-01T22:09:59.992437,4.215
2026-05-01T22:09:00.115327,85.82,0.4658,88.42,0.5116,1000.0,0.0,4.199,79.6,99,0,60.0,2026-05-01T22:10:00.115148,4.215
2026-05-01T22:09:00.169200,85.82,0.4658,88.42,0.5119,1000.0,0.0,4.199,79.6,99,0,60.0,2026-05-01T22:10:00.169089,4.215
2026-05-01T22:09:01.109598,85.82,0.4658,88.44,0.5127,1000.0,0.0,4.199,79.6,99,0,60.0,2026-05-01T22:10:01.109417,4.215
2026-05-01T22:09:01.168477,85.82,0.47,88.43,0.5138,1000.0,0.0,4.199,79.6,99,0,60.0,2026-05-01T22:10:01.168303,4.215
2026-05-01T22:09:01.231611,85.82,0.47,88.42,0.5148,1000.0,0.0,4.199,79.6,99,0,60.0,2026-05-01T22:10:01.231439,4.215
2026-05-01T22:09:02.112735,85.87,0.4676,88.45,0.5158,1000.0,0.0,4.199,79.6,99,0,60.0,2026-05-01T22:10:02.112567,4.215
2026-05-01T22:09:02.165515,85.87,0.4632,88.46,0.5132,1000.0,0.0,4.199,79.6,99,0,60.0,2026-05-01T22:10:02.165363,4.215
2026-05-01T22:09:02.217628,85.87,0.4632,88.46,0.5121,1000.0,0.0,4.199,79.6,99,0,60.0,2026-05-01T22:10:02.217486,4.215
2026-05-01T22:09:03.161366,85.93,0.4563,88.5,0.5092,1000.0,0.0,4.199,79.5,99,0,60.0,2026-05-01T22:10:03.161174,4.215
2026-05-01T22:09:03.222798,85.93,0.4582,88.51,0.5075,1000.0,0.0,4.199,79.5,99,0,60.0,2026-05-01T22:10:03.222637,4.215
2026-05-01T22:09:03.275767,85.93,0.4582,88.52,0.5067,1000.0,0.0,4.199,79.5,99,0,60.0,2026-05-01T22:10:03.275639,4.215
2026-05-01T22:09:04.232251,85.97,0.4676,88.56,0.5069,1000.0,0.0,4.199,79.5,99,0,60.0,2026-05-01T22:10:04.232103,4.215
2026-05-01T22:09:04.284659,85.97,0.4676,88.56,0.51,1000.0,0.0,4.199,79.5,99,0,60.0,2026-05-01T22:10:04.284538,4.215
2026-05-01T22:09:05.233483,85.97,0.4676,88.59,0.5126,1000.0,0.0,4.199,79.5,99,0,60.0,2026-05-01T22:10:05.233302,4.215
2026-05-01T22:09:05.287739,86.05,0.4708,88.61,0.5144,1000.0,0.0,4.199,79.5,99,0,60.0,2026-05-01T22:10:05.287597,4.215
2026-05-01T22:09:05.340572,86.05,0.4708,88.62,0.5158,1000.0,0.0,4.199,79.5,99,0,60.0,2026-05-01T22:10:05.340460,4.215
2026-05-01T22:09:06.296335,86.05,0.4708,88.65,0.5173,1000.0,0.0,4.199,79.5,99,0,60.0,2026-05-01T22:10:06.296113,4.215
2026-05-01T22:09:06.361812,86.05,0.4698,88.64,0.5164,1000.0,0.0,4.199,79.5,99,0,60.0,2026-05-01T22:10:06.361641,4.215
2026-05-01T22:09:06.456962,86.05,0.4698,88.64,0.5166,1000.0,0.0,4.199,79.5,99,0,60.0,2026-05-01T22:10:06.431784,4.215
2026-05-01T22:09:07.355926,86.1,0.4649,88.67,0.5165,1000.0,0.0,4.199,79.5,99,0,60.0,2026-05-01T22:10:07.355641,4.215
2026-05-01T22:09:07.412493,86.1,0.4649,88.67,0.5145,1000.0,0.0,4.199,79.5,99,0,60.0,2026-05-01T22:10:07.412301,4.215
2026-05-01T22:09:07.469147,86.1,0.4649,88.68,0.5137,1000.0,0.0,4.199,79.5,99,0,60.0,2026-05-01T22:10:07.468966,4.215
2026-05-01T22:09:08.470551,86.11,0.4548,88.7,0.5113,1000.0,0.0,4.199,79.5,99,0,60.0,2026-05-01T22:10:08.445197,4.215
2026-05-01T22:09:08.563745,86.11,0.4599,88.7,0.5094,1000.0,0.0,4.199,79.5,99,0,60.0,2026-05-01T22:10:08.563590,4.215
2026-05-01T22:09:08.633108,86.11,0.4599,88.7,0.5086,1000.0,0.0,4.199,79.5,99,0,60.0,2026-05-01T22:10:08.632988,4.215
2026-05-01T22:09:09.468487,86.18,0.4599,88.74,0.5068,1000.0,0.0,4.199,79.5,99,0,60.0,2026-05-01T22:10:09.468305,4.215
2026-05-01T22:09:09.524981,86.18,0.4599,88.75,0.507,1000.0,0.0,4.199,79.5,99,0,60.0,2026-05-01T22:10:09.524816,4.215
2026-05-01T22:09:10.539188,86.18,0.4599,88.79,0.5077,1000.0,0.0,4.199,79.5,99,0,60.0,2026-05-01T22:10:10.527983,4.215
2026-05-01T22:09:10.675247,86.18,0.4716,88.77,0.5115,1000.0,0.0,4.199,79.5,99,0,60.0,2026-05-01T22:10:10.650867,4.215
2026-05-01T22:09:10.782076,86.18,0.4716,88.77,0.5149,1000.0,0.0,4.199,79.5,99,0,60.0,2026-05-01T22:10:10.781888,4.215
2026-05-01T22:09:11.540088,86.28,0.4716,88.8,0.5173,1000.0,0.0,4.199,79.4,99,0,60.0,2026-05-01T22:10:11.539900,4.215
2026-05-01T22:09:11.594094,86.28,0.4725,88.83,0.5179,1000.0,0.0,4.199,79.4,99,0,60.0,2026-05-01T22:10:11.593942,4.216
2026-05-01T22:09:11.650504,86.28,0.4725,88.84,0.5187,1000.0,0.0,4.199,79.4,99,0,60.0,2026-05-01T22:10:11.650366,4.216
2026-05-01T22:09:12.587906,86.31,0.4684,88.88,0.5192,1000.0,0.0,4.199,79.4,99,0,60.0,2026-05-01T22:10:12.587710,4.216
2026-05-01T22:09:12.642100,86.31,0.4725,88.89,0.5198,1000.0,0.0,4.199,79.4,99,0,60.0,2026-05-01T22:10:12.641925,4.216
2026-05-01T22:09:12.698579,86.31,0.4725,88.89,0.5199,1000.0,0.0,4.199,79.4,99,0,60.0,2026-05-01T22:10:12.698414,4.216
2026-05-01T22:09:13.652418,86.32,0.4624,88.92,0.5182,1000.0,0.0,4.199,79.4,99,0,60.0,2026-05-01T22:10:13.652241,4.216
2026-05-01T22:09:13.709600,86.32,0.4667,88.91,0.5166,1000.0,0.0,4.199,79.4,99,0,60.0,2026-05-01T22:10:13.709426,4.216
2026-05-01T22:09:13.766888,86.32,0.4667,88.91,0.5159,1000.0,0.0,4.199,79.4,99,0,60.0,2026-05-01T22:10:13.766707,4.216
2026-05-01T22:09:14.699964,86.33,0.4774,88.93,0.5155,1000.0,0.0,4.199,79.4,99,0,60.0,2026-05-01T22:10:14.699785,4.216
2026-05-01T22:09:14.756220,86.33,0.4774,88.92,0.5194,1000.0,0.0,4.199,79.4,99,0,60.0,2026-05-01T22:10:14.755992,4.216
2026-05-01T22:09:15.727178,86.33,0.4774,88.95,0.5226,1000.0,0.0,4.199,79.4,99,0,60.0,2026-05-01T22:10:15.726962,4.216
2026-05-01T22:09:15.784865,86.4,0.4774,88.97,0.5235,1000.0,0.0,4.199,79.4,99,0,60.0,2026-05-01T22:10:15.784686,4.216
2026-05-01T22:09:15.842123,86.4,0.4774,88.98,0.5243,1000.0,0.0,4.199,79.4,99,0,60.0,2026-05-01T22:10:15.841948,4.216
2026-05-01T22:09:16.772673,86.43,0.4774,89.01,0.5253,1000.0,0.0,4.199,79.4,99,0,60.0,2026-05-01T22:10:16.772491,4.216
2026-05-01T22:09:16.829080,86.43,0.4725,89.01,0.5229,1000.0,0.0,4.199,79.4,99,0,60.0,2026-05-01T22:10:16.828923,4.216
2026-05-01T22:09:16.886201,86.43,0.4725,89.02,0.522,1000.0,0.0,4.199,79.4,99,0,60.0,2026-05-01T22:10:16.886049,4.216
2026-05-01T22:09:17.841840,86.46,0.4725,89.05,0.5216,1000.0,0.0,4.199,79.4,99,0,60.0,2026-05-01T22:10:17.841427,4.216
2026-05-01T22:09:17.940173,86.46,0.4725,89.05,0.5211,1000.0,0.0,4.199,79.4,99,0,60.0,2026-05-01T22:10:17.939878,4.216
2026-05-01T22:09:18.210545,86.46,0.4725,89.06,0.521,1000.0,0.0,4.199,79.4,99,0,60.0,2026-05-01T22:10:18.210369,4.216
2026-05-01T22:09:18.883986,86.52,0.4689,89.08,0.52,1000.0,0.0,4.199,79.3,99,0,60.0,2026-05-01T22:10:18.883728,4.216
2026-05-01T22:09:18.939426,86.52,0.4767,89.09,0.5221,1000.0,0.0,4.199,79.3,99,0,60.0,2026-05-01T22:10:18.939284,4.216
2026-05-01T22:09:18.993276,86.52,0.4767,89.09,0.523,1000.0,0.0,4.199,79.3,99,0,60.0,2026-05-01T22:10:18.993132,4.216
2026-05-01T22:09:20.009738,86.57,0.4792,89.14,0.5239,1000.0,0.0,4.199,79.3,99,0,60.0,2026-05-01T22:10:20.009572,4.216
2026-05-01T22:09:20.063966,86.57,0.4792,89.14,0.5254,1000.0,0.0,4.199,79.3,99,0,60.0,2026-05-01T22:10:20.063796,4.216
2026-05-01T22:09:20.957013,86.57,0.4792,89.17,0.5269,1000.0,0.0,4.199,79.3,99,0,60.0,2026-05-01T22:10:20.956867,4.216
2026-05-01T22:09:21.012766,86.62,0.4819,89.19,0.5279,1000.0,0.0,4.199,79.3,99,0,60.0,2026-05-01T22:10:21.012597,4.216
2026-05-01T22:09:21.153876,86.62,0.4819,89.2,0.529,1000.0,0.0,4.199,79.3,99,0,60.0,2026-05-01T22:10:21.147037,4.216
2026-05-01T22:09:22.023575,86.66,0.4819,89.23,0.5301,1000.0,0.0,4.199,79.3,99,0,60.0,2026-05-01T22:10:22.023426,4.216
2026-05-01T22:09:22.076837,86.66,0.486,89.23,0.5312,1000.0,0.0,4.199,79.3,99,0,60.0,2026-05-01T22:10:22.076700,4.216
2026-05-01T22:09:22.128618,86.66,0.486,89.24,0.5325,1000.0,0.0,4.199,79.3,99,0,60.0,2026-05-01T22:10:22.128519,4.216
2026-05-01T22:09:23.142306,86.68,0.4819,89.27,0.5333,1000.0,0.0,4.199,79.3,99,0,60.0,2026-05-01T22:10:23.142125,4.216
2026-05-01T22:09:23.197876,86.68,0.486,89.27,0.534,1000.0,0.0,4.199,79.3,99,0,60.0,2026-05-01T22:10:23.197735,4.216
2026-05-01T22:09:23.250491,86.68,0.486,89.27,0.5342,1000.0,0.0,4.199,79.3,99,0,60.0,2026-05-01T22:10:23.250349,4.216
2026-05-01T22:09:24.138346,86.71,0.4774,89.29,0.5324,1000.0,0.0,4.199,79.3,99,0,60.0,2026-05-01T22:10:24.138179,4.216
2026-05-01T22:09:24.191386,86.71,0.4835,89.29,0.5323,1000.0,0.0,4.199,79.3,99,0,60.0,2026-05-01T22:10:24.191246,4.216
2026-05-01T22:09:24.243655,86.71,0.4835,89.29,0.5323,1000.0,0.0,4.199,79.3,99,0,60.0,2026-05-01T22:10:24.243538,4.216
2026-05-01T22:09:25.183326,86.71,0.4927,89.31,0.5329,1000.0,0.0,4.199,79.3,99,0,60.0,2026-05-01T22:10:25.183209,4.216
2026-05-01T22:09:25.238900,86.71,0.4927,89.3,0.5363,1000.0,0.0,4.199,79.3,99,0,60.0,2026-05-01T22:10:25.238753,4.216
2026-05-01T22:09:26.205795,86.71,0.4927,89.33,0.5392,1000.0,0.0,4.199,79.3,99,0,60.0,2026-05-01T22:10:26.205574,4.216
2026-05-01T22:09:26.265619,86.75,0.4953,89.33,0.5412,1000.0,0.0,4.199,79.3,99,0,60.0,2026-05-01T22:10:26.265471,4.216
2026-05-01T22:09:26.317888,86.75,0.4953,89.33,0.5423,1000.0,0.0,4.199,79.3,99,0,60.0,2026-05-01T22:10:26.317764,4.216
2026-05-01T22:09:27.252571,86.85,0.4953,89.38,0.5438,1000.0,0.0,4.199,79.2,99,0,60.0,2026-05-01T22:10:27.252398,4.216
2026-05-01T22:09:27.306898,86.85,0.4944,89.4,0.5425,1000.0,0.0,4.199,79.2,99,0,60.0,2026-05-01T22:10:27.306724,4.216
2026-05-01T22:09:27.365106,86.85,0.4944,89.42,0.5428,1000.0,0.0,4.199,79.2,99,0,60.0,2026-05-01T22:10:27.364929,4.216
2026-05-01T22:09:28.316196,86.85,0.4835,89.45,0.5418,1000.0,0.0,4.199,79.2,99,0,60.0,2026-05-01T22:10:28.316045,4.216
2026-05-01T22:09:28.369156,86.85,0.4835,89.44,0.5374,1000.0,0.0,4.199,79.2,99,0,60.0,2026-05-01T22:10:28.369034,4.216
2026-05-01T22:09:28.421349,86.85,0.4835,89.44,0.5357,1000.0,0.0,4.199,79.2,99,0,60.0,2026-05-01T22:10:28.421237,4.216
2026-05-01T22:09:29.404088,86.93,0.4828,89.49,0.534,1000.0,0.0,4.199,79.2,99,0,60.0,2026-05-01T22:10:29.403757,4.216
2026-05-01T22:09:29.481686,86.93,0.4852,89.5,0.5341,1000.0,0.0,4.199,79.2,99,0,60.0,2026-05-01T22:10:29.481450,4.216
2026-05-01T22:09:29.555940,86.93,0.4852,89.51,0.5342,1000.0,0.0,4.199,79.2,99,0,60.0,2026-05-01T22:10:29.555747,4.216
2026-05-01T22:09:30.625832,87.0,0.4954,89.56,0.5358,1000.0,0.0,4.199,79.2,99,0,60.0,2026-05-01T22:10:30.625557,4.216
2026-05-01T22:09:30.729796,87.0,0.4954,89.57,0.5399,1000.0,0.0,4.199,79.2,99,0,60.0,2026-05-01T22:10:30.729387,4.216
2026-05-01T22:09:31.505607,87.0,0.4954,89.6,0.5426,1000.0,0.0,4.199,79.2,99,0,60.0,2026-05-01T22:10:31.505163,4.216
2026-05-01T22:09:31.618062,87.02,0.4919,89.6,0.5427,1000.0,0.0,4.199,79.2,99,0,60.0,2026-05-01T22:10:31.617734,4.216
2026-05-01T22:09:31.745303,87.02,0.4919,89.6,0.5421,1000.0,0.0,4.199,79.2,99,0,60.0,2026-05-01T22:10:31.743964,4.216
2026-05-01T22:09:32.595941,87.03,0.4919,89.63,0.5422,1000.0,0.0,4.199,79.2,99,0,60.0,2026-05-01T22:10:32.579076,4.216
2026-05-01T22:09:33.027597,87.03,0.4919,89.63,0.5405,1000.0,0.0,4.199,79.2,99,0,60.0,2026-05-01T22:10:33.010531,4.216
2026-05-01T22:09:33.130155,87.03,0.4919,89.62,0.5409,1000.0,0.0,4.199,79.2,99,0,60.0,2026-05-01T22:10:33.129891,4.216
2026-05-01T22:09:33.558170,87.06,0.4851,89.63,0.5404,1000.0,0.0,4.199,79.2,99,0,60.0,2026-05-01T22:10:33.558009,4.216
2026-05-01T22:09:33.612362,87.06,0.4877,89.64,0.5392,1000.0,0.0,4.199,79.2,99,0,60.0,2026-05-01T22:10:33.612207,4.216
2026-05-01T22:09:33.683071,87.06,0.4877,89.64,0.5386,1000.0,0.0,4.199,79.2,99,0,60.0,2026-05-01T22:10:33.682902,4.216
2026-05-01T22:09:34.616742,87.08,0.486,89.66,0.5376,1000.0,0.0,4.199,79.1,99,0,60.0,2026-05-01T22:10:34.616554,4.216
2026-05-01T22:09:34.694417,87.08,0.4877,89.66,0.5374,1000.0,0.0,4.199,79.1,99,0,60.0,2026-05-01T22:10:34.694189,4.216
2026-05-01T22:09:34.907421,87.08,0.4877,89.66,0.5374,1000.0,0.0,4.199,79.1,99,0,60.0,2026-05-01T22:10:34.907080,4.216
2026-05-01T22:09:35.687974,87.1,0.5003,89.68,0.5405,1000.0,0.0,4.199,79.1,99,0,60.0,2026-05-01T22:10:35.687755,4.216
2026-05-01T22:09:35.750754,87.1,0.5003,89.68,0.5443,1000.0,0.0,4.199,79.1,99,0,60.0,2026-05-01T22:10:35.750570,4.216
2026-05-01T22:09:36.699594,87.1,0.5003,89.7,0.5474,1000.0,0.0,4.199,79.1,99,0,60.0,2026-05-01T22:10:36.699225,4.216
2026-05-01T22:09:36.822166,87.14,0.5012,89.71,0.5489,1000.0,0.0,4.199,79.1,99,0,60.0,2026-05-01T22:10:36.820178,4.216
2026-05-01T22:09:36.996598,87.14,0.5012,89.71,0.5497,1000.0,0.0,4.199,79.1,99,0,60.0,2026-05-01T22:10:36.996064,4.216
2026-05-01T22:09:38.547343,87.2,0.5012,89.75,0.5508,1000.0,0.0,4.199,79.1,99,0,60.0,2026-05-01T22:10:38.547003,4.216
2026-05-01T22:09:39.515131,87.2,0.5062,89.79,0.5534,1000.0,0.0,4.199,79.1,99,0,60.0,2026-05-01T22:10:39.495161,4.216
2026-05-01T22:09:39.635171,87.2,0.5062,89.79,0.5551,1000.0,0.0,4.199,79.1,99,0,60.0,2026-05-01T22:10:39.634928,4.216
2026-05-01T22:09:39.733244,87.22,0.4987,89.79,0.5549,1000.0,0.0,4.199,79.1,99,0,60.0,2026-05-01T22:10:39.732861,4.216
2026-05-01T22:09:39.827569,87.22,0.5004,89.79,0.5532,1000.0,0.0,4.199,79.1,99,0,60.0,2026-05-01T22:10:39.827270,4.216
2026-05-01T22:09:39.892254,87.22,0.5004,89.79,0.5523,1000.0,0.0,4.199,79.1,99,0,60.0,2026-05-01T22:10:39.892022,4.216
2026-05-01T22:09:39.961316,87.25,0.5003,89.8,0.5517,1000.0,0.0,4.199,79.1,99,0,60.0,2026-05-01T22:10:39.961171,4.216
2026-05-01T22:09:40.028335,87.25,0.5004,89.81,0.5514,1000.0,0.0,4.199,79.1,99,0,60.0,2026-05-01T22:10:40.028163,4.216
2026-05-01T22:09:40.090365,87.25,0.5004,89.81,0.5511,1000.0,0.0,4.199,79.1,99,0,60.0,2026-05-01T22:10:40.090216,4.216
2026-05-01T22:09:40.913715,87.27,0.5003,89.84,0.5507,1000.0,0.0,4.199,79.1,99,0,60.0,2026-05-01T22:10:40.913562,4.216
2026-05-01T22:09:40.966796,87.27,0.5003,89.84,0.5505,1000.0,0.0,4.199,79.1,99,0,60.0,2026-05-01T22:10:40.966670,4.216
2026-05-01T22:09:41.926595,87.27,0.5003,89.88,0.5511,1000.0,0.0,4.199,79.1,98,0,60.0,2026-05-01T22:10:41.926434,4.216
2026-05-01T22:09:41.981421,87.3,0.4978,89.88,0.5493,1000.0,0.0,4.199,79.1,98,0,60.0,2026-05-01T22:10:41.981284,4.216
2026-05-01T22:09:42.034012,87.3,0.4978,89.88,0.5488,1000.0,0.0,4.199,79.1,98,0,60.0,2026-05-01T22:10:42.033892,4.216
2026-05-01T22:09:42.983357,87.33,0.4978,89.91,0.5488,1000.0,0.0,4.199,79.1,98,0,60.0,2026-05-01T22:10:42.983162,4.216
2026-05-01T22:09:43.075925,87.33,0.5022,89.91,0.5492,1000.0,0.0,4.199,79.1,98,0,60.0,2026-05-01T22:10:43.045180,4.216
2026-05-01T22:09:43.182698,87.33,0.5022,89.91,0.5505,1000.0,0.0,4.199,79.1,99,0,60.0,2026-05-01T22:10:43.182510,4.216
2026-05-01T22:09:44.049189,87.34,0.5022,89.93,0.5519,1000.0,0.0,4.199,79.1,99,0,60.0,2026-05-01T22:10:44.049022,4.216
2026-05-01T22:09:44.102184,87.34,0.5071,89.92,0.5543,1000.0,0.0,4.199,79.1,99,0,60.0,2026-05-01T22:10:44.102070,4.216
2026-05-01T22:09:44.153994,87.34,0.5071,89.92,0.5553,1000.0,0.0,4.199,79.1,99,0,60.0,2026-05-01T22:10:44.153881,4.216
2026-05-01T22:09:45.152943,87.35,0.4987,89.94,0.5546,1000.0,0.0,4.199,79.1,99,0,60.0,2026-05-01T22:10:45.152747,4.216
2026-05-01T22:09:45.207514,87.35,0.5004,89.94,0.5529,1000.0,0.0,4.199,79.1,99,0,60.0,2026-05-01T22:10:45.207353,4.216
2026-05-01T22:09:45.261399,87.35,0.5004,89.93,0.5521,1000.0,0.0,4.199,79.1,99,0,60.0,2026-05-01T22:10:45.261249,4.216
2026-05-01T22:09:46.158002,87.4,0.4995,89.97,0.551,1000.0,0.0,4.199,79.0,99,0,60.0,2026-05-01T22:10:46.157835,4.216
2026-05-01T22:09:46.211431,87.4,0.4995,89.97,0.5505,1000.0,0.0,4.199,79.0,99,0,60.0,2026-05-01T22:10:46.211309,4.216
2026-05-01T22:09:47.164678,87.4,0.4995,90.01,0.5507,1000.0,0.0,4.199,79.0,99,0,60.0,2026-05-01T22:10:47.164482,4.216
2026-05-01T22:09:47.222724,87.42,0.4995,90.0,0.5502,1000.0,0.0,4.199,79.0,99,0,60.0,2026-05-01T22:10:47.222575,4.216
2026-05-01T22:09:47.275510,87.42,0.4995,90.0,0.55,1000.0,0.0,4.199,79.0,99,0,60.0,2026-05-01T22:10:47.275365,4.216
2026-05-01T22:09:48.223024,87.48,0.4995,90.03,0.5504,1000.0,0.0,4.199,79.0,99,0,60.0,2026-05-01T22:10:48.222838,4.216
2026-05-01T22:09:48.320833,87.48,0.5012,90.04,0.5505,1000.0,0.0,4.199,79.0,99,0,60.0,2026-05-01T22:10:48.320674,4.216
2026-05-01T22:09:48.373370,87.48,0.5012,90.05,0.5509,1000.0,0.0,4.199,79.0,99,0,60.0,2026-05-01T22:10:48.373259,4.216
2026-05-01T22:09:49.278103,87.5,0.4986,90.07,0.5513,1000.0,0.0,4.199,79.0,99,0,60.0,2026-05-01T22:10:49.277926,4.216
2026-05-01T22:09:49.336985,87.5,0.5062,90.07,0.5538,1000.0,0.0,4.199,79.0,99,0,60.0,2026-05-01T22:10:49.336834,4.216
2026-05-01T22:09:49.389347,87.5,0.5062,90.07,0.5548,1000.0,0.0,4.199,79.0,99,0,60.0,2026-05-01T22:10:49.389222,4.216
2026-05-01T22:09:50.338979,87.53,0.4968,90.1,0.5537,1000.0,0.0,4.199,79.0,99,0,60.0,2026-05-01T22:10:50.338798,4.216
2026-05-01T22:09:50.392544,87.53,0.5063,90.1,0.555,1000.0,0.0,4.199,79.0,99,0,60.0,2026-05-01T22:10:50.392411,4.216
2026-05-01T22:09:50.454044,87.53,0.5063,90.1,0.5556,1000.0,0.0,4.199,79.0,99,0,60.0,2026-05-01T22:10:50.453892,4.216
2026-05-01T22:09:51.398038,87.59,0.5096,90.14,0.5564,1000.0,0.0,4.199,79.0,99,0,60.0,2026-05-01T22:10:51.397867,4.216
2026-05-01T22:09:51.450437,87.59,0.5096,90.15,0.558,1000.0,0.0,4.199,79.0,99,0,60.0,2026-05-01T22:10:51.450335,4.216
2026-05-01T22:09:52.423250,87.59,0.5096,90.19,0.5596,1000.0,0.0,4.199,79.0,99,0,60.0,2026-05-01T22:10:52.422986,4.216
2026-05-01T22:09:52.478710,87.6,0.5147,90.18,0.5611,1000.0,0.0,4.199,79.0,99,0,60.0,2026-05-01T22:10:52.478582,4.216
2026-05-01T22:09:52.530186,87.6,0.5147,90.18,0.5628,1000.0,0.0,4.199,79.0,99,0,60.0,2026-05-01T22:10:52.530080,4.216
2026-05-01T22:09:53.477042,87.69,0.5147,90.22,0.5647,1000.0,0.0,4.199,78.9,99,0,60.0,2026-05-01T22:10:53.476875,4.216
2026-05-01T22:09:53.530706,87.69,0.5166,90.24,0.5652,1000.0,0.0,4.199,78.9,99,0,60.0,2026-05-01T22:10:53.530573,4.216
2026-05-01T22:09:53.583135,87.69,0.5166,90.25,0.5661,1000.0,0.0,4.199,78.9,99,0,60.0,2026-05-01T22:10:53.583032,4.216
2026-05-01T22:09:54.533529,87.71,0.5166,90.28,0.5673,1000.0,0.0,4.199,78.9,99,0,60.0,2026-05-01T22:10:54.533367,4.216
2026-05-01T22:09:54.586333,87.71,0.5112,90.28,0.5642,1000.0,0.0,4.199,78.9,99,0,60.0,2026-05-01T22:10:54.586208,4.216
2026-05-01T22:09:54.638518,87.71,0.5112,90.28,0.5635,1000.0,0.0,4.199,78.9,99,0,60.0,2026-05-01T22:10:54.638409,4.216
2026-05-01T22:09:55.586650,87.72,0.5029,90.31,0.5608,1000.0,0.0,4.199,78.9,99,0,60.0,2026-05-01T22:10:55.586374,4.216
2026-05-01T22:09:55.639639,87.72,0.5071,90.3,0.5596,1000.0,0.0,4.199,78.9,99,0,60.0,2026-05-01T22:10:55.639511,4.216
2026-05-01T22:09:55.692804,87.72,0.5071,90.3,0.5591,1000.0,0.0,4.199,78.9,99,0,60.0,2026-05-01T22:10:55.692635,4.216
2026-05-01T22:09:56.640379,87.79,0.5089,90.35,0.5591,1000.0,0.0,4.199,78.9,99,0,60.0,2026-05-01T22:10:56.640217,4.216
2026-05-01T22:09:56.692502,87.79,0.5089,90.35,0.5594,1000.0,0.0,4.199,78.9,99,0,60.0,2026-05-01T22:10:56.692359,4.216
2026-05-01T22:09:57.657309,87.79,0.5089,90.39,0.5603,1000.0,0.0,4.199,78.9,98,0,60.0,2026-05-01T22:10:57.657051,4.216
2026-05-01T22:09:57.712650,87.84,0.5138,90.4,0.5613,1000.0,0.0,4.199,78.9,98,0,60.0,2026-05-01T22:10:57.712492,4.216
2026-05-01T22:09:57.764755,87.84,0.5138,90.41,0.5628,1000.0,0.0,4.199,78.9,98,0,60.0,2026-05-01T22:10:57.764639,4.216
2026-05-01T22:09:58.710690,87.86,0.5138,90.44,0.5645,1000.0,0.0,4.199,78.9,98,0,60.0,2026-05-01T22:10:58.710539,4.216
2026-05-01T22:09:58.765141,87.86,0.5223,90.44,0.5669,1000.0,0.0,4.199,78.9,98,0,60.0,2026-05-01T22:10:58.764989,4.216
2026-05-01T22:09:58.817332,87.86,0.5223,90.44,0.5694,1000.0,0.0,4.199,78.9,98,0,60.0,2026-05-01T22:10:58.817216,4.216
2026-05-01T22:09:59.762257,87.93,0.5223,90.48,0.5722,1000.0,0.0,4.199,78.9,98,0,60.0,2026-05-01T22:10:59.762089,4.216
2026-05-01T22:09:59.815221,87.93,0.5223,90.49,0.5729,1000.0,0.0,4.199,78.9,98,0,60.0,2026-05-01T22:10:59.815097,4.216
2026-05-01T22:09:59.867405,87.93,0.5223,90.49,0.5732,1000.0,0.0,4.199,78.9,98,0,60.0,2026-05-01T22:10:59.867297,4.216
2026-05-01T22:10:00.822437,87.99,0.5181,90.54,0.573,1000.0,0.0,4.199,78.8,98,0,60.0,2026-05-01T22:11:00.822270,4.216
2026-05-01T22:10:00.876304,87.99,0.5197,90.55,0.5724,1000.0,0.0,4.199,78.8,98,0,60.0,2026-05-01T22:11:00.875039,4.216
2026-05-01T22:10:00.931626,87.99,0.5197,90.55,0.572,1000.0,0.0,4.199,78.8,98,0,60.0,2026-05-01T22:11:00.931455,4.216
2026-05-01T22:10:01.872730,88.0,0.5247,90.58,0.5721,1000.0,0.0,4.199,78.8,98,0,60.0,2026-05-01T22:11:01.872587,4.216
2026-05-01T22:10:01.925816,88.0,0.5247,90.58,0.5738,1000.0,0.0,4.199,78.8,98,0,60.0,2026-05-01T22:11:01.925669,4.216
2026-05-01T22:10:02.905717,88.0,0.5247,90.6,0.5756,1000.0,0.0,4.199,78.8,98,0,60.0,2026-05-01T22:11:02.905550,4.216
2026-05-01T22:10:02.960801,88.04,0.524,90.61,0.5758,1000.0,0.0,4.199,78.8,98,0,60.0,2026-05-01T22:11:02.960658,4.216
2026-05-01T22:10:03.015122,88.04,0.524,90.61,0.5758,1000.0,0.0,4.199,78.8,98,0,60.0,2026-05-01T22:11:03.014782,4.216
2026-05-01T22:10:03.955186,88.09,0.524,90.64,0.5763,1000.0,0.0,4.199,78.8,99,0,60.0,2026-05-01T22:11:03.955006,4.216
2026-05-01T22:10:04.009598,88.09,0.5179,90.65,0.5735,1000.0,0.0,4.199,78.8,99,0,60.0,2026-05-01T22:11:04.009469,4.216
2026-05-01T22:10:04.062306,88.09,0.5179,90.66,0.5722,1000.0,0.0,4.199,78.8,99,0,60.0,2026-05-01T22:11:04.062180,4.216
2026-05-01T22:10:05.002631,88.18,0.5164,90.71,0.5711,1000.0,0.0,4.199,78.8,99,0,60.0,2026-05-01T22:11:05.002452,4.216
2026-05-01T22:10:05.146644,88.18,0.5179,90.72,0.5705,1000.0,0.0,4.199,78.8,99,0,60.0,2026-05-01T22:11:05.140196,4.216
2026-05-01T22:10:05.213107,88.18,0.5179,90.73,0.5703,1000.0,0.0,4.199,78.8,98,0,60.0,2026-05-01T22:11:05.212257,4.216
2026-05-01T22:10:06.069867,88.24,0.5046,90.78,0.5686,1000.0,0.0,4.199,78.8,98,0,60.0,2026-05-01T22:11:06.069684,4.216
2026-05-01T22:10:06.123110,88.24,0.5166,90.79,0.5686,1000.0,0.0,4.199,78.8,98,0,60.0,2026-05-01T22:11:06.122976,4.216
2026-05-01T22:10:06.175363,88.24,0.5166,90.8,0.5688,1000.0,0.0,4.199,78.8,98,0,60.0,2026-05-01T22:11:06.175226,4.216
2026-05-01T22:10:07.165315,88.26,0.5166,90.83,0.5661,1000.0,0.0,4.199,78.8,98,0,60.0,2026-05-01T22:11:07.165140,4.216
2026-05-01T22:10:07.221983,88.26,0.5166,90.83,0.5672,1000.0,0.0,4.199,78.8,98,0,60.0,2026-05-01T22:11:07.221851,4.216
2026-05-01T22:10:08.145596,88.26,0.5166,90.86,0.5685,1000.0,0.0,4.199,78.8,98,0,60.0,2026-05-01T22:11:08.145239,4.216
2026-05-01T22:10:08.200093,88.34,0.5214,90.88,0.5703,1000.0,0.0,4.199,78.8,98,0,60.0,2026-05-01T22:11:08.199947,4.216
2026-05-01T22:10:08.252125,88.34,0.5214,90.89,0.5717,1000.0,0.0,4.199,78.7,98,0,60.0,2026-05-01T22:11:08.252012,4.216
2026-05-01T22:10:09.190562,88.38,0.5214,90.93,0.5733,1000.0,0.0,4.199,78.7,98,0,60.0,2026-05-01T22:11:09.190378,4.216
2026-05-01T22:10:09.245479,88.38,0.5214,90.93,0.5733,1000.0,0.0,4.199,78.7,98,0,60.0,2026-05-01T22:11:09.245330,4.216
2026-05-01T22:10:09.299129,88.38,0.5214,90.94,0.5735,1000.0,0.0,4.199,78.7,98,0,60.0,2026-05-01T22:11:09.298981,4.216
2026-05-01T22:10:10.256779,88.41,0.5197,90.97,0.5739,1000.0,0.0,4.199,78.7,98,0,60.0,2026-05-01T22:11:10.256473,4.216
2026-05-01T22:10:10.317038,88.41,0.5274,90.97,0.5767,1000.0,0.0,4.199,78.7,98,0,60.0,2026-05-01T22:11:10.316878,4.216
2026-05-01T22:10:10.377485,88.41,0.5274,90.97,0.5779,1000.0,0.0,4.199,78.7,98,0,60.0,2026-05-01T22:11:10.377337,4.216
2026-05-01T22:10:11.310955,88.43,0.5265,91.0,0.5793,1000.0,0.0,4.199,78.7,98,0,60.0,2026-05-01T22:11:11.310781,4.216
2026-05-01T22:10:11.366830,88.43,0.5282,90.99,0.5799,1000.0,0.0,4.199,78.7,98,0,60.0,2026-05-01T22:11:11.366654,4.216
2026-05-01T22:10:11.425240,88.43,0.5282,90.99,0.5803,1000.0,0.0,4.199,78.7,98,0,60.0,2026-05-01T22:11:11.425045,4.216
2026-05-01T22:10:12.367161,88.47,0.5282,91.03,0.5806,1000.0,0.0,4.199,78.7,98,0,60.0,2026-05-01T22:11:12.366995,4.216
2026-05-01T22:10:12.522741,88.47,0.5282,91.03,0.5808,1000.0,0.0,4.199,78.7,99,0,60.0,2026-05-01T22:11:12.522556,4.216
2026-05-01T22:10:13.381124,88.47,0.5282,91.06,0.5814,1000.0,0.0,4.199,78.7,99,0,60.0,2026-05-01T22:11:13.380886,4.216
2026-05-01T22:10:13.441899,88.54,0.5283,91.08,0.5811,1000.0,0.0,4.199,78.7,99,0,60.0,2026-05-01T22:11:13.441711,4.216
2026-05-01T22:10:13.499513,88.54,0.5283,91.09,0.5811,1000.0,0.0,4.199,78.7,99,0,60.0,2026-05-01T22:11:13.499355,4.216
2026-05-01T22:10:14.511453,88.55,0.5283,91.12,0.5816,1000.0,0.0,4.199,78.7,98,0,60.0,2026-05-01T22:11:14.511086,4.216
2026-05-01T22:10:14.570092,88.55,0.5307,91.12,0.5823,1000.0,0.0,4.199,78.7,98,0,60.0,2026-05-01T22:11:14.569907,4.216
2026-05-01T22:10:14.629371,88.55,0.5307,91.12,0.5829,1000.0,0.0,4.199,78.7,98,0,60.0,2026-05-01T22:11:14.629252,4.216
2026-05-01T22:10:15.495230,88.59,0.5301,91.15,0.5836,1000.0,0.0,4.199,78.6,98,0,60.0,2026-05-01T22:11:15.495026,4.216
2026-05-01T22:10:15.559985,88.59,0.5373,91.15,0.5861,1000.0,0.0,4.199,78.6,98,0,60.0,2026-05-01T22:11:15.559852,4.216
2026-05-01T22:10:15.615433,88.59,0.5373,91.15,0.5876,1000.0,0.0,4.199,78.6,98,0,60.0,2026-05-01T22:11:15.615236,4.216
2026-05-01T22:10:16.540102,88.61,0.5373,91.18,0.5895,1000.0,0.0,4.199,78.6,98,0,60.0,2026-05-01T22:11:16.539914,4.216
2026-05-01T22:10:16.593326,88.61,0.5373,91.18,0.5899,1000.0,0.0,4.199,78.6,98,0,60.0,2026-05-01T22:11:16.593197,4.216
2026-05-01T22:10:16.647343,88.61,0.5373,91.18,0.5901,1000.0,0.0,4.199,78.6,98,0,60.0,2026-05-01T22:11:16.647175,4.216
2026-05-01T22:10:17.600526,88.68,0.5351,91.22,0.5885,1000.0,0.0,4.199,78.6,98,0,60.0,2026-05-01T22:11:17.600335,4.216
2026-05-01T22:10:17.666729,88.68,0.5351,91.23,0.5884,1000.0,0.0,4.199,78.6,98,0,60.0,2026-05-01T22:11:17.666554,4.216
2026-05-01T22:10:18.612119,88.68,0.5351,91.27,0.589,1000.0,0.0,4.199,78.6,98,0,60.0,2026-05-01T22:11:18.611951,4.216
2026-05-01T22:10:18.668280,88.69,0.5323,91.26,0.5858,1000.0,0.0,4.199,78.6,98,0,60.0,2026-05-01T22:11:18.667952,4.216
2026-05-01T22:10:18.734642,88.69,0.5323,91.26,0.5857,1000.0,0.0,4.199,78.6,98,0,60.0,2026-05-01T22:11:18.734490,4.216
2026-05-01T22:10:19.725642,88.72,0.5323,91.29,0.5861,1000.0,0.0,4.199,78.6,98,0,60.0,2026-05-01T22:11:19.725376,4.216
2026-05-01T22:10:19.795677,88.72,0.5358,91.29,0.587,1000.0,0.0,4.199,78.6,98,0,60.0,2026-05-01T22:11:19.795450,4.216
2026-05-01T22:10:19.864502,88.72,0.5358,91.29,0.5879,1000.0,0.0,4.199,78.6,98,0,60.0,2026-05-01T22:11:19.864335,4.216
2026-05-01T22:10:20.726482,88.74,0.5323,91.31,0.5884,1000.0,0.0,4.199,78.6,98,0,60.0,2026-05-01T22:11:20.726286,4.216
2026-05-01T22:10:20.779370,88.74,0.5391,91.31,0.5899,1000.0,0.0,4.199,78.6,98,0,60.0,2026-05-01T22:11:20.779228,4.216
2026-05-01T22:10:20.831470,88.74,0.5391,91.31,0.5908,1000.0,0.0,4.199,78.6,98,0,60.0,2026-05-01T22:11:20.831342,4.216
2026-05-01T22:10:21.782800,88.79,0.5366,91.35,0.5919,1000.0,0.0,4.199,78.6,98,0,60.0,2026-05-01T22:11:21.782636,4.216
2026-05-01T22:10:21.836050,88.79,0.5391,91.35,0.5922,1000.0,0.0,4.199,78.6,98,0,60.0,2026-05-01T22:11:21.835908,4.216
2026-05-01T22:10:21.889030,88.79,0.5391,91.35,0.5923,1000.0,0.0,4.199,78.6,98,0,60.0,2026-05-01T22:11:21.888898,4.216
2026-05-01T22:10:22.847356,88.81,0.5366,91.38,0.5919,1000.0,0.0,4.199,78.6,98,0,60.0,2026-05-01T22:11:22.847193,4.216
2026-05-01T22:10:22.902734,88.81,0.5366,91.38,0.5912,1000.0,0.0,4.199,78.6,98,0,60.0,2026-05-01T22:11:22.902594,4.216
2026-05-01T22:10:23.863738,88.81,0.5366,91.41,0.5914,1000.0,0.0,4.199,78.6,99,0,60.0,2026-05-01T22:11:23.863410,4.216
2026-05-01T22:10:23.919038,88.82,0.5425,91.4,0.592,1000.0,0.0,4.199,78.6,99,0,60.0,2026-05-01T22:11:23.918871,4.216
2026-05-01T22:10:23.972143,88.82,0.5425,91.4,0.5936,1000.0,0.0,4.199,78.6,99,0,60.0,2026-05-01T22:11:23.972010,4.216
2026-05-01T22:10:24.910071,88.87,0.5425,91.42,0.5954,1000.0,0.0,4.199,78.5,99,0,60.0,2026-05-01T22:11:24.909924,4.216
2026-05-01T22:10:24.964757,88.87,0.5425,91.43,0.5951,1000.0,0.0,4.199,78.5,99,0,60.0,2026-05-01T22:11:24.964617,4.216
2026-05-01T22:10:25.032176,88.87,0.5425,91.43,0.5955,1000.0,0.0,4.199,78.5,99,0,60.0,2026-05-01T22:11:25.020062,4.216
2026-05-01T22:10:25.980781,88.93,0.5358,91.47,0.5953,1000.0,0.0,4.199,78.5,98,0,60.0,2026-05-01T22:11:25.979981,4.216
2026-05-01T22:10:26.042714,88.93,0.5358,91.48,0.5925,1000.0,0.0,4.199,78.5,98,0,60.0,2026-05-01T22:11:26.042539,4.216
2026-05-01T22:10:26.108952,88.93,0.5358,91.48,0.5915,1000.0,0.0,4.199,78.5,98,0,60.0,2026-05-01T22:11:26.108775,4.216
2026-05-01T22:10:27.033697,88.93,0.5341,91.51,0.5902,1000.0,0.0,4.199,78.5,99,0,60.0,2026-05-01T22:11:27.033430,4.216
2026-05-01T22:10:27.090685,88.93,0.5359,91.5,0.59,1000.0,0.0,4.199,78.5,99,0,60.0,2026-05-01T22:11:27.090505,4.216
2026-05-01T22:10:27.159183,88.93,0.5359,91.5,0.5899,1000.0,0.0,4.199,78.5,99,0,60.0,2026-05-01T22:11:27.158993,4.216
2026-05-01T22:10:28.087356,88.98,0.5359,91.53,0.59,1000.0,0.0,4.199,78.5,99,0,60.0,2026-05-01T22:11:28.087147,4.216
2026-05-01T22:10:28.145056,88.98,0.5359,91.54,0.5899,1000.0,0.0,4.199,78.5,99,0,60.0,2026-05-01T22:11:28.144850,4.216
2026-05-01T22:10:29.096266,88.98,0.5359,91.57,0.5905,1000.0,0.0,4.199,78.5,99,0,60.0,2026-05-01T22:11:29.096085,4.216
2026-05-01T22:10:29.153613,89.0,0.5351,91.57,0.5896,1000.0,0.0,4.199,78.5,99,0,60.0,2026-05-01T22:11:29.153411,4.216
2026-05-01T22:10:29.209715,89.0,0.5351,91.56,0.5893,1000.0,0.0,4.199,78.5,99,0,60.0,2026-05-01T22:11:29.209565,4.216
2026-05-01T22:10:30.143281,89.0,0.5351,89.0,0.5353,0.0,0.0,4.199,78.5,99,0,60.0,2026-05-01T22:11:30.143093,4.199
2026-05-01T22:10:30.199342,89.06,0.5418,89.03,0.5366,0.0,0.0,4.199,78.5,99,0,60.0,2026-05-01T22:11:30.199184,4.199
2026-05-01T22:10:30.254698,89.06,0.5418,89.04,0.5385,0.0,0.0,4.199,78.5,99,0,60.0,2026-05-01T22:11:30.254533,4.199
2026-05-01T22:10:31.205675,89.09,0.5418,89.05,0.5401,0.0,0.0,4.199,78.5,99,0,60.0,2026-05-01T22:11:31.205479,4.199
2026-05-01T22:10:31.261773,89.09,0.5425,89.07,0.5405,0.0,0.0,4.199,78.5,99,0,60.0,2026-05-01T22:11:31.261624,4.199
2026-05-01T22:10:31.316380,89.09,0.5425,89.08,0.5413,0.0,0.0,4.199,78.5,99,0,60.0,2026-05-01T22:11:31.316230,4.199
2026-05-01T22:10:32.271947,89.15,0.5418,89.1,0.5418,0.0,0.0,4.199,78.5,99,0,60.0,2026-05-01T22:11:32.271595,4.199
2026-05-01T22:10:32.331923,89.15,0.5499,89.12,0.5451,0.0,0.0,4.199,78.5,99,0,60.0,2026-05-01T22:11:32.331748,4.199
2026-05-01T22:10:32.390185,89.15,0.5499,89.13,0.5468,0.0,0.0,4.199,78.5,99,0,60.0,2026-05-01T22:11:32.389451,4.199
2026-05-01T22:10:33.316381,89.21,0.5499,89.17,0.5478,0.0,0.0,4.199,78.5,99,0,60.0,2026-05-01T22:11:33.316220,4.199
2026-05-01T22:10:33.369288,89.21,0.5499,89.19,0.5487,0.0,0.0,4.199,78.5,99,0,60.0,2026-05-01T22:11:33.369157,4.199
2026-05-01T22:10:33.422004,89.21,0.5499,89.19,0.5491,0.0,0.0,4.199,78.5,99,0,60.0,2026-05-01T22:11:33.421870,4.199
2026-05-01T22:10:34.368159,89.25,0.5494,89.22,0.5494,0.0,0.0,4.199,78.5,99,0,60.0,2026-05-01T22:11:34.367986,4.199
2026-05-01T22:10:34.420948,89.25,0.5494,89.23,0.5494,0.0,0.0,4.199,78.5,99,0,60.0,2026-05-01T22:11:34.420819,4.199
2026-05-01T22:10:35.393412,89.25,0.5494,89.24,0.5494,0.0,0.0,4.199,78.5,99,0,60.0,2026-05-01T22:11:35.393144,4.199
2026-05-01T22:10:35.448208,89.31,0.5449,89.27,0.5478,0.0,0.0,4.199,78.5,99,0,60.0,2026-05-01T22:11:35.448049,4.199
2026-05-01T22:10:35.505020,89.31,0.5449,89.29,0.5467,0.0,0.0,4.199,78.5,99,0,60.0,2026-05-01T22:11:35.504856,4.199
2026-05-01T22:10:36.437072,89.36,0.5449,89.3,0.5458,0.0,0.0,4.199,78.5,99,0,60.0,2026-05-01T22:11:36.436905,4.199
2026-05-01T22:10:36.491140,89.36,0.5449,89.33,0.5451,0.0,0.0,4.199,78.5,99,0,60.0,2026-05-01T22:11:36.490972,4.199
2026-05-01T22:10:36.544080,89.36,0.5449,89.34,0.545,0.0,0.0,4.199,78.5,99,0,60.0,2026-05-01T22:11:36.543942,4.199
2026-05-01T22:10:37.502215,89.39,0.5449,89.36,0.545,0.0,0.0,4.199,78.5,99,0,60.0,2026-05-01T22:11:37.502036,4.199
2026-05-01T22:10:37.555448,89.39,0.5535,89.37,0.5487,0.0,0.0,4.199,78.5,99,0,60.0,2026-05-01T22:11:37.555319,4.199
2026-05-01T22:10:37.607624,89.39,0.5535,89.38,0.5503,0.0,0.0,4.199,78.5,99,0,60.0,2026-05-01T22:11:37.607482,4.199
2026-05-01T22:10:38.548780,89.42,0.5535,89.39,0.5518,0.0,0.0,4.199,78.5,99,0,60.0,2026-05-01T22:11:38.548609,4.199
2026-05-01T22:10:38.601561,89.42,0.5586,89.4,0.5547,0.0,0.0,4.199,78.5,99,0,60.0,2026-05-01T22:11:38.601434,4.199
2026-05-01T22:10:38.712643,89.42,0.5586,89.41,0.556,0.0,0.0,4.199,78.5,99,0,60.0,2026-05-01T22:11:38.712406,4.199
2026-05-01T22:10:39.605383,89.44,0.5553,89.42,0.556,0.0,0.0,4.199,78.5,99,0,60.0,2026-05-01T22:11:39.605206,4.199
2026-05-01T22:10:39.657573,89.44,0.5553,89.43,0.5557,0.0,0.0,4.199,78.5,99,0,60.0,2026-05-01T22:11:39.657447,4.199
2026-05-01T22:10:40.623998,89.44,0.5553,89.43,0.5555,0.0,0.0,4.199,78.5,99,0,60.0,2026-05-01T22:11:40.623805,4.199
2026-05-01T22:10:40.680258,89.47,0.5543,89.45,0.555,0.0,0.0,4.199,78.5,99,0,60.0,2026-05-01T22:11:40.680116,4.199
2026-05-01T22:10:40.733809,89.47,0.5543,89.46,0.5547,0.0,0.0,4.199,78.5,99,0,60.0,2026-05-01T22:11:40.733643,4.199
2026-05-01T22:10:41.686495,89.48,0.5543,89.46,0.5545,0.0,0.0,4.199,78.5,99,0,60.0,2026-05-01T22:11:41.686334,4.199
2026-05-01T22:10:41.741228,89.48,0.5527,89.47,0.5538,0.0,0.0,4.199,78.5,99,0,60.0,2026-05-01T22:11:41.741111,4.199
2026-05-01T22:10:41.795236,89.48,0.5527,89.47,0.5534,0.0,0.0,4.199,78.5,99,0,60.0,2026-05-01T22:11:41.795092,4.199
2026-05-01T22:10:42.744093,89.5,0.5517,89.48,0.5528,0.0,0.0,4.199,78.5,99,0,60.0,2026-05-01T22:11:42.743929,4.199
2026-05-01T22:10:42.798112,89.5,0.5517,89.49,0.5523,0.0,0.0,4.199,78.5,99,0,60.0,2026-05-01T22:11:42.797967,4.199
2026-05-01T22:10:42.850679,89.5,0.5517,89.49,0.5521,0.0,0.0,4.199,78.5,99,0,60.0,2026-05-01T22:11:42.850550,4.199
2026-05-01T22:10:43.800552,89.51,0.5425,89.5,0.5505,0.0,0.0,4.199,78.5,99,0,60.0,2026-05-01T22:11:43.800384,4.199
2026-05-01T22:10:43.853599,89.51,0.5508,89.5,0.5506,0.0,0.0,4.199,78.5,99,0,60.0,2026-05-01T22:11:43.853470,4.199
2026-05-01T22:10:43.907516,89.51,0.5508,89.51,0.5507,0.0,0.0,4.199,78.5,99,0,60.0,2026-05-01T22:11:43.907381,4.199
2026-05-01T22:10:44.907778,89.52,0.5526,89.51,0.549,0.0,0.0,4.199,78.5,99,0,60.0,2026-05-01T22:11:44.906502,4.199
2026-05-01T22:10:44.961620,89.52,0.5526,89.52,0.5505,0.0,0.0,4.199,78.5,99,0,60.0,2026-05-01T22:11:44.961493,4.199
2026-05-01T22:10:45.871292,89.52,0.5526,89.52,0.5514,0.0,0.0,4.199,78.5,99,0,60.0,2026-05-01T22:11:45.871053,4.199
2026-05-01T22:10:45.925373,89.53,0.5526,89.52,0.5517,0.0,0.0,4.199,78.5,99,0,60.0,2026-05-01T22:11:45.925233,4.199
2026-05-01T22:10:45.977709,89.53,0.5526,89.53,0.552,0.0,0.0,4.199,78.5,99,0,60.0,2026-05-01T22:11:45.977571,4.199
2026-05-01T22:10:46.917490,89.55,0.5526,89.53,0.5523,0.0,0.0,4.199,78.5,99,0,60.0,2026-05-01T22:11:46.917361,4.199
2026-05-01T22:10:46.973579,89.55,0.5494,89.54,0.5509,0.0,0.0,4.199,78.5,99,0,60.0,2026-05-01T22:11:46.972810,4.199
2026-05-01T22:10:47.028052,89.55,0.5494,89.54,0.5504,0.0,0.0,4.199,78.5,99,0,60.0,2026-05-01T22:11:47.027918,4.199
2026-05-01T22:10:47.981590,89.58,0.5494,89.56,0.5499,0.0,0.0,4.199,78.5,99,0,60.0,2026-05-01T22:11:47.981416,4.199
2026-05-01T22:10:48.034366,89.58,0.5494,89.57,0.5497,0.0,0.0,4.199,78.5,99,0,60.0,2026-05-01T22:11:48.034232,4.199
2026-05-01T22:10:48.086204,89.58,0.5494,89.57,0.5496,0.0,0.0,4.199,78.5,99,0,60.0,2026-05-01T22:11:48.086089,4.199
2026-05-01T22:10:49.035422,89.59,0.5409,89.58,0.5471,0.0,0.0,4.199,78.5,99,0,60.0,2026-05-01T22:11:49.035112,4.199
2026-05-01T22:10:49.090764,89.59,0.5611,89.58,0.5531,0.0,0.0,4.199,78.5,99,0,60.0,2026-05-01T22:11:49.090582,4.199
2026-05-01T22:10:49.146166,89.59,0.5611,89.59,0.5558,0.0,0.0,4.199,78.5,99,0,60.0,2026-05-01T22:11:49.146024,4.199
2026-05-01T22:10:50.082186,89.63,0.5544,89.61,0.5549,0.0,0.0,4.199,78.5,99,0,60.0,2026-05-01T22:11:50.082031,4.199
2026-05-01T22:10:50.134208,89.63,0.5544,89.62,0.5547,0.0,0.0,4.199,78.5,99,0,60.0,2026-05-01T22:11:50.134093,4.199
2026-05-01T22:10:51.106355,89.63,0.5544,89.62,0.5546,0.0,0.0,4.199,78.5,99,0,60.0,2026-05-01T22:11:51.106164,4.199
2026-05-01T22:10:51.162252,89.66,0.5499,89.64,0.5523,0.0,0.0,4.199,78.5,99,0,60.0,2026-05-01T22:11:51.162068,4.199
2026-05-01T22:10:51.217335,89.66,0.5499,89.65,0.5514,0.0,0.0,4.199,78.5,99,0,60.0,2026-05-01T22:11:51.217174,4.199
2026-05-01T22:10:52.165698,89.67,0.5499,89.66,0.5506,0.0,0.0,4.199,78.5,99,0,60.0,2026-05-01T22:11:52.165543,4.199
2026-05-01T22:10:52.219380,89.67,0.5467,89.67,0.5482,0.0,0.0,4.199,78.5,99,0,60.0,2026-05-01T22:11:52.219249,4.199
2026-05-01T22:10:52.271543,89.67,0.5467,89.67,0.5477,0.0,0.0,4.199,78.5,99,0,60.0,2026-05-01T22:11:52.271435,4.199
2026-05-01T22:10:53.213738,89.68,0.5467,89.67,0.5472,0.0,0.0,4.199,78.5,99,0,60.0,2026-05-01T22:11:53.213546,4.199
2026-05-01T22:10:53.267026,89.68,0.5517,89.68,0.5488,0.0,0.0,4.199,78.5,99,0,60.0,2026-05-01T22:11:53.266910,4.199
2026-05-01T22:10:53.318578,89.68,0.5517,89.68,0.5498,0.0,0.0,4.199,78.5,99,0,60.0,2026-05-01T22:11:53.318477,4.199
2026-05-01T22:10:54.275320,89.71,0.5459,89.69,0.5501,0.0,0.0,4.199,78.5,99,0,60.0,2026-05-01T22:11:54.275144,4.199
2026-05-01T22:10:54.328447,89.71,0.5459,89.7,0.5483,0.0,0.0,4.199,78.5,99,0,60.0,2026-05-01T22:11:54.328295,4.199
2026-05-01T22:10:54.381719,89.71,0.5459,89.71,0.5475,0.0,0.0,4.199,78.5,99,0,60.0,2026-05-01T22:11:54.381584,4.199
2026-05-01T22:10:55.333819,89.75,0.5449,89.73,0.5462,0.0,0.0,4.199,78.5,99,0,60.0,2026-05-01T22:11:55.333656,4.199
2026-05-01T22:10:55.385839,89.75,0.5449,89.74,0.5457,0.0,0.0,4.199,78.5,99,0,60.0,2026-05-01T22:11:55.385725,4.199
2026-05-01T22:10:56.349822,89.75,0.5449,89.75,0.5454,0.0,0.0,4.199,78.5,99,0,60.0,2026-05-01T22:11:56.349594,4.199
2026-05-01T22:10:56.403791,89.79,0.5449,89.77,0.5451,0.0,0.0,4.199,78.5,99,0,60.0,2026-05-01T22:11:56.403652,4.199
2026-05-01T22:10:56.455496,89.79,0.5449,89.77,0.5451,0.0,0.0,4.199,78.5,99,0,60.0,2026-05-01T22:11:56.455388,4.199
2026-05-01T22:10:57.403748,89.8,0.5449,89.78,0.545,0.0,0.0,4.199,78.5,99,0,60.0,2026-05-01T22:11:57.403581,4.199
2026-05-01T22:10:57.457519,89.8,0.5467,89.79,0.5452,0.0,0.0,4.199,78.5,99,0,60.0,2026-05-01T22:11:57.457384,4.199
2026-05-01T22:10:57.509739,89.8,0.5467,89.79,0.5457,0.0,0.0,4.199,78.5,99,0,60.0,2026-05-01T22:11:57.509625,4.199
2026-05-01T22:10:58.459918,89.84,0.5432,89.8,0.5457,0.0,0.0,4.199,78.5,99,0,60.0,2026-05-01T22:11:58.459776,4.199
2026-05-01T22:10:58.512218,89.84,0.5417,89.82,0.5439,0.0,0.0,4.199,78.5,99,0,60.0,2026-05-01T22:11:58.512099,4.199
2026-05-01T22:10:58.563592,89.84,0.5417,89.82,0.5431,0.0,0.0,4.199,78.5,99,0,60.0,2026-05-01T22:11:58.563487,4.199
2026-05-01T22:10:59.511332,89.87,0.5359,89.84,0.5407,0.0,0.0,4.199,78.5,99,0,60.0,2026-05-01T22:11:59.511160,4.199
2026-05-01T22:10:59.571922,89.87,0.5417,89.85,0.5411,0.0,0.0,4.199,78.5,99,0,60.0,2026-05-01T22:11:59.571757,4.199
2026-05-01T22:10:59.626833,89.87,0.5417,89.86,0.5413,0.0,0.0,4.199,78.5,99,0,60.0,2026-05-01T22:11:59.626673,4.199
2026-05-01T22:11:00.572645,89.9,0.556,89.88,0.5437,0.0,0.0,4.199,78.5,99,0,60.0,2026-05-01T22:12:00.572483,4.199
2026-05-01T22:11:00.624861,89.9,0.556,89.88,0.5487,0.0,0.0,4.199,78.5,99,0,60.0,2026-05-01T22:12:00.624736,4.199
2026-05-01T22:11:01.583542,89.9,0.556,89.89,0.5519,0.0,0.0,4.199,78.5,99,0,60.0,2026-05-01T22:12:01.583381,4.199
2026-05-01T22:11:01.638995,89.91,0.551,89.9,0.5519,0.0,0.0,4.199,78.5,99,0,60.0,2026-05-01T22:12:01.638849,4.199
2026-05-01T22:11:01.691982,89.91,0.551,89.9,0.5516,0.0,0.0,4.199,78.5,99,0,60.0,2026-05-01T22:12:01.691814,4.199
2026-05-01T22:11:02.642479,89.94,0.551,89.91,0.5513,0.0,0.0,4.199,78.5,99,0,60.0,2026-05-01T22:12:02.642298,4.199
2026-05-01T22:11:02.697760,89.94,0.5449,89.92,0.5471,0.0,0.0,4.199,78.5,99,0,60.0,2026-05-01T22:12:02.697614,4.199
2026-05-01T22:11:02.751194,89.94,0.5449,89.93,0.5463,0.0,0.0,4.199,78.5,99,0,60.0,2026-05-01T22:12:02.751059,4.199
2026-05-01T22:11:03.689156,89.97,0.54,89.94,0.5448,0.0,0.0,4.199,78.5,99,0,60.0,2026-05-01T22:12:03.688969,4.199
2026-05-01T22:11:03.747322,89.97,0.5501,89.95,0.5468,0.0,0.0,4.199,78.5,99,0,60.0,2026-05-01T22:12:03.747149,4.199
2026-05-01T22:11:03.802543,89.97,0.5501,89.96,0.5479,0.0,0.0,4.199,78.5,99,0,60.0,2026-05-01T22:12:03.802368,4.199
2026-05-01T22:11:04.756518,89.97,0.5527,89.96,0.5489,0.0,0.0,4.199,78.5,99,0,60.0,2026-05-01T22:12:04.756344,4.199
2026-05-01T22:11:04.821770,89.97,0.5553,89.97,0.5516,0.0,0.0,4.199,78.5,99,0,60.0,2026-05-01T22:12:04.821589,4.199
2026-05-01T22:11:04.883707,89.97,0.5553,89.97,0.5529,0.0,0.0,4.199,78.5,99,0,60.0,2026-05-01T22:12:04.882110,4.199
2026-05-01T22:11:05.802742,89.97,0.556,89.97,0.5544,0.0,0.0,4.199,78.5,99,0,60.0,2026-05-01T22:12:05.802565,4.199
2026-05-01T22:11:05.858691,89.97,0.556,89.97,0.5551,0.0,0.0,4.199,78.5,99,0,60.0,2026-05-01T22:12:05.858507,4.199
2026-05-01T22:11:06.816497,89.97,0.556,89.97,0.5555,0.0,0.0,4.199,78.5,99,0,60.0,2026-05-01T22:12:06.816345,4.199
2026-05-01T22:11:06.870964,90.0,0.556,89.99,0.5557,0.0,0.0,4.199,78.5,99,0,60.0,2026-05-01T22:12:06.870844,4.199
2026-05-01T22:11:06.930329,90.0,0.556,89.99,0.5558,0.0,0.0,4.199,78.5,99,0,60.0,2026-05-01T22:12:06.930143,4.199
2026-05-01T22:11:07.872799,90.02,0.556,90.0,0.5559,0.0,0.0,4.199,78.5,99,0,60.0,2026-05-01T22:12:07.872624,4.199
2026-05-01T22:11:07.927971,90.02,0.5544,90.01,0.5552,0.0,0.0,4.199,78.5,99,0,60.0,2026-05-01T22:12:07.927807,4.199
2026-05-01T22:11:07.982713,90.02,0.5544,90.01,0.5549,0.0,0.0,4.199,78.5,99,0,60.0,2026-05-01T22:12:07.982547,4.199
2026-05-01T22:11:08.927919,90.02,0.5517,90.02,0.5542,0.0,0.0,4.199,78.5,99,0,60.0,2026-05-01T22:12:08.927749,4.199
2026-05-01T22:11:08.983602,90.02,0.5552,90.02,0.5543,0.0,0.0,4.199,78.5,99,0,60.0,2026-05-01T22:12:08.982807,4.199
2026-05-01T22:11:09.040903,90.02,0.5552,90.02,0.5546,0.0,0.0,4.199,78.5,99,0,60.0,2026-05-01T22:12:09.040735,4.199
2026-05-01T22:11:09.988830,90.03,0.551,90.02,0.5539,0.0,0.0,4.199,78.5,99,0,60.0,2026-05-01T22:12:09.988606,4.199
2026-05-01T22:11:10.053400,90.03,0.551,90.03,0.5526,0.0,0.0,4.199,78.5,99,0,60.0,2026-05-01T22:12:10.053254,4.199
2026-05-01T22:11:10.116753,90.03,0.551,90.03,0.5521,0.0,0.0,4.199,78.5,99,0,60.0,2026-05-01T22:12:10.116569,4.199
2026-05-01T22:11:11.040322,90.04,0.5476,90.03,0.5495,0.0,0.0,4.199,78.5,99,0,60.0,2026-05-01T22:12:11.040156,4.199
2026-05-01T22:11:11.094007,90.04,0.5476,90.04,0.5487,0.0,0.0,4.199,78.5,99,0,60.0,2026-05-01T22:12:11.093853,4.199
2026-05-01T22:11:12.057183,90.04,0.5476,90.04,0.5483,0.0,0.0,4.199,78.5,99,0,60.0,2026-05-01T22:12:12.056998,4.199
2026-05-01T22:11:12.112212,90.04,0.5494,90.04,0.547,0.0,0.0,4.199,78.5,99,0,60.0,2026-05-01T22:12:12.112074,4.199
2026-05-01T22:11:12.166825,90.04,0.5494,90.04,0.548,0.0,0.0,4.199,78.5,99,0,60.0,2026-05-01T22:12:12.166669,4.199
2026-05-01T22:11:13.113165,90.04,0.5494,90.04,0.5487,0.0,0.0,4.199,78.5,99,0,60.0,2026-05-01T22:12:13.112992,4.199
2026-05-01T22:11:13.168290,90.04,0.5494,90.04,0.5487,0.0,0.0,4.199,78.5,99,0,60.0,2026-05-01T22:12:13.168114,4.199
2026-05-01T22:11:13.224054,90.04,0.5494,90.04,0.549,0.0,0.0,4.199,78.5,99,0,60.0,2026-05-01T22:12:13.223898,4.199
2026-05-01T22:11:14.168622,90.04,0.5459,90.04,0.5487,0.0,0.0,4.199,78.5,99,0,60.0,2026-05-01T22:12:14.168435,4.199
2026-05-01T22:11:14.221960,90.04,0.5535,90.04,0.5502,0.0,0.0,4.199,78.5,99,0,60.0,2026-05-01T22:12:14.221824,4.199
2026-05-01T22:11:14.273347,90.04,0.5535,90.04,0.5513,0.0,0.0,4.199,78.5,99,0,60.0,2026-05-01T22:12:14.273236,4.199
2026-05-01T22:11:15.241694,90.04,0.5518,90.04,0.5524,0.0,0.0,4.199,78.5,99,0,60.0,2026-05-01T22:12:15.241508,4.199
2026-05-01T22:11:15.307622,90.04,0.5518,90.04,0.5521,0.0,0.0,4.199,78.5,99,0,60.0,2026-05-01T22:12:15.307392,4.199
2026-05-01T22:11:15.368139,90.04,0.5518,90.04,0.552,0.0,0.0,4.199,78.5,99,0,60.0,2026-05-01T22:12:15.367933,4.199
2026-05-01T22:11:16.279612,90.04,0.5518,90.04,0.5479,0.0,0.0,4.199,78.5,99,0,60.0,2026-05-01T22:12:16.279453,4.199
2026-05-01T22:11:16.333133,90.04,0.5518,90.04,0.5494,0.0,0.0,4.199,78.5,99,0,60.0,2026-05-01T22:12:16.332973,4.199
2026-05-01T22:11:17.297656,90.04,0.5518,90.04,0.5505,0.0,0.0,4.199,78.5,99,0,60.0,2026-05-01T22:12:17.297490,4.199
2026-05-01T22:11:17.360748,90.04,0.5575,90.04,0.5511,0.0,0.0,4.199,78.5,99,0,60.0,2026-05-01T22:12:17.360626,4.199
2026-05-01T22:11:17.468236,90.04,0.5575,90.04,0.5536,0.0,0.0,4.199,78.5,99,0,60.0,2026-05-01T22:12:17.468073,4.199
2026-05-01T22:11:18.359797,90.04,0.5575,90.04,0.5556,0.0,0.0,4.199,78.5,99,0,60.0,2026-05-01T22:12:18.359650,4.199
2026-05-01T22:11:18.413764,90.04,0.5575,90.04,0.5559,0.0,0.0,4.199,78.5,99,0,60.0,2026-05-01T22:12:18.413608,4.199
2026-05-01T22:11:18.467284,90.04,0.5575,90.04,0.5565,0.0,0.0,4.199,78.5,99,0,60.0,2026-05-01T22:12:18.467139,4.199
2026-05-01T22:11:19.409751,90.04,0.551,90.04,0.556,0.0,0.0,4.199,78.5,99,0,60.0,2026-05-01T22:12:19.409632,4.199
2026-05-01T22:11:19.463597,90.04,0.5476,90.04,0.5522,0.0,0.0,4.199,78.5,99,0,60.0,2026-05-01T22:12:19.463446,4.199
2026-05-01T22:11:19.515908,90.04,0.5476,90.04,0.5506,0.0,0.0,4.199,78.5,99,0,60.0,2026-05-01T22:12:19.515762,4.199
2026-05-01T22:11:20.465884,90.02,0.5476,90.03,0.5489,0.0,0.0,4.199,78.5,99,0,60.0,2026-05-01T22:12:20.465736,4.199
2026-05-01T22:11:20.521322,90.02,0.5476,90.03,0.5484,0.0,0.0,4.199,78.5,99,0,60.0,2026-05-01T22:12:20.521114,4.199
2026-05-01T22:11:20.579579,90.02,0.5476,90.03,0.5481,0.0,0.0,4.199,78.5,99,0,60.0,2026-05-01T22:12:20.579390,4.199
2026-05-01T22:11:21.521037,90.02,0.5432,90.02,0.5462,0.0,0.0,4.199,78.5,99,0,60.0,2026-05-01T22:12:21.520884,4.199
2026-05-01T22:11:21.573609,90.02,0.5432,90.02,0.545,0.0,0.0,4.199,78.5,99,0,60.0,2026-05-01T22:12:21.573444,4.199
2026-05-01T22:11:22.538774,90.02,0.5432,90.02,0.5442,0.0,0.0,4.199,78.5,99,0,60.0,2026-05-01T22:12:22.538617,4.199
2026-05-01T22:11:22.593033,90.01,0.5432,90.02,0.5428,0.0,0.0,4.199,78.5,99,0,60.0,2026-05-01T22:12:22.592871,4.199
2026-05-01T22:11:22.647550,90.01,0.5432,90.01,0.5429,0.0,0.0,4.199,78.5,99,0,60.0,2026-05-01T22:12:22.647373,4.199
2026-05-01T22:11:23.597283,89.99,0.5432,90.01,0.543,0.0,0.0,4.199,78.5,99,0,60.0,2026-05-01T22:12:23.597125,4.199
2026-05-01T22:11:23.654566,89.99,0.5535,90.0,0.5471,0.0,0.0,4.199,78.5,99,0,60.0,2026-05-01T22:12:23.654428,4.199
2026-05-01T22:11:23.708957,89.99,0.5535,90.0,0.5494,0.0,0.0,4.199,78.5,99,0,60.0,2026-05-01T22:12:23.708806,4.199
2026-05-01T22:11:24.651612,89.99,0.5517,89.99,0.5514,0.0,0.0,4.199,78.5,99,0,60.0,2026-05-01T22:12:24.651445,4.199
2026-05-01T22:11:24.704596,89.99,0.551,89.99,0.5512,0.0,0.0,4.199,78.5,99,0,60.0,2026-05-01T22:12:24.704456,4.199
2026-05-01T22:11:24.756432,89.99,0.551,89.99,0.5511,0.0,0.0,4.199,78.5,99,0,60.0,2026-05-01T22:12:24.756321,4.199
2026-05-01T22:11:25.706649,89.99,0.5467,89.99,0.5502,0.0,0.0,4.199,78.5,99,0,60.0,2026-05-01T22:12:25.706454,4.199
2026-05-01T22:11:25.762385,89.99,0.5467,89.99,0.5487,0.0,0.0,4.199,78.5,99,0,60.0,2026-05-01T22:12:25.762228,4.199
2026-05-01T22:11:25.818685,89.99,0.5467,89.99,0.5481,0.0,0.0,4.199,78.5,99,0,60.0,2026-05-01T22:12:25.818528,4.199
2026-05-01T22:11:26.766722,89.96,0.5467,89.98,0.5459,0.0,0.0,4.199,78.5,99,0,60.0,2026-05-01T22:12:26.766573,4.199
2026-05-01T22:11:26.820498,89.96,0.5467,89.97,0.5462,0.0,0.0,4.199,78.5,99,0,60.0,2026-05-01T22:12:26.820348,4.199
2026-05-01T22:11:27.779648,89.96,0.5467,89.97,0.5464,0.0,0.0,4.199,78.5,99,0,60.0,2026-05-01T22:12:27.779481,4.199
2026-05-01T22:11:27.833807,89.94,0.5501,89.95,0.5471,0.0,0.0,4.199,78.5,99,0,60.0,2026-05-01T22:12:27.833654,4.199
2026-05-01T22:11:27.885779,89.94,0.5501,89.95,0.5483,0.0,0.0,4.199,78.5,99,0,60.0,2026-05-01T22:12:27.885632,4.199
2026-05-01T22:11:28.835745,89.94,0.5501,89.94,0.5492,0.0,0.0,4.199,78.5,99,0,60.0,2026-05-01T22:12:28.835570,4.199
2026-05-01T22:11:28.891632,89.94,0.5499,89.94,0.5485,0.0,0.0,4.199,78.5,99,0,60.0,2026-05-01T22:12:28.890580,4.199
2026-05-01T22:11:28.947030,89.94,0.5499,89.94,0.549,0.0,0.0,4.199,78.5,99,0,60.0,2026-05-01T22:12:28.946872,4.199
2026-05-01T22:11:29.893921,89.92,0.5392,89.93,0.5478,0.0,0.0,4.199,78.5,99,0,60.0,2026-05-01T22:12:29.893803,4.199
2026-05-01T22:11:29.957953,89.92,0.5517,89.93,0.5485,0.0,0.0,4.199,78.5,99,0,60.0,2026-05-01T22:12:29.957802,4.199
2026-05-01T22:11:30.013350,89.92,0.5517,89.92,0.5496,0.0,0.0,4.199,78.5,99,0,60.0,2026-05-01T22:12:30.013225,4.199
2026-05-01T22:11:30.947630,89.91,0.5493,89.92,0.5505,0.0,0.0,4.199,78.5,99,0,60.0,2026-05-01T22:12:30.947483,4.199
2026-05-01T22:11:31.021562,89.91,0.5517,89.91,0.551,0.0,0.0,4.199,78.5,99,0,60.0,2026-05-01T22:12:31.021421,4.199
2026-05-01T22:11:31.082829,89.91,0.5517,89.91,0.5512,0.0,0.0,4.199,78.5,99,0,60.0,2026-05-01T22:12:31.082661,4.199
2026-05-01T22:11:32.002280,89.9,0.5493,89.91,0.5493,0.0,0.0,4.199,78.5,99,0,60.0,2026-05-01T22:12:32.002090,4.199
2026-05-01T22:11:32.055272,89.9,0.5493,89.9,0.5493,0.0,0.0,4.199,78.5,99,0,60.0,2026-05-01T22:12:32.055109,4.199
2026-05-01T22:11:33.017481,89.9,0.5493,89.9,0.5493,0.0,0.0,4.199,78.5,99,0,60.0,2026-05-01T22:12:33.017318,4.199
2026-05-01T22:11:33.072038,89.9,0.544,89.9,0.5457,0.0,0.0,4.199,78.5,99,0,60.0,2026-05-01T22:12:33.071898,4.199
2026-05-01T22:11:33.124904,89.9,0.544,89.9,0.5451,0.0,0.0,4.199,78.5,99,0,60.0,2026-05-01T22:12:33.124779,4.199
2026-05-01T22:11:34.074034,89.9,0.544,89.9,0.5446,0.0,0.0,4.199,78.5,99,0,60.0,2026-05-01T22:12:34.073877,4.199
2026-05-01T22:11:34.128484,89.9,0.5442,89.9,0.5444,0.0,0.0,4.199,78.5,99,0,60.0,2026-05-01T22:12:34.128330,4.199
2026-05-01T22:11:34.181150,89.9,0.5442,89.9,0.5443,0.0,0.0,4.199,78.5,99,0,60.0,2026-05-01T22:12:34.181016,4.199
2026-05-01T22:11:35.128749,89.9,0.544,89.9,0.5442,0.0,0.0,4.199,78.5,99,0,60.0,2026-05-01T22:12:35.128595,4.199
2026-05-01T22:11:35.182270,89.9,0.5508,89.9,0.5469,0.0,0.0,4.199,78.5,99,0,60.0,2026-05-01T22:12:35.182131,4.199
2026-05-01T22:11:35.235240,89.9,0.5508,89.9,0.5482,0.0,0.0,4.199,78.5,99,0,60.0,2026-05-01T22:12:35.235064,4.199
2026-05-01T22:11:36.192603,89.87,0.5467,89.89,0.5486,0.0,0.0,4.199,78.5,99,0,60.0,2026-05-01T22:12:36.192450,4.199
2026-05-01T22:11:36.244894,89.87,0.5499,89.88,0.5492,0.0,0.0,4.199,78.5,99,0,60.0,2026-05-01T22:12:36.244766,4.199
2026-05-01T22:11:36.302970,89.87,0.5499,89.88,0.5494,0.0,0.0,4.199,78.5,99,0,60.0,2026-05-01T22:12:36.302689,4.199
2026-05-01T22:11:37.241252,89.87,0.5449,89.87,0.5484,0.0,0.0,4.199,78.5,99,0,60.0,2026-05-01T22:12:37.241085,4.199
2026-05-01T22:11:37.294258,89.87,0.5449,89.87,0.547,0.0,0.0,4.199,78.5,99,0,60.0,2026-05-01T22:12:37.294105,4.199
2026-05-01T22:11:38.269175,89.87,0.5449,89.87,0.5461,0.0,0.0,4.199,78.5,99,0,60.0,2026-05-01T22:12:38.268994,4.199
2026-05-01T22:11:38.322877,89.86,0.5417,89.86,0.5443,0.0,0.0,4.199,78.5,99,0,60.0,2026-05-01T22:12:38.322734,4.199
2026-05-01T22:11:38.374387,89.86,0.5417,89.86,0.5433,0.0,0.0,4.199,78.5,99,0,60.0,2026-05-01T22:12:38.374270,4.199
2026-05-01T22:11:39.313195,89.86,0.5417,89.86,0.5425,0.0,0.0,4.199,78.5,99,0,60.0,2026-05-01T22:12:39.313042,4.199
2026-05-01T22:11:39.366543,89.86,0.5417,89.86,0.5418,0.0,0.0,4.199,78.5,99,0,60.0,2026-05-01T22:12:39.366392,4.199
2026-05-01T22:11:39.418870,89.86,0.5417,89.86,0.5417,0.0,0.0,4.199,78.5,99,0,60.0,2026-05-01T22:12:39.418729,4.199
2026-05-01T22:11:40.367637,89.83,0.54,89.85,0.5414,0.0,0.0,4.199,78.5,99,0,60.0,2026-05-01T22:12:40.367469,4.199
2026-05-01T22:11:40.420876,89.83,0.5476,89.84,0.5438,0.0,0.0,4.199,78.5,99,0,60.0,2026-05-01T22:12:40.420731,4.199
2026-05-01T22:11:40.473327,89.83,0.5476,89.83,0.5452,0.0,0.0,4.199,78.5,99,0,60.0,2026-05-01T22:12:40.473190,4.199
2026-05-01T22:11:41.424936,89.83,0.5451,89.83,0.5462,0.0,0.0,4.199,78.5,99,0,60.0,2026-05-01T22:12:41.424743,4.199
2026-05-01T22:11:41.478017,89.83,0.5476,89.83,0.5468,0.0,0.0,4.199,78.5,99,0,60.0,2026-05-01T22:12:41.477886,4.199
2026-05-01T22:11:41.532886,89.83,0.5476,89.83,0.5471,0.0,0.0,4.199,78.5,99,0,60.0,2026-05-01T22:12:41.532732,4.199
2026-05-01T22:11:42.482000,89.82,0.5451,89.82,0.5465,0.0,0.0,4.199,78.5,99,0,60.0,2026-05-01T22:12:42.481835,4.199
2026-05-01T22:11:42.536513,89.82,0.5451,89.82,0.5459,0.0,0.0,4.199,78.5,99,0,60.0,2026-05-01T22:12:42.536350,4.199
2026-05-01T22:11:43.498428,89.82,0.5451,89.82,0.5455,0.0,0.0,4.199,78.5,99,0,60.0,2026-05-01T22:12:43.498236,4.199
2026-05-01T22:11:43.552638,89.82,0.5449,89.82,0.5452,0.0,0.0,4.199,78.5,99,0,60.0,2026-05-01T22:12:43.552483,4.199
2026-05-01T22:11:43.604975,89.82,0.5449,89.82,0.5451,0.0,0.0,4.199,78.5,99,0,60.0,2026-05-01T22:12:43.604840,4.199
2026-05-01T22:11:44.558479,89.82,0.5449,89.82,0.545,0.0,0.0,4.199,78.5,99,0,60.0,2026-05-01T22:12:44.558313,4.199
2026-05-01T22:11:44.611832,89.82,0.5409,89.82,0.542,0.0,0.0,4.199,78.5,99,0,60.0,2026-05-01T22:12:44.611688,4.199
2026-05-01T22:11:44.664090,89.82,0.5409,89.82,0.5416,0.0,0.0,4.199,78.5,99,0,60.0,2026-05-01T22:12:44.663963,4.199
2026-05-01T22:11:45.612788,89.82,0.5307,89.82,0.5396,0.0,0.0,4.199,78.5,99,0,60.0,2026-05-01T22:12:45.612622,4.199
2026-05-01T22:11:45.668648,89.82,0.5485,89.82,0.5421,0.0,0.0,4.199,78.5,99,0,60.0,2026-05-01T22:12:45.668465,4.199
2026-05-01T22:11:45.723951,89.82,0.5485,89.82,0.5443,0.0,0.0,4.199,78.5,99,0,60.0,2026-05-01T22:12:45.723784,4.199
2026-05-01T22:11:46.673120,89.82,0.5349,89.82,0.5449,0.0,0.0,4.199,78.5,99,0,60.0,2026-05-01T22:12:46.672947,4.199
2026-05-01T22:11:46.727332,89.82,0.5499,89.82,0.547,0.0,0.0,4.199,78.5,99,0,60.0,2026-05-01T22:12:46.727185,4.199
2026-05-01T22:11:46.784887,89.82,0.5499,89.82,0.548,0.0,0.0,4.199,78.5,99,0,60.0,2026-05-01T22:12:46.784726,4.199
2026-05-01T22:11:47.723287,89.8,0.5499,89.81,0.5455,0.0,0.0,4.199,78.5,99,0,60.0,2026-05-01T22:12:47.723072,4.199
2026-05-01T22:11:47.775358,89.8,0.5499,89.8,0.5473,0.0,0.0,4.199,78.5,99,0,60.0,2026-05-01T22:12:47.775220,4.199
2026-05-01T22:11:48.739743,89.8,0.5499,89.8,0.5484,0.0,0.0,4.199,78.5,99,0,60.0,2026-05-01T22:12:48.739586,4.199
2026-05-01T22:11:48.794093,89.8,0.5527,89.8,0.5501,0.0,0.0,4.199,78.5,99,0,60.0,2026-05-01T22:12:48.793941,4.199
2026-05-01T22:11:48.846022,89.8,0.5527,89.8,0.5511,0.0,0.0,4.199,78.5,99,0,60.0,2026-05-01T22:12:48.845908,4.199
2026-05-01T22:11:49.797762,89.79,0.5527,89.79,0.5519,0.0,0.0,4.199,78.5,99,0,60.0,2026-05-01T22:12:49.797586,4.199
2026-05-01T22:11:49.864943,89.79,0.5449,89.79,0.5484,0.0,0.0,4.199,78.5,99,0,60.0,2026-05-01T22:12:49.864746,4.199
2026-05-01T22:11:49.921784,89.79,0.5449,89.79,0.5471,0.0,0.0,4.199,78.5,99,0,60.0,2026-05-01T22:12:49.921618,4.199
2026-05-01T22:11:50.851118,89.77,0.5409,89.78,0.5453,0.0,0.0,4.199,78.5,99,0,60.0,2026-05-01T22:12:50.850951,4.199
2026-05-01T22:11:50.903704,89.77,0.5425,89.77,0.5439,0.0,0.0,4.199,78.5,99,0,60.0,2026-05-01T22:12:50.903557,4.199
2026-05-01T22:11:50.954748,89.77,0.5425,89.77,0.5434,0.0,0.0,4.199,78.5,99,0,60.0,2026-05-01T22:12:50.954642,4.199
2026-05-01T22:11:51.911719,89.75,0.5358,89.76,0.5417,0.0,0.0,4.199,78.5,99,0,60.0,2026-05-01T22:12:51.911509,4.199
2026-05-01T22:11:51.978132,89.75,0.5425,89.76,0.5421,0.0,0.0,4.199,78.5,99,0,60.0,2026-05-01T22:12:51.977932,4.199
2026-05-01T22:11:52.046962,89.75,0.5425,89.76,0.5422,0.0,0.0,4.199,78.5,99,0,60.0,2026-05-01T22:12:52.046541,4.199
2026-05-01T22:11:52.963019,89.75,0.5485,89.76,0.5415,0.0,0.0,4.199,78.5,99,0,60.0,2026-05-01T22:12:52.962854,4.199
2026-05-01T22:11:53.015338,89.75,0.5485,89.76,0.5443,0.0,0.0,4.199,78.5,99,0,60.0,2026-05-01T22:12:53.015180,4.199
2026-05-01T22:11:53.978788,89.75,0.5485,89.76,0.5462,0.0,0.0,4.199,78.5,99,0,60.0,2026-05-01T22:12:53.978666,4.199
2026-05-01T22:11:54.039890,89.73,0.5544,89.74,0.5488,0.0,0.0,4.199,78.5,99,0,60.0,2026-05-01T22:12:54.039738,4.199
2026-05-01T22:11:54.093132,89.73,0.5544,89.74,0.5509,0.0,0.0,4.199,78.5,99,0,60.0,2026-05-01T22:12:54.092997,4.199
2026-05-01T22:11:55.032372,89.73,0.5544,89.74,0.5527,0.0,0.0,4.199,78.5,99,0,60.0,2026-05-01T22:12:55.032218,4.199
2026-05-01T22:11:55.086544,89.73,0.5527,89.74,0.5523,0.0,0.0,4.199,78.5,99,0,60.0,2026-05-01T22:12:55.086383,4.199
2026-05-01T22:11:55.139391,89.73,0.5527,89.74,0.5524,0.0,0.0,4.199,78.5,99,0,60.0,2026-05-01T22:12:55.139243,4.199
2026-05-01T22:11:56.089619,89.72,0.5517,89.73,0.5524,0.0,0.0,4.199,78.5,99,0,60.0,2026-05-01T22:12:56.089452,4.199
2026-05-01T22:11:56.148669,89.72,0.5517,89.73,0.5521,0.0,0.0,4.199,78.5,99,0,60.0,2026-05-01T22:12:56.148426,4.199
2026-05-01T22:11:56.254873,89.72,0.5517,89.73,0.5519,0.0,0.0,4.199,78.5,99,0,60.0,2026-05-01T22:12:56.254725,4.199
2026-05-01T22:11:57.153252,89.72,0.5391,89.73,0.5483,0.0,0.0,4.199,78.5,99,0,60.0,2026-05-01T22:12:57.153105,4.199
2026-05-01T22:11:57.209332,89.72,0.5484,89.73,0.5484,0.0,0.0,4.199,78.5,99,0,60.0,2026-05-01T22:12:57.209178,4.199
2026-05-01T22:11:57.266682,89.72,0.5484,89.72,0.5484,0.0,0.0,4.199,78.5,99,0,60.0,2026-05-01T22:12:57.266540,4.199
2026-05-01T22:11:58.202930,89.71,0.5467,89.72,0.5469,0.0,0.0,4.199,78.5,99,0,60.0,2026-05-01T22:12:58.202767,4.199
2026-05-01T22:11:58.256318,89.71,0.5467,89.72,0.5468,0.0,0.0,4.199,78.5,99,0,60.0,2026-05-01T22:12:58.256171,4.199
2026-05-01T22:11:59.220771,89.71,0.5467,89.72,0.5468,0.0,0.0,4.199,78.5,99,0,60.0,2026-05-01T22:12:59.220588,4.199
2026-05-01T22:11:59.276876,89.69,0.5449,89.7,0.5456,0.0,0.0,4.199,78.5,99,0,60.0,2026-05-01T22:12:59.276719,4.199
2026-05-01T22:11:59.330762,89.69,0.5449,89.7,0.5453,0.0,0.0,4.199,78.5,99,0,60.0,2026-05-01T22:12:59.330606,4.199
2026-05-01T22:12:00.277487,89.69,0.5449,89.7,0.5451,0.0,0.0,4.199,78.5,99,0,60.0,2026-05-01T22:13:00.277324,4.199
2026-05-01T22:12:00.330710,89.69,0.5349,89.7,0.5409,0.0,0.0,4.199,78.5,99,0,60.0,2026-05-01T22:13:00.330549,4.199
2026-05-01T22:12:00.433189,89.69,0.5349,89.69,0.5386,0.0,0.0,4.199,78.5,99,0,60.0,2026-05-01T22:13:00.433038,4.199
2026-05-01T22:12:01.332217,89.68,0.5305,89.69,0.5359,0.0,0.0,4.199,78.5,99,0,60.0,2026-05-01T22:13:01.332058,4.199
2026-05-01T22:12:01.386232,89.68,0.5349,89.69,0.5351,0.0,0.0,4.199,78.5,99,0,60.0,2026-05-01T22:13:01.386083,4.199
2026-05-01T22:12:01.438893,89.68,0.5349,89.69,0.535,0.0,0.0,4.199,78.5,99,0,60.0,2026-05-01T22:13:01.438742,4.199
2026-05-01T22:12:02.388227,89.67,0.5508,89.68,0.5366,0.0,0.0,4.199,78.5,99,0,60.0,2026-05-01T22:13:02.388072,4.199
2026-05-01T22:12:02.440854,89.67,0.5535,89.68,0.5438,0.0,0.0,4.199,78.5,99,0,60.0,2026-05-01T22:13:02.440721,4.199
2026-05-01T22:12:02.494907,89.67,0.5535,89.68,0.547,0.0,0.0,4.199,78.5,99,0,60.0,2026-05-01T22:13:02.494778,4.199
2026-05-01T22:12:03.443342,89.67,0.551,89.67,0.55,0.0,0.0,4.199,78.5,99,0,60.0,2026-05-01T22:13:03.443153,4.199
2026-05-01T22:12:03.497653,89.67,0.551,89.67,0.5504,0.0,0.0,4.199,78.5,99,0,60.0,2026-05-01T22:13:03.497513,4.199
2026-05-01T22:12:04.461317,89.67,0.551,89.67,0.5506,0.0,0.0,4.199,78.5,99,0,60.0,2026-05-01T22:13:04.461171,4.199
2026-05-01T22:12:04.514766,89.67,0.5508,89.67,0.5506,0.0,0.0,4.199,78.5,99,0,60.0,2026-05-01T22:13:04.514626,4.199
2026-05-01T22:12:04.567658,89.67,0.5508,89.67,0.5507,0.0,0.0,4.199,78.5,99,0,60.0,2026-05-01T22:13:04.567511,4.199
2026-05-01T22:12:05.519977,89.66,0.5508,89.67,0.5507,0.0,0.0,4.199,78.5,99,0,60.0,2026-05-01T22:13:05.519848,4.199
2026-05-01T22:12:05.632399,89.66,0.5467,89.67,0.549,0.0,0.0,4.199,78.5,99,0,60.0,2026-05-01T22:13:05.632258,4.199
2026-05-01T22:12:05.686120,89.66,0.5467,89.67,0.5481,0.0,0.0,4.199,78.5,99,0,60.0,2026-05-01T22:13:05.686003,4.199
2026-05-01T22:12:06.573653,89.65,0.5467,89.66,0.5474,0.0,0.0,4.199,78.5,99,0,60.0,2026-05-01T22:13:06.573489,4.199
2026-05-01T22:12:06.626863,89.65,0.5467,89.66,0.547,0.0,0.0,4.199,78.5,99,0,60.0,2026-05-01T22:13:06.626726,4.199
2026-05-01T22:12:06.679048,89.65,0.5467,89.66,0.5469,0.0,0.0,4.199,78.5,99,0,60.0,2026-05-01T22:13:06.678916,4.199
2026-05-01T22:12:07.630471,89.63,0.54,89.65,0.5458,0.0,0.0,4.199,78.5,99,0,60.0,2026-05-01T22:13:07.630309,4.199
2026-05-01T22:12:07.685593,89.63,0.5418,89.64,0.5441,0.0,0.0,4.199,78.5,99,0,60.0,2026-05-01T22:13:07.685423,4.199
2026-05-01T22:12:07.742929,89.63,0.5418,89.64,0.5433,0.0,0.0,4.199,78.5,99,0,60.0,2026-05-01T22:13:07.742780,4.199
2026-05-01T22:12:08.683391,89.62,0.5418,89.63,0.542,0.0,0.0,4.199,78.5,99,0,60.0,2026-05-01T22:13:08.683225,4.199
2026-05-01T22:12:08.735967,89.62,0.5418,89.63,0.5419,0.0,0.0,4.199,78.5,99,0,60.0,2026-05-01T22:13:08.735812,4.199
2026-05-01T22:12:09.703310,89.62,0.5418,89.63,0.5419,0.0,0.0,4.199,78.5,99,0,60.0,2026-05-01T22:13:09.703138,4.199
2026-05-01T22:12:09.757180,89.61,0.5499,89.62,0.5437,0.0,0.0,4.199,78.5,99,0,60.0,2026-05-01T22:13:09.757010,4.199
2026-05-01T22:12:09.810078,89.61,0.5499,89.62,0.5461,0.0,0.0,4.199,78.5,99,0,60.0,2026-05-01T22:13:09.809929,4.199
2026-05-01T22:12:10.786889,89.6,0.5499,89.61,0.548,0.0,0.0,4.199,78.5,99,0,60.0,2026-05-01T22:13:10.786644,4.199
2026-05-01T22:12:10.845391,89.6,0.5535,89.61,0.5502,0.0,0.0,4.199,78.5,99,0,60.0,2026-05-01T22:13:10.845225,4.199
2026-05-01T22:12:10.899515,89.6,0.5535,89.61,0.5514,0.0,0.0,4.199,78.5,99,0,60.0,2026-05-01T22:13:10.899332,4.199
2026-05-01T22:12:11.816093,89.59,0.5508,89.6,0.5521,0.0,0.0,4.199,78.5,99,0,60.0,2026-05-01T22:13:11.815965,4.199
2026-05-01T22:12:11.869947,89.59,0.5535,89.6,0.5526,0.0,0.0,4.199,78.5,99,0,60.0,2026-05-01T22:13:11.869794,4.199
2026-05-01T22:12:11.923052,89.59,0.5535,89.59,0.5529,0.0,0.0,4.199,78.5,99,0,60.0,2026-05-01T22:13:11.922916,4.199
2026-05-01T22:12:12.895501,89.57,0.5518,89.59,0.5528,0.0,0.0,4.199,78.5,99,0,60.0,2026-05-01T22:13:12.895249,4.199
2026-05-01T22:12:12.965945,89.57,0.5518,89.58,0.5524,0.0,0.0,4.199,78.5,99,0,60.0,2026-05-01T22:13:12.965787,4.199
2026-05-01T22:12:13.023023,89.57,0.5518,89.58,0.5522,0.0,0.0,4.199,78.5,99,0,60.0,2026-05-01T22:13:13.022855,4.199
2026-05-01T22:12:13.923727,89.57,0.5484,89.57,0.5491,0.0,0.0,4.199,78.5,99,0,60.0,2026-05-01T22:13:13.923564,4.199
2026-05-01T22:12:13.976054,89.57,0.5484,89.57,0.5489,0.0,0.0,4.199,78.5,99,0,60.0,2026-05-01T22:13:13.975929,4.199
2026-05-01T22:12:14.945352,89.57,0.5484,89.57,0.5487,0.0,0.0,4.199,78.5,99,0,60.0,2026-05-01T22:13:14.945187,4.199
2026-05-01T22:12:14.999544,89.56,0.5484,89.57,0.5478,0.0,0.0,4.199,78.5,99,0,60.0,2026-05-01T22:13:14.999404,4.199
2026-05-01T22:12:15.051886,89.56,0.5484,89.56,0.5481,0.0,0.0,4.199,78.5,99,0,60.0,2026-05-01T22:13:15.051745,4.199
2026-05-01T22:12:16.003482,89.56,0.5484,89.56,0.5482,0.0,0.0,4.199,78.5,99,0,60.0,2026-05-01T22:13:16.003324,4.199
2026-05-01T22:12:16.057004,89.56,0.5442,89.56,0.5454,0.0,0.0,4.199,78.5,99,0,60.0,2026-05-01T22:13:16.056867,4.199
2026-05-01T22:12:16.109261,89.56,0.5442,89.56,0.545,0.0,0.0,4.199,78.5,99,0,60.0,2026-05-01T22:13:16.109145,4.199
2026-05-01T22:12:17.054618,89.54,0.54,89.56,0.5439,0.0,0.0,4.199,78.5,99,0,60.0,2026-05-01T22:13:17.054439,4.199
2026-05-01T22:12:17.107158,89.54,0.5442,89.55,0.544,0.0,0.0,4.199,78.5,99,0,60.0,2026-05-01T22:13:17.107006,4.199
2026-05-01T22:12:17.159448,89.54,0.5442,89.55,0.5441,0.0,0.0,4.199,78.5,99,0,60.0,2026-05-01T22:13:17.159336,4.199
2026-05-01T22:12:18.115939,89.53,0.5391,89.54,0.5428,0.0,0.0,4.199,78.5,99,0,60.0,2026-05-01T22:13:18.115799,4.199
2026-05-01T22:12:18.231748,89.53,0.5425,89.54,0.5427,0.0,0.0,4.199,78.5,99,0,60.0,2026-05-01T22:13:18.231581,4.199
2026-05-01T22:12:18.292576,89.53,0.5425,89.53,0.5426,0.0,0.0,4.199,78.5,99,0,60.0,2026-05-01T22:13:18.292446,4.199
2026-05-01T22:12:19.180344,89.53,0.5427,89.53,0.5422,0.0,0.0,4.199,78.5,99,0,60.0,2026-05-01T22:13:19.180168,4.199
2026-05-01T22:12:19.232817,89.53,0.5427,89.53,0.5424,0.0,0.0,4.199,78.5,99,0,60.0,2026-05-01T22:13:19.232705,4.199
2026-05-01T22:12:20.186945,89.53,0.5427,89.53,0.5425,0.0,0.0,4.199,78.5,99,0,60.0,2026-05-01T22:13:20.186799,4.199
2026-05-01T22:12:20.243075,89.52,0.544,89.53,0.5431,0.0,0.0,4.199,78.5,99,0,60.0,2026-05-01T22:13:20.242944,4.199
2026-05-01T22:12:20.295596,89.52,0.544,89.52,0.5434,0.0,0.0,4.199,78.5,99,0,60.0,2026-05-01T22:13:20.295488,4.199
2026-05-01T22:12:21.237451,89.5,0.544,89.52,0.5437,0.0,0.0,4.199,78.5,99,0,60.0,2026-05-01T22:13:21.237290,4.199
2026-05-01T22:12:21.292981,89.5,0.5476,89.51,0.544,0.0,0.0,4.199,78.5,99,0,60.0,2026-05-01T22:13:21.292848,4.199
2026-05-01T22:12:21.345907,89.5,0.5476,89.51,0.5453,0.0,0.0,4.199,78.5,99,0,60.0,2026-05-01T22:13:21.345781,4.199
2026-05-01T22:12:22.297140,89.49,0.5391,89.5,0.5452,0.0,0.0,4.199,78.5,99,0,60.0,2026-05-01T22:13:22.296934,4.199
2026-05-01T22:12:22.405977,89.49,0.5499,89.5,0.5472,0.0,0.0,4.199,78.5,99,0,60.0,2026-05-01T22:13:22.405793,4.199
2026-05-01T22:12:22.458474,89.49,0.5499,89.49,0.5482,0.0,0.0,4.199,78.5,99,0,60.0,2026-05-01T22:13:22.458348,4.199
2026-05-01T22:12:23.352521,89.48,0.5467,89.49,0.5483,0.0,0.0,4.199,78.5,99,0,60.0,2026-05-01T22:13:23.352304,4.199
2026-05-01T22:12:23.405312,89.48,0.5476,89.48,0.548,0.0,0.0,4.199,78.5,99,0,60.0,2026-05-01T22:13:23.405151,4.199
2026-05-01T22:12:23.460424,89.48,0.5476,89.48,0.5479,0.0,0.0,4.199,78.5,99,0,60.0,2026-05-01T22:13:23.460263,4.199
2026-05-01T22:12:24.407170,89.46,0.5476,89.47,0.5477,0.0,0.0,4.199,78.5,99,0,60.0,2026-05-01T22:13:24.407002,4.199
2026-05-01T22:12:24.460217,89.46,0.5476,89.47,0.5477,0.0,0.0,4.199,78.5,99,0,60.0,2026-05-01T22:13:24.460074,4.199
2026-05-01T22:12:25.429273,89.46,0.5476,89.46,0.5476,0.0,0.0,4.199,78.5,99,0,60.0,2026-05-01T22:13:25.429058,4.199
2026-05-01T22:12:25.489318,89.46,0.5499,89.46,0.5465,0.0,0.0,4.199,78.5,99,0,60.0,2026-05-01T22:13:25.489183,4.199
2026-05-01T22:12:25.600517,89.46,0.5499,89.46,0.5478,0.0,0.0,4.199,78.5,99,0,60.0,2026-05-01T22:13:25.600324,4.199
2026-05-01T22:12:26.481446,89.46,0.5499,89.46,0.5489,0.0,0.0,4.199,78.5,99,0,60.0,2026-05-01T22:13:26.481266,4.199
2026-05-01T22:12:26.538044,89.46,0.5449,89.46,0.5459,0.0,0.0,4.199,78.5,99,0,60.0,2026-05-01T22:13:26.537871,4.199
2026-05-01T22:12:26.594871,89.46,0.5449,89.46,0.5456,0.0,0.0,4.199,78.5,99,0,60.0,2026-05-01T22:13:26.594735,4.199
2026-05-01T22:12:27.534750,89.46,0.5392,89.46,0.5443,0.0,0.0,4.199,78.5,99,0,60.0,2026-05-01T22:13:27.534601,4.199
2026-05-01T22:12:27.587628,89.46,0.5392,89.46,0.5419,0.0,0.0,4.199,78.5,99,0,60.0,2026-05-01T22:13:27.587493,4.199
2026-05-01T22:12:27.639919,89.46,0.5392,89.46,0.541,0.0,0.0,4.199,78.5,99,0,60.0,2026-05-01T22:13:27.639759,4.199
2026-05-01T22:12:28.591271,89.45,0.5382,89.45,0.5397,0.0,0.0,4.199,78.5,99,0,60.0,2026-05-01T22:13:28.591101,4.199
2026-05-01T22:12:28.644343,89.45,0.5467,89.45,0.5427,0.0,0.0,4.199,78.5,99,0,60.0,2026-05-01T22:13:28.644206,4.199
2026-05-01T22:12:28.698355,89.45,0.5467,89.45,0.544,0.0,0.0,4.199,78.5,99,0,60.0,2026-05-01T22:13:28.698211,4.199
2026-05-01T22:12:29.647467,89.44,0.5459,89.44,0.5444,0.0,0.0,4.199,78.5,99,0,60.0,2026-05-01T22:13:29.647298,4.199
2026-05-01T22:12:29.700174,89.44,0.5459,89.44,0.545,0.0,0.0,4.199,78.5,99,0,60.0,2026-05-01T22:13:29.700015,4.199
2026-05-01T22:12:30.663863,89.44,0.5459,89.44,0.5454,0.0,0.0,4.199,78.5,99,0,60.0,2026-05-01T22:13:30.663689,4.199
2026-05-01T22:12:30.717200,89.43,0.5351,89.43,0.5398,0.0,0.0,4.199,78.5,99,0,60.0,2026-05-01T22:13:30.717041,4.199
2026-05-01T22:12:30.769181,89.43,0.5351,89.43,0.538,0.0,0.0,4.199,78.5,99,0,60.0,2026-05-01T22:13:30.769067,4.199
2026-05-01T22:12:31.720021,89.42,0.5351,89.43,0.5365,0.0,0.0,4.199,78.5,99,0,60.0,2026-05-01T22:13:31.719889,4.199
2026-05-01T22:12:31.773293,89.42,0.5351,89.42,0.533,0.0,0.0,4.199,78.5,99,0,60.0,2026-05-01T22:13:31.773163,4.199
2026-05-01T22:12:31.825983,89.42,0.5351,89.42,0.5337,0.0,0.0,4.199,78.5,99,0,60.0,2026-05-01T22:13:31.825859,4.199
2026-05-01T22:12:32.777600,89.41,0.5351,89.42,0.5344,0.0,0.0,4.199,78.5,99,0,60.0,2026-05-01T22:13:32.777420,4.199
2026-05-01T22:12:32.830641,89.41,0.5427,89.41,0.5381,0.0,0.0,4.199,78.5,99,0,60.0,2026-05-01T22:13:32.830509,4.199
2026-05-01T22:12:32.883788,89.41,0.5427,89.41,0.5397,0.0,0.0,4.199,78.5,99,0,60.0,2026-05-01T22:13:32.883650,4.199
2026-05-01T22:12:33.830440,89.41,0.5408,89.41,0.5409,0.0,0.0,4.199,78.5,99,0,60.0,2026-05-01T22:13:33.830285,4.199
2026-05-01T22:12:33.883832,89.41,0.5476,89.41,0.5438,0.0,0.0,4.199,78.5,99,0,60.0,2026-05-01T22:13:33.883689,4.199
2026-05-01T22:12:33.936509,89.41,0.5476,89.41,0.5451,0.0,0.0,4.199,78.5,99,0,60.0,2026-05-01T22:13:33.936359,4.199
2026-05-01T22:12:34.890515,89.4,0.5476,89.4,0.5466,0.0,0.0,4.199,78.5,99,0,60.0,2026-05-01T22:13:34.890322,4.199
2026-05-01T22:12:34.944570,89.4,0.5476,89.4,0.547,0.0,0.0,4.199,78.5,99,0,60.0,2026-05-01T22:13:34.944404,4.199
2026-05-01T22:12:35.903211,89.4,0.5476,89.4,0.5473,0.0,0.0,4.199,78.5,99,0,60.0,2026-05-01T22:13:35.902974,4.199
2026-05-01T22:12:35.957841,89.39,0.5383,89.39,0.5428,0.0,0.0,4.199,78.5,99,0,60.0,2026-05-01T22:13:35.957693,4.199
2026-05-01T22:12:36.010313,89.39,0.5383,89.39,0.5411,0.0,0.0,4.199,78.5,99,0,60.0,2026-05-01T22:13:36.010195,4.199
2026-05-01T22:12:36.960891,89.39,0.5383,89.39,0.5397,0.0,0.0,4.199,78.5,99,0,60.0,2026-05-01T22:13:36.960708,4.199
2026-05-01T22:12:37.016745,89.39,0.5409,89.39,0.5396,0.0,0.0,4.199,78.5,99,0,60.0,2026-05-01T22:13:37.016583,4.199
2026-05-01T22:12:37.077380,89.39,0.5409,89.39,0.5401,0.0,0.0,4.199,78.5,99,0,60.0,2026-05-01T22:13:37.077253,4.199
2026-05-01T22:12:38.028171,89.37,0.5409,89.38,0.5405,0.0,0.0,4.199,78.5,99,0,60.0,2026-05-01T22:13:38.027024,4.199
2026-05-01T22:12:38.090634,89.37,0.5417,89.37,0.541,0.0,0.0,4.199,78.5,99,0,60.0,2026-05-01T22:13:38.090481,4.199
2026-05-01T22:12:38.149386,89.37,0.5417,89.37,0.5412,0.0,0.0,4.199,78.5,99,0,60.0,2026-05-01T22:13:38.149249,4.199
2026-05-01T22:12:39.147042,89.36,0.5417,89.37,0.5414,0.0,0.0,4.199,78.5,99,0,60.0,2026-05-01T22:13:39.146811,4.199
2026-05-01T22:12:39.216028,89.36,0.5417,89.36,0.5415,0.0,0.0,4.199,78.5,99,0,60.0,2026-05-01T22:13:39.215839,4.199
2026-05-01T22:12:39.287578,89.36,0.5417,89.36,0.5416,0.0,0.0,4.199,78.5,99,0,60.0,2026-05-01T22:13:39.287328,4.199
2026-05-01T22:12:40.137463,89.36,0.5373,89.36,0.5399,0.0,0.0,4.199,78.5,99,0,60.0,2026-05-01T22:13:40.137320,4.199
2026-05-01T22:12:40.237347,89.36,0.5373,89.36,0.5388,0.0,0.0,4.199,78.5,99,0,60.0,2026-05-01T22:13:40.237217,4.199
2026-05-01T22:12:41.144125,89.36,0.5373,89.36,0.5381,0.0,0.0,4.199,78.5,99,0,60.0,2026-05-01T22:13:41.143969,4.199
2026-05-01T22:12:41.198385,89.35,0.5358,89.35,0.5365,0.0,0.0,4.199,78.5,99,0,60.0,2026-05-01T22:13:41.198250,4.199
2026-05-01T22:12:41.250594,89.35,0.5358,89.35,0.5362,0.0,0.0,4.199,78.5,99,0,60.0,2026-05-01T22:13:41.250449,4.199
2026-05-01T22:12:42.199779,89.34,0.5358,89.35,0.536,0.0,0.0,4.199,78.5,99,0,60.0,2026-05-01T22:13:42.199585,4.199
2026-05-01T22:12:42.253095,89.34,0.5307,89.34,0.5334,0.0,0.0,4.199,78.5,99,0,60.0,2026-05-01T22:13:42.252938,4.199
2026-05-01T22:12:42.305700,89.34,0.5307,89.34,0.5324,0.0,0.0,4.199,78.5,99,0,60.0,2026-05-01T22:13:42.305568,4.199
2026-05-01T22:12:43.254636,89.33,0.5283,89.33,0.5311,0.0,0.0,4.199,78.5,99,0,60.0,2026-05-01T22:13:43.254471,4.199
2026-05-01T22:12:43.308353,89.33,0.5316,89.33,0.531,0.0,0.0,4.199,78.5,99,0,60.0,2026-05-01T22:13:43.308199,4.199
2026-05-01T22:12:43.360618,89.33,0.5316,89.33,0.5312,0.0,0.0,4.199,78.5,99,0,60.0,2026-05-01T22:13:43.360468,4.199
2026-05-01T22:12:44.311402,89.33,0.5425,89.33,0.5325,0.0,0.0,4.199,78.5,99,0,60.0,2026-05-01T22:13:44.311244,4.199
2026-05-01T22:12:44.364645,89.33,0.5425,89.33,0.5368,0.0,0.0,4.199,78.5,99,0,60.0,2026-05-01T22:13:44.364495,4.199
2026-05-01T22:12:44.417733,89.33,0.5425,89.33,0.5387,0.0,0.0,4.199,78.5,99,0,60.0,2026-05-01T22:13:44.417581,4.199
2026-05-01T22:12:45.369617,89.32,0.5451,89.32,0.5393,0.0,0.0,4.199,78.5,99,0,60.0,2026-05-01T22:13:45.369402,4.199
2026-05-01T22:12:45.424047,89.32,0.5451,89.32,0.5416,0.0,0.0,4.199,78.5,99,0,60.0,2026-05-01T22:13:45.423867,4.199
2026-05-01T22:12:46.386022,89.32,0.5451,89.32,0.5431,0.0,0.0,4.199,78.5,99,0,60.0,2026-05-01T22:13:46.385822,4.199
2026-05-01T22:12:46.439961,89.31,0.5451,89.31,0.543,0.0,0.0,4.199,78.5,99,0,60.0,2026-05-01T22:13:46.439793,4.199
2026-05-01T22:12:46.492128,89.31,0.5451,89.31,0.5438,0.0,0.0,4.199,78.5,99,0,60.0,2026-05-01T22:13:46.492010,4.199
2026-05-01T22:12:47.444373,89.31,0.5451,89.31,0.5444,0.0,0.0,4.199,78.5,99,0,60.0,2026-05-01T22:13:47.444180,4.199
2026-05-01T22:12:47.498949,89.31,0.5349,89.31,0.5405,0.0,0.0,4.199,78.5,99,0,60.0,2026-05-01T22:13:47.498768,4.199
2026-05-01T22:12:47.562776,89.31,0.5349,89.31,0.5385,0.0,0.0,4.199,78.5,99,0,60.0,2026-05-01T22:13:47.562577,4.199
2026-05-01T22:12:48.494607,89.31,0.5332,89.31,0.5363,0.0,0.0,4.199,78.5,99,0,60.0,2026-05-01T22:13:48.494428,4.199
2026-05-01T22:12:48.547878,89.31,0.5349,89.31,0.5355,0.0,0.0,4.199,78.5,99,0,60.0,2026-05-01T22:13:48.547743,4.199
2026-05-01T22:12:48.600979,89.31,0.5349,89.31,0.5353,0.0,0.0,4.199,78.5,99,0,60.0,2026-05-01T22:13:48.600848,4.199
2026-05-01T22:12:49.551024,89.28,0.5358,89.3,0.535,0.0,0.0,4.199,78.5,99,0,60.0,2026-05-01T22:13:49.550859,4.199
2026-05-01T22:12:49.604642,89.28,0.5358,89.29,0.5353,0.0,0.0,4.199,78.5,99,0,60.0,2026-05-01T22:13:49.604507,4.199
2026-05-01T22:12:49.657331,89.28,0.5358,89.29,0.5355,0.0,0.0,4.199,78.5,99,0,60.0,2026-05-01T22:13:49.657182,4.199
2026-05-01T22:12:50.608025,89.27,0.5358,89.28,0.5355,0.0,0.0,4.199,78.5,99,0,60.0,2026-05-01T22:13:50.607859,4.199
2026-05-01T22:12:50.660371,89.27,0.5358,89.28,0.5356,0.0,0.0,4.199,78.5,99,0,60.0,2026-05-01T22:13:50.660238,4.199
2026-05-01T22:12:51.626041,89.27,0.5358,89.28,0.5357,0.0,0.0,4.199,78.5,99,0,60.0,2026-05-01T22:13:51.625879,4.199
2026-05-01T22:12:51.683916,89.25,0.5494,89.27,0.5389,0.0,0.0,4.199,78.5,99,0,60.0,2026-05-01T22:13:51.683749,4.199
2026-05-01T22:12:51.797112,89.25,0.5494,89.26,0.543,0.0,0.0,4.199,78.5,99,0,60.0,2026-05-01T22:13:51.796961,4.199
2026-05-01T22:12:52.679876,89.25,0.5494,89.26,0.5463,0.0,0.0,4.199,78.5,99,0,60.0,2026-05-01T22:13:52.679693,4.199
2026-05-01T22:12:52.733658,89.25,0.5526,89.26,0.548,0.0,0.0,4.199,78.5,99,0,60.0,2026-05-01T22:13:52.733490,4.199
2026-05-01T22:12:52.786673,89.25,0.5526,89.26,0.5496,0.0,0.0,4.199,78.5,99,0,60.0,2026-05-01T22:13:52.786563,4.199
2026-05-01T22:12:53.739187,89.24,0.5408,89.25,0.5494,0.0,0.0,4.199,78.5,99,0,60.0,2026-05-01T22:13:53.739028,4.199
2026-05-01T22:12:53.792022,89.24,0.5535,89.25,0.5501,0.0,0.0,4.199,78.5,99,0,60.0,2026-05-01T22:13:53.791867,4.199
2026-05-01T22:12:53.847458,89.24,0.5535,89.25,0.5513,0.0,0.0,4.199,78.5,99,0,60.0,2026-05-01T22:13:53.847288,4.199
2026-05-01T22:12:54.798589,89.23,0.5417,89.24,0.5509,0.0,0.0,4.199,78.5,99,0,60.0,2026-05-01T22:13:54.798426,4.199
2026-05-01T22:12:54.850891,89.23,0.5517,89.24,0.5513,0.0,0.0,4.199,78.5,99,0,60.0,2026-05-01T22:13:54.850757,4.199
2026-05-01T22:12:54.906425,89.23,0.5517,89.24,0.5514,0.0,0.0,4.199,78.5,99,0,60.0,2026-05-01T22:13:54.906219,4.199
2026-05-01T22:12:55.846466,89.22,0.5417,89.23,0.5473,0.0,0.0,4.199,78.5,99,0,60.0,2026-05-01T22:13:55.846285,4.199
2026-05-01T22:12:55.898170,89.22,0.5417,89.23,0.5451,0.0,0.0,4.199,78.5,99,0,60.0,2026-05-01T22:13:55.898034,4.199
2026-05-01T22:12:56.864658,89.22,0.5417,89.23,0.5436,0.0,0.0,4.199,78.5,99,0,60.0,2026-05-01T22:13:56.864499,4.199
2026-05-01T22:12:56.924897,89.22,0.5432,89.22,0.5418,0.0,0.0,4.199,78.5,99,0,60.0,2026-05-01T22:13:56.924706,4.199
2026-05-01T22:12:56.977864,89.22,0.5432,89.22,0.5423,0.0,0.0,4.199,78.5,99,0,60.0,2026-05-01T22:13:56.977707,4.199
2026-05-01T22:12:57.932375,89.21,0.5432,89.22,0.5427,0.0,0.0,4.199,78.5,99,0,60.0,2026-05-01T22:13:57.932212,4.199
2026-05-01T22:12:57.985376,89.21,0.5432,89.22,0.5425,0.0,0.0,4.199,78.5,99,0,60.0,2026-05-01T22:13:57.985239,4.199
2026-05-01T22:12:58.037857,89.21,0.5432,89.22,0.5427,0.0,0.0,4.199,78.5,99,0,60.0,2026-05-01T22:13:58.037734,4.199
2026-05-01T22:12:58.979064,89.21,0.5383,89.21,0.5422,0.0,0.0,4.199,78.5,99,0,60.0,2026-05-01T22:13:58.978896,4.199
2026-05-01T22:12:59.031809,89.21,0.5383,89.21,0.5404,0.0,0.0,4.199,78.5,99,0,60.0,2026-05-01T22:13:59.031664,4.199
2026-05-01T22:12:59.084599,89.21,0.5383,89.21,0.5397,0.0,0.0,4.199,78.5,99,0,60.0,2026-05-01T22:13:59.084430,4.199
2026-05-01T22:13:00.042619,89.21,0.5373,89.21,0.5386,0.0,0.0,4.199,78.5,99,0,60.0,2026-05-01T22:14:00.042419,4.199
2026-05-01T22:13:00.186870,89.21,0.5485,89.21,0.543,0.0,0.0,4.199,78.5,99,0,60.0,2026-05-01T22:14:00.186721,4.199
2026-05-01T22:13:00.251754,89.21,0.5485,89.21,0.5451,0.0,0.0,4.199,78.5,99,0,60.0,2026-05-01T22:14:00.251609,4.199
2026-05-01T22:13:01.090251,89.2,0.5484,89.21,0.5458,0.0,0.0,4.199,78.5,99,0,60.0,2026-05-01T22:14:01.090076,4.199
2026-05-01T22:13:01.142859,89.2,0.5484,89.21,0.5468,0.0,0.0,4.199,78.5,99,0,60.0,2026-05-01T22:14:01.142719,4.199
2026-05-01T22:13:02.140516,89.2,0.5484,89.21,0.5475,0.0,0.0,4.199,78.5,99,0,60.0,2026-05-01T22:14:02.140349,4.199
2026-05-01T22:13:02.195015,89.19,0.5467,89.2,0.5465,0.0,0.0,4.199,78.5,99,0,60.0,2026-05-01T22:14:02.194860,4.199
2026-05-01T22:13:02.247257,89.19,0.5467,89.2,0.5466,0.0,0.0,4.199,78.5,99,0,60.0,2026-05-01T22:14:02.247127,4.199
2026-05-01T22:13:03.162703,89.19,0.5467,89.19,0.5467,0.0,0.0,4.199,78.5,99,0,60.0,2026-05-01T22:14:03.162517,4.199
2026-05-01T22:13:03.224687,89.19,0.5247,89.19,0.5373,0.0,0.0,4.199,78.5,99,0,60.0,2026-05-01T22:14:03.224486,4.199
2026-05-01T22:13:03.279571,89.19,0.5247,89.19,0.5327,0.0,0.0,4.199,78.5,99,0,60.0,2026-05-01T22:14:03.279413,4.199
2026-05-01T22:13:04.226608,89.19,0.5223,89.19,0.5279,0.0,0.0,4.199,78.5,99,0,60.0,2026-05-01T22:14:04.226453,4.199
2026-05-01T22:13:04.279772,89.19,0.5247,89.19,0.5262,0.0,0.0,4.199,78.5,99,0,60.0,2026-05-01T22:14:04.279634,4.199
2026-05-01T22:13:04.391513,89.19,0.5247,89.19,0.5257,0.0,0.0,4.199,78.5,99,0,60.0,2026-05-01T22:14:04.391345,4.199
2026-05-01T22:13:05.269551,89.17,0.5333,89.19,0.5263,0.0,0.0,4.199,78.5,99,0,60.0,2026-05-01T22:14:05.269345,4.199
2026-05-01T22:13:05.322963,89.17,0.54,89.18,0.5321,0.0,0.0,4.199,78.5,99,0,60.0,2026-05-01T22:14:05.322789,4.199
2026-05-01T22:13:05.375308,89.17,0.54,89.18,0.5347,0.0,0.0,4.199,78.5,99,0,60.0,2026-05-01T22:14:05.375174,4.199
2026-05-01T22:13:06.326466,89.16,0.5333,89.17,0.5354,0.0,0.0,4.199,78.5,99,0,60.0,2026-05-01T22:14:06.326281,4.199
2026-05-01T22:13:06.378443,89.16,0.5333,89.17,0.5346,0.0,0.0,4.199,78.5,99,0,60.0,2026-05-01T22:14:06.378310,4.199
2026-05-01T22:13:07.342172,89.16,0.5333,89.17,0.534,0.0,0.0,4.199,78.5,99,0,60.0,2026-05-01T22:14:07.341982,4.199
2026-05-01T22:13:07.396329,89.14,0.5366,89.15,0.5338,0.0,0.0,4.199,78.5,99,0,60.0,2026-05-01T22:14:07.396173,4.199
2026-05-01T22:13:07.448280,89.14,0.5366,89.15,0.5348,0.0,0.0,4.199,78.5,99,0,60.0,2026-05-01T22:14:07.448151,4.199
2026-05-01T22:13:08.412697,89.14,0.5366,89.15,0.5357,0.0,0.0,4.199,78.5,99,0,60.0,2026-05-01T22:14:08.412543,4.199
2026-05-01T22:13:08.466163,89.14,0.5368,89.14,0.5357,0.0,0.0,4.199,78.5,99,0,60.0,2026-05-01T22:14:08.466012,4.199
2026-05-01T22:13:08.521977,89.14,0.5368,89.14,0.5361,0.0,0.0,4.199,78.5,99,0,60.0,2026-05-01T22:14:08.521776,4.199
2026-05-01T22:13:09.500175,89.13,0.5368,89.14,0.5365,0.0,0.0,4.199,78.5,99,0,60.0,2026-05-01T22:14:09.499981,4.199
2026-05-01T22:13:09.553229,89.13,0.5417,89.14,0.5389,0.0,0.0,4.199,78.5,99,0,60.0,2026-05-01T22:14:09.553105,4.199
2026-05-01T22:13:09.605814,89.13,0.5417,89.13,0.5399,0.0,0.0,4.199,78.5,99,0,60.0,2026-05-01T22:14:09.605672,4.199
2026-05-01T22:13:10.517187,89.13,0.5366,89.13,0.5401,0.0,0.0,4.199,78.5,99,0,60.0,2026-05-01T22:14:10.517044,4.199
2026-05-01T22:13:10.580455,89.13,0.5382,89.13,0.5393,0.0,0.0,4.199,78.5,99,0,60.0,2026-05-01T22:14:10.580309,4.199
2026-05-01T22:13:10.634203,89.13,0.5382,89.13,0.5389,0.0,0.0,4.199,78.5,99,0,60.0,2026-05-01T22:14:10.634068,4.199
2026-05-01T22:13:11.566980,89.12,0.5366,89.13,0.5379,0.0,0.0,4.199,78.5,99,0,60.0,2026-05-01T22:14:11.566830,4.199
2026-05-01T22:13:11.619900,89.12,0.5366,89.12,0.5374,0.0,0.0,4.199,78.5,99,0,60.0,2026-05-01T22:14:11.619747,4.199
2026-05-01T22:13:12.595221,89.12,0.5366,89.12,0.5371,0.0,0.0,4.199,78.5,99,0,60.0,2026-05-01T22:14:12.595066,4.199
2026-05-01T22:13:12.649353,89.12,0.5341,89.12,0.533,0.0,0.0,4.199,78.5,99,0,60.0,2026-05-01T22:14:12.649118,4.199
2026-05-01T22:13:12.705672,89.12,0.5341,89.12,0.5334,0.0,0.0,4.199,78.5,99,0,60.0,2026-05-01T22:14:12.705521,4.199
2026-05-01T22:13:13.647704,89.1,0.5341,89.12,0.5337,0.0,0.0,4.199,78.5,99,0,60.0,2026-05-01T22:14:13.647470,4.199
2026-05-01T22:13:13.751097,89.1,0.5341,89.11,0.5327,0.0,0.0,4.199,78.5,99,0,60.0,2026-05-01T22:14:13.750876,4.199
2026-05-01T22:13:13.812397,89.1,0.5341,89.11,0.5332,0.0,0.0,4.199,78.5,99,0,60.0,2026-05-01T22:14:13.812254,4.199
2026-05-01T22:13:14.693121,89.1,0.5274,89.1,0.5327,0.0,0.0,4.199,78.5,99,0,60.0,2026-05-01T22:14:14.692938,4.199
2026-05-01T22:13:14.746017,89.1,0.5341,89.1,0.5327,0.0,0.0,4.199,78.5,99,0,60.0,2026-05-01T22:14:14.745876,4.199
2026-05-01T22:13:14.797751,89.1,0.5341,89.1,0.5332,0.0,0.0,4.199,78.5,99,0,60.0,2026-05-01T22:14:14.797630,4.199
2026-05-01T22:13:15.749620,89.09,0.5316,89.1,0.5325,0.0,0.0,4.199,78.5,99,0,60.0,2026-05-01T22:14:15.749456,4.199
2026-05-01T22:13:15.806040,89.09,0.5316,89.09,0.5321,0.0,0.0,4.199,78.5,99,0,60.0,2026-05-01T22:14:15.805889,4.199
2026-05-01T22:13:15.862756,89.09,0.5316,89.09,0.5319,0.0,0.0,4.199,78.5,99,0,60.0,2026-05-01T22:14:15.862566,4.199
2026-05-01T22:13:16.806346,89.08,0.5316,89.09,0.5317,0.0,0.0,4.199,78.5,99,0,60.0,2026-05-01T22:14:16.806109,4.199
2026-05-01T22:13:16.862577,89.08,0.5316,89.08,0.5316,0.0,0.0,4.199,78.5,99,0,60.0,2026-05-01T22:14:16.862434,4.199
2026-05-01T22:13:17.821661,89.08,0.5316,89.08,0.5316,0.0,0.0,4.199,78.5,99,0,60.0,2026-05-01T22:14:17.821502,4.199
2026-05-01T22:13:17.875561,89.07,0.5366,89.08,0.5328,0.0,0.0,4.199,78.5,99,0,60.0,2026-05-01T22:14:17.875413,4.199
2026-05-01T22:13:17.927922,89.07,0.5366,89.07,0.5342,0.0,0.0,4.199,78.5,99,0,60.0,2026-05-01T22:14:17.927779,4.199
2026-05-01T22:13:18.879104,89.07,0.5366,89.07,0.5354,0.0,0.0,4.199,78.5,99,0,60.0,2026-05-01T22:14:18.878969,4.199
2026-05-01T22:13:18.932120,89.07,0.5366,89.07,0.5356,0.0,0.0,4.199,78.5,99,0,60.0,2026-05-01T22:14:18.931972,4.199
2026-05-01T22:13:18.983649,89.07,0.5366,89.07,0.536,0.0,0.0,4.199,78.5,99,0,60.0,2026-05-01T22:14:18.983528,4.199
2026-05-01T22:13:19.937779,89.07,0.5314,89.07,0.5355,0.0,0.0,4.199,78.5,99,0,60.0,2026-05-01T22:14:19.937595,4.199
2026-05-01T22:13:19.993276,89.07,0.5314,89.07,0.5336,0.0,0.0,4.199,78.5,99,0,60.0,2026-05-01T22:14:19.993040,4.199
2026-05-01T22:13:20.061968,89.07,0.5314,89.07,0.5329,0.0,0.0,4.199,78.5,99,0,60.0,2026-05-01T22:14:20.061799,4.199
2026-05-01T22:13:21.000417,89.07,0.5265,89.07,0.5307,0.0,0.0,4.199,78.5,99,0,60.0,2026-05-01T22:14:21.000232,4.199
2026-05-01T22:13:21.053722,89.07,0.5349,89.07,0.5325,0.0,0.0,4.199,78.5,99,0,60.0,2026-05-01T22:14:21.053597,4.199
2026-05-01T22:13:21.106190,89.07,0.5349,89.07,0.5333,0.0,0.0,4.199,78.5,99,0,60.0,2026-05-01T22:14:21.106068,4.199
2026-05-01T22:13:22.049736,89.05,0.5382,89.06,0.5335,0.0,0.0,4.199,78.5,99,0,60.0,2026-05-01T22:14:22.049587,4.199
2026-05-01T22:13:22.104495,89.05,0.5382,89.06,0.5354,0.0,0.0,4.199,78.5,99,0,60.0,2026-05-01T22:14:22.104344,4.199
2026-05-01T22:13:23.064022,89.05,0.5382,89.05,0.5366,0.0,0.0,4.199,78.5,99,0,60.0,2026-05-01T22:14:23.063830,4.199
2026-05-01T22:13:23.120172,89.05,0.5375,89.05,0.5362,0.0,0.0,4.199,78.5,99,0,60.0,2026-05-01T22:14:23.119999,4.199
2026-05-01T22:13:23.172116,89.05,0.5375,89.05,0.5367,0.0,0.0,4.199,78.5,99,0,60.0,2026-05-01T22:14:23.171978,4.199
2026-05-01T22:13:24.130810,89.04,0.5375,89.05,0.5371,0.0,0.0,4.199,78.5,99,0,60.0,2026-05-01T22:14:24.130660,4.199
2026-05-01T22:13:24.184153,89.04,0.5366,89.04,0.5369,0.0,0.0,4.199,78.5,99,0,60.0,2026-05-01T22:14:24.184006,4.199
2026-05-01T22:13:24.241546,89.04,0.5366,89.04,0.5368,0.0,0.0,4.199,78.5,99,0,60.0,2026-05-01T22:14:24.241378,4.199
2026-05-01T22:13:25.172250,89.03,0.5359,89.04,0.5366,0.0,0.0,4.199,78.5,99,0,60.0,2026-05-01T22:14:25.172071,4.199
2026-05-01T22:13:25.225568,89.03,0.5359,89.03,0.5363,0.0,0.0,4.199,78.5,99,0,60.0,2026-05-01T22:14:25.225432,4.199
2026-05-01T22:13:25.277551,89.03,0.5359,89.03,0.5362,0.0,0.0,4.199,78.5,99,0,60.0,2026-05-01T22:14:25.277424,4.199
2026-05-01T22:13:26.226966,89.03,0.5358,89.03,0.536,0.0,0.0,4.199,78.5,99,0,60.0,2026-05-01T22:14:26.226804,4.199
2026-05-01T22:13:26.279312,89.03,0.5358,89.03,0.5359,0.0,0.0,4.199,78.5,99,0,60.0,2026-05-01T22:14:26.279168,4.199
2026-05-01T22:13:26.331687,89.03,0.5358,89.03,0.5359,0.0,0.0,4.199,78.5,99,0,60.0,2026-05-01T22:14:26.331547,4.199
2026-05-01T22:13:27.283129,89.01,0.5341,89.02,0.5352,0.0,0.0,4.199,78.5,99,0,60.0,2026-05-01T22:14:27.282979,4.199
2026-05-01T22:13:27.334675,89.01,0.5341,89.02,0.5348,0.0,0.0,4.199,78.5,99,0,60.0,2026-05-01T22:14:27.334548,4.199
2026-05-01T22:13:28.298807,89.01,0.5341,89.01,0.5345,0.0,0.0,4.199,78.5,99,0,60.0,2026-05-01T22:14:28.298643,4.199
2026-05-01T22:13:28.352801,88.99,0.5351,89.0,0.5345,0.0,0.0,4.199,78.5,99,0,60.0,2026-05-01T22:14:28.352666,4.199
2026-05-01T22:13:28.405125,88.99,0.5351,89.0,0.5347,0.0,0.0,4.199,78.5,99,0,60.0,2026-05-01T22:14:28.404996,4.199
2026-05-01T22:13:29.356313,88.99,0.5351,88.99,0.5349,0.0,0.0,4.199,78.5,99,0,60.0,2026-05-01T22:14:29.356133,4.199
2026-05-01T22:13:29.413567,88.99,0.5368,88.99,0.5348,0.0,0.0,4.199,78.5,99,0,60.0,2026-05-01T22:14:29.413365,4.199
2026-05-01T22:13:29.468947,88.99,0.5368,88.99,0.5356,0.0,0.0,4.199,78.5,99,0,60.0,2026-05-01T22:14:29.468768,4.199
2026-05-01T22:13:30.422478,88.98,0.5282,88.99,0.5349,0.0,0.0,4.199,78.5,99,0,60.0,2026-05-01T22:14:30.422131,4.199
2026-05-01T22:13:30.476359,88.98,0.5373,88.98,0.5352,0.0,0.0,4.199,78.5,99,0,60.0,2026-05-01T22:14:30.476214,4.199
2026-05-01T22:13:30.528288,88.98,0.5373,88.98,0.5359,0.0,0.0,4.199,78.5,99,0,60.0,2026-05-01T22:14:30.528153,4.199
2026-05-01T22:13:31.469736,88.96,0.5383,88.97,0.5369,0.0,0.0,4.199,78.5,99,0,60.0,2026-05-01T22:14:31.469525,4.199
2026-05-01T22:13:31.523180,88.96,0.5383,88.97,0.5375,0.0,0.0,4.199,78.5,99,0,60.0,2026-05-01T22:14:31.523032,4.199
2026-05-01T22:13:31.575886,88.96,0.5383,88.96,0.5378,0.0,0.0,4.199,78.5,99,0,60.0,2026-05-01T22:14:31.575735,4.199
2026-05-01T22:13:32.538931,88.94,0.5359,88.95,0.537,0.0,0.0,4.199,78.5,99,0,60.0,2026-05-01T22:14:32.538727,4.199
2026-05-01T22:13:32.594242,88.94,0.5359,88.95,0.5366,0.0,0.0,4.199,78.5,99,0,60.0,2026-05-01T22:14:32.593984,4.199
2026-05-01T22:13:33.540386,88.94,0.5359,88.94,0.5363,0.0,0.0,4.199,78.5,99,0,60.0,2026-05-01T22:14:33.540214,4.199
2026-05-01T22:13:33.594365,88.93,0.5305,88.93,0.534,0.0,0.0,4.199,78.5,99,0,60.0,2026-05-01T22:14:33.594216,4.199
2026-05-01T22:13:33.646812,88.93,0.5305,88.93,0.5327,0.0,0.0,4.199,78.5,99,0,60.0,2026-05-01T22:14:33.646658,4.199
2026-05-01T22:13:34.598216,88.92,0.5305,88.93,0.5316,0.0,0.0,4.199,78.5,99,0,60.0,2026-05-01T22:14:34.598059,4.199
2026-05-01T22:13:34.662310,88.92,0.5299,88.92,0.5307,0.0,0.0,4.199,78.5,99,0,60.0,2026-05-01T22:14:34.662132,4.199
2026-05-01T22:13:34.717246,88.92,0.5299,88.92,0.5304,0.0,0.0,4.199,78.5,99,0,60.0,2026-05-01T22:14:34.717080,4.199
2026-05-01T22:13:35.672316,88.92,0.529,88.92,0.53,0.0,0.0,4.199,78.5,99,0,60.0,2026-05-01T22:14:35.672155,4.199
2026-05-01T22:13:35.743436,88.92,0.529,88.92,0.5295,0.0,0.0,4.199,78.5,99,0,60.0,2026-05-01T22:14:35.743276,4.199
2026-05-01T22:13:35.799983,88.92,0.529,88.92,0.5294,0.0,0.0,4.199,78.5,99,0,60.0,2026-05-01T22:14:35.799868,4.199
2026-05-01T22:13:36.706075,88.91,0.5247,88.91,0.528,0.0,0.0,4.199,78.5,99,0,60.0,2026-05-01T22:14:36.705894,4.199
2026-05-01T22:13:36.762258,88.91,0.529,88.91,0.5284,0.0,0.0,4.199,78.5,99,0,60.0,2026-05-01T22:14:36.762077,4.199
2026-05-01T22:13:36.818515,88.91,0.529,88.91,0.5286,0.0,0.0,4.199,78.5,99,0,60.0,2026-05-01T22:14:36.818358,4.199
2026-05-01T22:13:37.766308,88.9,0.529,88.9,0.5284,0.0,0.0,4.199,78.5,99,0,60.0,2026-05-01T22:14:37.766114,4.199
2026-05-01T22:13:37.819006,88.9,0.529,88.9,0.5286,0.0,0.0,4.199,78.5,99,0,60.0,2026-05-01T22:14:37.818857,4.199
2026-05-01T22:13:38.783867,88.9,0.529,88.9,0.5288,0.0,0.0,4.199,78.5,99,0,60.0,2026-05-01T22:14:38.783559,4.199
2026-05-01T22:13:38.842090,88.9,0.5256,88.9,0.5268,0.0,0.0,4.199,78.5,99,0,60.0,2026-05-01T22:14:38.841937,4.199
2026-05-01T22:13:38.896695,88.9,0.5256,88.9,0.5263,0.0,0.0,4.199,78.5,99,0,60.0,2026-05-01T22:14:38.896529,4.199
2026-05-01T22:13:39.835365,88.89,0.5256,88.9,0.526,0.0,0.0,4.199,78.5,99,0,60.0,2026-05-01T22:14:39.835220,4.199
2026-05-01T22:13:39.889177,88.89,0.5283,88.89,0.5255,0.0,0.0,4.199,78.5,99,0,60.0,2026-05-01T22:14:39.889038,4.199
2026-05-01T22:13:39.941192,88.89,0.5283,88.89,0.5265,0.0,0.0,4.199,78.5,99,0,60.0,2026-05-01T22:14:39.941079,4.199
2026-05-01T22:13:40.901687,88.88,0.5283,88.88,0.5275,0.0,0.0,4.199,78.5,99,0,60.0,2026-05-01T22:14:40.901539,4.199
2026-05-01T22:13:40.953963,88.88,0.5299,88.88,0.5285,0.0,0.0,4.199,78.5,99,0,60.0,2026-05-01T22:14:40.953847,4.199
2026-05-01T22:13:41.005566,88.88,0.5299,88.88,0.529,0.0,0.0,4.199,78.5,99,0,60.0,2026-05-01T22:14:41.005457,4.199
2026-05-01T22:13:41.945908,88.87,0.529,88.87,0.5293,0.0,0.0,4.199,78.5,99,0,60.0,2026-05-01T22:14:41.945726,4.199
2026-05-01T22:13:41.998146,88.87,0.5299,88.87,0.5295,0.0,0.0,4.199,78.5,99,0,60.0,2026-05-01T22:14:41.998008,4.199
2026-05-01T22:13:42.050141,88.87,0.5299,88.87,0.5297,0.0,0.0,4.199,78.5,99,0,60.0,2026-05-01T22:14:42.050020,4.199
2026-05-01T22:13:43.003520,88.86,0.5282,88.86,0.5293,0.0,0.0,4.199,78.5,99,0,60.0,2026-05-01T22:14:43.003354,4.199
2026-05-01T22:13:43.055264,88.86,0.5282,88.86,0.5288,0.0,0.0,4.199,78.5,99,0,60.0,2026-05-01T22:14:43.055141,4.199
2026-05-01T22:13:44.020670,88.86,0.5282,88.86,0.5286,0.0,0.0,4.199,78.5,99,0,60.0,2026-05-01T22:14:44.020521,4.199
2026-05-01T22:13:44.074054,88.85,0.5282,88.85,0.5271,0.0,0.0,4.199,78.5,99,0,60.0,2026-05-01T22:14:44.073920,4.199
2026-05-01T22:13:44.125145,88.85,0.5282,88.85,0.5275,0.0,0.0,4.199,78.5,99,0,60.0,2026-05-01T22:14:44.125035,4.199
2026-05-01T22:13:45.088719,88.85,0.5282,88.85,0.5279,0.0,0.0,4.199,78.5,99,0,60.0,2026-05-01T22:14:45.088557,4.199
2026-05-01T22:13:45.141971,88.85,0.5301,88.85,0.5281,0.0,0.0,4.199,78.5,99,0,60.0,2026-05-01T22:14:45.141829,4.199
2026-05-01T22:13:45.195847,88.85,0.5301,88.85,0.5288,0.0,0.0,4.199,78.5,99,0,60.0,2026-05-01T22:14:45.195691,4.199
2026-05-01T22:13:46.142537,88.84,0.5301,88.84,0.5295,0.0,0.0,4.199,78.5,99,0,60.0,2026-05-01T22:14:46.142398,4.199
2026-05-01T22:13:46.194541,88.84,0.5305,88.84,0.5299,0.0,0.0,4.199,78.5,99,0,60.0,2026-05-01T22:14:46.194409,4.199
2026-05-01T22:13:46.245808,88.84,0.5305,88.84,0.5302,0.0,0.0,4.199,78.5,99,0,60.0,2026-05-01T22:14:46.245699,4.199
2026-05-01T22:13:47.200969,88.81,0.5299,88.83,0.5302,0.0,0.0,4.199,78.5,99,0,60.0,2026-05-01T22:14:47.200775,4.199
2026-05-01T22:13:47.253107,88.81,0.5314,88.82,0.5307,0.0,0.0,4.199,78.5,99,0,60.0,2026-05-01T22:14:47.252980,4.199
2026-05-01T22:13:47.305279,88.81,0.5314,88.82,0.531,0.0,0.0,4.199,78.5,99,0,60.0,2026-05-01T22:14:47.305095,4.199
2026-05-01T22:13:48.474462,88.8,0.5333,88.81,0.5315,0.0,0.0,4.199,78.5,99,0,60.0,2026-05-01T22:14:48.474121,4.199
2026-05-01T22:13:48.657163,88.8,0.5333,88.81,0.5324,0.0,0.0,4.199,78.5,99,0,60.0,2026-05-01T22:14:48.656883,4.199
2026-05-01T22:13:49.267256,88.8,0.5333,88.81,0.5328,0.0,0.0,4.199,78.5,99,0,60.0,2026-05-01T22:14:49.266910,4.199
2026-05-01T22:13:49.324445,88.8,0.5341,88.81,0.5331,0.0,0.0,4.199,78.5,99,0,60.0,2026-05-01T22:14:49.324284,4.199
2026-05-01T22:13:49.380599,88.8,0.5341,88.81,0.5335,0.0,0.0,4.199,78.5,99,0,60.0,2026-05-01T22:14:49.380444,4.199
2026-05-01T22:13:50.330779,88.79,0.5341,88.8,0.5338,0.0,0.0,4.199,78.5,99,0,60.0,2026-05-01T22:14:50.330560,4.199
2026-05-01T22:13:50.385847,88.79,0.5305,88.8,0.5322,0.0,0.0,4.199,78.5,99,0,60.0,2026-05-01T22:14:50.384692,4.199
2026-05-01T22:13:50.441770,88.79,0.5305,88.8,0.5316,0.0,0.0,4.199,78.5,99,0,60.0,2026-05-01T22:14:50.441643,4.199
2026-05-01T22:13:51.388925,88.78,0.5274,88.79,0.5305,0.0,0.0,4.199,78.5,99,0,60.0,2026-05-01T22:14:51.388753,4.199
2026-05-01T22:13:51.445449,88.78,0.5274,88.79,0.529,0.0,0.0,4.199,78.5,99,0,60.0,2026-05-01T22:14:51.445268,4.199
2026-05-01T22:13:51.500372,88.78,0.5274,88.79,0.5284,0.0,0.0,4.199,78.5,99,0,60.0,2026-05-01T22:14:51.500114,4.199
2026-05-01T22:13:52.437278,88.77,0.5265,88.78,0.5276,0.0,0.0,4.199,78.5,99,0,60.0,2026-05-01T22:14:52.437138,4.199
2026-05-01T22:13:52.490840,88.77,0.5274,88.78,0.5275,0.0,0.0,4.199,78.5,99,0,60.0,2026-05-01T22:14:52.490678,4.199
2026-05-01T22:13:52.543780,88.77,0.5274,88.78,0.5275,0.0,0.0,4.199,78.5,99,0,60.0,2026-05-01T22:14:52.543650,4.199
2026-05-01T22:13:53.501238,88.76,0.5314,88.77,0.5283,0.0,0.0,4.199,78.5,99,0,60.0,2026-05-01T22:14:53.501047,4.199
2026-05-01T22:13:53.554382,88.76,0.5314,88.77,0.5296,0.0,0.0,4.199,78.5,99,0,60.0,2026-05-01T22:14:53.554254,4.199
2026-05-01T22:13:54.508248,88.76,0.5314,88.77,0.5304,0.0,0.0,4.199,78.5,99,0,60.0,2026-05-01T22:14:54.508074,4.199
2026-05-01T22:13:54.562143,88.75,0.5307,88.76,0.5307,0.0,0.0,4.199,78.5,99,0,60.0,2026-05-01T22:14:54.561816,4.199
2026-05-01T22:13:54.618148,88.75,0.5307,88.76,0.5307,0.0,0.0,4.199,78.5,99,0,60.0,2026-05-01T22:14:54.617975,4.199
2026-05-01T22:13:55.569195,88.75,0.5307,88.76,0.5307,0.0,0.0,4.199,78.5,99,0,60.0,2026-05-01T22:14:55.568975,4.199
2026-05-01T22:13:55.625569,88.75,0.4783,88.75,0.5086,0.0,0.0,4.199,78.5,99,0,60.0,2026-05-01T22:14:55.625424,4.199
2026-05-01T22:13:55.679510,88.75,0.4783,88.75,0.4976,0.0,0.0,4.199,78.5,99,0,60.0,2026-05-01T22:14:55.679379,4.199
2026-05-01T22:13:56.627055,88.75,0.4691,88.75,0.4856,0.0,0.0,4.199,78.5,99,0,60.0,2026-05-01T22:14:56.626858,4.199
2026-05-01T22:13:56.681220,88.75,0.4303,88.75,0.4601,0.0,0.0,4.199,78.5,99,0,60.0,2026-05-01T22:14:56.681081,4.199
2026-05-01T22:13:56.736073,88.75,0.4303,88.75,0.4498,0.0,0.0,4.199,78.5,99,0,60.0,2026-05-01T22:14:56.735915,4.199
2026-05-01T22:13:57.684239,88.74,0.3822,88.75,0.43,0.0,0.0,4.199,78.5,99,0,60.0,2026-05-01T22:14:57.684005,4.199
2026-05-01T22:13:57.738892,88.74,0.3874,88.75,0.4117,0.0,0.0,4.199,78.5,99,0,60.0,2026-05-01T22:14:57.738738,4.199
2026-05-01T22:13:57.793699,88.74,0.3874,88.75,0.4036,0.0,0.0,4.199,78.5,99,0,60.0,2026-05-01T22:14:57.793537,4.199
2026-05-01T22:13:58.741230,88.71,0.3393,88.73,0.3783,0.0,0.0,4.199,78.5,99,0,60.0,2026-05-01T22:14:58.741056,4.199
2026-05-01T22:13:58.798542,88.71,0.3393,88.72,0.3625,0.0,0.0,4.199,78.5,99,0,60.0,2026-05-01T22:14:58.798396,4.199
2026-05-01T22:13:59.758678,88.71,0.3393,88.72,0.3522,0.0,0.0,4.199,78.5,99,0,60.0,2026-05-01T22:14:59.758500,4.199
2026-05-01T22:13:59.812544,88.71,0.3088,88.72,0.3323,0.0,0.0,4.199,78.5,99,0,60.0,2026-05-01T22:14:59.812374,4.199
2026-05-01T22:13:59.867080,88.71,0.3088,88.71,0.3234,0.0,0.0,4.199,78.5,99,0,60.0,2026-05-01T22:14:59.866926,4.199
2026-05-01T22:14:00.815810,88.71,0.3088,88.71,0.3161,0.0,0.0,4.199,78.5,99,0,60.0,2026-05-01T22:15:00.815575,4.199
2026-05-01T22:14:00.876003,88.71,0.2844,88.71,0.3016,0.0,0.0,4.199,78.5,99,0,60.0,2026-05-01T22:15:00.875854,4.199
2026-05-01T22:14:00.931079,88.71,0.2844,88.71,0.2953,0.0,0.0,4.199,78.5,99,0,60.0,2026-05-01T22:15:00.930926,4.199
2026-05-01T22:14:01.863988,88.7,0.2844,88.71,0.2898,0.0,0.0,4.199,78.5,99,0,60.0,2026-05-01T22:15:01.863760,4.199
2026-05-01T22:14:01.919455,88.7,0.2557,88.71,0.2748,0.0,0.0,4.199,78.5,99,0,60.0,2026-05-01T22:15:01.919303,4.199
2026-05-01T22:14:01.971132,88.7,0.2557,88.71,0.2679,0.0,0.0,4.199,78.5,99,0,60.0,2026-05-01T22:15:01.971002,4.199
2026-05-01T22:14:02.920165,88.69,0.2556,88.7,0.2612,0.0,0.0,4.199,78.5,99,0,60.0,2026-05-01T22:15:02.919952,4.199
2026-05-01T22:14:03.013409,88.69,0.2557,84.63,0.2399,0.0,0.3,4.199,78.5,99,0,60.0,2026-05-01T22:15:03.012958,4.474
2026-05-01T22:14:03.099684,88.69,0.2557,84.63,0.2388,0.0,0.3,4.199,78.5,99,0,60.0,2026-05-01T22:15:03.099315,4.474
2026-05-01T22:14:03.972345,88.69,0.2556,84.59,0.2376,0.0,0.3,4.199,78.5,99,0,60.0,2026-05-01T22:15:03.972180,4.478
2026-05-01T22:14:04.039996,88.69,0.2396,77.96,0.1915,0.0,0.89,4.199,78.5,99,0,60.0,2026-05-01T22:15:04.039856,5.025
2026-05-01T22:14:04.106233,88.69,0.2396,77.96,0.1883,0.0,0.89,4.199,78.5,99,0,60.0,2026-05-01T22:15:04.106102,5.026
2026-05-01T22:14:05.039742,88.68,0.2236,77.9,0.1822,0.0,0.89,4.199,78.5,99,0,60.0,2026-05-01T22:15:05.039539,5.035
2026-05-01T22:14:05.113590,88.68,0.2254,77.05,0.1699,0.0,0.98,4.199,78.5,99,0,60.0,2026-05-01T22:15:05.113427,5.119
2026-05-01T22:14:05.201903,88.68,0.2254,77.05,0.1673,0.0,0.98,4.199,78.5,99,0,60.0,2026-05-01T22:15:05.201676,5.118
2026-05-01T22:14:06.093622,88.68,0.2065,77.02,0.1589,0.0,0.98,4.199,78.5,99,0,60.0,2026-05-01T22:15:06.093424,5.126
2026-05-01T22:14:06.171342,88.68,0.2065,77.04,0.1529,0.0,0.98,4.199,78.5,99,0,60.0,2026-05-01T22:15:06.171177,5.123
2026-05-01T22:14:07.109250,88.68,0.2065,76.96,0.1482,0.0,0.98,4.199,78.5,99,0,60.0,2026-05-01T22:15:07.109072,5.133
2026-05-01T22:14:07.181790,88.67,0.1831,79.55,0.1555,0.0,0.73,4.199,78.5,99,0,60.0,2026-05-01T22:15:07.181628,4.895
2026-05-01T22:14:07.252240,88.67,0.1831,79.58,0.149,0.0,0.73,4.199,78.5,99,0,60.0,2026-05-01T22:15:07.252072,4.892
2026-05-01T22:14:08.161085,88.65,0.1831,79.52,0.1434,0.0,0.73,4.199,78.5,99,0,60.0,2026-05-01T22:15:08.160900,4.897
2026-05-01T22:14:08.245954,88.65,0.1651,81.54,0.145,0.0,0.55,4.199,78.5,99,0,60.0,2026-05-01T22:15:08.245800,4.725
2026-05-01T22:14:08.318089,88.65,0.1651,81.55,0.1404,0.0,0.55,4.199,78.5,99,0,60.0,2026-05-01T22:15:08.317845,4.722
2026-05-01T22:14:09.208687,88.63,0.1651,81.51,0.1362,0.0,0.55,4.199,78.5,99,0,60.0,2026-05-01T22:15:09.208370,4.725
2026-05-01T22:14:09.285876,88.63,0.1408,83.17,0.1324,0.0,0.41,4.199,78.5,99,0,60.0,2026-05-01T22:15:09.285669,4.592
2026-05-01T22:14:09.355319,88.63,0.1408,83.19,0.1269,0.0,0.41,4.199,78.5,99,0,60.0,2026-05-01T22:15:09.355156,4.589
2026-05-01T22:14:10.269377,88.62,0.1316,83.15,0.1201,0.0,0.41,4.199,78.5,99,0,60.0,2026-05-01T22:15:10.269157,4.591
2026-05-01T22:14:10.353603,88.62,0.1308,84.41,0.12,0.0,0.31,4.199,78.5,99,0,60.0,2026-05-01T22:15:10.353408,4.496
2026-05-01T22:14:10.547368,88.62,0.1308,84.42,0.1175,0.0,0.31,4.199,78.5,99,0,60.0,2026-05-01T22:15:10.516745,4.495
2026-05-01T22:14:11.334179,88.6,0.1198,84.39,0.1132,0.0,0.31,4.199,78.5,99,0,60.0,2026-05-01T22:15:11.333951,4.495
2026-05-01T22:14:11.405172,88.6,0.1198,85.43,0.1131,0.0,0.23,4.199,78.5,99,0,60.0,2026-05-01T22:15:11.405013,4.419
2026-05-01T22:14:11.475888,88.6,0.1198,85.43,0.1111,0.0,0.23,4.199,78.5,99,0,60.0,2026-05-01T22:15:11.475735,4.418
2026-05-01T22:14:12.389645,88.59,0.0987,85.41,0.1031,0.0,0.23,4.199,78.5,99,0,60.0,2026-05-01T22:15:12.389440,4.418
2026-05-01T22:14:12.607476,88.59,0.0987,86.21,0.0991,0.0,0.17,4.199,78.5,99,0,60.0,2026-05-01T22:15:12.588479,4.362
2026-05-01T22:14:13.393913,88.59,0.0987,86.19,0.0944,0.0,0.17,4.199,78.5,99,0,60.0,2026-05-01T22:15:13.393721,4.362
2026-05-01T22:14:13.471011,88.58,0.0751,86.74,0.0862,0.0,0.13,4.199,78.5,99,0,60.0,2026-05-01T22:15:13.470829,4.325
2026-05-01T22:14:13.551568,88.58,0.0751,86.75,0.0792,0.0,0.13,4.199,78.5,99,0,60.0,2026-05-01T22:15:13.551395,4.324
2026-05-01T22:14:14.558303,88.58,0.0751,86.73,0.0743,0.0,0.13,4.199,78.5,99,0,60.0,2026-05-01T22:15:14.539632,4.324
2026-05-01T22:14:15.127172,88.57,0.0513,87.14,0.062,0.0,0.1,4.199,78.5,99,0,60.0,2026-05-01T22:15:15.119381,4.295
2026-05-01T22:14:15.644252,88.57,0.0513,87.14,0.0525,0.0,0.1,4.199,78.5,99,0,60.0,2026-05-01T22:15:15.643578,4.295
2026-05-01T22:14:15.836992,88.57,0.0513,87.15,0.0493,0.0,0.1,4.199,78.5,99,0,60.0,2026-05-01T22:15:15.836665,4.294
2026-05-01T22:14:16.034931,88.57,0.0513,87.57,0.049,0.0,0.07,4.199,78.5,99,0,60.0,2026-05-01T22:15:16.033323,4.266
2026-05-01T22:14:16.245537,88.57,0.0513,87.57,0.0484,0.0,0.07,4.199,78.5,99,0,60.0,2026-05-01T22:15:16.245166,4.266
2026-05-01T22:14:16.792416,88.57,0.0513,87.57,0.0481,0.0,0.07,4.199,78.5,99,0,60.0,2026-05-01T22:15:16.792130,4.266
2026-05-01T22:14:17.106136,88.57,0.0388,87.85,0.0427,0.0,0.05,4.199,78.5,99,0,60.0,2026-05-01T22:15:17.105001,4.248
2026-05-01T22:14:17.272729,88.57,0.0388,87.85,0.0397,0.0,0.05,4.199,78.5,99,0,60.0,2026-05-01T22:15:17.272467,4.247
2026-05-01T22:14:17.670877,88.57,0.0152,87.85,0.035,0.0,0.05,4.199,78.5,99,0,60.0,2026-05-01T22:15:17.670554,4.247
2026-05-01T22:14:17.813924,88.57,0.0162,87.99,0.0267,0.0,0.04,4.199,78.5,99,0,60.0,2026-05-01T22:15:17.813685,4.237
2026-05-01T22:14:18.303125,88.57,0.0162,87.99,0.0217,0.0,0.04,4.199,78.5,99,0,60.0,2026-05-01T22:15:18.298952,4.236
2026-05-01T22:14:18.895287,88.58,0,88.0,0.0119,0.0,0.04,4.199,78.5,99,0,60.0,2026-05-01T22:15:18.870839,4.236
2026-05-01T22:14:19.512289,88.58,0,88.14,0.0,0.0,0.03,4.199,78.5,99,0,60.0,2026-05-01T22:15:19.494095,4.227
2026-05-01T22:14:19.823360,88.58,0,88.14,0.0,0.0,0.03,4.199,78.5,99,0,60.0,2026-05-01T22:15:19.822993,4.227
2026-05-01T22:14:20.130951,88.59,0,88.15,0.0,0.0,0.03,4.199,78.5,99,0,60.0,2026-05-01T22:15:20.130555,4.227
2026-05-01T22:14:20.555195,88.59,0,88.29,0.0,0.0,0.02,4.199,78.5,99,0,60.0,2026-05-01T22:15:20.554948,4.218
2026-05-01T22:14:20.799072,88.59,0,88.29,0.0,0.0,0.02,4.199,78.5,99,0,60.0,2026-05-01T22:15:20.786575,4.218
2026-05-01T22:14:21.357500,88.59,0,88.3,0.0,0.0,0.02,4.199,78.5,99,0,60.0,2026-05-01T22:15:21.357074,4.218
2026-05-01T22:14:21.564037,88.59,0,88.3,0.0,0.0,0.02,4.199,78.5,99,0,60.0,2026-05-01T22:15:21.563735,4.218
2026-05-01T22:14:21.819718,88.6,0,88.3,0.0,0.0,0.02,4.199,78.5,99,0,60.0,2026-05-01T22:15:21.819387,4.217
2026-05-01T22:14:21.993530,88.6,0,88.45,0.0,0.0,0.01,4.199,78.5,99,0,60.0,2026-05-01T22:15:21.993201,4.208
2026-05-01T22:14:22.201085,88.6,0,88.45,0.0,0.0,0.01,4.199,78.5,99,0,60.0,2026-05-01T22:15:22.200004,4.208
2026-05-01T22:14:23.028086,88.61,0,88.46,0.0,0.0,0.01,4.199,78.5,99,0,60.0,2026-05-01T22:15:23.027866,4.208
2026-05-01T22:14:23.444662,88.61,0,88.46,0.0,0.0,0.01,4.199,78.5,99,0,60.0,2026-05-01T22:15:23.443523,4.208
2026-05-01T22:14:23.920819,88.61,0,88.47,0.0,0.0,0.01,4.199,78.5,99,0,60.0,2026-05-01T22:15:23.919266,4.208
2026-05-01T22:14:24.363345,88.62,0,88.47,0.0,0.0,0.01,4.199,78.5,99,0,60.0,2026-05-01T22:15:24.362892,4.208
2026-05-01T22:14:24.697421,88.62,0,88.47,0.0,0.0,0.01,4.199,78.5,99,0,60.0,2026-05-01T22:15:24.684312,4.208
2026-05-01T22:14:25.107551,88.62,0,88.48,0.0,0.0,0.01,4.199,78.5,99,0,60.0,2026-05-01T22:15:25.107162,4.208
2026-05-01T22:14:25.310135,88.62,0,88.48,0.0,0.0,0.01,4.199,78.5,99,0,60.0,2026-05-01T22:15:25.309812,4.208
2026-05-01T22:14:25.512497,88.62,0,88.48,0.0,0.0,0.01,4.199,78.5,99,0,60.0,2026-05-01T22:15:25.512210,4.208
2026-05-01T22:14:25.658821,88.62,0,88.48,0.0,0.0,0.01,4.199,78.5,99,0,60.0,2026-05-01T22:15:25.658425,4.208
2026-05-01T22:14:26.164164,88.62,0,88.48,0.0,0.0,0.01,4.199,78.5,99,0,60.0,2026-05-01T22:15:26.163905,4.208
2026-05-01T22:14:26.361816,88.62,0,88.62,0.0,0.0,0.0,4.199,78.5,99,0,60.0,2026-05-01T22:15:26.361491,4.199
2026-05-01T22:14:27.103627,88.62,0,88.62,0.0,0.0,0.0,4.199,78.5,99,0,60.0,2026-05-01T22:15:27.103292,4.199
2026-05-01T22:14:27.337401,88.64,0,88.63,0.0,0.0,0.0,4.199,78.5,99,0,60.0,2026-05-01T22:15:27.337107,4.199
2026-05-01T22:14:27.465614,88.64,0,88.63,0.0,0.0,0.0,4.199,78.5,99,0,60.0,2026-05-01T22:15:27.465288,4.199
2026-05-01T22:14:29.554716,88.64,0,88.64,0.0,0.0,0.0,4.199,78.5,99,0,60.0,2026-05-01T22:15:29.552565,4.199
2026-05-01T22:14:29.849389,88.64,0,88.64,0.0,0.0,0.0,4.199,78.5,99,0,60.0,2026-05-01T22:15:29.846875,4.199
2026-05-01T22:14:30.012877,88.64,0,88.64,0.0,0.0,0.0,4.199,78.5,99,0,60.0,2026-05-01T22:15:30.012606,4.199
2026-05-01T22:14:30.129819,88.64,0,88.64,0.0,0.0,0.0,4.199,78.5,99,0,60.0,2026-05-01T22:15:30.129559,4.199
2026-05-01T22:14:30.221524,88.64,0,88.64,0.0,0.0,0.0,4.199,78.5,99,0,60.0,2026-05-01T22:15:30.221322,4.199
2026-05-01T22:14:30.307134,88.64,0,88.64,0.0,0.0,0.0,4.199,78.5,99,0,60.0,2026-05-01T22:15:30.306964,4.199
2026-05-01T22:14:30.374835,88.65,0,88.64,0.0,0.0,0.0,4.199,78.5,99,0,60.0,2026-05-01T22:15:30.374670,4.199
2026-05-01T22:14:30.438170,88.65,0,88.64,0.0,0.0,0.0,4.199,78.5,99,0,60.0,2026-05-01T22:15:30.438010,4.199
2026-05-01T22:14:30.500288,88.65,0,88.65,0.0,0.0,0.0,4.199,78.5,99,0,60.0,2026-05-01T22:15:30.500138,4.199
2026-05-01T22:14:31.235564,88.65,0,88.65,0.0,0.0,0.0,4.199,78.5,99,0,60.0,2026-05-01T22:15:31.235432,4.199
2026-05-01T22:14:31.298780,88.65,0,88.65,0.0,0.0,0.0,4.199,78.5,99,0,60.0,2026-05-01T22:15:31.298669,4.199
2026-05-01T22:14:31.362257,88.65,0,88.65,0.0,0.0,0.0,4.199,78.5,99,0,60.0,2026-05-01T22:15:31.362128,4.199
2026-05-01T22:14:32.293250,88.65,0,88.65,0.0,0.0,0.0,4.199,78.5,99,0,60.0,2026-05-01T22:15:32.293098,4.199
2026-05-01T22:14:32.345161,88.65,0,88.65,0.0,0.0,0.0,4.199,78.5,99,0,60.0,2026-05-01T22:15:32.345050,4.199
2026-05-01T22:14:33.310557,88.65,0,88.65,0.0,0.0,0.0,4.199,78.5,99,0,60.0,2026-05-01T22:15:33.310269,4.199
2026-05-01T22:14:33.365069,88.66,0,88.66,0.0,0.0,0.0,4.199,78.5,99,0,60.0,2026-05-01T22:15:33.364934,4.199
2026-05-01T22:14:33.416722,88.66,0,88.66,0.0,0.0,0.0,4.199,78.5,99,0,60.0,2026-05-01T22:15:33.416581,4.199
2026-05-01T22:14:34.362166,88.66,0,88.66,0.0,0.0,0.0,4.199,78.5,99,0,60.0,2026-05-01T22:15:34.362025,4.199
2026-05-01T22:14:34.417881,88.66,0,88.66,0.0,0.0,0.0,4.199,78.5,99,0,60.0,2026-05-01T22:15:34.417654,4.199
2026-05-01T22:14:34.470770,88.66,0,88.66,0.0,0.0,0.0,4.199,78.5,99,0,60.0,2026-05-01T22:15:34.470634,4.199
2026-05-01T22:14:35.422231,88.66,0,88.66,0.0,0.0,0.0,4.199,78.5,99,0,60.0,2026-05-01T22:15:35.422078,4.199
2026-05-01T22:14:35.474968,88.66,0,88.66,0.0,0.0,0.0,4.199,78.5,99,0,60.0,2026-05-01T22:15:35.474847,4.199
2026-05-01T22:14:35.527600,88.66,0,88.66,0.0,0.0,0.0,4.199,78.5,99,0,60.0,2026-05-01T22:15:35.527482,4.199
2026-05-01T22:14:36.470260,88.66,0,88.66,0.0,0.0,0.0,4.199,78.5,99,0,60.0,2026-05-01T22:15:36.470094,4.199
2026-05-01T22:14:36.522891,88.66,0,88.66,0.0,0.0,0.0,4.199,78.5,99,0,60.0,2026-05-01T22:15:36.522774,4.199
2026-05-01T22:14:36.575219,88.66,0,88.66,0.0,0.0,0.0,4.199,78.5,99,0,60.0,2026-05-01T22:15:36.575102,4.199
2026-05-01T22:14:37.524115,88.66,0,88.66,0.0,0.0,0.0,4.199,78.5,99,0,60.0,2026-05-01T22:15:37.523960,4.199
2026-05-01T22:14:37.576708,88.66,0,88.66,0.0,0.0,0.0,4.199,78.5,99,0,60.0,2026-05-01T22:15:37.576591,4.199
2026-05-01T22:14:38.549194,88.66,0,88.66,0.0,0.0,0.0,4.199,78.5,99,0,60.0,2026-05-01T22:15:38.548810,4.199
2026-05-01T22:14:38.692876,88.66,0,88.66,0.0,0.0,0.0,4.199,78.5,99,0,60.0,2026-05-01T22:15:38.692699,4.199
2026-05-01T22:14:38.758852,88.66,0,88.66,0.0,0.0,0.0,4.199,78.5,99,0,60.0,2026-05-01T22:15:38.758700,4.199
2026-05-01T22:14:39.588174,88.66,0,88.66,0.0,0.0,0.0,4.199,78.5,99,0,60.0,2026-05-01T22:15:39.588008,4.199
2026-05-01T22:14:39.643936,88.66,0,88.66,0.0,0.0,0.0,4.199,78.5,99,0,60.0,2026-05-01T22:15:39.643723,4.199
2026-05-01T22:14:39.696748,88.66,0,88.66,0.0,0.0,0.0,4.199,78.5,99,0,60.0,2026-05-01T22:15:39.696629,4.199
2026-05-01T22:14:40.652827,88.65,0,88.66,0.0,0.0,0.0,4.199,78.5,99,0,60.0,2026-05-01T22:15:40.652611,4.199
2026-05-01T22:14:40.708820,88.65,0,88.66,0.0,0.0,0.0,4.199,78.5,99,0,60.0,2026-05-01T22:15:40.708678,4.199
2026-05-01T22:14:40.761592,88.65,0,88.65,0.0,0.0,0.0,4.199,78.5,99,0,60.0,2026-05-01T22:15:40.761464,4.199
2026-05-01T22:14:41.707357,88.65,0,88.65,0.0,0.0,0.0,4.199,78.5,99,0,60.0,2026-05-01T22:15:41.707209,4.199
2026-05-01T22:14:41.760687,88.65,0,88.65,0.0,0.0,0.0,4.199,78.5,99,0,60.0,2026-05-01T22:15:41.760566,4.199
2026-05-01T22:14:41.812766,88.65,0,88.65,0.0,0.0,0.0,4.199,78.5,99,0,60.0,2026-05-01T22:15:41.812656,4.199
2026-05-01T22:14:42.763077,88.65,0,88.65,0.0,0.0,0.0,4.199,78.5,99,0,60.0,2026-05-01T22:15:42.762921,4.199
2026-05-01T22:14:42.816753,88.65,0,88.65,0.0,0.0,0.0,4.199,78.5,99,0,60.0,2026-05-01T22:15:42.816629,4.199
2026-05-01T22:14:42.869323,88.65,0,88.65,0.0,0.0,0.0,4.199,78.5,99,0,60.0,2026-05-01T22:15:42.869206,4.199
2026-05-01T22:14:43.818488,88.64,0,88.65,0.0,0.0,0.0,4.199,78.5,99,0,60.0,2026-05-01T22:15:43.818327,4.199
2026-05-01T22:14:43.870834,88.64,0,88.64,0.0,0.0,0.0,4.199,78.5,99,0,60.0,2026-05-01T22:15:43.870717,4.199
2026-05-01T22:14:44.833768,88.64,0,88.64,0.0,0.0,0.0,4.199,78.5,99,0,60.0,2026-05-01T22:15:44.833547,4.199
2026-05-01T22:14:44.891130,88.62,0,88.63,0.0,0.0,0.0,4.199,78.5,99,0,60.0,2026-05-01T22:15:44.889353,4.199
2026-05-01T22:14:44.949108,88.62,0,88.63,0.0,0.0,0.0,4.199,78.5,99,0,60.0,2026-05-01T22:15:44.948905,4.199
2026-05-01T22:14:45.891635,88.61,0,88.62,0.0,0.0,0.0,4.199,78.5,99,0,60.0,2026-05-01T22:15:45.891487,4.199
2026-05-01T22:14:45.947103,88.61,0,88.62,0.0,0.0,0.0,4.199,78.5,99,0,60.0,2026-05-01T22:15:45.946960,4.199
2026-05-01T22:14:46.000749,88.61,0,88.61,0.0,0.0,0.0,4.199,78.5,99,0,60.0,2026-05-01T22:15:46.000623,4.199
2026-05-01T22:14:46.937483,88.6,0,88.61,0.0,0.0,0.0,4.199,78.5,99,0,60.0,2026-05-01T22:15:46.937334,4.199
2026-05-01T22:14:46.995253,88.6,0,88.61,0.0,0.0,0.0,4.199,78.5,99,0,60.0,2026-05-01T22:15:46.994372,4.199
2026-05-01T22:14:47.062956,88.6,0,88.6,0.0,0.0,0.0,4.199,78.5,99,0,60.0,2026-05-01T22:15:47.062778,4.199
2026-05-01T22:14:47.990724,88.57,0,88.59,0.0,0.0,0.0,4.199,78.5,99,0,60.0,2026-05-01T22:15:47.990555,4.199
2026-05-01T22:14:48.043121,88.57,0,88.58,0.0,0.0,0.0,4.199,78.5,99,0,60.0,2026-05-01T22:15:48.042988,4.199
2026-05-01T22:14:48.095381,88.57,0,88.58,0.0,0.0,0.0,4.199,78.5,99,0,60.0,2026-05-01T22:15:48.095242,4.199
2026-05-01T22:14:49.042421,88.54,0,88.56,0.0,0.0,0.0,4.199,78.5,99,0,60.0,2026-05-01T22:15:49.042248,4.199
2026-05-01T22:14:49.097543,88.54,0,88.55,0.0,0.0,0.0,4.199,78.5,99,0,60.0,2026-05-01T22:15:49.097385,4.199
2026-05-01T22:14:49.151378,88.54,0,88.55,0.0,0.0,0.0,4.199,78.5,99,0,60.0,2026-05-01T22:15:49.151245,4.199
2026-05-01T22:14:50.107631,88.5,0,88.52,0.0,0.0,0.0,4.199,78.5,99,0,60.0,2026-05-01T22:15:50.107322,4.199
2026-05-01T22:14:50.160234,88.5,0,88.51,0.0,0.0,0.0,4.199,78.5,99,0,60.0,2026-05-01T22:15:50.160080,4.199
2026-05-01T22:14:51.119609,88.5,0,88.51,0.0,0.0,0.0,4.199,78.5,99,0,60.0,2026-05-01T22:15:51.119431,4.199
2026-05-01T22:14:51.175735,88.47,0,88.49,0.0,0.0,0.0,4.199,78.5,99,0,60.0,2026-05-01T22:15:51.175566,4.199
2026-05-01T22:14:51.230743,88.47,0,88.48,0.0,0.0,0.0,4.199,78.5,99,0,60.0,2026-05-01T22:15:51.230599,4.199
2026-05-01T22:14:52.177707,88.42,0,88.47,0.0,0.0,0.0,4.199,78.5,99,0,60.0,2026-05-01T22:15:52.177562,4.199
2026-05-01T22:14:52.230986,88.42,0,88.44,0.0,0.0,0.0,4.199,78.5,99,0,60.0,2026-05-01T22:15:52.230859,4.199
2026-05-01T22:14:52.282843,88.42,0,88.43,0.0,0.0,0.0,4.199,78.5,99,0,60.0,2026-05-01T22:15:52.282720,4.199
2026-05-01T22:14:53.235441,88.41,0,88.42,0.0,0.0,0.0,4.199,78.5,99,0,60.0,2026-05-01T22:15:53.235261,4.199
2026-05-01T22:14:53.291190,88.41,0,88.41,0.0,0.0,0.0,4.199,78.5,99,0,60.0,2026-05-01T22:15:53.291025,4.199
2026-05-01T22:14:53.344191,88.41,0,88.41,0.0,0.0,0.0,4.199,78.5,99,0,60.0,2026-05-01T22:15:53.344052,4.199
2026-05-01T22:14:54.290392,88.38,0,88.4,0.0,0.0,0.0,4.199,78.5,99,0,60.0,2026-05-01T22:15:54.290250,4.199
2026-05-01T22:14:54.346208,88.38,0,88.39,0.0,0.0,0.0,4.199,78.5,99,0,60.0,2026-05-01T22:15:54.346031,4.199
2026-05-01T22:14:54.403339,88.38,0,88.38,0.0,0.0,0.0,4.199,78.5,99,0,60.0,2026-05-01T22:15:54.403182,4.199
2026-05-01T22:14:55.334212,88.34,0,88.37,0.0,0.0,0.0,4.199,78.5,99,0,60.0,2026-05-01T22:15:55.333966,4.199
2026-05-01T22:14:55.404517,88.34,0,88.36,0.0,0.0,0.0,4.199,78.5,99,0,60.0,2026-05-01T22:15:55.404225,4.199
2026-05-01T22:14:55.464381,88.34,0,88.35,0.0,0.0,0.0,4.199,78.5,99,0,60.0,2026-05-01T22:15:55.464221,4.199
2026-05-01T22:14:56.438190,88.31,0,88.33,0.0,0.0,0.0,4.199,78.5,99,0,60.0,2026-05-01T22:15:56.438054,4.199
2026-05-01T22:14:56.501200,88.31,0,88.33,0.0,0.0,0.0,4.199,78.5,99,0,60.0,2026-05-01T22:15:56.500981,4.199
2026-05-01T22:14:57.405425,88.31,0,88.32,0.0,0.0,0.0,4.199,78.5,99,0,60.0,2026-05-01T22:15:57.405223,4.199
2026-05-01T22:14:57.477331,88.26,0,88.29,0.0,0.0,0.0,4.199,78.5,99,0,60.0,2026-05-01T22:15:57.477161,4.199
2026-05-01T22:14:57.533912,88.26,0,88.28,0.0,0.0,0.0,4.199,78.5,99,0,60.0,2026-05-01T22:15:57.533755,4.199
2026-05-01T22:14:58.463954,88.26,0,88.27,0.0,0.0,0.0,4.199,78.5,99,0,60.0,2026-05-01T22:15:58.463476,4.199
2026-05-01T22:14:58.548706,88.18,0,88.23,0.0,0.0,0.0,4.199,78.5,99,0,60.0,2026-05-01T22:15:58.548418,4.199
2026-05-01T22:14:58.640944,88.18,0,88.21,0.0,0.0,0.0,4.199,78.5,99,0,60.0,2026-05-01T22:15:58.640765,4.199
2026-05-01T22:14:59.513213,88.09,0,88.18,0.0,0.0,0.0,4.199,78.5,99,0,60.0,2026-05-01T22:15:59.512947,4.199
2026-05-01T22:14:59.576868,88.09,0,88.14,0.0,0.0,0.0,4.199,78.5,99,0,60.0,2026-05-01T22:15:59.576664,4.199
2026-05-01T22:14:59.648045,88.09,0,88.12,0.0,0.0,0.0,4.199,78.5,99,0,60.0,2026-05-01T22:15:59.647886,4.199
2026-05-01T22:15:00.560553,87.99,0,88.08,0.0,0.0,0.0,4.199,78.5,99,0,60.0,2026-05-01T22:16:00.560333,4.199
2026-05-01T22:15:00.616809,87.99,0,88.04,0.0,0.0,0.0,4.199,78.5,99,0,60.0,2026-05-01T22:16:00.616620,4.199
2026-05-01T22:15:00.683131,87.99,0,88.02,0.0,0.0,0.0,4.199,78.5,99,0,60.0,2026-05-01T22:16:00.682921,4.199
2026-05-01T22:15:01.618211,87.86,0,87.96,0.0,0.0,0.0,4.199,78.5,99,0,60.0,2026-05-01T22:16:01.617380,4.199
2026-05-01T22:15:01.678488,87.86,0,87.92,0.0,0.0,0.0,4.199,78.5,99,0,60.0,2026-05-01T22:16:01.678320,4.199
2026-05-01T22:15:01.735629,87.86,0,87.9,0.0,0.0,0.0,4.199,78.5,99,0,60.0,2026-05-01T22:16:01.735443,4.199
2026-05-01T22:15:02.678522,87.75,0,87.83,0.0,0.0,0.0,4.199,78.5,99,0,60.0,2026-05-01T22:16:02.678222,4.199
2026-05-01T22:15:02.744326,87.75,0,87.8,0.0,0.0,0.0,4.199,78.5,99,0,60.0,2026-05-01T22:16:02.744168,4.199
2026-05-01T22:15:03.462364,87.75,0,87.78,0.0,0.0,0.0,4.199,78.5,99,0,60.0,2026-05-01T22:16:03.462198,4.199
2026-05-01T22:15:03.731829,87.62,0,87.71,0.0,0.0,0.0,4.199,78.5,99,0,60.0,2026-05-01T22:16:03.731689,4.199
2026-05-01T22:15:03.787470,87.62,0,87.68,0.0,0.0,0.0,4.199,78.5,99,0,60.0,2026-05-01T22:16:03.787335,4.199
2026-05-01T22:15:04.741886,87.62,0,87.65,0.0,0.0,0.0,4.199,78.5,99,0,60.0,2026-05-01T22:16:04.741671,4.199
2026-05-01T22:15:04.803545,87.49,0,87.57,0.0,0.0,0.0,4.199,78.5,99,0,60.0,2026-05-01T22:16:04.803110,4.199
2026-05-01T22:15:04.863448,87.49,0,87.54,0.0,0.0,0.0,4.199,78.5,99,0,60.0,2026-05-01T22:16:04.863271,4.199
2026-05-01T22:15:05.796729,87.37,0,87.5,0.0,0.0,0.0,4.199,78.5,99,0,60.0,2026-05-01T22:16:05.796551,4.199
2026-05-01T22:15:05.852554,87.37,0,87.44,0.0,0.0,0.0,4.199,78.5,99,0,60.0,2026-05-01T22:16:05.852394,4.199
2026-05-01T22:15:05.909485,87.37,0,87.42,0.0,0.0,0.0,4.199,78.5,99,0,60.0,2026-05-01T22:16:05.909251,4.199
2026-05-01T22:15:06.853489,87.25,0,87.36,0.0,0.0,0.0,4.199,78.5,99,0,60.0,2026-05-01T22:16:06.853324,4.199
2026-05-01T22:15:06.914144,87.25,0,87.31,0.0,0.0,0.0,4.199,78.5,99,0,60.0,2026-05-01T22:16:06.914000,4.199
2026-05-01T22:15:07.049073,87.25,0,87.29,0.0,0.0,0.0,4.199,78.5,99,0,60.0,2026-05-01T22:16:07.048908,4.199
2026-05-01T22:15:07.919878,87.12,0,87.22,0.0,0.0,0.0,4.199,78.5,99,0,60.0,2026-05-01T22:16:07.919488,4.199
2026-05-01T22:15:07.980543,87.12,0,87.18,0.0,0.0,0.0,4.199,78.5,99,0,60.0,2026-05-01T22:16:07.980383,4.199
2026-05-01T22:15:08.036417,87.12,0,87.16,0.0,0.0,0.0,4.199,78.5,99,0,60.0,2026-05-01T22:16:08.036262,4.199
2026-05-01T22:15:08.960582,87.01,0,87.1,0.0,0.0,0.0,4.199,78.5,99,0,60.0,2026-05-01T22:16:08.960380,4.199
2026-05-01T22:15:09.021304,87.01,0,87.06,0.0,0.0,0.0,4.199,78.5,99,0,60.0,2026-05-01T22:16:09.021175,4.199
2026-05-01T22:15:09.096171,87.01,0,87.04,0.0,0.0,0.0,4.199,78.5,99,0,60.0,2026-05-01T22:16:09.095984,4.199
2026-05-01T22:15:10.013443,86.88,0,86.97,0.0,0.0,0.0,4.199,78.5,99,0,60.0,2026-05-01T22:16:10.013231,4.199
2026-05-01T22:15:10.071256,86.88,0,86.94,0.0,0.0,0.0,4.199,78.5,99,0,60.0,2026-05-01T22:16:10.071099,4.199
2026-05-01T22:15:11.029600,86.88,0,86.91,0.0,0.0,0.0,4.199,78.5,99,0,60.0,2026-05-01T22:16:11.029387,4.199
2026-05-01T22:15:11.093083,86.78,0,86.85,0.0,0.0,0.0,4.199,78.5,99,0,60.0,2026-05-01T22:16:11.092889,4.199
2026-05-01T22:15:11.158236,86.78,0,86.82,0.0,0.0,0.0,4.199,78.5,99,0,60.0,2026-05-01T22:16:11.158047,4.199
2026-05-01T22:15:12.095669,86.68,0,86.79,0.0,0.0,0.0,4.199,78.5,99,0,60.0,2026-05-01T22:16:12.095263,4.199
2026-05-01T22:15:12.156608,86.68,0,86.74,0.0,0.0,0.0,4.199,78.5,99,0,60.0,2026-05-01T22:16:12.156406,4.199
2026-05-01T22:15:12.212475,86.68,0,86.72,0.0,0.0,0.0,4.199,78.5,99,0,60.0,2026-05-01T22:16:12.212307,4.199
2026-05-01T22:15:13.147057,86.6,0,86.67,0.0,0.0,0.0,4.199,78.5,99,0,60.0,2026-05-01T22:16:13.146855,4.199
2026-05-01T22:15:13.220960,86.6,0,86.64,0.0,0.0,0.0,4.199,78.5,99,0,60.0,2026-05-01T22:16:13.220756,4.199
2026-05-01T22:15:13.286856,86.6,0,86.63,0.0,0.0,0.0,4.199,78.5,99,0,60.0,2026-05-01T22:16:13.286475,4.199
2026-05-01T22:15:14.189735,86.5,0,86.59,0.0,0.0,0.0,4.199,78.5,99,0,60.0,2026-05-01T22:16:14.189515,4.199
2026-05-01T22:15:14.246638,86.5,0,86.55,0.0,0.0,0.0,4.199,78.5,99,0,60.0,2026-05-01T22:16:14.245847,4.199
2026-05-01T22:15:14.403676,86.5,0,86.53,0.0,0.0,0.0,4.199,78.5,99,0,60.0,2026-05-01T22:16:14.403484,4.199
2026-05-01T22:15:15.256821,86.43,0,86.49,0.0,0.0,0.0,4.199,78.5,99,0,60.0,2026-05-01T22:16:15.256482,4.199
2026-05-01T22:15:15.314520,86.43,0,86.47,0.0,0.0,0.0,4.199,78.5,99,0,60.0,2026-05-01T22:16:15.314376,4.199
2026-05-01T22:15:15.378148,86.43,0,86.46,0.0,0.0,0.0,4.199,78.5,99,0,60.0,2026-05-01T22:16:15.377943,4.199
2026-05-01T22:15:16.306659,86.36,0,86.41,0.0,0.0,0.0,4.199,78.5,99,0,60.0,2026-05-01T22:16:16.306477,4.199
2026-05-01T22:15:16.361486,86.36,0,86.39,0.0,0.0,0.0,4.199,78.5,99,0,60.0,2026-05-01T22:16:16.361273,4.199
2026-05-01T22:15:17.318565,86.36,0,86.38,0.0,0.0,0.0,4.199,78.5,99,0,60.0,2026-05-01T22:16:17.318369,4.199
2026-05-01T22:15:17.376365,86.29,0,86.33,0.0,0.0,0.0,4.199,78.5,99,0,60.0,2026-05-01T22:16:17.376178,4.199
2026-05-01T22:15:17.438002,86.29,0,86.32,0.0,0.0,0.0,4.199,78.5,99,0,60.0,2026-05-01T22:16:17.437841,4.199
2026-05-01T22:15:18.374993,86.24,0,86.3,0.0,0.0,0.0,4.199,78.5,99,0,60.0,2026-05-01T22:16:18.374779,4.199
2026-05-01T22:15:18.435464,86.24,0,86.27,0.0,0.0,0.0,4.199,78.5,99,0,60.0,2026-05-01T22:16:18.435288,4.199
2026-05-01T22:15:18.490946,86.24,0,86.26,0.0,0.0,0.0,4.199,78.5,99,0,60.0,2026-05-01T22:16:18.490795,4.199
2026-05-01T22:15:19.427470,86.19,0,86.24,0.0,0.0,0.0,4.199,78.5,99,0,60.0,2026-05-01T22:16:19.427160,4.199
2026-05-01T22:15:19.481991,86.19,0,86.22,0.0,0.0,0.0,4.199,78.5,99,0,60.0,2026-05-01T22:16:19.481838,4.199
2026-05-01T22:15:19.535442,86.19,0,86.21,0.0,0.0,0.0,4.199,78.5,99,0,60.0,2026-05-01T22:16:19.535291,4.199
2026-05-01T22:15:20.479110,86.14,0,86.18,0.0,0.0,0.0,4.199,78.5,99,0,60.0,2026-05-01T22:16:20.478916,4.199
2026-05-01T22:15:20.535146,86.14,0,86.16,0.0,0.0,0.0,4.199,78.5,99,0,60.0,2026-05-01T22:16:20.535017,4.199
2026-05-01T22:15:20.593269,86.14,0,86.15,0.0,0.0,0.0,4.199,78.5,99,0,60.0,2026-05-01T22:16:20.593097,4.199
2026-05-01T22:15:21.550101,86.1,0,86.13,0.0,0.0,0.0,4.199,78.5,99,0,60.0,2026-05-01T22:16:21.549628,4.199
2026-05-01T22:15:21.603422,86.1,0,86.12,0.0,0.0,0.0,4.199,78.5,99,0,60.0,2026-05-01T22:16:21.603270,4.199
2026-05-01T22:15:21.656316,86.1,0,86.11,0.0,0.0,0.0,4.199,78.5,99,0,60.0,2026-05-01T22:16:21.656170,4.199
2026-05-01T22:15:22.588215,86.07,0,86.09,0.0,0.0,0.0,4.199,78.5,99,0,60.0,2026-05-01T22:16:22.588044,4.199
2026-05-01T22:15:22.640280,86.07,0,86.08,0.0,0.0,0.0,4.199,78.5,99,0,60.0,2026-05-01T22:16:22.640144,4.199
2026-05-01T22:15:23.490966,86.07,0,86.07,0.0,0.0,0.0,4.199,78.5,99,0,60.0,2026-05-01T22:16:23.490775,4.199
2026-05-01T22:15:23.635105,86.06,0,86.07,0.0,0.0,0.0,4.199,78.5,99,0,60.0,2026-05-01T22:16:23.634949,4.199
2026-05-01T22:15:23.687865,86.06,0,86.06,0.0,0.0,0.0,4.199,78.5,99,0,60.0,2026-05-01T22:16:23.687735,4.199
2026-05-01T22:15:24.656327,86.06,0,86.06,0.0,0.0,0.0,4.199,78.5,99,0,60.0,2026-05-01T22:16:24.656160,4.199
2026-05-01T22:15:24.710511,86.05,0,86.05,0.0,0.0,0.0,4.199,78.5,99,0,60.0,2026-05-01T22:16:24.710364,4.199
2026-05-01T22:15:24.763302,86.05,0,86.05,0.0,0.0,0.0,4.199,78.5,99,0,60.0,2026-05-01T22:16:24.763153,4.199
2026-05-01T22:15:25.711325,86.05,0,86.05,0.0,0.0,0.0,4.199,78.5,99,0,60.0,2026-05-01T22:16:25.711057,4.199
2026-05-01T22:15:25.774177,86.05,0,86.05,0.0,0.0,0.0,4.199,78.5,99,0,60.0,2026-05-01T22:16:25.774050,4.199
2026-05-01T22:15:25.828516,86.05,0,86.05,0.0,0.0,0.0,4.199,78.5,99,0,60.0,2026-05-01T22:16:25.828424,4.199
2026-05-01T22:15:26.765626,86.05,0,86.05,0.0,0.0,0.0,4.199,78.5,99,0,60.0,2026-05-01T22:16:26.765440,4.199
2026-05-01T22:15:26.819547,86.05,0,86.05,0.0,0.0,0.0,4.199,78.5,99,0,60.0,2026-05-01T22:16:26.819414,4.199
2026-05-01T22:15:26.876433,86.05,0,86.05,0.0,0.0,0.0,4.199,78.5,99,0,60.0,2026-05-01T22:16:26.876330,4.199
2026-05-01T22:15:27.820694,86.06,0,86.05,0.0,0.0,0.0,4.199,78.5,99,0,60.0,2026-05-01T22:16:27.820324,4.199
2026-05-01T22:15:27.958427,86.06,0,86.05,0.0,0.0,0.0,4.199,78.5,99,0,60.0,2026-05-01T22:16:27.958245,4.199
2026-05-01T22:15:28.015506,86.06,0,86.05,0.0,0.0,0.0,4.199,78.5,99,0,60.0,2026-05-01T22:16:28.015319,4.199
2026-05-01T22:15:28.870939,86.07,0,86.06,0.0,0.0,0.0,4.199,78.5,99,0,60.0,2026-05-01T22:16:28.870806,4.199
2026-05-01T22:15:28.932352,86.07,0,86.06,0.0,0.0,0.0,4.199,78.5,99,0,60.0,2026-05-01T22:16:28.932206,4.199
2026-05-01T22:15:28.987660,86.07,0,86.06,0.0,0.0,0.0,4.199,78.5,99,0,60.0,2026-05-01T22:16:28.987357,4.199
2026-05-01T22:15:29.930927,86.09,0,86.07,0.0,0.0,0.0,4.199,78.5,99,0,60.0,2026-05-01T22:16:29.930791,4.199
2026-05-01T22:15:29.987737,86.09,0,86.08,0.0,0.0,0.0,4.199,78.5,99,0,60.0,2026-05-01T22:16:29.987572,4.199
2026-05-01T22:15:30.950861,86.09,0,86.08,0.0,0.0,0.0,4.199,78.5,99,0,60.0,2026-05-01T22:16:30.950685,4.199
2026-05-01T22:15:31.026081,86.1,0,86.09,0.0,0.0,0.0,4.199,78.5,99,0,60.0,2026-05-01T22:16:31.025882,4.199
2026-05-01T22:15:31.082363,86.1,0,86.09,0.0,0.0,0.0,4.199,78.5,99,0,60.0,2026-05-01T22:16:31.082197,4.199
2026-05-01T22:15:32.002081,86.13,0,86.1,0.0,0.0,0.0,4.199,78.5,99,0,60.0,2026-05-01T22:16:32.001896,4.199
2026-05-01T22:15:32.059469,86.13,0,86.11,0.0,0.0,0.0,4.199,78.5,99,0,60.0,2026-05-01T22:16:32.059321,4.199
2026-05-01T22:15:32.111220,86.13,0,86.12,0.0,0.0,0.0,4.199,78.5,99,0,60.0,2026-05-01T22:16:32.111104,4.199
2026-05-01T22:15:33.056651,86.15,0,86.13,0.0,0.0,0.0,4.199,78.5,99,0,60.0,2026-05-01T22:16:33.056503,4.199
2026-05-01T22:15:33.108901,86.15,0,86.14,0.0,0.0,0.0,4.199,78.5,99,0,60.0,2026-05-01T22:16:33.108769,4.199
2026-05-01T22:15:33.160108,86.15,0,86.14,0.0,0.0,0.0,4.199,78.5,99,0,60.0,2026-05-01T22:16:33.159999,4.199
2026-05-01T22:15:34.103762,86.17,0,86.15,0.0,0.0,0.0,4.199,78.5,99,0,60.0,2026-05-01T22:16:34.103620,4.199
2026-05-01T22:15:34.156599,86.17,0,86.16,0.0,0.0,0.0,4.199,78.5,99,0,60.0,2026-05-01T22:16:34.156469,4.199
2026-05-01T22:15:34.207985,86.17,0,86.16,0.0,0.0,0.0,4.199,78.5,99,0,60.0,2026-05-01T22:16:34.207875,4.199
2026-05-01T22:15:35.158635,86.21,0,86.18,0.0,0.0,0.0,4.199,78.5,99,0,60.0,2026-05-01T22:16:35.158474,4.199
2026-05-01T22:15:35.210544,86.21,0,86.19,0.0,0.0,0.0,4.199,78.5,99,0,60.0,2026-05-01T22:16:35.210394,4.199
2026-05-01T22:15:35.262509,86.21,0,86.2,0.0,0.0,0.0,4.199,78.5,99,0,60.0,2026-05-01T22:16:35.262389,4.199
2026-05-01T22:15:36.216571,86.24,0,86.22,0.0,0.0,0.0,4.199,78.5,99,0,60.0,2026-05-01T22:16:36.216369,4.199
2026-05-01T22:15:36.272921,86.24,0,86.23,0.0,0.0,0.0,4.199,78.5,99,0,60.0,2026-05-01T22:16:36.272792,4.199
2026-05-01T22:15:37.229813,86.24,0,86.23,0.0,0.0,0.0,4.199,78.5,99,0,60.0,2026-05-01T22:16:37.229670,4.199
2026-05-01T22:15:37.282794,86.28,0,86.26,0.0,0.0,0.0,4.199,78.5,99,0,60.0,2026-05-01T22:16:37.282647,4.199
2026-05-01T22:15:37.334904,86.28,0,86.26,0.0,0.0,0.0,4.199,78.5,99,0,60.0,2026-05-01T22:16:37.334787,4.199
2026-05-01T22:15:38.285885,86.31,0,86.28,0.0,0.0,0.0,4.199,78.5,99,0,60.0,2026-05-01T22:16:38.285680,4.199
2026-05-01T22:15:38.347697,86.31,0,86.29,0.0,0.0,0.0,4.199,78.5,99,0,60.0,2026-05-01T22:16:38.347546,4.199
2026-05-01T22:15:38.408120,86.31,0,86.3,0.0,0.0,0.0,4.199,78.5,99,0,60.0,2026-05-01T22:16:38.407958,4.199
2026-05-01T22:15:39.334032,86.35,0,86.31,0.0,0.0,0.0,4.199,78.5,99,0,60.0,2026-05-01T22:16:39.333893,4.199
2026-05-01T22:15:39.388016,86.35,0,86.33,0.0,0.0,0.0,4.199,78.5,99,0,60.0,2026-05-01T22:16:39.387883,4.199
2026-05-01T22:15:39.440761,86.35,0,86.34,0.0,0.0,0.0,4.199,78.5,99,0,60.0,2026-05-01T22:16:39.440631,4.199
2026-05-01T22:15:40.388906,86.4,0,86.36,0.0,0.0,0.0,4.199,78.5,99,0,60.0,2026-05-01T22:16:40.388751,4.199
2026-05-01T22:15:40.442437,86.4,0,86.38,0.0,0.0,0.0,4.199,78.5,99,0,60.0,2026-05-01T22:16:40.442299,4.199
2026-05-01T22:15:40.493829,86.4,0,86.39,0.0,0.0,0.0,4.199,78.5,99,0,60.0,2026-05-01T22:16:40.493711,4.199
2026-05-01T22:15:41.445439,86.44,0,86.41,0.0,0.0,0.0,4.199,78.5,99,0,60.0,2026-05-01T22:16:41.445288,4.199
2026-05-01T22:15:41.499316,86.44,0,86.42,0.0,0.0,0.0,4.199,78.5,99,0,60.0,2026-05-01T22:16:41.499186,4.199
2026-05-01T22:15:41.555324,86.44,0,86.43,0.0,0.0,0.0,4.199,78.5,99,0,60.0,2026-05-01T22:16:41.555192,4.199
2026-05-01T22:15:42.502673,86.48,0,86.46,0.0,0.0,0.0,4.199,78.5,99,0,60.0,2026-05-01T22:16:42.502516,4.199
2026-05-01T22:15:42.554786,86.48,0,86.47,0.0,0.0,0.0,4.199,78.5,99,0,60.0,2026-05-01T22:16:42.554670,4.199
2026-05-01T22:15:43.522559,86.48,0,86.47,0.0,0.0,0.0,4.199,78.5,99,0,60.0,2026-05-01T22:16:43.522405,4.199
2026-05-01T22:15:43.575525,86.52,0,86.49,0.0,0.0,0.0,4.199,78.5,99,0,60.0,2026-05-01T22:16:43.575385,4.199
2026-05-01T22:15:43.627557,86.52,0,86.5,0.0,0.0,0.0,4.199,78.5,99,0,60.0,2026-05-01T22:16:43.627426,4.199
2026-05-01T22:15:44.567179,86.52,0,86.51,0.0,0.0,0.0,4.199,78.5,99,0,60.0,2026-05-01T22:16:44.567028,4.199
2026-05-01T22:15:44.621058,86.55,0,86.53,0.0,0.0,0.0,4.199,78.5,99,0,60.0,2026-05-01T22:16:44.620901,4.199
2026-05-01T22:15:44.672933,86.55,0,86.53,0.0,0.0,0.0,4.199,78.5,99,0,60.0,2026-05-01T22:16:44.672815,4.199
2026-05-01T22:15:45.621685,86.59,0,86.55,0.0,0.0,0.0,4.199,78.5,99,0,60.0,2026-05-01T22:16:45.621527,4.199
2026-05-01T22:15:45.675629,86.59,0,86.56,0.0,0.0,0.0,4.199,78.5,99,0,60.0,2026-05-01T22:16:45.675484,4.199
2026-05-01T22:15:45.727561,86.59,0,86.57,0.0,0.0,0.0,4.199,78.5,99,0,60.0,2026-05-01T22:16:45.727438,4.199
2026-05-01T22:15:46.678075,86.63,0,86.59,0.0,0.0,0.0,4.199,78.5,99,0,60.0,2026-05-01T22:16:46.677886,4.199
2026-05-01T22:15:46.735230,86.63,0,86.61,0.0,0.0,0.0,4.199,78.5,99,0,60.0,2026-05-01T22:16:46.735059,4.199
2026-05-01T22:15:46.791248,86.63,0,86.61,0.0,0.0,0.0,4.199,78.5,99,0,60.0,2026-05-01T22:16:46.791126,4.199
2026-05-01T22:15:47.732051,86.67,0,86.64,0.0,0.0,0.0,4.199,78.5,99,0,60.0,2026-05-01T22:16:47.731894,4.199
2026-05-01T22:15:47.784709,86.67,0,86.65,0.0,0.0,0.0,4.199,78.5,99,0,60.0,2026-05-01T22:16:47.784574,4.199
2026-05-01T22:15:47.836663,86.67,0,86.66,0.0,0.0,0.0,4.199,78.5,99,0,60.0,2026-05-01T22:16:47.836516,4.199
2026-05-01T22:15:48.780174,86.72,0,86.68,0.0,0.0,0.0,4.199,78.5,99,0,60.0,2026-05-01T22:16:48.780022,4.199
2026-05-01T22:15:48.832881,86.72,0,86.7,0.0,0.0,0.0,4.199,78.5,99,0,60.0,2026-05-01T22:16:48.832743,4.199
2026-05-01T22:15:48.885052,86.72,0,86.7,0.0,0.0,0.0,4.199,78.5,99,0,60.0,2026-05-01T22:16:48.884905,4.199
2026-05-01T22:15:49.836783,86.77,0,86.74,0.0,0.0,0.0,4.199,78.5,99,0,60.0,2026-05-01T22:16:49.836556,4.199
2026-05-01T22:15:49.889266,86.77,0,86.75,0.0,0.0,0.0,4.199,78.5,99,0,60.0,2026-05-01T22:16:49.889134,4.199
2026-05-01T22:15:50.853980,86.77,0,86.76,0.0,0.0,0.0,4.199,78.5,99,0,60.0,2026-05-01T22:16:50.853824,4.199
2026-05-01T22:15:50.908482,86.82,0,86.79,0.0,0.0,0.0,4.199,78.5,99,0,60.0,2026-05-01T22:16:50.908341,4.199
2026-05-01T22:15:50.960184,86.82,0,86.8,0.0,0.0,0.0,4.199,78.5,99,0,60.0,2026-05-01T22:16:50.960062,4.199
2026-05-01T22:15:51.912497,86.87,0,86.82,0.0,0.0,0.0,4.199,78.5,99,0,60.0,2026-05-01T22:16:51.912352,4.199
2026-05-01T22:15:51.974033,86.87,0,86.84,0.0,0.0,0.0,4.199,78.5,99,0,60.0,2026-05-01T22:16:51.973864,4.199
2026-05-01T22:15:52.029564,86.87,0,86.85,0.0,0.0,0.0,4.199,78.5,99,0,60.0,2026-05-01T22:16:52.029418,4.199
2026-05-01T22:15:52.966796,86.92,0,86.88,0.0,0.0,0.0,4.199,78.5,99,0,60.0,2026-05-01T22:16:52.966621,4.199
2026-05-01T22:15:53.019823,86.92,0,86.9,0.0,0.0,0.0,4.199,78.5,99,0,60.0,2026-05-01T22:16:53.019679,4.199
2026-05-01T22:15:53.071366,86.92,0,86.91,0.0,0.0,0.0,4.199,78.5,99,0,60.0,2026-05-01T22:16:53.071244,4.199
2026-05-01T22:15:54.021668,86.98,0,86.94,0.0,0.0,0.0,4.199,78.5,99,0,60.0,2026-05-01T22:16:54.021505,4.199
2026-05-01T22:15:54.074610,86.98,0,86.95,0.0,0.0,0.0,4.199,78.5,99,0,60.0,2026-05-01T22:16:54.074464,4.199
2026-05-01T22:15:54.127565,86.98,0,86.96,0.0,0.0,0.0,4.199,78.5,99,0,60.0,2026-05-01T22:16:54.127414,4.199
2026-05-01T22:15:55.077460,87.02,0,86.99,0.0,0.0,0.0,4.199,78.5,99,0,60.0,2026-05-01T22:16:55.077303,4.199
2026-05-01T22:15:55.129887,87.02,0,87.0,0.0,0.0,0.0,4.199,78.5,99,0,60.0,2026-05-01T22:16:55.129759,4.199
2026-05-01T22:15:56.094744,87.02,0,87.0,0.0,0.0,0.0,4.199,78.5,99,0,60.0,2026-05-01T22:16:56.094598,4.199
2026-05-01T22:15:56.149896,87.07,0,87.04,0.0,0.0,0.0,4.199,78.5,99,0,60.0,2026-05-01T22:16:56.149725,4.199
2026-05-01T22:15:56.201360,87.07,0,87.05,0.0,0.0,0.0,4.199,78.5,99,0,60.0,2026-05-01T22:16:56.201233,4.199
2026-05-01T22:15:57.149636,87.09,0,87.06,0.0,0.0,0.0,4.199,78.5,99,0,60.0,2026-05-01T22:16:57.149478,4.199
2026-05-01T22:15:57.203309,87.09,0,87.07,0.0,0.0,0.0,4.199,78.5,99,0,60.0,2026-05-01T22:16:57.203175,4.199
2026-05-01T22:15:57.254905,87.09,0,87.08,0.0,0.0,0.0,4.199,78.5,99,0,60.0,2026-05-01T22:16:57.254767,4.199
2026-05-01T22:15:58.206397,87.13,0,87.09,0.0,0.0,0.0,4.199,78.5,99,0,60.0,2026-05-01T22:16:58.206247,4.199
2026-05-01T22:15:58.259352,87.13,0,87.11,0.0,0.0,0.0,4.199,78.5,99,0,60.0,2026-05-01T22:16:58.259219,4.199
2026-05-01T22:15:58.310584,87.13,0,87.12,0.0,0.0,0.0,4.199,78.5,99,0,60.0,2026-05-01T22:16:58.310470,4.199
2026-05-01T22:15:59.261836,87.16,0,87.13,0.0,0.0,0.0,4.199,78.5,99,0,60.0,2026-05-01T22:16:59.261675,4.199
2026-05-01T22:15:59.314631,87.16,0,87.14,0.0,0.0,0.0,4.199,78.5,99,0,60.0,2026-05-01T22:16:59.314490,4.199
2026-05-01T22:15:59.366460,87.16,0,87.15,0.0,0.0,0.0,4.199,78.5,99,0,60.0,2026-05-01T22:16:59.366332,4.199
2026-05-01T22:16:00.317743,87.19,0,87.17,0.0,0.0,0.0,4.199,78.5,99,0,60.0,2026-05-01T22:17:00.317465,4.199
2026-05-01T22:16:00.369765,87.19,0,87.18,0.0,0.0,0.0,4.199,78.5,99,0,60.0,2026-05-01T22:17:00.369628,4.199
2026-05-01T22:16:01.336159,87.19,0,87.18,0.0,0.0,0.0,4.199,78.5,99,0,60.0,2026-05-01T22:17:01.335992,4.199
2026-05-01T22:16:01.391323,87.22,0,87.2,0.0,0.0,0.0,4.199,78.5,99,0,60.0,2026-05-01T22:17:01.391144,4.199
2026-05-01T22:16:01.444170,87.22,0,87.21,0.0,0.0,0.0,4.199,78.5,99,0,60.0,2026-05-01T22:17:01.444030,4.199
2026-05-01T22:16:02.390867,87.24,0,87.22,0.0,0.0,0.0,4.199,78.5,99,0,60.0,2026-05-01T22:17:02.390646,4.199
2026-05-01T22:16:02.445289,87.24,0,87.23,0.0,0.0,0.0,4.199,78.5,99,0,60.0,2026-05-01T22:17:02.445133,4.199
2026-05-01T22:16:02.497148,87.24,0,87.23,0.0,0.0,0.0,4.199,78.5,99,0,60.0,2026-05-01T22:17:02.497035,4.199
2026-05-01T22:16:03.446399,87.25,0,87.24,0.0,0.0,0.0,4.199,78.5,99,0,60.0,2026-05-01T22:17:03.446230,4.199
2026-05-01T22:16:03.499864,87.25,0,87.24,0.0,0.0,0.0,4.199,78.5,99,0,60.0,2026-05-01T22:17:03.499734,4.199
2026-05-01T22:16:03.551374,87.25,0,87.25,0.0,0.0,0.0,4.199,78.5,99,0,60.0,2026-05-01T22:17:03.551252,4.199
2026-05-01T22:16:04.501178,87.28,0,87.26,0.0,0.0,0.0,4.199,78.5,99,0,60.0,2026-05-01T22:17:04.501012,4.199
2026-05-01T22:16:04.553752,87.28,0,87.27,0.0,0.0,0.0,4.199,78.5,99,0,60.0,2026-05-01T22:17:04.553621,4.199
2026-05-01T22:16:04.606720,87.28,0,87.27,0.0,0.0,0.0,4.199,78.5,99,0,60.0,2026-05-01T22:17:04.606581,4.199
2026-05-01T22:16:05.556986,87.3,0,87.29,0.0,0.0,0.0,4.199,78.5,99,0,60.0,2026-05-01T22:17:05.556834,4.199
2026-05-01T22:16:05.608983,87.3,0,87.29,0.0,0.0,0.0,4.199,78.5,99,0,60.0,2026-05-01T22:17:05.608856,4.199
2026-05-01T22:16:06.573825,87.3,0,87.3,0.0,0.0,0.0,4.199,78.5,99,0,60.0,2026-05-01T22:17:06.573671,4.199
2026-05-01T22:16:06.627601,87.32,0,87.31,0.0,0.0,0.0,4.199,78.5,99,0,60.0,2026-05-01T22:17:06.627449,4.199
2026-05-01T22:16:06.679222,87.32,0,87.31,0.0,0.0,0.0,4.199,78.5,99,0,60.0,2026-05-01T22:17:06.679090,4.199
2026-05-01T22:16:07.629364,87.33,0,87.32,0.0,0.0,0.0,4.199,78.5,99,0,60.0,2026-05-01T22:17:07.629199,4.199
2026-05-01T22:16:07.682677,87.33,0,87.33,0.0,0.0,0.0,4.199,78.5,99,0,60.0,2026-05-01T22:17:07.682538,4.199
2026-05-01T22:16:07.734487,87.33,0,87.33,0.0,0.0,0.0,4.199,78.5,99,0,60.0,2026-05-01T22:17:07.734345,4.199
2026-05-01T22:16:08.677252,87.34,0,87.33,0.0,0.0,0.0,4.199,78.5,99,0,60.0,2026-05-01T22:17:08.677100,4.199
2026-05-01T22:16:08.730135,87.34,0,87.34,0.0,0.0,0.0,4.199,78.5,99,0,60.0,2026-05-01T22:17:08.729994,4.199
2026-05-01T22:16:08.781843,87.34,0,87.34,0.0,0.0,0.0,4.199,78.5,99,0,60.0,2026-05-01T22:17:08.781716,4.199
2026-05-01T22:16:09.733598,87.35,0,87.34,0.0,0.0,0.0,4.199,78.5,99,0,60.0,2026-05-01T22:17:09.733432,4.199
2026-05-01T22:16:09.786672,87.35,0,87.35,0.0,0.0,0.0,4.199,78.5,99,0,60.0,2026-05-01T22:17:09.786523,4.199
2026-05-01T22:16:09.838275,87.35,0,87.35,0.0,0.0,0.0,4.199,78.5,99,0,60.0,2026-05-01T22:17:09.838151,4.199
2026-05-01T22:16:10.788994,87.36,0,87.36,0.0,0.0,0.0,4.199,78.5,99,0,60.0,2026-05-01T22:17:10.788840,4.199
2026-05-01T22:16:10.841013,87.36,0,87.36,0.0,0.0,0.0,4.199,78.5,99,0,60.0,2026-05-01T22:17:10.840891,4.199
2026-05-01T22:16:10.893530,87.36,0,87.36,0.0,0.0,0.0,4.199,78.5,99,0,60.0,2026-05-01T22:17:10.893362,4.199
2026-05-01T22:16:11.847675,87.36,0,87.36,0.0,0.0,0.0,4.199,78.5,99,0,60.0,2026-05-01T22:17:11.847504,4.199
2026-05-01T22:16:11.902328,87.36,0,87.36,0.0,0.0,0.0,4.199,78.5,99,0,60.0,2026-05-01T22:17:11.902174,4.199
2026-05-01T22:16:12.862283,87.36,0,87.36,0.0,0.0,0.0,4.199,78.5,99,0,60.0,2026-05-01T22:17:12.862084,4.199
2026-05-01T22:16:12.917095,87.38,0,87.37,0.0,0.0,0.0,4.199,78.5,99,0,60.0,2026-05-01T22:17:12.916942,4.199
2026-05-01T22:16:12.968467,87.38,0,87.38,0.0,0.0,0.0,4.199,78.5,99,0,60.0,2026-05-01T22:17:12.968349,4.199
2026-05-01T22:16:13.910911,87.38,0,87.38,0.0,0.0,0.0,4.199,78.5,99,0,60.0,2026-05-01T22:17:13.910768,4.199
2026-05-01T22:16:13.964450,87.38,0,87.38,0.0,0.0,0.0,4.199,78.5,99,0,60.0,2026-05-01T22:17:13.964296,4.199
2026-05-01T22:16:14.016093,87.38,0,87.38,0.0,0.0,0.0,4.199,78.5,99,0,60.0,2026-05-01T22:17:14.015972,4.199
2026-05-01T22:16:14.966304,87.38,0,87.38,0.0,0.0,0.0,4.199,78.5,99,0,60.0,2026-05-01T22:17:14.966136,4.199
2026-05-01T22:16:15.019773,87.38,0,87.38,0.0,0.0,0.0,4.199,78.5,99,0,60.0,2026-05-01T22:17:15.019640,4.199
2026-05-01T22:16:15.071842,87.38,0,87.38,0.0,0.0,0.0,4.199,78.5,99,0,60.0,2026-05-01T22:17:15.071719,4.199
2026-05-01T22:16:16.021501,87.39,0,87.39,0.0,0.0,0.0,4.199,78.5,99,0,60.0,2026-05-01T22:17:16.021338,4.199
2026-05-01T22:16:16.074507,87.39,0,87.39,0.0,0.0,0.0,4.199,78.5,99,0,60.0,2026-05-01T22:17:16.074376,4.199
2026-05-01T22:16:16.125853,87.39,0,87.39,0.0,0.0,0.0,4.199,78.5,99,0,60.0,2026-05-01T22:17:16.125738,4.199
2026-05-01T22:16:17.075885,87.39,0,87.39,0.0,0.0,0.0,4.199,78.5,99,0,60.0,2026-05-01T22:17:17.075738,4.199
2026-05-01T22:16:17.128768,87.39,0,87.39,0.0,0.0,0.0,4.199,78.5,99,0,60.0,2026-05-01T22:17:17.128632,4.199
2026-05-01T22:16:17.182826,87.39,0,87.39,0.0,0.0,0.0,4.199,78.5,99,0,60.0,2026-05-01T22:17:17.182675,4.199
2026-05-01T22:16:18.132437,87.39,0,87.39,0.0,0.0,0.0,4.199,78.5,99,0,60.0,2026-05-01T22:17:18.132266,4.199
2026-05-01T22:16:18.184262,87.39,0,87.39,0.0,0.0,0.0,4.199,78.5,99,0,60.0,2026-05-01T22:17:18.184124,4.199
2026-05-01T22:16:18.467296,87.39,0,87.39,0.0,0.0,0.0,4.199,78.5,99,0,60.0,2026-05-01T22:17:18.467134,4.199
2026-05-01T22:16:19.182801,87.38,0,87.39,0.0,0.0,0.0,4.199,78.5,99,0,60.0,2026-05-01T22:17:19.182639,4.199
2026-05-01T22:16:19.234841,87.38,0,87.39,0.0,0.0,0.0,4.199,78.5,99,0,60.0,2026-05-01T22:17:19.234704,4.199
2026-05-01T22:16:20.199187,87.38,0,87.39,0.0,0.0,0.0,4.199,78.5,99,0,60.0,2026-05-01T22:17:20.199030,4.199
2026-05-01T22:16:20.252838,87.36,0,87.37,0.0,0.0,0.0,4.199,78.5,99,0,60.0,2026-05-01T22:17:20.252688,4.199
2026-05-01T22:16:20.304499,87.36,0,87.37,0.0,0.0,0.0,4.199,78.5,99,0,60.0,2026-05-01T22:17:20.304382,4.199
2026-05-01T22:16:21.254887,87.35,0,87.37,0.0,0.0,0.0,4.199,78.5,99,0,60.0,2026-05-01T22:17:21.254726,4.199
2026-05-01T22:16:21.308638,87.35,0,87.36,0.0,0.0,0.0,4.199,78.5,99,0,60.0,2026-05-01T22:17:21.308489,4.199
2026-05-01T22:16:21.360499,87.35,0,87.36,0.0,0.0,0.0,4.199,78.5,99,0,60.0,2026-05-01T22:17:21.360372,4.199
2026-05-01T22:16:22.310200,87.32,0,87.35,0.0,0.0,0.0,4.199,78.5,99,0,60.0,2026-05-01T22:17:22.310060,4.199
2026-05-01T22:16:22.363078,87.32,0,87.34,0.0,0.0,0.0,4.199,78.5,99,0,60.0,2026-05-01T22:17:22.362942,4.199
2026-05-01T22:16:22.415853,87.32,0,87.33,0.0,0.0,0.0,4.199,78.5,99,0,60.0,2026-05-01T22:17:22.415715,4.199
2026-05-01T22:16:23.366253,87.29,0,87.32,0.0,0.0,0.0,4.199,78.5,99,0,60.0,2026-05-01T22:17:23.366097,4.199
2026-05-01T22:16:23.419523,87.29,0,87.31,0.0,0.0,0.0,4.199,78.5,99,0,60.0,2026-05-01T22:17:23.419370,4.199
2026-05-01T22:16:23.471458,87.29,0,87.3,0.0,0.0,0.0,4.199,78.5,99,0,60.0,2026-05-01T22:17:23.471311,4.199
2026-05-01T22:16:24.415551,87.26,0,87.28,0.0,0.0,0.0,4.199,78.5,99,0,60.0,2026-05-01T22:17:24.415378,4.199
2026-05-01T22:16:24.468205,87.26,0,87.28,0.0,0.0,0.0,4.199,78.5,99,0,60.0,2026-05-01T22:17:24.468078,4.199
2026-05-01T22:16:24.519767,87.26,0,87.27,0.0,0.0,0.0,4.199,78.5,99,0,60.0,2026-05-01T22:17:24.519625,4.199
2026-05-01T22:16:25.469777,87.23,0,87.25,0.0,0.0,0.0,4.199,78.5,99,0,60.0,2026-05-01T22:17:25.469600,4.199
2026-05-01T22:16:25.521171,87.23,0,87.24,0.0,0.0,0.0,4.199,78.5,99,0,60.0,2026-05-01T22:17:25.521038,4.199
2026-05-01T22:16:26.486777,87.23,0,87.24,0.0,0.0,0.0,4.199,78.5,99,0,60.0,2026-05-01T22:17:26.486627,4.199
2026-05-01T22:16:26.540565,87.22,0,87.23,0.0,0.0,0.0,4.199,78.5,99,0,60.0,2026-05-01T22:17:26.540422,4.199
2026-05-01T22:16:26.592503,87.22,0,87.23,0.0,0.0,0.0,4.199,78.5,99,0,60.0,2026-05-01T22:17:26.592375,4.199
2026-05-01T22:16:27.542958,87.2,0,87.22,0.0,0.0,0.0,4.199,78.5,99,0,60.0,2026-05-01T22:17:27.542791,4.199
2026-05-01T22:16:27.596365,87.2,0,87.21,0.0,0.0,0.0,4.199,78.5,99,0,60.0,2026-05-01T22:17:27.596212,4.199
2026-05-01T22:16:27.647789,87.2,0,87.21,0.0,0.0,0.0,4.199,78.5,99,0,60.0,2026-05-01T22:17:27.647661,4.199
2026-05-01T22:16:28.592858,87.18,0,87.2,0.0,0.0,0.0,4.199,78.5,99,0,60.0,2026-05-01T22:17:28.592686,4.199
2026-05-01T22:16:28.649075,87.18,0,87.19,0.0,0.0,0.0,4.199,78.5,99,0,60.0,2026-05-01T22:17:28.648787,4.199
2026-05-01T22:16:28.700831,87.18,0,87.19,0.0,0.0,0.0,4.199,78.5,99,0,60.0,2026-05-01T22:17:28.700697,4.199
2026-05-01T22:16:29.646309,87.16,0,87.18,0.0,0.0,0.0,4.199,78.5,99,0,60.0,2026-05-01T22:17:29.646155,4.199
2026-05-01T22:16:29.699354,87.16,0,87.17,0.0,0.0,0.0,4.199,78.5,99,0,60.0,2026-05-01T22:17:29.699220,4.199
2026-05-01T22:16:29.750987,87.16,0,87.17,0.0,0.0,0.0,4.199,78.5,99,0,60.0,2026-05-01T22:17:29.750864,4.199
2026-05-01T22:16:30.701302,87.16,0,87.16,0.0,0.0,0.0,4.199,78.5,99,0,60.0,2026-05-01T22:17:30.701137,4.199
2026-05-01T22:16:30.753782,87.16,0,87.16,0.0,0.0,0.0,4.199,78.5,99,0,60.0,2026-05-01T22:17:30.753651,4.199
2026-05-01T22:16:30.805667,87.16,0,87.16,0.0,0.0,0.0,4.199,78.5,99,0,60.0,2026-05-01T22:17:30.805551,4.199
2026-05-01T22:16:31.756997,87.15,0,87.16,0.0,0.0,0.0,4.199,78.5,99,0,60.0,2026-05-01T22:17:31.756852,4.199
2026-05-01T22:16:31.808784,87.15,0,87.15,0.0,0.0,0.0,4.199,78.5,99,0,60.0,2026-05-01T22:17:31.808669,4.199
2026-05-01T22:16:32.773962,87.15,0,87.15,0.0,0.0,0.0,4.199,78.5,99,0,60.0,2026-05-01T22:17:32.773834,4.199
2026-05-01T22:16:32.827581,87.14,0,87.14,0.0,0.0,0.0,4.199,78.5,99,0,60.0,2026-05-01T22:17:32.827444,4.199
2026-05-01T22:16:32.879745,87.14,0,87.14,0.0,0.0,0.0,4.199,78.5,99,0,60.0,2026-05-01T22:17:32.879618,4.199
2026-05-01T22:16:33.823736,87.14,0,87.14,0.0,0.0,0.0,4.199,78.5,99,0,60.0,2026-05-01T22:17:33.823566,4.199
2026-05-01T22:16:33.879844,87.13,0,87.13,0.0,0.0,0.0,4.199,78.5,99,0,60.0,2026-05-01T22:17:33.879689,4.199
2026-05-01T22:16:33.934273,87.13,0,87.13,0.0,0.0,0.0,4.199,78.5,99,0,60.0,2026-05-01T22:17:33.934112,4.199
2026-05-01T22:16:34.878736,87.13,0,87.13,0.0,0.0,0.0,4.199,78.5,99,0,60.0,2026-05-01T22:17:34.878578,4.199
2026-05-01T22:16:34.933506,87.13,0,87.13,0.0,0.0,0.0,4.199,78.5,99,0,60.0,2026-05-01T22:17:34.933352,4.199
2026-05-01T22:16:34.985214,87.13,0,87.13,0.0,0.0,0.0,4.199,78.5,99,0,60.0,2026-05-01T22:17:34.985078,4.199
2026-05-01T22:16:35.934700,87.13,0,87.13,0.0,0.0,0.0,4.199,78.5,99,0,60.0,2026-05-01T22:17:35.934539,4.199
2026-05-01T22:16:35.987569,87.13,0,87.13,0.0,0.0,0.0,4.199,78.5,99,0,60.0,2026-05-01T22:17:35.987417,4.199
2026-05-01T22:16:36.039220,87.13,0,87.13,0.0,0.0,0.0,4.199,78.5,99,0,60.0,2026-05-01T22:17:36.039113,4.199
2026-05-01T22:16:36.990489,87.12,0,87.12,0.0,0.0,0.0,4.199,78.5,99,0,60.0,2026-05-01T22:17:36.990355,4.199
2026-05-01T22:16:37.043180,87.12,0,87.12,0.0,0.0,0.0,4.199,78.5,99,0,60.0,2026-05-01T22:17:37.043056,4.199
2026-05-01T22:16:37.094983,87.12,0,87.12,0.0,0.0,0.0,4.199,78.5,99,0,60.0,2026-05-01T22:17:37.094842,4.199
2026-05-01T22:16:38.057889,87.12,0,87.12,0.0,0.0,0.0,4.199,78.5,99,0,60.0,2026-05-01T22:17:38.057721,4.199
2026-05-01T22:16:38.117544,87.12,0,87.12,0.0,0.0,0.0,4.199,78.5,99,0,60.0,2026-05-01T22:17:38.117401,4.199
2026-05-01T22:16:38.497220,87.12,0,87.12,0.0,0.0,0.0,4.199,78.5,99,0,60.0,2026-05-01T22:17:38.497015,4.199
2026-05-01T22:16:39.099275,87.13,0,87.12,0.0,0.0,0.0,4.199,78.5,99,0,60.0,2026-05-01T22:17:39.099100,4.199
2026-05-01T22:16:39.151827,87.13,0,87.12,0.0,0.0,0.0,4.199,78.5,99,0,60.0,2026-05-01T22:17:39.151684,4.199
2026-05-01T22:16:40.113796,87.13,0,87.13,0.0,0.0,0.0,4.199,78.5,99,0,60.0,2026-05-01T22:17:40.113654,4.199
2026-05-01T22:16:40.167438,87.13,0,87.13,0.0,0.0,0.0,4.199,78.5,99,0,60.0,2026-05-01T22:17:40.167288,4.199
2026-05-01T22:16:40.219035,87.13,0,87.13,0.0,0.0,0.0,4.199,78.5,99,0,60.0,2026-05-01T22:17:40.218910,4.199
2026-05-01T22:16:41.170040,87.13,0,87.13,0.0,0.0,0.0,4.199,78.5,99,0,60.0,2026-05-01T22:17:41.169888,4.199
2026-05-01T22:16:41.223866,87.13,0,87.13,0.0,0.0,0.0,4.199,78.5,99,0,60.0,2026-05-01T22:17:41.223717,4.199
2026-05-01T22:16:41.275602,87.13,0,87.13,0.0,0.0,0.0,4.199,78.5,99,0,60.0,2026-05-01T22:17:41.275472,4.199
2026-05-01T22:16:42.224328,87.14,0,87.13,0.0,0.0,0.0,4.199,78.5,99,0,60.0,2026-05-01T22:17:42.224189,4.199
2026-05-01T22:16:42.277522,87.14,0,87.13,0.0,0.0,0.0,4.199,78.5,99,0,60.0,2026-05-01T22:17:42.277373,4.199
2026-05-01T22:16:42.329627,87.14,0,87.14,0.0,0.0,0.0,4.199,78.5,99,0,60.0,2026-05-01T22:17:42.329498,4.199
2026-05-01T22:16:43.281034,87.14,0,87.14,0.0,0.0,0.0,4.199,78.5,99,0,60.0,2026-05-01T22:17:43.280844,4.199
2026-05-01T22:16:43.333683,87.14,0,87.14,0.0,0.0,0.0,4.199,78.5,99,0,60.0,2026-05-01T22:17:43.333548,4.199
2026-05-01T22:16:43.385057,87.14,0,87.14,0.0,0.0,0.0,4.199,78.5,99,0,60.0,2026-05-01T22:17:43.384919,4.199
2026-05-01T22:16:44.330719,87.14,0,87.14,0.0,0.0,0.0,4.199,78.5,99,0,60.0,2026-05-01T22:17:44.330550,4.199
2026-05-01T22:16:44.383613,87.14,0,87.14,0.0,0.0,0.0,4.199,78.5,99,0,60.0,2026-05-01T22:17:44.383477,4.199
2026-05-01T22:16:44.436425,87.14,0,87.14,0.0,0.0,0.0,4.199,78.5,99,0,60.0,2026-05-01T22:17:44.436284,4.199
2026-05-01T22:16:45.385349,87.15,0,87.14,0.0,0.0,0.0,4.199,78.5,99,0,60.0,2026-05-01T22:17:45.385190,4.199
2026-05-01T22:16:45.437675,87.15,0,87.15,0.0,0.0,0.0,4.199,78.5,99,0,60.0,2026-05-01T22:17:45.437547,4.199
2026-05-01T22:16:46.402353,87.15,0,87.15,0.0,0.0,0.0,4.199,78.5,99,0,60.0,2026-05-01T22:17:46.402208,4.199
2026-05-01T22:16:46.455870,87.15,0,87.15,0.0,0.0,0.0,4.199,78.5,99,0,60.0,2026-05-01T22:17:46.455724,4.199
2026-05-01T22:16:46.507036,87.15,0,87.15,0.0,0.0,0.0,4.199,78.5,99,0,60.0,2026-05-01T22:17:46.506918,4.199
2026-05-01T22:16:47.457660,87.15,0,87.15,0.0,0.0,0.0,4.199,78.5,99,0,60.0,2026-05-01T22:17:47.457511,4.199
2026-05-01T22:16:47.510666,87.15,0,87.15,0.0,0.0,0.0,4.199,78.5,99,0,60.0,2026-05-01T22:17:47.510529,4.199
2026-05-01T22:16:47.561999,87.15,0,87.15,0.0,0.0,0.0,4.199,78.5,99,0,60.0,2026-05-01T22:17:47.561871,4.199
2026-05-01T22:16:48.515300,87.15,0,87.15,0.0,0.0,0.0,4.199,78.5,99,0,60.0,2026-05-01T22:17:48.515150,4.199
2026-05-01T22:16:48.569414,87.15,0,87.15,0.0,0.0,0.0,4.199,78.5,99,0,60.0,2026-05-01T22:17:48.569260,4.199
2026-05-01T22:16:48.620752,87.15,0,87.15,0.0,0.0,0.0,4.199,78.5,99,0,60.0,2026-05-01T22:17:48.620622,4.199
2026-05-01T22:16:49.561405,87.14,0,87.15,0.0,0.0,0.0,4.199,78.5,99,0,60.0,2026-05-01T22:17:49.561234,4.199
2026-05-01T22:16:49.613879,87.14,0,87.14,0.0,0.0,0.0,4.199,78.5,99,0,60.0,2026-05-01T22:17:49.613732,4.199
2026-05-01T22:16:49.665165,87.14,0,87.14,0.0,0.0,0.0,4.199,78.5,99,0,60.0,2026-05-01T22:17:49.665043,4.199
2026-05-01T22:16:50.618464,87.13,0,87.14,0.0,0.0,0.0,4.199,78.5,99,0,60.0,2026-05-01T22:17:50.618307,4.199
2026-05-01T22:16:50.670684,87.13,0,87.13,0.0,0.0,0.0,4.199,78.5,99,0,60.0,2026-05-01T22:17:50.670548,4.199
2026-05-01T22:16:50.722210,87.13,0,87.13,0.0,0.0,0.0,4.199,78.5,99,0,60.0,2026-05-01T22:17:50.722089,4.199
2026-05-01T22:16:51.674755,87.12,0,87.13,0.0,0.0,0.0,4.199,78.5,99,0,60.0,2026-05-01T22:17:51.674597,4.199
2026-05-01T22:16:51.727191,87.12,0,87.12,0.0,0.0,0.0,4.199,78.5,99,0,60.0,2026-05-01T22:17:51.727074,4.199
2026-05-01T22:16:52.690958,87.12,0,87.12,0.0,0.0,0.0,4.199,78.5,99,0,60.0,2026-05-01T22:17:52.690828,4.199
2026-05-01T22:16:52.744512,87.1,0,87.11,0.0,0.0,0.0,4.199,78.5,99,0,60.0,2026-05-01T22:17:52.744358,4.199
2026-05-01T22:16:52.796253,87.1,0,87.1,0.0,0.0,0.0,4.199,78.5,99,0,60.0,2026-05-01T22:17:52.796132,4.199
2026-05-01T22:16:53.740461,87.1,0,87.1,0.0,0.0,0.0,4.199,78.5,99,0,60.0,2026-05-01T22:17:53.740315,4.199
2026-05-01T22:16:53.793805,87.1,0,87.1,0.0,0.0,0.0,4.199,78.5,99,0,60.0,2026-05-01T22:17:53.793654,4.199
2026-05-01T22:16:53.845303,87.1,0,87.1,0.0,0.0,0.0,4.199,78.5,99,0,60.0,2026-05-01T22:17:53.845167,4.199
2026-05-01T22:16:54.796515,87.09,0,87.1,0.0,0.0,0.0,4.199,78.5,99,0,60.0,2026-05-01T22:17:54.796364,4.199
2026-05-01T22:16:54.850340,87.09,0,87.09,0.0,0.0,0.0,4.199,78.5,99,0,60.0,2026-05-01T22:17:54.850190,4.199
2026-05-01T22:16:54.902878,87.09,0,87.09,0.0,0.0,0.0,4.199,78.5,99,0,60.0,2026-05-01T22:17:54.902733,4.199
2026-05-01T22:16:55.853215,87.07,0,87.08,0.0,0.0,0.0,4.199,78.5,99,0,60.0,2026-05-01T22:17:55.853063,4.199
2026-05-01T22:16:55.906458,87.07,0,87.08,0.0,0.0,0.0,4.199,78.5,99,0,60.0,2026-05-01T22:17:55.906311,4.199
2026-05-01T22:16:55.957861,87.07,0,87.07,0.0,0.0,0.0,4.199,78.5,99,0,60.0,2026-05-01T22:17:55.957740,4.199
2026-05-01T22:16:56.907962,87.05,0,87.06,0.0,0.0,0.0,4.199,78.5,99,0,60.0,2026-05-01T22:17:56.907805,4.199
2026-05-01T22:16:56.960364,87.05,0,87.06,0.0,0.0,0.0,4.199,78.5,99,0,60.0,2026-05-01T22:17:56.960210,4.199
2026-05-01T22:16:57.013405,87.05,0,87.05,0.0,0.0,0.0,4.199,78.5,99,0,60.0,2026-05-01T22:17:57.013270,4.199
2026-05-01T22:16:57.963672,87.04,0,87.04,0.0,0.0,0.0,4.199,78.5,99,0,60.0,2026-05-01T22:17:57.963495,4.199
2026-05-01T22:16:58.015636,87.04,0,87.04,0.0,0.0,0.0,4.199,78.5,99,0,60.0,2026-05-01T22:17:58.015510,4.199
2026-05-01T22:16:58.526474,87.04,0,87.04,0.0,0.0,0.0,4.199,78.5,99,0,60.0,2026-05-01T22:17:58.526318,4.199
2026-05-01T22:16:59.013139,87.02,0,87.03,0.0,0.0,0.0,4.199,78.5,99,0,60.0,2026-05-01T22:17:59.012997,4.199
2026-05-01T22:16:59.065687,87.02,0,87.02,0.0,0.0,0.0,4.199,78.5,99,0,60.0,2026-05-01T22:17:59.065545,4.199
2026-05-01T22:17:00.031263,87.02,0,87.02,0.0,0.0,0.0,4.199,78.5,99,0,60.0,2026-05-01T22:18:00.031109,4.199
2026-05-01T22:17:00.084639,87.0,0,87.01,0.0,0.0,0.0,4.199,78.5,99,0,60.0,2026-05-01T22:18:00.084487,4.199
2026-05-01T22:17:00.135588,87.0,0,87.0,0.0,0.0,0.0,4.199,78.5,99,0,60.0,2026-05-01T22:18:00.135454,4.199
2026-05-01T22:17:01.087202,86.98,0,87.0,0.0,0.0,0.0,4.199,78.5,99,0,60.0,2026-05-01T22:18:01.087031,4.199
2026-05-01T22:17:01.140539,86.98,0,86.99,0.0,0.0,0.0,4.199,78.5,99,0,60.0,2026-05-01T22:18:01.140393,4.199
2026-05-01T22:17:01.191672,86.98,0,86.98,0.0,0.0,0.0,4.199,78.5,99,0,60.0,2026-05-01T22:18:01.191539,4.199
2026-05-01T22:17:02.143422,86.96,0,86.98,0.0,0.0,0.0,4.199,78.5,99,0,60.0,2026-05-01T22:18:02.143280,4.199
2026-05-01T22:17:02.195805,86.96,0,86.97,0.0,0.0,0.0,4.199,78.5,99,0,60.0,2026-05-01T22:18:02.195672,4.199
2026-05-01T22:17:02.247029,86.96,0,86.97,0.0,0.0,0.0,4.199,78.5,99,0,60.0,2026-05-01T22:18:02.246909,4.199
2026-05-01T22:17:03.198715,86.95,0,86.96,0.0,0.0,0.0,4.199,78.5,99,0,60.0,2026-05-01T22:18:03.198554,4.199
2026-05-01T22:17:03.251632,86.95,0,86.96,0.0,0.0,0.0,4.199,78.5,99,0,60.0,2026-05-01T22:18:03.251491,4.199
2026-05-01T22:17:03.303141,86.95,0,86.96,0.0,0.0,0.0,4.199,78.5,99,0,60.0,2026-05-01T22:18:03.303013,4.199
2026-05-01T22:17:04.246676,86.92,0,86.94,0.0,0.0,0.0,4.199,78.5,99,0,60.0,2026-05-01T22:18:04.246516,4.199
2026-05-01T22:17:04.299692,86.92,0,86.94,0.0,0.0,0.0,4.199,78.5,99,0,60.0,2026-05-01T22:18:04.299551,4.199
2026-05-01T22:17:04.351742,86.92,0,86.93,0.0,0.0,0.0,4.199,78.5,99,0,60.0,2026-05-01T22:18:04.351605,4.199
2026-05-01T22:17:05.301817,86.91,0,86.92,0.0,0.0,0.0,4.199,78.5,99,0,60.0,2026-05-01T22:18:05.301626,4.199
2026-05-01T22:17:05.353771,86.91,0,86.92,0.0,0.0,0.0,4.199,78.5,99,0,60.0,2026-05-01T22:18:05.353631,4.199
2026-05-01T22:17:06.319201,86.91,0,86.92,0.0,0.0,0.0,4.199,78.5,99,0,60.0,2026-05-01T22:18:06.319045,4.199
2026-05-01T22:17:06.373207,86.9,0,86.91,0.0,0.0,0.0,4.199,78.5,99,0,60.0,2026-05-01T22:18:06.373070,4.199
2026-05-01T22:17:06.425279,86.9,0,86.91,0.0,0.0,0.0,4.199,78.5,99,0,60.0,2026-05-01T22:18:06.425134,4.199
2026-05-01T22:17:07.375700,86.89,0,86.9,0.0,0.0,0.0,4.199,78.5,99,0,60.0,2026-05-01T22:18:07.375556,4.199
2026-05-01T22:17:07.429628,86.89,0,86.9,0.0,0.0,0.0,4.199,78.5,99,0,60.0,2026-05-01T22:18:07.429482,4.199
2026-05-01T22:17:07.480679,86.89,0,86.9,0.0,0.0,0.0,4.199,78.5,99,0,60.0,2026-05-01T22:18:07.480516,4.199
2026-05-01T22:17:08.431398,86.88,0,86.89,0.0,0.0,0.0,4.199,78.5,99,0,60.0,2026-05-01T22:18:08.431224,4.199
2026-05-01T22:17:08.483941,86.88,0,86.89,0.0,0.0,0.0,4.199,78.5,99,0,60.0,2026-05-01T22:18:08.483794,4.199
2026-05-01T22:17:08.534924,86.88,0,86.89,0.0,0.0,0.0,4.199,78.5,99,0,60.0,2026-05-01T22:18:08.534806,4.199
2026-05-01T22:17:09.488162,86.86,0,86.88,0.0,0.0,0.0,4.199,78.5,99,0,60.0,2026-05-01T22:18:09.487999,4.199
2026-05-01T22:17:09.540323,86.86,0,86.87,0.0,0.0,0.0,4.199,78.5,99,0,60.0,2026-05-01T22:18:09.540141,4.199
2026-05-01T22:17:09.591695,86.86,0,86.87,0.0,0.0,0.0,4.199,78.5,99,0,60.0,2026-05-01T22:18:09.591566,4.199
2026-05-01T22:17:10.542812,86.85,0,86.86,0.0,0.0,0.0,4.199,78.5,99,0,60.0,2026-05-01T22:18:10.542645,4.199
2026-05-01T22:17:10.594448,86.85,0,86.86,0.0,0.0,0.0,4.199,78.5,99,0,60.0,2026-05-01T22:18:10.594316,4.199
2026-05-01T22:17:11.559737,86.85,0,86.86,0.0,0.0,0.0,4.199,78.5,99,0,60.0,2026-05-01T22:18:11.559594,4.199
2026-05-01T22:17:11.612770,86.84,0,86.85,0.0,0.0,0.0,4.199,78.5,99,0,60.0,2026-05-01T22:18:11.612621,4.199
2026-05-01T22:17:11.664515,86.84,0,86.85,0.0,0.0,0.0,4.199,78.5,99,0,60.0,2026-05-01T22:18:11.664398,4.199
2026-05-01T22:17:12.617612,86.82,0,86.84,0.0,0.0,0.0,4.199,78.5,99,0,60.0,2026-05-01T22:18:12.617436,4.199
2026-05-01T22:17:12.671279,86.82,0,86.83,0.0,0.0,0.0,4.199,78.5,99,0,60.0,2026-05-01T22:18:12.671144,4.199
2026-05-01T22:17:12.722689,86.82,0,86.83,0.0,0.0,0.0,4.199,78.5,99,0,60.0,2026-05-01T22:18:12.722563,4.199
2026-05-01T22:17:13.672325,86.81,0,86.82,0.0,0.0,0.0,4.199,78.5,99,0,60.0,2026-05-01T22:18:13.672175,4.199
2026-05-01T22:17:13.724894,86.81,0,86.82,0.0,0.0,0.0,4.199,78.5,99,0,60.0,2026-05-01T22:18:13.724741,4.199
2026-05-01T22:17:13.776187,86.81,0,86.82,0.0,0.0,0.0,4.199,78.5,99,0,60.0,2026-05-01T22:18:13.776071,4.199
2026-05-01T22:17:14.727828,86.8,0,86.81,0.0,0.0,0.0,4.199,78.5,99,0,60.0,2026-05-01T22:18:14.727664,4.199
2026-05-01T22:17:14.780322,86.8,0,86.81,0.0,0.0,0.0,4.199,78.5,99,0,60.0,2026-05-01T22:18:14.780184,4.199
2026-05-01T22:17:14.831968,86.8,0,86.8,0.0,0.0,0.0,4.199,78.5,99,0,60.0,2026-05-01T22:18:14.831842,4.199
2026-05-01T22:17:15.785511,86.79,0,86.8,0.0,0.0,0.0,4.199,78.5,99,0,60.0,2026-05-01T22:18:15.785280,4.199
2026-05-01T22:17:15.837474,86.79,0,86.8,0.0,0.0,0.0,4.199,78.5,99,0,60.0,2026-05-01T22:18:15.837330,4.199
2026-05-01T22:17:16.801228,86.79,0,86.79,0.0,0.0,0.0,4.199,78.5,99,0,60.0,2026-05-01T22:18:16.801075,4.199
2026-05-01T22:17:16.854509,86.79,0,86.79,0.0,0.0,0.0,4.199,78.5,99,0,60.0,2026-05-01T22:18:16.854356,4.199
2026-05-01T22:17:16.906542,86.79,0,86.79,0.0,0.0,0.0,4.199,78.5,99,0,60.0,2026-05-01T22:18:16.906398,4.199
2026-05-01T22:17:17.856789,86.78,0,86.79,0.0,0.0,0.0,4.199,78.5,99,0,60.0,2026-05-01T22:18:17.856634,4.199
2026-05-01T22:17:17.910101,86.78,0,86.79,0.0,0.0,0.0,4.199,78.5,99,0,60.0,2026-05-01T22:18:17.909945,4.199
2026-05-01T22:17:17.961735,86.78,0,86.78,0.0,0.0,0.0,4.199,78.5,99,0,60.0,2026-05-01T22:18:17.961605,4.199
2026-05-01T22:17:18.912677,86.77,0,86.78,0.0,0.0,0.0,4.199,78.5,99,0,60.0,2026-05-01T22:18:18.912504,4.199
2026-05-01T22:17:18.965148,86.77,0,86.78,0.0,0.0,0.0,4.199,78.5,99,0,60.0,2026-05-01T22:18:18.965014,4.199
2026-05-01T22:17:19.016570,86.77,0,86.77,0.0,0.0,0.0,4.199,78.5,99,0,60.0,2026-05-01T22:18:19.016441,4.199
2026-05-01T22:17:19.968104,86.76,0,86.77,0.0,0.0,0.0,4.199,78.5,99,0,60.0,2026-05-01T22:18:19.967942,4.199
2026-05-01T22:17:20.020296,86.76,0,86.77,0.0,0.0,0.0,4.199,78.5,99,0,60.0,2026-05-01T22:18:20.020170,4.199
2026-05-01T22:17:20.072208,86.76,0,86.76,0.0,0.0,0.0,4.199,78.5,99,0,60.0,2026-05-01T22:18:20.072077,4.199
2026-05-01T22:17:21.023283,86.75,0,86.76,0.0,0.0,0.0,4.199,78.5,99,0,60.0,2026-05-01T22:18:21.023128,4.199
2026-05-01T22:17:21.074711,86.75,0,86.75,0.0,0.0,0.0,4.199,78.5,99,0,60.0,2026-05-01T22:18:21.074585,4.199
2026-05-01T22:17:22.042036,86.75,0,86.75,0.0,0.0,0.0,4.199,78.5,99,0,60.0,2026-05-01T22:18:22.041903,4.199
2026-05-01T22:17:22.095327,86.74,0,86.75,0.0,0.0,0.0,4.199,78.5,99,0,60.0,2026-05-01T22:18:22.095181,4.199
2026-05-01T22:17:22.146328,86.74,0,86.74,0.0,0.0,0.0,4.199,78.5,99,0,60.0,2026-05-01T22:18:22.146217,4.199
2026-05-01T22:17:23.096411,86.73,0,86.74,0.0,0.0,0.0,4.199,78.5,99,0,60.0,2026-05-01T22:18:23.096260,4.199
2026-05-01T22:17:23.150372,86.73,0,86.74,0.0,0.0,0.0,4.199,78.5,99,0,60.0,2026-05-01T22:18:23.150231,4.199
2026-05-01T22:17:23.201956,86.73,0,86.73,0.0,0.0,0.0,4.199,78.5,99,0,60.0,2026-05-01T22:18:23.201823,4.199
2026-05-01T22:17:24.145540,86.73,0,86.73,0.0,0.0,0.0,4.199,78.5,99,0,60.0,2026-05-01T22:18:24.145387,4.199
2026-05-01T22:17:24.198650,86.73,0,86.73,0.0,0.0,0.0,4.199,78.5,99,0,60.0,2026-05-01T22:18:24.198495,4.199
2026-05-01T22:17:24.250369,86.73,0,86.73,0.0,0.0,0.0,4.199,78.5,99,0,60.0,2026-05-01T22:18:24.250250,4.199
2026-05-01T22:17:25.202491,86.73,0,86.73,0.0,0.0,0.0,4.199,78.5,99,0,60.0,2026-05-01T22:18:25.202329,4.199
2026-05-01T22:17:25.255340,86.73,0,86.73,0.0,0.0,0.0,4.199,78.5,99,0,60.0,2026-05-01T22:18:25.255213,4.199
2026-05-01T22:17:25.307118,86.73,0,86.73,0.0,0.0,0.0,4.199,78.5,99,0,60.0,2026-05-01T22:18:25.306999,4.199
2026-05-01T22:17:26.257080,86.71,0,86.72,0.0,0.0,0.0,4.199,78.5,99,0,60.0,2026-05-01T22:18:26.256916,4.199
2026-05-01T22:17:26.309797,86.71,0,86.72,0.0,0.0,0.0,4.199,78.5,99,0,60.0,2026-05-01T22:18:26.309647,4.199
2026-05-01T22:17:26.361928,86.71,0,86.71,0.0,0.0,0.0,4.199,78.5,99,0,60.0,2026-05-01T22:18:26.361802,4.199
2026-05-01T22:17:27.314697,86.7,0,86.71,0.0,0.0,0.0,4.199,78.5,99,0,60.0,2026-05-01T22:18:27.314537,4.199
2026-05-01T22:17:27.366550,86.7,0,86.7,0.0,0.0,0.0,4.199,78.5,99,0,60.0,2026-05-01T22:18:27.366423,4.199
2026-05-01T22:17:28.330865,86.7,0,86.7,0.0,0.0,0.0,4.199,78.5,99,0,60.0,2026-05-01T22:18:28.330717,4.199
2026-05-01T22:17:28.383878,86.69,0,86.7,0.0,0.0,0.0,4.199,78.5,99,0,60.0,2026-05-01T22:18:28.383729,4.199
2026-05-01T22:17:28.436099,86.69,0,86.69,0.0,0.0,0.0,4.199,78.5,99,0,60.0,2026-05-01T22:18:28.435964,4.199
2026-05-01T22:17:29.378914,86.69,0,86.69,0.0,0.0,0.0,4.199,78.5,99,0,60.0,2026-05-01T22:18:29.378776,4.199
2026-05-01T22:17:29.433939,86.69,0,86.69,0.0,0.0,0.0,4.199,78.5,99,0,60.0,2026-05-01T22:18:29.433792,4.199
2026-05-01T22:17:29.485009,86.69,0,86.69,0.0,0.0,0.0,4.199,78.5,99,0,60.0,2026-05-01T22:18:29.484885,4.199
2026-05-01T22:17:30.435223,86.67,0,86.69,0.0,0.0,0.0,4.199,78.5,99,0,60.0,2026-05-01T22:18:30.435052,4.199
2026-05-01T22:17:30.488170,86.67,0,86.68,0.0,0.0,0.0,4.199,78.5,99,0,60.0,2026-05-01T22:18:30.488039,4.199
2026-05-01T22:17:30.539679,86.67,0,86.67,0.0,0.0,0.0,4.199,78.5,99,0,60.0,2026-05-01T22:18:30.539570,4.199
2026-05-01T22:17:31.490403,86.67,0,86.67,0.0,0.0,0.0,4.199,78.5,99,0,60.0,2026-05-01T22:18:31.490243,4.199
2026-05-01T22:17:31.543985,86.67,0,86.67,0.0,0.0,0.0,4.199,78.5,99,0,60.0,2026-05-01T22:18:31.543822,4.199
2026-05-01T22:17:31.595209,86.67,0,86.67,0.0,0.0,0.0,4.199,78.5,99,0,60.0,2026-05-01T22:18:31.595094,4.199
2026-05-01T22:17:32.545268,86.66,0,86.67,0.0,0.0,0.0,4.199,78.5,99,0,60.0,2026-05-01T22:18:32.545124,4.199
2026-05-01T22:17:32.597696,86.66,0,86.66,0.0,0.0,0.0,4.199,78.5,99,0,60.0,2026-05-01T22:18:32.597530,4.199
2026-05-01T22:17:32.651107,86.66,0,86.66,0.0,0.0,0.0,4.199,78.5,99,0,60.0,2026-05-01T22:18:32.650975,4.199
2026-05-01T22:17:33.594676,86.65,0,86.66,0.0,0.0,0.0,4.199,78.5,99,0,60.0,2026-05-01T22:18:33.594508,4.199
2026-05-01T22:17:33.647351,86.65,0,86.65,0.0,0.0,0.0,4.199,78.5,99,0,60.0,2026-05-01T22:18:33.647206,4.199
2026-05-01T22:17:33.699463,86.65,0,86.65,0.0,0.0,0.0,4.199,78.5,99,0,60.0,2026-05-01T22:18:33.699330,4.199
2026-05-01T22:17:34.650714,86.65,0,86.65,0.0,0.0,0.0,4.199,78.5,99,0,60.0,2026-05-01T22:18:34.650548,4.199
2026-05-01T22:17:34.702800,86.65,0,86.65,0.0,0.0,0.0,4.199,78.5,99,0,60.0,2026-05-01T22:18:34.702656,4.199
2026-05-01T22:17:35.667292,86.65,0,86.65,0.0,0.0,0.0,4.199,78.5,99,0,60.0,2026-05-01T22:18:35.667143,4.199
2026-05-01T22:17:35.720985,86.63,0,86.64,0.0,0.0,0.0,4.199,78.5,99,0,60.0,2026-05-01T22:18:35.720835,4.199
2026-05-01T22:17:35.772046,86.63,0,86.63,0.0,0.0,0.0,4.199,78.5,99,0,60.0,2026-05-01T22:18:35.771927,4.199
2026-05-01T22:17:36.722859,86.62,0,86.63,0.0,0.0,0.0,4.199,78.5,99,0,60.0,2026-05-01T22:18:36.722710,4.199
2026-05-01T22:17:36.776223,86.62,0,86.62,0.0,0.0,0.0,4.199,78.5,99,0,60.0,2026-05-01T22:18:36.776092,4.199
2026-05-01T22:17:36.827602,86.62,0,86.62,0.0,0.0,0.0,4.199,78.5,99,0,60.0,2026-05-01T22:18:36.827484,4.199
2026-05-01T22:17:37.778354,86.62,0,86.62,0.0,0.0,0.0,4.199,78.5,99,0,60.0,2026-05-01T22:18:37.778196,4.199
2026-05-01T22:17:37.831003,86.62,0,86.62,0.0,0.0,0.0,4.199,78.5,99,0,60.0,2026-05-01T22:18:37.830862,4.199
2026-05-01T22:17:37.885655,86.62,0,86.62,0.0,0.0,0.0,4.199,78.5,99,0,60.0,2026-05-01T22:18:37.885528,4.199
2026-05-01T22:17:38.826899,86.6,0,86.61,0.0,0.0,0.0,4.199,78.5,99,0,60.0,2026-05-01T22:18:38.826731,4.199
2026-05-01T22:17:38.879512,86.6,0,86.61,0.0,0.0,0.0,4.199,78.5,99,0,60.0,2026-05-01T22:18:38.879368,4.199
2026-05-01T22:17:38.931845,86.6,0,86.6,0.0,0.0,0.0,4.199,78.5,99,0,60.0,2026-05-01T22:18:38.931733,4.199
2026-05-01T22:17:39.881973,86.59,0,86.6,0.0,0.0,0.0,4.199,78.5,99,0,60.0,2026-05-01T22:18:39.881803,4.199
2026-05-01T22:17:39.934780,86.59,0,86.59,0.0,0.0,0.0,4.199,78.5,99,0,60.0,2026-05-01T22:18:39.934646,4.199
2026-05-01T22:17:39.986402,86.59,0,86.59,0.0,0.0,0.0,4.199,78.5,99,0,60.0,2026-05-01T22:18:39.986273,4.199
2026-05-01T22:17:40.936689,86.58,0,86.58,0.0,0.0,0.0,4.199,78.5,99,0,60.0,2026-05-01T22:18:40.936519,4.199
2026-05-01T22:17:40.987994,86.58,0,86.58,0.0,0.0,0.0,4.199,78.5,99,0,60.0,2026-05-01T22:18:40.987876,4.199
2026-05-01T22:17:41.953806,86.58,0,86.58,0.0,0.0,0.0,4.199,78.5,99,0,60.0,2026-05-01T22:18:41.953660,4.199
2026-05-01T22:17:42.007644,86.57,0,86.57,0.0,0.0,0.0,4.199,78.5,99,0,60.0,2026-05-01T22:18:42.007504,4.199
2026-05-01T22:17:42.059421,86.57,0,86.57,0.0,0.0,0.0,4.199,78.5,99,0,60.0,2026-05-01T22:18:42.059277,4.199
2026-05-01T22:17:43.009955,86.57,0,86.57,0.0,0.0,0.0,4.199,78.5,99,0,60.0,2026-05-01T22:18:43.009791,4.199
2026-05-01T22:17:43.062471,86.57,0,86.57,0.0,0.0,0.0,4.199,78.5,99,0,60.0,2026-05-01T22:18:43.062328,4.199
2026-05-01T22:17:43.113611,86.57,0,86.57,0.0,0.0,0.0,4.199,78.5,99,0,60.0,2026-05-01T22:18:43.113445,4.199
2026-05-01T22:17:44.058690,86.55,0,86.56,0.0,0.0,0.0,4.199,78.5,99,0,60.0,2026-05-01T22:18:44.058555,4.199
2026-05-01T22:17:44.111894,86.55,0,86.56,0.0,0.0,0.0,4.199,78.5,99,0,60.0,2026-05-01T22:18:44.111748,4.199
2026-05-01T22:17:44.164047,86.55,0,86.55,0.0,0.0,0.0,4.199,78.5,99,0,60.0,2026-05-01T22:18:44.163915,4.199
2026-05-01T22:17:45.115871,86.54,0,86.55,0.0,0.0,0.0,4.199,78.5,99,0,60.0,2026-05-01T22:18:45.115692,4.199
2026-05-01T22:17:45.168915,86.54,0,86.54,0.0,0.0,0.0,4.199,78.5,99,0,60.0,2026-05-01T22:18:45.168778,4.199
2026-05-01T22:17:45.220304,86.54,0,86.54,0.0,0.0,0.0,4.199,78.5,99,0,60.0,2026-05-01T22:18:45.220184,4.199
2026-05-01T22:17:46.170922,86.52,0,86.53,0.0,0.0,0.0,4.199,78.5,99,0,60.0,2026-05-01T22:18:46.170773,4.199
2026-05-01T22:17:46.223180,86.52,0,86.52,0.0,0.0,0.0,4.199,78.5,99,0,60.0,2026-05-01T22:18:46.223014,4.199
2026-05-01T22:17:46.275523,86.52,0,86.52,0.0,0.0,0.0,4.199,78.5,99,0,60.0,2026-05-01T22:18:46.275389,4.199
2026-05-01T22:17:47.226379,86.52,0,86.52,0.0,0.0,0.0,4.199,78.5,99,0,60.0,2026-05-01T22:18:47.226223,4.199
2026-05-01T22:17:47.278425,86.52,0,86.52,0.0,0.0,0.0,4.199,78.5,99,0,60.0,2026-05-01T22:18:47.278304,4.199
2026-05-01T22:17:48.242810,86.52,0,86.52,0.0,0.0,0.0,4.199,78.5,99,0,60.0,2026-05-01T22:18:48.242680,4.199
2026-05-01T22:17:48.295692,86.49,0,86.51,0.0,0.0,0.0,4.199,78.5,99,0,60.0,2026-05-01T22:18:48.295549,4.199
2026-05-01T22:17:48.347306,86.49,0,86.5,0.0,0.0,0.0,4.199,78.5,99,0,60.0,2026-05-01T22:18:48.347186,4.199
2026-05-01T22:17:49.294154,86.49,0,86.5,0.0,0.0,0.0,4.199,78.5,99,0,60.0,2026-05-01T22:18:49.293945,4.199
2026-05-01T22:17:49.347262,86.48,0,86.49,0.0,0.0,0.0,4.199,78.5,99,0,60.0,2026-05-01T22:18:49.347116,4.199
2026-05-01T22:17:49.399500,86.48,0,86.49,0.0,0.0,0.0,4.199,78.5,99,0,60.0,2026-05-01T22:18:49.399355,4.199
2026-05-01T22:17:50.349411,86.45,0,86.48,0.0,0.0,0.0,4.199,78.5,99,0,60.0,2026-05-01T22:18:50.349242,4.199
2026-05-01T22:17:50.403234,86.45,0,86.47,0.0,0.0,0.0,4.199,78.5,99,0,60.0,2026-05-01T22:18:50.403090,4.199
2026-05-01T22:17:50.454650,86.45,0,86.46,0.0,0.0,0.0,4.199,78.5,99,0,60.0,2026-05-01T22:18:50.454535,4.199
2026-05-01T22:17:51.406240,86.44,0,86.46,0.0,0.0,0.0,4.199,78.5,99,0,60.0,2026-05-01T22:18:51.406090,4.199
2026-05-01T22:17:51.459524,86.44,0,86.45,0.0,0.0,0.0,4.199,78.5,99,0,60.0,2026-05-01T22:18:51.459370,4.199
2026-05-01T22:17:51.510887,86.44,0,86.45,0.0,0.0,0.0,4.199,78.5,99,0,60.0,2026-05-01T22:18:51.510755,4.199
2026-05-01T22:17:52.462126,86.43,0,86.44,0.0,0.0,0.0,4.199,78.5,99,0,60.0,2026-05-01T22:18:52.461966,4.199
2026-05-01T22:17:52.514661,86.43,0,86.44,0.0,0.0,0.0,4.199,78.5,99,0,60.0,2026-05-01T22:18:52.514516,4.199
2026-05-01T22:17:52.566573,86.43,0,86.44,0.0,0.0,0.0,4.199,78.5,99,0,60.0,2026-05-01T22:18:52.566455,4.199
2026-05-01T22:17:53.518848,86.42,0,86.43,0.0,0.0,0.0,4.199,78.5,99,0,60.0,2026-05-01T22:18:53.518696,4.199
2026-05-01T22:17:53.571092,86.42,0,86.43,0.0,0.0,0.0,4.199,78.5,99,0,60.0,2026-05-01T22:18:53.570959,4.199
2026-05-01T22:17:53.622683,86.42,0,86.43,0.0,0.0,0.0,4.199,78.5,99,0,60.0,2026-05-01T22:18:53.622554,4.199
2026-05-01T22:17:54.565147,86.41,0,86.42,0.0,0.0,0.0,4.199,78.5,99,0,60.0,2026-05-01T22:18:54.564978,4.199
2026-05-01T22:17:54.617060,86.41,0,86.42,0.0,0.0,0.0,4.199,78.5,99,0,60.0,2026-05-01T22:18:54.616940,4.199
2026-05-01T22:17:55.581019,86.41,0,86.42,0.0,0.0,0.0,4.199,78.5,99,0,60.0,2026-05-01T22:18:55.580865,4.199
2026-05-01T22:17:55.634246,86.39,0,86.4,0.0,0.0,0.0,4.199,78.5,99,0,60.0,2026-05-01T22:18:55.634100,4.199
2026-05-01T22:17:55.685534,86.39,0,86.4,0.0,0.0,0.0,4.199,78.5,99,0,60.0,2026-05-01T22:18:55.685408,4.199
2026-05-01T22:17:56.636658,86.39,0,86.4,0.0,0.0,0.0,4.199,78.5,99,0,60.0,2026-05-01T22:18:56.636481,4.199
2026-05-01T22:17:56.689410,86.39,0,86.39,0.0,0.0,0.0,4.199,78.5,99,0,60.0,2026-05-01T22:18:56.689277,4.199
2026-05-01T22:17:56.740518,86.39,0,86.39,0.0,0.0,0.0,4.199,78.5,99,0,60.0,2026-05-01T22:18:56.740389,4.199
2026-05-01T22:17:57.693371,86.38,0,86.39,0.0,0.0,0.0,4.199,78.5,99,0,60.0,2026-05-01T22:18:57.693223,4.199
2026-05-01T22:17:57.745853,86.38,0,86.39,0.0,0.0,0.0,4.199,78.5,99,0,60.0,2026-05-01T22:18:57.745707,4.199
2026-05-01T22:17:57.796902,86.38,0,86.39,0.0,0.0,0.0,4.199,78.5,99,0,60.0,2026-05-01T22:18:57.796770,4.199
2026-05-01T22:17:58.743605,86.37,0,86.38,0.0,0.0,0.0,4.199,78.5,99,0,60.0,2026-05-01T22:18:58.743440,4.199
2026-05-01T22:17:58.795406,86.37,0,86.38,0.0,0.0,0.0,4.199,78.5,99,0,60.0,2026-05-01T22:18:58.795274,4.199
2026-05-01T22:17:58.846553,86.37,0,86.38,0.0,0.0,0.0,4.199,78.5,99,0,60.0,2026-05-01T22:18:58.846426,4.199
2026-05-01T22:17:59.800844,86.36,0,86.37,0.0,0.0,0.0,4.199,78.5,99,0,60.0,2026-05-01T22:18:59.800688,4.199
2026-05-01T22:17:59.852896,86.36,0,86.37,0.0,0.0,0.0,4.199,78.5,99,0,60.0,2026-05-01T22:18:59.852765,4.199
2026-05-01T22:17:59.904696,86.36,0,86.37,0.0,0.0,0.0,4.199,78.5,99,0,60.0,2026-05-01T22:18:59.904556,4.199
2026-05-01T22:18:00.855947,86.33,0,86.35,0.0,0.0,0.0,4.199,78.5,99,0,60.0,2026-05-01T22:19:00.855805,4.199
2026-05-01T22:18:00.908493,86.33,0,86.34,0.0,0.0,0.0,4.199,78.5,99,0,60.0,2026-05-01T22:19:00.908341,4.199
2026-05-01T22:18:01.874765,86.33,0,86.34,0.0,0.0,0.0,4.199,78.5,99,0,60.0,2026-05-01T22:19:01.874612,4.199
2026-05-01T22:18:01.928344,86.33,0,86.33,0.0,0.0,0.0,4.199,78.5,99,0,60.0,2026-05-01T22:19:01.928209,4.199
2026-05-01T22:18:01.979825,86.33,0,86.33,0.0,0.0,0.0,4.199,78.5,99,0,60.0,2026-05-01T22:19:01.979697,4.199
2026-05-01T22:18:02.929860,86.3,0,86.33,0.0,0.0,0.0,4.199,78.5,99,0,60.0,2026-05-01T22:19:02.929696,4.199
2026-05-01T22:18:02.982959,86.3,0,86.31,0.0,0.0,0.0,4.199,78.5,99,0,60.0,2026-05-01T22:19:02.982820,4.199
2026-05-01T22:18:03.034149,86.3,0,86.31,0.0,0.0,0.0,4.199,78.5,99,0,60.0,2026-05-01T22:19:03.034028,4.199
2026-05-01T22:18:03.978283,86.28,0,86.3,0.0,0.0,0.0,4.199,78.5,99,0,60.0,2026-05-01T22:19:03.978126,4.199
2026-05-01T22:18:04.031325,86.28,0,86.29,0.0,0.0,0.0,4.199,78.5,99,0,60.0,2026-05-01T22:19:04.031179,4.199
2026-05-01T22:18:04.082697,86.28,0,86.29,0.0,0.0,0.0,4.199,78.5,99,0,60.0,2026-05-01T22:19:04.082563,4.199
2026-05-01T22:18:05.034540,86.26,0,86.28,0.0,0.0,0.0,4.199,78.5,99,0,60.0,2026-05-01T22:19:05.034380,4.199
2026-05-01T22:18:05.087555,86.26,0,86.27,0.0,0.0,0.0,4.199,78.5,99,0,60.0,2026-05-01T22:19:05.087426,4.199
2026-05-01T22:18:05.138747,86.26,0,86.27,0.0,0.0,0.0,4.199,78.5,99,0,60.0,2026-05-01T22:19:05.138622,4.199
2026-05-01T22:18:06.089052,86.24,0,86.26,0.0,0.0,0.0,4.199,78.5,99,0,60.0,2026-05-01T22:19:06.088900,4.199
2026-05-01T22:18:06.141490,86.24,0,86.25,0.0,0.0,0.0,4.199,78.5,99,0,60.0,2026-05-01T22:19:06.141339,4.199
2026-05-01T22:18:06.192981,86.24,0,86.25,0.0,0.0,0.0,4.199,78.5,99,0,60.0,2026-05-01T22:19:06.192837,4.199
2026-05-01T22:18:07.144338,86.22,0,86.23,0.0,0.0,0.0,4.199,78.5,99,0,60.0,2026-05-01T22:19:07.144181,4.199
2026-05-01T22:18:07.195680,86.22,0,86.23,0.0,0.0,0.0,4.199,78.5,99,0,60.0,2026-05-01T22:19:07.195558,4.199
2026-05-01T22:18:08.164168,86.22,0,86.22,0.0,0.0,0.0,4.199,78.5,99,0,60.0,2026-05-01T22:19:08.163980,4.199
2026-05-01T22:18:08.218645,86.19,0,86.21,0.0,0.0,0.0,4.199,78.5,99,0,60.0,2026-05-01T22:19:08.218487,4.199
2026-05-01T22:18:08.269799,86.19,0,86.2,0.0,0.0,0.0,4.199,78.5,99,0,60.0,2026-05-01T22:19:08.269668,4.199
2026-05-01T22:18:09.211944,86.19,0,86.19,0.0,0.0,0.0,4.199,78.5,99,0,60.0,2026-05-01T22:19:09.211803,4.199
2026-05-01T22:18:09.265327,86.18,0,86.19,0.0,0.0,0.0,4.199,78.5,99,0,60.0,2026-05-01T22:19:09.265188,4.199
2026-05-01T22:18:09.316656,86.18,0,86.18,0.0,0.0,0.0,4.199,78.5,99,0,60.0,2026-05-01T22:19:09.316529,4.199
2026-05-01T22:18:10.266929,86.16,0,86.18,0.0,0.0,0.0,4.199,78.5,99,0,60.0,2026-05-01T22:19:10.266784,4.199
2026-05-01T22:18:10.319639,86.16,0,86.17,0.0,0.0,0.0,4.199,78.5,99,0,60.0,2026-05-01T22:19:10.319493,4.199
2026-05-01T22:18:10.370954,86.16,0,86.16,0.0,0.0,0.0,4.199,78.5,99,0,60.0,2026-05-01T22:19:10.370840,4.199
2026-05-01T22:18:11.324161,86.15,0,86.16,0.0,0.0,0.0,4.199,78.5,99,0,60.0,2026-05-01T22:19:11.324007,4.199
2026-05-01T22:18:11.377062,86.15,0,86.15,0.0,0.0,0.0,4.199,78.5,99,0,60.0,2026-05-01T22:19:11.376905,4.199
2026-05-01T22:18:11.428589,86.15,0,86.15,0.0,0.0,0.0,4.199,78.5,99,0,60.0,2026-05-01T22:19:11.428449,4.199
2026-05-01T22:18:12.379753,86.13,0,86.14,0.0,0.0,0.0,4.199,78.5,99,0,60.0,2026-05-01T22:19:12.379545,4.199
2026-05-01T22:18:12.432763,86.13,0,86.14,0.0,0.0,0.0,4.199,78.5,99,0,60.0,2026-05-01T22:19:12.432618,4.199
2026-05-01T22:18:12.484727,86.13,0,86.13,0.0,0.0,0.0,4.199,78.5,99,0,60.0,2026-05-01T22:19:12.484589,4.199
2026-05-01T22:18:13.436494,86.09,0,86.11,0.0,0.0,0.0,4.199,78.5,99,0,60.0,2026-05-01T22:19:13.436348,4.199
2026-05-01T22:18:13.489259,86.09,0,86.1,0.0,0.0,0.0,4.199,78.5,99,0,60.0,2026-05-01T22:19:13.489127,4.199
2026-05-01T22:18:13.545508,86.09,0,86.1,0.0,0.0,0.0,4.199,78.5,99,0,60.0,2026-05-01T22:19:13.545224,4.199
2026-05-01T22:18:14.483661,86.08,0,86.09,0.0,0.0,0.0,4.199,78.5,99,0,60.0,2026-05-01T22:19:14.483503,4.199
2026-05-01T22:18:14.540421,86.08,0,86.08,0.0,0.0,0.0,4.199,78.5,99,0,60.0,2026-05-01T22:19:14.540295,4.199
2026-05-01T22:18:15.500250,86.08,0,86.08,0.0,0.0,0.0,4.199,78.5,99,0,60.0,2026-05-01T22:19:15.500092,4.199
2026-05-01T22:18:15.554429,86.06,0,86.07,0.0,0.0,0.0,4.199,78.5,99,0,60.0,2026-05-01T22:19:15.554284,4.199
2026-05-01T22:18:15.606119,86.06,0,86.06,0.0,0.0,0.0,4.199,78.5,99,0,60.0,2026-05-01T22:19:15.605996,4.199
2026-05-01T22:18:16.555606,86.05,0,86.06,0.0,0.0,0.0,4.199,78.5,99,0,60.0,2026-05-01T22:19:16.555434,4.199
2026-05-01T22:18:16.610989,86.05,0,86.05,0.0,0.0,0.0,4.199,78.5,99,0,60.0,2026-05-01T22:19:16.610870,4.199
2026-05-01T22:18:16.663844,86.05,0,86.05,0.0,0.0,0.0,4.199,78.5,99,0,60.0,2026-05-01T22:19:16.663710,4.199
2026-05-01T22:18:17.610540,86.03,0,86.04,0.0,0.0,0.0,4.199,78.5,99,0,60.0,2026-05-01T22:19:17.610384,4.199
2026-05-01T22:18:17.664230,86.03,0,86.04,0.0,0.0,0.0,4.199,78.5,99,0,60.0,2026-05-01T22:19:17.664098,4.199
2026-05-01T22:18:17.716028,86.03,0,86.04,0.0,0.0,0.0,4.199,78.5,99,0,60.0,2026-05-01T22:19:17.715908,4.199
2026-05-01T22:18:18.659098,86.01,0,86.03,0.0,0.0,0.0,4.199,78.5,99,0,60.0,2026-05-01T22:19:18.658942,4.199
2026-05-01T22:18:18.711508,86.01,0,86.02,0.0,0.0,0.0,4.199,78.5,99,0,60.0,2026-05-01T22:19:18.711361,4.199
2026-05-01T22:18:18.762611,86.01,0,86.02,0.0,0.0,0.0,4.199,78.5,99,0,60.0,2026-05-01T22:19:18.762490,4.199
2026-05-01T22:18:19.716845,85.99,0,86.01,0.0,0.0,0.0,4.199,78.5,99,0,60.0,2026-05-01T22:19:19.716681,4.199
2026-05-01T22:18:19.768924,85.99,0,86.0,0.0,0.0,0.0,4.199,78.5,99,0,60.0,2026-05-01T22:19:19.768794,4.199
2026-05-01T22:18:19.820846,85.99,0,86.0,0.0,0.0,0.0,4.199,78.5,99,0,60.0,2026-05-01T22:19:19.820720,4.199
2026-05-01T22:18:20.771740,85.99,0,86.0,0.0,0.0,0.0,4.199,78.5,99,0,60.0,2026-05-01T22:19:20.771586,4.199
2026-05-01T22:18:20.822775,85.99,0,86.0,0.0,0.0,0.0,4.199,78.5,99,0,60.0,2026-05-01T22:19:20.822651,4.199
2026-05-01T22:18:21.788906,85.99,0,86.0,0.0,0.0,0.0,4.199,78.5,99,0,60.0,2026-05-01T22:19:21.788761,4.199
2026-05-01T22:18:21.842043,85.96,0,85.98,0.0,0.0,0.0,4.199,78.5,99,0,60.0,2026-05-01T22:19:21.841889,4.199
2026-05-01T22:18:21.893938,85.96,0,85.97,0.0,0.0,0.0,4.199,78.5,99,0,60.0,2026-05-01T22:19:21.893781,4.199
2026-05-01T22:18:22.844511,85.95,0,85.97,0.0,0.0,0.0,4.199,78.5,99,0,60.0,2026-05-01T22:19:22.844357,4.199
2026-05-01T22:18:22.898215,85.95,0,85.96,0.0,0.0,0.0,4.199,78.5,99,0,60.0,2026-05-01T22:19:22.897971,4.199
2026-05-01T22:18:22.950101,85.95,0,85.96,0.0,0.0,0.0,4.199,78.5,99,0,60.0,2026-05-01T22:19:22.949974,4.199
2026-05-01T22:18:23.901848,85.92,0,85.95,0.0,0.0,0.0,4.199,78.5,99,0,60.0,2026-05-01T22:19:23.901683,4.199
2026-05-01T22:18:23.954387,85.92,0,85.94,0.0,0.0,0.0,4.199,78.5,99,0,60.0,2026-05-01T22:19:23.954258,4.199
2026-05-01T22:18:24.008040,85.92,0,85.93,0.0,0.0,0.0,4.199,78.5,99,0,60.0,2026-05-01T22:19:24.007870,4.199
2026-05-01T22:18:24.957421,85.89,0,85.92,0.0,0.0,0.0,4.199,78.5,99,0,60.0,2026-05-01T22:19:24.957260,4.199
2026-05-01T22:18:25.009599,85.89,0,85.91,0.0,0.0,0.0,4.199,78.5,99,0,60.0,2026-05-01T22:19:25.009451,4.199
2026-05-01T22:18:25.061203,85.89,0,85.9,0.0,0.0,0.0,4.199,78.5,99,0,60.0,2026-05-01T22:19:25.061077,4.199
2026-05-01T22:18:26.062105,85.88,0,85.89,0.0,0.0,0.0,4.199,78.5,99,0,60.0,2026-05-01T22:19:26.061484,4.199
2026-05-01T22:18:26.114323,85.88,0,85.89,0.0,0.0,0.0,4.199,78.5,99,0,60.0,2026-05-01T22:19:26.114205,4.199
2026-05-01T22:18:27.031359,85.88,0,85.89,0.0,0.0,0.0,4.199,78.5,99,0,60.0,2026-05-01T22:19:27.031244,4.199
2026-05-01T22:18:27.085988,85.86,0,85.87,0.0,0.0,0.0,4.199,78.5,99,0,60.0,2026-05-01T22:19:27.085839,4.199
2026-05-01T22:18:27.137526,85.86,0,85.87,0.0,0.0,0.0,4.199,78.5,99,0,60.0,2026-05-01T22:19:27.137406,4.199
2026-05-01T22:18:28.086840,85.84,0,85.86,0.0,0.0,0.0,4.199,78.5,99,0,60.0,2026-05-01T22:19:28.086697,4.199
2026-05-01T22:18:28.140034,85.84,0,85.85,0.0,0.0,0.0,4.199,78.5,99,0,60.0,2026-05-01T22:19:28.139886,4.199
2026-05-01T22:18:28.191614,85.84,0,85.85,0.0,0.0,0.0,4.199,78.5,99,0,60.0,2026-05-01T22:19:28.191486,4.199
2026-05-01T22:18:29.136320,85.82,0,85.84,0.0,0.0,0.0,4.199,78.5,99,0,60.0,2026-05-01T22:19:29.136168,4.199
2026-05-01T22:18:29.189917,85.82,0,85.83,0.0,0.0,0.0,4.199,78.5,99,0,60.0,2026-05-01T22:19:29.189769,4.199
2026-05-01T22:18:29.241995,85.82,0,85.83,0.0,0.0,0.0,4.199,78.5,99,0,60.0,2026-05-01T22:19:29.241849,4.199
2026-05-01T22:18:30.192454,85.82,0,85.82,0.0,0.0,0.0,4.199,78.5,99,0,60.0,2026-05-01T22:19:30.192310,4.199
2026-05-01T22:18:30.244816,85.82,0,85.82,0.0,0.0,0.0,4.199,78.5,99,0,60.0,2026-05-01T22:19:30.244685,4.199
2026-05-01T22:18:30.295883,85.82,0,85.82,0.0,0.0,0.0,4.199,78.5,99,0,60.0,2026-05-01T22:19:30.295766,4.199
2026-05-01T22:18:31.248592,85.81,0,85.82,0.0,0.0,0.0,4.199,78.5,99,0,60.0,2026-05-01T22:19:31.248335,4.199
2026-05-01T22:18:31.301469,85.81,0,85.81,0.0,0.0,0.0,4.199,78.5,99,0,60.0,2026-05-01T22:19:31.301324,4.199
2026-05-01T22:18:31.353237,85.81,0,85.81,0.0,0.0,0.0,4.199,78.5,99,0,60.0,2026-05-01T22:19:31.353093,4.199
2026-05-01T22:18:32.304165,85.8,0,85.81,0.0,0.0,0.0,4.199,78.5,99,0,60.0,2026-05-01T22:19:32.304028,4.199
2026-05-01T22:18:32.355861,85.8,0,85.8,0.0,0.0,0.0,4.199,78.5,99,0,60.0,2026-05-01T22:19:32.355740,4.199
2026-05-01T22:18:33.320675,85.8,0,85.8,0.0,0.0,0.0,4.199,78.5,99,0,60.0,2026-05-01T22:19:33.320543,4.199
2026-05-01T22:18:33.374392,85.78,0,85.79,0.0,0.0,0.0,4.199,78.5,99,0,60.0,2026-05-01T22:19:33.374247,4.199
2026-05-01T22:18:33.426184,85.78,0,85.79,0.0,0.0,0.0,4.199,78.5,99,0,60.0,2026-05-01T22:19:33.426043,4.199
2026-05-01T22:18:34.371453,85.78,0,85.78,0.0,0.0,0.0,4.199,78.5,99,0,60.0,2026-05-01T22:19:34.371294,4.199
2026-05-01T22:18:34.426916,85.78,0,85.78,0.0,0.0,0.0,4.199,78.5,99,0,60.0,2026-05-01T22:19:34.426757,4.199
2026-05-01T22:18:34.480510,85.78,0,85.78,0.0,0.0,0.0,4.199,78.5,99,0,60.0,2026-05-01T22:19:34.480219,4.199
2026-05-01T22:18:35.428891,85.78,0,85.78,0.0,0.0,0.0,4.199,78.5,99,0,60.0,2026-05-01T22:19:35.428730,4.199
2026-05-01T22:18:35.483514,85.78,0,85.78,0.0,0.0,0.0,4.199,78.5,99,0,60.0,2026-05-01T22:19:35.483375,4.199
2026-05-01T22:18:35.536778,85.78,0,85.78,0.0,0.0,0.0,4.199,78.5,99,0,60.0,2026-05-01T22:19:35.536637,4.199
2026-05-01T22:18:36.485203,85.77,0,85.78,0.0,0.0,0.0,4.199,78.5,99,0,60.0,2026-05-01T22:19:36.485005,4.199
2026-05-01T22:18:36.538568,85.77,0,85.77,0.0,0.0,0.0,4.199,78.5,99,0,60.0,2026-05-01T22:19:36.538434,4.199
2026-05-01T22:18:36.590251,85.77,0,85.77,0.0,0.0,0.0,4.199,78.5,99,0,60.0,2026-05-01T22:19:36.590130,4.199
2026-05-01T22:18:37.540226,85.76,0,85.77,0.0,0.0,0.0,4.199,78.5,99,0,60.0,2026-05-01T22:19:37.540072,4.199
2026-05-01T22:18:37.593459,85.76,0,85.76,0.0,0.0,0.0,4.199,78.5,99,0,60.0,2026-05-01T22:19:37.593306,4.199
2026-05-01T22:18:37.645428,85.76,0,85.76,0.0,0.0,0.0,4.199,78.5,99,0,60.0,2026-05-01T22:19:37.645294,4.199
2026-05-01T22:18:38.590360,85.76,0,85.76,0.0,0.0,0.0,4.199,78.5,99,0,60.0,2026-05-01T22:19:38.590187,4.199
2026-05-01T22:18:38.642992,85.76,0,85.76,0.0,0.0,0.0,4.199,78.5,99,0,60.0,2026-05-01T22:19:38.642850,4.199
2026-05-01T22:18:38.695348,85.76,0,85.76,0.0,0.0,0.0,4.199,78.5,99,0,60.0,2026-05-01T22:19:38.695193,4.199
2026-05-01T22:18:39.648050,85.76,0,85.76,0.0,0.0,0.0,4.199,78.5,99,0,60.0,2026-05-01T22:19:39.647880,4.199
2026-05-01T22:18:39.700208,85.76,0,85.76,0.0,0.0,0.0,4.199,78.5,99,0,60.0,2026-05-01T22:19:39.700073,4.199
2026-05-01T22:18:40.665097,85.76,0,85.76,0.0,0.0,0.0,4.199,78.5,99,0,60.0,2026-05-01T22:19:40.664942,4.199
2026-05-01T22:18:40.719146,85.76,0,85.76,0.0,0.0,0.0,4.199,78.5,99,0,60.0,2026-05-01T22:19:40.718989,4.199
2026-05-01T22:18:40.770456,85.76,0,85.76,0.0,0.0,0.0,4.199,78.5,99,0,60.0,2026-05-01T22:19:40.770339,4.199
2026-05-01T22:18:41.721863,85.75,0,85.76,0.0,0.0,0.0,4.199,78.5,99,0,60.0,2026-05-01T22:19:41.721708,4.199
2026-05-01T22:18:41.774466,85.75,0,85.75,0.0,0.0,0.0,4.199,78.5,99,0,60.0,2026-05-01T22:19:41.774329,4.199
2026-05-01T22:18:41.825592,85.75,0,85.75,0.0,0.0,0.0,4.199,78.5,99,0,60.0,2026-05-01T22:19:41.825467,4.199
2026-05-01T22:18:42.776737,85.75,0,85.75,0.0,0.0,0.0,4.199,78.5,99,0,60.0,2026-05-01T22:19:42.776586,4.199
2026-05-01T22:18:42.829562,85.75,0,85.75,0.0,0.0,0.0,4.199,78.5,99,0,60.0,2026-05-01T22:19:42.829416,4.199
2026-05-01T22:18:42.880914,85.75,0,85.75,0.0,0.0,0.0,4.199,78.5,99,0,60.0,2026-05-01T22:19:42.880776,4.199
2026-05-01T22:18:43.825860,85.74,0,85.75,0.0,0.0,0.0,4.199,78.5,99,0,60.0,2026-05-01T22:19:43.825692,4.199
2026-05-01T22:18:43.881073,85.74,0,85.74,0.0,0.0,0.0,4.199,78.5,99,0,60.0,2026-05-01T22:19:43.880926,4.199
2026-05-01T22:18:43.940529,85.74,0,85.74,0.0,0.0,0.0,4.199,78.5,99,0,60.0,2026-05-01T22:19:43.940369,4.199
2026-05-01T22:18:44.881983,85.74,0,85.74,0.0,0.0,0.0,4.199,78.5,99,0,60.0,2026-05-01T22:19:44.881824,4.199
2026-05-01T22:18:44.934976,85.74,0,85.74,0.0,0.0,0.0,4.199,78.5,99,0,60.0,2026-05-01T22:19:44.934838,4.199
2026-05-01T22:18:44.986497,85.74,0,85.74,0.0,0.0,0.0,4.199,78.5,99,0,60.0,2026-05-01T22:19:44.986374,4.199
2026-05-01T22:18:45.937293,85.74,0,85.74,0.0,0.0,0.0,4.199,78.5,99,0,60.0,2026-05-01T22:19:45.937136,4.199
2026-05-01T22:18:45.988849,85.74,0,85.74,0.0,0.0,0.0,4.199,78.5,99,0,60.0,2026-05-01T22:19:45.988722,4.199
2026-05-01T22:18:46.953946,85.74,0,85.74,0.0,0.0,0.0,4.199,78.5,99,0,60.0,2026-05-01T22:19:46.953797,4.199
2026-05-01T22:18:47.007725,85.74,0,85.74,0.0,0.0,0.0,4.199,78.5,99,0,60.0,2026-05-01T22:19:47.007570,4.199
2026-05-01T22:18:47.059620,85.74,0,85.74,0.0,0.0,0.0,4.199,78.5,99,0,60.0,2026-05-01T22:19:47.059499,4.199
2026-05-01T22:18:48.008806,85.73,0,85.74,0.0,0.0,0.0,4.199,78.5,99,0,60.0,2026-05-01T22:19:48.008663,4.199
2026-05-01T22:18:48.062181,85.73,0,85.73,0.0,0.0,0.0,4.199,78.5,99,0,60.0,2026-05-01T22:19:48.062019,4.199
2026-05-01T22:18:48.114307,85.73,0,85.73,0.0,0.0,0.0,4.199,78.5,99,0,60.0,2026-05-01T22:19:48.114178,4.199
2026-05-01T22:18:49.059889,85.71,0,85.73,0.0,0.0,0.0,4.199,78.5,99,0,60.0,2026-05-01T22:19:49.059737,4.199
2026-05-01T22:18:49.116174,85.71,0,85.72,0.0,0.0,0.0,4.199,78.5,99,0,60.0,2026-05-01T22:19:49.116034,4.199
2026-05-01T22:18:49.168322,85.71,0,85.71,0.0,0.0,0.0,4.199,78.5,99,0,60.0,2026-05-01T22:19:49.168199,4.199
2026-05-01T22:18:50.112650,85.71,0,85.71,0.0,0.0,0.0,4.199,78.5,99,0,60.0,2026-05-01T22:19:50.112501,4.199
2026-05-01T22:18:50.165650,85.71,0,85.71,0.0,0.0,0.0,4.199,78.5,99,0,60.0,2026-05-01T22:19:50.165517,4.199
2026-05-01T22:18:50.216676,85.71,0,85.71,0.0,0.0,0.0,4.199,78.5,99,0,60.0,2026-05-01T22:19:50.216558,4.199
2026-05-01T22:18:51.167098,85.7,0,85.7,0.0,0.0,0.0,4.199,78.5,99,0,60.0,2026-05-01T22:19:51.166936,4.199
2026-05-01T22:18:51.219228,85.7,0,85.7,0.0,0.0,0.0,4.199,78.5,99,0,60.0,2026-05-01T22:19:51.219089,4.199
2026-05-01T22:18:51.271156,85.7,0,85.7,0.0,0.0,0.0,4.199,78.5,99,0,60.0,2026-05-01T22:19:51.271028,4.199
2026-05-01T22:18:52.222768,85.7,0,85.7,0.0,0.0,0.0,4.199,78.5,99,0,60.0,2026-05-01T22:19:52.222626,4.199
2026-05-01T22:18:52.274118,85.7,0,85.7,0.0,0.0,0.0,4.199,78.5,99,0,60.0,2026-05-01T22:19:52.274003,4.199
2026-05-01T22:18:53.240949,85.7,0,85.7,0.0,0.0,0.0,4.199,78.5,99,0,60.0,2026-05-01T22:19:53.240812,4.199
2026-05-01T22:18:53.294076,85.7,0,85.7,0.0,0.0,0.0,4.199,78.5,99,0,60.0,2026-05-01T22:19:53.293937,4.199
2026-05-01T22:18:53.345425,85.7,0,85.7,0.0,0.0,0.0,4.199,78.5,99,0,60.0,2026-05-01T22:19:53.345295,4.199
2026-05-01T22:18:54.292663,85.7,0,85.7,0.0,0.0,0.0,4.199,78.5,99,0,60.0,2026-05-01T22:19:54.292504,4.199
2026-05-01T22:18:54.350655,85.68,0,85.69,0.0,0.0,0.0,4.199,78.5,99,0,60.0,2026-05-01T22:19:54.350465,4.199
2026-05-01T22:18:54.403307,85.68,0,85.68,0.0,0.0,0.0,4.199,78.5,99,0,60.0,2026-05-01T22:19:54.403157,4.199
2026-05-01T22:18:55.347484,85.66,0,85.68,0.0,0.0,0.0,4.199,78.5,99,0,60.0,2026-05-01T22:19:55.347351,4.199
2026-05-01T22:18:55.400641,85.66,0,85.67,0.0,0.0,0.0,4.199,78.5,99,0,60.0,2026-05-01T22:19:55.400502,4.199
2026-05-01T22:18:55.451534,85.66,0,85.66,0.0,0.0,0.0,4.199,78.5,99,0,60.0,2026-05-01T22:19:55.451416,4.199
2026-05-01T22:18:56.404571,85.66,0,85.66,0.0,0.0,0.0,4.199,78.5,99,0,60.0,2026-05-01T22:19:56.404418,4.199
2026-05-01T22:18:56.458046,85.66,0,85.66,0.0,0.0,0.0,4.199,78.5,99,0,60.0,2026-05-01T22:19:56.457912,4.199
2026-05-01T22:18:56.509175,85.66,0,85.66,0.0,0.0,0.0,4.199,78.5,99,0,60.0,2026-05-01T22:19:56.509065,4.199
2026-05-01T22:18:57.460679,85.66,0,85.66,0.0,0.0,0.0,4.199,78.5,99,0,60.0,2026-05-01T22:19:57.460539,4.199
2026-05-01T22:18:57.513689,85.66,0,85.66,0.0,0.0,0.0,4.199,78.5,99,0,60.0,2026-05-01T22:19:57.513550,4.199
2026-05-01T22:18:57.565563,85.66,0,85.66,0.0,0.0,0.0,4.199,78.5,99,0,60.0,2026-05-01T22:19:57.565426,4.199
2026-05-01T22:18:58.520607,85.65,0,85.65,0.0,0.0,0.0,4.199,78.5,99,0,60.0,2026-05-01T22:19:58.520392,4.199
2026-05-01T22:18:58.575023,85.65,0,85.65,0.0,0.0,0.0,4.199,78.5,99,0,60.0,2026-05-01T22:19:58.574878,4.199
2026-05-01T22:18:58.627967,85.65,0,85.65,0.0,0.0,0.0,4.199,78.5,99,0,60.0,2026-05-01T22:19:58.627808,4.199
2026-05-01T22:18:59.568161,85.63,0,85.64,0.0,0.0,0.0,4.199,78.5,99,0,60.0,2026-05-01T22:19:59.567977,4.199
2026-05-01T22:18:59.621422,85.63,0,85.63,0.0,0.0,0.0,4.199,78.5,99,0,60.0,2026-05-01T22:19:59.621260,4.199
