timestamp,T_actual,P_actual_gauge,T_predicted,P_predicted,Q_watts,flow_lpm,water_L,eta_instant,health_score,anomaly_flag,prediction_horizon_s,prediction_target_timestamp,L_predicted
2026-04-29T16:30:23.419914,90.6,0.2489,90.6,0.2489,0.0,0.0,0,0.0,100,0,60.0,2026-04-29T16:31:23.419740,4.339
2026-04-29T16:30:23.501007,90.6,0.2489,93.46,0.2555,1000.0,0.0,0,85.3,100,0,60.0,2026-04-29T16:31:23.500790,4.218
2026-04-29T16:30:24.463608,90.6,0.2489,93.5,0.2806,1000.0,0.0,4.199,85.3,100,0,60.0,2026-04-29T16:31:24.463454,4.218
2026-04-29T16:30:24.508307,90.6,0.2489,93.48,0.293,1000.0,0.0,4.199,85.3,100,0,60.0,2026-04-29T16:31:24.508225,4.218
2026-04-29T16:30:24.542622,90.6,0.2489,93.48,0.2967,1000.0,0.0,4.199,85.3,100,0,60.0,2026-04-29T16:31:24.542525,4.218
2026-04-29T16:30:25.509537,90.6,0.2489,93.5,0.3003,1000.0,0.0,4.199,85.3,100,0,60.0,2026-04-29T16:31:25.509360,4.218
2026-04-29T16:30:25.554925,90.6,0.2489,93.48,0.3015,1000.0,0.0,4.199,85.3,100,0,60.0,2026-04-29T16:31:25.554803,4.218
2026-04-29T16:30:25.591865,90.6,0.2489,93.48,0.302,1000.0,0.0,4.199,85.3,100,0,60.0,2026-04-29T16:31:25.591752,4.218
2026-04-29T16:30:26.578819,90.63,0.2461,93.51,0.3024,1000.0,0.0,4.199,85.3,100,0,60.0,2026-04-29T16:31:26.578605,4.218
2026-04-29T16:30:26.619311,90.63,0.2498,93.5,0.3026,1000.0,0.0,4.199,85.3,100,0,60.0,2026-04-29T16:31:26.619188,4.218
2026-04-29T16:30:26.654120,90.63,0.2498,93.5,0.303,1000.0,0.0,4.199,85.3,100,0,60.0,2026-04-29T16:31:26.654033,4.218
2026-04-29T16:30:27.622829,90.63,0.2498,93.52,0.3033,1000.0,0.0,4.199,85.3,100,0,60.0,2026-04-29T16:31:27.622687,4.218
2026-04-29T16:30:27.662668,90.63,0.2523,93.51,0.3045,1000.0,0.0,4.199,85.3,100,0,60.0,2026-04-29T16:31:27.662534,4.218
2026-04-29T16:30:27.698598,90.63,0.2523,93.51,0.3051,1000.0,0.0,4.199,85.3,100,0,60.0,2026-04-29T16:31:27.698447,4.218
2026-04-29T16:30:28.686819,90.7,0.2599,93.55,0.3075,1000.0,0.0,4.199,85.3,100,0,60.0,2026-04-29T16:31:28.686671,4.218
2026-04-29T16:30:28.724193,90.7,0.2599,93.55,0.3101,1000.0,0.0,4.199,85.3,100,0,60.0,2026-04-29T16:31:28.724080,4.218
2026-04-29T16:30:29.707422,90.7,0.2599,93.59,0.3124,1000.0,0.0,4.199,85.3,100,0,60.0,2026-04-29T16:31:29.707255,4.218
2026-04-29T16:30:29.753322,90.75,0.2599,93.6,0.313,1000.0,0.0,4.199,85.3,100,0,60.0,2026-04-29T16:31:29.753202,4.218
2026-04-29T16:30:29.788532,90.75,0.2599,93.6,0.3134,1000.0,0.0,4.199,85.3,100,0,60.0,2026-04-29T16:31:29.788389,4.218
2026-04-29T16:30:30.766975,90.84,0.2599,93.65,0.3143,1000.0,0.0,4.199,85.3,100,0,60.0,2026-04-29T16:31:30.766810,4.219
2026-04-29T16:30:30.811499,90.84,0.2565,93.67,0.3124,1000.0,0.0,4.199,85.3,100,0,60.0,2026-04-29T16:31:30.811232,4.219
2026-04-29T16:30:30.847609,90.84,0.2565,93.68,0.3118,1000.0,0.0,4.199,85.3,100,0,60.0,2026-04-29T16:31:30.847492,4.219
2026-04-29T16:30:31.819539,90.89,0.2556,93.72,0.3115,1000.0,0.0,4.199,85.2,100,0,60.0,2026-04-29T16:31:31.819384,4.219
2026-04-29T16:30:31.859502,90.89,0.2525,93.73,0.3092,1000.0,0.0,4.199,85.2,100,0,60.0,2026-04-29T16:31:31.859386,4.219
2026-04-29T16:30:31.895831,90.89,0.2525,93.74,0.3084,1000.0,0.0,4.199,85.2,100,0,60.0,2026-04-29T16:31:31.895667,4.219
2026-04-29T16:30:32.872124,90.9,0.2514,93.76,0.3075,1000.0,0.0,4.199,85.2,100,0,60.0,2026-04-29T16:31:32.871967,4.219
2026-04-29T16:30:32.911302,90.9,0.2525,93.76,0.3071,1000.0,0.0,4.199,85.2,100,0,60.0,2026-04-29T16:31:32.911056,4.219
2026-04-29T16:30:32.948389,90.9,0.2525,93.76,0.307,1000.0,0.0,4.199,85.2,100,0,60.0,2026-04-29T16:31:32.948192,4.219
2026-04-29T16:30:33.926252,90.93,0.2624,93.79,0.3092,1000.0,0.0,4.199,85.2,100,0,60.0,2026-04-29T16:31:33.926107,4.219
2026-04-29T16:30:33.964259,90.93,0.2624,93.79,0.3122,1000.0,0.0,4.199,85.2,100,0,60.0,2026-04-29T16:31:33.964085,4.219
2026-04-29T16:30:34.948444,90.93,0.2624,93.82,0.3149,1000.0,0.0,4.199,85.2,100,0,60.0,2026-04-29T16:31:34.948245,4.219
2026-04-29T16:30:34.997198,91.01,0.2641,93.84,0.3163,1000.0,0.0,4.199,85.2,100,0,60.0,2026-04-29T16:31:34.997094,4.219
2026-04-29T16:30:35.088525,91.01,0.2641,93.85,0.3173,1000.0,0.0,4.199,85.2,100,0,60.0,2026-04-29T16:31:35.088385,4.219
2026-04-29T16:30:36.003152,91.02,0.2641,93.89,0.3185,1000.0,0.0,4.199,85.2,100,0,60.0,2026-04-29T16:31:36.002990,4.219
2026-04-29T16:30:36.048498,91.02,0.2641,93.88,0.3184,1000.0,0.0,4.199,85.2,100,0,60.0,2026-04-29T16:31:36.048363,4.219
2026-04-29T16:30:36.085539,91.02,0.2641,93.88,0.3185,1000.0,0.0,4.199,85.2,100,0,60.0,2026-04-29T16:31:36.085356,4.219
2026-04-29T16:30:37.080854,91.03,0.2565,93.91,0.3179,1000.0,0.0,4.199,85.2,100,0,60.0,2026-04-29T16:31:37.080728,4.219
2026-04-29T16:30:37.115757,91.03,0.2659,93.9,0.3182,1000.0,0.0,4.199,85.2,100,0,60.0,2026-04-29T16:31:37.115652,4.219
2026-04-29T16:30:37.152736,91.03,0.2659,93.89,0.319,1000.0,0.0,4.199,85.2,100,0,60.0,2026-04-29T16:31:37.152632,4.219
2026-04-29T16:30:38.101090,91.05,0.2659,93.92,0.319,1000.0,0.0,4.199,85.2,100,0,60.0,2026-04-29T16:31:38.100941,4.219
2026-04-29T16:30:38.136659,91.05,0.2666,93.91,0.32,1000.0,0.0,4.199,85.2,100,0,60.0,2026-04-29T16:31:38.136528,4.219
2026-04-29T16:30:38.173237,91.05,0.2666,93.91,0.3204,1000.0,0.0,4.199,85.2,100,0,60.0,2026-04-29T16:31:38.173130,4.219
2026-04-29T16:30:39.136167,91.07,0.2727,93.94,0.3224,1000.0,0.0,4.199,85.2,100,0,60.0,2026-04-29T16:31:39.136041,4.219
2026-04-29T16:30:39.169983,91.07,0.2727,93.93,0.3245,1000.0,0.0,4.199,85.2,100,0,60.0,2026-04-29T16:31:39.169870,4.219
2026-04-29T16:30:40.185985,91.07,0.2727,93.97,0.3264,1000.0,0.0,4.199,85.2,100,0,60.0,2026-04-29T16:31:40.185816,4.219
2026-04-29T16:30:40.232220,91.09,0.2683,93.96,0.3255,1000.0,0.0,4.199,85.2,100,0,60.0,2026-04-29T16:31:40.232070,4.219
2026-04-29T16:30:40.267864,91.09,0.2683,93.95,0.3246,1000.0,0.0,4.199,85.2,100,0,60.0,2026-04-29T16:31:40.267743,4.219
2026-04-29T16:30:41.227662,91.12,0.2683,93.98,0.3243,1000.0,0.0,4.199,85.2,100,0,60.0,2026-04-29T16:31:41.227487,4.219
2026-04-29T16:30:41.267739,91.12,0.2683,93.98,0.3229,1000.0,0.0,4.199,85.2,100,0,60.0,2026-04-29T16:31:41.267611,4.219
2026-04-29T16:30:41.302426,91.12,0.2683,93.98,0.323,1000.0,0.0,4.199,85.2,100,0,60.0,2026-04-29T16:31:41.302323,4.219
2026-04-29T16:30:42.291838,91.13,0.2641,94.01,0.3228,1000.0,0.0,4.199,85.2,100,0,60.0,2026-04-29T16:31:42.291688,4.219
2026-04-29T16:30:42.339433,91.13,0.2759,94.0,0.3265,1000.0,0.0,4.199,85.2,100,0,60.0,2026-04-29T16:31:42.339265,4.219
2026-04-29T16:30:42.377655,91.13,0.2759,94.0,0.328,1000.0,0.0,4.199,85.2,100,0,60.0,2026-04-29T16:31:42.377505,4.219
2026-04-29T16:30:43.354138,91.14,0.2666,94.02,0.3283,1000.0,0.0,4.199,85.2,98,0,60.0,2026-04-29T16:31:43.353964,4.219
2026-04-29T16:30:43.393386,91.14,0.2731,94.01,0.3282,1000.0,0.0,4.199,85.2,98,0,60.0,2026-04-29T16:31:43.393273,4.219
2026-04-29T16:30:43.429164,91.14,0.2731,94.01,0.3281,1000.0,0.0,4.199,85.2,98,0,60.0,2026-04-29T16:31:43.429008,4.219
2026-04-29T16:30:44.407893,91.18,0.274,94.03,0.3269,1000.0,0.0,4.199,85.2,98,0,60.0,2026-04-29T16:31:44.407735,4.219
2026-04-29T16:30:44.446628,91.18,0.274,94.03,0.3277,1000.0,0.0,4.199,85.2,98,0,60.0,2026-04-29T16:31:44.446491,4.219
2026-04-29T16:30:45.432737,91.18,0.274,94.07,0.3289,1000.0,0.0,4.199,85.2,98,0,60.0,2026-04-29T16:31:45.432535,4.219
2026-04-29T16:30:45.479257,91.23,0.2776,94.07,0.3298,1000.0,0.0,4.199,85.2,98,0,60.0,2026-04-29T16:31:45.479087,4.219
2026-04-29T16:30:45.515272,91.23,0.2776,94.08,0.3308,1000.0,0.0,4.199,85.2,98,0,60.0,2026-04-29T16:31:45.515142,4.219
2026-04-29T16:30:46.474305,91.27,0.2776,94.11,0.3323,1000.0,0.0,4.199,85.2,98,0,60.0,2026-04-29T16:31:46.474162,4.219
2026-04-29T16:30:46.519156,91.27,0.2776,94.12,0.3322,1000.0,0.0,4.199,85.2,98,0,60.0,2026-04-29T16:31:46.519037,4.219
2026-04-29T16:30:46.554955,91.27,0.2776,94.12,0.3324,1000.0,0.0,4.199,85.2,98,0,60.0,2026-04-29T16:31:46.554850,4.219
2026-04-29T16:30:47.532830,91.34,0.2709,94.17,0.332,1000.0,0.0,4.199,85.1,98,0,60.0,2026-04-29T16:31:47.532690,4.219
2026-04-29T16:30:47.570676,91.34,0.2784,94.18,0.332,1000.0,0.0,4.199,85.1,98,0,60.0,2026-04-29T16:31:47.570558,4.219
2026-04-29T16:30:47.607133,91.34,0.2784,94.18,0.3326,1000.0,0.0,4.199,85.1,98,0,60.0,2026-04-29T16:31:47.607003,4.219
2026-04-29T16:30:48.591756,91.37,0.2793,94.22,0.3326,1000.0,0.0,4.199,85.1,98,0,60.0,2026-04-29T16:31:48.591606,4.219
2026-04-29T16:30:48.630820,91.37,0.2793,94.22,0.3334,1000.0,0.0,4.199,85.1,98,0,60.0,2026-04-29T16:31:48.630683,4.219
2026-04-29T16:30:48.666445,91.37,0.2793,94.22,0.3337,1000.0,0.0,4.199,85.1,98,0,60.0,2026-04-29T16:31:48.666325,4.219
2026-04-29T16:30:49.650432,91.43,0.2785,94.27,0.3337,1000.0,0.0,4.199,85.1,98,0,60.0,2026-04-29T16:31:49.650267,4.219
2026-04-29T16:30:49.688218,91.43,0.2785,94.28,0.3337,1000.0,0.0,4.199,85.1,98,0,60.0,2026-04-29T16:31:49.688114,4.219
2026-04-29T16:30:50.670982,91.43,0.2785,94.31,0.3345,1000.0,0.0,4.199,85.1,98,0,60.0,2026-04-29T16:31:50.670818,4.219
2026-04-29T16:30:50.716864,91.48,0.2799,94.33,0.3333,1000.0,0.0,4.199,85.1,98,0,60.0,2026-04-29T16:31:50.716726,4.219
2026-04-29T16:30:50.762758,91.48,0.2799,94.33,0.3341,1000.0,0.0,4.199,85.1,98,0,60.0,2026-04-29T16:31:50.762580,4.219
2026-04-29T16:30:51.726867,91.52,0.2799,94.37,0.3353,1000.0,0.0,4.199,85.1,98,0,60.0,2026-04-29T16:31:51.726702,4.219
2026-04-29T16:30:51.771171,91.52,0.2853,94.37,0.3363,1000.0,0.0,4.199,85.1,98,0,60.0,2026-04-29T16:31:51.771045,4.219
2026-04-29T16:30:51.806893,91.52,0.2853,94.37,0.3379,1000.0,0.0,4.199,85.1,98,0,60.0,2026-04-29T16:31:51.806757,4.219
2026-04-29T16:30:52.779753,91.56,0.2734,94.41,0.338,1000.0,0.0,4.199,85.1,98,0,60.0,2026-04-29T16:31:52.779553,4.219
2026-04-29T16:30:52.820782,91.56,0.2817,94.41,0.3368,1000.0,0.0,4.199,85.1,98,0,60.0,2026-04-29T16:31:52.820647,4.219
2026-04-29T16:30:52.855088,91.56,0.2817,94.42,0.337,1000.0,0.0,4.199,85.1,98,0,60.0,2026-04-29T16:31:52.854986,4.219
2026-04-29T16:30:53.834245,91.63,0.2817,94.46,0.3375,1000.0,0.0,4.199,85.1,98,0,60.0,2026-04-29T16:31:53.834089,4.219
2026-04-29T16:30:53.872763,91.63,0.2818,94.47,0.3375,1000.0,0.0,4.199,85.1,98,0,60.0,2026-04-29T16:31:53.872601,4.219
2026-04-29T16:30:53.907523,91.63,0.2818,94.47,0.3374,1000.0,0.0,4.199,85.1,98,0,60.0,2026-04-29T16:31:53.907403,4.219
2026-04-29T16:30:54.888883,91.66,0.2835,94.51,0.3381,1000.0,0.0,4.199,85.1,98,0,60.0,2026-04-29T16:31:54.888745,4.219
2026-04-29T16:30:54.926339,91.66,0.2835,94.51,0.3385,1000.0,0.0,4.199,85.1,98,0,60.0,2026-04-29T16:31:54.926219,4.219
2026-04-29T16:30:55.910036,91.66,0.2835,94.54,0.3394,1000.0,0.0,4.199,85.1,98,0,60.0,2026-04-29T16:31:55.909855,4.219
2026-04-29T16:30:55.955347,91.73,0.2835,94.56,0.3392,1000.0,0.0,4.199,85.1,98,0,60.0,2026-04-29T16:31:55.955226,4.219
2026-04-29T16:30:55.990391,91.73,0.2835,94.57,0.3392,1000.0,0.0,4.199,85.1,98,0,60.0,2026-04-29T16:31:55.990270,4.219
2026-04-29T16:30:56.964666,91.77,0.2835,94.61,0.3397,1000.0,0.0,4.199,85.0,98,0,60.0,2026-04-29T16:31:56.964470,4.219
2026-04-29T16:30:57.053431,91.77,0.2827,94.62,0.339,1000.0,0.0,4.199,85.0,98,0,60.0,2026-04-29T16:31:57.028679,4.219
2026-04-29T16:30:57.102826,91.77,0.2827,94.62,0.3388,1000.0,0.0,4.199,85.0,98,0,60.0,2026-04-29T16:31:57.102722,4.219
2026-04-29T16:30:58.018299,91.83,0.2818,94.66,0.339,1000.0,0.0,4.199,85.0,98,0,60.0,2026-04-29T16:31:58.018143,4.219
2026-04-29T16:30:58.058650,91.83,0.2827,94.67,0.3387,1000.0,0.0,4.199,85.0,98,0,60.0,2026-04-29T16:31:58.058526,4.219
2026-04-29T16:30:58.093020,91.83,0.2827,94.67,0.3386,1000.0,0.0,4.199,85.0,98,0,60.0,2026-04-29T16:31:58.092935,4.219
2026-04-29T16:30:59.085714,91.9,0.2767,94.73,0.3382,1000.0,0.0,4.199,85.0,99,0,60.0,2026-04-29T16:31:59.085582,4.219
2026-04-29T16:30:59.120503,91.9,0.2767,94.74,0.3358,1000.0,0.0,4.199,85.0,99,0,60.0,2026-04-29T16:31:59.120407,4.219
2026-04-29T16:30:59.155772,91.9,0.2767,94.74,0.3348,1000.0,0.0,4.199,85.0,99,0,60.0,2026-04-29T16:31:59.155638,4.219
2026-04-29T16:31:00.112411,91.94,0.2767,94.79,0.3334,1000.0,0.0,4.199,85.0,99,0,60.0,2026-04-29T16:32:00.112250,4.219
2026-04-29T16:31:00.146953,91.94,0.2767,94.79,0.3331,1000.0,0.0,4.199,85.0,99,0,60.0,2026-04-29T16:32:00.146792,4.219
2026-04-29T16:31:01.127095,91.94,0.2767,94.83,0.3337,1000.0,0.0,4.199,85.0,99,0,60.0,2026-04-29T16:32:01.126956,4.219
2026-04-29T16:31:01.162483,92.0,0.2953,94.84,0.3391,1000.0,0.0,4.199,85.0,99,0,60.0,2026-04-29T16:32:01.162344,4.219
2026-04-29T16:31:01.197811,92.0,0.2953,94.85,0.3438,1000.0,0.0,4.199,85.0,99,0,60.0,2026-04-29T16:32:01.197687,4.219
2026-04-29T16:31:02.184648,92.04,0.2953,94.89,0.3482,1000.0,0.0,4.199,85.0,99,0,60.0,2026-04-29T16:32:02.184491,4.219
2026-04-29T16:31:02.222202,92.04,0.2953,94.89,0.3497,1000.0,0.0,4.199,85.0,99,0,60.0,2026-04-29T16:32:02.222102,4.219
2026-04-29T16:31:02.257233,92.04,0.2953,94.89,0.3504,1000.0,0.0,4.199,85.0,99,0,60.0,2026-04-29T16:32:02.257118,4.219
2026-04-29T16:31:03.242980,92.1,0.2943,94.94,0.3514,1000.0,0.0,4.199,85.0,99,0,60.0,2026-04-29T16:32:03.242823,4.219
2026-04-29T16:31:03.284151,92.1,0.3004,94.94,0.3528,1000.0,0.0,4.199,85.0,99,0,60.0,2026-04-29T16:32:03.284029,4.219
2026-04-29T16:31:03.319538,92.1,0.3004,94.94,0.3541,1000.0,0.0,4.199,85.0,99,0,60.0,2026-04-29T16:32:03.319393,4.219
2026-04-29T16:31:04.312710,92.17,0.2886,95.0,0.3528,1000.0,0.0,4.199,85.0,99,0,60.0,2026-04-29T16:32:04.312383,4.219
2026-04-29T16:31:04.352423,92.17,0.2938,95.01,0.3517,1000.0,0.0,4.199,85.0,99,0,60.0,2026-04-29T16:32:04.352290,4.219
2026-04-29T16:31:04.387994,92.17,0.2938,95.01,0.3513,1000.0,0.0,4.199,85.0,99,0,60.0,2026-04-29T16:32:04.387882,4.219
2026-04-29T16:31:05.365524,92.2,0.2893,95.05,0.3498,1000.0,0.0,4.199,85.0,99,0,60.0,2026-04-29T16:32:05.365368,4.219
2026-04-29T16:31:05.403690,92.2,0.2893,95.05,0.3482,1000.0,0.0,4.199,85.0,99,0,60.0,2026-04-29T16:32:05.403570,4.219
2026-04-29T16:31:06.388324,92.2,0.2893,95.09,0.3479,1000.0,0.0,4.199,85.0,99,0,60.0,2026-04-29T16:32:06.388147,4.219
2026-04-29T16:31:06.435034,92.24,0.2886,95.09,0.3461,1000.0,0.0,4.199,84.9,99,0,60.0,2026-04-29T16:32:06.434886,4.219
2026-04-29T16:31:06.470994,92.24,0.2886,95.09,0.3457,1000.0,0.0,4.199,84.9,99,0,60.0,2026-04-29T16:32:06.470880,4.219
2026-04-29T16:31:07.444413,92.25,0.2886,95.12,0.3459,1000.0,0.0,4.199,84.9,99,0,60.0,2026-04-29T16:32:07.444241,4.219
2026-04-29T16:31:07.487584,92.25,0.2835,95.11,0.3432,1000.0,0.0,4.199,84.9,99,0,60.0,2026-04-29T16:32:07.487462,4.219
2026-04-29T16:31:07.522642,92.25,0.2835,95.11,0.342,1000.0,0.0,4.199,84.9,99,0,60.0,2026-04-29T16:32:07.522530,4.219
2026-04-29T16:31:08.493279,92.27,0.2731,95.14,0.3397,1000.0,0.0,4.199,84.9,99,0,60.0,2026-04-29T16:32:08.493119,4.219
2026-04-29T16:31:08.532106,92.27,0.2835,95.13,0.3389,1000.0,0.0,4.199,84.9,99,0,60.0,2026-04-29T16:32:08.531987,4.219
2026-04-29T16:31:08.568975,92.27,0.2835,95.13,0.3392,1000.0,0.0,4.199,84.9,99,0,60.0,2026-04-29T16:32:08.568862,4.219
2026-04-29T16:31:09.553898,92.3,0.297,95.16,0.3406,1000.0,0.0,4.199,84.9,99,0,60.0,2026-04-29T16:32:09.553752,4.219
2026-04-29T16:31:09.592871,92.3,0.297,95.16,0.3463,1000.0,0.0,4.199,84.9,99,0,60.0,2026-04-29T16:32:09.592749,4.219
2026-04-29T16:31:09.628138,92.3,0.297,95.16,0.3487,1000.0,0.0,4.199,84.9,99,0,60.0,2026-04-29T16:32:09.628010,4.219
2026-04-29T16:31:10.608519,92.34,0.297,95.19,0.3521,1000.0,0.0,4.199,84.9,99,0,60.0,2026-04-29T16:32:10.608377,4.219
2026-04-29T16:31:10.647958,92.34,0.297,95.19,0.3528,1000.0,0.0,4.199,84.9,99,0,60.0,2026-04-29T16:32:10.647815,4.219
2026-04-29T16:31:11.632454,92.34,0.297,95.23,0.3538,1000.0,0.0,4.199,84.9,99,0,60.0,2026-04-29T16:32:11.632270,4.219
2026-04-29T16:31:11.677198,92.36,0.2978,95.22,0.3531,1000.0,0.0,4.199,84.9,99,0,60.0,2026-04-29T16:32:11.677083,4.219
2026-04-29T16:31:11.713904,92.36,0.2978,95.22,0.3537,1000.0,0.0,4.199,84.9,99,0,60.0,2026-04-29T16:32:11.713638,4.219
2026-04-29T16:31:12.685513,92.39,0.2978,95.25,0.3547,1000.0,0.0,4.199,84.9,99,0,60.0,2026-04-29T16:32:12.685339,4.219
2026-04-29T16:31:12.727469,92.39,0.3063,95.25,0.3569,1000.0,0.0,4.199,84.9,99,0,60.0,2026-04-29T16:32:12.727352,4.219
2026-04-29T16:31:12.762855,92.39,0.3063,95.25,0.3591,1000.0,0.0,4.199,84.9,99,0,60.0,2026-04-29T16:32:12.762664,4.219
2026-04-29T16:31:13.740454,92.42,0.2988,95.28,0.3606,1000.0,0.0,4.199,84.9,99,0,60.0,2026-04-29T16:32:13.740288,4.219
2026-04-29T16:31:13.782684,92.42,0.308,95.28,0.3626,1000.0,0.0,4.199,84.9,99,0,60.0,2026-04-29T16:32:13.782536,4.219
2026-04-29T16:31:13.818656,92.42,0.308,95.28,0.3634,1000.0,0.0,4.199,84.9,99,0,60.0,2026-04-29T16:32:13.818545,4.219
2026-04-29T16:31:14.793628,92.45,0.3154,95.31,0.3657,1000.0,0.0,4.199,84.9,99,0,60.0,2026-04-29T16:32:14.793474,4.219
2026-04-29T16:31:14.833608,92.45,0.3163,95.31,0.369,1000.0,0.0,4.199,84.9,99,0,60.0,2026-04-29T16:32:14.833469,4.219
2026-04-29T16:31:14.870339,92.45,0.3163,95.31,0.3704,1000.0,0.0,4.199,84.9,99,0,60.0,2026-04-29T16:32:14.870235,4.219
2026-04-29T16:31:15.847546,92.47,0.3189,95.34,0.3729,1000.0,0.0,4.199,84.9,98,0,60.0,2026-04-29T16:32:15.847358,4.219
2026-04-29T16:31:15.885998,92.47,0.3189,95.33,0.3742,1000.0,0.0,4.199,84.9,98,0,60.0,2026-04-29T16:32:15.885884,4.219
2026-04-29T16:31:16.869538,92.47,0.3189,95.37,0.3757,1000.0,0.0,4.199,84.9,98,0,60.0,2026-04-29T16:32:16.869353,4.219
2026-04-29T16:31:16.914878,92.5,0.3164,95.36,0.3748,1000.0,0.0,4.199,84.9,98,0,60.0,2026-04-29T16:32:16.914747,4.219
2026-04-29T16:31:16.950591,92.5,0.3164,95.36,0.3743,1000.0,0.0,4.199,84.9,98,0,60.0,2026-04-29T16:32:16.950477,4.219
2026-04-29T16:31:17.925688,92.52,0.3164,95.39,0.3746,1000.0,0.0,4.199,84.9,99,0,60.0,2026-04-29T16:32:17.925527,4.219
2026-04-29T16:31:17.969796,92.52,0.3139,95.39,0.3727,1000.0,0.0,4.199,84.9,99,0,60.0,2026-04-29T16:32:17.969661,4.219
2026-04-29T16:31:18.005734,92.52,0.3139,95.38,0.3721,1000.0,0.0,4.199,84.9,99,0,60.0,2026-04-29T16:32:18.005629,4.219
2026-04-29T16:31:18.979944,92.56,0.3132,95.41,0.3719,1000.0,0.0,4.199,84.9,99,0,60.0,2026-04-29T16:32:18.979407,4.219
2026-04-29T16:31:19.078831,92.56,0.3173,95.41,0.3728,1000.0,0.0,4.199,84.9,99,0,60.0,2026-04-29T16:32:19.069245,4.219
2026-04-29T16:31:19.116780,92.56,0.3173,95.41,0.3735,1000.0,0.0,4.199,84.9,98,0,60.0,2026-04-29T16:32:19.116651,4.219
2026-04-29T16:31:20.032093,92.56,0.3173,95.43,0.3744,1000.0,0.0,4.199,84.9,98,0,60.0,2026-04-29T16:32:20.031946,4.219
2026-04-29T16:31:20.070786,92.56,0.3248,95.42,0.3777,1000.0,0.0,4.199,84.9,98,0,60.0,2026-04-29T16:32:20.070680,4.219
2026-04-29T16:31:20.107076,92.56,0.3248,95.42,0.3792,1000.0,0.0,4.199,84.9,98,0,60.0,2026-04-29T16:32:20.106915,4.219
2026-04-29T16:31:21.090891,92.56,0.3248,95.43,0.3814,1000.0,0.0,4.199,84.9,98,0,60.0,2026-04-29T16:32:21.090738,4.219
2026-04-29T16:31:21.126571,92.56,0.3248,95.42,0.3817,1000.0,0.0,4.199,84.9,98,0,60.0,2026-04-29T16:32:21.126429,4.219
2026-04-29T16:31:22.100614,92.56,0.3248,95.45,0.3826,1000.0,0.0,4.199,84.9,98,0,60.0,2026-04-29T16:32:22.100459,4.219
2026-04-29T16:31:22.136153,92.58,0.3181,95.44,0.3796,1000.0,0.0,4.199,84.9,98,0,60.0,2026-04-29T16:32:22.136058,4.219
2026-04-29T16:31:22.173905,92.58,0.3181,95.44,0.3781,1000.0,0.0,4.199,84.9,98,0,60.0,2026-04-29T16:32:22.173800,4.219
2026-04-29T16:31:23.140137,92.58,0.3181,95.46,0.3773,1000.0,0.0,4.199,84.9,98,0,60.0,2026-04-29T16:32:23.139971,4.219
2026-04-29T16:31:23.179038,92.58,0.3181,95.45,0.3754,1000.0,0.0,4.199,84.9,98,0,60.0,2026-04-29T16:32:23.178757,4.219
2026-04-29T16:31:23.214091,92.58,0.3181,95.44,0.3754,1000.0,0.0,4.199,84.9,98,0,60.0,2026-04-29T16:32:23.213941,4.219
2026-04-29T16:31:24.206092,92.59,0.3132,95.46,0.3751,1000.0,0.0,4.199,84.9,98,0,60.0,2026-04-29T16:32:24.205957,4.219
2026-04-29T16:31:24.245090,92.59,0.3223,95.45,0.377,1000.0,0.0,4.199,84.9,98,0,60.0,2026-04-29T16:32:24.244975,4.219
2026-04-29T16:31:24.281042,92.59,0.3223,95.45,0.3779,1000.0,0.0,4.199,84.9,98,0,60.0,2026-04-29T16:32:24.280870,4.219
2026-04-29T16:31:25.253517,92.6,0.3147,95.46,0.3783,1000.0,0.0,4.199,84.9,99,0,60.0,2026-04-29T16:32:25.253373,4.219
2026-04-29T16:31:25.289717,92.6,0.3223,95.46,0.3789,1000.0,0.0,4.199,84.9,99,0,60.0,2026-04-29T16:32:25.289551,4.219
2026-04-29T16:31:25.325403,92.6,0.3223,95.46,0.3791,1000.0,0.0,4.199,84.9,99,0,60.0,2026-04-29T16:32:25.325292,4.219
2026-04-29T16:31:26.327059,92.6,0.3232,95.46,0.378,1000.0,0.0,4.199,84.9,99,0,60.0,2026-04-29T16:32:26.326904,4.219
2026-04-29T16:31:26.366020,92.6,0.3232,95.46,0.379,1000.0,0.0,4.199,84.9,99,0,60.0,2026-04-29T16:32:26.365879,4.219
2026-04-29T16:31:27.342069,92.6,0.3232,95.48,0.3804,1000.0,0.0,4.199,84.9,98,0,60.0,2026-04-29T16:32:27.341895,4.219
2026-04-29T16:31:27.387118,92.65,0.3232,95.49,0.3805,1000.0,0.0,4.199,84.9,98,0,60.0,2026-04-29T16:32:27.386953,4.219
2026-04-29T16:31:27.422237,92.65,0.3232,95.49,0.3806,1000.0,0.0,4.199,84.9,98,0,60.0,2026-04-29T16:32:27.422113,4.219
2026-04-29T16:31:28.403995,92.68,0.3232,95.52,0.3811,1000.0,0.0,4.199,84.8,98,0,60.0,2026-04-29T16:32:28.403832,4.219
2026-04-29T16:31:28.447027,92.68,0.3325,95.52,0.3833,1000.0,0.0,4.199,84.8,98,0,60.0,2026-04-29T16:32:28.446892,4.219
2026-04-29T16:31:28.482759,92.68,0.3325,95.52,0.3857,1000.0,0.0,4.199,84.8,98,0,60.0,2026-04-29T16:32:28.482630,4.219
2026-04-29T16:31:29.457734,92.73,0.3204,95.56,0.3867,1000.0,0.0,4.199,84.8,98,0,60.0,2026-04-29T16:32:29.457541,4.219
2026-04-29T16:31:29.498835,92.73,0.3325,95.57,0.3877,1000.0,0.0,4.199,84.8,98,0,60.0,2026-04-29T16:32:29.498705,4.219
2026-04-29T16:31:29.534204,92.73,0.3325,95.57,0.3886,1000.0,0.0,4.199,84.8,98,0,60.0,2026-04-29T16:32:29.534090,4.219
2026-04-29T16:31:30.512562,92.79,0.3232,95.62,0.3876,1000.0,0.0,4.199,84.8,98,0,60.0,2026-04-29T16:32:30.512366,4.219
2026-04-29T16:31:30.552590,92.79,0.3232,95.62,0.3847,1000.0,0.0,4.199,84.8,98,0,60.0,2026-04-29T16:32:30.552465,4.219
2026-04-29T16:31:30.588527,92.79,0.3232,95.63,0.3835,1000.0,0.0,4.199,84.8,98,0,60.0,2026-04-29T16:32:30.588407,4.219
2026-04-29T16:31:31.565372,92.83,0.3232,95.67,0.3805,1000.0,0.0,4.199,84.8,98,0,60.0,2026-04-29T16:32:31.565175,4.219
2026-04-29T16:31:31.603399,92.83,0.3232,95.67,0.3806,1000.0,0.0,4.199,84.8,98,0,60.0,2026-04-29T16:32:31.603286,4.219
2026-04-29T16:31:32.586872,92.83,0.3232,95.71,0.3815,1000.0,0.0,4.199,84.8,98,0,60.0,2026-04-29T16:32:32.586708,4.219
2026-04-29T16:31:32.633407,92.89,0.3325,95.72,0.3831,1000.0,0.0,4.199,84.8,98,0,60.0,2026-04-29T16:32:32.633267,4.219
2026-04-29T16:31:32.669700,92.89,0.3325,95.73,0.3859,1000.0,0.0,4.199,84.8,98,0,60.0,2026-04-29T16:32:32.669594,4.219
2026-04-29T16:31:33.640542,92.93,0.3325,95.77,0.3888,1000.0,0.0,4.199,84.8,98,0,60.0,2026-04-29T16:32:33.640372,4.219
2026-04-29T16:31:33.684039,92.93,0.3325,95.77,0.3888,1000.0,0.0,4.199,84.8,98,0,60.0,2026-04-29T16:32:33.683901,4.219
2026-04-29T16:31:33.719524,92.93,0.3325,95.77,0.3894,1000.0,0.0,4.199,84.8,98,0,60.0,2026-04-29T16:32:33.719399,4.219
2026-04-29T16:31:34.695697,92.99,0.3325,95.82,0.3905,1000.0,0.0,4.199,84.8,98,0,60.0,2026-04-29T16:32:34.695504,4.219
2026-04-29T16:31:34.736913,92.99,0.3333,95.83,0.3905,1000.0,0.0,4.199,84.8,98,0,60.0,2026-04-29T16:32:34.736795,4.219
2026-04-29T16:31:34.772219,92.99,0.3333,95.83,0.3908,1000.0,0.0,4.199,84.8,98,0,60.0,2026-04-29T16:32:34.772118,4.219
2026-04-29T16:31:35.751480,93.02,0.3265,95.86,0.3898,1000.0,0.0,4.199,84.8,98,0,60.0,2026-04-29T16:32:35.751318,4.219
2026-04-29T16:31:35.791035,93.02,0.3265,95.86,0.3876,1000.0,0.0,4.199,84.8,98,0,60.0,2026-04-29T16:32:35.790894,4.219
2026-04-29T16:31:35.827387,93.02,0.3265,95.86,0.3866,1000.0,0.0,4.199,84.8,98,0,60.0,2026-04-29T16:32:35.827270,4.219
2026-04-29T16:31:36.804074,93.09,0.3265,95.91,0.3853,1000.0,0.0,4.199,84.8,98,0,60.0,2026-04-29T16:32:36.803932,4.219
2026-04-29T16:31:36.841537,93.09,0.3265,95.92,0.385,1000.0,0.0,4.199,84.8,98,0,60.0,2026-04-29T16:32:36.841428,4.219
2026-04-29T16:31:37.827231,93.09,0.3265,95.96,0.3856,1000.0,0.0,4.199,84.8,98,0,60.0,2026-04-29T16:32:37.827052,4.219
2026-04-29T16:31:37.873707,93.17,0.3358,95.99,0.388,1000.0,0.0,4.199,84.7,98,0,60.0,2026-04-29T16:32:37.873553,4.219
2026-04-29T16:31:37.909175,93.17,0.3358,96.0,0.3903,1000.0,0.0,4.199,84.7,98,0,60.0,2026-04-29T16:32:37.909072,4.219
2026-04-29T16:31:38.881662,93.23,0.3358,96.04,0.3928,1000.0,0.0,4.199,84.7,98,0,60.0,2026-04-29T16:32:38.881488,4.219
2026-04-29T16:31:38.923930,93.23,0.34,96.06,0.3951,1000.0,0.0,4.199,84.7,98,0,60.0,2026-04-29T16:32:38.923796,4.219
2026-04-29T16:31:38.958775,93.23,0.34,96.06,0.3964,1000.0,0.0,4.199,84.7,98,0,60.0,2026-04-29T16:32:38.958663,4.219
2026-04-29T16:31:39.935165,93.28,0.3334,96.11,0.3969,1000.0,0.0,4.199,84.7,98,0,60.0,2026-04-29T16:32:39.934995,4.219
2026-04-29T16:31:39.976572,93.28,0.3409,96.11,0.3974,1000.0,0.0,4.199,84.7,98,0,60.0,2026-04-29T16:32:39.976456,4.219
2026-04-29T16:31:40.014006,93.28,0.3409,96.12,0.3981,1000.0,0.0,4.199,84.7,98,0,60.0,2026-04-29T16:32:40.013832,4.219
2026-04-29T16:31:40.991952,93.33,0.3409,96.16,0.3982,1000.0,0.0,4.199,84.7,98,0,60.0,2026-04-29T16:32:40.991443,4.219
2026-04-29T16:31:41.082924,93.33,0.3434,96.17,0.4,1000.0,0.0,4.199,84.7,98,0,60.0,2026-04-29T16:32:41.067808,4.219
2026-04-29T16:31:41.123737,93.33,0.3434,96.17,0.4007,1000.0,0.0,4.199,84.7,98,0,60.0,2026-04-29T16:32:41.123626,4.219
2026-04-29T16:31:42.043883,93.39,0.3417,96.22,0.4014,1000.0,0.0,4.199,84.7,98,0,60.0,2026-04-29T16:32:42.043735,4.219
2026-04-29T16:31:42.082209,93.39,0.3417,96.23,0.401,1000.0,0.0,4.199,84.7,98,0,60.0,2026-04-29T16:32:42.082095,4.219
2026-04-29T16:31:43.073639,93.39,0.3417,96.27,0.4015,1000.0,0.0,4.199,84.7,98,0,60.0,2026-04-29T16:32:43.073468,4.219
2026-04-29T16:31:43.110618,93.42,0.3409,96.27,0.4006,1000.0,0.0,4.199,84.7,98,0,60.0,2026-04-29T16:32:43.110519,4.219
2026-04-29T16:31:43.146778,93.42,0.3409,96.27,0.4003,1000.0,0.0,4.199,84.7,98,0,60.0,2026-04-29T16:32:43.146624,4.219
2026-04-29T16:31:44.104585,93.49,0.3409,96.31,0.4006,1000.0,0.0,4.199,84.7,98,0,60.0,2026-04-29T16:32:44.104452,4.219
2026-04-29T16:31:44.139985,93.49,0.3392,96.32,0.3968,1000.0,0.0,4.199,84.7,98,0,60.0,2026-04-29T16:32:44.139880,4.219
2026-04-29T16:31:44.176139,93.49,0.3392,96.32,0.3972,1000.0,0.0,4.199,84.7,98,0,60.0,2026-04-29T16:32:44.176029,4.219
2026-04-29T16:31:45.150576,93.55,0.3267,96.37,0.3962,1000.0,0.0,4.199,84.7,98,0,60.0,2026-04-29T16:32:45.150429,4.219
2026-04-29T16:31:45.188795,93.55,0.3392,96.38,0.397,1000.0,0.0,4.199,84.7,98,0,60.0,2026-04-29T16:32:45.188627,4.219
2026-04-29T16:31:45.223846,93.55,0.3392,96.38,0.3974,1000.0,0.0,4.199,84.7,98,0,60.0,2026-04-29T16:32:45.223737,4.219
2026-04-29T16:31:46.230143,93.57,0.3348,96.42,0.397,1000.0,0.0,4.199,84.6,98,0,60.0,2026-04-29T16:32:46.229906,4.219
2026-04-29T16:31:46.269838,93.57,0.3392,96.41,0.3975,1000.0,0.0,4.199,84.6,98,0,60.0,2026-04-29T16:32:46.269714,4.219
2026-04-29T16:31:46.305132,93.57,0.3392,96.41,0.3977,1000.0,0.0,4.199,84.6,98,0,60.0,2026-04-29T16:32:46.305013,4.219
2026-04-29T16:31:47.261448,93.63,0.3468,96.46,0.3997,1000.0,0.0,4.199,84.6,98,0,60.0,2026-04-29T16:32:47.261322,4.219
2026-04-29T16:31:47.298236,93.63,0.3468,96.46,0.4021,1000.0,0.0,4.199,84.6,98,0,60.0,2026-04-29T16:32:47.298032,4.219
2026-04-29T16:31:48.309523,93.63,0.3468,96.5,0.4045,1000.0,0.0,4.199,84.6,98,0,60.0,2026-04-29T16:32:48.309347,4.219
2026-04-29T16:31:48.355798,93.67,0.3476,96.51,0.4043,1000.0,0.0,4.199,84.6,98,0,60.0,2026-04-29T16:32:48.355678,4.219
2026-04-29T16:31:48.390778,93.67,0.3476,96.51,0.4053,1000.0,0.0,4.199,84.6,98,0,60.0,2026-04-29T16:32:48.390667,4.219
2026-04-29T16:31:49.366220,93.7,0.3476,96.54,0.4067,1000.0,0.0,4.199,84.6,98,0,60.0,2026-04-29T16:32:49.366045,4.219
2026-04-29T16:31:49.409647,93.7,0.3501,96.54,0.4072,1000.0,0.0,4.199,84.6,98,0,60.0,2026-04-29T16:32:49.409532,4.219
2026-04-29T16:31:49.445764,93.7,0.3501,96.54,0.408,1000.0,0.0,4.199,84.6,98,0,60.0,2026-04-29T16:32:49.445646,4.219
2026-04-29T16:31:50.418638,93.73,0.3501,96.58,0.4092,1000.0,0.0,4.199,84.6,98,0,60.0,2026-04-29T16:32:50.418471,4.219
2026-04-29T16:31:50.459294,93.73,0.3535,96.58,0.4105,1000.0,0.0,4.199,84.6,98,0,60.0,2026-04-29T16:32:50.459194,4.219
2026-04-29T16:31:50.494198,93.73,0.3535,96.58,0.4114,1000.0,0.0,4.199,84.6,98,0,60.0,2026-04-29T16:32:50.494081,4.219
2026-04-29T16:31:51.473906,93.76,0.3527,96.61,0.4121,1000.0,0.0,4.199,84.6,98,0,60.0,2026-04-29T16:32:51.473746,4.219
2026-04-29T16:31:51.513435,93.76,0.3527,96.61,0.4121,1000.0,0.0,4.199,84.6,98,0,60.0,2026-04-29T16:32:51.513236,4.219
2026-04-29T16:31:51.549290,93.76,0.3527,96.61,0.4121,1000.0,0.0,4.199,84.6,98,0,60.0,2026-04-29T16:32:51.549155,4.219
2026-04-29T16:31:52.526728,93.81,0.3501,96.65,0.4111,1000.0,0.0,4.199,84.6,98,0,60.0,2026-04-29T16:32:52.526584,4.219
2026-04-29T16:31:52.566035,93.81,0.3501,96.65,0.4104,1000.0,0.0,4.199,84.6,98,0,60.0,2026-04-29T16:32:52.565902,4.219
2026-04-29T16:31:53.551823,93.81,0.3501,96.69,0.4108,1000.0,0.0,4.199,84.6,98,0,60.0,2026-04-29T16:32:53.551645,4.219
2026-04-29T16:31:53.597288,93.82,0.3596,96.68,0.4115,1000.0,0.0,4.199,84.6,98,0,60.0,2026-04-29T16:32:53.597077,4.219
2026-04-29T16:31:53.633572,93.82,0.3596,96.67,0.4143,1000.0,0.0,4.199,84.6,98,0,60.0,2026-04-29T16:32:53.633445,4.219
2026-04-29T16:31:54.604508,93.86,0.3596,96.71,0.4173,1000.0,0.0,4.199,84.6,98,0,60.0,2026-04-29T16:32:54.604349,4.219
2026-04-29T16:31:54.647800,93.86,0.3609,96.71,0.4185,1000.0,0.0,4.199,84.6,98,0,60.0,2026-04-29T16:32:54.647620,4.219
2026-04-29T16:31:54.684381,93.86,0.3609,96.71,0.4192,1000.0,0.0,4.199,84.6,98,0,60.0,2026-04-29T16:32:54.684236,4.219
2026-04-29T16:31:55.659874,93.89,0.3586,96.74,0.4201,1000.0,0.0,4.199,84.6,98,0,60.0,2026-04-29T16:32:55.659720,4.219
2026-04-29T16:31:55.701066,93.89,0.3586,96.74,0.4192,1000.0,0.0,4.199,84.6,98,0,60.0,2026-04-29T16:32:55.700926,4.219
2026-04-29T16:31:55.736238,93.89,0.3586,96.74,0.4189,1000.0,0.0,4.199,84.6,98,0,60.0,2026-04-29T16:32:55.736108,4.219
2026-04-29T16:31:56.711429,93.92,0.3527,96.77,0.4175,1000.0,0.0,4.199,84.6,98,0,60.0,2026-04-29T16:32:56.711273,4.219
2026-04-29T16:31:56.752027,93.92,0.3541,96.77,0.4159,1000.0,0.0,4.199,84.6,98,0,60.0,2026-04-29T16:32:56.751893,4.219
2026-04-29T16:31:56.787983,93.92,0.3541,96.77,0.4152,1000.0,0.0,4.199,84.6,98,0,60.0,2026-04-29T16:32:56.787864,4.219
2026-04-29T16:31:57.768422,93.95,0.3527,96.8,0.4142,1000.0,0.0,4.199,84.6,99,0,60.0,2026-04-29T16:32:57.768255,4.219
2026-04-29T16:31:57.806108,93.95,0.3527,96.79,0.4134,1000.0,0.0,4.199,84.6,99,0,60.0,2026-04-29T16:32:57.805998,4.219
2026-04-29T16:31:58.790769,93.95,0.3527,96.83,0.4136,1000.0,0.0,4.199,84.6,99,0,60.0,2026-04-29T16:32:58.790597,4.219
2026-04-29T16:31:58.837258,93.97,0.3501,96.82,0.4118,1000.0,0.0,4.199,84.6,99,0,60.0,2026-04-29T16:32:58.837122,4.219
2026-04-29T16:31:58.872947,93.97,0.3501,96.81,0.411,1000.0,0.0,4.199,84.6,99,0,60.0,2026-04-29T16:32:58.872828,4.219
2026-04-29T16:31:59.837467,94.01,0.3501,96.85,0.4109,1000.0,0.0,4.199,84.5,98,0,60.0,2026-04-29T16:32:59.837303,4.219
2026-04-29T16:31:59.877244,94.01,0.3502,96.85,0.4102,1000.0,0.0,4.199,84.5,98,0,60.0,2026-04-29T16:32:59.877128,4.219
2026-04-29T16:31:59.914072,94.01,0.3502,96.85,0.4101,1000.0,0.0,4.199,84.5,98,0,60.0,2026-04-29T16:32:59.913897,4.219
2026-04-29T16:32:00.904389,94.03,0.3492,96.88,0.4103,1000.0,0.0,4.199,84.5,98,0,60.0,2026-04-29T16:33:00.904230,4.219
2026-04-29T16:32:00.945010,94.03,0.3485,96.88,0.4094,1000.0,0.0,4.199,84.5,98,0,60.0,2026-04-29T16:33:00.944901,4.219
2026-04-29T16:32:00.984247,94.03,0.3485,96.87,0.4089,1000.0,0.0,4.199,84.5,98,0,60.0,2026-04-29T16:33:00.983776,4.219
2026-04-29T16:32:01.958561,94.04,0.346,96.9,0.4083,1000.0,0.0,4.199,84.5,98,0,60.0,2026-04-29T16:33:01.958376,4.219
2026-04-29T16:32:01.999480,94.04,0.3485,96.89,0.4083,1000.0,0.0,4.199,84.5,98,0,60.0,2026-04-29T16:33:01.999328,4.219
2026-04-29T16:32:02.035540,94.04,0.3485,96.89,0.4083,1000.0,0.0,4.199,84.5,98,0,60.0,2026-04-29T16:33:02.035433,4.219
2026-04-29T16:32:03.051336,94.07,0.3559,96.92,0.4098,1000.0,0.0,4.199,84.5,98,0,60.0,2026-04-29T16:33:03.026139,4.219
2026-04-29T16:32:03.100570,94.07,0.3559,96.92,0.4125,1000.0,0.0,4.199,84.5,98,0,60.0,2026-04-29T16:33:03.100415,4.219
2026-04-29T16:32:04.033878,94.07,0.3559,96.95,0.4146,1000.0,0.0,4.199,84.5,98,0,60.0,2026-04-29T16:33:04.033684,4.219
2026-04-29T16:32:04.080780,94.1,0.3594,96.94,0.4164,1000.0,0.0,4.199,84.5,98,0,60.0,2026-04-29T16:33:04.080690,4.219
2026-04-29T16:32:04.116208,94.1,0.3594,96.94,0.4175,1000.0,0.0,4.199,84.5,98,0,60.0,2026-04-29T16:33:04.116102,4.219
2026-04-29T16:32:05.077354,94.12,0.3594,96.97,0.419,1000.0,0.0,4.199,84.5,98,0,60.0,2026-04-29T16:33:05.077192,4.219
2026-04-29T16:32:05.113360,94.12,0.3586,96.97,0.4188,1000.0,0.0,4.199,84.5,98,0,60.0,2026-04-29T16:33:05.113245,4.219
2026-04-29T16:32:05.147345,94.12,0.3586,96.97,0.4187,1000.0,0.0,4.199,84.5,98,0,60.0,2026-04-29T16:33:05.147219,4.219
2026-04-29T16:32:06.126375,94.14,0.3569,96.99,0.4188,1000.0,0.0,4.199,84.5,98,0,60.0,2026-04-29T16:33:06.126230,4.219
2026-04-29T16:32:06.165763,94.14,0.3679,96.99,0.4221,1000.0,0.0,4.199,84.5,98,0,60.0,2026-04-29T16:33:06.165624,4.219
2026-04-29T16:32:06.202392,94.14,0.3679,96.99,0.424,1000.0,0.0,4.199,84.5,98,0,60.0,2026-04-29T16:33:06.202286,4.219
2026-04-29T16:32:07.175481,94.15,0.367,97.01,0.4251,1000.0,0.0,4.199,84.5,97,0,60.0,2026-04-29T16:33:07.175366,4.219
2026-04-29T16:32:07.212588,94.15,0.367,97.0,0.4259,1000.0,0.0,4.199,84.5,97,0,60.0,2026-04-29T16:33:07.212478,4.219
2026-04-29T16:32:07.247843,94.15,0.367,97.0,0.4263,1000.0,0.0,4.199,84.5,97,0,60.0,2026-04-29T16:33:07.247698,4.219
2026-04-29T16:32:08.251920,94.18,0.3586,97.03,0.424,1000.0,0.0,4.199,84.5,97,0,60.0,2026-04-29T16:33:08.251759,4.219
2026-04-29T16:32:08.290458,94.18,0.3586,97.03,0.4219,1000.0,0.0,4.199,84.5,97,0,60.0,2026-04-29T16:33:08.290347,4.219
2026-04-29T16:32:09.266348,94.18,0.3586,97.06,0.4213,1000.0,0.0,4.199,84.5,97,0,60.0,2026-04-29T16:33:09.266163,4.219
2026-04-29T16:32:09.308651,94.22,0.3594,97.06,0.4181,1000.0,0.0,4.199,84.5,97,0,60.0,2026-04-29T16:33:09.308530,4.219
2026-04-29T16:32:09.344252,94.22,0.3594,97.06,0.4186,1000.0,0.0,4.199,84.5,97,0,60.0,2026-04-29T16:33:09.344137,4.219
2026-04-29T16:32:10.328365,94.24,0.3594,97.1,0.4197,1000.0,0.0,4.199,84.5,97,0,60.0,2026-04-29T16:33:10.328192,4.219
2026-04-29T16:32:10.371780,94.24,0.3628,97.09,0.4201,1000.0,0.0,4.199,84.5,97,0,60.0,2026-04-29T16:33:10.371666,4.219
2026-04-29T16:32:10.407403,94.24,0.3628,97.09,0.4211,1000.0,0.0,4.199,84.5,97,0,60.0,2026-04-29T16:33:10.407264,4.219
2026-04-29T16:32:11.384569,94.25,0.3628,97.11,0.4226,1000.0,0.0,4.199,84.5,97,0,60.0,2026-04-29T16:33:11.384405,4.219
2026-04-29T16:32:11.425445,94.25,0.3672,97.11,0.4245,1000.0,0.0,4.199,84.5,97,0,60.0,2026-04-29T16:33:11.425317,4.219
2026-04-29T16:32:11.461528,94.25,0.3672,97.1,0.4255,1000.0,0.0,4.199,84.5,97,0,60.0,2026-04-29T16:33:11.461422,4.219
2026-04-29T16:32:12.437416,94.27,0.3637,97.13,0.4265,1000.0,0.0,4.199,84.5,97,0,60.0,2026-04-29T16:33:12.437264,4.219
2026-04-29T16:32:12.476114,94.27,0.3645,97.12,0.4258,1000.0,0.0,4.199,84.5,97,0,60.0,2026-04-29T16:33:12.475995,4.219
2026-04-29T16:32:12.512252,94.27,0.3645,97.12,0.4255,1000.0,0.0,4.199,84.5,97,0,60.0,2026-04-29T16:33:12.512122,4.219
2026-04-29T16:32:13.491007,94.31,0.3645,97.16,0.4252,1000.0,0.0,4.199,84.5,98,0,60.0,2026-04-29T16:33:13.490814,4.219
2026-04-29T16:32:13.529233,94.31,0.3645,97.16,0.425,1000.0,0.0,4.199,84.5,98,0,60.0,2026-04-29T16:33:13.529108,4.219
2026-04-29T16:32:14.516910,94.31,0.3645,97.19,0.4257,1000.0,0.0,4.199,84.5,98,0,60.0,2026-04-29T16:33:14.516729,4.219
2026-04-29T16:32:14.562015,94.33,0.3672,97.18,0.4251,1000.0,0.0,4.199,84.5,98,0,60.0,2026-04-29T16:33:14.561877,4.219
2026-04-29T16:32:14.598570,94.33,0.3672,97.18,0.426,1000.0,0.0,4.199,84.5,98,0,60.0,2026-04-29T16:33:14.598430,4.219
2026-04-29T16:32:15.566219,94.34,0.3672,97.21,0.4273,1000.0,0.0,4.199,84.5,98,0,60.0,2026-04-29T16:33:15.565998,4.219
2026-04-29T16:32:15.608246,94.34,0.3746,97.2,0.4278,1000.0,0.0,4.199,84.5,98,0,60.0,2026-04-29T16:33:15.608132,4.219
2026-04-29T16:32:15.655649,94.34,0.3746,97.2,0.4305,1000.0,0.0,4.199,84.5,98,0,60.0,2026-04-29T16:33:15.655481,4.219
2026-04-29T16:32:16.626686,94.35,0.3746,97.22,0.4335,1000.0,0.0,4.199,84.5,98,0,60.0,2026-04-29T16:33:16.626529,4.219
2026-04-29T16:32:16.668982,94.35,0.3654,97.21,0.4299,1000.0,0.0,4.199,84.5,98,0,60.0,2026-04-29T16:33:16.668847,4.219
2026-04-29T16:32:16.705367,94.35,0.3654,97.21,0.4284,1000.0,0.0,4.199,84.5,98,0,60.0,2026-04-29T16:33:16.705257,4.219
2026-04-29T16:32:17.660135,94.37,0.3645,97.23,0.4271,1000.0,0.0,4.199,84.5,98,0,60.0,2026-04-29T16:33:17.660011,4.219
2026-04-29T16:32:17.696719,94.37,0.3654,97.22,0.4265,1000.0,0.0,4.199,84.5,98,0,60.0,2026-04-29T16:33:17.696573,4.219
2026-04-29T16:32:17.734875,94.37,0.3654,97.22,0.4263,1000.0,0.0,4.199,84.5,98,0,60.0,2026-04-29T16:33:17.734757,4.219
2026-04-29T16:32:18.734553,94.38,0.3694,97.24,0.4266,1000.0,0.0,4.199,84.5,98,0,60.0,2026-04-29T16:33:18.734350,4.219
2026-04-29T16:32:18.772494,94.38,0.3694,97.24,0.4279,1000.0,0.0,4.199,84.5,98,0,60.0,2026-04-29T16:33:18.772363,4.219
2026-04-29T16:32:19.757273,94.38,0.3694,97.26,0.4295,1000.0,0.0,4.199,84.5,98,0,60.0,2026-04-29T16:33:19.757102,4.219
2026-04-29T16:32:19.802722,94.42,0.3694,97.25,0.4283,1000.0,0.0,4.199,84.5,98,0,60.0,2026-04-29T16:33:19.802598,4.219
2026-04-29T16:32:19.837839,94.42,0.3694,97.25,0.4289,1000.0,0.0,4.199,84.5,98,0,60.0,2026-04-29T16:33:19.837721,4.219
2026-04-29T16:32:20.811687,94.45,0.3694,97.28,0.43,1000.0,0.0,4.199,84.4,98,0,60.0,2026-04-29T16:33:20.811533,4.219
2026-04-29T16:32:20.855714,94.45,0.3746,97.28,0.4319,1000.0,0.0,4.199,84.4,98,0,60.0,2026-04-29T16:33:20.855584,4.219
2026-04-29T16:32:20.890941,94.45,0.3746,97.28,0.4331,1000.0,0.0,4.199,84.4,98,0,60.0,2026-04-29T16:33:20.890834,4.219
2026-04-29T16:32:21.866781,94.49,0.3721,97.32,0.4344,1000.0,0.0,4.199,84.4,98,0,60.0,2026-04-29T16:33:21.866599,4.219
2026-04-29T16:32:21.907536,94.49,0.3739,97.32,0.4342,1000.0,0.0,4.199,84.4,98,0,60.0,2026-04-29T16:33:21.907403,4.219
2026-04-29T16:32:21.942111,94.49,0.3739,97.32,0.4343,1000.0,0.0,4.199,84.4,98,0,60.0,2026-04-29T16:33:21.941990,4.219
2026-04-29T16:32:22.920148,94.5,0.3603,97.34,0.4325,1000.0,0.0,4.199,84.4,98,0,60.0,2026-04-29T16:33:22.919991,4.219
2026-04-29T16:32:22.959632,94.5,0.3663,97.34,0.4301,1000.0,0.0,4.199,84.4,98,0,60.0,2026-04-29T16:33:22.959494,4.219
2026-04-29T16:32:22.999343,94.5,0.3663,97.34,0.4291,1000.0,0.0,4.199,84.4,98,0,60.0,2026-04-29T16:33:22.999092,4.219
2026-04-29T16:32:23.973873,94.54,0.3663,97.37,0.4267,1000.0,0.0,4.199,84.4,98,0,60.0,2026-04-29T16:33:23.973732,4.219
2026-04-29T16:32:24.012280,94.54,0.3663,97.37,0.4268,1000.0,0.0,4.199,84.4,98,0,60.0,2026-04-29T16:33:24.012159,4.219
2026-04-29T16:32:24.994490,94.54,0.3663,97.41,0.4276,1000.0,0.0,4.199,84.4,98,0,60.0,2026-04-29T16:33:24.993835,4.219
2026-04-29T16:32:25.097694,94.57,0.3739,97.4,0.4291,1000.0,0.0,4.199,84.4,98,0,60.0,2026-04-29T16:33:25.095417,4.219
2026-04-29T16:32:25.143297,94.57,0.3739,97.41,0.4315,1000.0,0.0,4.199,84.4,98,0,60.0,2026-04-29T16:33:25.143164,4.219
2026-04-29T16:32:26.046909,94.61,0.3739,97.44,0.4337,1000.0,0.0,4.199,84.4,98,0,60.0,2026-04-29T16:33:26.046660,4.219
2026-04-29T16:32:26.088649,94.61,0.3739,97.44,0.4343,1000.0,0.0,4.199,84.4,98,0,60.0,2026-04-29T16:33:26.088546,4.219
2026-04-29T16:32:26.123351,94.61,0.3739,97.44,0.4345,1000.0,0.0,4.199,84.4,98,0,60.0,2026-04-29T16:33:26.123241,4.219
2026-04-29T16:32:27.081472,94.68,0.3739,97.49,0.4351,1000.0,0.0,4.199,84.4,98,0,60.0,2026-04-29T16:33:27.081212,4.219
2026-04-29T16:32:27.116914,94.68,0.3746,97.5,0.4353,1000.0,0.0,4.199,84.4,98,0,60.0,2026-04-29T16:33:27.116815,4.219
2026-04-29T16:32:27.152822,94.68,0.3746,97.5,0.4354,1000.0,0.0,4.199,84.4,98,0,60.0,2026-04-29T16:33:27.152719,4.219
2026-04-29T16:32:28.140005,94.72,0.382,97.55,0.4369,1000.0,0.0,4.199,84.4,98,0,60.0,2026-04-29T16:33:28.139869,4.219
2026-04-29T16:32:28.178422,94.72,0.3822,97.55,0.4396,1000.0,0.0,4.199,84.4,98,0,60.0,2026-04-29T16:33:28.178310,4.219
2026-04-29T16:32:28.215236,94.72,0.3822,97.55,0.4408,1000.0,0.0,4.199,84.4,98,0,60.0,2026-04-29T16:33:28.215028,4.219
2026-04-29T16:32:29.182542,94.78,0.3897,97.6,0.4438,1000.0,0.0,4.199,84.4,98,0,60.0,2026-04-29T16:33:29.182407,4.219
2026-04-29T16:32:29.217318,94.78,0.3897,97.61,0.4466,1000.0,0.0,4.199,84.4,98,0,60.0,2026-04-29T16:33:29.217194,4.219
2026-04-29T16:32:30.232393,94.78,0.3897,97.65,0.4492,1000.0,0.0,4.199,84.4,98,0,60.0,2026-04-29T16:33:30.232161,4.219
2026-04-29T16:32:30.278473,94.85,0.3814,97.67,0.4467,1000.0,0.0,4.199,84.4,98,0,60.0,2026-04-29T16:33:30.278351,4.219
2026-04-29T16:32:30.319830,94.85,0.3814,97.68,0.4451,1000.0,0.0,4.199,84.4,98,0,60.0,2026-04-29T16:33:30.319683,4.219
2026-04-29T16:32:31.287673,94.93,0.3814,97.72,0.4445,1000.0,0.0,4.199,84.3,98,0,60.0,2026-04-29T16:33:31.287503,4.219
2026-04-29T16:32:31.331324,94.93,0.3636,97.74,0.4357,1000.0,0.0,4.199,84.3,98,0,60.0,2026-04-29T16:33:31.331172,4.219
2026-04-29T16:32:31.368027,94.93,0.3636,97.75,0.4319,1000.0,0.0,4.199,84.3,98,0,60.0,2026-04-29T16:33:31.367903,4.219
2026-04-29T16:32:32.331380,94.97,0.3628,97.79,0.4284,1000.0,0.0,4.199,84.3,98,0,60.0,2026-04-29T16:33:32.331184,4.219
2026-04-29T16:32:32.370305,94.97,0.3636,97.79,0.4267,1000.0,0.0,4.199,84.3,98,0,60.0,2026-04-29T16:33:32.370154,4.219
2026-04-29T16:32:32.406279,94.97,0.3636,97.8,0.4261,1000.0,0.0,4.199,84.3,98,0,60.0,2026-04-29T16:33:32.406176,4.219
2026-04-29T16:32:33.398846,94.99,0.3654,97.83,0.426,1000.0,0.0,4.199,84.3,98,0,60.0,2026-04-29T16:33:33.398530,4.22
2026-04-29T16:32:33.439348,94.99,0.3729,97.83,0.4297,1000.0,0.0,4.199,84.3,98,0,60.0,2026-04-29T16:33:33.439237,4.22
2026-04-29T16:32:33.475079,94.99,0.3729,97.82,0.4312,1000.0,0.0,4.199,84.3,98,0,60.0,2026-04-29T16:33:33.474944,4.22
2026-04-29T16:32:34.449711,95.03,0.3788,97.86,0.4336,1000.0,0.0,4.199,84.3,98,0,60.0,2026-04-29T16:33:34.449007,4.22
2026-04-29T16:32:34.488306,95.03,0.3788,97.86,0.4363,1000.0,0.0,4.199,84.3,98,0,60.0,2026-04-29T16:33:34.488187,4.22
2026-04-29T16:32:35.468097,95.03,0.3788,97.9,0.4388,1000.0,0.0,4.199,84.3,98,0,60.0,2026-04-29T16:33:35.467916,4.22
2026-04-29T16:32:35.509570,95.08,0.3897,97.9,0.4426,1000.0,0.0,4.199,84.3,98,0,60.0,2026-04-29T16:33:35.509394,4.22
2026-04-29T16:32:35.547775,95.08,0.3897,97.91,0.4459,1000.0,0.0,4.199,84.3,98,0,60.0,2026-04-29T16:33:35.547487,4.22
2026-04-29T16:32:36.529628,95.13,0.3897,97.95,0.4493,1000.0,0.0,4.199,84.3,98,0,60.0,2026-04-29T16:33:36.529463,4.22
2026-04-29T16:32:36.573043,95.13,0.3907,97.96,0.4508,1000.0,0.0,4.199,84.3,98,0,60.0,2026-04-29T16:33:36.572922,4.22
2026-04-29T16:32:36.608688,95.13,0.3907,97.96,0.4514,1000.0,0.0,4.199,84.3,98,0,60.0,2026-04-29T16:33:36.608564,4.22
2026-04-29T16:32:37.584959,95.19,0.3789,98.0,0.4506,1000.0,0.0,4.199,84.3,98,0,60.0,2026-04-29T16:33:37.584801,4.22
2026-04-29T16:32:37.625947,95.19,0.3888,98.01,0.4497,1000.0,0.0,4.199,84.3,98,0,60.0,2026-04-29T16:33:37.625811,4.22
2026-04-29T16:32:37.661717,95.19,0.3888,98.02,0.4501,1000.0,0.0,4.199,84.3,98,0,60.0,2026-04-29T16:33:37.661614,4.22
2026-04-29T16:32:38.638150,95.24,0.3888,98.06,0.4494,1000.0,0.0,4.199,84.3,98,0,60.0,2026-04-29T16:33:38.637986,4.22
2026-04-29T16:32:38.676573,95.24,0.3888,98.07,0.4501,1000.0,0.0,4.199,84.3,98,0,60.0,2026-04-29T16:33:38.676458,4.22
2026-04-29T16:32:38.711499,95.24,0.3888,98.07,0.4503,1000.0,0.0,4.199,84.3,98,0,60.0,2026-04-29T16:33:38.711385,4.22
2026-04-29T16:32:39.692150,95.27,0.3915,98.11,0.451,1000.0,0.0,4.199,84.3,98,0,60.0,2026-04-29T16:33:39.691942,4.22
2026-04-29T16:32:39.730449,95.27,0.3915,98.11,0.452,1000.0,0.0,4.199,84.3,98,0,60.0,2026-04-29T16:33:39.730299,4.22
2026-04-29T16:32:40.704553,95.27,0.3915,98.14,0.4534,1000.0,0.0,4.199,84.3,98,0,60.0,2026-04-29T16:33:40.704400,4.22
2026-04-29T16:32:40.747287,95.35,0.3915,98.16,0.4531,1000.0,0.0,4.199,84.2,98,0,60.0,2026-04-29T16:33:40.747136,4.22
2026-04-29T16:32:40.787136,95.35,0.3915,98.17,0.4533,1000.0,0.0,4.199,84.2,98,0,60.0,2026-04-29T16:33:40.787013,4.22
2026-04-29T16:32:41.772862,95.39,0.3915,98.21,0.4541,1000.0,0.0,4.199,84.2,98,0,60.0,2026-04-29T16:33:41.772699,4.22
2026-04-29T16:32:41.815176,95.39,0.394,98.21,0.4527,1000.0,0.0,4.199,84.2,98,0,60.0,2026-04-29T16:33:41.815048,4.22
2026-04-29T16:32:41.860785,95.39,0.394,98.22,0.454,1000.0,0.0,4.199,84.2,98,0,60.0,2026-04-29T16:33:41.860671,4.22
2026-04-29T16:32:42.822108,95.43,0.3816,98.25,0.4538,1000.0,0.0,4.199,84.2,98,0,60.0,2026-04-29T16:33:42.821955,4.22
2026-04-29T16:32:42.862250,95.43,0.3946,98.26,0.4552,1000.0,0.0,4.199,84.2,98,0,60.0,2026-04-29T16:33:42.862130,4.22
2026-04-29T16:32:42.897975,95.43,0.3946,98.26,0.4558,1000.0,0.0,4.199,84.2,98,0,60.0,2026-04-29T16:33:42.897826,4.22
2026-04-29T16:32:43.879937,95.46,0.3946,98.29,0.4569,1000.0,0.0,4.199,84.2,98,0,60.0,2026-04-29T16:33:43.879794,4.22
2026-04-29T16:32:43.919897,95.46,0.3991,98.29,0.4589,1000.0,0.0,4.199,84.2,98,0,60.0,2026-04-29T16:33:43.919764,4.22
2026-04-29T16:32:43.955734,95.46,0.3991,98.29,0.4597,1000.0,0.0,4.199,84.2,98,0,60.0,2026-04-29T16:33:43.955619,4.22
2026-04-29T16:32:44.928809,95.51,0.3991,98.33,0.4603,1000.0,0.0,4.199,84.2,98,0,60.0,2026-04-29T16:33:44.928660,4.22
2026-04-29T16:32:44.969337,95.51,0.3991,98.34,0.4608,1000.0,0.0,4.199,84.2,98,0,60.0,2026-04-29T16:33:44.969202,4.22
2026-04-29T16:32:45.956479,95.51,0.3991,98.37,0.4618,1000.0,0.0,4.199,84.2,98,0,60.0,2026-04-29T16:33:45.956306,4.22
2026-04-29T16:32:46.002337,95.52,0.3933,98.36,0.4591,1000.0,0.0,4.199,84.2,98,0,60.0,2026-04-29T16:33:46.002188,4.22
2026-04-29T16:32:46.038182,95.52,0.3933,98.36,0.4578,1000.0,0.0,4.199,84.2,98,0,60.0,2026-04-29T16:33:46.038066,4.22
2026-04-29T16:32:47.012841,95.55,0.3933,98.39,0.4574,1000.0,0.0,4.199,84.2,98,0,60.0,2026-04-29T16:33:47.012672,4.22
2026-04-29T16:32:47.102997,95.55,0.3933,98.39,0.456,1000.0,0.0,4.199,84.2,98,0,60.0,2026-04-29T16:33:47.089614,4.22
2026-04-29T16:32:47.148575,95.55,0.3933,98.39,0.456,1000.0,0.0,4.199,84.2,99,0,60.0,2026-04-29T16:33:47.148452,4.22
2026-04-29T16:32:48.065423,95.57,0.3933,98.41,0.4563,1000.0,0.0,4.199,84.2,99,0,60.0,2026-04-29T16:33:48.065212,4.22
2026-04-29T16:32:48.105108,95.57,0.3974,98.41,0.4579,1000.0,0.0,4.199,84.2,99,0,60.0,2026-04-29T16:33:48.105020,4.22
2026-04-29T16:32:48.139515,95.57,0.3974,98.41,0.4586,1000.0,0.0,4.199,84.2,99,0,60.0,2026-04-29T16:33:48.139408,4.22
2026-04-29T16:32:49.093330,95.62,0.3974,98.45,0.4598,1000.0,0.0,4.199,84.2,98,0,60.0,2026-04-29T16:33:49.093222,4.22
2026-04-29T16:32:49.130621,95.62,0.4,98.45,0.461,1000.0,0.0,4.199,84.2,98,0,60.0,2026-04-29T16:33:49.130446,4.22
2026-04-29T16:32:49.166170,95.62,0.4,98.45,0.4615,1000.0,0.0,4.199,84.2,98,0,60.0,2026-04-29T16:33:49.166010,4.22
2026-04-29T16:32:50.152387,95.66,0.4016,98.49,0.4629,1000.0,0.0,4.199,84.2,98,0,60.0,2026-04-29T16:33:50.152221,4.22
2026-04-29T16:32:50.193765,95.66,0.4016,98.49,0.4635,1000.0,0.0,4.199,84.2,98,0,60.0,2026-04-29T16:33:50.193651,4.22
2026-04-29T16:32:51.173063,95.66,0.4016,98.53,0.4646,1000.0,0.0,4.199,84.2,98,0,60.0,2026-04-29T16:33:51.172945,4.22
2026-04-29T16:32:51.208585,95.69,0.4032,98.53,0.4648,1000.0,0.0,4.199,84.2,98,0,60.0,2026-04-29T16:33:51.208426,4.22
2026-04-29T16:32:51.243933,95.69,0.4032,98.53,0.4652,1000.0,0.0,4.199,84.2,98,0,60.0,2026-04-29T16:33:51.243826,4.22
2026-04-29T16:32:52.236508,95.75,0.4032,98.57,0.4663,1000.0,0.0,4.199,84.2,98,0,60.0,2026-04-29T16:33:52.236373,4.22
2026-04-29T16:32:52.275468,95.75,0.409,98.58,0.4681,1000.0,0.0,4.199,84.2,98,0,60.0,2026-04-29T16:33:52.275335,4.22
2026-04-29T16:32:52.310789,95.75,0.409,98.58,0.4695,1000.0,0.0,4.199,84.2,98,0,60.0,2026-04-29T16:33:52.310642,4.22
2026-04-29T16:32:53.303325,95.82,0.409,98.63,0.4714,1000.0,0.0,4.199,84.1,98,0,60.0,2026-04-29T16:33:53.303142,4.22
2026-04-29T16:32:53.344350,95.82,0.409,98.64,0.4712,1000.0,0.0,4.199,84.1,98,0,60.0,2026-04-29T16:33:53.344228,4.22
2026-04-29T16:32:53.379814,95.82,0.409,98.64,0.4715,1000.0,0.0,4.199,84.1,98,0,60.0,2026-04-29T16:33:53.379713,4.22
2026-04-29T16:32:54.355067,95.86,0.4042,98.68,0.4709,1000.0,0.0,4.199,84.1,98,0,60.0,2026-04-29T16:33:54.354905,4.22
2026-04-29T16:32:54.394974,95.86,0.4042,98.68,0.4694,1000.0,0.0,4.199,84.1,98,0,60.0,2026-04-29T16:33:54.394862,4.22
2026-04-29T16:32:54.430356,95.86,0.4042,98.69,0.4687,1000.0,0.0,4.199,84.1,98,0,60.0,2026-04-29T16:33:54.430239,4.22
2026-04-29T16:32:55.412056,95.89,0.4042,98.72,0.4667,1000.0,0.0,4.199,84.1,98,0,60.0,2026-04-29T16:33:55.411917,4.22
2026-04-29T16:32:55.451067,95.89,0.4042,98.72,0.4669,1000.0,0.0,4.199,84.1,98,0,60.0,2026-04-29T16:33:55.450933,4.22
2026-04-29T16:32:56.435738,95.89,0.4042,98.76,0.4679,1000.0,0.0,4.199,84.1,98,0,60.0,2026-04-29T16:33:56.435542,4.22
2026-04-29T16:32:56.482827,95.93,0.4077,98.76,0.4679,1000.0,0.0,4.199,84.1,98,0,60.0,2026-04-29T16:33:56.482618,4.22
2026-04-29T16:32:56.518694,95.93,0.4077,98.76,0.469,1000.0,0.0,4.199,84.1,98,0,60.0,2026-04-29T16:33:56.518559,4.22
2026-04-29T16:32:57.492779,95.97,0.4077,98.8,0.4706,1000.0,0.0,4.199,84.1,98,0,60.0,2026-04-29T16:33:57.492603,4.22
2026-04-29T16:32:57.536578,95.97,0.4092,98.8,0.4713,1000.0,0.0,4.199,84.1,98,0,60.0,2026-04-29T16:33:57.536441,4.22
2026-04-29T16:32:57.572233,95.97,0.4092,98.8,0.4717,1000.0,0.0,4.199,84.1,98,0,60.0,2026-04-29T16:33:57.572106,4.22
2026-04-29T16:32:58.545543,96.02,0.4077,98.84,0.4724,1000.0,0.0,4.199,84.1,98,0,60.0,2026-04-29T16:33:58.545380,4.22
2026-04-29T16:32:58.587625,96.02,0.4092,98.85,0.4725,1000.0,0.0,4.199,84.1,98,0,60.0,2026-04-29T16:33:58.587506,4.22
2026-04-29T16:32:58.623358,96.02,0.4092,98.85,0.4725,1000.0,0.0,4.199,84.1,98,0,60.0,2026-04-29T16:33:58.623253,4.22
2026-04-29T16:32:59.602579,96.06,0.4068,98.89,0.4723,1000.0,0.0,4.199,84.1,98,0,60.0,2026-04-29T16:33:59.602393,4.22
2026-04-29T16:32:59.641781,96.06,0.4108,98.89,0.4731,1000.0,0.0,4.199,84.1,98,0,60.0,2026-04-29T16:33:59.641652,4.22
2026-04-29T16:32:59.677337,96.06,0.4108,98.89,0.4735,1000.0,0.0,4.199,84.1,98,0,60.0,2026-04-29T16:33:59.677226,4.22
2026-04-29T16:33:00.652209,96.09,0.4108,98.93,0.4739,1000.0,0.0,4.199,84.1,98,0,60.0,2026-04-29T16:34:00.652048,4.22
2026-04-29T16:33:00.690121,96.09,0.4108,98.93,0.4741,1000.0,0.0,4.199,84.1,98,0,60.0,2026-04-29T16:34:00.690010,4.22
2026-04-29T16:33:01.679426,96.09,0.4108,98.96,0.475,1000.0,0.0,4.199,84.1,98,0,60.0,2026-04-29T16:34:01.679251,4.22
2026-04-29T16:33:01.725606,96.14,0.4143,98.97,0.4754,1000.0,0.0,4.199,84.1,98,0,60.0,2026-04-29T16:34:01.725470,4.22
2026-04-29T16:33:01.761581,96.14,0.4143,98.97,0.4764,1000.0,0.0,4.199,84.1,98,0,60.0,2026-04-29T16:34:01.761463,4.22
2026-04-29T16:33:02.733057,96.16,0.4143,99.01,0.4778,1000.0,0.0,4.199,84.1,98,0,60.0,2026-04-29T16:34:02.732867,4.22
2026-04-29T16:33:02.775277,96.16,0.4077,99.0,0.4745,1000.0,0.0,4.199,84.1,98,0,60.0,2026-04-29T16:34:02.775128,4.22
2026-04-29T16:33:02.810230,96.16,0.4077,99.0,0.4734,1000.0,0.0,4.199,84.1,98,0,60.0,2026-04-29T16:34:02.810117,4.22
2026-04-29T16:33:03.789134,96.18,0.405,99.02,0.4723,1000.0,0.0,4.199,84.1,99,0,60.0,2026-04-29T16:34:03.788977,4.22
2026-04-29T16:33:03.829627,96.18,0.405,99.02,0.4704,1000.0,0.0,4.199,84.1,99,0,60.0,2026-04-29T16:34:03.829506,4.22
2026-04-29T16:33:03.866192,96.18,0.405,99.02,0.4698,1000.0,0.0,4.199,84.1,99,0,60.0,2026-04-29T16:34:03.866047,4.22
2026-04-29T16:33:04.843241,96.2,0.4033,99.04,0.469,1000.0,0.0,4.199,84.1,99,0,60.0,2026-04-29T16:34:04.843067,4.22
2026-04-29T16:33:04.882414,96.2,0.4077,99.03,0.47,1000.0,0.0,4.199,84.1,99,0,60.0,2026-04-29T16:34:04.882275,4.22
2026-04-29T16:33:04.918162,96.2,0.4077,99.03,0.4704,1000.0,0.0,4.199,84.1,99,0,60.0,2026-04-29T16:34:04.918045,4.22
2026-04-29T16:33:05.894298,96.24,0.4134,99.07,0.4721,1000.0,0.0,4.199,84.0,99,0,60.0,2026-04-29T16:34:05.894132,4.22
2026-04-29T16:33:05.934376,96.24,0.4134,99.07,0.4741,1000.0,0.0,4.199,84.0,99,0,60.0,2026-04-29T16:34:05.934178,4.22
2026-04-29T16:33:06.918569,96.24,0.4134,99.1,0.4762,1000.0,0.0,4.199,84.0,99,0,60.0,2026-04-29T16:34:06.918377,4.22
2026-04-29T16:33:06.965543,96.28,0.4168,99.1,0.4769,1000.0,0.0,4.199,84.0,99,0,60.0,2026-04-29T16:34:06.965402,4.22
2026-04-29T16:33:07.005369,96.28,0.4168,99.1,0.4783,1000.0,0.0,4.199,84.0,99,0,60.0,2026-04-29T16:34:07.005245,4.22
2026-04-29T16:33:07.971526,96.29,0.4168,99.13,0.4801,1000.0,0.0,4.199,84.0,99,0,60.0,2026-04-29T16:34:07.971356,4.22
2026-04-29T16:33:08.015093,96.29,0.4134,99.12,0.4777,1000.0,0.0,4.199,84.0,99,0,60.0,2026-04-29T16:34:08.014894,4.22
2026-04-29T16:33:08.050863,96.29,0.4134,99.12,0.4775,1000.0,0.0,4.199,84.0,99,0,60.0,2026-04-29T16:34:08.050727,4.22
2026-04-29T16:33:09.065483,96.31,0.4042,99.14,0.4764,1000.0,0.0,4.199,84.0,99,0,60.0,2026-04-29T16:34:09.041256,4.22
2026-04-29T16:33:09.124862,96.31,0.4135,99.14,0.476,1000.0,0.0,4.199,84.0,99,0,60.0,2026-04-29T16:34:09.124761,4.22
2026-04-29T16:33:09.161798,96.31,0.4135,99.14,0.4765,1000.0,0.0,4.199,84.0,99,0,60.0,2026-04-29T16:34:09.161641,4.22
2026-04-29T16:33:10.080880,96.36,0.4126,99.17,0.4773,1000.0,0.0,4.199,84.0,99,0,60.0,2026-04-29T16:34:10.080745,4.22
2026-04-29T16:33:10.115755,96.36,0.4135,99.18,0.4773,1000.0,0.0,4.199,84.0,99,0,60.0,2026-04-29T16:34:10.115632,4.22
2026-04-29T16:33:10.150842,96.36,0.4135,99.18,0.4774,1000.0,0.0,4.199,84.0,99,0,60.0,2026-04-29T16:34:10.150719,4.22
2026-04-29T16:33:11.107307,96.37,0.4219,99.2,0.4786,1000.0,0.0,4.199,84.0,99,0,60.0,2026-04-29T16:34:11.107184,4.22
2026-04-29T16:33:11.143451,96.37,0.4219,99.2,0.4815,1000.0,0.0,4.199,84.0,99,0,60.0,2026-04-29T16:34:11.143297,4.22
2026-04-29T16:33:12.145513,96.37,0.4219,99.23,0.4842,1000.0,0.0,4.199,84.0,99,0,60.0,2026-04-29T16:34:12.145368,4.22
2026-04-29T16:33:12.188745,96.39,0.416,99.22,0.4832,1000.0,0.0,4.199,84.0,99,0,60.0,2026-04-29T16:34:12.188618,4.22
2026-04-29T16:33:12.225681,96.39,0.416,99.22,0.4819,1000.0,0.0,4.199,84.0,99,0,60.0,2026-04-29T16:34:12.225560,4.22
2026-04-29T16:33:13.200125,96.44,0.416,99.25,0.4816,1000.0,0.0,4.199,84.0,99,0,60.0,2026-04-29T16:34:13.199918,4.22
2026-04-29T16:33:13.240034,96.44,0.416,99.26,0.4802,1000.0,0.0,4.199,84.0,99,0,60.0,2026-04-29T16:34:13.239927,4.22
2026-04-29T16:33:13.275805,96.44,0.416,99.26,0.4801,1000.0,0.0,4.199,84.0,99,0,60.0,2026-04-29T16:34:13.275656,4.22
2026-04-29T16:33:14.257614,96.46,0.4127,99.29,0.48,1000.0,0.0,4.199,84.0,99,0,60.0,2026-04-29T16:34:14.257464,4.22
2026-04-29T16:33:14.299000,96.46,0.4185,99.29,0.481,1000.0,0.0,4.199,84.0,99,0,60.0,2026-04-29T16:34:14.298774,4.22
2026-04-29T16:33:14.334586,96.46,0.4185,99.29,0.4815,1000.0,0.0,4.199,84.0,99,0,60.0,2026-04-29T16:34:14.334464,4.22
2026-04-29T16:33:15.308566,96.53,0.416,99.33,0.4819,1000.0,0.0,4.199,84.0,99,0,60.0,2026-04-29T16:34:15.308427,4.22
2026-04-29T16:33:15.345650,96.53,0.4203,99.34,0.483,1000.0,0.0,4.199,84.0,99,0,60.0,2026-04-29T16:34:15.345548,4.22
2026-04-29T16:33:15.381245,96.53,0.4203,99.35,0.4836,1000.0,0.0,4.199,84.0,99,0,60.0,2026-04-29T16:34:15.381120,4.22
2026-04-29T16:33:16.374907,96.56,0.4303,99.38,0.4866,1000.0,0.0,4.199,84.0,99,0,60.0,2026-04-29T16:34:16.374764,4.22
2026-04-29T16:33:16.413342,96.56,0.4303,99.38,0.4899,1000.0,0.0,4.199,84.0,99,0,60.0,2026-04-29T16:34:16.413220,4.22
2026-04-29T16:33:17.393494,96.56,0.4303,99.42,0.4928,1000.0,0.0,4.199,84.0,99,0,60.0,2026-04-29T16:34:17.393311,4.22
2026-04-29T16:33:17.437876,96.58,0.4286,99.41,0.4929,1000.0,0.0,4.199,84.0,99,0,60.0,2026-04-29T16:34:17.437732,4.22
2026-04-29T16:33:17.472724,96.58,0.4286,99.41,0.4929,1000.0,0.0,4.199,84.0,99,0,60.0,2026-04-29T16:34:17.472621,4.22
2026-04-29T16:33:18.453887,96.63,0.4286,99.44,0.4936,1000.0,0.0,4.199,84.0,99,0,60.0,2026-04-29T16:34:18.453684,4.22
2026-04-29T16:33:18.497426,96.63,0.4234,99.45,0.4904,1000.0,0.0,4.199,84.0,99,0,60.0,2026-04-29T16:34:18.497259,4.22
2026-04-29T16:33:18.533287,96.63,0.4234,99.45,0.4895,1000.0,0.0,4.199,84.0,99,0,60.0,2026-04-29T16:34:18.533130,4.22
2026-04-29T16:33:19.509023,96.69,0.4193,99.5,0.4885,1000.0,0.0,4.199,83.9,99,0,60.0,2026-04-29T16:34:19.508870,4.22
2026-04-29T16:33:19.549619,96.69,0.4126,99.51,0.4832,1000.0,0.0,4.199,83.9,99,0,60.0,2026-04-29T16:34:19.549480,4.22
2026-04-29T16:33:19.584558,96.69,0.4126,99.51,0.4811,1000.0,0.0,4.199,83.9,99,0,60.0,2026-04-29T16:34:19.584436,4.22
2026-04-29T16:33:20.562605,96.72,0.4059,99.55,0.4773,1000.0,0.0,4.199,83.9,99,0,60.0,2026-04-29T16:34:20.562439,4.22
2026-04-29T16:33:20.603124,96.72,0.4126,99.55,0.4772,1000.0,0.0,4.199,83.9,99,0,60.0,2026-04-29T16:34:20.602989,4.22
2026-04-29T16:33:20.639285,96.72,0.4126,99.55,0.4772,1000.0,0.0,4.199,83.9,99,0,60.0,2026-04-29T16:34:20.639166,4.22
2026-04-29T16:33:21.619560,96.77,0.4269,99.59,0.4794,1000.0,0.0,4.199,83.9,99,0,60.0,2026-04-29T16:34:21.619407,4.22
2026-04-29T16:33:21.657164,96.77,0.4269,99.59,0.4842,1000.0,0.0,4.199,83.9,99,0,60.0,2026-04-29T16:34:21.657028,4.22
2026-04-29T16:33:22.641255,96.77,0.4269,99.62,0.4882,1000.0,0.0,4.199,83.9,99,0,60.0,2026-04-29T16:34:22.641084,4.22
2026-04-29T16:33:22.687840,96.8,0.4279,99.62,0.4886,1000.0,0.0,4.199,83.9,99,0,60.0,2026-04-29T16:34:22.687696,4.22
2026-04-29T16:33:22.723608,96.8,0.4279,99.62,0.4901,1000.0,0.0,4.199,83.9,99,0,60.0,2026-04-29T16:34:22.723493,4.22
2026-04-29T16:33:23.696874,96.83,0.4279,99.65,0.4921,1000.0,0.0,4.199,83.9,99,0,60.0,2026-04-29T16:34:23.696709,4.22
2026-04-29T16:33:23.739692,96.83,0.4293,99.65,0.4929,1000.0,0.0,4.199,83.9,99,0,60.0,2026-04-29T16:34:23.739563,4.22
2026-04-29T16:33:23.774653,96.83,0.4293,99.65,0.4933,1000.0,0.0,4.199,83.9,99,0,60.0,2026-04-29T16:34:23.774515,4.22
2026-04-29T16:33:24.750355,96.86,0.4225,99.68,0.4932,1000.0,0.0,4.199,83.9,99,0,60.0,2026-04-29T16:34:24.750186,4.22
2026-04-29T16:33:24.791042,96.86,0.4345,99.68,0.495,1000.0,0.0,4.199,83.9,99,0,60.0,2026-04-29T16:34:24.790930,4.22
2026-04-29T16:33:24.826091,96.86,0.4345,99.68,0.4965,1000.0,0.0,4.199,83.9,99,0,60.0,2026-04-29T16:34:24.825966,4.22
2026-04-29T16:33:25.806132,96.86,0.436,99.7,0.4972,1000.0,0.0,4.199,83.9,99,0,60.0,2026-04-29T16:34:25.805986,4.22
2026-04-29T16:33:25.845662,96.86,0.436,99.69,0.4988,1000.0,0.0,4.199,83.9,99,0,60.0,2026-04-29T16:34:25.845526,4.22
2026-04-29T16:33:25.882471,96.86,0.436,99.69,0.4995,1000.0,0.0,4.199,83.9,99,0,60.0,2026-04-29T16:34:25.882226,4.22
2026-04-29T16:33:26.857743,96.89,0.4379,99.72,0.5003,1000.0,0.0,4.199,83.9,99,0,60.0,2026-04-29T16:34:26.857590,4.22
2026-04-29T16:33:26.895650,96.89,0.4379,99.72,0.5013,1000.0,0.0,4.199,83.9,99,0,60.0,2026-04-29T16:34:26.895532,4.22
2026-04-29T16:33:27.880246,96.89,0.4379,99.75,0.5028,1000.0,0.0,4.199,83.9,99,0,60.0,2026-04-29T16:34:27.880075,4.22
2026-04-29T16:33:27.926695,96.94,0.4396,99.76,0.5029,1000.0,0.0,4.199,83.9,99,0,60.0,2026-04-29T16:34:27.926534,4.22
2026-04-29T16:33:27.962602,96.94,0.4396,99.76,0.5036,1000.0,0.0,4.199,83.9,99,0,60.0,2026-04-29T16:34:27.962469,4.22
2026-04-29T16:33:28.933270,96.96,0.4396,99.79,0.5048,1000.0,0.0,4.199,83.9,99,0,60.0,2026-04-29T16:34:28.933006,4.22
2026-04-29T16:33:28.985817,96.96,0.4369,99.79,0.5029,1000.0,0.0,4.199,83.9,99,0,60.0,2026-04-29T16:34:28.985114,4.22
2026-04-29T16:33:29.077164,96.96,0.4369,99.79,0.5026,1000.0,0.0,4.199,83.9,99,0,60.0,2026-04-29T16:34:29.076962,4.22
2026-04-29T16:33:29.988161,96.98,0.432,99.81,0.5021,1000.0,0.0,4.199,83.9,99,0,60.0,2026-04-29T16:34:29.988006,4.22
2026-04-29T16:33:30.029362,96.98,0.4351,99.81,0.5009,1000.0,0.0,4.199,83.9,99,0,60.0,2026-04-29T16:34:30.029235,4.22
2026-04-29T16:33:30.066111,96.98,0.4351,99.81,0.5007,1000.0,0.0,4.199,83.9,99,0,60.0,2026-04-29T16:34:30.065975,4.22
2026-04-29T16:33:31.093271,97.01,0.4351,99.84,0.501,1000.0,0.0,4.199,83.9,99,0,60.0,2026-04-29T16:34:31.093038,4.22
2026-04-29T16:33:31.129087,97.01,0.4351,99.84,0.5007,1000.0,0.0,4.199,83.9,99,0,60.0,2026-04-29T16:34:31.129005,4.22
2026-04-29T16:33:31.166669,97.01,0.4351,99.84,0.5006,1000.0,0.0,4.199,83.9,99,0,60.0,2026-04-29T16:34:31.166536,4.22
2026-04-29T16:33:32.094417,97.04,0.4354,99.87,0.5005,1000.0,0.0,4.199,83.9,99,0,60.0,2026-04-29T16:34:32.094272,4.22
2026-04-29T16:33:32.131975,97.04,0.4354,99.87,0.5005,1000.0,0.0,4.199,83.9,99,0,60.0,2026-04-29T16:34:32.131840,4.22
2026-04-29T16:33:33.095278,97.04,0.4354,99.9,0.5014,1000.0,0.0,4.199,83.9,99,0,60.0,2026-04-29T16:34:33.095075,4.22
2026-04-29T16:33:33.129897,97.1,0.4447,99.91,0.5038,1000.0,0.0,4.199,83.9,99,0,60.0,2026-04-29T16:34:33.129782,4.22
2026-04-29T16:33:33.166995,97.1,0.4447,99.92,0.5062,1000.0,0.0,4.199,83.9,99,0,60.0,2026-04-29T16:34:33.166675,4.22
2026-04-29T16:33:34.146992,97.14,0.4447,99.96,0.5088,1000.0,0.0,4.199,83.8,99,0,60.0,2026-04-29T16:34:34.146877,4.22
2026-04-29T16:33:34.186538,97.14,0.4405,99.96,0.5073,1000.0,0.0,4.199,83.8,99,0,60.0,2026-04-29T16:34:34.186415,4.22
2026-04-29T16:33:34.221944,97.14,0.4405,99.96,0.5068,1000.0,0.0,4.199,83.8,99,0,60.0,2026-04-29T16:34:34.221838,4.22
2026-04-29T16:33:35.209095,97.23,0.4387,100.01,0.5066,1000.0,0.0,4.199,83.8,99,0,60.0,2026-04-29T16:34:35.208958,4.22
2026-04-29T16:33:35.249649,97.23,0.4253,100.03,0.4992,1000.0,0.0,4.199,83.8,99,0,60.0,2026-04-29T16:34:35.249463,4.22
2026-04-29T16:33:35.286398,97.23,0.4253,100.04,0.4962,1000.0,0.0,4.199,83.8,99,0,60.0,2026-04-29T16:34:35.286224,4.22
2026-04-29T16:33:36.276512,97.24,0.4236,100.07,0.493,1000.0,0.0,4.199,83.8,99,0,60.0,2026-04-29T16:34:36.276346,4.22
2026-04-29T16:33:36.317739,97.24,0.4253,100.06,0.4919,1000.0,0.0,4.199,83.8,99,0,60.0,2026-04-29T16:34:36.317594,4.22
2026-04-29T16:33:36.353834,97.24,0.4253,100.06,0.4915,1000.0,0.0,4.199,83.8,99,0,60.0,2026-04-29T16:34:36.353708,4.22
2026-04-29T16:33:37.316373,97.31,0.4362,100.11,0.4941,1000.0,0.0,4.199,83.8,99,0,60.0,2026-04-29T16:34:37.316159,4.22
2026-04-29T16:33:37.353025,97.31,0.4362,100.12,0.4972,1000.0,0.0,4.199,83.8,99,0,60.0,2026-04-29T16:34:37.352899,4.22
2026-04-29T16:33:38.356615,97.31,0.4362,100.16,0.5,1000.0,0.0,4.199,83.8,99,0,60.0,2026-04-29T16:34:38.356456,4.22
2026-04-29T16:33:38.402994,97.38,0.4362,100.18,0.5005,1000.0,0.0,4.199,83.8,99,0,60.0,2026-04-29T16:34:38.402851,4.22
2026-04-29T16:33:38.439343,97.38,0.4362,100.19,0.501,1000.0,0.0,4.199,83.8,99,0,60.0,2026-04-29T16:34:38.439198,4.22
2026-04-29T16:33:39.414307,97.46,0.4362,100.24,0.5022,1000.0,0.0,4.199,83.8,99,0,60.0,2026-04-29T16:34:39.414143,4.22
2026-04-29T16:33:39.458927,97.46,0.4423,100.26,0.5034,1000.0,0.0,4.199,83.8,99,0,60.0,2026-04-29T16:34:39.458799,4.22
2026-04-29T16:33:39.494868,97.46,0.4423,100.27,0.5051,1000.0,0.0,4.199,83.8,99,0,60.0,2026-04-29T16:34:39.494729,4.22
2026-04-29T16:33:40.469490,97.52,0.432,100.32,0.5057,1000.0,0.0,4.199,83.8,99,0,60.0,2026-04-29T16:34:40.469320,4.22
2026-04-29T16:33:40.511068,97.52,0.443,100.33,0.5062,1000.0,0.0,4.199,83.8,99,0,60.0,2026-04-29T16:34:40.510936,4.22
2026-04-29T16:33:40.547294,97.52,0.443,100.34,0.5072,1000.0,0.0,4.199,83.8,99,0,60.0,2026-04-29T16:34:40.547179,4.22
2026-04-29T16:33:41.521204,97.59,0.443,100.39,0.5087,1000.0,0.0,4.199,83.7,99,0,60.0,2026-04-29T16:34:41.521038,4.22
2026-04-29T16:33:41.560445,97.59,0.4464,100.4,0.5104,1000.0,0.0,4.199,83.7,99,0,60.0,2026-04-29T16:34:41.560334,4.22
2026-04-29T16:33:41.596062,97.59,0.4464,100.41,0.5111,1000.0,0.0,4.199,83.7,99,0,60.0,2026-04-29T16:34:41.595961,4.22
2026-04-29T16:33:42.577890,97.66,0.4531,100.46,0.5141,1000.0,0.0,4.199,83.7,99,0,60.0,2026-04-29T16:34:42.577714,4.22
2026-04-29T16:33:42.616233,97.66,0.4531,100.47,0.5162,1000.0,0.0,4.199,83.7,99,0,60.0,2026-04-29T16:34:42.616044,4.22
2026-04-29T16:33:43.603837,97.66,0.4531,100.51,0.5184,1000.0,0.0,4.199,83.7,99,0,60.0,2026-04-29T16:34:43.603647,4.22
2026-04-29T16:33:43.648520,97.7,0.4438,100.51,0.5142,1000.0,0.0,4.199,83.7,99,0,60.0,2026-04-29T16:34:43.648322,4.22
2026-04-29T16:33:43.684045,97.7,0.4438,100.52,0.5127,1000.0,0.0,4.199,83.7,99,0,60.0,2026-04-29T16:34:43.683773,4.22
2026-04-29T16:33:44.657185,97.76,0.4438,100.56,0.512,1000.0,0.0,4.199,83.7,99,0,60.0,2026-04-29T16:34:44.657021,4.22
2026-04-29T16:33:44.700720,97.76,0.4482,100.57,0.5121,1000.0,0.0,4.199,83.7,99,0,60.0,2026-04-29T16:34:44.700565,4.22
2026-04-29T16:33:44.742161,97.76,0.4482,100.57,0.5131,1000.0,0.0,4.199,83.7,99,0,60.0,2026-04-29T16:34:44.741616,4.22
2026-04-29T16:33:45.711288,97.82,0.4482,100.62,0.5145,1000.0,0.0,4.199,83.7,99,0,60.0,2026-04-29T16:34:45.711112,4.22
2026-04-29T16:33:45.754762,97.82,0.4489,100.63,0.5148,1000.0,0.0,4.199,83.7,99,0,60.0,2026-04-29T16:34:45.754627,4.22
2026-04-29T16:33:45.790237,97.82,0.4489,100.63,0.515,1000.0,0.0,4.199,83.7,99,0,60.0,2026-04-29T16:34:45.790130,4.22
2026-04-29T16:33:46.761778,97.86,0.4472,100.67,0.5152,1000.0,0.0,4.199,83.7,99,0,60.0,2026-04-29T16:34:46.761614,4.22
2026-04-29T16:33:46.802891,97.86,0.4489,100.68,0.5153,1000.0,0.0,4.199,83.7,99,0,60.0,2026-04-29T16:34:46.802740,4.22
2026-04-29T16:33:46.838774,97.86,0.4489,100.68,0.5155,1000.0,0.0,4.199,83.7,99,0,60.0,2026-04-29T16:34:46.838644,4.22
2026-04-29T16:33:47.797763,97.91,0.4505,100.72,0.5161,1000.0,0.0,4.199,83.7,99,0,60.0,2026-04-29T16:34:47.797635,4.22
2026-04-29T16:33:47.837183,97.91,0.4505,100.73,0.5165,1000.0,0.0,4.199,83.7,99,0,60.0,2026-04-29T16:34:47.837031,4.22
2026-04-29T16:33:48.840163,97.91,0.4505,100.76,0.5176,1000.0,0.0,4.199,83.7,99,0,60.0,2026-04-29T16:34:48.839982,4.22
2026-04-29T16:33:48.885159,97.94,0.4539,100.76,0.5183,1000.0,0.0,4.199,83.7,99,0,60.0,2026-04-29T16:34:48.885001,4.22
2026-04-29T16:33:48.922820,97.94,0.4539,100.76,0.5192,1000.0,0.0,4.199,83.7,99,0,60.0,2026-04-29T16:34:48.922693,4.22
2026-04-29T16:33:49.895570,97.99,0.4539,100.8,0.5207,1000.0,0.0,4.199,83.7,99,0,60.0,2026-04-29T16:34:49.895370,4.22
2026-04-29T16:33:49.939999,97.99,0.4572,100.8,0.5217,1000.0,0.0,4.199,83.7,99,0,60.0,2026-04-29T16:34:49.939875,4.22
2026-04-29T16:33:49.975455,97.99,0.4572,100.8,0.5225,1000.0,0.0,4.199,83.7,99,0,60.0,2026-04-29T16:34:49.975305,4.22
2026-04-29T16:33:50.950919,98.01,0.4558,100.83,0.5238,1000.0,0.0,4.199,83.7,99,0,60.0,2026-04-29T16:34:50.950649,4.22
2026-04-29T16:33:50.993777,98.01,0.4523,100.83,0.5215,1000.0,0.0,4.199,83.7,99,0,60.0,2026-04-29T16:34:50.993078,4.22
2026-04-29T16:33:51.086521,98.01,0.4523,100.83,0.5208,1000.0,0.0,4.199,83.7,99,0,60.0,2026-04-29T16:34:51.067276,4.22
2026-04-29T16:33:52.012021,98.06,0.4506,100.87,0.5198,1000.0,0.0,4.199,83.6,99,0,60.0,2026-04-29T16:34:52.011846,4.22
2026-04-29T16:33:52.052598,98.06,0.4506,100.87,0.5188,1000.0,0.0,4.199,83.6,99,0,60.0,2026-04-29T16:34:52.052462,4.22
2026-04-29T16:33:52.088366,98.06,0.4506,100.87,0.5184,1000.0,0.0,4.199,83.6,99,0,60.0,2026-04-29T16:34:52.088284,4.22
2026-04-29T16:33:53.100238,98.08,0.4464,100.9,0.516,1000.0,0.0,4.199,83.6,99,0,60.0,2026-04-29T16:34:53.100104,4.22
2026-04-29T16:33:53.134387,98.08,0.4464,100.9,0.5149,1000.0,0.0,4.199,83.6,99,0,60.0,2026-04-29T16:34:53.134283,4.22
2026-04-29T16:33:54.078319,98.08,0.4464,100.93,0.5151,1000.0,0.0,4.199,83.6,99,0,60.0,2026-04-29T16:34:54.078131,4.22
2026-04-29T16:33:54.119999,98.13,0.4539,100.94,0.5156,1000.0,0.0,4.199,83.6,99,0,60.0,2026-04-29T16:34:54.119892,4.22
2026-04-29T16:33:54.157416,98.13,0.4539,100.94,0.5176,1000.0,0.0,4.199,83.6,99,0,60.0,2026-04-29T16:34:54.157284,4.22
2026-04-29T16:33:55.112738,98.16,0.4539,100.97,0.52,1000.0,0.0,4.199,83.6,99,0,60.0,2026-04-29T16:34:55.112617,4.22
2026-04-29T16:33:55.147977,98.16,0.4549,100.97,0.5202,1000.0,0.0,4.199,83.6,99,0,60.0,2026-04-29T16:34:55.147760,4.22
2026-04-29T16:33:55.184795,98.16,0.4549,100.97,0.5209,1000.0,0.0,4.199,83.6,99,0,60.0,2026-04-29T16:34:55.184658,4.22
2026-04-29T16:33:56.179844,98.21,0.4549,101.01,0.5222,1000.0,0.0,4.199,83.6,99,0,60.0,2026-04-29T16:34:56.179666,4.22
2026-04-29T16:33:56.223889,98.21,0.4549,101.01,0.5222,1000.0,0.0,4.199,83.6,99,0,60.0,2026-04-29T16:34:56.223762,4.22
2026-04-29T16:33:56.258887,98.21,0.4549,101.02,0.5222,1000.0,0.0,4.199,83.6,99,0,60.0,2026-04-29T16:34:56.258758,4.22
2026-04-29T16:33:57.227041,98.24,0.454,101.05,0.5224,1000.0,0.0,4.199,83.6,99,0,60.0,2026-04-29T16:34:57.226938,4.22
2026-04-29T16:33:57.267303,98.24,0.4556,101.05,0.5226,1000.0,0.0,4.199,83.6,99,0,60.0,2026-04-29T16:34:57.267172,4.22
2026-04-29T16:33:57.304438,98.24,0.4556,101.05,0.5227,1000.0,0.0,4.199,83.6,99,0,60.0,2026-04-29T16:34:57.304306,4.22
2026-04-29T16:33:58.295014,98.3,0.4491,101.1,0.5215,1000.0,0.0,4.199,83.6,99,0,60.0,2026-04-29T16:34:58.294842,4.22
2026-04-29T16:33:58.334736,98.3,0.4491,101.1,0.5195,1000.0,0.0,4.199,83.6,99,0,60.0,2026-04-29T16:34:58.334603,4.22
2026-04-29T16:33:59.310774,98.3,0.4491,101.14,0.5189,1000.0,0.0,4.199,83.6,99,0,60.0,2026-04-29T16:34:59.310580,4.22
2026-04-29T16:33:59.356454,98.33,0.4491,101.14,0.5175,1000.0,0.0,4.199,83.6,99,0,60.0,2026-04-29T16:34:59.356323,4.22
2026-04-29T16:33:59.392975,98.33,0.4491,101.14,0.5171,1000.0,0.0,4.199,83.6,99,0,60.0,2026-04-29T16:34:59.392857,4.22
2026-04-29T16:34:00.375564,98.38,0.4491,101.18,0.5175,1000.0,0.0,4.199,83.6,99,0,60.0,2026-04-29T16:35:00.375400,4.22
2026-04-29T16:34:00.418785,98.38,0.4581,101.19,0.5205,1000.0,0.0,4.199,83.6,99,0,60.0,2026-04-29T16:35:00.418648,4.22
2026-04-29T16:34:00.454743,98.38,0.4581,101.19,0.5223,1000.0,0.0,4.199,83.6,99,0,60.0,2026-04-29T16:35:00.454613,4.22
2026-04-29T16:34:01.430199,98.41,0.4563,101.22,0.5244,1000.0,0.0,4.199,83.6,99,0,60.0,2026-04-29T16:35:01.430033,4.22
2026-04-29T16:34:01.472421,98.41,0.4581,101.22,0.525,1000.0,0.0,4.199,83.6,99,0,60.0,2026-04-29T16:35:01.472293,4.22
2026-04-29T16:34:01.509252,98.41,0.4581,101.23,0.5252,1000.0,0.0,4.199,83.6,99,0,60.0,2026-04-29T16:35:01.509133,4.22
2026-04-29T16:34:02.482275,98.44,0.4572,101.26,0.5258,1000.0,0.0,4.199,83.6,99,0,60.0,2026-04-29T16:35:02.482105,4.22
2026-04-29T16:34:02.522462,98.44,0.4572,101.26,0.5254,1000.0,0.0,4.199,83.6,99,0,60.0,2026-04-29T16:35:02.522327,4.22
2026-04-29T16:34:02.558668,98.44,0.4572,101.26,0.5252,1000.0,0.0,4.199,83.6,99,0,60.0,2026-04-29T16:35:02.558563,4.22
2026-04-29T16:34:03.541401,98.48,0.4649,101.29,0.5264,1000.0,0.0,4.199,83.6,99,0,60.0,2026-04-29T16:35:03.541229,4.22
2026-04-29T16:34:03.579624,98.48,0.4649,101.29,0.529,1000.0,0.0,4.199,83.5,99,0,60.0,2026-04-29T16:35:03.579507,4.22
2026-04-29T16:34:04.560913,98.48,0.4649,101.33,0.5314,1000.0,0.0,4.199,83.5,99,0,60.0,2026-04-29T16:35:04.560708,4.22
2026-04-29T16:34:04.607883,98.54,0.4691,101.34,0.5327,1000.0,0.0,4.199,83.5,99,0,60.0,2026-04-29T16:35:04.607727,4.22
2026-04-29T16:34:04.643165,98.54,0.4691,101.35,0.5343,1000.0,0.0,4.199,83.5,99,0,60.0,2026-04-29T16:35:04.643015,4.22
2026-04-29T16:34:05.614588,98.57,0.4691,101.39,0.5364,1000.0,0.0,4.199,83.5,99,0,60.0,2026-04-29T16:35:05.614420,4.22
2026-04-29T16:34:05.657612,98.57,0.4691,101.39,0.5367,1000.0,0.0,4.199,83.5,99,0,60.0,2026-04-29T16:35:05.657471,4.22
2026-04-29T16:34:05.693762,98.57,0.4691,101.39,0.5368,1000.0,0.0,4.199,83.5,99,0,60.0,2026-04-29T16:35:05.693639,4.22
2026-04-29T16:34:06.668734,98.63,0.4639,101.43,0.5368,1000.0,0.0,4.199,83.5,99,0,60.0,2026-04-29T16:35:06.668527,4.22
2026-04-29T16:34:06.710685,98.63,0.4667,101.43,0.5356,1000.0,0.0,4.199,83.5,99,0,60.0,2026-04-29T16:35:06.710539,4.22
2026-04-29T16:34:06.746221,98.63,0.4667,101.43,0.5353,1000.0,0.0,4.199,83.5,99,0,60.0,2026-04-29T16:35:06.746098,4.22
2026-04-29T16:34:07.724954,98.66,0.4624,101.47,0.5344,1000.0,0.0,4.199,83.5,99,0,60.0,2026-04-29T16:35:07.724804,4.22
2026-04-29T16:34:07.763995,98.66,0.4648,101.47,0.5338,1000.0,0.0,4.199,83.5,99,0,60.0,2026-04-29T16:35:07.763869,4.22
2026-04-29T16:34:07.799409,98.66,0.4648,101.47,0.5335,1000.0,0.0,4.199,83.5,99,0,60.0,2026-04-29T16:35:07.799272,4.22
2026-04-29T16:34:08.776913,98.72,0.4648,101.52,0.533,1000.0,0.0,4.199,83.5,99,0,60.0,2026-04-29T16:35:08.776721,4.22
2026-04-29T16:34:08.815104,98.72,0.4648,101.52,0.533,1000.0,0.0,4.199,83.5,99,0,60.0,2026-04-29T16:35:08.814974,4.22
2026-04-29T16:34:09.800976,98.72,0.4648,101.56,0.5339,1000.0,0.0,4.199,83.5,99,0,60.0,2026-04-29T16:35:09.800788,4.22
2026-04-29T16:34:09.845866,98.76,0.4676,101.57,0.5344,1000.0,0.0,4.199,83.5,99,0,60.0,2026-04-29T16:35:09.845744,4.22
2026-04-29T16:34:09.881126,98.76,0.4676,101.57,0.5349,1000.0,0.0,4.199,83.5,99,0,60.0,2026-04-29T16:35:09.881001,4.22
2026-04-29T16:34:10.855255,98.8,0.4676,101.61,0.5361,1000.0,0.0,4.199,83.5,99,0,60.0,2026-04-29T16:35:10.855076,4.22
2026-04-29T16:34:10.898462,98.8,0.4674,101.61,0.5359,1000.0,0.0,4.199,83.5,99,0,60.0,2026-04-29T16:35:10.898345,4.22
2026-04-29T16:34:10.935394,98.8,0.4674,101.61,0.5358,1000.0,0.0,4.199,83.5,99,0,60.0,2026-04-29T16:35:10.935253,4.22
2026-04-29T16:34:11.911194,98.84,0.4666,101.65,0.5362,1000.0,0.0,4.199,83.5,99,0,60.0,2026-04-29T16:35:11.911029,4.22
2026-04-29T16:34:11.953705,98.84,0.475,101.65,0.5389,1000.0,0.0,4.199,83.5,99,0,60.0,2026-04-29T16:35:11.953567,4.22
2026-04-29T16:34:11.990418,98.84,0.475,101.65,0.5405,1000.0,0.0,4.199,83.5,99,0,60.0,2026-04-29T16:35:11.990298,4.22
2026-04-29T16:34:12.962732,98.89,0.475,101.69,0.5428,1000.0,0.0,4.199,83.5,99,0,60.0,2026-04-29T16:35:12.962579,4.22
2026-04-29T16:34:13.093131,98.89,0.4752,101.7,0.5432,1000.0,0.0,4.199,83.5,99,0,60.0,2026-04-29T16:35:13.067777,4.22
2026-04-29T16:34:13.164587,98.89,0.4752,101.7,0.5435,1000.0,0.0,4.199,83.5,99,0,60.0,2026-04-29T16:35:13.164472,4.22
2026-04-29T16:34:14.015567,98.92,0.481,101.73,0.5443,1000.0,0.0,4.199,83.5,99,0,60.0,2026-04-29T16:35:14.015426,4.22
2026-04-29T16:34:14.056141,98.92,0.481,101.74,0.5465,1000.0,0.0,4.199,83.4,99,0,60.0,2026-04-29T16:35:14.056012,4.22
2026-04-29T16:34:15.072924,98.92,0.481,101.77,0.5488,1000.0,0.0,4.199,83.4,99,0,60.0,2026-04-29T16:35:15.054402,4.22
2026-04-29T16:34:15.116552,98.95,0.4756,101.77,0.546,1000.0,0.0,4.199,83.4,99,0,60.0,2026-04-29T16:35:15.116427,4.22
2026-04-29T16:34:15.151353,98.95,0.4756,101.77,0.5453,1000.0,0.0,4.199,83.4,99,0,60.0,2026-04-29T16:35:15.151234,4.22
2026-04-29T16:34:16.090493,98.99,0.4756,101.8,0.5455,1000.0,0.0,4.199,83.4,99,0,60.0,2026-04-29T16:35:16.090348,4.22
2026-04-29T16:34:16.129861,98.99,0.4801,101.8,0.5463,1000.0,0.0,4.199,83.4,99,0,60.0,2026-04-29T16:35:16.129745,4.22
2026-04-29T16:34:16.167342,98.99,0.4801,101.81,0.5472,1000.0,0.0,4.199,83.4,99,0,60.0,2026-04-29T16:35:16.167187,4.22
2026-04-29T16:34:17.123386,99.02,0.4756,101.84,0.548,1000.0,0.0,4.199,83.4,99,0,60.0,2026-04-29T16:35:17.123229,4.22
2026-04-29T16:34:17.161076,99.02,0.4828,101.84,0.5497,1000.0,0.0,4.199,83.4,99,0,60.0,2026-04-29T16:35:17.160914,4.22
2026-04-29T16:34:17.197415,99.02,0.4828,101.84,0.5504,1000.0,0.0,4.199,83.4,99,0,60.0,2026-04-29T16:35:17.197309,4.22
2026-04-29T16:34:18.196743,99.06,0.4878,101.87,0.5524,1000.0,0.0,4.199,83.4,99,0,60.0,2026-04-29T16:35:18.196590,4.22
2026-04-29T16:34:18.237890,99.06,0.4878,101.87,0.5543,1000.0,0.0,4.199,83.4,99,0,60.0,2026-04-29T16:35:18.237754,4.22
2026-04-29T16:34:18.274044,99.06,0.4878,101.87,0.5551,1000.0,0.0,4.199,83.4,99,0,60.0,2026-04-29T16:35:18.273908,4.22
2026-04-29T16:34:19.239897,99.11,0.4819,101.91,0.5544,1000.0,0.0,4.199,83.4,99,0,60.0,2026-04-29T16:35:19.239726,4.22
2026-04-29T16:34:19.275592,99.11,0.4819,101.91,0.553,1000.0,0.0,4.199,83.4,99,0,60.0,2026-04-29T16:35:19.275504,4.22
2026-04-29T16:34:20.277121,99.11,0.4819,101.95,0.553,1000.0,0.0,4.199,83.4,99,0,60.0,2026-04-29T16:35:20.276950,4.221
2026-04-29T16:34:20.325153,99.16,0.486,101.96,0.5522,1000.0,0.0,4.199,83.4,99,0,60.0,2026-04-29T16:35:20.325016,4.221
2026-04-29T16:34:20.361407,99.16,0.486,101.96,0.5533,1000.0,0.0,4.199,83.4,99,0,60.0,2026-04-29T16:35:20.361294,4.221
2026-04-29T16:34:21.328942,99.2,0.486,102.0,0.5549,1000.0,0.0,4.199,83.4,99,0,60.0,2026-04-29T16:35:21.328727,4.221
2026-04-29T16:34:21.372925,99.2,0.4734,102.01,0.5485,1000.0,0.0,4.199,83.4,99,0,60.0,2026-04-29T16:35:21.372789,4.221
2026-04-29T16:34:21.409978,99.2,0.4734,102.01,0.5463,1000.0,0.0,4.199,83.4,99,0,60.0,2026-04-29T16:35:21.409872,4.221
2026-04-29T16:34:22.375394,99.26,0.4658,102.05,0.5435,1000.0,0.0,4.199,83.4,99,0,60.0,2026-04-29T16:35:22.375251,4.221
2026-04-29T16:34:22.412602,99.26,0.4734,102.06,0.5425,1000.0,0.0,4.199,83.4,99,0,60.0,2026-04-29T16:35:22.412480,4.221
2026-04-29T16:34:22.448137,99.26,0.4734,102.06,0.5425,1000.0,0.0,4.199,83.4,99,0,60.0,2026-04-29T16:35:22.448024,4.221
2026-04-29T16:34:23.445655,99.31,0.4877,102.11,0.5451,1000.0,0.0,4.199,83.4,99,0,60.0,2026-04-29T16:35:23.445498,4.221
2026-04-29T16:34:23.487783,99.31,0.4887,102.12,0.5507,1000.0,0.0,4.199,83.4,99,0,60.0,2026-04-29T16:35:23.486468,4.221
2026-04-29T16:34:23.533782,99.31,0.4887,102.12,0.5532,1000.0,0.0,4.199,83.4,99,0,60.0,2026-04-29T16:35:23.533611,4.221
2026-04-29T16:34:24.499356,99.36,0.4911,102.16,0.5571,1000.0,0.0,4.199,83.4,99,0,60.0,2026-04-29T16:35:24.499209,4.221
2026-04-29T16:34:24.538134,99.36,0.4911,102.17,0.5585,1000.0,0.0,4.199,83.3,99,0,60.0,2026-04-29T16:35:24.538005,4.221
2026-04-29T16:34:25.521209,99.36,0.4911,102.21,0.5603,1000.0,0.0,4.199,83.3,99,0,60.0,2026-04-29T16:35:25.521022,4.221
2026-04-29T16:34:25.568709,99.4,0.4868,102.21,0.5591,1000.0,0.0,4.199,83.3,99,0,60.0,2026-04-29T16:35:25.568469,4.221
2026-04-29T16:34:25.605815,99.4,0.4868,102.21,0.5581,1000.0,0.0,4.199,83.3,99,0,60.0,2026-04-29T16:35:25.605690,4.221
2026-04-29T16:34:26.577868,99.42,0.4868,102.25,0.5579,1000.0,0.0,4.199,83.3,99,0,60.0,2026-04-29T16:35:26.577683,4.221
2026-04-29T16:34:26.621503,99.42,0.4868,102.24,0.557,1000.0,0.0,4.199,83.3,99,0,60.0,2026-04-29T16:35:26.621371,4.221
2026-04-29T16:34:26.657324,99.42,0.4868,102.24,0.5568,1000.0,0.0,4.199,83.3,99,0,60.0,2026-04-29T16:35:26.657216,4.221
2026-04-29T16:34:27.630303,99.45,0.486,102.27,0.5571,1000.0,0.0,4.199,83.3,99,0,60.0,2026-04-29T16:35:27.630125,4.221
2026-04-29T16:34:27.672309,99.45,0.4877,102.27,0.5571,1000.0,0.0,4.199,83.3,99,0,60.0,2026-04-29T16:35:27.672187,4.221
2026-04-29T16:34:27.708117,99.45,0.4877,102.27,0.5572,1000.0,0.0,4.199,83.3,99,0,60.0,2026-04-29T16:35:27.707997,4.221
2026-04-29T16:34:28.687806,99.48,0.486,102.3,0.5575,1000.0,0.0,4.199,83.3,99,0,60.0,2026-04-29T16:35:28.687649,4.221
2026-04-29T16:34:28.727263,99.48,0.486,102.3,0.5567,1000.0,0.0,4.199,83.3,99,0,60.0,2026-04-29T16:35:28.727150,4.221
2026-04-29T16:34:28.763413,99.48,0.486,102.3,0.5564,1000.0,0.0,4.199,83.3,99,0,60.0,2026-04-29T16:35:28.763290,4.221
2026-04-29T16:34:29.742820,99.52,0.486,102.33,0.5556,1000.0,0.0,4.199,83.3,99,0,60.0,2026-04-29T16:35:29.742670,4.221
2026-04-29T16:34:29.780954,99.52,0.486,102.33,0.5556,1000.0,0.0,4.199,83.3,99,0,60.0,2026-04-29T16:35:29.780837,4.221
2026-04-29T16:34:30.762471,99.52,0.486,102.36,0.5565,1000.0,0.0,4.199,83.3,99,0,60.0,2026-04-29T16:35:30.762282,4.221
2026-04-29T16:34:30.809189,99.57,0.4963,102.37,0.5592,1000.0,0.0,4.199,83.3,99,0,60.0,2026-04-29T16:35:30.809060,4.221
2026-04-29T16:34:30.846209,99.57,0.4963,102.37,0.5619,1000.0,0.0,4.199,83.3,99,0,60.0,2026-04-29T16:35:30.846084,4.221
2026-04-29T16:34:31.819818,99.59,0.4963,102.41,0.5648,1000.0,0.0,4.199,83.3,99,0,60.0,2026-04-29T16:35:31.819607,4.221
2026-04-29T16:34:31.861941,99.59,0.4963,102.4,0.5653,1000.0,0.0,4.199,83.3,99,0,60.0,2026-04-29T16:35:31.861810,4.221
2026-04-29T16:34:31.897358,99.59,0.4963,102.4,0.5657,1000.0,0.0,4.199,83.3,99,0,60.0,2026-04-29T16:35:31.897244,4.221
2026-04-29T16:34:32.875439,99.63,0.4936,102.44,0.5661,1000.0,0.0,4.199,83.3,99,0,60.0,2026-04-29T16:35:32.875287,4.221
2026-04-29T16:34:32.917564,99.63,0.4936,102.44,0.5643,1000.0,0.0,4.199,83.3,99,0,60.0,2026-04-29T16:35:32.917251,4.221
2026-04-29T16:34:32.954565,99.63,0.4936,102.44,0.5641,1000.0,0.0,4.199,83.3,99,0,60.0,2026-04-29T16:35:32.954439,4.221
2026-04-29T16:34:33.929025,99.67,0.4868,102.48,0.5625,1000.0,0.0,4.199,83.3,99,0,60.0,2026-04-29T16:35:33.928865,4.221
2026-04-29T16:34:33.969916,99.67,0.4954,102.48,0.5638,1000.0,0.0,4.199,83.3,99,0,60.0,2026-04-29T16:35:33.969782,4.221
2026-04-29T16:34:34.006148,99.67,0.4954,102.48,0.5643,1000.0,0.0,4.199,83.3,99,0,60.0,2026-04-29T16:35:34.006009,4.221
2026-04-29T16:34:34.984394,99.72,0.5012,102.52,0.5663,1000.0,0.0,4.199,83.3,99,0,60.0,2026-04-29T16:35:34.982763,4.221
2026-04-29T16:34:35.073052,99.72,0.5012,102.53,0.5683,1000.0,0.0,4.199,83.3,99,0,60.0,2026-04-29T16:35:35.045654,4.221
2026-04-29T16:34:36.007744,99.72,0.5012,102.56,0.5706,1000.0,0.0,4.199,83.3,99,0,60.0,2026-04-29T16:35:36.007560,4.221
2026-04-29T16:34:36.053271,99.77,0.508,102.57,0.5713,1000.0,0.0,4.199,83.3,99,0,60.0,2026-04-29T16:35:36.053135,4.221
2026-04-29T16:34:36.089088,99.77,0.508,102.58,0.5739,1000.0,0.0,4.199,83.3,99,0,60.0,2026-04-29T16:35:36.088995,4.221
2026-04-29T16:34:37.084266,99.82,0.508,102.61,0.5769,1000.0,0.0,4.199,83.2,98,0,60.0,2026-04-29T16:35:37.084024,4.221
2026-04-29T16:34:37.121832,99.82,0.4953,102.62,0.5713,1000.0,0.0,4.199,83.2,98,0,60.0,2026-04-29T16:35:37.121704,4.221
2026-04-29T16:34:37.159722,99.82,0.4953,102.62,0.5693,1000.0,0.0,4.199,83.2,98,0,60.0,2026-04-29T16:35:37.159617,4.221
2026-04-29T16:34:38.107481,99.84,0.4896,102.65,0.5669,1000.0,0.0,4.199,83.2,98,0,60.0,2026-04-29T16:35:38.107330,4.221
2026-04-29T16:34:38.144021,99.84,0.5053,102.65,0.5695,1000.0,0.0,4.199,83.2,98,0,60.0,2026-04-29T16:35:38.143908,4.221
2026-04-29T16:34:38.180291,99.84,0.5053,102.65,0.5717,1000.0,0.0,4.199,83.2,98,0,60.0,2026-04-29T16:35:38.180171,4.221
2026-04-29T16:34:39.142252,99.89,0.4961,102.69,0.5711,1000.0,0.0,4.199,83.2,98,0,60.0,2026-04-29T16:35:39.142143,4.221
2026-04-29T16:34:39.178187,99.89,0.5053,102.69,0.5731,1000.0,0.0,4.199,83.2,98,0,60.0,2026-04-29T16:35:39.178060,4.221
2026-04-29T16:34:39.212890,99.89,0.5053,102.69,0.574,1000.0,0.0,4.199,83.2,98,0,60.0,2026-04-29T16:35:39.212782,4.221
2026-04-29T16:34:40.220977,99.93,0.4896,102.73,0.5705,1000.0,0.0,4.199,83.2,98,0,60.0,2026-04-29T16:35:40.220823,4.221
2026-04-29T16:34:40.259994,99.93,0.4896,102.73,0.5663,1000.0,0.0,4.199,83.2,98,0,60.0,2026-04-29T16:35:40.259866,4.221
2026-04-29T16:34:41.226235,99.93,0.4896,102.77,0.5645,1000.0,0.0,4.199,83.2,99,0,60.0,2026-04-29T16:35:41.226059,4.222
2026-04-29T16:34:41.271043,99.99,0.4896,102.78,0.5621,1000.0,0.0,4.199,83.2,99,0,60.0,2026-04-29T16:35:41.270892,4.221
2026-04-29T16:34:41.307885,99.99,0.4896,102.78,0.5613,1000.0,0.0,4.199,83.2,99,0,60.0,2026-04-29T16:35:41.307771,4.221
2026-04-29T16:34:42.295209,100.01,0.4896,102.82,0.5614,1000.0,0.0,4.199,83.2,99,0,60.0,2026-04-29T16:35:42.295023,4.221
2026-04-29T16:34:42.338311,100.01,0.5013,102.81,0.5652,1000.0,0.0,4.199,83.2,99,0,60.0,2026-04-29T16:35:42.338169,4.221
2026-04-29T16:34:42.374170,100.01,0.5013,102.81,0.5677,1000.0,0.0,4.199,83.2,99,0,60.0,2026-04-29T16:35:42.374057,4.221
2026-04-29T16:34:43.358294,100.04,0.5013,102.84,0.5706,1000.0,0.0,4.199,83.2,99,0,60.0,2026-04-29T16:35:43.358121,4.221
2026-04-29T16:34:43.399497,100.04,0.5121,102.84,0.5762,1000.0,0.0,4.199,83.2,99,0,60.0,2026-04-29T16:35:43.399380,4.221
2026-04-29T16:34:43.437730,100.04,0.5121,102.84,0.5784,1000.0,0.0,4.199,83.2,99,0,60.0,2026-04-29T16:35:43.437601,4.221
2026-04-29T16:34:44.410407,100.07,0.5029,102.87,0.58,1000.0,0.0,4.199,83.2,99,0,60.0,2026-04-29T16:35:44.410263,4.221
2026-04-29T16:34:44.450627,100.07,0.5062,102.87,0.5788,1000.0,0.0,4.199,83.2,99,0,60.0,2026-04-29T16:35:44.450463,4.221
2026-04-29T16:34:44.487563,100.07,0.5062,102.87,0.5783,1000.0,0.0,4.199,83.2,99,0,60.0,2026-04-29T16:35:44.487427,4.221
2026-04-29T16:34:45.465183,100.1,0.5062,102.9,0.5771,1000.0,0.0,4.199,83.2,99,0,60.0,2026-04-29T16:35:45.465052,4.221
2026-04-29T16:34:45.505626,100.1,0.5062,102.9,0.5771,1000.0,0.0,4.199,83.2,99,0,60.0,2026-04-29T16:35:45.505490,4.221
2026-04-29T16:34:46.488929,100.1,0.5062,102.94,0.578,1000.0,0.0,4.199,83.2,99,0,60.0,2026-04-29T16:35:46.488750,4.222
2026-04-29T16:34:46.536650,100.13,0.513,102.93,0.5791,1000.0,0.0,4.199,83.2,99,0,60.0,2026-04-29T16:35:46.536445,4.221
2026-04-29T16:34:46.573724,100.13,0.513,102.93,0.5809,1000.0,0.0,4.199,83.2,99,0,60.0,2026-04-29T16:35:46.573593,4.221
2026-04-29T16:34:47.536473,100.18,0.513,102.97,0.5832,1000.0,0.0,4.199,83.2,99,0,60.0,2026-04-29T16:35:47.536313,4.221
2026-04-29T16:34:47.575288,100.18,0.5207,102.98,0.5853,1000.0,0.0,4.199,83.2,99,0,60.0,2026-04-29T16:35:47.575158,4.221
2026-04-29T16:34:47.614902,100.18,0.5207,102.98,0.5877,1000.0,0.0,4.199,83.2,99,0,60.0,2026-04-29T16:35:47.614774,4.221
2026-04-29T16:34:48.598203,100.2,0.5207,103.01,0.5906,1000.0,0.0,4.199,83.2,99,0,60.0,2026-04-29T16:35:48.598035,4.221
2026-04-29T16:34:48.639975,100.2,0.5214,103.01,0.5904,1000.0,0.0,4.199,83.2,99,0,60.0,2026-04-29T16:35:48.639825,4.221
2026-04-29T16:34:48.675277,100.2,0.5214,103.01,0.5912,1000.0,0.0,4.199,83.2,99,0,60.0,2026-04-29T16:35:48.675170,4.221
2026-04-29T16:34:49.652992,100.23,0.5088,103.04,0.589,1000.0,0.0,4.199,83.2,99,0,60.0,2026-04-29T16:35:49.652763,4.221
2026-04-29T16:34:49.693362,100.23,0.5188,103.04,0.5895,1000.0,0.0,4.199,83.2,99,0,60.0,2026-04-29T16:35:49.693238,4.221
2026-04-29T16:34:49.729974,100.23,0.5188,103.04,0.5897,1000.0,0.0,4.199,83.2,99,0,60.0,2026-04-29T16:35:49.729855,4.221
2026-04-29T16:34:50.707002,100.25,0.5166,103.06,0.5887,1000.0,0.0,4.199,83.1,99,0,60.0,2026-04-29T16:35:50.706846,4.221
2026-04-29T16:34:50.744998,100.25,0.5166,103.06,0.5884,1000.0,0.0,4.199,83.1,99,0,60.0,2026-04-29T16:35:50.744886,4.221
2026-04-29T16:34:51.727893,100.25,0.5166,103.09,0.5891,1000.0,0.0,4.199,83.1,99,0,60.0,2026-04-29T16:35:51.727701,4.222
2026-04-29T16:34:51.775137,100.29,0.5139,103.09,0.5859,1000.0,0.0,4.199,83.1,99,0,60.0,2026-04-29T16:35:51.774996,4.221
2026-04-29T16:34:51.811371,100.29,0.5139,103.09,0.5856,1000.0,0.0,4.199,83.1,99,0,60.0,2026-04-29T16:35:51.811250,4.221
2026-04-29T16:34:52.783537,100.32,0.5139,103.13,0.5861,1000.0,0.0,4.199,83.1,99,0,60.0,2026-04-29T16:35:52.783320,4.221
2026-04-29T16:34:52.826946,100.32,0.5062,103.13,0.5823,1000.0,0.0,4.199,83.1,99,0,60.0,2026-04-29T16:35:52.826825,4.221
2026-04-29T16:34:52.862869,100.32,0.5062,103.13,0.5805,1000.0,0.0,4.199,83.1,99,0,60.0,2026-04-29T16:35:52.862736,4.221
2026-04-29T16:34:53.837426,100.34,0.5029,103.16,0.579,1000.0,0.0,4.199,83.1,98,0,60.0,2026-04-29T16:35:53.837253,4.221
2026-04-29T16:34:53.878895,100.34,0.5062,103.15,0.578,1000.0,0.0,4.199,83.1,98,0,60.0,2026-04-29T16:35:53.878749,4.221
2026-04-29T16:34:53.914739,100.34,0.5062,103.15,0.5778,1000.0,0.0,4.199,83.1,98,0,60.0,2026-04-29T16:35:53.914631,4.221
2026-04-29T16:34:54.936397,100.36,0.5089,103.18,0.5786,1000.0,0.0,4.199,83.1,98,0,60.0,2026-04-29T16:35:54.936128,4.221
2026-04-29T16:34:54.973808,100.36,0.5122,103.17,0.5808,1000.0,0.0,4.199,83.1,98,0,60.0,2026-04-29T16:35:54.973677,4.221
2026-04-29T16:34:55.051301,100.36,0.5122,103.17,0.5817,1000.0,0.0,4.199,83.1,98,0,60.0,2026-04-29T16:35:55.033390,4.221
2026-04-29T16:34:55.947406,100.4,0.5157,103.21,0.5836,1000.0,0.0,4.199,83.1,98,0,60.0,2026-04-29T16:35:55.947261,4.221
2026-04-29T16:34:55.987065,100.4,0.5157,103.21,0.585,1000.0,0.0,4.199,83.1,98,0,60.0,2026-04-29T16:35:55.986952,4.221
2026-04-29T16:34:56.970831,100.4,0.5157,103.24,0.5868,1000.0,0.0,4.199,83.1,98,0,60.0,2026-04-29T16:35:56.970629,4.222
2026-04-29T16:34:57.056527,100.4,0.5189,103.22,0.588,1000.0,0.0,4.199,83.1,98,0,60.0,2026-04-29T16:35:57.044089,4.221
2026-04-29T16:34:57.117203,100.4,0.5189,103.22,0.589,1000.0,0.0,4.199,83.1,98,0,60.0,2026-04-29T16:35:57.116966,4.221
2026-04-29T16:34:58.028212,100.43,0.5189,103.25,0.5904,1000.0,0.0,4.199,83.1,98,0,60.0,2026-04-29T16:35:58.028014,4.221
2026-04-29T16:34:58.072099,100.43,0.5233,103.24,0.592,1000.0,0.0,4.199,83.1,98,0,60.0,2026-04-29T16:35:58.071972,4.221
2026-04-29T16:34:58.108783,100.43,0.5233,103.24,0.5931,1000.0,0.0,4.199,83.1,98,0,60.0,2026-04-29T16:35:58.108684,4.221
2026-04-29T16:34:59.092841,100.47,0.5233,103.27,0.5947,1000.0,0.0,4.199,83.1,98,0,60.0,2026-04-29T16:35:59.092707,4.221
2026-04-29T16:34:59.128710,100.47,0.5273,103.27,0.5963,1000.0,0.0,4.199,83.1,98,0,60.0,2026-04-29T16:35:59.128601,4.221
2026-04-29T16:34:59.169461,100.47,0.5273,103.27,0.5973,1000.0,0.0,4.199,83.1,98,0,60.0,2026-04-29T16:35:59.169308,4.221
2026-04-29T16:35:00.119641,100.47,0.5274,103.29,0.5983,1000.0,0.0,4.199,83.1,98,0,60.0,2026-04-29T16:36:00.119465,4.221
2026-04-29T16:35:00.159547,100.47,0.5283,103.28,0.599,1000.0,0.0,4.199,83.1,98,0,60.0,2026-04-29T16:36:00.159434,4.221
2026-04-29T16:35:00.195199,100.47,0.5283,103.28,0.5994,1000.0,0.0,4.199,83.1,98,0,60.0,2026-04-29T16:36:00.195089,4.221
2026-04-29T16:35:01.162149,100.5,0.529,103.3,0.6002,1000.0,0.0,4.199,83.1,98,0,60.0,2026-04-29T16:36:01.162023,4.221
2026-04-29T16:35:01.198214,100.5,0.529,103.3,0.6004,1000.0,0.0,4.199,83.1,98,0,60.0,2026-04-29T16:36:01.198115,4.221
2026-04-29T16:35:02.208062,100.5,0.529,103.34,0.6015,1000.0,0.0,4.199,83.1,98,0,60.0,2026-04-29T16:36:02.207870,4.222
2026-04-29T16:35:02.256233,100.52,0.5314,103.33,0.6016,1000.0,0.0,4.199,83.1,98,0,60.0,2026-04-29T16:36:02.256085,4.221
2026-04-29T16:35:02.295536,100.52,0.5314,103.33,0.6023,1000.0,0.0,4.199,83.1,98,0,60.0,2026-04-29T16:36:02.295405,4.221
2026-04-29T16:35:03.254833,100.54,0.5314,103.35,0.6035,1000.0,0.0,4.199,83.1,98,0,60.0,2026-04-29T16:36:03.254655,4.221
2026-04-29T16:35:03.297997,100.54,0.5359,103.35,0.6048,1000.0,0.0,4.199,83.1,98,0,60.0,2026-04-29T16:36:03.297869,4.221
2026-04-29T16:35:03.335808,100.54,0.5359,103.35,0.6059,1000.0,0.0,4.199,83.1,98,0,60.0,2026-04-29T16:36:03.335653,4.221
2026-04-29T16:35:04.304696,100.55,0.5314,103.37,0.6068,1000.0,0.0,4.199,83.1,98,0,60.0,2026-04-29T16:36:04.304539,4.221
2026-04-29T16:35:04.343944,100.55,0.5301,103.36,0.604,1000.0,0.0,4.199,83.1,98,0,60.0,2026-04-29T16:36:04.343793,4.221
2026-04-29T16:35:04.379972,100.55,0.5301,103.36,0.6034,1000.0,0.0,4.199,83.1,98,0,60.0,2026-04-29T16:36:04.379825,4.221
2026-04-29T16:35:05.375814,100.59,0.5231,103.39,0.6011,1000.0,0.0,4.199,83.1,98,0,60.0,2026-04-29T16:36:05.375669,4.221
2026-04-29T16:35:05.415105,100.59,0.5301,103.39,0.6015,1000.0,0.0,4.199,83.1,98,0,60.0,2026-04-29T16:36:05.414992,4.221
2026-04-29T16:35:05.451570,100.59,0.5301,103.39,0.6017,1000.0,0.0,4.199,83.1,98,0,60.0,2026-04-29T16:36:05.451386,4.221
2026-04-29T16:35:06.430966,100.61,0.5341,103.42,0.6034,1000.0,0.0,4.199,83.1,98,0,60.0,2026-04-29T16:36:06.430826,4.221
2026-04-29T16:35:06.472810,100.61,0.5341,103.42,0.6046,1000.0,0.0,4.199,83.1,98,0,60.0,2026-04-29T16:36:06.472678,4.221
2026-04-29T16:35:07.442512,100.61,0.5341,103.45,0.6062,1000.0,0.0,4.199,83.1,98,0,60.0,2026-04-29T16:36:07.442306,4.222
2026-04-29T16:35:07.485361,100.64,0.529,103.45,0.6045,1000.0,0.0,4.199,83.1,98,0,60.0,2026-04-29T16:36:07.485228,4.221
2026-04-29T16:35:07.521785,100.64,0.529,103.44,0.6032,1000.0,0.0,4.199,83.1,98,0,60.0,2026-04-29T16:36:07.521655,4.221
2026-04-29T16:35:08.494135,100.65,0.529,103.47,0.6028,1000.0,0.0,4.199,83.1,98,0,60.0,2026-04-29T16:36:08.493977,4.221
2026-04-29T16:35:08.532644,100.65,0.529,103.46,0.6001,1000.0,0.0,4.199,83.1,98,0,60.0,2026-04-29T16:36:08.532531,4.221
2026-04-29T16:35:08.571666,100.65,0.529,103.46,0.6005,1000.0,0.0,4.199,83.1,98,0,60.0,2026-04-29T16:36:08.571537,4.221
2026-04-29T16:35:09.564116,100.68,0.5197,103.49,0.5999,1000.0,0.0,4.199,83.1,98,0,60.0,2026-04-29T16:36:09.563918,4.221
2026-04-29T16:35:09.605526,100.68,0.5316,103.49,0.6017,1000.0,0.0,4.199,83.1,98,0,60.0,2026-04-29T16:36:09.605389,4.221
2026-04-29T16:35:09.641412,100.68,0.5316,103.49,0.6024,1000.0,0.0,4.199,83.1,98,0,60.0,2026-04-29T16:36:09.641257,4.221
2026-04-29T16:35:10.615559,100.71,0.5273,103.52,0.603,1000.0,0.0,4.199,83.0,98,0,60.0,2026-04-29T16:36:10.615403,4.221
2026-04-29T16:35:10.655376,100.71,0.5314,103.52,0.6033,1000.0,0.0,4.199,83.0,98,0,60.0,2026-04-29T16:36:10.655234,4.221
2026-04-29T16:35:10.691524,100.71,0.5314,103.52,0.6034,1000.0,0.0,4.199,83.0,98,0,60.0,2026-04-29T16:36:10.691403,4.221
2026-04-29T16:35:11.667605,100.74,0.5332,103.55,0.6033,1000.0,0.0,4.199,83.0,98,0,60.0,2026-04-29T16:36:11.667450,4.221
2026-04-29T16:35:11.707164,100.74,0.5332,103.55,0.6042,1000.0,0.0,4.199,83.0,98,0,60.0,2026-04-29T16:36:11.707036,4.221
2026-04-29T16:35:12.691796,100.74,0.5332,103.58,0.6057,1000.0,0.0,4.199,83.0,98,0,60.0,2026-04-29T16:36:12.691564,4.222
2026-04-29T16:35:12.738068,100.79,0.5333,103.59,0.6056,1000.0,0.0,4.199,83.0,98,0,60.0,2026-04-29T16:36:12.737923,4.221
2026-04-29T16:35:12.773904,100.79,0.5333,103.59,0.6056,1000.0,0.0,4.199,83.0,98,0,60.0,2026-04-29T16:36:12.773773,4.221
2026-04-29T16:35:13.748417,100.83,0.5333,103.63,0.6064,1000.0,0.0,4.199,83.0,98,0,60.0,2026-04-29T16:36:13.748210,4.221
2026-04-29T16:35:13.793939,100.83,0.5341,103.63,0.6062,1000.0,0.0,4.199,83.0,98,0,60.0,2026-04-29T16:36:13.793778,4.221
2026-04-29T16:35:13.831888,100.83,0.5341,103.63,0.6063,1000.0,0.0,4.199,83.0,98,0,60.0,2026-04-29T16:36:13.831765,4.221
2026-04-29T16:35:14.801742,100.87,0.5341,103.67,0.607,1000.0,0.0,4.199,83.0,98,0,60.0,2026-04-29T16:36:14.801566,4.221
2026-04-29T16:35:14.843989,100.87,0.5341,103.67,0.6068,1000.0,0.0,4.199,83.0,98,0,60.0,2026-04-29T16:36:14.843878,4.221
2026-04-29T16:35:14.879486,100.87,0.5341,103.68,0.6067,1000.0,0.0,4.199,83.0,98,0,60.0,2026-04-29T16:36:14.879355,4.221
2026-04-29T16:35:15.857644,100.9,0.529,103.71,0.6064,1000.0,0.0,4.199,83.0,98,0,60.0,2026-04-29T16:36:15.857481,4.221
2026-04-29T16:35:15.897558,100.9,0.529,103.71,0.6043,1000.0,0.0,4.199,83.0,98,0,60.0,2026-04-29T16:36:15.897442,4.221
2026-04-29T16:35:15.935650,100.9,0.529,103.71,0.6035,1000.0,0.0,4.199,83.0,98,0,60.0,2026-04-29T16:36:15.935513,4.221
2026-04-29T16:35:16.912140,100.97,0.529,103.75,0.6017,1000.0,0.0,4.199,83.0,98,0,60.0,2026-04-29T16:36:16.911957,4.221
2026-04-29T16:35:16.950078,100.97,0.529,103.76,0.6017,1000.0,0.0,4.199,83.0,98,0,60.0,2026-04-29T16:36:16.949963,4.221
2026-04-29T16:35:17.934585,100.97,0.529,103.8,0.6026,1000.0,0.0,4.199,83.0,98,0,60.0,2026-04-29T16:36:17.934344,4.222
2026-04-29T16:35:17.981415,101.0,0.54,103.8,0.6053,1000.0,0.0,4.199,83.0,98,0,60.0,2026-04-29T16:36:17.981288,4.221
2026-04-29T16:35:18.017991,101.0,0.54,103.8,0.6082,1000.0,0.0,4.199,83.0,98,0,60.0,2026-04-29T16:36:18.017718,4.221
2026-04-29T16:35:18.985440,101.06,0.54,103.84,0.6112,1000.0,0.0,4.199,83.0,98,0,60.0,2026-04-29T16:36:18.985222,4.221
2026-04-29T16:35:19.091803,101.06,0.5409,103.85,0.6124,1000.0,0.0,4.199,83.0,98,0,60.0,2026-04-29T16:36:19.091581,4.221
2026-04-29T16:35:19.129191,101.06,0.5409,103.86,0.6129,1000.0,0.0,4.199,83.0,98,0,60.0,2026-04-29T16:36:19.129043,4.221
2026-04-29T16:35:20.042516,101.09,0.54,103.89,0.6139,1000.0,0.0,4.199,83.0,98,0,60.0,2026-04-29T16:36:20.042363,4.221
2026-04-29T16:35:20.084053,101.09,0.5409,103.89,0.6135,1000.0,0.0,4.199,83.0,98,0,60.0,2026-04-29T16:36:20.083929,4.221
2026-04-29T16:35:20.122044,101.09,0.5409,103.89,0.6136,1000.0,0.0,4.199,83.0,98,0,60.0,2026-04-29T16:36:20.121900,4.221
2026-04-29T16:35:21.096596,101.12,0.5366,103.92,0.6131,1000.0,0.0,4.199,83.0,98,0,60.0,2026-04-29T16:36:21.096456,4.221
2026-04-29T16:35:21.135308,101.12,0.5373,103.92,0.6119,1000.0,0.0,4.199,83.0,98,0,60.0,2026-04-29T16:36:21.135038,4.221
2026-04-29T16:35:21.171964,101.12,0.5373,103.92,0.6114,1000.0,0.0,4.199,83.0,98,0,60.0,2026-04-29T16:36:21.171833,4.221
2026-04-29T16:35:22.134401,101.18,0.5383,103.97,0.6113,1000.0,0.0,4.199,82.9,98,0,60.0,2026-04-29T16:36:22.134227,4.221
2026-04-29T16:35:22.175269,101.18,0.5383,103.97,0.6114,1000.0,0.0,4.199,82.9,98,0,60.0,2026-04-29T16:36:22.175133,4.221
2026-04-29T16:35:23.155203,101.18,0.5383,104.01,0.6123,1000.0,0.0,4.199,82.9,98,0,60.0,2026-04-29T16:36:23.155061,4.222
2026-04-29T16:35:23.194393,101.22,0.5427,104.02,0.6132,1000.0,0.0,4.199,82.9,98,0,60.0,2026-04-29T16:36:23.194297,4.221
2026-04-29T16:35:23.229951,101.22,0.5427,104.02,0.6142,1000.0,0.0,4.199,82.9,98,0,60.0,2026-04-29T16:36:23.229825,4.221
2026-04-29T16:35:24.221977,101.27,0.5427,104.06,0.6158,1000.0,0.0,4.199,82.9,98,0,60.0,2026-04-29T16:36:24.221827,4.221
2026-04-29T16:35:24.264510,101.27,0.5485,104.07,0.618,1000.0,0.0,4.199,82.9,98,0,60.0,2026-04-29T16:36:24.264398,4.221
2026-04-29T16:35:24.300338,101.27,0.5485,104.07,0.6194,1000.0,0.0,4.199,82.9,98,0,60.0,2026-04-29T16:36:24.300224,4.221
2026-04-29T16:35:25.281000,101.31,0.5459,104.11,0.6209,1000.0,0.0,4.199,82.9,98,0,60.0,2026-04-29T16:36:25.280850,4.221
2026-04-29T16:35:25.323329,101.31,0.5494,104.11,0.6215,1000.0,0.0,4.199,82.9,98,0,60.0,2026-04-29T16:36:25.323203,4.221
2026-04-29T16:35:25.359756,101.31,0.5494,104.11,0.622,1000.0,0.0,4.199,82.9,98,0,60.0,2026-04-29T16:36:25.359647,4.221
2026-04-29T16:35:26.341405,101.34,0.5375,104.15,0.6214,1000.0,0.0,4.199,82.9,98,0,60.0,2026-04-29T16:36:26.341247,4.221
2026-04-29T16:35:26.381057,101.34,0.5499,104.15,0.6222,1000.0,0.0,4.199,82.9,98,0,60.0,2026-04-29T16:36:26.380931,4.221
2026-04-29T16:35:26.418149,101.34,0.5499,104.15,0.6226,1000.0,0.0,4.199,82.9,98,0,60.0,2026-04-29T16:36:26.417965,4.221
2026-04-29T16:35:27.370743,101.4,0.5501,104.19,0.6206,1000.0,0.0,4.199,82.9,98,0,60.0,2026-04-29T16:36:27.370609,4.221
2026-04-29T16:35:27.407165,101.4,0.5501,104.19,0.6218,1000.0,0.0,4.199,82.9,98,0,60.0,2026-04-29T16:36:27.407047,4.221
2026-04-29T16:35:28.415212,101.4,0.5501,104.23,0.6236,1000.0,0.0,4.199,82.9,98,0,60.0,2026-04-29T16:36:28.415030,4.222
2026-04-29T16:35:28.462755,101.44,0.5501,104.24,0.6237,1000.0,0.0,4.199,82.9,98,0,60.0,2026-04-29T16:36:28.462590,4.221
2026-04-29T16:35:28.498139,101.44,0.5501,104.24,0.6237,1000.0,0.0,4.199,82.9,98,0,60.0,2026-04-29T16:36:28.498031,4.221
2026-04-29T16:35:29.471524,101.49,0.5501,104.28,0.6244,1000.0,0.0,4.199,82.9,98,0,60.0,2026-04-29T16:36:29.471347,4.221
2026-04-29T16:35:29.514695,101.49,0.5527,104.28,0.6249,1000.0,0.0,4.199,82.9,98,0,60.0,2026-04-29T16:36:29.514581,4.221
2026-04-29T16:35:29.551154,101.49,0.5527,104.29,0.6254,1000.0,0.0,4.199,82.9,98,0,60.0,2026-04-29T16:36:29.551022,4.221
2026-04-29T16:35:30.523896,101.53,0.5494,104.32,0.626,1000.0,0.0,4.199,82.9,98,0,60.0,2026-04-29T16:36:30.523460,4.221
2026-04-29T16:35:30.614977,101.53,0.5552,104.33,0.6265,1000.0,0.0,4.199,82.9,98,0,60.0,2026-04-29T16:36:30.614541,4.221
2026-04-29T16:35:30.709112,101.53,0.5552,104.33,0.6275,1000.0,0.0,4.199,82.9,98,0,60.0,2026-04-29T16:36:30.709001,4.221
2026-04-29T16:35:31.558531,101.57,0.5442,104.37,0.6259,1000.0,0.0,4.199,82.9,98,0,60.0,2026-04-29T16:36:31.558405,4.221
2026-04-29T16:35:31.607985,101.57,0.5553,104.37,0.6273,1000.0,0.0,4.199,82.9,98,0,60.0,2026-04-29T16:36:31.607832,4.221
2026-04-29T16:35:31.776893,101.57,0.5553,104.37,0.6281,1000.0,0.0,4.199,82.9,98,0,60.0,2026-04-29T16:36:31.776689,4.221
2026-04-29T16:35:32.628988,101.62,0.556,104.4,0.6293,1000.0,0.0,4.199,82.8,98,0,60.0,2026-04-29T16:36:32.628851,4.221
2026-04-29T16:35:32.664964,101.62,0.556,104.41,0.6296,1000.0,0.0,4.199,82.8,98,0,60.0,2026-04-29T16:36:32.664890,4.221
2026-04-29T16:35:33.632245,101.62,0.556,104.44,0.6307,1000.0,0.0,4.199,82.8,98,0,60.0,2026-04-29T16:36:33.632098,4.222
2026-04-29T16:35:33.667893,101.67,0.5577,104.45,0.6308,1000.0,0.0,4.199,82.8,98,0,60.0,2026-04-29T16:36:33.667787,4.221
2026-04-29T16:35:33.718430,101.67,0.5577,104.46,0.6312,1000.0,0.0,4.199,82.8,98,0,60.0,2026-04-29T16:36:33.718267,4.221
2026-04-29T16:35:34.712660,101.71,0.5577,104.5,0.6323,1000.0,0.0,4.199,82.8,98,0,60.0,2026-04-29T16:36:34.712512,4.221
2026-04-29T16:35:34.753103,101.71,0.5535,104.5,0.629,1000.0,0.0,4.199,82.8,98,0,60.0,2026-04-29T16:36:34.753020,4.221
2026-04-29T16:35:34.786502,101.71,0.5535,104.5,0.6285,1000.0,0.0,4.199,82.8,98,0,60.0,2026-04-29T16:36:34.786413,4.221
2026-04-29T16:35:35.748027,101.74,0.5485,104.54,0.6278,1000.0,0.0,4.199,82.8,98,0,60.0,2026-04-29T16:36:35.747881,4.221
2026-04-29T16:35:35.785720,101.74,0.5553,104.54,0.6284,1000.0,0.0,4.199,82.8,98,0,60.0,2026-04-29T16:36:35.785620,4.221
2026-04-29T16:35:35.821610,101.74,0.5553,104.54,0.6289,1000.0,0.0,4.199,82.8,98,0,60.0,2026-04-29T16:36:35.821530,4.221
2026-04-29T16:35:36.820848,101.78,0.551,104.57,0.6289,1000.0,0.0,4.199,82.8,98,0,60.0,2026-04-29T16:36:36.820651,4.221
2026-04-29T16:35:36.858585,101.78,0.5553,104.58,0.6292,1000.0,0.0,4.199,82.8,98,0,60.0,2026-04-29T16:36:36.858505,4.221
2026-04-29T16:35:36.892890,101.78,0.5553,104.58,0.6293,1000.0,0.0,4.199,82.8,98,0,60.0,2026-04-29T16:36:36.892806,4.221
2026-04-29T16:35:37.872888,101.8,0.5552,104.6,0.6289,1000.0,0.0,4.199,82.8,99,0,60.0,2026-04-29T16:36:37.872728,4.221
2026-04-29T16:35:37.909443,101.8,0.5552,104.6,0.6292,1000.0,0.0,4.199,82.8,99,0,60.0,2026-04-29T16:36:37.909367,4.221
2026-04-29T16:35:38.895053,101.8,0.5552,104.63,0.6302,1000.0,0.0,4.199,82.8,99,0,60.0,2026-04-29T16:36:38.894836,4.222
2026-04-29T16:35:38.938658,101.85,0.551,104.64,0.6284,1000.0,0.0,4.199,82.8,99,0,60.0,2026-04-29T16:36:38.938580,4.221
2026-04-29T16:35:38.972130,101.85,0.551,104.64,0.6273,1000.0,0.0,4.199,82.8,99,0,60.0,2026-04-29T16:36:38.972065,4.221
2026-04-29T16:35:39.936448,101.89,0.551,104.67,0.6271,1000.0,0.0,4.199,82.8,99,0,60.0,2026-04-29T16:36:39.936343,4.221
2026-04-29T16:35:39.970910,101.89,0.551,104.68,0.6244,1000.0,0.0,4.199,82.8,99,0,60.0,2026-04-29T16:36:39.970819,4.221
2026-04-29T16:35:40.007709,101.89,0.551,104.68,0.6247,1000.0,0.0,4.199,82.8,99,0,60.0,2026-04-29T16:36:40.007628,4.221
2026-04-29T16:35:41.007357,101.94,0.5418,104.72,0.6242,1000.0,0.0,4.199,82.8,99,0,60.0,2026-04-29T16:36:41.007242,4.221
2026-04-29T16:35:41.045803,101.94,0.5628,104.72,0.63,1000.0,0.0,4.199,82.8,99,0,60.0,2026-04-29T16:36:41.045737,4.221
2026-04-29T16:35:41.078879,101.94,0.5628,104.73,0.6325,1000.0,0.0,4.199,82.8,99,0,60.0,2026-04-29T16:36:41.078822,4.221
2026-04-29T16:35:42.059431,101.96,0.5628,104.76,0.6353,1000.0,0.0,4.199,82.8,98,0,60.0,2026-04-29T16:36:42.059291,4.221
2026-04-29T16:35:42.097445,101.96,0.5643,104.75,0.6369,1000.0,0.0,4.199,82.8,98,0,60.0,2026-04-29T16:36:42.097372,4.221
2026-04-29T16:35:42.130968,101.96,0.5643,104.75,0.6376,1000.0,0.0,4.199,82.8,98,0,60.0,2026-04-29T16:36:42.130899,4.221
2026-04-29T16:35:43.110657,101.99,0.5643,104.78,0.6386,1000.0,0.0,4.199,82.8,98,0,60.0,2026-04-29T16:36:43.110541,4.221
2026-04-29T16:35:43.147226,101.99,0.5643,104.78,0.6388,1000.0,0.0,4.199,82.8,98,0,60.0,2026-04-29T16:36:43.147153,4.221
2026-04-29T16:35:44.119062,101.99,0.5643,104.82,0.6399,1000.0,0.0,4.199,82.8,99,0,60.0,2026-04-29T16:36:44.118898,4.222
2026-04-29T16:35:44.154621,102.03,0.5721,104.82,0.6419,1000.0,0.0,4.199,82.8,99,0,60.0,2026-04-29T16:36:44.154488,4.221
2026-04-29T16:35:44.189322,102.03,0.5721,104.82,0.6438,1000.0,0.0,4.199,82.8,99,0,60.0,2026-04-29T16:36:44.189252,4.221
2026-04-29T16:35:45.229902,102.08,0.5721,104.86,0.6462,1000.0,0.0,4.199,82.7,99,0,60.0,2026-04-29T16:36:45.227221,4.221
2026-04-29T16:35:45.271410,102.08,0.5756,104.87,0.6477,1000.0,0.0,4.199,82.7,98,0,60.0,2026-04-29T16:36:45.271305,4.221
2026-04-29T16:35:45.308261,102.08,0.5756,104.87,0.6487,1000.0,0.0,4.199,82.7,98,0,60.0,2026-04-29T16:36:45.308169,4.221
2026-04-29T16:35:46.232466,102.1,0.5756,104.9,0.6503,1000.0,0.0,4.199,82.7,98,0,60.0,2026-04-29T16:36:46.232290,4.221
2026-04-29T16:35:46.275830,102.1,0.5797,104.9,0.652,1000.0,0.0,4.199,82.7,98,0,60.0,2026-04-29T16:36:46.275691,4.221
2026-04-29T16:35:46.312068,102.1,0.5797,104.9,0.6529,1000.0,0.0,4.199,82.7,98,0,60.0,2026-04-29T16:36:46.311933,4.221
2026-04-29T16:35:47.277152,102.14,0.5788,104.93,0.6539,1000.0,0.0,4.199,82.7,98,0,60.0,2026-04-29T16:36:47.276957,4.221
2026-04-29T16:35:47.320981,102.14,0.583,104.93,0.6557,1000.0,0.0,4.199,82.7,98,0,60.0,2026-04-29T16:36:47.320765,4.221
2026-04-29T16:35:47.362839,102.14,0.583,104.93,0.6565,1000.0,0.0,4.199,82.7,98,0,60.0,2026-04-29T16:36:47.362722,4.221
2026-04-29T16:35:48.353150,102.18,0.5678,104.97,0.6538,1000.0,0.0,4.199,82.7,98,0,60.0,2026-04-29T16:36:48.352941,4.221
2026-04-29T16:35:48.393352,102.18,0.5678,104.97,0.6494,1000.0,0.0,4.199,82.7,98,0,60.0,2026-04-29T16:36:48.393202,4.221
2026-04-29T16:35:49.368056,102.18,0.5678,105.01,0.6476,1000.0,0.0,4.199,82.7,99,0,60.0,2026-04-29T16:36:49.367919,4.222
2026-04-29T16:35:49.410685,102.21,0.5678,105.01,0.6442,1000.0,0.0,4.199,82.7,99,0,60.0,2026-04-29T16:36:49.410563,4.221
2026-04-29T16:35:49.448386,102.21,0.5678,105.01,0.6437,1000.0,0.0,4.199,82.7,99,0,60.0,2026-04-29T16:36:49.448248,4.221
2026-04-29T16:35:50.431860,102.26,0.5678,105.04,0.6442,1000.0,0.0,4.199,82.7,99,0,60.0,2026-04-29T16:36:50.431693,4.221
2026-04-29T16:35:50.475070,102.26,0.5678,105.05,0.6433,1000.0,0.0,4.199,82.7,99,0,60.0,2026-04-29T16:36:50.474944,4.221
2026-04-29T16:35:50.510823,102.26,0.5678,105.05,0.6432,1000.0,0.0,4.199,82.7,99,0,60.0,2026-04-29T16:36:50.510715,4.221
2026-04-29T16:35:51.487069,102.31,0.5643,105.09,0.6433,1000.0,0.0,4.199,82.7,99,0,60.0,2026-04-29T16:36:51.486865,4.221
2026-04-29T16:35:51.528767,102.31,0.5678,105.09,0.6428,1000.0,0.0,4.199,82.7,99,0,60.0,2026-04-29T16:36:51.528656,4.221
2026-04-29T16:35:51.565159,102.31,0.5678,105.1,0.643,1000.0,0.0,4.199,82.7,99,0,60.0,2026-04-29T16:36:51.565055,4.221
2026-04-29T16:35:52.537776,102.34,0.5697,105.13,0.6434,1000.0,0.0,4.199,82.7,99,0,60.0,2026-04-29T16:36:52.537608,4.221
2026-04-29T16:35:52.578296,102.34,0.5747,105.13,0.6463,1000.0,0.0,4.199,82.7,99,0,60.0,2026-04-29T16:36:52.578118,4.221
2026-04-29T16:35:52.615412,102.34,0.5747,105.13,0.6476,1000.0,0.0,4.199,82.7,99,0,60.0,2026-04-29T16:36:52.615289,4.221
2026-04-29T16:35:53.592988,102.38,0.5872,105.17,0.6506,1000.0,0.0,4.199,82.7,98,0,60.0,2026-04-29T16:36:53.592836,4.221
2026-04-29T16:35:53.631252,102.38,0.5872,105.17,0.6555,1000.0,0.0,4.199,82.7,98,0,60.0,2026-04-29T16:36:53.631116,4.221
2026-04-29T16:35:54.617194,102.38,0.5872,105.2,0.6596,1000.0,0.0,4.199,82.7,98,0,60.0,2026-04-29T16:36:54.617016,4.222
2026-04-29T16:35:54.663494,102.42,0.5774,105.21,0.6564,1000.0,0.0,4.199,82.7,98,0,60.0,2026-04-29T16:36:54.663364,4.221
2026-04-29T16:35:54.698788,102.42,0.5774,105.21,0.6551,1000.0,0.0,4.199,82.7,98,0,60.0,2026-04-29T16:36:54.698639,4.221
2026-04-29T16:35:55.676329,102.46,0.5774,105.24,0.6548,1000.0,0.0,4.199,82.7,99,0,60.0,2026-04-29T16:36:55.676154,4.221
2026-04-29T16:35:55.718978,102.46,0.5774,105.25,0.6532,1000.0,0.0,4.199,82.7,99,0,60.0,2026-04-29T16:36:55.718691,4.221
2026-04-29T16:35:55.755223,102.46,0.5774,105.25,0.6531,1000.0,0.0,4.199,82.7,99,0,60.0,2026-04-29T16:36:55.755100,4.221
2026-04-29T16:35:56.728216,102.48,0.5774,105.28,0.6537,1000.0,0.0,4.199,82.6,99,0,60.0,2026-04-29T16:36:56.728062,4.221
2026-04-29T16:35:56.770699,102.48,0.5904,105.28,0.6593,1000.0,0.0,4.199,82.6,99,0,60.0,2026-04-29T16:36:56.770535,4.221
2026-04-29T16:35:56.807802,102.48,0.5904,105.28,0.6617,1000.0,0.0,4.199,82.6,99,0,60.0,2026-04-29T16:36:56.807677,4.221
2026-04-29T16:35:57.784293,102.52,0.5904,105.31,0.6649,1000.0,0.0,4.199,82.6,98,0,60.0,2026-04-29T16:36:57.784145,4.221
2026-04-29T16:35:57.824586,102.52,0.5922,105.31,0.6663,1000.0,0.0,4.199,82.6,98,0,60.0,2026-04-29T16:36:57.824443,4.221
2026-04-29T16:35:57.860592,102.52,0.5922,105.31,0.6669,1000.0,0.0,4.199,82.6,98,0,60.0,2026-04-29T16:36:57.860480,4.221
2026-04-29T16:35:58.834368,102.54,0.594,105.34,0.6682,1000.0,0.0,4.199,82.6,98,0,60.0,2026-04-29T16:36:58.834183,4.221
2026-04-29T16:35:58.873430,102.54,0.594,105.34,0.669,1000.0,0.0,4.199,82.6,98,0,60.0,2026-04-29T16:36:58.873294,4.221
2026-04-29T16:35:59.855863,102.54,0.594,105.37,0.6703,1000.0,0.0,4.199,82.6,98,0,60.0,2026-04-29T16:36:59.855644,4.222
2026-04-29T16:35:59.900718,102.57,0.5906,105.37,0.6689,1000.0,0.0,4.199,82.6,98,0,60.0,2026-04-29T16:36:59.900613,4.221
2026-04-29T16:35:59.939031,102.57,0.5906,105.37,0.6681,1000.0,0.0,4.199,82.6,98,0,60.0,2026-04-29T16:36:59.938910,4.221
2026-04-29T16:36:00.912616,102.6,0.5906,105.4,0.6682,1000.0,0.0,4.199,82.6,98,0,60.0,2026-04-29T16:37:00.912430,4.221
2026-04-29T16:36:00.959020,102.6,0.5906,105.4,0.6649,1000.0,0.0,4.199,82.6,98,0,60.0,2026-04-29T16:37:00.958891,4.221
2026-04-29T16:36:00.999653,102.6,0.5906,105.4,0.6655,1000.0,0.0,4.199,82.6,98,0,60.0,2026-04-29T16:37:00.998871,4.221
2026-04-29T16:36:01.969073,102.63,0.5778,105.43,0.6648,1000.0,0.0,4.199,82.6,98,0,60.0,2026-04-29T16:37:01.968771,4.221
2026-04-29T16:36:02.011089,102.63,0.5932,105.43,0.6668,1000.0,0.0,4.199,82.6,98,0,60.0,2026-04-29T16:37:02.010962,4.221
2026-04-29T16:36:02.046551,102.63,0.5932,105.43,0.6677,1000.0,0.0,4.199,82.6,98,0,60.0,2026-04-29T16:37:02.046444,4.221
2026-04-29T16:36:03.082357,102.66,0.5923,105.46,0.669,1000.0,0.0,4.199,82.6,99,0,60.0,2026-04-29T16:37:03.082162,4.221
2026-04-29T16:36:03.118291,102.66,0.5923,105.46,0.6688,1000.0,0.0,4.199,82.6,99,0,60.0,2026-04-29T16:37:03.118161,4.221
2026-04-29T16:36:03.155870,102.66,0.5923,105.46,0.6688,1000.0,0.0,4.199,82.6,99,0,60.0,2026-04-29T16:37:03.155731,4.221
2026-04-29T16:36:04.075077,102.69,0.5932,105.49,0.6687,1000.0,0.0,4.199,82.6,99,0,60.0,2026-04-29T16:37:04.074918,4.221
2026-04-29T16:36:04.112281,102.69,0.5932,105.49,0.669,1000.0,0.0,4.199,82.6,99,0,60.0,2026-04-29T16:37:04.112176,4.221
2026-04-29T16:36:05.084717,102.69,0.5932,105.52,0.6702,1000.0,0.0,4.199,82.6,98,0,60.0,2026-04-29T16:37:05.084574,4.222
2026-04-29T16:36:05.121530,102.73,0.5958,105.52,0.6704,1000.0,0.0,4.199,82.6,98,0,60.0,2026-04-29T16:37:05.121387,4.221
2026-04-29T16:36:05.158804,102.73,0.5958,105.53,0.671,1000.0,0.0,4.199,82.6,98,0,60.0,2026-04-29T16:37:05.158656,4.221
2026-04-29T16:36:06.139254,102.75,0.5958,105.56,0.6724,1000.0,0.0,4.199,82.6,98,0,60.0,2026-04-29T16:37:06.139040,4.221
2026-04-29T16:36:06.183887,102.75,0.6024,105.55,0.675,1000.0,0.0,4.199,82.6,98,0,60.0,2026-04-29T16:37:06.183756,4.221
2026-04-29T16:36:06.221295,102.75,0.6024,105.55,0.6764,1000.0,0.0,4.199,82.6,98,0,60.0,2026-04-29T16:37:06.221154,4.221
2026-04-29T16:36:07.183981,102.81,0.5967,105.59,0.6775,1000.0,0.0,4.199,82.6,98,0,60.0,2026-04-29T16:37:07.183823,4.221
2026-04-29T16:36:07.222186,102.81,0.5967,105.59,0.6756,1000.0,0.0,4.199,82.6,98,0,60.0,2026-04-29T16:37:07.222037,4.221
2026-04-29T16:36:07.257918,102.81,0.5967,105.6,0.6748,1000.0,0.0,4.199,82.6,98,0,60.0,2026-04-29T16:37:07.257805,4.221
2026-04-29T16:36:08.254612,102.84,0.594,105.63,0.6737,1000.0,0.0,4.199,82.6,98,0,60.0,2026-04-29T16:37:08.254424,4.221
2026-04-29T16:36:08.296128,102.84,0.6007,105.63,0.6753,1000.0,0.0,4.199,82.6,98,0,60.0,2026-04-29T16:37:08.296016,4.221
2026-04-29T16:36:08.332368,102.84,0.6007,105.63,0.676,1000.0,0.0,4.199,82.6,98,0,60.0,2026-04-29T16:37:08.332264,4.221
2026-04-29T16:36:09.290923,102.88,0.6007,105.67,0.6762,1000.0,0.0,4.199,82.6,98,0,60.0,2026-04-29T16:37:09.290776,4.221
2026-04-29T16:36:09.327634,102.88,0.6007,105.67,0.6767,1000.0,0.0,4.199,82.6,98,0,60.0,2026-04-29T16:37:09.327508,4.221
2026-04-29T16:36:10.332819,102.88,0.6007,105.7,0.678,1000.0,0.0,4.199,82.6,98,0,60.0,2026-04-29T16:37:10.332621,4.222
2026-04-29T16:36:10.379973,102.91,0.5949,105.7,0.6755,1000.0,0.0,4.199,82.6,98,0,60.0,2026-04-29T16:37:10.379817,4.221
2026-04-29T16:36:10.416292,102.91,0.5949,105.7,0.6741,1000.0,0.0,4.199,82.6,98,0,60.0,2026-04-29T16:37:10.416144,4.221
2026-04-29T16:36:11.389196,102.95,0.5949,105.74,0.6736,1000.0,0.0,4.199,82.5,98,0,60.0,2026-04-29T16:37:11.388999,4.221
2026-04-29T16:36:11.434319,102.95,0.5847,105.74,0.6685,1000.0,0.0,4.199,82.5,98,0,60.0,2026-04-29T16:37:11.434168,4.221
2026-04-29T16:36:11.472085,102.95,0.5847,105.74,0.6659,1000.0,0.0,4.199,82.5,98,0,60.0,2026-04-29T16:37:11.471909,4.221
2026-04-29T16:36:12.426863,102.98,0.5837,105.77,0.664,1000.0,0.0,4.199,82.5,98,0,60.0,2026-04-29T16:37:12.426704,4.221
2026-04-29T16:36:12.464618,102.98,0.5847,105.77,0.6626,1000.0,0.0,4.199,82.5,98,0,60.0,2026-04-29T16:37:12.464487,4.221
2026-04-29T16:36:12.500313,102.98,0.5847,105.77,0.6622,1000.0,0.0,4.199,82.5,98,0,60.0,2026-04-29T16:37:12.500196,4.221
2026-04-29T16:36:13.498572,103.02,0.5931,105.81,0.6634,1000.0,0.0,4.199,82.5,98,0,60.0,2026-04-29T16:37:13.498391,4.221
2026-04-29T16:36:13.539580,103.02,0.5948,105.81,0.667,1000.0,0.0,4.199,82.5,98,0,60.0,2026-04-29T16:37:13.539445,4.221
2026-04-29T16:36:13.576174,103.02,0.5948,105.81,0.6686,1000.0,0.0,4.199,82.5,98,0,60.0,2026-04-29T16:37:13.576046,4.221
2026-04-29T16:36:14.549547,103.06,0.6007,105.85,0.6723,1000.0,0.0,4.199,82.5,98,0,60.0,2026-04-29T16:37:14.549406,4.221
2026-04-29T16:36:14.589880,103.06,0.6007,105.85,0.6745,1000.0,0.0,4.199,82.5,98,0,60.0,2026-04-29T16:37:14.589754,4.221
2026-04-29T16:36:15.574790,103.06,0.6007,105.89,0.6768,1000.0,0.0,4.199,82.5,98,0,60.0,2026-04-29T16:37:15.574609,4.222
2026-04-29T16:36:15.623284,103.09,0.594,105.89,0.6742,1000.0,0.0,4.199,82.5,98,0,60.0,2026-04-29T16:37:15.623145,4.221
2026-04-29T16:36:15.660091,103.09,0.594,105.89,0.673,1000.0,0.0,4.199,82.5,98,0,60.0,2026-04-29T16:37:15.659950,4.221
2026-04-29T16:36:16.628420,103.11,0.594,105.92,0.6728,1000.0,0.0,4.199,82.5,98,0,60.0,2026-04-29T16:37:16.628262,4.221
2026-04-29T16:36:16.672164,103.11,0.5998,105.91,0.6736,1000.0,0.0,4.199,82.5,98,0,60.0,2026-04-29T16:37:16.672029,4.221
2026-04-29T16:36:16.708527,103.11,0.5998,105.91,0.6748,1000.0,0.0,4.199,82.5,98,0,60.0,2026-04-29T16:37:16.708403,4.221
2026-04-29T16:36:17.665723,103.14,0.5998,105.94,0.6766,1000.0,0.0,4.199,82.5,98,0,60.0,2026-04-29T16:37:17.665597,4.221
2026-04-29T16:36:17.704090,103.14,0.6024,105.94,0.6778,1000.0,0.0,4.199,82.5,98,0,60.0,2026-04-29T16:37:17.703944,4.221
2026-04-29T16:36:17.741899,103.14,0.6024,105.94,0.6784,1000.0,0.0,4.199,82.5,98,0,60.0,2026-04-29T16:37:17.741772,4.221
2026-04-29T16:36:18.738365,103.17,0.6007,105.97,0.6791,1000.0,0.0,4.199,82.5,98,0,60.0,2026-04-29T16:37:18.738186,4.221
2026-04-29T16:36:18.778531,103.17,0.6007,105.97,0.6787,1000.0,0.0,4.199,82.5,98,0,60.0,2026-04-29T16:37:18.778413,4.221
2026-04-29T16:36:18.814232,103.17,0.6007,105.97,0.6785,1000.0,0.0,4.199,82.5,98,0,60.0,2026-04-29T16:37:18.814127,4.221
2026-04-29T16:36:19.793665,103.22,0.5991,106.01,0.678,1000.0,0.0,4.199,82.5,98,0,60.0,2026-04-29T16:37:19.793503,4.222
2026-04-29T16:36:19.831807,103.22,0.5991,106.01,0.6773,1000.0,0.0,4.199,82.5,98,0,60.0,2026-04-29T16:37:19.831692,4.222
2026-04-29T16:36:20.810646,103.22,0.5991,106.05,0.6779,1000.0,0.0,4.199,82.5,98,0,60.0,2026-04-29T16:37:20.810471,4.223
2026-04-29T16:36:20.857549,103.25,0.6034,106.04,0.6781,1000.0,0.0,4.199,82.5,98,0,60.0,2026-04-29T16:37:20.857379,4.222
2026-04-29T16:36:20.893728,103.25,0.6034,106.04,0.6791,1000.0,0.0,4.199,82.5,98,0,60.0,2026-04-29T16:37:20.893609,4.222
2026-04-29T16:36:21.869195,103.3,0.6034,106.08,0.6808,1000.0,0.0,4.199,82.5,98,0,60.0,2026-04-29T16:37:21.869001,4.222
2026-04-29T16:36:21.913184,103.3,0.6034,106.08,0.6805,1000.0,0.0,4.199,82.5,98,0,60.0,2026-04-29T16:37:21.913058,4.222
2026-04-29T16:36:21.949225,103.3,0.6034,106.09,0.6807,1000.0,0.0,4.199,82.5,98,0,60.0,2026-04-29T16:37:21.949097,4.222
2026-04-29T16:36:22.923534,103.33,0.5999,106.12,0.6809,1000.0,0.0,4.199,82.5,98,0,60.0,2026-04-29T16:37:22.923368,4.222
2026-04-29T16:36:22.965492,103.33,0.6034,106.12,0.6807,1000.0,0.0,4.199,82.5,98,0,60.0,2026-04-29T16:37:22.965359,4.222
2026-04-29T16:36:23.006803,103.33,0.6034,106.12,0.6808,1000.0,0.0,4.199,82.5,98,0,60.0,2026-04-29T16:37:23.006056,4.222
2026-04-29T16:36:23.975872,103.37,0.6083,106.16,0.6822,1000.0,0.0,4.199,82.5,98,0,60.0,2026-04-29T16:37:23.975710,4.222
2026-04-29T16:36:24.015505,103.37,0.6083,106.16,0.6839,1000.0,0.0,4.199,82.5,98,0,60.0,2026-04-29T16:37:24.015368,4.222
2026-04-29T16:36:24.051280,103.37,0.6083,106.16,0.6846,1000.0,0.0,4.199,82.5,98,0,60.0,2026-04-29T16:37:24.051152,4.222
2026-04-29T16:36:25.084123,103.42,0.6109,106.19,0.6845,1000.0,0.0,4.199,82.4,98,0,60.0,2026-04-29T16:37:25.083906,4.222
2026-04-29T16:36:25.121693,103.42,0.6109,106.2,0.6863,1000.0,0.0,4.199,82.4,98,0,60.0,2026-04-29T16:37:25.121526,4.222
2026-04-29T16:36:26.055088,103.42,0.6109,106.23,0.6882,1000.0,0.0,4.199,82.4,98,0,60.0,2026-04-29T16:37:26.054794,4.223
2026-04-29T16:36:26.102270,103.46,0.6169,106.24,0.6892,1000.0,0.0,4.199,82.4,98,0,60.0,2026-04-29T16:37:26.102139,4.222
2026-04-29T16:36:26.139252,103.46,0.6169,106.24,0.6913,1000.0,0.0,4.199,82.4,98,0,60.0,2026-04-29T16:37:26.139130,4.222
2026-04-29T16:36:27.092580,103.51,0.6169,106.28,0.6939,1000.0,0.0,4.199,82.4,98,0,60.0,2026-04-29T16:37:27.092325,4.222
2026-04-29T16:36:27.128792,103.51,0.6185,106.29,0.6948,1000.0,0.0,4.199,82.4,98,0,60.0,2026-04-29T16:37:27.128678,4.222
2026-04-29T16:36:27.164708,103.51,0.6185,106.29,0.6955,1000.0,0.0,4.199,82.4,98,0,60.0,2026-04-29T16:37:27.164598,4.222
2026-04-29T16:36:28.162364,103.56,0.6169,106.33,0.6964,1000.0,0.0,4.199,82.4,98,0,60.0,2026-04-29T16:37:28.162226,4.222
2026-04-29T16:36:28.203745,103.56,0.6227,106.34,0.6982,1000.0,0.0,4.199,82.4,98,0,60.0,2026-04-29T16:37:28.203579,4.222
2026-04-29T16:36:28.240194,103.56,0.6227,106.34,0.6991,1000.0,0.0,4.199,82.4,98,0,60.0,2026-04-29T16:37:28.240054,4.222
2026-04-29T16:36:29.199482,103.6,0.6227,106.38,0.7007,1000.0,0.0,4.199,82.4,98,0,60.0,2026-04-29T16:37:29.199341,4.222
2026-04-29T16:36:29.238134,103.6,0.6237,106.38,0.7013,1000.0,0.0,4.199,82.4,98,0,60.0,2026-04-29T16:37:29.237978,4.222
2026-04-29T16:36:29.276162,103.6,0.6237,106.38,0.7015,1000.0,0.0,4.199,82.4,98,0,60.0,2026-04-29T16:37:29.276032,4.222
2026-04-29T16:36:30.267629,103.65,0.6261,106.43,0.7029,1000.0,0.0,4.199,82.4,98,0,60.0,2026-04-29T16:37:30.267479,4.222
2026-04-29T16:36:30.307859,103.65,0.6261,106.43,0.7035,1000.0,0.0,4.199,82.4,98,0,60.0,2026-04-29T16:37:30.307724,4.222
2026-04-29T16:36:31.291072,103.65,0.6261,106.47,0.7049,1000.0,0.0,4.199,82.4,98,0,60.0,2026-04-29T16:37:31.290892,4.223
2026-04-29T16:36:31.338749,103.71,0.6228,106.48,0.7032,1000.0,0.0,4.199,82.4,98,0,60.0,2026-04-29T16:37:31.338609,4.222
2026-04-29T16:36:31.375583,103.71,0.6228,106.48,0.7025,1000.0,0.0,4.199,82.4,98,0,60.0,2026-04-29T16:37:31.375463,4.222
2026-04-29T16:36:32.348145,103.74,0.6228,106.52,0.7026,1000.0,0.0,4.199,82.4,98,0,60.0,2026-04-29T16:37:32.347995,4.222
2026-04-29T16:36:32.393220,103.74,0.6193,106.52,0.6998,1000.0,0.0,4.199,82.4,98,0,60.0,2026-04-29T16:37:32.393079,4.222
2026-04-29T16:36:32.429952,103.74,0.6193,106.52,0.6991,1000.0,0.0,4.199,82.4,98,0,60.0,2026-04-29T16:37:32.429799,4.222
2026-04-29T16:36:33.404776,103.79,0.6151,106.56,0.6984,1000.0,0.0,4.199,82.4,98,0,60.0,2026-04-29T16:37:33.404593,4.222
2026-04-29T16:36:33.446478,103.79,0.6151,106.56,0.6959,1000.0,0.0,4.199,82.4,98,0,60.0,2026-04-29T16:37:33.446358,4.222
2026-04-29T16:36:33.482144,103.79,0.6151,106.57,0.6951,1000.0,0.0,4.199,82.4,98,0,60.0,2026-04-29T16:37:33.481987,4.222
2026-04-29T16:36:34.453431,103.84,0.6126,106.61,0.6941,1000.0,0.0,4.199,82.3,98,0,60.0,2026-04-29T16:37:34.452621,4.222
2026-04-29T16:36:34.492874,103.84,0.6134,106.61,0.6932,1000.0,0.0,4.199,82.3,98,0,60.0,2026-04-29T16:37:34.492744,4.222
2026-04-29T16:36:34.528894,103.84,0.6134,106.62,0.6928,1000.0,0.0,4.199,82.3,98,0,60.0,2026-04-29T16:37:34.528774,4.222
2026-04-29T16:36:35.508635,103.89,0.6244,106.66,0.6942,1000.0,0.0,4.199,82.3,98,0,60.0,2026-04-29T16:37:35.508481,4.222
2026-04-29T16:36:35.546991,103.89,0.6244,106.67,0.6978,1000.0,0.0,4.199,82.3,98,0,60.0,2026-04-29T16:37:35.546851,4.222
2026-04-29T16:36:36.536209,103.89,0.6244,106.7,0.701,1000.0,0.0,4.199,82.3,98,0,60.0,2026-04-29T16:37:36.535971,4.223
2026-04-29T16:36:36.582452,103.94,0.6318,106.71,0.7031,1000.0,0.0,4.199,82.3,98,0,60.0,2026-04-29T16:37:36.582301,4.222
2026-04-29T16:36:36.618207,103.94,0.6318,106.72,0.7059,1000.0,0.0,4.199,82.3,98,0,60.0,2026-04-29T16:37:36.618086,4.222
2026-04-29T16:36:37.593511,103.97,0.6318,106.75,0.7091,1000.0,0.0,4.199,82.3,98,0,60.0,2026-04-29T16:37:37.593335,4.222
2026-04-29T16:36:37.637232,103.97,0.6327,106.75,0.7102,1000.0,0.0,4.199,82.3,98,0,60.0,2026-04-29T16:37:37.637000,4.222
2026-04-29T16:36:37.674911,103.97,0.6327,106.75,0.7108,1000.0,0.0,4.199,82.3,98,0,60.0,2026-04-29T16:37:37.674784,4.222
2026-04-29T16:36:38.647539,104.01,0.632,106.79,0.7118,1000.0,0.0,4.199,82.3,98,0,60.0,2026-04-29T16:37:38.647350,4.222
2026-04-29T16:36:38.689157,104.01,0.6327,106.79,0.7118,1000.0,0.0,4.199,82.3,98,0,60.0,2026-04-29T16:37:38.689024,4.222
2026-04-29T16:36:38.725397,104.01,0.6327,106.79,0.7118,1000.0,0.0,4.199,82.3,98,0,60.0,2026-04-29T16:37:38.725261,4.222
2026-04-29T16:36:39.700706,104.05,0.6353,106.83,0.7128,1000.0,0.0,4.199,82.3,98,0,60.0,2026-04-29T16:37:39.700553,4.222
2026-04-29T16:36:39.742816,104.05,0.6362,106.83,0.7139,1000.0,0.0,4.199,82.3,98,0,60.0,2026-04-29T16:37:39.742664,4.222
2026-04-29T16:36:39.780170,104.05,0.6362,106.83,0.7144,1000.0,0.0,4.199,82.3,98,0,60.0,2026-04-29T16:37:39.779985,4.222
2026-04-29T16:36:40.754039,104.09,0.6362,106.87,0.7155,1000.0,0.0,4.199,82.3,98,0,60.0,2026-04-29T16:37:40.753887,4.222
2026-04-29T16:36:40.793212,104.09,0.6362,106.87,0.7155,1000.0,0.0,4.199,82.3,98,0,60.0,2026-04-29T16:37:40.793089,4.222
2026-04-29T16:36:41.778177,104.09,0.6362,106.91,0.7165,1000.0,0.0,4.199,82.3,98,0,60.0,2026-04-29T16:37:41.777941,4.223
2026-04-29T16:36:41.824339,104.14,0.6305,106.92,0.7134,1000.0,0.0,4.199,82.3,98,0,60.0,2026-04-29T16:37:41.824204,4.222
2026-04-29T16:36:41.860891,104.14,0.6305,106.92,0.7121,1000.0,0.0,4.199,82.3,98,0,60.0,2026-04-29T16:37:41.860774,4.222
2026-04-29T16:36:42.834371,104.19,0.6305,106.96,0.7117,1000.0,0.0,4.199,82.3,98,0,60.0,2026-04-29T16:37:42.834190,4.222
2026-04-29T16:36:42.878819,104.19,0.6269,106.96,0.7092,1000.0,0.0,4.199,82.3,98,0,60.0,2026-04-29T16:37:42.878699,4.222
2026-04-29T16:36:42.914351,104.19,0.6269,106.97,0.7082,1000.0,0.0,4.199,82.3,98,0,60.0,2026-04-29T16:37:42.914238,4.222
2026-04-29T16:36:43.888935,104.23,0.6192,107.0,0.7065,1000.0,0.0,4.199,82.3,98,0,60.0,2026-04-29T16:37:43.888720,4.222
2026-04-29T16:36:43.941091,104.23,0.6269,107.01,0.7057,1000.0,0.0,4.199,82.3,98,0,60.0,2026-04-29T16:37:43.940901,4.222
2026-04-29T16:36:43.977778,104.23,0.6269,107.01,0.7059,1000.0,0.0,4.199,82.3,98,0,60.0,2026-04-29T16:37:43.977588,4.222
2026-04-29T16:36:44.942026,104.28,0.6305,107.05,0.7062,1000.0,0.0,4.199,82.2,98,0,60.0,2026-04-29T16:37:44.941868,4.222
2026-04-29T16:36:44.981760,104.28,0.6305,107.05,0.7078,1000.0,0.0,4.199,82.2,98,0,60.0,2026-04-29T16:37:44.981659,4.222
2026-04-29T16:36:45.092929,104.28,0.6305,107.06,0.7087,1000.0,0.0,4.199,82.2,98,0,60.0,2026-04-29T16:37:45.092095,4.222
2026-04-29T16:36:45.996601,104.32,0.632,107.1,0.7096,1000.0,0.0,4.199,82.2,98,0,60.0,2026-04-29T16:37:45.996444,4.222
2026-04-29T16:36:46.034500,104.32,0.632,107.1,0.7104,1000.0,0.0,4.199,82.2,98,0,60.0,2026-04-29T16:37:46.034381,4.222
2026-04-29T16:36:47.019001,104.32,0.632,107.13,0.7118,1000.0,0.0,4.199,82.2,98,0,60.0,2026-04-29T16:37:47.018836,4.223
2026-04-29T16:36:47.127579,104.38,0.6455,107.15,0.7156,1000.0,0.0,4.199,82.2,98,0,60.0,2026-04-29T16:37:47.127421,4.222
2026-04-29T16:36:47.163958,104.38,0.6455,107.16,0.7195,1000.0,0.0,4.199,82.2,98,0,60.0,2026-04-29T16:37:47.163845,4.222
2026-04-29T16:36:48.073739,104.44,0.6455,107.2,0.7232,1000.0,0.0,4.199,82.2,98,0,60.0,2026-04-29T16:37:48.073564,4.222
2026-04-29T16:36:48.115781,104.44,0.6455,107.21,0.7237,1000.0,0.0,4.199,82.2,98,0,60.0,2026-04-29T16:37:48.115646,4.222
2026-04-29T16:36:48.152913,104.44,0.6455,107.21,0.7243,1000.0,0.0,4.199,82.2,98,0,60.0,2026-04-29T16:37:48.152812,4.222
2026-04-29T16:36:49.099287,104.49,0.6446,107.26,0.7255,1000.0,0.0,4.199,82.2,98,0,60.0,2026-04-29T16:37:49.099146,4.222
2026-04-29T16:36:49.138777,104.49,0.6489,107.26,0.7267,1000.0,0.0,4.199,82.2,98,0,60.0,2026-04-29T16:37:49.138577,4.222
2026-04-29T16:36:49.174859,104.49,0.6489,107.27,0.7276,1000.0,0.0,4.199,82.2,98,0,60.0,2026-04-29T16:37:49.174738,4.222
2026-04-29T16:36:50.179409,104.55,0.6489,107.32,0.7291,1000.0,0.0,4.199,82.2,98,0,60.0,2026-04-29T16:37:50.179258,4.222
2026-04-29T16:36:50.220897,104.55,0.6497,107.33,0.7295,1000.0,0.0,4.199,82.2,98,0,60.0,2026-04-29T16:37:50.220751,4.222
2026-04-29T16:36:50.260270,104.55,0.6497,107.33,0.7296,1000.0,0.0,4.199,82.2,98,0,60.0,2026-04-29T16:37:50.260143,4.222
2026-04-29T16:36:51.219261,104.6,0.6606,107.37,0.7329,1000.0,0.0,4.199,82.2,98,0,60.0,2026-04-29T16:37:51.219127,4.222
2026-04-29T16:36:51.257315,104.6,0.6606,107.38,0.7362,1000.0,0.0,4.199,82.2,98,0,60.0,2026-04-29T16:37:51.257176,4.222
2026-04-29T16:36:52.257444,104.6,0.6606,107.42,0.7393,1000.0,0.0,4.199,82.2,98,0,60.0,2026-04-29T16:37:52.257258,4.223
2026-04-29T16:36:52.306154,104.67,0.6598,107.43,0.74,1000.0,0.0,4.199,82.2,98,0,60.0,2026-04-29T16:37:52.306007,4.222
2026-04-29T16:36:52.345165,104.67,0.6598,107.44,0.7402,1000.0,0.0,4.199,82.2,98,0,60.0,2026-04-29T16:37:52.345047,4.222
2026-04-29T16:36:53.314339,104.72,0.6598,107.48,0.7411,1000.0,0.0,4.199,82.1,98,0,60.0,2026-04-29T16:37:53.314178,4.222
2026-04-29T16:36:53.359870,104.72,0.6564,107.49,0.7388,1000.0,0.0,4.199,82.1,98,0,60.0,2026-04-29T16:37:53.359731,4.222
2026-04-29T16:36:53.396231,104.72,0.6564,107.49,0.7382,1000.0,0.0,4.199,82.1,98,0,60.0,2026-04-29T16:37:53.396121,4.222
2026-04-29T16:36:54.348072,104.76,0.6547,107.53,0.738,1000.0,0.0,4.199,82.1,98,0,60.0,2026-04-29T16:37:54.347899,4.222
2026-04-29T16:36:54.385109,104.76,0.6564,107.54,0.7376,1000.0,0.0,4.199,82.1,98,0,60.0,2026-04-29T16:37:54.384987,4.222
2026-04-29T16:36:54.422248,104.76,0.6564,107.54,0.7375,1000.0,0.0,4.199,82.1,98,0,60.0,2026-04-29T16:37:54.422104,4.222
2026-04-29T16:36:55.423707,104.78,0.6556,107.57,0.7376,1000.0,0.0,4.199,82.1,98,0,60.0,2026-04-29T16:37:55.423520,4.222
2026-04-29T16:36:55.464361,104.78,0.6556,107.57,0.7371,1000.0,0.0,4.199,82.1,98,0,60.0,2026-04-29T16:37:55.464214,4.222
2026-04-29T16:36:55.502965,104.78,0.6556,107.57,0.7369,1000.0,0.0,4.199,82.1,98,0,60.0,2026-04-29T16:37:55.502829,4.222
2026-04-29T16:36:56.477055,104.81,0.6556,107.6,0.7361,1000.0,0.0,4.199,82.1,98,0,60.0,2026-04-29T16:37:56.476887,4.222
2026-04-29T16:36:56.515782,104.81,0.6556,107.59,0.7362,1000.0,0.0,4.199,82.1,98,0,60.0,2026-04-29T16:37:56.515635,4.222
2026-04-29T16:36:57.489625,104.81,0.6556,107.63,0.7373,1000.0,0.0,4.199,82.1,98,0,60.0,2026-04-29T16:37:57.489451,4.223
2026-04-29T16:36:57.533304,104.85,0.6446,107.63,0.7323,1000.0,0.0,4.199,82.1,98,0,60.0,2026-04-29T16:37:57.533159,4.222
2026-04-29T16:36:57.574075,104.85,0.6446,107.63,0.7296,1000.0,0.0,4.199,82.1,98,0,60.0,2026-04-29T16:37:57.573945,4.222
2026-04-29T16:36:58.555231,104.86,0.6446,107.66,0.7284,1000.0,0.0,4.199,82.1,98,0,60.0,2026-04-29T16:37:58.554948,4.223
2026-04-29T16:36:58.598859,104.86,0.6421,107.65,0.7252,1000.0,0.0,4.199,82.1,98,0,60.0,2026-04-29T16:37:58.598687,4.222
2026-04-29T16:36:58.638583,104.86,0.6421,107.65,0.7244,1000.0,0.0,4.199,82.1,98,0,60.0,2026-04-29T16:37:58.638430,4.222
2026-04-29T16:36:59.609364,104.9,0.6403,107.68,0.724,1000.0,0.0,4.199,82.1,98,0,60.0,2026-04-29T16:37:59.609196,4.222
2026-04-29T16:36:59.657186,104.9,0.6448,107.68,0.7246,1000.0,0.0,4.199,82.1,98,0,60.0,2026-04-29T16:37:59.656967,4.222
2026-04-29T16:36:59.704980,104.9,0.6448,107.68,0.725,1000.0,0.0,4.199,82.1,98,0,60.0,2026-04-29T16:37:59.704684,4.222
2026-04-29T16:37:00.662277,104.91,0.6448,107.71,0.7259,1000.0,0.0,4.199,82.1,98,0,60.0,2026-04-29T16:38:00.662122,4.222
2026-04-29T16:37:00.712451,104.91,0.6529,107.7,0.7294,1000.0,0.0,4.199,82.1,98,0,60.0,2026-04-29T16:38:00.712311,4.222
2026-04-29T16:37:00.769361,104.91,0.6529,107.7,0.731,1000.0,0.0,4.199,82.1,98,0,60.0,2026-04-29T16:38:00.769185,4.222
2026-04-29T16:37:01.726996,104.93,0.6725,107.72,0.7348,1000.0,0.0,4.199,82.1,98,0,60.0,2026-04-29T16:38:01.726788,4.222
2026-04-29T16:37:01.794856,104.93,0.6725,107.72,0.7426,1000.0,0.0,4.199,82.1,98,0,60.0,2026-04-29T16:38:01.794668,4.222
2026-04-29T16:37:02.738804,104.93,0.6725,107.75,0.7485,1000.0,0.0,4.199,82.1,98,0,60.0,2026-04-29T16:38:02.738591,4.223
2026-04-29T16:37:02.807550,104.95,0.6767,107.74,0.7507,1000.0,0.0,4.199,82.1,98,0,60.0,2026-04-29T16:38:02.807376,4.222
2026-04-29T16:37:02.875588,104.95,0.6767,107.74,0.7535,1000.0,0.0,4.199,82.1,98,0,60.0,2026-04-29T16:38:02.875402,4.222
2026-04-29T16:37:03.795499,104.97,0.6767,107.77,0.7566,1000.0,0.0,4.199,82.1,98,0,60.0,2026-04-29T16:38:03.795301,4.222
2026-04-29T16:37:03.864591,104.97,0.6784,107.76,0.7572,1000.0,0.0,4.199,82.1,98,0,60.0,2026-04-29T16:38:03.864408,4.222
2026-04-29T16:37:03.932577,104.97,0.6784,107.76,0.7582,1000.0,0.0,4.199,82.1,98,0,60.0,2026-04-29T16:38:03.932410,4.222
2026-04-29T16:37:04.850925,104.98,0.6732,107.78,0.7589,1000.0,0.0,4.199,82.1,98,0,60.0,2026-04-29T16:38:04.850705,4.222
2026-04-29T16:37:04.919090,104.98,0.6784,107.78,0.7594,1000.0,0.0,4.199,82.1,98,0,60.0,2026-04-29T16:38:04.918921,4.222
2026-04-29T16:37:04.988698,104.98,0.6784,107.77,0.7595,1000.0,0.0,4.199,82.1,98,0,60.0,2026-04-29T16:38:04.987192,4.222
2026-04-29T16:37:05.907780,105.0,0.6741,107.8,0.7591,1000.0,0.0,4.199,82.1,98,0,60.0,2026-04-29T16:38:05.907578,4.222
2026-04-29T16:37:05.975515,105.0,0.6777,107.79,0.7591,1000.0,0.0,4.199,82.1,98,0,60.0,2026-04-29T16:38:05.975327,4.222
2026-04-29T16:37:06.049741,105.0,0.6777,107.79,0.7592,1000.0,0.0,4.199,82.1,98,0,60.0,2026-04-29T16:38:06.049536,4.222
2026-04-29T16:37:06.965205,105.02,0.6801,107.82,0.7595,1000.0,0.0,4.199,82.1,98,0,60.0,2026-04-29T16:38:06.965019,4.222
2026-04-29T16:37:07.057779,105.02,0.6801,107.81,0.7604,1000.0,0.0,4.199,82.1,98,0,60.0,2026-04-29T16:38:07.045448,4.222
2026-04-29T16:37:07.977495,105.02,0.6801,107.84,0.7619,1000.0,0.0,4.199,82.1,98,0,60.0,2026-04-29T16:38:07.977188,4.223
2026-04-29T16:37:08.051981,105.03,0.6845,107.83,0.7625,1000.0,0.0,4.199,82.1,98,0,60.0,2026-04-29T16:38:08.051775,4.222
2026-04-29T16:37:08.132049,105.03,0.6845,107.83,0.7639,1000.0,0.0,4.199,82.1,98,0,60.0,2026-04-29T16:38:08.131869,4.222
2026-04-29T16:37:09.061378,105.04,0.6845,107.85,0.7658,1000.0,0.0,4.199,82.1,98,0,60.0,2026-04-29T16:38:09.042042,4.223
2026-04-29T16:37:09.244007,105.04,0.6845,107.84,0.7653,1000.0,0.0,4.199,82.1,98,0,60.0,2026-04-29T16:38:09.243751,4.222
2026-04-29T16:37:09.342782,105.04,0.6845,107.84,0.7656,1000.0,0.0,4.199,82.1,98,0,60.0,2026-04-29T16:38:09.342558,4.222
2026-04-29T16:37:10.093407,105.07,0.6775,107.86,0.7654,1000.0,0.0,4.199,82.1,98,0,60.0,2026-04-29T16:38:10.093196,4.222
2026-04-29T16:37:10.173655,105.07,0.6858,107.86,0.7657,1000.0,0.0,4.199,82.1,98,0,60.0,2026-04-29T16:38:10.173276,4.222
2026-04-29T16:37:10.261684,105.07,0.6858,107.86,0.7664,1000.0,0.0,4.199,82.1,98,0,60.0,2026-04-29T16:38:10.261491,4.222
2026-04-29T16:37:11.177601,105.12,0.6851,107.9,0.7675,1000.0,0.0,4.199,82.1,98,0,60.0,2026-04-29T16:38:11.177407,4.222
2026-04-29T16:37:11.260258,105.12,0.6851,107.9,0.7673,1000.0,0.0,4.199,82.1,98,0,60.0,2026-04-29T16:38:11.260044,4.222
2026-04-29T16:37:11.343887,105.12,0.6851,107.9,0.7672,1000.0,0.0,4.199,82.1,98,0,60.0,2026-04-29T16:38:11.343693,4.222
2026-04-29T16:37:12.212281,105.17,0.6836,107.94,0.7657,1000.0,0.0,4.199,82.1,98,0,60.0,2026-04-29T16:38:12.212076,4.222
2026-04-29T16:37:12.292227,105.17,0.6836,107.94,0.7656,1000.0,0.0,4.199,82.0,98,0,60.0,2026-04-29T16:38:12.292021,4.222
2026-04-29T16:37:13.216528,105.17,0.6836,107.97,0.7664,1000.0,0.0,4.199,82.0,98,0,60.0,2026-04-29T16:38:13.216309,4.223
2026-04-29T16:37:13.304220,105.2,0.6834,107.97,0.7637,1000.0,0.0,4.199,82.0,98,0,60.0,2026-04-29T16:38:13.303956,4.222
2026-04-29T16:37:13.404093,105.2,0.6834,107.97,0.7644,1000.0,0.0,4.199,82.0,98,0,60.0,2026-04-29T16:38:13.403843,4.222
2026-04-29T16:37:14.281739,105.26,0.6834,108.01,0.7656,1000.0,0.0,4.199,82.0,98,0,60.0,2026-04-29T16:38:14.281567,4.222
2026-04-29T16:37:14.372319,105.26,0.6854,108.02,0.7662,1000.0,0.0,4.199,82.0,98,0,60.0,2026-04-29T16:38:14.372057,4.222
2026-04-29T16:37:14.471271,105.26,0.6854,108.03,0.7667,1000.0,0.0,4.199,82.0,98,0,60.0,2026-04-29T16:38:14.470995,4.222
2026-04-29T16:37:15.332751,105.29,0.6854,108.06,0.7677,1000.0,0.0,4.199,82.0,98,0,60.0,2026-04-29T16:38:15.332549,4.222
2026-04-29T16:37:15.433824,105.29,0.6925,108.06,0.7703,1000.0,0.0,4.199,82.0,98,0,60.0,2026-04-29T16:38:15.433585,4.222
2026-04-29T16:37:15.535711,105.29,0.6925,108.06,0.772,1000.0,0.0,4.199,82.0,98,0,60.0,2026-04-29T16:38:15.535483,4.222
2026-04-29T16:37:16.394147,105.34,0.6919,108.1,0.773,1000.0,0.0,4.199,82.0,98,0,60.0,2026-04-29T16:38:16.393947,4.222
2026-04-29T16:37:16.476753,105.34,0.6921,108.11,0.7737,1000.0,0.0,4.199,82.0,98,0,60.0,2026-04-29T16:38:16.476465,4.222
2026-04-29T16:37:16.565584,105.34,0.6921,108.11,0.774,1000.0,0.0,4.199,82.0,98,0,60.0,2026-04-29T16:38:16.565332,4.222
2026-04-29T16:37:17.479526,105.39,0.6919,108.15,0.7746,1000.0,0.0,4.199,82.0,98,0,60.0,2026-04-29T16:38:17.479291,4.222
2026-04-29T16:37:17.579302,105.39,0.6919,108.16,0.7746,1000.0,0.0,4.199,82.0,98,0,60.0,2026-04-29T16:38:17.579037,4.222
2026-04-29T16:37:18.467253,105.39,0.6919,108.19,0.7753,1000.0,0.0,4.199,82.0,98,0,60.0,2026-04-29T16:38:18.466939,4.223
2026-04-29T16:37:18.576064,105.43,0.6936,108.2,0.7744,1000.0,0.0,4.199,82.0,98,0,60.0,2026-04-29T16:38:18.575587,4.222
2026-04-29T16:37:18.677740,105.43,0.6936,108.2,0.7751,1000.0,0.0,4.199,82.0,98,0,60.0,2026-04-29T16:38:18.677388,4.222
2026-04-29T16:37:19.525722,105.47,0.6936,108.24,0.7763,1000.0,0.0,4.199,82.0,98,0,60.0,2026-04-29T16:38:19.525348,4.222
2026-04-29T16:37:19.630174,105.47,0.7037,108.24,0.7798,1000.0,0.0,4.199,82.0,98,0,60.0,2026-04-29T16:38:19.629797,4.222
2026-04-29T16:37:19.733266,105.47,0.7037,108.25,0.7824,1000.0,0.0,4.199,82.0,98,0,60.0,2026-04-29T16:38:19.732904,4.222
2026-04-29T16:37:20.587973,105.51,0.702,108.28,0.7849,1000.0,0.0,4.199,82.0,98,0,60.0,2026-04-29T16:38:20.587720,4.222
2026-04-29T16:37:20.689054,105.51,0.6919,108.28,0.78,1000.0,0.0,4.199,82.0,98,0,60.0,2026-04-29T16:38:20.688789,4.222
2026-04-29T16:37:20.789985,105.51,0.6919,108.29,0.778,1000.0,0.0,4.199,82.0,98,0,60.0,2026-04-29T16:38:20.789667,4.222
2026-04-29T16:37:21.634057,105.57,0.6845,108.33,0.7746,1000.0,0.0,4.199,82.0,98,0,60.0,2026-04-29T16:38:21.633833,4.222
2026-04-29T16:37:21.735658,105.57,0.6919,108.33,0.7746,1000.0,0.0,4.199,82.0,98,0,60.0,2026-04-29T16:38:21.735442,4.222
2026-04-29T16:37:21.835491,105.57,0.6919,108.34,0.7747,1000.0,0.0,4.199,82.0,98,0,60.0,2026-04-29T16:38:21.835243,4.222
2026-04-29T16:37:22.683393,105.6,0.7012,108.37,0.776,1000.0,0.0,4.199,82.0,98,0,60.0,2026-04-29T16:38:22.683157,4.222
2026-04-29T16:37:22.763246,105.6,0.7012,108.37,0.7793,1000.0,0.0,4.199,82.0,98,0,60.0,2026-04-29T16:38:22.763048,4.222
2026-04-29T16:37:23.694824,105.6,0.7012,108.4,0.7824,1000.0,0.0,4.199,82.0,98,0,60.0,2026-04-29T16:38:23.694623,4.223
2026-04-29T16:37:23.765158,105.63,0.702,108.4,0.7826,1000.0,0.0,4.199,81.9,98,0,60.0,2026-04-29T16:38:23.764958,4.222
2026-04-29T16:37:23.834286,105.63,0.702,108.4,0.7835,1000.0,0.0,4.199,81.9,98,0,60.0,2026-04-29T16:38:23.834098,4.222
2026-04-29T16:37:24.749652,105.67,0.702,108.43,0.785,1000.0,0.0,4.199,81.9,98,0,60.0,2026-04-29T16:38:24.749434,4.222
2026-04-29T16:37:24.832456,105.67,0.7071,108.44,0.7866,1000.0,0.0,4.199,81.9,98,0,60.0,2026-04-29T16:38:24.832259,4.222
2026-04-29T16:37:24.901845,105.67,0.7071,108.44,0.7879,1000.0,0.0,4.199,81.9,98,0,60.0,2026-04-29T16:38:24.901642,4.222
2026-04-29T16:37:25.807494,105.7,0.702,108.47,0.789,1000.0,0.0,4.199,81.9,98,0,60.0,2026-04-29T16:38:25.807296,4.222
2026-04-29T16:37:25.876879,105.7,0.7096,108.47,0.7907,1000.0,0.0,4.199,81.9,98,0,60.0,2026-04-29T16:38:25.876684,4.222
2026-04-29T16:37:25.945467,105.7,0.7096,108.47,0.7914,1000.0,0.0,4.199,81.9,98,0,60.0,2026-04-29T16:38:25.945280,4.222
2026-04-29T16:37:26.862625,105.71,0.7045,108.5,0.7917,1000.0,0.0,4.199,81.9,98,0,60.0,2026-04-29T16:38:26.862388,4.222
2026-04-29T16:37:26.932373,105.71,0.7045,108.49,0.7899,1000.0,0.0,4.199,81.9,98,0,60.0,2026-04-29T16:38:26.932196,4.222
2026-04-29T16:37:27.002462,105.71,0.7045,108.49,0.7892,1000.0,0.0,4.199,81.9,98,0,60.0,2026-04-29T16:38:27.002113,4.222
2026-04-29T16:37:27.921393,105.75,0.7045,108.52,0.7877,1000.0,0.0,4.199,81.9,99,0,60.0,2026-04-29T16:38:27.921203,4.222
2026-04-29T16:37:27.990962,105.75,0.7045,108.52,0.7878,1000.0,0.0,4.199,81.9,99,0,60.0,2026-04-29T16:38:27.990778,4.222
2026-04-29T16:37:28.932515,105.75,0.7045,108.56,0.7888,1000.0,0.0,4.199,81.9,99,0,60.0,2026-04-29T16:38:28.932315,4.223
2026-04-29T16:37:29.004498,105.77,0.7038,108.55,0.7872,1000.0,0.0,4.199,81.9,99,0,60.0,2026-04-29T16:38:29.003362,4.222
2026-04-29T16:37:29.182001,105.77,0.7038,108.55,0.7873,1000.0,0.0,4.199,81.9,99,0,60.0,2026-04-29T16:38:29.181800,4.222
2026-04-29T16:37:29.987474,105.8,0.7038,108.58,0.7879,1000.0,0.0,4.199,81.9,99,0,60.0,2026-04-29T16:38:29.987278,4.222
2026-04-29T16:37:30.057780,105.8,0.702,108.58,0.7866,1000.0,0.0,4.199,81.9,99,0,60.0,2026-04-29T16:38:30.057610,4.222
2026-04-29T16:37:30.126997,105.8,0.702,108.58,0.7862,1000.0,0.0,4.199,81.9,99,0,60.0,2026-04-29T16:38:30.126803,4.222
2026-04-29T16:37:31.151310,105.83,0.7011,108.61,0.7862,1000.0,0.0,4.199,81.9,99,0,60.0,2026-04-29T16:38:31.151115,4.223
2026-04-29T16:37:31.222156,105.83,0.7037,108.61,0.7864,1000.0,0.0,4.199,81.9,99,0,60.0,2026-04-29T16:38:31.221999,4.222
2026-04-29T16:37:31.295250,105.83,0.7037,108.61,0.7866,1000.0,0.0,4.199,81.9,99,0,60.0,2026-04-29T16:38:31.295119,4.222
2026-04-29T16:37:32.101746,105.87,0.7037,108.64,0.7871,1000.0,0.0,4.199,81.9,99,0,60.0,2026-04-29T16:38:32.101570,4.222
2026-04-29T16:37:32.174160,105.87,0.7096,108.64,0.7896,1000.0,0.0,4.199,81.9,99,0,60.0,2026-04-29T16:38:32.173990,4.222
2026-04-29T16:37:32.243482,105.87,0.7096,108.64,0.7908,1000.0,0.0,4.199,81.9,99,0,60.0,2026-04-29T16:38:32.243311,4.222
2026-04-29T16:37:33.184655,105.91,0.7128,108.68,0.7933,1000.0,0.0,4.199,81.9,99,0,60.0,2026-04-29T16:38:33.184442,4.222
2026-04-29T16:37:33.255504,105.91,0.7128,108.68,0.7946,1000.0,0.0,4.199,81.9,99,0,60.0,2026-04-29T16:38:33.255317,4.222
2026-04-29T16:37:34.170696,105.91,0.7128,108.72,0.7963,1000.0,0.0,4.199,81.9,99,0,60.0,2026-04-29T16:38:34.170467,4.223
2026-04-29T16:37:34.240438,105.94,0.7128,108.72,0.7953,1000.0,0.0,4.199,81.9,99,0,60.0,2026-04-29T16:38:34.240280,4.222
2026-04-29T16:37:34.312170,105.94,0.7128,108.72,0.7958,1000.0,0.0,4.199,81.9,99,0,60.0,2026-04-29T16:38:34.312011,4.222
2026-04-29T16:37:35.221358,105.96,0.7128,108.75,0.7969,1000.0,0.0,4.199,81.9,98,0,60.0,2026-04-29T16:38:35.221145,4.223
2026-04-29T16:37:35.294110,105.96,0.7128,108.74,0.7951,1000.0,0.0,4.199,81.9,98,0,60.0,2026-04-29T16:38:35.293908,4.222
2026-04-29T16:37:35.366320,105.96,0.7128,108.74,0.7957,1000.0,0.0,4.199,81.9,98,0,60.0,2026-04-29T16:38:35.366084,4.222
2026-04-29T16:37:36.278709,105.99,0.7128,108.77,0.7967,1000.0,0.0,4.199,81.9,98,0,60.0,2026-04-29T16:38:36.278539,4.222
2026-04-29T16:37:36.339448,105.99,0.7096,108.77,0.7951,1000.0,0.0,4.199,81.9,98,0,60.0,2026-04-29T16:38:36.339304,4.222
2026-04-29T16:37:36.399738,105.99,0.7096,108.77,0.7945,1000.0,0.0,4.199,81.9,98,0,60.0,2026-04-29T16:38:36.399460,4.222
2026-04-29T16:37:37.333528,106.04,0.7038,108.8,0.7927,1000.0,0.0,4.199,81.9,99,0,60.0,2026-04-29T16:38:37.333340,4.222
2026-04-29T16:37:37.398766,106.04,0.7096,108.81,0.7931,1000.0,0.0,4.199,81.9,99,0,60.0,2026-04-29T16:38:37.398572,4.222
2026-04-29T16:37:37.459985,106.04,0.7096,108.81,0.7932,1000.0,0.0,4.199,81.9,99,0,60.0,2026-04-29T16:38:37.459806,4.222
2026-04-29T16:37:38.390466,106.06,0.7163,108.84,0.7945,1000.0,0.0,4.199,81.8,99,0,60.0,2026-04-29T16:38:38.390305,4.222
2026-04-29T16:37:38.444294,106.06,0.7163,108.83,0.7968,1000.0,0.0,4.199,81.8,99,0,60.0,2026-04-29T16:38:38.444147,4.222
2026-04-29T16:37:39.398291,106.06,0.7163,108.87,0.7993,1000.0,0.0,4.199,81.8,99,0,60.0,2026-04-29T16:38:39.398016,4.223
2026-04-29T16:37:39.454669,106.08,0.7173,108.86,0.7998,1000.0,0.0,4.199,81.8,99,0,60.0,2026-04-29T16:38:39.454513,4.222
2026-04-29T16:37:39.509274,106.08,0.7173,108.86,0.8004,1000.0,0.0,4.199,81.8,99,0,60.0,2026-04-29T16:38:39.509119,4.222
2026-04-29T16:37:40.465044,106.13,0.7173,108.89,0.8016,1000.0,0.0,4.199,81.8,99,0,60.0,2026-04-29T16:38:40.464861,4.223
2026-04-29T16:37:40.514927,106.13,0.718,108.89,0.8013,1000.0,0.0,4.199,81.8,99,0,60.0,2026-04-29T16:38:40.514785,4.222
2026-04-29T16:37:40.567277,106.13,0.718,108.9,0.8015,1000.0,0.0,4.199,81.8,99,0,60.0,2026-04-29T16:38:40.567106,4.222
2026-04-29T16:37:41.515649,106.16,0.713,108.93,0.8017,1000.0,0.0,4.199,81.8,99,0,60.0,2026-04-29T16:38:41.515382,4.222
2026-04-29T16:37:41.575348,106.16,0.7146,108.93,0.8002,1000.0,0.0,4.199,81.8,99,0,60.0,2026-04-29T16:38:41.575188,4.222
2026-04-29T16:37:41.634813,106.16,0.7146,108.93,0.7997,1000.0,0.0,4.199,81.8,99,0,60.0,2026-04-29T16:38:41.634655,4.222
2026-04-29T16:37:42.565376,106.19,0.7104,108.96,0.7991,1000.0,0.0,4.199,81.8,99,0,60.0,2026-04-29T16:38:42.565178,4.222
2026-04-29T16:37:42.626101,106.19,0.7146,108.96,0.7989,1000.0,0.0,4.199,81.8,99,0,60.0,2026-04-29T16:38:42.625905,4.222
2026-04-29T16:37:42.688171,106.19,0.7146,108.96,0.7989,1000.0,0.0,4.199,81.8,99,0,60.0,2026-04-29T16:38:42.687888,4.222
2026-04-29T16:37:43.631606,106.22,0.7096,108.99,0.7972,1000.0,0.0,4.199,81.8,98,0,60.0,2026-04-29T16:38:43.631421,4.222
2026-04-29T16:37:43.696415,106.22,0.7096,108.99,0.7958,1000.0,0.0,4.199,81.8,98,0,60.0,2026-04-29T16:38:43.696241,4.222
2026-04-29T16:37:44.649539,106.22,0.7096,109.03,0.7959,1000.0,0.0,4.199,81.8,98,0,60.0,2026-04-29T16:38:44.649245,4.223
2026-04-29T16:37:44.711496,106.26,0.7096,109.03,0.7942,1000.0,0.0,4.199,81.8,98,0,60.0,2026-04-29T16:38:44.711334,4.222
2026-04-29T16:37:44.772782,106.26,0.7096,109.03,0.7941,1000.0,0.0,4.199,81.8,98,0,60.0,2026-04-29T16:38:44.772625,4.222
2026-04-29T16:37:45.706772,106.3,0.7096,109.07,0.7948,1000.0,0.0,4.199,81.8,99,0,60.0,2026-04-29T16:38:45.706609,4.223
2026-04-29T16:37:45.761814,106.3,0.7173,109.07,0.7969,1000.0,0.0,4.199,81.8,99,0,60.0,2026-04-29T16:38:45.761673,4.222
2026-04-29T16:37:45.835483,106.3,0.7173,109.07,0.7987,1000.0,0.0,4.199,81.8,99,0,60.0,2026-04-29T16:38:45.835318,4.222
2026-04-29T16:37:46.757211,106.33,0.7173,109.11,0.801,1000.0,0.0,4.199,81.8,99,0,60.0,2026-04-29T16:38:46.757047,4.222
2026-04-29T16:37:46.814427,106.33,0.7191,109.11,0.802,1000.0,0.0,4.199,81.8,99,0,60.0,2026-04-29T16:38:46.814258,4.222
2026-04-29T16:37:46.872288,106.33,0.7191,109.11,0.8025,1000.0,0.0,4.199,81.8,99,0,60.0,2026-04-29T16:38:46.872121,4.222
2026-04-29T16:37:47.814386,106.36,0.7191,109.14,0.8035,1000.0,0.0,4.199,81.8,99,0,60.0,2026-04-29T16:38:47.814189,4.222
2026-04-29T16:37:47.881452,106.36,0.7197,109.14,0.8038,1000.0,0.0,4.199,81.8,99,0,60.0,2026-04-29T16:38:47.881254,4.222
2026-04-29T16:37:47.954929,106.36,0.7197,109.14,0.804,1000.0,0.0,4.199,81.8,99,0,60.0,2026-04-29T16:38:47.954753,4.222
2026-04-29T16:37:48.865508,106.41,0.7231,109.18,0.8052,1000.0,0.0,4.199,81.8,99,0,60.0,2026-04-29T16:38:48.865187,4.222
2026-04-29T16:37:48.920148,106.41,0.7231,109.18,0.8063,1000.0,0.0,4.199,81.8,99,0,60.0,2026-04-29T16:38:48.919979,4.222
2026-04-29T16:37:49.892127,106.41,0.7231,109.22,0.808,1000.0,0.0,4.199,81.8,99,0,60.0,2026-04-29T16:38:49.891907,4.223
2026-04-29T16:37:49.948036,106.46,0.7231,109.23,0.8079,1000.0,0.0,4.199,81.8,99,0,60.0,2026-04-29T16:38:49.947886,4.222
2026-04-29T16:37:50.002445,106.46,0.7231,109.23,0.8079,1000.0,0.0,4.199,81.8,99,0,60.0,2026-04-29T16:38:50.002280,4.222
2026-04-29T16:37:50.944449,106.53,0.7231,109.27,0.8087,1000.0,0.0,4.199,81.7,99,0,60.0,2026-04-29T16:38:50.944282,4.223
2026-04-29T16:37:50.994311,106.53,0.7307,109.29,0.8105,1000.0,0.0,4.199,81.7,99,0,60.0,2026-04-29T16:38:50.994044,4.222
2026-04-29T16:37:51.040207,106.53,0.7307,109.29,0.8124,1000.0,0.0,4.199,81.7,99,0,60.0,2026-04-29T16:38:51.040093,4.222
2026-04-29T16:37:52.084977,106.58,0.7222,109.34,0.8135,1000.0,0.0,4.199,81.7,99,0,60.0,2026-04-29T16:38:52.084828,4.223
2026-04-29T16:37:52.128980,106.58,0.7307,109.34,0.8145,1000.0,0.0,4.199,81.7,99,0,60.0,2026-04-29T16:38:52.128860,4.222
2026-04-29T16:37:52.178286,106.58,0.7307,109.35,0.8149,1000.0,0.0,4.199,81.7,99,0,60.0,2026-04-29T16:38:52.178133,4.222
2026-04-29T16:37:53.027388,106.62,0.7281,106.59,0.73,0.0,0.0,4.199,81.7,99,0,60.0,2026-04-29T16:38:53.027263,4.199
2026-04-29T16:37:53.069288,106.62,0.7315,106.6,0.7304,0.0,0.0,4.199,81.7,99,0,60.0,2026-04-29T16:38:53.069135,4.199
2026-04-29T16:37:53.111162,106.62,0.7315,106.61,0.7308,0.0,0.0,4.199,81.7,99,0,60.0,2026-04-29T16:38:53.111053,4.199
2026-04-29T16:37:54.102064,106.68,0.7349,106.64,0.7312,0.0,0.0,4.199,81.7,99,0,60.0,2026-04-29T16:38:54.101922,4.199
2026-04-29T16:37:54.140187,106.68,0.7357,106.65,0.7332,0.0,0.0,4.199,81.7,99,0,60.0,2026-04-29T16:38:54.140045,4.199
2026-04-29T16:37:54.176018,106.68,0.7357,106.66,0.734,0.0,0.0,4.199,81.7,99,0,60.0,2026-04-29T16:38:54.175912,4.199
2026-04-29T16:37:55.128505,106.76,0.7357,106.71,0.7351,0.0,0.0,4.199,81.7,99,0,60.0,2026-04-29T16:38:55.128349,4.199
2026-04-29T16:37:55.168284,106.76,0.7357,106.73,0.7353,0.0,0.0,4.199,81.7,99,0,60.0,2026-04-29T16:38:55.168157,4.199
2026-04-29T16:37:56.175527,106.76,0.7357,106.74,0.7355,0.0,0.0,4.199,81.7,99,0,60.0,2026-04-29T16:38:56.175377,4.199
2026-04-29T16:37:56.221482,106.82,0.7357,106.78,0.7353,0.0,0.0,4.199,81.7,99,0,60.0,2026-04-29T16:38:56.221362,4.199
2026-04-29T16:37:56.257014,106.82,0.7357,106.8,0.7355,0.0,0.0,4.199,81.7,99,0,60.0,2026-04-29T16:38:56.256903,4.199
2026-04-29T16:37:57.208498,106.86,0.7357,106.82,0.7356,0.0,0.0,4.199,81.7,99,0,60.0,2026-04-29T16:38:57.208354,4.199
2026-04-29T16:37:57.244427,106.86,0.7374,106.84,0.7355,0.0,0.0,4.199,81.7,99,0,60.0,2026-04-29T16:38:57.244315,4.199
2026-04-29T16:37:57.280601,106.86,0.7374,106.85,0.7362,0.0,0.0,4.199,81.7,99,0,60.0,2026-04-29T16:38:57.280463,4.199
2026-04-29T16:37:58.289688,106.92,0.7374,106.87,0.7369,0.0,0.0,4.199,81.7,99,0,60.0,2026-04-29T16:38:58.289529,4.199
2026-04-29T16:37:58.330912,106.92,0.7357,106.9,0.7358,0.0,0.0,4.199,81.7,99,0,60.0,2026-04-29T16:38:58.330795,4.199
2026-04-29T16:37:58.367041,106.92,0.7357,106.9,0.7358,0.0,0.0,4.199,81.7,99,0,60.0,2026-04-29T16:38:58.366896,4.199
2026-04-29T16:37:59.319697,106.98,0.7298,109.72,0.8212,1000.0,0.0,4.199,81.6,99,0,60.0,2026-04-29T16:38:59.319570,4.222
2026-04-29T16:37:59.356906,106.98,0.7341,109.73,0.8203,1000.0,0.0,4.199,81.6,99,0,60.0,2026-04-29T16:38:59.356803,4.222
2026-04-29T16:37:59.391928,106.98,0.7341,109.74,0.8201,1000.0,0.0,4.199,81.6,99,0,60.0,2026-04-29T16:38:59.391827,4.222
2026-04-29T16:38:00.392760,107.04,0.7341,109.78,0.8206,1000.0,0.0,4.199,81.6,99,0,60.0,2026-04-29T16:39:00.392608,4.222
2026-04-29T16:38:00.433583,107.04,0.7341,109.79,0.8204,1000.0,0.0,4.199,81.6,99,0,60.0,2026-04-29T16:39:00.433443,4.222
2026-04-29T16:38:00.468971,107.04,0.7341,109.79,0.8202,1000.0,0.0,4.199,81.6,99,0,60.0,2026-04-29T16:39:00.468826,4.222
2026-04-29T16:38:01.443052,107.07,0.733,109.83,0.8189,1000.0,0.0,4.199,81.6,99,0,60.0,2026-04-29T16:39:01.442901,4.222
2026-04-29T16:38:01.482899,107.07,0.733,109.83,0.8189,1000.0,0.0,4.199,81.6,99,0,60.0,2026-04-29T16:39:01.482731,4.222
2026-04-29T16:38:02.451834,107.07,0.733,109.86,0.8201,1000.0,0.0,4.199,81.6,99,0,60.0,2026-04-29T16:39:02.451685,4.222
2026-04-29T16:38:02.489652,107.11,0.733,109.87,0.8176,1000.0,0.0,4.199,81.6,99,0,60.0,2026-04-29T16:39:02.489524,4.222
2026-04-29T16:38:02.525239,107.11,0.733,109.87,0.8182,1000.0,0.0,4.199,81.6,99,0,60.0,2026-04-29T16:39:02.525136,4.222
2026-04-29T16:38:03.523084,107.14,0.733,109.9,0.8195,1000.0,0.0,4.199,81.6,99,0,60.0,2026-04-29T16:39:03.522901,4.222
2026-04-29T16:38:03.576548,107.14,0.733,109.9,0.817,1000.0,0.0,4.199,81.6,99,0,60.0,2026-04-29T16:39:03.576403,4.222
2026-04-29T16:38:03.612115,107.14,0.733,109.9,0.8178,1000.0,0.0,4.199,81.6,99,0,60.0,2026-04-29T16:39:03.612009,4.222
2026-04-29T16:38:04.572031,107.16,0.733,109.93,0.8193,1000.0,0.0,4.199,81.6,99,0,60.0,2026-04-29T16:39:04.571856,4.222
2026-04-29T16:38:04.611737,107.16,0.7348,109.93,0.8197,1000.0,0.0,4.199,81.6,99,0,60.0,2026-04-29T16:39:04.611621,4.222
2026-04-29T16:38:04.647658,107.16,0.7348,109.93,0.8202,1000.0,0.0,4.199,81.6,99,0,60.0,2026-04-29T16:39:04.647534,4.222
2026-04-29T16:38:05.632382,107.19,0.7307,109.96,0.8202,1000.0,0.0,4.199,81.6,99,0,60.0,2026-04-29T16:39:05.632206,4.222
2026-04-29T16:38:05.672042,107.19,0.734,109.96,0.8202,1000.0,0.0,4.199,81.6,99,0,60.0,2026-04-29T16:39:05.671933,4.222
2026-04-29T16:38:05.707980,107.19,0.734,109.96,0.8202,1000.0,0.0,4.199,81.6,99,0,60.0,2026-04-29T16:39:05.707866,4.222
2026-04-29T16:38:06.688606,107.21,0.7282,109.98,0.8193,1000.0,0.0,4.199,81.6,99,0,60.0,2026-04-29T16:39:06.688474,4.223
2026-04-29T16:38:06.726957,107.21,0.7282,109.98,0.8173,1000.0,0.0,4.199,81.6,99,0,60.0,2026-04-29T16:39:06.726851,4.223
2026-04-29T16:38:07.711231,107.21,0.7282,110.01,0.8171,1000.0,0.0,4.199,81.6,99,0,60.0,2026-04-29T16:39:07.711062,4.224
2026-04-29T16:38:07.757730,107.25,0.7282,110.01,0.8147,1000.0,0.0,4.199,81.6,99,0,60.0,2026-04-29T16:39:07.757595,4.223
2026-04-29T16:38:07.793651,107.25,0.7282,110.01,0.8146,1000.0,0.0,4.199,81.6,99,0,60.0,2026-04-29T16:39:07.793551,4.223
2026-04-29T16:38:08.766475,107.27,0.7282,110.05,0.8154,1000.0,0.0,4.199,81.6,99,0,60.0,2026-04-29T16:39:08.766242,4.224
2026-04-29T16:38:08.809118,107.27,0.7308,110.04,0.8155,1000.0,0.0,4.199,81.6,99,0,60.0,2026-04-29T16:39:08.808991,4.223
2026-04-29T16:38:08.844949,107.27,0.7308,110.04,0.8162,1000.0,0.0,4.199,81.6,99,0,60.0,2026-04-29T16:39:08.844839,4.223
2026-04-29T16:38:09.820746,107.29,0.7308,110.07,0.8174,1000.0,0.0,4.199,81.6,99,0,60.0,2026-04-29T16:39:09.820598,4.223
2026-04-29T16:38:09.861830,107.29,0.734,110.06,0.8185,1000.0,0.0,4.199,81.6,99,0,60.0,2026-04-29T16:39:09.861712,4.223
2026-04-29T16:38:09.898231,107.29,0.734,110.06,0.8191,1000.0,0.0,4.199,81.6,99,0,60.0,2026-04-29T16:39:09.898081,4.223
2026-04-29T16:38:10.876456,107.31,0.734,110.09,0.8201,1000.0,0.0,4.199,81.6,99,0,60.0,2026-04-29T16:39:10.876277,4.223
2026-04-29T16:38:10.917422,107.31,0.734,110.08,0.8202,1000.0,0.0,4.199,81.6,99,0,60.0,2026-04-29T16:39:10.917301,4.223
2026-04-29T16:38:10.953502,107.31,0.734,110.08,0.8203,1000.0,0.0,4.199,81.6,99,0,60.0,2026-04-29T16:39:10.953367,4.223
2026-04-29T16:38:11.924508,107.34,0.7317,110.11,0.82,1000.0,0.0,4.199,81.6,99,0,60.0,2026-04-29T16:39:11.924348,4.223
2026-04-29T16:38:11.964415,107.34,0.7317,110.11,0.8193,1000.0,0.0,4.199,81.6,99,0,60.0,2026-04-29T16:39:11.964281,4.223
2026-04-29T16:38:12.949606,107.34,0.7317,110.14,0.8199,1000.0,0.0,4.199,81.6,99,0,60.0,2026-04-29T16:39:12.949407,4.224
2026-04-29T16:38:12.999620,107.36,0.7317,110.13,0.8189,1000.0,0.0,4.199,81.6,99,0,60.0,2026-04-29T16:39:12.998699,4.223
2026-04-29T16:38:13.096661,107.36,0.7317,110.13,0.8187,1000.0,0.0,4.199,81.6,99,0,60.0,2026-04-29T16:39:13.092757,4.223
2026-04-29T16:38:14.009336,107.39,0.7317,110.16,0.8193,1000.0,0.0,4.199,81.5,99,0,60.0,2026-04-29T16:39:14.009168,4.224
2026-04-29T16:38:14.054721,107.39,0.7375,110.16,0.8203,1000.0,0.0,4.199,81.5,99,0,60.0,2026-04-29T16:39:14.054527,4.223
2026-04-29T16:38:14.090003,107.39,0.7375,110.16,0.8217,1000.0,0.0,4.199,81.5,99,0,60.0,2026-04-29T16:39:14.089926,4.223
2026-04-29T16:38:15.086947,107.43,0.7375,110.19,0.8238,1000.0,0.0,4.199,81.5,99,0,60.0,2026-04-29T16:39:15.082181,4.224
2026-04-29T16:38:15.123095,107.43,0.7433,110.19,0.8263,1000.0,0.0,4.199,81.5,99,0,60.0,2026-04-29T16:39:15.123006,4.223
2026-04-29T16:38:15.158975,107.43,0.7433,110.19,0.8276,1000.0,0.0,4.199,81.5,99,0,60.0,2026-04-29T16:39:15.158832,4.223
2026-04-29T16:38:16.106559,107.45,0.7341,110.22,0.8283,1000.0,0.0,4.199,81.5,99,0,60.0,2026-04-29T16:39:16.106428,4.223
2026-04-29T16:38:16.142853,107.45,0.7433,110.21,0.8291,1000.0,0.0,4.199,81.5,99,0,60.0,2026-04-29T16:39:16.142717,4.223
2026-04-29T16:38:16.180645,107.45,0.7433,110.21,0.8294,1000.0,0.0,4.199,81.5,99,0,60.0,2026-04-29T16:39:16.180472,4.223
2026-04-29T16:38:17.142286,107.46,0.7443,110.23,0.8283,1000.0,0.0,4.199,81.5,99,0,60.0,2026-04-29T16:39:17.142116,4.223
2026-04-29T16:38:17.181360,107.46,0.7443,110.23,0.8294,1000.0,0.0,4.199,81.5,99,0,60.0,2026-04-29T16:39:17.181240,4.223
2026-04-29T16:38:18.187082,107.46,0.7443,110.26,0.8313,1000.0,0.0,4.199,81.5,99,0,60.0,2026-04-29T16:39:18.186899,4.224
2026-04-29T16:38:18.233938,107.48,0.7492,110.25,0.8329,1000.0,0.0,4.199,81.5,99,0,60.0,2026-04-29T16:39:18.233798,4.223
2026-04-29T16:38:18.271143,107.48,0.7492,110.25,0.8341,1000.0,0.0,4.199,81.5,99,0,60.0,2026-04-29T16:39:18.271040,4.223
2026-04-29T16:38:19.237389,107.49,0.7492,110.27,0.836,1000.0,0.0,4.199,81.5,98,0,60.0,2026-04-29T16:39:19.237219,4.224
2026-04-29T16:38:19.278608,107.49,0.751,110.26,0.8367,1000.0,0.0,4.199,81.5,98,0,60.0,2026-04-29T16:39:19.278490,4.223
2026-04-29T16:38:19.316729,107.49,0.751,110.26,0.8372,1000.0,0.0,4.199,81.5,98,0,60.0,2026-04-29T16:39:19.316613,4.223
2026-04-29T16:38:20.303404,107.51,0.7501,110.28,0.8383,1000.0,0.0,4.199,81.5,98,0,60.0,2026-04-29T16:39:20.303238,4.224
2026-04-29T16:38:20.345611,107.51,0.7501,110.28,0.8377,1000.0,0.0,4.199,81.5,98,0,60.0,2026-04-29T16:39:20.345474,4.223
2026-04-29T16:38:20.383423,107.51,0.7501,110.28,0.8375,1000.0,0.0,4.199,81.5,98,0,60.0,2026-04-29T16:39:20.383288,4.223
2026-04-29T16:38:21.358091,107.51,0.7492,110.29,0.8377,1000.0,0.0,4.199,81.5,99,0,60.0,2026-04-29T16:39:21.357911,4.223
2026-04-29T16:38:21.399691,107.51,0.7518,110.28,0.8382,1000.0,0.0,4.199,81.5,99,0,60.0,2026-04-29T16:39:21.399547,4.223
2026-04-29T16:38:21.436523,107.51,0.7518,110.28,0.8384,1000.0,0.0,4.199,81.5,99,0,60.0,2026-04-29T16:39:21.436391,4.223
2026-04-29T16:38:22.412590,107.53,0.7587,110.3,0.84,1000.0,0.0,4.199,81.5,99,0,60.0,2026-04-29T16:39:22.412451,4.223
2026-04-29T16:38:22.453131,107.53,0.7587,110.3,0.8425,1000.0,0.0,4.199,81.5,99,0,60.0,2026-04-29T16:39:22.453003,4.223
2026-04-29T16:38:23.434132,107.53,0.7587,110.33,0.845,1000.0,0.0,4.199,81.5,99,0,60.0,2026-04-29T16:39:23.433956,4.224
2026-04-29T16:38:23.481772,107.56,0.7596,110.33,0.8459,1000.0,0.0,4.199,81.5,99,0,60.0,2026-04-29T16:39:23.481558,4.223
2026-04-29T16:38:23.519026,107.56,0.7596,110.32,0.8463,1000.0,0.0,4.199,81.5,99,0,60.0,2026-04-29T16:39:23.518909,4.223
2026-04-29T16:38:24.481364,107.57,0.7596,110.35,0.8474,1000.0,0.0,4.199,81.5,99,0,60.0,2026-04-29T16:39:24.481132,4.224
2026-04-29T16:38:24.522754,107.57,0.7518,110.34,0.8435,1000.0,0.0,4.199,81.5,99,0,60.0,2026-04-29T16:39:24.522633,4.223
2026-04-29T16:38:24.558135,107.57,0.7518,110.34,0.8419,1000.0,0.0,4.199,81.5,99,0,60.0,2026-04-29T16:39:24.558023,4.223
2026-04-29T16:38:25.546017,107.58,0.751,110.36,0.8409,1000.0,0.0,4.199,81.5,99,0,60.0,2026-04-29T16:39:25.545852,4.224
2026-04-29T16:38:25.588614,107.58,0.7518,110.35,0.8399,1000.0,0.0,4.199,81.5,99,0,60.0,2026-04-29T16:39:25.588499,4.223
2026-04-29T16:38:25.624704,107.58,0.7518,110.35,0.8396,1000.0,0.0,4.199,81.5,99,0,60.0,2026-04-29T16:39:25.624567,4.223
2026-04-29T16:38:26.600810,107.62,0.7594,110.38,0.8409,1000.0,0.0,4.199,81.5,99,0,60.0,2026-04-29T16:39:26.600645,4.223
2026-04-29T16:38:26.641204,107.62,0.7596,110.38,0.8435,1000.0,0.0,4.199,81.5,99,0,60.0,2026-04-29T16:39:26.641051,4.223
2026-04-29T16:38:26.677993,107.62,0.7596,110.38,0.8446,1000.0,0.0,4.199,81.5,99,0,60.0,2026-04-29T16:39:26.677881,4.223
2026-04-29T16:38:27.646054,107.62,0.7594,110.4,0.8464,1000.0,0.0,4.199,81.5,99,0,60.0,2026-04-29T16:39:27.645906,4.223
2026-04-29T16:38:27.684339,107.62,0.7594,110.39,0.8465,1000.0,0.0,4.199,81.5,99,0,60.0,2026-04-29T16:39:27.684204,4.223
2026-04-29T16:38:28.677998,107.62,0.7594,110.42,0.8477,1000.0,0.0,4.199,81.5,99,0,60.0,2026-04-29T16:39:28.677822,4.224
2026-04-29T16:38:28.725145,107.66,0.7585,110.42,0.8468,1000.0,0.0,4.199,81.5,99,0,60.0,2026-04-29T16:39:28.725000,4.223
2026-04-29T16:38:28.764976,107.66,0.7585,110.42,0.8465,1000.0,0.0,4.199,81.5,99,0,60.0,2026-04-29T16:39:28.764752,4.223
2026-04-29T16:38:29.735648,107.68,0.7585,110.46,0.8471,1000.0,0.0,4.199,81.5,98,0,60.0,2026-04-29T16:39:29.735472,4.224
2026-04-29T16:38:29.780148,107.68,0.7636,110.45,0.8476,1000.0,0.0,4.199,81.5,98,0,60.0,2026-04-29T16:39:29.779980,4.223
2026-04-29T16:38:29.817387,107.68,0.7636,110.45,0.8488,1000.0,0.0,4.199,81.5,98,0,60.0,2026-04-29T16:39:29.817247,4.223
2026-04-29T16:38:30.788572,107.7,0.756,110.48,0.8496,1000.0,0.0,4.199,81.5,98,0,60.0,2026-04-29T16:39:30.788418,4.223
2026-04-29T16:38:30.830276,107.7,0.7668,110.47,0.8517,1000.0,0.0,4.199,81.5,98,0,60.0,2026-04-29T16:39:30.830134,4.223
2026-04-29T16:38:30.867884,107.7,0.7668,110.47,0.8526,1000.0,0.0,4.199,81.5,98,0,60.0,2026-04-29T16:39:30.867745,4.223
2026-04-29T16:38:31.842853,107.73,0.7668,110.5,0.8543,1000.0,0.0,4.199,81.5,99,0,60.0,2026-04-29T16:39:31.842693,4.223
2026-04-29T16:38:31.883543,107.73,0.7695,110.5,0.8556,1000.0,0.0,4.199,81.5,99,0,60.0,2026-04-29T16:39:31.883410,4.223
2026-04-29T16:38:31.920112,107.73,0.7695,110.5,0.8561,1000.0,0.0,4.199,81.5,99,0,60.0,2026-04-29T16:39:31.919993,4.223
2026-04-29T16:38:32.895166,107.76,0.7686,110.53,0.8564,1000.0,0.0,4.199,81.5,99,0,60.0,2026-04-29T16:39:32.895021,4.223
2026-04-29T16:38:32.935781,107.76,0.7686,110.53,0.8564,1000.0,0.0,4.199,81.5,99,0,60.0,2026-04-29T16:39:32.935641,4.223
2026-04-29T16:38:33.918110,107.76,0.7686,110.56,0.8574,1000.0,0.0,4.199,81.5,99,0,60.0,2026-04-29T16:39:33.917917,4.224
2026-04-29T16:38:33.965739,107.79,0.7686,110.56,0.8561,1000.0,0.0,4.199,81.5,99,0,60.0,2026-04-29T16:39:33.965454,4.223
2026-04-29T16:38:34.002532,107.79,0.7686,110.56,0.8562,1000.0,0.0,4.199,81.5,99,0,60.0,2026-04-29T16:39:34.002392,4.223
2026-04-29T16:38:34.972666,107.81,0.7686,110.59,0.8572,1000.0,0.0,4.199,81.5,99,0,60.0,2026-04-29T16:39:34.972505,4.224
2026-04-29T16:38:35.069477,107.81,0.7703,110.58,0.8576,1000.0,0.0,4.199,81.5,99,0,60.0,2026-04-29T16:39:35.055586,4.223
2026-04-29T16:38:35.117263,107.81,0.7703,110.58,0.8579,1000.0,0.0,4.199,81.5,99,0,60.0,2026-04-29T16:39:35.117143,4.223
2026-04-29T16:38:36.027231,107.85,0.7703,110.61,0.8588,1000.0,0.0,4.199,81.5,99,0,60.0,2026-04-29T16:39:36.027079,4.223
2026-04-29T16:38:36.068950,107.85,0.7703,110.62,0.8578,1000.0,0.0,4.199,81.4,99,0,60.0,2026-04-29T16:39:36.068811,4.223
2026-04-29T16:38:36.104071,107.85,0.7703,110.62,0.858,1000.0,0.0,4.199,81.4,99,0,60.0,2026-04-29T16:39:36.103980,4.223
2026-04-29T16:38:37.100064,107.89,0.7611,110.65,0.8561,1000.0,0.0,4.199,81.4,99,0,60.0,2026-04-29T16:39:37.099905,4.223
2026-04-29T16:38:37.137808,107.89,0.7753,110.65,0.8592,1000.0,0.0,4.199,81.4,99,0,60.0,2026-04-29T16:39:37.137700,4.223
2026-04-29T16:38:37.174744,107.89,0.7753,110.65,0.8607,1000.0,0.0,4.199,81.4,99,0,60.0,2026-04-29T16:39:37.174622,4.223
2026-04-29T16:38:38.119605,107.91,0.7753,110.68,0.8621,1000.0,0.0,4.199,81.4,99,0,60.0,2026-04-29T16:39:38.119472,4.223
2026-04-29T16:38:38.155856,107.91,0.7753,110.67,0.8626,1000.0,0.0,4.199,81.4,99,0,60.0,2026-04-29T16:39:38.155724,4.223
2026-04-29T16:38:39.134255,107.91,0.7753,110.71,0.8641,1000.0,0.0,4.199,81.4,99,0,60.0,2026-04-29T16:39:39.134115,4.224
2026-04-29T16:38:39.170792,107.93,0.7695,110.7,0.8609,1000.0,0.0,4.199,81.4,99,0,60.0,2026-04-29T16:39:39.170658,4.223
2026-04-29T16:38:39.206361,107.93,0.7695,110.69,0.8596,1000.0,0.0,4.199,81.4,99,0,60.0,2026-04-29T16:39:39.206268,4.223
2026-04-29T16:38:40.204591,107.95,0.7695,110.72,0.8595,1000.0,0.0,4.199,81.4,99,0,60.0,2026-04-29T16:39:40.204423,4.224
2026-04-29T16:38:40.247698,107.95,0.7745,110.72,0.8596,1000.0,0.0,4.199,81.4,99,0,60.0,2026-04-29T16:39:40.247507,4.223
2026-04-29T16:38:40.285454,107.95,0.7745,110.72,0.8607,1000.0,0.0,4.199,81.4,99,0,60.0,2026-04-29T16:39:40.285334,4.223
2026-04-29T16:38:41.254745,107.95,0.7745,110.74,0.8624,1000.0,0.0,4.199,81.4,99,0,60.0,2026-04-29T16:39:41.254587,4.224
2026-04-29T16:38:41.295842,107.95,0.7663,110.72,0.8586,1000.0,0.0,4.199,81.4,99,0,60.0,2026-04-29T16:39:41.295734,4.223
2026-04-29T16:38:41.332501,107.95,0.7663,110.72,0.8572,1000.0,0.0,4.199,81.4,99,0,60.0,2026-04-29T16:39:41.332355,4.223
2026-04-29T16:38:42.318678,107.97,0.7644,110.74,0.8557,1000.0,0.0,4.199,81.4,99,0,60.0,2026-04-29T16:39:42.318528,4.223
2026-04-29T16:38:42.359010,107.97,0.7663,110.74,0.8552,1000.0,0.0,4.199,81.4,99,0,60.0,2026-04-29T16:39:42.358879,4.223
2026-04-29T16:38:42.395369,107.97,0.7663,110.74,0.855,1000.0,0.0,4.199,81.4,99,0,60.0,2026-04-29T16:39:42.395278,4.223
2026-04-29T16:38:43.375500,108.0,0.7746,110.76,0.8563,1000.0,0.0,4.199,81.4,99,0,60.0,2026-04-29T16:39:43.375344,4.223
2026-04-29T16:38:43.414419,108.0,0.7746,110.76,0.8589,1000.0,0.0,4.199,81.4,99,0,60.0,2026-04-29T16:39:43.414267,4.223
2026-04-29T16:38:44.383646,108.0,0.7746,110.8,0.8618,1000.0,0.0,4.199,81.4,99,0,60.0,2026-04-29T16:39:44.383492,4.224
2026-04-29T16:38:44.423535,108.01,0.7763,110.78,0.8627,1000.0,0.0,4.199,81.4,99,0,60.0,2026-04-29T16:39:44.423410,4.223
2026-04-29T16:38:44.459628,108.01,0.7763,110.78,0.8634,1000.0,0.0,4.199,81.4,99,0,60.0,2026-04-29T16:39:44.459512,4.223
2026-04-29T16:38:45.452217,108.02,0.7763,110.81,0.8649,1000.0,0.0,4.199,81.4,99,0,60.0,2026-04-29T16:39:45.452042,4.224
2026-04-29T16:38:45.497129,108.02,0.7872,110.79,0.8684,1000.0,0.0,4.199,81.4,99,0,60.0,2026-04-29T16:39:45.496996,4.223
2026-04-29T16:38:45.533602,108.02,0.7872,110.79,0.8711,1000.0,0.0,4.199,81.4,99,0,60.0,2026-04-29T16:39:45.533451,4.223
2026-04-29T16:38:46.508507,108.03,0.7872,110.81,0.8743,1000.0,0.0,4.199,81.4,99,0,60.0,2026-04-29T16:39:46.508327,4.224
2026-04-29T16:38:46.551460,108.03,0.783,110.8,0.873,1000.0,0.0,4.199,81.4,99,0,60.0,2026-04-29T16:39:46.551323,4.223
2026-04-29T16:38:46.588451,108.03,0.783,110.8,0.8725,1000.0,0.0,4.199,81.4,99,0,60.0,2026-04-29T16:39:46.588342,4.223
2026-04-29T16:38:47.543946,108.06,0.7722,110.83,0.8695,1000.0,0.0,4.199,81.4,99,0,60.0,2026-04-29T16:39:47.543819,4.223
2026-04-29T16:38:47.582354,108.06,0.783,110.83,0.8703,1000.0,0.0,4.199,81.4,99,0,60.0,2026-04-29T16:39:47.582124,4.223
2026-04-29T16:38:47.619869,108.06,0.783,110.82,0.8707,1000.0,0.0,4.199,81.4,99,0,60.0,2026-04-29T16:39:47.619737,4.223
2026-04-29T16:38:48.616765,108.06,0.7821,110.84,0.8701,1000.0,0.0,4.199,81.4,99,0,60.0,2026-04-29T16:39:48.616607,4.223
2026-04-29T16:38:48.655502,108.06,0.7821,110.83,0.8703,1000.0,0.0,4.199,81.4,99,0,60.0,2026-04-29T16:39:48.655394,4.223
2026-04-29T16:38:49.638047,108.06,0.7821,110.86,0.8715,1000.0,0.0,4.199,81.4,99,0,60.0,2026-04-29T16:39:49.637803,4.224
2026-04-29T16:38:49.685312,108.11,0.7821,110.87,0.8709,1000.0,0.0,4.199,81.4,99,0,60.0,2026-04-29T16:39:49.685156,4.223
2026-04-29T16:38:49.722728,108.11,0.7821,110.87,0.8708,1000.0,0.0,4.199,81.4,99,0,60.0,2026-04-29T16:39:49.722617,4.223
2026-04-29T16:38:50.692965,108.12,0.7821,110.9,0.8717,1000.0,0.0,4.199,81.4,99,0,60.0,2026-04-29T16:39:50.692802,4.224
2026-04-29T16:38:50.736869,108.12,0.787,110.89,0.8732,1000.0,0.0,4.199,81.4,99,0,60.0,2026-04-29T16:39:50.736720,4.223
2026-04-29T16:38:50.772745,108.12,0.787,110.89,0.8741,1000.0,0.0,4.199,81.4,99,0,60.0,2026-04-29T16:39:50.772637,4.223
2026-04-29T16:38:51.748529,108.16,0.7866,110.92,0.8757,1000.0,0.0,4.199,81.4,99,0,60.0,2026-04-29T16:39:51.748324,4.224
2026-04-29T16:38:51.790536,108.16,0.787,110.92,0.8756,1000.0,0.0,4.199,81.4,99,0,60.0,2026-04-29T16:39:51.790381,4.223
2026-04-29T16:38:51.826979,108.16,0.787,110.92,0.8757,1000.0,0.0,4.199,81.4,99,0,60.0,2026-04-29T16:39:51.826813,4.223
2026-04-29T16:38:52.802589,108.19,0.783,110.96,0.8756,1000.0,0.0,4.199,81.4,99,0,60.0,2026-04-29T16:39:52.802413,4.223
2026-04-29T16:38:52.842131,108.19,0.783,110.96,0.874,1000.0,0.0,4.199,81.4,99,0,60.0,2026-04-29T16:39:52.841995,4.223
2026-04-29T16:38:52.878687,108.19,0.783,110.96,0.8733,1000.0,0.0,4.199,81.4,99,0,60.0,2026-04-29T16:39:52.878568,4.223
2026-04-29T16:38:53.855690,108.24,0.7821,111.0,0.8726,1000.0,0.0,4.199,81.4,99,0,60.0,2026-04-29T16:39:53.855529,4.223
2026-04-29T16:38:53.894991,108.24,0.7821,111.0,0.872,1000.0,0.0,4.199,81.4,99,0,60.0,2026-04-29T16:39:53.894871,4.223
2026-04-29T16:38:54.875795,108.24,0.7821,111.04,0.8726,1000.0,0.0,4.199,81.4,99,0,60.0,2026-04-29T16:39:54.875593,4.224
2026-04-29T16:38:54.923038,108.29,0.7838,111.05,0.8722,1000.0,0.0,4.199,81.3,99,0,60.0,2026-04-29T16:39:54.922915,4.223
2026-04-29T16:38:54.959559,108.29,0.7838,111.05,0.8724,1000.0,0.0,4.199,81.3,99,0,60.0,2026-04-29T16:39:54.959420,4.223
2026-04-29T16:38:55.933284,108.35,0.7838,111.09,0.8735,1000.0,0.0,4.199,81.3,99,0,60.0,2026-04-29T16:39:55.933070,4.224
2026-04-29T16:38:55.976247,108.35,0.7771,111.1,0.8702,1000.0,0.0,4.199,81.3,99,0,60.0,2026-04-29T16:39:55.976109,4.223
2026-04-29T16:38:56.012052,108.35,0.7771,111.1,0.8688,1000.0,0.0,4.199,81.3,99,0,60.0,2026-04-29T16:39:56.011934,4.223
2026-04-29T16:38:56.990088,108.39,0.7763,111.14,0.868,1000.0,0.0,4.199,81.3,99,0,60.0,2026-04-29T16:39:56.989793,4.223
2026-04-29T16:38:57.091629,108.39,0.7771,111.15,0.8671,1000.0,0.0,4.199,81.3,99,0,60.0,2026-04-29T16:39:57.091500,4.223
2026-04-29T16:38:57.127162,108.39,0.7771,111.15,0.8668,1000.0,0.0,4.199,81.3,99,0,60.0,2026-04-29T16:39:57.127041,4.223
2026-04-29T16:38:58.043876,108.45,0.7881,111.19,0.8686,1000.0,0.0,4.199,81.3,99,0,60.0,2026-04-29T16:39:58.043719,4.223
2026-04-29T16:38:58.083588,108.45,0.7897,111.2,0.8731,1000.0,0.0,4.199,81.3,99,0,60.0,2026-04-29T16:39:58.083468,4.223
2026-04-29T16:38:58.119751,108.45,0.7897,111.2,0.875,1000.0,0.0,4.199,81.3,99,0,60.0,2026-04-29T16:39:58.119640,4.223
2026-04-29T16:38:59.099367,108.52,0.7965,111.26,0.8798,1000.0,0.0,4.199,81.3,99,0,60.0,2026-04-29T16:39:59.099222,4.223
2026-04-29T16:38:59.134828,108.52,0.7965,111.27,0.8823,1000.0,0.0,4.199,81.3,99,0,60.0,2026-04-29T16:39:59.134732,4.223
2026-04-29T16:39:00.107391,108.52,0.7965,111.31,0.885,1000.0,0.0,4.199,81.3,99,0,60.0,2026-04-29T16:40:00.107255,4.224
2026-04-29T16:39:00.145553,108.55,0.7906,111.31,0.8833,1000.0,0.0,4.199,81.3,99,0,60.0,2026-04-29T16:40:00.145411,4.223
2026-04-29T16:39:00.182247,108.55,0.7906,111.31,0.8821,1000.0,0.0,4.199,81.3,99,0,60.0,2026-04-29T16:40:00.182129,4.223
2026-04-29T16:39:01.150075,108.6,0.7906,111.35,0.8821,1000.0,0.0,4.199,81.3,99,0,60.0,2026-04-29T16:40:01.149872,4.224
2026-04-29T16:39:01.188204,108.6,0.7906,111.36,0.8807,1000.0,0.0,4.199,81.3,99,0,60.0,2026-04-29T16:40:01.188068,4.223
2026-04-29T16:39:01.224983,108.6,0.7906,111.36,0.8805,1000.0,0.0,4.199,81.3,99,0,60.0,2026-04-29T16:40:01.224877,4.223
2026-04-29T16:39:02.226786,108.65,0.7879,111.4,0.8807,1000.0,0.0,4.199,81.3,99,0,60.0,2026-04-29T16:40:02.226639,4.224
2026-04-29T16:39:02.270211,108.65,0.7965,111.41,0.883,1000.0,0.0,4.199,81.3,99,0,60.0,2026-04-29T16:40:02.270071,4.223
2026-04-29T16:39:02.307191,108.65,0.7965,111.41,0.8842,1000.0,0.0,4.199,81.3,99,0,60.0,2026-04-29T16:40:02.307078,4.223
2026-04-29T16:39:03.274269,108.7,0.7965,111.45,0.8856,1000.0,0.0,4.199,81.3,99,0,60.0,2026-04-29T16:40:03.274125,4.223
2026-04-29T16:39:03.313893,108.7,0.7965,111.46,0.886,1000.0,0.0,4.199,81.3,99,0,60.0,2026-04-29T16:40:03.313790,4.223
2026-04-29T16:39:03.360028,108.7,0.7965,111.46,0.8861,1000.0,0.0,4.199,81.3,99,0,60.0,2026-04-29T16:40:03.359886,4.223
2026-04-29T16:39:04.337021,108.74,0.7983,111.5,0.8871,1000.0,0.0,4.199,81.2,99,0,60.0,2026-04-29T16:40:04.336904,4.223
2026-04-29T16:39:04.376068,108.74,0.7983,111.5,0.8876,1000.0,0.0,4.199,81.2,99,0,60.0,2026-04-29T16:40:04.375943,4.223
2026-04-29T16:39:05.358820,108.74,0.7983,111.53,0.889,1000.0,0.0,4.199,81.2,99,0,60.0,2026-04-29T16:40:05.358628,4.224
2026-04-29T16:39:05.406333,108.81,0.799,111.55,0.8888,1000.0,0.0,4.199,81.2,99,0,60.0,2026-04-29T16:40:05.406209,4.223
2026-04-29T16:39:05.442597,108.81,0.799,111.56,0.8891,1000.0,0.0,4.199,81.2,99,0,60.0,2026-04-29T16:40:05.442443,4.223
2026-04-29T16:39:06.413775,108.85,0.799,111.59,0.89,1000.0,0.0,4.199,81.2,99,0,60.0,2026-04-29T16:40:06.413601,4.224
2026-04-29T16:39:06.458501,108.85,0.8014,111.59,0.8904,1000.0,0.0,4.199,81.2,99,0,60.0,2026-04-29T16:40:06.458354,4.223
2026-04-29T16:39:06.495005,108.85,0.8014,111.6,0.8909,1000.0,0.0,4.199,81.2,99,0,60.0,2026-04-29T16:40:06.494889,4.223
2026-04-29T16:39:07.460915,108.88,0.8014,111.63,0.8921,1000.0,0.0,4.199,81.2,99,0,60.0,2026-04-29T16:40:07.460781,4.223
2026-04-29T16:39:07.501521,108.88,0.8016,111.63,0.892,1000.0,0.0,4.199,81.2,99,0,60.0,2026-04-29T16:40:07.501391,4.223
2026-04-29T16:39:07.539466,108.88,0.8016,111.63,0.892,1000.0,0.0,4.199,81.2,99,0,60.0,2026-04-29T16:40:07.539359,4.223
2026-04-29T16:39:08.523234,108.91,0.7983,111.66,0.8917,1000.0,0.0,4.199,81.2,99,0,60.0,2026-04-29T16:40:08.523069,4.223
2026-04-29T16:39:08.565150,108.91,0.8016,111.66,0.8918,1000.0,0.0,4.199,81.2,99,0,60.0,2026-04-29T16:40:08.565003,4.223
2026-04-29T16:39:08.602530,108.91,0.8016,111.66,0.8919,1000.0,0.0,4.199,81.2,99,0,60.0,2026-04-29T16:40:08.602404,4.223
2026-04-29T16:39:09.578099,108.96,0.8032,111.7,0.8915,1000.0,0.0,4.199,81.2,99,0,60.0,2026-04-29T16:40:09.577949,4.223
2026-04-29T16:39:09.616270,108.96,0.8032,111.71,0.8924,1000.0,0.0,4.199,81.2,99,0,60.0,2026-04-29T16:40:09.616050,4.223
2026-04-29T16:39:10.595323,108.96,0.8032,111.74,0.8941,1000.0,0.0,4.199,81.2,99,0,60.0,2026-04-29T16:40:10.595144,4.224
2026-04-29T16:39:10.641079,109.01,0.8005,111.75,0.8915,1000.0,0.0,4.199,81.2,99,0,60.0,2026-04-29T16:40:10.640956,4.223
2026-04-29T16:39:10.677664,109.01,0.8005,111.76,0.8914,1000.0,0.0,4.199,81.2,99,0,60.0,2026-04-29T16:40:10.677537,4.223
2026-04-29T16:39:11.656268,109.05,0.8005,111.79,0.8922,1000.0,0.0,4.199,81.2,99,0,60.0,2026-04-29T16:40:11.656104,4.224
2026-04-29T16:39:11.700192,109.05,0.8007,111.8,0.8918,1000.0,0.0,4.199,81.2,99,0,60.0,2026-04-29T16:40:11.700039,4.223
2026-04-29T16:39:11.737484,109.05,0.8007,111.8,0.8916,1000.0,0.0,4.199,81.2,99,0,60.0,2026-04-29T16:40:11.737354,4.223
2026-04-29T16:39:12.708604,109.08,0.8005,111.83,0.8922,1000.0,0.0,4.199,81.2,99,0,60.0,2026-04-29T16:40:12.708428,4.224
2026-04-29T16:39:12.750827,109.08,0.8109,111.83,0.896,1000.0,0.0,4.199,81.2,99,0,60.0,2026-04-29T16:40:12.750695,4.223
2026-04-29T16:39:12.787018,109.08,0.8109,111.83,0.8979,1000.0,0.0,4.199,81.2,99,0,60.0,2026-04-29T16:40:12.786878,4.223
2026-04-29T16:39:13.767634,109.14,0.81,111.88,0.9007,1000.0,0.0,4.199,81.2,99,0,60.0,2026-04-29T16:40:13.767457,4.223
2026-04-29T16:39:13.807883,109.14,0.81,111.89,0.9009,1000.0,0.0,4.199,81.2,99,0,60.0,2026-04-29T16:40:13.807770,4.223
2026-04-29T16:39:13.844245,109.14,0.81,111.89,0.9009,1000.0,0.0,4.199,81.2,99,0,60.0,2026-04-29T16:40:13.844109,4.223
2026-04-29T16:39:14.821407,109.18,0.81,111.93,0.9016,1000.0,0.0,4.199,81.1,99,0,60.0,2026-04-29T16:40:14.821250,4.223
2026-04-29T16:39:14.870330,109.18,0.81,111.93,0.9014,1000.0,0.0,4.199,81.1,99,0,60.0,2026-04-29T16:40:14.870196,4.223
2026-04-29T16:39:15.841350,109.18,0.81,111.97,0.9023,1000.0,0.0,4.199,81.1,99,0,60.0,2026-04-29T16:40:15.841103,4.224
2026-04-29T16:39:15.891000,109.23,0.8109,111.98,0.902,1000.0,0.0,4.199,81.1,99,0,60.0,2026-04-29T16:40:15.890822,4.223
2026-04-29T16:39:15.928341,109.23,0.8109,111.98,0.9021,1000.0,0.0,4.199,81.1,99,0,60.0,2026-04-29T16:40:15.928188,4.223
2026-04-29T16:39:16.896040,109.28,0.8109,112.02,0.9029,1000.0,0.0,4.199,81.1,99,0,60.0,2026-04-29T16:40:16.895852,4.224
2026-04-29T16:39:16.940547,109.28,0.8176,112.02,0.9045,1000.0,0.0,4.199,81.1,99,0,60.0,2026-04-29T16:40:16.940424,4.223
2026-04-29T16:39:16.976565,109.28,0.8176,112.03,0.906,1000.0,0.0,4.199,81.1,99,0,60.0,2026-04-29T16:40:16.976447,4.223
2026-04-29T16:39:17.952968,109.31,0.81,112.06,0.9072,1000.0,0.0,4.199,81.1,99,0,60.0,2026-04-29T16:40:17.952797,4.224
2026-04-29T16:39:17.999165,109.31,0.8058,112.06,0.9024,1000.0,0.0,4.199,81.1,99,0,60.0,2026-04-29T16:40:17.998889,4.223
2026-04-29T16:39:18.046217,109.31,0.8058,112.06,0.9006,1000.0,0.0,4.199,81.1,99,0,60.0,2026-04-29T16:40:18.046084,4.223
2026-04-29T16:39:19.006620,109.35,0.8007,112.1,0.8981,1000.0,0.0,4.199,81.1,99,0,60.0,2026-04-29T16:40:19.005805,4.223
2026-04-29T16:39:19.124523,109.35,0.8023,112.1,0.8962,1000.0,0.0,4.199,81.1,99,0,60.0,2026-04-29T16:40:19.124281,4.223
2026-04-29T16:39:19.170969,109.35,0.8023,112.1,0.8953,1000.0,0.0,4.199,81.1,99,0,60.0,2026-04-29T16:40:19.170840,4.223
2026-04-29T16:39:20.055168,109.39,0.8023,112.14,0.8945,1000.0,0.0,4.199,81.1,99,0,60.0,2026-04-29T16:40:20.054975,4.223
2026-04-29T16:39:20.106519,109.39,0.8023,112.14,0.8942,1000.0,0.0,4.199,81.1,99,0,60.0,2026-04-29T16:40:20.106401,4.223
2026-04-29T16:39:21.089523,109.39,0.8023,112.17,0.8951,1000.0,0.0,4.199,81.1,99,0,60.0,2026-04-29T16:40:21.089335,4.224
2026-04-29T16:39:21.138357,109.43,0.8184,112.18,0.8983,1000.0,0.0,4.199,81.1,99,0,60.0,2026-04-29T16:40:21.138233,4.223
2026-04-29T16:39:21.186927,109.43,0.8184,112.18,0.9028,1000.0,0.0,4.199,81.1,99,0,60.0,2026-04-29T16:40:21.186790,4.223
2026-04-29T16:39:22.122619,109.48,0.8184,112.22,0.9073,1000.0,0.0,4.199,81.1,99,0,60.0,2026-04-29T16:40:22.122476,4.224
2026-04-29T16:39:22.166286,109.48,0.8253,112.22,0.9108,1000.0,0.0,4.199,81.1,99,0,60.0,2026-04-29T16:40:22.166065,4.223
2026-04-29T16:39:22.211482,109.48,0.8253,112.23,0.9131,1000.0,0.0,4.199,81.1,99,0,60.0,2026-04-29T16:40:22.211351,4.223
2026-04-29T16:39:23.170153,109.52,0.8253,112.27,0.9161,1000.0,0.0,4.199,81.1,99,0,60.0,2026-04-29T16:40:23.170012,4.223
2026-04-29T16:39:23.215367,109.52,0.8253,112.27,0.9162,1000.0,0.0,4.199,81.1,99,0,60.0,2026-04-29T16:40:23.215232,4.223
2026-04-29T16:39:23.262469,109.52,0.8253,112.27,0.9166,1000.0,0.0,4.199,81.1,99,0,60.0,2026-04-29T16:40:23.262302,4.223
2026-04-29T16:39:24.239956,109.55,0.821,112.3,0.9164,1000.0,0.0,4.199,81.1,99,0,60.0,2026-04-29T16:40:24.239810,4.223
2026-04-29T16:39:24.285697,109.55,0.8284,112.3,0.9182,1000.0,0.0,4.199,81.1,99,0,60.0,2026-04-29T16:40:24.285542,4.223
2026-04-29T16:39:24.332357,109.55,0.8284,112.31,0.9189,1000.0,0.0,4.199,81.1,99,0,60.0,2026-04-29T16:40:24.332158,4.223
2026-04-29T16:39:25.277855,109.58,0.8362,112.34,0.9214,1000.0,0.0,4.199,81.1,99,0,60.0,2026-04-29T16:40:25.277705,4.223
2026-04-29T16:39:25.324595,109.58,0.8362,112.34,0.9241,1000.0,0.0,4.199,81.1,99,0,60.0,2026-04-29T16:40:25.324469,4.223
2026-04-29T16:39:26.317845,109.58,0.8362,112.37,0.9271,1000.0,0.0,4.199,81.1,99,0,60.0,2026-04-29T16:40:26.317672,4.224
2026-04-29T16:39:26.366866,109.6,0.8339,112.36,0.9258,1000.0,0.0,4.199,81.1,99,0,60.0,2026-04-29T16:40:26.366718,4.223
2026-04-29T16:39:26.412464,109.6,0.8339,112.36,0.9259,1000.0,0.0,4.199,81.1,99,0,60.0,2026-04-29T16:40:26.412336,4.223
2026-04-29T16:39:27.371497,109.64,0.8339,112.39,0.9269,1000.0,0.0,4.199,81.0,99,0,60.0,2026-04-29T16:40:27.371330,4.224
2026-04-29T16:39:27.420976,109.64,0.8286,112.39,0.9239,1000.0,0.0,4.199,81.0,99,0,60.0,2026-04-29T16:40:27.420869,4.223
2026-04-29T16:39:27.471566,109.64,0.8286,112.4,0.9228,1000.0,0.0,4.199,81.0,99,0,60.0,2026-04-29T16:40:27.471416,4.223
2026-04-29T16:39:28.428948,109.66,0.8244,112.43,0.9218,1000.0,0.0,4.199,81.0,99,0,60.0,2026-04-29T16:40:28.428792,4.224
2026-04-29T16:39:28.484686,109.66,0.8286,112.42,0.921,1000.0,0.0,4.199,81.0,99,0,60.0,2026-04-29T16:40:28.484505,4.223
2026-04-29T16:39:28.528654,109.66,0.8286,112.42,0.921,1000.0,0.0,4.199,81.0,99,0,60.0,2026-04-29T16:40:28.528525,4.223
2026-04-29T16:39:29.465237,109.68,0.8302,112.45,0.9212,1000.0,0.0,4.199,81.0,99,0,60.0,2026-04-29T16:40:29.464976,4.223
2026-04-29T16:39:29.510272,109.68,0.8302,112.44,0.9217,1000.0,0.0,4.199,81.0,99,0,60.0,2026-04-29T16:40:29.510126,4.223
2026-04-29T16:39:29.559425,109.68,0.8302,112.44,0.922,1000.0,0.0,4.199,81.0,99,0,60.0,2026-04-29T16:40:29.559276,4.223
2026-04-29T16:39:30.535616,109.71,0.8302,112.47,0.9211,1000.0,0.0,4.199,81.0,99,0,60.0,2026-04-29T16:40:30.535446,4.223
2026-04-29T16:39:30.579208,109.71,0.8302,112.47,0.9217,1000.0,0.0,4.199,81.0,99,0,60.0,2026-04-29T16:40:30.579080,4.223
2026-04-29T16:39:31.558133,109.71,0.8302,112.5,0.9232,1000.0,0.0,4.199,81.0,99,0,60.0,2026-04-29T16:40:31.557964,4.224
2026-04-29T16:39:31.606003,109.75,0.8419,112.5,0.9255,1000.0,0.0,4.199,81.0,99,0,60.0,2026-04-29T16:40:31.605869,4.223
2026-04-29T16:39:31.649378,109.75,0.8419,112.5,0.9289,1000.0,0.0,4.199,81.0,99,0,60.0,2026-04-29T16:40:31.649183,4.223
2026-04-29T16:39:32.604333,109.76,0.8419,112.53,0.9326,1000.0,0.0,4.199,81.0,99,0,60.0,2026-04-29T16:40:32.604142,4.224
2026-04-29T16:39:32.647335,109.76,0.8438,112.52,0.9331,1000.0,0.0,4.199,81.0,99,0,60.0,2026-04-29T16:40:32.647153,4.223
2026-04-29T16:39:32.690130,109.76,0.8438,112.52,0.9343,1000.0,0.0,4.199,81.0,99,0,60.0,2026-04-29T16:40:32.690004,4.223
2026-04-29T16:39:33.666997,109.79,0.8438,112.55,0.9362,1000.0,0.0,4.199,81.0,99,0,60.0,2026-04-29T16:40:33.666777,4.224
2026-04-29T16:39:33.711319,109.79,0.8438,112.54,0.9363,1000.0,0.0,4.199,81.0,99,0,60.0,2026-04-29T16:40:33.711196,4.223
2026-04-29T16:39:33.755477,109.79,0.8438,112.54,0.9364,1000.0,0.0,4.199,81.0,99,0,60.0,2026-04-29T16:40:33.755335,4.223
2026-04-29T16:39:34.722756,109.82,0.8243,112.57,0.9339,1000.0,0.0,4.199,81.0,99,0,60.0,2026-04-29T16:40:34.722607,4.223
2026-04-29T16:39:34.764300,109.82,0.8302,112.57,0.9292,1000.0,0.0,4.199,81.0,99,0,60.0,2026-04-29T16:40:34.764181,4.223
2026-04-29T16:39:34.806133,109.82,0.8302,112.57,0.9271,1000.0,0.0,4.199,81.0,99,0,60.0,2026-04-29T16:40:34.805992,4.223
2026-04-29T16:39:35.777164,109.84,0.8302,112.6,0.9237,1000.0,0.0,4.199,81.0,99,0,60.0,2026-04-29T16:40:35.777016,4.223
2026-04-29T16:39:35.820685,109.84,0.8302,112.6,0.9233,1000.0,0.0,4.199,81.0,99,0,60.0,2026-04-29T16:40:35.820536,4.223
2026-04-29T16:39:36.798136,109.84,0.8302,112.63,0.9242,1000.0,0.0,4.199,81.0,99,0,60.0,2026-04-29T16:40:36.797955,4.224
2026-04-29T16:39:36.844943,109.85,0.8429,112.61,0.9276,1000.0,0.0,4.199,81.0,99,0,60.0,2026-04-29T16:40:36.844816,4.223
2026-04-29T16:39:36.886411,109.85,0.8429,112.61,0.9307,1000.0,0.0,4.199,81.0,99,0,60.0,2026-04-29T16:40:36.886280,4.223
2026-04-29T16:39:37.856348,109.87,0.8429,112.64,0.9341,1000.0,0.0,4.199,81.0,99,0,60.0,2026-04-29T16:40:37.856194,4.224
2026-04-29T16:39:37.902006,109.87,0.848,112.63,0.9367,1000.0,0.0,4.199,81.0,99,0,60.0,2026-04-29T16:40:37.901866,4.223
2026-04-29T16:39:37.945333,109.87,0.848,112.63,0.9382,1000.0,0.0,4.199,81.0,99,0,60.0,2026-04-29T16:40:37.945208,4.223
2026-04-29T16:39:38.907283,109.9,0.8469,112.66,0.9403,1000.0,0.0,4.199,81.0,99,0,60.0,2026-04-29T16:40:38.907138,4.224
2026-04-29T16:39:38.949493,109.9,0.8505,112.65,0.9418,1000.0,0.0,4.199,81.0,99,0,60.0,2026-04-29T16:40:38.949258,4.223
2026-04-29T16:39:38.991216,109.9,0.8505,112.65,0.9424,1000.0,0.0,4.199,81.0,99,0,60.0,2026-04-29T16:40:38.990500,4.223
2026-04-29T16:39:39.961170,109.92,0.8438,112.68,0.9422,1000.0,0.0,4.199,81.0,99,0,60.0,2026-04-29T16:40:39.961015,4.223
2026-04-29T16:39:40.004118,109.92,0.8438,112.68,0.9399,1000.0,0.0,4.199,81.0,99,0,60.0,2026-04-29T16:40:40.003969,4.223
2026-04-29T16:39:40.045828,109.92,0.8438,112.68,0.9389,1000.0,0.0,4.199,81.0,99,0,60.0,2026-04-29T16:40:40.045671,4.223
2026-04-29T16:39:41.035545,109.94,0.8397,112.7,0.9366,1000.0,0.0,4.199,81.0,99,0,60.0,2026-04-29T16:40:41.017941,4.223
2026-04-29T16:39:41.117782,109.94,0.8397,112.7,0.935,1000.0,0.0,4.199,81.0,99,0,60.0,2026-04-29T16:40:41.117646,4.223
2026-04-29T16:39:42.038917,109.94,0.8397,112.73,0.935,1000.0,0.0,4.199,81.0,99,0,60.0,2026-04-29T16:40:42.038730,4.224
2026-04-29T16:39:42.084796,109.96,0.837,112.72,0.9326,1000.0,0.0,4.199,81.0,99,0,60.0,2026-04-29T16:40:42.084655,4.223
2026-04-29T16:39:42.124764,109.96,0.837,112.72,0.9316,1000.0,0.0,4.199,81.0,99,0,60.0,2026-04-29T16:40:42.124651,4.223
2026-04-29T16:39:43.088612,109.99,0.837,112.75,0.9316,1000.0,0.0,4.199,81.0,99,0,60.0,2026-04-29T16:40:43.088453,4.224
2026-04-29T16:39:43.126889,109.99,0.8387,112.75,0.9311,1000.0,0.0,4.199,81.0,99,0,60.0,2026-04-29T16:40:43.126780,4.223
2026-04-29T16:39:43.164966,109.99,0.8387,112.75,0.9313,1000.0,0.0,4.199,81.0,99,0,60.0,2026-04-29T16:40:43.164807,4.223
2026-04-29T16:39:44.147410,110.02,0.8361,112.78,0.9319,1000.0,0.0,4.199,81.0,99,0,60.0,2026-04-29T16:40:44.147264,4.224
2026-04-29T16:39:44.189473,110.02,0.8488,112.78,0.9364,1000.0,0.0,4.199,81.0,99,0,60.0,2026-04-29T16:40:44.189354,4.223
2026-04-29T16:39:44.227127,110.02,0.8488,112.78,0.9383,1000.0,0.0,4.199,81.0,99,0,60.0,2026-04-29T16:40:44.226941,4.223
2026-04-29T16:39:45.173486,110.05,0.8488,112.81,0.9411,1000.0,0.0,4.199,81.0,99,0,60.0,2026-04-29T16:40:45.173356,4.223
2026-04-29T16:39:45.210841,110.05,0.8488,112.81,0.9415,1000.0,0.0,4.199,81.0,99,0,60.0,2026-04-29T16:40:45.210700,4.223
2026-04-29T16:39:45.252614,110.05,0.8488,112.81,0.9417,1000.0,0.0,4.199,81.0,99,0,60.0,2026-04-29T16:40:45.252481,4.223
2026-04-29T16:39:46.247441,110.08,0.8505,112.84,0.9428,1000.0,0.0,4.199,80.9,99,0,60.0,2026-04-29T16:40:46.247301,4.223
2026-04-29T16:39:46.286761,110.08,0.8505,112.84,0.9433,1000.0,0.0,4.199,80.9,99,0,60.0,2026-04-29T16:40:46.286650,4.223
2026-04-29T16:39:47.269268,110.08,0.8505,112.87,0.9446,1000.0,0.0,4.199,80.9,99,0,60.0,2026-04-29T16:40:47.269107,4.224
2026-04-29T16:39:47.315757,110.12,0.853,112.87,0.9449,1000.0,0.0,4.199,80.9,99,0,60.0,2026-04-29T16:40:47.315459,4.223
2026-04-29T16:39:47.360586,110.12,0.853,112.88,0.9455,1000.0,0.0,4.199,80.9,99,0,60.0,2026-04-29T16:40:47.360448,4.223
2026-04-29T16:39:48.331006,110.16,0.853,112.91,0.947,1000.0,0.0,4.199,80.9,99,0,60.0,2026-04-29T16:40:48.330827,4.224
2026-04-29T16:39:48.389870,110.16,0.853,112.91,0.9462,1000.0,0.0,4.199,80.9,99,0,60.0,2026-04-29T16:40:48.389709,4.223
2026-04-29T16:39:48.451277,110.16,0.853,112.92,0.9464,1000.0,0.0,4.199,80.9,99,0,60.0,2026-04-29T16:40:48.451105,4.223
2026-04-29T16:39:49.388903,110.19,0.8497,112.95,0.9467,1000.0,0.0,4.199,80.9,99,0,60.0,2026-04-29T16:40:49.388733,4.224
2026-04-29T16:39:49.463979,110.19,0.8522,112.95,0.9461,1000.0,0.0,4.199,80.9,99,0,60.0,2026-04-29T16:40:49.463807,4.223
2026-04-29T16:39:49.527643,110.19,0.8522,112.95,0.946,1000.0,0.0,4.199,80.9,99,0,60.0,2026-04-29T16:40:49.527419,4.223
2026-04-29T16:39:50.443935,110.24,0.8522,112.98,0.9466,1000.0,0.0,4.199,80.9,99,0,60.0,2026-04-29T16:40:50.443736,4.223
2026-04-29T16:39:50.498255,110.24,0.8523,112.99,0.9463,1000.0,0.0,4.199,80.9,99,0,60.0,2026-04-29T16:40:50.498105,4.223
2026-04-29T16:39:50.556233,110.24,0.8523,112.99,0.9463,1000.0,0.0,4.199,80.9,99,0,60.0,2026-04-29T16:40:50.556059,4.223
2026-04-29T16:39:51.560753,110.26,0.8581,113.02,0.948,1000.0,0.0,4.199,80.9,99,0,60.0,2026-04-29T16:40:51.560413,4.223
2026-04-29T16:39:51.637025,110.26,0.8581,113.02,0.9497,1000.0,0.0,4.199,80.9,99,0,60.0,2026-04-29T16:40:51.636828,4.223
2026-04-29T16:39:52.531768,110.26,0.8581,113.04,0.9518,1000.0,0.0,4.199,80.9,99,0,60.0,2026-04-29T16:40:52.531527,4.224
2026-04-29T16:39:52.642396,110.29,0.8632,113.04,0.9531,1000.0,0.0,4.199,80.9,99,0,60.0,2026-04-29T16:40:52.642155,4.223
2026-04-29T16:39:52.740659,110.29,0.8632,113.04,0.9548,1000.0,0.0,4.199,80.9,99,0,60.0,2026-04-29T16:40:52.740449,4.223
2026-04-29T16:39:53.718583,110.35,0.8632,113.08,0.9568,1000.0,0.0,4.199,80.9,99,0,60.0,2026-04-29T16:40:53.689288,4.224
2026-04-29T16:39:53.940218,110.35,0.8665,113.1,0.9583,1000.0,0.0,4.199,80.9,99,0,60.0,2026-04-29T16:40:53.939958,4.223
2026-04-29T16:39:54.038203,110.35,0.8665,113.1,0.9593,1000.0,0.0,4.199,80.9,99,0,60.0,2026-04-29T16:40:54.038009,4.223
2026-04-29T16:39:54.625454,110.37,0.8554,113.12,0.959,1000.0,0.0,4.199,80.9,99,0,60.0,2026-04-29T16:40:54.625265,4.223
2026-04-29T16:39:54.694427,110.37,0.8682,113.12,0.9594,1000.0,0.0,4.199,80.9,99,0,60.0,2026-04-29T16:40:54.694257,4.223
2026-04-29T16:39:54.762578,110.37,0.8682,113.12,0.9605,1000.0,0.0,4.199,80.9,99,0,60.0,2026-04-29T16:40:54.762428,4.223
2026-04-29T16:39:55.678740,110.43,0.8682,113.17,0.9606,1000.0,0.0,4.199,80.9,99,0,60.0,2026-04-29T16:40:55.678589,4.223
2026-04-29T16:39:55.730889,110.43,0.8689,113.17,0.9617,1000.0,0.0,4.199,80.9,99,0,60.0,2026-04-29T16:40:55.730738,4.223
2026-04-29T16:39:55.785543,110.43,0.8689,113.18,0.9622,1000.0,0.0,4.199,80.9,99,0,60.0,2026-04-29T16:40:55.785363,4.223
2026-04-29T16:39:56.712223,110.46,0.864,113.21,0.9623,1000.0,0.0,4.199,80.9,99,0,60.0,2026-04-29T16:40:56.712083,4.223
2026-04-29T16:39:56.752938,110.46,0.864,113.21,0.9606,1000.0,0.0,4.199,80.9,99,0,60.0,2026-04-29T16:40:56.752788,4.223
2026-04-29T16:39:57.738305,110.46,0.864,113.25,0.9608,1000.0,0.0,4.199,80.9,99,0,60.0,2026-04-29T16:40:57.738158,4.224
2026-04-29T16:39:57.777635,110.49,0.864,113.25,0.9586,1000.0,0.0,4.199,80.9,99,0,60.0,2026-04-29T16:40:57.777524,4.223
2026-04-29T16:39:57.815744,110.49,0.864,113.25,0.9585,1000.0,0.0,4.199,80.9,99,0,60.0,2026-04-29T16:40:57.815629,4.223
2026-04-29T16:39:58.814708,110.53,0.864,113.27,0.9594,1000.0,0.0,4.199,80.8,99,0,60.0,2026-04-29T16:40:58.814563,4.224
2026-04-29T16:39:58.856302,110.53,0.868,113.28,0.9602,1000.0,0.0,4.199,80.8,99,0,60.0,2026-04-29T16:40:58.856173,4.223
2026-04-29T16:39:58.891365,110.53,0.868,113.28,0.961,1000.0,0.0,4.199,80.8,99,0,60.0,2026-04-29T16:40:58.891245,4.223
2026-04-29T16:39:59.851980,110.56,0.8676,113.31,0.9626,1000.0,0.0,4.199,80.8,99,0,60.0,2026-04-29T16:40:59.851842,4.224
2026-04-29T16:39:59.887780,110.56,0.8691,113.32,0.963,1000.0,0.0,4.199,80.8,99,0,60.0,2026-04-29T16:40:59.887692,4.223
2026-04-29T16:39:59.921738,110.56,0.8691,113.32,0.9632,1000.0,0.0,4.199,80.8,99,0,60.0,2026-04-29T16:40:59.921656,4.223
2026-04-29T16:40:00.896593,110.59,0.8735,113.35,0.9647,1000.0,0.0,4.199,80.8,99,0,60.0,2026-04-29T16:41:00.896453,4.223
2026-04-29T16:40:00.933384,110.59,0.8741,113.35,0.9664,1000.0,0.0,4.199,80.8,99,0,60.0,2026-04-29T16:41:00.933210,4.223
2026-04-29T16:40:00.968562,110.59,0.8741,113.35,0.9672,1000.0,0.0,4.199,80.8,99,0,60.0,2026-04-29T16:41:00.968480,4.223
2026-04-29T16:40:01.950620,110.62,0.8741,113.37,0.9687,1000.0,0.0,4.199,80.8,99,0,60.0,2026-04-29T16:41:01.950487,4.223
2026-04-29T16:40:01.985256,110.62,0.8741,113.37,0.9688,1000.0,0.0,4.199,80.8,99,0,60.0,2026-04-29T16:41:01.985153,4.223
2026-04-29T16:40:02.979166,110.62,0.8741,113.4,0.9701,1000.0,0.0,4.199,80.8,99,0,60.0,2026-04-29T16:41:02.979042,4.224
2026-04-29T16:40:03.015315,110.69,0.8725,113.42,0.968,1000.0,0.0,4.199,80.8,99,0,60.0,2026-04-29T16:41:03.015207,4.223
2026-04-29T16:40:03.051224,110.69,0.8725,113.42,0.9678,1000.0,0.0,4.199,80.8,99,0,60.0,2026-04-29T16:41:03.051112,4.223
2026-04-29T16:40:04.036300,110.74,0.8725,113.46,0.9686,1000.0,0.0,4.199,80.8,99,0,60.0,2026-04-29T16:41:04.036146,4.224
2026-04-29T16:40:04.073435,110.74,0.8757,113.47,0.9677,1000.0,0.0,4.199,80.8,99,0,60.0,2026-04-29T16:41:04.073333,4.223
2026-04-29T16:40:04.107294,110.74,0.8757,113.47,0.9687,1000.0,0.0,4.199,80.8,99,0,60.0,2026-04-29T16:41:04.107215,4.223
2026-04-29T16:40:05.097023,110.77,0.8757,113.51,0.9706,1000.0,0.0,4.199,80.8,99,0,60.0,2026-04-29T16:41:05.096882,4.224
2026-04-29T16:40:05.133302,110.77,0.8707,113.51,0.9684,1000.0,0.0,4.199,80.8,99,0,60.0,2026-04-29T16:41:05.133203,4.223
2026-04-29T16:40:05.167239,110.77,0.8707,113.51,0.9675,1000.0,0.0,4.199,80.8,99,0,60.0,2026-04-29T16:41:05.167164,4.223
2026-04-29T16:40:06.136297,110.82,0.8699,113.55,0.9669,1000.0,0.0,4.199,80.8,99,0,60.0,2026-04-29T16:41:06.136159,4.223
2026-04-29T16:40:06.171573,110.82,0.8707,113.55,0.9665,1000.0,0.0,4.199,80.8,99,0,60.0,2026-04-29T16:41:06.171461,4.223
2026-04-29T16:40:06.206455,110.82,0.8707,113.56,0.9663,1000.0,0.0,4.199,80.8,99,0,60.0,2026-04-29T16:41:06.206361,4.223
2026-04-29T16:40:07.197581,110.86,0.8716,113.6,0.9667,1000.0,0.0,4.199,80.8,99,0,60.0,2026-04-29T16:41:07.197421,4.223
2026-04-29T16:40:07.237626,110.86,0.8716,113.6,0.9667,1000.0,0.0,4.199,80.8,99,0,60.0,2026-04-29T16:41:07.237500,4.223
2026-04-29T16:40:08.237702,110.86,0.8716,113.63,0.9679,1000.0,0.0,4.199,80.8,99,0,60.0,2026-04-29T16:41:08.237483,4.224
2026-04-29T16:40:08.285689,110.91,0.8716,113.64,0.9674,1000.0,0.0,4.199,80.8,99,0,60.0,2026-04-29T16:41:08.285550,4.223
2026-04-29T16:40:08.323474,110.91,0.8716,113.65,0.9672,1000.0,0.0,4.199,80.8,99,0,60.0,2026-04-29T16:41:08.323357,4.223
2026-04-29T16:40:09.283872,110.95,0.8716,113.68,0.968,1000.0,0.0,4.199,80.8,99,0,60.0,2026-04-29T16:41:09.283612,4.224
2026-04-29T16:40:09.326738,110.95,0.8735,113.69,0.9681,1000.0,0.0,4.199,80.8,99,0,60.0,2026-04-29T16:41:09.326615,4.223
2026-04-29T16:40:09.362643,110.95,0.8735,113.69,0.9683,1000.0,0.0,4.199,80.8,99,0,60.0,2026-04-29T16:41:09.362532,4.223
2026-04-29T16:40:10.350319,110.99,0.8735,113.73,0.9695,1000.0,0.0,4.199,80.8,99,0,60.0,2026-04-29T16:41:10.350096,4.224
2026-04-29T16:40:10.391644,110.99,0.8766,113.73,0.9706,1000.0,0.0,4.199,80.7,99,0,60.0,2026-04-29T16:41:10.391527,4.223
2026-04-29T16:40:10.427084,110.99,0.8766,113.73,0.9711,1000.0,0.0,4.199,80.7,99,0,60.0,2026-04-29T16:41:10.426964,4.223
2026-04-29T16:40:11.406804,111.03,0.8758,113.77,0.9722,1000.0,0.0,4.199,80.7,99,0,60.0,2026-04-29T16:41:11.406651,4.223
2026-04-29T16:40:11.447993,111.03,0.8758,113.77,0.9719,1000.0,0.0,4.199,80.7,99,0,60.0,2026-04-29T16:41:11.447891,4.223
2026-04-29T16:40:11.487583,111.03,0.8758,113.77,0.9717,1000.0,0.0,4.199,80.7,99,0,60.0,2026-04-29T16:41:11.487452,4.223
2026-04-29T16:40:12.459316,111.06,0.868,113.81,0.9693,1000.0,0.0,4.199,80.7,99,0,60.0,2026-04-29T16:41:12.459199,4.223
2026-04-29T16:40:12.498370,111.06,0.868,113.81,0.967,1000.0,0.0,4.199,80.7,99,0,60.0,2026-04-29T16:41:12.498265,4.223
2026-04-29T16:40:13.479852,111.06,0.868,113.84,0.9667,1000.0,0.0,4.199,80.7,99,0,60.0,2026-04-29T16:41:13.479679,4.224
2026-04-29T16:40:13.526884,111.09,0.8691,113.84,0.965,1000.0,0.0,4.199,80.7,99,0,60.0,2026-04-29T16:41:13.526731,4.223
2026-04-29T16:40:13.563571,111.09,0.8691,113.84,0.9649,1000.0,0.0,4.199,80.7,99,0,60.0,2026-04-29T16:41:13.563455,4.223
2026-04-29T16:40:14.520030,111.11,0.8691,113.87,0.9657,1000.0,0.0,4.199,80.7,99,0,60.0,2026-04-29T16:41:14.519870,4.224
2026-04-29T16:40:14.559694,111.11,0.8851,113.86,0.9715,1000.0,0.0,4.199,80.7,99,0,60.0,2026-04-29T16:41:14.559579,4.223
2026-04-29T16:40:14.595772,111.11,0.8851,113.86,0.9748,1000.0,0.0,4.199,80.7,99,0,60.0,2026-04-29T16:41:14.595658,4.223
2026-04-29T16:40:15.589670,111.14,0.8843,113.89,0.979,1000.0,0.0,4.199,80.7,99,0,60.0,2026-04-29T16:41:15.589510,4.225
2026-04-29T16:40:15.631725,111.14,0.8811,113.89,0.978,1000.0,0.0,4.199,80.7,99,0,60.0,2026-04-29T16:41:15.631603,4.224
2026-04-29T16:40:15.670583,111.14,0.8811,113.88,0.9777,1000.0,0.0,4.199,80.7,99,0,60.0,2026-04-29T16:41:15.670451,4.224
2026-04-29T16:40:16.645647,111.16,0.8809,113.91,0.9779,1000.0,0.0,4.199,80.7,99,0,60.0,2026-04-29T16:41:16.645493,4.224
2026-04-29T16:40:16.687958,111.16,0.8811,113.91,0.9776,1000.0,0.0,4.199,80.7,99,0,60.0,2026-04-29T16:41:16.687817,4.224
2026-04-29T16:40:16.724897,111.16,0.8811,113.9,0.9774,1000.0,0.0,4.199,80.7,99,0,60.0,2026-04-29T16:41:16.724787,4.224
2026-04-29T16:40:17.674404,111.18,0.8843,113.93,0.9784,1000.0,0.0,4.199,80.7,99,0,60.0,2026-04-29T16:41:17.674256,4.224
2026-04-29T16:40:17.712293,111.18,0.8843,113.92,0.9791,1000.0,0.0,4.199,80.7,99,0,60.0,2026-04-29T16:41:17.712190,4.224
2026-04-29T16:40:18.721923,111.18,0.8843,113.96,0.9808,1000.0,0.0,4.199,80.7,99,0,60.0,2026-04-29T16:41:18.721744,4.225
2026-04-29T16:40:18.769560,111.2,0.8892,113.95,0.9815,1000.0,0.0,4.199,80.7,99,0,60.0,2026-04-29T16:41:18.769421,4.224
2026-04-29T16:40:18.806783,111.2,0.8892,113.95,0.9829,1000.0,0.0,4.199,80.7,99,0,60.0,2026-04-29T16:41:18.806655,4.224
2026-04-29T16:40:19.777132,111.21,0.8892,113.97,0.9851,1000.0,0.0,4.199,80.7,99,0,60.0,2026-04-29T16:41:19.776965,4.225
2026-04-29T16:40:19.821444,111.21,0.8892,113.96,0.9851,1000.0,0.0,4.199,80.7,99,0,60.0,2026-04-29T16:41:19.821306,4.224
2026-04-29T16:40:19.857648,111.21,0.8892,113.96,0.9852,1000.0,0.0,4.199,80.7,99,0,60.0,2026-04-29T16:41:19.857530,4.224
2026-04-29T16:40:20.835633,111.24,0.8876,113.99,0.9858,1000.0,0.0,4.199,80.7,99,0,60.0,2026-04-29T16:41:20.835462,4.225
2026-04-29T16:40:20.877118,111.24,0.8919,113.98,0.9865,1000.0,0.0,4.199,80.7,99,0,60.0,2026-04-29T16:41:20.876977,4.224
2026-04-29T16:40:20.914400,111.24,0.8919,113.98,0.987,1000.0,0.0,4.199,80.7,99,0,60.0,2026-04-29T16:41:20.914278,4.224
2026-04-29T16:40:21.887894,111.26,0.8919,114.01,0.9884,1000.0,0.0,4.199,80.7,99,0,60.0,2026-04-29T16:41:21.887731,4.224
2026-04-29T16:40:21.928243,111.26,0.8935,114.01,0.989,1000.0,0.0,4.199,80.7,99,0,60.0,2026-04-29T16:41:21.928116,4.224
2026-04-29T16:40:21.964545,111.26,0.8935,114.01,0.9893,1000.0,0.0,4.199,80.7,99,0,60.0,2026-04-29T16:41:21.964433,4.224
2026-04-29T16:40:22.943622,111.26,0.8952,114.02,0.9905,1000.0,0.0,4.199,80.7,99,0,60.0,2026-04-29T16:41:22.943451,4.224
2026-04-29T16:40:22.985773,111.26,0.8952,114.01,0.9909,1000.0,0.0,4.199,80.7,99,0,60.0,2026-04-29T16:41:22.984546,4.224
2026-04-29T16:40:23.962725,111.26,0.8952,114.04,0.9923,1000.0,0.0,4.199,80.7,99,0,60.0,2026-04-29T16:41:23.962509,4.225
2026-04-29T16:40:24.010639,111.28,0.8969,114.03,0.9924,1000.0,0.0,4.199,80.7,99,0,60.0,2026-04-29T16:41:24.010479,4.224
2026-04-29T16:40:24.047162,111.28,0.8969,114.03,0.9927,1000.0,0.0,4.199,80.7,99,0,60.0,2026-04-29T16:41:24.047044,4.224
2026-04-29T16:40:25.043544,111.3,0.8969,114.06,0.994,1000.0,0.0,4.199,80.7,99,0,60.0,2026-04-29T16:41:25.024592,4.225
2026-04-29T16:40:25.122915,111.3,0.8851,114.05,0.9878,1000.0,0.0,4.199,80.7,99,0,60.0,2026-04-29T16:41:25.122763,4.224
2026-04-29T16:40:25.160502,111.3,0.8851,114.05,0.9856,1000.0,0.0,4.199,80.7,99,0,60.0,2026-04-29T16:41:25.160380,4.224
2026-04-29T16:40:26.075286,111.32,0.8775,114.07,0.9829,1000.0,0.0,4.199,80.7,99,0,60.0,2026-04-29T16:41:26.075140,4.225
2026-04-29T16:40:26.116737,111.32,0.8851,114.07,0.9816,1000.0,0.0,4.199,80.7,99,0,60.0,2026-04-29T16:41:26.116537,4.224
2026-04-29T16:40:26.154010,111.32,0.8851,114.07,0.9816,1000.0,0.0,4.199,80.7,99,0,60.0,2026-04-29T16:41:26.153902,4.224
2026-04-29T16:40:27.098535,111.35,0.891,114.1,0.983,1000.0,0.0,4.199,80.7,99,0,60.0,2026-04-29T16:41:27.098368,4.224
2026-04-29T16:40:27.136943,111.35,0.8937,114.09,0.9861,1000.0,0.0,4.199,80.7,99,0,60.0,2026-04-29T16:41:27.136805,4.224
2026-04-29T16:40:27.176179,111.35,0.8937,114.09,0.9874,1000.0,0.0,4.199,80.7,99,0,60.0,2026-04-29T16:41:27.176047,4.224
2026-04-29T16:40:28.164232,111.37,0.9095,114.12,0.993,1000.0,0.0,4.199,80.7,99,0,60.0,2026-04-29T16:41:28.164075,4.224
2026-04-29T16:40:28.206654,111.37,0.9095,114.12,0.9983,1000.0,0.0,4.199,80.7,99,0,60.0,2026-04-29T16:41:28.206527,4.224
2026-04-29T16:40:29.183247,111.37,0.9095,114.15,1.0029,1000.0,0.0,4.199,80.7,99,0,60.0,2026-04-29T16:41:29.183019,4.225
2026-04-29T16:40:29.226471,111.41,0.9087,114.15,1.0045,1000.0,0.0,4.199,80.6,99,0,60.0,2026-04-29T16:41:29.226323,4.224
2026-04-29T16:40:29.269070,111.41,0.9087,114.15,1.0049,1000.0,0.0,4.199,80.6,99,0,60.0,2026-04-29T16:41:29.268941,4.224
2026-04-29T16:40:30.257534,111.43,0.9087,114.19,1.0062,1000.0,0.0,4.199,80.6,99,0,60.0,2026-04-29T16:41:30.257372,4.225
2026-04-29T16:40:30.305178,111.43,0.9087,114.18,1.0047,1000.0,0.0,4.199,80.6,99,0,60.0,2026-04-29T16:41:30.305026,4.224
2026-04-29T16:40:30.362695,111.43,0.9087,114.18,1.0051,1000.0,0.0,4.199,80.6,99,0,60.0,2026-04-29T16:41:30.362516,4.224
2026-04-29T16:40:31.312607,111.48,0.9027,114.21,1.0051,1000.0,0.0,4.199,80.6,99,0,60.0,2026-04-29T16:41:31.312427,4.225
2026-04-29T16:40:31.389113,111.48,0.9096,114.22,1.0059,1000.0,0.0,4.199,80.6,99,0,60.0,2026-04-29T16:41:31.388908,4.224
2026-04-29T16:40:31.464624,111.48,0.9096,114.22,1.0062,1000.0,0.0,4.199,80.6,99,0,60.0,2026-04-29T16:41:31.464449,4.224
2026-04-29T16:40:32.378438,111.51,0.9096,114.26,1.0071,1000.0,0.0,4.199,80.6,99,0,60.0,2026-04-29T16:41:32.378228,4.224
2026-04-29T16:40:32.447065,111.51,0.9139,114.26,1.0088,1000.0,0.0,4.199,80.6,99,0,60.0,2026-04-29T16:41:32.446859,4.224
2026-04-29T16:40:32.518590,111.51,0.9139,114.26,1.0096,1000.0,0.0,4.199,80.6,99,0,60.0,2026-04-29T16:41:32.518424,4.224
2026-04-29T16:40:33.436039,111.56,0.9139,114.3,1.0111,1000.0,0.0,4.199,80.6,99,0,60.0,2026-04-29T16:41:33.435777,4.224
2026-04-29T16:40:33.507535,111.56,0.9139,114.3,1.0112,1000.0,0.0,4.199,80.6,99,0,60.0,2026-04-29T16:41:33.507361,4.224
2026-04-29T16:40:34.439526,111.56,0.9139,114.34,1.0123,1000.0,0.0,4.199,80.6,99,0,60.0,2026-04-29T16:41:34.438876,4.225
2026-04-29T16:40:34.511360,111.6,0.9155,114.34,1.0121,1000.0,0.0,4.199,80.6,99,0,60.0,2026-04-29T16:41:34.511189,4.224
2026-04-29T16:40:34.582205,111.6,0.9155,114.34,1.0124,1000.0,0.0,4.199,80.6,99,0,60.0,2026-04-29T16:41:34.582024,4.224
2026-04-29T16:40:35.541022,111.64,0.9155,114.37,1.0135,1000.0,0.0,4.199,80.6,98,0,60.0,2026-04-29T16:41:35.540491,4.225
2026-04-29T16:40:35.633644,111.64,0.9172,114.38,1.0138,1000.0,0.0,4.199,80.6,98,0,60.0,2026-04-29T16:41:35.633416,4.224
2026-04-29T16:40:35.705195,111.64,0.9172,114.38,1.0141,1000.0,0.0,4.199,80.6,98,0,60.0,2026-04-29T16:41:35.705000,4.224
2026-04-29T16:40:36.587221,111.69,0.9112,114.42,1.0142,1000.0,0.0,4.199,80.6,98,0,60.0,2026-04-29T16:41:36.586900,4.225
2026-04-29T16:40:36.774614,111.69,0.9171,114.42,1.014,1000.0,0.0,4.199,80.6,98,0,60.0,2026-04-29T16:41:36.774260,4.224
2026-04-29T16:40:36.886322,111.69,0.9171,114.43,1.0144,1000.0,0.0,4.199,80.6,98,0,60.0,2026-04-29T16:41:36.886068,4.224
2026-04-29T16:40:37.621599,111.72,0.9163,114.46,1.0143,1000.0,0.0,4.199,80.6,98,0,60.0,2026-04-29T16:41:37.607929,4.224
2026-04-29T16:40:37.784831,111.72,0.9163,114.46,1.0142,1000.0,0.0,4.199,80.6,99,0,60.0,2026-04-29T16:41:37.784664,4.224
2026-04-29T16:40:37.854649,111.72,0.9163,114.46,1.0142,1000.0,0.0,4.199,80.6,99,0,60.0,2026-04-29T16:41:37.854463,4.224
2026-04-29T16:40:38.663752,111.77,0.9036,114.5,1.0113,1000.0,0.0,4.199,80.6,99,0,60.0,2026-04-29T16:41:38.663572,4.224
2026-04-29T16:40:38.714142,111.77,0.9036,114.51,1.0073,1000.0,0.0,4.199,80.6,99,0,60.0,2026-04-29T16:41:38.714035,4.224
2026-04-29T16:40:39.661739,111.77,0.9036,114.54,1.0058,1000.0,0.0,4.199,80.6,99,0,60.0,2026-04-29T16:41:39.661601,4.225
2026-04-29T16:40:39.699994,111.8,0.9036,114.54,1.0031,1000.0,0.0,4.199,80.6,99,0,60.0,2026-04-29T16:41:39.699829,4.224
2026-04-29T16:40:39.737945,111.8,0.9036,114.54,1.0024,1000.0,0.0,4.199,80.6,99,0,60.0,2026-04-29T16:41:39.737865,4.224
2026-04-29T16:40:40.741751,111.84,0.9036,114.58,1.0028,1000.0,0.0,4.199,80.6,99,0,60.0,2026-04-29T16:41:40.741628,4.225
2026-04-29T16:40:40.783048,111.84,0.9121,114.58,1.0055,1000.0,0.0,4.199,80.6,99,0,60.0,2026-04-29T16:41:40.782942,4.224
2026-04-29T16:40:40.817425,111.84,0.9121,114.58,1.0071,1000.0,0.0,4.199,80.6,99,0,60.0,2026-04-29T16:41:40.817342,4.224
2026-04-29T16:40:41.779385,111.87,0.9121,114.61,1.0094,1000.0,0.0,4.199,80.6,99,0,60.0,2026-04-29T16:41:41.779242,4.225
2026-04-29T16:40:41.817153,111.87,0.9121,114.61,1.0096,1000.0,0.0,4.199,80.5,99,0,60.0,2026-04-29T16:41:41.817059,4.224
2026-04-29T16:40:41.853802,111.87,0.9121,114.61,1.0098,1000.0,0.0,4.199,80.5,99,0,60.0,2026-04-29T16:41:41.853693,4.224
2026-04-29T16:40:42.833048,111.91,0.9163,114.65,1.0112,1000.0,0.0,4.199,80.5,99,0,60.0,2026-04-29T16:41:42.832898,4.224
2026-04-29T16:40:42.869738,111.91,0.918,114.65,1.0132,1000.0,0.0,4.199,80.5,99,0,60.0,2026-04-29T16:41:42.869627,4.224
2026-04-29T16:40:42.904630,111.91,0.918,114.65,1.0142,1000.0,0.0,4.199,80.5,99,0,60.0,2026-04-29T16:41:42.904543,4.224
2026-04-29T16:40:43.894891,111.95,0.918,114.69,1.0155,1000.0,0.0,4.199,80.5,99,0,60.0,2026-04-29T16:41:43.894768,4.224
2026-04-29T16:40:43.930288,111.95,0.918,114.69,1.0158,1000.0,0.0,4.199,80.5,99,0,60.0,2026-04-29T16:41:43.930203,4.224
2026-04-29T16:40:44.922517,111.95,0.918,114.73,1.0171,1000.0,0.0,4.199,80.5,99,0,60.0,2026-04-29T16:41:44.922361,4.225
2026-04-29T16:40:44.965160,111.99,0.9281,114.73,1.0194,1000.0,0.0,4.199,80.5,99,0,60.0,2026-04-29T16:41:44.965073,4.224
2026-04-29T16:40:44.999041,111.99,0.9281,114.73,1.022,1000.0,0.0,4.199,80.5,99,0,60.0,2026-04-29T16:41:44.998959,4.224
2026-04-29T16:40:45.976499,112.03,0.9281,114.77,1.0252,1000.0,0.0,4.199,80.5,99,0,60.0,2026-04-29T16:41:45.976356,4.225
2026-04-29T16:40:46.016844,112.03,0.9288,114.77,1.0249,1000.0,0.0,4.199,80.5,99,0,60.0,2026-04-29T16:41:46.016738,4.224
2026-04-29T16:40:46.050706,112.03,0.9288,114.78,1.0258,1000.0,0.0,4.199,80.5,99,0,60.0,2026-04-29T16:41:46.050640,4.224
2026-04-29T16:40:47.036320,112.09,0.9222,114.82,1.0264,1000.0,0.0,4.199,80.5,99,0,60.0,2026-04-29T16:41:47.036189,4.225
2026-04-29T16:40:47.075617,112.09,0.9222,114.82,1.0236,1000.0,0.0,4.199,80.5,99,0,60.0,2026-04-29T16:41:47.075537,4.224
2026-04-29T16:40:47.109140,112.09,0.9222,114.82,1.0226,1000.0,0.0,4.199,80.5,99,0,60.0,2026-04-29T16:41:47.109068,4.224
2026-04-29T16:40:48.091176,112.13,0.9189,114.86,1.0213,1000.0,0.0,4.199,80.5,99,0,60.0,2026-04-29T16:41:48.091051,4.224
2026-04-29T16:40:48.129547,112.13,0.9189,114.87,1.0196,1000.0,0.0,4.199,80.5,99,0,60.0,2026-04-29T16:41:48.129425,4.224
2026-04-29T16:40:48.163747,112.13,0.9189,114.87,1.0189,1000.0,0.0,4.199,80.5,99,0,60.0,2026-04-29T16:41:48.163666,4.224
2026-04-29T16:40:49.167017,112.17,0.9205,114.91,1.0184,1000.0,0.0,4.199,80.5,99,0,60.0,2026-04-29T16:41:49.166677,4.224
2026-04-29T16:40:49.218190,112.17,0.9205,114.91,1.0187,1000.0,0.0,4.199,80.5,99,0,60.0,2026-04-29T16:41:49.217984,4.224
2026-04-29T16:40:50.149719,112.17,0.9205,114.94,1.02,1000.0,0.0,4.199,80.5,99,0,60.0,2026-04-29T16:41:50.149589,4.225
2026-04-29T16:40:50.192708,112.2,0.9281,114.94,1.0217,1000.0,0.0,4.199,80.5,99,0,60.0,2026-04-29T16:41:50.192590,4.224
2026-04-29T16:40:50.231236,112.2,0.9281,114.94,1.0236,1000.0,0.0,4.199,80.5,99,0,60.0,2026-04-29T16:41:50.231112,4.224
2026-04-29T16:40:51.193417,112.24,0.9281,114.98,1.0262,1000.0,0.0,4.199,80.5,99,0,60.0,2026-04-29T16:41:51.193261,4.225
2026-04-29T16:40:51.233006,112.24,0.929,114.98,1.0255,1000.0,0.0,4.199,80.5,99,0,60.0,2026-04-29T16:41:51.232883,4.224
2026-04-29T16:40:51.268927,112.24,0.929,114.98,1.0263,1000.0,0.0,4.199,80.5,99,0,60.0,2026-04-29T16:41:51.268758,4.224
2026-04-29T16:40:52.261443,112.25,0.9216,115.01,1.0268,1000.0,0.0,4.199,80.5,99,0,60.0,2026-04-29T16:41:52.261273,4.225
2026-04-29T16:40:52.305294,112.25,0.9298,115.0,1.0276,1000.0,0.0,4.199,80.5,99,0,60.0,2026-04-29T16:41:52.305152,4.224
2026-04-29T16:40:52.342269,112.25,0.9298,115.0,1.028,1000.0,0.0,4.199,80.5,99,0,60.0,2026-04-29T16:41:52.342151,4.224
2026-04-29T16:40:53.315769,112.29,0.9298,115.03,1.0291,1000.0,0.0,4.199,80.5,99,0,60.0,2026-04-29T16:41:53.315683,4.225
2026-04-29T16:40:53.412837,112.29,0.9315,115.03,1.0297,1000.0,0.0,4.199,80.5,99,0,60.0,2026-04-29T16:41:53.406069,4.224
2026-04-29T16:40:53.455980,112.29,0.9315,115.03,1.0301,1000.0,0.0,4.199,80.5,99,0,60.0,2026-04-29T16:41:53.455835,4.224
2026-04-29T16:40:54.359294,112.31,0.9315,115.06,1.0309,1000.0,0.0,4.199,80.4,99,0,60.0,2026-04-29T16:41:54.359169,4.224
2026-04-29T16:40:54.395913,112.31,0.934,115.06,1.0318,1000.0,0.0,4.199,80.4,99,0,60.0,2026-04-29T16:41:54.395771,4.224
2026-04-29T16:40:54.435232,112.31,0.934,115.06,1.0322,1000.0,0.0,4.199,80.4,99,0,60.0,2026-04-29T16:41:54.435048,4.224
2026-04-29T16:40:55.428546,112.35,0.9374,115.09,1.0339,1000.0,0.0,4.199,80.4,99,0,60.0,2026-04-29T16:41:55.428358,4.224
2026-04-29T16:40:55.476216,112.35,0.9374,110.04,0.9135,1000.0,0.25,4.199,80.4,99,0,60.0,2026-04-29T16:41:55.476104,4.429
2026-04-29T16:40:56.457012,112.35,0.9374,110.02,0.9139,1000.0,0.25,4.199,80.4,99,0,60.0,2026-04-29T16:41:56.456824,4.433
2026-04-29T16:40:56.510595,112.37,0.4236,109.97,0.7435,1000.0,0.25,4.199,80.4,99,0,60.0,2026-04-29T16:41:56.510458,4.431
2026-04-29T16:40:56.653733,112.37,0.4236,100.23,0.0094,1000.0,0.25,4.199,80.4,99,0,60.0,2026-04-29T16:41:56.653584,131.343
2026-04-29T16:40:57.938936,112.4,0.4236,98.59,0.0,1000.0,0.25,4.199,80.4,97,1,60.0,2026-04-29T16:41:57.938727,11.242
2026-04-29T16:40:59.251175,112.4,0.2412,99.1,0.0,1000.0,0.19,4.199,80.4,97,1,60.0,2026-04-29T16:41:59.238632,10.303
2026-04-29T16:41:02.967460,112.4,0.2412,98.94,0.0,1000.0,0.19,4.199,80.4,92,1,60.0,2026-04-29T16:42:02.926311,9.715
2026-04-29T16:41:06.067442,112.43,0.2253,98.92,0.0,1000.0,0.19,4.199,80.4,90,1,60.0,2026-04-29T16:42:06.050477,9.653
2026-04-29T16:41:09.233615,112.43,0.1941,99.74,0.0,1000.0,0.14,4.199,80.4,86,1,60.0,2026-04-29T16:42:09.222941,10.315
2026-04-29T16:41:12.230129,112.43,0.1941,99.74,0.0,1000.0,0.14,4.199,80.4,81,0,60.0,2026-04-29T16:42:12.229888,10.3
2026-04-29T16:41:15.783779,112.46,0.1502,99.73,0.0,1000.0,0.14,4.199,80.4,79,0,60.0,2026-04-29T16:42:15.783571,10.233
2026-04-29T16:41:20.196268,112.46,0.157,99.97,0.0,1000.0,0.11,4.199,80.4,78,0,60.0,2026-04-29T16:42:20.125527,11.279
2026-04-29T16:41:26.505082,112.46,0.157,99.97,0.0,1000.0,0.11,4.199,80.4,78,0,60.0,2026-04-29T16:42:26.344267,1.282
2026-04-29T16:41:31.041858,112.5,0.1003,99.97,0.0,1000.0,0.11,4.199,80.4,78,0,60.0,2026-04-29T16:42:30.986206,0.435
2026-04-29T16:41:33.740420,112.5,0.1003,99.97,0.0,1000.0,0.08,4.199,80.4,74,0,60.0,2026-04-29T16:42:33.719935,1.519
2026-04-29T16:41:37.868731,112.5,0.1003,99.97,0.0,1000.0,0.08,4.199,80.4,73,0,60.0,2026-04-29T16:42:37.847554,0.257
2026-04-29T16:41:41.638958,112.51,0.0641,99.97,0.0001,1000.0,0.06,4.199,80.4,71,0,60.0,2026-04-29T16:42:41.626001,0.124
2026-04-29T16:41:45.140464,112.51,0.0641,99.97,0.0001,1000.0,0.06,4.199,80.4,67,0,60.0,2026-04-29T16:42:45.094762,0.207
