timestamp,T_actual,P_actual_gauge,T_predicted,P_predicted,Q_watts,flow_lpm,water_L,eta_instant,health_score,anomaly_flag,prediction_horizon_s,prediction_target_timestamp,L_predicted
2026-05-02T00:23:45.155124,40.53,0,40.53,0.0,0.0,0.0,0,0.0,100,0,60.0,2026-05-02T00:24:45.154704,4.22
2026-05-02T00:23:45.294294,40.53,0,43.19,0.0,1000.0,0.02,0,94.8,100,0,60.0,2026-05-02T00:24:45.293928,4.227
2026-05-02T00:23:46.543638,40.53,0,43.37,0.0,1000.0,0.02,4.199,94.8,100,0,60.0,2026-05-02T00:24:46.528315,4.227
2026-05-02T00:23:46.818544,40.59,0,43.47,0.0,1000.0,0.02,4.199,94.8,100,0,60.0,2026-05-02T00:24:46.818351,4.227
2026-05-02T00:23:46.903545,40.59,0,43.49,0.0,1000.0,0.02,4.199,94.8,100,0,60.0,2026-05-02T00:24:46.903386,4.227
2026-05-02T00:23:47.228317,40.59,0,43.51,0.0,1000.0,0.02,4.199,94.8,100,0,60.0,2026-05-02T00:24:47.228135,4.227
2026-05-02T00:23:47.307002,40.59,0,43.56,0.0,1000.0,0.01,4.199,94.8,100,0,60.0,2026-05-02T00:24:47.306864,4.217
2026-05-02T00:23:47.401178,40.59,0,43.56,0.0,1000.0,0.01,4.199,94.8,100,0,60.0,2026-05-02T00:24:47.400939,4.217
2026-05-02T00:23:48.312925,40.66,0,43.6,0.0,1000.0,0.01,4.199,94.7,100,0,60.0,2026-05-02T00:24:48.312497,4.217
2026-05-02T00:23:48.440349,40.66,0,43.62,0.0,1000.0,0.01,4.199,94.7,100,0,60.0,2026-05-02T00:24:48.439804,4.217
2026-05-02T00:23:48.591820,40.66,0,43.63,0.0,1000.0,0.01,4.199,94.7,100,0,60.0,2026-05-02T00:24:48.591528,4.217
2026-05-02T00:23:49.385624,40.66,0,43.65,0.0,1000.0,0.01,4.199,94.7,100,0,60.0,2026-05-02T00:24:49.385109,4.217
2026-05-02T00:23:49.685236,40.66,0,43.65,0.0,1000.0,0.01,4.199,94.7,100,0,60.0,2026-05-02T00:24:49.684909,4.217
2026-05-02T00:23:49.834803,40.66,0,43.65,0.0,1000.0,0.01,4.199,94.7,100,0,60.0,2026-05-02T00:24:49.834517,4.217
2026-05-02T00:23:50.461616,40.73,0,43.68,0.0,1000.0,0.01,4.199,94.7,100,0,60.0,2026-05-02T00:24:50.461299,4.217
2026-05-02T00:23:50.742166,40.73,0,43.7,0.0,1000.0,0.01,4.199,94.7,100,0,60.0,2026-05-02T00:24:50.741720,4.217
2026-05-02T00:23:51.592678,40.73,0,43.73,0.0,1000.0,0.01,4.199,94.7,100,0,60.0,2026-05-02T00:24:51.554641,4.217
2026-05-02T00:23:51.710974,40.78,0,43.79,0.0,1000.0,0.0,4.199,94.7,100,0,60.0,2026-05-02T00:24:51.710771,4.207
2026-05-02T00:23:51.803831,40.78,0,43.79,0.0,1000.0,0.0,4.199,94.7,100,0,60.0,2026-05-02T00:24:51.803573,4.207
2026-05-02T00:23:52.458956,40.8,0,43.82,0.0,1000.0,0.0,4.199,94.7,100,0,60.0,2026-05-02T00:24:52.458721,4.207
2026-05-02T00:23:52.578261,40.8,0,43.82,0.0,1000.0,0.0,4.199,94.7,100,0,60.0,2026-05-02T00:24:52.577930,4.207
2026-05-02T00:23:52.858537,40.8,0,43.83,0.0,1000.0,0.0,4.199,94.7,100,0,60.0,2026-05-02T00:24:52.857941,4.207
2026-05-02T00:23:53.508639,40.83,0,43.85,0.0,1000.0,0.0,4.199,94.7,100,0,60.0,2026-05-02T00:24:53.508436,4.207
2026-05-02T00:23:53.582088,40.83,0,43.85,0.0,1000.0,0.0,4.199,94.7,100,0,60.0,2026-05-02T00:24:53.581854,4.207
2026-05-02T00:23:53.653433,40.83,0,43.85,0.0,1000.0,0.0,4.199,94.7,100,0,60.0,2026-05-02T00:24:53.653233,4.207
2026-05-02T00:23:54.575965,40.86,0,43.88,0.0,1000.0,0.0,4.199,94.7,100,0,60.0,2026-05-02T00:24:54.575776,4.207
2026-05-02T00:23:54.646682,40.86,0,43.88,0.0,1000.0,0.0,4.199,94.7,100,0,60.0,2026-05-02T00:24:54.646497,4.207
2026-05-02T00:23:54.723935,40.86,0,43.88,0.0,1000.0,0.0,4.199,94.7,100,0,60.0,2026-05-02T00:24:54.723707,4.207
2026-05-02T00:23:55.624978,40.89,0,43.91,0.0,1000.0,0.0,4.199,94.7,100,0,60.0,2026-05-02T00:24:55.624772,4.207
2026-05-02T00:23:55.696014,40.89,0,43.91,0.0,1000.0,0.0,4.199,94.7,100,0,60.0,2026-05-02T00:24:55.695835,4.207
2026-05-02T00:23:56.653351,40.89,0,43.94,0.0,1000.0,0.0,4.199,94.7,100,0,60.0,2026-05-02T00:24:56.653104,4.207
2026-05-02T00:23:56.763985,40.91,0,43.94,0.0,1000.0,0.0,4.199,94.7,100,0,60.0,2026-05-02T00:24:56.763687,4.207
2026-05-02T00:23:57.050602,40.91,0,43.94,0.0,1000.0,0.0,4.199,94.7,100,0,60.0,2026-05-02T00:24:57.049856,4.207
2026-05-02T00:23:57.701490,40.94,0,43.96,0.0,1000.0,0.0,4.199,94.6,100,0,60.0,2026-05-02T00:24:57.701307,4.207
2026-05-02T00:23:57.771526,40.94,0,43.96,0.0,1000.0,0.0,4.199,94.6,100,0,60.0,2026-05-02T00:24:57.771348,4.207
2026-05-02T00:23:57.842661,40.94,0,43.96,0.0,1000.0,0.0,4.199,94.6,100,0,60.0,2026-05-02T00:24:57.842468,4.207
2026-05-02T00:23:58.757604,40.97,0,43.99,0.0,1000.0,0.0,4.199,94.6,100,0,60.0,2026-05-02T00:24:58.757430,4.207
2026-05-02T00:23:58.820191,40.97,0,43.99,0.0,1000.0,0.0,4.199,94.6,100,0,60.0,2026-05-02T00:24:58.819998,4.207
2026-05-02T00:23:58.883064,40.97,0,43.99,0.0,1000.0,0.0,4.199,94.6,100,0,60.0,2026-05-02T00:24:58.882835,4.207
2026-05-02T00:23:59.850117,41.01,0,44.02,0.0,1000.0,0.0,4.199,94.6,100,0,60.0,2026-05-02T00:24:59.849710,4.207
2026-05-02T00:24:00.060768,41.01,0,44.02,0.0,1000.0,0.0,4.199,94.6,100,0,60.0,2026-05-02T00:25:00.060330,4.207
2026-05-02T00:24:00.395898,41.01,0,44.03,0.0,1000.0,0.0,4.199,94.6,100,0,60.0,2026-05-02T00:25:00.395513,4.207
2026-05-02T00:24:00.883301,41.06,0,44.06,0.0,1000.0,0.0,4.199,94.6,100,0,60.0,2026-05-02T00:25:00.883035,4.207
2026-05-02T00:24:00.979901,41.06,0,44.07,0.0,1000.0,0.0,4.199,94.6,100,0,60.0,2026-05-02T00:25:00.979657,4.207
2026-05-02T00:24:01.886445,41.06,0,44.1,0.0,1000.0,0.0,4.199,94.6,100,0,60.0,2026-05-02T00:25:01.886225,4.207
2026-05-02T00:24:01.991805,41.11,0,44.11,0.0,1000.0,0.0,4.199,94.6,100,0,60.0,2026-05-02T00:25:01.991583,4.207
2026-05-02T00:24:02.161010,41.11,0,44.12,0.0,1000.0,0.0,4.199,94.6,100,0,60.0,2026-05-02T00:25:02.160641,4.207
2026-05-02T00:24:02.941709,41.16,0,44.15,0.0,1000.0,0.0,4.199,94.6,100,0,60.0,2026-05-02T00:25:02.941531,4.207
2026-05-02T00:24:03.004268,41.16,0,44.16,0.0,1000.0,0.0,4.199,94.6,100,0,60.0,2026-05-02T00:25:03.004089,4.207
2026-05-02T00:24:03.070555,41.16,0,44.17,0.0,1000.0,0.0,4.199,94.6,100,0,60.0,2026-05-02T00:25:03.070381,4.207
2026-05-02T00:24:03.986660,41.21,0,44.21,0.0,1000.0,0.0,4.199,94.6,99,0,60.0,2026-05-02T00:25:03.986476,4.207
2026-05-02T00:24:04.053866,41.21,0,44.22,0.0,1000.0,0.0,4.199,94.6,99,0,60.0,2026-05-02T00:25:04.053656,4.207
2026-05-02T00:24:04.124861,41.21,0,44.22,0.0,1000.0,0.0,4.199,94.6,99,0,60.0,2026-05-02T00:25:04.124693,4.207
2026-05-02T00:24:05.054882,41.26,0,44.26,0.0,1000.0,0.0,4.199,94.6,99,0,60.0,2026-05-02T00:25:05.054690,4.207
2026-05-02T00:24:05.125017,41.26,0,44.27,0.0,1000.0,0.0,4.199,94.5,99,0,60.0,2026-05-02T00:25:05.124809,4.207
2026-05-02T00:24:05.198444,41.26,0,44.27,0.0,1000.0,0.0,4.199,94.5,99,0,60.0,2026-05-02T00:25:05.197962,4.207
2026-05-02T00:24:06.095457,41.33,0,44.32,0.0,1000.0,0.0,4.199,94.5,99,0,60.0,2026-05-02T00:25:06.095288,4.207
2026-05-02T00:24:06.157340,41.33,0,44.33,0.0,1000.0,0.0,4.199,94.5,99,0,60.0,2026-05-02T00:25:06.157167,4.207
2026-05-02T00:24:07.122572,41.33,0,44.36,0.0,1000.0,0.0,4.199,94.5,99,0,60.0,2026-05-02T00:25:07.122404,4.207
2026-05-02T00:24:07.184463,41.39,0,44.38,0.0,1000.0,0.0,4.199,94.5,99,0,60.0,2026-05-02T00:25:07.184317,4.207
2026-05-02T00:24:07.311479,41.39,0,44.39,0.0,1000.0,0.0,4.199,94.5,99,0,60.0,2026-05-02T00:25:07.288015,4.207
2026-05-02T00:24:08.171782,41.46,0,44.43,0.0,1000.0,0.0,4.199,94.5,99,0,60.0,2026-05-02T00:25:08.171553,4.207
2026-05-02T00:24:08.244193,41.46,0,44.44,0.0,1000.0,0.0,4.199,94.5,99,0,60.0,2026-05-02T00:25:08.243987,4.207
2026-05-02T00:24:08.321975,41.46,0,44.45,0.0,1000.0,0.0,4.199,94.5,99,0,60.0,2026-05-02T00:25:08.321781,4.207
2026-05-02T00:24:09.324320,41.53,0,44.5,0.0,1000.0,0.0,4.199,94.4,99,0,60.0,2026-05-02T00:25:09.299335,4.207
2026-05-02T00:24:09.383764,41.53,0,44.52,0.0,1000.0,0.0,4.199,94.4,99,0,60.0,2026-05-02T00:25:09.383633,4.207
2026-05-02T00:24:09.449651,41.53,0,44.52,0.0,1000.0,0.0,4.199,94.4,99,0,60.0,2026-05-02T00:25:09.449442,4.207
2026-05-02T00:24:10.300933,41.59,0,44.57,0.0,1000.0,0.0,4.199,94.4,99,0,60.0,2026-05-02T00:25:10.300658,4.207
2026-05-02T00:24:10.402508,41.59,0,44.58,0.0,1000.0,0.0,4.199,94.4,99,0,60.0,2026-05-02T00:25:10.402147,4.207
2026-05-02T00:24:10.540543,41.59,0,44.59,0.0,1000.0,0.0,4.199,94.4,99,0,60.0,2026-05-02T00:25:10.539989,4.207
2026-05-02T00:24:11.397724,41.65,0,44.64,0.0,1000.0,0.0,4.199,94.4,99,0,60.0,2026-05-02T00:25:11.397452,4.207
2026-05-02T00:24:11.509446,41.65,0,44.64,0.0,1000.0,0.0,4.199,94.4,99,0,60.0,2026-05-02T00:25:11.509195,4.207
2026-05-02T00:24:12.358228,41.65,0,44.68,0.0,1000.0,0.0,4.199,94.4,99,0,60.0,2026-05-02T00:25:12.358041,4.207
2026-05-02T00:24:12.421373,41.71,0,44.7,0.0,1000.0,0.0,4.199,94.4,99,0,60.0,2026-05-02T00:25:12.421209,4.207
2026-05-02T00:24:12.483406,41.71,0,44.7,0.0,1000.0,0.0,4.199,94.4,99,0,60.0,2026-05-02T00:25:12.483199,4.207
2026-05-02T00:24:13.407955,41.75,0,44.75,0.0,1000.0,0.0,4.199,94.4,99,0,60.0,2026-05-02T00:25:13.407719,4.207
2026-05-02T00:24:13.491594,41.75,0,44.75,0.0,1000.0,0.0,4.199,94.4,99,0,60.0,2026-05-02T00:25:13.491371,4.207
2026-05-02T00:24:13.572485,41.75,0,44.75,0.0,1000.0,0.0,4.199,94.4,99,0,60.0,2026-05-02T00:25:13.572264,4.207
2026-05-02T00:24:14.462658,41.8,0,44.79,0.0,1000.0,0.0,4.199,94.4,99,0,60.0,2026-05-02T00:25:14.462484,4.207
2026-05-02T00:24:14.522865,41.8,0,44.8,0.0,1000.0,0.0,4.199,94.4,99,0,60.0,2026-05-02T00:25:14.522693,4.207
2026-05-02T00:24:14.581465,41.8,0,44.8,0.0,1000.0,0.0,4.199,94.4,99,0,60.0,2026-05-02T00:25:14.581257,4.207
2026-05-02T00:24:15.522762,41.86,0,44.85,0.0,1000.0,0.0,4.199,94.4,99,0,60.0,2026-05-02T00:25:15.522581,4.207
2026-05-02T00:24:15.592715,41.86,0,44.86,0.0,1000.0,0.0,4.199,94.3,99,0,60.0,2026-05-02T00:25:15.592516,4.207
2026-05-02T00:24:15.665150,41.86,0,44.86,0.0,1000.0,0.0,4.199,94.3,99,0,60.0,2026-05-02T00:25:15.664889,4.207
2026-05-02T00:24:16.577521,41.93,0,44.91,0.0,1000.0,0.0,4.199,94.3,99,0,60.0,2026-05-02T00:25:16.577346,4.207
2026-05-02T00:24:16.637025,41.93,0,44.92,0.0,1000.0,0.0,4.199,94.3,99,0,60.0,2026-05-02T00:25:16.636846,4.207
2026-05-02T00:24:17.595586,41.93,0,44.96,0.0,1000.0,0.0,4.199,94.3,99,0,60.0,2026-05-02T00:25:17.595399,4.207
2026-05-02T00:24:17.657945,41.98,0,44.97,0.0,1000.0,0.0,4.199,94.3,99,0,60.0,2026-05-02T00:25:17.657768,4.207
2026-05-02T00:24:17.719987,41.98,0,44.97,0.0,1000.0,0.0,4.199,94.3,99,0,60.0,2026-05-02T00:25:17.719825,4.207
2026-05-02T00:24:18.648700,42.05,0,45.02,0.0,1000.0,0.0,4.199,94.3,99,0,60.0,2026-05-02T00:25:18.648480,4.207
2026-05-02T00:24:18.709990,42.05,0,45.03,0.0,1000.0,0.0,4.199,94.3,99,0,60.0,2026-05-02T00:25:18.709813,4.207
2026-05-02T00:24:18.770939,42.05,0,45.04,0.0,1000.0,0.0,4.199,94.3,99,0,60.0,2026-05-02T00:25:18.770749,4.207
2026-05-02T00:24:19.704878,42.11,0,45.09,0.0,1000.0,0.0,4.199,94.3,99,0,60.0,2026-05-02T00:25:19.704634,4.207
2026-05-02T00:24:19.767752,42.11,0,45.1,0.0,1000.0,0.0,4.199,94.3,99,0,60.0,2026-05-02T00:25:19.767521,4.207
2026-05-02T00:24:19.835128,42.11,0,45.11,0.0,1000.0,0.0,4.199,94.3,99,0,60.0,2026-05-02T00:25:19.834744,4.207
2026-05-02T00:24:20.766498,42.18,0,45.16,0.0,1000.0,0.0,4.199,94.2,99,0,60.0,2026-05-02T00:25:20.766247,4.207
2026-05-02T00:24:20.838561,42.18,0,45.17,0.0,1000.0,0.0,4.199,94.2,99,0,60.0,2026-05-02T00:25:20.838370,4.207
2026-05-02T00:24:20.923473,42.18,0,45.18,0.0,1000.0,0.0,4.199,94.2,99,0,60.0,2026-05-02T00:25:20.923246,4.207
2026-05-02T00:24:21.813110,42.25,0,45.23,0.0,1000.0,0.0,4.199,94.2,99,0,60.0,2026-05-02T00:25:21.812943,4.207
2026-05-02T00:24:21.874632,42.25,0,45.24,0.0,1000.0,0.0,4.199,94.2,99,0,60.0,2026-05-02T00:25:21.874449,4.207
2026-05-02T00:24:22.835743,42.25,0,45.28,0.0,1000.0,0.0,4.199,94.2,99,0,60.0,2026-05-02T00:25:22.835557,4.207
2026-05-02T00:24:22.897073,42.33,0,45.31,0.0,1000.0,0.0,4.199,94.2,99,0,60.0,2026-05-02T00:25:22.896753,4.207
2026-05-02T00:24:22.961125,42.33,0,45.32,0.0,1000.0,0.0,4.199,94.2,99,0,60.0,2026-05-02T00:25:22.960922,4.207
2026-05-02T00:24:23.888908,42.39,0,45.37,0.0,1000.0,0.0,4.199,94.2,99,0,60.0,2026-05-02T00:25:23.888754,4.207
2026-05-02T00:24:23.954630,42.39,0,45.37,0.0,1000.0,0.0,4.199,94.2,99,0,60.0,2026-05-02T00:25:23.954470,4.207
2026-05-02T00:24:24.015489,42.39,0,45.37,0.0,1000.0,0.0,4.199,94.2,99,0,60.0,2026-05-02T00:25:24.015314,4.207
2026-05-02T00:24:24.942278,42.46,0,45.42,0.0,1000.0,0.0,4.199,94.1,99,0,60.0,2026-05-02T00:25:24.942073,4.208
2026-05-02T00:24:25.005693,42.46,0,45.43,0.0,1000.0,0.0,4.199,94.1,99,0,60.0,2026-05-02T00:25:25.005520,4.208
2026-05-02T00:24:25.074542,42.46,0,45.44,0.0,1000.0,0.0,4.199,94.1,99,0,60.0,2026-05-02T00:25:25.074332,4.208
2026-05-02T00:24:25.995829,42.52,0,45.49,0.0,1000.0,0.0,4.199,94.1,99,0,60.0,2026-05-02T00:25:25.995021,4.208
2026-05-02T00:24:26.056582,42.52,0,45.5,0.0,1000.0,0.0,4.199,94.1,99,0,60.0,2026-05-02T00:25:26.056401,4.208
2026-05-02T00:24:26.118165,42.52,0,45.5,0.0,1000.0,0.0,4.199,94.1,99,0,60.0,2026-05-02T00:25:26.117978,4.208
2026-05-02T00:24:27.053076,42.58,0,45.56,0.0,1000.0,0.0,4.199,94.1,99,0,60.0,2026-05-02T00:25:27.052894,4.208
2026-05-02T00:24:27.114105,42.58,0,45.56,0.0,1000.0,0.0,4.199,94.1,99,0,60.0,2026-05-02T00:25:27.113848,4.208
2026-05-02T00:24:28.068982,42.58,0,45.6,0.0,1000.0,0.0,4.199,94.1,99,0,60.0,2026-05-02T00:25:28.068793,4.208
2026-05-02T00:24:28.131183,42.63,0,45.61,0.0,1000.0,0.0,4.199,94.1,99,0,60.0,2026-05-02T00:25:28.130933,4.208
2026-05-02T00:24:28.204557,42.63,0,45.62,0.0,1000.0,0.0,4.199,94.1,99,0,60.0,2026-05-02T00:25:28.204271,4.208
2026-05-02T00:24:29.118778,42.69,0,45.66,0.0,1000.0,0.0,4.199,94.1,99,0,60.0,2026-05-02T00:25:29.118599,4.208
2026-05-02T00:24:29.179489,42.69,0,45.67,0.0,1000.0,0.0,4.199,94.1,99,0,60.0,2026-05-02T00:25:29.179329,4.208
2026-05-02T00:24:29.358462,42.69,0,45.68,0.0,1000.0,0.0,4.199,94.1,99,0,60.0,2026-05-02T00:25:29.358207,4.208
2026-05-02T00:24:30.177551,42.74,0,45.72,0.0,1000.0,0.0,4.199,94.0,99,0,60.0,2026-05-02T00:25:30.177376,4.208
2026-05-02T00:24:30.245907,42.74,0,45.73,0.0,1000.0,0.0,4.199,94.0,99,0,60.0,2026-05-02T00:25:30.245722,4.208
2026-05-02T00:24:30.319489,42.74,0,45.73,0.0,1000.0,0.0,4.199,94.0,99,0,60.0,2026-05-02T00:25:30.319280,4.208
2026-05-02T00:24:31.498864,42.79,0,45.78,0.0,1000.0,0.0,4.199,94.0,99,0,60.0,2026-05-02T00:25:31.498312,4.208
2026-05-02T00:24:31.880716,42.79,0,45.8,0.0,1000.0,0.0,4.199,94.0,99,0,60.0,2026-05-02T00:25:31.872241,4.208
2026-05-02T00:24:32.155025,42.79,0,45.8,0.0,1000.0,0.0,4.199,94.0,99,0,60.0,2026-05-02T00:25:32.152665,4.208
2026-05-02T00:24:32.439959,42.83,0,45.82,0.0,1000.0,0.0,4.199,94.0,99,0,60.0,2026-05-02T00:25:32.439436,4.208
2026-05-02T00:24:32.623738,42.83,0,45.83,0.0,1000.0,0.0,4.199,94.0,99,0,60.0,2026-05-02T00:25:32.623364,4.208
2026-05-02T00:24:33.342754,42.83,0,45.86,0.0,1000.0,0.0,4.199,94.0,99,0,60.0,2026-05-02T00:25:33.342564,4.208
2026-05-02T00:24:33.440200,42.89,0,45.87,0.0,1000.0,0.0,4.199,94.0,99,0,60.0,2026-05-02T00:25:33.439923,4.208
2026-05-02T00:24:33.555097,42.89,0,45.88,0.0,1000.0,0.0,4.199,94.0,99,0,60.0,2026-05-02T00:25:33.554309,4.208
2026-05-02T00:24:34.378210,42.94,0,45.91,0.0,1000.0,0.0,4.199,94.0,99,0,60.0,2026-05-02T00:25:34.378025,4.208
2026-05-02T00:24:34.450844,42.94,0,45.92,0.0,1000.0,0.0,4.199,94.0,99,0,60.0,2026-05-02T00:25:34.450663,4.208
2026-05-02T00:24:34.554689,42.94,0,45.93,0.0,1000.0,0.0,4.199,94.0,99,0,60.0,2026-05-02T00:25:34.554361,4.208
2026-05-02T00:24:35.412309,42.97,0,45.96,0.0,1000.0,0.0,4.199,94.0,99,0,60.0,2026-05-02T00:25:35.412109,4.208
2026-05-02T00:24:35.481523,42.97,0,45.96,0.0,1000.0,0.0,4.199,94.0,99,0,60.0,2026-05-02T00:25:35.481310,4.208
2026-05-02T00:24:35.567880,42.97,0,45.96,0.0,1000.0,0.0,4.199,94.0,99,0,60.0,2026-05-02T00:25:35.567667,4.208
2026-05-02T00:24:36.497349,43.01,0,46.0,0.0,1000.0,0.0,4.199,94.0,99,0,60.0,2026-05-02T00:25:36.496896,4.208
2026-05-02T00:24:36.600977,43.01,0,46.0,0.0,1000.0,0.0,4.199,94.0,99,0,60.0,2026-05-02T00:25:36.600720,4.208
2026-05-02T00:24:36.704788,43.01,0,46.01,0.0,1000.0,0.0,4.199,94.0,99,0,60.0,2026-05-02T00:25:36.704557,4.208
2026-05-02T00:24:37.519342,43.05,0,46.04,0.0,1000.0,0.0,4.199,93.9,99,0,60.0,2026-05-02T00:25:37.519151,4.208
2026-05-02T00:24:37.579446,43.05,0,46.04,0.0,1000.0,0.0,4.199,93.9,99,0,60.0,2026-05-02T00:25:37.579299,4.208
2026-05-02T00:24:38.542930,43.05,0,46.08,0.0,1000.0,0.0,4.199,93.9,99,0,60.0,2026-05-02T00:25:38.542744,4.208
2026-05-02T00:24:38.603742,43.08,0,46.08,0.0,1000.0,0.0,4.199,93.9,99,0,60.0,2026-05-02T00:25:38.603567,4.208
2026-05-02T00:24:38.664062,43.08,0,46.08,0.0,1000.0,0.0,4.199,93.9,99,0,60.0,2026-05-02T00:25:38.663757,4.208
2026-05-02T00:24:39.597985,43.11,0,46.11,0.0,1000.0,0.0,4.199,93.9,99,0,60.0,2026-05-02T00:25:39.597784,4.208
2026-05-02T00:24:39.661117,43.11,0,46.11,0.0,1000.0,0.0,4.199,93.9,99,0,60.0,2026-05-02T00:25:39.660937,4.208
2026-05-02T00:24:39.726790,43.11,0,46.11,0.0,1000.0,0.0,4.199,93.9,99,0,60.0,2026-05-02T00:25:39.726590,4.208
2026-05-02T00:24:40.655201,43.15,0,46.14,0.0,1000.0,0.0,4.199,93.9,99,0,60.0,2026-05-02T00:25:40.655022,4.208
2026-05-02T00:24:40.715345,43.15,0,46.14,0.0,1000.0,0.0,4.199,93.9,99,0,60.0,2026-05-02T00:25:40.715157,4.208
2026-05-02T00:24:40.780420,43.15,0,46.15,0.0,1000.0,0.0,4.199,93.9,99,0,60.0,2026-05-02T00:25:40.780156,4.208
2026-05-02T00:24:41.710570,43.2,0,46.19,0.0,1000.0,0.0,4.199,93.9,99,0,60.0,2026-05-02T00:25:41.710387,4.208
2026-05-02T00:24:41.786211,43.2,0,46.19,0.0,1000.0,0.0,4.199,93.9,99,0,60.0,2026-05-02T00:25:41.786029,4.208
2026-05-02T00:24:41.849076,43.2,0,46.19,0.0,1000.0,0.0,4.199,93.9,99,0,60.0,2026-05-02T00:25:41.848821,4.208
2026-05-02T00:24:42.766716,43.23,0,46.23,0.0,1000.0,0.0,4.199,93.9,99,0,60.0,2026-05-02T00:25:42.766440,4.208
2026-05-02T00:24:42.826406,43.23,0,46.23,0.0,1000.0,0.0,4.199,93.9,99,0,60.0,2026-05-02T00:25:42.826231,4.208
2026-05-02T00:24:43.785449,43.23,0,46.26,0.0,1000.0,0.0,4.199,93.9,99,0,60.0,2026-05-02T00:25:43.785272,4.208
2026-05-02T00:24:43.846924,43.25,0,46.26,0.0,1000.0,0.0,4.199,93.9,99,0,60.0,2026-05-02T00:25:43.846761,4.208
2026-05-02T00:24:43.909070,43.25,0,46.25,0.0,1000.0,0.0,4.199,93.9,99,0,60.0,2026-05-02T00:25:43.908924,4.208
2026-05-02T00:24:44.842582,43.31,0,46.29,0.0,1000.0,0.0,4.199,93.9,99,0,60.0,2026-05-02T00:25:44.842385,4.208
2026-05-02T00:24:44.905367,43.31,0,46.29,0.0,1000.0,0.0,4.199,93.9,99,0,60.0,2026-05-02T00:25:44.905203,4.208
2026-05-02T00:24:44.967808,43.31,0,46.3,0.0,1000.0,0.0,4.199,93.9,99,0,60.0,2026-05-02T00:25:44.967631,4.208
2026-05-02T00:24:46.360863,43.34,0,46.34,0.0,1000.0,0.0,4.199,93.8,99,0,60.0,2026-05-02T00:25:46.360591,4.208
2026-05-02T00:24:46.736744,43.34,0,46.34,0.0,1000.0,0.0,4.199,93.8,99,0,60.0,2026-05-02T00:25:46.722161,4.208
2026-05-02T00:24:46.841842,43.34,0,46.34,0.0,1000.0,0.0,4.199,93.8,99,0,60.0,2026-05-02T00:25:46.841665,4.208
2026-05-02T00:24:46.980114,43.38,0,46.35,0.0,1000.0,0.0,4.199,93.8,99,0,60.0,2026-05-02T00:25:46.979858,4.208
2026-05-02T00:24:47.097389,43.38,0,46.36,0.0,1000.0,0.0,4.199,93.8,99,0,60.0,2026-05-02T00:25:47.097017,4.208
2026-05-02T00:24:47.260623,43.38,0,46.37,0.0,1000.0,0.0,4.199,93.8,99,0,60.0,2026-05-02T00:25:47.260205,4.208
2026-05-02T00:24:48.023041,43.4,0,46.39,0.0,1000.0,0.0,4.199,93.8,99,0,60.0,2026-05-02T00:25:48.022715,4.208
2026-05-02T00:24:48.096798,43.4,0,46.39,0.0,1000.0,0.0,4.199,93.8,99,0,60.0,2026-05-02T00:25:48.096282,4.208
2026-05-02T00:24:49.017353,43.4,0,46.42,0.0,1000.0,0.0,4.199,93.8,99,0,60.0,2026-05-02T00:25:49.017085,4.208
2026-05-02T00:24:49.090927,43.45,0,46.43,0.0,1000.0,0.0,4.199,93.8,99,0,60.0,2026-05-02T00:25:49.090751,4.208
2026-05-02T00:24:49.161986,43.45,0,46.43,0.0,1000.0,0.0,4.199,93.8,99,0,60.0,2026-05-02T00:25:49.161798,4.208
2026-05-02T00:24:50.078319,43.51,0,46.47,0.0,1000.0,0.0,4.199,93.8,99,0,60.0,2026-05-02T00:25:50.077840,4.208
2026-05-02T00:24:50.253572,43.51,0,46.48,0.0,1000.0,0.0,4.199,93.8,99,0,60.0,2026-05-02T00:25:50.253229,4.208
2026-05-02T00:24:50.322174,43.51,0,46.49,0.0,1000.0,0.0,4.199,93.8,99,0,60.0,2026-05-02T00:25:50.322022,4.208
2026-05-02T00:24:51.127586,43.54,0,46.52,0.0,1000.0,0.0,4.199,93.8,99,0,60.0,2026-05-02T00:25:51.127399,4.208
2026-05-02T00:24:51.207555,43.54,0,46.52,0.0,1000.0,0.0,4.199,93.8,99,0,60.0,2026-05-02T00:25:51.207282,4.208
2026-05-02T00:24:51.287499,43.54,0,46.53,0.0,1000.0,0.0,4.199,93.8,99,0,60.0,2026-05-02T00:25:51.287303,4.208
2026-05-02T00:24:52.236225,43.59,0,46.57,0.0,1000.0,0.0,4.199,93.8,99,0,60.0,2026-05-02T00:25:52.236055,4.208
2026-05-02T00:24:52.294220,43.59,0,46.57,0.0,1000.0,0.0,4.199,93.8,99,0,60.0,2026-05-02T00:25:52.294064,4.208
2026-05-02T00:24:52.357674,43.59,0,46.57,0.0,1000.0,0.0,4.199,93.8,99,0,60.0,2026-05-02T00:25:52.357523,4.208
2026-05-02T00:24:53.244705,43.63,0,46.61,0.0,1000.0,0.0,4.199,93.7,99,0,60.0,2026-05-02T00:25:53.244493,4.208
2026-05-02T00:24:53.307210,43.63,0,46.61,0.0,1000.0,0.0,4.199,93.7,99,0,60.0,2026-05-02T00:25:53.307024,4.208
2026-05-02T00:24:54.250577,43.63,0,46.65,0.0,1000.0,0.0,4.199,93.7,99,0,60.0,2026-05-02T00:25:54.250394,4.208
2026-05-02T00:24:54.312606,43.66,0,46.65,0.0,1000.0,0.0,4.199,93.7,99,0,60.0,2026-05-02T00:25:54.312416,4.208
2026-05-02T00:24:54.372755,43.66,0,46.65,0.0,1000.0,0.0,4.199,93.7,99,0,60.0,2026-05-02T00:25:54.372608,4.208
2026-05-02T00:24:55.318469,43.72,0,46.69,0.0,1000.0,0.0,4.199,93.7,99,0,60.0,2026-05-02T00:25:55.318254,4.208
2026-05-02T00:24:55.380010,43.72,0,46.7,0.0,1000.0,0.0,4.199,93.7,99,0,60.0,2026-05-02T00:25:55.379845,4.208
2026-05-02T00:24:55.443038,43.72,0,46.7,0.0,1000.0,0.0,4.199,93.7,99,0,60.0,2026-05-02T00:25:55.442863,4.208
2026-05-02T00:24:56.370871,43.76,0,46.74,0.0,1000.0,0.0,4.199,93.7,99,0,60.0,2026-05-02T00:25:56.370673,4.208
2026-05-02T00:24:56.436182,43.76,0,46.75,0.0,1000.0,0.0,4.199,93.7,99,0,60.0,2026-05-02T00:25:56.435994,4.208
2026-05-02T00:24:56.499789,43.76,0,46.75,0.0,1000.0,0.0,4.199,93.7,99,0,60.0,2026-05-02T00:25:56.499572,4.208
2026-05-02T00:24:57.429013,43.81,0,46.79,0.0,1000.0,0.0,4.199,93.7,99,0,60.0,2026-05-02T00:25:57.428829,4.208
2026-05-02T00:24:57.494318,43.81,0,46.79,0.0,1000.0,0.0,4.199,93.7,99,0,60.0,2026-05-02T00:25:57.494148,4.208
2026-05-02T00:24:57.563583,43.81,0,46.79,0.0,1000.0,0.0,4.199,93.7,99,0,60.0,2026-05-02T00:25:57.563253,4.208
2026-05-02T00:24:58.476462,43.86,0,46.83,0.0,1000.0,0.0,4.199,93.7,99,0,60.0,2026-05-02T00:25:58.476274,4.208
2026-05-02T00:24:58.539093,43.86,0,46.84,0.0,1000.0,0.0,4.199,93.7,99,0,60.0,2026-05-02T00:25:58.538880,4.208
2026-05-02T00:24:59.499596,43.86,0,46.87,0.0,1000.0,0.0,4.199,93.7,99,0,60.0,2026-05-02T00:25:59.499412,4.208
2026-05-02T00:24:59.559516,43.92,0,46.89,0.0,1000.0,0.0,4.199,93.6,99,0,60.0,2026-05-02T00:25:59.559364,4.208
2026-05-02T00:24:59.620649,43.92,0,46.89,0.0,1000.0,0.0,4.199,93.6,99,0,60.0,2026-05-02T00:25:59.620472,4.208
2026-05-02T00:25:00.551663,43.98,0,46.94,0.0,1000.0,0.0,4.199,93.6,99,0,60.0,2026-05-02T00:26:00.551444,4.208
2026-05-02T00:25:00.612816,43.98,0,46.95,0.0,1000.0,0.0,4.199,93.6,99,0,60.0,2026-05-02T00:26:00.612669,4.208
2026-05-02T00:25:00.676077,43.98,0,46.96,0.0,1000.0,0.0,4.199,93.6,99,0,60.0,2026-05-02T00:26:00.675903,4.208
2026-05-02T00:25:01.703192,44.02,0,47.0,0.0,1000.0,0.0,4.199,93.6,99,0,60.0,2026-05-02T00:26:01.702841,4.208
2026-05-02T00:25:01.892855,44.02,0,47.01,0.0,1000.0,0.0,4.199,93.6,99,0,60.0,2026-05-02T00:26:01.892113,4.208
2026-05-02T00:25:02.094534,44.02,0,47.01,0.0,1000.0,0.0,4.199,93.6,99,0,60.0,2026-05-02T00:26:02.094301,4.208
2026-05-02T00:25:02.671079,44.06,0,47.04,0.0,1000.0,0.0,4.199,93.6,99,0,60.0,2026-05-02T00:26:02.670884,4.208
2026-05-02T00:25:02.743672,44.06,0,47.04,0.0,1000.0,0.0,4.199,93.6,99,0,60.0,2026-05-02T00:26:02.743499,4.208
2026-05-02T00:25:02.817527,44.06,0,47.04,0.0,1000.0,0.0,4.199,93.6,99,0,60.0,2026-05-02T00:26:02.817196,4.208
2026-05-02T00:25:03.759746,44.11,0,47.09,0.0,1000.0,0.0,4.199,93.6,99,0,60.0,2026-05-02T00:26:03.759451,4.208
2026-05-02T00:25:03.865443,44.11,0,47.09,0.0,1000.0,0.0,4.199,93.6,99,0,60.0,2026-05-02T00:26:03.865146,4.208
2026-05-02T00:25:04.739719,44.11,0,47.13,0.0,1000.0,0.0,4.199,93.6,99,0,60.0,2026-05-02T00:26:04.739546,4.208
2026-05-02T00:25:04.802725,44.16,0,47.14,0.0,1000.0,0.0,4.199,93.6,99,0,60.0,2026-05-02T00:26:04.802542,4.208
2026-05-02T00:25:04.865247,44.16,0,47.14,0.0,1000.0,0.0,4.199,93.6,99,0,60.0,2026-05-02T00:26:04.865068,4.208
2026-05-02T00:25:05.794175,44.21,0,47.18,0.0,1000.0,0.0,4.199,93.5,99,0,60.0,2026-05-02T00:26:05.793995,4.208
2026-05-02T00:25:05.860195,44.21,0,47.19,0.0,1000.0,0.0,4.199,93.5,99,0,60.0,2026-05-02T00:26:05.859992,4.208
2026-05-02T00:25:05.929417,44.21,0,47.19,0.0,1000.0,0.0,4.199,93.5,99,0,60.0,2026-05-02T00:26:05.929234,4.208
2026-05-02T00:25:06.849024,44.28,0,47.24,0.0,1000.0,0.0,4.199,93.5,99,0,60.0,2026-05-02T00:26:06.848820,4.208
2026-05-02T00:25:06.917182,44.28,0,47.25,0.0,1000.0,0.0,4.199,93.5,99,0,60.0,2026-05-02T00:26:06.916926,4.208
2026-05-02T00:25:06.979447,44.28,0,47.25,0.0,1000.0,0.0,4.199,93.5,99,0,60.0,2026-05-02T00:26:06.979285,4.208
2026-05-02T00:25:07.911384,44.33,0,47.3,0.0,1000.0,0.0,4.199,93.5,99,0,60.0,2026-05-02T00:26:07.911213,4.208
2026-05-02T00:25:07.983084,44.33,0,47.3,0.0,1000.0,0.0,4.199,93.5,99,0,60.0,2026-05-02T00:26:07.982822,4.208
2026-05-02T00:25:08.054619,44.33,0,47.31,0.0,1000.0,0.0,4.199,93.5,99,0,60.0,2026-05-02T00:26:08.054445,4.208
2026-05-02T00:25:08.964368,44.4,0,47.36,0.0,1000.0,0.0,4.199,93.5,99,0,60.0,2026-05-02T00:26:08.964028,4.208
2026-05-02T00:25:09.038691,44.4,0,47.37,0.0,1000.0,0.0,4.199,93.5,99,0,60.0,2026-05-02T00:26:09.038533,4.208
2026-05-02T00:25:09.977474,44.4,0,47.41,0.0,1000.0,0.0,4.199,93.5,99,0,60.0,2026-05-02T00:26:09.977304,4.208
2026-05-02T00:25:10.040492,44.46,0,47.43,0.0,1000.0,0.0,4.199,93.5,99,0,60.0,2026-05-02T00:26:10.040339,4.208
2026-05-02T00:25:10.105098,44.46,0,47.43,0.0,1000.0,0.0,4.199,93.5,99,0,60.0,2026-05-02T00:26:10.104936,4.208
2026-05-02T00:25:11.023465,44.52,0,47.47,0.0,1000.0,0.0,4.199,93.4,99,0,60.0,2026-05-02T00:26:11.023304,4.208
2026-05-02T00:25:11.086435,44.52,0,47.48,0.0,1000.0,0.0,4.199,93.4,99,0,60.0,2026-05-02T00:26:11.086251,4.208
2026-05-02T00:25:11.148445,44.52,0,47.49,0.0,1000.0,0.0,4.199,93.4,99,0,60.0,2026-05-02T00:26:11.148233,4.208
2026-05-02T00:25:12.089211,44.59,0,47.54,0.0,1000.0,0.0,4.199,93.4,99,0,60.0,2026-05-02T00:26:12.088598,4.208
2026-05-02T00:25:12.245248,44.59,0,47.55,0.0,1000.0,0.0,4.199,93.4,99,0,60.0,2026-05-02T00:26:12.245074,4.208
2026-05-02T00:25:12.307913,44.59,0,47.56,0.0,1000.0,0.0,4.199,93.4,99,0,60.0,2026-05-02T00:26:12.307755,4.208
2026-05-02T00:25:13.148595,44.65,0,47.61,0.0,1000.0,0.0,4.199,93.4,99,0,60.0,2026-05-02T00:26:13.148360,4.208
2026-05-02T00:25:13.220302,44.65,0,47.62,0.0,1000.0,0.0,4.199,93.4,99,0,60.0,2026-05-02T00:26:13.220109,4.208
2026-05-02T00:25:13.295549,44.65,0,47.62,0.0,1000.0,0.0,4.199,93.4,99,0,60.0,2026-05-02T00:26:13.295318,4.208
2026-05-02T00:25:14.232880,44.71,0,47.67,0.0,1000.0,0.0,4.199,93.4,99,0,60.0,2026-05-02T00:26:14.232686,4.208
2026-05-02T00:25:14.290522,44.71,0,47.67,0.0,1000.0,0.0,4.199,93.4,99,0,60.0,2026-05-02T00:26:14.290378,4.208
2026-05-02T00:25:15.215013,44.71,0,47.71,0.0,1000.0,0.0,4.199,93.4,99,0,60.0,2026-05-02T00:26:15.214688,4.208
2026-05-02T00:25:15.279048,44.78,0,47.73,0.0,1000.0,0.0,4.199,93.4,99,0,60.0,2026-05-02T00:26:15.278881,4.208
2026-05-02T00:25:15.342709,44.78,0,47.74,0.0,1000.0,0.0,4.199,93.4,99,0,60.0,2026-05-02T00:26:15.342524,4.208
2026-05-02T00:25:16.262512,44.83,0,47.78,0.0,1000.0,0.0,4.199,93.3,99,0,60.0,2026-05-02T00:26:16.262351,4.208
2026-05-02T00:25:16.338761,44.83,0,47.79,0.0,1000.0,0.0,4.199,93.3,99,0,60.0,2026-05-02T00:26:16.338541,4.208
2026-05-02T00:25:16.451659,44.83,0,47.8,0.0,1000.0,0.0,4.199,93.3,99,0,60.0,2026-05-02T00:26:16.451393,4.208
2026-05-02T00:25:17.525136,44.88,0,47.84,0.0,1000.0,0.0,4.199,93.3,99,0,60.0,2026-05-02T00:26:17.524661,4.208
2026-05-02T00:25:17.702062,44.88,0,47.85,0.0,1000.0,0.0,4.199,93.3,99,0,60.0,2026-05-02T00:26:17.701813,4.208
2026-05-02T00:25:17.944645,44.88,0,47.86,0.0,1000.0,0.0,4.199,93.3,99,0,60.0,2026-05-02T00:26:17.944323,4.208
2026-05-02T00:25:18.399725,44.94,0,47.89,0.0,1000.0,0.0,4.199,93.3,99,0,60.0,2026-05-02T00:26:18.399519,4.208
2026-05-02T00:25:18.478581,44.94,0,47.9,0.0,1000.0,0.0,4.199,93.3,99,0,60.0,2026-05-02T00:26:18.478376,4.208
2026-05-02T00:25:18.564894,44.94,0,47.91,0.0,1000.0,0.0,4.199,93.3,99,0,60.0,2026-05-02T00:26:18.564625,4.208
2026-05-02T00:25:19.436004,45.0,0,47.96,0.0,1000.0,0.0,4.199,93.3,99,0,60.0,2026-05-02T00:26:19.435794,4.208
2026-05-02T00:25:19.498131,45.0,0,47.96,0.0,1000.0,0.0,4.199,93.3,99,0,60.0,2026-05-02T00:26:19.497868,4.208
2026-05-02T00:25:20.451921,45.0,0,48.0,0.0,1000.0,0.0,4.199,93.3,99,0,60.0,2026-05-02T00:26:20.451718,4.208
2026-05-02T00:25:20.524557,45.05,0,48.02,0.0,1000.0,0.0,4.199,93.3,99,0,60.0,2026-05-02T00:26:20.524388,4.208
2026-05-02T00:25:20.717452,45.05,0,48.02,0.0,1000.0,0.0,4.199,93.3,99,0,60.0,2026-05-02T00:26:20.712142,4.208
2026-05-02T00:25:21.521850,45.1,0,48.06,0.0,1000.0,0.0,4.199,93.2,99,0,60.0,2026-05-02T00:26:21.521555,4.208
2026-05-02T00:25:21.620879,45.1,0,48.07,0.0,1000.0,0.0,4.199,93.2,99,0,60.0,2026-05-02T00:26:21.620292,4.208
2026-05-02T00:25:21.740782,45.1,0,48.07,0.0,1000.0,0.0,4.199,93.2,99,0,60.0,2026-05-02T00:26:21.740220,4.208
2026-05-02T00:25:22.557105,45.17,0,48.12,0.0,1000.0,0.0,4.199,93.2,99,0,60.0,2026-05-02T00:26:22.556927,4.208
2026-05-02T00:25:22.619804,45.17,0,48.13,0.0,1000.0,0.0,4.199,93.2,99,0,60.0,2026-05-02T00:26:22.619644,4.208
2026-05-02T00:25:22.685317,45.17,0,48.13,0.0,1000.0,0.0,4.199,93.2,99,0,60.0,2026-05-02T00:26:22.685122,4.208
2026-05-02T00:25:23.611065,45.25,0,48.19,0.0,1000.0,0.0,4.199,93.2,99,0,60.0,2026-05-02T00:26:23.610881,4.208
2026-05-02T00:25:23.674223,45.25,0,48.2,0.0,1000.0,0.0,4.199,93.2,99,0,60.0,2026-05-02T00:26:23.674058,4.208
2026-05-02T00:25:23.734905,45.25,0,48.21,0.0,1000.0,0.0,4.199,93.2,99,0,60.0,2026-05-02T00:26:23.734689,4.208
2026-05-02T00:25:24.664314,45.31,0,48.26,0.0,1000.0,0.0,4.199,93.2,99,0,60.0,2026-05-02T00:26:24.663769,4.208
2026-05-02T00:25:24.728468,45.31,0,48.27,0.0,1000.0,0.0,4.199,93.2,99,0,60.0,2026-05-02T00:26:24.728298,4.208
2026-05-02T00:25:25.686951,45.31,0,48.31,0.0,1000.0,0.0,4.199,93.2,99,0,60.0,2026-05-02T00:26:25.686757,4.208
2026-05-02T00:25:25.747678,45.37,0,48.33,0.0,1000.0,0.0,4.199,93.2,99,0,60.0,2026-05-02T00:26:25.747483,4.208
2026-05-02T00:25:25.808984,45.37,0,48.33,0.0,1000.0,0.0,4.199,93.2,99,0,60.0,2026-05-02T00:26:25.808817,4.208
2026-05-02T00:25:26.743961,45.43,0,48.38,0.0,1000.0,0.0,4.199,93.1,99,0,60.0,2026-05-02T00:26:26.743729,4.208
2026-05-02T00:25:26.817670,45.43,0,48.39,0.0,1000.0,0.0,4.199,93.1,99,0,60.0,2026-05-02T00:26:26.817466,4.208
2026-05-02T00:25:26.890441,45.43,0,48.4,0.0,1000.0,0.0,4.199,93.1,99,0,60.0,2026-05-02T00:26:26.890239,4.208
2026-05-02T00:25:27.850059,45.5,0,48.45,0.0,1000.0,0.0,4.199,93.1,99,0,60.0,2026-05-02T00:26:27.849600,4.208
2026-05-02T00:25:27.961917,45.5,0,48.46,0.0,1000.0,0.0,4.199,93.1,99,0,60.0,2026-05-02T00:26:27.961597,4.208
2026-05-02T00:25:28.067929,45.5,0,48.47,0.0,1000.0,0.0,4.199,93.1,99,0,60.0,2026-05-02T00:26:28.067643,4.208
2026-05-02T00:25:28.853161,45.56,0,48.5,0.0,1000.0,0.0,4.199,93.1,99,0,60.0,2026-05-02T00:26:28.852980,4.208
2026-05-02T00:25:28.920751,45.56,0,48.51,0.0,1000.0,0.0,4.199,93.1,99,0,60.0,2026-05-02T00:26:28.920547,4.208
2026-05-02T00:25:28.996252,45.56,0,48.52,0.0,1000.0,0.0,4.199,93.1,99,0,60.0,2026-05-02T00:26:28.996074,4.208
2026-05-02T00:25:29.908048,45.62,0,48.57,0.0,1000.0,0.0,4.199,93.1,99,0,60.0,2026-05-02T00:26:29.907840,4.208
2026-05-02T00:25:29.970583,45.62,0,48.58,0.0,1000.0,0.0,4.199,93.1,99,0,60.0,2026-05-02T00:26:29.970395,4.208
2026-05-02T00:25:30.924158,45.62,0,48.62,0.0,1000.0,0.0,4.199,93.1,99,0,60.0,2026-05-02T00:26:30.923984,4.208
2026-05-02T00:25:30.989543,45.69,0,48.63,0.0,1000.0,0.0,4.199,93.1,99,0,60.0,2026-05-02T00:26:30.989404,4.208
2026-05-02T00:25:31.065956,45.69,0,48.64,0.0,1000.0,0.0,4.199,93.1,99,0,60.0,2026-05-02T00:26:31.065729,4.208
2026-05-02T00:25:31.983440,45.74,0,48.68,0.0,1000.0,0.0,4.199,93.0,99,0,60.0,2026-05-02T00:26:31.983166,4.208
2026-05-02T00:25:32.084331,45.74,0,48.69,0.0,1000.0,0.0,4.199,93.0,99,0,60.0,2026-05-02T00:26:32.082849,4.208
2026-05-02T00:25:32.370001,45.74,0,48.7,0.0,1000.0,0.0,4.199,93.0,99,0,60.0,2026-05-02T00:26:32.346411,4.208
2026-05-02T00:25:33.034336,45.78,0,48.73,0.0,1000.0,0.0,4.199,93.0,99,0,60.0,2026-05-02T00:26:33.034152,4.208
2026-05-02T00:25:33.095045,45.78,0,48.74,0.0,1000.0,0.0,4.199,93.0,99,0,60.0,2026-05-02T00:26:33.094894,4.208
2026-05-02T00:25:33.157212,45.78,0,48.74,0.0,1000.0,0.0,4.199,93.0,99,0,60.0,2026-05-02T00:26:33.157050,4.208
2026-05-02T00:25:34.078518,45.83,0,48.78,0.0,1000.0,0.0,4.199,93.0,99,0,60.0,2026-05-02T00:26:34.078225,4.208
2026-05-02T00:25:34.229184,45.83,0,48.79,0.0,1000.0,0.0,4.199,93.0,99,0,60.0,2026-05-02T00:26:34.203853,4.208
2026-05-02T00:25:34.327880,45.83,0,48.79,0.0,1000.0,0.0,4.199,93.0,99,0,60.0,2026-05-02T00:26:34.327715,4.208
2026-05-02T00:25:35.145539,45.88,0,48.83,0.0,1000.0,0.0,4.199,93.0,99,0,60.0,2026-05-02T00:26:35.145370,4.208
2026-05-02T00:25:35.206756,45.88,0,48.84,0.0,1000.0,0.0,4.199,93.0,99,0,60.0,2026-05-02T00:26:35.206595,4.208
2026-05-02T00:25:36.205219,45.88,0,48.88,0.0,1000.0,0.0,4.199,93.0,99,0,60.0,2026-05-02T00:26:36.204868,4.208
2026-05-02T00:25:36.274569,45.91,0,48.88,0.0,1000.0,0.0,4.199,93.0,99,0,60.0,2026-05-02T00:26:36.274375,4.208
2026-05-02T00:25:36.346230,45.91,0,48.88,0.0,1000.0,0.0,4.199,93.0,99,0,60.0,2026-05-02T00:26:36.346072,4.208
2026-05-02T00:25:37.217136,45.94,0,48.91,0.0,1000.0,0.0,4.199,93.0,99,0,60.0,2026-05-02T00:26:37.216922,4.208
2026-05-02T00:25:37.280397,45.94,0,48.91,0.0,1000.0,0.0,4.199,93.0,99,0,60.0,2026-05-02T00:26:37.280209,4.208
2026-05-02T00:25:37.344017,45.94,0,48.91,0.0,1000.0,0.0,4.199,93.0,99,0,60.0,2026-05-02T00:26:37.343847,4.208
2026-05-02T00:25:38.451686,45.98,0,48.95,0.0,1000.0,0.0,4.199,93.0,99,0,60.0,2026-05-02T00:26:38.436591,4.208
2026-05-02T00:25:38.658879,45.98,0,48.95,0.0,1000.0,0.0,4.199,93.0,99,0,60.0,2026-05-02T00:26:38.658553,4.208
2026-05-02T00:25:38.777721,45.98,0,48.95,0.0,1000.0,0.0,4.199,93.0,99,0,60.0,2026-05-02T00:26:38.777386,4.208
2026-05-02T00:25:39.326531,46.02,0,48.98,0.0,1000.0,0.0,4.199,93.0,99,0,60.0,2026-05-02T00:26:39.326316,4.208
2026-05-02T00:25:39.389501,46.02,0,48.98,0.0,1000.0,0.0,4.199,92.9,99,0,60.0,2026-05-02T00:26:39.389321,4.208
2026-05-02T00:25:39.451857,46.02,0,48.98,0.0,1000.0,0.0,4.199,92.9,99,0,60.0,2026-05-02T00:26:39.451616,4.208
2026-05-02T00:25:40.393317,46.07,0,49.03,0.0,1000.0,0.0,4.199,92.9,99,0,60.0,2026-05-02T00:26:40.393094,4.208
2026-05-02T00:25:40.488792,46.07,0,49.03,0.0,1000.0,0.0,4.199,92.9,99,0,60.0,2026-05-02T00:26:40.488551,4.208
2026-05-02T00:25:41.394623,46.07,0,49.07,0.0,1000.0,0.0,4.199,92.9,99,0,60.0,2026-05-02T00:26:41.394444,4.208
2026-05-02T00:25:41.457332,46.14,0,49.09,0.0,1000.0,0.0,4.199,92.9,99,0,60.0,2026-05-02T00:26:41.457172,4.208
2026-05-02T00:25:41.519054,46.14,0,49.09,0.0,1000.0,0.0,4.199,92.9,99,0,60.0,2026-05-02T00:26:41.518881,4.208
2026-05-02T00:25:42.451826,46.19,0,49.13,0.0,1000.0,0.0,4.199,92.9,99,0,60.0,2026-05-02T00:26:42.451621,4.208
2026-05-02T00:25:42.517812,46.19,0,49.14,0.0,1000.0,0.0,4.199,92.9,99,0,60.0,2026-05-02T00:26:42.517604,4.208
2026-05-02T00:25:42.586154,46.19,0,49.15,0.0,1000.0,0.0,4.199,92.9,99,0,60.0,2026-05-02T00:26:42.585969,4.208
2026-05-02T00:25:43.534120,46.26,0,49.19,0.0,1000.0,0.0,4.199,92.9,99,0,60.0,2026-05-02T00:26:43.533826,4.208
2026-05-02T00:25:43.633231,46.26,0,49.21,0.0,1000.0,0.0,4.199,92.9,99,0,60.0,2026-05-02T00:26:43.632863,4.208
2026-05-02T00:25:43.772637,46.26,0,49.22,0.0,1000.0,0.0,4.199,92.9,99,0,60.0,2026-05-02T00:26:43.772257,4.208
2026-05-02T00:25:44.559276,46.33,0,49.26,0.0,1000.0,0.0,4.199,92.8,99,0,60.0,2026-05-02T00:26:44.559090,4.208
2026-05-02T00:25:44.624908,46.33,0,49.28,0.0,1000.0,0.0,4.199,92.8,99,0,60.0,2026-05-02T00:26:44.624737,4.208
2026-05-02T00:25:44.695723,46.33,0,49.28,0.0,1000.0,0.0,4.199,92.8,99,0,60.0,2026-05-02T00:26:44.695523,4.208
2026-05-02T00:25:45.613235,46.39,0,49.34,0.0,1000.0,0.0,4.199,92.8,99,0,60.0,2026-05-02T00:26:45.613049,4.208
2026-05-02T00:25:45.674406,46.39,0,49.34,0.0,1000.0,0.0,4.199,92.8,99,0,60.0,2026-05-02T00:26:45.674256,4.208
2026-05-02T00:25:46.630691,46.39,0,49.38,0.0,1000.0,0.0,4.199,92.8,99,0,60.0,2026-05-02T00:26:46.630350,4.208
2026-05-02T00:25:46.692594,46.45,0,49.4,0.0,1000.0,0.0,4.199,92.8,99,0,60.0,2026-05-02T00:26:46.692420,4.208
2026-05-02T00:25:46.765498,46.45,0,49.41,0.0,1000.0,0.0,4.199,92.8,99,0,60.0,2026-05-02T00:26:46.765288,4.208
2026-05-02T00:25:47.692344,46.52,0,49.45,0.0,1000.0,0.0,4.199,92.8,99,0,60.0,2026-05-02T00:26:47.692127,4.208
2026-05-02T00:25:47.762353,46.52,0,49.47,0.0,1000.0,0.0,4.199,92.8,99,0,60.0,2026-05-02T00:26:47.762177,4.208
2026-05-02T00:25:47.833702,46.52,0,49.48,0.0,1000.0,0.0,4.199,92.8,99,0,60.0,2026-05-02T00:26:47.833290,4.208
2026-05-02T00:25:48.749994,46.6,0,49.53,0.0,1000.0,0.0,4.199,92.7,99,0,60.0,2026-05-02T00:26:48.749805,4.208
2026-05-02T00:25:48.820562,46.6,0,49.53,0.0,1000.0,0.0,4.199,92.7,99,0,60.0,2026-05-02T00:26:48.820376,4.208
2026-05-02T00:25:48.900758,46.6,0,49.54,0.0,1000.0,0.0,4.199,92.7,99,0,60.0,2026-05-02T00:26:48.900416,4.208
2026-05-02T00:25:49.805851,46.66,0,49.59,0.0,1000.0,0.0,4.199,92.7,99,0,60.0,2026-05-02T00:26:49.805663,4.208
2026-05-02T00:25:49.876468,46.66,0,49.6,0.0,1000.0,0.0,4.199,92.7,99,0,60.0,2026-05-02T00:26:49.876268,4.208
2026-05-02T00:25:49.947629,46.66,0,49.6,0.0,1000.0,0.0,4.199,92.7,99,0,60.0,2026-05-02T00:26:49.947294,4.208
2026-05-02T00:25:50.856850,46.73,0,49.66,0.0,1000.0,0.0,4.199,92.7,99,0,60.0,2026-05-02T00:26:50.856617,4.208
2026-05-02T00:25:50.919750,46.73,0,49.67,0.0,1000.0,0.0,4.199,92.7,99,0,60.0,2026-05-02T00:26:50.919545,4.208
2026-05-02T00:25:51.871139,46.73,0,49.71,0.0,1000.0,0.0,4.199,92.7,99,0,60.0,2026-05-02T00:26:51.870955,4.208
2026-05-02T00:25:51.933994,46.8,0,49.73,0.0,1000.0,0.0,4.199,92.7,99,0,60.0,2026-05-02T00:26:51.933800,4.208
2026-05-02T00:25:51.994664,46.8,0,49.74,0.0,1000.0,0.0,4.199,92.7,99,0,60.0,2026-05-02T00:26:51.994507,4.208
2026-05-02T00:25:52.927549,46.85,0,49.78,0.0,1000.0,0.0,4.199,92.7,99,0,60.0,2026-05-02T00:26:52.927344,4.208
2026-05-02T00:25:52.990744,46.85,0,49.79,0.0,1000.0,0.0,4.199,92.7,99,0,60.0,2026-05-02T00:26:52.990587,4.208
2026-05-02T00:25:53.054166,46.85,0,49.8,0.0,1000.0,0.0,4.199,92.7,99,0,60.0,2026-05-02T00:26:53.053985,4.208
2026-05-02T00:25:54.006173,46.92,0,49.85,0.0,1000.0,0.0,4.199,92.6,99,0,60.0,2026-05-02T00:26:54.005941,4.208
2026-05-02T00:25:54.190187,46.92,0,49.86,0.0,1000.0,0.0,4.199,92.6,99,0,60.0,2026-05-02T00:26:54.189706,4.208
2026-05-02T00:25:54.480112,46.92,0,49.88,0.0,1000.0,0.0,4.199,92.6,99,0,60.0,2026-05-02T00:26:54.479726,4.208
2026-05-02T00:25:55.039417,46.96,0,49.91,0.0,1000.0,0.0,4.199,92.6,99,0,60.0,2026-05-02T00:26:55.039255,4.208
2026-05-02T00:25:55.100692,46.96,0,49.91,0.0,1000.0,0.0,4.199,92.6,99,0,60.0,2026-05-02T00:26:55.100500,4.208
2026-05-02T00:25:55.162379,46.96,0,49.91,0.0,1000.0,0.0,4.199,92.6,99,0,60.0,2026-05-02T00:26:55.162212,4.208
2026-05-02T00:25:56.086314,47.01,0,49.96,0.0,1000.0,0.0,4.199,92.6,99,0,60.0,2026-05-02T00:26:56.085980,4.208
2026-05-02T00:25:56.263146,47.01,0,49.97,0.0,1000.0,0.0,4.199,92.6,99,0,60.0,2026-05-02T00:26:56.262847,4.208
2026-05-02T00:25:57.110443,47.01,0,50.0,0.0,1000.0,0.0,4.199,92.6,99,0,60.0,2026-05-02T00:26:57.110256,4.208
2026-05-02T00:25:57.173089,47.06,0,50.0,0.0,1000.0,0.0,4.199,92.6,99,0,60.0,2026-05-02T00:26:57.172933,4.208
2026-05-02T00:25:57.234341,47.06,0,50.01,0.0,1000.0,0.0,4.199,92.6,99,0,60.0,2026-05-02T00:26:57.234149,4.208
2026-05-02T00:25:58.220312,47.11,0,50.05,0.0,1000.0,0.0,4.199,92.6,99,0,60.0,2026-05-02T00:26:58.206201,4.208
2026-05-02T00:25:58.291663,47.11,0,50.05,0.0,1000.0,0.0,4.199,92.6,99,0,60.0,2026-05-02T00:26:58.291499,4.208
2026-05-02T00:25:58.359746,47.11,0,50.06,0.0,1000.0,0.0,4.199,92.6,99,0,60.0,2026-05-02T00:26:58.359588,4.208
2026-05-02T00:25:59.218429,47.17,0,50.1,0.0,1000.0,0.0,4.199,92.6,99,0,60.0,2026-05-02T00:26:59.218207,4.208
2026-05-02T00:25:59.289596,47.17,0,50.11,0.0,1000.0,0.0,4.199,92.6,99,0,60.0,2026-05-02T00:26:59.289430,4.208
2026-05-02T00:25:59.360654,47.17,0,50.12,0.0,1000.0,0.0,4.199,92.6,99,0,60.0,2026-05-02T00:26:59.360446,4.208
2026-05-02T00:26:00.265135,47.2,0,50.15,0.0,1000.0,0.0,4.199,92.6,99,0,60.0,2026-05-02T00:27:00.264947,4.208
2026-05-02T00:26:00.323634,47.2,0,50.15,0.0,1000.0,0.0,4.199,92.5,99,0,60.0,2026-05-02T00:27:00.323478,4.208
2026-05-02T00:26:00.386479,47.2,0,50.15,0.0,1000.0,0.0,4.199,92.5,99,0,60.0,2026-05-02T00:27:00.386302,4.208
2026-05-02T00:26:01.357884,47.24,0,50.19,0.0,1000.0,0.0,4.199,92.5,99,0,60.0,2026-05-02T00:27:01.357602,4.208
2026-05-02T00:26:01.549004,47.24,0,50.19,0.0,1000.0,0.0,4.199,92.5,99,0,60.0,2026-05-02T00:27:01.548655,4.208
2026-05-02T00:26:02.340228,47.24,0,50.23,0.0,1000.0,0.0,4.199,92.5,99,0,60.0,2026-05-02T00:27:02.340052,4.208
2026-05-02T00:26:02.411252,47.29,0,50.24,0.0,1000.0,0.0,4.199,92.5,99,0,60.0,2026-05-02T00:27:02.411060,4.208
2026-05-02T00:26:02.480364,47.29,0,50.24,0.0,1000.0,0.0,4.199,92.5,99,0,60.0,2026-05-02T00:27:02.480184,4.208
2026-05-02T00:26:03.402687,47.33,0,50.28,0.0,1000.0,0.0,4.199,92.5,99,0,60.0,2026-05-02T00:27:03.402483,4.208
2026-05-02T00:26:03.465022,47.33,0,50.28,0.0,1000.0,0.0,4.199,92.5,99,0,60.0,2026-05-02T00:27:03.464818,4.208
2026-05-02T00:26:03.526346,47.33,0,50.28,0.0,1000.0,0.0,4.199,92.5,99,0,60.0,2026-05-02T00:27:03.526169,4.208
2026-05-02T00:26:04.458983,47.39,0,50.33,0.0,1000.0,0.0,4.199,92.5,99,0,60.0,2026-05-02T00:27:04.458804,4.208
2026-05-02T00:26:04.519513,47.39,0,50.34,0.0,1000.0,0.0,4.199,92.5,99,0,60.0,2026-05-02T00:27:04.519341,4.208
2026-05-02T00:26:04.586374,47.39,0,50.34,0.0,1000.0,0.0,4.199,92.5,99,0,60.0,2026-05-02T00:27:04.586207,4.208
2026-05-02T00:26:05.511231,47.45,0,50.39,0.0,1000.0,0.0,4.199,92.5,99,0,60.0,2026-05-02T00:27:05.511051,4.208
2026-05-02T00:26:05.571702,47.45,0,50.4,0.0,1000.0,0.0,4.199,92.5,99,0,60.0,2026-05-02T00:27:05.571566,4.208
2026-05-02T00:26:05.632201,47.45,0,50.4,0.0,1000.0,0.0,4.199,92.5,99,0,60.0,2026-05-02T00:27:05.631967,4.208
2026-05-02T00:26:06.564764,47.51,0,50.45,0.0,1000.0,0.0,4.199,92.4,99,0,60.0,2026-05-02T00:27:06.564409,4.208
2026-05-02T00:26:06.624313,47.51,0,50.45,0.0,1000.0,0.0,4.199,92.4,99,0,60.0,2026-05-02T00:27:06.624154,4.208
2026-05-02T00:26:07.581318,47.51,0,50.49,0.0,1000.0,0.0,4.199,92.4,99,0,60.0,2026-05-02T00:27:07.581120,4.208
2026-05-02T00:26:07.645917,47.57,0,50.51,0.0,1000.0,0.0,4.199,92.4,99,0,60.0,2026-05-02T00:27:07.645729,4.208
2026-05-02T00:26:07.705733,47.57,0,50.51,0.0,1000.0,0.0,4.199,92.4,99,0,60.0,2026-05-02T00:27:07.705573,4.208
2026-05-02T00:26:08.638314,47.63,0,50.55,0.0,1000.0,0.0,4.199,92.4,99,0,60.0,2026-05-02T00:27:08.638143,4.208
2026-05-02T00:26:08.702688,47.63,0,50.57,0.0,1000.0,0.0,4.199,92.4,99,0,60.0,2026-05-02T00:27:08.702498,4.208
2026-05-02T00:26:08.767052,47.63,0,50.57,0.0,1000.0,0.0,4.199,92.4,99,0,60.0,2026-05-02T00:27:08.766804,4.208
2026-05-02T00:26:09.723852,47.69,0,50.61,0.0,1000.0,0.0,4.199,92.4,99,0,60.0,2026-05-02T00:27:09.723300,4.208
2026-05-02T00:26:09.854452,47.69,0,50.62,0.0,1000.0,0.0,4.199,92.4,99,0,60.0,2026-05-02T00:27:09.854075,4.208
2026-05-02T00:26:10.020451,47.69,0,50.63,0.0,1000.0,0.0,4.199,92.4,99,0,60.0,2026-05-02T00:27:10.020096,4.208
2026-05-02T00:26:10.749599,47.75,0,50.67,0.0,1000.0,0.0,4.199,92.4,99,0,60.0,2026-05-02T00:27:10.749330,4.209
2026-05-02T00:26:10.812076,47.75,0,50.68,0.0,1000.0,0.0,4.199,92.4,99,0,60.0,2026-05-02T00:27:10.811904,4.209
2026-05-02T00:26:10.874906,47.75,0,50.69,0.0,1000.0,0.0,4.199,92.4,99,0,60.0,2026-05-02T00:27:10.874723,4.209
2026-05-02T00:26:11.806313,47.82,0,50.74,0.0,1000.0,0.0,4.199,92.3,99,0,60.0,2026-05-02T00:27:11.806152,4.209
2026-05-02T00:26:11.867565,47.82,0,50.75,0.0,1000.0,0.0,4.199,92.3,99,0,60.0,2026-05-02T00:27:11.867387,4.209
2026-05-02T00:26:12.822374,47.82,0,50.79,0.0,1000.0,0.0,4.199,92.3,99,0,60.0,2026-05-02T00:27:12.822200,4.209
2026-05-02T00:26:12.886382,47.86,0,50.8,0.0,1000.0,0.0,4.199,92.3,99,0,60.0,2026-05-02T00:27:12.886191,4.209
2026-05-02T00:26:12.950952,47.86,0,50.8,0.0,1000.0,0.0,4.199,92.3,99,0,60.0,2026-05-02T00:27:12.950751,4.209
2026-05-02T00:26:13.874327,47.91,0,50.84,0.0,1000.0,0.0,4.199,92.3,99,0,60.0,2026-05-02T00:27:13.874151,4.209
2026-05-02T00:26:13.941095,47.91,0,50.85,0.0,1000.0,0.0,4.199,92.3,99,0,60.0,2026-05-02T00:27:13.940901,4.209
2026-05-02T00:26:14.013235,47.91,0,50.85,0.0,1000.0,0.0,4.199,92.3,99,0,60.0,2026-05-02T00:27:14.013064,4.209
2026-05-02T00:26:14.933014,47.97,0,50.89,0.0,1000.0,0.0,4.199,92.3,99,0,60.0,2026-05-02T00:27:14.932794,4.209
2026-05-02T00:26:14.995149,47.97,0,50.9,0.0,1000.0,0.0,4.199,92.3,99,0,60.0,2026-05-02T00:27:14.994975,4.209
2026-05-02T00:26:15.066339,47.97,0,50.91,0.0,1000.0,0.0,4.199,92.3,99,0,60.0,2026-05-02T00:27:15.066142,4.209
2026-05-02T00:26:15.986453,48.02,0,50.95,0.0,1000.0,0.0,4.199,92.3,99,0,60.0,2026-05-02T00:27:15.986268,4.209
2026-05-02T00:26:16.049595,48.02,0,50.95,0.0,1000.0,0.0,4.199,92.3,99,0,60.0,2026-05-02T00:27:16.049394,4.209
2026-05-02T00:26:16.146066,48.02,0,50.96,0.0,1000.0,0.0,4.199,92.3,99,0,60.0,2026-05-02T00:27:16.133527,4.209
2026-05-02T00:26:17.042299,48.07,0,51.0,0.0,1000.0,0.0,4.199,92.3,99,0,60.0,2026-05-02T00:27:17.042102,4.209
2026-05-02T00:26:17.107619,48.07,0,51.01,0.0,1000.0,0.0,4.199,92.3,99,0,60.0,2026-05-02T00:27:17.107412,4.209
2026-05-02T00:26:18.058335,48.07,0,51.04,0.0,1000.0,0.0,4.199,92.3,99,0,60.0,2026-05-02T00:27:18.058128,4.209
2026-05-02T00:26:18.208195,48.11,0,51.05,0.0,1000.0,0.0,4.199,92.2,99,0,60.0,2026-05-02T00:27:18.190223,4.209
2026-05-02T00:26:18.318495,48.11,0,51.05,0.0,1000.0,0.0,4.199,92.2,99,0,60.0,2026-05-02T00:27:18.318256,4.209
2026-05-02T00:26:19.103154,48.16,0,51.09,0.0,1000.0,0.0,4.199,92.2,99,0,60.0,2026-05-02T00:27:19.102958,4.209
2026-05-02T00:26:19.165558,48.16,0,51.09,0.0,1000.0,0.0,4.199,92.2,99,0,60.0,2026-05-02T00:27:19.165338,4.209
2026-05-02T00:26:19.226459,48.16,0,51.1,0.0,1000.0,0.0,4.199,92.2,99,0,60.0,2026-05-02T00:27:19.226289,4.209
2026-05-02T00:26:20.232879,48.21,0,51.14,0.0,1000.0,0.0,4.199,92.2,99,0,60.0,2026-05-02T00:27:20.232592,4.209
2026-05-02T00:26:20.292572,48.21,0,51.15,0.0,1000.0,0.0,4.199,92.2,99,0,60.0,2026-05-02T00:27:20.292419,4.209
2026-05-02T00:26:20.357866,48.21,0,51.15,0.0,1000.0,0.0,4.199,92.2,99,0,60.0,2026-05-02T00:27:20.357720,4.209
2026-05-02T00:26:21.234124,48.26,0,51.19,0.0,1000.0,0.0,4.199,92.2,99,0,60.0,2026-05-02T00:27:21.233700,4.209
2026-05-02T00:26:21.317482,48.26,0,51.2,0.0,1000.0,0.0,4.199,92.2,99,0,60.0,2026-05-02T00:27:21.317151,4.209
2026-05-02T00:26:21.417182,48.26,0,51.2,0.0,1000.0,0.0,4.199,92.2,99,0,60.0,2026-05-02T00:27:21.416817,4.209
2026-05-02T00:26:22.268302,48.33,0,51.25,0.0,1000.0,0.0,4.199,92.2,99,0,60.0,2026-05-02T00:27:22.268134,4.209
2026-05-02T00:26:22.327063,48.33,0,51.26,0.0,1000.0,0.0,4.199,92.2,99,0,60.0,2026-05-02T00:27:22.326902,4.209
2026-05-02T00:26:23.295556,48.33,0,51.3,0.0,1000.0,0.0,4.199,92.2,99,0,60.0,2026-05-02T00:27:23.295364,4.209
2026-05-02T00:26:23.358606,48.38,0,51.32,0.0,1000.0,0.0,4.199,92.1,99,0,60.0,2026-05-02T00:27:23.358404,4.209
2026-05-02T00:26:23.425857,48.38,0,51.32,0.0,1000.0,0.0,4.199,92.1,99,0,60.0,2026-05-02T00:27:23.425663,4.209
2026-05-02T00:26:24.338522,48.46,0,51.36,0.0,1000.0,0.0,4.199,92.1,99,0,60.0,2026-05-02T00:27:24.338353,4.209
2026-05-02T00:26:24.400791,48.46,0,51.38,0.0,1000.0,0.0,4.199,92.1,99,0,60.0,2026-05-02T00:27:24.400607,4.209
2026-05-02T00:26:24.463615,48.46,0,51.39,0.0,1000.0,0.0,4.199,92.1,99,0,60.0,2026-05-02T00:27:24.463459,4.209
2026-05-02T00:26:25.410241,48.51,0,51.43,0.0,1000.0,0.0,4.199,92.1,99,0,60.0,2026-05-02T00:27:25.410021,4.209
2026-05-02T00:26:25.509552,48.51,0,51.44,0.0,1000.0,0.0,4.199,92.1,99,0,60.0,2026-05-02T00:27:25.509212,4.209
2026-05-02T00:26:25.664454,48.51,0,51.45,0.0,1000.0,0.0,4.199,92.1,99,0,60.0,2026-05-02T00:27:25.663871,4.209
2026-05-02T00:26:26.458898,48.56,0,51.49,0.0,1000.0,0.0,4.199,92.1,99,0,60.0,2026-05-02T00:27:26.458723,4.209
2026-05-02T00:26:26.520401,48.56,0,51.49,0.0,1000.0,0.0,4.199,92.1,99,0,60.0,2026-05-02T00:27:26.520220,4.209
2026-05-02T00:26:26.583039,48.56,0,51.5,0.0,1000.0,0.0,4.199,92.1,99,0,60.0,2026-05-02T00:27:26.582805,4.209
2026-05-02T00:26:27.516651,48.63,0,51.55,0.0,1000.0,0.0,4.199,92.1,99,0,60.0,2026-05-02T00:27:27.516463,4.209
2026-05-02T00:26:27.575387,48.63,0,51.56,0.0,1000.0,0.0,4.199,92.1,99,0,60.0,2026-05-02T00:27:27.575240,4.209
2026-05-02T00:26:28.529215,48.63,0,51.6,0.0,1000.0,0.0,4.199,92.1,99,0,60.0,2026-05-02T00:27:28.529012,4.209
2026-05-02T00:26:28.599348,48.7,0,51.61,0.0,1000.0,0.0,4.199,92.0,99,0,60.0,2026-05-02T00:27:28.599092,4.209
2026-05-02T00:26:28.669753,48.7,0,51.62,0.0,1000.0,0.0,4.199,92.0,99,0,60.0,2026-05-02T00:27:28.669543,4.209
2026-05-02T00:26:29.582044,48.75,0,51.67,0.0,1000.0,0.0,4.199,92.0,99,0,60.0,2026-05-02T00:27:29.581831,4.209
2026-05-02T00:26:29.642964,48.75,0,51.67,0.0,1000.0,0.0,4.199,92.0,99,0,60.0,2026-05-02T00:27:29.642787,4.209
2026-05-02T00:26:29.703798,48.75,0,51.68,0.0,1000.0,0.0,4.199,92.0,99,0,60.0,2026-05-02T00:27:29.703615,4.209
2026-05-02T00:26:30.676611,48.81,0,51.73,0.0,1000.0,0.0,4.199,92.0,99,0,60.0,2026-05-02T00:27:30.676312,4.209
2026-05-02T00:26:30.828264,48.81,0,51.74,0.0,1000.0,0.0,4.199,92.0,99,0,60.0,2026-05-02T00:27:30.827903,4.209
2026-05-02T00:26:31.144566,48.81,0,51.75,0.0,1000.0,0.0,4.199,92.0,99,0,60.0,2026-05-02T00:27:31.144295,4.209
2026-05-02T00:26:31.739243,48.86,0,51.78,0.0,1000.0,0.0,4.199,92.0,99,0,60.0,2026-05-02T00:27:31.738758,4.209
2026-05-02T00:26:31.886582,48.86,0,51.79,0.0,1000.0,0.0,4.199,92.0,99,0,60.0,2026-05-02T00:27:31.886327,4.209
2026-05-02T00:26:32.051560,48.86,0,51.8,0.0,1000.0,0.0,4.199,92.0,99,0,60.0,2026-05-02T00:27:32.051227,4.209
2026-05-02T00:26:32.757236,48.93,0,51.84,0.0,1000.0,0.0,4.199,92.0,99,0,60.0,2026-05-02T00:27:32.757065,4.209
2026-05-02T00:26:32.818877,48.93,0,51.85,0.0,1000.0,0.0,4.199,92.0,99,0,60.0,2026-05-02T00:27:32.818679,4.209
2026-05-02T00:26:33.770028,48.93,0,51.89,0.0,1000.0,0.0,4.199,92.0,99,0,60.0,2026-05-02T00:27:33.769846,4.209
2026-05-02T00:26:33.833111,48.97,0,51.89,0.0,1000.0,0.0,4.199,91.9,99,0,60.0,2026-05-02T00:27:33.832783,4.209
2026-05-02T00:26:33.903196,48.97,0,51.9,0.0,1000.0,0.0,4.199,91.9,99,0,60.0,2026-05-02T00:27:33.903003,4.209
2026-05-02T00:26:34.827173,49.01,0,51.93,0.0,1000.0,0.0,4.199,91.9,99,0,60.0,2026-05-02T00:27:34.826987,4.209
2026-05-02T00:26:34.891327,49.01,0,51.94,0.0,1000.0,0.0,4.199,91.9,99,0,60.0,2026-05-02T00:27:34.891159,4.209
2026-05-02T00:26:34.957846,49.01,0,51.94,0.0,1000.0,0.0,4.199,91.9,99,0,60.0,2026-05-02T00:27:34.957639,4.209
2026-05-02T00:26:35.878578,49.04,0,51.97,0.0,1000.0,0.0,4.199,91.9,99,0,60.0,2026-05-02T00:27:35.878396,4.209
2026-05-02T00:26:35.939840,49.04,0,51.97,0.0,1000.0,0.0,4.199,91.9,99,0,60.0,2026-05-02T00:27:35.939660,4.209
2026-05-02T00:26:36.003876,49.04,0,51.97,0.0,1000.0,0.0,4.199,91.9,99,0,60.0,2026-05-02T00:27:36.003682,4.209
2026-05-02T00:26:36.935743,49.09,0,52.01,0.0,1000.0,0.0,4.199,91.9,99,0,60.0,2026-05-02T00:27:36.935530,4.209
2026-05-02T00:26:36.998121,49.09,0,52.02,0.0,1000.0,0.0,4.199,91.9,99,0,60.0,2026-05-02T00:27:36.997846,4.209
2026-05-02T00:26:37.063529,49.09,0,52.02,0.0,1000.0,0.0,4.199,91.9,99,0,60.0,2026-05-02T00:27:37.063371,4.209
2026-05-02T00:26:37.998300,49.12,0,52.05,0.0,1000.0,0.0,4.199,91.9,99,0,60.0,2026-05-02T00:27:37.998074,4.209
2026-05-02T00:26:38.072470,49.12,0,52.06,0.0,1000.0,0.0,4.199,91.9,99,0,60.0,2026-05-02T00:27:38.072315,4.209
2026-05-02T00:26:39.007566,49.12,0,52.09,0.0,1000.0,0.0,4.199,91.9,99,0,60.0,2026-05-02T00:27:39.007423,4.209
2026-05-02T00:26:39.078049,49.15,0,52.09,0.0,1000.0,0.0,4.199,91.9,99,0,60.0,2026-05-02T00:27:39.077869,4.209
2026-05-02T00:26:39.150032,49.15,0,52.09,0.0,1000.0,0.0,4.199,91.9,99,0,60.0,2026-05-02T00:27:39.149804,4.209
2026-05-02T00:26:40.061642,49.18,0,52.12,0.0,1000.0,0.0,4.199,91.9,99,0,60.0,2026-05-02T00:27:40.061467,4.209
2026-05-02T00:26:40.163774,49.18,0,52.12,0.0,1000.0,0.0,4.199,91.9,99,0,60.0,2026-05-02T00:27:40.139057,4.209
2026-05-02T00:26:40.291002,49.18,0,52.12,0.0,1000.0,0.0,4.199,91.9,99,0,60.0,2026-05-02T00:27:40.290847,4.209
2026-05-02T00:26:41.109364,49.21,0,52.15,0.0,1000.0,0.0,4.199,91.9,99,0,60.0,2026-05-02T00:27:41.109203,4.209
2026-05-02T00:26:41.171183,49.21,0,52.15,0.0,1000.0,0.0,4.199,91.9,99,0,60.0,2026-05-02T00:27:41.171002,4.209
2026-05-02T00:26:41.234181,49.21,0,52.15,0.0,1000.0,0.0,4.199,91.9,99,0,60.0,2026-05-02T00:27:41.233992,4.209
2026-05-02T00:26:42.237181,49.25,0,52.19,0.0,1000.0,0.0,4.199,91.9,99,0,60.0,2026-05-02T00:27:42.237009,4.209
2026-05-02T00:26:42.297783,49.25,0,52.19,0.0,1000.0,0.0,4.199,91.9,99,0,60.0,2026-05-02T00:27:42.297510,4.209
2026-05-02T00:26:42.368392,49.25,0,52.19,0.0,1000.0,0.0,4.199,91.9,99,0,60.0,2026-05-02T00:27:42.367670,4.209
2026-05-02T00:26:43.229004,49.28,0,52.22,0.0,1000.0,0.0,4.199,91.8,99,0,60.0,2026-05-02T00:27:43.228786,4.209
2026-05-02T00:26:43.291325,49.28,0,52.22,0.0,1000.0,0.0,4.199,91.8,99,0,60.0,2026-05-02T00:27:43.291161,4.209
2026-05-02T00:26:44.234176,49.28,0,52.25,0.0,1000.0,0.0,4.199,91.8,99,0,60.0,2026-05-02T00:27:44.233999,4.209
2026-05-02T00:26:44.295001,49.32,0,52.26,0.0,1000.0,0.0,4.199,91.8,99,0,60.0,2026-05-02T00:27:44.294828,4.209
2026-05-02T00:26:44.359026,49.32,0,52.26,0.0,1000.0,0.0,4.199,91.8,99,0,60.0,2026-05-02T00:27:44.358843,4.209
2026-05-02T00:26:45.299130,49.38,0,52.3,0.0,1000.0,0.0,4.199,91.8,99,0,60.0,2026-05-02T00:27:45.298909,4.209
2026-05-02T00:26:45.365938,49.38,0,52.3,0.0,1000.0,0.0,4.199,91.8,99,0,60.0,2026-05-02T00:27:45.365701,4.209
2026-05-02T00:26:45.439049,49.38,0,52.31,0.0,1000.0,0.0,4.199,91.8,99,0,60.0,2026-05-02T00:27:45.438790,4.209
2026-05-02T00:26:46.351857,49.4,0,52.34,0.0,1000.0,0.0,4.199,91.8,99,0,60.0,2026-05-02T00:27:46.351637,4.209
2026-05-02T00:26:46.446067,49.4,0,52.34,0.0,1000.0,0.0,4.199,91.8,99,0,60.0,2026-05-02T00:27:46.445819,4.209
2026-05-02T00:26:46.604416,49.4,0,52.34,0.0,1000.0,0.0,4.199,91.8,99,0,60.0,2026-05-02T00:27:46.603891,4.209
2026-05-02T00:26:47.410088,49.44,0,52.37,0.0,1000.0,0.0,4.199,91.8,99,0,60.0,2026-05-02T00:27:47.409940,4.209
2026-05-02T00:26:47.472751,49.44,0,52.37,0.0,1000.0,0.0,4.199,91.8,99,0,60.0,2026-05-02T00:27:47.472580,4.209
2026-05-02T00:26:47.534132,49.44,0,52.37,0.0,1000.0,0.0,4.199,91.8,99,0,60.0,2026-05-02T00:27:47.533973,4.209
2026-05-02T00:26:48.477258,49.5,0,52.42,0.0,1000.0,0.0,4.199,91.8,99,0,60.0,2026-05-02T00:27:48.477025,4.209
2026-05-02T00:26:48.572593,49.5,0,52.42,0.0,1000.0,0.0,4.199,91.8,99,0,60.0,2026-05-02T00:27:48.572364,4.209
2026-05-02T00:26:49.480453,49.5,0,52.46,0.0,1000.0,0.0,4.199,91.8,99,0,60.0,2026-05-02T00:27:49.480123,4.209
2026-05-02T00:26:49.542361,49.55,0,52.47,0.0,1000.0,0.0,4.199,91.8,99,0,60.0,2026-05-02T00:27:49.542204,4.209
2026-05-02T00:26:49.607527,49.55,0,52.48,0.0,1000.0,0.0,4.199,91.8,99,0,60.0,2026-05-02T00:27:49.607357,4.209
2026-05-02T00:26:50.529960,49.6,0,52.52,0.0,1000.0,0.0,4.199,91.7,99,0,60.0,2026-05-02T00:27:50.529777,4.209
2026-05-02T00:26:50.591714,49.6,0,52.53,0.0,1000.0,0.0,4.199,91.7,99,0,60.0,2026-05-02T00:27:50.591543,4.209
2026-05-02T00:26:50.661510,49.6,0,52.53,0.0,1000.0,0.0,4.199,91.7,99,0,60.0,2026-05-02T00:27:50.661335,4.209
2026-05-02T00:26:51.594507,49.65,0,52.57,0.0,1000.0,0.0,4.199,91.7,99,0,60.0,2026-05-02T00:27:51.594297,4.209
2026-05-02T00:26:51.670336,49.65,0,52.58,0.0,1000.0,0.0,4.199,91.7,99,0,60.0,2026-05-02T00:27:51.670128,4.209
2026-05-02T00:26:51.750899,49.65,0,52.58,0.0,1000.0,0.0,4.199,91.7,99,0,60.0,2026-05-02T00:27:51.750694,4.209
2026-05-02T00:26:52.641426,49.69,0,52.62,0.0,1000.0,0.0,4.199,91.7,99,0,60.0,2026-05-02T00:27:52.641258,4.209
2026-05-02T00:26:52.714915,49.69,0,52.43,0.0,1000.0,0.03,4.199,91.7,99,0,60.0,2026-05-02T00:27:52.714701,4.238
2026-05-02T00:26:52.792428,49.69,0,52.44,0.0,1000.0,0.03,4.199,91.7,99,0,60.0,2026-05-02T00:27:52.792245,4.238
2026-05-02T00:26:53.716014,49.75,0,52.48,0.0,1000.0,0.03,4.199,91.7,99,0,60.0,2026-05-02T00:27:53.715803,4.238
2026-05-02T00:26:53.792850,49.75,0,52.49,0.0,1000.0,0.03,4.199,91.7,99,0,60.0,2026-05-02T00:27:53.792668,4.238
2026-05-02T00:26:54.728881,49.75,0,52.52,0.0,1000.0,0.03,4.199,91.7,99,0,60.0,2026-05-02T00:27:54.728675,4.239
2026-05-02T00:26:54.817479,49.8,0,52.6,0.0,1000.0,0.02,4.199,91.7,99,0,60.0,2026-05-02T00:27:54.817207,4.23
2026-05-02T00:26:54.906489,49.8,0,52.6,0.0,1000.0,0.02,4.199,91.7,99,0,60.0,2026-05-02T00:27:54.906313,4.229
2026-05-02T00:26:55.784390,49.87,0,52.64,0.0,1000.0,0.02,4.199,91.6,99,0,60.0,2026-05-02T00:27:55.784167,4.23
2026-05-02T00:26:55.863451,49.87,0,52.72,0.0,1000.0,0.01,4.199,91.6,99,0,60.0,2026-05-02T00:27:55.863286,4.22
2026-05-02T00:26:55.941597,49.87,0,52.72,0.0,1000.0,0.01,4.199,91.6,99,0,60.0,2026-05-02T00:27:55.941383,4.219
2026-05-02T00:26:56.862326,49.91,0,52.76,0.0,1000.0,0.01,4.199,91.6,99,0,60.0,2026-05-02T00:27:56.861977,4.22
2026-05-02T00:26:56.994936,49.91,0,52.77,0.0,1000.0,0.01,4.199,91.6,99,0,60.0,2026-05-02T00:27:56.994638,4.219
2026-05-02T00:26:57.175093,49.91,0,52.77,0.0,1000.0,0.01,4.199,91.6,99,0,60.0,2026-05-02T00:27:57.174743,4.219
2026-05-02T00:26:57.896969,49.98,0,52.82,0.0,1000.0,0.01,4.199,91.6,99,0,60.0,2026-05-02T00:27:57.896791,4.219
2026-05-02T00:26:57.975412,49.98,0,52.83,0.0,1000.0,0.01,4.199,91.6,99,0,60.0,2026-05-02T00:27:57.975229,4.219
2026-05-02T00:26:58.054537,49.98,0,52.83,0.0,1000.0,0.01,4.199,91.6,99,0,60.0,2026-05-02T00:27:58.054343,4.219
2026-05-02T00:26:58.954295,50.03,0,52.88,0.0,1000.0,0.01,4.199,91.6,99,0,60.0,2026-05-02T00:27:58.954111,4.219
2026-05-02T00:26:59.034985,50.03,0,52.89,0.0,1000.0,0.01,4.199,91.6,99,0,60.0,2026-05-02T00:27:59.034799,4.219
2026-05-02T00:26:59.962640,50.03,0,52.92,0.0,1000.0,0.01,4.199,91.6,99,0,60.0,2026-05-02T00:27:59.962464,4.219
2026-05-02T00:27:00.032569,50.07,0,52.99,0.0,1000.0,0.0,4.199,91.6,99,0,60.0,2026-05-02T00:28:00.032305,4.209
2026-05-02T00:27:00.097219,50.07,0,52.99,0.0,1000.0,0.0,4.199,91.6,99,0,60.0,2026-05-02T00:28:00.095830,4.209
2026-05-02T00:27:01.006976,50.13,0,53.03,0.0,1000.0,0.0,4.199,91.6,99,0,60.0,2026-05-02T00:28:01.006785,4.209
2026-05-02T00:27:01.167085,50.13,0,53.04,0.0,1000.0,0.0,4.199,91.6,99,0,60.0,2026-05-02T00:28:01.166198,4.209
2026-05-02T00:27:01.569137,50.13,0,53.06,0.0,1000.0,0.0,4.199,91.6,99,0,60.0,2026-05-02T00:28:01.568865,4.209
2026-05-02T00:27:02.101044,50.18,0,53.09,0.0,1000.0,0.0,4.199,91.5,99,0,60.0,2026-05-02T00:28:02.100383,4.209
2026-05-02T00:27:02.404605,50.18,0,53.1,0.0,1000.0,0.0,4.199,91.5,99,0,60.0,2026-05-02T00:28:02.398915,4.209
2026-05-02T00:27:02.535028,50.18,0,53.11,0.0,1000.0,0.0,4.199,91.5,99,0,60.0,2026-05-02T00:28:02.534442,4.209
2026-05-02T00:27:03.120824,50.22,0,53.14,0.0,1000.0,0.0,4.199,91.5,99,0,60.0,2026-05-02T00:28:03.120637,4.209
2026-05-02T00:27:03.183189,50.22,0,53.14,0.0,1000.0,0.0,4.199,91.5,99,0,60.0,2026-05-02T00:28:03.182977,4.209
2026-05-02T00:27:03.245922,50.22,0,53.14,0.0,1000.0,0.0,4.199,91.5,99,0,60.0,2026-05-02T00:28:03.245755,4.209
2026-05-02T00:27:04.668471,50.25,0,53.19,0.0,1000.0,0.0,4.199,91.5,99,0,60.0,2026-05-02T00:28:04.668106,4.209
2026-05-02T00:27:04.882440,50.25,0,53.19,0.0,1000.0,0.0,4.199,91.5,99,0,60.0,2026-05-02T00:28:04.881842,4.209
2026-05-02T00:27:05.183379,50.25,0,53.2,0.0,1000.0,0.0,4.199,91.5,99,0,60.0,2026-05-02T00:28:05.183042,4.209
2026-05-02T00:27:05.255958,50.31,0,53.21,0.0,1000.0,0.0,4.199,91.5,99,0,60.0,2026-05-02T00:28:05.255774,4.209
2026-05-02T00:27:05.327886,50.31,0,53.22,0.0,1000.0,0.0,4.199,91.5,99,0,60.0,2026-05-02T00:28:05.327702,4.209
2026-05-02T00:27:06.234722,50.35,0,53.26,0.0,1000.0,0.0,4.199,91.5,99,0,60.0,2026-05-02T00:28:06.234522,4.209
2026-05-02T00:27:06.297339,50.35,0,53.26,0.0,1000.0,0.0,4.199,91.5,99,0,60.0,2026-05-02T00:28:06.297034,4.209
2026-05-02T00:27:06.369608,50.35,0,53.27,0.0,1000.0,0.0,4.199,91.5,99,0,60.0,2026-05-02T00:28:06.369389,4.209
2026-05-02T00:27:07.305751,50.4,0,53.31,0.0,1000.0,0.0,4.199,91.5,99,0,60.0,2026-05-02T00:28:07.305550,4.209
2026-05-02T00:27:07.392566,50.4,0,53.31,0.0,1000.0,0.0,4.199,91.5,99,0,60.0,2026-05-02T00:28:07.392304,4.209
2026-05-02T00:27:07.646010,50.4,0,53.32,0.0,1000.0,0.0,4.199,91.5,99,0,60.0,2026-05-02T00:28:07.645638,4.209
2026-05-02T00:27:08.344018,50.44,0,53.35,0.0,1000.0,0.0,4.199,91.5,99,0,60.0,2026-05-02T00:28:08.343851,4.209
2026-05-02T00:27:08.408011,50.44,0,53.36,0.0,1000.0,0.0,4.199,91.5,99,0,60.0,2026-05-02T00:28:08.407821,4.209
2026-05-02T00:27:08.481830,50.44,0,53.36,0.0,1000.0,0.0,4.199,91.5,99,0,60.0,2026-05-02T00:28:08.481517,4.209
2026-05-02T00:27:09.409567,50.5,0,53.41,0.0,1000.0,0.0,4.199,91.4,99,0,60.0,2026-05-02T00:28:09.409383,4.209
2026-05-02T00:27:09.473048,50.5,0,53.41,0.0,1000.0,0.0,4.199,91.4,99,0,60.0,2026-05-02T00:28:09.472894,4.209
2026-05-02T00:27:10.426263,50.5,0,53.45,0.0,1000.0,0.0,4.199,91.4,99,0,60.0,2026-05-02T00:28:10.426064,4.209
2026-05-02T00:27:10.499127,50.54,0,53.46,0.0,1000.0,0.0,4.199,91.4,99,0,60.0,2026-05-02T00:28:10.498888,4.209
2026-05-02T00:27:10.573058,50.54,0,53.46,0.0,1000.0,0.0,4.199,91.4,99,0,60.0,2026-05-02T00:28:10.572879,4.209
2026-05-02T00:27:11.495361,50.58,0,53.5,0.0,1000.0,0.0,4.199,91.4,99,0,60.0,2026-05-02T00:28:11.495095,4.209
2026-05-02T00:27:11.594528,50.58,0,53.5,0.0,1000.0,0.0,4.199,91.4,99,0,60.0,2026-05-02T00:28:11.594269,4.209
2026-05-02T00:27:11.707322,50.58,0,53.51,0.0,1000.0,0.0,4.199,91.4,99,0,60.0,2026-05-02T00:28:11.706804,4.209
2026-05-02T00:27:12.541372,50.62,0,53.54,0.0,1000.0,0.0,4.199,91.4,99,0,60.0,2026-05-02T00:28:12.541152,4.209
2026-05-02T00:27:12.628777,50.62,0,53.54,0.0,1000.0,0.0,4.199,91.4,99,0,60.0,2026-05-02T00:28:12.628505,4.209
2026-05-02T00:27:12.786930,50.62,0,53.55,0.0,1000.0,0.0,4.199,91.4,99,0,60.0,2026-05-02T00:28:12.786654,4.209
2026-05-02T00:27:13.593603,50.66,0,53.58,0.0,1000.0,0.0,4.199,91.4,99,0,60.0,2026-05-02T00:28:13.593385,4.209
2026-05-02T00:27:13.676101,50.66,0,53.58,0.0,1000.0,0.0,4.199,91.4,99,0,60.0,2026-05-02T00:28:13.675851,4.209
2026-05-02T00:27:13.779713,50.66,0,53.59,0.0,1000.0,0.0,4.199,91.4,99,0,60.0,2026-05-02T00:28:13.779473,4.209
2026-05-02T00:27:14.642259,50.69,0,53.62,0.0,1000.0,0.0,4.199,91.4,99,0,60.0,2026-05-02T00:28:14.642079,4.209
2026-05-02T00:27:14.705368,50.69,0,53.62,0.0,1000.0,0.0,4.199,91.4,99,0,60.0,2026-05-02T00:28:14.705198,4.209
2026-05-02T00:27:15.659790,50.69,0,53.65,0.0,1000.0,0.0,4.199,91.4,99,0,60.0,2026-05-02T00:28:15.659616,4.209
2026-05-02T00:27:15.722021,50.76,0,53.67,0.0,1000.0,0.0,4.199,91.3,99,0,60.0,2026-05-02T00:28:15.721810,4.209
2026-05-02T00:27:15.789508,50.76,0,53.67,0.0,1000.0,0.0,4.199,91.3,99,0,60.0,2026-05-02T00:28:15.789335,4.209
2026-05-02T00:27:16.716873,50.81,0,53.7,0.0,1000.0,0.0,4.199,91.3,99,0,60.0,2026-05-02T00:28:16.716617,4.209
2026-05-02T00:27:16.778269,50.81,0,53.71,0.0,1000.0,0.0,4.199,91.3,99,0,60.0,2026-05-02T00:28:16.778117,4.209
2026-05-02T00:27:16.838861,50.81,0,53.72,0.0,1000.0,0.0,4.199,91.3,99,0,60.0,2026-05-02T00:28:16.838697,4.209
2026-05-02T00:27:17.772665,50.85,0,53.75,0.0,1000.0,0.0,4.199,91.3,99,0,60.0,2026-05-02T00:28:17.772504,4.209
2026-05-02T00:27:17.862365,50.85,0,53.26,0.0,1000.0,0.08,4.199,91.3,99,0,60.0,2026-05-02T00:28:17.862171,4.288
2026-05-02T00:27:17.953334,50.85,0,53.26,0.0,1000.0,0.08,4.199,91.3,99,0,60.0,2026-05-02T00:28:17.953131,4.288
2026-05-02T00:27:18.841268,50.89,0,53.29,0.0,1000.0,0.08,4.199,91.3,99,0,60.0,2026-05-02T00:28:18.841070,4.289
2026-05-02T00:27:18.924613,50.89,0,53.3,0.0,1000.0,0.08,4.199,91.3,99,0,60.0,2026-05-02T00:28:18.924411,4.289
2026-05-02T00:27:19.016496,50.89,0,53.3,0.0,1000.0,0.08,4.199,91.3,99,0,60.0,2026-05-02T00:28:19.016299,4.289
2026-05-02T00:27:19.900209,50.93,0,53.33,0.0,1000.0,0.08,4.199,91.3,99,0,60.0,2026-05-02T00:28:19.899967,4.29
2026-05-02T00:27:19.978506,50.93,0,53.46,0.0,1000.0,0.06,4.199,91.3,99,0,60.0,2026-05-02T00:28:19.978334,4.269
2026-05-02T00:27:20.910434,50.93,0,53.49,0.0,1000.0,0.06,4.199,91.3,99,0,60.0,2026-05-02T00:28:20.910226,4.27
2026-05-02T00:27:21.001830,50.98,0,53.63,0.0,1000.0,0.04,4.199,91.3,99,0,60.0,2026-05-02T00:28:21.001607,4.25
2026-05-02T00:27:21.102039,50.98,0,53.64,0.0,1000.0,0.04,4.199,91.3,99,0,60.0,2026-05-02T00:28:21.101798,4.249
2026-05-02T00:27:21.965089,51.0,0,53.67,0.0,1000.0,0.04,4.199,91.3,99,0,60.0,2026-05-02T00:28:21.964866,4.25
2026-05-02T00:27:22.043841,51.0,0,53.73,0.0,1000.0,0.03,4.199,91.3,99,0,60.0,2026-05-02T00:28:22.043666,4.24
2026-05-02T00:27:22.158714,51.0,0,53.73,0.0,1000.0,0.03,4.199,91.3,99,0,60.0,2026-05-02T00:28:22.139726,4.24
2026-05-02T00:27:23.280290,51.05,0,53.76,0.0,1000.0,0.03,4.199,91.2,99,0,60.0,2026-05-02T00:28:23.279803,4.24
2026-05-02T00:27:23.567885,51.05,0,53.84,0.0,1000.0,0.02,4.199,91.2,99,0,60.0,2026-05-02T00:28:23.567563,4.23
2026-05-02T00:27:23.725312,51.05,0,53.84,0.0,1000.0,0.02,4.199,91.2,99,0,60.0,2026-05-02T00:28:23.723325,4.23
2026-05-02T00:27:24.085680,51.09,0,53.86,0.0,1000.0,0.02,4.199,91.2,99,0,60.0,2026-05-02T00:28:24.085005,4.23
2026-05-02T00:27:24.396493,51.09,0,53.87,0.0,1000.0,0.02,4.199,91.2,99,0,60.0,2026-05-02T00:28:24.378069,4.23
2026-05-02T00:27:24.599764,51.09,0,53.88,0.0,1000.0,0.02,4.199,91.2,99,0,60.0,2026-05-02T00:28:24.599497,4.23
2026-05-02T00:27:25.176938,51.14,0,53.91,0.0,1000.0,0.02,4.199,91.2,99,0,60.0,2026-05-02T00:28:25.176684,4.23
2026-05-02T00:27:25.422220,51.14,0,53.99,0.0,1000.0,0.01,4.199,91.2,99,0,60.0,2026-05-02T00:28:25.421800,4.22
2026-05-02T00:27:26.232039,51.14,0,54.02,0.0,1000.0,0.01,4.199,91.2,99,0,60.0,2026-05-02T00:28:26.214463,4.22
2026-05-02T00:27:26.414101,51.17,0,54.03,0.0,1000.0,0.01,4.199,91.2,99,0,60.0,2026-05-02T00:28:26.413898,4.22
2026-05-02T00:27:26.510584,51.17,0,54.03,0.0,1000.0,0.01,4.199,91.2,99,0,60.0,2026-05-02T00:28:26.510333,4.219
2026-05-02T00:27:27.199656,51.23,0,54.06,0.0,1000.0,0.01,4.199,91.2,99,0,60.0,2026-05-02T00:28:27.199351,4.22
2026-05-02T00:27:27.284479,51.23,0,54.07,0.0,1000.0,0.01,4.199,91.2,99,0,60.0,2026-05-02T00:28:27.284281,4.219
2026-05-02T00:27:27.378173,51.23,0,54.07,0.0,1000.0,0.01,4.199,91.2,99,0,60.0,2026-05-02T00:28:27.377972,4.219
2026-05-02T00:27:28.587938,51.29,0,54.12,0.0,1000.0,0.01,4.199,91.2,99,0,60.0,2026-05-02T00:28:28.585099,4.219
2026-05-02T00:27:28.765754,51.29,0,54.14,0.0,1000.0,0.01,4.199,91.2,99,0,60.0,2026-05-02T00:28:28.765417,4.219
2026-05-02T00:27:28.899622,51.29,0,54.14,0.0,1000.0,0.01,4.199,91.2,99,0,60.0,2026-05-02T00:28:28.899321,4.219
2026-05-02T00:27:29.318377,51.34,0,54.16,0.0,1000.0,0.01,4.199,91.2,99,0,60.0,2026-05-02T00:28:29.318104,4.219
2026-05-02T00:27:29.409778,51.34,0,54.24,0.0,1000.0,0.0,4.199,91.2,99,0,60.0,2026-05-02T00:28:29.409515,4.209
2026-05-02T00:27:29.522721,51.34,0,54.25,0.0,1000.0,0.0,4.199,91.2,99,0,60.0,2026-05-02T00:28:29.522412,4.209
2026-05-02T00:27:30.348515,51.4,0,54.29,0.0,1000.0,0.0,4.199,91.1,99,0,60.0,2026-05-02T00:28:30.348043,4.209
2026-05-02T00:27:30.420294,51.4,0,54.3,0.0,1000.0,0.0,4.199,91.1,99,0,60.0,2026-05-02T00:28:30.420103,4.209
2026-05-02T00:27:31.415091,51.4,0,54.34,0.0,1000.0,0.0,4.199,91.1,99,0,60.0,2026-05-02T00:28:31.414720,4.209
2026-05-02T00:27:31.643663,51.47,0,54.37,0.0,1000.0,0.0,4.199,91.1,99,0,60.0,2026-05-02T00:28:31.643327,4.209
2026-05-02T00:27:31.835646,51.47,0,54.38,0.0,1000.0,0.0,4.199,91.1,99,0,60.0,2026-05-02T00:28:31.835261,4.209
2026-05-02T00:27:32.557422,51.52,0,54.41,0.0,1000.0,0.0,4.199,91.1,99,0,60.0,2026-05-02T00:28:32.556837,4.209
2026-05-02T00:27:32.710731,51.52,0,54.43,0.0,1000.0,0.0,4.199,91.1,99,0,60.0,2026-05-02T00:28:32.710415,4.209
2026-05-02T00:27:32.818483,51.52,0,54.43,0.0,1000.0,0.0,4.199,91.1,99,0,60.0,2026-05-02T00:28:32.818167,4.209
2026-05-02T00:27:33.492651,51.58,0,54.47,0.0,1000.0,0.0,4.199,91.1,99,0,60.0,2026-05-02T00:28:33.492366,4.209
2026-05-02T00:27:33.565603,51.58,0,54.48,0.0,1000.0,0.0,4.199,91.1,99,0,60.0,2026-05-02T00:28:33.565394,4.209
2026-05-02T00:27:33.659418,51.58,0,54.49,0.0,1000.0,0.0,4.199,91.1,99,0,60.0,2026-05-02T00:28:33.659183,4.209
2026-05-02T00:27:34.545221,51.64,0,54.54,0.0,1000.0,0.0,4.199,91.1,99,0,60.0,2026-05-02T00:28:34.545007,4.209
2026-05-02T00:27:34.615511,51.64,0,54.55,0.0,1000.0,0.0,4.199,91.1,99,0,60.0,2026-05-02T00:28:34.615218,4.209
2026-05-02T00:27:34.692152,51.64,0,54.55,0.0,1000.0,0.0,4.199,91.1,99,0,60.0,2026-05-02T00:28:34.691921,4.209
2026-05-02T00:27:35.588644,51.7,0,54.6,0.0,1000.0,0.0,4.199,91.0,99,0,60.0,2026-05-02T00:28:35.588483,4.209
2026-05-02T00:27:35.650058,51.7,0,54.6,0.0,1000.0,0.0,4.199,91.0,99,0,60.0,2026-05-02T00:28:35.649865,4.209
2026-05-02T00:27:36.610118,51.7,0,54.64,0.0,1000.0,0.0,4.199,91.0,99,0,60.0,2026-05-02T00:28:36.609934,4.209
2026-05-02T00:27:36.674300,51.76,0,54.66,0.0,1000.0,0.0,4.199,91.0,99,0,60.0,2026-05-02T00:28:36.674130,4.209
2026-05-02T00:27:36.739321,51.76,0,54.66,0.0,1000.0,0.0,4.199,91.0,99,0,60.0,2026-05-02T00:28:36.739169,4.209
2026-05-02T00:27:37.672417,51.81,0,54.7,0.0,1000.0,0.0,4.199,91.0,99,0,60.0,2026-05-02T00:28:37.672193,4.209
2026-05-02T00:27:37.774092,51.81,0,54.71,0.0,1000.0,0.0,4.199,91.0,99,0,60.0,2026-05-02T00:28:37.773844,4.209
2026-05-02T00:27:37.875064,51.81,0,54.72,0.0,1000.0,0.0,4.199,91.0,99,0,60.0,2026-05-02T00:28:37.874790,4.209
2026-05-02T00:27:38.728385,51.85,0,54.74,0.0,1000.0,0.0,4.199,91.0,99,0,60.0,2026-05-02T00:28:38.728171,4.209
2026-05-02T00:27:38.810439,51.85,0,54.75,0.0,1000.0,0.0,4.199,91.0,99,0,60.0,2026-05-02T00:28:38.810237,4.209
2026-05-02T00:27:38.888747,51.85,0,54.75,0.0,1000.0,0.0,4.199,91.0,99,0,60.0,2026-05-02T00:28:38.888545,4.209
2026-05-02T00:27:39.783616,51.91,0,54.8,0.0,1000.0,0.0,4.199,91.0,99,0,60.0,2026-05-02T00:28:39.783399,4.209
2026-05-02T00:27:39.856130,51.91,0,54.8,0.0,1000.0,0.0,4.199,91.0,99,0,60.0,2026-05-02T00:28:39.855944,4.209
2026-05-02T00:27:39.929438,51.91,0,54.81,0.0,1000.0,0.0,4.199,91.0,99,0,60.0,2026-05-02T00:28:39.929256,4.209
2026-05-02T00:27:40.834627,51.95,0,54.85,0.0,1000.0,0.0,4.199,90.9,99,0,60.0,2026-05-02T00:28:40.834396,4.209
2026-05-02T00:27:40.896358,51.95,0,54.85,0.0,1000.0,0.0,4.199,90.9,99,0,60.0,2026-05-02T00:28:40.896196,4.209
2026-05-02T00:27:41.847259,51.95,0,54.89,0.0,1000.0,0.0,4.199,90.9,99,0,60.0,2026-05-02T00:28:41.847059,4.209
2026-05-02T00:27:41.913291,52.01,0,54.9,0.0,1000.0,0.0,4.199,90.9,99,0,60.0,2026-05-02T00:28:41.913101,4.209
2026-05-02T00:27:41.985940,52.01,0,54.91,0.0,1000.0,0.0,4.199,90.9,99,0,60.0,2026-05-02T00:28:41.985748,4.209
2026-05-02T00:27:42.905959,52.06,0,54.95,0.0,1000.0,0.0,4.199,90.9,99,0,60.0,2026-05-02T00:28:42.905781,4.209
2026-05-02T00:27:42.970521,52.06,0,54.96,0.0,1000.0,0.0,4.199,90.9,99,0,60.0,2026-05-02T00:28:42.970346,4.209
2026-05-02T00:27:43.033485,52.06,0,54.96,0.0,1000.0,0.0,4.199,90.9,99,0,60.0,2026-05-02T00:28:43.033201,4.209
2026-05-02T00:27:43.953989,52.11,0,55.0,0.0,1000.0,0.0,4.199,90.9,99,0,60.0,2026-05-02T00:28:43.953798,4.209
2026-05-02T00:27:44.035180,52.11,0,55.01,0.0,1000.0,0.0,4.199,90.9,99,0,60.0,2026-05-02T00:28:44.034991,4.209
2026-05-02T00:27:44.128604,52.11,0,55.01,0.0,1000.0,0.0,4.199,90.9,99,0,60.0,2026-05-02T00:28:44.128413,4.209
2026-05-02T00:27:45.016729,52.15,0,55.05,0.0,1000.0,0.0,4.199,90.9,99,0,60.0,2026-05-02T00:28:45.016360,4.209
2026-05-02T00:27:45.079030,52.15,0,55.05,0.0,1000.0,0.0,4.199,90.9,99,0,60.0,2026-05-02T00:28:45.078859,4.209
2026-05-02T00:27:45.142137,52.15,0,55.05,0.0,1000.0,0.0,4.199,90.9,99,0,60.0,2026-05-02T00:28:45.141963,4.209
2026-05-02T00:27:46.072350,52.21,0,55.1,0.0,1000.0,0.0,4.199,90.9,99,0,60.0,2026-05-02T00:28:46.072218,4.209
2026-05-02T00:27:46.241529,52.21,0,55.1,0.0,1000.0,0.0,4.199,90.9,99,0,60.0,2026-05-02T00:28:46.221204,4.209
2026-05-02T00:27:47.086519,52.21,0,55.14,0.0,1000.0,0.0,4.199,90.9,99,0,60.0,2026-05-02T00:28:47.086322,4.209
2026-05-02T00:27:47.151151,52.27,0,55.16,0.0,1000.0,0.0,4.199,90.8,99,0,60.0,2026-05-02T00:28:47.150950,4.209
2026-05-02T00:27:47.221961,52.27,0,55.16,0.0,1000.0,0.0,4.199,90.8,99,0,60.0,2026-05-02T00:28:47.221779,4.209
2026-05-02T00:27:48.259115,52.32,0,55.21,0.0,1000.0,0.0,4.199,90.8,99,0,60.0,2026-05-02T00:28:48.258918,4.209
2026-05-02T00:27:48.336587,52.32,0,55.22,0.0,1000.0,0.0,4.199,90.8,99,0,60.0,2026-05-02T00:28:48.336460,4.209
2026-05-02T00:27:48.438636,52.32,0,55.22,0.0,1000.0,0.0,4.199,90.8,99,0,60.0,2026-05-02T00:28:48.438377,4.209
2026-05-02T00:27:49.190644,52.36,0,55.25,0.0,1000.0,0.0,4.199,90.8,99,0,60.0,2026-05-02T00:28:49.190488,4.209
2026-05-02T00:27:49.269461,52.36,0,55.26,0.0,1000.0,0.0,4.199,90.8,99,0,60.0,2026-05-02T00:28:49.269233,4.209
2026-05-02T00:27:49.528408,52.36,0,55.26,0.0,1000.0,0.0,4.199,90.8,99,0,60.0,2026-05-02T00:28:49.527856,4.209
2026-05-02T00:27:50.239866,52.4,0,55.3,0.0,1000.0,0.0,4.199,90.8,99,0,60.0,2026-05-02T00:28:50.239701,4.209
2026-05-02T00:27:50.299006,52.4,0,55.3,0.0,1000.0,0.0,4.199,90.8,99,0,60.0,2026-05-02T00:28:50.298840,4.209
2026-05-02T00:27:50.360517,52.4,0,55.3,0.0,1000.0,0.0,4.199,90.8,99,0,60.0,2026-05-02T00:28:50.360351,4.209
2026-05-02T00:27:51.300021,52.44,0,55.34,0.0,1000.0,0.0,4.199,90.8,99,0,60.0,2026-05-02T00:28:51.299719,4.209
2026-05-02T00:27:51.360900,52.44,0,55.34,0.0,1000.0,0.0,4.199,90.8,99,0,60.0,2026-05-02T00:28:51.360723,4.209
2026-05-02T00:27:52.308895,52.44,0,55.38,0.0,1000.0,0.0,4.199,90.8,99,0,60.0,2026-05-02T00:28:52.308712,4.209
2026-05-02T00:27:52.370577,52.48,0,55.38,0.0,1000.0,0.0,4.199,90.8,99,0,60.0,2026-05-02T00:28:52.370377,4.209
2026-05-02T00:27:52.431298,52.48,0,55.38,0.0,1000.0,0.0,4.199,90.8,99,0,60.0,2026-05-02T00:28:52.431099,4.209
2026-05-02T00:27:53.377494,52.52,0,55.42,0.0,1000.0,0.0,4.199,90.8,99,0,60.0,2026-05-02T00:28:53.377315,4.209
2026-05-02T00:27:53.441473,52.52,0,55.42,0.0,1000.0,0.0,4.199,90.8,99,0,60.0,2026-05-02T00:28:53.441267,4.209
2026-05-02T00:27:53.515786,52.52,0,55.43,0.0,1000.0,0.0,4.199,90.8,99,0,60.0,2026-05-02T00:28:53.515553,4.209
2026-05-02T00:27:54.425628,52.58,0,55.47,0.0,1000.0,0.0,4.199,90.7,99,0,60.0,2026-05-02T00:28:54.425430,4.209
2026-05-02T00:27:54.492514,52.58,0,55.48,0.0,1000.0,0.0,4.199,90.7,99,0,60.0,2026-05-02T00:28:54.492342,4.209
2026-05-02T00:27:54.568243,52.58,0,55.48,0.0,1000.0,0.0,4.199,90.7,99,0,60.0,2026-05-02T00:28:54.567988,4.209
2026-05-02T00:27:55.489743,52.64,0,55.53,0.0,1000.0,0.0,4.199,90.7,99,0,60.0,2026-05-02T00:28:55.489573,4.209
2026-05-02T00:27:55.551320,52.64,0,55.53,0.0,1000.0,0.0,4.199,90.7,99,0,60.0,2026-05-02T00:28:55.551167,4.209
2026-05-02T00:27:55.611103,52.64,0,55.54,0.0,1000.0,0.0,4.199,90.7,99,0,60.0,2026-05-02T00:28:55.610945,4.209
2026-05-02T00:27:56.542566,52.69,0,55.58,0.0,1000.0,0.0,4.199,90.7,99,0,60.0,2026-05-02T00:28:56.542359,4.209
2026-05-02T00:27:56.604009,52.69,0,55.58,0.0,1000.0,0.0,4.199,90.7,99,0,60.0,2026-05-02T00:28:56.603819,4.209
2026-05-02T00:27:57.553166,52.69,0,55.62,0.0,1000.0,0.0,4.199,90.7,99,0,60.0,2026-05-02T00:28:57.552996,4.209
2026-05-02T00:27:57.612601,52.73,0,55.63,0.0,1000.0,0.0,4.199,90.7,99,0,60.0,2026-05-02T00:28:57.612445,4.209
2026-05-02T00:27:57.674334,52.73,0,55.63,0.0,1000.0,0.0,4.199,90.7,99,0,60.0,2026-05-02T00:28:57.674181,4.209
2026-05-02T00:27:58.615113,52.77,0,55.67,0.0,1000.0,0.0,4.199,90.7,99,0,60.0,2026-05-02T00:28:58.614880,4.209
2026-05-02T00:27:58.677036,52.77,0,55.67,0.0,1000.0,0.0,4.199,90.7,99,0,60.0,2026-05-02T00:28:58.676858,4.209
2026-05-02T00:27:58.740355,52.77,0,55.67,0.0,1000.0,0.0,4.199,90.7,99,0,60.0,2026-05-02T00:28:58.740178,4.209
2026-05-02T00:27:59.668948,52.81,0,55.71,0.0,1000.0,0.0,4.199,90.7,99,0,60.0,2026-05-02T00:28:59.668746,4.209
2026-05-02T00:27:59.743604,52.81,0,55.71,0.0,1000.0,0.0,4.199,90.7,99,0,60.0,2026-05-02T00:28:59.743415,4.209
2026-05-02T00:27:59.825159,52.81,0,55.71,0.0,1000.0,0.0,4.199,90.7,99,0,60.0,2026-05-02T00:28:59.824901,4.209
2026-05-02T00:28:00.726986,52.85,0,55.75,0.0,1000.0,0.0,4.199,90.6,99,0,60.0,2026-05-02T00:29:00.726815,4.209
2026-05-02T00:28:00.789498,52.85,0,55.75,0.0,1000.0,0.0,4.199,90.6,99,0,60.0,2026-05-02T00:29:00.789332,4.209
2026-05-02T00:28:00.854367,52.85,0,55.75,0.0,1000.0,0.0,4.199,90.6,99,0,60.0,2026-05-02T00:29:00.854197,4.209
2026-05-02T00:28:01.887408,52.89,0,55.79,0.0,1000.0,0.0,4.199,90.6,99,0,60.0,2026-05-02T00:29:01.887020,4.209
2026-05-02T00:28:02.052605,52.89,0,55.79,0.0,1000.0,0.0,4.199,90.6,99,0,60.0,2026-05-02T00:29:02.050537,4.209
2026-05-02T00:28:02.887194,52.89,0,55.82,0.0,1000.0,0.0,4.199,90.6,99,0,60.0,2026-05-02T00:29:02.875148,4.209
2026-05-02T00:28:03.018463,52.96,0,55.84,0.0,1000.0,0.0,4.199,90.6,99,0,60.0,2026-05-02T00:29:03.013095,4.209
2026-05-02T00:28:03.151416,52.96,0,55.85,0.0,1000.0,0.0,4.199,90.6,99,0,60.0,2026-05-02T00:29:03.151072,4.209
2026-05-02T00:28:03.855642,52.99,0,55.88,0.0,1000.0,0.0,4.199,90.6,99,0,60.0,2026-05-02T00:29:03.855453,4.209
2026-05-02T00:28:03.941167,52.99,0,55.68,0.0,1000.0,0.03,4.199,90.6,99,0,60.0,2026-05-02T00:29:03.940983,4.239
2026-05-02T00:28:04.031252,52.99,0,55.69,0.0,1000.0,0.03,4.199,90.6,99,0,60.0,2026-05-02T00:29:04.030941,4.239
2026-05-02T00:28:04.920829,53.04,0,55.72,0.0,1000.0,0.03,4.199,90.6,99,0,60.0,2026-05-02T00:29:04.920655,4.239
2026-05-02T00:28:05.010641,53.04,0,55.73,0.0,1000.0,0.03,4.199,90.6,99,0,60.0,2026-05-02T00:29:05.010446,4.239
2026-05-02T00:28:05.090771,53.04,0,55.74,0.0,1000.0,0.03,4.199,90.6,99,0,60.0,2026-05-02T00:29:05.090580,4.239
2026-05-02T00:28:05.976389,53.11,0,55.78,0.0,1000.0,0.03,4.199,90.6,99,0,60.0,2026-05-02T00:29:05.976222,4.24
2026-05-02T00:28:06.061093,53.11,0,55.85,0.0,1000.0,0.02,4.199,90.6,99,0,60.0,2026-05-02T00:29:06.060909,4.23
2026-05-02T00:28:06.351572,53.11,0,55.87,0.0,1000.0,0.02,4.199,90.6,99,0,60.0,2026-05-02T00:29:06.326922,4.229
2026-05-02T00:28:07.035644,53.16,0,55.9,0.0,1000.0,0.02,4.199,90.5,99,0,60.0,2026-05-02T00:29:07.035471,4.23
2026-05-02T00:28:07.115679,53.16,0,55.97,0.0,1000.0,0.01,4.199,90.5,99,0,60.0,2026-05-02T00:29:07.115488,4.219
2026-05-02T00:28:08.039036,53.16,0,56.01,0.0,1000.0,0.01,4.199,90.5,99,0,60.0,2026-05-02T00:29:08.038871,4.22
2026-05-02T00:28:08.133082,53.24,0,56.04,0.0,1000.0,0.01,4.199,90.5,99,0,60.0,2026-05-02T00:29:08.126321,4.219
2026-05-02T00:28:08.552949,53.24,0,56.06,0.0,1000.0,0.01,4.199,90.5,99,0,60.0,2026-05-02T00:29:08.552588,4.219
2026-05-02T00:28:09.095944,53.27,0,56.08,0.0,1000.0,0.01,4.199,90.5,99,0,60.0,2026-05-02T00:29:09.095784,4.219
2026-05-02T00:28:09.173103,53.27,0,56.09,0.0,1000.0,0.01,4.199,90.5,99,0,60.0,2026-05-02T00:29:09.172932,4.219
2026-05-02T00:28:09.250855,53.27,0,56.09,0.0,1000.0,0.01,4.199,90.5,99,0,60.0,2026-05-02T00:29:09.250655,4.219
2026-05-02T00:28:10.309404,53.34,0,56.14,0.0,1000.0,0.01,4.199,90.5,99,0,60.0,2026-05-02T00:29:10.296986,4.219
2026-05-02T00:28:10.400647,53.34,0,56.15,0.0,1000.0,0.01,4.199,90.5,99,0,60.0,2026-05-02T00:29:10.400530,4.219
2026-05-02T00:28:10.488668,53.34,0,56.16,0.0,1000.0,0.01,4.199,90.5,99,0,60.0,2026-05-02T00:29:10.488510,4.219
2026-05-02T00:28:11.205531,53.39,0,56.2,0.0,1000.0,0.01,4.199,90.5,99,0,60.0,2026-05-02T00:29:11.205363,4.219
2026-05-02T00:28:11.269406,53.39,0,56.28,0.0,1000.0,0.0,4.199,90.5,99,0,60.0,2026-05-02T00:29:11.269240,4.21
2026-05-02T00:28:11.339268,53.39,0,56.28,0.0,1000.0,0.0,4.199,90.5,99,0,60.0,2026-05-02T00:29:11.339103,4.21
2026-05-02T00:28:12.245746,53.47,0,56.34,0.0,1000.0,0.0,4.199,90.4,99,0,60.0,2026-05-02T00:29:12.245560,4.21
2026-05-02T00:28:12.305592,53.47,0,56.35,0.0,1000.0,0.0,4.199,90.4,99,0,60.0,2026-05-02T00:29:12.305442,4.21
2026-05-02T00:28:13.272726,53.47,0,56.39,0.0,1000.0,0.0,4.199,90.4,99,0,60.0,2026-05-02T00:29:13.272522,4.21
2026-05-02T00:28:13.336804,53.54,0,56.41,0.0,1000.0,0.0,4.199,90.4,99,0,60.0,2026-05-02T00:29:13.336638,4.21
2026-05-02T00:28:13.404653,53.54,0,56.42,0.0,1000.0,0.0,4.199,90.4,99,0,60.0,2026-05-02T00:29:13.404473,4.21
2026-05-02T00:28:14.395714,53.6,0,56.46,0.0,1000.0,0.0,4.199,90.4,99,0,60.0,2026-05-02T00:29:14.395503,4.21
2026-05-02T00:28:14.459218,53.6,0,56.48,0.0,1000.0,0.0,4.199,90.4,99,0,60.0,2026-05-02T00:29:14.459022,4.21
2026-05-02T00:28:14.522458,53.6,0,56.48,0.0,1000.0,0.0,4.199,90.4,99,0,60.0,2026-05-02T00:29:14.522301,4.21
2026-05-02T00:28:15.386034,53.67,0,56.53,0.0,1000.0,0.0,4.199,90.4,99,0,60.0,2026-05-02T00:29:15.385821,4.21
2026-05-02T00:28:15.452316,53.67,0,56.54,0.0,1000.0,0.0,4.199,90.4,99,0,60.0,2026-05-02T00:29:15.452133,4.21
2026-05-02T00:28:15.520912,53.67,0,56.55,0.0,1000.0,0.0,4.199,90.4,99,0,60.0,2026-05-02T00:29:15.520764,4.21
2026-05-02T00:28:16.448539,53.73,0,56.6,0.0,1000.0,0.0,4.199,90.4,99,0,60.0,2026-05-02T00:29:16.448284,4.21
2026-05-02T00:28:16.521968,53.73,0,56.61,0.0,1000.0,0.0,4.199,90.3,99,0,60.0,2026-05-02T00:29:16.521778,4.21
2026-05-02T00:28:16.602706,53.73,0,56.62,0.0,1000.0,0.0,4.199,90.3,99,0,60.0,2026-05-02T00:29:16.602510,4.21
2026-05-02T00:28:17.495286,53.78,0,56.66,0.0,1000.0,0.0,4.199,90.3,99,0,60.0,2026-05-02T00:29:17.495113,4.21
2026-05-02T00:28:17.554919,53.78,0,56.67,0.0,1000.0,0.0,4.199,90.3,99,0,60.0,2026-05-02T00:29:17.554784,4.21
2026-05-02T00:28:18.510253,53.78,0,56.7,0.0,1000.0,0.0,4.199,90.3,99,0,60.0,2026-05-02T00:29:18.510084,4.21
2026-05-02T00:28:18.570784,53.84,0,56.72,0.0,1000.0,0.0,4.199,90.3,99,0,60.0,2026-05-02T00:29:18.570639,4.21
2026-05-02T00:28:18.630043,53.84,0,56.73,0.0,1000.0,0.0,4.199,90.3,99,0,60.0,2026-05-02T00:29:18.629860,4.21
2026-05-02T00:28:19.561576,53.89,0,56.77,0.0,1000.0,0.0,4.199,90.3,99,0,60.0,2026-05-02T00:29:19.561395,4.21
2026-05-02T00:28:19.621844,53.89,0,56.78,0.0,1000.0,0.0,4.199,90.3,99,0,60.0,2026-05-02T00:29:19.621672,4.21
2026-05-02T00:28:19.681713,53.89,0,56.78,0.0,1000.0,0.0,4.199,90.3,99,0,60.0,2026-05-02T00:29:19.681505,4.21
2026-05-02T00:28:20.617399,53.92,0,56.82,0.0,1000.0,0.0,4.199,90.3,99,0,60.0,2026-05-02T00:29:20.617217,4.21
2026-05-02T00:28:20.680156,53.92,0,56.82,0.0,1000.0,0.0,4.199,90.3,99,0,60.0,2026-05-02T00:29:20.680005,4.21
2026-05-02T00:28:20.743742,53.92,0,56.82,0.0,1000.0,0.0,4.199,90.3,99,0,60.0,2026-05-02T00:29:20.743583,4.21
2026-05-02T00:28:21.672317,54.0,0,56.86,0.0,1000.0,0.0,4.199,90.3,99,0,60.0,2026-05-02T00:29:21.672166,4.21
2026-05-02T00:28:21.732655,54.0,0,56.87,0.0,1000.0,0.0,4.199,90.3,99,0,60.0,2026-05-02T00:29:21.732435,4.21
2026-05-02T00:28:21.794703,54.0,0,56.87,0.0,1000.0,0.0,4.199,90.3,99,0,60.0,2026-05-02T00:29:21.794519,4.21
2026-05-02T00:28:22.731272,54.04,0,56.91,0.0,1000.0,0.0,4.199,90.2,99,0,60.0,2026-05-02T00:29:22.731043,4.21
2026-05-02T00:28:22.794827,54.04,0,56.92,0.0,1000.0,0.0,4.199,90.2,99,0,60.0,2026-05-02T00:29:22.794648,4.21
2026-05-02T00:28:23.745510,54.04,0,56.95,0.0,1000.0,0.0,4.199,90.2,99,0,60.0,2026-05-02T00:29:23.745335,4.21
2026-05-02T00:28:23.807640,54.07,0,56.95,0.0,1000.0,0.0,4.199,90.2,99,0,60.0,2026-05-02T00:29:23.807470,4.21
2026-05-02T00:28:23.868159,54.07,0,56.95,0.0,1000.0,0.0,4.199,90.2,99,0,60.0,2026-05-02T00:29:23.867964,4.21
2026-05-02T00:28:24.805769,54.1,0,56.98,0.0,1000.0,0.0,4.199,90.2,99,0,60.0,2026-05-02T00:29:24.805580,4.21
2026-05-02T00:28:24.879032,54.1,0,56.98,0.0,1000.0,0.0,4.199,90.2,99,0,60.0,2026-05-02T00:29:24.878857,4.21
2026-05-02T00:28:24.952470,54.1,0,56.98,0.0,1000.0,0.0,4.199,90.2,99,0,60.0,2026-05-02T00:29:24.952266,4.21
2026-05-02T00:28:25.893889,54.14,0,57.02,0.0,1000.0,0.0,4.199,90.2,99,0,60.0,2026-05-02T00:29:25.893620,4.21
2026-05-02T00:28:26.101491,54.14,0,57.02,0.0,1000.0,0.0,4.199,90.2,99,0,60.0,2026-05-02T00:29:26.101154,4.21
2026-05-02T00:28:26.496542,54.14,0,57.03,0.0,1000.0,0.0,4.199,90.2,99,0,60.0,2026-05-02T00:29:26.469605,4.21
2026-05-02T00:28:26.911694,54.18,0,57.05,0.0,1000.0,0.0,4.199,90.2,99,0,60.0,2026-05-02T00:29:26.911531,4.21
2026-05-02T00:28:26.989326,54.18,0,56.71,0.0,1000.0,0.05,4.199,90.2,99,0,60.0,2026-05-02T00:29:26.989130,4.259
2026-05-02T00:28:27.069533,54.18,0,56.71,0.0,1000.0,0.05,4.199,90.2,99,0,60.0,2026-05-02T00:29:27.069346,4.259
2026-05-02T00:28:27.983291,54.22,0,56.75,0.0,1000.0,0.05,4.199,90.2,99,0,60.0,2026-05-02T00:29:27.983056,4.26
2026-05-02T00:28:28.074144,54.22,0,56.75,0.0,1000.0,0.05,4.199,90.2,99,0,60.0,2026-05-02T00:29:28.073971,4.26
2026-05-02T00:28:28.992844,54.22,0,56.78,0.0,1000.0,0.05,4.199,90.2,99,0,60.0,2026-05-02T00:29:28.992663,4.26
2026-05-02T00:28:29.072914,54.26,0,56.86,0.0,1000.0,0.04,4.199,90.2,99,0,60.0,2026-05-02T00:29:29.072795,4.25
2026-05-02T00:28:29.153079,54.26,0,56.86,0.0,1000.0,0.04,4.199,90.2,99,0,60.0,2026-05-02T00:29:29.152897,4.25
2026-05-02T00:28:30.051004,54.3,0,56.89,0.0,1000.0,0.04,4.199,90.2,99,0,60.0,2026-05-02T00:29:30.050811,4.25
2026-05-02T00:28:30.199365,54.3,0,56.9,0.0,1000.0,0.04,4.199,90.2,99,0,60.0,2026-05-02T00:29:30.174505,4.25
2026-05-02T00:28:30.557975,54.3,0,56.91,0.0,1000.0,0.04,4.199,90.2,99,0,60.0,2026-05-02T00:29:30.557427,4.25
2026-05-02T00:28:31.116415,54.33,0,56.93,0.0,1000.0,0.04,4.199,90.1,99,0,60.0,2026-05-02T00:29:31.116244,4.25
2026-05-02T00:28:31.263089,54.33,0,56.93,0.0,1000.0,0.04,4.199,90.1,99,0,60.0,2026-05-02T00:29:31.262641,4.25
2026-05-02T00:28:31.660195,54.33,0,56.95,0.0,1000.0,0.04,4.199,90.1,99,0,60.0,2026-05-02T00:29:31.659814,4.25
2026-05-02T00:28:32.532215,54.38,0,56.97,0.0,1000.0,0.04,4.199,90.1,99,0,60.0,2026-05-02T00:29:32.502859,4.25
2026-05-02T00:28:32.869110,54.38,0,56.98,0.0,1000.0,0.04,4.199,90.1,99,0,60.0,2026-05-02T00:29:32.842031,4.25
2026-05-02T00:28:33.009278,54.38,0,56.98,0.0,1000.0,0.04,4.199,90.1,99,0,60.0,2026-05-02T00:29:33.008859,4.25
2026-05-02T00:28:33.247897,54.44,0,57.01,0.0,1000.0,0.04,4.199,90.1,99,0,60.0,2026-05-02T00:29:33.247351,4.25
2026-05-02T00:28:33.346324,54.44,0,57.1,0.0,1000.0,0.03,4.199,90.1,99,0,60.0,2026-05-02T00:29:33.346115,4.24
2026-05-02T00:28:34.406913,54.44,0,57.13,0.0,1000.0,0.03,4.199,90.1,99,0,60.0,2026-05-02T00:29:34.404974,4.24
2026-05-02T00:28:34.608212,54.47,0,57.21,0.0,1000.0,0.02,4.199,90.1,99,0,60.0,2026-05-02T00:29:34.607848,4.23
2026-05-02T00:28:34.870105,54.47,0,57.22,0.0,1000.0,0.02,4.199,90.1,99,0,60.0,2026-05-02T00:29:34.869767,4.23
2026-05-02T00:28:35.308982,54.51,0,57.23,0.0,1000.0,0.02,4.199,90.1,99,0,60.0,2026-05-02T00:29:35.308728,4.23
2026-05-02T00:28:35.441782,54.51,0,57.24,0.0,1000.0,0.02,4.199,90.1,99,0,60.0,2026-05-02T00:29:35.441519,4.23
2026-05-02T00:28:35.565112,54.51,0,57.25,0.0,1000.0,0.02,4.199,90.1,99,0,60.0,2026-05-02T00:29:35.564602,4.23
2026-05-02T00:28:36.341354,54.55,0,57.27,0.0,1000.0,0.02,4.199,90.1,99,0,60.0,2026-05-02T00:29:36.341159,4.23
2026-05-02T00:28:36.459304,54.55,0,57.36,0.0,1000.0,0.01,4.199,90.1,99,0,60.0,2026-05-02T00:29:36.458932,4.221
2026-05-02T00:28:36.756535,54.55,0,57.36,0.0,1000.0,0.01,4.199,90.1,99,0,60.0,2026-05-02T00:29:36.756229,4.221
2026-05-02T00:28:37.435583,54.61,0,57.4,0.0,1000.0,0.01,4.199,90.1,99,0,60.0,2026-05-02T00:29:37.435317,4.221
2026-05-02T00:28:37.558628,54.61,0,57.41,0.0,1000.0,0.01,4.199,90.1,99,0,60.0,2026-05-02T00:29:37.558346,4.22
2026-05-02T00:28:37.691113,54.61,0,57.42,0.0,1000.0,0.01,4.199,90.1,99,0,60.0,2026-05-02T00:29:37.690564,4.22
2026-05-02T00:28:38.450185,54.65,0,57.45,0.0,1000.0,0.01,4.199,90.0,99,0,60.0,2026-05-02T00:29:38.449984,4.22
2026-05-02T00:28:38.536214,54.65,0,57.46,0.0,1000.0,0.01,4.199,90.0,99,0,60.0,2026-05-02T00:29:38.536001,4.22
2026-05-02T00:28:39.466331,54.65,0,57.49,0.0,1000.0,0.01,4.199,90.0,99,0,60.0,2026-05-02T00:29:39.465969,4.221
2026-05-02T00:28:39.544036,54.69,0,57.5,0.0,1000.0,0.01,4.199,90.0,99,0,60.0,2026-05-02T00:29:39.543871,4.22
2026-05-02T00:28:39.619432,54.69,0,57.5,0.0,1000.0,0.01,4.199,90.0,99,0,60.0,2026-05-02T00:29:39.619235,4.22
2026-05-02T00:28:40.528946,54.73,0,57.54,0.0,1000.0,0.01,4.199,90.0,99,0,60.0,2026-05-02T00:29:40.528678,4.22
2026-05-02T00:28:40.623206,54.73,0,57.61,0.0,1000.0,0.0,4.199,90.0,99,0,60.0,2026-05-02T00:29:40.623007,4.21
2026-05-02T00:28:40.706620,54.73,0,57.61,0.0,1000.0,0.0,4.199,90.0,99,0,60.0,2026-05-02T00:29:40.706419,4.21
2026-05-02T00:28:41.564281,54.78,0,57.65,0.0,1000.0,0.0,4.199,90.0,99,0,60.0,2026-05-02T00:29:41.564066,4.21
2026-05-02T00:28:41.627662,54.78,0,57.66,0.0,1000.0,0.0,4.199,90.0,99,0,60.0,2026-05-02T00:29:41.627490,4.21
2026-05-02T00:28:41.705294,54.78,0,57.66,0.0,1000.0,0.0,4.199,90.0,99,0,60.0,2026-05-02T00:29:41.705108,4.21
2026-05-02T00:28:42.625820,54.83,0,57.7,0.0,1000.0,0.0,4.199,90.0,99,0,60.0,2026-05-02T00:29:42.625591,4.21
2026-05-02T00:28:42.698001,54.83,0,57.71,0.0,1000.0,0.0,4.199,90.0,99,0,60.0,2026-05-02T00:29:42.697724,4.21
2026-05-02T00:28:42.770568,54.83,0,57.71,0.0,1000.0,0.0,4.199,90.0,99,0,60.0,2026-05-02T00:29:42.770362,4.21
2026-05-02T00:28:43.680177,54.86,0,57.75,0.0,1000.0,0.0,4.199,90.0,99,0,60.0,2026-05-02T00:29:43.679965,4.21
2026-05-02T00:28:43.751897,54.86,0,57.75,0.0,1000.0,0.0,4.199,90.0,99,0,60.0,2026-05-02T00:29:43.751696,4.21
2026-05-02T00:28:44.695912,54.86,0,57.78,0.0,1000.0,0.0,4.199,90.0,99,0,60.0,2026-05-02T00:29:44.695717,4.21
2026-05-02T00:28:44.770233,54.91,0,57.79,0.0,1000.0,0.0,4.199,90.0,99,0,60.0,2026-05-02T00:29:44.770049,4.21
2026-05-02T00:28:44.842559,54.91,0,57.8,0.0,1000.0,0.0,4.199,90.0,99,0,60.0,2026-05-02T00:29:44.842374,4.21
2026-05-02T00:28:45.750817,54.97,0,57.83,0.0,1000.0,0.0,4.199,89.9,99,0,60.0,2026-05-02T00:29:45.750618,4.21
2026-05-02T00:28:45.812866,54.97,0,57.84,0.0,1000.0,0.0,4.199,89.9,99,0,60.0,2026-05-02T00:29:45.812690,4.21
2026-05-02T00:28:45.884996,54.97,0,57.85,0.0,1000.0,0.0,4.199,89.9,99,0,60.0,2026-05-02T00:29:45.884775,4.21
2026-05-02T00:28:46.806204,55.01,0,57.88,0.0,1000.0,0.0,4.199,89.9,99,0,60.0,2026-05-02T00:29:46.806039,4.21
2026-05-02T00:28:46.876500,55.01,0,57.89,0.0,1000.0,0.0,4.199,89.9,99,0,60.0,2026-05-02T00:29:46.876331,4.21
2026-05-02T00:28:46.956198,55.01,0,57.89,0.0,1000.0,0.0,4.199,89.9,99,0,60.0,2026-05-02T00:29:46.955985,4.21
2026-05-02T00:28:47.859454,55.05,0,57.92,0.0,1000.0,0.0,4.199,89.9,99,0,60.0,2026-05-02T00:29:47.859267,4.21
2026-05-02T00:28:47.921674,55.05,0,57.92,0.0,1000.0,0.0,4.199,89.9,99,0,60.0,2026-05-02T00:29:47.921520,4.21
2026-05-02T00:28:47.988346,55.05,0,57.92,0.0,1000.0,0.0,4.199,89.9,99,0,60.0,2026-05-02T00:29:47.988168,4.21
2026-05-02T00:28:48.916266,55.09,0,57.96,0.0,1000.0,0.0,4.199,89.9,99,0,60.0,2026-05-02T00:29:48.915870,4.21
2026-05-02T00:28:48.978669,55.09,0,57.96,0.0,1000.0,0.0,4.199,89.9,99,0,60.0,2026-05-02T00:29:48.978484,4.21
2026-05-02T00:28:49.929445,55.09,0,58.0,0.0,1000.0,0.0,4.199,89.9,99,0,60.0,2026-05-02T00:29:49.929269,4.21
2026-05-02T00:28:49.992587,55.14,0,58.0,0.0,1000.0,0.0,4.199,89.9,99,0,60.0,2026-05-02T00:29:49.992400,4.21
2026-05-02T00:28:50.054372,55.14,0,58.01,0.0,1000.0,0.0,4.199,89.9,99,0,60.0,2026-05-02T00:29:50.054179,4.21
2026-05-02T00:28:50.988058,55.17,0,58.04,0.0,1000.0,0.0,4.199,89.9,99,0,60.0,2026-05-02T00:29:50.987868,4.21
2026-05-02T00:28:51.052816,55.17,0,58.04,0.0,1000.0,0.0,4.199,89.9,99,0,60.0,2026-05-02T00:29:51.052639,4.21
2026-05-02T00:28:51.122666,55.17,0,58.05,0.0,1000.0,0.0,4.199,89.9,99,0,60.0,2026-05-02T00:29:51.122448,4.21
2026-05-02T00:28:52.045280,55.22,0,58.08,0.0,1000.0,0.0,4.199,89.8,99,0,60.0,2026-05-02T00:29:52.045079,4.21
2026-05-02T00:28:52.166356,55.22,0,58.09,0.0,1000.0,0.0,4.199,89.8,99,0,60.0,2026-05-02T00:29:52.153972,4.21
2026-05-02T00:28:52.613458,55.22,0,58.1,0.0,1000.0,0.0,4.199,89.8,99,0,60.0,2026-05-02T00:29:52.588424,4.21
2026-05-02T00:28:53.094499,55.25,0,58.12,0.0,1000.0,0.0,4.199,89.8,99,0,60.0,2026-05-02T00:29:53.094305,4.21
2026-05-02T00:28:53.157862,55.25,0,58.12,0.0,1000.0,0.0,4.199,89.8,99,0,60.0,2026-05-02T00:29:53.157704,4.21
2026-05-02T00:28:53.221152,55.25,0,58.13,0.0,1000.0,0.0,4.199,89.8,99,0,60.0,2026-05-02T00:29:53.220962,4.21
2026-05-02T00:28:54.260888,55.28,0,58.16,0.0,1000.0,0.0,4.199,89.8,99,0,60.0,2026-05-02T00:29:54.260707,4.21
2026-05-02T00:28:54.329752,55.28,0,58.16,0.0,1000.0,0.0,4.199,89.8,99,0,60.0,2026-05-02T00:29:54.329596,4.21
2026-05-02T00:28:55.167385,55.28,0,58.19,0.0,1000.0,0.0,4.199,89.8,99,0,60.0,2026-05-02T00:29:55.167202,4.21
2026-05-02T00:28:55.233929,55.31,0,58.19,0.0,1000.0,0.0,4.199,89.8,99,0,60.0,2026-05-02T00:29:55.233699,4.21
2026-05-02T00:28:55.306458,55.31,0,58.19,0.0,1000.0,0.0,4.199,89.8,99,0,60.0,2026-05-02T00:29:55.306273,4.21
2026-05-02T00:28:56.240869,55.36,0,58.22,0.0,1000.0,0.0,4.199,89.8,99,0,60.0,2026-05-02T00:29:56.240691,4.21
2026-05-02T00:28:56.310922,55.36,0,58.23,0.0,1000.0,0.0,4.199,89.8,99,0,60.0,2026-05-02T00:29:56.310760,4.21
2026-05-02T00:28:56.382953,55.36,0,58.24,0.0,1000.0,0.0,4.199,89.8,99,0,60.0,2026-05-02T00:29:56.382751,4.21
2026-05-02T00:28:57.277519,55.4,0,58.27,0.0,1000.0,0.0,4.199,89.8,99,0,60.0,2026-05-02T00:29:57.277348,4.21
2026-05-02T00:28:57.340723,55.4,0,58.27,0.0,1000.0,0.0,4.199,89.8,99,0,60.0,2026-05-02T00:29:57.340553,4.21
2026-05-02T00:28:57.412116,55.4,0,58.27,0.0,1000.0,0.0,4.199,89.8,99,0,60.0,2026-05-02T00:29:57.411913,4.21
2026-05-02T00:28:58.320963,55.46,0,58.31,0.0,1000.0,0.0,4.199,89.8,99,0,60.0,2026-05-02T00:29:58.320777,4.21
2026-05-02T00:28:58.383818,55.46,0,58.32,0.0,1000.0,0.0,4.199,89.8,99,0,60.0,2026-05-02T00:29:58.383646,4.21
2026-05-02T00:28:58.444830,55.46,0,58.32,0.0,1000.0,0.0,4.199,89.8,99,0,60.0,2026-05-02T00:29:58.444680,4.21
2026-05-02T00:28:59.386625,55.51,0,58.37,0.0,1000.0,0.0,4.199,89.8,99,0,60.0,2026-05-02T00:29:59.386422,4.21
2026-05-02T00:28:59.448561,55.51,0,58.37,0.0,1000.0,0.0,4.199,89.8,99,0,60.0,2026-05-02T00:29:59.448362,4.21
2026-05-02T00:29:00.395954,55.51,0,58.41,0.0,1000.0,0.0,4.199,89.8,99,0,60.0,2026-05-02T00:30:00.395791,4.21
2026-05-02T00:29:00.459195,55.56,0,58.42,0.0,1000.0,0.0,4.199,89.7,99,0,60.0,2026-05-02T00:30:00.459026,4.21
2026-05-02T00:29:00.522832,55.56,0,58.43,0.0,1000.0,0.0,4.199,89.7,99,0,60.0,2026-05-02T00:30:00.522649,4.21
2026-05-02T00:29:01.461610,55.6,0,58.46,0.0,1000.0,0.0,4.199,89.7,99,0,60.0,2026-05-02T00:30:01.461352,4.21
2026-05-02T00:29:01.535329,55.6,0,58.47,0.0,1000.0,0.0,4.199,89.7,99,0,60.0,2026-05-02T00:30:01.535149,4.21
2026-05-02T00:29:01.622662,55.6,0,58.47,0.0,1000.0,0.0,4.199,89.7,99,0,60.0,2026-05-02T00:30:01.622432,4.21
2026-05-02T00:29:02.514955,55.67,0,58.52,0.0,1000.0,0.0,4.199,89.7,99,0,60.0,2026-05-02T00:30:02.514766,4.21
2026-05-02T00:29:02.590829,55.67,0,58.53,0.0,1000.0,0.0,4.199,89.7,99,0,60.0,2026-05-02T00:30:02.590640,4.21
2026-05-02T00:29:02.670281,55.67,0,58.54,0.0,1000.0,0.0,4.199,89.7,99,0,60.0,2026-05-02T00:30:02.670101,4.21
2026-05-02T00:29:03.576556,55.72,0,58.58,0.0,1000.0,0.0,4.199,89.7,99,0,60.0,2026-05-02T00:30:03.576308,4.21
2026-05-02T00:29:03.678125,55.72,0,58.59,0.0,1000.0,0.0,4.199,89.7,99,0,60.0,2026-05-02T00:30:03.677845,4.21
2026-05-02T00:29:03.782734,55.72,0,58.59,0.0,1000.0,0.0,4.199,89.7,99,0,60.0,2026-05-02T00:30:03.782317,4.21
2026-05-02T00:29:04.621495,55.78,0,58.64,0.0,1000.0,0.0,4.199,89.7,99,0,60.0,2026-05-02T00:30:04.621329,4.21
2026-05-02T00:29:04.682727,55.78,0,58.65,0.0,1000.0,0.0,4.199,89.7,99,0,60.0,2026-05-02T00:30:04.682474,4.21
2026-05-02T00:29:05.637795,55.78,0,58.69,0.0,1000.0,0.0,4.199,89.7,99,0,60.0,2026-05-02T00:30:05.637626,4.21
2026-05-02T00:29:05.700261,55.83,0,58.7,0.0,1000.0,0.0,4.199,89.6,99,0,60.0,2026-05-02T00:30:05.700098,4.21
2026-05-02T00:29:05.762340,55.83,0,58.7,0.0,1000.0,0.0,4.199,89.6,99,0,60.0,2026-05-02T00:30:05.762151,4.21
2026-05-02T00:29:06.701360,55.89,0,58.74,0.0,1000.0,0.0,4.199,89.6,99,0,60.0,2026-05-02T00:30:06.701152,4.21
2026-05-02T00:29:06.782075,55.89,0,58.75,0.0,1000.0,0.0,4.199,89.6,99,0,60.0,2026-05-02T00:30:06.781860,4.21
2026-05-02T00:29:06.883214,55.89,0,58.76,0.0,1000.0,0.0,4.199,89.6,99,0,60.0,2026-05-02T00:30:06.882928,4.21
2026-05-02T00:29:07.796571,55.94,0,58.8,0.0,1000.0,0.0,4.199,89.6,99,0,60.0,2026-05-02T00:30:07.796172,4.21
2026-05-02T00:29:08.034949,55.94,0,58.81,0.0,1000.0,0.0,4.199,89.6,99,0,60.0,2026-05-02T00:30:08.033174,4.21
2026-05-02T00:29:08.369698,55.94,0,58.82,0.0,1000.0,0.0,4.199,89.6,99,0,60.0,2026-05-02T00:30:08.345480,4.21
2026-05-02T00:29:08.808563,55.98,0,58.84,0.0,1000.0,0.0,4.199,89.6,99,0,60.0,2026-05-02T00:30:08.808391,4.21
2026-05-02T00:29:08.872094,55.98,0,58.85,0.0,1000.0,0.0,4.199,89.6,99,0,60.0,2026-05-02T00:30:08.871935,4.21
2026-05-02T00:29:08.941889,55.98,0,58.85,0.0,1000.0,0.0,4.199,89.6,99,0,60.0,2026-05-02T00:30:08.941699,4.21
2026-05-02T00:29:09.861664,56.02,0,58.89,0.0,1000.0,0.0,4.199,89.6,99,0,60.0,2026-05-02T00:30:09.861492,4.21
2026-05-02T00:29:09.924934,56.02,0,58.89,0.0,1000.0,0.0,4.199,89.6,99,0,60.0,2026-05-02T00:30:09.924739,4.21
2026-05-02T00:29:10.878054,56.02,0,58.92,0.0,1000.0,0.0,4.199,89.6,99,0,60.0,2026-05-02T00:30:10.877873,4.21
2026-05-02T00:29:10.942036,56.07,0,58.93,0.0,1000.0,0.0,4.199,89.6,99,0,60.0,2026-05-02T00:30:10.941872,4.21
2026-05-02T00:29:11.005572,56.07,0,58.94,0.0,1000.0,0.0,4.199,89.6,99,0,60.0,2026-05-02T00:30:11.005411,4.21
2026-05-02T00:29:11.932106,56.12,0,58.97,0.0,1000.0,0.0,4.199,89.5,99,0,60.0,2026-05-02T00:30:11.931829,4.21
2026-05-02T00:29:11.994722,56.12,0,58.98,0.0,1000.0,0.0,4.199,89.5,99,0,60.0,2026-05-02T00:30:11.994568,4.21
2026-05-02T00:29:12.057076,56.12,0,58.98,0.0,1000.0,0.0,4.199,89.5,99,0,60.0,2026-05-02T00:30:12.056904,4.21
2026-05-02T00:29:13.005379,56.17,0,59.02,0.0,1000.0,0.0,4.199,89.5,99,0,60.0,2026-05-02T00:30:13.005138,4.21
2026-05-02T00:29:13.296683,56.17,0,58.81,0.0,1000.0,0.03,4.199,89.5,99,0,60.0,2026-05-02T00:30:13.294937,4.239
2026-05-02T00:29:13.645032,56.17,0,58.82,0.0,1000.0,0.03,4.199,89.5,99,0,60.0,2026-05-02T00:30:13.644643,4.239
2026-05-02T00:29:14.065382,56.21,0,58.84,0.0,1000.0,0.03,4.199,89.5,99,0,60.0,2026-05-02T00:30:14.065174,4.239
2026-05-02T00:29:14.265242,56.21,0,58.85,0.0,1000.0,0.03,4.199,89.5,99,0,60.0,2026-05-02T00:30:14.240143,4.239
2026-05-02T00:29:14.563452,56.21,0,58.86,0.0,1000.0,0.03,4.199,89.5,99,0,60.0,2026-05-02T00:30:14.563080,4.239
2026-05-02T00:29:15.118094,56.26,0,58.89,0.0,1000.0,0.03,4.199,89.5,99,0,60.0,2026-05-02T00:30:15.117873,4.24
2026-05-02T00:29:15.207856,56.26,0,58.97,0.0,1000.0,0.02,4.199,89.5,99,0,60.0,2026-05-02T00:30:15.207660,4.23
2026-05-02T00:29:16.258484,56.26,0,59.0,0.0,1000.0,0.02,4.199,89.5,99,0,60.0,2026-05-02T00:30:16.233197,4.231
2026-05-02T00:29:17.048939,56.3,0,59.1,0.0,1000.0,0.01,4.199,89.5,99,0,60.0,2026-05-02T00:30:16.945693,4.221
2026-05-02T00:29:17.434620,56.3,0,59.12,0.0,1000.0,0.01,4.199,89.5,99,0,60.0,2026-05-02T00:30:17.434306,4.221
2026-05-02T00:29:17.579915,56.34,0,59.11,0.0,1000.0,0.01,4.199,89.5,99,0,60.0,2026-05-02T00:30:17.579387,4.221
2026-05-02T00:29:17.727050,56.34,0,59.12,0.0,1000.0,0.01,4.199,89.5,99,0,60.0,2026-05-02T00:30:17.726719,4.22
2026-05-02T00:29:17.855489,56.34,0,59.13,0.0,1000.0,0.01,4.199,89.5,99,0,60.0,2026-05-02T00:30:17.855155,4.22
2026-05-02T00:29:18.664307,56.4,0,59.16,0.0,1000.0,0.01,4.199,89.5,99,0,60.0,2026-05-02T00:30:18.645383,4.22
2026-05-02T00:29:19.077771,56.4,0,59.19,0.0,1000.0,0.01,4.199,89.5,99,0,60.0,2026-05-02T00:30:19.077444,4.22
2026-05-02T00:29:19.287697,56.4,0,59.2,0.0,1000.0,0.01,4.199,89.5,99,0,60.0,2026-05-02T00:30:19.287135,4.22
2026-05-02T00:29:19.443754,56.43,0,59.21,0.0,1000.0,0.01,4.199,89.5,99,0,60.0,2026-05-02T00:30:19.443457,4.22
2026-05-02T00:29:19.580567,56.43,0,59.21,0.0,1000.0,0.01,4.199,89.4,99,0,60.0,2026-05-02T00:30:19.579937,4.22
2026-05-02T00:29:19.743468,56.43,0,59.22,0.0,1000.0,0.01,4.199,89.4,99,0,60.0,2026-05-02T00:30:19.743087,4.22
2026-05-02T00:29:20.462817,56.49,0,59.25,0.0,1000.0,0.01,4.199,89.4,99,0,60.0,2026-05-02T00:30:20.462507,4.22
2026-05-02T00:29:20.573494,56.49,0,59.34,0.0,1000.0,0.0,4.199,89.4,99,0,60.0,2026-05-02T00:30:20.572939,4.21
2026-05-02T00:29:21.351913,56.49,0,59.38,0.0,1000.0,0.0,4.199,89.4,99,0,60.0,2026-05-02T00:30:21.351724,4.21
2026-05-02T00:29:21.415946,56.54,0,59.39,0.0,1000.0,0.0,4.199,89.4,99,0,60.0,2026-05-02T00:30:21.415705,4.21
2026-05-02T00:29:21.478451,56.54,0,59.4,0.0,1000.0,0.0,4.199,89.4,99,0,60.0,2026-05-02T00:30:21.478294,4.21
2026-05-02T00:29:22.403822,56.58,0,59.43,0.0,1000.0,0.0,4.199,89.4,99,0,60.0,2026-05-02T00:30:22.403600,4.21
2026-05-02T00:29:22.487288,56.58,0,59.44,0.0,1000.0,0.0,4.199,89.4,99,0,60.0,2026-05-02T00:30:22.487047,4.21
2026-05-02T00:29:22.592393,56.58,0,59.44,0.0,1000.0,0.0,4.199,89.4,99,0,60.0,2026-05-02T00:30:22.592090,4.21
2026-05-02T00:29:23.460600,56.61,0,59.48,0.0,1000.0,0.0,4.199,89.4,99,0,60.0,2026-05-02T00:30:23.460430,4.21
2026-05-02T00:29:23.532636,56.61,0,59.48,0.0,1000.0,0.0,4.199,89.4,99,0,60.0,2026-05-02T00:30:23.532468,4.21
2026-05-02T00:29:23.608735,56.61,0,59.48,0.0,1000.0,0.0,4.199,89.4,99,0,60.0,2026-05-02T00:30:23.608546,4.21
2026-05-02T00:29:24.516410,56.65,0,59.51,0.0,1000.0,0.0,4.199,89.4,99,0,60.0,2026-05-02T00:30:24.516217,4.21
2026-05-02T00:29:24.586812,56.65,0,59.51,0.0,1000.0,0.0,4.199,89.4,99,0,60.0,2026-05-02T00:30:24.586634,4.21
2026-05-02T00:29:24.671096,56.65,0,59.52,0.0,1000.0,0.0,4.199,89.4,99,0,60.0,2026-05-02T00:30:24.670894,4.21
2026-05-02T00:29:25.576776,56.68,0,59.55,0.0,1000.0,0.0,4.199,89.4,99,0,60.0,2026-05-02T00:30:25.576538,4.21
2026-05-02T00:29:25.663029,56.68,0,59.55,0.0,1000.0,0.0,4.199,89.4,99,0,60.0,2026-05-02T00:30:25.662788,4.21
2026-05-02T00:29:26.583400,56.68,0,59.58,0.0,1000.0,0.0,4.199,89.4,99,0,60.0,2026-05-02T00:30:26.583193,4.21
2026-05-02T00:29:26.645531,56.72,0,59.58,0.0,1000.0,0.0,4.199,89.3,99,0,60.0,2026-05-02T00:30:26.645368,4.21
2026-05-02T00:29:26.707813,56.72,0,59.59,0.0,1000.0,0.0,4.199,89.3,99,0,60.0,2026-05-02T00:30:26.707661,4.21
2026-05-02T00:29:27.637972,56.75,0,59.62,0.0,1000.0,0.0,4.199,89.3,99,0,60.0,2026-05-02T00:30:27.637800,4.21
2026-05-02T00:29:27.701114,56.75,0,59.62,0.0,1000.0,0.0,4.199,89.3,99,0,60.0,2026-05-02T00:30:27.700918,4.21
2026-05-02T00:29:27.764374,56.75,0,59.62,0.0,1000.0,0.0,4.199,89.3,99,0,60.0,2026-05-02T00:30:27.764189,4.21
2026-05-02T00:29:28.704751,56.79,0,59.65,0.0,1000.0,0.0,4.199,89.3,99,0,60.0,2026-05-02T00:30:28.704526,4.21
2026-05-02T00:29:28.825842,56.79,0,59.65,0.0,1000.0,0.0,4.199,89.3,99,0,60.0,2026-05-02T00:30:28.825530,4.21
2026-05-02T00:29:29.335227,56.79,0,59.66,0.0,1000.0,0.0,4.199,89.3,99,0,60.0,2026-05-02T00:30:29.334930,4.21
2026-05-02T00:29:29.762564,56.83,0,59.68,0.0,1000.0,0.0,4.199,89.3,99,0,60.0,2026-05-02T00:30:29.762392,4.21
2026-05-02T00:29:29.843488,56.83,0,59.69,0.0,1000.0,0.0,4.199,89.3,99,0,60.0,2026-05-02T00:30:29.843246,4.21
2026-05-02T00:29:29.929186,56.83,0,59.69,0.0,1000.0,0.0,4.199,89.3,99,0,60.0,2026-05-02T00:30:29.928977,4.21
2026-05-02T00:29:30.808587,56.87,0,59.73,0.0,1000.0,0.0,4.199,89.3,99,0,60.0,2026-05-02T00:30:30.808393,4.21
2026-05-02T00:29:30.870379,56.87,0,59.73,0.0,1000.0,0.0,4.199,89.3,99,0,60.0,2026-05-02T00:30:30.870187,4.21
2026-05-02T00:29:31.845811,56.87,0,59.76,0.0,1000.0,0.0,4.199,89.3,99,0,60.0,2026-05-02T00:30:31.845301,4.21
2026-05-02T00:29:32.026438,56.91,0,59.77,0.0,1000.0,0.0,4.199,89.3,99,0,60.0,2026-05-02T00:30:32.026064,4.21
2026-05-02T00:29:32.245743,56.91,0,59.78,0.0,1000.0,0.0,4.199,89.3,99,0,60.0,2026-05-02T00:30:32.245034,4.21
2026-05-02T00:29:32.873099,56.95,0,59.8,0.0,1000.0,0.0,4.199,89.3,99,0,60.0,2026-05-02T00:30:32.872920,4.21
2026-05-02T00:29:32.944426,56.95,0,59.81,0.0,1000.0,0.0,4.199,89.3,99,0,60.0,2026-05-02T00:30:32.944245,4.21
2026-05-02T00:29:33.039676,56.95,0,59.81,0.0,1000.0,0.0,4.199,89.3,99,0,60.0,2026-05-02T00:30:33.039426,4.21
2026-05-02T00:29:33.936826,57.01,0,59.85,0.0,1000.0,0.0,4.199,89.2,99,0,60.0,2026-05-02T00:30:33.936640,4.21
2026-05-02T00:29:34.009129,57.01,0,59.86,0.0,1000.0,0.0,4.199,89.2,99,0,60.0,2026-05-02T00:30:34.008934,4.21
2026-05-02T00:29:34.082038,57.01,0,59.87,0.0,1000.0,0.0,4.199,89.2,99,0,60.0,2026-05-02T00:30:34.081866,4.21
2026-05-02T00:29:34.991354,57.05,0,59.91,0.0,1000.0,0.0,4.199,89.2,99,0,60.0,2026-05-02T00:30:34.991153,4.21
2026-05-02T00:29:35.056273,57.05,0,59.91,0.0,1000.0,0.0,4.199,89.2,99,0,60.0,2026-05-02T00:30:35.056097,4.21
2026-05-02T00:29:35.129061,57.05,0,59.91,0.0,1000.0,0.0,4.199,89.2,99,0,60.0,2026-05-02T00:30:35.128882,4.21
2026-05-02T00:29:36.045155,57.11,0,59.96,0.0,1000.0,0.0,4.199,89.2,99,0,60.0,2026-05-02T00:30:36.044980,4.21
2026-05-02T00:29:36.119324,57.11,0,59.97,0.0,1000.0,0.0,4.199,89.2,99,0,60.0,2026-05-02T00:30:36.118009,4.21
2026-05-02T00:29:37.060916,57.11,0,59.99,0.0,1000.0,0.0,4.199,89.2,99,0,60.0,2026-05-02T00:30:37.060735,4.21
2026-05-02T00:29:37.125117,57.16,0,60.01,0.0,1000.0,0.0,4.199,89.2,99,0,60.0,2026-05-02T00:30:37.124941,4.21
2026-05-02T00:29:37.192536,57.16,0,60.01,0.0,1000.0,0.0,4.199,89.2,99,0,60.0,2026-05-02T00:30:37.192353,4.21
2026-05-02T00:29:38.122921,57.22,0,60.05,0.0,1000.0,0.0,4.199,89.2,99,0,60.0,2026-05-02T00:30:38.116215,4.21
2026-05-02T00:29:38.274189,57.22,0,60.07,0.0,1000.0,0.0,4.199,89.2,99,0,60.0,2026-05-02T00:30:38.274004,4.21
2026-05-02T00:29:38.335526,57.22,0,60.07,0.0,1000.0,0.0,4.199,89.2,99,0,60.0,2026-05-02T00:30:38.335358,4.21
2026-05-02T00:29:39.169538,57.27,0,60.11,0.0,1000.0,0.0,4.199,89.2,99,0,60.0,2026-05-02T00:30:39.169236,4.21
2026-05-02T00:29:39.248189,57.27,0,60.11,0.0,1000.0,0.0,4.199,89.2,99,0,60.0,2026-05-02T00:30:39.247914,4.21
2026-05-02T00:29:39.335250,57.27,0,60.12,0.0,1000.0,0.0,4.199,89.2,99,0,60.0,2026-05-02T00:30:39.334978,4.21
2026-05-02T00:29:40.239823,57.32,0,60.16,0.0,1000.0,0.0,4.199,89.2,99,0,60.0,2026-05-02T00:30:40.239621,4.21
2026-05-02T00:29:40.301214,57.32,0,60.16,0.0,1000.0,0.0,4.199,89.1,99,0,60.0,2026-05-02T00:30:40.301039,4.21
2026-05-02T00:29:40.365598,57.32,0,60.17,0.0,1000.0,0.0,4.199,89.1,99,0,60.0,2026-05-02T00:30:40.365402,4.21
2026-05-02T00:29:41.273054,57.36,0,60.2,0.0,1000.0,0.0,4.199,89.1,99,0,60.0,2026-05-02T00:30:41.272892,4.21
2026-05-02T00:29:41.337072,57.36,0,60.21,0.0,1000.0,0.0,4.199,89.1,99,0,60.0,2026-05-02T00:30:41.336890,4.21
2026-05-02T00:29:42.361004,57.36,0,60.24,0.0,1000.0,0.0,4.199,89.1,99,0,60.0,2026-05-02T00:30:42.359854,4.21
2026-05-02T00:29:42.523502,57.42,0,60.26,0.0,1000.0,0.0,4.199,89.1,99,0,60.0,2026-05-02T00:30:42.522925,4.21
2026-05-02T00:29:42.626103,57.42,0,60.27,0.0,1000.0,0.0,4.199,89.1,99,0,60.0,2026-05-02T00:30:42.625789,4.21
2026-05-02T00:29:43.354454,57.47,0,60.3,0.0,1000.0,0.0,4.199,89.1,99,0,60.0,2026-05-02T00:30:43.354268,4.21
2026-05-02T00:29:43.418854,57.47,0,60.31,0.0,1000.0,0.0,4.199,89.1,99,0,60.0,2026-05-02T00:30:43.418681,4.21
2026-05-02T00:29:43.482154,57.47,0,60.32,0.0,1000.0,0.0,4.199,89.1,99,0,60.0,2026-05-02T00:30:43.481952,4.21
2026-05-02T00:29:44.400419,57.52,0,60.36,0.0,1000.0,0.0,4.199,89.1,99,0,60.0,2026-05-02T00:30:44.400223,4.21
2026-05-02T00:29:44.468754,57.52,0,60.37,0.0,1000.0,0.0,4.199,89.1,99,0,60.0,2026-05-02T00:30:44.468551,4.21
2026-05-02T00:29:44.541170,57.52,0,60.37,0.0,1000.0,0.0,4.199,89.1,99,0,60.0,2026-05-02T00:30:44.540936,4.21
2026-05-02T00:29:45.462718,57.57,0,60.41,0.0,1000.0,0.0,4.199,89.1,99,0,60.0,2026-05-02T00:30:45.462546,4.21
2026-05-02T00:29:45.525127,57.57,0,60.42,0.0,1000.0,0.0,4.199,89.1,99,0,60.0,2026-05-02T00:30:45.524948,4.21
2026-05-02T00:29:45.586368,57.57,0,60.42,0.0,1000.0,0.0,4.199,89.1,99,0,60.0,2026-05-02T00:30:45.586165,4.21
2026-05-02T00:29:46.526144,57.61,0,60.46,0.0,1000.0,0.0,4.199,89.0,99,0,60.0,2026-05-02T00:30:46.525953,4.21
2026-05-02T00:29:46.596058,57.61,0,60.46,0.0,1000.0,0.0,4.199,89.0,99,0,60.0,2026-05-02T00:30:46.595869,4.21
2026-05-02T00:29:47.531012,57.61,0,60.5,0.0,1000.0,0.0,4.199,89.0,99,0,60.0,2026-05-02T00:30:47.530821,4.21
2026-05-02T00:29:47.600334,57.66,0,60.51,0.0,1000.0,0.0,4.199,89.0,99,0,60.0,2026-05-02T00:30:47.600056,4.21
2026-05-02T00:29:47.662069,57.66,0,60.51,0.0,1000.0,0.0,4.199,89.0,99,0,60.0,2026-05-02T00:30:47.661896,4.21
2026-05-02T00:29:48.590210,57.71,0,60.55,0.0,1000.0,0.0,4.199,89.0,99,0,60.0,2026-05-02T00:30:48.590007,4.21
2026-05-02T00:29:48.664623,57.71,0,60.55,0.0,1000.0,0.0,4.199,89.0,99,0,60.0,2026-05-02T00:30:48.664399,4.21
2026-05-02T00:29:48.744135,57.71,0,60.56,0.0,1000.0,0.0,4.199,89.0,99,0,60.0,2026-05-02T00:30:48.743900,4.21
2026-05-02T00:29:49.668376,57.77,0,60.6,0.0,1000.0,0.0,4.199,89.0,99,0,60.0,2026-05-02T00:30:49.668094,4.21
2026-05-02T00:29:49.776240,57.77,0,60.61,0.0,1000.0,0.0,4.199,89.0,99,0,60.0,2026-05-02T00:30:49.775962,4.21
2026-05-02T00:29:49.881768,57.77,0,60.62,0.0,1000.0,0.0,4.199,89.0,99,0,60.0,2026-05-02T00:30:49.881440,4.21
2026-05-02T00:29:50.700700,57.81,0,60.65,0.0,1000.0,0.0,4.199,89.0,99,0,60.0,2026-05-02T00:30:50.700494,4.21
2026-05-02T00:29:50.765156,57.81,0,60.66,0.0,1000.0,0.0,4.199,89.0,99,0,60.0,2026-05-02T00:30:50.764951,4.21
2026-05-02T00:29:50.828513,57.81,0,60.66,0.0,1000.0,0.0,4.199,89.0,99,0,60.0,2026-05-02T00:30:50.828339,4.21
2026-05-02T00:29:51.767085,57.85,0,60.7,0.0,1000.0,0.0,4.199,89.0,99,0,60.0,2026-05-02T00:30:51.766783,4.21
2026-05-02T00:29:51.879218,57.85,0,60.7,0.0,1000.0,0.0,4.199,89.0,99,0,60.0,2026-05-02T00:30:51.878832,4.21
2026-05-02T00:29:52.770052,57.85,0,60.73,0.0,1000.0,0.0,4.199,89.0,99,0,60.0,2026-05-02T00:30:52.769842,4.21
2026-05-02T00:29:52.833822,57.89,0,60.74,0.0,1000.0,0.0,4.199,89.0,99,0,60.0,2026-05-02T00:30:52.833634,4.21
2026-05-02T00:29:52.896307,57.89,0,60.74,0.0,1000.0,0.0,4.199,89.0,99,0,60.0,2026-05-02T00:30:52.896132,4.21
2026-05-02T00:29:53.825120,57.93,0,60.78,0.0,1000.0,0.0,4.199,88.9,99,0,60.0,2026-05-02T00:30:53.824898,4.21
2026-05-02T00:29:53.889934,57.93,0,60.78,0.0,1000.0,0.0,4.199,88.9,99,0,60.0,2026-05-02T00:30:53.889741,4.21
2026-05-02T00:29:53.961948,57.93,0,60.78,0.0,1000.0,0.0,4.199,88.9,99,0,60.0,2026-05-02T00:30:53.961775,4.21
2026-05-02T00:29:54.888460,57.98,0,60.82,0.0,1000.0,0.0,4.199,88.9,99,0,60.0,2026-05-02T00:30:54.888257,4.21
2026-05-02T00:29:54.970133,57.98,0,60.83,0.0,1000.0,0.0,4.199,88.9,99,0,60.0,2026-05-02T00:30:54.969914,4.21
2026-05-02T00:29:55.072994,57.98,0,60.83,0.0,1000.0,0.0,4.199,88.9,99,0,60.0,2026-05-02T00:30:55.072767,4.21
2026-05-02T00:29:55.943687,58.03,0,60.87,0.0,1000.0,0.0,4.199,88.9,99,0,60.0,2026-05-02T00:30:55.943478,4.21
2026-05-02T00:29:56.018404,58.03,0,60.88,0.0,1000.0,0.0,4.199,88.9,99,0,60.0,2026-05-02T00:30:56.018206,4.21
2026-05-02T00:29:56.093539,58.03,0,60.88,0.0,1000.0,0.0,4.199,88.9,99,0,60.0,2026-05-02T00:30:56.092386,4.21
2026-05-02T00:29:57.004918,58.08,0,60.93,0.0,1000.0,0.0,4.199,88.9,99,0,60.0,2026-05-02T00:30:57.004747,4.21
2026-05-02T00:29:57.070364,58.08,0,60.93,0.0,1000.0,0.0,4.199,88.9,99,0,60.0,2026-05-02T00:30:57.070214,4.21
2026-05-02T00:29:58.007727,58.08,0,60.97,0.0,1000.0,0.0,4.199,88.9,99,0,60.0,2026-05-02T00:30:58.007546,4.21
2026-05-02T00:29:58.072482,58.14,0,60.98,0.0,1000.0,0.0,4.199,88.9,99,0,60.0,2026-05-02T00:30:58.072344,4.21
2026-05-02T00:29:58.237694,58.14,0,60.99,0.0,1000.0,0.0,4.199,88.9,99,0,60.0,2026-05-02T00:30:58.225509,4.21
2026-05-02T00:29:59.062446,58.2,0,61.03,0.0,1000.0,0.0,4.199,88.8,99,0,60.0,2026-05-02T00:30:59.062269,4.21
2026-05-02T00:29:59.127506,58.2,0,61.04,0.0,1000.0,0.0,4.199,88.8,99,0,60.0,2026-05-02T00:30:59.127375,4.21
2026-05-02T00:29:59.200608,58.2,0,61.04,0.0,1000.0,0.0,4.199,88.8,99,0,60.0,2026-05-02T00:30:59.200423,4.21
2026-05-02T00:30:00.220706,58.27,0,61.08,0.0,1000.0,0.0,4.199,88.8,99,0,60.0,2026-05-02T00:31:00.201688,4.21
2026-05-02T00:30:00.551822,58.27,0,61.1,0.0,1000.0,0.0,4.199,88.8,99,0,60.0,2026-05-02T00:31:00.545099,4.21
2026-05-02T00:30:00.722678,58.27,0,61.11,0.0,1000.0,0.0,4.199,88.8,99,0,60.0,2026-05-02T00:31:00.721373,4.21
2026-05-02T00:30:01.175218,58.32,0,61.14,0.0,1000.0,0.0,4.199,88.8,99,0,60.0,2026-05-02T00:31:01.175017,4.21
2026-05-02T00:30:01.250276,58.32,0,61.15,0.0,1000.0,0.0,4.199,88.8,99,0,60.0,2026-05-02T00:31:01.249918,4.21
2026-05-02T00:30:01.374219,58.32,0,61.15,0.0,1000.0,0.0,4.199,88.8,99,0,60.0,2026-05-02T00:31:01.373867,4.21
2026-05-02T00:30:02.361557,58.38,0,61.21,0.0,1000.0,0.0,4.199,88.8,99,0,60.0,2026-05-02T00:31:02.361244,4.21
2026-05-02T00:30:02.466639,58.38,0,61.22,0.0,1000.0,0.0,4.199,88.8,99,0,60.0,2026-05-02T00:31:02.466360,4.21
2026-05-02T00:30:03.245129,58.38,0,61.25,0.0,1000.0,0.0,4.199,88.8,99,0,60.0,2026-05-02T00:31:03.244941,4.21
2026-05-02T00:30:03.312230,58.44,0,61.27,0.0,1000.0,0.0,4.199,88.8,99,0,60.0,2026-05-02T00:31:03.312043,4.21
2026-05-02T00:30:03.384950,58.44,0,61.27,0.0,1000.0,0.0,4.199,88.8,99,0,60.0,2026-05-02T00:31:03.384753,4.21
2026-05-02T00:30:04.299769,58.48,0,61.31,0.0,1000.0,0.0,4.199,88.8,99,0,60.0,2026-05-02T00:31:04.299475,4.21
2026-05-02T00:30:04.383756,58.48,0,61.32,0.0,1000.0,0.0,4.199,88.8,99,0,60.0,2026-05-02T00:31:04.383538,4.21
2026-05-02T00:30:04.457929,58.48,0,61.32,0.0,1000.0,0.0,4.199,88.8,99,0,60.0,2026-05-02T00:31:04.457732,4.21
2026-05-02T00:30:05.365241,58.54,0,61.36,0.0,1000.0,0.0,4.199,88.7,99,0,60.0,2026-05-02T00:31:05.364977,4.211
2026-05-02T00:30:05.451340,58.54,0,61.38,0.0,1000.0,0.0,4.199,88.7,99,0,60.0,2026-05-02T00:31:05.451035,4.211
2026-05-02T00:30:05.568837,58.54,0,61.38,0.0,1000.0,0.0,4.199,88.7,99,0,60.0,2026-05-02T00:31:05.568391,4.211
2026-05-02T00:30:06.436224,58.59,0,61.42,0.0,1000.0,0.0,4.199,88.7,99,0,60.0,2026-05-02T00:31:06.435820,4.211
2026-05-02T00:30:06.523540,58.59,0,61.43,0.0,1000.0,0.0,4.199,88.7,99,0,60.0,2026-05-02T00:31:06.523318,4.211
2026-05-02T00:30:06.624021,58.59,0,61.44,0.0,1000.0,0.0,4.199,88.7,99,0,60.0,2026-05-02T00:31:06.623779,4.211
2026-05-02T00:30:07.468909,58.64,0,61.47,0.0,1000.0,0.0,4.199,88.7,99,0,60.0,2026-05-02T00:31:07.468721,4.211
2026-05-02T00:30:07.532510,58.64,0,61.48,0.0,1000.0,0.0,4.199,88.7,99,0,60.0,2026-05-02T00:31:07.532304,4.211
2026-05-02T00:30:08.485151,58.64,0,61.51,0.0,1000.0,0.0,4.199,88.7,99,0,60.0,2026-05-02T00:31:08.484945,4.211
2026-05-02T00:30:08.558010,58.67,0,61.51,0.0,1000.0,0.0,4.199,88.7,99,0,60.0,2026-05-02T00:31:08.557810,4.211
2026-05-02T00:30:08.638749,58.67,0,61.51,0.0,1000.0,0.0,4.199,88.7,99,0,60.0,2026-05-02T00:31:08.638522,4.211
2026-05-02T00:30:09.539312,58.7,0,61.54,0.0,1000.0,0.0,4.199,88.7,99,0,60.0,2026-05-02T00:31:09.539129,4.211
2026-05-02T00:30:09.609432,58.7,0,61.54,0.0,1000.0,0.0,4.199,88.7,99,0,60.0,2026-05-02T00:31:09.609235,4.211
2026-05-02T00:30:09.686418,58.7,0,61.54,0.0,1000.0,0.0,4.199,88.7,99,0,60.0,2026-05-02T00:31:09.686208,4.211
2026-05-02T00:30:10.642170,58.74,0,61.58,0.0,1000.0,0.0,4.199,88.7,99,0,60.0,2026-05-02T00:31:10.641711,4.211
2026-05-02T00:30:10.749443,58.74,0,61.58,0.0,1000.0,0.0,4.199,88.7,99,0,60.0,2026-05-02T00:31:10.749072,4.211
2026-05-02T00:30:10.856299,58.74,0,61.58,0.0,1000.0,0.0,4.199,88.7,99,0,60.0,2026-05-02T00:31:10.856063,4.211
2026-05-02T00:30:11.649281,58.77,0,61.61,0.0,1000.0,0.0,4.199,88.7,99,0,60.0,2026-05-02T00:31:11.649055,4.211
2026-05-02T00:30:11.710012,58.77,0,61.61,0.0,1000.0,0.0,4.199,88.7,99,0,60.0,2026-05-02T00:31:11.709842,4.211
2026-05-02T00:30:11.773273,58.77,0,61.61,0.0,1000.0,0.0,4.199,88.7,99,0,60.0,2026-05-02T00:31:11.773110,4.211
2026-05-02T00:30:12.705971,58.79,0,61.64,0.0,1000.0,0.0,4.199,88.7,99,0,60.0,2026-05-02T00:31:12.705781,4.211
2026-05-02T00:30:12.779487,58.79,0,61.64,0.0,1000.0,0.0,4.199,88.7,99,0,60.0,2026-05-02T00:31:12.779320,4.211
2026-05-02T00:30:13.721598,58.79,0,61.67,0.0,1000.0,0.0,4.199,88.7,99,0,60.0,2026-05-02T00:31:13.721224,4.211
2026-05-02T00:30:13.828567,58.82,0,61.67,0.0,1000.0,0.0,4.199,88.6,99,0,60.0,2026-05-02T00:31:13.828332,4.211
2026-05-02T00:30:13.931556,58.82,0,61.67,0.0,1000.0,0.0,4.199,88.6,99,0,60.0,2026-05-02T00:31:13.931278,4.211
2026-05-02T00:30:14.776847,58.85,0,61.7,0.0,1000.0,0.0,4.199,88.6,99,0,60.0,2026-05-02T00:31:14.776663,4.211
2026-05-02T00:30:14.842512,58.85,0,61.7,0.0,1000.0,0.0,4.199,88.6,99,0,60.0,2026-05-02T00:31:14.842335,4.211
2026-05-02T00:30:14.907115,58.85,0,61.7,0.0,1000.0,0.0,4.199,88.6,99,0,60.0,2026-05-02T00:31:14.906955,4.211
2026-05-02T00:30:15.916186,58.91,0,61.74,0.0,1000.0,0.0,4.199,88.6,99,0,60.0,2026-05-02T00:31:15.915689,4.211
2026-05-02T00:30:16.354570,58.91,0,61.75,0.0,1000.0,0.0,4.199,88.6,99,0,60.0,2026-05-02T00:31:16.348142,4.211
2026-05-02T00:30:16.614662,58.91,0,61.76,0.0,1000.0,0.0,4.199,88.6,99,0,60.0,2026-05-02T00:31:16.614206,4.211
2026-05-02T00:30:16.882510,58.94,0,61.78,0.0,1000.0,0.0,4.199,88.6,99,0,60.0,2026-05-02T00:31:16.882283,4.211
2026-05-02T00:30:16.955931,58.94,0,61.78,0.0,1000.0,0.0,4.199,88.6,99,0,60.0,2026-05-02T00:31:16.955706,4.211
2026-05-02T00:30:17.036913,58.94,0,61.78,0.0,1000.0,0.0,4.199,88.6,99,0,60.0,2026-05-02T00:31:17.036690,4.211
2026-05-02T00:30:17.944768,58.99,0,61.83,0.0,1000.0,0.0,4.199,88.6,99,0,60.0,2026-05-02T00:31:17.944584,4.211
2026-05-02T00:30:18.019482,58.99,0,61.83,0.0,1000.0,0.0,4.199,88.6,99,0,60.0,2026-05-02T00:31:18.019278,4.211
2026-05-02T00:30:18.956045,58.99,0,61.87,0.0,1000.0,0.0,4.199,88.6,99,0,60.0,2026-05-02T00:31:18.955869,4.211
2026-05-02T00:30:19.019771,59.02,0,61.87,0.0,1000.0,0.0,4.199,88.6,99,0,60.0,2026-05-02T00:31:19.019592,4.211
2026-05-02T00:30:19.082884,59.02,0,61.87,0.0,1000.0,0.0,4.199,88.6,99,0,60.0,2026-05-02T00:31:19.082701,4.211
2026-05-02T00:30:20.010221,59.06,0,61.9,0.0,1000.0,0.0,4.199,88.6,99,0,60.0,2026-05-02T00:31:20.010040,4.211
2026-05-02T00:30:20.074911,59.06,0,61.91,0.0,1000.0,0.0,4.199,88.6,99,0,60.0,2026-05-02T00:31:20.074563,4.211
2026-05-02T00:30:20.260360,59.06,0,61.91,0.0,1000.0,0.0,4.199,88.6,99,0,60.0,2026-05-02T00:31:20.260180,4.211
2026-05-02T00:30:21.160306,59.11,0,61.94,0.0,1000.0,0.0,4.199,88.5,99,0,60.0,2026-05-02T00:31:21.159982,4.211
2026-05-02T00:30:21.364891,59.11,0,61.95,0.0,1000.0,0.0,4.199,88.5,99,0,60.0,2026-05-02T00:31:21.363513,4.211
2026-05-02T00:30:21.515888,59.11,0,61.95,0.0,1000.0,0.0,4.199,88.5,99,0,60.0,2026-05-02T00:31:21.513290,4.211
2026-05-02T00:30:22.161201,59.15,0,61.98,0.0,1000.0,0.0,4.199,88.5,99,0,60.0,2026-05-02T00:31:22.143333,4.211
2026-05-02T00:30:22.284302,59.15,0,61.99,0.0,1000.0,0.0,4.199,88.5,99,0,60.0,2026-05-02T00:31:22.284130,4.211
2026-05-02T00:30:22.347462,59.15,0,61.99,0.0,1000.0,0.0,4.199,88.5,99,0,60.0,2026-05-02T00:31:22.347067,4.211
2026-05-02T00:30:23.178521,59.19,0,62.02,0.0,1000.0,0.0,4.199,88.5,99,0,60.0,2026-05-02T00:31:23.178339,4.211
2026-05-02T00:30:23.241796,59.19,0,62.03,0.0,1000.0,0.0,4.199,88.5,99,0,60.0,2026-05-02T00:31:23.241606,4.211
2026-05-02T00:30:24.220858,59.19,0,62.06,0.0,1000.0,0.0,4.199,88.5,99,0,60.0,2026-05-02T00:31:24.220702,4.211
2026-05-02T00:30:24.284734,59.24,0,62.07,0.0,1000.0,0.0,4.199,88.5,99,0,60.0,2026-05-02T00:31:24.284561,4.211
2026-05-02T00:30:24.349283,59.24,0,62.08,0.0,1000.0,0.0,4.199,88.5,99,0,60.0,2026-05-02T00:31:24.349047,4.211
2026-05-02T00:30:25.250564,59.28,0,62.1,0.0,1000.0,0.0,4.199,88.5,99,0,60.0,2026-05-02T00:31:25.250347,4.211
2026-05-02T00:30:25.313210,59.28,0,62.11,0.0,1000.0,0.0,4.199,88.5,99,0,60.0,2026-05-02T00:31:25.313043,4.211
2026-05-02T00:30:25.376371,59.28,0,62.11,0.0,1000.0,0.0,4.199,88.5,99,0,60.0,2026-05-02T00:31:25.376202,4.211
2026-05-02T00:30:26.304116,59.32,0,62.15,0.0,1000.0,0.0,4.199,88.5,99,0,60.0,2026-05-02T00:31:26.303901,4.211
2026-05-02T00:30:26.377311,59.32,0,62.15,0.0,1000.0,0.0,4.199,88.5,99,0,60.0,2026-05-02T00:31:26.377152,4.211
2026-05-02T00:30:26.452756,59.32,0,62.15,0.0,1000.0,0.0,4.199,88.5,99,0,60.0,2026-05-02T00:31:26.452447,4.211
2026-05-02T00:30:27.359562,59.38,0,62.2,0.0,1000.0,0.0,4.199,88.5,99,0,60.0,2026-05-02T00:31:27.359392,4.211
2026-05-02T00:30:27.422843,59.38,0,62.2,0.0,1000.0,0.0,4.199,88.5,99,0,60.0,2026-05-02T00:31:27.422683,4.211
2026-05-02T00:30:27.486172,59.38,0,62.21,0.0,1000.0,0.0,4.199,88.5,99,0,60.0,2026-05-02T00:31:27.486005,4.211
2026-05-02T00:30:28.415611,59.41,0,62.24,0.0,1000.0,0.0,4.199,88.4,99,0,60.0,2026-05-02T00:31:28.415370,4.211
2026-05-02T00:30:28.498315,59.41,0,62.25,0.0,1000.0,0.0,4.199,88.4,99,0,60.0,2026-05-02T00:31:28.498049,4.211
2026-05-02T00:30:29.443471,59.41,0,62.28,0.0,1000.0,0.0,4.199,88.4,99,0,60.0,2026-05-02T00:31:29.443216,4.211
2026-05-02T00:30:29.547837,59.45,0,62.28,0.0,1000.0,0.0,4.199,88.4,99,0,60.0,2026-05-02T00:31:29.546780,4.211
2026-05-02T00:30:29.726361,59.45,0,62.29,0.0,1000.0,0.0,4.199,88.4,99,0,60.0,2026-05-02T00:31:29.726038,4.211
2026-05-02T00:30:30.488522,59.5,0,62.32,0.0,1000.0,0.0,4.199,88.4,99,0,60.0,2026-05-02T00:31:30.488332,4.211
2026-05-02T00:30:30.561023,59.5,0,62.33,0.0,1000.0,0.0,4.199,88.4,99,0,60.0,2026-05-02T00:31:30.560837,4.211
2026-05-02T00:30:30.634105,59.5,0,62.33,0.0,1000.0,0.0,4.199,88.4,99,0,60.0,2026-05-02T00:31:30.633909,4.211
2026-05-02T00:30:31.878396,59.54,0,62.38,0.0,1000.0,0.0,4.199,88.4,99,0,60.0,2026-05-02T00:31:31.877406,4.211
2026-05-02T00:30:33.133140,59.54,0,62.41,0.0,1000.0,0.0,4.199,88.4,99,0,60.0,2026-05-02T00:31:33.125984,4.211
2026-05-02T00:30:33.500106,59.54,0,62.4,0.0,1000.0,0.0,4.199,88.4,99,0,60.0,2026-05-02T00:31:33.498153,4.211
2026-05-02T00:30:33.645577,59.6,0,62.41,0.0,1000.0,0.0,4.199,88.4,99,0,60.0,2026-05-02T00:31:33.645028,4.211
2026-05-02T00:30:33.758205,59.6,0,62.42,0.0,1000.0,0.0,4.199,88.4,99,0,60.0,2026-05-02T00:31:33.757916,4.211
2026-05-02T00:30:33.870513,59.6,0,62.43,0.0,1000.0,0.0,4.199,88.4,99,0,60.0,2026-05-02T00:31:33.870233,4.211
2026-05-02T00:30:33.982776,59.65,0,62.44,0.0,1000.0,0.0,4.199,88.4,99,0,60.0,2026-05-02T00:31:33.982218,4.211
2026-05-02T00:30:34.134485,59.65,0,62.46,0.0,1000.0,0.0,4.199,88.4,99,0,60.0,2026-05-02T00:31:34.134036,4.211
2026-05-02T00:30:34.662977,59.65,0,62.49,0.0,1000.0,0.0,4.199,88.4,99,0,60.0,2026-05-02T00:31:34.662778,4.211
2026-05-02T00:30:34.739729,59.69,0,62.5,0.0,1000.0,0.0,4.199,88.3,99,0,60.0,2026-05-02T00:31:34.739541,4.211
2026-05-02T00:30:34.812458,59.69,0,62.51,0.0,1000.0,0.0,4.199,88.3,99,0,60.0,2026-05-02T00:31:34.812286,4.211
2026-05-02T00:30:35.722237,59.74,0,62.55,0.0,1000.0,0.0,4.199,88.3,99,0,60.0,2026-05-02T00:31:35.722067,4.211
2026-05-02T00:30:35.784709,59.74,0,62.56,0.0,1000.0,0.0,4.199,88.3,99,0,60.0,2026-05-02T00:31:35.784507,4.211
2026-05-02T00:30:35.856758,59.74,0,62.57,0.0,1000.0,0.0,4.199,88.3,99,0,60.0,2026-05-02T00:31:35.856588,4.211
2026-05-02T00:30:36.807489,59.81,0,62.61,0.0,1000.0,0.0,4.199,88.3,99,0,60.0,2026-05-02T00:31:36.807199,4.211
2026-05-02T00:30:36.914371,59.81,0,62.63,0.0,1000.0,0.0,4.199,88.3,99,0,60.0,2026-05-02T00:31:36.914057,4.211
2026-05-02T00:30:37.027672,59.81,0,62.64,0.0,1000.0,0.0,4.199,88.3,99,0,60.0,2026-05-02T00:31:37.027321,4.211
2026-05-02T00:30:37.840835,59.85,0,62.67,0.0,1000.0,0.0,4.199,88.3,99,0,60.0,2026-05-02T00:31:37.840643,4.211
2026-05-02T00:30:37.913202,59.85,0,62.68,0.0,1000.0,0.0,4.199,88.3,99,0,60.0,2026-05-02T00:31:37.913040,4.211
2026-05-02T00:30:37.989183,59.85,0,62.68,0.0,1000.0,0.0,4.199,88.3,99,0,60.0,2026-05-02T00:31:37.988971,4.211
2026-05-02T00:30:38.890729,59.92,0,62.73,0.0,1000.0,0.0,4.199,88.3,99,0,60.0,2026-05-02T00:31:38.890559,4.211
2026-05-02T00:30:38.953666,59.92,0,62.74,0.0,1000.0,0.0,4.199,88.3,99,0,60.0,2026-05-02T00:31:38.953434,4.211
2026-05-02T00:30:39.904904,59.92,0,62.78,0.0,1000.0,0.0,4.199,88.3,99,0,60.0,2026-05-02T00:31:39.904731,4.211
2026-05-02T00:30:39.969756,59.97,0,62.8,0.0,1000.0,0.0,4.199,88.3,99,0,60.0,2026-05-02T00:31:39.969584,4.211
2026-05-02T00:30:40.033817,59.97,0,62.8,0.0,1000.0,0.0,4.199,88.3,99,0,60.0,2026-05-02T00:31:40.033596,4.211
2026-05-02T00:30:40.961548,60.05,0,62.84,0.0,1000.0,0.0,4.199,88.2,99,0,60.0,2026-05-02T00:31:40.961349,4.211
2026-05-02T00:30:41.024248,60.05,0,62.86,0.0,1000.0,0.0,4.199,88.2,99,0,60.0,2026-05-02T00:31:41.024027,4.211
2026-05-02T00:30:41.094135,60.05,0,62.87,0.0,1000.0,0.0,4.199,88.2,99,0,60.0,2026-05-02T00:31:41.093950,4.211
2026-05-02T00:30:42.184436,60.11,0,62.92,0.0,1000.0,0.0,4.199,88.2,99,0,60.0,2026-05-02T00:31:42.184183,4.211
2026-05-02T00:30:42.485824,60.11,0,62.94,0.0,1000.0,0.0,4.199,88.2,99,0,60.0,2026-05-02T00:31:42.479018,4.211
2026-05-02T00:30:42.721382,60.11,0,62.95,0.0,1000.0,0.0,4.199,88.2,99,0,60.0,2026-05-02T00:31:42.720867,4.211
2026-05-02T00:30:43.080124,60.14,0,62.96,0.0,1000.0,0.0,4.199,88.2,99,0,60.0,2026-05-02T00:31:43.079713,4.211
2026-05-02T00:30:43.153735,60.14,0,62.97,0.0,1000.0,0.0,4.199,88.2,99,0,60.0,2026-05-02T00:31:43.153553,4.211
2026-05-02T00:30:43.226286,60.14,0,62.97,0.0,1000.0,0.0,4.199,88.2,99,0,60.0,2026-05-02T00:31:43.226111,4.211
2026-05-02T00:30:44.233385,60.18,0,63.01,0.0,1000.0,0.0,4.199,88.2,99,0,60.0,2026-05-02T00:31:44.203576,4.211
2026-05-02T00:30:44.385378,60.18,0,63.01,0.0,1000.0,0.0,4.199,88.2,99,0,60.0,2026-05-02T00:31:44.385046,4.211
2026-05-02T00:30:45.143008,60.18,0,63.04,0.0,1000.0,0.0,4.199,88.2,99,0,60.0,2026-05-02T00:31:45.142788,4.211
2026-05-02T00:30:45.205532,60.23,0,63.05,0.0,1000.0,0.0,4.199,88.2,99,0,60.0,2026-05-02T00:31:45.205367,4.211
2026-05-02T00:30:45.268224,60.23,0,63.06,0.0,1000.0,0.0,4.199,88.2,99,0,60.0,2026-05-02T00:31:45.268061,4.211
2026-05-02T00:30:46.259221,60.28,0,63.1,0.0,1000.0,0.0,4.199,88.1,99,0,60.0,2026-05-02T00:31:46.259035,4.211
2026-05-02T00:30:46.335380,60.28,0,63.11,0.0,1000.0,0.0,4.199,88.1,99,0,60.0,2026-05-02T00:31:46.335164,4.211
2026-05-02T00:30:46.430851,60.28,0,63.11,0.0,1000.0,0.0,4.199,88.1,99,0,60.0,2026-05-02T00:31:46.430401,4.211
2026-05-02T00:30:47.256912,60.36,0,63.15,0.0,1000.0,0.0,4.199,88.1,99,0,60.0,2026-05-02T00:31:47.256725,4.211
2026-05-02T00:30:47.354233,60.36,0,63.16,0.0,1000.0,0.0,4.199,88.1,99,0,60.0,2026-05-02T00:31:47.353916,4.211
2026-05-02T00:30:47.523780,60.36,0,63.17,0.0006,1000.0,0.0,4.199,88.1,99,0,60.0,2026-05-02T00:31:47.523192,4.211
2026-05-02T00:30:48.305086,60.4,0,63.21,0.0006,1000.0,0.0,4.199,88.1,99,0,60.0,2026-05-02T00:31:48.304907,4.211
2026-05-02T00:30:48.387357,60.4,0,63.22,0.0009,1000.0,0.0,4.199,88.1,99,0,60.0,2026-05-02T00:31:48.387125,4.211
2026-05-02T00:30:48.539467,60.4,0,63.22,0.0011,1000.0,0.0,4.199,88.1,99,0,60.0,2026-05-02T00:31:48.536496,4.211
2026-05-02T00:30:49.365108,60.45,0,63.27,0.0001,1000.0,0.0,4.199,88.1,99,0,60.0,2026-05-02T00:31:49.364800,4.211
2026-05-02T00:30:49.439488,60.45,0,63.27,0.0,1000.0,0.0,4.199,88.1,99,0,60.0,2026-05-02T00:31:49.439302,4.211
2026-05-02T00:30:50.372708,60.45,0,63.31,0.0,1000.0,0.0,4.199,88.1,99,0,60.0,2026-05-02T00:31:50.372511,4.211
2026-05-02T00:30:50.444413,60.51,0,63.32,0.0,1000.0,0.0,4.199,88.1,99,0,60.0,2026-05-02T00:31:50.444215,4.211
2026-05-02T00:30:50.516614,60.51,0,63.32,0.0,1000.0,0.0,4.199,88.1,99,0,60.0,2026-05-02T00:31:50.516421,4.211
2026-05-02T00:30:51.434776,60.58,0,63.37,0.0001,1000.0,0.0,4.199,88.0,99,0,60.0,2026-05-02T00:31:51.434549,4.211
2026-05-02T00:30:51.498380,60.58,0,63.38,0.0007,1000.0,0.0,4.199,88.0,99,0,60.0,2026-05-02T00:31:51.498115,4.211
2026-05-02T00:30:51.559854,60.58,0,63.39,0.0016,1000.0,0.0,4.199,88.0,99,0,60.0,2026-05-02T00:31:51.559677,4.211
2026-05-02T00:30:52.523683,60.61,0,63.43,0.0023,1000.0,0.0,4.199,88.0,99,0,60.0,2026-05-02T00:31:52.523230,4.211
2026-05-02T00:30:52.627207,60.61,0,63.43,0.002,1000.0,0.0,4.199,88.0,99,0,60.0,2026-05-02T00:31:52.626878,4.211
2026-05-02T00:30:52.732477,60.61,0,63.43,0.0018,1000.0,0.0,4.199,88.0,99,0,60.0,2026-05-02T00:31:52.732228,4.211
2026-05-02T00:30:53.542382,60.66,0,63.47,0.001,1000.0,0.0,4.199,88.0,99,0,60.0,2026-05-02T00:31:53.542190,4.211
2026-05-02T00:30:53.605248,60.66,0,63.48,0.0016,1000.0,0.0,4.199,88.0,99,0,60.0,2026-05-02T00:31:53.605098,4.211
2026-05-02T00:30:53.670602,60.66,0,63.48,0.0019,1000.0,0.0,4.199,88.0,99,0,60.0,2026-05-02T00:31:53.670425,4.211
2026-05-02T00:30:54.615675,60.71,0,63.52,0.0022,1000.0,0.0,4.199,88.0,99,0,60.0,2026-05-02T00:31:54.615443,4.211
2026-05-02T00:30:54.698409,60.71,0,63.53,0.0034,1000.0,0.0,4.199,88.0,99,0,60.0,2026-05-02T00:31:54.698166,4.211
2026-05-02T00:30:55.615598,60.71,0,63.56,0.0044,1000.0,0.0,4.199,88.0,99,0,60.0,2026-05-02T00:31:55.615380,4.211
2026-05-02T00:30:55.677096,60.76,0,63.57,0.0043,1000.0,0.0,4.199,88.0,99,0,60.0,2026-05-02T00:31:55.676947,4.211
2026-05-02T00:30:55.741884,60.76,0,63.58,0.0047,1000.0,0.0,4.199,88.0,99,0,60.0,2026-05-02T00:31:55.741716,4.211
2026-05-02T00:30:56.670372,60.79,0,63.61,0.0051,1000.0,0.0,4.199,88.0,99,0,60.0,2026-05-02T00:31:56.670188,4.211
2026-05-02T00:30:56.735809,60.79,0,63.61,0.0021,1000.0,0.0,4.199,88.0,99,0,60.0,2026-05-02T00:31:56.735635,4.211
2026-05-02T00:30:56.804341,60.79,0,63.62,0.0005,1000.0,0.0,4.199,88.0,99,0,60.0,2026-05-02T00:31:56.804157,4.211
2026-05-02T00:30:57.730967,60.83,0,63.65,0.0,1000.0,0.0,4.199,88.0,99,0,60.0,2026-05-02T00:31:57.730643,4.211
2026-05-02T00:30:57.805707,60.83,0,63.65,0.0,1000.0,0.0,4.199,88.0,99,0,60.0,2026-05-02T00:31:57.805515,4.211
2026-05-02T00:30:57.910338,60.83,0,63.66,0.0,1000.0,0.0,4.199,88.0,99,0,60.0,2026-05-02T00:31:57.910048,4.211
2026-05-02T00:30:58.783773,60.88,0,63.69,0.0,1000.0,0.0,4.199,87.9,99,0,60.0,2026-05-02T00:31:58.783532,4.211
2026-05-02T00:30:58.846812,60.88,0,63.7,0.0,1000.0,0.0,4.199,87.9,99,0,60.0,2026-05-02T00:31:58.846528,4.211
2026-05-02T00:30:58.910123,60.88,0,63.7,0.0,1000.0,0.0,4.199,87.9,99,0,60.0,2026-05-02T00:31:58.909960,4.211
2026-05-02T00:30:59.837118,60.92,0,63.74,0.0,1000.0,0.0,4.199,87.9,99,0,60.0,2026-05-02T00:31:59.836944,4.211
2026-05-02T00:30:59.900371,60.92,0,63.74,0.0001,1000.0,0.0,4.199,87.9,99,0,60.0,2026-05-02T00:31:59.900188,4.211
2026-05-02T00:31:00.856776,60.92,0,63.78,0.0006,1000.0,0.0,4.199,87.9,99,0,60.0,2026-05-02T00:32:00.856588,4.211
2026-05-02T00:31:00.931267,60.94,0.0034,63.77,0.0034,1000.0,0.0,4.199,87.9,99,0,60.0,2026-05-02T00:32:00.931062,4.211
2026-05-02T00:31:01.018874,60.94,0.0034,63.77,0.0069,1000.0,0.0,4.199,87.9,99,0,60.0,2026-05-02T00:32:01.018641,4.211
2026-05-02T00:31:01.910975,61.01,0.0034,63.81,0.0097,1000.0,0.0,4.199,87.9,99,0,60.0,2026-05-02T00:32:01.910782,4.211
2026-05-02T00:31:02.004021,61.01,0,63.82,0.008,1000.0,0.0,4.199,87.9,99,0,60.0,2026-05-02T00:32:02.003764,4.211
2026-05-02T00:31:02.119465,61.01,0,63.82,0.0073,1000.0,0.0,4.199,87.9,99,0,60.0,2026-05-02T00:32:02.119189,4.211
2026-05-02T00:31:02.968653,61.05,0,63.86,0.0064,1000.0,0.0,4.199,87.9,99,0,60.0,2026-05-02T00:32:02.968401,4.211
2026-05-02T00:31:03.031801,61.05,0,63.87,0.0051,1000.0,0.0,4.199,87.9,99,0,60.0,2026-05-02T00:32:03.031578,4.211
2026-05-02T00:31:03.096244,61.05,0,63.87,0.0046,1000.0,0.0,4.199,87.9,99,0,60.0,2026-05-02T00:32:03.096066,4.211
2026-05-02T00:31:04.026957,61.1,0,63.91,0.0041,1000.0,0.0,4.199,87.9,99,0,60.0,2026-05-02T00:32:04.026749,4.211
2026-05-02T00:31:04.102423,61.1,0,63.92,0.004,1000.0,0.0,4.199,87.9,99,0,60.0,2026-05-02T00:32:04.102231,4.211
2026-05-02T00:31:04.434750,61.1,0,63.93,0.004,1000.0,0.0,4.199,87.9,99,0,60.0,2026-05-02T00:32:04.434410,4.211
2026-05-02T00:31:05.078632,61.13,0,63.95,0.0044,1000.0,0.0,4.199,87.9,99,0,60.0,2026-05-02T00:32:05.078455,4.211
2026-05-02T00:31:05.142081,61.13,0,63.95,0.0058,1000.0,0.0,4.199,87.9,99,0,60.0,2026-05-02T00:32:05.141919,4.211
2026-05-02T00:31:06.098311,61.13,0,63.99,0.0069,1000.0,0.0,4.199,87.9,99,0,60.0,2026-05-02T00:32:06.098054,4.211
2026-05-02T00:31:06.289902,61.19,0.0033,64.0,0.0086,1000.0,0.0,4.199,87.8,99,0,60.0,2026-05-02T00:32:06.289650,4.211
2026-05-02T00:31:06.364990,61.19,0.0033,64.01,0.0102,1000.0,0.0,4.199,87.8,99,0,60.0,2026-05-02T00:32:06.364732,4.211
2026-05-02T00:31:07.148607,61.24,0.0033,64.04,0.0113,1000.0,0.0,4.199,87.8,99,0,60.0,2026-05-02T00:32:07.148381,4.211
2026-05-02T00:31:07.211239,61.24,0.0016,64.05,0.011,1000.0,0.0,4.199,87.8,99,0,60.0,2026-05-02T00:32:07.211072,4.211
2026-05-02T00:31:07.273727,61.24,0.0016,64.06,0.0109,1000.0,0.0,4.199,87.8,99,0,60.0,2026-05-02T00:32:07.273554,4.211
2026-05-02T00:31:08.240785,61.29,0,64.1,0.0104,1000.0,0.0,4.199,87.8,99,0,60.0,2026-05-02T00:32:08.240612,4.211
2026-05-02T00:31:08.309869,61.29,0.005,64.11,0.0116,1000.0,0.0,4.199,87.8,99,0,60.0,2026-05-02T00:32:08.309683,4.211
2026-05-02T00:31:08.380816,61.29,0.005,64.11,0.0125,1000.0,0.0,4.199,87.8,99,0,60.0,2026-05-02T00:32:08.380475,4.211
2026-05-02T00:31:09.250956,61.34,0,64.15,0.0116,1000.0,0.0,4.199,87.8,99,0,60.0,2026-05-02T00:32:09.250771,4.211
2026-05-02T00:31:09.321688,61.34,0.0057,64.16,0.013,1000.0,0.0,4.199,87.8,99,0,60.0,2026-05-02T00:32:09.321515,4.211
2026-05-02T00:31:09.394998,61.34,0.0057,64.16,0.0136,1000.0,0.0,4.199,87.8,99,0,60.0,2026-05-02T00:32:09.394830,4.211
2026-05-02T00:31:10.313841,61.39,0,64.2,0.0113,1000.0,0.0,4.199,87.8,99,0,60.0,2026-05-02T00:32:10.313602,4.211
2026-05-02T00:31:10.386649,61.39,0,64.2,0.0094,1000.0,0.0,4.199,87.8,99,0,60.0,2026-05-02T00:32:10.386446,4.211
2026-05-02T00:31:11.322636,61.39,0,64.24,0.0083,1000.0,0.0,4.199,87.8,99,0,60.0,2026-05-02T00:32:11.322457,4.211
2026-05-02T00:31:11.406015,61.45,0.0025,64.25,0.0085,1000.0,0.0,4.199,87.8,99,0,60.0,2026-05-02T00:32:11.405795,4.211
2026-05-02T00:31:11.510128,61.45,0.0025,64.25,0.0098,1000.0,0.0,4.199,87.8,99,0,60.0,2026-05-02T00:32:11.509798,4.211
2026-05-02T00:31:12.375408,61.49,0.0025,64.29,0.0109,1000.0,0.0,4.199,87.7,99,0,60.0,2026-05-02T00:32:12.375201,4.211
2026-05-02T00:31:12.451359,61.49,0.0025,64.29,0.0111,1000.0,0.0,4.199,87.7,99,0,60.0,2026-05-02T00:32:12.451159,4.211
2026-05-02T00:31:12.524889,61.49,0.0025,64.3,0.0114,1000.0,0.0,4.199,87.7,99,0,60.0,2026-05-02T00:32:12.524713,4.211
2026-05-02T00:31:13.448024,61.54,0.0008,64.34,0.0115,1000.0,0.0,4.199,87.7,99,0,60.0,2026-05-02T00:32:13.447639,4.211
2026-05-02T00:31:13.545364,61.54,0.0008,64.34,0.0108,1000.0,0.0,4.199,87.7,99,0,60.0,2026-05-02T00:32:13.545087,4.211
2026-05-02T00:31:13.651548,61.54,0.0008,64.35,0.0105,1000.0,0.0,4.199,87.7,99,0,60.0,2026-05-02T00:32:13.651229,4.211
2026-05-02T00:31:14.489918,61.58,0,64.38,0.0101,1000.0,0.0,4.199,87.7,99,0,60.0,2026-05-02T00:32:14.489747,4.211
2026-05-02T00:31:14.560062,61.58,0.0057,64.39,0.0122,1000.0,0.0,4.199,87.7,99,0,60.0,2026-05-02T00:32:14.559871,4.211
2026-05-02T00:31:14.634031,61.58,0.0057,64.39,0.0132,1000.0,0.0,4.199,87.7,99,0,60.0,2026-05-02T00:32:14.633836,4.211
2026-05-02T00:31:15.545866,61.64,0,64.44,0.0113,1000.0,0.0,4.199,87.7,99,0,60.0,2026-05-02T00:32:15.545678,4.211
2026-05-02T00:31:15.611310,61.64,0,64.44,0.0088,1000.0,0.0,4.199,87.7,99,0,60.0,2026-05-02T00:32:15.611137,4.211
2026-05-02T00:31:16.563536,61.64,0,64.48,0.0072,1000.0,0.0,4.199,87.7,99,0,60.0,2026-05-02T00:32:16.563340,4.211
2026-05-02T00:31:16.634854,61.69,0,64.49,0.0059,1000.0,0.0,4.199,87.7,99,0,60.0,2026-05-02T00:32:16.634663,4.211
2026-05-02T00:31:16.704790,61.69,0,64.5,0.0056,1000.0,0.0,4.199,87.7,99,0,60.0,2026-05-02T00:32:16.704616,4.211
2026-05-02T00:31:17.618816,61.75,0,64.54,0.0054,1000.0,0.0,4.199,87.7,99,0,60.0,2026-05-02T00:32:17.618636,4.211
2026-05-02T00:31:17.690462,61.75,0,64.55,0.0065,1000.0,0.0,4.199,87.7,99,0,60.0,2026-05-02T00:32:17.690284,4.211
2026-05-02T00:31:17.763893,61.75,0,64.56,0.0074,1000.0,0.0,4.199,87.7,99,0,60.0,2026-05-02T00:32:17.763716,4.211
2026-05-02T00:31:18.674839,61.8,0,64.6,0.0079,1000.0,0.0,4.199,87.6,99,0,60.0,2026-05-02T00:32:18.674623,4.211
2026-05-02T00:31:18.746157,61.8,0,64.61,0.0081,1000.0,0.0,4.199,87.6,99,0,60.0,2026-05-02T00:32:18.745958,4.211
2026-05-02T00:31:18.818344,61.8,0,64.61,0.0083,1000.0,0.0,4.199,87.6,99,0,60.0,2026-05-02T00:32:18.818169,4.211
2026-05-02T00:31:19.727954,61.83,0.005,64.65,0.0093,1000.0,0.0,4.199,87.6,99,0,60.0,2026-05-02T00:32:19.727725,4.211
2026-05-02T00:31:19.790437,61.83,0.005,64.65,0.0116,1000.0,0.0,4.199,87.6,99,0,60.0,2026-05-02T00:32:19.790262,4.211
2026-05-02T00:31:19.854433,61.83,0.005,64.65,0.0126,1000.0,0.0,4.199,87.6,99,0,60.0,2026-05-02T00:32:19.854265,4.211
2026-05-02T00:31:20.783401,61.89,0.0025,64.69,0.0115,1000.0,0.0,4.199,87.6,99,0,60.0,2026-05-02T00:32:20.783235,4.211
2026-05-02T00:31:20.846541,61.89,0.0025,64.69,0.0118,1000.0,0.0,4.199,87.6,99,0,60.0,2026-05-02T00:32:20.846367,4.211
2026-05-02T00:31:21.797063,61.89,0.0025,64.73,0.0121,1000.0,0.0,4.199,87.6,99,0,60.0,2026-05-02T00:32:21.796847,4.211
2026-05-02T00:31:21.859861,61.94,0.0025,64.74,0.011,1000.0,0.0,4.199,87.6,99,0,60.0,2026-05-02T00:32:21.859671,4.211
2026-05-02T00:31:21.930690,61.94,0.0025,64.74,0.0115,1000.0,0.0,4.199,87.6,99,0,60.0,2026-05-02T00:32:21.930504,4.211
2026-05-02T00:31:22.858667,61.99,0.0025,64.78,0.012,1000.0,0.0,4.199,87.6,99,0,60.0,2026-05-02T00:32:22.858413,4.211
2026-05-02T00:31:22.946340,61.99,0,64.79,0.0103,1000.0,0.0,4.199,87.6,99,0,60.0,2026-05-02T00:32:22.946067,4.211
2026-05-02T00:31:23.064019,61.99,0,64.8,0.01,1000.0,0.0,4.199,87.6,99,0,60.0,2026-05-02T00:32:23.063630,4.211
2026-05-02T00:31:23.918115,62.05,0,64.84,0.0099,1000.0,0.0,4.199,87.6,99,0,60.0,2026-05-02T00:32:23.917875,4.211
2026-05-02T00:31:24.000234,62.05,0.0033,64.85,0.0111,1000.0,0.0,4.199,87.6,99,0,60.0,2026-05-02T00:32:24.000039,4.211
2026-05-02T00:31:24.092853,62.05,0.0033,64.86,0.0118,1000.0,0.0,4.199,87.6,99,0,60.0,2026-05-02T00:32:24.090535,4.211
2026-05-02T00:31:24.963910,62.1,0.0041,64.9,0.0123,1000.0,0.0,4.199,87.5,99,0,60.0,2026-05-02T00:32:24.963721,4.211
2026-05-02T00:31:25.028176,62.1,0.0041,64.9,0.013,1000.0,0.0,4.199,87.5,99,0,60.0,2026-05-02T00:32:25.027995,4.211
2026-05-02T00:31:25.091976,62.1,0.0041,64.91,0.0134,1000.0,0.0,4.199,87.5,99,0,60.0,2026-05-02T00:32:25.091763,4.211
2026-05-02T00:31:26.019046,62.17,0.0041,64.96,0.0137,1000.0,0.0,4.199,87.5,99,0,60.0,2026-05-02T00:32:26.018842,4.211
2026-05-02T00:31:26.083816,62.17,0.0041,64.97,0.0138,1000.0,0.0,4.199,87.5,99,0,60.0,2026-05-02T00:32:26.082809,4.211
2026-05-02T00:31:27.035811,62.17,0.0041,65.01,0.0141,1000.0,0.0,4.199,87.5,99,0,60.0,2026-05-02T00:32:27.035622,4.211
2026-05-02T00:31:27.100300,62.23,0.0058,65.03,0.0146,1000.0,0.0,4.199,87.5,99,0,60.0,2026-05-02T00:32:27.100139,4.211
2026-05-02T00:31:27.168376,62.23,0.0058,65.04,0.0151,1000.0,0.0,4.199,87.5,99,0,60.0,2026-05-02T00:32:27.168184,4.211
2026-05-02T00:31:28.093750,62.25,0.0058,65.07,0.0155,1000.0,0.0,4.199,87.5,99,0,60.0,2026-05-02T00:32:28.093567,4.211
2026-05-02T00:31:28.279331,62.25,0.0058,65.07,0.0147,1000.0,0.0,4.199,87.5,99,0,60.0,2026-05-02T00:32:28.279130,4.211
2026-05-02T00:31:28.372249,62.25,0.0058,65.07,0.0152,1000.0,0.0,4.199,87.5,99,0,60.0,2026-05-02T00:32:28.371974,4.211
2026-05-02T00:31:29.209639,62.31,0.0007,65.11,0.0149,1000.0,0.0,4.199,87.5,99,0,60.0,2026-05-02T00:32:29.209389,4.211
2026-05-02T00:31:29.483336,62.31,0.0115,65.12,0.0177,1000.0,0.0,4.199,87.5,99,0,60.0,2026-05-02T00:32:29.482241,4.211
2026-05-02T00:31:29.644759,62.31,0.0115,65.13,0.0195,1000.0,0.0,4.199,87.5,99,0,60.0,2026-05-02T00:32:29.644480,4.211
2026-05-02T00:31:30.251411,62.36,0.005,65.16,0.0192,1000.0,0.0,4.199,87.5,99,0,60.0,2026-05-02T00:32:30.251221,4.211
2026-05-02T00:31:30.328930,62.36,0.0084,65.16,0.0189,1000.0,0.0,4.199,87.5,99,0,60.0,2026-05-02T00:32:30.328722,4.211
2026-05-02T00:31:30.435627,62.36,0.0084,65.17,0.0188,1000.0,0.0,4.199,87.5,99,0,60.0,2026-05-02T00:32:30.435387,4.211
2026-05-02T00:31:31.275111,62.41,0.0084,65.21,0.0185,1000.0,0.0,4.199,87.4,99,0,60.0,2026-05-02T00:32:31.274793,4.211
2026-05-02T00:31:31.594114,62.41,0.0084,65.22,0.0186,1000.0,0.0,4.199,87.4,99,0,60.0,2026-05-02T00:32:31.593740,4.211
2026-05-02T00:31:32.449256,62.41,0.0084,65.25,0.0188,1000.0,0.0,4.199,87.4,99,0,60.0,2026-05-02T00:32:32.448982,4.211
2026-05-02T00:31:32.564313,62.45,0.0067,65.26,0.018,1000.0,0.0,4.199,87.4,99,0,60.0,2026-05-02T00:32:32.563798,4.211
2026-05-02T00:31:32.678271,62.45,0.0067,65.26,0.0175,1000.0,0.0,4.199,87.4,99,0,60.0,2026-05-02T00:32:32.677756,4.211
2026-05-02T00:31:33.324835,62.5,0.0067,65.28,0.0173,1000.0,0.0,4.199,87.4,99,0,60.0,2026-05-02T00:32:33.324646,4.211
2026-05-02T00:31:33.387350,62.5,0.01,65.29,0.0179,1000.0,0.0,4.199,87.4,99,0,60.0,2026-05-02T00:32:33.387134,4.211
2026-05-02T00:31:33.452147,62.5,0.01,65.29,0.0188,1000.0,0.0,4.199,87.4,99,0,60.0,2026-05-02T00:32:33.451972,4.211
2026-05-02T00:31:34.520117,62.55,0.0057,65.34,0.0191,1000.0,0.0,4.199,87.4,99,0,60.0,2026-05-02T00:32:34.519689,4.211
2026-05-02T00:31:34.933088,62.55,0.005,65.36,0.017,1000.0,0.0,4.199,87.4,99,0,60.0,2026-05-02T00:32:34.932205,4.211
2026-05-02T00:31:35.032393,62.55,0.005,65.36,0.0163,1000.0,0.0,4.199,87.4,99,0,60.0,2026-05-02T00:32:35.032124,4.211
2026-05-02T00:31:35.433655,62.6,0.0048,65.38,0.0158,1000.0,0.0,4.199,87.4,99,0,60.0,2026-05-02T00:32:35.433461,4.211
2026-05-02T00:31:35.495583,62.6,0.005,65.39,0.0157,1000.0,0.0,4.199,87.4,99,0,60.0,2026-05-02T00:32:35.495426,4.211
2026-05-02T00:31:35.563417,62.6,0.005,65.4,0.0156,1000.0,0.0,4.199,87.4,99,0,60.0,2026-05-02T00:32:35.563202,4.211
2026-05-02T00:31:36.490304,62.63,0.01,65.43,0.0168,1000.0,0.0,4.199,87.4,99,0,60.0,2026-05-02T00:32:36.490094,4.211
2026-05-02T00:31:36.562726,62.63,0.01,65.43,0.0183,1000.0,0.0,4.199,87.4,99,0,60.0,2026-05-02T00:32:36.562559,4.211
2026-05-02T00:31:37.506566,62.63,0.01,65.47,0.0194,1000.0,0.0,4.199,87.4,99,0,60.0,2026-05-02T00:32:37.506356,4.211
2026-05-02T00:31:37.574144,62.67,0.0159,65.47,0.0204,1000.0,0.0,4.199,87.3,99,0,60.0,2026-05-02T00:32:37.573943,4.211
2026-05-02T00:31:37.644310,62.67,0.0159,65.47,0.0228,1000.0,0.0,4.199,87.3,99,0,60.0,2026-05-02T00:32:37.644144,4.211
2026-05-02T00:31:38.563052,62.73,0.0159,65.51,0.0248,1000.0,0.0,4.199,87.3,99,0,60.0,2026-05-02T00:32:38.562887,4.211
2026-05-02T00:31:38.625789,62.73,0.0142,65.52,0.0236,1000.0,0.0,4.199,87.3,99,0,60.0,2026-05-02T00:32:38.625585,4.211
2026-05-02T00:31:38.689488,62.73,0.0142,65.53,0.0241,1000.0,0.0,4.199,87.3,99,0,60.0,2026-05-02T00:32:38.689296,4.211
2026-05-02T00:31:39.623230,62.77,0.01,65.57,0.024,1000.0,0.0,4.199,87.3,99,0,60.0,2026-05-02T00:32:39.622990,4.211
2026-05-02T00:31:39.695410,62.77,0.0142,65.57,0.0241,1000.0,0.0,4.199,87.3,99,0,60.0,2026-05-02T00:32:39.695211,4.211
2026-05-02T00:31:39.786477,62.77,0.0142,65.58,0.0244,1000.0,0.0,4.199,87.3,99,0,60.0,2026-05-02T00:32:39.786136,4.211
2026-05-02T00:31:40.684277,62.84,0.005,65.62,0.0235,1000.0,0.0,4.199,87.3,99,0,60.0,2026-05-02T00:32:40.684064,4.211
2026-05-02T00:31:40.761362,62.84,0.0093,65.63,0.022,1000.0,0.0,4.199,87.3,99,0,60.0,2026-05-02T00:32:40.761150,4.211
2026-05-02T00:31:40.847837,62.84,0.0093,65.63,0.0213,1000.0,0.0,4.199,87.3,99,0,60.0,2026-05-02T00:32:40.847581,4.211
2026-05-02T00:31:41.739063,62.86,0.0083,65.66,0.0194,1000.0,0.0,4.199,87.3,99,0,60.0,2026-05-02T00:32:41.738856,4.211
2026-05-02T00:31:41.815076,62.86,0.0083,65.66,0.0193,1000.0,0.0,4.199,87.3,99,0,60.0,2026-05-02T00:32:41.814853,4.211
2026-05-02T00:31:42.745238,62.86,0.0083,65.69,0.0194,1000.0,0.0,4.199,87.3,99,0,60.0,2026-05-02T00:32:42.745059,4.211
2026-05-02T00:31:42.808796,62.92,0.0083,65.71,0.019,1000.0,0.0,4.199,87.3,99,0,60.0,2026-05-02T00:32:42.808628,4.211
2026-05-02T00:31:42.872226,62.92,0.0083,65.71,0.0191,1000.0,0.0,4.199,87.3,99,0,60.0,2026-05-02T00:32:42.871973,4.211
2026-05-02T00:31:43.801719,62.96,0.0083,65.75,0.0193,1000.0,0.0,4.199,87.2,99,0,60.0,2026-05-02T00:32:43.801534,4.211
2026-05-02T00:31:43.868996,62.96,0.0107,65.76,0.0195,1000.0,0.0,4.199,87.2,99,0,60.0,2026-05-02T00:32:43.868596,4.211
2026-05-02T00:31:43.943628,62.96,0.0107,65.76,0.0203,1000.0,0.0,4.199,87.2,99,0,60.0,2026-05-02T00:32:43.943440,4.211
2026-05-02T00:31:44.854423,62.99,0.0107,65.79,0.021,1000.0,0.0,4.199,87.2,99,0,60.0,2026-05-02T00:32:44.854150,4.211
2026-05-02T00:31:44.926825,62.99,0.0117,65.79,0.0218,1000.0,0.0,4.199,87.2,99,0,60.0,2026-05-02T00:32:44.926644,4.211
2026-05-02T00:31:44.999553,62.99,0.0117,65.79,0.0221,1000.0,0.0,4.199,87.2,99,0,60.0,2026-05-02T00:32:44.999358,4.211
2026-05-02T00:31:45.911543,63.05,0.0084,65.84,0.0216,1000.0,0.0,4.199,87.2,99,0,60.0,2026-05-02T00:32:45.911370,4.211
2026-05-02T00:31:45.978012,63.05,0.0117,65.84,0.0221,1000.0,0.0,4.199,87.2,99,0,60.0,2026-05-02T00:32:45.977836,4.211
2026-05-02T00:31:46.051075,63.05,0.0117,65.85,0.0223,1000.0,0.0,4.199,87.2,99,0,60.0,2026-05-02T00:32:46.050867,4.211
2026-05-02T00:31:46.972101,63.07,0.0185,65.88,0.0233,1000.0,0.0,4.199,87.2,99,0,60.0,2026-05-02T00:32:46.971667,4.211
2026-05-02T00:31:47.075080,63.07,0.0185,65.88,0.0259,1000.0,0.0,4.199,87.2,99,0,60.0,2026-05-02T00:32:47.074517,4.211
2026-05-02T00:31:47.982343,63.07,0.0185,65.91,0.0277,1000.0,0.0,4.199,87.2,99,0,60.0,2026-05-02T00:32:47.982159,4.211
2026-05-02T00:31:48.045720,63.1,0.0124,65.91,0.0267,1000.0,0.0,4.199,87.2,99,0,60.0,2026-05-02T00:32:48.045541,4.211
2026-05-02T00:31:48.144701,63.1,0.0124,65.91,0.0255,1000.0,0.0,4.199,87.2,99,0,60.0,2026-05-02T00:32:48.126304,4.211
2026-05-02T00:31:49.039451,63.17,0.0124,65.94,0.0246,1000.0,0.0,4.199,87.2,99,0,60.0,2026-05-02T00:32:49.039268,4.211
2026-05-02T00:31:49.104357,63.17,0.0124,65.96,0.024,1000.0,0.0,4.199,87.2,99,0,60.0,2026-05-02T00:32:49.104134,4.211
2026-05-02T00:31:49.182015,63.17,0.0124,65.97,0.0239,1000.0,0.0,4.199,87.2,99,0,60.0,2026-05-02T00:32:49.181871,4.211
2026-05-02T00:31:50.097572,63.22,0.0124,66.01,0.0238,1000.0,0.0,4.199,87.2,99,0,60.0,2026-05-02T00:32:50.096798,4.211
2026-05-02T00:31:50.266945,63.22,0.021,66.02,0.0281,1000.0,0.0,4.199,87.2,98,0,60.0,2026-05-02T00:32:50.266677,4.211
2026-05-02T00:31:50.337099,63.22,0.021,66.02,0.0297,1000.0,0.0,4.199,87.2,98,0,60.0,2026-05-02T00:32:50.336909,4.211
2026-05-02T00:31:51.148884,63.27,0.0133,66.06,0.0292,1000.0,0.0,4.199,87.1,98,0,60.0,2026-05-02T00:32:51.148707,4.211
2026-05-02T00:31:51.215922,63.27,0.0201,66.07,0.0301,1000.0,0.0,4.199,87.1,98,0,60.0,2026-05-02T00:32:51.215747,4.211
2026-05-02T00:31:51.291037,63.27,0.0201,66.07,0.0306,1000.0,0.0,4.199,87.1,98,0,60.0,2026-05-02T00:32:51.290838,4.211
2026-05-02T00:31:52.249372,63.33,0.0183,66.12,0.0282,1000.0,0.0,4.199,87.1,98,0,60.0,2026-05-02T00:32:52.249172,4.211
2026-05-02T00:31:52.321675,63.33,0.0183,66.12,0.0288,1000.0,0.0,4.199,87.1,98,0,60.0,2026-05-02T00:32:52.321473,4.211
2026-05-02T00:31:53.221402,63.33,0.0183,66.16,0.0293,1000.0,0.0,4.199,87.1,98,0,60.0,2026-05-02T00:32:53.221206,4.211
2026-05-02T00:31:53.286427,63.39,0.0183,66.17,0.0265,1000.0,0.0,4.199,87.1,98,0,60.0,2026-05-02T00:32:53.286221,4.211
2026-05-02T00:31:53.348863,63.39,0.0183,66.18,0.0278,1000.0,0.0,4.199,87.1,98,0,60.0,2026-05-02T00:32:53.348702,4.211
2026-05-02T00:31:54.264109,63.45,0.0183,66.22,0.0289,1000.0,0.0,4.199,87.1,98,0,60.0,2026-05-02T00:32:54.263923,4.211
2026-05-02T00:31:54.331559,63.45,0.0218,66.24,0.0309,1000.0,0.0,4.199,87.1,98,0,60.0,2026-05-02T00:32:54.331395,4.211
2026-05-02T00:31:54.403641,63.45,0.0218,66.24,0.0318,1000.0,0.0,4.199,87.1,98,0,60.0,2026-05-02T00:32:54.403386,4.211
2026-05-02T00:31:55.339371,63.5,0.0133,66.29,0.0314,1000.0,0.0,4.199,87.1,98,0,60.0,2026-05-02T00:32:55.339132,4.211
2026-05-02T00:31:55.431425,63.5,0.0133,66.29,0.0282,1000.0,0.0,4.199,87.1,98,0,60.0,2026-05-02T00:32:55.431157,4.211
2026-05-02T00:31:55.532789,63.5,0.0133,66.3,0.027,1000.0,0.0,4.199,87.1,98,0,60.0,2026-05-02T00:32:55.532545,4.211
2026-05-02T00:31:56.393163,63.56,0.0109,66.33,0.0253,1000.0,0.0,4.199,87.0,98,0,60.0,2026-05-02T00:32:56.392947,4.211
2026-05-02T00:31:56.487871,63.56,0.0237,66.34,0.0297,1000.0,0.0,4.199,87.0,98,0,60.0,2026-05-02T00:32:56.487605,4.211
2026-05-02T00:31:56.595209,63.56,0.0237,66.35,0.0318,1000.0,0.0,4.199,87.0,98,0,60.0,2026-05-02T00:32:56.594876,4.211
2026-05-02T00:31:57.481281,63.61,0.0151,66.39,0.032,1000.0,0.0,4.199,87.0,98,0,60.0,2026-05-02T00:32:57.480929,4.211
2026-05-02T00:31:57.596578,63.61,0.0151,66.4,0.0298,1000.0,0.0,4.199,87.0,98,0,60.0,2026-05-02T00:32:57.596205,4.211
2026-05-02T00:31:58.458643,63.61,0.0151,66.43,0.0286,1000.0,0.0,4.199,87.0,98,0,60.0,2026-05-02T00:32:58.458403,4.211
2026-05-02T00:31:58.533723,63.68,0.0151,66.46,0.0275,1000.0,0.0,4.199,87.0,98,0,60.0,2026-05-02T00:32:58.533518,4.211
2026-05-02T00:31:58.605925,63.68,0.0151,66.46,0.0272,1000.0,0.0,4.199,87.0,98,0,60.0,2026-05-02T00:32:58.605705,4.211
2026-05-02T00:31:59.519480,63.71,0.0151,66.5,0.0273,1000.0,0.0,4.199,87.0,98,0,60.0,2026-05-02T00:32:59.519253,4.211
2026-05-02T00:31:59.626174,63.71,0.016,66.51,0.0269,1000.0,0.0,4.199,87.0,98,0,60.0,2026-05-02T00:32:59.625886,4.211
2026-05-02T00:31:59.889894,63.71,0.016,66.51,0.0274,1000.0,0.0,4.199,87.0,98,0,60.0,2026-05-02T00:32:59.889602,4.211
2026-05-02T00:32:00.663039,63.79,0.016,66.55,0.0279,1000.0,0.0,4.199,87.0,98,0,60.0,2026-05-02T00:33:00.662674,4.211
2026-05-02T00:32:00.769379,63.79,0.0261,66.57,0.0318,1000.0,0.0,4.199,87.0,98,0,60.0,2026-05-02T00:33:00.768942,4.211
2026-05-02T00:32:00.878898,63.79,0.0261,66.57,0.0342,1000.0,0.0,4.199,87.0,98,0,60.0,2026-05-02T00:33:00.878614,4.211
2026-05-02T00:32:01.678839,63.85,0.0252,66.62,0.0351,1000.0,0.0,4.199,87.0,98,0,60.0,2026-05-02T00:33:01.678269,4.211
2026-05-02T00:32:01.815891,63.85,0.0252,66.63,0.0361,1000.0,0.0,4.199,87.0,98,0,60.0,2026-05-02T00:33:01.815647,4.211
2026-05-02T00:32:01.979383,63.85,0.0252,66.64,0.0367,1000.0,0.0,4.199,87.0,98,0,60.0,2026-05-02T00:33:01.978886,4.211
2026-05-02T00:32:02.685243,63.89,0.0252,66.67,0.037,1000.0,0.0,4.199,86.9,98,0,60.0,2026-05-02T00:33:02.685012,4.211
2026-05-02T00:32:02.758655,63.89,0.0252,66.68,0.0372,1000.0,0.0,4.199,86.9,98,0,60.0,2026-05-02T00:33:02.758417,4.211
2026-05-02T00:32:03.693409,63.89,0.0252,66.71,0.0375,1000.0,0.0,4.199,86.9,98,0,60.0,2026-05-02T00:33:03.693209,4.211
2026-05-02T00:32:03.766702,63.94,0.0305,66.72,0.0376,1000.0,0.0,4.199,86.9,98,0,60.0,2026-05-02T00:33:03.766514,4.211
2026-05-02T00:32:03.864207,63.94,0.0305,66.73,0.0396,1000.0,0.0,4.199,86.9,98,0,60.0,2026-05-02T00:33:03.863952,4.211
2026-05-02T00:32:04.747314,63.99,0.0305,66.76,0.0414,1000.0,0.0,4.199,86.9,98,0,60.0,2026-05-02T00:33:04.747118,4.211
2026-05-02T00:32:04.810300,63.99,0.0305,66.77,0.0393,1000.0,0.0,4.199,86.9,98,0,60.0,2026-05-02T00:33:04.810133,4.212
2026-05-02T00:32:04.873452,63.99,0.0305,66.78,0.0406,1000.0,0.0,4.199,86.9,98,0,60.0,2026-05-02T00:33:04.873276,4.212
2026-05-02T00:32:05.804494,64.04,0.0305,66.82,0.042,1000.0,0.0,4.199,86.9,98,0,60.0,2026-05-02T00:33:05.804286,4.212
2026-05-02T00:32:05.867259,64.04,0.0244,66.83,0.0396,1000.0,0.0,4.199,86.9,98,0,60.0,2026-05-02T00:33:05.866977,4.212
2026-05-02T00:32:05.929809,64.04,0.0244,66.83,0.0386,1000.0,0.0,4.199,86.9,98,0,60.0,2026-05-02T00:33:05.929640,4.212
2026-05-02T00:32:06.865527,64.08,0.016,66.87,0.0354,1000.0,0.0,4.199,86.9,98,0,60.0,2026-05-02T00:33:06.865319,4.212
2026-05-02T00:32:06.938225,64.08,0.0244,66.87,0.0361,1000.0,0.0,4.199,86.9,98,0,60.0,2026-05-02T00:33:06.938017,4.212
2026-05-02T00:32:07.010199,64.08,0.0244,66.87,0.0363,1000.0,0.0,4.199,86.9,98,0,60.0,2026-05-02T00:33:07.009996,4.212
2026-05-02T00:32:07.913645,64.13,0.0237,66.92,0.035,1000.0,0.0,4.199,86.9,98,0,60.0,2026-05-02T00:33:07.913454,4.212
2026-05-02T00:32:07.978655,64.13,0.0237,66.92,0.0356,1000.0,0.0,4.199,86.9,98,0,60.0,2026-05-02T00:33:07.978517,4.212
2026-05-02T00:32:08.930493,64.13,0.0237,66.96,0.036,1000.0,0.0,4.199,86.9,98,0,60.0,2026-05-02T00:33:08.930274,4.212
2026-05-02T00:32:09.005084,64.18,0.0237,66.97,0.035,1000.0,0.0,4.199,86.8,98,0,60.0,2026-05-02T00:33:09.004898,4.212
2026-05-02T00:32:09.089891,64.18,0.0237,66.97,0.0355,1000.0,0.0,4.199,86.8,98,0,60.0,2026-05-02T00:33:09.089637,4.212
2026-05-02T00:32:09.983403,64.23,0.0237,67.01,0.0361,1000.0,0.0,4.199,86.8,98,0,60.0,2026-05-02T00:33:09.983232,4.212
2026-05-02T00:32:10.047187,64.23,0.025,67.01,0.0367,1000.0,0.0,4.199,86.8,98,0,60.0,2026-05-02T00:33:10.046973,4.212
2026-05-02T00:32:10.282915,64.23,0.025,67.02,0.0371,1000.0,0.0,4.199,86.8,98,0,60.0,2026-05-02T00:33:10.248472,4.212
2026-05-02T00:32:11.044554,64.26,0.025,67.05,0.0377,1000.0,0.0,4.199,86.8,98,0,60.0,2026-05-02T00:33:11.044317,4.212
2026-05-02T00:32:11.118999,64.26,0.0268,67.05,0.0382,1000.0,0.0,4.199,86.8,98,0,60.0,2026-05-02T00:33:11.118776,4.212
2026-05-02T00:32:11.192585,64.26,0.0268,67.05,0.0387,1000.0,0.0,4.199,86.8,98,0,60.0,2026-05-02T00:33:11.192411,4.212
2026-05-02T00:32:12.128030,64.31,0.0227,67.09,0.0382,1000.0,0.0,4.199,86.8,98,0,60.0,2026-05-02T00:33:12.098160,4.212
2026-05-02T00:32:12.291155,64.31,0.0268,67.1,0.039,1000.0,0.0,4.199,86.8,99,0,60.0,2026-05-02T00:33:12.290927,4.212
2026-05-02T00:32:12.399496,64.31,0.0268,67.1,0.0393,1000.0,0.0,4.199,86.8,99,0,60.0,2026-05-02T00:33:12.399061,4.212
2026-05-02T00:32:13.158323,64.35,0.0345,67.13,0.0414,1000.0,0.0,4.199,86.8,99,0,60.0,2026-05-02T00:33:13.158130,4.212
2026-05-02T00:32:13.232840,64.35,0.0345,67.14,0.0438,1000.0,0.0,4.199,86.8,99,0,60.0,2026-05-02T00:33:13.232631,4.212
2026-05-02T00:32:14.227417,64.35,0.0345,67.17,0.0456,1000.0,0.0,4.199,86.8,99,0,60.0,2026-05-02T00:33:14.211752,4.212
2026-05-02T00:32:14.304566,64.38,0.0252,67.17,0.0429,1000.0,0.0,4.199,86.8,98,0,60.0,2026-05-02T00:33:14.304375,4.212
2026-05-02T00:32:14.407818,64.38,0.0252,67.17,0.041,1000.0,0.0,4.199,86.8,98,0,60.0,2026-05-02T00:33:14.407577,4.212
2026-05-02T00:32:15.227415,64.42,0.0252,67.2,0.0397,1000.0,0.0,4.199,86.8,98,0,60.0,2026-05-02T00:33:15.227246,4.212
2026-05-02T00:32:15.293986,64.42,0.0252,67.21,0.0387,1000.0,0.0,4.199,86.8,98,0,60.0,2026-05-02T00:33:15.293798,4.212
2026-05-02T00:32:15.369655,64.42,0.0252,67.21,0.0385,1000.0,0.0,4.199,86.8,98,0,60.0,2026-05-02T00:33:15.369403,4.212
2026-05-02T00:32:16.301566,64.45,0.0237,67.24,0.0383,1000.0,0.0,4.199,86.7,98,0,60.0,2026-05-02T00:33:16.301281,4.212
2026-05-02T00:32:16.412612,64.45,0.0385,67.25,0.0437,1000.0,0.0,4.199,86.7,98,0,60.0,2026-05-02T00:33:16.412282,4.212
2026-05-02T00:32:16.518825,64.45,0.0385,67.25,0.0467,1000.0,0.0,4.199,86.7,98,0,60.0,2026-05-02T00:33:16.518567,4.212
2026-05-02T00:32:17.337018,64.48,0.0404,67.28,0.0499,1000.0,0.0,4.199,86.7,98,0,60.0,2026-05-02T00:33:17.336802,4.212
2026-05-02T00:32:17.400319,64.48,0.0421,67.28,0.0522,1000.0,0.0,4.199,86.7,98,0,60.0,2026-05-02T00:33:17.400155,4.212
2026-05-02T00:32:17.468465,64.48,0.0421,67.28,0.0533,1000.0,0.0,4.199,86.7,98,0,60.0,2026-05-02T00:33:17.468252,4.212
2026-05-02T00:32:18.381611,64.56,0.0345,67.33,0.0522,1000.0,0.0,4.199,86.7,98,0,60.0,2026-05-02T00:33:18.381422,4.212
2026-05-02T00:32:18.444832,64.56,0.0345,67.34,0.0504,1000.0,0.0,4.199,86.7,98,0,60.0,2026-05-02T00:33:18.444675,4.212
2026-05-02T00:32:19.399280,64.56,0.0345,67.37,0.0495,1000.0,0.0,4.199,86.7,98,0,60.0,2026-05-02T00:33:19.399105,4.212
2026-05-02T00:32:19.463943,64.6,0.0345,67.38,0.0479,1000.0,0.0,4.199,86.7,98,0,60.0,2026-05-02T00:33:19.463774,4.212
2026-05-02T00:32:19.527155,64.6,0.0345,67.38,0.0479,1000.0,0.0,4.199,86.7,98,0,60.0,2026-05-02T00:33:19.527010,4.212
2026-05-02T00:32:20.466792,64.63,0.0345,67.42,0.048,1000.0,0.0,4.199,86.7,98,0,60.0,2026-05-02T00:33:20.466593,4.212
2026-05-02T00:32:20.551500,64.63,0.0455,67.42,0.0524,1000.0,0.0,4.199,86.7,98,0,60.0,2026-05-02T00:33:20.551199,4.212
2026-05-02T00:32:20.734010,64.63,0.0455,67.42,0.055,1000.0,0.0,4.199,86.7,98,0,60.0,2026-05-02T00:33:20.733396,4.212
2026-05-02T00:32:21.556418,64.7,0.0448,67.46,0.0572,1000.0,0.0,4.199,86.7,98,0,60.0,2026-05-02T00:33:21.556067,4.212
2026-05-02T00:32:21.662963,64.7,0.0439,67.47,0.0574,1000.0,0.0,4.199,86.7,98,0,60.0,2026-05-02T00:33:21.662612,4.212
2026-05-02T00:32:21.770948,64.7,0.0439,67.47,0.0575,1000.0,0.0,4.199,86.7,98,0,60.0,2026-05-02T00:33:21.770704,4.212
2026-05-02T00:32:22.577436,64.76,0.0438,67.52,0.0576,1000.0,0.0,4.199,86.6,99,0,60.0,2026-05-02T00:33:22.577249,4.212
2026-05-02T00:32:22.649264,64.76,0.0438,67.53,0.0576,1000.0,0.0,4.199,86.6,99,0,60.0,2026-05-02T00:33:22.649091,4.212
2026-05-02T00:32:22.725533,64.76,0.0438,67.53,0.0576,1000.0,0.0,4.199,86.6,99,0,60.0,2026-05-02T00:33:22.725333,4.212
2026-05-02T00:32:23.635381,64.8,0.0438,67.57,0.057,1000.0,0.0,4.199,86.6,99,0,60.0,2026-05-02T00:33:23.635109,4.212
2026-05-02T00:32:23.728718,64.8,0.0438,67.58,0.0572,1000.0,0.0,4.199,86.6,99,0,60.0,2026-05-02T00:33:23.728461,4.212
2026-05-02T00:32:24.646101,64.8,0.0438,67.61,0.0576,1000.0,0.0,4.199,86.6,99,0,60.0,2026-05-02T00:33:24.645894,4.212
2026-05-02T00:32:24.732676,64.85,0.052,66.87,0.056,1000.0,0.08,4.199,86.6,99,0,60.0,2026-05-02T00:33:24.732484,4.288
2026-05-02T00:32:24.838947,64.85,0.052,66.88,0.0584,1000.0,0.08,4.199,86.6,99,0,60.0,2026-05-02T00:33:24.838713,4.288
2026-05-02T00:32:25.715195,64.88,0.052,66.9,0.0602,1000.0,0.08,4.199,86.6,99,0,60.0,2026-05-02T00:33:25.715008,4.289
2026-05-02T00:32:25.830992,64.88,0.0539,66.91,0.0614,1000.0,0.08,4.199,86.6,99,0,60.0,2026-05-02T00:33:25.830759,4.289
2026-05-02T00:32:25.982641,64.88,0.0539,66.91,0.0623,1000.0,0.08,4.199,86.6,99,0,60.0,2026-05-02T00:33:25.981882,4.289
2026-05-02T00:32:26.781816,64.94,0.0507,66.94,0.0628,1000.0,0.08,4.199,86.6,99,0,60.0,2026-05-02T00:33:26.781612,4.29
2026-05-02T00:32:26.875545,64.94,0.0412,67.14,0.0579,1000.0,0.06,4.199,86.6,99,0,60.0,2026-05-02T00:33:26.875346,4.271
2026-05-02T00:32:26.980028,64.94,0.0412,67.15,0.0558,1000.0,0.06,4.199,86.6,99,0,60.0,2026-05-02T00:33:26.979823,4.27
2026-05-02T00:32:27.828692,64.98,0.037,67.18,0.0527,1000.0,0.06,4.199,86.6,99,0,60.0,2026-05-02T00:33:27.828491,4.271
2026-05-02T00:32:27.922786,64.98,0.0412,67.38,0.0534,1000.0,0.04,4.199,86.6,99,0,60.0,2026-05-02T00:33:27.922567,4.251
2026-05-02T00:32:28.029055,64.98,0.0412,67.38,0.0534,1000.0,0.04,4.199,86.6,99,0,60.0,2026-05-02T00:33:28.028811,4.251
2026-05-02T00:32:28.886461,65.03,0.0429,67.42,0.0537,1000.0,0.04,4.199,86.6,99,0,60.0,2026-05-02T00:33:28.886210,4.252
2026-05-02T00:32:28.978562,65.03,0.0429,67.52,0.0548,1000.0,0.03,4.199,86.6,99,0,60.0,2026-05-02T00:33:28.978348,4.241
2026-05-02T00:32:29.887985,65.03,0.0429,67.55,0.0552,1000.0,0.03,4.199,86.6,99,0,60.0,2026-05-02T00:33:29.887785,4.242
2026-05-02T00:32:29.979725,65.1,0.0429,67.67,0.0541,1000.0,0.02,4.199,86.5,99,0,60.0,2026-05-02T00:33:29.979531,4.232
2026-05-02T00:32:30.089262,65.1,0.0429,67.69,0.0549,1000.0,0.02,4.199,86.5,99,0,60.0,2026-05-02T00:33:30.086801,4.232
2026-05-02T00:32:30.951452,65.15,0.0429,67.72,0.0557,1000.0,0.02,4.199,86.5,99,0,60.0,2026-05-02T00:33:30.951213,4.232
2026-05-02T00:32:31.056276,65.15,0.0404,67.73,0.0541,1000.0,0.02,4.199,86.5,99,0,60.0,2026-05-02T00:33:31.056028,4.232
2026-05-02T00:32:31.631039,65.15,0.0404,67.74,0.0539,1000.0,0.02,4.199,86.5,99,0,60.0,2026-05-02T00:33:31.628240,4.232
2026-05-02T00:32:32.180329,65.21,0.0305,67.77,0.0524,1000.0,0.02,4.199,86.5,99,0,60.0,2026-05-02T00:33:32.179947,4.232
2026-05-02T00:32:32.675588,65.21,0.0381,67.88,0.0518,1000.0,0.01,4.199,86.5,99,0,60.0,2026-05-02T00:33:32.646535,4.222
2026-05-02T00:32:33.189127,65.21,0.0381,67.9,0.0519,1000.0,0.01,4.199,86.5,99,0,60.0,2026-05-02T00:33:33.172603,4.222
2026-05-02T00:32:33.338387,65.25,0.0381,67.91,0.0511,1000.0,0.01,4.199,86.5,99,0,60.0,2026-05-02T00:33:33.338004,4.222
2026-05-02T00:32:33.481717,65.25,0.0455,67.92,0.0546,1000.0,0.01,4.199,86.5,99,0,60.0,2026-05-02T00:33:33.481416,4.222
2026-05-02T00:32:33.605573,65.25,0.0455,67.93,0.0563,1000.0,0.01,4.199,86.5,99,0,60.0,2026-05-02T00:33:33.605281,4.221
2026-05-02T00:32:34.191354,65.29,0.0429,67.96,0.0568,1000.0,0.01,4.199,86.5,99,0,60.0,2026-05-02T00:33:34.173050,4.221
2026-05-02T00:32:34.685401,65.29,0.0429,67.98,0.0569,1000.0,0.01,4.199,86.5,99,0,60.0,2026-05-02T00:33:34.679016,4.221
2026-05-02T00:32:35.131698,65.29,0.0429,67.99,0.057,1000.0,0.01,4.199,86.5,99,0,60.0,2026-05-02T00:33:35.131495,4.221
2026-05-02T00:32:35.225392,65.33,0.0372,68.0,0.0548,1000.0,0.01,4.199,86.5,99,0,60.0,2026-05-02T00:33:35.225208,4.221
2026-05-02T00:32:35.317187,65.33,0.0372,68.01,0.0535,1000.0,0.01,4.199,86.5,99,0,60.0,2026-05-02T00:33:35.316870,4.221
2026-05-02T00:32:36.583028,65.39,0.0372,68.05,0.0525,1000.0,0.01,4.199,86.4,99,0,60.0,2026-05-02T00:33:36.563677,4.222
2026-05-02T00:32:37.222781,65.39,0.0379,68.18,0.0519,1000.0,0.0,4.199,86.4,99,0,60.0,2026-05-02T00:33:37.222290,4.213
2026-05-02T00:32:37.446321,65.39,0.0379,68.18,0.0523,1000.0,0.0,4.199,86.4,99,0,60.0,2026-05-02T00:33:37.446035,4.212
2026-05-02T00:32:38.131756,65.42,0.0336,68.2,0.052,1000.0,0.0,4.199,86.4,99,0,60.0,2026-05-02T00:33:38.131378,4.212
2026-05-02T00:32:38.623998,65.42,0.0412,68.22,0.0542,1000.0,0.0,4.199,86.4,99,0,60.0,2026-05-02T00:33:38.605260,4.212
2026-05-02T00:32:38.790750,65.42,0.0412,68.22,0.0551,1000.0,0.0,4.199,86.4,99,0,60.0,2026-05-02T00:33:38.790487,4.212
2026-05-02T00:32:38.881883,65.45,0.0463,68.22,0.0559,1000.0,0.0,4.199,86.4,99,0,60.0,2026-05-02T00:33:38.881685,4.212
2026-05-02T00:32:38.968496,65.45,0.048,68.23,0.0582,1000.0,0.0,4.199,86.4,99,0,60.0,2026-05-02T00:33:38.968244,4.212
2026-05-02T00:32:39.056534,65.45,0.048,68.23,0.0596,1000.0,0.0,4.199,86.4,99,0,60.0,2026-05-02T00:33:39.056306,4.212
2026-05-02T00:32:39.457712,65.49,0.0507,68.25,0.0615,1000.0,0.0,4.199,86.4,99,0,60.0,2026-05-02T00:33:39.456015,4.212
2026-05-02T00:32:39.612868,65.49,0.0507,68.27,0.0632,1000.0,0.0,4.199,86.4,99,0,60.0,2026-05-02T00:33:39.612558,4.212
2026-05-02T00:32:40.349418,65.49,0.0507,68.3,0.0645,1000.0,0.0,4.199,86.4,98,0,60.0,2026-05-02T00:33:40.349227,4.212
2026-05-02T00:32:40.424311,65.51,0.0462,68.3,0.0635,1000.0,0.0,4.199,86.4,98,0,60.0,2026-05-02T00:33:40.424075,4.212
2026-05-02T00:32:40.518940,65.51,0.0462,68.3,0.0627,1000.0,0.0,4.199,86.4,98,0,60.0,2026-05-02T00:33:40.518707,4.212
2026-05-02T00:32:41.409631,65.55,0.0462,68.33,0.062,1000.0,0.0,4.199,86.4,98,0,60.0,2026-05-02T00:33:41.409432,4.212
2026-05-02T00:32:41.509802,65.55,0.0446,68.34,0.0607,1000.0,0.0,4.199,86.4,98,0,60.0,2026-05-02T00:33:41.509569,4.212
2026-05-02T00:32:41.731911,65.55,0.0446,68.34,0.0603,1000.0,0.0,4.199,86.4,98,0,60.0,2026-05-02T00:33:41.731505,4.212
2026-05-02T00:32:42.475337,65.58,0.0429,68.37,0.0599,1000.0,0.0,4.199,86.4,98,0,60.0,2026-05-02T00:33:42.475085,4.212
2026-05-02T00:32:42.552123,65.58,0.0471,68.37,0.0606,1000.0,0.0,4.199,86.4,98,0,60.0,2026-05-02T00:33:42.551925,4.212
2026-05-02T00:32:42.641693,65.58,0.0471,68.37,0.0612,1000.0,0.0,4.199,86.4,98,0,60.0,2026-05-02T00:33:42.641490,4.212
2026-05-02T00:32:43.523186,65.61,0.0438,68.4,0.0614,1000.0,0.0,4.199,86.4,98,0,60.0,2026-05-02T00:33:43.522996,4.212
2026-05-02T00:32:43.587268,65.61,0.0471,68.39,0.0617,1000.0,0.0,4.199,86.4,98,0,60.0,2026-05-02T00:33:43.587093,4.212
2026-05-02T00:32:43.650809,65.61,0.0471,68.39,0.0619,1000.0,0.0,4.199,86.4,98,0,60.0,2026-05-02T00:33:43.650600,4.212
2026-05-02T00:32:44.577448,65.65,0.0472,68.43,0.0615,1000.0,0.0,4.199,86.3,98,0,60.0,2026-05-02T00:33:44.577281,4.212
2026-05-02T00:32:44.644236,65.65,0.0472,68.43,0.0618,1000.0,0.0,4.199,86.3,98,0,60.0,2026-05-02T00:33:44.644054,4.212
2026-05-02T00:32:45.608868,65.65,0.0472,68.45,0.0622,1000.0,0.0,4.199,86.3,98,0,60.0,2026-05-02T00:33:45.608517,4.212
2026-05-02T00:32:46.114910,65.69,0.0463,68.46,0.062,1000.0,0.0,4.199,86.3,98,0,60.0,2026-05-02T00:33:46.114558,4.212
2026-05-02T00:32:46.631038,65.69,0.0463,68.47,0.0619,1000.0,0.0,4.199,86.3,98,0,60.0,2026-05-02T00:33:46.611755,4.212
2026-05-02T00:32:46.820827,65.71,0.0463,68.48,0.0618,1000.0,0.0,4.199,86.3,99,0,60.0,2026-05-02T00:33:46.820496,4.212
2026-05-02T00:32:47.053841,65.71,0.0463,68.48,0.0608,1000.0,0.0,4.199,86.3,99,0,60.0,2026-05-02T00:33:47.053506,4.212
2026-05-02T00:32:47.235301,65.71,0.0463,68.49,0.0612,1000.0,0.0,4.199,86.3,99,0,60.0,2026-05-02T00:33:47.234883,4.212
2026-05-02T00:32:47.776108,65.72,0.0404,68.5,0.0607,1000.0,0.0,4.199,86.3,99,0,60.0,2026-05-02T00:33:47.775741,4.212
2026-05-02T00:32:48.830547,65.72,0.0471,68.5,0.0612,1000.0,0.0,4.199,86.3,99,0,60.0,2026-05-02T00:33:48.827165,4.212
2026-05-02T00:32:49.178737,65.72,0.0471,68.52,0.0622,1000.0,0.0,4.199,86.3,99,0,60.0,2026-05-02T00:33:49.178441,4.212
2026-05-02T00:32:49.364705,65.75,0.0438,68.52,0.0616,1000.0,0.0,4.199,86.3,99,0,60.0,2026-05-02T00:33:49.364391,4.212
2026-05-02T00:32:49.478197,65.75,0.0471,68.52,0.0619,1000.0,0.0,4.199,86.3,99,0,60.0,2026-05-02T00:33:49.477827,4.212
2026-05-02T00:32:49.587213,65.75,0.0471,68.53,0.0622,1000.0,0.0,4.199,86.3,99,0,60.0,2026-05-02T00:33:49.586974,4.212
2026-05-02T00:32:49.815602,65.78,0.0497,68.54,0.0628,1000.0,0.0,4.199,86.3,99,0,60.0,2026-05-02T00:33:49.815423,4.212
2026-05-02T00:32:49.904013,65.78,0.0497,61.37,0.0332,1000.0,0.88,4.199,86.3,99,0,60.0,2026-05-02T00:33:49.903836,5.062
2026-05-02T00:32:50.848570,65.78,0.0497,61.33,0.0336,1000.0,0.88,4.199,86.3,99,0,60.0,2026-05-02T00:33:50.848351,5.074
2026-05-02T00:32:50.963752,65.8,0.0497,61.36,0.0328,1000.0,0.88,4.199,86.3,99,0,60.0,2026-05-02T00:33:50.963517,5.073
2026-05-02T00:32:51.273703,65.8,0.0497,61.37,0.0335,1000.0,0.88,4.199,86.3,99,0,60.0,2026-05-02T00:33:51.273029,5.073
2026-05-02T00:32:51.899485,65.82,0.0497,61.36,0.034,1000.0,0.88,4.199,86.3,99,0,60.0,2026-05-02T00:33:51.899281,5.08
2026-05-02T00:32:52.010600,65.82,0.0615,62.94,0.0437,1000.0,0.66,4.199,86.3,99,0,60.0,2026-05-02T00:33:52.010219,4.865
2026-05-02T00:32:52.337617,65.82,0.0615,62.95,0.0471,1000.0,0.66,4.199,86.3,99,0,60.0,2026-05-02T00:33:52.330977,4.864
2026-05-02T00:32:52.949005,65.82,0.0547,62.95,0.0491,1000.0,0.66,4.199,86.3,99,0,60.0,2026-05-02T00:33:52.948851,4.867
2026-05-02T00:32:53.027264,65.82,0.048,64.18,0.0485,1000.0,0.5,4.199,86.3,99,0,60.0,2026-05-02T00:33:53.027104,4.709
2026-05-02T00:32:53.112645,65.82,0.048,64.19,0.0466,1000.0,0.5,4.199,86.3,99,0,60.0,2026-05-02T00:33:53.112435,4.707
2026-05-02T00:32:54.011580,65.89,0.0455,64.2,0.0439,1000.0,0.5,4.199,86.3,99,0,60.0,2026-05-02T00:33:54.011409,4.71
2026-05-02T00:32:54.094164,65.89,0.048,65.28,0.0468,1000.0,0.37,4.199,86.3,99,0,60.0,2026-05-02T00:33:54.094022,4.581
2026-05-02T00:32:54.666888,65.89,0.048,65.29,0.0467,1000.0,0.37,4.199,86.3,99,0,60.0,2026-05-02T00:33:54.666312,4.58
2026-05-02T00:32:55.075822,65.94,0.0462,65.33,0.045,1000.0,0.37,4.199,86.2,99,0,60.0,2026-05-02T00:33:55.075638,4.581
2026-05-02T00:32:55.178425,65.94,0.0462,66.1,0.0475,1000.0,0.28,4.199,86.2,99,0,60.0,2026-05-02T00:33:55.178223,4.493
2026-05-02T00:32:56.079339,65.94,0.0462,66.12,0.0474,1000.0,0.28,4.199,86.2,99,0,60.0,2026-05-02T00:33:56.079173,4.494
2026-05-02T00:32:56.330496,65.96,0.0462,66.75,0.0487,1000.0,0.21,4.199,86.2,98,0,60.0,2026-05-02T00:33:56.330319,4.424
2026-05-02T00:32:56.414920,65.96,0.0462,66.75,0.0494,1000.0,0.21,4.199,86.2,98,0,60.0,2026-05-02T00:33:56.414758,4.422
2026-05-02T00:32:57.134132,65.98,0.0462,66.77,0.0499,1000.0,0.21,4.199,86.2,98,0,60.0,2026-05-02T00:33:57.133911,4.423
2026-05-02T00:32:57.213477,65.98,0.0522,67.23,0.055,1000.0,0.16,4.199,86.2,98,0,60.0,2026-05-02T00:33:57.213289,4.373
2026-05-02T00:32:57.292020,65.98,0.0522,67.23,0.0564,1000.0,0.16,4.199,86.2,98,0,60.0,2026-05-02T00:33:57.291859,4.372
2026-05-02T00:32:58.403665,66.03,0.0462,67.26,0.0568,1000.0,0.16,4.199,86.2,99,0,60.0,2026-05-02T00:33:58.403416,4.373
2026-05-02T00:32:58.606153,66.03,0.0522,67.65,0.0594,1000.0,0.12,4.199,86.2,99,0,60.0,2026-05-02T00:33:58.605870,4.334
2026-05-02T00:32:58.779257,66.03,0.0522,67.65,0.0602,1000.0,0.12,4.199,86.2,99,0,60.0,2026-05-02T00:33:58.778991,4.333
2026-05-02T00:32:59.255830,66.1,0.0514,67.68,0.0599,1000.0,0.12,4.199,86.2,99,0,60.0,2026-05-02T00:33:59.255616,4.332
2026-05-02T00:32:59.361374,66.1,0.053,67.98,0.0624,1000.0,0.09,4.199,86.2,99,0,60.0,2026-05-02T00:33:59.361105,4.302
2026-05-02T00:32:59.501178,66.1,0.053,67.99,0.0628,1000.0,0.09,4.199,86.2,99,0,60.0,2026-05-02T00:33:59.500670,4.302
2026-05-02T00:33:00.339254,66.15,0.053,68.03,0.0629,1000.0,0.09,4.199,86.2,99,0,60.0,2026-05-02T00:34:00.339010,4.302
2026-05-02T00:33:00.429878,66.15,0.053,68.23,0.0644,1000.0,0.07,4.199,86.2,99,0,60.0,2026-05-02T00:34:00.429695,4.282
2026-05-02T00:33:01.321144,66.15,0.053,68.26,0.0647,1000.0,0.07,4.199,86.2,99,0,60.0,2026-05-02T00:34:01.320901,4.283
2026-05-02T00:33:01.619697,66.21,0.0581,68.47,0.0669,1000.0,0.05,4.199,86.2,99,0,60.0,2026-05-02T00:34:01.619354,4.263
2026-05-02T00:33:01.771768,66.21,0.0581,68.49,0.0691,1000.0,0.05,4.199,86.2,99,0,60.0,2026-05-02T00:34:01.771364,4.263
2026-05-02T00:33:02.491078,66.26,0.0581,68.51,0.0703,1000.0,0.05,4.199,86.1,98,0,60.0,2026-05-02T00:34:02.490849,4.263
2026-05-02T00:33:02.607660,66.26,0.0505,68.63,0.0675,1000.0,0.04,4.199,86.1,98,0,60.0,2026-05-02T00:34:02.607467,4.252
2026-05-02T00:33:02.754211,66.26,0.0505,68.64,0.0662,1000.0,0.04,4.199,86.1,98,0,60.0,2026-05-02T00:34:02.753784,4.252
2026-05-02T00:33:03.505394,66.31,0.0497,68.67,0.0652,1000.0,0.04,4.199,86.1,98,0,60.0,2026-05-02T00:34:03.505065,4.252
2026-05-02T00:33:03.697980,66.31,0.0547,68.68,0.0664,1000.0,0.04,4.199,86.1,98,0,60.0,2026-05-02T00:34:03.697628,4.252
2026-05-02T00:33:03.840653,66.31,0.0547,68.69,0.0673,1000.0,0.04,4.199,86.1,98,0,60.0,2026-05-02T00:34:03.840319,4.251
2026-05-02T00:33:04.503136,66.37,0.0514,68.73,0.0677,1000.0,0.04,4.199,86.1,98,0,60.0,2026-05-02T00:34:04.502915,4.252
2026-05-02T00:33:04.621152,66.37,0.0547,68.45,0.0663,1000.0,0.07,4.199,86.1,98,0,60.0,2026-05-02T00:34:04.620861,4.28
2026-05-02T00:33:04.727186,66.37,0.0547,68.46,0.0665,1000.0,0.07,4.199,86.1,98,0,60.0,2026-05-02T00:34:04.726958,4.28
2026-05-02T00:33:05.543252,66.41,0.0514,68.48,0.0656,1000.0,0.07,4.199,86.1,98,0,60.0,2026-05-02T00:34:05.543084,4.281
2026-05-02T00:33:05.630169,66.41,0.0514,68.49,0.0647,1000.0,0.07,4.199,86.1,98,0,60.0,2026-05-02T00:34:05.629961,4.28
2026-05-02T00:33:06.562918,66.41,0.0514,68.52,0.0643,1000.0,0.07,4.199,86.1,98,0,60.0,2026-05-02T00:34:06.562672,4.281
2026-05-02T00:33:06.695660,66.49,0.059,68.75,0.0669,1000.0,0.05,4.199,86.1,98,0,60.0,2026-05-02T00:34:06.695393,4.262
2026-05-02T00:33:06.807006,66.49,0.059,68.76,0.0693,1000.0,0.05,4.199,86.1,98,0,60.0,2026-05-02T00:34:06.806741,4.262
2026-05-02T00:33:07.606416,66.56,0.059,68.79,0.071,1000.0,0.05,4.199,86.0,98,0,60.0,2026-05-02T00:34:07.606240,4.262
2026-05-02T00:33:07.688784,66.56,0.0547,68.91,0.07,1000.0,0.04,4.199,86.0,98,0,60.0,2026-05-02T00:34:07.688549,4.252
2026-05-02T00:33:07.781402,66.56,0.0547,68.92,0.0696,1000.0,0.04,4.199,86.0,98,0,60.0,2026-05-02T00:34:07.781230,4.251
2026-05-02T00:33:08.732281,66.64,0.052,68.97,0.069,1000.0,0.04,4.199,86.0,98,0,60.0,2026-05-02T00:34:08.732057,4.252
2026-05-02T00:33:08.829419,66.64,0.0547,69.09,0.0694,1000.0,0.03,4.199,86.0,98,0,60.0,2026-05-02T00:34:08.829241,4.242
2026-05-02T00:33:08.920882,66.64,0.0547,69.1,0.0696,1000.0,0.03,4.199,86.0,98,0,60.0,2026-05-02T00:34:08.920682,4.242
2026-05-02T00:33:09.728486,66.69,0.0565,69.14,0.0697,1000.0,0.03,4.199,86.0,98,0,60.0,2026-05-02T00:34:09.728282,4.242
2026-05-02T00:33:09.820306,66.69,0.0598,69.25,0.0726,1000.0,0.02,4.199,86.0,98,0,60.0,2026-05-02T00:34:09.819980,4.232
2026-05-02T00:33:09.961347,66.69,0.0598,69.26,0.0737,1000.0,0.02,4.199,86.0,98,0,60.0,2026-05-02T00:34:09.958099,4.232
2026-05-02T00:33:10.789454,66.75,0.0581,69.3,0.0741,1000.0,0.02,4.199,86.0,98,0,60.0,2026-05-02T00:34:10.789225,4.232
2026-05-02T00:33:10.880349,66.75,0.0581,69.31,0.0741,1000.0,0.02,4.199,86.0,98,0,60.0,2026-05-02T00:34:10.880177,4.232
2026-05-02T00:33:11.791214,66.75,0.0581,69.34,0.0743,1000.0,0.02,4.199,86.0,98,0,60.0,2026-05-02T00:34:11.791022,4.232
2026-05-02T00:33:11.886283,66.82,0.0547,69.46,0.0728,1000.0,0.01,4.199,86.0,98,0,60.0,2026-05-02T00:34:11.886044,4.223
2026-05-02T00:33:12.034565,66.82,0.0547,69.47,0.0722,1000.0,0.01,4.199,86.0,98,0,60.0,2026-05-02T00:34:12.034086,4.223
2026-05-02T00:33:12.847709,66.85,0.0547,69.51,0.072,1000.0,0.01,4.199,85.9,98,0,60.0,2026-05-02T00:34:12.847510,4.223
2026-05-02T00:33:12.939301,66.85,0.0547,69.51,0.0712,1000.0,0.01,4.199,85.9,98,0,60.0,2026-05-02T00:34:12.939114,4.223
2026-05-02T00:33:13.029934,66.85,0.0547,69.51,0.0713,1000.0,0.01,4.199,85.9,98,0,60.0,2026-05-02T00:34:13.029754,4.222
2026-05-02T00:33:13.909369,66.91,0.0522,69.55,0.0711,1000.0,0.01,4.199,85.9,98,0,60.0,2026-05-02T00:34:13.909185,4.223
2026-05-02T00:33:14.013678,66.91,0.0583,69.56,0.0725,1000.0,0.01,4.199,85.9,98,0,60.0,2026-05-02T00:34:14.013395,4.222
2026-05-02T00:33:14.288807,66.91,0.0583,69.57,0.0735,1000.0,0.01,4.199,85.9,98,0,60.0,2026-05-02T00:34:14.264001,4.222
2026-05-02T00:33:14.960386,66.94,0.0606,69.6,0.075,1000.0,0.01,4.199,85.9,98,0,60.0,2026-05-02T00:34:14.960217,4.222
2026-05-02T00:33:15.025168,66.94,0.0606,69.71,0.0768,1000.0,0.0,4.199,85.9,98,0,60.0,2026-05-02T00:34:15.024995,4.212
2026-05-02T00:33:15.092008,66.94,0.0606,69.71,0.0773,1000.0,0.0,4.199,85.9,98,0,60.0,2026-05-02T00:34:15.091811,4.212
2026-05-02T00:33:15.999356,67.01,0.0607,69.75,0.0773,1000.0,0.0,4.199,85.9,98,0,60.0,2026-05-02T00:34:15.999182,4.212
2026-05-02T00:33:16.062806,67.01,0.0607,69.76,0.0777,1000.0,0.0,4.199,85.9,98,0,60.0,2026-05-02T00:34:16.061421,4.212
2026-05-02T00:33:17.016579,67.01,0.0607,69.8,0.0783,1000.0,0.0,4.199,85.9,98,0,60.0,2026-05-02T00:34:17.016289,4.212
2026-05-02T00:33:17.084865,67.04,0.0699,69.8,0.0797,1000.0,0.0,4.199,85.9,98,0,60.0,2026-05-02T00:34:17.084539,4.212
2026-05-02T00:33:17.159787,67.04,0.0699,69.8,0.0828,1000.0,0.0,4.199,85.9,98,0,60.0,2026-05-02T00:34:17.159586,4.212
2026-05-02T00:33:18.076601,67.08,0.0699,69.83,0.0856,1000.0,0.0,4.199,85.9,98,0,60.0,2026-05-02T00:34:18.076390,4.212
2026-05-02T00:33:18.258523,67.08,0.0573,69.84,0.0799,1000.0,0.0,4.199,85.9,99,0,60.0,2026-05-02T00:34:18.258342,4.212
2026-05-02T00:33:18.355615,67.08,0.0573,69.84,0.078,1000.0,0.0,4.199,85.9,99,0,60.0,2026-05-02T00:34:18.355311,4.212
2026-05-02T00:33:19.139862,67.15,0.0573,69.88,0.0766,1000.0,0.0,4.199,85.8,99,0,60.0,2026-05-02T00:34:19.139644,4.212
2026-05-02T00:33:19.244002,67.15,0.0583,69.9,0.0764,1000.0,0.0,4.199,85.8,99,0,60.0,2026-05-02T00:34:19.243728,4.212
2026-05-02T00:33:19.447375,67.15,0.0583,69.9,0.0764,1000.0,0.0,4.199,85.8,99,0,60.0,2026-05-02T00:34:19.446767,4.212
2026-05-02T00:33:20.251256,67.18,0.0657,69.94,0.0775,1000.0,0.0,4.199,85.8,99,0,60.0,2026-05-02T00:34:20.251006,4.212
2026-05-02T00:33:20.359066,67.18,0.0657,69.94,0.0803,1000.0,0.0,4.199,85.8,99,0,60.0,2026-05-02T00:34:20.358756,4.212
2026-05-02T00:33:20.538226,67.18,0.0657,69.95,0.0817,1000.0,0.0,4.199,85.8,99,0,60.0,2026-05-02T00:34:20.537948,4.212
2026-05-02T00:33:21.286054,67.22,0.0624,69.98,0.0796,1000.0,0.0,4.199,85.8,99,0,60.0,2026-05-02T00:34:21.285483,4.212
2026-05-02T00:33:21.462679,67.22,0.0624,69.98,0.08,1000.0,0.0,4.199,85.8,99,0,60.0,2026-05-02T00:34:21.462311,4.212
2026-05-02T00:33:22.248164,67.22,0.0624,70.01,0.0805,1000.0,0.0,4.199,85.8,99,0,60.0,2026-05-02T00:34:22.247973,4.212
2026-05-02T00:33:22.321322,67.27,0.0615,70.02,0.0789,1000.0,0.0,4.199,85.8,99,0,60.0,2026-05-02T00:34:22.321135,4.212
2026-05-02T00:33:22.404186,67.27,0.0615,70.03,0.0792,1000.0,0.0,4.199,85.8,99,0,60.0,2026-05-02T00:34:22.403920,4.212
2026-05-02T00:33:23.310338,67.31,0.0615,70.06,0.0796,1000.0,0.0,4.199,85.8,99,0,60.0,2026-05-02T00:34:23.310136,4.212
2026-05-02T00:33:23.377327,67.31,0.0615,70.07,0.0791,1000.0,0.0,4.199,85.8,99,0,60.0,2026-05-02T00:34:23.377143,4.212
2026-05-02T00:33:23.452246,67.31,0.0615,70.07,0.0794,1000.0,0.0,4.199,85.8,99,0,60.0,2026-05-02T00:34:23.452035,4.212
2026-05-02T00:33:24.389097,67.36,0.0615,70.11,0.0797,1000.0,0.0,4.199,85.8,99,0,60.0,2026-05-02T00:34:24.388815,4.212
2026-05-02T00:33:24.502657,67.36,0.0624,70.12,0.0802,1000.0,0.0,4.199,85.8,99,0,60.0,2026-05-02T00:34:24.502296,4.212
2026-05-02T00:33:24.609199,67.36,0.0624,70.12,0.0804,1000.0,0.0,4.199,85.8,99,0,60.0,2026-05-02T00:34:24.608861,4.212
2026-05-02T00:33:25.417872,67.41,0.0607,70.16,0.0803,1000.0,0.0,4.199,85.8,99,0,60.0,2026-05-02T00:34:25.417613,4.212
2026-05-02T00:33:25.484107,67.41,0.0642,70.17,0.0814,1000.0,0.0,4.199,85.8,99,0,60.0,2026-05-02T00:34:25.483593,4.212
2026-05-02T00:33:25.552848,67.41,0.0642,70.17,0.0818,1000.0,0.0,4.199,85.8,99,0,60.0,2026-05-02T00:34:25.552618,4.212
2026-05-02T00:33:26.473451,67.44,0.0682,70.21,0.0832,1000.0,0.0,4.199,85.7,99,0,60.0,2026-05-02T00:34:26.473254,4.212
2026-05-02T00:33:26.547444,67.44,0.0682,70.21,0.0848,1000.0,0.0,4.199,85.7,99,0,60.0,2026-05-02T00:34:26.547249,4.212
2026-05-02T00:33:27.492266,67.44,0.0682,70.24,0.0859,1000.0,0.0,4.199,85.7,99,0,60.0,2026-05-02T00:34:27.492066,4.212
2026-05-02T00:33:27.556851,67.52,0.075,70.26,0.0878,1000.0,0.0,4.199,85.7,99,0,60.0,2026-05-02T00:34:27.556661,4.212
2026-05-02T00:33:27.629417,67.52,0.075,70.27,0.0901,1000.0,0.0,4.199,85.7,99,0,60.0,2026-05-02T00:34:27.629225,4.212
2026-05-02T00:33:28.542264,67.56,0.075,70.31,0.0922,1000.0,0.0,4.199,85.7,99,0,60.0,2026-05-02T00:34:28.542085,4.212
2026-05-02T00:33:28.620457,67.56,0.0657,70.31,0.0884,1000.0,0.0,4.199,85.7,99,0,60.0,2026-05-02T00:34:28.620238,4.212
2026-05-02T00:33:28.706112,67.56,0.0657,70.32,0.0869,1000.0,0.0,4.199,85.7,99,0,60.0,2026-05-02T00:34:28.705894,4.212
2026-05-02T00:33:29.639260,67.62,0.0651,70.36,0.0856,1000.0,0.0,4.199,85.7,99,0,60.0,2026-05-02T00:34:29.638921,4.212
2026-05-02T00:33:29.770802,67.62,0.0723,70.37,0.0877,1000.0,0.0,4.199,85.7,99,0,60.0,2026-05-02T00:34:29.770544,4.212
2026-05-02T00:33:29.893326,67.62,0.0723,70.38,0.0891,1000.0,0.0,4.199,85.7,99,0,60.0,2026-05-02T00:34:29.892999,4.212
2026-05-02T00:33:30.657988,67.66,0.0666,70.41,0.0887,1000.0,0.0,4.199,85.7,98,0,60.0,2026-05-02T00:34:30.657787,4.212
2026-05-02T00:33:30.722590,67.66,0.0714,70.42,0.0895,1000.0,0.0,4.199,85.7,98,0,60.0,2026-05-02T00:34:30.722395,4.212
2026-05-02T00:33:30.787151,67.66,0.0714,70.42,0.0898,1000.0,0.0,4.199,85.7,98,0,60.0,2026-05-02T00:34:30.786985,4.212
2026-05-02T00:33:31.782340,67.71,0.0666,70.46,0.0885,1000.0,0.0,4.199,85.7,98,0,60.0,2026-05-02T00:34:31.781913,4.212
2026-05-02T00:33:31.986255,67.71,0.0666,70.47,0.0872,1000.0,0.0,4.199,85.7,98,0,60.0,2026-05-02T00:34:31.985636,4.212
2026-05-02T00:33:32.721765,67.71,0.0666,70.5,0.0867,1000.0,0.0,4.199,85.7,99,0,60.0,2026-05-02T00:34:32.721578,4.212
2026-05-02T00:33:32.794587,67.76,0.0742,70.51,0.0875,1000.0,0.0,4.199,85.6,99,0,60.0,2026-05-02T00:34:32.794373,4.212
2026-05-02T00:33:32.877146,67.76,0.0742,70.52,0.0898,1000.0,0.0,4.199,85.6,99,0,60.0,2026-05-02T00:34:32.876952,4.212
2026-05-02T00:33:33.782039,67.79,0.0742,70.54,0.0917,1000.0,0.0,4.199,85.6,99,0,60.0,2026-05-02T00:34:33.781867,4.212
2026-05-02T00:33:33.846066,67.79,0.0777,70.54,0.093,1000.0,0.0,4.199,85.6,99,0,60.0,2026-05-02T00:34:33.845907,4.212
2026-05-02T00:33:33.909591,67.79,0.0777,70.55,0.0945,1000.0,0.0,4.199,85.6,99,0,60.0,2026-05-02T00:34:33.909425,4.212
2026-05-02T00:33:34.843619,67.81,0.0777,70.57,0.096,1000.0,0.0,4.199,85.6,98,0,60.0,2026-05-02T00:34:34.843435,4.212
2026-05-02T00:33:34.918455,67.81,0.0777,70.57,0.0965,1000.0,0.0,4.199,85.6,98,0,60.0,2026-05-02T00:34:34.918210,4.212
2026-05-02T00:33:35.003533,67.81,0.0777,70.57,0.0967,1000.0,0.0,4.199,85.6,98,0,60.0,2026-05-02T00:34:35.003204,4.212
2026-05-02T00:33:35.893640,67.87,0.0767,70.61,0.0969,1000.0,0.0,4.199,85.6,98,0,60.0,2026-05-02T00:34:35.893446,4.212
2026-05-02T00:33:35.960131,67.87,0.0777,70.62,0.097,1000.0,0.0,4.199,85.6,98,0,60.0,2026-05-02T00:34:35.959960,4.212
2026-05-02T00:33:36.033045,67.87,0.0777,70.62,0.0971,1000.0,0.0,4.199,85.6,98,0,60.0,2026-05-02T00:34:36.032858,4.212
2026-05-02T00:33:36.954744,67.93,0.0786,70.67,0.0972,1000.0,0.0,4.199,85.6,99,0,60.0,2026-05-02T00:34:36.954567,4.212
2026-05-02T00:33:37.028278,67.93,0.0786,70.67,0.0976,1000.0,0.0,4.199,85.6,99,0,60.0,2026-05-02T00:34:37.028094,4.212
2026-05-02T00:33:37.966620,67.93,0.0786,70.71,0.0981,1000.0,0.0,4.199,85.6,99,0,60.0,2026-05-02T00:34:37.966426,4.212
2026-05-02T00:33:38.028797,67.97,0.0786,70.71,0.0977,1000.0,0.0,4.199,85.6,99,0,60.0,2026-05-02T00:34:38.028604,4.212
2026-05-02T00:33:38.126751,67.97,0.0786,70.72,0.0979,1000.0,0.0,4.199,85.6,99,0,60.0,2026-05-02T00:34:38.102732,4.212
2026-05-02T00:33:39.022317,68.04,0.0786,70.76,0.0983,1000.0,0.0,4.199,85.5,99,0,60.0,2026-05-02T00:34:39.022139,4.212
2026-05-02T00:33:39.087789,68.04,0.0786,70.77,0.0975,1000.0,0.0,4.199,85.5,99,0,60.0,2026-05-02T00:34:39.087577,4.212
2026-05-02T00:33:39.156323,68.04,0.0786,70.78,0.0978,1000.0,0.0,4.199,85.5,99,0,60.0,2026-05-02T00:34:39.156141,4.212
2026-05-02T00:33:40.082169,68.09,0.0786,70.82,0.0983,1000.0,0.0,4.199,85.5,99,0,60.0,2026-05-02T00:34:40.082001,4.212
2026-05-02T00:33:40.338969,68.09,0.0877,70.84,0.1027,1000.0,0.0,4.199,85.5,98,0,60.0,2026-05-02T00:34:40.338592,4.212
2026-05-02T00:33:40.443828,68.09,0.0877,70.84,0.1049,1000.0,0.0,4.199,85.5,98,0,60.0,2026-05-02T00:34:40.443268,4.212
2026-05-02T00:33:41.131675,68.13,0.0801,70.87,0.1055,1000.0,0.0,4.199,85.5,98,0,60.0,2026-05-02T00:34:41.131499,4.212
2026-05-02T00:33:41.195179,68.13,0.0801,70.88,0.1032,1000.0,0.0,4.199,85.5,98,0,60.0,2026-05-02T00:34:41.195009,4.212
2026-05-02T00:33:41.260221,68.13,0.0801,70.88,0.1021,1000.0,0.0,4.199,85.5,98,0,60.0,2026-05-02T00:34:41.260087,4.212
2026-05-02T00:33:42.256499,68.17,0.0801,70.92,0.1004,1000.0,0.0,4.199,85.5,98,0,60.0,2026-05-02T00:34:42.256302,4.212
2026-05-02T00:33:42.348537,68.17,0.0801,70.92,0.1003,1000.0,0.0,4.199,85.5,98,0,60.0,2026-05-02T00:34:42.348319,4.212
2026-05-02T00:33:43.239956,68.17,0.0801,70.95,0.1004,1000.0,0.0,4.199,85.5,98,0,60.0,2026-05-02T00:34:43.239575,4.212
2026-05-02T00:33:43.498405,68.21,0.0808,70.96,0.0998,1000.0,0.0,4.199,85.5,98,0,60.0,2026-05-02T00:34:43.497731,4.212
2026-05-02T00:33:43.654173,68.21,0.0808,70.97,0.1004,1000.0,0.0,4.199,85.5,98,0,60.0,2026-05-02T00:34:43.653841,4.212
2026-05-02T00:33:44.285554,68.24,0.0808,70.99,0.1008,1000.0,0.0,4.199,85.5,98,0,60.0,2026-05-02T00:34:44.285295,4.212
2026-05-02T00:33:44.392270,68.24,0.0808,70.99,0.1001,1000.0,0.0,4.199,85.5,98,0,60.0,2026-05-02T00:34:44.391993,4.212
2026-05-02T00:33:44.513944,68.24,0.0808,71.0,0.1005,1000.0,0.0,4.199,85.5,98,0,60.0,2026-05-02T00:34:44.513612,4.212
2026-05-02T00:33:45.317201,68.3,0.0808,71.03,0.101,1000.0,0.0,4.199,85.5,98,0,60.0,2026-05-02T00:34:45.316960,4.212
2026-05-02T00:33:45.380135,68.3,0.0851,71.04,0.103,1000.0,0.0,4.199,85.5,98,0,60.0,2026-05-02T00:34:45.379966,4.212
2026-05-02T00:33:45.443484,68.3,0.0851,71.05,0.1038,1000.0,0.0,4.199,85.5,98,0,60.0,2026-05-02T00:34:45.443323,4.212
2026-05-02T00:33:46.360379,68.35,0.0844,71.09,0.1047,1000.0,0.0,4.199,85.4,98,0,60.0,2026-05-02T00:34:46.360213,4.212
2026-05-02T00:33:46.430789,68.35,0.0851,71.1,0.105,1000.0,0.0,4.199,85.4,98,0,60.0,2026-05-02T00:34:46.430615,4.212
2026-05-02T00:33:46.505418,68.35,0.0851,71.1,0.1052,1000.0,0.0,4.199,85.4,98,0,60.0,2026-05-02T00:34:46.505214,4.212
2026-05-02T00:33:47.431515,68.41,0.0791,71.15,0.1037,1000.0,0.0,4.199,85.4,98,0,60.0,2026-05-02T00:34:47.431315,4.212
2026-05-02T00:33:47.503572,68.41,0.0791,71.15,0.102,1000.0,0.0,4.199,85.4,98,0,60.0,2026-05-02T00:34:47.503389,4.212
2026-05-02T00:33:48.437292,68.41,0.0791,71.19,0.1012,1000.0,0.0,4.199,85.4,98,0,60.0,2026-05-02T00:34:48.437080,4.212
2026-05-02T00:33:48.510295,68.44,0.0768,71.19,0.0992,1000.0,0.0,4.199,85.4,98,0,60.0,2026-05-02T00:34:48.510120,4.212
2026-05-02T00:33:48.584203,68.44,0.0768,71.19,0.0984,1000.0,0.0,4.199,85.4,98,0,60.0,2026-05-02T00:34:48.583890,4.212
2026-05-02T00:33:49.492933,68.51,0.0768,71.23,0.0981,1000.0,0.0,4.199,85.4,98,0,60.0,2026-05-02T00:34:49.492749,4.212
2026-05-02T00:33:49.564431,68.51,0.0784,71.24,0.0982,1000.0,0.0,4.199,85.4,98,0,60.0,2026-05-02T00:34:49.564241,4.212
2026-05-02T00:33:49.655173,68.51,0.0784,71.25,0.0986,1000.0,0.0,4.199,85.4,98,0,60.0,2026-05-02T00:34:49.654926,4.212
2026-05-02T00:33:50.551902,68.56,0.0768,71.29,0.0987,1000.0,0.0,4.199,85.4,98,0,60.0,2026-05-02T00:34:50.551670,4.212
2026-05-02T00:33:50.625602,68.56,0.0912,71.3,0.1048,1000.0,0.0,4.199,85.4,98,0,60.0,2026-05-02T00:34:50.625434,4.212
2026-05-02T00:33:50.698622,68.56,0.0912,71.31,0.1073,1000.0,0.0,4.199,85.4,98,0,60.0,2026-05-02T00:34:50.698445,4.212
2026-05-02T00:33:51.601478,68.61,0.0843,71.35,0.1091,1000.0,0.0,4.199,85.4,98,0,60.0,2026-05-02T00:34:51.601167,4.212
2026-05-02T00:33:51.662966,68.61,0.0843,71.35,0.1074,1000.0,0.0,4.199,85.4,98,0,60.0,2026-05-02T00:34:51.662805,4.212
2026-05-02T00:33:51.727600,68.61,0.0843,71.36,0.1066,1000.0,0.0,4.199,85.4,98,0,60.0,2026-05-02T00:34:51.727379,4.212
2026-05-02T00:33:52.666163,68.66,0.0784,71.4,0.1038,1000.0,0.0,4.199,85.4,99,0,60.0,2026-05-02T00:34:52.665970,4.212
2026-05-02T00:33:52.739660,68.66,0.0784,71.41,0.1019,1000.0,0.0,4.199,85.3,99,0,60.0,2026-05-02T00:34:52.739465,4.212
2026-05-02T00:33:53.675803,68.66,0.0784,71.44,0.101,1000.0,0.0,4.199,85.3,99,0,60.0,2026-05-02T00:34:53.675559,4.212
2026-05-02T00:33:53.746852,68.71,0.0784,71.45,0.0999,1000.0,0.0,4.199,85.3,99,0,60.0,2026-05-02T00:34:53.746682,4.212
2026-05-02T00:33:53.823183,68.71,0.0784,71.46,0.0997,1000.0,0.0,4.199,85.3,99,0,60.0,2026-05-02T00:34:53.822977,4.212
2026-05-02T00:33:54.732335,68.75,0.0784,71.5,0.0997,1000.0,0.0,4.199,85.3,99,0,60.0,2026-05-02T00:34:54.732148,4.212
2026-05-02T00:33:54.806807,68.75,0.0817,71.5,0.1007,1000.0,0.0,4.199,85.3,99,0,60.0,2026-05-02T00:34:54.806614,4.212
2026-05-02T00:33:54.881804,68.75,0.0817,71.5,0.1015,1000.0,0.0,4.199,85.3,99,0,60.0,2026-05-02T00:34:54.881623,4.212
2026-05-02T00:33:55.793083,68.8,0.0817,71.54,0.1024,1000.0,0.0,4.199,85.3,99,0,60.0,2026-05-02T00:34:55.792900,4.212
2026-05-02T00:33:55.868475,68.8,0.0834,71.55,0.1033,1000.0,0.0,4.199,85.3,99,0,60.0,2026-05-02T00:34:55.868197,4.212
2026-05-02T00:33:55.964665,68.8,0.0834,71.55,0.1037,1000.0,0.0,4.199,85.3,99,0,60.0,2026-05-02T00:34:55.964401,4.212
2026-05-02T00:33:56.846037,68.84,0.0885,71.59,0.1049,1000.0,0.0,4.199,85.3,99,0,60.0,2026-05-02T00:34:56.845846,4.212
2026-05-02T00:33:56.920983,68.84,0.0885,71.59,0.107,1000.0,0.0,4.199,85.3,99,0,60.0,2026-05-02T00:34:56.920783,4.212
2026-05-02T00:33:56.995153,68.84,0.0885,71.6,0.1079,1000.0,0.0,4.199,85.3,99,0,60.0,2026-05-02T00:34:56.994966,4.212
2026-05-02T00:33:57.905054,68.89,0.0835,71.62,0.1068,1000.0,0.0,4.199,85.3,99,0,60.0,2026-05-02T00:34:57.904845,4.212
2026-05-02T00:33:57.979266,68.89,0.0835,71.63,0.106,1000.0,0.0,4.199,85.3,99,0,60.0,2026-05-02T00:34:57.979068,4.212
2026-05-02T00:33:58.912193,68.89,0.0835,71.66,0.1057,1000.0,0.0,4.199,85.3,99,0,60.0,2026-05-02T00:34:58.911985,4.212
2026-05-02T00:33:58.979209,68.94,0.0868,71.67,0.1058,1000.0,0.0,4.199,85.2,99,0,60.0,2026-05-02T00:34:58.979021,4.212
2026-05-02T00:33:59.053199,68.94,0.0868,71.68,0.1067,1000.0,0.0,4.199,85.2,99,0,60.0,2026-05-02T00:34:59.052902,4.212
2026-05-02T00:33:59.969264,69.0,0.0868,71.71,0.1077,1000.0,0.0,4.199,85.2,99,0,60.0,2026-05-02T00:34:59.969023,4.212
2026-05-02T00:34:00.032312,69.0,0.0903,71.73,0.1088,1000.0,0.0,4.199,85.2,99,0,60.0,2026-05-02T00:35:00.032145,4.212
2026-05-02T00:34:00.182517,69.0,0.0903,71.73,0.1099,1000.0,0.0,4.199,85.2,99,0,60.0,2026-05-02T00:35:00.169767,4.212
2026-05-02T00:34:01.054691,69.03,0.0903,71.77,0.1113,1000.0,0.0,4.199,85.2,99,0,60.0,2026-05-02T00:35:01.054393,4.212
2026-05-02T00:34:01.281199,69.03,0.0854,71.77,0.1088,1000.0,0.0,4.199,85.2,99,0,60.0,2026-05-02T00:35:01.280912,4.212
2026-05-02T00:34:01.577182,69.03,0.0854,71.78,0.108,1000.0,0.0,4.199,85.2,99,0,60.0,2026-05-02T00:35:01.576636,4.212
2026-05-02T00:34:02.114384,69.07,0.0809,71.8,0.1064,1000.0,0.0,4.199,85.2,99,0,60.0,2026-05-02T00:35:02.113834,4.212
2026-05-02T00:34:02.480473,69.07,0.0854,71.82,0.1067,1000.0,0.0,4.199,85.2,99,0,60.0,2026-05-02T00:35:02.480161,4.212
2026-05-02T00:34:02.590409,69.07,0.0854,71.82,0.1069,1000.0,0.0,4.199,85.2,99,0,60.0,2026-05-02T00:35:02.589970,4.212
2026-05-02T00:34:03.139083,69.11,0.0919,71.84,0.1085,1000.0,0.0,4.199,85.2,99,0,60.0,2026-05-02T00:35:03.138907,4.212
2026-05-02T00:34:03.202259,69.11,0.0919,71.85,0.1105,1000.0,0.0,4.199,85.2,99,0,60.0,2026-05-02T00:35:03.202039,4.212
2026-05-02T00:34:04.236002,69.11,0.0919,71.88,0.1122,1000.0,0.0,4.199,85.2,99,0,60.0,2026-05-02T00:35:04.233449,4.212
2026-05-02T00:34:04.563866,69.14,0.0919,71.89,0.1129,1000.0,0.0,4.199,85.2,99,0,60.0,2026-05-02T00:35:04.562975,4.212
2026-05-02T00:34:04.833232,69.14,0.0919,71.9,0.1134,1000.0,0.0,4.199,85.2,99,0,60.0,2026-05-02T00:35:04.832666,4.212
2026-05-02T00:34:05.212044,69.21,0.0919,71.91,0.1136,1000.0,0.0,4.199,85.1,99,0,60.0,2026-05-02T00:35:05.211851,4.212
2026-05-02T00:34:05.287484,69.21,0.0969,71.93,0.1151,1000.0,0.0,4.199,85.1,99,0,60.0,2026-05-02T00:35:05.287302,4.212
2026-05-02T00:34:05.532181,69.21,0.0969,71.94,0.1164,1000.0,0.0,4.199,85.1,99,0,60.0,2026-05-02T00:35:05.531658,4.212
2026-05-02T00:34:06.433663,69.23,0.0969,71.98,0.1181,1000.0,0.0,4.199,85.1,99,0,60.0,2026-05-02T00:35:06.433179,4.212
2026-05-02T00:34:06.537833,69.23,0.0934,71.98,0.1168,1000.0,0.0,4.199,85.1,99,0,60.0,2026-05-02T00:35:06.537585,4.212
2026-05-02T00:34:06.641730,69.23,0.0934,71.98,0.1163,1000.0,0.0,4.199,85.1,99,0,60.0,2026-05-02T00:35:06.641426,4.212
2026-05-02T00:34:07.321734,69.29,0.0843,72.02,0.1147,1000.0,0.0,4.199,85.1,99,0,60.0,2026-05-02T00:35:07.321540,4.212
2026-05-02T00:34:07.387030,69.29,0.0927,72.03,0.1148,1000.0,0.0,4.199,85.1,99,0,60.0,2026-05-02T00:35:07.386851,4.212
2026-05-02T00:34:07.451182,69.29,0.0927,72.03,0.1148,1000.0,0.0,4.199,85.1,99,0,60.0,2026-05-02T00:35:07.450996,4.212
2026-05-02T00:34:08.469244,69.33,0.0858,72.07,0.112,1000.0,0.0,4.199,85.1,99,0,60.0,2026-05-02T00:35:08.468805,4.212
2026-05-02T00:34:08.606074,69.33,0.0858,72.07,0.1102,1000.0,0.0,4.199,85.1,99,0,60.0,2026-05-02T00:35:08.605688,4.212
2026-05-02T00:34:09.380806,69.33,0.0858,72.1,0.1093,1000.0,0.0,4.199,85.1,99,0,60.0,2026-05-02T00:35:09.380628,4.212
2026-05-02T00:34:09.446441,69.36,0.091,72.1,0.1097,1000.0,0.0,4.199,85.1,99,0,60.0,2026-05-02T00:35:09.446313,4.212
2026-05-02T00:34:09.520566,69.36,0.091,72.1,0.111,1000.0,0.0,4.199,85.1,99,0,60.0,2026-05-02T00:35:09.520383,4.212
2026-05-02T00:34:10.445543,69.41,0.091,72.13,0.1124,1000.0,0.0,4.199,85.1,99,0,60.0,2026-05-02T00:35:10.445326,4.212
2026-05-02T00:34:10.522604,69.41,0.0927,72.14,0.113,1000.0,0.0,4.199,85.1,99,0,60.0,2026-05-02T00:35:10.522386,4.212
2026-05-02T00:34:10.627112,69.41,0.0927,72.15,0.1138,1000.0,0.0,4.199,85.1,99,0,60.0,2026-05-02T00:35:10.626844,4.212
2026-05-02T00:34:11.562433,69.46,0.0876,72.19,0.1138,1000.0,0.0,4.199,85.1,99,0,60.0,2026-05-02T00:35:11.561981,4.212
2026-05-02T00:34:11.675898,69.46,0.0894,72.2,0.1127,1000.0,0.0,4.199,85.1,99,0,60.0,2026-05-02T00:35:11.675618,4.212
2026-05-02T00:34:11.789069,69.46,0.0894,72.2,0.1123,1000.0,0.0,4.199,85.1,99,0,60.0,2026-05-02T00:35:11.788745,4.212
2026-05-02T00:34:12.563041,69.49,0.0894,72.23,0.112,1000.0,0.0,4.199,85.1,99,0,60.0,2026-05-02T00:35:12.562845,4.212
2026-05-02T00:34:12.636521,69.49,0.0961,72.23,0.1148,1000.0,0.0,4.199,85.1,99,0,60.0,2026-05-02T00:35:12.636256,4.212
2026-05-02T00:34:12.711408,69.49,0.0961,72.23,0.1161,1000.0,0.0,4.199,85.1,99,0,60.0,2026-05-02T00:35:12.711210,4.212
2026-05-02T00:34:13.618671,69.52,0.1069,72.26,0.1196,1000.0,0.0,4.199,85.1,99,0,60.0,2026-05-02T00:35:13.618381,4.213
2026-05-02T00:34:13.689713,69.52,0.1069,72.26,0.1236,1000.0,0.0,4.199,85.0,99,0,60.0,2026-05-02T00:35:13.689521,4.213
2026-05-02T00:34:14.621965,69.52,0.1069,72.3,0.1266,1000.0,0.0,4.199,85.0,99,0,60.0,2026-05-02T00:35:14.621756,4.213
2026-05-02T00:34:14.695857,69.55,0.0988,72.3,0.1237,1000.0,0.0,4.199,85.0,99,0,60.0,2026-05-02T00:35:14.695663,4.213
2026-05-02T00:34:14.770593,69.55,0.0988,72.3,0.1228,1000.0,0.0,4.199,85.0,99,0,60.0,2026-05-02T00:35:14.770367,4.213
2026-05-02T00:34:15.700981,69.59,0.0988,72.33,0.1223,1000.0,0.0,4.199,85.0,99,0,60.0,2026-05-02T00:35:15.700625,4.213
2026-05-02T00:34:15.819620,69.59,0.1011,72.33,0.1209,1000.0,0.0,4.199,85.0,99,0,60.0,2026-05-02T00:35:15.819280,4.213
2026-05-02T00:34:15.995976,69.59,0.1011,72.34,0.1221,1000.0,0.0,4.199,85.0,99,0,60.0,2026-05-02T00:35:15.995447,4.213
2026-05-02T00:34:16.780382,69.63,0.1011,72.37,0.1232,1000.0,0.0,4.199,85.0,99,0,60.0,2026-05-02T00:35:16.780113,4.213
2026-05-02T00:34:16.890391,69.63,0.1038,72.37,0.1246,1000.0,0.0,4.199,85.0,99,0,60.0,2026-05-02T00:35:16.890138,4.213
2026-05-02T00:34:16.990167,69.63,0.1038,72.38,0.1253,1000.0,0.0,4.199,85.0,99,0,60.0,2026-05-02T00:35:16.989921,4.213
2026-05-02T00:34:17.794171,69.68,0.0961,72.41,0.1248,1000.0,0.0,4.199,85.0,99,0,60.0,2026-05-02T00:35:17.793944,4.213
2026-05-02T00:34:17.858133,69.68,0.1012,72.42,0.1245,1000.0,0.0,4.199,85.0,99,0,60.0,2026-05-02T00:35:17.857971,4.213
2026-05-02T00:34:17.923704,69.68,0.1012,72.42,0.1243,1000.0,0.0,4.199,85.0,99,0,60.0,2026-05-02T00:35:17.923505,4.213
2026-05-02T00:34:18.856100,69.71,0.1028,72.46,0.1232,1000.0,0.0,4.199,85.0,98,0,60.0,2026-05-02T00:35:18.855877,4.213
2026-05-02T00:34:18.928469,69.71,0.1028,72.46,0.1243,1000.0,0.0,4.199,85.0,98,0,60.0,2026-05-02T00:35:18.928278,4.213
2026-05-02T00:34:19.864856,69.71,0.1028,72.49,0.1252,1000.0,0.0,4.199,85.0,98,0,60.0,2026-05-02T00:35:19.864688,4.213
2026-05-02T00:34:19.930239,69.77,0.1045,72.5,0.1259,1000.0,0.0,4.199,85.0,98,0,60.0,2026-05-02T00:35:19.930061,4.213
2026-05-02T00:34:19.994236,69.77,0.1045,72.51,0.1266,1000.0,0.0,4.199,85.0,98,0,60.0,2026-05-02T00:35:19.994070,4.213
2026-05-02T00:34:20.927532,69.81,0.1045,72.55,0.1273,1000.0,0.0,4.199,84.9,98,0,60.0,2026-05-02T00:35:20.927289,4.213
2026-05-02T00:34:21.002015,69.81,0.1045,72.55,0.1272,1000.0,0.0,4.199,84.9,98,0,60.0,2026-05-02T00:35:21.001755,4.213
2026-05-02T00:34:21.075556,69.81,0.1045,72.55,0.1273,1000.0,0.0,4.199,84.9,98,0,60.0,2026-05-02T00:35:21.075375,4.213
2026-05-02T00:34:22.006082,69.86,0.102,72.59,0.1273,1000.0,0.0,4.199,84.9,98,0,60.0,2026-05-02T00:35:22.005780,4.213
2026-05-02T00:34:22.120236,69.86,0.1056,72.59,0.1277,1000.0,0.0,4.199,84.9,98,0,60.0,2026-05-02T00:35:22.119731,4.213
2026-05-02T00:34:22.414738,69.86,0.1056,72.6,0.1282,1000.0,0.0,4.199,84.9,98,0,60.0,2026-05-02T00:35:22.414422,4.213
2026-05-02T00:34:23.033015,69.9,0.1056,72.63,0.1287,1000.0,0.0,4.199,84.9,98,0,60.0,2026-05-02T00:35:23.032836,4.213
2026-05-02T00:34:23.096909,69.9,0.1071,72.64,0.1294,1000.0,0.0,4.199,84.9,98,0,60.0,2026-05-02T00:35:23.096737,4.213
2026-05-02T00:34:23.161013,69.9,0.1071,72.64,0.1297,1000.0,0.0,4.199,84.9,98,0,60.0,2026-05-02T00:35:23.160842,4.213
2026-05-02T00:34:24.136848,69.95,0.1054,72.67,0.1297,1000.0,0.0,4.199,84.9,98,0,60.0,2026-05-02T00:35:24.106585,4.213
2026-05-02T00:34:24.272034,69.95,0.1054,72.68,0.1293,1000.0,0.0,4.199,84.9,98,0,60.0,2026-05-02T00:35:24.271846,4.213
2026-05-02T00:34:25.107039,69.95,0.1054,72.71,0.1292,1000.0,0.0,4.199,84.9,98,0,60.0,2026-05-02T00:35:25.106803,4.213
2026-05-02T00:34:25.181302,70.0,0.1054,72.72,0.1262,1000.0,0.0,4.199,84.9,98,0,60.0,2026-05-02T00:35:25.181106,4.213
2026-05-02T00:34:25.271187,70.0,0.1054,72.73,0.1272,1000.0,0.0,4.199,84.9,98,0,60.0,2026-05-02T00:35:25.270932,4.213
2026-05-02T00:34:26.210453,70.04,0.1054,72.76,0.1283,1000.0,0.0,4.199,84.9,98,0,60.0,2026-05-02T00:35:26.204075,4.213
2026-05-02T00:34:26.272830,70.04,0.1096,72.77,0.129,1000.0,0.0,4.199,84.9,98,0,60.0,2026-05-02T00:35:26.272688,4.213
2026-05-02T00:34:26.346657,70.04,0.1096,72.77,0.1305,1000.0,0.0,4.199,84.9,98,0,60.0,2026-05-02T00:35:26.346489,4.213
2026-05-02T00:34:27.265979,70.08,0.1069,72.81,0.1317,1000.0,0.0,4.199,84.9,98,0,60.0,2026-05-02T00:35:27.265370,4.213
2026-05-02T00:34:27.427917,70.08,0.1096,72.81,0.1322,1000.0,0.0,4.199,84.9,98,0,60.0,2026-05-02T00:35:27.427449,4.213
2026-05-02T00:34:27.568968,70.08,0.1096,72.82,0.1326,1000.0,0.0,4.199,84.9,98,0,60.0,2026-05-02T00:35:27.568586,4.213
2026-05-02T00:34:28.259006,70.12,0.1096,72.85,0.1328,1000.0,0.0,4.199,84.8,98,0,60.0,2026-05-02T00:35:28.258825,4.213
2026-05-02T00:34:28.328418,70.12,0.1096,72.85,0.133,1000.0,0.0,4.199,84.8,98,0,60.0,2026-05-02T00:35:28.328243,4.213
2026-05-02T00:34:28.402970,70.12,0.1096,72.85,0.1331,1000.0,0.0,4.199,84.8,98,0,60.0,2026-05-02T00:35:28.402716,4.213
2026-05-02T00:34:29.329425,70.17,0.1096,72.9,0.1334,1000.0,0.0,4.199,84.8,98,0,60.0,2026-05-02T00:35:29.329256,4.213
2026-05-02T00:34:29.393388,70.17,0.1096,72.9,0.1334,1000.0,0.0,4.199,84.8,98,0,60.0,2026-05-02T00:35:29.393222,4.213
2026-05-02T00:34:30.338171,70.17,0.1096,72.94,0.1336,1000.0,0.0,4.199,84.8,99,0,60.0,2026-05-02T00:35:30.337981,4.213
2026-05-02T00:34:30.432846,70.23,0.113,71.39,0.1192,1000.0,0.15,4.199,84.8,99,0,60.0,2026-05-02T00:35:30.432579,4.355
2026-05-02T00:34:30.640407,70.23,0.113,71.4,0.1206,1000.0,0.15,4.199,84.8,99,0,60.0,2026-05-02T00:35:30.639879,4.355
2026-05-02T00:34:31.428531,70.29,0.113,71.42,0.1219,1000.0,0.15,4.199,84.8,99,0,60.0,2026-05-02T00:35:31.428142,4.357
2026-05-02T00:34:31.629887,70.29,0.1128,71.44,0.1209,1000.0,0.15,4.199,84.8,99,0,60.0,2026-05-02T00:35:31.629538,4.357
2026-05-02T00:34:31.798324,70.29,0.1128,71.45,0.1216,1000.0,0.15,4.199,84.8,99,0,60.0,2026-05-02T00:35:31.798005,4.357
2026-05-02T00:34:32.711423,70.35,0.1062,71.47,0.1212,1000.0,0.15,4.199,84.8,99,0,60.0,2026-05-02T00:35:32.681038,4.358
2026-05-02T00:34:32.887381,70.35,0.1069,71.49,0.1188,1000.0,0.15,4.199,84.8,99,0,60.0,2026-05-02T00:35:32.887129,4.358
2026-05-02T00:34:32.996640,70.35,0.1069,71.5,0.118,1000.0,0.15,4.199,84.8,99,0,60.0,2026-05-02T00:35:32.996428,4.358
2026-05-02T00:34:33.525045,70.38,0.1069,71.52,0.1174,1000.0,0.15,4.199,84.8,99,0,60.0,2026-05-02T00:35:33.524874,4.358
2026-05-02T00:34:33.609457,70.38,0.1096,71.63,0.1191,1000.0,0.14,4.199,84.8,99,0,60.0,2026-05-02T00:35:33.609283,4.349
2026-05-02T00:34:33.700314,70.38,0.1096,71.63,0.1195,1000.0,0.14,4.199,84.8,99,0,60.0,2026-05-02T00:35:33.699973,4.349
2026-05-02T00:34:34.691762,70.43,0.1096,71.67,0.1194,1000.0,0.14,4.199,84.8,99,0,60.0,2026-05-02T00:35:34.691268,4.35
2026-05-02T00:34:34.827102,70.43,0.1096,71.68,0.1198,1000.0,0.14,4.199,84.7,99,0,60.0,2026-05-02T00:35:34.826868,4.349
2026-05-02T00:34:35.590025,70.43,0.1096,71.7,0.1201,1000.0,0.14,4.199,84.7,99,0,60.0,2026-05-02T00:35:35.589789,4.35
2026-05-02T00:34:35.680575,70.48,0.1096,72.13,0.1234,1000.0,0.1,4.199,84.7,99,0,60.0,2026-05-02T00:35:35.680380,4.312
2026-05-02T00:34:35.771609,70.48,0.1096,72.14,0.1236,1000.0,0.1,4.199,84.7,99,0,60.0,2026-05-02T00:35:35.771413,4.311
2026-05-02T00:34:36.669878,70.52,0.1096,72.17,0.1239,1000.0,0.1,4.199,84.7,99,0,60.0,2026-05-02T00:35:36.669607,4.312
2026-05-02T00:34:36.779271,70.52,0.1096,72.39,0.1259,1000.0,0.08,4.199,84.7,99,0,60.0,2026-05-02T00:35:36.779050,4.292
2026-05-02T00:34:36.905946,70.52,0.1096,72.4,0.1259,1000.0,0.08,4.199,84.7,99,0,60.0,2026-05-02T00:35:36.905668,4.292
2026-05-02T00:34:37.742785,70.56,0.1096,72.43,0.1261,1000.0,0.08,4.199,84.7,99,0,60.0,2026-05-02T00:35:37.742188,4.292
2026-05-02T00:34:37.877932,70.56,0.1114,72.43,0.1261,1000.0,0.08,4.199,84.7,99,0,60.0,2026-05-02T00:35:37.877643,4.292
2026-05-02T00:34:38.048294,70.56,0.1114,72.44,0.1269,1000.0,0.08,4.199,84.7,99,0,60.0,2026-05-02T00:35:38.047824,4.291
2026-05-02T00:34:38.761625,70.59,0.1028,72.46,0.1253,1000.0,0.08,4.199,84.7,99,0,60.0,2026-05-02T00:35:38.761416,4.292
2026-05-02T00:34:38.850643,70.59,0.1114,71.44,0.1172,1000.0,0.18,4.199,84.7,99,0,60.0,2026-05-02T00:35:38.850388,4.386
2026-05-02T00:34:38.944373,70.59,0.1114,71.44,0.1177,1000.0,0.18,4.199,84.7,99,0,60.0,2026-05-02T00:35:38.944159,4.386
2026-05-02T00:34:39.846584,70.64,0.113,71.47,0.1187,1000.0,0.18,4.199,84.7,99,0,60.0,2026-05-02T00:35:39.846314,4.388
2026-05-02T00:34:39.976666,70.64,0.113,70.3,0.111,1000.0,0.3,4.199,84.7,99,0,60.0,2026-05-02T00:35:39.976340,4.502
2026-05-02T00:34:40.825191,70.64,0.113,70.3,0.1114,1000.0,0.3,4.199,84.7,99,0,60.0,2026-05-02T00:35:40.824966,4.505
2026-05-02T00:34:40.906227,70.67,0.113,70.32,0.1113,1000.0,0.3,4.199,84.7,99,0,60.0,2026-05-02T00:35:40.906034,4.504
2026-05-02T00:34:40.988247,70.67,0.113,70.33,0.1115,1000.0,0.3,4.199,84.7,99,0,60.0,2026-05-02T00:35:40.988049,4.503
2026-05-02T00:34:41.883429,70.69,0.113,70.34,0.1117,1000.0,0.3,4.199,84.7,99,0,60.0,2026-05-02T00:35:41.883097,4.506
2026-05-02T00:34:41.973665,70.69,0.113,71.13,0.1165,1000.0,0.22,4.199,84.7,99,0,60.0,2026-05-02T00:35:41.973477,4.429
2026-05-02T00:34:42.071108,70.69,0.113,71.14,0.1166,1000.0,0.22,4.199,84.7,99,0,60.0,2026-05-02T00:35:42.070573,4.428
2026-05-02T00:34:42.940543,70.74,0.1119,71.15,0.1166,1000.0,0.22,4.199,84.6,99,0,60.0,2026-05-02T00:35:42.940321,4.429
2026-05-02T00:34:43.034078,70.74,0.113,71.66,0.1209,1000.0,0.17,4.199,84.6,99,0,60.0,2026-05-02T00:35:43.033860,4.38
2026-05-02T00:34:43.135054,70.74,0.113,71.67,0.121,1000.0,0.17,4.199,84.6,99,0,60.0,2026-05-02T00:35:43.134793,4.379
2026-05-02T00:34:43.997002,70.77,0.1147,71.69,0.1212,1000.0,0.17,4.199,84.6,99,0,60.0,2026-05-02T00:35:43.996829,4.38
2026-05-02T00:34:44.078850,70.77,0.1163,72.11,0.1263,1000.0,0.13,4.199,84.6,99,0,60.0,2026-05-02T00:35:44.077719,4.341
2026-05-02T00:34:44.381679,70.77,0.1163,72.11,0.127,1000.0,0.13,4.199,84.6,99,0,60.0,2026-05-02T00:35:44.365749,4.341
2026-05-02T00:34:45.067374,70.78,0.1163,72.13,0.1276,1000.0,0.13,4.199,84.6,99,0,60.0,2026-05-02T00:35:45.067096,4.341
2026-05-02T00:34:45.157996,70.78,0.1163,72.54,0.1317,1000.0,0.09,4.199,84.6,99,0,60.0,2026-05-02T00:35:45.157810,4.302
2026-05-02T00:34:46.066143,70.78,0.1163,72.56,0.132,1000.0,0.09,4.199,84.6,99,0,60.0,2026-05-02T00:35:46.065428,4.303
2026-05-02T00:34:46.561212,70.82,0.1155,72.78,0.133,1000.0,0.07,4.199,84.6,99,0,60.0,2026-05-02T00:35:46.556967,4.283
2026-05-02T00:34:46.748405,70.82,0.1155,72.79,0.1331,1000.0,0.07,4.199,84.6,99,0,60.0,2026-05-02T00:35:46.747842,4.282
2026-05-02T00:34:47.121862,70.88,0.1155,72.81,0.1332,1000.0,0.07,4.199,84.6,99,0,60.0,2026-05-02T00:35:47.121630,4.282
2026-05-02T00:34:47.247651,70.88,0.1128,73.04,0.1336,1000.0,0.05,4.199,84.6,99,0,60.0,2026-05-02T00:35:47.247400,4.263
2026-05-02T00:34:47.461767,70.88,0.1128,73.05,0.1332,1000.0,0.05,4.199,84.6,99,0,60.0,2026-05-02T00:35:47.461379,4.262
2026-05-02T00:34:48.359082,70.91,0.1128,73.08,0.133,1000.0,0.05,4.199,84.6,99,0,60.0,2026-05-02T00:35:48.338232,4.263
2026-05-02T00:34:48.727030,70.91,0.1214,73.2,0.1377,1000.0,0.04,4.199,84.6,99,0,60.0,2026-05-02T00:35:48.719957,4.253
2026-05-02T00:34:48.897253,70.91,0.1214,73.21,0.1399,1000.0,0.04,4.199,84.6,98,0,60.0,2026-05-02T00:35:48.896822,4.253
2026-05-02T00:34:49.278129,70.97,0.1222,73.23,0.1403,1000.0,0.04,4.199,84.6,98,0,60.0,2026-05-02T00:35:49.277885,4.253
2026-05-02T00:34:49.466071,70.97,0.1256,73.36,0.144,1000.0,0.03,4.199,84.6,98,0,60.0,2026-05-02T00:35:49.465742,4.243
2026-05-02T00:34:49.686064,70.97,0.1256,73.37,0.1455,1000.0,0.03,4.199,84.6,98,0,60.0,2026-05-02T00:35:49.685705,4.242
2026-05-02T00:34:50.646658,71.01,0.1214,73.4,0.1453,1000.0,0.03,4.199,84.5,98,0,60.0,2026-05-02T00:35:50.642643,4.242
2026-05-02T00:34:50.952739,71.01,0.1214,73.53,0.1454,1000.0,0.02,4.199,84.5,99,0,60.0,2026-05-02T00:35:50.952441,4.233
2026-05-02T00:34:51.319522,71.01,0.1214,73.54,0.145,1000.0,0.02,4.199,84.5,99,0,60.0,2026-05-02T00:35:51.319276,4.233
2026-05-02T00:34:51.461445,71.05,0.1155,73.55,0.1426,1000.0,0.02,4.199,84.5,99,0,60.0,2026-05-02T00:35:51.460885,4.233
2026-05-02T00:34:51.872826,71.05,0.1155,73.56,0.1409,1000.0,0.02,4.199,84.5,99,0,60.0,2026-05-02T00:35:51.872450,4.233
2026-05-02T00:34:52.463225,71.09,0.1155,73.59,0.1398,1000.0,0.02,4.199,84.5,99,0,60.0,2026-05-02T00:35:52.462933,4.233
2026-05-02T00:34:52.616417,71.09,0.118,73.7,0.141,1000.0,0.01,4.199,84.5,99,0,60.0,2026-05-02T00:35:52.615907,4.223
2026-05-02T00:34:52.815761,71.09,0.118,73.71,0.1415,1000.0,0.01,4.199,84.5,99,0,60.0,2026-05-02T00:35:52.815341,4.223
2026-05-02T00:34:53.607143,71.15,0.118,73.74,0.1421,1000.0,0.01,4.199,84.5,99,0,60.0,2026-05-02T00:35:53.606519,4.223
2026-05-02T00:34:53.839308,71.15,0.1191,73.76,0.1427,1000.0,0.01,4.199,84.5,99,0,60.0,2026-05-02T00:35:53.838882,4.223
2026-05-02T00:34:54.268228,71.15,0.1191,73.77,0.143,1000.0,0.01,4.199,84.5,99,0,60.0,2026-05-02T00:35:54.249404,4.223
2026-05-02T00:34:55.100053,71.21,0.1206,73.81,0.1437,1000.0,0.01,4.199,84.5,99,0,60.0,2026-05-02T00:35:55.098971,4.223
2026-05-02T00:34:55.436884,71.21,0.1206,73.82,0.1444,1000.0,0.01,4.199,84.5,99,0,60.0,2026-05-02T00:35:55.436393,4.223
2026-05-02T00:34:55.790353,71.21,0.1206,73.83,0.1447,1000.0,0.01,4.199,84.5,99,0,60.0,2026-05-02T00:35:55.790022,4.223
2026-05-02T00:34:56.274959,71.25,0.1206,73.85,0.1448,1000.0,0.01,4.199,84.5,99,0,60.0,2026-05-02T00:35:56.274326,4.222
2026-05-02T00:34:56.720522,71.25,0.1206,73.87,0.1451,1000.0,0.01,4.199,84.5,99,0,60.0,2026-05-02T00:35:56.702723,4.222
2026-05-02T00:34:57.106611,71.25,0.1206,73.88,0.1451,1000.0,0.01,4.199,84.5,99,0,60.0,2026-05-02T00:35:57.106123,4.222
2026-05-02T00:34:57.293070,71.29,0.1272,74.0,0.1476,1000.0,0.0,4.199,84.5,99,0,60.0,2026-05-02T00:35:57.292719,4.213
2026-05-02T00:34:57.428042,71.29,0.1272,74.01,0.1497,1000.0,0.0,4.199,84.5,99,0,60.0,2026-05-02T00:35:57.427717,4.213
2026-05-02T00:34:57.613302,71.34,0.1272,74.02,0.151,1000.0,0.0,4.199,84.4,99,0,60.0,2026-05-02T00:35:57.612992,4.213
2026-05-02T00:34:57.725697,71.34,0.1214,74.04,0.1495,1000.0,0.0,4.199,84.4,99,0,60.0,2026-05-02T00:35:57.725258,4.213
2026-05-02T00:34:57.887547,71.34,0.1214,74.05,0.1486,1000.0,0.0,4.199,84.4,99,0,60.0,2026-05-02T00:35:57.887237,4.213
2026-05-02T00:34:58.669947,71.39,0.1197,74.09,0.1477,1000.0,0.0,4.199,84.4,99,0,60.0,2026-05-02T00:35:58.669670,4.213
2026-05-02T00:34:58.778024,71.39,0.1214,74.1,0.1473,1000.0,0.0,4.199,84.4,99,0,60.0,2026-05-02T00:35:58.777773,4.213
2026-05-02T00:34:58.875356,71.39,0.1214,74.11,0.1473,1000.0,0.0,4.199,84.4,99,0,60.0,2026-05-02T00:35:58.875144,4.213
2026-05-02T00:34:59.705381,71.45,0.1214,74.15,0.1473,1000.0,0.0,4.199,84.4,99,0,60.0,2026-05-02T00:35:59.705067,4.213
2026-05-02T00:34:59.829051,71.45,0.1222,74.16,0.1476,1000.0,0.0,4.199,84.4,99,0,60.0,2026-05-02T00:35:59.828751,4.213
2026-05-02T00:35:00.011864,71.45,0.1222,74.17,0.1479,1000.0,0.0,4.199,84.4,99,0,60.0,2026-05-02T00:36:00.011540,4.213
2026-05-02T00:35:00.758414,71.49,0.1222,74.21,0.1479,1000.0,0.0,4.199,84.4,99,0,60.0,2026-05-02T00:36:00.758232,4.213
2026-05-02T00:35:00.834220,71.49,0.1222,74.21,0.148,1000.0,0.0,4.199,84.4,99,0,60.0,2026-05-02T00:36:00.833966,4.213
2026-05-02T00:35:01.779198,71.49,0.1222,74.24,0.1484,1000.0,0.0,4.199,84.4,99,0,60.0,2026-05-02T00:36:01.778825,4.213
2026-05-02T00:35:01.910957,71.53,0.1249,74.25,0.1491,1000.0,0.0,4.199,84.4,99,0,60.0,2026-05-02T00:36:01.910487,4.213
2026-05-02T00:35:02.052862,71.53,0.1249,74.26,0.1499,1000.0,0.0,4.199,84.4,99,0,60.0,2026-05-02T00:36:02.052045,4.213
2026-05-02T00:35:02.823634,71.58,0.1249,74.29,0.1507,1000.0,0.0,4.199,84.4,99,0,60.0,2026-05-02T00:36:02.823452,4.213
2026-05-02T00:35:02.889095,71.58,0.1272,74.3,0.1516,1000.0,0.0,4.199,84.4,99,0,60.0,2026-05-02T00:36:02.888909,4.213
2026-05-02T00:35:02.955559,71.58,0.1272,74.3,0.1522,1000.0,0.0,4.199,84.4,99,0,60.0,2026-05-02T00:36:02.955396,4.213
2026-05-02T00:35:03.929690,71.66,0.1265,74.35,0.1529,1000.0,0.0,4.199,84.3,99,0,60.0,2026-05-02T00:36:03.929231,4.213
2026-05-02T00:35:04.122181,71.66,0.1265,74.37,0.1528,1000.0,0.0,4.199,84.3,99,0,60.0,2026-05-02T00:36:04.120641,4.213
2026-05-02T00:35:04.421762,71.66,0.1265,74.38,0.1528,1000.0,0.0,4.199,84.3,99,0,60.0,2026-05-02T00:36:04.421474,4.213
2026-05-02T00:35:04.932587,71.68,0.1249,74.4,0.1524,1000.0,0.0,4.199,84.3,99,0,60.0,2026-05-02T00:36:04.932405,4.213
2026-05-02T00:35:04.997846,71.68,0.1249,74.4,0.1519,1000.0,0.0,4.199,84.3,99,0,60.0,2026-05-02T00:36:04.997673,4.213
2026-05-02T00:35:05.063891,71.68,0.1249,74.4,0.1516,1000.0,0.0,4.199,84.3,99,0,60.0,2026-05-02T00:36:05.063733,4.213
2026-05-02T00:35:05.988219,71.75,0.1249,74.45,0.1515,1000.0,0.0,4.199,84.3,99,0,60.0,2026-05-02T00:36:05.988037,4.213
2026-05-02T00:35:06.062968,71.75,0.1249,74.46,0.1514,1000.0,0.0,4.199,84.3,99,0,60.0,2026-05-02T00:36:06.062578,4.213
2026-05-02T00:35:07.004120,71.75,0.1249,74.5,0.1517,1000.0,0.0,4.199,84.3,99,0,60.0,2026-05-02T00:36:07.003926,4.213
2026-05-02T00:35:07.078015,71.79,0.1249,74.5,0.1514,1000.0,0.0,4.199,84.3,99,0,60.0,2026-05-02T00:36:07.077835,4.213
2026-05-02T00:35:07.142060,71.79,0.1249,74.51,0.1514,1000.0,0.0,4.199,84.3,99,0,60.0,2026-05-02T00:36:07.141900,4.213
2026-05-02T00:35:08.061017,71.83,0.1249,74.54,0.1515,1000.0,0.0,4.199,84.3,99,0,60.0,2026-05-02T00:36:08.060836,4.213
2026-05-02T00:35:08.197702,71.83,0.1256,74.55,0.1516,1000.0,0.0,4.199,84.3,99,0,60.0,2026-05-02T00:36:08.172284,4.213
2026-05-02T00:35:08.324986,71.83,0.1256,74.55,0.1518,1000.0,0.0,4.199,84.3,99,0,60.0,2026-05-02T00:36:08.324771,4.213
2026-05-02T00:35:09.120728,71.89,0.1249,74.59,0.152,1000.0,0.0,4.199,84.2,99,0,60.0,2026-05-02T00:36:09.120522,4.213
2026-05-02T00:35:09.195437,71.89,0.1281,74.6,0.153,1000.0,0.0,4.199,84.2,99,0,60.0,2026-05-02T00:36:09.195212,4.213
2026-05-02T00:35:09.272020,71.89,0.1281,74.61,0.1535,1000.0,0.0,4.199,84.2,99,0,60.0,2026-05-02T00:36:09.271788,4.213
2026-05-02T00:35:10.249738,71.93,0.1273,74.65,0.1543,1000.0,0.0,4.199,84.2,99,0,60.0,2026-05-02T00:36:10.249419,4.213
2026-05-02T00:35:10.321075,71.93,0.1273,74.65,0.1541,1000.0,0.0,4.199,84.2,99,0,60.0,2026-05-02T00:36:10.320891,4.213
2026-05-02T00:35:10.422072,71.93,0.1273,74.65,0.154,1000.0,0.0,4.199,84.2,99,0,60.0,2026-05-02T00:36:10.421887,4.213
2026-05-02T00:35:11.229463,71.98,0.1254,74.69,0.1526,1000.0,0.0,4.199,84.2,99,0,60.0,2026-05-02T00:36:11.229284,4.213
2026-05-02T00:35:11.298754,71.98,0.1254,74.7,0.1524,1000.0,0.0,4.199,84.2,99,0,60.0,2026-05-02T00:36:11.298579,4.213
2026-05-02T00:35:12.240157,71.98,0.1254,74.73,0.1525,1000.0,0.0,4.199,84.2,99,0,60.0,2026-05-02T00:36:12.239916,4.213
2026-05-02T00:35:12.371780,72.03,0.1256,74.75,0.152,1000.0,0.0,4.199,84.2,99,0,60.0,2026-05-02T00:36:12.371154,4.213
2026-05-02T00:35:12.598704,72.03,0.1256,74.76,0.1522,1000.0,0.0,4.199,84.2,99,0,60.0,2026-05-02T00:36:12.598311,4.213
2026-05-02T00:35:13.302356,72.08,0.1256,74.78,0.1525,1000.0,0.0,4.199,84.2,99,0,60.0,2026-05-02T00:36:13.302025,4.213
2026-05-02T00:35:13.403606,72.08,0.1348,74.79,0.1555,1000.0,0.0,4.199,84.2,99,0,60.0,2026-05-02T00:36:13.403287,4.213
2026-05-02T00:35:13.582836,72.08,0.1348,74.79,0.1579,1000.0,0.0,4.199,84.2,99,0,60.0,2026-05-02T00:36:13.582289,4.213
2026-05-02T00:35:14.361640,72.12,0.1298,74.82,0.1594,1000.0,0.0,4.199,84.2,99,0,60.0,2026-05-02T00:36:14.361402,4.213
2026-05-02T00:35:14.453990,72.12,0.1348,74.83,0.16,1000.0,0.0,4.199,84.2,99,0,60.0,2026-05-02T00:36:14.453640,4.213
2026-05-02T00:35:14.557939,72.12,0.1348,74.83,0.1607,1000.0,0.0,4.199,84.2,99,0,60.0,2026-05-02T00:36:14.557692,4.213
2026-05-02T00:35:15.410839,72.17,0.1417,74.87,0.1624,1000.0,0.0,4.199,84.2,99,0,60.0,2026-05-02T00:36:15.410618,4.213
2026-05-02T00:35:15.476029,72.17,0.1417,74.87,0.1651,1000.0,0.0,4.199,84.2,99,0,60.0,2026-05-02T00:36:15.475873,4.213
2026-05-02T00:35:15.548390,72.17,0.1417,74.88,0.1663,1000.0,0.0,4.199,84.2,99,0,60.0,2026-05-02T00:36:15.548213,4.213
2026-05-02T00:35:16.501426,72.2,0.129,74.91,0.1631,1000.0,0.0,4.199,84.2,99,0,60.0,2026-05-02T00:36:16.501026,4.213
2026-05-02T00:35:16.606031,72.2,0.129,74.91,0.1601,1000.0,0.0,4.199,84.1,99,0,60.0,2026-05-02T00:36:16.605784,4.213
2026-05-02T00:35:17.479645,72.2,0.129,74.94,0.1586,1000.0,0.0,4.199,84.1,99,0,60.0,2026-05-02T00:36:17.479461,4.213
2026-05-02T00:35:17.543096,72.25,0.1298,74.95,0.1574,1000.0,0.0,4.199,84.1,99,0,60.0,2026-05-02T00:36:17.542952,4.213
2026-05-02T00:35:17.605250,72.25,0.1298,74.96,0.1572,1000.0,0.0,4.199,84.1,99,0,60.0,2026-05-02T00:36:17.605082,4.213
2026-05-02T00:35:18.551656,72.29,0.1298,74.99,0.1573,1000.0,0.0,4.199,84.1,99,0,60.0,2026-05-02T00:36:18.551355,4.213
2026-05-02T00:35:18.645239,72.29,0.134,75.0,0.1583,1000.0,0.0,4.199,84.1,99,0,60.0,2026-05-02T00:36:18.645029,4.213
2026-05-02T00:35:18.731221,72.29,0.134,75.0,0.1593,1000.0,0.0,4.199,84.1,99,0,60.0,2026-05-02T00:36:18.730998,4.213
2026-05-02T00:35:19.588229,72.36,0.134,75.04,0.1605,1000.0,0.0,4.199,84.1,99,0,60.0,2026-05-02T00:36:19.588006,4.213
2026-05-02T00:35:19.682693,72.36,0.1398,75.06,0.1628,1000.0,0.0,4.199,84.1,99,0,60.0,2026-05-02T00:36:19.682467,4.213
2026-05-02T00:35:19.856246,72.36,0.1398,75.07,0.1644,1000.0,0.0,4.199,84.1,99,0,60.0,2026-05-02T00:36:19.855967,4.213
2026-05-02T00:35:20.649392,72.38,0.1307,75.1,0.1636,1000.0,0.0,4.199,84.1,99,0,60.0,2026-05-02T00:36:20.649201,4.213
2026-05-02T00:35:20.722904,72.38,0.1341,75.1,0.1626,1000.0,0.0,4.199,84.1,99,0,60.0,2026-05-02T00:36:20.722701,4.213
2026-05-02T00:35:20.808234,72.38,0.1341,75.1,0.1622,1000.0,0.0,4.199,84.1,99,0,60.0,2026-05-02T00:36:20.807930,4.213
2026-05-02T00:35:21.719576,72.41,0.1348,75.13,0.1619,1000.0,0.0,4.199,84.1,99,0,60.0,2026-05-02T00:36:21.719308,4.213
2026-05-02T00:35:21.826835,72.41,0.1348,75.13,0.162,1000.0,0.0,4.199,84.1,99,0,60.0,2026-05-02T00:36:21.826570,4.213
2026-05-02T00:35:22.718865,72.41,0.1348,75.16,0.1624,1000.0,0.0,4.199,84.1,99,0,60.0,2026-05-02T00:36:22.718577,4.213
2026-05-02T00:35:22.786155,72.47,0.14,75.17,0.1635,1000.0,0.0,4.199,84.1,99,0,60.0,2026-05-02T00:36:22.785798,4.213
2026-05-02T00:35:22.860317,72.47,0.14,75.18,0.165,1000.0,0.0,4.199,84.1,99,0,60.0,2026-05-02T00:36:22.860140,4.213
2026-05-02T00:35:23.769348,72.51,0.14,75.21,0.1665,1000.0,0.0,4.199,84.0,99,0,60.0,2026-05-02T00:36:23.769151,4.213
2026-05-02T00:35:23.832005,72.51,0.1349,75.22,0.1645,1000.0,0.0,4.199,84.0,99,0,60.0,2026-05-02T00:36:23.831836,4.213
2026-05-02T00:35:23.906237,72.51,0.1349,75.22,0.1637,1000.0,0.0,4.199,84.0,99,0,60.0,2026-05-02T00:36:23.906053,4.213
2026-05-02T00:35:24.852961,72.53,0.1299,75.25,0.1624,1000.0,0.0,4.199,84.0,99,0,60.0,2026-05-02T00:36:24.852634,4.213
2026-05-02T00:35:24.961208,72.53,0.1349,75.25,0.1619,1000.0,0.0,4.199,84.0,99,0,60.0,2026-05-02T00:36:24.960971,4.213
2026-05-02T00:35:25.079462,72.53,0.1349,75.25,0.1621,1000.0,0.0,4.199,84.0,99,0,60.0,2026-05-02T00:36:25.079097,4.213
2026-05-02T00:35:25.893982,72.6,0.1425,75.29,0.1628,1000.0,0.0,4.199,84.0,99,0,60.0,2026-05-02T00:36:25.893777,4.213
2026-05-02T00:35:25.990688,72.6,0.1433,75.3,0.1663,1000.0,0.0,4.199,84.0,99,0,60.0,2026-05-02T00:36:25.990448,4.213
2026-05-02T00:35:26.104113,72.6,0.1433,75.31,0.168,1000.0,0.0,4.199,84.0,99,0,60.0,2026-05-02T00:36:26.103832,4.213
2026-05-02T00:35:26.940564,72.64,0.1425,75.34,0.1695,1000.0,0.0,4.199,84.0,99,0,60.0,2026-05-02T00:36:26.940379,4.213
2026-05-02T00:35:27.006051,72.64,0.1425,75.35,0.1698,1000.0,0.0,4.199,84.0,99,0,60.0,2026-05-02T00:36:27.005881,4.213
2026-05-02T00:35:27.956216,72.64,0.1425,75.38,0.1702,1000.0,0.0,4.199,84.0,99,0,60.0,2026-05-02T00:36:27.955961,4.213
2026-05-02T00:35:28.021951,72.71,0.1425,75.4,0.1701,1000.0,0.0,4.199,84.0,99,0,60.0,2026-05-02T00:36:28.021793,4.213
2026-05-02T00:35:28.094639,72.71,0.1425,75.41,0.1702,1000.0,0.0,4.199,84.0,99,0,60.0,2026-05-02T00:36:28.094469,4.213
2026-05-02T00:35:29.011709,72.74,0.1425,75.45,0.1704,1000.0,0.0,4.199,84.0,99,0,60.0,2026-05-02T00:36:29.011513,4.213
2026-05-02T00:35:29.077328,72.74,0.1425,75.45,0.1703,1000.0,0.0,4.199,84.0,99,0,60.0,2026-05-02T00:36:29.077164,4.213
2026-05-02T00:35:29.143123,72.74,0.1425,75.45,0.1703,1000.0,0.0,4.199,84.0,99,0,60.0,2026-05-02T00:36:29.142914,4.213
2026-05-02T00:35:30.147722,72.78,0.1357,75.49,0.1695,1000.0,0.0,4.199,84.0,99,0,60.0,2026-05-02T00:36:30.147371,4.213
2026-05-02T00:35:30.455258,72.78,0.1425,75.49,0.1693,1000.0,0.0,4.199,84.0,99,0,60.0,2026-05-02T00:36:30.422577,4.213
2026-05-02T00:35:30.642394,72.78,0.1425,75.5,0.1699,1000.0,0.0,4.199,84.0,99,0,60.0,2026-05-02T00:36:30.641910,4.213
2026-05-02T00:35:31.128835,72.84,0.1341,75.53,0.1684,1000.0,0.0,4.199,83.9,99,0,60.0,2026-05-02T00:36:31.128630,4.213
2026-05-02T00:35:31.220643,72.84,0.1416,75.54,0.1688,1000.0,0.0,4.199,83.9,99,0,60.0,2026-05-02T00:36:31.220327,4.213
2026-05-02T00:35:31.536852,72.84,0.1416,75.55,0.1692,1000.0,0.0,4.199,83.9,99,0,60.0,2026-05-02T00:36:31.533393,4.213
2026-05-02T00:35:32.353463,72.87,0.1341,75.58,0.1667,1000.0,0.0,4.199,83.9,99,0,60.0,2026-05-02T00:36:32.346211,4.213
2026-05-02T00:35:32.614300,72.87,0.1341,75.59,0.1644,1000.0,0.0,4.199,83.9,99,0,60.0,2026-05-02T00:36:32.613937,4.213
2026-05-02T00:35:33.195216,72.87,0.1341,75.61,0.1635,1000.0,0.0,4.199,83.9,99,0,60.0,2026-05-02T00:36:33.195026,4.213
2026-05-02T00:35:33.260713,72.91,0.1366,75.62,0.1632,1000.0,0.0,4.199,83.9,99,0,60.0,2026-05-02T00:36:33.260505,4.213
2026-05-02T00:35:33.324552,72.91,0.1366,75.62,0.1637,1000.0,0.0,4.199,83.9,99,0,60.0,2026-05-02T00:36:33.324386,4.213
2026-05-02T00:35:34.246941,72.95,0.1366,75.66,0.1644,1000.0,0.0,4.199,83.9,99,0,60.0,2026-05-02T00:36:34.246754,4.213
2026-05-02T00:35:34.341402,72.95,0.1434,75.66,0.1667,1000.0,0.0,4.199,83.9,99,0,60.0,2026-05-02T00:36:34.341165,4.213
2026-05-02T00:35:34.458659,72.95,0.1434,75.67,0.1686,1000.0,0.0,4.199,83.9,99,0,60.0,2026-05-02T00:36:34.458331,4.213
2026-05-02T00:35:35.365098,73.02,0.1434,75.71,0.1704,1000.0,0.0,4.199,83.9,99,0,60.0,2026-05-02T00:36:35.364753,4.213
2026-05-02T00:35:35.512421,73.02,0.1434,75.73,0.171,1000.0,0.0,4.199,83.9,99,0,60.0,2026-05-02T00:36:35.512075,4.213
2026-05-02T00:35:35.625380,73.02,0.1434,75.73,0.1712,1000.0,0.0,4.199,83.9,99,0,60.0,2026-05-02T00:36:35.624793,4.213
2026-05-02T00:35:36.353219,73.05,0.14,75.76,0.1712,1000.0,0.0,4.199,83.9,99,0,60.0,2026-05-02T00:36:36.353060,4.213
2026-05-02T00:35:36.417319,73.05,0.1433,75.76,0.1714,1000.0,0.0,4.199,83.9,99,0,60.0,2026-05-02T00:36:36.417123,4.213
2026-05-02T00:35:36.492336,73.05,0.1433,75.76,0.1714,1000.0,0.0,4.199,83.9,99,0,60.0,2026-05-02T00:36:36.492130,4.213
2026-05-02T00:35:37.417263,73.1,0.1474,75.8,0.1714,1000.0,0.0,4.199,83.9,99,0,60.0,2026-05-02T00:36:37.416972,4.213
2026-05-02T00:35:37.488279,73.1,0.1474,75.8,0.1731,1000.0,0.0,4.199,83.8,99,0,60.0,2026-05-02T00:36:37.487979,4.213
2026-05-02T00:35:38.429975,73.1,0.1474,75.84,0.1747,1000.0,0.0,4.199,83.8,99,0,60.0,2026-05-02T00:36:38.429781,4.213
2026-05-02T00:35:38.503716,73.14,0.1577,75.84,0.1787,1000.0,0.0,4.199,83.8,99,0,60.0,2026-05-02T00:36:38.503525,4.213
2026-05-02T00:35:38.576721,73.14,0.1577,75.84,0.1816,1000.0,0.0,4.199,83.8,99,0,60.0,2026-05-02T00:36:38.576560,4.213
2026-05-02T00:35:39.487011,73.18,0.1577,75.87,0.1842,1000.0,0.0,4.199,83.8,99,0,60.0,2026-05-02T00:36:39.486791,4.213
2026-05-02T00:35:39.557737,73.18,0.1577,75.88,0.1842,1000.0,0.0,4.199,83.8,99,0,60.0,2026-05-02T00:36:39.557586,4.213
2026-05-02T00:35:39.639745,73.18,0.1577,75.88,0.1849,1000.0,0.0,4.199,83.8,99,0,60.0,2026-05-02T00:36:39.639516,4.213
2026-05-02T00:35:40.564970,73.23,0.1528,75.92,0.1851,1000.0,0.0,4.199,83.8,99,0,60.0,2026-05-02T00:36:40.564724,4.213
2026-05-02T00:35:40.663037,73.23,0.1619,75.93,0.1877,1000.0,0.0,4.199,83.8,99,0,60.0,2026-05-02T00:36:40.662817,4.213
2026-05-02T00:35:40.738905,73.23,0.1619,75.93,0.1887,1000.0,0.0,4.199,83.8,99,0,60.0,2026-05-02T00:36:40.738701,4.213
2026-05-02T00:35:41.588833,73.28,0.1492,75.97,0.1864,1000.0,0.0,4.199,83.8,99,0,60.0,2026-05-02T00:36:41.588665,4.213
2026-05-02T00:35:41.652167,73.28,0.1594,75.98,0.1872,1000.0,0.0,4.199,83.8,99,0,60.0,2026-05-02T00:36:41.651919,4.213
2026-05-02T00:35:41.714598,73.28,0.1594,75.98,0.1875,1000.0,0.0,4.199,83.8,99,0,60.0,2026-05-02T00:36:41.714440,4.213
2026-05-02T00:35:42.660788,73.35,0.1552,76.03,0.1857,1000.0,0.0,4.199,83.8,99,0,60.0,2026-05-02T00:36:42.660553,4.213
2026-05-02T00:35:42.733966,73.35,0.1552,76.04,0.1849,1000.0,0.0,4.199,83.8,99,0,60.0,2026-05-02T00:36:42.733730,4.213
2026-05-02T00:35:43.672333,73.35,0.1552,76.08,0.1848,1000.0,0.0,4.199,83.8,99,0,60.0,2026-05-02T00:36:43.672087,4.213
2026-05-02T00:35:43.755020,73.37,0.1552,76.08,0.1836,1000.0,0.0,4.199,83.8,99,0,60.0,2026-05-02T00:36:43.754773,4.213
2026-05-02T00:35:43.862148,73.37,0.1552,76.08,0.1837,1000.0,0.0,4.199,83.8,99,0,60.0,2026-05-02T00:36:43.861794,4.213
2026-05-02T00:35:44.721637,73.45,0.1552,76.12,0.184,1000.0,0.0,4.199,83.7,99,0,60.0,2026-05-02T00:36:44.721434,4.213
2026-05-02T00:35:44.795355,73.45,0.1594,76.14,0.1855,1000.0,0.0,4.199,83.7,99,0,60.0,2026-05-02T00:36:44.795152,4.213
2026-05-02T00:35:44.870969,73.45,0.1594,76.14,0.1865,1000.0,0.0,4.199,83.7,99,0,60.0,2026-05-02T00:36:44.870768,4.213
2026-05-02T00:35:45.848403,73.51,0.1569,76.19,0.1872,1000.0,0.0,4.199,83.7,99,0,60.0,2026-05-02T00:36:45.847838,4.213
2026-05-02T00:35:46.055678,73.51,0.1594,76.2,0.1875,1000.0,0.0,4.199,83.7,99,0,60.0,2026-05-02T00:36:46.055463,4.213
2026-05-02T00:35:46.389015,73.51,0.1594,76.21,0.188,1000.0,0.0,4.199,83.7,99,0,60.0,2026-05-02T00:36:46.372403,4.213
2026-05-02T00:35:46.835114,73.56,0.1602,76.24,0.1881,1000.0,0.0,4.199,83.7,99,0,60.0,2026-05-02T00:36:46.834852,4.213
2026-05-02T00:35:46.911659,73.56,0.1602,76.25,0.1885,1000.0,0.0,4.199,83.7,99,0,60.0,2026-05-02T00:36:46.911485,4.213
2026-05-02T00:35:46.989342,73.56,0.1602,76.25,0.1888,1000.0,0.0,4.199,83.7,99,0,60.0,2026-05-02T00:36:46.989149,4.213
2026-05-02T00:35:47.890572,73.63,0.156,76.31,0.1874,1000.0,0.0,4.199,83.7,99,0,60.0,2026-05-02T00:36:47.890399,4.213
2026-05-02T00:35:47.953877,73.63,0.156,76.32,0.1865,1000.0,0.0,4.199,83.7,99,0,60.0,2026-05-02T00:36:47.953708,4.213
2026-05-02T00:35:48.906628,73.63,0.156,76.35,0.1861,1000.0,0.0,4.199,83.7,99,0,60.0,2026-05-02T00:36:48.906454,4.213
2026-05-02T00:35:48.979910,73.65,0.156,76.35,0.1848,1000.0,0.0,4.199,83.7,99,0,60.0,2026-05-02T00:36:48.979740,4.213
2026-05-02T00:35:49.055788,73.65,0.156,76.35,0.1849,1000.0,0.0,4.199,83.7,99,0,60.0,2026-05-02T00:36:49.055588,4.213
2026-05-02T00:35:49.966384,73.7,0.156,76.39,0.1853,1000.0,0.0,4.199,83.6,99,0,60.0,2026-05-02T00:36:49.966126,4.213
2026-05-02T00:35:50.041036,73.7,0.1668,76.4,0.1893,1000.0,0.0,4.199,83.6,99,0,60.0,2026-05-02T00:36:50.040859,4.213
2026-05-02T00:35:50.154879,73.7,0.1668,76.4,0.1918,1000.0,0.0,4.199,83.6,99,0,60.0,2026-05-02T00:36:50.144014,4.213
2026-05-02T00:35:51.022150,73.75,0.1668,76.44,0.1944,1000.0,0.0,4.199,83.6,99,0,60.0,2026-05-02T00:36:51.021876,4.213
2026-05-02T00:35:51.095545,73.75,0.1668,76.44,0.195,1000.0,0.0,4.199,83.6,99,0,60.0,2026-05-02T00:36:51.095333,4.213
2026-05-02T00:35:51.185893,73.75,0.1668,76.45,0.1954,1000.0,0.0,4.199,83.6,99,0,60.0,2026-05-02T00:36:51.185649,4.213
2026-05-02T00:35:52.075471,73.79,0.1653,76.49,0.1956,1000.0,0.0,4.199,83.6,99,0,60.0,2026-05-02T00:36:52.075060,4.213
2026-05-02T00:35:52.263223,73.79,0.1687,76.49,0.1967,1000.0,0.0,4.199,83.6,99,0,60.0,2026-05-02T00:36:52.240070,4.213
2026-05-02T00:35:52.352418,73.79,0.1687,76.5,0.1972,1000.0,0.0,4.199,83.6,99,0,60.0,2026-05-02T00:36:52.352162,4.213
2026-05-02T00:35:53.130803,73.84,0.1687,76.53,0.1977,1000.0,0.0,4.199,83.6,99,0,60.0,2026-05-02T00:36:53.130609,4.213
2026-05-02T00:35:53.195945,73.84,0.1687,76.54,0.1978,1000.0,0.0,4.199,83.6,99,0,60.0,2026-05-02T00:36:53.195763,4.213
2026-05-02T00:35:54.220445,73.84,0.1687,76.57,0.1983,1000.0,0.0,4.199,83.6,99,0,60.0,2026-05-02T00:36:54.205969,4.213
2026-05-02T00:35:54.345575,73.87,0.16,76.58,0.1949,1000.0,0.0,4.199,83.6,99,0,60.0,2026-05-02T00:36:54.345224,4.213
2026-05-02T00:35:54.474926,73.87,0.16,76.58,0.1927,1000.0,0.0,4.199,83.6,99,0,60.0,2026-05-02T00:36:54.474451,4.213
2026-05-02T00:35:55.198404,73.91,0.16,76.61,0.1913,1000.0,0.0,4.199,83.6,99,0,60.0,2026-05-02T00:36:55.198220,4.213
2026-05-02T00:35:55.273189,73.91,0.1585,76.61,0.1897,1000.0,0.0,4.199,83.6,99,0,60.0,2026-05-02T00:36:55.273002,4.213
2026-05-02T00:35:55.372697,73.91,0.1585,76.62,0.1891,1000.0,0.0,4.199,83.6,99,0,60.0,2026-05-02T00:36:55.372309,4.213
2026-05-02T00:35:56.521162,73.98,0.1585,76.66,0.1887,1000.0,0.0,4.199,83.5,99,0,60.0,2026-05-02T00:36:56.520878,4.213
2026-05-02T00:35:56.739909,73.98,0.1585,76.68,0.1884,1000.0,0.0,4.199,83.5,99,0,60.0,2026-05-02T00:36:56.739649,4.213
2026-05-02T00:35:56.889015,73.98,0.1585,76.68,0.1882,1000.0,0.0,4.199,83.5,99,0,60.0,2026-05-02T00:36:56.888705,4.213
2026-05-02T00:35:57.307778,73.98,0.1518,76.69,0.187,1000.0,0.0,4.199,83.5,99,0,60.0,2026-05-02T00:36:57.307612,4.213
2026-05-02T00:35:57.375639,73.98,0.1533,76.69,0.1853,1000.0,0.0,4.199,83.5,99,0,60.0,2026-05-02T00:36:57.375451,4.213
2026-05-02T00:35:57.449189,73.98,0.1533,76.69,0.1845,1000.0,0.0,4.199,83.5,99,0,60.0,2026-05-02T00:36:57.449007,4.213
2026-05-02T00:35:58.368639,74.05,0.1596,76.73,0.1841,1000.0,0.0,4.199,83.5,99,0,60.0,2026-05-02T00:36:58.368393,4.213
2026-05-02T00:35:58.472476,74.05,0.1596,76.74,0.1862,1000.0,0.0,4.199,83.5,99,0,60.0,2026-05-02T00:36:58.472175,4.213
2026-05-02T00:35:59.381699,74.05,0.1596,76.78,0.1879,1000.0,0.0,4.199,83.5,99,0,60.0,2026-05-02T00:36:59.381525,4.213
2026-05-02T00:35:59.454225,74.07,0.1663,76.77,0.1907,1000.0,0.0,4.199,83.5,99,0,60.0,2026-05-02T00:36:59.454030,4.213
2026-05-02T00:35:59.527751,74.07,0.1663,76.77,0.1928,1000.0,0.0,4.199,83.5,99,0,60.0,2026-05-02T00:36:59.527619,4.213
2026-05-02T00:36:00.431711,74.13,0.1663,76.81,0.1947,1000.0,0.0,4.199,83.5,99,0,60.0,2026-05-02T00:37:00.431527,4.213
2026-05-02T00:36:00.514670,74.13,0.1661,76.82,0.195,1000.0,0.0,4.199,83.5,99,0,60.0,2026-05-02T00:37:00.514454,4.213
2026-05-02T00:36:00.617265,74.13,0.1661,76.83,0.1953,1000.0,0.0,4.199,83.5,99,0,60.0,2026-05-02T00:37:00.616843,4.213
2026-05-02T00:36:01.639546,74.18,0.1661,76.87,0.1959,1000.0,0.0,4.199,83.5,99,0,60.0,2026-05-02T00:37:01.639020,4.213
2026-05-02T00:36:01.798360,74.18,0.1677,76.88,0.1966,1000.0,0.0,4.199,83.5,99,0,60.0,2026-05-02T00:37:01.797811,4.213
2026-05-02T00:36:01.964343,74.18,0.1677,76.88,0.197,1000.0,0.0,4.199,83.5,99,0,60.0,2026-05-02T00:37:01.964069,4.213
2026-05-02T00:36:02.559476,74.22,0.1677,76.9,0.1974,1000.0,0.0,4.199,83.5,99,0,60.0,2026-05-02T00:37:02.559195,4.213
2026-05-02T00:36:02.656688,74.22,0.1737,76.91,0.2,1000.0,0.0,4.199,83.5,99,0,60.0,2026-05-02T00:37:02.656468,4.213
2026-05-02T00:36:02.745344,74.22,0.1737,76.91,0.2013,1000.0,0.0,4.199,83.5,99,0,60.0,2026-05-02T00:37:02.745142,4.213
2026-05-02T00:36:03.596451,74.25,0.1677,76.94,0.2003,1000.0,0.0,4.199,83.5,99,0,60.0,2026-05-02T00:37:03.596296,4.213
2026-05-02T00:36:03.672044,74.25,0.1677,76.94,0.1992,1000.0,0.0,4.199,83.5,99,0,60.0,2026-05-02T00:37:03.671851,4.213
2026-05-02T00:36:04.611391,74.25,0.1677,76.98,0.1988,1000.0,0.0,4.199,83.5,99,0,60.0,2026-05-02T00:37:04.611209,4.213
2026-05-02T00:36:04.685183,74.27,0.1677,76.97,0.1975,1000.0,0.0,4.199,83.4,99,0,60.0,2026-05-02T00:37:04.684939,4.213
2026-05-02T00:36:04.759922,74.27,0.1677,76.97,0.1975,1000.0,0.0,4.199,83.4,99,0,60.0,2026-05-02T00:37:04.759728,4.213
2026-05-02T00:36:05.676825,74.32,0.1677,77.0,0.1978,1000.0,0.0,4.199,83.4,99,0,60.0,2026-05-02T00:37:05.676638,4.213
2026-05-02T00:36:05.751800,74.32,0.1744,77.01,0.2002,1000.0,0.0,4.199,83.4,99,0,60.0,2026-05-02T00:37:05.751580,4.213
2026-05-02T00:36:05.826344,74.32,0.1744,77.01,0.2019,1000.0,0.0,4.199,83.4,99,0,60.0,2026-05-02T00:37:05.826139,4.213
2026-05-02T00:36:06.747394,74.34,0.172,77.04,0.2031,1000.0,0.0,4.199,83.4,99,0,60.0,2026-05-02T00:37:06.747167,4.213
2026-05-02T00:36:06.823794,74.34,0.178,77.04,0.2049,1000.0,0.0,4.199,83.4,99,0,60.0,2026-05-02T00:37:06.823611,4.213
2026-05-02T00:36:06.903952,74.34,0.178,77.04,0.2061,1000.0,0.0,4.199,83.4,99,0,60.0,2026-05-02T00:37:06.903731,4.213
2026-05-02T00:36:07.788743,74.39,0.1729,77.08,0.2068,1000.0,0.0,4.199,83.4,99,0,60.0,2026-05-02T00:37:07.788551,4.213
2026-05-02T00:36:07.861406,74.39,0.1729,77.08,0.2052,1000.0,0.0,4.199,83.4,99,0,60.0,2026-05-02T00:37:07.861219,4.213
2026-05-02T00:36:07.937008,74.39,0.1729,77.09,0.2044,1000.0,0.0,4.199,83.4,99,0,60.0,2026-05-02T00:37:07.936821,4.213
2026-05-02T00:36:08.847189,74.42,0.1637,77.12,0.1998,1000.0,0.0,4.199,83.4,99,0,60.0,2026-05-02T00:37:08.846984,4.213
2026-05-02T00:36:08.921331,74.42,0.1637,77.12,0.1973,1000.0,0.0,4.199,83.4,99,0,60.0,2026-05-02T00:37:08.921107,4.213
2026-05-02T00:36:09.857767,74.42,0.1637,77.15,0.1961,1000.0,0.0,4.199,83.4,99,0,60.0,2026-05-02T00:37:09.857570,4.213
2026-05-02T00:36:09.933077,74.46,0.1686,77.15,0.1948,1000.0,0.0,4.199,83.4,99,0,60.0,2026-05-02T00:37:09.932737,4.213
2026-05-02T00:36:10.030517,74.46,0.1686,77.15,0.1964,1000.0,0.0,4.199,83.4,99,0,60.0,2026-05-02T00:37:10.030246,4.213
2026-05-02T00:36:10.911919,74.48,0.1686,77.18,0.1978,1000.0,0.0,4.199,83.4,99,0,60.0,2026-05-02T00:37:10.911726,4.213
2026-05-02T00:36:10.977923,74.48,0.1704,77.17,0.1988,1000.0,0.0,4.199,83.4,99,0,60.0,2026-05-02T00:37:10.977732,4.213
2026-05-02T00:36:11.042989,74.48,0.1704,77.17,0.1995,1000.0,0.0,4.199,83.4,99,0,60.0,2026-05-02T00:37:11.042824,4.213
2026-05-02T00:36:12.065765,74.51,0.1686,77.2,0.2001,1000.0,0.0,4.199,83.4,99,0,60.0,2026-05-02T00:37:12.065147,4.213
2026-05-02T00:36:12.509966,74.51,0.172,77.21,0.2011,1000.0,0.0,4.199,83.4,99,0,60.0,2026-05-02T00:37:12.498508,4.213
2026-05-02T00:36:12.772500,74.51,0.172,77.22,0.2018,1000.0,0.0,4.199,83.4,99,0,60.0,2026-05-02T00:37:12.772210,4.213
2026-05-02T00:36:13.029132,74.54,0.1737,77.22,0.2021,1000.0,0.0,4.199,83.4,99,0,60.0,2026-05-02T00:37:13.028928,4.213
2026-05-02T00:36:13.118366,74.54,0.1737,77.23,0.2028,1000.0,0.0,4.199,83.4,99,0,60.0,2026-05-02T00:37:13.118109,4.213
2026-05-02T00:36:13.227453,74.54,0.1737,77.23,0.2032,1000.0,0.0,4.199,83.4,99,0,60.0,2026-05-02T00:37:13.227206,4.213
2026-05-02T00:36:14.079967,74.58,0.1737,77.27,0.2037,1000.0,0.0,4.199,83.3,99,0,60.0,2026-05-02T00:37:14.078975,4.213
2026-05-02T00:36:14.254505,74.58,0.1737,77.27,0.2039,1000.0,0.0,4.199,83.3,99,0,60.0,2026-05-02T00:37:14.253779,4.213
2026-05-02T00:36:15.094151,74.58,0.1737,77.3,0.2042,1000.0,0.0,4.199,83.3,99,0,60.0,2026-05-02T00:37:15.093947,4.213
2026-05-02T00:36:15.160221,74.62,0.1812,77.31,0.2054,1000.0,0.0,4.199,83.3,99,0,60.0,2026-05-02T00:37:15.160061,4.213
2026-05-02T00:36:15.226287,74.62,0.1812,77.31,0.2079,1000.0,0.0,4.199,83.3,99,0,60.0,2026-05-02T00:37:15.226113,4.213
2026-05-02T00:36:16.229996,74.67,0.1812,77.35,0.2101,1000.0,0.0,4.199,83.3,99,0,60.0,2026-05-02T00:37:16.222354,4.213
2026-05-02T00:36:16.302951,74.67,0.1736,77.36,0.2065,1000.0,0.0,4.199,83.3,99,0,60.0,2026-05-02T00:37:16.302795,4.213
2026-05-02T00:36:16.388528,74.67,0.1736,77.36,0.2055,1000.0,0.0,4.199,83.3,99,0,60.0,2026-05-02T00:37:16.388346,4.213
2026-05-02T00:36:17.203735,74.71,0.1736,77.39,0.2049,1000.0,0.0,4.199,83.3,99,0,60.0,2026-05-02T00:37:17.203505,4.213
2026-05-02T00:36:17.268135,74.71,0.1736,77.4,0.2044,1000.0,0.0,4.199,83.3,99,0,60.0,2026-05-02T00:37:17.267839,4.213
2026-05-02T00:36:17.340339,74.71,0.1736,77.4,0.2043,1000.0,0.0,4.199,83.3,99,0,60.0,2026-05-02T00:37:17.340143,4.213
2026-05-02T00:36:18.362854,74.76,0.1729,77.44,0.2042,1000.0,0.0,4.199,83.3,99,0,60.0,2026-05-02T00:37:18.362595,4.213
2026-05-02T00:36:18.477277,74.76,0.1762,77.45,0.2054,1000.0,0.0,4.199,83.3,99,0,60.0,2026-05-02T00:37:18.476699,4.213
2026-05-02T00:36:18.591747,74.76,0.1762,77.46,0.206,1000.0,0.0,4.199,83.3,99,0,60.0,2026-05-02T00:37:18.591252,4.213
2026-05-02T00:36:19.317559,74.84,0.1803,77.5,0.2071,1000.0,0.0,4.199,83.3,99,0,60.0,2026-05-02T00:37:19.317267,4.213
2026-05-02T00:36:19.381064,74.84,0.1803,77.52,0.2087,1000.0,0.0,4.199,83.3,99,0,60.0,2026-05-02T00:37:19.380906,4.213
2026-05-02T00:36:20.321980,74.84,0.1803,77.56,0.2101,1000.0,0.0,4.199,83.3,99,0,60.0,2026-05-02T00:37:20.321753,4.213
2026-05-02T00:36:20.386250,74.87,0.1763,77.56,0.2085,1000.0,0.0,4.199,83.2,99,0,60.0,2026-05-02T00:37:20.386014,4.213
2026-05-02T00:36:20.456206,74.87,0.1763,77.57,0.2079,1000.0,0.0,4.199,83.2,99,0,60.0,2026-05-02T00:37:20.456004,4.213
2026-05-02T00:36:21.386907,74.92,0.1763,77.6,0.2077,1000.0,0.0,4.199,83.2,99,0,60.0,2026-05-02T00:37:21.386760,4.213
2026-05-02T00:36:21.456357,74.92,0.1771,77.6,0.207,1000.0,0.0,4.199,83.2,99,0,60.0,2026-05-02T00:37:21.456179,4.213
2026-05-02T00:36:21.527711,74.92,0.1771,77.61,0.2073,1000.0,0.0,4.199,83.2,99,0,60.0,2026-05-02T00:37:21.527523,4.213
2026-05-02T00:36:22.532313,75.0,0.1771,77.65,0.208,1000.0,0.0,4.199,83.2,99,0,60.0,2026-05-02T00:37:22.531826,4.213
2026-05-02T00:36:22.696319,75.0,0.1789,77.68,0.2083,1000.0,0.0,4.199,83.2,99,0,60.0,2026-05-02T00:37:22.695898,4.213
2026-05-02T00:36:22.849430,75.0,0.1789,77.68,0.2089,1000.0,0.0,4.199,83.2,99,0,60.0,2026-05-02T00:37:22.849112,4.213
2026-05-02T00:36:23.503473,75.02,0.172,77.71,0.2078,1000.0,0.0,4.199,83.2,99,0,60.0,2026-05-02T00:37:23.503282,4.213
2026-05-02T00:36:23.574507,75.02,0.1744,77.71,0.2068,1000.0,0.0,4.199,83.2,99,0,60.0,2026-05-02T00:37:23.574354,4.213
2026-05-02T00:36:23.656369,75.02,0.1744,77.71,0.2063,1000.0,0.0,4.199,83.2,99,0,60.0,2026-05-02T00:37:23.656091,4.213
2026-05-02T00:36:24.579099,75.09,0.1754,77.76,0.2061,1000.0,0.0,4.199,83.2,99,0,60.0,2026-05-02T00:37:24.578883,4.214
2026-05-02T00:36:24.686196,75.09,0.1754,77.77,0.2062,1000.0,0.0,4.199,83.2,99,0,60.0,2026-05-02T00:37:24.685747,4.214
2026-05-02T00:36:25.563307,75.09,0.1754,77.81,0.2066,1000.0,0.0,4.199,83.2,99,0,60.0,2026-05-02T00:37:25.563132,4.214
2026-05-02T00:36:25.627180,75.15,0.1803,77.83,0.208,1000.0,0.0,4.199,83.2,99,0,60.0,2026-05-02T00:37:25.627008,4.214
2026-05-02T00:36:25.689182,75.15,0.1803,77.83,0.2093,1000.0,0.0,4.199,83.2,99,0,60.0,2026-05-02T00:37:25.689004,4.214
2026-05-02T00:36:26.638636,75.22,0.1803,77.88,0.2106,1000.0,0.0,4.199,83.1,99,0,60.0,2026-05-02T00:37:26.638366,4.214
2026-05-02T00:36:26.764131,75.22,0.1855,77.9,0.2132,1000.0,0.0,4.199,83.1,99,0,60.0,2026-05-02T00:37:26.763852,4.214
2026-05-02T00:36:26.955150,75.22,0.1855,77.91,0.2147,1000.0,0.0,4.199,83.1,99,0,60.0,2026-05-02T00:37:26.954770,4.214
2026-05-02T00:36:27.791037,75.26,0.1848,77.94,0.2159,1000.0,0.0,4.199,83.1,99,0,60.0,2026-05-02T00:37:27.789828,4.214
2026-05-02T00:36:28.012994,75.26,0.1855,77.95,0.2164,1000.0,0.0,4.199,83.1,99,0,60.0,2026-05-02T00:37:28.012671,4.214
2026-05-02T00:36:28.245787,75.26,0.1855,77.96,0.2166,1000.0,0.0,4.199,83.1,99,0,60.0,2026-05-02T00:37:28.238006,4.214
2026-05-02T00:36:28.734170,75.26,0.1864,77.97,0.2168,1000.0,0.0,4.199,83.1,99,0,60.0,2026-05-02T00:37:28.733943,4.214
2026-05-02T00:36:28.807009,75.26,0.1872,77.97,0.2175,1000.0,0.0,4.199,83.1,99,0,60.0,2026-05-02T00:37:28.806825,4.214
2026-05-02T00:36:28.878281,75.26,0.1872,77.96,0.2178,1000.0,0.0,4.199,83.1,99,0,60.0,2026-05-02T00:37:28.878092,4.214
2026-05-02T00:36:29.780558,75.31,0.1931,77.99,0.2189,1000.0,0.0,4.199,83.1,99,0,60.0,2026-05-02T00:37:29.780341,4.214
2026-05-02T00:36:29.853281,75.31,0.1931,77.99,0.2211,1000.0,0.0,4.199,83.1,99,0,60.0,2026-05-02T00:37:29.853066,4.214
2026-05-02T00:36:30.804347,75.31,0.1931,78.03,0.223,1000.0,0.0,4.199,83.1,99,0,60.0,2026-05-02T00:37:30.804158,4.214
2026-05-02T00:36:30.876962,75.38,0.183,78.04,0.2199,1000.0,0.0,4.199,83.1,99,0,60.0,2026-05-02T00:37:30.876791,4.214
2026-05-02T00:36:30.948953,75.38,0.183,78.05,0.2178,1000.0,0.0,4.199,83.1,99,0,60.0,2026-05-02T00:37:30.948775,4.214
2026-05-02T00:36:31.912934,75.41,0.183,78.09,0.2163,1000.0,0.0,4.199,83.1,99,0,60.0,2026-05-02T00:37:31.912702,4.214
2026-05-02T00:36:32.136257,75.41,0.183,78.09,0.2145,1000.0,0.0,4.199,83.1,99,0,60.0,2026-05-02T00:37:32.135728,4.214
2026-05-02T00:36:32.478333,75.41,0.183,78.1,0.2145,1000.0,0.0,4.199,83.1,99,0,60.0,2026-05-02T00:37:32.463988,4.214
2026-05-02T00:36:32.947636,75.46,0.183,78.12,0.2145,1000.0,0.0,4.199,83.1,98,0,60.0,2026-05-02T00:37:32.947365,4.214
2026-05-02T00:36:33.244732,75.46,0.1906,78.13,0.218,1000.0,0.0,4.199,83.1,98,0,60.0,2026-05-02T00:37:33.244454,4.214
2026-05-02T00:36:33.585241,75.46,0.1906,78.15,0.2201,1000.0,0.0,4.199,83.1,98,0,60.0,2026-05-02T00:37:33.584744,4.214
2026-05-02T00:36:34.146719,75.52,0.1838,78.18,0.2204,1000.0,0.0,4.199,83.0,98,0,60.0,2026-05-02T00:37:34.139319,4.214
2026-05-02T00:36:34.641456,75.52,0.1897,78.2,0.221,1000.0,0.0,4.199,83.0,98,0,60.0,2026-05-02T00:37:34.641104,4.214
2026-05-02T00:36:34.824481,75.52,0.1897,78.21,0.2212,1000.0,0.0,4.199,83.0,98,0,60.0,2026-05-02T00:37:34.824145,4.214
2026-05-02T00:36:35.039800,75.56,0.1897,78.22,0.2202,1000.0,0.0,4.199,83.0,98,0,60.0,2026-05-02T00:37:35.039562,4.214
2026-05-02T00:36:35.246858,75.56,0.1897,78.23,0.2207,1000.0,0.0,4.199,83.0,98,0,60.0,2026-05-02T00:37:35.246551,4.214
2026-05-02T00:36:36.041034,75.56,0.1897,78.27,0.2214,1000.0,0.0,4.199,83.0,98,0,60.0,2026-05-02T00:37:36.040865,4.214
2026-05-02T00:36:36.175799,75.59,0.1871,78.27,0.2204,1000.0,0.0,4.199,83.0,98,0,60.0,2026-05-02T00:37:36.156774,4.214
2026-05-02T00:36:36.486523,75.59,0.1871,78.28,0.2197,1000.0,0.0,4.199,83.0,99,0,60.0,2026-05-02T00:37:36.486151,4.214
2026-05-02T00:36:37.096671,75.65,0.1871,78.3,0.2194,1000.0,0.0,4.199,83.0,99,0,60.0,2026-05-02T00:37:37.096488,4.214
2026-05-02T00:36:37.172741,75.65,0.1871,78.32,0.2189,1000.0,0.0,4.199,83.0,99,0,60.0,2026-05-02T00:37:37.172555,4.214
2026-05-02T00:36:37.247544,75.65,0.1871,78.33,0.2189,1000.0,0.0,4.199,83.0,99,0,60.0,2026-05-02T00:37:37.247353,4.214
2026-05-02T00:36:38.353373,75.68,0.1871,78.36,0.219,1000.0,0.0,4.199,83.0,99,0,60.0,2026-05-02T00:37:38.352993,4.214
2026-05-02T00:36:38.835038,75.68,0.1914,78.38,0.2215,1000.0,0.0,4.199,83.0,99,0,60.0,2026-05-02T00:37:38.810215,4.214
2026-05-02T00:36:38.971356,75.68,0.1914,78.38,0.2224,1000.0,0.0,4.199,83.0,98,0,60.0,2026-05-02T00:37:38.971082,4.214
2026-05-02T00:36:39.214572,75.73,0.1897,78.39,0.2225,1000.0,0.0,4.199,83.0,98,0,60.0,2026-05-02T00:37:39.214401,4.214
2026-05-02T00:36:39.295610,75.73,0.1906,78.4,0.2224,1000.0,0.0,4.199,83.0,98,0,60.0,2026-05-02T00:37:39.295419,4.214
2026-05-02T00:36:39.393061,75.73,0.1906,78.41,0.2224,1000.0,0.0,4.199,83.0,98,0,60.0,2026-05-02T00:37:39.392829,4.214
2026-05-02T00:36:40.385358,75.73,0.1898,78.43,0.2222,1000.0,0.0,4.199,83.0,98,0,60.0,2026-05-02T00:37:40.385094,4.214
2026-05-02T00:36:40.490951,75.73,0.1898,78.43,0.2219,1000.0,0.0,4.199,83.0,98,0,60.0,2026-05-02T00:37:40.490469,4.214
2026-05-02T00:36:41.278590,75.73,0.1898,78.45,0.2221,1000.0,0.0,4.199,83.0,98,0,60.0,2026-05-02T00:37:41.278400,4.214
2026-05-02T00:36:41.348614,75.75,0.1898,78.44,0.2212,1000.0,0.0,4.199,83.0,98,0,60.0,2026-05-02T00:37:41.348427,4.214
2026-05-02T00:36:41.424595,75.75,0.1898,78.44,0.2213,1000.0,0.0,4.199,83.0,98,0,60.0,2026-05-02T00:37:41.424392,4.214
2026-05-02T00:36:42.329114,75.81,0.1898,78.48,0.2218,1000.0,0.0,4.199,82.9,98,0,60.0,2026-05-02T00:37:42.328917,4.214
2026-05-02T00:36:42.430394,75.81,0.1914,78.49,0.2219,1000.0,0.0,4.199,82.9,98,0,60.0,2026-05-02T00:37:42.430152,4.214
2026-05-02T00:36:42.561245,75.81,0.1914,78.49,0.2225,1000.0,0.0,4.199,82.9,98,0,60.0,2026-05-02T00:37:42.560667,4.214
2026-05-02T00:36:43.481408,75.85,0.1898,78.53,0.223,1000.0,0.0,4.199,82.9,98,0,60.0,2026-05-02T00:37:43.481024,4.214
2026-05-02T00:36:43.627032,75.85,0.1898,78.53,0.2224,1000.0,0.0,4.199,82.9,98,0,60.0,2026-05-02T00:37:43.626504,4.214
2026-05-02T00:36:43.762377,75.85,0.1898,78.53,0.2221,1000.0,0.0,4.199,82.9,98,0,60.0,2026-05-02T00:37:43.762120,4.214
2026-05-02T00:36:44.469264,75.88,0.1857,78.56,0.221,1000.0,0.0,4.199,82.9,99,0,60.0,2026-05-02T00:37:44.469034,4.214
2026-05-02T00:36:44.565563,75.88,0.1906,78.56,0.2217,1000.0,0.0,4.199,82.9,99,0,60.0,2026-05-02T00:37:44.565364,4.214
2026-05-02T00:36:44.674973,75.88,0.1906,78.56,0.222,1000.0,0.0,4.199,82.9,99,0,60.0,2026-05-02T00:37:44.674727,4.214
2026-05-02T00:36:45.570987,75.91,0.2007,78.59,0.2244,1000.0,0.0,4.199,82.9,99,0,60.0,2026-05-02T00:37:45.570737,4.214
2026-05-02T00:36:45.677910,75.91,0.2007,78.59,0.2281,1000.0,0.0,4.199,82.9,99,0,60.0,2026-05-02T00:37:45.677230,4.214
2026-05-02T00:36:46.511825,75.91,0.2007,78.62,0.2306,1000.0,0.0,4.199,82.9,98,0,60.0,2026-05-02T00:37:46.511638,4.214
2026-05-02T00:36:46.593738,75.97,0.1956,78.64,0.2292,1000.0,0.0,4.199,82.9,98,0,60.0,2026-05-02T00:37:46.593524,4.214
2026-05-02T00:36:46.686309,75.97,0.1956,78.64,0.2286,1000.0,0.0,4.199,82.9,98,0,60.0,2026-05-02T00:37:46.685982,4.214
2026-05-02T00:36:47.573025,76.01,0.1956,78.68,0.2285,1000.0,0.0,4.199,82.9,98,0,60.0,2026-05-02T00:37:47.572835,4.214
2026-05-02T00:36:47.646503,76.01,0.1956,78.69,0.2269,1000.0,0.0,4.199,82.9,98,0,60.0,2026-05-02T00:37:47.646290,4.214
2026-05-02T00:36:47.721339,76.01,0.1956,78.69,0.2272,1000.0,0.0,4.199,82.9,98,0,60.0,2026-05-02T00:37:47.721108,4.214
2026-05-02T00:36:48.634298,76.08,0.1847,78.73,0.226,1000.0,0.0,4.199,82.8,98,0,60.0,2026-05-02T00:37:48.634038,4.214
2026-05-02T00:36:48.718557,76.08,0.2023,78.75,0.2284,1000.0,0.0,4.199,82.8,98,0,60.0,2026-05-02T00:37:48.718342,4.214
2026-05-02T00:36:48.819010,76.08,0.2023,78.76,0.2307,1000.0,0.0,4.199,82.8,98,0,60.0,2026-05-02T00:37:48.818750,4.214
2026-05-02T00:36:49.705230,76.11,0.2042,78.79,0.2334,1000.0,0.0,4.199,82.8,98,0,60.0,2026-05-02T00:37:49.704972,4.214
2026-05-02T00:36:49.808996,76.11,0.2042,78.79,0.2347,1000.0,0.0,4.199,82.8,98,0,60.0,2026-05-02T00:37:49.808756,4.214
2026-05-02T00:36:49.914580,76.11,0.2042,78.8,0.2354,1000.0,0.0,4.199,82.8,98,0,60.0,2026-05-02T00:37:49.914334,4.214
2026-05-02T00:36:50.740052,76.17,0.2023,78.84,0.2356,1000.0,0.0,4.199,82.8,98,0,60.0,2026-05-02T00:37:50.739864,4.214
2026-05-02T00:36:50.805307,76.17,0.2023,78.85,0.2352,1000.0,0.0,4.199,82.8,98,0,60.0,2026-05-02T00:37:50.805128,4.214
2026-05-02T00:36:51.753752,76.17,0.2023,78.88,0.2353,1000.0,0.0,4.199,82.8,98,0,60.0,2026-05-02T00:37:51.753515,4.214
2026-05-02T00:36:51.827283,76.21,0.1906,78.89,0.2306,1000.0,0.0,4.199,82.8,98,0,60.0,2026-05-02T00:37:51.827114,4.214
2026-05-02T00:36:51.898988,76.21,0.1906,78.89,0.2276,1000.0,0.0,4.199,82.8,98,0,60.0,2026-05-02T00:37:51.898809,4.214
2026-05-02T00:36:52.809782,76.26,0.1906,78.93,0.2255,1000.0,0.0,4.199,82.8,99,0,60.0,2026-05-02T00:37:52.809610,4.214
2026-05-02T00:36:52.888158,76.26,0.1906,78.94,0.2237,1000.0,0.0,4.199,82.8,99,0,60.0,2026-05-02T00:37:52.887980,4.214
2026-05-02T00:36:52.953456,76.26,0.1906,78.94,0.2234,1000.0,0.0,4.199,82.8,99,0,60.0,2026-05-02T00:37:52.953231,4.214
2026-05-02T00:36:53.912072,76.33,0.1879,78.99,0.2231,1000.0,0.0,4.199,82.8,99,0,60.0,2026-05-02T00:37:53.911721,4.214
2026-05-02T00:36:54.062542,76.33,0.1999,79.0,0.2269,1000.0,0.0,4.199,82.8,99,0,60.0,2026-05-02T00:37:54.062081,4.214
2026-05-02T00:36:54.278673,76.33,0.1999,79.01,0.2292,1000.0,0.0,4.199,82.8,99,0,60.0,2026-05-02T00:37:54.272601,4.214
2026-05-02T00:36:54.917934,76.36,0.1923,79.03,0.2291,1000.0,0.0,4.199,82.7,99,0,60.0,2026-05-02T00:37:54.917653,4.214
2026-05-02T00:36:54.980378,76.36,0.2005,79.03,0.2309,1000.0,0.0,4.199,82.7,99,0,60.0,2026-05-02T00:37:54.980201,4.214
2026-05-02T00:36:55.047453,76.36,0.2005,79.03,0.2316,1000.0,0.0,4.199,82.7,99,0,60.0,2026-05-02T00:37:55.047272,4.214
2026-05-02T00:36:55.975788,76.43,0.2001,79.08,0.2322,1000.0,0.0,4.199,82.7,99,0,60.0,2026-05-02T00:37:55.975614,4.214
2026-05-02T00:36:56.039688,76.43,0.2001,79.09,0.2324,1000.0,0.0,4.199,82.7,99,0,60.0,2026-05-02T00:37:56.039515,4.214
2026-05-02T00:36:56.990431,76.43,0.2001,79.13,0.233,1000.0,0.0,4.199,82.7,98,0,60.0,2026-05-02T00:37:56.990239,4.214
2026-05-02T00:36:57.072959,76.46,0.1973,79.13,0.2313,1000.0,0.0,4.199,82.7,98,0,60.0,2026-05-02T00:37:57.072713,4.214
2026-05-02T00:36:57.178427,76.46,0.1973,79.13,0.2308,1000.0,0.0,4.199,82.7,98,0,60.0,2026-05-02T00:37:57.178138,4.214
2026-05-02T00:36:58.046966,76.51,0.1973,79.17,0.2307,1000.0,0.0,4.199,82.7,98,0,60.0,2026-05-02T00:37:58.046774,4.214
2026-05-02T00:36:58.179933,76.51,0.1983,79.17,0.2301,1000.0,0.0,4.199,82.7,98,0,60.0,2026-05-02T00:37:58.155890,4.214
2026-05-02T00:36:58.334010,76.51,0.1983,79.18,0.2305,1000.0,0.0,4.199,82.7,98,0,60.0,2026-05-02T00:37:58.332787,4.214
2026-05-02T00:36:59.213685,76.52,0.1983,79.21,0.2311,1000.0,0.0,4.199,82.7,98,0,60.0,2026-05-02T00:37:59.213144,4.214
2026-05-02T00:36:59.363596,76.52,0.2014,79.2,0.2321,1000.0,0.0,4.199,82.7,98,0,60.0,2026-05-02T00:37:59.363243,4.214
2026-05-02T00:36:59.515820,76.52,0.2014,79.2,0.233,1000.0,0.0,4.199,82.7,98,0,60.0,2026-05-02T00:37:59.515430,4.214
2026-05-02T00:37:00.246730,76.59,0.1957,79.24,0.2323,1000.0,0.0,4.199,82.7,98,0,60.0,2026-05-02T00:38:00.246539,4.214
2026-05-02T00:37:00.323923,76.59,0.2023,79.25,0.2335,1000.0,0.0,4.199,82.7,98,0,60.0,2026-05-02T00:38:00.323721,4.214
2026-05-02T00:37:00.428081,76.59,0.2023,79.26,0.2341,1000.0,0.0,4.199,82.7,98,0,60.0,2026-05-02T00:38:00.427822,4.214
2026-05-02T00:37:01.252941,76.62,0.2082,79.29,0.2361,1000.0,0.0,4.199,82.7,98,0,60.0,2026-05-02T00:38:01.252657,4.214
2026-05-02T00:37:01.571096,76.62,0.2082,79.3,0.2383,1000.0,0.0,4.199,82.7,98,0,60.0,2026-05-02T00:38:01.570740,4.214
2026-05-02T00:37:02.346910,76.62,0.2082,79.32,0.24,1000.0,0.0,4.199,82.7,98,0,60.0,2026-05-02T00:38:02.346344,4.214
2026-05-02T00:37:02.470845,76.66,0.2075,79.33,0.2405,1000.0,0.0,4.199,82.6,98,0,60.0,2026-05-02T00:38:02.470518,4.214
2026-05-02T00:37:02.586350,76.66,0.2075,79.34,0.2405,1000.0,0.0,4.199,82.6,98,0,60.0,2026-05-02T00:38:02.585934,4.214
2026-05-02T00:37:03.285726,76.69,0.2075,79.36,0.2407,1000.0,0.0,4.199,82.6,98,0,60.0,2026-05-02T00:38:03.285412,4.214
2026-05-02T00:37:03.365657,76.69,0.2005,79.36,0.2372,1000.0,0.0,4.199,82.6,98,0,60.0,2026-05-02T00:38:03.365429,4.214
2026-05-02T00:37:03.467846,76.69,0.2005,79.37,0.2358,1000.0,0.0,4.199,82.6,98,0,60.0,2026-05-02T00:38:03.467604,4.214
2026-05-02T00:37:04.470501,76.76,0.2001,79.41,0.2347,1000.0,0.0,4.199,82.6,98,0,60.0,2026-05-02T00:38:04.470143,4.214
2026-05-02T00:37:04.608167,76.76,0.2125,79.42,0.2389,1000.0,0.0,4.199,82.6,98,0,60.0,2026-05-02T00:38:04.607426,4.214
2026-05-02T00:37:04.731294,76.76,0.2125,79.43,0.2417,1000.0,0.0,4.199,82.6,98,0,60.0,2026-05-02T00:38:04.731017,4.214
2026-05-02T00:37:05.394647,76.79,0.2092,79.45,0.242,1000.0,0.0,4.199,82.6,98,0,60.0,2026-05-02T00:38:05.394453,4.214
2026-05-02T00:37:05.462682,76.79,0.2109,79.46,0.2428,1000.0,0.0,4.199,82.6,98,0,60.0,2026-05-02T00:38:05.462495,4.214
2026-05-02T00:37:05.536313,76.79,0.2109,79.46,0.2432,1000.0,0.0,4.199,82.6,98,0,60.0,2026-05-02T00:38:05.536128,4.214
2026-05-02T00:37:06.480909,76.85,0.2092,79.5,0.2433,1000.0,0.0,4.199,82.6,98,0,60.0,2026-05-02T00:38:06.480549,4.214
2026-05-02T00:37:06.595922,76.85,0.2092,79.51,0.2429,1000.0,0.0,4.199,82.6,98,0,60.0,2026-05-02T00:38:06.595639,4.214
2026-05-02T00:37:07.465210,76.85,0.2092,79.55,0.2429,1000.0,0.0,4.199,82.6,98,0,60.0,2026-05-02T00:38:07.465024,4.214
2026-05-02T00:37:07.532327,76.88,0.2142,79.55,0.2425,1000.0,0.0,4.199,82.6,98,0,60.0,2026-05-02T00:38:07.532118,4.214
2026-05-02T00:37:07.605105,76.88,0.2142,79.55,0.2444,1000.0,0.0,4.199,82.6,98,0,60.0,2026-05-02T00:38:07.604907,4.214
2026-05-02T00:37:08.522018,76.92,0.2142,79.58,0.2462,1000.0,0.0,4.199,82.6,98,0,60.0,2026-05-02T00:38:08.521818,4.214
2026-05-02T00:37:08.595516,76.92,0.2201,79.59,0.2476,1000.0,0.0,4.199,82.6,98,0,60.0,2026-05-02T00:38:08.595325,4.214
2026-05-02T00:37:08.674976,76.92,0.2201,79.59,0.2498,1000.0,0.0,4.199,82.6,98,0,60.0,2026-05-02T00:38:08.674788,4.214
2026-05-02T00:37:09.594835,76.96,0.2201,79.62,0.2521,1000.0,0.0,4.199,82.5,98,0,60.0,2026-05-02T00:38:09.594597,4.214
2026-05-02T00:37:09.702067,76.96,0.2184,79.63,0.2519,1000.0,0.0,4.199,82.5,98,0,60.0,2026-05-02T00:38:09.701772,4.214
2026-05-02T00:37:09.830989,76.96,0.2184,79.63,0.2519,1000.0,0.0,4.199,82.5,98,0,60.0,2026-05-02T00:38:09.830471,4.214
2026-05-02T00:37:10.638297,77.02,0.2049,79.67,0.2489,1000.0,0.0,4.199,82.5,98,0,60.0,2026-05-02T00:38:10.638092,4.214
2026-05-02T00:37:10.713676,77.02,0.2091,79.68,0.2462,1000.0,0.0,4.199,82.5,98,0,60.0,2026-05-02T00:38:10.713496,4.214
2026-05-02T00:37:10.789522,77.02,0.2091,79.69,0.2449,1000.0,0.0,4.199,82.5,98,0,60.0,2026-05-02T00:38:10.789330,4.214
2026-05-02T00:37:11.703389,77.05,0.21,79.72,0.2427,1000.0,0.0,4.199,82.5,98,0,60.0,2026-05-02T00:38:11.703162,4.214
2026-05-02T00:37:11.803316,77.05,0.21,79.72,0.243,1000.0,0.0,4.199,82.5,98,0,60.0,2026-05-02T00:38:11.803051,4.214
2026-05-02T00:37:12.701478,77.05,0.21,79.76,0.2435,1000.0,0.0,4.199,82.5,98,0,60.0,2026-05-02T00:38:12.701241,4.214
2026-05-02T00:37:12.771304,77.11,0.2158,79.77,0.2448,1000.0,0.0,4.199,82.5,98,0,60.0,2026-05-02T00:38:12.771119,4.214
2026-05-02T00:37:12.845724,77.11,0.2158,79.78,0.2466,1000.0,0.0,4.199,82.5,98,0,60.0,2026-05-02T00:38:12.845546,4.214
2026-05-02T00:37:13.761880,77.15,0.2158,79.81,0.2482,1000.0,0.0,4.199,82.5,98,0,60.0,2026-05-02T00:38:13.761675,4.214
2026-05-02T00:37:13.835425,77.15,0.2158,79.82,0.2479,1000.0,0.0,4.199,82.5,98,0,60.0,2026-05-02T00:38:13.835216,4.214
2026-05-02T00:37:13.935816,77.15,0.2158,79.82,0.2484,1000.0,0.0,4.199,82.5,98,0,60.0,2026-05-02T00:38:13.935543,4.214
2026-05-02T00:37:14.811314,77.16,0.2125,79.85,0.2487,1000.0,0.0,4.199,82.5,98,0,60.0,2026-05-02T00:38:14.811094,4.214
2026-05-02T00:37:14.887736,77.16,0.2058,79.85,0.2443,1000.0,0.0,4.199,82.5,98,0,60.0,2026-05-02T00:38:14.887530,4.214
2026-05-02T00:37:14.965498,77.16,0.2058,79.84,0.2425,1000.0,0.0,4.199,82.5,98,0,60.0,2026-05-02T00:38:14.965222,4.214
2026-05-02T00:37:15.876157,77.22,0.2032,79.88,0.2401,1000.0,0.0,4.199,82.5,98,0,60.0,2026-05-02T00:38:15.875973,4.214
2026-05-02T00:37:15.951400,77.22,0.2058,79.88,0.2397,1000.0,0.0,4.199,82.5,98,0,60.0,2026-05-02T00:38:15.951164,4.214
2026-05-02T00:37:16.038843,77.22,0.2058,79.89,0.2396,1000.0,0.0,4.199,82.5,98,0,60.0,2026-05-02T00:38:16.038601,4.214
2026-05-02T00:37:16.925059,77.26,0.2167,79.92,0.2416,1000.0,0.0,4.199,82.4,99,0,60.0,2026-05-02T00:38:16.924883,4.214
2026-05-02T00:37:16.990703,77.26,0.2167,79.93,0.2451,1000.0,0.0,4.199,82.4,99,0,60.0,2026-05-02T00:38:16.990502,4.214
2026-05-02T00:37:17.939767,77.26,0.2167,79.96,0.2479,1000.0,0.0,4.199,82.4,99,0,60.0,2026-05-02T00:38:17.939546,4.214
2026-05-02T00:37:18.015999,77.3,0.2134,79.97,0.2478,1000.0,0.0,4.199,82.4,99,0,60.0,2026-05-02T00:38:18.015678,4.214
2026-05-02T00:37:18.111136,77.3,0.2134,79.97,0.2475,1000.0,0.0,4.199,82.4,99,0,60.0,2026-05-02T00:38:18.110815,4.214
2026-05-02T00:37:18.997179,77.33,0.2134,80.0,0.2475,1000.0,0.0,4.199,82.4,99,0,60.0,2026-05-02T00:38:18.996994,4.214
2026-05-02T00:37:19.071388,77.33,0.21,80.0,0.245,1000.0,0.0,4.199,82.4,99,0,60.0,2026-05-02T00:38:19.071194,4.214
2026-05-02T00:37:19.150182,77.33,0.21,80.0,0.2445,1000.0,0.0,4.199,82.4,99,0,60.0,2026-05-02T00:38:19.149953,4.214
2026-05-02T00:37:20.059443,77.37,0.2041,80.03,0.2433,1000.0,0.0,4.199,82.4,99,0,60.0,2026-05-02T00:38:20.059282,4.214
2026-05-02T00:37:20.364836,77.37,0.2091,80.04,0.2427,1000.0,0.0,4.199,82.4,99,0,60.0,2026-05-02T00:38:20.364204,4.214
2026-05-02T00:37:20.513509,77.37,0.2091,80.05,0.2428,1000.0,0.0,4.199,82.4,99,0,60.0,2026-05-02T00:38:20.512972,4.214
2026-05-02T00:37:21.106864,77.41,0.2091,80.07,0.243,1000.0,0.0,4.199,82.4,99,0,60.0,2026-05-02T00:38:21.106691,4.214
2026-05-02T00:37:21.170982,77.41,0.214,80.08,0.245,1000.0,0.0,4.199,82.4,99,0,60.0,2026-05-02T00:38:21.170795,4.214
2026-05-02T00:37:21.235603,77.41,0.214,80.08,0.2459,1000.0,0.0,4.199,82.4,99,0,60.0,2026-05-02T00:38:21.235386,4.214
2026-05-02T00:37:22.336041,77.46,0.2201,80.11,0.2475,1000.0,0.0,4.199,82.4,99,0,60.0,2026-05-02T00:38:22.335269,4.214
2026-05-02T00:37:22.516052,77.46,0.2201,80.12,0.2505,1000.0,0.0,4.199,82.4,99,0,60.0,2026-05-02T00:38:22.515649,4.214
2026-05-02T00:37:23.177680,77.46,0.2201,80.15,0.2524,1000.0,0.0,4.199,82.4,99,0,60.0,2026-05-02T00:38:23.177480,4.214
2026-05-02T00:37:23.256792,77.48,0.2253,80.15,0.2538,1000.0,0.0,4.199,82.4,99,0,60.0,2026-05-02T00:38:23.256602,4.214
2026-05-02T00:37:23.361640,77.48,0.2253,80.15,0.2559,1000.0,0.0,4.199,82.4,99,0,60.0,2026-05-02T00:38:23.361348,4.214
2026-05-02T00:37:24.227373,77.52,0.2253,80.18,0.2579,1000.0,0.0,4.199,82.4,99,0,60.0,2026-05-02T00:38:24.227178,4.214
2026-05-02T00:37:24.301439,77.52,0.2378,80.18,0.2626,1000.0,0.0,4.199,82.4,99,0,60.0,2026-05-02T00:38:24.301243,4.214
2026-05-02T00:37:24.376659,77.52,0.2378,80.18,0.2661,1000.0,0.0,4.199,82.4,99,0,60.0,2026-05-02T00:38:24.376449,4.214
2026-05-02T00:37:25.296829,77.58,0.2275,80.22,0.2679,1000.0,0.0,4.199,82.3,99,0,60.0,2026-05-02T00:38:25.296611,4.214
2026-05-02T00:37:25.405805,77.58,0.2397,80.23,0.2705,1000.0,0.0,4.199,82.3,99,0,60.0,2026-05-02T00:38:25.405515,4.214
2026-05-02T00:37:25.548215,77.58,0.2397,80.24,0.2719,1000.0,0.0,4.199,82.3,99,0,60.0,2026-05-02T00:38:25.547800,4.214
2026-05-02T00:37:26.368717,77.64,0.2395,80.28,0.2732,1000.0,0.0,4.199,82.3,99,0,60.0,2026-05-02T00:38:26.368414,4.214
2026-05-02T00:37:26.476131,77.64,0.2395,80.3,0.2734,1000.0,0.0,4.199,82.3,99,0,60.0,2026-05-02T00:38:26.475892,4.214
2026-05-02T00:37:26.577127,77.64,0.2395,80.3,0.2735,1000.0,0.0,4.199,82.3,99,0,60.0,2026-05-02T00:38:26.576825,4.214
2026-05-02T00:37:27.400384,77.69,0.2395,80.34,0.2717,1000.0,0.0,4.199,82.3,99,0,60.0,2026-05-02T00:38:27.400108,4.214
2026-05-02T00:37:27.464643,77.69,0.2395,80.34,0.2725,1000.0,0.0,4.199,82.3,99,0,60.0,2026-05-02T00:38:27.464495,4.214
2026-05-02T00:37:28.413033,77.69,0.2395,80.38,0.2734,1000.0,0.0,4.199,82.3,99,0,60.0,2026-05-02T00:38:28.412830,4.214
2026-05-02T00:37:28.492111,77.76,0.2395,80.4,0.2708,1000.0,0.0,4.199,82.3,99,0,60.0,2026-05-02T00:38:28.491911,4.214
2026-05-02T00:37:28.590384,77.76,0.2395,80.41,0.272,1000.0,0.0,4.199,82.3,99,0,60.0,2026-05-02T00:38:28.590113,4.214
2026-05-02T00:37:29.472293,77.8,0.2395,80.45,0.2733,1000.0,0.0,4.199,82.3,99,0,60.0,2026-05-02T00:38:29.472065,4.214
2026-05-02T00:37:29.553558,77.8,0.241,80.45,0.2708,1000.0,0.0,4.199,82.3,99,0,60.0,2026-05-02T00:38:29.553322,4.214
2026-05-02T00:37:29.912942,77.8,0.241,80.46,0.2727,1000.0,0.0,4.199,82.3,99,0,60.0,2026-05-02T00:38:29.912601,4.214
2026-05-02T00:37:30.554978,77.83,0.241,80.49,0.2744,1000.0,0.0,4.199,82.3,99,0,60.0,2026-05-02T00:38:30.554580,4.214
2026-05-02T00:37:30.661114,77.83,0.2437,80.49,0.276,1000.0,0.0,4.199,82.3,99,0,60.0,2026-05-02T00:38:30.660734,4.214
2026-05-02T00:37:30.768913,77.83,0.2437,80.49,0.2769,1000.0,0.0,4.199,82.3,99,0,60.0,2026-05-02T00:38:30.768665,4.214
2026-05-02T00:37:31.703504,77.86,0.2437,80.52,0.2778,1000.0,0.0,4.199,82.2,99,0,60.0,2026-05-02T00:38:31.703112,4.214
2026-05-02T00:37:31.877869,77.86,0.2487,80.53,0.2804,1000.0,0.0,4.199,82.2,99,0,60.0,2026-05-02T00:38:31.877553,4.214
2026-05-02T00:37:32.232572,77.86,0.2487,80.53,0.2816,1000.0,0.0,4.199,82.2,99,0,60.0,2026-05-02T00:38:32.229928,4.214
2026-05-02T00:37:32.770856,77.88,0.2487,80.55,0.2815,1000.0,0.0,4.199,82.2,99,0,60.0,2026-05-02T00:38:32.770540,4.214
2026-05-02T00:37:32.878102,77.88,0.2487,80.55,0.2822,1000.0,0.0,4.199,82.2,99,0,60.0,2026-05-02T00:38:32.877769,4.214
2026-05-02T00:37:33.648772,77.88,0.2487,80.57,0.283,1000.0,0.0,4.199,82.2,99,0,60.0,2026-05-02T00:38:33.648634,4.214
2026-05-02T00:37:33.719574,77.93,0.2463,80.58,0.2804,1000.0,0.0,4.199,82.2,99,0,60.0,2026-05-02T00:38:33.719264,4.214
2026-05-02T00:37:33.784605,77.93,0.2463,80.59,0.2806,1000.0,0.0,4.199,82.2,99,0,60.0,2026-05-02T00:38:33.784330,4.214
2026-05-02T00:37:34.712062,77.94,0.2463,80.62,0.281,1000.0,0.0,4.199,82.2,99,0,60.0,2026-05-02T00:38:34.711830,4.214
2026-05-02T00:37:34.813707,77.94,0.2464,80.61,0.281,1000.0,0.0,4.199,82.2,99,0,60.0,2026-05-02T00:38:34.813493,4.214
2026-05-02T00:37:35.236072,77.94,0.2464,80.61,0.281,1000.0,0.0,4.199,82.2,99,0,60.0,2026-05-02T00:38:35.235512,4.214
2026-05-02T00:37:35.769764,77.97,0.2464,80.63,0.2812,1000.0,0.0,4.199,82.2,99,0,60.0,2026-05-02T00:38:35.769569,4.214
2026-05-02T00:37:35.842804,77.97,0.2464,80.64,0.2808,1000.0,0.0,4.199,82.2,99,0,60.0,2026-05-02T00:38:35.842633,4.214
2026-05-02T00:37:35.917667,77.97,0.2464,80.64,0.2809,1000.0,0.0,4.199,82.2,99,0,60.0,2026-05-02T00:38:35.917412,4.214
2026-05-02T00:37:36.819845,78.02,0.2429,80.67,0.2803,1000.0,0.0,4.199,82.2,98,0,60.0,2026-05-02T00:38:36.819649,4.214
2026-05-02T00:37:36.894287,78.02,0.2464,80.68,0.2806,1000.0,0.0,4.199,82.2,98,0,60.0,2026-05-02T00:38:36.894111,4.214
2026-05-02T00:37:36.978094,78.02,0.2464,80.68,0.2808,1000.0,0.0,4.199,82.2,98,0,60.0,2026-05-02T00:38:36.977878,4.214
2026-05-02T00:37:37.890522,78.07,0.2421,80.72,0.2801,1000.0,0.0,4.199,82.2,98,0,60.0,2026-05-02T00:38:37.890272,4.214
2026-05-02T00:37:37.999553,78.07,0.2421,80.73,0.2787,1000.0,0.0,4.199,82.2,98,0,60.0,2026-05-02T00:38:37.998016,4.214
2026-05-02T00:37:38.888277,78.07,0.2421,80.76,0.2781,1000.0,0.0,4.199,82.2,99,0,60.0,2026-05-02T00:38:38.888093,4.214
2026-05-02T00:37:38.954251,78.11,0.2421,80.77,0.2773,1000.0,0.0,4.199,82.2,99,0,60.0,2026-05-02T00:38:38.954073,4.214
2026-05-02T00:37:39.020179,78.11,0.2421,80.77,0.2771,1000.0,0.0,4.199,82.2,99,0,60.0,2026-05-02T00:38:39.019996,4.214
2026-05-02T00:37:39.945575,78.16,0.2421,80.81,0.2773,1000.0,0.0,4.199,82.1,99,0,60.0,2026-05-02T00:38:39.945344,4.214
2026-05-02T00:37:40.017250,78.16,0.2488,80.81,0.2798,1000.0,0.0,4.199,82.1,99,0,60.0,2026-05-02T00:38:40.016998,4.214
2026-05-02T00:37:40.150450,78.16,0.2488,80.82,0.2812,1000.0,0.0,4.199,82.1,99,0,60.0,2026-05-02T00:38:40.137544,4.214
2026-05-02T00:37:40.999180,78.2,0.2456,80.85,0.2824,1000.0,0.0,4.199,82.1,99,0,60.0,2026-05-02T00:38:40.998806,4.214
2026-05-02T00:37:41.064200,78.2,0.2488,80.85,0.2827,1000.0,0.0,4.199,82.1,99,0,60.0,2026-05-02T00:38:41.064019,4.214
2026-05-02T00:37:41.129070,78.2,0.2488,80.86,0.283,1000.0,0.0,4.199,82.1,99,0,60.0,2026-05-02T00:38:41.128886,4.214
2026-05-02T00:37:42.054428,78.26,0.2488,80.9,0.2832,1000.0,0.0,4.199,82.1,99,0,60.0,2026-05-02T00:38:42.054236,4.214
2026-05-02T00:37:42.207816,78.26,0.2505,80.91,0.2841,1000.0,0.0,4.199,82.1,99,0,60.0,2026-05-02T00:38:42.189162,4.214
2026-05-02T00:37:42.343786,78.26,0.2505,80.92,0.2848,1000.0,0.0,4.199,82.1,99,0,60.0,2026-05-02T00:38:42.343498,4.214
2026-05-02T00:37:43.108900,78.28,0.2456,80.94,0.2839,1000.0,0.0,4.199,82.1,99,0,60.0,2026-05-02T00:38:43.108727,4.214
2026-05-02T00:37:43.171269,78.28,0.2456,80.94,0.2826,1000.0,0.0,4.199,82.1,99,0,60.0,2026-05-02T00:38:43.171081,4.214
2026-05-02T00:37:44.223248,78.28,0.2456,80.98,0.282,1000.0,0.0,4.199,82.1,99,0,60.0,2026-05-02T00:38:44.202842,4.214
2026-05-02T00:37:44.495885,78.32,0.2456,80.98,0.2808,1000.0,0.0,4.199,82.1,99,0,60.0,2026-05-02T00:38:44.495476,4.214
2026-05-02T00:37:44.802097,78.32,0.2456,80.99,0.2807,1000.0,0.0,4.199,82.1,99,0,60.0,2026-05-02T00:38:44.801768,4.214
2026-05-02T00:37:45.228624,78.38,0.2456,81.01,0.2808,1000.0,0.0,4.199,82.1,99,0,60.0,2026-05-02T00:38:45.228293,4.214
2026-05-02T00:37:45.480277,78.38,0.2473,81.03,0.2811,1000.0,0.0,4.199,82.1,99,0,60.0,2026-05-02T00:38:45.479776,4.214
2026-05-02T00:37:45.696205,78.38,0.2473,81.04,0.2818,1000.0,0.0,4.199,82.1,99,0,60.0,2026-05-02T00:38:45.695599,4.214
2026-05-02T00:37:46.468817,78.43,0.2437,81.07,0.2818,1000.0,0.0,4.199,82.1,99,0,60.0,2026-05-02T00:38:46.461933,4.214
2026-05-02T00:37:46.677046,78.43,0.2473,81.09,0.2818,1000.0,0.0,4.199,82.1,99,0,60.0,2026-05-02T00:38:46.676432,4.214
2026-05-02T00:37:46.807626,78.43,0.2473,81.09,0.2821,1000.0,0.0,4.199,82.1,99,0,60.0,2026-05-02T00:38:46.807258,4.214
2026-05-02T00:37:47.321149,78.47,0.2513,81.12,0.2829,1000.0,0.0,4.199,82.0,99,0,60.0,2026-05-02T00:38:47.320894,4.214
2026-05-02T00:37:47.445678,78.47,0.2514,81.13,0.2845,1000.0,0.0,4.199,82.0,99,0,60.0,2026-05-02T00:38:47.445269,4.214
2026-05-02T00:37:47.613762,78.47,0.2514,81.13,0.2853,1000.0,0.0,4.199,82.0,99,0,60.0,2026-05-02T00:38:47.613339,4.214
2026-05-02T00:37:48.345761,78.52,0.2532,81.16,0.2864,1000.0,0.0,4.199,82.0,99,0,60.0,2026-05-02T00:38:48.345532,4.214
2026-05-02T00:37:48.421505,78.52,0.2532,81.17,0.2872,1000.0,0.0,4.199,82.0,99,0,60.0,2026-05-02T00:38:48.421273,4.214
2026-05-02T00:37:49.363690,78.52,0.2532,81.2,0.2882,1000.0,0.0,4.199,82.0,99,0,60.0,2026-05-02T00:38:49.363483,4.214
2026-05-02T00:37:49.438073,78.55,0.2572,81.21,0.2887,1000.0,0.0,4.199,82.0,99,0,60.0,2026-05-02T00:38:49.437838,4.214
2026-05-02T00:37:49.531167,78.55,0.2572,81.21,0.2902,1000.0,0.0,4.199,82.0,99,0,60.0,2026-05-02T00:38:49.530874,4.214
2026-05-02T00:37:50.413171,78.63,0.2572,81.24,0.2916,1000.0,0.0,4.199,82.0,99,0,60.0,2026-05-02T00:38:50.412973,4.214
2026-05-02T00:37:50.486604,78.63,0.2599,81.26,0.2912,1000.0,0.0,4.199,82.0,99,0,60.0,2026-05-02T00:38:50.486407,4.214
2026-05-02T00:37:50.569275,78.63,0.2599,81.27,0.2927,1000.0,0.0,4.199,82.0,99,0,60.0,2026-05-02T00:38:50.569038,4.214
2026-05-02T00:37:51.497170,78.65,0.2599,81.3,0.2944,1000.0,0.0,4.199,82.0,99,0,60.0,2026-05-02T00:38:51.496920,4.214
2026-05-02T00:37:51.598269,78.65,0.2599,81.3,0.2948,1000.0,0.0,4.199,82.0,99,0,60.0,2026-05-02T00:38:51.597972,4.214
2026-05-02T00:37:51.735996,78.65,0.2599,81.3,0.295,1000.0,0.0,4.199,82.0,99,0,60.0,2026-05-02T00:38:51.735496,4.214
2026-05-02T00:37:52.526355,78.71,0.2572,81.34,0.2951,1000.0,0.0,4.199,82.0,98,0,60.0,2026-05-02T00:38:52.526168,4.214
2026-05-02T00:37:52.597822,78.71,0.2572,81.35,0.2941,1000.0,0.0,4.199,82.0,98,0,60.0,2026-05-02T00:38:52.597651,4.214
2026-05-02T00:37:52.669045,78.71,0.2572,81.35,0.2936,1000.0,0.0,4.199,82.0,98,0,60.0,2026-05-02T00:38:52.668834,4.214
2026-05-02T00:37:53.578177,78.76,0.2536,81.4,0.2919,1000.0,0.0,4.199,82.0,98,0,60.0,2026-05-02T00:38:53.577994,4.214
2026-05-02T00:37:53.640932,78.76,0.2536,81.4,0.2908,1000.0,0.0,4.199,81.9,98,0,60.0,2026-05-02T00:38:53.640779,4.214
2026-05-02T00:37:54.601475,78.76,0.2536,81.44,0.2904,1000.0,0.0,4.199,81.9,99,0,60.0,2026-05-02T00:38:54.601216,4.214
2026-05-02T00:37:54.717969,78.8,0.2546,81.45,0.289,1000.0,0.0,4.199,81.9,99,0,60.0,2026-05-02T00:38:54.717674,4.214
2026-05-02T00:37:54.879705,78.8,0.2546,81.45,0.2895,1000.0,0.0,4.199,81.9,99,0,60.0,2026-05-02T00:38:54.879382,4.214
2026-05-02T00:37:55.656625,78.86,0.2546,81.48,0.2901,1000.0,0.0,4.199,81.9,99,0,60.0,2026-05-02T00:38:55.656434,4.214
2026-05-02T00:37:55.731836,78.86,0.2546,81.5,0.2896,1000.0,0.0,4.199,81.9,99,0,60.0,2026-05-02T00:38:55.731651,4.214
2026-05-02T00:37:55.810663,78.86,0.2546,81.51,0.2898,1000.0,0.0,4.199,81.9,99,0,60.0,2026-05-02T00:38:55.810456,4.214
2026-05-02T00:37:56.707525,78.91,0.2539,81.55,0.2901,1000.0,0.0,4.199,81.9,99,0,60.0,2026-05-02T00:38:56.707323,4.214
2026-05-02T00:37:56.781412,78.91,0.2546,81.55,0.29,1000.0,0.0,4.199,81.9,99,0,60.0,2026-05-02T00:38:56.781237,4.214
2026-05-02T00:37:56.863381,78.91,0.2546,81.56,0.2902,1000.0,0.0,4.199,81.9,99,0,60.0,2026-05-02T00:38:56.863154,4.214
2026-05-02T00:37:57.763191,78.95,0.2546,81.6,0.2904,1000.0,0.0,4.199,81.9,99,0,60.0,2026-05-02T00:38:57.763015,4.214
2026-05-02T00:37:57.828039,78.95,0.264,81.6,0.2944,1000.0,0.0,4.199,81.9,99,0,60.0,2026-05-02T00:38:57.827852,4.214
2026-05-02T00:37:57.897954,78.95,0.264,81.6,0.2962,1000.0,0.0,4.199,81.9,99,0,60.0,2026-05-02T00:38:57.897766,4.214
2026-05-02T00:37:58.828726,79.0,0.2589,81.64,0.2962,1000.0,0.0,4.199,81.9,98,0,60.0,2026-05-02T00:38:58.828520,4.214
2026-05-02T00:37:58.904337,79.0,0.2589,81.65,0.2956,1000.0,0.0,4.199,81.9,98,0,60.0,2026-05-02T00:38:58.904051,4.214
2026-05-02T00:37:59.831889,79.0,0.2589,81.68,0.2956,1000.0,0.0,4.199,81.9,98,0,60.0,2026-05-02T00:38:59.831697,4.214
2026-05-02T00:37:59.906907,79.04,0.2581,81.69,0.294,1000.0,0.0,4.199,81.8,98,0,60.0,2026-05-02T00:38:59.906726,4.214
2026-05-02T00:37:59.978967,79.04,0.2581,81.69,0.2939,1000.0,0.0,4.199,81.8,98,0,60.0,2026-05-02T00:38:59.978772,4.214
2026-05-02T00:38:00.891767,79.08,0.2581,81.73,0.2943,1000.0,0.0,4.199,81.8,98,0,60.0,2026-05-02T00:39:00.891596,4.214
2026-05-02T00:38:00.960041,79.08,0.2598,81.73,0.2943,1000.0,0.0,4.199,81.8,98,0,60.0,2026-05-02T00:39:00.959867,4.214
2026-05-02T00:38:01.038118,79.08,0.2598,81.73,0.2948,1000.0,0.0,4.199,81.8,98,0,60.0,2026-05-02T00:39:01.037930,4.214
2026-05-02T00:38:01.968321,79.12,0.2581,81.76,0.2953,1000.0,0.0,4.199,81.8,98,0,60.0,2026-05-02T00:39:01.967989,4.214
2026-05-02T00:38:02.112725,79.12,0.2631,81.77,0.2967,1000.0,0.0,4.199,81.8,98,0,60.0,2026-05-02T00:39:02.112380,4.214
2026-05-02T00:38:02.394156,79.12,0.2631,81.77,0.2977,1000.0,0.0,4.199,81.8,98,0,60.0,2026-05-02T00:39:02.378890,4.214
2026-05-02T00:38:03.002872,79.17,0.2657,81.8,0.299,1000.0,0.0,4.199,81.8,98,0,60.0,2026-05-02T00:39:03.002559,4.214
2026-05-02T00:38:03.067610,79.17,0.2657,81.81,0.3001,1000.0,0.0,4.199,81.8,98,0,60.0,2026-05-02T00:39:03.067415,4.214
2026-05-02T00:38:03.140055,79.17,0.2657,81.82,0.3006,1000.0,0.0,4.199,81.8,98,0,60.0,2026-05-02T00:39:03.139831,4.214
2026-05-02T00:38:04.080712,79.21,0.2657,81.85,0.3012,1000.0,0.0,4.199,81.8,98,0,60.0,2026-05-02T00:39:04.078672,4.214
2026-05-02T00:38:04.394436,79.21,0.2657,81.86,0.3015,1000.0,0.0,4.199,81.8,98,0,60.0,2026-05-02T00:39:04.389523,4.214
2026-05-02T00:38:05.071567,79.21,0.2657,81.89,0.302,1000.0,0.0,4.199,81.8,98,0,60.0,2026-05-02T00:39:05.071367,4.214
2026-05-02T00:38:05.137910,79.23,0.2691,81.88,0.3026,1000.0,0.0,4.199,81.8,98,0,60.0,2026-05-02T00:39:05.137723,4.214
2026-05-02T00:38:05.202849,79.23,0.2691,81.88,0.3035,1000.0,0.0,4.199,81.8,98,0,60.0,2026-05-02T00:39:05.202661,4.214
2026-05-02T00:38:06.226023,79.29,0.2691,81.92,0.3046,1000.0,0.0,4.199,81.8,98,0,60.0,2026-05-02T00:39:06.208436,4.214
2026-05-02T00:38:06.771257,79.29,0.268,81.94,0.3035,1000.0,0.0,4.199,81.8,98,0,60.0,2026-05-02T00:39:06.771038,4.214
2026-05-02T00:38:06.936885,79.29,0.268,81.95,0.3039,1000.0,0.0,4.199,81.8,98,0,60.0,2026-05-02T00:39:06.936631,4.214
2026-05-02T00:38:07.411672,79.32,0.2564,81.96,0.3027,1000.0,0.0,4.199,81.8,98,0,60.0,2026-05-02T00:39:07.411351,4.214
2026-05-02T00:38:07.572815,79.32,0.268,81.97,0.3025,1000.0,0.0,4.199,81.8,98,0,60.0,2026-05-02T00:39:07.572509,4.214
2026-05-02T00:38:07.694256,79.32,0.268,81.98,0.3032,1000.0,0.0,4.199,81.8,98,0,60.0,2026-05-02T00:39:07.693969,4.214
2026-05-02T00:38:08.406117,79.35,0.2615,82.0,0.303,1000.0,0.0,4.199,81.7,98,0,60.0,2026-05-02T00:39:08.405801,4.214
2026-05-02T00:38:08.538151,79.35,0.2615,82.01,0.3007,1000.0,0.0,4.199,81.7,98,0,60.0,2026-05-02T00:39:08.537880,4.214
2026-05-02T00:38:08.661763,79.35,0.2615,82.01,0.2995,1000.0,0.0,4.199,81.7,98,0,60.0,2026-05-02T00:39:08.661495,4.214
2026-05-02T00:38:09.302511,79.39,0.2615,82.04,0.2986,1000.0,0.0,4.199,81.7,98,0,60.0,2026-05-02T00:39:09.302253,4.214
2026-05-02T00:38:09.378271,79.39,0.2615,82.04,0.2982,1000.0,0.0,4.199,81.7,98,0,60.0,2026-05-02T00:39:09.378052,4.214
2026-05-02T00:38:10.319220,79.39,0.2615,82.07,0.2983,1000.0,0.0,4.199,81.7,98,0,60.0,2026-05-02T00:39:10.318926,4.214
2026-05-02T00:38:10.428563,79.43,0.2632,82.08,0.2985,1000.0,0.0,4.199,81.7,98,0,60.0,2026-05-02T00:39:10.428270,4.214
2026-05-02T00:38:10.534109,79.43,0.2632,82.09,0.299,1000.0,0.0,4.199,81.7,98,0,60.0,2026-05-02T00:39:10.533801,4.214
2026-05-02T00:38:11.366409,79.47,0.2632,82.12,0.2995,1000.0,0.0,4.199,81.7,98,0,60.0,2026-05-02T00:39:11.365991,4.214
2026-05-02T00:38:11.443094,79.47,0.264,82.12,0.2995,1000.0,0.0,4.199,81.7,98,0,60.0,2026-05-02T00:39:11.442890,4.214
2026-05-02T00:38:11.547605,79.47,0.264,82.13,0.2998,1000.0,0.0,4.199,81.7,98,0,60.0,2026-05-02T00:39:11.547314,4.214
2026-05-02T00:38:12.449401,79.49,0.2622,82.15,0.3,1000.0,0.0,4.199,81.7,98,0,60.0,2026-05-02T00:39:12.448837,4.214
2026-05-02T00:38:12.559207,79.49,0.2648,82.15,0.3005,1000.0,0.0,4.199,81.7,98,0,60.0,2026-05-02T00:39:12.558922,4.214
2026-05-02T00:38:12.668932,79.49,0.2648,82.15,0.3007,1000.0,0.0,4.199,81.7,98,0,60.0,2026-05-02T00:39:12.668636,4.214
2026-05-02T00:38:13.481159,79.55,0.2667,82.19,0.3014,1000.0,0.0,4.199,81.7,98,0,60.0,2026-05-02T00:39:13.480971,4.214
2026-05-02T00:38:13.557898,79.55,0.2707,82.19,0.3038,1000.0,0.0,4.199,81.7,98,0,60.0,2026-05-02T00:39:13.557715,4.214
2026-05-02T00:38:13.750389,79.55,0.2707,82.2,0.305,1000.0,0.0,4.199,81.7,98,0,60.0,2026-05-02T00:39:13.748607,4.214
2026-05-02T00:38:14.535567,79.59,0.2775,82.22,0.3069,1000.0,0.0,4.199,81.7,99,0,60.0,2026-05-02T00:39:14.535319,4.214
2026-05-02T00:38:14.609438,79.59,0.2775,82.23,0.3098,1000.0,0.0,4.199,81.7,99,0,60.0,2026-05-02T00:39:14.609253,4.214
2026-05-02T00:38:15.543890,79.59,0.2775,82.26,0.312,1000.0,0.0,4.199,81.7,99,0,60.0,2026-05-02T00:39:15.543686,4.214
2026-05-02T00:38:15.644358,79.63,0.2775,82.27,0.3125,1000.0,0.0,4.199,81.7,99,0,60.0,2026-05-02T00:39:15.643924,4.214
2026-05-02T00:38:15.808637,79.63,0.2775,82.27,0.3132,1000.0,0.0,4.199,81.7,99,0,60.0,2026-05-02T00:39:15.808002,4.214
2026-05-02T00:38:16.594901,79.67,0.2775,82.3,0.3139,1000.0,0.0,4.199,81.6,98,0,60.0,2026-05-02T00:39:16.594707,4.214
2026-05-02T00:38:16.667708,79.67,0.2707,82.31,0.3111,1000.0,0.0,4.199,81.6,98,0,60.0,2026-05-02T00:39:16.667483,4.214
2026-05-02T00:38:16.742200,79.67,0.2707,82.31,0.3097,1000.0,0.0,4.199,81.6,98,0,60.0,2026-05-02T00:39:16.742030,4.214
2026-05-02T00:38:17.680765,79.71,0.2676,82.34,0.3082,1000.0,0.0,4.199,81.6,98,0,60.0,2026-05-02T00:39:17.680515,4.214
2026-05-02T00:38:17.785923,79.71,0.2707,82.35,0.3075,1000.0,0.0,4.199,81.6,98,0,60.0,2026-05-02T00:39:17.785655,4.214
2026-05-02T00:38:17.893958,79.71,0.2707,82.35,0.3074,1000.0,0.0,4.199,81.6,98,0,60.0,2026-05-02T00:39:17.893712,4.214
2026-05-02T00:38:18.712572,79.75,0.2733,82.38,0.3075,1000.0,0.0,4.199,81.6,98,0,60.0,2026-05-02T00:39:18.712397,4.214
2026-05-02T00:38:18.776074,79.75,0.2811,82.39,0.3119,1000.0,0.0,4.199,81.6,98,0,60.0,2026-05-02T00:39:18.775919,4.214
2026-05-02T00:38:18.840381,79.75,0.2811,82.39,0.3139,1000.0,0.0,4.199,81.6,98,0,60.0,2026-05-02T00:39:18.840214,4.214
2026-05-02T00:38:19.760303,79.8,0.2725,82.43,0.3129,1000.0,0.0,4.199,81.6,98,0,60.0,2026-05-02T00:39:19.760069,4.214
2026-05-02T00:38:19.825847,79.8,0.2725,82.44,0.3114,1000.0,0.0,4.199,81.6,98,0,60.0,2026-05-02T00:39:19.825687,4.214
2026-05-02T00:38:20.787169,79.8,0.2725,82.47,0.3108,1000.0,0.0,4.199,81.6,99,0,60.0,2026-05-02T00:39:20.786962,4.214
2026-05-02T00:38:20.863056,79.84,0.2725,82.48,0.3092,1000.0,0.0,4.199,81.6,99,0,60.0,2026-05-02T00:39:20.862880,4.214
2026-05-02T00:38:20.936868,79.84,0.2725,82.48,0.3092,1000.0,0.0,4.199,81.6,99,0,60.0,2026-05-02T00:39:20.936664,4.214
2026-05-02T00:38:21.838891,79.87,0.2725,82.51,0.3096,1000.0,0.0,4.199,81.6,99,0,60.0,2026-05-02T00:39:21.838695,4.214
2026-05-02T00:38:21.909291,79.87,0.2724,82.52,0.3094,1000.0,0.0,4.199,81.6,99,0,60.0,2026-05-02T00:39:21.909130,4.214
2026-05-02T00:38:21.994167,79.87,0.2724,82.52,0.3093,1000.0,0.0,4.199,81.6,99,0,60.0,2026-05-02T00:39:21.993935,4.214
2026-05-02T00:38:22.901060,79.91,0.2716,82.55,0.3094,1000.0,0.0,4.199,81.6,98,0,60.0,2026-05-02T00:39:22.900678,4.214
2026-05-02T00:38:22.980556,79.91,0.2724,82.55,0.3092,1000.0,0.0,4.199,81.6,98,0,60.0,2026-05-02T00:39:22.980365,4.214
2026-05-02T00:38:23.085790,79.91,0.2724,82.56,0.3092,1000.0,0.0,4.199,81.6,98,0,60.0,2026-05-02T00:39:23.085448,4.214
2026-05-02T00:38:23.947551,79.94,0.28,82.59,0.3105,1000.0,0.0,4.199,81.5,98,0,60.0,2026-05-02T00:39:23.947380,4.214
2026-05-02T00:38:24.017615,79.94,0.28,82.59,0.3132,1000.0,0.0,4.199,81.5,98,0,60.0,2026-05-02T00:39:24.017340,4.214
2026-05-02T00:38:24.094372,79.94,0.28,82.59,0.3145,1000.0,0.0,4.199,81.5,98,0,60.0,2026-05-02T00:39:24.094164,4.214
2026-05-02T00:38:25.013971,79.97,0.28,82.62,0.3143,1000.0,0.0,4.199,81.5,98,0,60.0,2026-05-02T00:39:25.013778,4.214
2026-05-02T00:38:25.088799,79.97,0.28,82.62,0.3154,1000.0,0.0,4.199,81.5,98,0,60.0,2026-05-02T00:39:25.088604,4.214
2026-05-02T00:38:26.022040,79.97,0.28,82.65,0.3165,1000.0,0.0,4.199,81.5,98,0,60.0,2026-05-02T00:39:26.021134,4.214
2026-05-02T00:38:26.093195,80.02,0.2869,82.65,0.3177,1000.0,0.0,4.199,81.5,98,0,60.0,2026-05-02T00:39:26.091983,4.214
2026-05-02T00:38:26.280588,80.02,0.2869,82.66,0.3202,1000.0,0.0,4.199,81.5,98,0,60.0,2026-05-02T00:39:26.272577,4.214
2026-05-02T00:38:27.080382,80.06,0.2869,82.69,0.3226,1000.0,0.0,4.199,81.5,98,0,60.0,2026-05-02T00:39:27.080179,4.214
2026-05-02T00:38:27.177325,80.06,0.2793,82.69,0.3195,1000.0,0.0,4.199,81.5,98,0,60.0,2026-05-02T00:39:27.176973,4.214
2026-05-02T00:38:27.545556,80.06,0.2793,82.71,0.3182,1000.0,0.0,4.199,81.5,98,0,60.0,2026-05-02T00:39:27.545096,4.214
2026-05-02T00:38:28.230358,80.1,0.2783,82.73,0.3173,1000.0,0.0,4.199,81.5,98,0,60.0,2026-05-02T00:39:28.225093,4.214
2026-05-02T00:38:28.346885,80.1,0.2793,82.74,0.3168,1000.0,0.0,4.199,81.5,98,0,60.0,2026-05-02T00:39:28.346538,4.214
2026-05-02T00:38:28.452607,80.1,0.2793,82.74,0.3166,1000.0,0.0,4.199,81.5,98,0,60.0,2026-05-02T00:39:28.452254,4.214
2026-05-02T00:38:29.189931,80.14,0.2935,82.77,0.3185,1000.0,0.0,4.199,81.5,98,0,60.0,2026-05-02T00:39:29.189759,4.214
2026-05-02T00:38:29.264225,80.14,0.2935,82.78,0.3237,1000.0,0.0,4.199,81.5,98,0,60.0,2026-05-02T00:39:29.264036,4.214
2026-05-02T00:38:29.340143,80.14,0.2935,82.78,0.3261,1000.0,0.0,4.199,81.5,98,0,60.0,2026-05-02T00:39:29.339958,4.214
2026-05-02T00:38:30.279582,80.18,0.2892,82.82,0.3275,1000.0,0.0,4.199,81.5,98,0,60.0,2026-05-02T00:39:30.279356,4.214
2026-05-02T00:38:30.398365,80.18,0.2892,82.82,0.327,1000.0,0.0,4.199,81.5,98,0,60.0,2026-05-02T00:39:30.397862,4.214
2026-05-02T00:38:31.271173,80.18,0.2892,82.85,0.3271,1000.0,0.0,4.199,81.5,98,0,60.0,2026-05-02T00:39:31.270809,4.214
2026-05-02T00:38:31.440717,80.22,0.2901,82.86,0.3268,1000.0,0.0,4.199,81.5,98,0,60.0,2026-05-02T00:39:31.440325,4.214
2026-05-02T00:38:31.697753,80.22,0.2901,82.86,0.3271,1000.0,0.0,4.199,81.5,98,0,60.0,2026-05-02T00:39:31.697148,4.214
2026-05-02T00:38:32.622561,80.27,0.2901,82.89,0.3275,1000.0,0.0,4.199,81.4,98,0,60.0,2026-05-02T00:39:32.620727,4.214
2026-05-02T00:38:32.871636,80.27,0.2901,82.91,0.3273,1000.0,0.0,4.199,81.4,98,0,60.0,2026-05-02T00:39:32.871304,4.214
2026-05-02T00:38:32.979900,80.27,0.2901,82.92,0.3274,1000.0,0.0,4.199,81.4,98,0,60.0,2026-05-02T00:39:32.979635,4.214
2026-05-02T00:38:33.373737,80.31,0.2901,82.94,0.3275,1000.0,0.0,4.199,81.4,98,0,60.0,2026-05-02T00:39:33.373591,4.214
2026-05-02T00:38:33.447547,80.31,0.2918,82.94,0.328,1000.0,0.0,4.199,81.4,98,0,60.0,2026-05-02T00:39:33.447357,4.214
2026-05-02T00:38:33.520789,80.31,0.2918,82.95,0.3285,1000.0,0.0,4.199,81.4,98,0,60.0,2026-05-02T00:39:33.520605,4.214
2026-05-02T00:38:34.492230,80.36,0.2918,82.99,0.3289,1000.0,0.0,4.199,81.4,98,0,60.0,2026-05-02T00:39:34.491674,4.214
2026-05-02T00:38:34.627726,80.36,0.2937,83.0,0.3299,1000.0,0.0,4.199,81.4,98,0,60.0,2026-05-02T00:39:34.627446,4.214
2026-05-02T00:38:34.760751,80.36,0.2937,83.01,0.3304,1000.0,0.0,4.199,81.4,98,0,60.0,2026-05-02T00:39:34.760419,4.214
2026-05-02T00:38:35.481293,80.41,0.2937,83.04,0.331,1000.0,0.0,4.199,81.4,98,0,60.0,2026-05-02T00:39:35.481132,4.214
2026-05-02T00:38:35.550785,80.41,0.2937,83.05,0.3311,1000.0,0.0,4.199,81.4,98,0,60.0,2026-05-02T00:39:35.550577,4.214
2026-05-02T00:38:36.508479,80.41,0.2937,83.08,0.3315,1000.0,0.0,4.199,81.4,98,0,60.0,2026-05-02T00:39:36.508282,4.214
2026-05-02T00:38:36.618390,80.45,0.3009,83.09,0.3322,1000.0,0.0,4.199,81.4,98,0,60.0,2026-05-02T00:39:36.617906,4.214
2026-05-02T00:38:36.725628,80.45,0.3009,83.1,0.3348,1000.0,0.0,4.199,81.4,98,0,60.0,2026-05-02T00:39:36.725372,4.214
2026-05-02T00:38:37.597136,80.49,0.3009,83.13,0.337,1000.0,0.0,4.199,81.4,98,0,60.0,2026-05-02T00:39:37.596754,4.214
2026-05-02T00:38:37.717809,80.49,0.3009,83.13,0.3367,1000.0,0.0,4.199,81.4,98,0,60.0,2026-05-02T00:39:37.717289,4.214
2026-05-02T00:38:37.847990,80.49,0.3009,83.13,0.3374,1000.0,0.0,4.199,81.4,98,0,60.0,2026-05-02T00:39:37.847658,4.214
2026-05-02T00:38:38.607689,80.53,0.2969,83.16,0.3376,1000.0,0.0,4.199,81.3,98,0,60.0,2026-05-02T00:39:38.607501,4.214
2026-05-02T00:38:38.672917,80.53,0.2959,83.16,0.3357,1000.0,0.0,4.199,81.3,98,0,60.0,2026-05-02T00:39:38.672729,4.214
2026-05-02T00:38:38.739150,80.53,0.2959,83.17,0.3349,1000.0,0.0,4.199,81.3,98,0,60.0,2026-05-02T00:39:38.738981,4.214
2026-05-02T00:38:39.662476,80.6,0.2927,83.21,0.3339,1000.0,0.0,4.199,81.3,98,0,60.0,2026-05-02T00:39:39.662359,4.214
2026-05-02T00:38:39.734698,80.6,0.2951,83.23,0.3334,1000.0,0.0,4.199,81.3,98,0,60.0,2026-05-02T00:39:39.734507,4.214
2026-05-02T00:38:39.809603,80.6,0.2951,83.23,0.3332,1000.0,0.0,4.199,81.3,98,0,60.0,2026-05-02T00:39:39.809404,4.214
2026-05-02T00:38:40.717119,80.63,0.2951,83.27,0.3325,1000.0,0.0,4.199,81.3,98,0,60.0,2026-05-02T00:39:40.716854,4.214
2026-05-02T00:38:40.780178,80.63,0.2951,83.27,0.3326,1000.0,0.0,4.199,81.3,98,0,60.0,2026-05-02T00:39:40.780012,4.214
2026-05-02T00:38:41.734665,80.63,0.2951,83.29,0.333,1000.0,0.0,4.199,81.3,98,0,60.0,2026-05-02T00:39:41.734411,4.215
2026-05-02T00:38:41.810264,80.68,0.3018,83.3,0.3352,1000.0,0.0,4.199,81.3,98,0,60.0,2026-05-02T00:39:41.810081,4.215
2026-05-02T00:38:41.906348,80.68,0.3018,83.31,0.3369,1000.0,0.0,4.199,81.3,98,0,60.0,2026-05-02T00:39:41.906069,4.215
2026-05-02T00:38:42.794646,80.72,0.3018,83.34,0.3386,1000.0,0.0,4.199,81.3,98,0,60.0,2026-05-02T00:39:42.794426,4.215
2026-05-02T00:38:42.869602,80.72,0.2995,83.35,0.3379,1000.0,0.0,4.199,81.3,98,0,60.0,2026-05-02T00:39:42.869404,4.215
2026-05-02T00:38:42.945798,80.72,0.2995,83.35,0.3377,1000.0,0.0,4.199,81.3,98,0,60.0,2026-05-02T00:39:42.945626,4.215
2026-05-02T00:38:43.851659,80.77,0.2959,83.39,0.3373,1000.0,0.0,4.199,81.3,98,0,60.0,2026-05-02T00:39:43.851382,4.215
2026-05-02T00:38:43.949678,80.77,0.3028,83.4,0.3383,1000.0,0.0,4.199,81.3,98,0,60.0,2026-05-02T00:39:43.949370,4.215
2026-05-02T00:38:44.058423,80.77,0.3028,83.4,0.3392,1000.0,0.0,4.199,81.3,98,0,60.0,2026-05-02T00:39:44.058100,4.215
2026-05-02T00:38:44.894428,80.81,0.3045,83.44,0.3396,1000.0,0.0,4.199,81.3,98,0,60.0,2026-05-02T00:39:44.894254,4.215
2026-05-02T00:38:44.961344,80.81,0.3045,83.44,0.3409,1000.0,0.0,4.199,81.3,98,0,60.0,2026-05-02T00:39:44.961132,4.215
2026-05-02T00:38:45.036685,80.81,0.3045,83.44,0.3414,1000.0,0.0,4.199,81.3,98,0,60.0,2026-05-02T00:39:45.036488,4.215
2026-05-02T00:38:45.973594,80.86,0.3018,83.48,0.3405,1000.0,0.0,4.199,81.3,98,0,60.0,2026-05-02T00:39:45.973391,4.215
2026-05-02T00:38:46.165169,80.86,0.3018,83.49,0.3402,1000.0,0.0,4.199,81.2,98,0,60.0,2026-05-02T00:39:46.164782,4.215
2026-05-02T00:38:46.973835,80.86,0.3018,83.52,0.3403,1000.0,0.0,4.199,81.2,98,0,60.0,2026-05-02T00:39:46.973646,4.215
2026-05-02T00:38:47.048742,80.91,0.2995,83.54,0.3385,1000.0,0.0,4.199,81.2,98,0,60.0,2026-05-02T00:39:47.048527,4.215
2026-05-02T00:38:47.123964,80.91,0.2995,83.54,0.3381,1000.0,0.0,4.199,81.2,98,0,60.0,2026-05-02T00:39:47.123774,4.215
2026-05-02T00:38:48.061925,80.95,0.2995,83.57,0.3382,1000.0,0.0,4.199,81.2,98,0,60.0,2026-05-02T00:39:48.061039,4.215
2026-05-02T00:38:48.296024,80.95,0.2995,83.58,0.3371,1000.0,0.0,4.199,81.2,98,0,60.0,2026-05-02T00:39:48.289365,4.215
2026-05-02T00:38:48.583497,80.95,0.2995,83.59,0.3375,1000.0,0.0,4.199,81.2,98,0,60.0,2026-05-02T00:39:48.582981,4.215
2026-05-02T00:38:49.082480,80.96,0.2995,83.6,0.3377,1000.0,0.0,4.199,81.2,98,0,60.0,2026-05-02T00:39:49.082155,4.215
2026-05-02T00:38:49.147147,80.96,0.3081,83.6,0.3412,1000.0,0.0,4.199,81.2,98,0,60.0,2026-05-02T00:39:49.146952,4.215
2026-05-02T00:38:49.212706,80.96,0.3081,83.59,0.3429,1000.0,0.0,4.199,81.2,98,0,60.0,2026-05-02T00:39:49.212550,4.215
2026-05-02T00:38:50.234709,81.0,0.307,83.63,0.3448,1000.0,0.0,4.199,81.2,98,0,60.0,2026-05-02T00:39:50.219723,4.215
2026-05-02T00:38:50.555019,81.0,0.3081,83.64,0.3457,1000.0,0.0,4.199,81.2,98,0,60.0,2026-05-02T00:39:50.554622,4.215
2026-05-02T00:38:50.676770,81.0,0.3081,83.64,0.346,1000.0,0.0,4.199,81.2,98,0,60.0,2026-05-02T00:39:50.676220,4.215
2026-05-02T00:38:51.192969,81.04,0.3131,83.66,0.3469,1000.0,0.0,4.199,81.2,98,0,60.0,2026-05-02T00:39:51.192739,4.215
2026-05-02T00:38:51.258450,81.04,0.3131,83.66,0.3486,1000.0,0.0,4.199,81.2,98,0,60.0,2026-05-02T00:39:51.258303,4.215
2026-05-02T00:38:52.233833,81.04,0.3131,83.7,0.3502,1000.0,0.0,4.199,81.2,98,0,60.0,2026-05-02T00:39:52.233598,4.215
2026-05-02T00:38:52.338705,81.06,0.3063,83.7,0.3484,1000.0,0.0,4.199,81.2,98,0,60.0,2026-05-02T00:39:52.338428,4.215
2026-05-02T00:38:52.469845,81.06,0.3063,83.7,0.3469,1000.0,0.0,4.199,81.2,98,0,60.0,2026-05-02T00:39:52.469458,4.215
2026-05-02T00:38:53.262931,81.08,0.3063,83.72,0.346,1000.0,0.0,4.199,81.2,98,0,60.0,2026-05-02T00:39:53.262751,4.215
2026-05-02T00:38:53.346084,81.08,0.3063,83.72,0.3451,1000.0,0.0,4.199,81.2,98,0,60.0,2026-05-02T00:39:53.345900,4.215
2026-05-02T00:38:53.421953,81.08,0.3063,83.72,0.3449,1000.0,0.0,4.199,81.2,98,0,60.0,2026-05-02T00:39:53.421756,4.215
2026-05-02T00:38:54.341106,81.12,0.3063,83.75,0.345,1000.0,0.0,4.199,81.1,98,0,60.0,2026-05-02T00:39:54.340879,4.215
2026-05-02T00:38:54.447467,81.12,0.3079,83.75,0.3455,1000.0,0.0,4.199,81.1,98,0,60.0,2026-05-02T00:39:54.447222,4.215
2026-05-02T00:38:54.546489,81.12,0.3079,83.75,0.3458,1000.0,0.0,4.199,81.1,98,0,60.0,2026-05-02T00:39:54.546165,4.215
2026-05-02T00:38:55.372914,81.16,0.2986,83.79,0.3437,1000.0,0.0,4.199,81.1,98,0,60.0,2026-05-02T00:39:55.372717,4.215
2026-05-02T00:38:55.437349,81.16,0.3079,83.79,0.3447,1000.0,0.0,4.199,81.1,98,0,60.0,2026-05-02T00:39:55.437169,4.215
2026-05-02T00:38:55.506100,81.16,0.3079,83.79,0.3452,1000.0,0.0,4.199,81.1,98,0,60.0,2026-05-02T00:39:55.505912,4.215
2026-05-02T00:38:56.463633,81.21,0.3079,83.83,0.345,1000.0,0.0,4.199,81.1,98,0,60.0,2026-05-02T00:39:56.463389,4.215
2026-05-02T00:38:56.569870,81.21,0.3079,83.84,0.3455,1000.0,0.0,4.199,81.1,98,0,60.0,2026-05-02T00:39:56.569567,4.215
2026-05-02T00:38:57.442934,81.21,0.3079,83.87,0.3462,1000.0,0.0,4.199,81.1,98,0,60.0,2026-05-02T00:39:57.442752,4.215
2026-05-02T00:38:57.508913,81.25,0.3121,83.88,0.3457,1000.0,0.0,4.199,81.1,98,0,60.0,2026-05-02T00:39:57.508733,4.215
2026-05-02T00:38:57.579189,81.25,0.3121,83.88,0.3475,1000.0,0.0,4.199,81.1,98,0,60.0,2026-05-02T00:39:57.578977,4.215
2026-05-02T00:38:58.522555,81.3,0.3121,83.92,0.3494,1000.0,0.0,4.199,81.1,98,0,60.0,2026-05-02T00:39:58.522293,4.215
2026-05-02T00:38:58.638019,81.3,0.3121,83.93,0.3489,1000.0,0.0,4.199,81.1,98,0,60.0,2026-05-02T00:39:58.637764,4.215
2026-05-02T00:38:58.786797,81.3,0.3121,83.93,0.3496,1000.0,0.0,4.199,81.1,98,0,60.0,2026-05-02T00:39:58.786534,4.215
2026-05-02T00:38:59.556100,81.33,0.3085,83.96,0.3498,1000.0,0.0,4.199,81.1,98,0,60.0,2026-05-02T00:39:59.555909,4.215
2026-05-02T00:38:59.628304,81.33,0.3112,83.97,0.3496,1000.0,0.0,4.199,81.1,98,0,60.0,2026-05-02T00:39:59.628117,4.215
2026-05-02T00:38:59.726427,81.33,0.3112,83.97,0.3497,1000.0,0.0,4.199,81.1,98,0,60.0,2026-05-02T00:39:59.726185,4.215
2026-05-02T00:39:00.637937,81.37,0.3112,84.0,0.3496,1000.0,0.0,4.199,81.1,98,0,60.0,2026-05-02T00:40:00.637712,4.215
2026-05-02T00:39:00.813977,81.37,0.3189,84.01,0.3532,1000.0,0.0,4.199,81.1,98,0,60.0,2026-05-02T00:40:00.813646,4.215
2026-05-02T00:39:01.111987,81.37,0.3189,84.01,0.355,1000.0,0.0,4.199,81.1,98,0,60.0,2026-05-02T00:40:01.064989,4.215
2026-05-02T00:39:01.718078,81.43,0.3189,84.05,0.3558,1000.0,0.0,4.199,81.0,98,0,60.0,2026-05-02T00:40:01.717769,4.215
2026-05-02T00:39:01.868333,81.43,0.3189,84.05,0.3566,1000.0,0.0,4.199,81.0,98,0,60.0,2026-05-02T00:40:01.868061,4.215
2026-05-02T00:39:02.683598,81.43,0.3189,84.08,0.3574,1000.0,0.0,4.199,81.0,98,0,60.0,2026-05-02T00:40:02.683380,4.215
2026-05-02T00:39:02.761276,81.46,0.3079,84.09,0.3539,1000.0,0.0,4.199,81.0,98,0,60.0,2026-05-02T00:40:02.761069,4.215
2026-05-02T00:39:02.835702,81.46,0.3079,84.09,0.3511,1000.0,0.0,4.199,81.0,98,0,60.0,2026-05-02T00:40:02.835514,4.215
2026-05-02T00:39:04.148172,81.49,0.3079,84.12,0.3491,1000.0,0.0,4.199,81.0,98,0,60.0,2026-05-02T00:40:04.147688,4.215
2026-05-02T00:39:04.569363,81.49,0.3079,84.13,0.3473,1000.0,0.0,4.199,81.0,98,0,60.0,2026-05-02T00:40:04.538496,4.215
2026-05-02T00:39:04.877871,81.49,0.3079,84.14,0.347,1000.0,0.0,4.199,81.0,98,0,60.0,2026-05-02T00:40:04.877524,4.215
2026-05-02T00:39:05.007163,81.55,0.3063,84.14,0.3467,1000.0,0.0,4.199,81.0,98,0,60.0,2026-05-02T00:40:05.006896,4.215
2026-05-02T00:39:05.351167,81.55,0.3238,84.17,0.3535,1000.0,0.0,4.199,81.0,98,0,60.0,2026-05-02T00:40:05.350903,4.215
2026-05-02T00:39:05.517716,81.55,0.3238,84.18,0.3575,1000.0,0.0,4.199,81.0,98,0,60.0,2026-05-02T00:40:05.517228,4.215
2026-05-02T00:39:05.858778,81.59,0.3138,84.2,0.359,1000.0,0.0,4.199,81.0,98,0,60.0,2026-05-02T00:40:05.858543,4.215
2026-05-02T00:39:05.958434,81.59,0.3148,84.21,0.357,1000.0,0.0,4.199,81.0,98,0,60.0,2026-05-02T00:40:05.958208,4.215
2026-05-02T00:39:06.077627,81.59,0.3148,84.22,0.3559,1000.0,0.0,4.199,81.0,98,0,60.0,2026-05-02T00:40:06.077128,4.215
2026-05-02T00:39:06.903392,81.63,0.3148,84.25,0.3546,1000.0,0.0,4.199,81.0,99,0,60.0,2026-05-02T00:40:06.903212,4.215
2026-05-02T00:39:06.967894,81.63,0.3148,84.26,0.3542,1000.0,0.0,4.199,81.0,99,0,60.0,2026-05-02T00:40:06.967617,4.215
2026-05-02T00:39:07.921116,81.63,0.3148,84.29,0.3544,1000.0,0.0,4.199,81.0,99,0,60.0,2026-05-02T00:40:07.920894,4.215
2026-05-02T00:39:08.019473,81.65,0.3229,84.29,0.3568,1000.0,0.0,4.199,81.0,99,0,60.0,2026-05-02T00:40:08.019239,4.215
2026-05-02T00:39:08.387827,81.65,0.3229,84.29,0.3588,1000.0,0.0,4.199,81.0,99,0,60.0,2026-05-02T00:40:08.370163,4.215
2026-05-02T00:39:08.989963,81.71,0.3229,84.32,0.3609,1000.0,0.0,4.199,81.0,98,0,60.0,2026-05-02T00:40:08.989709,4.215
2026-05-02T00:39:09.152046,81.71,0.3198,84.33,0.3591,1000.0,0.0,4.199,81.0,98,0,60.0,2026-05-02T00:40:09.151519,4.215
2026-05-02T00:39:09.334384,81.71,0.3198,84.34,0.359,1000.0,0.0,4.199,81.0,98,0,60.0,2026-05-02T00:40:09.333950,4.215
2026-05-02T00:39:10.029465,81.75,0.3121,84.36,0.358,1000.0,0.0,4.199,80.9,98,0,60.0,2026-05-02T00:40:10.029303,4.215
2026-05-02T00:39:10.114098,81.75,0.3162,84.37,0.3564,1000.0,0.0,4.199,80.9,98,0,60.0,2026-05-02T00:40:10.101859,4.215
2026-05-02T00:39:10.325562,81.75,0.3162,84.38,0.3559,1000.0,0.0,4.199,80.9,98,0,60.0,2026-05-02T00:40:10.325252,4.215
2026-05-02T00:39:11.089951,81.78,0.3162,84.4,0.3557,1000.0,0.0,4.199,80.9,98,0,60.0,2026-05-02T00:40:11.089764,4.215
2026-05-02T00:39:11.164206,81.78,0.318,84.41,0.3563,1000.0,0.0,4.199,80.9,98,0,60.0,2026-05-02T00:40:11.164009,4.215
2026-05-02T00:39:11.243962,81.78,0.318,84.41,0.3566,1000.0,0.0,4.199,80.9,98,0,60.0,2026-05-02T00:40:11.243734,4.215
2026-05-02T00:39:12.241841,81.79,0.3146,84.43,0.356,1000.0,0.0,4.199,80.9,99,0,60.0,2026-05-02T00:40:12.241642,4.215
2026-05-02T00:39:12.317240,81.79,0.3146,84.43,0.355,1000.0,0.0,4.199,80.9,99,0,60.0,2026-05-02T00:40:12.317085,4.215
2026-05-02T00:39:13.156102,81.79,0.3146,84.45,0.3548,1000.0,0.0,4.199,80.9,99,0,60.0,2026-05-02T00:40:13.155894,4.215
2026-05-02T00:39:13.256543,81.81,0.3146,84.44,0.3533,1000.0,0.0,4.199,80.9,99,0,60.0,2026-05-02T00:40:13.256297,4.215
2026-05-02T00:39:13.394480,81.81,0.3146,84.44,0.3535,1000.0,0.0,4.199,80.9,99,0,60.0,2026-05-02T00:40:13.394133,4.215
2026-05-02T00:39:14.256885,81.88,0.3146,84.48,0.3539,1000.0,0.0,4.199,80.9,99,0,60.0,2026-05-02T00:40:14.256643,4.215
2026-05-02T00:39:14.369922,81.88,0.329,84.49,0.3586,1000.0,0.0,4.199,80.9,99,0,60.0,2026-05-02T00:40:14.369387,4.215
2026-05-02T00:39:14.492287,81.88,0.329,84.49,0.3624,1000.0,0.0,4.199,80.9,99,0,60.0,2026-05-02T00:40:14.490821,4.215
2026-05-02T00:39:15.269927,81.91,0.322,84.52,0.3647,1000.0,0.0,4.199,80.9,99,0,60.0,2026-05-02T00:40:15.269719,4.215
2026-05-02T00:39:15.345178,81.91,0.3239,84.53,0.364,1000.0,0.0,4.199,80.9,99,0,60.0,2026-05-02T00:40:15.344977,4.215
2026-05-02T00:39:15.446860,81.91,0.3239,84.53,0.3637,1000.0,0.0,4.199,80.9,99,0,60.0,2026-05-02T00:40:15.446566,4.215
2026-05-02T00:39:16.317355,81.94,0.3153,84.56,0.3612,1000.0,0.0,4.199,80.9,99,0,60.0,2026-05-02T00:40:16.317126,4.215
2026-05-02T00:39:16.400178,81.94,0.3239,84.56,0.3621,1000.0,0.0,4.199,80.9,99,0,60.0,2026-05-02T00:40:16.399919,4.215
2026-05-02T00:39:16.503741,81.94,0.3239,84.56,0.3625,1000.0,0.0,4.199,80.9,99,0,60.0,2026-05-02T00:40:16.503566,4.215
2026-05-02T00:39:17.380512,81.99,0.3274,84.6,0.3625,1000.0,0.0,4.199,80.9,99,0,60.0,2026-05-02T00:40:17.380302,4.215
2026-05-02T00:39:17.465505,81.99,0.3274,84.61,0.3642,1000.0,0.0,4.199,80.9,99,0,60.0,2026-05-02T00:40:17.465249,4.215
2026-05-02T00:39:18.384655,81.99,0.3274,84.64,0.3659,1000.0,0.0,4.199,80.9,99,0,60.0,2026-05-02T00:40:18.384433,4.215
2026-05-02T00:39:18.460514,82.02,0.3274,84.64,0.3656,1000.0,0.0,4.199,80.8,99,0,60.0,2026-05-02T00:40:18.460272,4.215
2026-05-02T00:39:18.555949,82.02,0.3274,84.64,0.3661,1000.0,0.0,4.199,80.8,99,0,60.0,2026-05-02T00:40:18.555713,4.215
2026-05-02T00:39:19.476115,82.08,0.3274,84.68,0.3668,1000.0,0.0,4.199,80.8,99,0,60.0,2026-05-02T00:40:19.475746,4.215
2026-05-02T00:39:19.637309,82.08,0.3281,84.69,0.3665,1000.0,0.0,4.199,80.8,99,0,60.0,2026-05-02T00:40:19.636668,4.215
2026-05-02T00:39:19.787155,82.08,0.3281,84.7,0.367,1000.0,0.0,4.199,80.8,99,0,60.0,2026-05-02T00:40:19.786781,4.215
2026-05-02T00:39:20.501725,82.11,0.3222,84.73,0.3667,1000.0,0.0,4.199,80.8,99,0,60.0,2026-05-02T00:40:20.501454,4.215
2026-05-02T00:39:20.574971,82.11,0.3306,84.73,0.3675,1000.0,0.0,4.199,80.8,99,0,60.0,2026-05-02T00:40:20.574796,4.215
2026-05-02T00:39:20.650374,82.11,0.3306,84.73,0.3684,1000.0,0.0,4.199,80.8,99,0,60.0,2026-05-02T00:40:20.650158,4.215
2026-05-02T00:39:21.555612,82.16,0.3163,84.77,0.3676,1000.0,0.0,4.199,80.8,99,0,60.0,2026-05-02T00:40:21.555438,4.215
2026-05-02T00:39:21.626686,82.16,0.3198,84.78,0.364,1000.0,0.0,4.199,80.8,99,0,60.0,2026-05-02T00:40:21.626502,4.215
2026-05-02T00:39:21.715523,82.16,0.3198,84.78,0.3624,1000.0,0.0,4.199,80.8,99,0,60.0,2026-05-02T00:40:21.715147,4.215
2026-05-02T00:39:22.619456,82.18,0.3198,84.81,0.3599,1000.0,0.0,4.199,80.8,99,0,60.0,2026-05-02T00:40:22.619236,4.215
2026-05-02T00:39:22.694066,82.18,0.3198,84.81,0.3596,1000.0,0.0,4.199,80.8,99,0,60.0,2026-05-02T00:40:22.693878,4.215
2026-05-02T00:39:23.627392,82.18,0.3198,84.84,0.3599,1000.0,0.0,4.199,80.8,99,0,60.0,2026-05-02T00:40:23.627205,4.215
2026-05-02T00:39:23.700904,82.21,0.3239,84.84,0.3609,1000.0,0.0,4.199,80.8,99,0,60.0,2026-05-02T00:40:23.700653,4.215
2026-05-02T00:39:23.774334,82.21,0.3239,84.84,0.3619,1000.0,0.0,4.199,80.8,99,0,60.0,2026-05-02T00:40:23.774158,4.215
2026-05-02T00:39:24.692614,82.26,0.3239,84.87,0.3631,1000.0,0.0,4.199,80.8,99,0,60.0,2026-05-02T00:40:24.692435,4.215
2026-05-02T00:39:24.795867,82.26,0.3239,84.88,0.3631,1000.0,0.0,4.199,80.8,99,0,60.0,2026-05-02T00:40:24.795636,4.215
2026-05-02T00:39:24.920337,82.26,0.3239,84.88,0.3633,1000.0,0.0,4.199,80.8,99,0,60.0,2026-05-02T00:40:24.919966,4.215
2026-05-02T00:39:25.741787,82.34,0.3229,84.93,0.3635,1000.0,0.0,4.199,80.7,99,0,60.0,2026-05-02T00:40:25.741601,4.215
2026-05-02T00:39:25.816487,82.34,0.3273,84.94,0.3651,1000.0,0.0,4.199,80.7,99,0,60.0,2026-05-02T00:40:25.816240,4.215
2026-05-02T00:39:25.889780,82.34,0.3273,84.95,0.3658,1000.0,0.0,4.199,80.7,99,0,60.0,2026-05-02T00:40:25.889606,4.215
2026-05-02T00:39:26.813455,82.38,0.3256,84.99,0.3662,1000.0,0.0,4.199,80.7,99,0,60.0,2026-05-02T00:40:26.813205,4.215
2026-05-02T00:39:26.901422,82.38,0.3273,84.99,0.3666,1000.0,0.0,4.199,80.7,99,0,60.0,2026-05-02T00:40:26.901100,4.215
2026-05-02T00:39:27.015092,82.38,0.3273,85.0,0.3667,1000.0,0.0,4.199,80.7,99,0,60.0,2026-05-02T00:40:27.014749,4.215
2026-05-02T00:39:27.856389,82.41,0.3414,85.03,0.37,1000.0,0.0,4.199,80.7,99,0,60.0,2026-05-02T00:40:27.856194,4.215
2026-05-02T00:39:27.929856,82.41,0.3414,85.03,0.3746,1000.0,0.0,4.199,80.7,99,0,60.0,2026-05-02T00:40:27.929679,4.215
2026-05-02T00:39:28.867120,82.41,0.3414,85.06,0.378,1000.0,0.0,4.199,80.7,99,0,60.0,2026-05-02T00:40:28.866853,4.215
2026-05-02T00:39:28.943492,82.47,0.3281,85.08,0.3754,1000.0,0.0,4.199,80.7,99,0,60.0,2026-05-02T00:40:28.943313,4.215
2026-05-02T00:39:29.052085,82.47,0.3281,85.08,0.3725,1000.0,0.0,4.199,80.7,99,0,60.0,2026-05-02T00:40:29.051756,4.215
2026-05-02T00:39:30.119050,82.52,0.3281,85.12,0.3705,1000.0,0.0,4.199,80.7,99,0,60.0,2026-05-02T00:40:30.118532,4.215
2026-05-02T00:39:30.463115,82.52,0.3281,85.14,0.369,1000.0,0.0,4.199,80.7,99,0,60.0,2026-05-02T00:40:30.438652,4.215
2026-05-02T00:39:30.663869,82.52,0.3281,85.15,0.3686,1000.0,0.0,4.199,80.7,99,0,60.0,2026-05-02T00:40:30.663447,4.215
2026-05-02T00:39:30.976400,82.58,0.3274,85.17,0.3683,1000.0,0.0,4.199,80.7,99,0,60.0,2026-05-02T00:40:30.976207,4.215
2026-05-02T00:39:31.053886,82.58,0.3374,85.18,0.372,1000.0,0.0,4.199,80.7,99,0,60.0,2026-05-02T00:40:31.053703,4.215
2026-05-02T00:39:31.155626,82.58,0.3374,85.19,0.3738,1000.0,0.0,4.199,80.7,99,0,60.0,2026-05-02T00:40:31.154360,4.215
2026-05-02T00:39:32.111646,82.62,0.3324,85.23,0.3747,1000.0,0.0,4.199,80.6,99,0,60.0,2026-05-02T00:40:32.110243,4.215
2026-05-02T00:39:32.525948,82.62,0.3382,85.25,0.3767,1000.0,0.0,4.199,80.6,99,0,60.0,2026-05-02T00:40:32.495354,4.215
2026-05-02T00:39:32.673866,82.62,0.3382,85.25,0.3775,1000.0,0.0,4.199,80.6,99,0,60.0,2026-05-02T00:40:32.673325,4.215
2026-05-02T00:39:33.086988,82.66,0.334,85.27,0.3765,1000.0,0.0,4.199,80.6,99,0,60.0,2026-05-02T00:40:33.086792,4.215
2026-05-02T00:39:33.153435,82.66,0.334,85.28,0.3756,1000.0,0.0,4.199,80.6,99,0,60.0,2026-05-02T00:40:33.153234,4.215
2026-05-02T00:39:34.169937,82.66,0.334,85.31,0.3754,1000.0,0.0,4.199,80.6,99,0,60.0,2026-05-02T00:40:34.145310,4.215
2026-05-02T00:39:34.565909,82.71,0.334,85.33,0.3745,1000.0,0.0,4.199,80.6,99,0,60.0,2026-05-02T00:40:34.565440,4.215
2026-05-02T00:39:34.712593,82.71,0.334,85.34,0.3744,1000.0,0.0,4.199,80.6,99,0,60.0,2026-05-02T00:40:34.712234,4.215
2026-05-02T00:39:35.769109,82.76,0.334,85.37,0.3747,1000.0,0.0,4.199,80.6,99,0,60.0,2026-05-02T00:40:35.765051,4.215
2026-05-02T00:39:36.521791,82.76,0.3333,85.39,0.3738,1000.0,0.0,4.199,80.6,99,0,60.0,2026-05-02T00:40:36.518514,4.215
2026-05-02T00:39:37.176596,82.76,0.3333,85.4,0.3738,1000.0,0.0,4.199,80.6,99,0,60.0,2026-05-02T00:40:37.153877,4.215
2026-05-02T00:39:37.550382,82.81,0.3315,85.41,0.3735,1000.0,0.0,4.199,80.6,99,0,60.0,2026-05-02T00:40:37.548814,4.215
2026-05-02T00:39:37.757547,82.81,0.3333,85.42,0.3734,1000.0,0.0,4.199,80.6,99,0,60.0,2026-05-02T00:40:37.757195,4.215
2026-05-02T00:39:37.889435,82.81,0.3333,85.42,0.3735,1000.0,0.0,4.199,80.6,99,0,60.0,2026-05-02T00:40:37.889132,4.215
2026-05-02T00:39:38.001381,82.84,0.3373,85.43,0.3738,1000.0,0.0,4.199,80.6,99,0,60.0,2026-05-02T00:40:38.001014,4.215
2026-05-02T00:39:38.222900,82.84,0.3486,85.44,0.379,1000.0,0.0,4.199,80.6,99,0,60.0,2026-05-02T00:40:38.204276,4.215
2026-05-02T00:39:38.636017,82.84,0.3486,85.46,0.3835,1000.0,0.0,4.199,80.6,99,0,60.0,2026-05-02T00:40:38.635298,4.215
2026-05-02T00:39:38.790759,82.89,0.345,85.47,0.3829,1000.0,0.0,4.199,80.6,99,0,60.0,2026-05-02T00:40:38.790447,4.215
2026-05-02T00:39:38.909720,82.89,0.345,85.49,0.384,1000.0,0.0,4.199,80.6,99,0,60.0,2026-05-02T00:40:38.909467,4.215
2026-05-02T00:39:39.343687,82.89,0.345,85.51,0.3847,1000.0,0.0,4.199,80.6,99,0,60.0,2026-05-02T00:40:39.343497,4.215
2026-05-02T00:39:39.420694,82.93,0.345,85.52,0.3825,1000.0,0.0,4.199,80.5,99,0,60.0,2026-05-02T00:40:39.420458,4.215
2026-05-02T00:39:39.520969,82.93,0.345,85.53,0.3835,1000.0,0.0,4.199,80.5,99,0,60.0,2026-05-02T00:40:39.520729,4.215
2026-05-02T00:39:40.597068,82.97,0.345,85.57,0.3849,1000.0,0.0,4.199,80.5,98,0,60.0,2026-05-02T00:40:40.596721,4.215
2026-05-02T00:39:40.723302,82.97,0.3467,85.58,0.3859,1000.0,0.0,4.199,80.5,98,0,60.0,2026-05-02T00:40:40.722765,4.215
2026-05-02T00:39:40.842304,82.97,0.3467,85.58,0.3865,1000.0,0.0,4.199,80.5,98,0,60.0,2026-05-02T00:40:40.842066,4.215
2026-05-02T00:39:41.446862,83.0,0.3459,85.61,0.3869,1000.0,0.0,4.199,80.5,98,0,60.0,2026-05-02T00:40:41.446675,4.215
2026-05-02T00:39:41.511438,83.0,0.3551,85.61,0.3906,1000.0,0.0,4.199,80.5,98,0,60.0,2026-05-02T00:40:41.511278,4.215
2026-05-02T00:39:41.585400,83.0,0.3551,85.61,0.3923,1000.0,0.0,4.199,80.5,98,0,60.0,2026-05-02T00:40:41.585207,4.215
2026-05-02T00:39:42.548444,83.04,0.3484,85.65,0.3936,1000.0,0.0,4.199,80.5,98,0,60.0,2026-05-02T00:40:42.547961,4.215
2026-05-02T00:39:42.676266,83.04,0.3484,85.65,0.3915,1000.0,0.0,4.199,80.5,98,0,60.0,2026-05-02T00:40:42.675970,4.215
2026-05-02T00:39:42.787941,83.04,0.3484,85.66,0.3906,1000.0,0.0,4.199,80.5,98,0,60.0,2026-05-02T00:40:42.787476,4.215
2026-05-02T00:39:43.615370,83.08,0.3484,85.69,0.388,1000.0,0.0,4.199,80.5,98,0,60.0,2026-05-02T00:40:43.614532,4.215
2026-05-02T00:39:43.748401,83.08,0.3484,85.69,0.3885,1000.0,0.0,4.199,80.5,98,0,60.0,2026-05-02T00:40:43.748011,4.215
2026-05-02T00:39:44.579615,83.08,0.3484,85.72,0.3892,1000.0,0.0,4.199,80.5,98,0,60.0,2026-05-02T00:40:44.579414,4.215
2026-05-02T00:39:44.656547,83.12,0.345,85.73,0.3868,1000.0,0.0,4.199,80.5,98,0,60.0,2026-05-02T00:40:44.656359,4.215
2026-05-02T00:39:44.733030,83.12,0.345,85.73,0.3863,1000.0,0.0,4.199,80.5,98,0,60.0,2026-05-02T00:40:44.732532,4.215
2026-05-02T00:39:45.673918,83.18,0.345,85.77,0.3864,1000.0,0.0,4.199,80.5,98,0,60.0,2026-05-02T00:40:45.673428,4.215
2026-05-02T00:39:45.979341,83.18,0.3416,85.79,0.3837,1000.0,0.0,4.199,80.5,98,0,60.0,2026-05-02T00:40:45.979027,4.215
2026-05-02T00:39:46.386704,83.18,0.3416,85.8,0.3831,1000.0,0.0,4.199,80.5,98,0,60.0,2026-05-02T00:40:46.374597,4.215
2026-05-02T00:39:46.712085,83.21,0.3366,85.82,0.3822,1000.0,0.0,4.199,80.4,98,0,60.0,2026-05-02T00:40:46.711723,4.215
2026-05-02T00:39:46.835998,83.21,0.3366,85.82,0.3801,1000.0,0.0,4.199,80.4,98,0,60.0,2026-05-02T00:40:46.835680,4.215
2026-05-02T00:39:47.019471,83.21,0.3366,85.83,0.3791,1000.0,0.0,4.199,80.4,98,0,60.0,2026-05-02T00:40:47.019104,4.215
2026-05-02T00:39:47.792338,83.23,0.3366,85.85,0.3783,1000.0,0.0,4.199,80.4,98,0,60.0,2026-05-02T00:40:47.789865,4.215
2026-05-02T00:39:47.967720,83.23,0.3409,85.85,0.3798,1000.0,0.0,4.199,80.4,98,0,60.0,2026-05-02T00:40:47.965759,4.215
2026-05-02T00:39:48.167049,83.23,0.3409,85.86,0.3806,1000.0,0.0,4.199,80.4,98,0,60.0,2026-05-02T00:40:48.155143,4.215
2026-05-02T00:39:48.800438,83.29,0.3409,85.89,0.381,1000.0,0.0,4.199,80.4,98,0,60.0,2026-05-02T00:40:48.800226,4.215
2026-05-02T00:39:48.864783,83.29,0.3409,85.89,0.3813,1000.0,0.0,4.199,80.4,98,0,60.0,2026-05-02T00:40:48.864615,4.215
2026-05-02T00:39:49.803864,83.29,0.3409,85.93,0.3819,1000.0,0.0,4.199,80.4,98,0,60.0,2026-05-02T00:40:49.803675,4.215
2026-05-02T00:39:49.874893,83.34,0.3441,85.94,0.3817,1000.0,0.0,4.199,80.4,98,0,60.0,2026-05-02T00:40:49.874723,4.215
2026-05-02T00:39:49.948084,83.34,0.3441,85.94,0.383,1000.0,0.0,4.199,80.4,98,0,60.0,2026-05-02T00:40:49.947918,4.215
2026-05-02T00:39:50.876580,83.37,0.3441,85.98,0.3844,1000.0,0.0,4.199,80.4,98,0,60.0,2026-05-02T00:40:50.876358,4.215
2026-05-02T00:39:50.984013,83.37,0.3534,85.98,0.3876,1000.0,0.0,4.199,80.4,98,0,60.0,2026-05-02T00:40:50.983549,4.215
2026-05-02T00:39:51.318105,83.37,0.3534,85.99,0.3907,1000.0,0.0,4.199,80.4,98,0,60.0,2026-05-02T00:40:51.317707,4.215
2026-05-02T00:39:51.932236,83.39,0.3441,86.01,0.3916,1000.0,0.0,4.199,80.4,98,0,60.0,2026-05-02T00:40:51.932011,4.215
2026-05-02T00:39:52.006596,83.39,0.3544,86.0,0.3924,1000.0,0.0,4.199,80.4,98,0,60.0,2026-05-02T00:40:52.006408,4.215
2026-05-02T00:39:52.087923,83.39,0.3544,86.0,0.3935,1000.0,0.0,4.199,80.4,98,0,60.0,2026-05-02T00:40:52.086395,4.215
2026-05-02T00:39:52.985096,83.42,0.3442,86.03,0.392,1000.0,0.0,4.199,80.4,98,0,60.0,2026-05-02T00:40:52.984908,4.215
2026-05-02T00:39:53.052372,83.42,0.3477,86.03,0.3906,1000.0,0.0,4.199,80.4,98,0,60.0,2026-05-02T00:40:53.052169,4.215
2026-05-02T00:39:53.127185,83.42,0.3477,86.03,0.3899,1000.0,0.0,4.199,80.4,98,0,60.0,2026-05-02T00:40:53.126976,4.215
2026-05-02T00:39:54.039147,83.44,0.3432,86.06,0.3877,1000.0,0.0,4.199,80.4,98,0,60.0,2026-05-02T00:40:54.038960,4.215
2026-05-02T00:39:54.132907,83.44,0.3432,86.06,0.3863,1000.0,0.0,4.199,80.4,98,0,60.0,2026-05-02T00:40:54.127044,4.215
2026-05-02T00:39:55.055862,83.44,0.3432,86.08,0.3857,1000.0,0.0,4.199,80.4,99,0,60.0,2026-05-02T00:40:55.055612,4.215
2026-05-02T00:39:55.130407,83.48,0.3432,86.09,0.3838,1000.0,0.0,4.199,80.4,99,0,60.0,2026-05-02T00:40:55.130225,4.215
2026-05-02T00:39:55.211433,83.48,0.3432,86.09,0.3839,1000.0,0.0,4.199,80.4,99,0,60.0,2026-05-02T00:40:55.211200,4.215
2026-05-02T00:39:56.152491,83.49,0.3432,86.12,0.3844,1000.0,0.0,4.199,80.4,99,0,60.0,2026-05-02T00:40:56.140525,4.215
2026-05-02T00:39:56.464864,83.49,0.3558,86.12,0.3901,1000.0,0.0,4.199,80.4,99,0,60.0,2026-05-02T00:40:56.464409,4.215
2026-05-02T00:39:56.598133,83.49,0.3558,86.11,0.3929,1000.0,0.0,4.199,80.4,99,0,60.0,2026-05-02T00:40:56.597659,4.215
2026-05-02T00:39:57.163156,83.52,0.3558,86.13,0.3951,1000.0,0.0,4.199,80.3,99,0,60.0,2026-05-02T00:40:57.162980,4.215
2026-05-02T00:39:57.227822,83.52,0.3558,86.13,0.3958,1000.0,0.0,4.199,80.3,99,0,60.0,2026-05-02T00:40:57.227637,4.215
2026-05-02T00:39:57.292128,83.52,0.3558,86.13,0.3962,1000.0,0.0,4.199,80.3,99,0,60.0,2026-05-02T00:40:57.291976,4.215
2026-05-02T00:39:58.251461,83.58,0.3551,86.18,0.3967,1000.0,0.0,4.199,80.3,99,0,60.0,2026-05-02T00:40:58.251141,4.215
2026-05-02T00:39:58.871288,83.58,0.3551,86.2,0.3967,1000.0,0.0,4.199,80.3,99,0,60.0,2026-05-02T00:40:58.870934,4.215
2026-05-02T00:39:59.261836,83.58,0.3551,86.21,0.3966,1000.0,0.0,4.199,80.3,99,0,60.0,2026-05-02T00:40:59.260962,4.215
2026-05-02T00:39:59.542132,83.62,0.3518,86.23,0.3953,1000.0,0.0,4.199,80.3,99,0,60.0,2026-05-02T00:40:59.541522,4.215
2026-05-02T00:39:59.651930,83.62,0.3518,86.23,0.3943,1000.0,0.0,4.199,80.3,99,0,60.0,2026-05-02T00:40:59.651663,4.215
2026-05-02T00:40:00.298593,83.62,0.3518,86.26,0.394,1000.0,0.0,4.199,80.3,99,0,60.0,2026-05-02T00:41:00.298233,4.215
2026-05-02T00:40:00.476226,83.65,0.3518,86.26,0.3934,1000.0,0.0,4.199,80.3,99,0,60.0,2026-05-02T00:41:00.475842,4.215
2026-05-02T00:40:00.621331,83.65,0.3518,86.27,0.3932,1000.0,0.0,4.199,80.3,99,0,60.0,2026-05-02T00:41:00.621044,4.215
2026-05-02T00:40:01.493283,83.69,0.3518,86.3,0.3935,1000.0,0.0,4.199,80.3,99,0,60.0,2026-05-02T00:41:01.492664,4.215
2026-05-02T00:40:01.759487,83.69,0.3558,86.31,0.3951,1000.0,0.0,4.199,80.3,99,0,60.0,2026-05-02T00:41:01.758906,4.215
2026-05-02T00:40:01.981732,83.69,0.3558,86.31,0.3961,1000.0,0.0,4.199,80.3,99,0,60.0,2026-05-02T00:41:01.981047,4.215
2026-05-02T00:40:02.424869,83.76,0.35,86.34,0.396,1000.0,0.0,4.199,80.3,99,0,60.0,2026-05-02T00:41:02.424318,4.215
2026-05-02T00:40:02.529947,83.76,0.3568,86.35,0.3964,1000.0,0.0,4.199,80.3,99,0,60.0,2026-05-02T00:41:02.529450,4.215
2026-05-02T00:40:02.647549,83.76,0.3568,86.36,0.3971,1000.0,0.0,4.199,80.3,99,0,60.0,2026-05-02T00:41:02.647285,4.215
2026-05-02T00:40:03.463204,83.8,0.3652,86.4,0.3982,1000.0,0.0,4.199,80.3,99,0,60.0,2026-05-02T00:41:03.463006,4.215
2026-05-02T00:40:03.535393,83.8,0.3652,86.4,0.4018,1000.0,0.0,4.199,80.3,99,0,60.0,2026-05-02T00:41:03.535221,4.215
2026-05-02T00:40:03.623077,83.8,0.3652,86.41,0.4036,1000.0,0.0,4.199,80.3,99,0,60.0,2026-05-02T00:41:03.622762,4.215
2026-05-02T00:40:04.509742,83.83,0.3634,86.44,0.4032,1000.0,0.0,4.199,80.2,98,0,60.0,2026-05-02T00:41:04.509515,4.215
2026-05-02T00:40:04.580642,83.83,0.3634,86.44,0.4039,1000.0,0.0,4.199,80.2,98,0,60.0,2026-05-02T00:41:04.580469,4.215
2026-05-02T00:40:05.522988,83.83,0.3634,86.47,0.4048,1000.0,0.0,4.199,80.2,98,0,60.0,2026-05-02T00:41:05.522821,4.215
2026-05-02T00:40:05.587742,83.89,0.3526,86.48,0.4002,1000.0,0.0,4.199,80.2,98,0,60.0,2026-05-02T00:41:05.587544,4.215
2026-05-02T00:40:05.651171,83.89,0.3526,86.48,0.3979,1000.0,0.0,4.199,80.2,98,0,60.0,2026-05-02T00:41:05.650942,4.215
2026-05-02T00:40:06.662641,83.94,0.3526,86.52,0.3963,1000.0,0.0,4.199,80.2,99,0,60.0,2026-05-02T00:41:06.659330,4.215
2026-05-02T00:40:06.853829,83.94,0.3526,86.54,0.3948,1000.0,0.0,4.199,80.2,99,0,60.0,2026-05-02T00:41:06.853585,4.215
2026-05-02T00:40:07.027519,83.94,0.3526,86.54,0.3946,1000.0,0.0,4.199,80.2,99,0,60.0,2026-05-02T00:41:07.027149,4.215
2026-05-02T00:40:07.642121,83.98,0.3526,86.57,0.3946,1000.0,0.0,4.199,80.2,99,0,60.0,2026-05-02T00:41:07.641943,4.215
2026-05-02T00:40:07.716386,83.98,0.3602,86.58,0.3975,1000.0,0.0,4.199,80.2,99,0,60.0,2026-05-02T00:41:07.716174,4.215
2026-05-02T00:40:07.791290,83.98,0.3602,86.58,0.399,1000.0,0.0,4.199,80.2,99,0,60.0,2026-05-02T00:41:07.791116,4.215
2026-05-02T00:40:08.695799,84.0,0.3602,86.61,0.4006,1000.0,0.0,4.199,80.2,99,0,60.0,2026-05-02T00:41:08.695630,4.215
2026-05-02T00:40:08.769230,84.0,0.3603,86.61,0.4012,1000.0,0.0,4.199,80.2,99,0,60.0,2026-05-02T00:41:08.769029,4.215
2026-05-02T00:40:08.849750,84.0,0.3603,86.61,0.4015,1000.0,0.0,4.199,80.2,99,0,60.0,2026-05-02T00:41:08.849455,4.215
2026-05-02T00:40:09.795174,84.04,0.3627,86.64,0.4026,1000.0,0.0,4.199,80.2,99,0,60.0,2026-05-02T00:41:09.794772,4.215
2026-05-02T00:40:10.026596,84.04,0.3627,86.65,0.4035,1000.0,0.0,4.199,80.2,99,0,60.0,2026-05-02T00:41:10.026022,4.215
2026-05-02T00:40:10.768460,84.04,0.3627,86.67,0.4044,1000.0,0.0,4.199,80.2,98,0,60.0,2026-05-02T00:41:10.768195,4.215
2026-05-02T00:40:10.843602,84.07,0.3627,86.67,0.4033,1000.0,0.0,4.199,80.2,98,0,60.0,2026-05-02T00:41:10.843416,4.215
2026-05-02T00:40:10.919017,84.07,0.3627,86.68,0.4038,1000.0,0.0,4.199,80.2,98,0,60.0,2026-05-02T00:41:10.918762,4.215
2026-05-02T00:40:12.094420,84.11,0.3627,86.71,0.4045,1000.0,0.0,4.199,80.1,98,0,60.0,2026-05-02T00:41:12.071857,4.215
2026-05-02T00:40:12.769259,84.11,0.3634,86.73,0.4035,1000.0,0.0,4.199,80.1,98,0,60.0,2026-05-02T00:41:12.762177,4.215
2026-05-02T00:40:13.114287,84.11,0.3634,86.73,0.4047,1000.0,0.0,4.199,80.1,98,0,60.0,2026-05-02T00:41:13.113817,4.215
2026-05-02T00:40:13.235440,84.16,0.3534,86.74,0.404,1000.0,0.0,4.199,80.1,98,0,60.0,2026-05-02T00:41:13.235157,4.215
2026-05-02T00:40:13.360937,84.16,0.3567,86.75,0.4017,1000.0,0.0,4.199,80.1,98,0,60.0,2026-05-02T00:41:13.360650,4.215
2026-05-02T00:40:13.551226,84.16,0.3567,86.76,0.4006,1000.0,0.0,4.199,80.1,98,0,60.0,2026-05-02T00:41:13.549940,4.215
2026-05-02T00:40:13.939362,84.23,0.3567,86.79,0.3997,1000.0,0.0,4.199,80.1,98,0,60.0,2026-05-02T00:41:13.939159,4.215
2026-05-02T00:40:14.060731,84.23,0.3712,86.81,0.405,1000.0,0.0,4.199,80.1,98,0,60.0,2026-05-02T00:41:14.060363,4.215
2026-05-02T00:40:14.398359,84.23,0.3712,86.82,0.4082,1000.0,0.0,4.199,80.1,98,0,60.0,2026-05-02T00:41:14.385293,4.215
2026-05-02T00:40:14.989612,84.29,0.3644,86.87,0.408,1000.0,0.0,4.199,80.1,98,0,60.0,2026-05-02T00:41:14.989397,4.215
2026-05-02T00:40:15.064033,84.29,0.3644,86.88,0.4073,1000.0,0.0,4.199,80.1,98,0,60.0,2026-05-02T00:41:15.063836,4.215
2026-05-02T00:40:16.860220,84.29,0.3644,86.91,0.4074,1000.0,0.0,4.199,80.1,98,0,60.0,2026-05-02T00:41:16.859641,4.215
2026-05-02T00:40:17.193275,84.31,0.3644,86.93,0.4062,1000.0,0.0,4.199,80.1,98,0,60.0,2026-05-02T00:41:17.188454,4.215
2026-05-02T00:40:17.590571,84.31,0.3644,86.93,0.4064,1000.0,0.0,4.199,80.1,98,0,60.0,2026-05-02T00:41:17.589206,4.215
2026-05-02T00:40:18.078418,84.37,0.3644,86.94,0.4065,1000.0,0.0,4.199,80.1,98,0,60.0,2026-05-02T00:41:18.055620,4.215
2026-05-02T00:40:18.755055,84.37,0.3703,86.97,0.4097,1000.0,0.0,4.199,80.1,98,0,60.0,2026-05-02T00:41:18.753739,4.215
2026-05-02T00:40:19.023669,84.37,0.3703,86.98,0.4112,1000.0,0.0,4.199,80.1,98,0,60.0,2026-05-02T00:41:19.023153,4.215
2026-05-02T00:40:19.179666,84.43,0.3702,86.99,0.4118,1000.0,0.0,4.199,80.0,98,0,60.0,2026-05-02T00:41:19.179315,4.215
2026-05-02T00:40:19.364583,84.43,0.3702,87.01,0.4121,1000.0,0.0,4.199,80.0,98,0,60.0,2026-05-02T00:41:19.364045,4.215
2026-05-02T00:40:19.704831,84.43,0.3702,87.02,0.4123,1000.0,0.0,4.199,80.0,98,0,60.0,2026-05-02T00:41:19.704351,4.215
2026-05-02T00:40:20.655386,84.48,0.3684,87.05,0.4121,1000.0,0.0,4.199,80.0,98,0,60.0,2026-05-02T00:41:20.654978,4.215
2026-05-02T00:40:21.350592,84.48,0.3686,87.09,0.4115,1000.0,0.0,4.199,80.0,98,0,60.0,2026-05-02T00:41:21.346725,4.215
2026-05-02T00:40:21.485415,84.48,0.3686,87.09,0.4112,1000.0,0.0,4.199,80.0,98,0,60.0,2026-05-02T00:41:21.485022,4.215
2026-05-02T00:40:21.605839,84.53,0.3686,87.11,0.411,1000.0,0.0,4.199,80.0,98,0,60.0,2026-05-02T00:41:21.605307,4.215
2026-05-02T00:40:21.725937,84.53,0.3686,87.12,0.411,1000.0,0.0,4.199,80.0,98,0,60.0,2026-05-02T00:41:21.725528,4.215
2026-05-02T00:40:21.911044,84.53,0.3686,87.13,0.411,1000.0,0.0,4.199,80.0,98,0,60.0,2026-05-02T00:41:21.906173,4.215
2026-05-02T00:40:22.360890,84.59,0.367,87.16,0.4105,1000.0,0.0,4.199,80.0,98,0,60.0,2026-05-02T00:41:22.352130,4.215
2026-05-02T00:40:22.863085,84.59,0.367,87.19,0.4101,1000.0,0.0,4.199,80.0,98,0,60.0,2026-05-02T00:41:22.844443,4.215
2026-05-02T00:40:23.023965,84.63,0.367,87.2,0.4098,1000.0,0.0,4.199,80.0,98,0,60.0,2026-05-02T00:41:23.023430,4.215
2026-05-02T00:40:23.158167,84.63,0.367,87.22,0.4097,1000.0,0.0,4.199,80.0,98,0,60.0,2026-05-02T00:41:23.157708,4.215
2026-05-02T00:40:23.329852,84.63,0.367,87.23,0.4097,1000.0,0.0,4.199,80.0,98,0,60.0,2026-05-02T00:41:23.329571,4.215
2026-05-02T00:40:23.594377,84.69,0.367,87.25,0.4097,1000.0,0.0,4.199,80.0,98,0,60.0,2026-05-02T00:41:23.594060,4.215
2026-05-02T00:40:23.769172,84.69,0.3712,87.27,0.411,1000.0,0.0,4.199,80.0,98,0,60.0,2026-05-02T00:41:23.768889,4.215
2026-05-02T00:40:23.996390,84.69,0.3712,87.28,0.412,1000.0,0.0,4.199,80.0,98,0,60.0,2026-05-02T00:41:23.996043,4.215
2026-05-02T00:40:24.458199,84.76,0.3686,87.32,0.4123,1000.0,0.0,4.199,79.9,98,0,60.0,2026-05-02T00:41:24.457628,4.215
2026-05-02T00:40:24.579639,84.76,0.3693,87.34,0.4121,1000.0,0.0,4.199,79.9,98,0,60.0,2026-05-02T00:41:24.579317,4.215
2026-05-02T00:40:24.727337,84.76,0.3693,87.35,0.412,1000.0,0.0,4.199,79.9,98,0,60.0,2026-05-02T00:41:24.727018,4.215
2026-05-02T00:40:25.536325,84.78,0.3693,87.38,0.4119,1000.0,0.0,4.199,79.9,98,0,60.0,2026-05-02T00:41:25.535940,4.215
2026-05-02T00:40:25.693924,84.78,0.3693,87.38,0.4119,1000.0,0.0,4.199,79.9,98,0,60.0,2026-05-02T00:41:25.693450,4.215
2026-05-02T00:40:26.485273,84.78,0.3693,87.41,0.4123,1000.0,0.0,4.199,79.9,98,0,60.0,2026-05-02T00:41:26.485025,4.215
2026-05-02T00:40:26.591309,84.83,0.3769,87.42,0.414,1000.0,0.0,4.199,79.9,98,0,60.0,2026-05-02T00:41:26.591067,4.215
2026-05-02T00:40:26.679654,84.83,0.3769,87.43,0.4162,1000.0,0.0,4.199,79.9,98,0,60.0,2026-05-02T00:41:26.679452,4.215
2026-05-02T00:40:27.538296,84.86,0.3769,87.46,0.4183,1000.0,0.0,4.199,79.9,98,0,60.0,2026-05-02T00:41:27.538060,4.215
2026-05-02T00:40:27.743650,84.86,0.3906,87.46,0.4234,1000.0,0.0,4.199,79.9,98,0,60.0,2026-05-02T00:41:27.742970,4.215
2026-05-02T00:40:27.918356,84.86,0.3906,87.47,0.4279,1000.0,0.0,4.199,79.9,98,0,60.0,2026-05-02T00:41:27.917923,4.215
2026-05-02T00:40:28.587081,84.91,0.3796,87.5,0.4295,1000.0,0.0,4.199,79.9,98,0,60.0,2026-05-02T00:41:28.586894,4.215
2026-05-02T00:40:28.658957,84.91,0.3751,87.5,0.4242,1000.0,0.0,4.199,79.9,98,0,60.0,2026-05-02T00:41:28.658800,4.215
2026-05-02T00:40:28.733362,84.91,0.3751,87.51,0.422,1000.0,0.0,4.199,79.9,98,0,60.0,2026-05-02T00:41:28.733095,4.215
2026-05-02T00:40:29.648236,84.94,0.3737,87.53,0.4195,1000.0,0.0,4.199,79.9,98,0,60.0,2026-05-02T00:41:29.648023,4.215
2026-05-02T00:40:29.747230,84.94,0.3751,87.53,0.4188,1000.0,0.0,4.199,79.9,98,0,60.0,2026-05-02T00:41:29.747030,4.215
2026-05-02T00:40:29.887867,84.94,0.3751,87.54,0.4185,1000.0,0.0,4.199,79.9,98,0,60.0,2026-05-02T00:41:29.887503,4.215
2026-05-02T00:40:30.692205,84.98,0.376,87.57,0.4185,1000.0,0.0,4.199,79.9,98,0,60.0,2026-05-02T00:41:30.692032,4.215
2026-05-02T00:40:30.755781,84.98,0.376,87.57,0.4186,1000.0,0.0,4.199,79.9,98,0,60.0,2026-05-02T00:41:30.755606,4.215
2026-05-02T00:40:31.740634,84.98,0.376,87.6,0.4192,1000.0,0.0,4.199,79.9,98,0,60.0,2026-05-02T00:41:31.740301,4.215
2026-05-02T00:40:32.054566,85.01,0.3821,87.61,0.4205,1000.0,0.0,4.199,79.8,98,0,60.0,2026-05-02T00:41:32.054279,4.215
2026-05-02T00:40:32.469201,85.01,0.3821,87.62,0.423,1000.0,0.0,4.199,79.8,98,0,60.0,2026-05-02T00:41:32.447347,4.215
2026-05-02T00:40:32.908042,85.05,0.3821,87.63,0.4242,1000.0,0.0,4.199,79.8,98,0,60.0,2026-05-02T00:41:32.907465,4.215
2026-05-02T00:40:33.065981,85.05,0.3796,87.64,0.4234,1000.0,0.0,4.199,79.8,98,0,60.0,2026-05-02T00:41:33.064161,4.215
2026-05-02T00:40:33.193584,85.05,0.3796,87.65,0.4231,1000.0,0.0,4.199,79.8,98,0,60.0,2026-05-02T00:41:33.193308,4.215
2026-05-02T00:40:33.822570,85.06,0.3762,87.67,0.4225,1000.0,0.0,4.199,79.8,98,0,60.0,2026-05-02T00:41:33.822360,4.215
2026-05-02T00:40:33.898282,85.06,0.3796,87.66,0.4223,1000.0,0.0,4.199,79.8,98,0,60.0,2026-05-02T00:41:33.898099,4.215
2026-05-02T00:40:33.974270,85.06,0.3796,87.66,0.4224,1000.0,0.0,4.199,79.8,98,0,60.0,2026-05-02T00:41:33.974080,4.215
2026-05-02T00:40:34.923399,85.12,0.383,87.7,0.4233,1000.0,0.0,4.199,79.8,98,0,60.0,2026-05-02T00:41:34.923002,4.215
2026-05-02T00:40:35.042736,85.12,0.383,87.7,0.4245,1000.0,0.0,4.199,79.8,98,0,60.0,2026-05-02T00:41:35.042476,4.215
2026-05-02T00:40:35.166419,85.12,0.383,87.71,0.4251,1000.0,0.0,4.199,79.8,98,0,60.0,2026-05-02T00:41:35.164287,4.215
2026-05-02T00:40:35.941627,85.16,0.383,87.74,0.4254,1000.0,0.0,4.199,79.8,98,0,60.0,2026-05-02T00:41:35.941452,4.215
2026-05-02T00:40:36.023242,85.16,0.383,87.75,0.4256,1000.0,0.0,4.199,79.8,98,0,60.0,2026-05-02T00:41:36.023012,4.215
2026-05-02T00:40:36.938349,85.16,0.383,87.78,0.4263,1000.0,0.0,4.199,79.8,98,0,60.0,2026-05-02T00:41:36.938128,4.215
2026-05-02T00:40:37.004192,85.21,0.388,87.79,0.4274,1000.0,0.0,4.199,79.8,98,0,60.0,2026-05-02T00:41:37.004016,4.215
2026-05-02T00:40:37.076961,85.21,0.388,87.79,0.4288,1000.0,0.0,4.199,79.8,98,0,60.0,2026-05-02T00:41:37.076783,4.215
2026-05-02T00:40:39.355988,85.25,0.388,87.86,0.431,1000.0,0.0,4.199,79.8,98,0,60.0,2026-05-02T00:41:39.349186,4.216
2026-05-02T00:40:39.880268,85.25,0.388,87.86,0.431,1000.0,0.0,4.199,79.8,98,0,60.0,2026-05-02T00:41:39.879989,4.215
2026-05-02T00:40:40.095685,85.25,0.388,87.86,0.4312,1000.0,0.0,4.199,79.8,98,0,60.0,2026-05-02T00:41:40.095285,4.215
2026-05-02T00:40:40.205073,85.25,0.3805,87.85,0.4305,1000.0,0.0,4.199,79.8,98,0,60.0,2026-05-02T00:41:40.204891,4.215
2026-05-02T00:40:40.279501,85.25,0.388,87.85,0.4303,1000.0,0.0,4.199,79.8,98,0,60.0,2026-05-02T00:41:40.279327,4.215
2026-05-02T00:40:40.351378,85.25,0.388,87.85,0.4306,1000.0,0.0,4.199,79.8,98,0,60.0,2026-05-02T00:41:40.351204,4.215
2026-05-02T00:40:40.423173,85.31,0.3855,87.86,0.4302,1000.0,0.0,4.199,79.7,98,0,60.0,2026-05-02T00:41:40.422982,4.215
2026-05-02T00:40:40.494173,85.31,0.3958,87.87,0.4326,1000.0,0.0,4.199,79.7,98,0,60.0,2026-05-02T00:41:40.494011,4.215
2026-05-02T00:40:40.564695,85.31,0.3958,87.88,0.4344,1000.0,0.0,4.199,79.7,98,0,60.0,2026-05-02T00:41:40.564511,4.215
2026-05-02T00:40:41.196716,85.37,0.3949,87.93,0.4348,1000.0,0.0,4.199,79.7,98,0,60.0,2026-05-02T00:41:41.196542,4.215
2026-05-02T00:40:41.256409,85.37,0.3949,87.94,0.4361,1000.0,0.0,4.199,79.7,98,0,60.0,2026-05-02T00:41:41.256266,4.215
2026-05-02T00:40:42.175401,85.37,0.3949,87.98,0.4375,1000.0,0.0,4.199,79.7,98,0,60.0,2026-05-02T00:41:42.175220,4.215
2026-05-02T00:40:42.238301,85.39,0.3922,87.98,0.4371,1000.0,0.0,4.199,79.7,98,0,60.0,2026-05-02T00:41:42.238143,4.215
2026-05-02T00:40:42.298644,85.39,0.3922,87.98,0.4365,1000.0,0.0,4.199,79.7,98,0,60.0,2026-05-02T00:41:42.298498,4.215
2026-05-02T00:40:43.274120,85.42,0.3922,88.02,0.4364,1000.0,0.0,4.199,79.7,98,0,60.0,2026-05-02T00:41:43.273905,4.215
2026-05-02T00:40:43.339511,85.42,0.3922,88.02,0.4354,1000.0,0.0,4.199,79.7,98,0,60.0,2026-05-02T00:41:43.339341,4.215
2026-05-02T00:40:43.403549,85.42,0.3922,88.02,0.4355,1000.0,0.0,4.199,79.7,98,0,60.0,2026-05-02T00:41:43.403367,4.215
2026-05-02T00:40:44.284317,85.48,0.3891,88.05,0.4354,1000.0,0.0,4.199,79.7,98,0,60.0,2026-05-02T00:41:44.284148,4.215
2026-05-02T00:40:44.349984,85.48,0.3948,88.06,0.4367,1000.0,0.0,4.199,79.7,98,0,60.0,2026-05-02T00:41:44.349804,4.215
2026-05-02T00:40:44.511748,85.48,0.3948,88.07,0.4373,1000.0,0.0,4.199,79.7,98,0,60.0,2026-05-02T00:41:44.511336,4.215
2026-05-02T00:40:45.345335,85.48,0.3873,88.09,0.4361,1000.0,0.0,4.199,79.7,98,0,60.0,2026-05-02T00:41:45.345157,4.215
2026-05-02T00:40:45.408092,85.48,0.3939,88.09,0.4366,1000.0,0.0,4.199,79.7,98,0,60.0,2026-05-02T00:41:45.407930,4.215
2026-05-02T00:40:45.469086,85.48,0.3939,88.08,0.4369,1000.0,0.0,4.199,79.7,98,0,60.0,2026-05-02T00:41:45.468936,4.215
2026-05-02T00:40:46.404705,85.54,0.3972,88.12,0.437,1000.0,0.0,4.199,79.7,98,0,60.0,2026-05-02T00:41:46.404519,4.215
2026-05-02T00:40:46.463914,85.54,0.3972,88.13,0.4386,1000.0,0.0,4.199,79.7,98,0,60.0,2026-05-02T00:41:46.463786,4.215
2026-05-02T00:40:47.409431,85.54,0.3972,88.16,0.44,1000.0,0.0,4.199,79.7,98,0,60.0,2026-05-02T00:41:47.409266,4.215
2026-05-02T00:40:47.470872,85.56,0.3998,88.16,0.4413,1000.0,0.0,4.199,79.7,98,0,60.0,2026-05-02T00:41:47.470728,4.215
2026-05-02T00:40:47.534627,85.56,0.3998,88.16,0.4421,1000.0,0.0,4.199,79.7,98,0,60.0,2026-05-02T00:41:47.534464,4.215
2026-05-02T00:40:48.481109,85.61,0.3998,88.19,0.4432,1000.0,0.0,4.199,79.6,98,0,60.0,2026-05-02T00:41:48.480772,4.215
2026-05-02T00:40:48.556584,85.61,0.3922,88.2,0.4391,1000.0,0.0,4.199,79.6,98,0,60.0,2026-05-02T00:41:48.556424,4.215
2026-05-02T00:40:48.622735,85.61,0.3922,88.2,0.4379,1000.0,0.0,4.199,79.6,98,0,60.0,2026-05-02T00:41:48.622559,4.215
2026-05-02T00:40:49.536224,85.65,0.3904,88.23,0.4368,1000.0,0.0,4.199,79.6,98,0,60.0,2026-05-02T00:41:49.536045,4.215
2026-05-02T00:40:49.597058,85.65,0.3922,88.24,0.4363,1000.0,0.0,4.199,79.6,98,0,60.0,2026-05-02T00:41:49.596924,4.215
2026-05-02T00:40:49.659123,85.65,0.3922,88.24,0.4362,1000.0,0.0,4.199,79.6,98,0,60.0,2026-05-02T00:41:49.658952,4.215
2026-05-02T00:40:50.577543,85.67,0.3897,88.26,0.436,1000.0,0.0,4.199,79.6,98,0,60.0,2026-05-02T00:41:50.577389,4.215
2026-05-02T00:40:50.637270,85.67,0.3914,88.26,0.4356,1000.0,0.0,4.199,79.6,98,0,60.0,2026-05-02T00:41:50.637127,4.215
2026-05-02T00:40:50.745193,85.67,0.3914,88.26,0.4354,1000.0,0.0,4.199,79.6,98,0,60.0,2026-05-02T00:41:50.745014,4.215
2026-05-02T00:40:51.634287,85.7,0.3914,88.29,0.435,1000.0,0.0,4.199,79.6,98,0,60.0,2026-05-02T00:41:51.634109,4.215
2026-05-02T00:40:51.694005,85.7,0.3914,88.29,0.435,1000.0,0.0,4.199,79.6,98,0,60.0,2026-05-02T00:41:51.693888,4.215
2026-05-02T00:40:52.661583,85.7,0.3914,88.32,0.4355,1000.0,0.0,4.199,79.6,98,0,60.0,2026-05-02T00:41:52.661441,4.215
2026-05-02T00:40:52.721684,85.73,0.399,88.32,0.4375,1000.0,0.0,4.199,79.6,98,0,60.0,2026-05-02T00:41:52.721557,4.215
2026-05-02T00:40:52.783848,85.73,0.399,88.32,0.4396,1000.0,0.0,4.199,79.6,98,0,60.0,2026-05-02T00:41:52.783693,4.215
2026-05-02T00:40:53.714135,85.77,0.399,88.35,0.4416,1000.0,0.0,4.199,79.6,98,0,60.0,2026-05-02T00:41:53.713404,4.215
2026-05-02T00:40:53.779296,85.77,0.4057,88.36,0.4443,1000.0,0.0,4.199,79.6,98,0,60.0,2026-05-02T00:41:53.779149,4.215
2026-05-02T00:40:53.841074,85.77,0.4057,88.36,0.4463,1000.0,0.0,4.199,79.6,98,0,60.0,2026-05-02T00:41:53.840920,4.215
2026-05-02T00:40:54.761794,85.81,0.4024,88.39,0.4479,1000.0,0.0,4.199,79.6,98,0,60.0,2026-05-02T00:41:54.761661,4.215
2026-05-02T00:40:54.823605,85.81,0.4057,88.4,0.4484,1000.0,0.0,4.199,79.6,98,0,60.0,2026-05-02T00:41:54.823427,4.215
2026-05-02T00:40:54.884053,85.81,0.4057,88.4,0.4488,1000.0,0.0,4.199,79.6,98,0,60.0,2026-05-02T00:41:54.883893,4.215
2026-05-02T00:40:55.823576,85.85,0.4142,88.44,0.4508,1000.0,0.0,4.199,79.6,98,0,60.0,2026-05-02T00:41:55.823392,4.215
2026-05-02T00:40:55.883218,85.85,0.4142,88.44,0.454,1000.0,0.0,4.199,79.6,98,0,60.0,2026-05-02T00:41:55.883077,4.215
2026-05-02T00:40:55.943526,85.85,0.4142,88.44,0.4554,1000.0,0.0,4.199,79.6,98,0,60.0,2026-05-02T00:41:55.943377,4.215
2026-05-02T00:40:56.873719,85.89,0.4026,88.48,0.4528,1000.0,0.0,4.199,79.5,98,0,60.0,2026-05-02T00:41:56.873548,4.215
2026-05-02T00:40:56.933136,85.89,0.4026,88.48,0.4503,1000.0,0.0,4.199,79.5,98,0,60.0,2026-05-02T00:41:56.932997,4.215
2026-05-02T00:40:57.896081,85.89,0.4026,88.51,0.4491,1000.0,0.0,4.199,79.5,98,0,60.0,2026-05-02T00:41:57.895924,4.215
2026-05-02T00:40:57.957103,85.93,0.3982,88.52,0.4457,1000.0,0.0,4.199,79.5,98,0,60.0,2026-05-02T00:41:57.956954,4.215
2026-05-02T00:40:58.022483,85.93,0.3982,88.52,0.4444,1000.0,0.0,4.199,79.5,98,0,60.0,2026-05-02T00:41:58.022316,4.215
2026-05-02T00:40:58.957144,85.98,0.3982,88.56,0.4436,1000.0,0.0,4.199,79.5,98,0,60.0,2026-05-02T00:41:58.956994,4.215
2026-05-02T00:40:59.030210,85.98,0.4066,88.57,0.4455,1000.0,0.0,4.199,79.5,98,0,60.0,2026-05-02T00:41:59.029935,4.215
2026-05-02T00:40:59.214852,85.98,0.4066,88.57,0.4475,1000.0,0.0,4.199,79.5,98,0,60.0,2026-05-02T00:41:59.213718,4.215
2026-05-02T00:40:59.997498,86.03,0.3981,88.6,0.4483,1000.0,0.0,4.199,79.5,98,0,60.0,2026-05-02T00:41:59.997295,4.215
2026-05-02T00:41:00.057372,86.03,0.4085,88.61,0.4502,1000.0,0.0,4.199,79.5,98,0,60.0,2026-05-02T00:42:00.057235,4.215
2026-05-02T00:41:00.120305,86.03,0.4085,88.61,0.451,1000.0,0.0,4.199,79.5,98,0,60.0,2026-05-02T00:42:00.120146,4.215
2026-05-02T00:41:01.059018,86.11,0.4032,88.66,0.4515,1000.0,0.0,4.199,79.5,98,0,60.0,2026-05-02T00:42:01.058846,4.215
2026-05-02T00:41:01.175795,86.11,0.4032,88.67,0.4497,1000.0,0.0,4.199,79.5,98,0,60.0,2026-05-02T00:42:01.159426,4.215
2026-05-02T00:41:01.303849,86.11,0.4032,88.68,0.4488,1000.0,0.0,4.199,79.5,98,0,60.0,2026-05-02T00:42:01.303669,4.215
2026-05-02T00:41:02.112487,86.13,0.4032,88.71,0.4483,1000.0,0.0,4.199,79.5,98,0,60.0,2026-05-02T00:42:02.112288,4.215
2026-05-02T00:41:02.171646,86.13,0.4032,88.71,0.4479,1000.0,0.0,4.199,79.5,98,0,60.0,2026-05-02T00:42:02.171508,4.215
2026-05-02T00:41:03.181331,86.13,0.4032,88.74,0.4482,1000.0,0.0,4.199,79.5,98,0,60.0,2026-05-02T00:42:03.159776,4.215
2026-05-02T00:41:03.246652,86.16,0.4089,88.74,0.4486,1000.0,0.0,4.199,79.5,98,0,60.0,2026-05-02T00:42:03.246480,4.215
2026-05-02T00:41:03.320973,86.16,0.4089,88.74,0.4504,1000.0,0.0,4.199,79.5,98,0,60.0,2026-05-02T00:42:03.320761,4.215
2026-05-02T00:41:04.355578,86.19,0.4089,88.77,0.4522,1000.0,0.0,4.199,79.4,98,0,60.0,2026-05-02T00:42:04.353724,4.215
2026-05-02T00:41:04.441220,86.19,0.399,88.77,0.4474,1000.0,0.0,4.199,79.4,98,0,60.0,2026-05-02T00:42:04.440996,4.215
2026-05-02T00:41:04.546712,86.19,0.399,88.78,0.4458,1000.0,0.0,4.199,79.4,98,0,60.0,2026-05-02T00:42:04.546589,4.215
2026-05-02T00:41:05.241895,86.21,0.3972,88.8,0.4445,1000.0,0.0,4.199,79.4,98,0,60.0,2026-05-02T00:42:05.241649,4.215
2026-05-02T00:41:05.307873,86.21,0.4024,88.79,0.445,1000.0,0.0,4.199,79.4,98,0,60.0,2026-05-02T00:42:05.307712,4.215
2026-05-02T00:41:05.376661,86.21,0.4024,88.8,0.4456,1000.0,0.0,4.199,79.4,98,0,60.0,2026-05-02T00:42:05.376442,4.215
2026-05-02T00:41:06.293180,86.22,0.4024,88.82,0.4457,1000.0,0.0,4.199,79.4,98,0,60.0,2026-05-02T00:42:06.292900,4.216
2026-05-02T00:41:06.356403,86.22,0.4089,88.81,0.449,1000.0,0.0,4.199,79.4,98,0,60.0,2026-05-02T00:42:06.356252,4.215
2026-05-02T00:41:06.424111,86.22,0.4089,88.81,0.4505,1000.0,0.0,4.199,79.4,98,0,60.0,2026-05-02T00:42:06.423945,4.215
2026-05-02T00:41:07.358949,86.23,0.41,88.83,0.4527,1000.0,0.0,4.199,79.4,98,0,60.0,2026-05-02T00:42:07.358792,4.216
2026-05-02T00:41:07.422897,86.23,0.41,88.82,0.4533,1000.0,0.0,4.199,79.4,98,0,60.0,2026-05-02T00:42:07.422721,4.216
2026-05-02T00:41:08.366540,86.23,0.41,88.85,0.4544,1000.0,0.0,4.199,79.4,98,0,60.0,2026-05-02T00:42:08.366307,4.216
2026-05-02T00:41:08.432558,86.23,0.404,88.83,0.4514,1000.0,0.0,4.199,79.4,98,0,60.0,2026-05-02T00:42:08.432209,4.216
2026-05-02T00:41:08.497764,86.23,0.404,88.82,0.4502,1000.0,0.0,4.199,79.4,98,0,60.0,2026-05-02T00:42:08.497600,4.216
2026-05-02T00:41:09.428995,86.25,0.404,88.85,0.4497,1000.0,0.0,4.199,79.4,98,0,60.0,2026-05-02T00:42:09.428817,4.216
2026-05-02T00:41:09.496727,86.25,0.4117,88.84,0.4512,1000.0,0.0,4.199,79.4,98,0,60.0,2026-05-02T00:42:09.496560,4.216
2026-05-02T00:41:09.567688,86.25,0.4117,88.84,0.453,1000.0,0.0,4.199,79.4,98,0,60.0,2026-05-02T00:42:09.567534,4.216
2026-05-02T00:41:10.487632,86.28,0.404,88.87,0.4539,1000.0,0.0,4.199,79.4,98,0,60.0,2026-05-02T00:42:10.487447,4.216
2026-05-02T00:41:10.551802,86.28,0.4201,88.87,0.458,1000.0,0.0,4.199,79.4,98,0,60.0,2026-05-02T00:42:10.551631,4.216
2026-05-02T00:41:10.617005,86.28,0.4201,88.87,0.4603,1000.0,0.0,4.199,79.4,98,0,60.0,2026-05-02T00:42:10.616784,4.216
2026-05-02T00:41:11.534980,86.3,0.4108,88.89,0.4605,1000.0,0.0,4.199,79.4,98,0,60.0,2026-05-02T00:42:11.534809,4.216
2026-05-02T00:41:11.596552,86.3,0.4133,88.89,0.4594,1000.0,0.0,4.199,79.4,98,0,60.0,2026-05-02T00:42:11.596390,4.216
2026-05-02T00:41:11.659228,86.3,0.4133,88.89,0.4588,1000.0,0.0,4.199,79.4,98,0,60.0,2026-05-02T00:42:11.659059,4.216
2026-05-02T00:41:12.601230,86.32,0.4133,88.91,0.4573,1000.0,0.0,4.199,79.4,98,0,60.0,2026-05-02T00:42:12.600998,4.216
2026-05-02T00:41:12.665217,86.32,0.4133,88.91,0.4575,1000.0,0.0,4.199,79.4,98,0,60.0,2026-05-02T00:42:12.664905,4.216
2026-05-02T00:41:13.611172,86.32,0.4133,88.94,0.4582,1000.0,0.0,4.199,79.4,98,0,60.0,2026-05-02T00:42:13.610982,4.216
2026-05-02T00:41:13.674468,86.33,0.4165,88.93,0.4567,1000.0,0.0,4.199,79.4,98,0,60.0,2026-05-02T00:42:13.674312,4.216
2026-05-02T00:41:13.738124,86.33,0.4165,88.92,0.4584,1000.0,0.0,4.199,79.4,98,0,60.0,2026-05-02T00:42:13.737953,4.216
2026-05-02T00:41:14.668579,86.36,0.4165,88.95,0.4602,1000.0,0.0,4.199,79.4,98,0,60.0,2026-05-02T00:42:14.668354,4.216
2026-05-02T00:41:14.749675,86.36,0.4235,88.95,0.4634,1000.0,0.0,4.199,79.4,98,0,60.0,2026-05-02T00:42:14.749376,4.216
2026-05-02T00:41:14.822323,86.36,0.4235,88.95,0.4653,1000.0,0.0,4.199,79.4,98,0,60.0,2026-05-02T00:42:14.822138,4.216
2026-05-02T00:41:15.723942,86.4,0.4134,88.98,0.4656,1000.0,0.0,4.199,79.4,98,0,60.0,2026-05-02T00:42:15.723767,4.216
2026-05-02T00:41:15.787985,86.4,0.4235,88.98,0.4659,1000.0,0.0,4.199,79.4,98,0,60.0,2026-05-02T00:42:15.787809,4.216
2026-05-02T00:41:15.854831,86.4,0.4235,88.98,0.4667,1000.0,0.0,4.199,79.4,98,0,60.0,2026-05-02T00:42:15.854641,4.216
2026-05-02T00:41:16.781221,86.41,0.4209,89.01,0.4661,1000.0,0.0,4.199,79.4,98,0,60.0,2026-05-02T00:42:16.781045,4.216
2026-05-02T00:41:16.844889,86.41,0.4209,89.0,0.4659,1000.0,0.0,4.199,79.4,98,0,60.0,2026-05-02T00:42:16.844734,4.216
2026-05-02T00:41:16.912219,86.41,0.4209,89.0,0.4658,1000.0,0.0,4.199,79.4,98,0,60.0,2026-05-02T00:42:16.912059,4.216
2026-05-02T00:41:17.838681,86.47,0.4209,89.04,0.4636,1000.0,0.0,4.199,79.4,98,0,60.0,2026-05-02T00:42:17.838493,4.216
2026-05-02T00:41:17.903978,86.47,0.4209,89.05,0.4644,1000.0,0.0,4.199,79.4,98,0,60.0,2026-05-02T00:42:17.903801,4.216
2026-05-02T00:41:18.855443,86.47,0.4209,89.08,0.4655,1000.0,0.0,4.199,79.4,98,0,60.0,2026-05-02T00:42:18.855267,4.216
2026-05-02T00:41:18.920211,86.47,0.4252,89.07,0.466,1000.0,0.0,4.199,79.4,98,0,60.0,2026-05-02T00:42:18.920043,4.216
2026-05-02T00:41:18.987858,86.47,0.4252,89.07,0.4675,1000.0,0.0,4.199,79.4,98,0,60.0,2026-05-02T00:42:18.987661,4.216
2026-05-02T00:41:19.902735,86.56,0.4252,89.1,0.4691,1000.0,0.0,4.199,79.3,98,0,60.0,2026-05-02T00:42:19.902565,4.216
2026-05-02T00:41:19.979971,86.56,0.4252,89.12,0.4694,1000.0,0.0,4.199,79.3,98,0,60.0,2026-05-02T00:42:19.979794,4.216
2026-05-02T00:41:20.049758,86.56,0.4252,89.13,0.4697,1000.0,0.0,4.199,79.3,98,0,60.0,2026-05-02T00:42:20.049556,4.216
2026-05-02T00:41:20.968728,86.57,0.4242,89.16,0.47,1000.0,0.0,4.199,79.3,98,0,60.0,2026-05-02T00:42:20.968506,4.216
2026-05-02T00:41:21.032458,86.57,0.422,89.15,0.468,1000.0,0.0,4.199,79.3,98,0,60.0,2026-05-02T00:42:21.032254,4.216
2026-05-02T00:41:21.096776,86.57,0.422,89.15,0.4676,1000.0,0.0,4.199,79.3,98,0,60.0,2026-05-02T00:42:21.096595,4.216
2026-05-02T00:41:22.012484,86.6,0.4159,89.18,0.4657,1000.0,0.0,4.199,79.3,98,0,60.0,2026-05-02T00:42:22.012322,4.216
2026-05-02T00:41:22.106649,86.6,0.422,89.18,0.4662,1000.0,0.0,4.199,79.3,98,0,60.0,2026-05-02T00:42:22.106448,4.216
2026-05-02T00:41:22.289711,86.6,0.422,89.19,0.4665,1000.0,0.0,4.199,79.3,98,0,60.0,2026-05-02T00:42:22.289532,4.216
2026-05-02T00:41:23.076227,86.67,0.4294,89.23,0.4681,1000.0,0.0,4.199,79.3,98,0,60.0,2026-05-02T00:42:23.076023,4.216
2026-05-02T00:41:23.140686,86.67,0.4294,89.24,0.4706,1000.0,0.0,4.199,79.3,98,0,60.0,2026-05-02T00:42:23.140524,4.216
2026-05-02T00:41:24.092688,86.67,0.4294,89.27,0.4728,1000.0,0.0,4.199,79.3,98,0,60.0,2026-05-02T00:42:24.092523,4.216
2026-05-02T00:41:24.314503,86.71,0.4336,89.29,0.4738,1000.0,0.0,4.199,79.3,98,0,60.0,2026-05-02T00:42:24.314213,4.216
2026-05-02T00:41:24.509224,86.71,0.4336,89.29,0.476,1000.0,0.0,4.199,79.3,98,0,60.0,2026-05-02T00:42:24.508296,4.216
2026-05-02T00:41:25.151246,86.76,0.4336,89.32,0.4777,1000.0,0.0,4.199,79.3,98,0,60.0,2026-05-02T00:42:25.150913,4.216
2026-05-02T00:41:25.264412,86.76,0.4336,89.33,0.4767,1000.0,0.0,4.199,79.3,98,0,60.0,2026-05-02T00:42:25.264113,4.216
2026-05-02T00:41:25.750802,86.76,0.4336,89.35,0.4779,1000.0,0.0,4.199,79.3,98,0,60.0,2026-05-02T00:42:25.748384,4.216
2026-05-02T00:41:26.336650,86.81,0.4336,89.37,0.4786,1000.0,0.0,4.199,79.2,98,0,60.0,2026-05-02T00:42:26.336334,4.216
2026-05-02T00:41:26.444148,86.81,0.4336,89.39,0.4784,1000.0,0.0,4.199,79.2,98,0,60.0,2026-05-02T00:42:26.443858,4.216
2026-05-02T00:41:26.552187,86.81,0.4336,89.39,0.4786,1000.0,0.0,4.199,79.2,98,0,60.0,2026-05-02T00:42:26.551958,4.216
2026-05-02T00:41:27.259485,86.85,0.4294,89.42,0.4779,1000.0,0.0,4.199,79.2,98,0,60.0,2026-05-02T00:42:27.259283,4.216
2026-05-02T00:41:27.326806,86.85,0.4336,89.43,0.4784,1000.0,0.0,4.199,79.2,98,0,60.0,2026-05-02T00:42:27.326616,4.216
2026-05-02T00:41:27.396797,86.85,0.4336,89.43,0.4786,1000.0,0.0,4.199,79.2,98,0,60.0,2026-05-02T00:42:27.396580,4.216
2026-05-02T00:41:28.330076,86.91,0.4336,89.48,0.479,1000.0,0.0,4.199,79.2,98,0,60.0,2026-05-02T00:42:28.329810,4.216
2026-05-02T00:41:28.439285,86.91,0.4336,89.49,0.479,1000.0,0.0,4.199,79.2,98,0,60.0,2026-05-02T00:42:28.438994,4.216
2026-05-02T00:41:29.329401,86.91,0.4336,89.52,0.4795,1000.0,0.0,4.199,79.2,98,0,60.0,2026-05-02T00:42:29.329202,4.216
2026-05-02T00:41:29.403274,86.99,0.4336,89.55,0.4784,1000.0,0.0,4.199,79.2,98,0,60.0,2026-05-02T00:42:29.403006,4.216
2026-05-02T00:41:29.490482,86.99,0.4336,89.56,0.4787,1000.0,0.0,4.199,79.2,98,0,60.0,2026-05-02T00:42:29.490248,4.216
2026-05-02T00:41:30.411814,87.03,0.4336,89.59,0.4792,1000.0,0.0,4.199,79.2,98,0,60.0,2026-05-02T00:42:30.411500,4.216
2026-05-02T00:41:30.596498,87.03,0.4413,89.6,0.4816,1000.0,0.0,4.199,79.2,98,0,60.0,2026-05-02T00:42:30.596018,4.216
2026-05-02T00:41:30.827189,87.03,0.4413,89.61,0.4839,1000.0,0.0,4.199,79.2,98,0,60.0,2026-05-02T00:42:30.826855,4.216
2026-05-02T00:41:31.501512,87.1,0.4361,89.65,0.4851,1000.0,0.0,4.199,79.1,98,0,60.0,2026-05-02T00:42:31.501152,4.216
2026-05-02T00:41:31.661332,87.1,0.4361,89.66,0.4832,1000.0,0.0,4.199,79.1,98,0,60.0,2026-05-02T00:42:31.661029,4.216
2026-05-02T00:41:31.792405,87.1,0.4361,89.66,0.4827,1000.0,0.0,4.199,79.1,98,0,60.0,2026-05-02T00:42:31.790614,4.216
2026-05-02T00:41:32.643257,87.12,0.4327,89.69,0.4815,1000.0,0.0,4.199,79.1,98,0,60.0,2026-05-02T00:42:32.629096,4.216
2026-05-02T00:41:32.858939,87.12,0.4364,89.7,0.4818,1000.0,0.0,4.199,79.1,98,0,60.0,2026-05-02T00:42:32.858467,4.216
2026-05-02T00:41:32.964427,87.12,0.4364,89.7,0.4819,1000.0,0.0,4.199,79.1,98,0,60.0,2026-05-02T00:42:32.963861,4.216
2026-05-02T00:41:33.546827,87.19,0.4437,89.73,0.4836,1000.0,0.0,4.199,79.1,98,0,60.0,2026-05-02T00:42:33.546650,4.216
2026-05-02T00:41:33.609745,87.19,0.4437,89.75,0.4859,1000.0,0.0,4.199,79.1,98,0,60.0,2026-05-02T00:42:33.609568,4.216
2026-05-02T00:41:34.594489,87.19,0.4437,89.78,0.4879,1000.0,0.0,4.199,79.1,98,0,60.0,2026-05-02T00:42:34.594136,4.216
2026-05-02T00:41:34.741876,87.2,0.4429,89.78,0.4883,1000.0,0.0,4.199,79.1,98,0,60.0,2026-05-02T00:42:34.741349,4.216
2026-05-02T00:41:34.943496,87.2,0.4429,89.78,0.4885,1000.0,0.0,4.199,79.1,98,0,60.0,2026-05-02T00:42:34.943153,4.216
2026-05-02T00:41:35.620142,87.22,0.4429,89.8,0.4889,1000.0,0.0,4.199,79.1,98,0,60.0,2026-05-02T00:42:35.619985,4.216
2026-05-02T00:41:35.691293,87.22,0.442,89.8,0.4881,1000.0,0.0,4.199,79.1,98,0,60.0,2026-05-02T00:42:35.691107,4.216
2026-05-02T00:41:35.766436,87.22,0.442,89.8,0.488,1000.0,0.0,4.199,79.1,98,0,60.0,2026-05-02T00:42:35.766208,4.216
2026-05-02T00:41:36.704653,87.25,0.4404,89.83,0.488,1000.0,0.0,4.199,79.1,98,0,60.0,2026-05-02T00:42:36.704404,4.216
2026-05-02T00:41:36.810918,87.25,0.4445,89.83,0.4888,1000.0,0.0,4.199,79.1,98,0,60.0,2026-05-02T00:42:36.810692,4.216
2026-05-02T00:41:36.925955,87.25,0.4445,89.83,0.4894,1000.0,0.0,4.199,79.1,98,0,60.0,2026-05-02T00:42:36.925688,4.216
2026-05-02T00:41:37.737943,87.29,0.4454,89.86,0.4902,1000.0,0.0,4.199,79.1,98,0,60.0,2026-05-02T00:42:37.737749,4.216
2026-05-02T00:41:37.816949,87.29,0.4454,89.86,0.4907,1000.0,0.0,4.199,79.1,98,0,60.0,2026-05-02T00:42:37.816683,4.216
2026-05-02T00:41:37.920449,87.29,0.4454,89.86,0.4909,1000.0,0.0,4.199,79.1,98,0,60.0,2026-05-02T00:42:37.920207,4.216
2026-05-02T00:41:38.787937,87.35,0.4454,89.91,0.4909,1000.0,0.0,4.199,79.1,98,0,60.0,2026-05-02T00:42:38.787731,4.216
2026-05-02T00:41:38.853627,87.35,0.4454,89.92,0.4911,1000.0,0.0,4.199,79.1,98,0,60.0,2026-05-02T00:42:38.853432,4.216
2026-05-02T00:41:39.806384,87.35,0.4454,89.95,0.4918,1000.0,0.0,4.199,79.1,98,0,60.0,2026-05-02T00:42:39.806172,4.216
2026-05-02T00:41:40.010992,87.39,0.4471,89.96,0.4913,1000.0,0.0,4.199,79.0,98,0,60.0,2026-05-02T00:42:40.010157,4.216
2026-05-02T00:41:40.189444,87.39,0.4471,89.97,0.4922,1000.0,0.0,4.199,79.0,98,0,60.0,2026-05-02T00:42:40.187519,4.216
2026-05-02T00:41:40.866856,87.41,0.4471,89.99,0.493,1000.0,0.0,4.199,79.0,98,0,60.0,2026-05-02T00:42:40.866585,4.216
2026-05-02T00:41:40.949663,87.41,0.4471,89.99,0.492,1000.0,0.0,4.199,79.0,98,0,60.0,2026-05-02T00:42:40.949425,4.216
2026-05-02T00:41:41.262564,87.41,0.4471,89.99,0.4924,1000.0,0.0,4.199,79.0,98,0,60.0,2026-05-02T00:42:41.262214,4.216
2026-05-02T00:41:41.937849,87.44,0.4471,90.01,0.4931,1000.0,0.0,4.199,79.0,98,0,60.0,2026-05-02T00:42:41.937557,4.216
2026-05-02T00:41:42.177543,87.44,0.4521,90.01,0.495,1000.0,0.0,4.199,79.0,98,0,60.0,2026-05-02T00:42:42.177233,4.216
2026-05-02T00:41:42.490974,87.44,0.4521,90.02,0.4966,1000.0,0.0,4.199,79.0,98,0,60.0,2026-05-02T00:42:42.470173,4.216
2026-05-02T00:41:42.974032,87.5,0.4463,90.05,0.4962,1000.0,0.0,4.199,79.0,98,0,60.0,2026-05-02T00:42:42.973853,4.216
2026-05-02T00:41:43.047709,87.5,0.4521,90.06,0.497,1000.0,0.0,4.199,79.0,98,0,60.0,2026-05-02T00:42:43.047542,4.216
2026-05-02T00:41:43.123103,87.5,0.4521,90.06,0.4974,1000.0,0.0,4.199,79.0,98,0,60.0,2026-05-02T00:42:43.122922,4.216
2026-05-02T00:41:44.169781,87.61,0.4503,90.13,0.4972,1000.0,0.0,4.199,79.0,98,0,60.0,2026-05-02T00:42:44.169250,4.216
2026-05-02T00:41:44.511683,87.61,0.4503,90.16,0.4969,1000.0,0.0,4.199,79.0,98,0,60.0,2026-05-02T00:42:44.511418,4.216
2026-05-02T00:41:45.060927,87.61,0.4503,90.19,0.4971,1000.0,0.0,4.199,79.0,98,0,60.0,2026-05-02T00:42:45.060694,4.216
2026-05-02T00:41:45.212000,87.62,0.4503,90.19,0.4958,1000.0,0.0,4.199,79.0,98,0,60.0,2026-05-02T00:42:45.211711,4.216
2026-05-02T00:41:45.401653,87.62,0.4503,90.2,0.4962,1000.0,0.0,4.199,79.0,98,0,60.0,2026-05-02T00:42:45.401391,4.216
2026-05-02T00:41:47.033818,87.68,0.4503,90.24,0.497,1000.0,0.0,4.199,78.9,98,0,60.0,2026-05-02T00:42:47.018743,4.216
2026-05-02T00:41:47.372218,87.68,0.4538,90.26,0.4986,1000.0,0.0,4.199,78.9,98,0,60.0,2026-05-02T00:42:47.371658,4.216
2026-05-02T00:41:47.528648,87.68,0.4538,90.26,0.4995,1000.0,0.0,4.199,78.9,98,0,60.0,2026-05-02T00:42:47.528338,4.216
2026-05-02T00:41:47.654270,87.76,0.4512,90.27,0.4996,1000.0,0.0,4.199,78.9,98,0,60.0,2026-05-02T00:42:47.653891,4.216
2026-05-02T00:41:47.856475,87.76,0.453,90.3,0.4994,1000.0,0.0,4.199,78.9,98,0,60.0,2026-05-02T00:42:47.856088,4.216
2026-05-02T00:41:48.093718,87.76,0.453,90.32,0.4994,1000.0,0.0,4.199,78.9,98,0,60.0,2026-05-02T00:42:48.092288,4.216
2026-05-02T00:41:48.421921,87.83,0.4496,90.35,0.4989,1000.0,0.0,4.199,78.9,98,0,60.0,2026-05-02T00:42:48.421631,4.216
2026-05-02T00:41:48.750175,87.83,0.4512,90.39,0.4985,1000.0,0.0,4.199,78.9,98,0,60.0,2026-05-02T00:42:48.748815,4.216
2026-05-02T00:41:48.890268,87.83,0.4512,90.4,0.4982,1000.0,0.0,4.199,78.9,98,0,60.0,2026-05-02T00:42:48.889818,4.216
2026-05-02T00:41:49.370854,87.85,0.4512,90.42,0.4977,1000.0,0.0,4.199,78.9,98,0,60.0,2026-05-02T00:42:49.370291,4.216
2026-05-02T00:41:49.591193,87.85,0.4512,90.43,0.4978,1000.0,0.0,4.199,78.9,98,0,60.0,2026-05-02T00:42:49.590821,4.216
2026-05-02T00:41:50.484506,87.85,0.4512,90.45,0.4982,1000.0,0.0,4.199,78.9,98,0,60.0,2026-05-02T00:42:50.484195,4.216
2026-05-02T00:41:50.677014,87.95,0.4606,90.49,0.4996,1000.0,0.0,4.199,78.9,98,0,60.0,2026-05-02T00:42:50.676535,4.216
2026-05-02T00:41:50.872202,87.95,0.4606,90.51,0.5031,1000.0,0.0,4.199,78.9,98,0,60.0,2026-05-02T00:42:50.871871,4.216
2026-05-02T00:41:51.591422,87.98,0.4606,90.53,0.5054,1000.0,0.0,4.199,78.8,98,0,60.0,2026-05-02T00:42:51.590781,4.216
2026-05-02T00:41:52.086634,87.98,0.4564,90.56,0.5047,1000.0,0.0,4.199,78.8,98,0,60.0,2026-05-02T00:42:52.086214,4.216
2026-05-02T00:41:52.569077,87.98,0.4564,90.56,0.5039,1000.0,0.0,4.199,78.8,98,0,60.0,2026-05-02T00:42:52.562506,4.216
2026-05-02T00:41:52.876219,88.02,0.4494,90.58,0.5027,1000.0,0.0,4.199,78.8,98,0,60.0,2026-05-02T00:42:52.875766,4.216
2026-05-02T00:41:53.728998,88.02,0.4539,90.6,0.5013,1000.0,0.0,4.199,78.8,98,0,60.0,2026-05-02T00:42:53.728716,4.216
2026-05-02T00:41:53.997823,88.02,0.4539,90.6,0.501,1000.0,0.0,4.199,78.8,98,0,60.0,2026-05-02T00:42:53.997423,4.216
2026-05-02T00:41:54.409358,88.08,0.4539,90.62,0.5006,1000.0,0.0,4.199,78.8,98,0,60.0,2026-05-02T00:42:54.394728,4.216
2026-05-02T00:41:54.901073,88.08,0.4547,90.65,0.5013,1000.0,0.0,4.199,78.8,98,0,60.0,2026-05-02T00:42:54.900070,4.216
2026-05-02T00:41:55.060158,88.08,0.4547,90.66,0.5014,1000.0,0.0,4.199,78.8,98,0,60.0,2026-05-02T00:42:55.059414,4.216
2026-05-02T00:41:55.404690,88.16,0.4598,90.69,0.5026,1000.0,0.0,4.199,78.8,98,0,60.0,2026-05-02T00:42:55.404414,4.216
2026-05-02T00:41:55.612370,88.16,0.4598,90.71,0.5046,1000.0,0.0,4.199,78.8,98,0,60.0,2026-05-02T00:42:55.612087,4.216
2026-05-02T00:41:55.779923,88.16,0.4598,90.72,0.5054,1000.0,0.0,4.199,78.8,98,0,60.0,2026-05-02T00:42:55.779650,4.216
2026-05-02T00:41:56.360676,88.23,0.4665,90.76,0.5076,1000.0,0.0,4.199,78.8,98,0,60.0,2026-05-02T00:42:56.338533,4.216
2026-05-02T00:41:56.868783,88.23,0.4665,90.79,0.5111,1000.0,0.0,4.199,78.8,98,0,60.0,2026-05-02T00:42:56.868517,4.216
2026-05-02T00:41:57.135977,88.26,0.4665,90.8,0.5126,1000.0,0.0,4.199,78.8,98,0,60.0,2026-05-02T00:42:57.135657,4.216
2026-05-02T00:41:57.310596,88.26,0.4683,90.82,0.5137,1000.0,0.0,4.199,78.8,98,0,60.0,2026-05-02T00:42:57.310347,4.216
2026-05-02T00:41:57.511441,88.26,0.4683,90.82,0.5144,1000.0,0.0,4.199,78.8,98,0,60.0,2026-05-02T00:42:57.511173,4.216
2026-05-02T00:41:57.674584,88.3,0.4674,90.84,0.5148,1000.0,0.0,4.199,78.7,98,0,60.0,2026-05-02T00:42:57.674188,4.216
2026-05-02T00:41:57.919429,88.3,0.4548,90.85,0.5097,1000.0,0.0,4.199,78.7,98,0,60.0,2026-05-02T00:42:57.919122,4.216
2026-05-02T00:41:58.252631,88.3,0.4548,90.87,0.5065,1000.0,0.0,4.199,78.7,98,0,60.0,2026-05-02T00:42:58.240616,4.216
2026-05-02T00:41:58.741882,88.35,0.4505,90.9,0.5031,1000.0,0.0,4.199,78.7,98,0,60.0,2026-05-02T00:42:58.741518,4.216
2026-05-02T00:41:58.910072,88.35,0.4505,90.91,0.5007,1000.0,0.0,4.199,78.7,98,0,60.0,2026-05-02T00:42:58.909733,4.216
2026-05-02T00:41:59.128227,88.35,0.4505,90.92,0.4995,1000.0,0.0,4.199,78.7,98,0,60.0,2026-05-02T00:42:59.127871,4.216
2026-05-02T00:41:59.778250,88.38,0.4589,90.94,0.4993,1000.0,0.0,4.199,78.7,98,0,60.0,2026-05-02T00:42:59.777880,4.216
2026-05-02T00:41:59.962696,88.38,0.4589,90.94,0.5022,1000.0,0.0,4.199,78.7,98,0,60.0,2026-05-02T00:42:59.962346,4.216
2026-05-02T00:42:00.765337,88.38,0.4589,90.97,0.5045,1000.0,0.0,4.199,78.7,98,0,60.0,2026-05-02T00:43:00.764633,4.216
2026-05-02T00:42:00.929819,88.39,0.4521,90.96,0.5019,1000.0,0.0,4.199,78.7,98,0,60.0,2026-05-02T00:43:00.927581,4.216
2026-05-02T00:42:01.551045,88.39,0.4521,90.97,0.5007,1000.0,0.0,4.199,78.7,98,0,60.0,2026-05-02T00:43:01.550385,4.216
2026-05-02T00:42:01.860617,88.4,0.4521,90.97,0.5,1000.0,0.0,4.199,78.7,98,0,60.0,2026-05-02T00:43:01.860305,4.216
2026-05-02T00:42:02.353346,88.4,0.4521,90.97,0.4996,1000.0,0.0,4.199,78.7,98,0,60.0,2026-05-02T00:43:02.353006,4.216
2026-05-02T00:42:02.874933,88.4,0.4521,90.98,0.4996,1000.0,0.0,4.199,78.7,98,0,60.0,2026-05-02T00:43:02.874431,4.216
2026-05-02T00:42:03.261709,88.45,0.4521,90.99,0.4996,1000.0,0.0,4.199,78.7,98,0,60.0,2026-05-02T00:43:03.261384,4.216
2026-05-02T00:42:03.393849,88.45,0.4656,91.0,0.5054,1000.0,0.0,4.199,78.7,98,0,60.0,2026-05-02T00:43:03.393353,4.216
2026-05-02T00:42:03.541051,88.45,0.4656,91.01,0.5085,1000.0,0.0,4.199,78.7,98,0,60.0,2026-05-02T00:43:03.540580,4.216
2026-05-02T00:42:04.039591,88.47,0.4598,91.03,0.5094,1000.0,0.0,4.199,78.7,98,0,60.0,2026-05-02T00:43:04.038388,4.216
2026-05-02T00:42:04.325789,88.47,0.4615,91.03,0.5093,1000.0,0.0,4.199,78.7,98,0,60.0,2026-05-02T00:43:04.310666,4.216
2026-05-02T00:42:04.688503,88.47,0.4615,91.04,0.5092,1000.0,0.0,4.199,78.7,98,0,60.0,2026-05-02T00:43:04.688010,4.216
2026-05-02T00:42:05.279759,88.51,0.4606,91.07,0.5089,1000.0,0.0,4.199,78.7,98,0,60.0,2026-05-02T00:43:05.279376,4.216
2026-05-02T00:42:05.481095,88.51,0.4606,91.07,0.5085,1000.0,0.0,4.199,78.7,98,0,60.0,2026-05-02T00:43:05.480749,4.216
2026-05-02T00:42:06.080590,88.51,0.4606,91.09,0.5085,1000.0,0.0,4.199,78.7,98,0,60.0,2026-05-02T00:43:06.080096,4.216
2026-05-02T00:42:06.426730,88.52,0.4606,91.09,0.5074,1000.0,0.0,4.199,78.7,98,0,60.0,2026-05-02T00:43:06.402170,4.216
2026-05-02T00:42:06.658830,88.52,0.4606,91.1,0.5077,1000.0,0.0,4.199,78.7,98,0,60.0,2026-05-02T00:43:06.654768,4.216
2026-05-02T00:42:07.161082,88.54,0.4606,91.1,0.508,1000.0,0.0,4.199,78.7,98,0,60.0,2026-05-02T00:43:07.160708,4.216
2026-05-02T00:42:07.529943,88.54,0.4705,91.11,0.5115,1000.0,0.0,4.199,78.7,98,0,60.0,2026-05-02T00:43:07.529586,4.216
2026-05-02T00:42:07.725665,88.54,0.4705,91.11,0.5147,1000.0,0.0,4.199,78.7,98,0,60.0,2026-05-02T00:43:07.725100,4.216
2026-05-02T00:42:08.257400,88.56,0.4657,91.12,0.5158,1000.0,0.0,4.199,78.7,98,0,60.0,2026-05-02T00:43:08.256831,4.216
2026-05-02T00:42:08.654878,88.56,0.4665,91.13,0.515,1000.0,0.0,4.199,78.7,98,0,60.0,2026-05-02T00:43:08.637887,4.216
2026-05-02T00:42:08.793071,88.56,0.4665,91.13,0.5145,1000.0,0.0,4.199,78.7,98,0,60.0,2026-05-02T00:43:08.792735,4.216
2026-05-02T00:42:09.161636,88.57,0.4665,91.14,0.5143,1000.0,0.0,4.199,78.6,98,0,60.0,2026-05-02T00:43:09.161379,4.216
2026-05-02T00:42:09.262048,88.57,0.4683,91.14,0.515,1000.0,0.0,4.199,78.6,98,0,60.0,2026-05-02T00:43:09.261836,4.216
2026-05-02T00:42:09.480982,88.57,0.4683,91.14,0.5153,1000.0,0.0,4.199,78.6,98,0,60.0,2026-05-02T00:43:09.480364,4.216
2026-05-02T00:42:10.558359,88.57,0.4647,91.16,0.5143,1000.0,0.0,4.199,78.6,99,0,60.0,2026-05-02T00:43:10.557807,4.216
2026-05-02T00:42:10.704973,88.57,0.4647,91.15,0.5133,1000.0,0.0,4.199,78.6,99,0,60.0,2026-05-02T00:43:10.704730,4.216
2026-05-02T00:42:11.252306,88.57,0.4647,91.16,0.5131,1000.0,0.0,4.199,78.6,99,0,60.0,2026-05-02T00:43:11.251939,4.216
2026-05-02T00:42:11.435408,88.6,0.4647,91.16,0.5118,1000.0,0.0,4.199,78.6,99,0,60.0,2026-05-02T00:43:11.434953,4.216
2026-05-02T00:42:11.581420,88.6,0.4647,91.17,0.5121,1000.0,0.0,4.199,78.6,99,0,60.0,2026-05-02T00:43:11.580906,4.216
2026-05-02T00:42:12.387494,88.6,0.4647,91.19,0.5125,1000.0,0.0,4.199,78.6,99,0,60.0,2026-05-02T00:43:12.387024,4.216
2026-05-02T00:42:12.580237,88.6,0.4673,91.18,0.5134,1000.0,0.0,4.199,78.6,99,0,60.0,2026-05-02T00:43:12.579712,4.216
2026-05-02T00:42:12.719327,88.6,0.4673,91.18,0.5141,1000.0,0.0,4.199,78.6,99,0,60.0,2026-05-02T00:43:12.719005,4.216
2026-05-02T00:42:13.478733,88.63,0.4665,91.2,0.5146,1000.0,0.0,4.199,78.6,99,0,60.0,2026-05-02T00:43:13.478432,4.216
2026-05-02T00:42:13.641273,88.63,0.4732,91.2,0.5173,1000.0,0.0,4.199,78.6,99,0,60.0,2026-05-02T00:43:13.640751,4.216
2026-05-02T00:42:13.830397,88.63,0.4732,91.2,0.5189,1000.0,0.0,4.199,78.6,99,0,60.0,2026-05-02T00:43:13.829838,4.216
2026-05-02T00:42:14.432921,88.66,0.4732,91.22,0.5196,1000.0,0.0,4.199,78.6,99,0,60.0,2026-05-02T00:43:14.432398,4.216
2026-05-02T00:42:14.564976,88.66,0.4732,91.22,0.5202,1000.0,0.0,4.199,78.6,99,0,60.0,2026-05-02T00:43:14.564496,4.216
2026-05-02T00:42:14.694830,88.66,0.4732,91.23,0.5205,1000.0,0.0,4.199,78.6,99,0,60.0,2026-05-02T00:43:14.694519,4.216
2026-05-02T00:42:15.542550,88.66,0.4741,91.24,0.521,1000.0,0.0,4.199,78.6,99,0,60.0,2026-05-02T00:43:15.542151,4.216
2026-05-02T00:42:15.676352,88.66,0.4741,91.24,0.5213,1000.0,0.0,4.199,78.6,99,0,60.0,2026-05-02T00:43:15.676083,4.216
2026-05-02T00:42:16.462189,88.66,0.4741,91.26,0.5219,1000.0,0.0,4.199,78.6,99,0,60.0,2026-05-02T00:43:16.461967,4.216
2026-05-02T00:42:16.536963,88.66,0.4783,91.24,0.5221,1000.0,0.0,4.199,78.6,99,0,60.0,2026-05-02T00:43:16.536752,4.216
2026-05-02T00:42:16.635967,88.66,0.4783,91.24,0.5236,1000.0,0.0,4.199,78.6,99,0,60.0,2026-05-02T00:43:16.635701,4.216
2026-05-02T00:42:17.546196,88.66,0.4783,91.26,0.5252,1000.0,0.0,4.199,78.6,99,0,60.0,2026-05-02T00:43:17.545818,4.216
2026-05-02T00:42:17.804489,88.66,0.4773,91.25,0.5236,1000.0,0.0,4.199,78.6,99,0,60.0,2026-05-02T00:43:17.804171,4.216
2026-05-02T00:42:18.163590,88.66,0.4773,91.24,0.5242,1000.0,0.0,4.199,78.6,99,0,60.0,2026-05-02T00:43:18.162770,4.216
2026-05-02T00:42:18.588416,88.73,0.4773,91.26,0.5249,1000.0,0.0,4.199,78.6,99,0,60.0,2026-05-02T00:43:18.588114,4.216
2026-05-02T00:42:18.691648,88.73,0.4741,91.28,0.5235,1000.0,0.0,4.199,78.6,99,0,60.0,2026-05-02T00:43:18.691301,4.216
2026-05-02T00:42:18.802229,88.73,0.4741,91.29,0.5229,1000.0,0.0,4.199,78.6,99,0,60.0,2026-05-02T00:43:18.801977,4.216
2026-05-02T00:42:19.678014,88.77,0.4732,91.32,0.5223,1000.0,0.0,4.199,78.6,99,0,60.0,2026-05-02T00:43:19.677647,4.216
2026-05-02T00:42:19.845729,88.77,0.4741,91.33,0.5221,1000.0,0.0,4.199,78.6,99,0,60.0,2026-05-02T00:43:19.845465,4.216
2026-05-02T00:42:20.114686,88.77,0.4741,91.34,0.5221,1000.0,0.0,4.199,78.6,99,0,60.0,2026-05-02T00:43:20.111336,4.216
2026-05-02T00:42:20.713080,88.82,0.48,91.37,0.5236,1000.0,0.0,4.199,78.6,99,0,60.0,2026-05-02T00:43:20.712824,4.216
2026-05-02T00:42:20.809214,88.82,0.48,91.38,0.5253,1000.0,0.0,4.199,78.6,99,0,60.0,2026-05-02T00:43:20.808974,4.216
2026-05-02T00:42:21.714605,88.82,0.48,91.41,0.527,1000.0,0.0,4.199,78.6,99,0,60.0,2026-05-02T00:43:21.714012,4.216
2026-05-02T00:42:21.867083,88.87,0.4714,91.42,0.5233,1000.0,0.0,4.199,78.5,99,0,60.0,2026-05-02T00:43:21.864439,4.216
2026-05-02T00:42:22.168681,88.87,0.4714,91.43,0.5216,1000.0,0.0,4.199,78.5,99,0,60.0,2026-05-02T00:43:22.168298,4.216
2026-05-02T00:42:22.770592,88.91,0.4714,91.45,0.5206,1000.0,0.0,4.199,78.5,99,0,60.0,2026-05-02T00:43:22.770259,4.216
2026-05-02T00:42:22.884607,88.91,0.4724,91.46,0.5198,1000.0,0.0,4.199,78.5,99,0,60.0,2026-05-02T00:43:22.884288,4.216
2026-05-02T00:42:23.211678,88.91,0.4724,91.47,0.5201,1000.0,0.0,4.199,78.5,99,0,60.0,2026-05-02T00:43:23.211324,4.216
2026-05-02T00:42:23.829747,88.96,0.4724,91.5,0.5204,1000.0,0.0,4.199,78.5,99,0,60.0,2026-05-02T00:43:23.829512,4.216
2026-05-02T00:42:23.936191,88.96,0.4766,91.51,0.5222,1000.0,0.0,4.199,78.5,99,0,60.0,2026-05-02T00:43:23.935943,4.216
2026-05-02T00:42:24.060746,88.96,0.4766,91.52,0.5231,1000.0,0.0,4.199,78.5,99,0,60.0,2026-05-02T00:43:24.060412,4.216
2026-05-02T00:42:24.866925,89.04,0.4766,91.57,0.524,1000.0,0.0,4.199,78.5,99,0,60.0,2026-05-02T00:43:24.866722,4.216
2026-05-02T00:42:24.968302,89.04,0.4809,91.58,0.5261,1000.0,0.0,4.199,78.5,99,0,60.0,2026-05-02T00:43:24.967921,4.216
2026-05-02T00:42:25.540190,89.04,0.4809,91.61,0.5278,1000.0,0.0,4.199,78.5,99,0,60.0,2026-05-02T00:43:25.539528,4.216
2026-05-02T00:42:25.951468,89.04,0.4867,91.61,0.5299,1000.0,0.0,4.199,78.5,99,0,60.0,2026-05-02T00:43:25.951202,4.216
2026-05-02T00:42:26.058509,89.04,0.4867,91.61,0.5319,1000.0,0.0,4.199,78.5,99,0,60.0,2026-05-02T00:43:26.058197,4.216
2026-05-02T00:42:26.938241,89.04,0.4867,91.64,0.5338,1000.0,0.0,4.199,78.5,99,0,60.0,2026-05-02T00:43:26.938082,4.216
2026-05-02T00:42:27.007180,89.11,0.4849,91.66,0.5326,1000.0,0.0,4.199,78.5,99,0,60.0,2026-05-02T00:43:27.006958,4.216
2026-05-02T00:42:27.078967,89.11,0.4849,91.66,0.5328,1000.0,0.0,4.199,78.5,99,0,60.0,2026-05-02T00:43:27.078782,4.216
2026-05-02T00:42:28.022319,89.16,0.4849,91.7,0.5334,1000.0,0.0,4.199,78.4,99,0,60.0,2026-05-02T00:43:28.021375,4.216
2026-05-02T00:42:28.555615,89.16,0.4775,91.73,0.5288,1000.0,0.0,4.199,78.4,99,0,60.0,2026-05-02T00:43:28.555000,4.216
2026-05-02T00:42:28.930917,89.16,0.4775,91.73,0.5272,1000.0,0.0,4.199,78.4,99,0,60.0,2026-05-02T00:43:28.894940,4.216
2026-05-02T00:42:29.067968,89.24,0.4775,91.75,0.5266,1000.0,0.0,4.199,78.4,99,0,60.0,2026-05-02T00:43:29.067568,4.216
2026-05-02T00:42:29.213044,89.24,0.4782,91.77,0.5265,1000.0,0.0,4.199,78.4,99,0,60.0,2026-05-02T00:43:29.212315,4.216
2026-05-02T00:42:29.397374,89.24,0.4782,91.78,0.5266,1000.0,0.0,4.199,78.4,99,0,60.0,2026-05-02T00:43:29.396869,4.216
2026-05-02T00:42:30.338268,89.28,0.4893,91.82,0.5284,1000.0,0.0,4.199,78.4,99,0,60.0,2026-05-02T00:43:30.319718,4.216
2026-05-02T00:42:30.596411,89.28,0.4994,91.84,0.539,1000.0,0.0,4.199,78.4,98,0,60.0,2026-05-02T00:43:30.596030,4.216
2026-05-02T00:42:30.715356,89.28,0.4994,91.84,0.5427,1000.0,0.0,4.199,78.4,98,0,60.0,2026-05-02T00:43:30.714801,4.216
2026-05-02T00:42:31.173601,89.35,0.4894,91.87,0.5424,1000.0,0.0,4.199,78.4,98,0,60.0,2026-05-02T00:43:31.173373,4.216
2026-05-02T00:42:31.536675,89.35,0.4894,91.88,0.5407,1000.0,0.0,4.199,78.4,98,0,60.0,2026-05-02T00:43:31.536350,4.216
2026-05-02T00:42:32.333804,89.35,0.4894,91.92,0.5397,1000.0,0.0,4.199,78.4,98,0,60.0,2026-05-02T00:43:32.308037,4.216
2026-05-02T00:42:32.607448,89.42,0.4918,91.95,0.5395,1000.0,0.0,4.199,78.4,98,0,60.0,2026-05-02T00:43:32.606967,4.216
2026-05-02T00:42:32.775518,89.42,0.4918,91.96,0.5399,1000.0,0.0,4.199,78.4,98,0,60.0,2026-05-02T00:43:32.775032,4.216
2026-05-02T00:42:33.225112,89.45,0.4918,91.98,0.5404,1000.0,0.0,4.199,78.4,98,0,60.0,2026-05-02T00:43:33.224928,4.216
2026-05-02T00:42:33.297787,89.45,0.496,91.99,0.5417,1000.0,0.0,4.199,78.4,98,0,60.0,2026-05-02T00:43:33.297633,4.216
2026-05-02T00:42:33.393648,89.45,0.496,92.0,0.5428,1000.0,0.0,4.199,78.4,98,0,60.0,2026-05-02T00:43:33.393424,4.216
2026-05-02T00:42:34.390913,89.51,0.4885,92.04,0.543,1000.0,0.0,4.199,78.3,98,0,60.0,2026-05-02T00:43:34.390396,4.216
2026-05-02T00:42:34.521741,89.51,0.496,92.05,0.5432,1000.0,0.0,4.199,78.3,98,0,60.0,2026-05-02T00:43:34.521367,4.216
2026-05-02T00:42:34.636224,89.51,0.496,92.06,0.5438,1000.0,0.0,4.199,78.3,98,0,60.0,2026-05-02T00:43:34.635964,4.216
2026-05-02T00:42:35.387045,89.58,0.5002,92.1,0.5443,1000.0,0.0,4.199,78.3,98,0,60.0,2026-05-02T00:43:35.386583,4.216
2026-05-02T00:42:35.538285,89.58,0.5002,92.12,0.5464,1000.0,0.0,4.199,78.3,98,0,60.0,2026-05-02T00:43:35.537896,4.216
2026-05-02T00:42:35.671736,89.58,0.5002,92.13,0.5475,1000.0,0.0,4.199,78.3,98,0,60.0,2026-05-02T00:43:35.671098,4.216
2026-05-02T00:42:36.426786,89.65,0.5002,92.18,0.5469,1000.0,0.0,4.199,78.3,98,0,60.0,2026-05-02T00:43:36.426504,4.216
2026-05-02T00:42:36.534001,89.65,0.5002,92.19,0.5479,1000.0,0.0,4.199,78.3,98,0,60.0,2026-05-02T00:43:36.533740,4.216
2026-05-02T00:42:37.518259,89.65,0.5002,92.22,0.549,1000.0,0.0,4.199,78.3,98,0,60.0,2026-05-02T00:43:37.517654,4.216
2026-05-02T00:42:37.892611,89.69,0.5038,92.25,0.5494,1000.0,0.0,4.199,78.3,98,0,60.0,2026-05-02T00:43:37.892005,4.216
2026-05-02T00:42:38.447384,89.69,0.5038,92.26,0.5515,1000.0,0.0,4.199,78.3,98,0,60.0,2026-05-02T00:43:38.418251,4.216
2026-05-02T00:42:39.154832,89.73,0.5038,92.27,0.5524,1000.0,0.0,4.199,78.3,98,0,60.0,2026-05-02T00:43:39.154482,4.216
2026-05-02T00:42:39.522965,89.73,0.4994,92.29,0.5502,1000.0,0.0,4.199,78.3,98,0,60.0,2026-05-02T00:43:39.522476,4.216
2026-05-02T00:42:39.653411,89.73,0.4994,92.29,0.5494,1000.0,0.0,4.199,78.3,98,0,60.0,2026-05-02T00:43:39.653101,4.216
2026-05-02T00:42:39.886379,89.75,0.4994,92.3,0.5491,1000.0,0.0,4.199,78.2,98,0,60.0,2026-05-02T00:43:39.886155,4.216
2026-05-02T00:42:40.457477,89.75,0.4994,92.31,0.549,1000.0,0.0,4.199,78.2,98,0,60.0,2026-05-02T00:43:40.440124,4.216
2026-05-02T00:42:40.851731,89.75,0.4994,92.32,0.5489,1000.0,0.0,4.199,78.2,98,0,60.0,2026-05-02T00:43:40.846782,4.216
2026-05-02T00:42:41.008238,89.82,0.4994,92.34,0.5488,1000.0,0.0,4.199,78.2,98,0,60.0,2026-05-02T00:43:41.007578,4.216
2026-05-02T00:42:41.197132,89.82,0.5038,92.35,0.5505,1000.0,0.0,4.199,78.2,98,0,60.0,2026-05-02T00:43:41.196736,4.216
2026-05-02T00:42:41.433331,89.82,0.5038,92.36,0.5516,1000.0,0.0,4.199,78.2,98,0,60.0,2026-05-02T00:43:41.432921,4.216
2026-05-02T00:42:41.723601,89.85,0.5078,92.38,0.5528,1000.0,0.0,4.199,78.2,98,0,60.0,2026-05-02T00:43:41.723075,4.216
2026-05-02T00:42:41.920366,89.85,0.5078,92.39,0.5545,1000.0,0.0,4.199,78.2,98,0,60.0,2026-05-02T00:43:41.919997,4.216
2026-05-02T00:42:42.656181,89.85,0.5078,92.42,0.5561,1000.0,0.0,4.199,78.2,98,0,60.0,2026-05-02T00:43:42.655821,4.216
2026-05-02T00:42:42.749254,89.87,0.5097,92.42,0.5561,1000.0,0.0,4.199,78.2,98,0,60.0,2026-05-02T00:43:42.748974,4.216
2026-05-02T00:42:42.853425,89.87,0.5097,92.42,0.5573,1000.0,0.0,4.199,78.2,98,0,60.0,2026-05-02T00:43:42.853178,4.216
2026-05-02T00:42:43.725991,89.95,0.5097,92.46,0.5586,1000.0,0.0,4.199,78.2,98,0,60.0,2026-05-02T00:43:43.725488,4.216
2026-05-02T00:42:43.979780,89.95,0.5087,92.48,0.5584,1000.0,0.0,4.199,78.2,98,0,60.0,2026-05-02T00:43:43.979367,4.216
2026-05-02T00:42:44.552424,89.95,0.5087,92.5,0.5585,1000.0,0.0,4.199,78.2,98,0,60.0,2026-05-02T00:43:44.533370,4.216
2026-05-02T00:42:44.861066,89.95,0.5079,92.51,0.5583,1000.0,0.0,4.199,78.2,98,0,60.0,2026-05-02T00:43:44.860098,4.216
2026-05-02T00:42:45.018885,89.95,0.5079,92.51,0.5575,1000.0,0.0,4.199,78.2,98,0,60.0,2026-05-02T00:43:45.018651,4.216
2026-05-02T00:42:45.160561,89.95,0.5079,92.51,0.5575,1000.0,0.0,4.199,78.2,98,0,60.0,2026-05-02T00:43:45.160235,4.216
2026-05-02T00:42:45.812933,90.01,0.5028,92.54,0.5563,1000.0,0.0,4.199,78.2,98,0,60.0,2026-05-02T00:43:45.812754,4.216
2026-05-02T00:42:45.878343,90.01,0.5095,92.55,0.5574,1000.0,0.0,4.199,78.2,98,0,60.0,2026-05-02T00:43:45.878154,4.216
2026-05-02T00:42:45.954942,90.01,0.5095,92.56,0.5579,1000.0,0.0,4.199,78.2,98,0,60.0,2026-05-02T00:43:45.954753,4.216
2026-05-02T00:42:46.872804,90.01,0.5052,92.58,0.5574,1000.0,0.0,4.199,78.2,98,0,60.0,2026-05-02T00:43:46.872618,4.216
2026-05-02T00:42:46.947842,90.01,0.5052,92.57,0.5563,1000.0,0.0,4.199,78.2,98,0,60.0,2026-05-02T00:43:46.947682,4.216
2026-05-02T00:42:47.880401,90.01,0.5052,92.6,0.556,1000.0,0.0,4.199,78.2,98,0,60.0,2026-05-02T00:43:47.880221,4.216
2026-05-02T00:42:47.943750,90.07,0.5052,92.61,0.5547,1000.0,0.0,4.199,78.1,98,0,60.0,2026-05-02T00:43:47.943593,4.216
2026-05-02T00:42:48.010151,90.07,0.5052,92.62,0.5548,1000.0,0.0,4.199,78.1,98,0,60.0,2026-05-02T00:43:48.009967,4.216
2026-05-02T00:42:48.939923,90.08,0.5052,92.65,0.5551,1000.0,0.0,4.199,78.1,98,0,60.0,2026-05-02T00:43:48.939726,4.216
2026-05-02T00:42:49.017153,90.08,0.5036,92.64,0.5543,1000.0,0.0,4.199,78.1,98,0,60.0,2026-05-02T00:43:49.016933,4.216
2026-05-02T00:42:49.104719,90.08,0.5036,92.64,0.5538,1000.0,0.0,4.199,78.1,98,0,60.0,2026-05-02T00:43:49.104506,4.216
2026-05-02T00:42:49.991937,90.13,0.5029,92.67,0.5537,1000.0,0.0,4.199,78.1,98,0,60.0,2026-05-02T00:43:49.991762,4.216
2026-05-02T00:42:50.066066,90.13,0.5036,92.68,0.5534,1000.0,0.0,4.199,78.1,98,0,60.0,2026-05-02T00:43:50.064068,4.216
2026-05-02T00:42:50.281235,90.13,0.5036,92.69,0.5533,1000.0,0.0,4.199,78.1,98,0,60.0,2026-05-02T00:43:50.277221,4.216
2026-05-02T00:42:51.047416,90.19,0.5095,92.73,0.5543,1000.0,0.0,4.199,78.1,98,0,60.0,2026-05-02T00:43:51.047223,4.216
2026-05-02T00:42:51.112414,90.19,0.511,92.73,0.557,1000.0,0.0,4.199,78.1,98,0,60.0,2026-05-02T00:43:51.112230,4.216
2026-05-02T00:42:51.178958,90.19,0.511,92.74,0.5582,1000.0,0.0,4.199,78.1,98,0,60.0,2026-05-02T00:43:51.178771,4.216
2026-05-02T00:42:52.151937,90.26,0.511,92.79,0.5597,1000.0,0.0,4.199,78.1,98,0,60.0,2026-05-02T00:43:52.127574,4.216
2026-05-02T00:42:52.379309,90.26,0.511,92.8,0.5602,1000.0,0.0,4.199,78.1,98,0,60.0,2026-05-02T00:43:52.378720,4.216
2026-05-02T00:42:53.120989,90.26,0.511,92.83,0.5609,1000.0,0.0,4.199,78.1,98,0,60.0,2026-05-02T00:43:53.120803,4.216
2026-05-02T00:42:53.187056,90.32,0.5178,92.85,0.5625,1000.0,0.0,4.199,78.1,98,0,60.0,2026-05-02T00:43:53.186879,4.216
2026-05-02T00:42:53.254507,90.32,0.5178,92.85,0.5644,1000.0,0.0,4.199,78.1,98,0,60.0,2026-05-02T00:43:53.254352,4.216
2026-05-02T00:42:54.313025,90.38,0.5178,92.89,0.5665,1000.0,0.0,4.199,78.0,98,0,60.0,2026-05-02T00:43:54.312281,4.216
2026-05-02T00:42:54.733806,90.38,0.5129,92.92,0.5643,1000.0,0.0,4.199,78.0,98,0,60.0,2026-05-02T00:43:54.699895,4.216
2026-05-02T00:42:54.933101,90.38,0.5129,92.92,0.5636,1000.0,0.0,4.199,78.0,98,0,60.0,2026-05-02T00:43:54.932747,4.216
2026-05-02T00:42:55.544518,90.42,0.5129,92.95,0.5634,1000.0,0.0,4.199,78.0,98,0,60.0,2026-05-02T00:43:55.544197,4.216
2026-05-02T00:42:55.681253,90.42,0.5197,92.96,0.5659,1000.0,0.0,4.199,78.0,98,0,60.0,2026-05-02T00:43:55.680670,4.216
2026-05-02T00:42:55.814067,90.42,0.5197,92.96,0.5674,1000.0,0.0,4.199,78.0,98,0,60.0,2026-05-02T00:43:55.813518,4.216
2026-05-02T00:42:56.373031,90.44,0.5154,92.98,0.5674,1000.0,0.0,4.199,78.0,98,0,60.0,2026-05-02T00:43:56.372503,4.216
2026-05-02T00:42:56.514916,90.44,0.5164,92.98,0.5671,1000.0,0.0,4.199,78.0,98,0,60.0,2026-05-02T00:43:56.514507,4.216
2026-05-02T00:42:56.628893,90.44,0.5164,92.99,0.5669,1000.0,0.0,4.199,78.0,98,0,60.0,2026-05-02T00:43:56.628484,4.216
2026-05-02T00:42:57.341538,90.5,0.5164,93.02,0.5666,1000.0,0.0,4.199,78.0,98,0,60.0,2026-05-02T00:43:57.341372,4.216
2026-05-02T00:42:57.414487,90.5,0.5164,93.03,0.5665,1000.0,0.0,4.199,78.0,98,0,60.0,2026-05-02T00:43:57.414277,4.216
2026-05-02T00:42:58.358894,90.5,0.5164,93.07,0.5671,1000.0,0.0,4.199,78.0,98,0,60.0,2026-05-02T00:43:58.358660,4.216
2026-05-02T00:42:58.447150,90.55,0.5223,93.08,0.5685,1000.0,0.0,4.199,78.0,98,0,60.0,2026-05-02T00:43:58.446930,4.216
2026-05-02T00:42:58.553006,90.55,0.5223,93.09,0.5701,1000.0,0.0,4.199,78.0,98,0,60.0,2026-05-02T00:43:58.552773,4.216
2026-05-02T00:42:59.411059,90.59,0.5223,93.12,0.5717,1000.0,0.0,4.199,78.0,98,0,60.0,2026-05-02T00:43:59.410870,4.216
2026-05-02T00:42:59.478126,90.59,0.5223,93.13,0.5716,1000.0,0.0,4.199,78.0,98,0,60.0,2026-05-02T00:43:59.477914,4.216
2026-05-02T00:42:59.551504,90.59,0.5223,93.13,0.5719,1000.0,0.0,4.199,78.0,98,0,60.0,2026-05-02T00:43:59.551325,4.216
2026-05-02T00:43:00.484429,90.63,0.5223,93.17,0.5726,1000.0,0.0,4.199,78.0,98,0,60.0,2026-05-02T00:44:00.484056,4.216
2026-05-02T00:43:00.592915,90.63,0.5188,93.17,0.5709,1000.0,0.0,4.199,78.0,98,0,60.0,2026-05-02T00:44:00.592598,4.216
2026-05-02T00:43:00.698442,90.63,0.5188,93.18,0.5702,1000.0,0.0,4.199,78.0,98,0,60.0,2026-05-02T00:44:00.697820,4.216
2026-05-02T00:43:01.660738,90.65,0.5178,93.2,0.5696,1000.0,0.0,4.199,77.9,98,0,60.0,2026-05-02T00:44:01.660234,4.216
2026-05-02T00:43:01.797635,90.65,0.5188,93.2,0.5694,1000.0,0.0,4.199,77.9,98,0,60.0,2026-05-02T00:44:01.797038,4.216
2026-05-02T00:43:02.000377,90.65,0.5188,93.21,0.5693,1000.0,0.0,4.199,77.9,98,0,60.0,2026-05-02T00:44:01.999951,4.216
2026-05-02T00:43:02.705443,90.66,0.5272,93.22,0.5714,1000.0,0.0,4.199,77.9,98,0,60.0,2026-05-02T00:44:02.705078,4.216
2026-05-02T00:43:02.816185,90.66,0.5272,93.22,0.5741,1000.0,0.0,4.199,77.9,98,0,60.0,2026-05-02T00:44:02.815773,4.216
2026-05-02T00:43:03.705898,90.66,0.5272,93.24,0.5762,1000.0,0.0,4.199,77.9,98,0,60.0,2026-05-02T00:44:03.705215,4.216
2026-05-02T00:43:04.469223,90.68,0.5264,93.24,0.5767,1000.0,0.0,4.199,77.9,98,0,60.0,2026-05-02T00:44:04.468786,4.216
2026-05-02T00:43:04.922807,90.68,0.5264,93.25,0.577,1000.0,0.0,4.199,77.9,98,0,60.0,2026-05-02T00:44:04.922257,4.216
2026-05-02T00:43:05.681438,90.7,0.5264,93.26,0.5772,1000.0,0.0,4.199,77.9,98,0,60.0,2026-05-02T00:44:05.676872,4.216
2026-05-02T00:43:05.860661,90.7,0.5239,93.25,0.576,1000.0,0.0,4.199,77.9,98,0,60.0,2026-05-02T00:44:05.860090,4.216
2026-05-02T00:43:06.130874,90.7,0.5239,93.25,0.5753,1000.0,0.0,4.199,77.9,98,0,60.0,2026-05-02T00:44:06.130577,4.216
2026-05-02T00:43:06.600316,90.72,0.5232,93.26,0.5749,1000.0,0.0,4.199,77.9,98,0,60.0,2026-05-02T00:44:06.596902,4.216
2026-05-02T00:43:06.748127,90.72,0.5239,93.27,0.5746,1000.0,0.0,4.199,77.9,98,0,60.0,2026-05-02T00:44:06.747506,4.216
2026-05-02T00:43:06.860457,90.72,0.5239,93.27,0.5745,1000.0,0.0,4.199,77.9,98,0,60.0,2026-05-02T00:44:06.860097,4.216
2026-05-02T00:43:06.983727,90.73,0.5137,93.27,0.5736,1000.0,0.0,4.199,77.9,98,0,60.0,2026-05-02T00:44:06.983461,4.216
2026-05-02T00:43:07.142449,90.73,0.5304,93.27,0.5761,1000.0,0.0,4.199,77.9,98,0,60.0,2026-05-02T00:44:07.137259,4.216
2026-05-02T00:43:07.287358,90.73,0.5304,93.28,0.5778,1000.0,0.0,4.199,77.9,98,0,60.0,2026-05-02T00:44:07.287004,4.216
2026-05-02T00:43:07.936187,90.76,0.5214,93.3,0.575,1000.0,0.0,4.199,77.9,98,0,60.0,2026-05-02T00:44:07.935719,4.216
2026-05-02T00:43:08.267842,90.76,0.5214,93.3,0.5736,1000.0,0.0,4.199,77.9,98,0,60.0,2026-05-02T00:44:08.252982,4.216
2026-05-02T00:43:08.837263,90.76,0.5214,93.32,0.573,1000.0,0.0,4.199,77.9,98,0,60.0,2026-05-02T00:44:08.837053,4.216
2026-05-02T00:43:08.922866,90.8,0.5256,93.33,0.5732,1000.0,0.0,4.199,77.9,98,0,60.0,2026-05-02T00:44:08.922651,4.216
2026-05-02T00:43:09.010913,90.8,0.5256,93.34,0.5744,1000.0,0.0,4.199,77.9,98,0,60.0,2026-05-02T00:44:09.010707,4.216
2026-05-02T00:43:09.888891,90.8,0.5256,93.36,0.5756,1000.0,0.0,4.199,77.9,98,0,60.0,2026-05-02T00:44:09.888732,4.216
2026-05-02T00:43:09.995518,90.8,0.5245,93.35,0.5747,1000.0,0.0,4.199,77.9,98,0,60.0,2026-05-02T00:44:09.995212,4.216
2026-05-02T00:43:10.474146,90.8,0.5245,93.36,0.575,1000.0,0.0,4.199,77.9,98,0,60.0,2026-05-02T00:44:10.454915,4.216
2026-05-02T00:43:11.003249,90.86,0.5213,93.38,0.5748,1000.0,0.0,4.199,77.9,98,0,60.0,2026-05-02T00:44:11.002888,4.216
2026-05-02T00:43:11.116341,90.86,0.5245,93.39,0.5747,1000.0,0.0,4.199,77.9,98,0,60.0,2026-05-02T00:44:11.114901,4.216
2026-05-02T00:43:11.227321,90.86,0.5245,93.4,0.5748,1000.0,0.0,4.199,77.9,98,0,60.0,2026-05-02T00:44:11.227016,4.216
2026-05-02T00:43:11.999833,90.88,0.5222,93.42,0.575,1000.0,0.0,4.199,77.9,98,0,60.0,2026-05-02T00:44:11.999609,4.216
2026-05-02T00:43:12.063105,90.88,0.5222,93.42,0.574,1000.0,0.0,4.199,77.9,98,0,60.0,2026-05-02T00:44:12.062785,4.216
2026-05-02T00:43:12.234133,90.88,0.5222,93.43,0.5737,1000.0,0.0,4.199,77.9,98,0,60.0,2026-05-02T00:44:12.222058,4.216
2026-05-02T00:43:13.063794,90.9,0.5222,93.45,0.573,1000.0,0.0,4.199,77.9,98,0,60.0,2026-05-02T00:44:13.063558,4.216
2026-05-02T00:43:13.161863,90.9,0.5222,93.45,0.5729,1000.0,0.0,4.199,77.9,98,0,60.0,2026-05-02T00:44:13.161647,4.216
2026-05-02T00:43:14.066060,90.9,0.5222,93.47,0.5734,1000.0,0.0,4.199,77.9,98,0,60.0,2026-05-02T00:44:14.065661,4.216
2026-05-02T00:43:14.433349,90.92,0.5236,93.48,0.5731,1000.0,0.0,4.199,77.9,98,0,60.0,2026-05-02T00:44:14.432875,4.216
2026-05-02T00:43:14.556409,90.92,0.5236,93.47,0.5737,1000.0,0.0,4.199,77.9,98,0,60.0,2026-05-02T00:44:14.555895,4.216
2026-05-02T00:43:15.121004,90.97,0.5236,93.49,0.5742,1000.0,0.0,4.199,77.8,98,0,60.0,2026-05-02T00:44:15.120793,4.216
2026-05-02T00:43:15.202392,90.97,0.5236,93.5,0.5737,1000.0,0.0,4.199,77.8,98,0,60.0,2026-05-02T00:44:15.202179,4.216
2026-05-02T00:43:15.433907,90.97,0.5236,93.51,0.5739,1000.0,0.0,4.199,77.8,98,0,60.0,2026-05-02T00:44:15.433213,4.216
2026-05-02T00:43:16.295152,91.04,0.5236,93.55,0.5746,1000.0,0.0,4.199,77.8,98,0,60.0,2026-05-02T00:44:16.294939,4.216
2026-05-02T00:43:16.397551,91.04,0.5256,93.57,0.5754,1000.0,0.0,4.199,77.8,98,0,60.0,2026-05-02T00:44:16.397323,4.216
2026-05-02T00:43:16.534571,91.04,0.5256,93.58,0.5758,1000.0,0.0,4.199,77.8,98,0,60.0,2026-05-02T00:44:16.534296,4.216
2026-05-02T00:43:17.246542,91.07,0.5245,93.61,0.5761,1000.0,0.0,4.199,77.8,98,0,60.0,2026-05-02T00:44:17.246293,4.216
2026-05-02T00:43:17.354179,91.07,0.5256,93.61,0.5762,1000.0,0.0,4.199,77.8,98,0,60.0,2026-05-02T00:44:17.351595,4.216
2026-05-02T00:43:17.520510,91.07,0.5256,93.62,0.5763,1000.0,0.0,4.199,77.8,98,0,60.0,2026-05-02T00:44:17.520005,4.216
2026-05-02T00:43:18.328792,91.11,0.534,93.65,0.5779,1000.0,0.0,4.199,77.8,98,0,60.0,2026-05-02T00:44:18.328406,4.216
2026-05-02T00:43:18.451582,91.11,0.534,93.66,0.5809,1000.0,0.0,4.199,77.8,98,0,60.0,2026-05-02T00:44:18.451150,4.216
2026-05-02T00:43:19.301078,91.11,0.534,93.68,0.5833,1000.0,0.0,4.199,77.8,98,0,60.0,2026-05-02T00:44:19.300780,4.216
2026-05-02T00:43:19.366904,91.16,0.5264,93.69,0.5816,1000.0,0.0,4.199,77.8,98,0,60.0,2026-05-02T00:44:19.366575,4.216
2026-05-02T00:43:19.431038,91.16,0.5264,93.69,0.58,1000.0,0.0,4.199,77.8,98,0,60.0,2026-05-02T00:44:19.430836,4.216
2026-05-02T00:43:20.371303,91.19,0.5264,93.73,0.5791,1000.0,0.0,4.199,77.8,98,0,60.0,2026-05-02T00:44:20.370985,4.216
2026-05-02T00:43:20.490317,91.19,0.5264,93.73,0.5778,1000.0,0.0,4.199,77.8,98,0,60.0,2026-05-02T00:44:20.489825,4.216
2026-05-02T00:43:20.603192,91.19,0.5264,93.73,0.5776,1000.0,0.0,4.199,77.8,98,0,60.0,2026-05-02T00:44:20.602958,4.216
2026-05-02T00:43:21.438398,91.19,0.5245,93.75,0.5776,1000.0,0.0,4.199,77.8,98,0,60.0,2026-05-02T00:44:21.438131,4.216
2026-05-02T00:43:21.542596,91.19,0.5304,93.74,0.5793,1000.0,0.0,4.199,77.8,98,0,60.0,2026-05-02T00:44:21.542329,4.216
2026-05-02T00:43:21.646975,91.19,0.5304,93.74,0.5801,1000.0,0.0,4.199,77.8,98,0,60.0,2026-05-02T00:44:21.646568,4.216
2026-05-02T00:43:22.474408,91.24,0.5399,93.77,0.5824,1000.0,0.0,4.199,77.8,98,0,60.0,2026-05-02T00:44:22.474219,4.216
2026-05-02T00:43:22.550943,91.24,0.5425,93.77,0.5873,1000.0,0.0,4.199,77.8,98,0,60.0,2026-05-02T00:44:22.550744,4.216
2026-05-02T00:43:22.645017,91.24,0.5425,93.78,0.5895,1000.0,0.0,4.199,77.8,98,0,60.0,2026-05-02T00:44:22.644791,4.216
2026-05-02T00:43:23.529235,91.28,0.5391,93.81,0.5914,1000.0,0.0,4.199,77.7,98,0,60.0,2026-05-02T00:44:23.529051,4.216
2026-05-02T00:43:23.600478,91.28,0.5391,93.82,0.591,1000.0,0.0,4.199,77.7,98,0,60.0,2026-05-02T00:44:23.600263,4.216
2026-05-02T00:43:24.541201,91.28,0.5391,93.85,0.5912,1000.0,0.0,4.199,77.7,98,0,60.0,2026-05-02T00:44:24.541014,4.216
2026-05-02T00:43:24.614274,91.33,0.5391,93.86,0.5894,1000.0,0.0,4.199,77.7,98,0,60.0,2026-05-02T00:44:24.614117,4.216
2026-05-02T00:43:24.690118,91.33,0.5391,93.87,0.5897,1000.0,0.0,4.199,77.7,98,0,60.0,2026-05-02T00:44:24.689946,4.216
2026-05-02T00:43:25.597454,91.4,0.5391,93.9,0.5904,1000.0,0.0,4.199,77.7,98,0,60.0,2026-05-02T00:44:25.597280,4.216
2026-05-02T00:43:25.669916,91.4,0.5424,93.91,0.5912,1000.0,0.0,4.199,77.7,98,0,60.0,2026-05-02T00:44:25.669704,4.216
2026-05-02T00:43:25.744766,91.4,0.5424,93.92,0.5922,1000.0,0.0,4.199,77.7,98,0,60.0,2026-05-02T00:44:25.744595,4.216
2026-05-02T00:43:26.655329,91.44,0.5407,93.96,0.5931,1000.0,0.0,4.199,77.7,98,0,60.0,2026-05-02T00:44:26.655112,4.216
2026-05-02T00:43:26.720868,91.44,0.545,93.97,0.5943,1000.0,0.0,4.199,77.7,98,0,60.0,2026-05-02T00:44:26.720678,4.216
2026-05-02T00:43:26.787888,91.44,0.545,93.97,0.595,1000.0,0.0,4.199,77.7,98,0,60.0,2026-05-02T00:44:26.787716,4.216
2026-05-02T00:43:27.738811,91.46,0.5357,94.0,0.5942,1000.0,0.0,4.199,77.7,98,0,60.0,2026-05-02T00:44:27.738538,4.216
2026-05-02T00:43:27.863040,91.46,0.5425,94.0,0.5941,1000.0,0.0,4.199,77.7,98,0,60.0,2026-05-02T00:44:27.862615,4.216
2026-05-02T00:43:28.010899,91.46,0.5425,94.0,0.5941,1000.0,0.0,4.199,77.7,98,0,60.0,2026-05-02T00:44:28.010530,4.216
2026-05-02T00:43:28.763476,91.48,0.5425,94.02,0.5926,1000.0,0.0,4.199,77.7,98,0,60.0,2026-05-02T00:44:28.763313,4.216
2026-05-02T00:43:28.825930,91.48,0.5425,94.02,0.5931,1000.0,0.0,4.199,77.7,98,0,60.0,2026-05-02T00:44:28.825739,4.216
2026-05-02T00:43:29.777753,91.48,0.5425,94.05,0.5941,1000.0,0.0,4.199,77.7,98,0,60.0,2026-05-02T00:44:29.777580,4.216
2026-05-02T00:43:29.849348,91.51,0.5569,94.05,0.5984,1000.0,0.0,4.199,77.7,98,0,60.0,2026-05-02T00:44:29.849155,4.216
2026-05-02T00:43:29.926383,91.51,0.5569,94.05,0.6023,1000.0,0.0,4.199,77.7,98,0,60.0,2026-05-02T00:44:29.926199,4.216
2026-05-02T00:43:30.835385,91.58,0.5569,94.08,0.606,1000.0,0.0,4.199,77.6,99,0,60.0,2026-05-02T00:44:30.835195,4.216
2026-05-02T00:43:30.899947,91.58,0.5517,94.1,0.6047,1000.0,0.0,4.199,77.6,99,0,60.0,2026-05-02T00:44:30.899704,4.216
2026-05-02T00:43:30.979538,91.58,0.5517,94.11,0.6042,1000.0,0.0,4.199,77.6,99,0,60.0,2026-05-02T00:44:30.979339,4.216
2026-05-02T00:43:31.927284,91.58,0.5515,94.13,0.604,1000.0,0.0,4.199,77.6,99,0,60.0,2026-05-02T00:44:31.926934,4.216
2026-05-02T00:43:32.194593,91.58,0.5517,94.13,0.6037,1000.0,0.0,4.199,77.6,99,0,60.0,2026-05-02T00:44:32.194106,4.216
2026-05-02T00:43:32.551848,91.58,0.5517,94.13,0.6037,1000.0,0.0,4.199,77.6,99,0,60.0,2026-05-02T00:44:32.546581,4.216
2026-05-02T00:43:32.966271,91.59,0.5534,94.14,0.6039,1000.0,0.0,4.199,77.6,99,0,60.0,2026-05-02T00:44:32.966000,4.216
2026-05-02T00:43:33.072007,91.59,0.5534,94.14,0.6044,1000.0,0.0,4.199,77.6,99,0,60.0,2026-05-02T00:44:33.071772,4.216
2026-05-02T00:43:33.640758,91.59,0.5534,94.15,0.6049,1000.0,0.0,4.199,77.6,99,0,60.0,2026-05-02T00:44:33.640255,4.216
2026-05-02T00:43:34.036840,91.61,0.5517,94.16,0.6034,1000.0,0.0,4.199,77.6,99,0,60.0,2026-05-02T00:44:34.036598,4.216
2026-05-02T00:43:34.421834,91.61,0.5517,94.16,0.6035,1000.0,0.0,4.199,77.6,99,0,60.0,2026-05-02T00:44:34.395701,4.216
2026-05-02T00:43:35.008652,91.61,0.5517,94.18,0.6038,1000.0,0.0,4.199,77.6,99,0,60.0,2026-05-02T00:44:35.008484,4.216
2026-05-02T00:43:35.077808,91.69,0.5524,94.2,0.6033,1000.0,0.0,4.199,77.6,99,0,60.0,2026-05-02T00:44:35.077622,4.216
2026-05-02T00:43:35.154246,91.69,0.5524,94.21,0.6036,1000.0,0.0,4.199,77.6,99,0,60.0,2026-05-02T00:44:35.154055,4.216
2026-05-02T00:43:36.074750,91.73,0.5524,94.24,0.6044,1000.0,0.0,4.199,77.6,99,0,60.0,2026-05-02T00:44:36.073748,4.216
2026-05-02T00:43:36.260476,91.73,0.5543,94.26,0.605,1000.0,0.0,4.199,77.6,99,0,60.0,2026-05-02T00:44:36.260262,4.216
2026-05-02T00:43:36.518811,91.73,0.5543,94.26,0.6054,1000.0,0.0,4.199,77.6,99,0,60.0,2026-05-02T00:44:36.518462,4.216
2026-05-02T00:43:37.126195,91.77,0.5524,94.29,0.6058,1000.0,0.0,4.199,77.6,99,0,60.0,2026-05-02T00:44:37.125994,4.216
2026-05-02T00:43:37.246379,91.77,0.5509,94.3,0.6044,1000.0,0.0,4.199,77.6,99,0,60.0,2026-05-02T00:44:37.246056,4.216
2026-05-02T00:43:37.462897,91.77,0.5509,94.3,0.6038,1000.0,0.0,4.199,77.6,99,0,60.0,2026-05-02T00:44:37.462511,4.216
2026-05-02T00:43:38.223975,91.8,0.5484,94.33,0.6028,1000.0,0.0,4.199,77.6,99,0,60.0,2026-05-02T00:44:38.223815,4.216
2026-05-02T00:43:38.292536,91.8,0.5509,94.33,0.6028,1000.0,0.0,4.199,77.6,99,0,60.0,2026-05-02T00:44:38.292316,4.216
2026-05-02T00:43:38.375320,91.8,0.5509,94.33,0.6028,1000.0,0.0,4.199,77.6,99,0,60.0,2026-05-02T00:44:38.375088,4.216
2026-05-02T00:43:39.253476,91.85,0.5543,94.37,0.6024,1000.0,0.0,4.199,77.5,99,0,60.0,2026-05-02T00:44:39.253253,4.217
2026-05-02T00:43:39.346641,91.85,0.5543,94.38,0.604,1000.0,0.0,4.199,77.5,99,0,60.0,2026-05-02T00:44:39.346421,4.217
2026-05-02T00:43:40.253558,91.85,0.5543,94.41,0.6056,1000.0,0.0,4.199,77.5,99,0,60.0,2026-05-02T00:44:40.253341,4.217
2026-05-02T00:43:40.356331,91.87,0.5457,94.41,0.6019,1000.0,0.0,4.199,77.5,99,0,60.0,2026-05-02T00:44:40.356025,4.217
2026-05-02T00:43:40.511116,91.87,0.5457,94.41,0.6002,1000.0,0.0,4.199,77.5,99,0,60.0,2026-05-02T00:44:40.510737,4.217
2026-05-02T00:43:41.318210,91.92,0.5457,94.44,0.5993,1000.0,0.0,4.199,77.5,99,0,60.0,2026-05-02T00:44:41.317871,4.217
2026-05-02T00:43:41.413879,91.92,0.5457,94.45,0.5985,1000.0,0.0,4.199,77.5,99,0,60.0,2026-05-02T00:44:41.413617,4.217
2026-05-02T00:43:41.678987,91.92,0.5457,94.46,0.5983,1000.0,0.0,4.199,77.5,99,0,60.0,2026-05-02T00:44:41.678509,4.217
2026-05-02T00:43:42.396972,91.94,0.5407,94.48,0.5975,1000.0,0.0,4.199,77.5,99,0,60.0,2026-05-02T00:44:42.396392,4.217
2026-05-02T00:43:42.540457,91.94,0.5492,94.48,0.5985,1000.0,0.0,4.199,77.5,99,0,60.0,2026-05-02T00:44:42.539962,4.217
2026-05-02T00:43:42.650080,91.94,0.5492,94.48,0.5996,1000.0,0.0,4.199,77.5,99,0,60.0,2026-05-02T00:44:42.649720,4.217
2026-05-02T00:43:43.425723,91.98,0.5492,94.51,0.5996,1000.0,0.0,4.199,77.5,99,0,60.0,2026-05-02T00:44:43.425517,4.217
2026-05-02T00:43:43.490862,91.98,0.5492,94.51,0.6003,1000.0,0.0,4.199,77.5,99,0,60.0,2026-05-02T00:44:43.490701,4.217
2026-05-02T00:43:43.557267,91.98,0.5492,94.51,0.6007,1000.0,0.0,4.199,77.5,99,0,60.0,2026-05-02T00:44:43.557091,4.217
2026-05-02T00:43:44.512065,92.05,0.545,94.56,0.5985,1000.0,0.0,4.199,77.5,99,0,60.0,2026-05-02T00:44:44.511820,4.217
2026-05-02T00:43:44.620243,92.05,0.545,94.58,0.5979,1000.0,0.0,4.199,77.5,99,0,60.0,2026-05-02T00:44:44.619982,4.217
2026-05-02T00:43:45.494051,92.05,0.545,94.61,0.5981,1000.0,0.0,4.199,77.5,99,0,60.0,2026-05-02T00:44:45.493868,4.217
2026-05-02T00:43:45.557369,92.1,0.5583,94.62,0.6,1000.0,0.0,4.199,77.5,99,0,60.0,2026-05-02T00:44:45.557189,4.217
2026-05-02T00:43:45.629120,92.1,0.5583,94.62,0.604,1000.0,0.0,4.199,77.5,99,0,60.0,2026-05-02T00:44:45.628930,4.217
2026-05-02T00:43:46.562738,92.14,0.5583,94.66,0.6078,1000.0,0.0,4.199,77.4,99,0,60.0,2026-05-02T00:44:46.562454,4.217
2026-05-02T00:43:46.758488,92.14,0.5493,94.66,0.6052,1000.0,0.0,4.199,77.4,99,0,60.0,2026-05-02T00:44:46.755327,4.217
2026-05-02T00:43:46.967956,92.14,0.5493,94.67,0.6037,1000.0,0.0,4.199,77.4,99,0,60.0,2026-05-02T00:44:46.967538,4.217
2026-05-02T00:43:47.607603,92.2,0.5458,94.7,0.6023,1000.0,0.0,4.199,77.4,99,0,60.0,2026-05-02T00:44:47.607427,4.217
2026-05-02T00:43:47.679351,92.2,0.5493,94.72,0.6017,1000.0,0.0,4.199,77.4,99,0,60.0,2026-05-02T00:44:47.679171,4.217
2026-05-02T00:43:47.759120,92.2,0.5493,94.72,0.6017,1000.0,0.0,4.199,77.4,99,0,60.0,2026-05-02T00:44:47.758914,4.217
2026-05-02T00:43:48.666897,92.25,0.5551,94.76,0.6028,1000.0,0.0,4.199,77.4,99,0,60.0,2026-05-02T00:44:48.666607,4.217
2026-05-02T00:43:48.742689,92.25,0.5551,94.77,0.6049,1000.0,0.0,4.199,77.4,99,0,60.0,2026-05-02T00:44:48.742463,4.217
2026-05-02T00:43:48.834286,92.25,0.5551,94.78,0.6058,1000.0,0.0,4.199,77.4,99,0,60.0,2026-05-02T00:44:48.834029,4.217
2026-05-02T00:43:49.722514,92.29,0.5551,94.81,0.6057,1000.0,0.0,4.199,77.4,99,0,60.0,2026-05-02T00:44:49.722327,4.217
2026-05-02T00:43:49.795150,92.29,0.5551,94.82,0.6065,1000.0,0.0,4.199,77.4,99,0,60.0,2026-05-02T00:44:49.794959,4.217
2026-05-02T00:43:50.733706,92.29,0.5551,94.85,0.6075,1000.0,0.0,4.199,77.4,99,0,60.0,2026-05-02T00:44:50.733486,4.217
2026-05-02T00:43:50.809510,92.34,0.5576,94.86,0.6078,1000.0,0.0,4.199,77.4,99,0,60.0,2026-05-02T00:44:50.809315,4.217
2026-05-02T00:43:50.885500,92.34,0.5576,94.87,0.6087,1000.0,0.0,4.199,77.4,99,0,60.0,2026-05-02T00:44:50.885285,4.217
2026-05-02T00:43:51.790714,92.38,0.5576,94.9,0.61,1000.0,0.0,4.199,77.4,99,0,60.0,2026-05-02T00:44:51.790533,4.217
2026-05-02T00:43:51.875462,92.38,0.5576,94.91,0.6094,1000.0,0.0,4.199,77.4,99,0,60.0,2026-05-02T00:44:51.875236,4.217
2026-05-02T00:43:52.159930,92.38,0.5576,94.91,0.6098,1000.0,0.0,4.199,77.4,99,0,60.0,2026-05-02T00:44:52.158881,4.217
2026-05-02T00:43:52.842813,92.44,0.5543,94.95,0.6098,1000.0,0.0,4.199,77.3,99,0,60.0,2026-05-02T00:44:52.842633,4.217
2026-05-02T00:43:52.906890,92.44,0.5711,94.96,0.6162,1000.0,0.0,4.199,77.3,99,0,60.0,2026-05-02T00:44:52.906730,4.217
2026-05-02T00:43:52.980636,92.44,0.5711,94.97,0.619,1000.0,0.0,4.199,77.3,99,0,60.0,2026-05-02T00:44:52.980416,4.217
2026-05-02T00:43:53.901838,92.48,0.5694,95.0,0.6217,1000.0,0.0,4.199,77.3,99,0,60.0,2026-05-02T00:44:53.901586,4.217
2026-05-02T00:43:54.003189,92.48,0.5694,95.0,0.6219,1000.0,0.0,4.199,77.3,99,0,60.0,2026-05-02T00:44:54.002916,4.217
2026-05-02T00:43:54.128858,92.48,0.5694,95.01,0.6221,1000.0,0.0,4.199,77.3,99,0,60.0,2026-05-02T00:44:54.128333,4.217
2026-05-02T00:43:54.959042,92.56,0.5669,95.05,0.6208,1000.0,0.0,4.199,77.3,99,0,60.0,2026-05-02T00:44:54.958882,4.217
2026-05-02T00:43:55.022872,92.56,0.5669,95.06,0.6204,1000.0,0.0,4.199,77.3,99,0,60.0,2026-05-02T00:44:55.022713,4.217
2026-05-02T00:43:55.968123,92.56,0.5669,95.1,0.6207,1000.0,0.0,4.199,77.3,99,0,60.0,2026-05-02T00:44:55.967948,4.217
2026-05-02T00:43:56.039132,92.62,0.5669,95.12,0.6199,1000.0,0.0,4.199,77.3,99,0,60.0,2026-05-02T00:44:56.038952,4.217
2026-05-02T00:43:56.192952,92.62,0.5669,95.13,0.6199,1000.0,0.0,4.199,77.3,99,0,60.0,2026-05-02T00:44:56.162934,4.217
2026-05-02T00:43:57.036332,92.67,0.5669,95.17,0.6203,1000.0,0.0,4.199,77.3,99,0,60.0,2026-05-02T00:44:57.035198,4.217
2026-05-02T00:43:57.329394,92.67,0.5709,95.18,0.6213,1000.0,0.0,4.199,77.3,99,0,60.0,2026-05-02T00:44:57.328827,4.217
2026-05-02T00:43:57.461321,92.67,0.5709,95.19,0.6227,1000.0,0.0,4.199,77.3,99,0,60.0,2026-05-02T00:44:57.460948,4.217
2026-05-02T00:43:58.093246,92.72,0.5661,95.22,0.623,1000.0,0.0,4.199,77.3,99,0,60.0,2026-05-02T00:44:58.092065,4.217
2026-05-02T00:43:58.327815,92.72,0.5661,95.23,0.6208,1000.0,0.0,4.199,77.3,99,0,60.0,2026-05-02T00:44:58.327421,4.217
2026-05-02T00:43:58.448413,92.72,0.5661,95.24,0.6202,1000.0,0.0,4.199,77.3,99,0,60.0,2026-05-02T00:44:58.447972,4.217
2026-05-02T00:43:59.138005,92.74,0.561,95.26,0.6186,1000.0,0.0,4.199,77.2,99,0,60.0,2026-05-02T00:44:59.137813,4.217
2026-05-02T00:43:59.211716,92.74,0.5669,95.26,0.6191,1000.0,0.0,4.199,77.2,99,0,60.0,2026-05-02T00:44:59.211543,4.217
2026-05-02T00:43:59.290348,92.74,0.5669,95.26,0.6194,1000.0,0.0,4.199,77.2,99,0,60.0,2026-05-02T00:44:59.290151,4.217
2026-05-02T00:44:00.313313,92.76,0.5728,95.29,0.6217,1000.0,0.0,4.199,77.2,99,0,60.0,2026-05-02T00:45:00.312892,4.217
2026-05-02T00:44:00.564525,92.76,0.5728,95.29,0.6238,1000.0,0.0,4.199,77.2,99,0,60.0,2026-05-02T00:45:00.563873,4.217
2026-05-02T00:44:01.207940,92.76,0.5728,95.31,0.6252,1000.0,0.0,4.199,77.2,99,0,60.0,2026-05-02T00:45:01.207730,4.217
2026-05-02T00:44:01.401401,92.8,0.5704,95.32,0.6242,1000.0,0.0,4.199,77.2,99,0,60.0,2026-05-02T00:45:01.400836,4.217
2026-05-02T00:44:01.626842,92.8,0.5704,95.33,0.6241,1000.0,0.0,4.199,77.2,99,0,60.0,2026-05-02T00:45:01.619239,4.217
2026-05-02T00:44:02.477327,92.84,0.5704,95.35,0.6243,1000.0,0.0,4.199,77.2,99,0,60.0,2026-05-02T00:45:02.476999,4.217
2026-05-02T00:44:02.825551,92.84,0.5754,95.37,0.625,1000.0,0.0,4.199,77.2,99,0,60.0,2026-05-02T00:45:02.805360,4.217
2026-05-02T00:44:02.923582,92.84,0.5754,95.37,0.6268,1000.0,0.0,4.199,77.2,99,0,60.0,2026-05-02T00:45:02.923334,4.217
2026-05-02T00:44:03.320730,92.85,0.5754,95.38,0.6279,1000.0,0.0,4.199,77.2,99,0,60.0,2026-05-02T00:45:03.320534,4.217
2026-05-02T00:44:03.395604,92.85,0.5772,95.38,0.6285,1000.0,0.0,4.199,77.2,99,0,60.0,2026-05-02T00:45:03.395429,4.217
2026-05-02T00:44:03.480570,92.85,0.5772,95.38,0.6291,1000.0,0.0,4.199,77.2,99,0,60.0,2026-05-02T00:45:03.480339,4.217
2026-05-02T00:44:04.395432,92.88,0.5711,95.41,0.6287,1000.0,0.0,4.199,77.2,99,0,60.0,2026-05-02T00:45:04.395179,4.217
2026-05-02T00:44:04.479619,92.88,0.5754,95.41,0.6287,1000.0,0.0,4.199,77.2,99,0,60.0,2026-05-02T00:45:04.479392,4.217
2026-05-02T00:44:04.561456,92.88,0.5754,95.41,0.6288,1000.0,0.0,4.199,77.2,99,0,60.0,2026-05-02T00:45:04.561239,4.217
2026-05-02T00:44:05.430176,92.88,0.5812,95.42,0.6298,1000.0,0.0,4.199,77.2,99,0,60.0,2026-05-02T00:45:05.430002,4.217
2026-05-02T00:44:05.494475,92.88,0.5812,95.42,0.6317,1000.0,0.0,4.199,77.2,99,0,60.0,2026-05-02T00:45:05.494301,4.217
2026-05-02T00:44:06.446896,92.88,0.5812,95.44,0.6337,1000.0,0.0,4.199,77.2,99,0,60.0,2026-05-02T00:45:06.446694,4.217
2026-05-02T00:44:06.519507,92.9,0.5853,95.43,0.6348,1000.0,0.0,4.199,77.2,99,0,60.0,2026-05-02T00:45:06.519326,4.217
2026-05-02T00:44:06.613074,92.9,0.5853,95.43,0.6364,1000.0,0.0,4.199,77.2,99,0,60.0,2026-05-02T00:45:06.612836,4.217
2026-05-02T00:44:07.583408,92.92,0.5853,95.46,0.6381,1000.0,0.0,4.199,77.2,99,0,60.0,2026-05-02T00:45:07.582943,4.217
2026-05-02T00:44:07.727356,92.92,0.5888,95.45,0.64,1000.0,0.0,4.199,77.2,99,0,60.0,2026-05-02T00:45:07.727061,4.217
2026-05-02T00:44:07.877053,92.92,0.5888,95.45,0.641,1000.0,0.0,4.199,77.2,99,0,60.0,2026-05-02T00:45:07.876771,4.217
2026-05-02T00:44:08.640624,92.95,0.5849,95.48,0.6416,1000.0,0.0,4.199,77.2,99,0,60.0,2026-05-02T00:45:08.640163,4.217
2026-05-02T00:44:08.780940,92.95,0.5863,95.48,0.6407,1000.0,0.0,4.199,77.2,99,0,60.0,2026-05-02T00:45:08.780514,4.217
2026-05-02T00:44:08.960277,92.95,0.5863,95.48,0.6404,1000.0,0.0,4.199,77.2,99,0,60.0,2026-05-02T00:45:08.960023,4.217
2026-05-02T00:44:09.613992,92.99,0.5863,95.51,0.6402,1000.0,0.0,4.199,77.2,99,0,60.0,2026-05-02T00:45:09.613805,4.217
2026-05-02T00:44:09.686997,92.99,0.5947,95.51,0.6436,1000.0,0.0,4.199,77.2,99,0,60.0,2026-05-02T00:45:09.686810,4.217
2026-05-02T00:44:09.763676,92.99,0.5947,95.52,0.6453,1000.0,0.0,4.199,77.2,99,0,60.0,2026-05-02T00:45:09.763503,4.217
2026-05-02T00:44:10.683678,93.02,0.5981,95.54,0.6479,1000.0,0.0,4.199,77.2,98,0,60.0,2026-05-02T00:45:10.683374,4.217
2026-05-02T00:44:10.772072,93.02,0.5981,95.54,0.6495,1000.0,0.0,4.199,77.2,98,0,60.0,2026-05-02T00:45:10.771857,4.217
2026-05-02T00:44:11.685963,93.02,0.5981,95.57,0.6512,1000.0,0.0,4.199,77.2,98,0,60.0,2026-05-02T00:45:11.685763,4.217
2026-05-02T00:44:11.759791,93.07,0.6023,95.58,0.6526,1000.0,0.0,4.199,77.1,98,0,60.0,2026-05-02T00:45:11.759587,4.217
2026-05-02T00:44:11.839222,93.07,0.6023,95.58,0.654,1000.0,0.0,4.199,77.1,98,0,60.0,2026-05-02T00:45:11.838991,4.217
2026-05-02T00:44:12.762539,93.11,0.6023,95.62,0.6556,1000.0,0.0,4.199,77.1,98,0,60.0,2026-05-02T00:45:12.762229,4.217
2026-05-02T00:44:12.971534,93.11,0.6082,95.63,0.6579,1000.0,0.0,4.199,77.1,98,0,60.0,2026-05-02T00:45:12.970868,4.217
2026-05-02T00:44:13.297829,93.11,0.6082,95.64,0.6601,1000.0,0.0,4.199,77.1,98,0,60.0,2026-05-02T00:45:13.297472,4.217
2026-05-02T00:44:13.802564,93.14,0.6082,95.65,0.6615,1000.0,0.0,4.199,77.1,98,0,60.0,2026-05-02T00:45:13.802332,4.217
2026-05-02T00:44:13.883585,93.14,0.6024,95.66,0.6589,1000.0,0.0,4.199,77.1,98,0,60.0,2026-05-02T00:45:13.883354,4.217
2026-05-02T00:44:13.980331,93.14,0.6024,95.66,0.658,1000.0,0.0,4.199,77.1,98,0,60.0,2026-05-02T00:45:13.980082,4.217
2026-05-02T00:44:14.850267,93.23,0.599,95.71,0.6565,1000.0,0.0,4.199,77.1,98,0,60.0,2026-05-02T00:45:14.850040,4.217
2026-05-02T00:44:14.914344,93.23,0.6024,95.73,0.6565,1000.0,0.0,4.199,77.1,98,0,60.0,2026-05-02T00:45:14.914202,4.217
2026-05-02T00:44:14.982197,93.23,0.6024,95.74,0.6564,1000.0,0.0,4.199,77.1,98,0,60.0,2026-05-02T00:45:14.982040,4.217
2026-05-02T00:44:15.904547,93.29,0.6133,95.79,0.6586,1000.0,0.0,4.199,77.1,98,0,60.0,2026-05-02T00:45:15.904340,4.217
2026-05-02T00:44:15.977340,93.29,0.6133,95.8,0.6622,1000.0,0.0,4.199,77.1,98,0,60.0,2026-05-02T00:45:15.977160,4.217
2026-05-02T00:44:16.921359,93.29,0.6133,95.84,0.6652,1000.0,0.0,4.199,77.1,98,0,60.0,2026-05-02T00:45:16.921153,4.217
2026-05-02T00:44:16.988366,93.31,0.6108,95.84,0.6649,1000.0,0.0,4.199,77.1,98,0,60.0,2026-05-02T00:45:16.988200,4.217
2026-05-02T00:44:17.058395,93.31,0.6108,95.84,0.6649,1000.0,0.0,4.199,77.1,98,0,60.0,2026-05-02T00:45:17.058231,4.217
2026-05-02T00:44:18.020185,93.34,0.6108,95.87,0.6655,1000.0,0.0,4.199,77.0,98,0,60.0,2026-05-02T00:45:18.019503,4.217
2026-05-02T00:44:18.258869,93.34,0.6108,95.87,0.664,1000.0,0.0,4.199,77.0,98,0,60.0,2026-05-02T00:45:18.252521,4.217
2026-05-02T00:44:18.539855,93.34,0.6108,95.87,0.6647,1000.0,0.0,4.199,77.0,98,0,60.0,2026-05-02T00:45:18.539324,4.217
2026-05-02T00:44:19.033366,93.37,0.6042,95.89,0.6642,1000.0,0.0,4.199,77.0,98,0,60.0,2026-05-02T00:45:19.033156,4.217
2026-05-02T00:44:19.098686,93.37,0.6007,95.89,0.6602,1000.0,0.0,4.199,77.0,98,0,60.0,2026-05-02T00:45:19.098484,4.217
2026-05-02T00:44:19.160929,93.37,0.6007,95.9,0.6584,1000.0,0.0,4.199,77.0,98,0,60.0,2026-05-02T00:45:19.160762,4.217
2026-05-02T00:44:20.089767,93.39,0.5979,95.92,0.6559,1000.0,0.0,4.199,77.0,98,0,60.0,2026-05-02T00:45:20.089461,4.217
2026-05-02T00:44:20.491410,93.39,0.6007,95.93,0.6555,1000.0,0.0,4.199,77.0,98,0,60.0,2026-05-02T00:45:20.490667,4.217
2026-05-02T00:44:20.670151,93.39,0.6007,95.93,0.6553,1000.0,0.0,4.199,77.0,98,0,60.0,2026-05-02T00:45:20.669860,4.217
2026-05-02T00:44:21.312018,93.45,0.6108,95.96,0.6564,1000.0,0.0,4.199,77.0,98,0,60.0,2026-05-02T00:45:21.311636,4.217
2026-05-02T00:44:21.585819,93.45,0.6108,95.97,0.6607,1000.0,0.0,4.199,77.0,98,0,60.0,2026-05-02T00:45:21.585448,4.217
2026-05-02T00:44:22.269043,93.45,0.6108,96.0,0.6633,1000.0,0.0,4.199,77.0,98,0,60.0,2026-05-02T00:45:22.256421,4.217
2026-05-02T00:44:22.543646,93.49,0.6208,96.01,0.6654,1000.0,0.0,4.199,77.0,99,0,60.0,2026-05-02T00:45:22.543290,4.217
2026-05-02T00:44:22.673041,93.49,0.6208,96.01,0.6698,1000.0,0.0,4.199,77.0,99,0,60.0,2026-05-02T00:45:22.672520,4.217
2026-05-02T00:44:23.393884,93.5,0.6208,96.03,0.6728,1000.0,0.0,4.199,77.0,99,0,60.0,2026-05-02T00:45:23.393497,4.217
2026-05-02T00:44:23.573313,93.5,0.6208,96.03,0.6711,1000.0,0.0,4.199,77.0,99,0,60.0,2026-05-02T00:45:23.572989,4.217
2026-05-02T00:44:23.689293,93.5,0.6208,96.03,0.6729,1000.0,0.0,4.199,77.0,99,0,60.0,2026-05-02T00:45:23.688759,4.217
2026-05-02T00:44:24.279662,93.55,0.6208,96.04,0.6745,1000.0,0.0,4.199,77.0,98,0,60.0,2026-05-02T00:45:24.279401,4.217
2026-05-02T00:44:24.390065,93.55,0.6268,96.05,0.6773,1000.0,0.0,4.199,77.0,98,0,60.0,2026-05-02T00:45:24.389829,4.217
2026-05-02T00:44:24.503018,93.55,0.6268,96.06,0.6789,1000.0,0.0,4.199,77.0,98,0,60.0,2026-05-02T00:45:24.502732,4.217
2026-05-02T00:44:25.330914,93.6,0.6285,96.09,0.6806,1000.0,0.0,4.199,77.0,98,0,60.0,2026-05-02T00:45:25.330727,4.217
2026-05-02T00:44:25.404229,93.6,0.6285,96.1,0.6817,1000.0,0.0,4.199,77.0,98,0,60.0,2026-05-02T00:45:25.404003,4.217
2026-05-02T00:44:25.503407,93.6,0.6285,96.11,0.6823,1000.0,0.0,4.199,77.0,98,0,60.0,2026-05-02T00:45:25.503135,4.217
2026-05-02T00:44:26.378717,93.64,0.6235,96.14,0.6813,1000.0,0.0,4.199,76.9,98,0,60.0,2026-05-02T00:45:26.378530,4.217
2026-05-02T00:44:26.454805,93.64,0.6235,96.15,0.6801,1000.0,0.0,4.199,76.9,98,0,60.0,2026-05-02T00:45:26.454590,4.217
2026-05-02T00:44:27.396807,93.64,0.6235,96.18,0.6799,1000.0,0.0,4.199,76.9,98,0,60.0,2026-05-02T00:45:27.396587,4.217
2026-05-02T00:44:27.469497,93.65,0.6235,96.17,0.6784,1000.0,0.0,4.199,76.9,98,0,60.0,2026-05-02T00:45:27.469305,4.217
2026-05-02T00:44:27.542550,93.65,0.6235,96.17,0.6783,1000.0,0.0,4.199,76.9,98,0,60.0,2026-05-02T00:45:27.542379,4.217
2026-05-02T00:44:28.536075,93.68,0.6235,96.2,0.6789,1000.0,0.0,4.199,76.9,98,0,60.0,2026-05-02T00:45:28.535654,4.217
2026-05-02T00:44:28.695816,93.68,0.6201,96.2,0.6771,1000.0,0.0,4.199,76.9,98,0,60.0,2026-05-02T00:45:28.695582,4.217
2026-05-02T00:44:29.005404,93.68,0.6201,96.2,0.6762,1000.0,0.0,4.199,76.9,98,0,60.0,2026-05-02T00:45:29.004869,4.217
2026-05-02T00:44:29.531441,93.71,0.615,96.22,0.675,1000.0,0.0,4.199,76.9,98,0,60.0,2026-05-02T00:45:29.531105,4.217
2026-05-02T00:44:29.653193,93.71,0.6201,96.22,0.6746,1000.0,0.0,4.199,76.9,98,0,60.0,2026-05-02T00:45:29.652874,4.217
2026-05-02T00:44:29.787161,93.71,0.6201,96.23,0.6747,1000.0,0.0,4.199,76.9,98,0,60.0,2026-05-02T00:45:29.786895,4.217
2026-05-02T00:44:30.558684,93.73,0.6251,96.25,0.6751,1000.0,0.0,4.199,76.9,99,0,60.0,2026-05-02T00:45:30.558513,4.217
2026-05-02T00:44:30.635785,93.73,0.6251,96.25,0.6771,1000.0,0.0,4.199,76.9,99,0,60.0,2026-05-02T00:45:30.635558,4.217
2026-05-02T00:44:30.724532,93.73,0.6251,96.25,0.6781,1000.0,0.0,4.199,76.9,99,0,60.0,2026-05-02T00:45:30.724329,4.217
2026-05-02T00:44:31.757835,93.75,0.6251,96.27,0.6788,1000.0,0.0,4.199,76.9,99,0,60.0,2026-05-02T00:45:31.757424,4.217
2026-05-02T00:44:32.046174,93.75,0.6251,96.27,0.6795,1000.0,0.0,4.199,76.9,99,0,60.0,2026-05-02T00:45:32.045898,4.217
2026-05-02T00:44:32.656576,93.75,0.6251,96.29,0.6801,1000.0,0.0,4.199,76.9,99,0,60.0,2026-05-02T00:45:32.656178,4.217
2026-05-02T00:44:32.837660,93.81,0.6293,96.31,0.6811,1000.0,0.0,4.199,76.9,99,0,60.0,2026-05-02T00:45:32.836682,4.217
2026-05-02T00:44:32.966028,93.81,0.6293,96.32,0.6826,1000.0,0.0,4.199,76.9,99,0,60.0,2026-05-02T00:45:32.965800,4.217
2026-05-02T00:44:33.692285,93.87,0.6293,96.35,0.6838,1000.0,0.0,4.199,76.9,99,0,60.0,2026-05-02T00:45:33.692050,4.217
2026-05-02T00:44:33.980052,93.87,0.6293,96.37,0.6825,1000.0,0.0,4.199,76.9,99,0,60.0,2026-05-02T00:45:33.979583,4.217
2026-05-02T00:44:34.656371,93.87,0.6293,96.4,0.684,1000.0,0.0,4.199,76.9,99,0,60.0,2026-05-02T00:45:34.655813,4.217
2026-05-02T00:44:35.161918,93.92,0.6208,96.42,0.6832,1000.0,0.0,4.199,76.8,99,0,60.0,2026-05-02T00:45:35.161600,4.217
2026-05-02T00:44:35.283998,93.92,0.6294,96.43,0.6832,1000.0,0.0,4.199,76.8,99,0,60.0,2026-05-02T00:45:35.283633,4.217
2026-05-02T00:44:35.393648,93.92,0.6294,96.43,0.6837,1000.0,0.0,4.199,76.8,99,0,60.0,2026-05-02T00:45:35.393363,4.217
2026-05-02T00:44:35.806248,93.97,0.6218,96.46,0.6826,1000.0,0.0,4.199,76.8,99,0,60.0,2026-05-02T00:45:35.806097,4.217
2026-05-02T00:44:35.879712,93.97,0.6343,96.47,0.6853,1000.0,0.0,4.199,76.8,99,0,60.0,2026-05-02T00:45:35.879532,4.217
2026-05-02T00:44:35.958424,93.97,0.6343,96.47,0.6867,1000.0,0.0,4.199,76.8,99,0,60.0,2026-05-02T00:45:35.958208,4.217
2026-05-02T00:44:36.853799,94.04,0.6312,96.52,0.6876,1000.0,0.0,4.199,76.8,99,0,60.0,2026-05-02T00:45:36.853572,4.217
2026-05-02T00:44:36.918993,94.04,0.6312,96.53,0.6871,1000.0,0.0,4.199,76.8,99,0,60.0,2026-05-02T00:45:36.918798,4.217
2026-05-02T00:44:37.870541,94.04,0.6312,96.57,0.6874,1000.0,0.0,4.199,76.8,99,0,60.0,2026-05-02T00:45:37.870334,4.217
2026-05-02T00:44:37.944754,94.07,0.6285,96.58,0.6855,1000.0,0.0,4.199,76.8,99,0,60.0,2026-05-02T00:45:37.944581,4.217
2026-05-02T00:44:38.021126,94.07,0.6285,96.58,0.6849,1000.0,0.0,4.199,76.8,99,0,60.0,2026-05-02T00:45:38.020934,4.217
2026-05-02T00:44:39.262830,94.12,0.6285,96.61,0.6848,1000.0,0.0,4.199,76.8,99,0,60.0,2026-05-02T00:45:39.262299,4.217
2026-05-02T00:44:39.438605,94.12,0.6285,96.63,0.6844,1000.0,0.0,4.199,76.8,99,0,60.0,2026-05-02T00:45:39.437399,4.217
2026-05-02T00:44:39.704372,94.12,0.6285,96.64,0.6843,1000.0,0.0,4.199,76.8,99,0,60.0,2026-05-02T00:45:39.704151,4.217
2026-05-02T00:44:40.178154,94.14,0.6235,96.65,0.6837,1000.0,0.0,4.199,76.8,99,0,60.0,2026-05-02T00:45:40.177717,4.217
2026-05-02T00:44:40.525327,94.14,0.6277,96.66,0.6832,1000.0,0.0,4.199,76.8,99,0,60.0,2026-05-02T00:45:40.523828,4.217
2026-05-02T00:44:40.737035,94.14,0.6277,96.66,0.6832,1000.0,0.0,4.199,76.8,99,0,60.0,2026-05-02T00:45:40.736677,4.217
2026-05-02T00:44:41.025707,94.15,0.6277,96.67,0.6829,1000.0,0.0,4.199,76.8,99,0,60.0,2026-05-02T00:45:41.025491,4.217
2026-05-02T00:44:41.092152,94.15,0.6361,96.67,0.6861,1000.0,0.0,4.199,76.8,99,0,60.0,2026-05-02T00:45:41.091936,4.217
2026-05-02T00:44:41.166000,94.15,0.6361,96.67,0.6878,1000.0,0.0,4.199,76.8,99,0,60.0,2026-05-02T00:45:41.165822,4.217
2026-05-02T00:44:42.127739,94.17,0.6343,96.69,0.6897,1000.0,0.0,4.199,76.8,99,0,60.0,2026-05-02T00:45:42.115882,4.217
2026-05-02T00:44:42.480716,94.17,0.6343,96.7,0.6899,1000.0,0.0,4.199,76.8,99,0,60.0,2026-05-02T00:45:42.480398,4.217
2026-05-02T00:44:43.107667,94.17,0.6343,96.71,0.6903,1000.0,0.0,4.199,76.8,99,0,60.0,2026-05-02T00:45:43.107489,4.217
2026-05-02T00:44:43.172811,94.2,0.6343,96.71,0.6896,1000.0,0.0,4.199,76.8,99,0,60.0,2026-05-02T00:45:43.172633,4.217
2026-05-02T00:44:43.237173,94.2,0.6343,96.71,0.6897,1000.0,0.0,4.199,76.8,99,0,60.0,2026-05-02T00:45:43.236982,4.217
2026-05-02T00:44:44.335781,94.21,0.6343,96.74,0.6902,1000.0,0.0,4.199,76.8,99,0,60.0,2026-05-02T00:45:44.329822,4.217
2026-05-02T00:44:44.600947,94.21,0.6378,96.74,0.6919,1000.0,0.0,4.199,76.8,99,0,60.0,2026-05-02T00:45:44.600544,4.217
2026-05-02T00:44:44.729807,94.21,0.6378,96.74,0.6926,1000.0,0.0,4.199,76.8,99,0,60.0,2026-05-02T00:45:44.729518,4.217
2026-05-02T00:44:45.260444,94.22,0.6285,96.75,0.692,1000.0,0.0,4.199,76.7,99,0,60.0,2026-05-02T00:45:45.260106,4.217
2026-05-02T00:44:45.420997,94.22,0.6378,96.74,0.6919,1000.0,0.0,4.199,76.7,99,0,60.0,2026-05-02T00:45:45.419747,4.217
2026-05-02T00:44:45.561220,94.22,0.6378,96.74,0.6926,1000.0,0.0,4.199,76.7,99,0,60.0,2026-05-02T00:45:45.560874,4.217
2026-05-02T00:44:46.270121,94.22,0.6403,96.75,0.6924,1000.0,0.0,4.199,76.7,99,0,60.0,2026-05-02T00:45:46.269915,4.217
2026-05-02T00:44:46.344360,94.22,0.6411,96.75,0.6942,1000.0,0.0,4.199,76.7,99,0,60.0,2026-05-02T00:45:46.344196,4.217
2026-05-02T00:44:46.442951,94.22,0.6411,96.74,0.6951,1000.0,0.0,4.199,76.7,99,0,60.0,2026-05-02T00:45:46.442715,4.217
2026-05-02T00:44:47.392093,94.25,0.6411,96.77,0.6962,1000.0,0.0,4.199,76.7,99,0,60.0,2026-05-02T00:45:47.391497,4.217
2026-05-02T00:44:47.547000,94.25,0.6411,96.77,0.6964,1000.0,0.0,4.199,76.7,99,0,60.0,2026-05-02T00:45:47.546570,4.217
2026-05-02T00:44:48.343941,94.25,0.6411,96.79,0.6972,1000.0,0.0,4.199,76.7,99,0,60.0,2026-05-02T00:45:48.343735,4.217
2026-05-02T00:44:48.463392,94.29,0.6438,96.8,0.6978,1000.0,0.0,4.199,76.7,99,0,60.0,2026-05-02T00:45:48.462978,4.217
2026-05-02T00:44:48.637902,94.29,0.6438,96.81,0.6985,1000.0,0.0,4.199,76.7,99,0,60.0,2026-05-02T00:45:48.637447,4.217
2026-05-02T00:44:49.605629,94.32,0.6438,96.83,0.6995,1000.0,0.0,4.199,76.7,99,0,60.0,2026-05-02T00:45:49.604905,4.217
2026-05-02T00:44:49.761175,94.32,0.642,96.84,0.6988,1000.0,0.0,4.199,76.7,99,0,60.0,2026-05-02T00:45:49.760846,4.217
2026-05-02T00:44:49.897976,94.32,0.642,96.84,0.6984,1000.0,0.0,4.199,76.7,99,0,60.0,2026-05-02T00:45:49.897627,4.217
2026-05-02T00:44:50.449918,94.38,0.6334,96.87,0.6972,1000.0,0.0,4.199,76.7,99,0,60.0,2026-05-02T00:45:50.449686,4.217
2026-05-02T00:44:50.521106,94.38,0.642,96.88,0.6968,1000.0,0.0,4.199,76.7,99,0,60.0,2026-05-02T00:45:50.520923,4.217
2026-05-02T00:44:50.595940,94.38,0.642,96.89,0.6971,1000.0,0.0,4.199,76.7,99,0,60.0,2026-05-02T00:45:50.595774,4.217
2026-05-02T00:44:51.525216,94.39,0.6528,96.91,0.6982,1000.0,0.0,4.199,76.7,99,0,60.0,2026-05-02T00:45:51.524971,4.217
2026-05-02T00:44:51.590895,94.39,0.6528,96.91,0.7028,1000.0,0.0,4.199,76.7,99,0,60.0,2026-05-02T00:45:51.590737,4.217
2026-05-02T00:44:51.657136,94.39,0.6528,96.91,0.7048,1000.0,0.0,4.199,76.7,99,0,60.0,2026-05-02T00:45:51.656960,4.217
2026-05-02T00:44:52.579058,94.46,0.6572,96.95,0.708,1000.0,0.0,4.199,76.7,99,0,60.0,2026-05-02T00:45:52.578862,4.217
2026-05-02T00:44:52.652523,94.46,0.6572,96.96,0.7101,1000.0,0.0,4.199,76.7,99,0,60.0,2026-05-02T00:45:52.652315,4.217
2026-05-02T00:44:53.583808,94.46,0.6572,96.99,0.7122,1000.0,0.0,4.199,76.7,99,0,60.0,2026-05-02T00:45:53.583599,4.217
2026-05-02T00:44:53.657541,94.5,0.6555,97.0,0.7117,1000.0,0.0,4.199,76.7,99,0,60.0,2026-05-02T00:45:53.657370,4.217
2026-05-02T00:44:53.733012,94.5,0.6555,97.01,0.7117,1000.0,0.0,4.199,76.7,99,0,60.0,2026-05-02T00:45:53.732808,4.217
2026-05-02T00:44:54.661238,94.54,0.6555,97.04,0.7121,1000.0,0.0,4.199,76.6,99,0,60.0,2026-05-02T00:45:54.660859,4.217
2026-05-02T00:44:54.771033,94.54,0.6555,97.05,0.7113,1000.0,0.0,4.199,76.6,99,0,60.0,2026-05-02T00:45:54.770778,4.217
2026-05-02T00:44:54.875903,94.54,0.6555,97.05,0.7115,1000.0,0.0,4.199,76.6,99,0,60.0,2026-05-02T00:45:54.875661,4.217
2026-05-02T00:44:55.699325,94.59,0.6528,97.08,0.7116,1000.0,0.0,4.199,76.6,99,0,60.0,2026-05-02T00:45:55.699098,4.217
2026-05-02T00:44:55.778529,94.59,0.6623,97.09,0.7138,1000.0,0.0,4.199,76.6,99,0,60.0,2026-05-02T00:45:55.778316,4.217
2026-05-02T00:44:55.887864,94.59,0.6623,97.1,0.7155,1000.0,0.0,4.199,76.6,99,0,60.0,2026-05-02T00:45:55.887566,4.217
2026-05-02T00:44:56.755764,94.63,0.6521,97.12,0.7149,1000.0,0.0,4.199,76.6,99,0,60.0,2026-05-02T00:45:56.755566,4.217
2026-05-02T00:44:56.837300,94.63,0.6623,97.13,0.7165,1000.0,0.0,4.199,76.6,99,0,60.0,2026-05-02T00:45:56.837126,4.217
2026-05-02T00:44:56.927512,94.63,0.6623,97.13,0.7172,1000.0,0.0,4.199,76.6,99,0,60.0,2026-05-02T00:45:56.927269,4.217
2026-05-02T00:44:57.841949,94.68,0.6641,97.17,0.718,1000.0,0.0,4.199,76.6,99,0,60.0,2026-05-02T00:45:57.841699,4.217
2026-05-02T00:44:57.952131,94.68,0.6641,97.18,0.7191,1000.0,0.0,4.199,76.6,99,0,60.0,2026-05-02T00:45:57.951826,4.217
2026-05-02T00:44:58.847453,94.68,0.6641,97.21,0.7203,1000.0,0.0,4.199,76.6,98,0,60.0,2026-05-02T00:45:58.847004,4.217
2026-05-02T00:44:59.012684,94.71,0.6663,97.21,0.7196,1000.0,0.0,4.199,76.6,98,0,60.0,2026-05-02T00:45:59.012284,4.217
2026-05-02T00:44:59.140553,94.71,0.6663,97.22,0.721,1000.0,0.0,4.199,76.6,98,0,60.0,2026-05-02T00:45:59.140059,4.217
2026-05-02T00:44:59.894366,94.73,0.6663,97.24,0.7223,1000.0,0.0,4.199,76.6,98,0,60.0,2026-05-02T00:45:59.893943,4.217
2026-05-02T00:45:00.023738,94.73,0.6504,97.24,0.7162,1000.0,0.0,4.199,76.6,98,0,60.0,2026-05-02T00:46:00.023462,4.217
2026-05-02T00:45:00.524475,94.73,0.6504,97.24,0.7124,1000.0,0.0,4.199,76.6,98,0,60.0,2026-05-02T00:46:00.498841,4.217
2026-05-02T00:45:01.278684,94.78,0.6487,97.27,0.7092,1000.0,0.0,4.199,76.6,99,0,60.0,2026-05-02T00:46:01.262725,4.217
2026-05-02T00:45:01.549999,94.78,0.6504,97.29,0.7079,1000.0,0.0,4.199,76.6,99,0,60.0,2026-05-02T00:46:01.549059,4.217
2026-05-02T00:45:01.737879,94.78,0.6504,97.29,0.7075,1000.0,0.0,4.199,76.6,99,0,60.0,2026-05-02T00:46:01.737506,4.217
2026-05-02T00:45:03.516488,94.82,0.6538,97.32,0.7077,1000.0,0.0,4.199,76.5,99,0,60.0,2026-05-02T00:46:03.516115,4.217
2026-05-02T00:45:04.467520,94.82,0.6582,97.35,0.7137,1000.0,0.0,4.199,76.5,99,0,60.0,2026-05-02T00:46:04.464610,4.218
2026-05-02T00:45:04.735053,94.82,0.6582,97.34,0.7144,1000.0,0.0,4.199,76.5,99,0,60.0,2026-05-02T00:46:04.734696,4.217
2026-05-02T00:45:06.803470,94.83,0.6648,97.37,0.7178,1000.0,0.0,4.199,76.5,99,0,60.0,2026-05-02T00:46:06.779192,4.218
2026-05-02T00:45:07.513495,94.83,0.6648,97.36,0.7206,1000.0,0.0,4.199,76.5,99,0,60.0,2026-05-02T00:46:07.470345,4.218
2026-05-02T00:45:08.762029,94.83,0.6648,97.37,0.7216,1000.0,0.0,4.199,76.5,99,0,60.0,2026-05-02T00:46:08.741398,4.218
2026-05-02T00:45:09.635332,94.88,0.6613,97.39,0.7195,1000.0,0.0,4.199,76.5,99,0,60.0,2026-05-02T00:46:09.634729,4.218
2026-05-02T00:45:10.934163,94.88,0.6613,97.41,0.7189,1000.0,0.0,4.199,76.5,99,0,60.0,2026-05-02T00:46:10.919227,4.218
2026-05-02T00:45:11.705157,94.89,0.6613,97.41,0.7186,1000.0,0.0,4.199,76.5,99,0,60.0,2026-05-02T00:46:11.704481,4.218
2026-05-02T00:45:13.118092,94.89,0.6604,97.4,0.717,1000.0,0.0,4.199,76.5,99,0,60.0,2026-05-02T00:46:13.117702,4.217
2026-05-02T00:45:13.604793,94.89,0.6604,97.42,0.7174,1000.0,0.0,4.199,76.5,99,0,60.0,2026-05-02T00:46:13.591846,4.218
2026-05-02T00:45:13.853589,94.9,0.6604,97.41,0.7173,1000.0,0.0,4.199,76.5,99,0,60.0,2026-05-02T00:46:13.853368,4.217
2026-05-02T00:45:14.258617,94.9,0.6639,97.41,0.7185,1000.0,0.0,4.199,76.5,99,0,60.0,2026-05-02T00:46:14.250332,4.217
2026-05-02T00:45:14.595508,94.9,0.6639,97.42,0.7199,1000.0,0.0,4.199,76.5,99,0,60.0,2026-05-02T00:46:14.595099,4.217
2026-05-02T00:45:14.878140,94.93,0.6606,97.42,0.7197,1000.0,0.0,4.199,76.5,99,0,60.0,2026-05-02T00:46:14.877896,4.217
2026-05-02T00:45:15.520994,94.93,0.6606,97.44,0.7187,1000.0,0.0,4.199,76.5,99,0,60.0,2026-05-02T00:46:15.520610,4.217
2026-05-02T00:45:15.858980,94.93,0.6606,97.44,0.7181,1000.0,0.0,4.199,76.5,99,0,60.0,2026-05-02T00:46:15.858449,4.217
2026-05-02T00:45:17.885710,94.93,0.6606,97.47,0.7174,1000.0,0.0,4.199,76.5,99,0,60.0,2026-05-02T00:46:17.884699,4.218
2026-05-02T00:45:17.998823,94.93,0.6606,97.45,0.7174,1000.0,0.0,4.199,76.5,99,0,60.0,2026-05-02T00:46:17.998529,4.217
2026-05-02T00:45:18.087255,94.93,0.6606,97.44,0.7174,1000.0,0.0,4.199,76.5,99,0,60.0,2026-05-02T00:46:18.087035,4.217
2026-05-02T00:45:18.186731,94.95,0.6672,97.45,0.7184,1000.0,0.0,4.199,76.5,99,0,60.0,2026-05-02T00:46:18.186512,4.217
2026-05-02T00:45:18.404332,94.95,0.6672,97.45,0.7202,1000.0,0.0,4.199,76.5,99,0,60.0,2026-05-02T00:46:18.404071,4.217
2026-05-02T00:45:18.513728,94.96,0.6672,97.46,0.7217,1000.0,0.0,4.199,76.5,99,0,60.0,2026-05-02T00:46:18.513523,4.217
2026-05-02T00:45:18.591181,94.96,0.6672,97.46,0.7219,1000.0,0.0,4.199,76.5,99,0,60.0,2026-05-02T00:46:18.591045,4.217
2026-05-02T00:45:18.659045,94.96,0.6672,97.46,0.7225,1000.0,0.0,4.199,76.5,99,0,60.0,2026-05-02T00:46:18.658927,4.217
2026-05-02T00:45:18.729133,94.97,0.6672,97.46,0.7229,1000.0,0.0,4.199,76.5,99,0,60.0,2026-05-02T00:46:18.728981,4.217
2026-05-02T00:45:18.799417,94.97,0.6739,97.47,0.7248,1000.0,0.0,4.199,76.5,99,0,60.0,2026-05-02T00:46:18.799294,4.217
2026-05-02T00:45:18.859025,94.97,0.6739,97.47,0.7264,1000.0,0.0,4.199,76.5,99,0,60.0,2026-05-02T00:46:18.858899,4.217
2026-05-02T00:45:18.920085,94.99,0.6631,97.47,0.7266,1000.0,0.0,4.199,76.5,99,0,60.0,2026-05-02T00:46:18.919950,4.217
2026-05-02T00:45:18.983721,94.99,0.6658,97.48,0.7257,1000.0,0.0,4.199,76.5,99,0,60.0,2026-05-02T00:46:18.982468,4.217
2026-05-02T00:45:19.059411,94.99,0.6658,97.48,0.7249,1000.0,0.0,4.199,76.5,99,0,60.0,2026-05-02T00:46:19.046233,4.217
2026-05-02T00:45:19.334476,95.0,0.6658,97.49,0.7239,1000.0,0.0,4.199,76.5,99,0,60.0,2026-05-02T00:46:19.334194,4.217
2026-05-02T00:45:19.502494,95.0,0.6658,97.5,0.7236,1000.0,0.0,4.199,76.5,99,0,60.0,2026-05-02T00:46:19.501612,4.217
2026-05-02T00:45:19.594913,95.0,0.6658,97.5,0.7233,1000.0,0.0,4.199,76.5,99,0,60.0,2026-05-02T00:46:19.594750,4.217
2026-05-02T00:45:19.664988,95.04,0.6665,97.52,0.7232,1000.0,0.0,4.199,76.5,99,0,60.0,2026-05-02T00:46:19.664819,4.217
2026-05-02T00:45:19.732968,95.04,0.6665,97.52,0.7233,1000.0,0.0,4.199,76.5,99,0,60.0,2026-05-02T00:46:19.732831,4.217
2026-05-02T00:45:19.795896,95.08,0.6665,97.53,0.7233,1000.0,0.0,4.199,76.5,99,0,60.0,2026-05-02T00:46:19.795743,4.217
2026-05-02T00:45:19.855459,95.08,0.6665,97.55,0.7233,1000.0,0.0,4.199,76.5,99,0,60.0,2026-05-02T00:46:19.855343,4.217
2026-05-02T00:45:19.916212,95.08,0.6665,97.56,0.7234,1000.0,0.0,4.199,76.5,99,0,60.0,2026-05-02T00:46:19.916044,4.217
2026-05-02T00:45:19.978312,95.13,0.6658,97.57,0.7234,1000.0,0.0,4.199,76.4,99,0,60.0,2026-05-02T00:46:19.978199,4.217
2026-05-02T00:45:20.048854,95.13,0.6724,97.58,0.7248,1000.0,0.0,4.199,76.4,99,0,60.0,2026-05-02T00:46:20.048731,4.217
2026-05-02T00:45:20.117550,95.13,0.6724,97.6,0.726,1000.0,0.0,4.199,76.4,99,0,60.0,2026-05-02T00:46:20.117426,4.217
2026-05-02T00:45:20.179033,95.13,0.6721,97.61,0.7269,1000.0,0.0,4.199,76.4,99,0,60.0,2026-05-02T00:46:20.178879,4.217
2026-05-02T00:45:20.237635,95.13,0.6724,97.61,0.7275,1000.0,0.0,4.199,76.4,99,0,60.0,2026-05-02T00:46:20.237517,4.217
2026-05-02T00:45:20.297910,95.13,0.6724,97.62,0.728,1000.0,0.0,4.199,76.4,99,0,60.0,2026-05-02T00:46:20.297760,4.217
2026-05-02T00:45:20.369761,95.19,0.6843,97.64,0.7295,1000.0,0.0,4.199,76.4,99,0,60.0,2026-05-02T00:46:20.369610,4.217
2026-05-02T00:45:20.444459,95.19,0.6843,97.65,0.7326,1000.0,0.0,4.199,76.4,99,0,60.0,2026-05-02T00:46:20.444287,4.217
2026-05-02T00:45:20.523937,95.19,0.6843,97.66,0.7349,1000.0,0.0,4.199,76.4,99,0,60.0,2026-05-02T00:46:20.523756,4.217
2026-05-02T00:45:20.615007,95.22,0.6843,97.68,0.7365,1000.0,0.0,4.199,76.4,99,0,60.0,2026-05-02T00:46:20.614785,4.217
2026-05-02T00:45:20.721178,95.22,0.6843,97.69,0.738,1000.0,0.0,4.199,76.4,99,0,60.0,2026-05-02T00:46:20.720948,4.217
2026-05-02T00:45:20.825491,95.26,0.6843,97.71,0.7391,1000.0,0.0,4.199,76.4,99,0,60.0,2026-05-02T00:46:20.825272,4.217
2026-05-02T00:45:20.896295,95.26,0.6783,97.73,0.7384,1000.0,0.0,4.199,76.4,99,0,60.0,2026-05-02T00:46:20.896126,4.217
2026-05-02T00:45:20.967109,95.26,0.6783,97.74,0.7376,1000.0,0.0,4.199,76.4,99,0,60.0,2026-05-02T00:46:20.965294,4.217
2026-05-02T00:45:21.871899,95.28,0.6748,97.78,0.7365,1000.0,0.0,4.199,76.4,99,0,60.0,2026-05-02T00:46:21.871728,4.217
2026-05-02T00:45:21.932088,95.28,0.6783,97.78,0.7358,1000.0,0.0,4.199,76.4,99,0,60.0,2026-05-02T00:46:21.931952,4.217
2026-05-02T00:45:21.992764,95.28,0.6783,97.78,0.7357,1000.0,0.0,4.199,76.4,99,0,60.0,2026-05-02T00:46:21.992577,4.217
2026-05-02T00:45:22.930631,95.32,0.6817,97.82,0.736,1000.0,0.0,4.199,76.4,99,0,60.0,2026-05-02T00:46:22.930480,4.217
2026-05-02T00:45:22.993709,95.32,0.6817,97.82,0.7373,1000.0,0.0,4.199,76.4,99,0,60.0,2026-05-02T00:46:22.993565,4.217
2026-05-02T00:45:23.057529,95.32,0.6817,97.83,0.7378,1000.0,0.0,4.199,76.4,99,0,60.0,2026-05-02T00:46:23.057368,4.217
2026-05-02T00:45:23.987487,95.36,0.6739,97.86,0.736,1000.0,0.0,4.199,76.4,99,0,60.0,2026-05-02T00:46:23.987296,4.217
2026-05-02T00:45:24.047804,95.36,0.6739,97.86,0.734,1000.0,0.0,4.199,76.4,99,0,60.0,2026-05-02T00:46:24.047650,4.217
2026-05-02T00:45:24.998375,95.36,0.6739,97.89,0.7335,1000.0,0.0,4.199,76.4,99,0,60.0,2026-05-02T00:46:24.998220,4.217
2026-05-02T00:45:25.062249,95.41,0.6776,97.9,0.733,1000.0,0.0,4.199,76.4,99,0,60.0,2026-05-02T00:46:25.061975,4.217
2026-05-02T00:45:25.226621,95.41,0.6776,97.91,0.7339,1000.0,0.0,4.199,76.4,99,0,60.0,2026-05-02T00:46:25.226464,4.217
2026-05-02T00:45:26.059875,95.42,0.6776,97.93,0.7349,1000.0,0.0,4.199,76.3,99,0,60.0,2026-05-02T00:46:26.059711,4.217
2026-05-02T00:45:26.120474,95.42,0.6852,97.93,0.7373,1000.0,0.0,4.199,76.3,99,0,60.0,2026-05-02T00:46:26.120316,4.217
2026-05-02T00:45:26.180089,95.42,0.6852,97.93,0.7392,1000.0,0.0,4.199,76.3,99,0,60.0,2026-05-02T00:46:26.179944,4.217
2026-05-02T00:45:27.211111,95.45,0.6776,97.95,0.7403,1000.0,0.0,4.199,76.3,99,0,60.0,2026-05-02T00:46:27.199533,4.217
2026-05-02T00:45:27.275272,95.45,0.6883,97.95,0.7427,1000.0,0.0,4.199,76.3,99,0,60.0,2026-05-02T00:46:27.275126,4.217
2026-05-02T00:45:27.342298,95.45,0.6883,97.95,0.7439,1000.0,0.0,4.199,76.3,99,0,60.0,2026-05-02T00:46:27.342170,4.217
2026-05-02T00:45:28.171797,95.47,0.6883,97.98,0.745,1000.0,0.0,4.199,76.3,99,0,60.0,2026-05-02T00:46:28.171647,4.217
2026-05-02T00:45:28.231602,95.47,0.6883,97.97,0.7454,1000.0,0.0,4.199,76.3,99,0,60.0,2026-05-02T00:46:28.231437,4.217
2026-05-02T00:45:28.291749,95.47,0.6883,97.97,0.7456,1000.0,0.0,4.199,76.3,99,0,60.0,2026-05-02T00:46:28.291607,4.217
2026-05-02T00:45:29.221736,95.49,0.6883,98.0,0.7454,1000.0,0.0,4.199,76.3,99,0,60.0,2026-05-02T00:46:29.221565,4.217
2026-05-02T00:45:29.285921,95.49,0.6883,98.0,0.7456,1000.0,0.0,4.199,76.3,99,0,60.0,2026-05-02T00:46:29.285761,4.217
2026-05-02T00:45:30.235670,95.49,0.6883,98.02,0.7465,1000.0,0.0,4.199,76.3,99,0,60.0,2026-05-02T00:46:30.235541,4.217
2026-05-02T00:45:30.296350,95.54,0.6926,98.03,0.7469,1000.0,0.0,4.199,76.3,99,0,60.0,2026-05-02T00:46:30.296217,4.217
2026-05-02T00:45:30.361730,95.54,0.6926,98.04,0.7482,1000.0,0.0,4.199,76.3,99,0,60.0,2026-05-02T00:46:30.361458,4.217
2026-05-02T00:45:31.290645,95.59,0.6926,98.07,0.7498,1000.0,0.0,4.199,76.3,99,0,60.0,2026-05-02T00:46:31.290435,4.217
2026-05-02T00:45:31.352392,95.59,0.6943,98.08,0.7499,1000.0,0.0,4.199,76.3,99,0,60.0,2026-05-02T00:46:31.352238,4.217
2026-05-02T00:45:31.413504,95.59,0.6943,98.09,0.7507,1000.0,0.0,4.199,76.3,99,0,60.0,2026-05-02T00:46:31.413364,4.217
2026-05-02T00:45:32.341238,95.65,0.6892,98.13,0.7511,1000.0,0.0,4.199,76.3,99,0,60.0,2026-05-02T00:46:32.341046,4.217
2026-05-02T00:45:32.401467,95.65,0.691,98.14,0.7499,1000.0,0.0,4.199,76.3,99,0,60.0,2026-05-02T00:46:32.401322,4.217
2026-05-02T00:45:32.460760,95.65,0.691,98.15,0.7495,1000.0,0.0,4.199,76.3,99,0,60.0,2026-05-02T00:46:32.460621,4.217
2026-05-02T00:45:33.400197,95.72,0.691,98.19,0.7496,1000.0,0.0,4.199,76.2,99,0,60.0,2026-05-02T00:46:33.400028,4.217
2026-05-02T00:45:33.461683,95.72,0.6943,98.2,0.7507,1000.0,0.0,4.199,76.2,99,0,60.0,2026-05-02T00:46:33.461530,4.217
2026-05-02T00:45:33.521943,95.72,0.6943,98.21,0.7512,1000.0,0.0,4.199,76.2,99,0,60.0,2026-05-02T00:46:33.521795,4.217
2026-05-02T00:45:34.451746,95.77,0.6994,98.25,0.7525,1000.0,0.0,4.199,76.2,99,0,60.0,2026-05-02T00:46:34.451573,4.217
2026-05-02T00:45:34.510221,95.77,0.6994,98.26,0.7545,1000.0,0.0,4.199,76.2,99,0,60.0,2026-05-02T00:46:34.510084,4.217
2026-05-02T00:45:35.468660,95.77,0.6994,98.29,0.7565,1000.0,0.0,4.199,76.2,99,0,60.0,2026-05-02T00:46:35.468489,4.217
2026-05-02T00:45:35.529023,95.82,0.6978,98.3,0.7556,1000.0,0.0,4.199,76.2,99,0,60.0,2026-05-02T00:46:35.528871,4.217
2026-05-02T00:45:35.589406,95.82,0.6978,98.3,0.7557,1000.0,0.0,4.199,76.2,99,0,60.0,2026-05-02T00:46:35.589262,4.217
2026-05-02T00:45:36.536814,95.87,0.6978,98.34,0.7564,1000.0,0.0,4.199,76.2,99,0,60.0,2026-05-02T00:46:36.536614,4.217
2026-05-02T00:45:36.601605,95.87,0.6968,98.35,0.7552,1000.0,0.0,4.199,76.2,99,0,60.0,2026-05-02T00:46:36.601427,4.217
2026-05-02T00:45:36.665806,95.87,0.6968,98.35,0.7552,1000.0,0.0,4.199,76.2,99,0,60.0,2026-05-02T00:46:36.665641,4.217
2026-05-02T00:45:37.592098,95.94,0.6968,98.4,0.7555,1000.0,0.0,4.199,76.2,99,0,60.0,2026-05-02T00:46:37.591916,4.217
2026-05-02T00:45:37.652156,95.94,0.6968,98.41,0.7553,1000.0,0.0,4.199,76.2,99,0,60.0,2026-05-02T00:46:37.652016,4.217
2026-05-02T00:45:37.711305,95.94,0.6968,98.42,0.7552,1000.0,0.0,4.199,76.2,99,0,60.0,2026-05-02T00:46:37.711171,4.217
2026-05-02T00:45:38.646572,95.97,0.6933,98.46,0.7546,1000.0,0.0,4.199,76.2,99,0,60.0,2026-05-02T00:46:38.646397,4.217
2026-05-02T00:45:38.706315,95.97,0.7044,98.46,0.7581,1000.0,0.0,4.199,76.2,99,0,60.0,2026-05-02T00:46:38.706184,4.217
2026-05-02T00:45:38.766535,95.97,0.7044,98.46,0.7597,1000.0,0.0,4.199,76.2,99,0,60.0,2026-05-02T00:46:38.766392,4.217
2026-05-02T00:45:39.704394,96.04,0.6994,98.51,0.7593,1000.0,0.0,4.199,76.1,99,0,60.0,2026-05-02T00:46:39.704232,4.217
2026-05-02T00:45:39.765092,96.04,0.6994,98.52,0.7587,1000.0,0.0,4.199,76.1,99,0,60.0,2026-05-02T00:46:39.764930,4.217
2026-05-02T00:45:40.706054,96.04,0.6994,98.55,0.7589,1000.0,0.0,4.199,76.1,99,0,60.0,2026-05-02T00:46:40.705890,4.217
2026-05-02T00:45:40.767627,96.1,0.6994,98.58,0.7576,1000.0,0.0,4.199,76.1,99,0,60.0,2026-05-02T00:46:40.767440,4.217
2026-05-02T00:45:40.830605,96.1,0.6994,98.58,0.7577,1000.0,0.0,4.199,76.1,99,0,60.0,2026-05-02T00:46:40.830438,4.217
2026-05-02T00:45:41.763246,96.14,0.6994,98.62,0.7583,1000.0,0.0,4.199,76.1,99,0,60.0,2026-05-02T00:46:41.763096,4.217
2026-05-02T00:45:41.826394,96.14,0.7044,98.63,0.7599,1000.0,0.0,4.199,76.1,99,0,60.0,2026-05-02T00:46:41.826225,4.217
2026-05-02T00:45:41.887751,96.14,0.7044,98.63,0.761,1000.0,0.0,4.199,76.1,99,0,60.0,2026-05-02T00:46:41.887605,4.217
2026-05-02T00:45:42.830548,96.17,0.7018,98.66,0.7621,1000.0,0.0,4.199,76.1,99,0,60.0,2026-05-02T00:46:42.830400,4.217
2026-05-02T00:45:42.890487,96.17,0.7044,98.66,0.7623,1000.0,0.0,4.199,76.1,99,0,60.0,2026-05-02T00:46:42.890361,4.217
2026-05-02T00:45:42.951417,96.17,0.7044,98.67,0.7626,1000.0,0.0,4.199,76.1,99,0,60.0,2026-05-02T00:46:42.951264,4.217
2026-05-02T00:45:43.889128,96.23,0.7078,98.71,0.7634,1000.0,0.0,4.199,76.1,99,0,60.0,2026-05-02T00:46:43.888970,4.217
2026-05-02T00:45:43.948986,96.23,0.7113,98.72,0.7662,1000.0,0.0,4.199,76.1,99,0,60.0,2026-05-02T00:46:43.948856,4.217
2026-05-02T00:45:44.010180,96.23,0.7113,98.72,0.7675,1000.0,0.0,4.199,76.1,99,0,60.0,2026-05-02T00:46:44.009994,4.217
2026-05-02T00:45:44.930553,96.28,0.7112,98.76,0.7685,1000.0,0.0,4.199,76.1,99,0,60.0,2026-05-02T00:46:44.930389,4.217
2026-05-02T00:45:44.997314,96.28,0.7112,98.76,0.7691,1000.0,0.0,4.199,76.1,99,0,60.0,2026-05-02T00:46:44.997136,4.217
2026-05-02T00:45:45.960612,96.28,0.7112,98.8,0.7702,1000.0,0.0,4.199,76.1,99,0,60.0,2026-05-02T00:46:45.960447,4.217
2026-05-02T00:45:46.022521,96.33,0.7068,98.81,0.768,1000.0,0.0,4.199,76.0,99,0,60.0,2026-05-02T00:46:46.022354,4.217
2026-05-02T00:45:46.082455,96.33,0.7068,98.81,0.767,1000.0,0.0,4.199,76.0,99,0,60.0,2026-05-02T00:46:46.082285,4.217
2026-05-02T00:45:47.005226,96.38,0.7068,98.85,0.7669,1000.0,0.0,4.199,76.0,99,0,60.0,2026-05-02T00:46:47.005032,4.217
2026-05-02T00:45:47.084812,96.38,0.7068,98.86,0.7652,1000.0,0.0,4.199,76.0,99,0,60.0,2026-05-02T00:46:47.071046,4.217
2026-05-02T00:45:47.251376,96.38,0.7068,98.87,0.7655,1000.0,0.0,4.199,76.0,99,0,60.0,2026-05-02T00:46:47.251213,4.217
2026-05-02T00:45:48.069108,96.42,0.7068,98.9,0.7661,1000.0,0.0,4.199,76.0,99,0,60.0,2026-05-02T00:46:48.068929,4.217
2026-05-02T00:45:48.129252,96.42,0.7188,98.9,0.7713,1000.0,0.0,4.199,76.0,99,0,60.0,2026-05-02T00:46:48.129105,4.217
2026-05-02T00:45:48.188718,96.42,0.7188,98.91,0.7735,1000.0,0.0,4.199,76.0,99,0,60.0,2026-05-02T00:46:48.188572,4.217
2026-05-02T00:45:49.219550,96.46,0.7154,98.94,0.7758,1000.0,0.0,4.199,76.0,99,0,60.0,2026-05-02T00:46:49.203665,4.217
2026-05-02T00:45:49.286819,96.46,0.718,98.95,0.7764,1000.0,0.0,4.199,76.0,99,0,60.0,2026-05-02T00:46:49.286696,4.217
2026-05-02T00:45:49.352483,96.46,0.718,98.95,0.7767,1000.0,0.0,4.199,76.0,99,0,60.0,2026-05-02T00:46:49.352360,4.217
2026-05-02T00:45:50.168449,96.49,0.7154,98.98,0.7763,1000.0,0.0,4.199,76.0,99,0,60.0,2026-05-02T00:46:50.168299,4.217
2026-05-02T00:45:50.227340,96.49,0.7154,98.98,0.7755,1000.0,0.0,4.199,76.0,99,0,60.0,2026-05-02T00:46:50.227227,4.217
2026-05-02T00:45:51.189310,96.49,0.7154,99.01,0.7758,1000.0,0.0,4.199,76.0,99,0,60.0,2026-05-02T00:46:51.189151,4.217
2026-05-02T00:45:51.251073,96.55,0.7153,99.03,0.7749,1000.0,0.0,4.199,76.0,99,0,60.0,2026-05-02T00:46:51.250906,4.217
2026-05-02T00:45:51.321230,96.55,0.7153,99.04,0.7748,1000.0,0.0,4.199,76.0,99,0,60.0,2026-05-02T00:46:51.321063,4.217
2026-05-02T00:45:52.247307,96.6,0.7153,99.07,0.7753,1000.0,0.0,4.199,75.9,99,0,60.0,2026-05-02T00:46:52.247127,4.217
2026-05-02T00:45:52.308323,96.6,0.7154,99.08,0.775,1000.0,0.0,4.199,75.9,99,0,60.0,2026-05-02T00:46:52.308187,4.217
2026-05-02T00:45:52.368474,96.6,0.7154,99.09,0.7749,1000.0,0.0,4.199,75.9,99,0,60.0,2026-05-02T00:46:52.368347,4.217
2026-05-02T00:45:53.295191,96.63,0.7153,99.12,0.7752,1000.0,0.0,4.199,75.9,99,0,60.0,2026-05-02T00:46:53.295016,4.217
2026-05-02T00:45:53.354614,96.63,0.7222,99.12,0.7781,1000.0,0.0,4.199,75.9,99,0,60.0,2026-05-02T00:46:53.354482,4.217
2026-05-02T00:45:53.415402,96.63,0.7222,99.13,0.7794,1000.0,0.0,4.199,75.9,99,0,60.0,2026-05-02T00:46:53.415243,4.217
2026-05-02T00:45:54.363009,96.68,0.7189,99.16,0.7801,1000.0,0.0,4.199,75.9,99,0,60.0,2026-05-02T00:46:54.362856,4.217
2026-05-02T00:45:54.423131,96.68,0.7196,99.17,0.7796,1000.0,0.0,4.199,75.9,99,0,60.0,2026-05-02T00:46:54.422987,4.217
2026-05-02T00:45:54.487607,96.68,0.7196,99.17,0.7794,1000.0,0.0,4.199,75.9,99,0,60.0,2026-05-02T00:46:54.487430,4.217
2026-05-02T00:45:55.412800,96.71,0.7205,99.2,0.7796,1000.0,0.0,4.199,75.9,99,0,60.0,2026-05-02T00:46:55.412641,4.217
2026-05-02T00:45:55.471809,96.71,0.7205,99.21,0.7798,1000.0,0.0,4.199,75.9,99,0,60.0,2026-05-02T00:46:55.471687,4.217
2026-05-02T00:45:56.437393,96.71,0.7205,99.23,0.7805,1000.0,0.0,4.199,75.9,99,0,60.0,2026-05-02T00:46:56.437128,4.217
2026-05-02T00:45:56.498505,96.74,0.7205,99.23,0.7793,1000.0,0.0,4.199,75.9,99,0,60.0,2026-05-02T00:46:56.498357,4.217
2026-05-02T00:45:56.559112,96.74,0.7205,99.23,0.7795,1000.0,0.0,4.199,75.9,99,0,60.0,2026-05-02T00:46:56.558981,4.217
2026-05-02T00:45:57.477046,96.78,0.7205,99.25,0.7803,1000.0,0.0,4.199,75.9,99,0,60.0,2026-05-02T00:46:57.476887,4.217
2026-05-02T00:45:57.539166,96.78,0.7221,99.26,0.779,1000.0,0.0,4.199,75.9,99,0,60.0,2026-05-02T00:46:57.538998,4.217
2026-05-02T00:45:57.599985,96.78,0.7221,99.26,0.78,1000.0,0.0,4.199,75.9,99,0,60.0,2026-05-02T00:46:57.599825,4.217
2026-05-02T00:45:58.545586,96.79,0.7221,99.28,0.7814,1000.0,0.0,4.199,75.9,99,0,60.0,2026-05-02T00:46:58.545411,4.217
2026-05-02T00:45:58.605457,96.79,0.7248,99.28,0.7828,1000.0,0.0,4.199,75.9,99,0,60.0,2026-05-02T00:46:58.605324,4.217
2026-05-02T00:45:58.664945,96.79,0.7248,99.28,0.7833,1000.0,0.0,4.199,75.9,99,0,60.0,2026-05-02T00:46:58.664793,4.217
2026-05-02T00:45:59.597158,96.8,0.7163,99.29,0.7831,1000.0,0.0,4.199,75.9,99,0,60.0,2026-05-02T00:46:59.597001,4.217
2026-05-02T00:45:59.657194,96.8,0.7279,99.29,0.785,1000.0,0.0,4.199,75.9,99,0,60.0,2026-05-02T00:46:59.657051,4.217
2026-05-02T00:45:59.717967,96.8,0.7279,99.29,0.7859,1000.0,0.0,4.199,75.9,99,0,60.0,2026-05-02T00:46:59.717814,4.217
2026-05-02T00:46:00.652529,96.83,0.7189,99.31,0.7832,1000.0,0.0,4.199,75.9,99,0,60.0,2026-05-02T00:47:00.652376,4.217
2026-05-02T00:46:00.710821,96.83,0.7189,99.31,0.7813,1000.0,0.0,4.199,75.9,99,0,60.0,2026-05-02T00:47:00.710705,4.217
2026-05-02T00:46:01.664396,96.83,0.7189,99.34,0.7809,1000.0,0.0,4.199,75.9,99,0,60.0,2026-05-02T00:47:01.664239,4.217
2026-05-02T00:46:01.725664,96.83,0.7298,99.33,0.782,1000.0,0.0,4.199,75.9,99,0,60.0,2026-05-02T00:47:01.725523,4.217
2026-05-02T00:46:01.786110,96.83,0.7298,99.32,0.7849,1000.0,0.0,4.199,75.9,99,0,60.0,2026-05-02T00:47:01.785960,4.217
2026-05-02T00:46:02.719299,96.85,0.7298,99.34,0.7877,1000.0,0.0,4.199,75.9,99,0,60.0,2026-05-02T00:47:02.719130,4.217
2026-05-02T00:46:02.781909,96.85,0.723,99.34,0.7848,1000.0,0.0,4.199,75.9,99,0,60.0,2026-05-02T00:47:02.781759,4.217
2026-05-02T00:46:02.842879,96.85,0.723,99.34,0.784,1000.0,0.0,4.199,75.9,99,0,60.0,2026-05-02T00:47:02.842731,4.217
2026-05-02T00:46:03.770956,96.86,0.723,99.36,0.7837,1000.0,0.0,4.199,75.9,99,0,60.0,2026-05-02T00:47:03.770763,4.217
2026-05-02T00:46:03.847831,96.86,0.723,99.35,0.7832,1000.0,0.0,4.199,75.9,99,0,60.0,2026-05-02T00:47:03.847646,4.217
2026-05-02T00:46:03.961184,96.86,0.723,99.35,0.7831,1000.0,0.0,4.199,75.9,99,0,60.0,2026-05-02T00:47:03.960405,4.217
2026-05-02T00:46:04.835046,96.86,0.7298,99.36,0.7841,1000.0,0.0,4.199,75.9,98,0,60.0,2026-05-02T00:47:04.834841,4.217
2026-05-02T00:46:04.906290,96.86,0.7333,99.35,0.788,1000.0,0.0,4.199,75.9,98,0,60.0,2026-05-02T00:47:04.906056,4.217
2026-05-02T00:46:05.024563,96.86,0.7333,99.35,0.7899,1000.0,0.0,4.199,75.9,98,0,60.0,2026-05-02T00:47:05.024325,4.217
2026-05-02T00:46:05.889267,96.86,0.7331,99.36,0.7912,1000.0,0.0,4.199,75.9,98,0,60.0,2026-05-02T00:47:05.889092,4.217
2026-05-02T00:46:05.953537,96.86,0.7331,99.35,0.7919,1000.0,0.0,4.199,75.9,98,0,60.0,2026-05-02T00:47:05.953342,4.217
2026-05-02T00:46:06.907363,96.86,0.7331,99.38,0.793,1000.0,0.0,4.199,75.9,98,0,60.0,2026-05-02T00:47:06.907246,4.217
2026-05-02T00:46:07.022976,96.89,0.7331,99.38,0.7929,1000.0,0.0,4.199,75.9,98,0,60.0,2026-05-02T00:47:07.022771,4.217
2026-05-02T00:46:07.177719,96.89,0.7331,99.38,0.7929,1000.0,0.0,4.199,75.9,98,0,60.0,2026-05-02T00:47:07.154090,4.217
2026-05-02T00:46:07.965218,96.89,0.7331,99.4,0.7935,1000.0,0.0,4.199,75.9,99,0,60.0,2026-05-02T00:47:07.965039,4.217
2026-05-02T00:46:08.026522,96.89,0.7356,99.39,0.7937,1000.0,0.0,4.199,75.9,99,0,60.0,2026-05-02T00:47:08.026401,4.217
2026-05-02T00:46:08.085776,96.89,0.7356,99.38,0.7943,1000.0,0.0,4.199,75.9,99,0,60.0,2026-05-02T00:47:08.085657,4.217
2026-05-02T00:46:09.017864,96.91,0.7356,99.4,0.7954,1000.0,0.0,4.199,75.8,99,0,60.0,2026-05-02T00:47:09.017703,4.217
2026-05-02T00:46:09.197640,96.91,0.7297,99.4,0.7921,1000.0,0.0,4.199,75.8,98,0,60.0,2026-05-02T00:47:09.197333,4.217
2026-05-02T00:46:09.289881,96.91,0.7297,99.4,0.7911,1000.0,0.0,4.199,75.8,98,0,60.0,2026-05-02T00:47:09.289703,4.217
2026-05-02T00:46:10.070843,96.95,0.723,99.43,0.7888,1000.0,0.0,4.199,75.8,98,0,60.0,2026-05-02T00:47:10.070700,4.217
2026-05-02T00:46:10.128594,96.95,0.7297,99.43,0.7892,1000.0,0.0,4.199,75.8,98,0,60.0,2026-05-02T00:47:10.128467,4.217
2026-05-02T00:46:10.186495,96.95,0.7297,99.43,0.7893,1000.0,0.0,4.199,75.8,98,0,60.0,2026-05-02T00:47:10.186387,4.217
2026-05-02T00:46:11.204579,96.95,0.75,99.45,0.7949,1000.0,0.0,4.199,75.8,99,0,60.0,2026-05-02T00:47:11.204414,4.217
2026-05-02T00:46:11.264911,96.95,0.75,99.44,0.8012,1000.0,0.0,4.199,75.8,99,0,60.0,2026-05-02T00:47:11.264777,4.217
2026-05-02T00:46:12.142797,96.95,0.75,99.47,0.8058,1000.0,0.0,4.199,75.8,99,0,60.0,2026-05-02T00:47:12.142610,4.217
2026-05-02T00:46:12.201371,96.98,0.7423,99.47,0.8044,1000.0,0.0,4.199,75.8,99,0,60.0,2026-05-02T00:47:12.201259,4.217
2026-05-02T00:46:12.271073,96.98,0.7423,99.47,0.8036,1000.0,0.0,4.199,75.8,99,0,60.0,2026-05-02T00:47:12.270919,4.217
2026-05-02T00:46:13.198190,97.01,0.7423,99.49,0.8036,1000.0,0.0,4.199,75.8,99,0,60.0,2026-05-02T00:47:13.198039,4.217
2026-05-02T00:46:13.263556,97.01,0.7331,99.49,0.7983,1000.0,0.0,4.199,75.8,99,0,60.0,2026-05-02T00:47:13.263397,4.217
2026-05-02T00:46:13.342259,97.01,0.7331,99.5,0.7964,1000.0,0.0,4.199,75.8,99,0,60.0,2026-05-02T00:47:13.342084,4.217
2026-05-02T00:46:14.250570,97.07,0.7248,99.53,0.7937,1000.0,0.0,4.199,75.8,99,0,60.0,2026-05-02T00:47:14.250425,4.217
2026-05-02T00:46:14.311467,97.07,0.7357,99.54,0.7936,1000.0,0.0,4.199,75.8,99,0,60.0,2026-05-02T00:47:14.311318,4.217
2026-05-02T00:46:14.377047,97.07,0.7357,99.55,0.7944,1000.0,0.0,4.199,75.8,99,0,60.0,2026-05-02T00:47:14.376907,4.217
2026-05-02T00:46:15.298821,97.15,0.7357,99.6,0.7941,1000.0,0.0,4.199,75.8,99,0,60.0,2026-05-02T00:47:15.298668,4.217
2026-05-02T00:46:15.357604,97.15,0.7491,99.62,0.8007,1000.0,0.0,4.199,75.8,99,0,60.0,2026-05-02T00:47:15.357495,4.217
2026-05-02T00:46:15.416307,97.15,0.7491,99.62,0.8036,1000.0,0.0,4.199,75.8,99,0,60.0,2026-05-02T00:47:15.416184,4.217
2026-05-02T00:46:16.355068,97.21,0.7424,99.67,0.8058,1000.0,0.0,4.199,75.7,99,0,60.0,2026-05-02T00:47:16.354856,4.217
2026-05-02T00:46:16.414651,97.21,0.7424,99.68,0.8045,1000.0,0.0,4.199,75.7,99,0,60.0,2026-05-02T00:47:16.414495,4.217
2026-05-02T00:46:17.392027,97.21,0.7424,99.71,0.8045,1000.0,0.0,4.199,75.7,99,0,60.0,2026-05-02T00:47:17.391831,4.217
2026-05-02T00:46:17.473440,97.28,0.7424,99.74,0.8025,1000.0,0.0,4.199,75.7,99,0,60.0,2026-05-02T00:47:17.473247,4.217
2026-05-02T00:46:17.595127,97.28,0.7424,99.75,0.8026,1000.0,0.0,4.199,75.7,99,0,60.0,2026-05-02T00:47:17.594714,4.217
2026-05-02T00:46:18.431886,97.33,0.7424,99.78,0.8032,1000.0,0.0,4.199,75.7,99,0,60.0,2026-05-02T00:47:18.431717,4.217
2026-05-02T00:46:18.493607,97.33,0.7468,99.8,0.8042,1000.0,0.0,4.199,75.7,99,0,60.0,2026-05-02T00:47:18.493457,4.217
2026-05-02T00:46:18.554754,97.33,0.7468,99.8,0.8053,1000.0,0.0,4.199,75.7,99,0,60.0,2026-05-02T00:47:18.554583,4.217
2026-05-02T00:46:19.478116,97.39,0.7468,99.84,0.807,1000.0,0.0,4.199,75.7,99,0,60.0,2026-05-02T00:47:19.477921,4.217
2026-05-02T00:46:19.537954,97.39,0.7468,99.86,0.8068,1000.0,0.0,4.199,75.7,99,0,60.0,2026-05-02T00:47:19.537835,4.217
2026-05-02T00:46:19.597785,97.39,0.7468,99.86,0.807,1000.0,0.0,4.199,75.7,99,0,60.0,2026-05-02T00:47:19.597664,4.217
2026-05-02T00:46:20.541983,97.44,0.7424,99.91,0.8064,1000.0,0.0,4.199,75.7,99,0,60.0,2026-05-02T00:47:20.541861,4.217
2026-05-02T00:46:20.600264,97.44,0.7441,99.91,0.8057,1000.0,0.0,4.199,75.7,99,0,60.0,2026-05-02T00:47:20.600156,4.217
2026-05-02T00:46:20.659752,97.44,0.7441,99.92,0.8054,1000.0,0.0,4.199,75.7,99,0,60.0,2026-05-02T00:47:20.659640,4.217
2026-05-02T00:46:21.597448,97.49,0.7466,99.96,0.8057,1000.0,0.0,4.199,75.7,98,0,60.0,2026-05-02T00:47:21.597284,4.218
2026-05-02T00:46:21.655873,97.49,0.7466,99.97,0.8064,1000.0,0.0,4.199,75.7,98,0,60.0,2026-05-02T00:47:21.655767,4.218
2026-05-02T00:46:22.611076,97.49,0.7466,100.0,0.8075,1000.0,0.0,4.199,75.7,98,0,60.0,2026-05-02T00:47:22.610933,4.218
2026-05-02T00:46:22.674377,97.53,0.7509,100.01,0.808,1000.0,0.0,4.199,75.6,98,0,60.0,2026-05-02T00:47:22.674234,4.218
2026-05-02T00:46:22.746564,97.53,0.7509,100.01,0.8094,1000.0,0.0,4.199,75.6,98,0,60.0,2026-05-02T00:47:22.744641,4.218
2026-05-02T00:46:23.671211,97.57,0.7509,100.04,0.8111,1000.0,0.0,4.199,75.6,98,0,60.0,2026-05-02T00:47:23.671045,4.218
2026-05-02T00:46:23.731196,97.57,0.7518,100.05,0.8106,1000.0,0.0,4.199,75.6,98,0,60.0,2026-05-02T00:47:23.731076,4.218
2026-05-02T00:46:23.793433,97.57,0.7518,100.05,0.8114,1000.0,0.0,4.199,75.6,98,0,60.0,2026-05-02T00:47:23.793274,4.218
2026-05-02T00:46:24.726077,97.63,0.7518,100.09,0.8125,1000.0,0.0,4.199,75.6,98,0,60.0,2026-05-02T00:47:24.725914,4.218
2026-05-02T00:46:24.789902,97.63,0.7534,100.1,0.8132,1000.0,0.0,4.199,75.6,98,0,60.0,2026-05-02T00:47:24.789763,4.218
2026-05-02T00:46:24.850854,97.63,0.7534,100.11,0.8137,1000.0,0.0,4.199,75.6,98,0,60.0,2026-05-02T00:47:24.850740,4.218
2026-05-02T00:46:25.779549,97.68,0.7559,100.15,0.8146,1000.0,0.0,4.199,75.6,98,0,60.0,2026-05-02T00:47:25.779396,4.218
2026-05-02T00:46:25.837645,97.68,0.7599,100.15,0.8173,1000.0,0.0,4.199,75.6,98,0,60.0,2026-05-02T00:47:25.837539,4.218
2026-05-02T00:46:25.896401,97.68,0.7599,100.16,0.8186,1000.0,0.0,4.199,75.6,98,0,60.0,2026-05-02T00:47:25.896295,4.218
2026-05-02T00:46:26.839347,97.72,0.7599,100.19,0.8194,1000.0,0.0,4.199,75.6,98,0,60.0,2026-05-02T00:47:26.839012,4.218
2026-05-02T00:46:26.906208,97.72,0.7599,100.2,0.8201,1000.0,0.0,4.199,75.6,98,0,60.0,2026-05-02T00:47:26.906032,4.218
2026-05-02T00:46:27.855586,97.72,0.7599,100.23,0.8212,1000.0,0.0,4.199,75.6,98,0,60.0,2026-05-02T00:47:27.854923,4.218
2026-05-02T00:46:27.999699,97.79,0.755,100.25,0.819,1000.0,0.0,4.199,75.6,98,0,60.0,2026-05-02T00:47:27.999216,4.218
2026-05-02T00:46:28.084193,97.79,0.755,100.26,0.8179,1000.0,0.0,4.199,75.6,98,0,60.0,2026-05-02T00:47:28.083915,4.218
2026-05-02T00:46:28.916811,97.82,0.755,100.29,0.8175,1000.0,0.0,4.199,75.5,98,0,60.0,2026-05-02T00:47:28.916122,4.218
2026-05-02T00:46:28.998487,97.82,0.755,100.29,0.816,1000.0,0.0,4.199,75.5,98,0,60.0,2026-05-02T00:47:28.998241,4.218
2026-05-02T00:46:29.062813,97.82,0.755,100.29,0.8161,1000.0,0.0,4.199,75.5,98,0,60.0,2026-05-02T00:47:29.062653,4.218
2026-05-02T00:46:29.963963,97.86,0.755,100.32,0.8166,1000.0,0.0,4.199,75.5,98,0,60.0,2026-05-02T00:47:29.963805,4.218
2026-05-02T00:46:30.024443,97.86,0.7585,100.33,0.818,1000.0,0.0,4.199,75.5,98,0,60.0,2026-05-02T00:47:30.024290,4.218
2026-05-02T00:46:30.087325,97.86,0.7585,100.33,0.8187,1000.0,0.0,4.199,75.5,98,0,60.0,2026-05-02T00:47:30.087199,4.218
2026-05-02T00:46:31.015152,97.94,0.7576,100.38,0.8196,1000.0,0.0,4.199,75.5,98,0,60.0,2026-05-02T00:47:31.014988,4.218
2026-05-02T00:46:31.123503,97.94,0.7635,100.39,0.8219,1000.0,0.0,4.199,75.5,98,0,60.0,2026-05-02T00:47:31.116989,4.218
2026-05-02T00:46:31.244454,97.94,0.7635,100.41,0.8232,1000.0,0.0,4.199,75.5,98,0,60.0,2026-05-02T00:47:31.244291,4.218
2026-05-02T00:46:32.066658,97.97,0.7652,100.44,0.825,1000.0,0.0,4.199,75.5,98,0,60.0,2026-05-02T00:47:32.066490,4.218
2026-05-02T00:46:32.125479,97.97,0.7652,100.44,0.8256,1000.0,0.0,4.199,75.5,98,0,60.0,2026-05-02T00:47:32.125358,4.218
2026-05-02T00:46:33.131052,97.97,0.7652,100.47,0.8269,1000.0,0.0,4.199,75.5,98,0,60.0,2026-05-02T00:47:33.112767,4.218
2026-05-02T00:46:33.253866,98.02,0.7652,100.49,0.8247,1000.0,0.0,4.199,75.5,98,0,60.0,2026-05-02T00:47:33.253717,4.218
2026-05-02T00:46:33.316462,98.02,0.7652,100.49,0.8255,1000.0,0.0,4.199,75.5,98,0,60.0,2026-05-02T00:47:33.316300,4.218
2026-05-02T00:46:34.137698,98.06,0.7652,100.52,0.8266,1000.0,0.0,4.199,75.5,98,0,60.0,2026-05-02T00:47:34.137552,4.218
2026-05-02T00:46:34.197881,98.06,0.7618,100.53,0.8245,1000.0,0.0,4.199,75.5,98,0,60.0,2026-05-02T00:47:34.197748,4.218
2026-05-02T00:46:34.258372,98.06,0.7618,100.53,0.8241,1000.0,0.0,4.199,75.5,98,0,60.0,2026-05-02T00:47:34.258221,4.218
2026-05-02T00:46:35.213637,98.09,0.7594,100.56,0.8239,1000.0,0.0,4.199,75.4,98,0,60.0,2026-05-02T00:47:35.213463,4.218
2026-05-02T00:46:35.274188,98.09,0.7617,100.57,0.8235,1000.0,0.0,4.199,75.4,98,0,60.0,2026-05-02T00:47:35.274037,4.218
2026-05-02T00:46:35.335219,98.09,0.7617,100.57,0.8234,1000.0,0.0,4.199,75.4,98,0,60.0,2026-05-02T00:47:35.335048,4.218
2026-05-02T00:46:36.251982,98.15,0.7617,100.6,0.8235,1000.0,0.0,4.199,75.4,98,0,60.0,2026-05-02T00:47:36.251816,4.218
2026-05-02T00:46:36.311935,98.15,0.7686,100.61,0.8264,1000.0,0.0,4.199,75.4,98,0,60.0,2026-05-02T00:47:36.311768,4.218
2026-05-02T00:46:36.372036,98.15,0.7686,100.61,0.8278,1000.0,0.0,4.199,75.4,98,0,60.0,2026-05-02T00:47:36.371882,4.218
2026-05-02T00:46:37.304503,98.2,0.766,100.66,0.8282,1000.0,0.0,4.199,75.4,98,0,60.0,2026-05-02T00:47:37.304325,4.218
2026-05-02T00:46:37.364625,98.2,0.766,100.66,0.8281,1000.0,0.0,4.199,75.4,98,0,60.0,2026-05-02T00:47:37.364483,4.218
2026-05-02T00:46:38.312891,98.2,0.766,100.69,0.8287,1000.0,0.0,4.199,75.4,98,0,60.0,2026-05-02T00:47:38.312714,4.218
2026-05-02T00:46:38.376085,98.25,0.7652,100.71,0.827,1000.0,0.0,4.199,75.4,98,0,60.0,2026-05-02T00:47:38.375893,4.218
2026-05-02T00:46:38.439801,98.25,0.7652,100.71,0.827,1000.0,0.0,4.199,75.4,98,0,60.0,2026-05-02T00:47:38.439645,4.218
2026-05-02T00:46:39.370694,98.27,0.7652,100.74,0.8276,1000.0,0.0,4.199,75.4,98,0,60.0,2026-05-02T00:47:39.370528,4.218
2026-05-02T00:46:39.431289,98.27,0.7653,100.74,0.8269,1000.0,0.0,4.199,75.4,98,0,60.0,2026-05-02T00:47:39.431146,4.218
2026-05-02T00:46:39.491699,98.27,0.7653,100.74,0.827,1000.0,0.0,4.199,75.4,98,0,60.0,2026-05-02T00:47:39.491573,4.218
2026-05-02T00:46:40.435963,98.32,0.7653,100.78,0.8277,1000.0,0.0,4.199,75.4,98,0,60.0,2026-05-02T00:47:40.435795,4.218
2026-05-02T00:46:40.496199,98.32,0.7653,100.78,0.8273,1000.0,0.0,4.199,75.4,98,0,60.0,2026-05-02T00:47:40.496051,4.218
2026-05-02T00:46:40.555677,98.32,0.7653,100.79,0.8273,1000.0,0.0,4.199,75.4,98,0,60.0,2026-05-02T00:47:40.555507,4.218
2026-05-02T00:46:41.490133,98.33,0.7627,100.81,0.8269,1000.0,0.0,4.199,75.4,98,0,60.0,2026-05-02T00:47:41.489965,4.218
2026-05-02T00:46:41.549562,98.33,0.7671,100.81,0.8279,1000.0,0.0,4.199,75.4,98,0,60.0,2026-05-02T00:47:41.549427,4.218
2026-05-02T00:46:41.609591,98.33,0.7671,100.81,0.8283,1000.0,0.0,4.199,75.4,98,0,60.0,2026-05-02T00:47:41.609454,4.218
2026-05-02T00:46:42.540671,98.4,0.7686,100.85,0.8296,1000.0,0.0,4.199,75.3,98,0,60.0,2026-05-02T00:47:42.540497,4.218
2026-05-02T00:46:42.598793,98.4,0.7686,100.86,0.83,1000.0,0.0,4.199,75.3,98,0,60.0,2026-05-02T00:47:42.598676,4.218
2026-05-02T00:46:43.558437,98.4,0.7686,100.9,0.8311,1000.0,0.0,4.199,75.3,98,0,60.0,2026-05-02T00:47:43.558254,4.218
2026-05-02T00:46:43.621990,98.42,0.7677,100.9,0.8302,1000.0,0.0,4.199,75.3,98,0,60.0,2026-05-02T00:47:43.621825,4.218
2026-05-02T00:46:43.692290,98.42,0.7677,100.9,0.8301,1000.0,0.0,4.199,75.3,98,0,60.0,2026-05-02T00:47:43.692135,4.218
2026-05-02T00:46:44.620120,98.45,0.7677,100.92,0.8305,1000.0,0.0,4.199,75.3,98,0,60.0,2026-05-02T00:47:44.619951,4.218
2026-05-02T00:46:44.681380,98.45,0.7779,100.93,0.8332,1000.0,0.0,4.199,75.3,98,0,60.0,2026-05-02T00:47:44.681239,4.218
2026-05-02T00:46:44.740481,98.45,0.7779,100.93,0.8358,1000.0,0.0,4.199,75.3,98,0,60.0,2026-05-02T00:47:44.740344,4.218
2026-05-02T00:46:45.673143,98.48,0.7779,100.95,0.8386,1000.0,0.0,4.199,75.3,98,0,60.0,2026-05-02T00:47:45.672986,4.218
2026-05-02T00:46:45.733525,98.48,0.7761,100.96,0.8382,1000.0,0.0,4.199,75.3,98,0,60.0,2026-05-02T00:47:45.733393,4.218
2026-05-02T00:46:45.844968,98.48,0.7761,100.96,0.8383,1000.0,0.0,4.199,75.3,98,0,60.0,2026-05-02T00:47:45.844030,4.218
2026-05-02T00:46:46.727314,98.49,0.7728,100.98,0.8378,1000.0,0.0,4.199,75.3,98,0,60.0,2026-05-02T00:47:46.727144,4.218
2026-05-02T00:46:46.786532,98.49,0.7728,100.97,0.8366,1000.0,0.0,4.199,75.3,98,0,60.0,2026-05-02T00:47:46.786387,4.218
2026-05-02T00:46:46.846322,98.49,0.7728,100.97,0.8361,1000.0,0.0,4.199,75.3,98,0,60.0,2026-05-02T00:47:46.846174,4.218
2026-05-02T00:46:47.785521,98.52,0.7736,101.0,0.8351,1000.0,0.0,4.199,75.3,98,0,60.0,2026-05-02T00:47:47.785361,4.218
2026-05-02T00:46:47.844734,98.52,0.7736,101.0,0.8354,1000.0,0.0,4.199,75.3,98,0,60.0,2026-05-02T00:47:47.844615,4.218
2026-05-02T00:46:48.800515,98.52,0.7736,101.03,0.8364,1000.0,0.0,4.199,75.3,98,0,60.0,2026-05-02T00:47:48.800290,4.218
2026-05-02T00:46:48.861048,98.52,0.7821,101.01,0.8383,1000.0,0.0,4.199,75.3,98,0,60.0,2026-05-02T00:47:48.860888,4.218
2026-05-02T00:46:48.945745,98.52,0.7821,101.01,0.8407,1000.0,0.0,4.199,75.3,98,0,60.0,2026-05-02T00:47:48.945463,4.218
2026-05-02T00:46:49.854953,98.54,0.7821,101.03,0.8432,1000.0,0.0,4.199,75.3,98,0,60.0,2026-05-02T00:47:49.854805,4.218
2026-05-02T00:46:49.915976,98.54,0.7847,101.02,0.8442,1000.0,0.0,4.199,75.3,98,0,60.0,2026-05-02T00:47:49.915831,4.218
2026-05-02T00:46:49.976265,98.54,0.7847,101.02,0.8453,1000.0,0.0,4.199,75.3,98,0,60.0,2026-05-02T00:47:49.976063,4.218
2026-05-02T00:46:50.912857,98.56,0.7847,101.05,0.8467,1000.0,0.0,4.199,75.3,98,0,60.0,2026-05-02T00:47:50.912718,4.218
2026-05-02T00:46:50.974813,98.56,0.7873,101.04,0.848,1000.0,0.0,4.199,75.3,98,0,60.0,2026-05-02T00:47:50.974658,4.218
2026-05-02T00:46:51.044660,98.56,0.7873,101.04,0.8487,1000.0,0.0,4.199,75.3,98,0,60.0,2026-05-02T00:47:51.038082,4.218
2026-05-02T00:46:51.958048,98.57,0.7821,101.06,0.8487,1000.0,0.0,4.199,75.3,98,0,60.0,2026-05-02T00:47:51.957873,4.218
2026-05-02T00:46:52.018758,98.57,0.7821,101.06,0.8469,1000.0,0.0,4.199,75.3,98,0,60.0,2026-05-02T00:47:52.018596,4.218
2026-05-02T00:46:52.079004,98.57,0.7821,101.05,0.8462,1000.0,0.0,4.199,75.3,98,0,60.0,2026-05-02T00:47:52.078839,4.218
2026-05-02T00:46:53.022318,98.57,0.7752,101.07,0.8427,1000.0,0.0,4.199,75.3,98,0,60.0,2026-05-02T00:47:53.022153,4.218
2026-05-02T00:46:53.170298,98.57,0.7752,101.06,0.8407,1000.0,0.0,4.199,75.3,98,0,60.0,2026-05-02T00:47:53.140899,4.218
2026-05-02T00:46:54.025036,98.57,0.7752,101.08,0.8399,1000.0,0.0,4.199,75.3,98,0,60.0,2026-05-02T00:47:54.024840,4.218
2026-05-02T00:46:54.087419,98.59,0.7778,101.07,0.8391,1000.0,0.0,4.199,75.3,98,0,60.0,2026-05-02T00:47:54.087258,4.218
2026-05-02T00:46:54.147758,98.59,0.7778,101.07,0.8396,1000.0,0.0,4.199,75.3,98,0,60.0,2026-05-02T00:47:54.147615,4.218
2026-05-02T00:46:55.105499,98.59,0.7778,101.09,0.8405,1000.0,0.0,4.199,75.3,98,0,60.0,2026-05-02T00:47:55.085958,4.218
2026-05-02T00:46:55.251918,98.59,0.7819,101.08,0.842,1000.0,0.0,4.199,75.3,98,0,60.0,2026-05-02T00:47:55.251734,4.218
2026-05-02T00:46:55.311456,98.59,0.7819,101.07,0.8429,1000.0,0.0,4.199,75.3,98,0,60.0,2026-05-02T00:47:55.311331,4.218
2026-05-02T00:46:56.147049,98.59,0.7738,101.08,0.8429,1000.0,0.0,4.199,75.3,98,0,60.0,2026-05-02T00:47:56.146796,4.218
2026-05-02T00:46:56.207115,98.59,0.7787,101.07,0.8417,1000.0,0.0,4.199,75.3,98,0,60.0,2026-05-02T00:47:56.206989,4.218
2026-05-02T00:46:56.266835,98.59,0.7787,101.07,0.8415,1000.0,0.0,4.199,75.3,98,0,60.0,2026-05-02T00:47:56.266694,4.218
2026-05-02T00:46:57.209666,98.6,0.7787,101.08,0.841,1000.0,0.0,4.199,75.3,98,0,60.0,2026-05-02T00:47:57.209491,4.218
2026-05-02T00:46:57.276879,98.6,0.7905,101.08,0.8462,1000.0,0.0,4.199,75.3,98,0,60.0,2026-05-02T00:47:57.276724,4.218
2026-05-02T00:46:57.338232,98.6,0.7905,101.08,0.8486,1000.0,0.0,4.199,75.3,98,0,60.0,2026-05-02T00:47:57.338080,4.218
2026-05-02T00:46:58.251381,98.61,0.788,101.09,0.851,1000.0,0.0,4.199,75.3,98,0,60.0,2026-05-02T00:47:58.251215,4.218
2026-05-02T00:46:58.309548,98.61,0.788,101.09,0.8508,1000.0,0.0,4.199,75.3,98,0,60.0,2026-05-02T00:47:58.309434,4.218
2026-05-02T00:46:59.265237,98.61,0.788,101.11,0.8514,1000.0,0.0,4.199,75.3,98,0,60.0,2026-05-02T00:47:59.265037,4.218
2026-05-02T00:46:59.329455,98.63,0.788,101.11,0.8502,1000.0,0.0,4.199,75.3,98,0,60.0,2026-05-02T00:47:59.329296,4.218
2026-05-02T00:46:59.401529,98.63,0.788,101.1,0.8504,1000.0,0.0,4.199,75.3,98,0,60.0,2026-05-02T00:47:59.401335,4.218
2026-05-02T00:47:00.314048,98.66,0.788,101.13,0.8511,1000.0,0.0,4.199,75.3,98,0,60.0,2026-05-02T00:48:00.313879,4.218
2026-05-02T00:47:00.374396,98.66,0.7922,101.13,0.8522,1000.0,0.0,4.199,75.3,98,0,60.0,2026-05-02T00:48:00.374252,4.218
2026-05-02T00:47:00.433553,98.66,0.7922,101.13,0.8532,1000.0,0.0,4.199,75.3,98,0,60.0,2026-05-02T00:48:00.433417,4.218
2026-05-02T00:47:01.375793,98.66,0.7811,101.15,0.8528,1000.0,0.0,4.199,75.3,98,0,60.0,2026-05-02T00:48:01.375531,4.218
2026-05-02T00:47:01.442312,98.66,0.7922,101.14,0.8528,1000.0,0.0,4.199,75.3,98,0,60.0,2026-05-02T00:48:01.442147,4.218
2026-05-02T00:47:01.505087,98.66,0.7922,101.14,0.8535,1000.0,0.0,4.199,75.3,98,0,60.0,2026-05-02T00:48:01.504921,4.218
2026-05-02T00:47:02.425542,98.69,0.7981,101.16,0.854,1000.0,0.0,4.199,75.2,98,0,60.0,2026-05-02T00:48:02.425355,4.218
2026-05-02T00:47:02.485963,98.69,0.7981,101.16,0.857,1000.0,0.0,4.199,75.2,98,0,60.0,2026-05-02T00:48:02.485809,4.218
2026-05-02T00:47:02.546416,98.69,0.7981,101.16,0.8583,1000.0,0.0,4.199,75.2,98,0,60.0,2026-05-02T00:48:02.546263,4.218
2026-05-02T00:47:03.481668,98.7,0.7896,101.18,0.857,1000.0,0.0,4.199,75.2,98,0,60.0,2026-05-02T00:48:03.481509,4.218
2026-05-02T00:47:03.540944,98.7,0.7896,101.18,0.8551,1000.0,0.0,4.199,75.2,98,0,60.0,2026-05-02T00:48:03.540781,4.218
2026-05-02T00:47:04.499289,98.7,0.7896,101.2,0.8546,1000.0,0.0,4.199,75.2,98,0,60.0,2026-05-02T00:48:04.499079,4.218
2026-05-02T00:47:04.565569,98.74,0.7936,101.21,0.8541,1000.0,0.0,4.199,75.2,98,0,60.0,2026-05-02T00:48:04.565444,4.218
2026-05-02T00:47:04.627232,98.74,0.7936,101.21,0.855,1000.0,0.0,4.199,75.2,98,0,60.0,2026-05-02T00:48:04.627077,4.218
2026-05-02T00:47:05.555124,98.77,0.7936,101.24,0.8564,1000.0,0.0,4.199,75.2,98,0,60.0,2026-05-02T00:48:05.554921,4.218
2026-05-02T00:47:05.616516,98.77,0.7982,101.24,0.8583,1000.0,0.0,4.199,75.2,98,0,60.0,2026-05-02T00:48:05.616368,4.218
2026-05-02T00:47:05.675272,98.77,0.7982,101.24,0.8593,1000.0,0.0,4.199,75.2,98,0,60.0,2026-05-02T00:48:05.675168,4.218
2026-05-02T00:47:06.616907,98.81,0.7982,101.27,0.8607,1000.0,0.0,4.199,75.2,98,0,60.0,2026-05-02T00:48:06.616749,4.218
2026-05-02T00:47:06.680605,98.81,0.8082,101.28,0.8647,1000.0,0.0,4.199,75.2,98,0,60.0,2026-05-02T00:48:06.680429,4.218
2026-05-02T00:47:06.740082,98.81,0.8082,101.28,0.867,1000.0,0.0,4.199,75.2,98,0,60.0,2026-05-02T00:48:06.739949,4.218
2026-05-02T00:47:07.667160,98.85,0.8124,101.32,0.8691,1000.0,0.0,4.199,75.2,97,0,60.0,2026-05-02T00:48:07.667001,4.218
2026-05-02T00:47:07.726659,98.85,0.8224,101.32,0.8763,1000.0,0.0,4.199,75.2,97,0,60.0,2026-05-02T00:48:07.726519,4.218
2026-05-02T00:47:07.788101,98.85,0.8224,101.32,0.8794,1000.0,0.0,4.199,75.2,97,0,60.0,2026-05-02T00:48:07.787956,4.218
2026-05-02T00:47:08.725305,98.9,0.8125,101.35,0.8805,1000.0,0.0,4.199,75.2,97,0,60.0,2026-05-02T00:48:08.725136,4.218
2026-05-02T00:47:08.784961,98.9,0.8125,101.36,0.8785,1000.0,0.0,4.199,75.2,97,0,60.0,2026-05-02T00:48:08.784830,4.218
2026-05-02T00:47:09.737062,98.9,0.8125,101.39,0.8781,1000.0,0.0,4.199,75.2,97,0,60.0,2026-05-02T00:48:09.736911,4.218
2026-05-02T00:47:09.799794,98.95,0.8049,101.4,0.8734,1000.0,0.0,4.199,75.2,97,0,60.0,2026-05-02T00:48:09.799650,4.218
2026-05-02T00:47:09.859542,98.95,0.8049,101.41,0.8713,1000.0,0.0,4.199,75.2,97,0,60.0,2026-05-02T00:48:09.859373,4.218
2026-05-02T00:47:10.801505,98.99,0.8049,101.44,0.8704,1000.0,0.0,4.199,75.1,97,0,60.0,2026-05-02T00:48:10.801358,4.218
2026-05-02T00:47:10.862108,98.99,0.8049,101.45,0.8688,1000.0,0.0,4.199,75.1,97,0,60.0,2026-05-02T00:48:10.861971,4.218
2026-05-02T00:47:10.920345,98.99,0.8049,101.45,0.8686,1000.0,0.0,4.199,75.1,97,0,60.0,2026-05-02T00:48:10.920223,4.218
2026-05-02T00:47:11.864313,99.08,0.8049,101.5,0.8688,1000.0,0.0,4.199,75.1,98,0,60.0,2026-05-02T00:48:11.864143,4.218
2026-05-02T00:47:11.923796,99.08,0.8107,101.52,0.871,1000.0,0.0,4.199,75.1,98,0,60.0,2026-05-02T00:48:11.923659,4.218
2026-05-02T00:47:11.982417,99.08,0.8107,101.52,0.8721,1000.0,0.0,4.199,75.1,98,0,60.0,2026-05-02T00:48:11.982285,4.218
2026-05-02T00:47:12.911671,99.09,0.8065,101.55,0.8725,1000.0,0.0,4.199,75.1,98,0,60.0,2026-05-02T00:48:12.911534,4.218
2026-05-02T00:47:12.973245,99.09,0.8107,101.55,0.8732,1000.0,0.0,4.199,75.1,98,0,60.0,2026-05-02T00:48:12.972173,4.218
2026-05-02T00:47:13.035543,99.09,0.8107,101.55,0.8735,1000.0,0.0,4.199,75.1,98,0,60.0,2026-05-02T00:48:13.035398,4.218
2026-05-02T00:47:13.971257,99.14,0.8148,101.59,0.8753,1000.0,0.0,4.199,75.1,98,0,60.0,2026-05-02T00:48:13.971072,4.218
2026-05-02T00:47:14.032216,99.14,0.8148,101.59,0.8765,1000.0,0.0,4.199,75.1,98,0,60.0,2026-05-02T00:48:14.032051,4.218
2026-05-02T00:47:14.985317,99.14,0.8148,101.63,0.8781,1000.0,0.0,4.199,75.1,98,0,60.0,2026-05-02T00:48:14.985140,4.218
2026-05-02T00:47:15.105634,99.17,0.8167,101.63,0.8786,1000.0,0.0,4.199,75.1,98,0,60.0,2026-05-02T00:48:15.086673,4.218
2026-05-02T00:47:15.247607,99.17,0.8167,101.63,0.8794,1000.0,0.0,4.199,75.1,98,0,60.0,2026-05-02T00:48:15.247432,4.218
2026-05-02T00:47:16.033037,99.22,0.8167,101.66,0.8804,1000.0,0.0,4.199,75.1,98,0,60.0,2026-05-02T00:48:16.032794,4.218
2026-05-02T00:47:16.097707,99.22,0.8183,101.67,0.8809,1000.0,0.0,4.199,75.1,98,0,60.0,2026-05-02T00:48:16.097534,4.218
2026-05-02T00:47:16.159351,99.22,0.8183,101.68,0.8813,1000.0,0.0,4.199,75.1,98,0,60.0,2026-05-02T00:48:16.159196,4.218
2026-05-02T00:47:17.126525,99.25,0.8076,101.71,0.8805,1000.0,0.0,4.199,75.1,98,0,60.0,2026-05-02T00:48:17.107493,4.218
2026-05-02T00:47:17.256579,99.25,0.8183,101.71,0.8803,1000.0,0.0,4.199,75.1,98,0,60.0,2026-05-02T00:48:17.256454,4.218
2026-05-02T00:47:17.321592,99.25,0.8183,101.71,0.8809,1000.0,0.0,4.199,75.1,98,0,60.0,2026-05-02T00:48:17.321433,4.218
2026-05-02T00:47:18.149508,99.3,0.8167,101.75,0.8804,1000.0,0.0,4.199,75.0,98,0,60.0,2026-05-02T00:48:18.149325,4.218
2026-05-02T00:47:18.210266,99.3,0.8167,101.75,0.8804,1000.0,0.0,4.199,75.0,98,0,60.0,2026-05-02T00:48:18.210102,4.218
2026-05-02T00:47:18.270477,99.3,0.8167,101.76,0.8804,1000.0,0.0,4.199,75.0,98,0,60.0,2026-05-02T00:48:18.270347,4.218
2026-05-02T00:47:19.237606,99.34,0.8143,101.8,0.8793,1000.0,0.0,4.199,75.0,98,0,60.0,2026-05-02T00:48:19.237424,4.218
2026-05-02T00:47:19.313430,99.34,0.8143,101.8,0.8788,1000.0,0.0,4.199,75.0,98,0,60.0,2026-05-02T00:48:19.313278,4.218
2026-05-02T00:47:20.218986,99.34,0.8143,101.83,0.8793,1000.0,0.0,4.199,75.0,98,0,60.0,2026-05-02T00:48:20.218821,4.218
2026-05-02T00:47:20.284726,99.37,0.8148,101.83,0.8777,1000.0,0.0,4.199,75.0,98,0,60.0,2026-05-02T00:48:20.284555,4.218
2026-05-02T00:47:20.346596,99.37,0.8148,101.83,0.8781,1000.0,0.0,4.199,75.0,98,0,60.0,2026-05-02T00:48:20.346419,4.218
2026-05-02T00:47:21.276556,99.42,0.8148,101.87,0.8789,1000.0,0.0,4.199,75.0,98,0,60.0,2026-05-02T00:48:21.276250,4.218
2026-05-02T00:47:21.372674,99.42,0.8242,101.88,0.8826,1000.0,0.0,4.199,75.0,98,0,60.0,2026-05-02T00:48:21.372492,4.218
2026-05-02T00:47:21.439950,99.42,0.8242,101.88,0.8847,1000.0,0.0,4.199,75.0,98,0,60.0,2026-05-02T00:48:21.439750,4.218
2026-05-02T00:47:22.342724,99.47,0.8224,101.92,0.8869,1000.0,0.0,4.199,75.0,98,0,60.0,2026-05-02T00:48:22.342500,4.218
2026-05-02T00:47:22.413763,99.47,0.826,101.93,0.8883,1000.0,0.0,4.199,75.0,98,0,60.0,2026-05-02T00:48:22.413588,4.218
2026-05-02T00:47:22.485050,99.47,0.826,101.93,0.8889,1000.0,0.0,4.199,75.0,98,0,60.0,2026-05-02T00:48:22.484889,4.218
2026-05-02T00:47:23.400559,99.53,0.8268,101.97,0.8902,1000.0,0.0,4.199,75.0,98,0,60.0,2026-05-02T00:48:23.400393,4.218
2026-05-02T00:47:23.464350,99.53,0.8268,101.98,0.8906,1000.0,0.0,4.199,75.0,98,0,60.0,2026-05-02T00:48:23.464189,4.218
2026-05-02T00:47:23.527271,99.53,0.8268,101.98,0.8907,1000.0,0.0,4.199,75.0,98,0,60.0,2026-05-02T00:48:23.527113,4.218
2026-05-02T00:47:24.447557,99.6,0.8209,102.03,0.8887,1000.0,0.0,4.199,74.9,98,0,60.0,2026-05-02T00:48:24.447395,4.218
2026-05-02T00:47:24.512175,99.6,0.8209,102.04,0.8872,1000.0,0.0,4.199,74.9,98,0,60.0,2026-05-02T00:48:24.512004,4.218
2026-05-02T00:47:25.473413,99.6,0.8209,102.08,0.8871,1000.0,0.0,4.199,74.9,98,0,60.0,2026-05-02T00:48:25.473186,4.218
2026-05-02T00:47:25.553672,99.65,0.8167,102.1,0.8844,1000.0,0.0,4.199,74.9,98,0,60.0,2026-05-02T00:48:25.553489,4.218
2026-05-02T00:47:25.624259,99.65,0.8167,102.1,0.8831,1000.0,0.0,4.199,74.9,98,0,60.0,2026-05-02T00:48:25.624094,4.218
2026-05-02T00:47:26.530280,99.73,0.8167,102.14,0.8825,1000.0,0.0,4.199,74.9,98,0,60.0,2026-05-02T00:48:26.530036,4.218
2026-05-02T00:47:26.595760,99.73,0.8167,102.17,0.8804,1000.0,0.0,4.199,74.9,98,0,60.0,2026-05-02T00:48:26.595576,4.218
2026-05-02T00:47:26.660378,99.73,0.8167,102.18,0.8807,1000.0,0.0,4.199,74.9,98,0,60.0,2026-05-02T00:48:26.660216,4.218
2026-05-02T00:47:27.583284,99.8,0.8098,102.23,0.8803,1000.0,0.0,4.199,74.9,98,0,60.0,2026-05-02T00:48:27.583086,4.218
2026-05-02T00:47:27.650916,99.8,0.8276,102.24,0.8857,1000.0,0.0,4.199,74.9,98,0,60.0,2026-05-02T00:48:27.650719,4.218
2026-05-02T00:47:27.724153,99.8,0.8276,102.25,0.888,1000.0,0.0,4.199,74.9,98,0,60.0,2026-05-02T00:48:27.723959,4.218
2026-05-02T00:47:28.649758,99.87,0.8268,102.3,0.8907,1000.0,0.0,4.199,74.9,98,0,60.0,2026-05-02T00:48:28.649524,4.218
2026-05-02T00:47:28.721584,99.87,0.8268,102.32,0.891,1000.0,0.0,4.199,74.9,98,0,60.0,2026-05-02T00:48:28.721401,4.218
2026-05-02T00:47:28.797247,99.87,0.8268,102.32,0.8911,1000.0,0.0,4.199,74.9,98,0,60.0,2026-05-02T00:48:28.797005,4.218
2026-05-02T00:47:29.709008,99.93,0.8224,102.37,0.89,1000.0,0.0,4.199,74.8,98,0,60.0,2026-05-02T00:48:29.708798,4.218
2026-05-02T00:47:29.782856,99.93,0.8224,102.38,0.8889,1000.0,0.0,4.199,74.8,98,0,60.0,2026-05-02T00:48:29.782579,4.218
2026-05-02T00:47:30.756293,99.93,0.8224,102.42,0.8889,1000.0,0.0,4.199,74.8,98,0,60.0,2026-05-02T00:48:30.755972,4.218
2026-05-02T00:47:30.994415,100.01,0.8292,102.44,0.8895,1000.0,0.0,4.199,74.8,98,0,60.0,2026-05-02T00:48:30.994055,4.218
2026-05-02T00:47:31.779432,100.01,0.8292,102.45,0.8917,1000.0,0.0,4.199,74.8,98,0,60.0,2026-05-02T00:48:31.774612,4.218
2026-05-02T00:47:33.287997,100.06,0.8292,102.49,0.8941,1000.0,0.0,4.199,74.8,98,0,60.0,2026-05-02T00:48:33.287372,4.219
2026-05-02T00:47:33.410673,100.06,0.8418,102.51,0.8994,1000.0,0.0,4.199,74.8,98,0,60.0,2026-05-02T00:48:33.410220,4.218
2026-05-02T00:47:33.508120,100.06,0.8418,102.51,0.9026,1000.0,0.0,4.199,74.8,98,0,60.0,2026-05-02T00:48:33.507854,4.218
2026-05-02T00:47:33.580778,100.12,0.831,102.52,0.9033,1000.0,0.0,4.199,74.8,98,0,60.0,2026-05-02T00:48:33.580590,4.218
2026-05-02T00:47:33.651786,100.12,0.8335,102.54,0.9018,1000.0,0.0,4.199,74.8,98,0,60.0,2026-05-02T00:48:33.651637,4.218
2026-05-02T00:47:33.716409,100.12,0.8335,102.55,0.901,1000.0,0.0,4.199,74.8,98,0,60.0,2026-05-02T00:48:33.716299,4.218
2026-05-02T00:47:33.871537,100.17,0.8335,102.57,0.9003,1000.0,0.0,4.199,74.8,98,0,60.0,2026-05-02T00:48:33.871398,4.218
2026-05-02T00:47:33.930494,100.17,0.8377,102.58,0.9011,1000.0,0.0,4.199,74.8,98,0,60.0,2026-05-02T00:48:33.930369,4.218
2026-05-02T00:47:33.989664,100.17,0.8377,102.59,0.9016,1000.0,0.0,4.199,74.8,98,0,60.0,2026-05-02T00:48:33.989538,4.218
2026-05-02T00:47:34.936952,100.22,0.8368,102.65,0.9024,1000.0,0.0,4.199,74.7,98,0,60.0,2026-05-02T00:48:34.936797,4.218
2026-05-02T00:47:34.999224,100.22,0.8368,102.66,0.9022,1000.0,0.0,4.199,74.7,98,0,60.0,2026-05-02T00:48:34.999091,4.218
2026-05-02T00:47:35.948822,100.22,0.8368,102.69,0.903,1000.0,0.0,4.199,74.7,98,0,60.0,2026-05-02T00:48:35.948682,4.218
2026-05-02T00:47:36.012357,100.26,0.8368,102.7,0.9022,1000.0,0.0,4.199,74.7,98,0,60.0,2026-05-02T00:48:36.012167,4.218
2026-05-02T00:47:36.077158,100.26,0.8368,102.71,0.9022,1000.0,0.0,4.199,74.7,98,0,60.0,2026-05-02T00:48:36.077005,4.218
2026-05-02T00:47:37.011123,100.32,0.8368,102.75,0.9027,1000.0,0.0,4.199,74.7,98,0,60.0,2026-05-02T00:48:37.010968,4.218
2026-05-02T00:47:37.091074,100.32,0.8418,102.76,0.9044,1000.0,0.0,4.199,74.7,98,0,60.0,2026-05-02T00:48:37.073441,4.218
2026-05-02T00:47:37.229000,100.32,0.8418,102.77,0.9056,1000.0,0.0,4.199,74.7,98,0,60.0,2026-05-02T00:48:37.228844,4.218
2026-05-02T00:47:38.056901,100.35,0.8403,102.8,0.9068,1000.0,0.0,4.199,74.7,98,0,60.0,2026-05-02T00:48:38.056723,4.218
2026-05-02T00:47:38.119515,100.35,0.8418,102.8,0.9069,1000.0,0.0,4.199,74.7,98,0,60.0,2026-05-02T00:48:38.119373,4.218
2026-05-02T00:47:38.178936,100.35,0.8418,102.8,0.907,1000.0,0.0,4.199,74.7,98,0,60.0,2026-05-02T00:48:38.178799,4.218
2026-05-02T00:47:39.210065,100.38,0.8445,102.84,0.908,1000.0,0.0,4.199,74.7,98,0,60.0,2026-05-02T00:48:39.197183,4.218
2026-05-02T00:47:39.271828,100.38,0.8445,102.84,0.9089,1000.0,0.0,4.199,74.7,98,0,60.0,2026-05-02T00:48:39.271706,4.218
2026-05-02T00:47:39.335258,100.38,0.8445,102.84,0.9093,1000.0,0.0,4.199,74.7,98,0,60.0,2026-05-02T00:48:39.335131,4.218
2026-05-02T00:47:40.172617,100.41,0.8445,102.87,0.909,1000.0,0.0,4.199,74.7,98,0,60.0,2026-05-02T00:48:40.172487,4.218
2026-05-02T00:47:40.231252,100.41,0.8445,102.87,0.9094,1000.0,0.0,4.199,74.7,98,0,60.0,2026-05-02T00:48:40.231145,4.218
2026-05-02T00:47:41.207728,100.41,0.8445,102.9,0.9105,1000.0,0.0,4.199,74.7,98,0,60.0,2026-05-02T00:48:41.207545,4.218
2026-05-02T00:47:41.274245,100.46,0.8538,102.9,0.9126,1000.0,0.0,4.199,74.7,98,0,60.0,2026-05-02T00:48:41.274083,4.218
2026-05-02T00:47:41.343930,100.46,0.8538,102.91,0.9154,1000.0,0.0,4.199,74.7,98,0,60.0,2026-05-02T00:48:41.343788,4.218
2026-05-02T00:47:42.251958,100.47,0.8538,102.93,0.918,1000.0,0.0,4.199,74.7,98,0,60.0,2026-05-02T00:48:42.251802,4.218
2026-05-02T00:47:42.312306,100.47,0.8496,102.93,0.9169,1000.0,0.0,4.199,74.7,98,0,60.0,2026-05-02T00:48:42.312168,4.218
2026-05-02T00:47:42.370633,100.47,0.8496,102.92,0.9163,1000.0,0.0,4.199,74.7,98,0,60.0,2026-05-02T00:48:42.370521,4.218
2026-05-02T00:47:43.299755,100.49,0.8409,102.95,0.9148,1000.0,0.0,4.199,74.6,98,0,60.0,2026-05-02T00:48:43.299582,4.218
2026-05-02T00:47:43.360631,100.49,0.8496,102.94,0.9143,1000.0,0.0,4.199,74.6,98,0,60.0,2026-05-02T00:48:43.360486,4.218
2026-05-02T00:47:43.419398,100.49,0.8496,102.94,0.9146,1000.0,0.0,4.199,74.6,98,0,60.0,2026-05-02T00:48:43.419294,4.218
2026-05-02T00:47:44.359934,100.5,0.847,102.96,0.9138,1000.0,0.0,4.199,74.6,98,0,60.0,2026-05-02T00:48:44.359785,4.218
2026-05-02T00:47:44.419090,100.5,0.847,102.96,0.9134,1000.0,0.0,4.199,74.6,98,0,60.0,2026-05-02T00:48:44.418954,4.218
2026-05-02T00:47:44.478042,100.5,0.847,102.96,0.9132,1000.0,0.0,4.199,74.6,98,0,60.0,2026-05-02T00:48:44.477912,4.218
2026-05-02T00:47:45.407016,100.52,0.847,102.98,0.9132,1000.0,0.0,4.199,74.6,98,0,60.0,2026-05-02T00:48:45.406845,4.218
2026-05-02T00:47:45.466137,100.52,0.847,102.97,0.9129,1000.0,0.0,4.199,74.6,98,0,60.0,2026-05-02T00:48:45.466017,4.218
2026-05-02T00:47:46.435068,100.52,0.847,103.0,0.9137,1000.0,0.0,4.199,74.6,98,0,60.0,2026-05-02T00:48:46.434894,4.218
2026-05-02T00:47:46.496621,100.52,0.8494,102.99,0.9132,1000.0,0.0,4.199,74.6,98,0,60.0,2026-05-02T00:48:46.496485,4.218
2026-05-02T00:47:46.556750,100.52,0.8494,102.98,0.914,1000.0,0.0,4.199,74.6,98,0,60.0,2026-05-02T00:48:46.556613,4.218
2026-05-02T00:47:47.491136,100.53,0.8494,103.0,0.9152,1000.0,0.0,4.199,74.6,98,0,60.0,2026-05-02T00:48:47.491003,4.218
2026-05-02T00:47:47.551691,100.53,0.8428,102.99,0.9119,1000.0,0.0,4.199,74.6,98,0,60.0,2026-05-02T00:48:47.551567,4.218
2026-05-02T00:47:47.610237,100.53,0.8428,102.99,0.9106,1000.0,0.0,4.199,74.6,98,0,60.0,2026-05-02T00:48:47.610122,4.218
2026-05-02T00:47:48.543140,100.54,0.8396,103.01,0.9095,1000.0,0.0,4.199,74.6,98,0,60.0,2026-05-02T00:48:48.542990,4.218
2026-05-02T00:47:48.603119,100.54,0.847,103.0,0.9104,1000.0,0.0,4.199,74.6,98,0,60.0,2026-05-02T00:48:48.602971,4.218
2026-05-02T00:47:48.661411,100.54,0.847,103.0,0.9112,1000.0,0.0,4.199,74.6,98,0,60.0,2026-05-02T00:48:48.661306,4.218
2026-05-02T00:47:49.598131,100.54,0.8487,103.01,0.9118,1000.0,0.0,4.199,74.6,98,0,60.0,2026-05-02T00:48:49.597972,4.218
2026-05-02T00:47:49.656898,100.54,0.8531,103.0,0.9148,1000.0,0.0,4.199,74.6,98,0,60.0,2026-05-02T00:48:49.656769,4.218
2026-05-02T00:47:49.774122,100.54,0.8531,103.0,0.9162,1000.0,0.0,4.199,74.6,98,0,60.0,2026-05-02T00:48:49.773843,4.218
2026-05-02T00:47:50.654290,100.55,0.8607,103.01,0.92,1000.0,0.0,4.199,74.6,98,0,60.0,2026-05-02T00:48:50.654146,4.218
2026-05-02T00:47:50.712943,100.55,0.8607,103.01,0.9227,1000.0,0.0,4.199,74.6,98,0,60.0,2026-05-02T00:48:50.712830,4.218
2026-05-02T00:47:51.672481,100.55,0.8607,103.04,0.9252,1000.0,0.0,4.199,74.6,98,0,60.0,2026-05-02T00:48:51.672274,4.218
2026-05-02T00:47:51.732602,100.56,0.869,103.02,0.9283,1000.0,0.0,4.199,74.6,98,0,60.0,2026-05-02T00:48:51.732454,4.218
2026-05-02T00:47:51.790921,100.56,0.869,103.02,0.9309,1000.0,0.0,4.199,74.6,98,0,60.0,2026-05-02T00:48:51.790805,4.218
2026-05-02T00:47:52.724284,100.57,0.869,103.04,0.9335,1000.0,0.0,4.199,74.6,98,0,60.0,2026-05-02T00:48:52.724134,4.218
2026-05-02T00:47:52.783990,100.57,0.8614,103.03,0.9308,1000.0,0.0,4.199,74.6,98,0,60.0,2026-05-02T00:48:52.783851,4.218
2026-05-02T00:47:52.842589,100.57,0.8614,103.03,0.9295,1000.0,0.0,4.199,74.6,98,0,60.0,2026-05-02T00:48:52.842489,4.218
2026-05-02T00:47:53.781855,100.59,0.8539,103.05,0.9276,1000.0,0.0,4.199,74.6,98,0,60.0,2026-05-02T00:48:53.781706,4.218
2026-05-02T00:47:53.841692,100.59,0.8614,103.05,0.9268,1000.0,0.0,4.199,74.6,98,0,60.0,2026-05-02T00:48:53.841557,4.218
2026-05-02T00:47:53.900178,100.59,0.8614,103.05,0.927,1000.0,0.0,4.199,74.6,98,0,60.0,2026-05-02T00:48:53.900038,4.218
2026-05-02T00:47:54.844165,100.63,0.8588,103.08,0.9263,1000.0,0.0,4.199,74.6,98,0,60.0,2026-05-02T00:48:54.844007,4.218
2026-05-02T00:47:54.903493,100.63,0.8673,103.08,0.9294,1000.0,0.0,4.199,74.6,98,0,60.0,2026-05-02T00:48:54.903367,4.218
2026-05-02T00:47:54.962632,100.63,0.8673,103.08,0.9307,1000.0,0.0,4.199,74.6,98,0,60.0,2026-05-02T00:48:54.962514,4.218
2026-05-02T00:47:55.898350,100.66,0.8588,103.11,0.9296,1000.0,0.0,4.199,74.6,98,0,60.0,2026-05-02T00:48:55.898187,4.218
2026-05-02T00:47:55.957970,100.66,0.8588,103.11,0.9277,1000.0,0.0,4.199,74.6,98,0,60.0,2026-05-02T00:48:55.957813,4.218
2026-05-02T00:47:56.906275,100.66,0.8588,103.14,0.9272,1000.0,0.0,4.199,74.6,98,0,60.0,2026-05-02T00:48:56.906062,4.218
2026-05-02T00:47:56.968024,100.67,0.8622,103.13,0.9258,1000.0,0.0,4.199,74.6,98,0,60.0,2026-05-02T00:48:56.967863,4.218
2026-05-02T00:47:57.032056,100.67,0.8622,103.13,0.9268,1000.0,0.0,4.199,74.6,98,0,60.0,2026-05-02T00:48:57.031742,4.218
2026-05-02T00:47:57.968979,100.72,0.8622,103.16,0.9282,1000.0,0.0,4.199,74.6,98,0,60.0,2026-05-02T00:48:57.968819,4.218
2026-05-02T00:47:58.031096,100.72,0.8715,103.17,0.9313,1000.0,0.0,4.199,74.6,98,0,60.0,2026-05-02T00:48:58.030854,4.218
2026-05-02T00:47:58.091121,100.72,0.8715,103.17,0.9337,1000.0,0.0,4.199,74.6,98,0,60.0,2026-05-02T00:48:58.090960,4.218
2026-05-02T00:47:59.014853,100.74,0.8531,103.2,0.9335,1000.0,0.0,4.199,74.6,98,0,60.0,2026-05-02T00:48:59.014754,4.218
2026-05-02T00:47:59.116221,100.74,0.8647,103.2,0.9312,1000.0,0.0,4.199,74.6,98,0,60.0,2026-05-02T00:48:59.103559,4.218
2026-05-02T00:47:59.251646,100.74,0.8647,103.2,0.9312,1000.0,0.0,4.199,74.6,98,0,60.0,2026-05-02T00:48:59.251516,4.218
2026-05-02T00:48:00.068975,100.78,0.8647,103.23,0.93,1000.0,0.0,4.199,74.5,98,0,60.0,2026-05-02T00:49:00.068866,4.218
2026-05-02T00:48:00.130806,100.78,0.8647,103.23,0.9304,1000.0,0.0,4.199,74.5,98,0,60.0,2026-05-02T00:49:00.130708,4.218
2026-05-02T00:48:00.193734,100.78,0.8647,103.23,0.9307,1000.0,0.0,4.199,74.5,98,0,60.0,2026-05-02T00:49:00.193629,4.218
2026-05-02T00:48:01.200086,100.83,0.8673,103.27,0.9306,1000.0,0.0,4.199,74.5,98,0,60.0,2026-05-02T00:49:01.199810,4.218
2026-05-02T00:48:01.310626,100.83,0.8673,103.28,0.9321,1000.0,0.0,4.199,74.5,98,0,60.0,2026-05-02T00:49:01.310510,4.218
2026-05-02T00:48:02.141710,100.83,0.8673,103.31,0.9334,1000.0,0.0,4.199,74.5,98,0,60.0,2026-05-02T00:49:02.141478,4.218
2026-05-02T00:48:02.205473,100.88,0.8698,103.32,0.9337,1000.0,0.0,4.199,74.5,98,0,60.0,2026-05-02T00:49:02.205306,4.218
2026-05-02T00:48:02.265012,100.88,0.8698,103.33,0.9348,1000.0,0.0,4.199,74.5,98,0,60.0,2026-05-02T00:49:02.264851,4.218
2026-05-02T00:48:03.220219,100.93,0.8698,103.36,0.9361,1000.0,0.0,4.199,74.5,98,0,60.0,2026-05-02T00:49:03.220048,4.218
2026-05-02T00:48:03.289890,100.93,0.8688,103.37,0.9357,1000.0,0.0,4.199,74.5,98,0,60.0,2026-05-02T00:49:03.289710,4.218
2026-05-02T00:48:03.350932,100.93,0.8688,103.37,0.9356,1000.0,0.0,4.199,74.5,98,0,60.0,2026-05-02T00:49:03.350770,4.218
2026-05-02T00:48:04.252380,100.99,0.8656,103.41,0.9355,1000.0,0.0,4.199,74.5,98,0,60.0,2026-05-02T00:49:04.252205,4.218
2026-05-02T00:48:04.313236,100.99,0.8799,103.43,0.9393,1000.0,0.0,4.199,74.5,98,0,60.0,2026-05-02T00:49:04.313082,4.218
2026-05-02T00:48:04.372254,100.99,0.8799,103.43,0.9419,1000.0,0.0,4.199,74.5,98,0,60.0,2026-05-02T00:49:04.372126,4.218
2026-05-02T00:48:05.313539,101.05,0.8791,103.48,0.943,1000.0,0.0,4.199,74.5,98,0,60.0,2026-05-02T00:49:05.313358,4.218
2026-05-02T00:48:05.373384,101.05,0.8791,103.48,0.9443,1000.0,0.0,4.199,74.5,98,0,60.0,2026-05-02T00:49:05.373262,4.218
2026-05-02T00:48:05.433019,101.05,0.8791,103.48,0.9449,1000.0,0.0,4.199,74.5,98,0,60.0,2026-05-02T00:49:05.432893,4.218
2026-05-02T00:48:06.361758,101.1,0.874,103.53,0.9425,1000.0,0.0,4.199,74.4,98,0,60.0,2026-05-02T00:49:06.361592,4.218
2026-05-02T00:48:06.420358,101.1,0.874,103.53,0.9418,1000.0,0.0,4.199,74.4,98,0,60.0,2026-05-02T00:49:06.420238,4.218
2026-05-02T00:48:07.377990,101.1,0.874,103.57,0.9422,1000.0,0.0,4.199,74.4,98,0,60.0,2026-05-02T00:49:07.377799,4.218
2026-05-02T00:48:07.439097,101.15,0.8742,103.58,0.9409,1000.0,0.0,4.199,74.4,98,0,60.0,2026-05-02T00:49:07.438947,4.218
2026-05-02T00:48:07.498709,101.15,0.8742,103.59,0.941,1000.0,0.0,4.199,74.4,98,0,60.0,2026-05-02T00:49:07.498586,4.218
2026-05-02T00:48:08.432868,101.22,0.8742,103.62,0.9416,1000.0,0.0,4.199,74.4,98,0,60.0,2026-05-02T00:49:08.432732,4.218
2026-05-02T00:48:08.493391,101.22,0.8757,103.64,0.9421,1000.0,0.0,4.199,74.4,98,0,60.0,2026-05-02T00:49:08.493250,4.218
2026-05-02T00:48:08.552100,101.22,0.8757,103.65,0.9423,1000.0,0.0,4.199,74.4,98,0,60.0,2026-05-02T00:49:08.551958,4.218
2026-05-02T00:48:09.487871,101.27,0.8746,103.69,0.9428,1000.0,0.0,4.199,74.4,98,0,60.0,2026-05-02T00:49:09.487719,4.218
2026-05-02T00:48:09.548765,101.27,0.8749,103.7,0.9424,1000.0,0.0,4.199,74.4,98,0,60.0,2026-05-02T00:49:09.548594,4.218
2026-05-02T00:48:09.608077,101.27,0.8749,103.71,0.9423,1000.0,0.0,4.199,74.4,98,0,60.0,2026-05-02T00:49:09.607953,4.218
2026-05-02T00:48:10.543731,101.33,0.8749,103.75,0.9425,1000.0,0.0,4.199,74.4,98,0,60.0,2026-05-02T00:49:10.543566,4.218
2026-05-02T00:48:10.603917,101.33,0.8749,103.76,0.9423,1000.0,0.0,4.199,74.4,98,0,60.0,2026-05-02T00:49:10.603783,4.218
2026-05-02T00:48:10.663333,101.33,0.8749,103.77,0.9422,1000.0,0.0,4.199,74.4,98,0,60.0,2026-05-02T00:49:10.663180,4.218
2026-05-02T00:48:11.599252,101.39,0.8742,103.81,0.942,1000.0,0.0,4.199,74.3,98,0,60.0,2026-05-02T00:49:11.599096,4.218
2026-05-02T00:48:11.658191,101.39,0.8742,103.82,0.9418,1000.0,0.0,4.199,74.3,98,0,60.0,2026-05-02T00:49:11.658060,4.218
2026-05-02T00:48:12.616215,101.39,0.8742,103.85,0.9425,1000.0,0.0,4.199,74.3,98,0,60.0,2026-05-02T00:49:12.616052,4.218
2026-05-02T00:48:12.677369,101.44,0.88,103.87,0.9428,1000.0,0.0,4.199,74.3,98,0,60.0,2026-05-02T00:49:12.677220,4.218
2026-05-02T00:48:12.736819,101.44,0.88,103.87,0.9446,1000.0,0.0,4.199,74.3,98,0,60.0,2026-05-02T00:49:12.736682,4.218
2026-05-02T00:48:13.672393,101.48,0.88,103.91,0.9467,1000.0,0.0,4.199,74.3,98,0,60.0,2026-05-02T00:49:13.672234,4.218
2026-05-02T00:48:13.733596,101.48,0.885,103.91,0.949,1000.0,0.0,4.199,74.3,98,0,60.0,2026-05-02T00:49:13.733460,4.218
2026-05-02T00:48:13.792805,101.48,0.885,103.92,0.9503,1000.0,0.0,4.199,74.3,98,0,60.0,2026-05-02T00:49:13.792691,4.218
2026-05-02T00:48:14.727175,101.51,0.8832,103.95,0.9517,1000.0,0.0,4.199,74.3,98,0,60.0,2026-05-02T00:49:14.727018,4.218
2026-05-02T00:48:14.787178,101.51,0.8867,103.95,0.9525,1000.0,0.0,4.199,74.3,98,0,60.0,2026-05-02T00:49:14.787048,4.218
2026-05-02T00:48:14.845729,101.51,0.8867,103.95,0.9531,1000.0,0.0,4.199,74.3,98,0,60.0,2026-05-02T00:49:14.845609,4.218
2026-05-02T00:48:15.781871,101.55,0.8867,103.98,0.9537,1000.0,0.0,4.199,74.3,98,0,60.0,2026-05-02T00:49:15.781700,4.218
2026-05-02T00:48:15.840990,101.55,0.8867,103.99,0.954,1000.0,0.0,4.199,74.3,98,0,60.0,2026-05-02T00:49:15.840859,4.218
2026-05-02T00:48:15.900141,101.55,0.8867,103.99,0.9541,1000.0,0.0,4.199,74.3,98,0,60.0,2026-05-02T00:49:15.900022,4.218
2026-05-02T00:48:16.836023,101.6,0.8875,104.03,0.9543,1000.0,0.0,4.199,74.3,98,0,60.0,2026-05-02T00:49:16.835860,4.218
2026-05-02T00:48:16.894697,101.6,0.8875,104.04,0.9546,1000.0,0.0,4.199,74.3,98,0,60.0,2026-05-02T00:49:16.894567,4.218
2026-05-02T00:48:17.854257,101.6,0.8875,104.07,0.9557,1000.0,0.0,4.199,74.3,98,0,60.0,2026-05-02T00:49:17.854083,4.218
2026-05-02T00:48:17.916402,101.63,0.8926,104.07,0.9563,1000.0,0.0,4.199,74.3,98,0,60.0,2026-05-02T00:49:17.916248,4.218
2026-05-02T00:48:17.976298,101.63,0.8926,104.07,0.9578,1000.0,0.0,4.199,74.3,98,0,60.0,2026-05-02T00:49:17.976173,4.218
2026-05-02T00:48:18.908044,101.68,0.8926,104.11,0.9598,1000.0,0.0,4.199,74.2,98,0,60.0,2026-05-02T00:49:18.907875,4.218
2026-05-02T00:48:18.969607,101.68,0.8936,104.11,0.9604,1000.0,0.0,4.199,74.2,98,0,60.0,2026-05-02T00:49:18.969446,4.218
2026-05-02T00:48:19.033362,101.68,0.8936,104.12,0.9607,1000.0,0.0,4.199,74.2,98,0,60.0,2026-05-02T00:49:19.033195,4.218
2026-05-02T00:48:19.973058,101.73,0.8936,104.16,0.9617,1000.0,0.0,4.199,74.2,98,0,60.0,2026-05-02T00:49:19.972905,4.218
2026-05-02T00:48:20.033185,101.73,0.901,104.17,0.9645,1000.0,0.0,4.199,74.2,98,0,60.0,2026-05-02T00:49:20.033033,4.218
2026-05-02T00:48:20.092444,101.73,0.901,104.17,0.9661,1000.0,0.0,4.199,74.2,98,0,60.0,2026-05-02T00:49:20.092320,4.218
2026-05-02T00:48:21.038189,101.77,0.9002,104.21,0.9673,1000.0,0.0,4.199,74.2,98,0,60.0,2026-05-02T00:49:21.037995,4.218
2026-05-02T00:48:21.179861,101.77,0.9002,104.21,0.9677,1000.0,0.0,4.199,74.2,98,0,60.0,2026-05-02T00:49:21.161289,4.218
2026-05-02T00:48:21.259720,101.77,0.9002,104.22,0.968,1000.0,0.0,4.199,74.2,98,0,60.0,2026-05-02T00:49:21.259560,4.218
2026-05-02T00:48:22.084645,101.8,0.9002,104.24,0.965,1000.0,0.0,4.199,74.2,98,0,60.0,2026-05-02T00:49:22.084486,4.218
2026-05-02T00:48:22.143622,101.8,0.9002,104.25,0.9663,1000.0,0.0,4.199,74.2,98,0,60.0,2026-05-02T00:49:22.143507,4.218
2026-05-02T00:48:23.089691,101.8,0.9002,104.28,0.968,1000.0,0.0,4.199,74.2,98,0,60.0,2026-05-02T00:49:23.089521,4.218
2026-05-02T00:48:23.253695,101.85,0.8926,104.28,0.9636,1000.0,0.0,4.199,74.2,98,0,60.0,2026-05-02T00:49:23.253525,4.218
2026-05-02T00:48:23.313281,101.85,0.8926,104.29,0.9625,1000.0,0.0,4.199,74.2,98,0,60.0,2026-05-02T00:49:23.313158,4.218
2026-05-02T00:48:24.157679,101.9,0.8926,104.32,0.9622,1000.0,0.0,4.199,74.2,98,0,60.0,2026-05-02T00:49:24.157524,4.218
2026-05-02T00:48:24.218042,101.9,0.8926,104.33,0.961,1000.0,0.0,4.199,74.2,98,0,60.0,2026-05-02T00:49:24.217920,4.218
2026-05-02T00:48:24.276331,101.9,0.8926,104.33,0.9609,1000.0,0.0,4.199,74.2,98,0,60.0,2026-05-02T00:49:24.276218,4.218
2026-05-02T00:48:25.240141,101.94,0.8926,104.37,0.9614,1000.0,0.0,4.199,74.2,98,0,60.0,2026-05-02T00:49:25.239970,4.218
2026-05-02T00:48:25.301254,101.94,0.8958,104.37,0.9619,1000.0,0.0,4.199,74.2,98,0,60.0,2026-05-02T00:49:25.301083,4.218
2026-05-02T00:48:25.359950,101.94,0.8958,104.38,0.9626,1000.0,0.0,4.199,74.2,98,0,60.0,2026-05-02T00:49:25.359832,4.218
2026-05-02T00:48:26.265981,102.0,0.8875,104.42,0.9616,1000.0,0.0,4.199,74.1,98,0,60.0,2026-05-02T00:49:26.265814,4.218
2026-05-02T00:48:26.325515,102.0,0.8958,104.43,0.9627,1000.0,0.0,4.199,74.1,98,0,60.0,2026-05-02T00:49:26.325389,4.218
2026-05-02T00:48:26.384770,102.0,0.8958,104.43,0.9632,1000.0,0.0,4.199,74.1,98,0,60.0,2026-05-02T00:49:26.384651,4.218
2026-05-02T00:48:27.314067,102.03,0.8926,104.47,0.9633,1000.0,0.0,4.199,74.1,98,0,60.0,2026-05-02T00:49:27.313889,4.218
2026-05-02T00:48:27.372588,102.03,0.8926,104.47,0.9623,1000.0,0.0,4.199,74.1,98,0,60.0,2026-05-02T00:49:27.372485,4.218
2026-05-02T00:48:28.342201,102.03,0.8926,104.5,0.9625,1000.0,0.0,4.199,74.1,98,0,60.0,2026-05-02T00:49:28.341853,4.218
2026-05-02T00:48:28.402570,102.07,0.8909,104.51,0.9608,1000.0,0.0,4.199,74.1,98,0,60.0,2026-05-02T00:49:28.402410,4.218
2026-05-02T00:48:28.461518,102.07,0.8909,104.51,0.9602,1000.0,0.0,4.199,74.1,98,0,60.0,2026-05-02T00:49:28.461394,4.218
2026-05-02T00:48:29.383055,102.09,0.8909,104.54,0.9604,1000.0,0.0,4.199,74.1,98,0,60.0,2026-05-02T00:49:29.382892,4.218
2026-05-02T00:48:29.443104,102.09,0.8958,104.54,0.9613,1000.0,0.0,4.199,74.1,98,0,60.0,2026-05-02T00:49:29.442970,4.218
2026-05-02T00:48:29.501367,102.09,0.8958,104.54,0.9624,1000.0,0.0,4.199,74.1,98,0,60.0,2026-05-02T00:49:29.501233,4.218
2026-05-02T00:48:30.443586,102.13,0.8958,104.56,0.964,1000.0,0.0,4.199,74.1,98,0,60.0,2026-05-02T00:49:30.443445,4.218
2026-05-02T00:48:30.504110,102.13,0.9025,104.56,0.9662,1000.0,0.0,4.199,74.1,98,0,60.0,2026-05-02T00:49:30.503976,4.218
2026-05-02T00:48:30.563353,102.13,0.9025,104.56,0.9679,1000.0,0.0,4.199,74.1,98,0,60.0,2026-05-02T00:49:30.563208,4.218
2026-05-02T00:48:31.497383,102.16,0.8909,104.59,0.9669,1000.0,0.0,4.199,74.1,98,0,60.0,2026-05-02T00:49:31.497222,4.218
2026-05-02T00:48:31.557163,102.16,0.9036,104.59,0.9692,1000.0,0.0,4.199,74.1,98,0,60.0,2026-05-02T00:49:31.557017,4.218
2026-05-02T00:48:31.616829,102.16,0.9036,104.6,0.9702,1000.0,0.0,4.199,74.1,98,0,60.0,2026-05-02T00:49:31.616695,4.218
2026-05-02T00:48:32.558139,102.19,0.9036,104.62,0.9712,1000.0,0.0,4.199,74.1,98,0,60.0,2026-05-02T00:49:32.557986,4.218
2026-05-02T00:48:32.617077,102.19,0.9036,104.63,0.9716,1000.0,0.0,4.199,74.1,98,0,60.0,2026-05-02T00:49:32.616970,4.218
2026-05-02T00:48:33.562296,102.19,0.9036,104.65,0.9727,1000.0,0.0,4.199,74.1,98,0,60.0,2026-05-02T00:49:33.562118,4.218
2026-05-02T00:48:33.622503,102.19,0.908,104.64,0.9725,1000.0,0.0,4.199,74.1,98,0,60.0,2026-05-02T00:49:33.622369,4.218
2026-05-02T00:48:33.681162,102.19,0.908,104.64,0.9741,1000.0,0.0,4.199,74.1,98,0,60.0,2026-05-02T00:49:33.681044,4.218
2026-05-02T00:48:34.625371,102.22,0.908,104.66,0.976,1000.0,0.0,4.199,74.1,98,0,60.0,2026-05-02T00:49:34.625231,4.218
2026-05-02T00:48:34.685787,102.22,0.9103,104.66,0.9773,1000.0,0.0,4.199,74.1,98,0,60.0,2026-05-02T00:49:34.685641,4.218
2026-05-02T00:48:34.744091,102.22,0.9103,104.66,0.9779,1000.0,0.0,4.199,74.1,98,0,60.0,2026-05-02T00:49:34.743978,4.218
2026-05-02T00:48:35.683080,102.24,0.9025,104.68,0.9779,1000.0,0.0,4.199,74.1,98,0,60.0,2026-05-02T00:49:35.682919,4.218
2026-05-02T00:48:35.742738,102.24,0.9103,104.68,0.9777,1000.0,0.0,4.199,74.1,98,0,60.0,2026-05-02T00:49:35.742616,4.218
2026-05-02T00:48:35.800805,102.24,0.9103,104.68,0.9782,1000.0,0.0,4.199,74.1,98,0,60.0,2026-05-02T00:49:35.800699,4.218
2026-05-02T00:48:36.739374,102.25,0.9103,104.7,0.9781,1000.0,0.0,4.199,74.1,98,0,60.0,2026-05-02T00:49:36.739221,4.218
2026-05-02T00:48:36.798859,102.25,0.9103,104.7,0.9785,1000.0,0.0,4.199,74.1,98,0,60.0,2026-05-02T00:49:36.798726,4.218
2026-05-02T00:48:36.857777,102.25,0.9103,104.69,0.9787,1000.0,0.0,4.199,74.1,98,0,60.0,2026-05-02T00:49:36.857630,4.218
2026-05-02T00:48:37.793826,102.28,0.9103,104.72,0.9789,1000.0,0.0,4.199,74.0,98,0,60.0,2026-05-02T00:49:37.793680,4.218
2026-05-02T00:48:37.851788,102.28,0.9103,104.72,0.979,1000.0,0.0,4.199,74.0,98,0,60.0,2026-05-02T00:49:37.851682,4.218
2026-05-02T00:48:38.808925,102.28,0.9103,104.75,0.9799,1000.0,0.0,4.199,74.0,98,0,60.0,2026-05-02T00:49:38.808773,4.218
2026-05-02T00:48:38.868998,102.28,0.9214,104.73,0.9825,1000.0,0.0,4.199,74.0,98,0,60.0,2026-05-02T00:49:38.868843,4.218
2026-05-02T00:48:38.927011,102.28,0.9214,104.73,0.9855,1000.0,0.0,4.199,74.0,98,0,60.0,2026-05-02T00:49:38.926892,4.218
2026-05-02T00:48:39.867393,102.32,0.9214,104.75,0.9887,1000.0,0.0,4.199,74.0,98,0,60.0,2026-05-02T00:49:39.867255,4.218
2026-05-02T00:48:39.926231,102.32,0.9137,104.75,0.9859,1000.0,0.0,4.199,74.0,98,0,60.0,2026-05-02T00:49:39.926102,4.218
2026-05-02T00:48:39.984339,102.32,0.9137,104.75,0.9847,1000.0,0.0,4.199,74.0,98,0,60.0,2026-05-02T00:49:39.984208,4.218
2026-05-02T00:48:40.922068,102.33,0.912,104.77,0.9839,1000.0,0.0,4.199,74.0,98,0,60.0,2026-05-02T00:49:40.921932,4.218
2026-05-02T00:48:40.981666,102.33,0.9137,104.77,0.9831,1000.0,0.0,4.199,74.0,98,0,60.0,2026-05-02T00:49:40.981542,4.218
2026-05-02T00:48:41.040349,102.33,0.9137,104.76,0.9829,1000.0,0.0,4.199,74.0,98,0,60.0,2026-05-02T00:49:41.040212,4.218
2026-05-02T00:48:41.971652,102.36,0.9188,104.79,0.9837,1000.0,0.0,4.199,74.0,98,0,60.0,2026-05-02T00:49:41.971508,4.218
2026-05-02T00:48:42.030208,102.36,0.9188,104.79,0.9855,1000.0,0.0,4.199,74.0,98,0,60.0,2026-05-02T00:49:42.030067,4.218
2026-05-02T00:48:42.088926,102.36,0.9188,104.79,0.9862,1000.0,0.0,4.199,74.0,98,0,60.0,2026-05-02T00:49:42.088801,4.218
2026-05-02T00:48:43.027950,102.4,0.9204,104.82,0.9852,1000.0,0.0,4.199,74.0,98,0,60.0,2026-05-02T00:49:43.027778,4.218
2026-05-02T00:48:43.085893,102.4,0.9204,104.83,0.987,1000.0,0.0,4.199,74.0,98,0,60.0,2026-05-02T00:49:43.085774,4.218
2026-05-02T00:48:44.040416,102.4,0.9204,104.86,0.9889,1000.0,0.0,4.199,74.0,98,0,60.0,2026-05-02T00:49:44.040193,4.218
2026-05-02T00:48:44.102175,102.44,0.928,104.86,0.9905,1000.0,0.0,4.199,74.0,98,0,60.0,2026-05-02T00:49:44.102031,4.218
2026-05-02T00:48:44.160831,102.44,0.928,104.87,0.9931,1000.0,0.0,4.199,74.0,98,0,60.0,2026-05-02T00:49:44.160682,4.218
2026-05-02T00:48:45.102132,102.48,0.928,104.9,0.9959,1000.0,0.0,4.199,74.0,98,0,60.0,2026-05-02T00:49:45.101991,4.218
2026-05-02T00:48:45.162222,102.48,0.9264,104.91,0.9958,1000.0,0.0,4.199,74.0,98,0,60.0,2026-05-02T00:49:45.162079,4.218
2026-05-02T00:48:45.220915,102.48,0.9264,104.91,0.9958,1000.0,0.0,4.199,74.0,98,0,60.0,2026-05-02T00:49:45.220807,4.218
2026-05-02T00:48:46.158063,102.51,0.9205,104.94,0.9953,1000.0,0.0,4.199,74.0,98,0,60.0,2026-05-02T00:49:46.157918,4.218
2026-05-02T00:48:46.217780,102.51,0.9205,104.94,0.9927,1000.0,0.0,4.199,74.0,98,0,60.0,2026-05-02T00:49:46.217662,4.218
2026-05-02T00:48:46.277024,102.51,0.9205,104.94,0.9917,1000.0,0.0,4.199,74.0,98,0,60.0,2026-05-02T00:49:46.276909,4.218
2026-05-02T00:48:47.382614,102.56,0.9196,104.98,0.9908,1000.0,0.0,4.199,73.9,98,0,60.0,2026-05-02T00:49:47.382086,4.218
2026-05-02T00:48:47.827986,102.56,0.9282,105.0,0.9947,1000.0,0.0,4.199,73.9,98,0,60.0,2026-05-02T00:49:47.827466,4.218
2026-05-02T00:48:48.116479,102.56,0.9282,105.0,0.9963,1000.0,0.0,4.199,73.9,98,0,60.0,2026-05-02T00:49:48.115144,4.218
2026-05-02T00:48:48.529798,102.59,0.9306,105.02,0.9966,1000.0,0.0,4.199,73.9,98,0,60.0,2026-05-02T00:49:48.529554,4.218
2026-05-02T00:48:48.682196,102.59,0.9306,105.03,0.9983,1000.0,0.0,4.199,73.9,98,0,60.0,2026-05-02T00:49:48.681929,4.218
2026-05-02T00:48:49.306943,102.59,0.9306,105.04,0.9996,1000.0,0.0,4.199,73.9,98,0,60.0,2026-05-02T00:49:49.306641,4.218
2026-05-02T00:48:49.642690,102.62,0.9273,105.06,0.9971,1000.0,0.0,4.199,73.9,98,0,60.0,2026-05-02T00:49:49.642184,4.218
2026-05-02T00:48:49.750803,102.62,0.9273,105.06,0.997,1000.0,0.0,4.199,73.9,98,0,60.0,2026-05-02T00:49:49.750127,4.218
2026-05-02T00:48:50.370677,102.66,0.9273,105.08,0.9973,1000.0,0.0,4.199,73.9,99,0,60.0,2026-05-02T00:49:50.370409,4.218
2026-05-02T00:48:50.475375,102.66,0.9247,105.09,0.9961,1000.0,0.0,4.199,73.9,99,0,60.0,2026-05-02T00:49:50.475048,4.218
2026-05-02T00:48:50.585062,102.66,0.9247,105.09,0.9954,1000.0,0.0,4.199,73.9,99,0,60.0,2026-05-02T00:49:50.584727,4.218
2026-05-02T00:48:51.400999,102.69,0.9237,105.12,0.9952,1000.0,0.0,4.199,73.9,99,0,60.0,2026-05-02T00:49:51.400811,4.218
2026-05-02T00:48:51.476671,102.69,0.9247,105.12,0.9947,1000.0,0.0,4.199,73.9,99,0,60.0,2026-05-02T00:49:51.476474,4.218
2026-05-02T00:48:51.581137,102.69,0.9247,105.13,0.9946,1000.0,0.0,4.199,73.9,99,0,60.0,2026-05-02T00:49:51.580818,4.218
2026-05-02T00:48:52.450477,102.74,0.9449,105.16,0.9974,1000.0,0.0,4.199,73.9,99,0,60.0,2026-05-02T00:49:52.450321,4.218
2026-05-02T00:48:52.542149,102.74,0.9449,105.17,1.0049,1000.0,0.0,4.199,73.9,99,0,60.0,2026-05-02T00:49:52.541960,4.218
2026-05-02T00:48:52.672084,102.74,0.9449,105.17,1.0086,1000.0,0.0,4.199,73.9,99,0,60.0,2026-05-02T00:49:52.671698,4.218
2026-05-02T00:48:53.571683,102.79,0.9359,105.21,1.0076,1000.0,0.0,4.199,73.9,99,0,60.0,2026-05-02T00:49:53.571282,4.218
2026-05-02T00:48:53.717336,102.79,0.9359,105.22,1.0068,1000.0,0.0,4.199,73.9,99,0,60.0,2026-05-02T00:49:53.717014,4.218
2026-05-02T00:48:57.752200,102.79,0.9359,105.25,1.0072,1000.0,0.0,4.199,73.9,99,0,60.0,2026-05-02T00:49:57.749230,4.218
2026-05-02T00:48:58.035238,102.83,0.9339,105.28,1.0012,1000.0,0.0,4.199,73.9,99,0,60.0,2026-05-02T00:49:58.035009,4.219
2026-05-02T00:48:58.230874,102.83,0.9339,105.27,1.0025,1000.0,0.0,4.199,73.9,99,0,60.0,2026-05-02T00:49:58.201746,4.219
2026-05-02T00:48:58.362191,102.86,0.9339,105.27,1.0033,1000.0,0.0,4.199,73.8,98,0,60.0,2026-05-02T00:49:58.362025,4.218
2026-05-02T00:48:58.431857,102.86,0.9373,105.28,1.0042,1000.0,0.0,4.199,73.8,98,0,60.0,2026-05-02T00:49:58.431711,4.218
2026-05-02T00:48:58.498228,102.86,0.9373,105.28,1.0052,1000.0,0.0,4.199,73.8,98,0,60.0,2026-05-02T00:49:58.498083,4.218
2026-05-02T00:48:58.559916,102.9,0.9373,105.29,1.0058,1000.0,0.0,4.199,73.8,98,0,60.0,2026-05-02T00:49:58.559696,4.218
2026-05-02T00:48:58.619925,102.9,0.9381,105.3,1.0063,1000.0,0.0,4.199,73.8,98,0,60.0,2026-05-02T00:49:58.619789,4.218
2026-05-02T00:48:58.680217,102.9,0.9381,105.31,1.0068,1000.0,0.0,4.199,73.8,98,0,60.0,2026-05-02T00:49:58.680098,4.218
2026-05-02T00:48:58.740888,102.92,0.9466,105.32,1.0077,1000.0,0.0,4.199,73.8,98,0,60.0,2026-05-02T00:49:58.740744,4.218
2026-05-02T00:48:58.802539,102.92,0.9485,105.33,1.0103,1000.0,0.0,4.199,73.8,98,0,60.0,2026-05-02T00:49:58.802382,4.218
2026-05-02T00:48:58.863377,102.92,0.9485,105.33,1.0123,1000.0,0.0,4.199,73.8,98,0,60.0,2026-05-02T00:49:58.863243,4.218
2026-05-02T00:48:58.923813,102.96,0.9485,105.35,1.0125,1000.0,0.0,4.199,73.8,98,0,60.0,2026-05-02T00:49:58.923668,4.218
2026-05-02T00:48:58.983996,102.96,0.9485,105.36,1.014,1000.0,0.0,4.199,73.8,98,0,60.0,2026-05-02T00:49:58.982761,4.218
2026-05-02T00:48:59.760496,102.96,0.9485,105.39,1.0163,1000.0,0.0,4.199,73.8,98,0,60.0,2026-05-02T00:49:59.760232,4.218
2026-05-02T00:48:59.907141,102.99,0.9485,105.41,1.012,1000.0,0.0,4.199,73.8,98,0,60.0,2026-05-02T00:49:59.906771,4.218
2026-05-02T00:49:00.219147,102.99,0.9485,105.42,1.0153,1000.0,0.0,4.199,73.8,98,0,60.0,2026-05-02T00:50:00.218913,4.218
2026-05-02T00:49:00.800592,103.02,0.9485,105.44,1.0174,1000.0,0.0,4.199,73.8,98,0,60.0,2026-05-02T00:50:00.800426,4.218
2026-05-02T00:49:00.864250,103.02,0.9592,105.45,1.0216,1000.0,0.0,4.199,73.8,98,0,60.0,2026-05-02T00:50:00.864078,4.218
2026-05-02T00:49:00.927095,103.02,0.9592,105.45,1.0244,1000.0,0.0,4.199,73.8,98,0,60.0,2026-05-02T00:50:00.926939,4.218
2026-05-02T00:49:01.864452,103.05,0.9534,105.48,1.0269,1000.0,0.0,4.199,73.8,98,0,60.0,2026-05-02T00:50:01.864282,4.218
2026-05-02T00:49:01.934318,103.05,0.9566,105.48,1.0263,1000.0,0.0,4.199,73.8,98,0,60.0,2026-05-02T00:50:01.934167,4.218
2026-05-02T00:49:01.995814,103.05,0.9566,105.48,1.0266,1000.0,0.0,4.199,73.8,98,0,60.0,2026-05-02T00:50:01.995642,4.218
2026-05-02T00:49:02.915705,103.09,0.95,105.52,1.0254,1000.0,0.0,4.199,73.8,98,0,60.0,2026-05-02T00:50:02.915537,4.219
2026-05-02T00:49:02.974911,103.09,0.9566,105.52,1.0261,1000.0,0.0,4.199,73.8,98,0,60.0,2026-05-02T00:50:02.974775,4.219
2026-05-02T00:49:03.038659,103.09,0.9566,105.52,1.0264,1000.0,0.0,4.199,73.8,98,0,60.0,2026-05-02T00:50:03.038484,4.219
2026-05-02T00:49:03.967789,103.1,0.9466,105.54,1.0248,1000.0,0.0,4.199,73.8,98,0,60.0,2026-05-02T00:50:03.967625,4.219
2026-05-02T00:49:04.027712,103.1,0.9466,105.54,1.0216,1000.0,0.0,4.199,73.8,98,0,60.0,2026-05-02T00:50:04.027559,4.219
2026-05-02T00:49:04.991452,103.1,0.9466,105.57,1.0203,1000.0,0.0,4.199,73.8,98,0,60.0,2026-05-02T00:50:04.991308,4.219
2026-05-02T00:49:05.059826,103.13,0.9466,105.57,1.0177,1000.0,0.0,4.199,73.8,98,0,60.0,2026-05-02T00:50:05.059578,4.219
2026-05-02T00:49:05.220853,103.13,0.9466,105.57,1.0175,1000.0,0.0,4.199,73.8,98,0,60.0,2026-05-02T00:50:05.220630,4.219
2026-05-02T00:49:06.065458,103.15,0.9466,105.59,1.0179,1000.0,0.0,4.199,73.7,98,0,60.0,2026-05-02T00:50:06.065086,4.219
2026-05-02T00:49:06.157578,103.15,0.9652,105.59,1.0233,1000.0,0.0,4.199,73.7,98,0,60.0,2026-05-02T00:50:06.157172,4.219
2026-05-02T00:49:06.429574,103.15,0.9652,105.6,1.0291,1000.0,0.0,4.199,73.7,98,0,60.0,2026-05-02T00:50:06.429414,4.219
2026-05-02T00:49:07.125380,103.2,0.9507,105.61,1.0309,1000.0,0.0,4.199,73.7,98,0,60.0,2026-05-02T00:50:07.125202,4.219
2026-05-02T00:49:07.195007,103.2,0.9669,105.62,1.0339,1000.0,0.0,4.199,73.7,98,0,60.0,2026-05-02T00:50:07.194832,4.219
2026-05-02T00:49:07.262694,103.2,0.9669,105.62,1.0352,1000.0,0.0,4.199,73.7,98,0,60.0,2026-05-02T00:50:07.262463,4.219
2026-05-02T00:49:08.789515,103.25,0.9727,105.67,1.0386,1000.0,0.0,4.199,73.7,98,0,60.0,2026-05-02T00:50:08.788818,4.219
2026-05-02T00:49:08.943459,103.25,0.9727,105.67,1.0416,1000.0,0.0,4.199,73.7,97,0,60.0,2026-05-02T00:50:08.943024,4.219
2026-05-02T00:49:09.081237,103.25,0.9727,105.68,1.0425,1000.0,0.0,4.199,73.7,97,0,60.0,2026-05-02T00:50:09.080899,4.219
2026-05-02T00:49:09.232086,103.31,0.977,105.69,1.0438,1000.0,0.0,4.199,73.7,97,0,60.0,2026-05-02T00:50:09.231905,4.219
2026-05-02T00:49:09.300950,103.31,0.977,105.71,1.0452,1000.0,0.0,4.199,73.7,97,0,60.0,2026-05-02T00:50:09.300804,4.219
2026-05-02T00:49:10.226867,103.31,0.977,105.74,1.0472,1000.0,0.0,4.199,73.7,97,0,60.0,2026-05-02T00:50:10.226721,4.219
2026-05-02T00:49:10.287133,103.34,0.977,105.75,1.0473,1000.0,0.0,4.199,73.7,97,0,60.0,2026-05-02T00:50:10.286990,4.219
2026-05-02T00:49:10.345055,103.34,0.977,105.76,1.0475,1000.0,0.0,4.199,73.7,97,0,60.0,2026-05-02T00:50:10.344909,4.219
2026-05-02T00:49:11.281664,103.39,0.977,105.79,1.0485,1000.0,0.0,4.199,73.7,97,0,60.0,2026-05-02T00:50:11.281383,4.219
2026-05-02T00:49:11.355211,103.39,0.9804,105.8,1.049,1000.0,0.0,4.199,73.7,97,0,60.0,2026-05-02T00:50:11.354869,4.219
2026-05-02T00:49:11.426119,103.39,0.9804,105.81,1.05,1000.0,0.0,4.199,73.7,97,0,60.0,2026-05-02T00:50:11.425956,4.219
2026-05-02T00:49:12.334106,103.42,0.9753,105.84,1.0506,1000.0,0.0,4.199,73.7,97,0,60.0,2026-05-02T00:50:12.333887,4.219
2026-05-02T00:49:12.397478,103.42,0.9777,105.84,1.0495,1000.0,0.0,4.199,73.7,97,0,60.0,2026-05-02T00:50:12.397338,4.219
2026-05-02T00:49:12.458995,103.42,0.9777,105.84,1.0493,1000.0,0.0,4.199,73.7,97,0,60.0,2026-05-02T00:50:12.458847,4.219
2026-05-02T00:49:13.391389,103.46,0.9744,105.87,1.0491,1000.0,0.0,4.199,73.6,97,0,60.0,2026-05-02T00:50:13.391232,4.219
2026-05-02T00:49:13.449590,103.46,0.9768,105.88,1.0486,1000.0,0.0,4.199,73.6,97,0,60.0,2026-05-02T00:50:13.449482,4.219
2026-05-02T00:49:13.508224,103.46,0.9768,105.88,1.0484,1000.0,0.0,4.199,73.6,97,0,60.0,2026-05-02T00:50:13.508110,4.219
2026-05-02T00:49:14.454884,103.49,0.9761,105.91,1.0479,1000.0,0.0,4.199,73.6,97,0,60.0,2026-05-02T00:50:14.454717,4.219
2026-05-02T00:49:14.513034,103.49,0.9761,105.91,1.0477,1000.0,0.0,4.199,73.6,97,0,60.0,2026-05-02T00:50:14.512933,4.219
2026-05-02T00:49:15.464446,103.49,0.9761,105.94,1.0484,1000.0,0.0,4.199,73.6,97,0,60.0,2026-05-02T00:50:15.464258,4.219
2026-05-02T00:49:15.525000,103.51,0.9822,105.94,1.0492,1000.0,0.0,4.199,73.6,97,0,60.0,2026-05-02T00:50:15.524778,4.219
2026-05-02T00:49:15.589266,103.51,0.9822,105.94,1.0509,1000.0,0.0,4.199,73.6,97,0,60.0,2026-05-02T00:50:15.589104,4.219
2026-05-02T00:49:16.516101,103.54,0.9822,105.96,1.0528,1000.0,0.0,4.199,73.6,97,0,60.0,2026-05-02T00:50:16.515852,4.219
2026-05-02T00:49:16.578820,103.54,0.9822,105.96,1.0526,1000.0,0.0,4.199,73.6,97,0,60.0,2026-05-02T00:50:16.578661,4.219
2026-05-02T00:49:16.641253,103.54,0.9822,105.97,1.0531,1000.0,0.0,4.199,73.6,97,0,60.0,2026-05-02T00:50:16.641081,4.219
2026-05-02T00:49:17.577815,103.57,0.977,105.99,1.053,1000.0,0.0,4.199,73.6,98,0,60.0,2026-05-02T00:50:17.577659,4.219
2026-05-02T00:49:17.640079,103.57,0.9853,106.0,1.054,1000.0,0.0,4.199,73.6,98,0,60.0,2026-05-02T00:50:17.639943,4.219
2026-05-02T00:49:17.699002,103.57,0.9853,106.0,1.055,1000.0,0.0,4.199,73.6,98,0,60.0,2026-05-02T00:50:17.698892,4.219
2026-05-02T00:49:18.632149,103.58,0.9972,106.02,1.0582,1000.0,0.0,4.199,73.6,98,0,60.0,2026-05-02T00:50:18.631997,4.219
2026-05-02T00:49:18.692944,103.58,0.9972,106.01,1.0627,1000.0,0.0,4.199,73.6,98,0,60.0,2026-05-02T00:50:18.692805,4.219
2026-05-02T00:49:18.752967,103.58,0.9972,106.01,1.0648,1000.0,0.0,4.199,73.6,98,0,60.0,2026-05-02T00:50:18.752830,4.219
2026-05-02T00:49:19.686876,103.59,0.9938,106.03,1.0636,1000.0,0.0,4.199,73.6,97,0,60.0,2026-05-02T00:50:19.686735,4.219
2026-05-02T00:49:19.751610,103.59,0.9938,106.02,1.0642,1000.0,0.0,4.199,73.6,97,0,60.0,2026-05-02T00:50:19.751468,4.219
2026-05-02T00:49:20.703860,103.59,0.9938,106.05,1.0656,1000.0,0.0,4.199,73.6,97,0,60.0,2026-05-02T00:50:20.703686,4.219
2026-05-02T00:49:20.767534,103.62,0.9938,106.05,1.0643,1000.0,0.0,4.199,73.6,97,0,60.0,2026-05-02T00:50:20.767380,4.219
2026-05-02T00:49:20.836149,103.62,0.9938,106.05,1.0647,1000.0,0.0,4.199,73.6,97,0,60.0,2026-05-02T00:50:20.835985,4.219
2026-05-02T00:49:21.765325,103.63,0.9938,106.07,1.0657,1000.0,0.0,4.199,73.6,97,0,60.0,2026-05-02T00:50:21.765168,4.219
2026-05-02T00:49:21.824197,103.63,0.9912,106.07,1.0633,1000.0,0.0,4.199,73.6,97,0,60.0,2026-05-02T00:50:21.824065,4.219
2026-05-02T00:49:21.883574,103.63,0.9912,106.06,1.0631,1000.0,0.0,4.199,73.6,97,0,60.0,2026-05-02T00:50:21.883461,4.219
2026-05-02T00:49:22.818375,103.66,0.9863,106.09,1.0627,1000.0,0.0,4.199,73.6,97,0,60.0,2026-05-02T00:50:22.818210,4.219
2026-05-02T00:49:22.876872,103.66,0.9972,106.09,1.0651,1000.0,0.0,4.199,73.6,97,0,60.0,2026-05-02T00:50:22.876776,4.219
2026-05-02T00:49:22.935065,103.66,0.9972,106.09,1.0664,1000.0,0.0,4.199,73.6,97,0,60.0,2026-05-02T00:50:22.934961,4.219
2026-05-02T00:49:23.873793,103.67,0.9979,106.11,1.0676,1000.0,0.0,4.199,73.6,97,0,60.0,2026-05-02T00:50:23.873662,4.219
2026-05-02T00:49:23.932669,103.67,1.0065,106.11,1.0723,1000.0,0.0,4.199,73.6,97,0,60.0,2026-05-02T00:50:23.932532,4.219
2026-05-02T00:49:23.992623,103.67,1.0065,106.1,1.0743,1000.0,0.0,4.199,73.6,97,0,60.0,2026-05-02T00:50:23.992491,4.219
2026-05-02T00:49:24.928323,103.68,1.0107,106.12,1.0747,1000.0,0.0,4.199,73.6,97,0,60.0,2026-05-02T00:50:24.928179,4.219
2026-05-02T00:49:24.987899,103.68,1.0107,106.12,1.0779,1000.0,0.0,4.199,73.6,97,0,60.0,2026-05-02T00:50:24.986569,4.219
2026-05-02T00:49:25.944136,103.68,1.0107,106.14,1.0808,1000.0,0.0,4.199,73.6,97,0,60.0,2026-05-02T00:50:25.943914,4.219
2026-05-02T00:49:26.004505,103.73,1.0114,106.15,1.0777,1000.0,0.0,4.199,73.6,97,0,60.0,2026-05-02T00:50:26.004342,4.219
2026-05-02T00:49:26.063561,103.73,1.0114,106.15,1.0799,1000.0,0.0,4.199,73.6,97,0,60.0,2026-05-02T00:50:26.063423,4.219
2026-05-02T00:49:27.002788,103.74,1.0114,106.17,1.0823,1000.0,0.0,4.199,73.6,97,0,60.0,2026-05-02T00:50:27.002656,4.219
2026-05-02T00:49:27.064862,103.74,1.0141,106.17,1.0839,1000.0,0.0,4.199,73.6,97,0,60.0,2026-05-02T00:50:27.064713,4.219
2026-05-02T00:49:27.220330,103.74,1.0141,106.17,1.0848,1000.0,0.0,4.199,73.6,97,0,60.0,2026-05-02T00:50:27.207279,4.219
2026-05-02T00:49:28.050244,103.76,1.0132,106.19,1.0859,1000.0,0.0,4.199,73.5,97,0,60.0,2026-05-02T00:50:28.050097,4.219
2026-05-02T00:49:28.109724,103.76,1.0015,106.18,1.0799,1000.0,0.0,4.199,73.5,97,0,60.0,2026-05-02T00:50:28.109592,4.219
2026-05-02T00:49:28.167745,103.76,1.0015,106.18,1.0777,1000.0,0.0,4.199,73.5,97,0,60.0,2026-05-02T00:50:28.167643,4.219
2026-05-02T00:49:29.102882,103.78,0.9989,106.21,1.0749,1000.0,0.0,4.199,73.5,97,0,60.0,2026-05-02T00:50:29.102620,4.219
2026-05-02T00:49:29.260291,103.78,1.0006,106.21,1.0739,1000.0,0.0,4.199,73.5,97,0,60.0,2026-05-02T00:50:29.260141,4.219
2026-05-02T00:49:29.319194,103.78,1.0006,106.2,1.0734,1000.0,0.0,4.199,73.5,97,0,60.0,2026-05-02T00:50:29.319048,4.219
2026-05-02T00:49:30.160743,103.8,1.0006,106.23,1.0732,1000.0,0.0,4.199,73.5,97,0,60.0,2026-05-02T00:50:30.160592,4.219
2026-05-02T00:49:30.217912,103.8,1.0006,106.22,1.073,1000.0,0.0,4.199,73.5,97,0,60.0,2026-05-02T00:50:30.217820,4.219
2026-05-02T00:49:31.279835,103.8,1.0006,106.25,1.0737,1000.0,0.0,4.199,73.5,97,0,60.0,2026-05-02T00:50:31.279089,4.219
2026-05-02T00:49:31.361685,103.83,1.0031,106.25,1.0739,1000.0,0.0,4.199,73.5,97,0,60.0,2026-05-02T00:50:31.361545,4.219
2026-05-02T00:49:31.424072,103.83,1.0031,106.25,1.0744,1000.0,0.0,4.199,73.5,97,0,60.0,2026-05-02T00:50:31.423911,4.219
2026-05-02T00:49:32.236778,103.87,1.0031,106.28,1.0753,1000.0,0.0,4.199,73.5,97,0,60.0,2026-05-02T00:50:32.236633,4.219
2026-05-02T00:49:32.305418,103.87,1.0048,106.29,1.0757,1000.0,0.0,4.199,73.5,97,0,60.0,2026-05-02T00:50:32.305272,4.219
2026-05-02T00:49:32.367320,103.87,1.0048,106.29,1.0761,1000.0,0.0,4.199,73.5,97,0,60.0,2026-05-02T00:50:32.367192,4.219
2026-05-02T00:49:33.282574,103.89,1.0048,106.32,1.0771,1000.0,0.0,4.199,73.5,97,0,60.0,2026-05-02T00:50:33.282310,4.219
2026-05-02T00:49:33.345741,103.89,1.0048,106.31,1.077,1000.0,0.0,4.199,73.5,97,0,60.0,2026-05-02T00:50:33.345620,4.219
2026-05-02T00:49:33.404134,103.89,1.0048,106.31,1.077,1000.0,0.0,4.199,73.5,97,0,60.0,2026-05-02T00:50:33.404031,4.219
2026-05-02T00:49:34.348562,103.92,1.0047,106.34,1.0774,1000.0,0.0,4.199,73.5,97,0,60.0,2026-05-02T00:50:34.348409,4.219
2026-05-02T00:49:34.407029,103.92,1.0105,106.34,1.0797,1000.0,0.0,4.199,73.5,97,0,60.0,2026-05-02T00:50:34.406916,4.219
2026-05-02T00:49:34.465575,103.92,1.0105,106.34,1.0808,1000.0,0.0,4.199,73.5,97,0,60.0,2026-05-02T00:50:34.465466,4.219
2026-05-02T00:49:35.392160,103.97,1.0132,106.38,1.082,1000.0,0.0,4.199,73.5,97,0,60.0,2026-05-02T00:50:35.391991,4.219
2026-05-02T00:49:35.450274,103.97,1.0132,106.39,1.0835,1000.0,0.0,4.199,73.5,97,0,60.0,2026-05-02T00:50:35.450165,4.219
2026-05-02T00:49:36.420937,103.97,1.0132,106.42,1.0852,1000.0,0.0,4.199,73.5,97,0,60.0,2026-05-02T00:50:36.420749,4.219
2026-05-02T00:49:36.481562,104.01,1.0149,106.43,1.0858,1000.0,0.0,4.199,73.5,97,0,60.0,2026-05-02T00:50:36.481423,4.219
2026-05-02T00:49:36.540005,104.01,1.0149,106.43,1.0864,1000.0,0.0,4.199,73.5,97,0,60.0,2026-05-02T00:50:36.539883,4.219
2026-05-02T00:49:37.475181,104.04,1.0149,106.46,1.0875,1000.0,0.0,4.199,73.4,97,0,60.0,2026-05-02T00:50:37.474963,4.219
2026-05-02T00:49:37.534726,104.04,1.0149,106.46,1.0871,1000.0,0.0,4.199,73.4,97,0,60.0,2026-05-02T00:50:37.534607,4.219
2026-05-02T00:49:37.594255,104.04,1.0149,106.46,1.0872,1000.0,0.0,4.199,73.4,97,0,60.0,2026-05-02T00:50:37.594099,4.219
2026-05-02T00:49:38.527447,104.09,1.0132,106.5,1.0876,1000.0,0.0,4.199,73.4,97,0,60.0,2026-05-02T00:50:38.527300,4.219
2026-05-02T00:49:38.585936,104.09,1.0082,106.51,1.0844,1000.0,0.0,4.199,73.4,97,0,60.0,2026-05-02T00:50:38.585821,4.219
2026-05-02T00:49:38.644223,104.09,1.0082,106.51,1.083,1000.0,0.0,4.199,73.4,97,0,60.0,2026-05-02T00:50:38.644114,4.219
2026-05-02T00:49:39.573235,104.12,1.0047,106.54,1.0812,1000.0,0.0,4.199,73.4,97,0,60.0,2026-05-02T00:50:39.573076,4.219
2026-05-02T00:49:39.632515,104.12,1.0082,106.55,1.081,1000.0,0.0,4.199,73.4,97,0,60.0,2026-05-02T00:50:39.632389,4.219
2026-05-02T00:49:39.691681,104.12,1.0082,106.55,1.0809,1000.0,0.0,4.199,73.4,97,0,60.0,2026-05-02T00:50:39.691556,4.219
2026-05-02T00:49:40.641243,104.17,1.0231,106.58,1.0827,1000.0,0.0,4.199,73.4,97,0,60.0,2026-05-02T00:50:40.641082,4.219
2026-05-02T00:49:40.699682,104.17,1.0231,106.58,1.0881,1000.0,0.0,4.199,73.4,97,0,60.0,2026-05-02T00:50:40.699566,4.219
2026-05-02T00:49:41.645832,104.17,1.0231,106.61,1.0923,1000.0,0.0,4.199,73.4,97,0,60.0,2026-05-02T00:50:41.645642,4.219
2026-05-02T00:49:41.707159,104.2,1.0218,106.62,1.0931,1000.0,0.0,4.199,73.4,97,0,60.0,2026-05-02T00:50:41.706977,4.219
2026-05-02T00:49:41.766450,104.2,1.0218,106.62,1.0937,1000.0,0.0,4.199,73.4,97,0,60.0,2026-05-02T00:50:41.766316,4.219
2026-05-02T00:49:42.702467,104.24,1.0218,106.65,1.0948,1000.0,0.0,4.199,73.4,97,0,60.0,2026-05-02T00:50:42.702304,4.219
2026-05-02T00:49:42.767678,104.24,1.0218,106.65,1.0935,1000.0,0.0,4.199,73.4,97,0,60.0,2026-05-02T00:50:42.767549,4.219
2026-05-02T00:49:42.828749,104.24,1.0218,106.66,1.0939,1000.0,0.0,4.199,73.4,97,0,60.0,2026-05-02T00:50:42.828630,4.219
2026-05-02T00:49:43.769705,104.28,1.0218,106.68,1.0948,1000.0,0.0,4.199,73.4,97,0,60.0,2026-05-02T00:50:43.769548,4.219
2026-05-02T00:49:43.828587,104.28,1.0352,106.69,1.1009,1000.0,0.0,4.199,73.4,97,0,60.0,2026-05-02T00:50:43.828466,4.219
2026-05-02T00:49:43.887292,104.28,1.0352,106.69,1.1034,1000.0,0.0,4.199,73.4,97,0,60.0,2026-05-02T00:50:43.887164,4.219
2026-05-02T00:49:44.821468,104.3,1.0268,106.71,1.1053,1000.0,0.0,4.199,73.4,97,0,60.0,2026-05-02T00:50:44.821318,4.219
2026-05-02T00:49:44.879662,104.3,1.0268,106.71,1.1029,1000.0,0.0,4.199,73.4,97,0,60.0,2026-05-02T00:50:44.879563,4.219
2026-05-02T00:49:44.937381,104.3,1.0268,106.71,1.1018,1000.0,0.0,4.199,73.4,97,0,60.0,2026-05-02T00:50:44.937263,4.219
2026-05-02T00:49:45.973157,104.35,1.0258,106.75,1.1005,1000.0,0.0,4.199,73.3,97,0,60.0,2026-05-02T00:50:45.971963,4.219
2026-05-02T00:49:46.089938,104.35,1.0258,106.76,1.0998,1000.0,0.0,4.199,73.3,97,0,60.0,2026-05-02T00:50:46.089819,4.219
2026-05-02T00:49:46.891717,104.35,1.0258,106.79,1.1,1000.0,0.0,4.199,73.3,97,0,60.0,2026-05-02T00:50:46.891361,4.219
2026-05-02T00:49:46.973501,104.39,1.031,106.79,1.1004,1000.0,0.0,4.199,73.3,97,0,60.0,2026-05-02T00:50:46.973332,4.219
2026-05-02T00:49:47.079421,104.39,1.031,106.8,1.102,1000.0,0.0,4.199,73.3,97,0,60.0,2026-05-02T00:50:47.078935,4.219
2026-05-02T00:49:48.023640,104.44,1.031,106.83,1.1036,1000.0,0.0,4.199,73.3,97,0,60.0,2026-05-02T00:50:48.023265,4.219
2026-05-02T00:49:48.844439,104.44,1.031,106.86,1.104,1000.0,0.0,4.199,73.3,97,0,60.0,2026-05-02T00:50:48.832101,4.219
2026-05-02T00:49:49.070632,104.44,1.031,106.86,1.1043,1000.0,0.0,4.199,73.3,98,0,60.0,2026-05-02T00:50:49.070276,4.219
2026-05-02T00:49:49.182053,104.48,1.024,106.87,1.1037,1000.0,0.0,4.199,73.3,98,0,60.0,2026-05-02T00:50:49.181672,4.219
2026-05-02T00:49:49.362076,104.48,1.0293,106.88,1.103,1000.0,0.0,4.199,73.3,98,0,60.0,2026-05-02T00:50:49.361778,4.219
2026-05-02T00:49:49.518520,104.48,1.0293,106.89,1.1029,1000.0,0.0,4.199,73.3,98,0,60.0,2026-05-02T00:50:49.516353,4.219
2026-05-02T00:49:51.654388,104.53,1.0293,106.92,1.1024,1000.0,0.0,4.199,73.3,98,0,60.0,2026-05-02T00:50:51.653952,4.219
2026-05-02T00:49:52.072549,104.53,1.0412,106.96,1.112,1000.0,0.0,4.199,73.3,98,0,60.0,2026-05-02T00:50:52.062283,4.22
2026-05-02T00:49:52.153940,104.53,1.0412,106.96,1.1135,1000.0,0.0,4.199,73.3,97,0,60.0,2026-05-02T00:50:52.153787,4.219
2026-05-02T00:49:52.226131,104.57,1.031,106.97,1.1123,1000.0,0.0,4.199,73.3,97,0,60.0,2026-05-02T00:50:52.225934,4.219
2026-05-02T00:49:52.299151,104.57,1.031,106.97,1.1098,1000.0,0.0,4.199,73.3,97,0,60.0,2026-05-02T00:50:52.298987,4.219
2026-05-02T00:49:52.368696,104.57,1.031,106.98,1.1082,1000.0,0.0,4.199,73.3,97,0,60.0,2026-05-02T00:50:52.368533,4.219
2026-05-02T00:49:52.441194,104.61,1.031,106.99,1.1066,1000.0,0.0,4.199,73.3,97,0,60.0,2026-05-02T00:50:52.441038,4.219
2026-05-02T00:49:52.510299,104.61,1.031,107.0,1.106,1000.0,0.0,4.199,73.3,97,0,60.0,2026-05-02T00:50:52.510179,4.219
2026-05-02T00:49:53.224569,104.66,1.031,107.04,1.106,1000.0,0.0,4.199,73.2,97,0,60.0,2026-05-02T00:50:53.224406,4.219
2026-05-02T00:49:53.286084,104.66,1.0353,107.05,1.106,1000.0,0.0,4.199,73.2,97,0,60.0,2026-05-02T00:50:53.285931,4.219
2026-05-02T00:49:53.344852,104.66,1.0353,107.06,1.107,1000.0,0.0,4.199,73.2,97,0,60.0,2026-05-02T00:50:53.344731,4.219
2026-05-02T00:49:54.242346,104.7,1.0353,107.09,1.1086,1000.0,0.0,4.199,73.2,97,0,60.0,2026-05-02T00:50:54.242165,4.219
2026-05-02T00:49:54.301580,104.7,1.0353,107.1,1.1082,1000.0,0.0,4.199,73.2,97,0,60.0,2026-05-02T00:50:54.301454,4.219
2026-05-02T00:49:54.360832,104.7,1.0353,107.1,1.1085,1000.0,0.0,4.199,73.2,97,0,60.0,2026-05-02T00:50:54.360673,4.219
2026-05-02T00:49:55.294165,104.73,1.0293,107.14,1.1075,1000.0,0.0,4.199,73.2,97,0,60.0,2026-05-02T00:50:55.293983,4.219
2026-05-02T00:49:55.354288,104.73,1.0344,107.14,1.1077,1000.0,0.0,4.199,73.2,97,0,60.0,2026-05-02T00:50:55.354153,4.219
2026-05-02T00:49:55.415370,104.73,1.0344,107.14,1.1078,1000.0,0.0,4.199,73.2,97,0,60.0,2026-05-02T00:50:55.415237,4.219
2026-05-02T00:49:56.343857,104.76,1.0402,107.17,1.1091,1000.0,0.0,4.199,73.2,97,0,60.0,2026-05-02T00:50:56.343667,4.219
2026-05-02T00:49:56.402956,104.76,1.0402,107.17,1.1111,1000.0,0.0,4.199,73.2,97,0,60.0,2026-05-02T00:50:56.402807,4.219
2026-05-02T00:49:57.358038,104.76,1.0402,107.2,1.1133,1000.0,0.0,4.199,73.2,97,0,60.0,2026-05-02T00:50:57.357861,4.219
2026-05-02T00:49:57.418841,104.79,1.0353,107.2,1.1112,1000.0,0.0,4.199,73.2,97,0,60.0,2026-05-02T00:50:57.418696,4.219
2026-05-02T00:49:57.477940,104.79,1.0353,107.2,1.1104,1000.0,0.0,4.199,73.2,97,0,60.0,2026-05-02T00:50:57.477820,4.219
2026-05-02T00:49:58.416359,104.85,1.0353,107.24,1.1104,1000.0,0.0,4.199,73.2,98,0,60.0,2026-05-02T00:50:58.416083,4.219
2026-05-02T00:49:58.508169,104.85,1.0353,107.25,1.1096,1000.0,0.0,4.199,73.2,98,0,60.0,2026-05-02T00:50:58.508001,4.219
2026-05-02T00:49:58.573711,104.85,1.0353,107.26,1.1094,1000.0,0.0,4.199,73.2,98,0,60.0,2026-05-02T00:50:58.573528,4.219
2026-05-02T00:49:59.482248,104.87,1.0353,107.28,1.1098,1000.0,0.0,4.199,73.2,98,0,60.0,2026-05-02T00:50:59.482039,4.219
2026-05-02T00:49:59.544779,104.87,1.0452,107.28,1.1135,1000.0,0.0,4.199,73.2,98,0,60.0,2026-05-02T00:50:59.544620,4.219
2026-05-02T00:49:59.606711,104.87,1.0452,107.28,1.1155,1000.0,0.0,4.199,73.2,98,0,60.0,2026-05-02T00:50:59.606554,4.219
2026-05-02T00:50:00.538043,104.9,1.0402,107.31,1.1174,1000.0,0.0,4.199,73.2,98,0,60.0,2026-05-02T00:51:00.537858,4.219
2026-05-02T00:50:00.602627,104.9,1.0402,107.31,1.1161,1000.0,0.0,4.199,73.2,98,0,60.0,2026-05-02T00:51:00.602448,4.219
2026-05-02T00:50:00.667712,104.9,1.0402,107.32,1.1155,1000.0,0.0,4.199,73.2,98,0,60.0,2026-05-02T00:51:00.667537,4.219
2026-05-02T00:50:01.580535,104.94,1.0402,107.35,1.1151,1000.0,0.0,4.199,73.1,98,0,60.0,2026-05-02T00:51:01.580347,4.219
2026-05-02T00:50:01.644613,104.94,1.0402,107.35,1.1148,1000.0,0.0,4.199,73.1,98,0,60.0,2026-05-02T00:51:01.644358,4.219
2026-05-02T00:50:02.603309,104.94,1.0402,107.38,1.1155,1000.0,0.0,4.199,73.1,98,0,60.0,2026-05-02T00:51:02.603117,4.219
2026-05-02T00:50:02.669774,104.97,1.0394,107.38,1.1145,1000.0,0.0,4.199,73.1,98,0,60.0,2026-05-02T00:51:02.669573,4.219
2026-05-02T00:50:02.734813,104.97,1.0394,107.39,1.1142,1000.0,0.0,4.199,73.1,98,0,60.0,2026-05-02T00:51:02.734654,4.219
2026-05-02T00:50:03.658738,105.01,1.0394,107.42,1.1145,1000.0,0.0,4.199,73.1,98,0,60.0,2026-05-02T00:51:03.658571,4.219
2026-05-02T00:50:03.726079,105.01,1.0394,107.42,1.1137,1000.0,0.0,4.199,73.1,98,0,60.0,2026-05-02T00:51:03.725883,4.219
2026-05-02T00:50:03.799960,105.01,1.0394,107.42,1.1136,1000.0,0.0,4.199,73.1,98,0,60.0,2026-05-02T00:51:03.799756,4.219
2026-05-02T00:50:04.719841,105.03,1.0369,107.45,1.1137,1000.0,0.0,4.199,73.1,98,0,60.0,2026-05-02T00:51:04.719659,4.219
2026-05-02T00:50:04.793625,105.03,1.0412,107.45,1.114,1000.0,0.0,4.199,73.1,98,0,60.0,2026-05-02T00:51:04.793417,4.219
2026-05-02T00:50:04.869821,105.03,1.0412,107.45,1.1145,1000.0,0.0,4.199,73.1,98,0,60.0,2026-05-02T00:51:04.869613,4.219
2026-05-02T00:50:05.772962,105.08,1.0546,107.48,1.1173,1000.0,0.0,4.199,73.1,98,0,60.0,2026-05-02T00:51:05.772746,4.219
2026-05-02T00:50:05.850106,105.08,1.0569,107.49,1.1234,1000.0,0.0,4.199,73.1,98,0,60.0,2026-05-02T00:51:05.849950,4.219
2026-05-02T00:50:05.924984,105.08,1.0569,107.49,1.1261,1000.0,0.0,4.199,73.1,98,0,60.0,2026-05-02T00:51:05.924809,4.219
2026-05-02T00:50:06.836869,105.14,1.0569,107.53,1.1289,1000.0,0.0,4.199,73.1,98,0,60.0,2026-05-02T00:51:06.836677,4.219
2026-05-02T00:50:06.921760,105.14,1.0569,107.54,1.1299,1000.0,0.0,4.199,73.1,98,0,60.0,2026-05-02T00:51:06.921577,4.219
2026-05-02T00:50:07.895726,105.14,1.0569,107.57,1.1314,1000.0,0.0,4.199,73.1,98,0,60.0,2026-05-02T00:51:07.895402,4.219
2026-05-02T00:50:08.040244,105.17,1.0578,107.58,1.1302,1000.0,0.0,4.199,73.1,98,0,60.0,2026-05-02T00:51:08.040030,4.219
2026-05-02T00:50:08.217687,105.17,1.0578,107.58,1.1312,1000.0,0.0,4.199,73.1,98,0,60.0,2026-05-02T00:51:08.216194,4.219
2026-05-02T00:50:08.897644,105.21,1.0578,107.61,1.1324,1000.0,0.0,4.199,73.1,98,0,60.0,2026-05-02T00:51:08.897465,4.219
2026-05-02T00:50:08.960608,105.21,1.0587,107.61,1.1327,1000.0,0.0,4.199,73.1,98,0,60.0,2026-05-02T00:51:08.960401,4.219
2026-05-02T00:50:09.025169,105.21,1.0587,107.62,1.1329,1000.0,0.0,4.199,73.1,98,0,60.0,2026-05-02T00:51:09.024991,4.219
2026-05-02T00:50:09.960753,105.25,1.058,107.65,1.1335,1000.0,0.0,4.199,73.0,98,0,60.0,2026-05-02T00:51:09.960509,4.219
2026-05-02T00:50:10.036788,105.25,1.0681,107.66,1.137,1000.0,0.0,4.199,73.0,98,0,60.0,2026-05-02T00:51:10.036591,4.219
2026-05-02T00:50:10.122572,105.25,1.0681,107.66,1.1392,1000.0,0.0,4.199,73.0,98,0,60.0,2026-05-02T00:51:10.122337,4.219
2026-05-02T00:50:11.015477,105.3,1.0647,107.7,1.1414,1000.0,0.0,4.199,73.0,98,0,60.0,2026-05-02T00:51:11.014911,4.219
2026-05-02T00:50:11.159685,105.3,1.0672,107.7,1.1417,1000.0,0.0,4.199,73.0,98,0,60.0,2026-05-02T00:51:11.159098,4.219
2026-05-02T00:50:11.364959,105.3,1.0672,107.71,1.142,1000.0,0.0,4.199,73.0,98,0,60.0,2026-05-02T00:51:11.364564,4.219
2026-05-02T00:50:12.071997,105.32,1.0646,107.72,1.141,1000.0,0.0,4.199,73.0,98,0,60.0,2026-05-02T00:51:12.071766,4.219
2026-05-02T00:50:12.339945,105.32,1.0646,107.73,1.1404,1000.0,0.0,4.199,73.0,98,0,60.0,2026-05-02T00:51:12.331320,4.219
2026-05-02T00:50:14.471675,105.32,1.0646,107.76,1.1406,1000.0,0.0,4.199,73.0,98,0,60.0,2026-05-02T00:51:14.470640,4.22
2026-05-02T00:50:14.550648,105.36,1.0646,107.76,1.1393,1000.0,0.0,4.199,73.0,98,0,60.0,2026-05-02T00:51:14.550396,4.219
2026-05-02T00:50:14.621097,105.36,1.0646,107.76,1.1394,1000.0,0.0,4.199,73.0,98,0,60.0,2026-05-02T00:51:14.620926,4.219
2026-05-02T00:50:14.694153,105.39,1.0646,107.77,1.1394,1000.0,0.0,4.199,73.0,98,0,60.0,2026-05-02T00:51:14.693924,4.219
2026-05-02T00:50:14.767000,105.39,1.0636,107.78,1.1383,1000.0,0.0,4.199,73.0,98,0,60.0,2026-05-02T00:51:14.766824,4.219
2026-05-02T00:50:14.838192,105.39,1.0636,107.78,1.1384,1000.0,0.0,4.199,73.0,98,0,60.0,2026-05-02T00:51:14.837918,4.219
2026-05-02T00:50:15.213878,105.42,1.0478,107.8,1.1371,1000.0,0.0,4.199,73.0,98,0,60.0,2026-05-02T00:51:15.213719,4.219
2026-05-02T00:50:15.282104,105.42,1.0614,107.81,1.1359,1000.0,0.0,4.199,73.0,98,0,60.0,2026-05-02T00:51:15.281934,4.219
2026-05-02T00:50:15.342726,105.42,1.0614,107.82,1.136,1000.0,0.0,4.199,73.0,98,0,60.0,2026-05-02T00:51:15.342588,4.219
2026-05-02T00:50:16.247146,105.44,1.0614,107.85,1.1368,1000.0,0.0,4.199,73.0,98,0,60.0,2026-05-02T00:51:16.246989,4.219
2026-05-02T00:50:16.306488,105.44,1.063,107.85,1.1373,1000.0,0.0,4.199,73.0,98,0,60.0,2026-05-02T00:51:16.306355,4.219
2026-05-02T00:50:16.366360,105.44,1.063,107.85,1.1376,1000.0,0.0,4.199,73.0,98,0,60.0,2026-05-02T00:51:16.366227,4.219
2026-05-02T00:50:17.295576,105.48,1.0639,107.88,1.1382,1000.0,0.0,4.199,73.0,98,0,60.0,2026-05-02T00:51:17.295415,4.219
2026-05-02T00:50:17.355768,105.48,1.0639,107.88,1.1385,1000.0,0.0,4.199,73.0,98,0,60.0,2026-05-02T00:51:17.355672,4.219
2026-05-02T00:50:18.318702,105.48,1.0639,107.91,1.1396,1000.0,0.0,4.199,73.0,98,0,60.0,2026-05-02T00:51:18.318519,4.219
2026-05-02T00:50:18.397993,105.52,1.0654,107.92,1.1396,1000.0,0.0,4.199,73.0,98,0,60.0,2026-05-02T00:51:18.397842,4.219
2026-05-02T00:50:18.459206,105.52,1.0654,107.92,1.14,1000.0,0.0,4.199,73.0,98,0,60.0,2026-05-02T00:51:18.459100,4.219
2026-05-02T00:50:19.359089,105.54,1.0654,107.95,1.141,1000.0,0.0,4.199,72.9,98,0,60.0,2026-05-02T00:51:19.358967,4.219
2026-05-02T00:50:19.420273,105.54,1.0722,107.95,1.1432,1000.0,0.0,4.199,72.9,98,0,60.0,2026-05-02T00:51:19.420147,4.219
2026-05-02T00:50:19.480586,105.54,1.0722,107.95,1.1447,1000.0,0.0,4.199,72.9,98,0,60.0,2026-05-02T00:51:19.480472,4.219
2026-05-02T00:50:20.417478,105.6,1.0722,107.98,1.1468,1000.0,0.0,4.199,72.9,98,0,60.0,2026-05-02T00:51:20.417284,4.219
2026-05-02T00:50:20.482221,105.6,1.0732,107.99,1.1476,1000.0,0.0,4.199,72.9,98,0,60.0,2026-05-02T00:51:20.482059,4.219
2026-05-02T00:50:20.546136,105.6,1.0732,107.99,1.1479,1000.0,0.0,4.199,72.9,98,0,60.0,2026-05-02T00:51:20.545972,4.219
2026-05-02T00:50:21.474148,105.64,1.0713,108.03,1.1483,1000.0,0.0,4.199,72.9,98,0,60.0,2026-05-02T00:51:21.473976,4.219
2026-05-02T00:50:21.540010,105.64,1.0715,108.03,1.1477,1000.0,0.0,4.199,72.9,98,0,60.0,2026-05-02T00:51:21.539887,4.219
2026-05-02T00:50:21.608750,105.64,1.0715,108.04,1.1474,1000.0,0.0,4.199,72.9,98,0,60.0,2026-05-02T00:51:21.608601,4.219
2026-05-02T00:50:22.543664,105.66,1.0758,108.06,1.148,1000.0,0.0,4.199,72.9,98,0,60.0,2026-05-02T00:51:22.543465,4.219
2026-05-02T00:50:22.637810,105.66,1.0758,108.06,1.1494,1000.0,0.0,4.199,72.9,98,0,60.0,2026-05-02T00:51:22.637627,4.219
2026-05-02T00:50:23.544676,105.66,1.0758,108.09,1.1511,1000.0,0.0,4.199,72.9,98,0,60.0,2026-05-02T00:51:23.544487,4.219
2026-05-02T00:50:23.621450,105.7,1.0825,108.1,1.1534,1000.0,0.0,4.199,72.9,98,0,60.0,2026-05-02T00:51:23.621253,4.219
2026-05-02T00:50:23.716801,105.7,1.0825,108.1,1.1553,1000.0,0.0,4.199,72.9,98,0,60.0,2026-05-02T00:51:23.716359,4.219
2026-05-02T00:50:24.600810,105.72,1.0825,108.13,1.1574,1000.0,0.0,4.199,72.9,99,0,60.0,2026-05-02T00:51:24.600617,4.219
2026-05-02T00:50:24.670021,105.72,1.0825,108.12,1.1578,1000.0,0.0,4.199,72.9,99,0,60.0,2026-05-02T00:51:24.669854,4.219
2026-05-02T00:50:24.747543,105.72,1.0825,108.12,1.1579,1000.0,0.0,4.199,72.9,99,0,60.0,2026-05-02T00:51:24.747210,4.219
2026-05-02T00:50:25.681686,105.77,1.0825,108.16,1.1587,1000.0,0.0,4.199,72.9,99,0,60.0,2026-05-02T00:51:25.680664,4.219
2026-05-02T00:50:25.747430,105.77,1.0943,108.16,1.164,1000.0,0.0,4.199,72.9,99,0,60.0,2026-05-02T00:51:25.747271,4.219
2026-05-02T00:50:25.812149,105.77,1.0943,108.17,1.1662,1000.0,0.0,4.199,72.9,99,0,60.0,2026-05-02T00:51:25.811977,4.219
2026-05-02T00:50:26.735994,105.8,1.0817,108.2,1.1654,1000.0,0.0,4.199,72.9,98,0,60.0,2026-05-02T00:51:26.735681,4.219
2026-05-02T00:50:26.810893,105.8,1.09,108.2,1.1656,1000.0,0.0,4.199,72.9,98,0,60.0,2026-05-02T00:51:26.810728,4.219
2026-05-02T00:50:26.882246,105.8,1.09,108.2,1.1657,1000.0,0.0,4.199,72.9,98,0,60.0,2026-05-02T00:51:26.882077,4.219
2026-05-02T00:50:27.759309,105.82,1.0807,108.23,1.1629,1000.0,0.0,4.199,72.9,98,0,60.0,2026-05-02T00:51:27.759178,4.219
2026-05-02T00:50:27.817811,105.82,1.0807,108.23,1.1604,1000.0,0.0,4.199,72.9,98,0,60.0,2026-05-02T00:51:27.817696,4.219
2026-05-02T00:50:28.777267,105.82,1.0807,108.25,1.1595,1000.0,0.0,4.199,72.9,98,0,60.0,2026-05-02T00:51:28.777094,4.219
2026-05-02T00:50:28.837655,105.85,1.0807,108.25,1.1575,1000.0,0.0,4.199,72.8,98,0,60.0,2026-05-02T00:51:28.837492,4.219
2026-05-02T00:50:28.897078,105.85,1.0807,108.26,1.1571,1000.0,0.0,4.199,72.8,98,0,60.0,2026-05-02T00:51:28.896949,4.219
2026-05-02T00:50:29.843414,105.88,1.0807,108.28,1.1575,1000.0,0.0,4.199,72.8,98,0,60.0,2026-05-02T00:51:29.843258,4.219
2026-05-02T00:50:29.902747,105.88,1.0857,108.28,1.1587,1000.0,0.0,4.199,72.8,98,0,60.0,2026-05-02T00:51:29.902620,4.219
2026-05-02T00:50:29.961416,105.88,1.0857,108.29,1.1598,1000.0,0.0,4.199,72.8,98,0,60.0,2026-05-02T00:51:29.961286,4.219
2026-05-02T00:50:30.899855,105.91,1.0841,108.31,1.1611,1000.0,0.0,4.199,72.8,98,0,60.0,2026-05-02T00:51:30.899715,4.219
2026-05-02T00:50:30.959495,105.91,1.0884,108.32,1.1622,1000.0,0.0,4.199,72.8,98,0,60.0,2026-05-02T00:51:30.959362,4.219
2026-05-02T00:50:31.023604,105.91,1.0884,108.32,1.163,1000.0,0.0,4.199,72.8,98,0,60.0,2026-05-02T00:51:31.023463,4.219
2026-05-02T00:50:31.954638,105.95,1.0867,108.35,1.1641,1000.0,0.0,4.199,72.8,98,0,60.0,2026-05-02T00:51:31.954483,4.219
2026-05-02T00:50:32.020221,105.95,1.0867,108.35,1.1635,1000.0,0.0,4.199,72.8,98,0,60.0,2026-05-02T00:51:32.020027,4.219
2026-05-02T00:50:32.081199,105.95,1.0867,108.35,1.1632,1000.0,0.0,4.199,72.8,98,0,60.0,2026-05-02T00:51:32.081071,4.219
2026-05-02T00:50:33.015224,105.97,1.0867,108.38,1.1627,1000.0,0.0,4.199,72.8,98,0,60.0,2026-05-02T00:51:33.014870,4.219
2026-05-02T00:50:33.109779,105.97,1.0867,108.38,1.1627,1000.0,0.0,4.199,72.8,98,0,60.0,2026-05-02T00:51:33.090228,4.219
2026-05-02T00:50:34.021001,105.97,1.0867,108.41,1.1636,1000.0,0.0,4.199,72.8,98,0,60.0,2026-05-02T00:51:34.020827,4.219
2026-05-02T00:50:34.082261,106.04,1.0875,108.42,1.1625,1000.0,0.0,4.199,72.8,98,0,60.0,2026-05-02T00:51:34.082065,4.219
2026-05-02T00:50:34.140844,106.04,1.0875,108.43,1.163,1000.0,0.0,4.199,72.8,98,0,60.0,2026-05-02T00:51:34.140714,4.219
2026-05-02T00:50:35.075845,106.07,1.0875,108.46,1.164,1000.0,0.0,4.199,72.8,98,0,60.0,2026-05-02T00:51:35.075170,4.219
2026-05-02T00:50:35.272753,106.07,1.0875,108.47,1.1627,1000.0,0.0,4.199,72.8,98,0,60.0,2026-05-02T00:51:35.247669,4.219
2026-05-02T00:50:35.397599,106.07,1.0875,108.47,1.1633,1000.0,0.0,4.199,72.8,98,0,60.0,2026-05-02T00:51:35.397400,4.219
2026-05-02T00:50:36.172648,106.12,1.0875,108.5,1.164,1000.0,0.0,4.199,72.8,98,0,60.0,2026-05-02T00:51:36.160001,4.219
2026-05-02T00:50:36.305634,106.12,1.0951,108.51,1.1671,1000.0,0.0,4.199,72.8,98,0,60.0,2026-05-02T00:51:36.305479,4.219
2026-05-02T00:50:36.381448,106.12,1.0951,108.52,1.1687,1000.0,0.0,4.199,72.8,98,0,60.0,2026-05-02T00:51:36.381210,4.219
2026-05-02T00:50:37.198283,106.15,1.0985,108.54,1.1702,1000.0,0.0,4.199,72.7,98,0,60.0,2026-05-02T00:51:37.198008,4.219
2026-05-02T00:50:37.273147,106.15,1.0985,108.55,1.1723,1000.0,0.0,4.199,72.7,98,0,60.0,2026-05-02T00:51:37.272974,4.219
2026-05-02T00:50:37.350849,106.15,1.0985,108.55,1.1732,1000.0,0.0,4.199,72.7,98,0,60.0,2026-05-02T00:51:37.350601,4.219
2026-05-02T00:50:38.236438,106.19,1.0985,108.58,1.1728,1000.0,0.0,4.199,72.7,98,0,60.0,2026-05-02T00:51:38.236261,4.219
2026-05-02T00:50:38.299060,106.19,1.0985,108.59,1.1738,1000.0,0.0,4.199,72.7,98,0,60.0,2026-05-02T00:51:38.298878,4.219
2026-05-02T00:50:39.250973,106.19,1.0985,108.62,1.1751,1000.0,0.0,4.199,72.7,98,0,60.0,2026-05-02T00:51:39.250778,4.219
2026-05-02T00:50:39.316919,106.22,1.0915,108.62,1.1717,1000.0,0.0,4.199,72.7,98,0,60.0,2026-05-02T00:51:39.316775,4.219
2026-05-02T00:50:39.381412,106.22,1.0915,108.62,1.1703,1000.0,0.0,4.199,72.7,98,0,60.0,2026-05-02T00:51:39.381276,4.219
2026-05-02T00:50:40.308807,106.25,1.0915,108.65,1.1698,1000.0,0.0,4.199,72.7,98,0,60.0,2026-05-02T00:51:40.308615,4.219
2026-05-02T00:50:40.370297,106.25,1.0915,108.65,1.1685,1000.0,0.0,4.199,72.7,98,0,60.0,2026-05-02T00:51:40.370147,4.219
2026-05-02T00:50:40.430291,106.25,1.0915,108.65,1.1683,1000.0,0.0,4.199,72.7,98,0,60.0,2026-05-02T00:51:40.430156,4.219
