timestamp,T_actual,P_actual_gauge,T_predicted,P_predicted,Q_watts,flow_lpm,water_L,eta_instant,health_score,anomaly_flag,prediction_horizon_s,prediction_target_timestamp,L_predicted
2026-04-30T21:10:31.464297,18.93,0,18.93,0.0,0.0,0.0,0,0.0,100,0,60.0,2026-04-30T21:11:31.464124,4.193
2026-04-30T21:10:31.521909,18.93,0,21.97,0.0,1000.0,0.0,0,100,100,0,60.0,2026-04-30T21:11:31.521764,4.203
2026-04-30T21:10:32.498639,18.93,0,22.06,0.0,1000.0,0.0,4.199,100,100,0,60.0,2026-04-30T21:11:32.498483,4.203
2026-04-30T21:10:32.556376,18.97,0,22.1,0.0,1000.0,0.0,4.199,100,100,0,60.0,2026-04-30T21:11:32.556234,4.203
2026-04-30T21:10:32.617702,18.97,0,22.11,0.0,1000.0,0.0,4.199,100,100,0,60.0,2026-04-30T21:11:32.617582,4.203
2026-04-30T21:10:33.545925,18.97,0,22.15,0.0,1000.0,0.0,4.199,100,100,0,60.0,2026-04-30T21:11:33.545772,4.203
2026-04-30T21:10:33.603874,18.97,0,22.15,0.0,1000.0,0.0,4.199,100,100,0,60.0,2026-04-30T21:11:33.603727,4.203
2026-04-30T21:10:33.659576,18.97,0,22.14,0.0,1000.0,0.0,4.199,100,100,0,60.0,2026-04-30T21:11:33.659444,4.203
2026-04-30T21:10:34.596745,19.04,0,22.19,0.0,1000.0,0.0,4.199,100,100,0,60.0,2026-04-30T21:11:34.596583,4.203
2026-04-30T21:10:34.652701,19.04,0,22.19,0.0,1000.0,0.0,4.199,100,100,0,60.0,2026-04-30T21:11:34.652565,4.203
2026-04-30T21:10:34.708548,19.04,0,22.2,0.0,1000.0,0.0,4.199,100,100,0,60.0,2026-04-30T21:11:34.708429,4.203
2026-04-30T21:10:35.669471,19.04,0,22.22,0.0,1000.0,0.0,4.199,100,100,0,60.0,2026-04-30T21:11:35.669283,4.203
2026-04-30T21:10:35.728137,19.04,0,22.22,0.0,1000.0,0.0,4.199,100,100,0,60.0,2026-04-30T21:11:35.727956,4.203
2026-04-30T21:10:35.788809,19.04,0,22.21,0.0,1000.0,0.0,4.199,100,100,0,60.0,2026-04-30T21:11:35.788637,4.203
2026-04-30T21:10:36.720158,19.1,0,22.26,0.0,1000.0,0.0,4.199,100,100,0,60.0,2026-04-30T21:11:36.719925,4.203
2026-04-30T21:10:36.779295,19.1,0,22.26,0.0,1000.0,0.0,4.199,100,100,0,60.0,2026-04-30T21:11:36.779131,4.203
2026-04-30T21:10:37.738208,19.1,0,22.3,0.0,1000.0,0.0,4.199,100,100,0,60.0,2026-04-30T21:11:37.738004,4.203
2026-04-30T21:10:37.797767,19.18,0,22.32,0.0,1000.0,0.0,4.199,100,100,0,60.0,2026-04-30T21:11:37.797583,4.203
2026-04-30T21:10:37.857735,19.18,0,22.33,0.0,1000.0,0.0,4.199,100,100,0,60.0,2026-04-30T21:11:37.857575,4.203
2026-04-30T21:10:38.792406,19.27,0,22.38,0.0,1000.0,0.0,4.199,100,100,0,60.0,2026-04-30T21:11:38.792236,4.203
2026-04-30T21:10:38.853852,19.27,0,22.41,0.0,1000.0,0.0,4.199,100,100,0,60.0,2026-04-30T21:11:38.853663,4.203
2026-04-30T21:10:38.915373,19.27,0,22.42,0.0,1000.0,0.0,4.199,100,100,0,60.0,2026-04-30T21:11:38.915016,4.203
2026-04-30T21:10:39.846846,19.36,0,22.48,0.0,1000.0,0.0,4.199,100,100,0,60.0,2026-04-30T21:11:39.846671,4.203
2026-04-30T21:10:39.907845,19.36,0,22.5,0.0,1000.0,0.0,4.199,100,100,0,60.0,2026-04-30T21:11:39.907675,4.203
2026-04-30T21:10:39.974387,19.36,0,22.51,0.0,1000.0,0.0,4.199,100,100,0,60.0,2026-04-30T21:11:39.974234,4.203
2026-04-30T21:10:40.900479,19.45,0,22.57,0.0,1000.0,0.0,4.199,100,100,0,60.0,2026-04-30T21:11:40.900279,4.203
2026-04-30T21:10:41.006207,19.45,0,22.59,0.0,1000.0,0.0,4.199,100,100,0,60.0,2026-04-30T21:11:40.981380,4.203
2026-04-30T21:10:41.111666,19.45,0,22.6,0.0,1000.0,0.0,4.199,100,100,0,60.0,2026-04-30T21:11:41.111501,4.203
2026-04-30T21:10:41.956502,19.53,0,22.66,0.0,1000.0,0.0,4.199,100,100,0,60.0,2026-04-30T21:11:41.956298,4.203
2026-04-30T21:10:42.016313,19.53,0,22.68,0.0,1000.0,0.0,4.199,100,100,0,60.0,2026-04-30T21:11:42.016154,4.203
2026-04-30T21:10:42.959651,19.53,0,22.72,0.0,1000.0,0.0,4.199,100,100,0,60.0,2026-04-30T21:11:42.959487,4.203
2026-04-30T21:10:43.019070,19.62,0,22.75,0.0,1000.0,0.0,4.199,100,100,0,60.0,2026-04-30T21:11:43.018846,4.203
2026-04-30T21:10:43.078856,19.62,0,22.77,0.0,1000.0,0.0,4.199,100,100,0,60.0,2026-04-30T21:11:43.078719,4.203
2026-04-30T21:10:44.021943,19.7,0,22.82,0.0,1000.0,0.0,4.199,100,100,0,60.0,2026-04-30T21:11:44.021760,4.203
2026-04-30T21:10:44.083434,19.7,0,22.84,0.0,1000.0,0.0,4.199,100,100,0,60.0,2026-04-30T21:11:44.083147,4.203
2026-04-30T21:10:44.144657,19.7,0,22.85,0.0,1000.0,0.0,4.199,100,100,0,60.0,2026-04-30T21:11:44.144463,4.203
2026-04-30T21:10:45.072140,19.78,0,22.91,0.0,1000.0,0.0,4.199,100,100,0,60.0,2026-04-30T21:11:45.071969,4.203
2026-04-30T21:10:45.133796,19.78,0,22.92,0.0,1000.0,0.0,4.199,100,100,0,60.0,2026-04-30T21:11:45.133625,4.203
2026-04-30T21:10:45.193720,19.78,0,22.93,0.0,1000.0,0.0,4.199,100,100,0,60.0,2026-04-30T21:11:45.193525,4.203
2026-04-30T21:10:46.134916,19.85,0,22.99,0.0,1000.0,0.0,4.199,100,100,0,60.0,2026-04-30T21:11:46.134732,4.203
2026-04-30T21:10:46.194953,19.85,0,23.0,0.0,1000.0,0.0,4.199,100,100,0,60.0,2026-04-30T21:11:46.194807,4.203
2026-04-30T21:10:46.257844,19.85,0,23.01,0.0,1000.0,0.0,4.199,100,100,0,60.0,2026-04-30T21:11:46.257677,4.203
2026-04-30T21:10:47.176874,19.93,0,23.07,0.0,1000.0,0.0,4.199,100,100,0,60.0,2026-04-30T21:11:47.176718,4.203
2026-04-30T21:10:47.235477,19.93,0,23.08,0.0,1000.0,0.0,4.199,100,100,0,60.0,2026-04-30T21:11:47.235313,4.203
2026-04-30T21:10:48.215425,19.93,0,23.12,0.0,1000.0,0.0,4.199,100,100,0,60.0,2026-04-30T21:11:48.215000,4.203
2026-04-30T21:10:48.285985,20.01,0,23.15,0.0,1000.0,0.0,4.199,100,100,0,60.0,2026-04-30T21:11:48.285805,4.203
2026-04-30T21:10:48.347328,20.01,0,23.16,0.0,1000.0,0.0,4.199,100,100,0,60.0,2026-04-30T21:11:48.347158,4.203
2026-04-30T21:10:49.263973,20.08,0,23.21,0.0,1000.0,0.0,4.199,100,100,0,60.0,2026-04-30T21:11:49.263810,4.203
2026-04-30T21:10:49.320835,20.08,0,23.23,0.0,1000.0,0.0,4.199,100,100,0,60.0,2026-04-30T21:11:49.320695,4.203
2026-04-30T21:10:49.375842,20.08,0,23.23,0.0,1000.0,0.0,4.199,100,100,0,60.0,2026-04-30T21:11:49.375716,4.203
2026-04-30T21:10:50.307525,20.15,0,23.29,0.0,1000.0,0.0,4.199,100,99,0,60.0,2026-04-30T21:11:50.307369,4.203
2026-04-30T21:10:50.363577,20.15,0,23.3,0.0,1000.0,0.0,4.199,100,99,0,60.0,2026-04-30T21:11:50.363450,4.203
2026-04-30T21:10:50.418815,20.15,0,23.3,0.0,1000.0,0.0,4.199,100,99,0,60.0,2026-04-30T21:11:50.418708,4.203
2026-04-30T21:10:51.358440,20.2,0,23.35,0.0,1000.0,0.0,4.199,100,99,0,60.0,2026-04-30T21:11:51.358258,4.203
2026-04-30T21:10:51.416231,20.2,0,23.36,0.0,1000.0,0.0,4.199,100,99,0,60.0,2026-04-30T21:11:51.416077,4.203
2026-04-30T21:10:51.472379,20.2,0,23.36,0.0,1000.0,0.0,4.199,100,99,0,60.0,2026-04-30T21:11:51.472224,4.203
2026-04-30T21:10:52.423173,20.26,0,23.41,0.0,1000.0,0.0,4.199,100,99,0,60.0,2026-04-30T21:11:52.423015,4.203
2026-04-30T21:10:52.477959,20.26,0,23.42,0.0,1000.0,0.0,4.199,100,99,0,60.0,2026-04-30T21:11:52.477827,4.203
2026-04-30T21:10:53.429947,20.26,0,23.46,0.0,1000.0,0.0,4.199,100,99,0,60.0,2026-04-30T21:11:53.429800,4.203
2026-04-30T21:10:53.487318,20.32,0,23.47,0.0,1000.0,0.0,4.199,100,99,0,60.0,2026-04-30T21:11:53.487158,4.203
2026-04-30T21:10:53.545045,20.32,0,23.48,0.0,1000.0,0.0,4.199,100,99,0,60.0,2026-04-30T21:11:53.544887,4.203
2026-04-30T21:10:54.493064,20.38,0,23.52,0.0,1000.0,0.0,4.199,100,99,0,60.0,2026-04-30T21:11:54.492887,4.203
2026-04-30T21:10:54.550805,20.38,0,23.53,0.0,1000.0,0.0,4.199,100,99,0,60.0,2026-04-30T21:11:54.550637,4.203
2026-04-30T21:10:54.606829,20.38,0,23.54,0.0,1000.0,0.0,4.199,100,99,0,60.0,2026-04-30T21:11:54.606708,4.203
2026-04-30T21:10:55.538910,20.43,0,23.58,0.0,1000.0,0.0,4.199,100,99,0,60.0,2026-04-30T21:11:55.538801,4.203
2026-04-30T21:10:55.596327,20.43,0,23.59,0.0,1000.0,0.0,4.199,100,99,0,60.0,2026-04-30T21:11:55.596221,4.203
2026-04-30T21:10:55.656175,20.43,0,23.59,0.0,1000.0,0.0,4.199,100,99,0,60.0,2026-04-30T21:11:55.656082,4.203
2026-04-30T21:10:56.594499,20.49,0,23.64,0.0,1000.0,0.0,4.199,100,99,0,60.0,2026-04-30T21:11:56.594324,4.203
2026-04-30T21:10:56.650483,20.49,0,23.65,0.0,1000.0,0.0,4.199,100,99,0,60.0,2026-04-30T21:11:56.650358,4.203
2026-04-30T21:10:56.706088,20.49,0,23.65,0.0,1000.0,0.0,4.199,100,99,0,60.0,2026-04-30T21:11:56.705974,4.203
2026-04-30T21:10:57.658495,20.55,0,23.7,0.0,1000.0,0.0,4.199,100,99,0,60.0,2026-04-30T21:11:57.658318,4.203
2026-04-30T21:10:57.714366,20.55,0,23.71,0.0,1000.0,0.0,4.199,100,99,0,60.0,2026-04-30T21:11:57.714253,4.203
2026-04-30T21:10:58.667703,20.55,0,23.75,0.0,1000.0,0.0,4.199,100,99,0,60.0,2026-04-30T21:11:58.667537,4.203
2026-04-30T21:10:58.725831,20.6,0,23.76,0.0,1000.0,0.0,4.199,100,99,0,60.0,2026-04-30T21:11:58.725682,4.203
2026-04-30T21:10:58.782076,20.6,0,23.76,0.0,1000.0,0.0,4.199,100,99,0,60.0,2026-04-30T21:11:58.781906,4.203
2026-04-30T21:10:59.735337,20.65,0,23.8,0.0,1000.0,0.0,4.199,100,99,0,60.0,2026-04-30T21:11:59.735182,4.203
2026-04-30T21:10:59.791742,20.65,0,23.81,0.0,1000.0,0.0,4.199,100,99,0,60.0,2026-04-30T21:11:59.791597,4.203
2026-04-30T21:10:59.846827,20.65,0,23.81,0.0,1000.0,0.0,4.199,100,99,0,60.0,2026-04-30T21:11:59.846722,4.203
2026-04-30T21:11:00.790751,20.7,0,23.85,0.0,1000.0,0.0,4.199,100,99,0,60.0,2026-04-30T21:12:00.790603,4.203
2026-04-30T21:11:00.846836,20.7,0,23.86,0.0,1000.0,0.0,4.199,100,99,0,60.0,2026-04-30T21:12:00.846708,4.203
2026-04-30T21:11:00.901490,20.7,0,23.86,0.0,1000.0,0.0,4.199,100,99,0,60.0,2026-04-30T21:12:00.901387,4.203
2026-04-30T21:11:01.842157,20.76,0,23.91,0.0,1000.0,0.0,4.199,100,99,0,60.0,2026-04-30T21:12:01.841974,4.203
2026-04-30T21:11:01.899524,20.76,0,23.92,0.0,1000.0,0.0,4.199,100,99,0,60.0,2026-04-30T21:12:01.899173,4.203
2026-04-30T21:11:01.956574,20.76,0,23.92,0.0,1000.0,0.0,4.199,100,99,0,60.0,2026-04-30T21:12:01.956443,4.203
2026-04-30T21:11:02.895288,20.81,0,23.97,0.0,1000.0,0.0,4.199,100,99,0,60.0,2026-04-30T21:12:02.895121,4.203
2026-04-30T21:11:02.951058,20.81,0,23.97,0.0,1000.0,0.0,4.199,100,99,0,60.0,2026-04-30T21:12:02.950921,4.203
2026-04-30T21:11:03.919692,20.81,0,24.01,0.0,1000.0,0.0,4.199,100,99,0,60.0,2026-04-30T21:12:03.919181,4.203
2026-04-30T21:11:03.978603,20.88,0,24.03,0.0,1000.0,0.0,4.199,100,99,0,60.0,2026-04-30T21:12:03.978445,4.203
2026-04-30T21:11:04.049695,20.88,0,24.04,0.0,1000.0,0.0,4.199,100,99,0,60.0,2026-04-30T21:12:04.037514,4.203
2026-04-30T21:11:04.965257,20.94,0,24.08,0.0,1000.0,0.0,4.199,100,99,0,60.0,2026-04-30T21:12:04.965084,4.203
2026-04-30T21:11:05.022909,20.94,0,24.09,0.0,1000.0,0.0,4.199,100,99,0,60.0,2026-04-30T21:12:05.022776,4.203
2026-04-30T21:11:05.077747,20.94,0,24.1,0.0,1000.0,0.0,4.199,100,99,0,60.0,2026-04-30T21:12:05.077637,4.203
2026-04-30T21:11:06.020811,21.0,0,24.14,0.0,1000.0,0.0,4.199,100,99,0,60.0,2026-04-30T21:12:06.020659,4.203
2026-04-30T21:11:06.165005,21.0,0,24.16,0.0,1000.0,0.0,4.199,100,99,0,60.0,2026-04-30T21:12:06.151014,4.203
2026-04-30T21:11:06.231409,21.0,0,24.16,0.0,1000.0,0.0,4.199,100,99,0,60.0,2026-04-30T21:12:06.231244,4.203
2026-04-30T21:11:07.073446,21.07,0,24.21,0.0,1000.0,0.0,4.199,100,99,0,60.0,2026-04-30T21:12:07.073298,4.203
2026-04-30T21:11:07.129039,21.07,0,24.22,0.0,1000.0,0.0,4.199,100,99,0,60.0,2026-04-30T21:12:07.128910,4.203
2026-04-30T21:11:07.185043,21.07,0,24.23,0.0,1000.0,0.0,4.199,100,99,0,60.0,2026-04-30T21:12:07.184919,4.203
2026-04-30T21:11:08.168950,21.14,0,24.28,0.0,1000.0,0.0,4.199,100,99,0,60.0,2026-04-30T21:12:08.168768,4.203
2026-04-30T21:11:08.225058,21.14,0,24.29,0.0,1000.0,0.0,4.199,100,99,0,60.0,2026-04-30T21:12:08.224948,4.203
2026-04-30T21:11:09.153698,21.14,0,24.33,0.0,1000.0,0.0,4.199,100,99,0,60.0,2026-04-30T21:12:09.153472,4.203
2026-04-30T21:11:09.210944,21.21,0,24.36,0.0,1000.0,0.0,4.199,100,99,0,60.0,2026-04-30T21:12:09.210801,4.203
2026-04-30T21:11:09.266339,21.21,0,24.36,0.0,1000.0,0.0,4.199,100,99,0,60.0,2026-04-30T21:12:09.266229,4.203
2026-04-30T21:11:10.194252,21.29,0,24.41,0.0,1000.0,0.0,4.199,100,99,0,60.0,2026-04-30T21:12:10.194071,4.203
2026-04-30T21:11:10.253828,21.29,0,24.43,0.0,1000.0,0.0,4.199,100,99,0,60.0,2026-04-30T21:12:10.253642,4.203
2026-04-30T21:11:10.314755,21.29,0,24.44,0.0,1000.0,0.0,4.199,100,99,0,60.0,2026-04-30T21:12:10.314490,4.203
2026-04-30T21:11:11.283368,21.36,0,24.5,0.0,1000.0,0.0,4.199,100,99,0,60.0,2026-04-30T21:12:11.283207,4.203
2026-04-30T21:11:11.339658,21.36,0,24.51,0.0,1000.0,0.0,4.199,100,99,0,60.0,2026-04-30T21:12:11.339523,4.203
2026-04-30T21:11:11.395098,21.36,0,24.52,0.0,1000.0,0.0,4.199,100,99,0,60.0,2026-04-30T21:12:11.395000,4.203
2026-04-30T21:11:12.303228,21.43,0,24.57,0.0,1000.0,0.0,4.199,100,99,0,60.0,2026-04-30T21:12:12.303074,4.203
2026-04-30T21:11:12.363739,21.43,0,24.58,0.0,1000.0,0.0,4.199,100,99,0,60.0,2026-04-30T21:12:12.363575,4.203
2026-04-30T21:11:12.420059,21.43,0,24.59,0.0,1000.0,0.0,4.199,100,99,0,60.0,2026-04-30T21:12:12.419929,4.203
2026-04-30T21:11:13.356389,21.5,0,24.64,0.0,1000.0,0.0,4.199,100,99,0,60.0,2026-04-30T21:12:13.356240,4.203
2026-04-30T21:11:13.411315,21.5,0,24.65,0.0,1000.0,0.0,4.199,100,99,0,60.0,2026-04-30T21:12:13.411190,4.203
2026-04-30T21:11:14.387454,21.5,0,24.7,0.0,1000.0,0.0,4.199,100,99,0,60.0,2026-04-30T21:12:14.387238,4.203
2026-04-30T21:11:14.444825,21.57,0,24.72,0.0,1000.0,0.0,4.199,100,99,0,60.0,2026-04-30T21:12:14.444673,4.203
2026-04-30T21:11:14.500192,21.57,0,24.72,0.0,1000.0,0.0,4.199,100,99,0,60.0,2026-04-30T21:12:14.500084,4.203
2026-04-30T21:11:15.439729,21.64,0,24.77,0.0,1000.0,0.0,4.199,100,99,0,60.0,2026-04-30T21:12:15.439578,4.203
2026-04-30T21:11:15.496581,21.64,0,24.79,0.0,1000.0,0.0,4.199,100,99,0,60.0,2026-04-30T21:12:15.496445,4.203
2026-04-30T21:11:15.551975,21.64,0,24.79,0.0,1000.0,0.0,4.199,100,99,0,60.0,2026-04-30T21:12:15.551868,4.203
2026-04-30T21:11:16.494271,21.71,0,24.85,0.0,1000.0,0.0,4.199,100,99,0,60.0,2026-04-30T21:12:16.494092,4.203
2026-04-30T21:11:16.550509,21.71,0,24.86,0.0,1000.0,0.0,4.199,100,99,0,60.0,2026-04-30T21:12:16.550381,4.203
2026-04-30T21:11:16.605640,21.71,0,24.87,0.0,1000.0,0.0,4.199,100,99,0,60.0,2026-04-30T21:12:16.605533,4.203
2026-04-30T21:11:17.546998,21.76,0,24.91,0.0,1000.0,0.0,4.199,100,99,0,60.0,2026-04-30T21:12:17.546851,4.203
2026-04-30T21:11:17.603094,21.76,0,24.92,0.0,1000.0,0.0,4.199,100,99,0,60.0,2026-04-30T21:12:17.602966,4.203
2026-04-30T21:11:17.658856,21.76,0,24.92,0.0,1000.0,0.0,4.199,100,99,0,60.0,2026-04-30T21:12:17.658740,4.203
2026-04-30T21:11:18.601486,21.82,0,24.97,0.0,1000.0,0.0,4.199,100,99,0,60.0,2026-04-30T21:12:18.601316,4.203
2026-04-30T21:11:18.656604,21.82,0,24.98,0.0,1000.0,0.0,4.199,100,99,0,60.0,2026-04-30T21:12:18.656498,4.203
2026-04-30T21:11:19.621326,21.82,0,25.02,0.0,1000.0,0.0,4.199,100,99,0,60.0,2026-04-30T21:12:19.621132,4.203
2026-04-30T21:11:19.678197,21.87,0,25.03,0.0,1000.0,0.0,4.199,100,99,0,60.0,2026-04-30T21:12:19.678062,4.203
2026-04-30T21:11:19.733277,21.87,0,25.03,0.0,1000.0,0.0,4.199,100,99,0,60.0,2026-04-30T21:12:19.733163,4.203
2026-04-30T21:11:20.680676,21.93,0,25.07,0.0,1000.0,0.0,4.199,100,99,0,60.0,2026-04-30T21:12:20.680505,4.203
2026-04-30T21:11:20.737174,21.93,0,25.08,0.0,1000.0,0.0,4.199,100,99,0,60.0,2026-04-30T21:12:20.737036,4.203
2026-04-30T21:11:20.791949,21.93,0,25.09,0.0,1000.0,0.0,4.199,100,99,0,60.0,2026-04-30T21:12:20.791845,4.203
2026-04-30T21:11:21.727129,21.97,0,25.13,0.0,1000.0,0.0,4.199,100,99,0,60.0,2026-04-30T21:12:21.726989,4.203
2026-04-30T21:11:21.783156,21.97,0,25.13,0.0,1000.0,0.0,4.199,100,99,0,60.0,2026-04-30T21:12:21.783030,4.203
2026-04-30T21:11:21.838049,21.97,0,25.13,0.0,1000.0,0.0,4.199,100,99,0,60.0,2026-04-30T21:12:21.837922,4.203
2026-04-30T21:11:22.787985,22.02,0,25.18,0.0,1000.0,0.0,4.199,100,99,0,60.0,2026-04-30T21:12:22.787817,4.203
2026-04-30T21:11:22.844239,22.02,0,25.18,0.0,1000.0,0.0,4.199,100,99,0,60.0,2026-04-30T21:12:22.844105,4.203
2026-04-30T21:11:22.899955,22.02,0,25.18,0.0,1000.0,0.0,4.199,100,99,0,60.0,2026-04-30T21:12:22.899820,4.203
2026-04-30T21:11:23.840193,22.08,0,25.23,0.0,1000.0,0.0,4.199,100,99,0,60.0,2026-04-30T21:12:23.840042,4.203
2026-04-30T21:11:23.899156,22.08,0,25.24,0.0,1000.0,0.0,4.199,100,99,0,60.0,2026-04-30T21:12:23.898867,4.203
2026-04-30T21:11:24.859191,22.08,0,25.28,0.0,1000.0,0.0,4.199,100,99,0,60.0,2026-04-30T21:12:24.858910,4.203
2026-04-30T21:11:24.916417,22.14,0,25.29,0.0,1000.0,0.0,4.199,100,99,0,60.0,2026-04-30T21:12:24.916283,4.203
2026-04-30T21:11:24.972060,22.14,0,25.3,0.0,1000.0,0.0,4.199,100,99,0,60.0,2026-04-30T21:12:24.971910,4.203
2026-04-30T21:11:25.915265,22.2,0,25.34,0.0,1000.0,0.0,4.199,100,99,0,60.0,2026-04-30T21:12:25.915123,4.203
2026-04-30T21:11:25.972818,22.2,0,25.35,0.0,1000.0,0.0,4.199,100,99,0,60.0,2026-04-30T21:12:25.972671,4.203
2026-04-30T21:11:26.041299,22.2,0,25.36,0.0,1000.0,0.0,4.199,100,99,0,60.0,2026-04-30T21:12:26.029251,4.203
2026-04-30T21:11:26.967399,22.28,0,25.41,0.0,1000.0,0.0,4.199,100,99,0,60.0,2026-04-30T21:12:26.967239,4.203
2026-04-30T21:11:27.023795,22.28,0,25.43,0.0,1000.0,0.0,4.199,100,99,0,60.0,2026-04-30T21:12:27.023665,4.203
2026-04-30T21:11:27.078863,22.28,0,25.43,0.0,1000.0,0.0,4.199,100,99,0,60.0,2026-04-30T21:12:27.078757,4.203
2026-04-30T21:11:28.016869,22.36,0,25.49,0.0,1000.0,0.0,4.199,100,99,0,60.0,2026-04-30T21:12:28.016703,4.203
2026-04-30T21:11:28.159306,22.36,0,25.51,0.0,1000.0,0.0,4.199,100,99,0,60.0,2026-04-30T21:12:28.159080,4.203
2026-04-30T21:11:28.218065,22.36,0,25.52,0.0,1000.0,0.0,4.199,100,99,0,60.0,2026-04-30T21:12:28.217945,4.203
2026-04-30T21:11:29.072330,22.44,0,25.57,0.0,1000.0,0.0,4.199,100,99,0,60.0,2026-04-30T21:12:29.072167,4.203
2026-04-30T21:11:29.127878,22.44,0,25.59,0.0,1000.0,0.0,4.199,100,99,0,60.0,2026-04-30T21:12:29.127760,4.203
2026-04-30T21:11:30.137252,22.44,0,25.63,0.0,1000.0,0.0,4.199,100,99,0,60.0,2026-04-30T21:12:30.136980,4.204
2026-04-30T21:11:30.197613,22.54,0,25.67,0.0,1000.0,0.0,4.199,100,99,0,60.0,2026-04-30T21:12:30.197449,4.204
2026-04-30T21:11:30.254342,22.54,0,25.68,0.0,1000.0,0.0,4.199,100,99,0,60.0,2026-04-30T21:12:30.254210,4.204
2026-04-30T21:11:31.147022,22.62,0,25.74,0.0,1000.0,0.0,4.199,100,99,0,60.0,2026-04-30T21:12:31.146853,4.204
2026-04-30T21:11:31.204631,22.62,0,25.76,0.0,1000.0,0.0,4.199,100,99,0,60.0,2026-04-30T21:12:31.204509,4.204
2026-04-30T21:11:31.260584,22.62,0,25.77,0.0,1000.0,0.0,4.199,100,99,0,60.0,2026-04-30T21:12:31.260479,4.204
2026-04-30T21:11:32.191895,22.71,0,25.83,0.0,1000.0,0.0,4.199,100,99,0,60.0,2026-04-30T21:12:32.191716,4.204
2026-04-30T21:11:32.249350,22.71,0,25.85,0.0,1000.0,0.0,4.199,100,99,0,60.0,2026-04-30T21:12:32.249203,4.204
2026-04-30T21:11:32.305341,22.71,0,25.86,0.0,1000.0,0.0,4.199,100,99,0,60.0,2026-04-30T21:12:32.305187,4.204
2026-04-30T21:11:33.258060,22.79,0,25.92,0.0,1000.0,0.0,4.199,100,99,0,60.0,2026-04-30T21:12:33.257929,4.204
2026-04-30T21:11:33.313982,22.79,0,25.94,0.0,1000.0,0.0,4.199,100,99,0,60.0,2026-04-30T21:12:33.313863,4.204
2026-04-30T21:11:33.369663,22.79,0,25.94,0.0,1000.0,0.0,4.199,100,99,0,60.0,2026-04-30T21:12:33.369545,4.204
2026-04-30T21:11:34.299969,22.86,0,26.0,0.0,1000.0,0.0,4.199,100,100,0,60.0,2026-04-30T21:12:34.299786,4.204
2026-04-30T21:11:34.359222,22.86,0,26.01,0.0,1000.0,0.0,4.199,100,100,0,60.0,2026-04-30T21:12:34.359089,4.204
2026-04-30T21:11:35.329453,22.86,0,26.05,0.0,1000.0,0.0,4.199,100,100,0,60.0,2026-04-30T21:12:35.329243,4.204
2026-04-30T21:11:35.386393,22.93,0,26.08,0.0,1000.0,0.0,4.199,100,100,0,60.0,2026-04-30T21:12:35.386250,4.204
2026-04-30T21:11:35.441401,22.93,0,26.08,0.0,1000.0,0.0,4.199,100,100,0,60.0,2026-04-30T21:12:35.441278,4.204
2026-04-30T21:11:36.375812,22.99,0,26.13,0.0,1000.0,0.0,4.199,100,99,0,60.0,2026-04-30T21:12:36.375612,4.204
2026-04-30T21:11:36.432786,22.99,0,26.14,0.0,1000.0,0.0,4.199,100,99,0,60.0,2026-04-30T21:12:36.432640,4.204
2026-04-30T21:11:36.487968,22.99,0,26.15,0.0,1000.0,0.0,4.199,100,99,0,60.0,2026-04-30T21:12:36.487821,4.204
2026-04-30T21:11:37.436671,23.06,0,26.2,0.0,1000.0,0.0,4.199,100,99,0,60.0,2026-04-30T21:12:37.436517,4.204
2026-04-30T21:11:37.493638,23.06,0,26.21,0.0,1000.0,0.0,4.199,100,99,0,60.0,2026-04-30T21:12:37.493507,4.204
2026-04-30T21:11:37.548676,23.06,0,26.22,0.0,1000.0,0.0,4.199,100,99,0,60.0,2026-04-30T21:12:37.548560,4.204
2026-04-30T21:11:38.494417,23.12,0,26.27,0.0,1000.0,0.0,4.199,100,99,0,60.0,2026-04-30T21:12:38.494244,4.204
2026-04-30T21:11:38.550136,23.12,0,26.27,0.0,1000.0,0.0,4.199,100,99,0,60.0,2026-04-30T21:12:38.550011,4.204
2026-04-30T21:11:38.605635,23.12,0,26.28,0.0,1000.0,0.0,4.199,100,99,0,60.0,2026-04-30T21:12:38.605519,4.204
2026-04-30T21:11:39.544138,23.17,0,26.32,0.0,1000.0,0.0,4.199,100,99,0,60.0,2026-04-30T21:12:39.543925,4.204
2026-04-30T21:11:39.599740,23.17,0,26.33,0.0,1000.0,0.0,4.199,100,99,0,60.0,2026-04-30T21:12:39.599607,4.204
2026-04-30T21:11:40.564564,23.17,0,26.37,0.0,1000.0,0.0,4.199,100,99,0,60.0,2026-04-30T21:12:40.564320,4.204
2026-04-30T21:11:40.622560,23.23,0,26.38,0.0,1000.0,0.0,4.199,100,99,0,60.0,2026-04-30T21:12:40.622429,4.204
2026-04-30T21:11:40.677995,23.23,0,26.39,0.0,1000.0,0.0,4.199,100,99,0,60.0,2026-04-30T21:12:40.677890,4.204
2026-04-30T21:11:41.615333,23.28,0,26.43,0.0,1000.0,0.0,4.199,100,99,0,60.0,2026-04-30T21:12:41.615205,4.204
2026-04-30T21:11:41.671374,23.28,0,26.44,0.0,1000.0,0.0,4.199,100,99,0,60.0,2026-04-30T21:12:41.671241,4.204
2026-04-30T21:11:41.726457,23.28,0,26.44,0.0,1000.0,0.0,4.199,100,99,0,60.0,2026-04-30T21:12:41.726343,4.204
2026-04-30T21:11:42.673476,23.34,0,26.49,0.0,1000.0,0.0,4.199,100,99,0,60.0,2026-04-30T21:12:42.673316,4.204
2026-04-30T21:11:42.730099,23.34,0,26.5,0.0,1000.0,0.0,4.199,100,99,0,60.0,2026-04-30T21:12:42.729969,4.204
2026-04-30T21:11:42.784989,23.34,0,26.5,0.0,1000.0,0.0,4.199,100,99,0,60.0,2026-04-30T21:12:42.784886,4.204
2026-04-30T21:11:43.726174,23.4,0,26.55,0.0,1000.0,0.0,4.199,100,99,0,60.0,2026-04-30T21:12:43.726018,4.204
2026-04-30T21:11:43.823935,23.4,0,26.56,0.0,1000.0,0.0,4.199,100,99,0,60.0,2026-04-30T21:12:43.823772,4.204
2026-04-30T21:11:43.880914,23.4,0,26.56,0.0,1000.0,0.0,4.199,100,99,0,60.0,2026-04-30T21:12:43.880267,4.204
2026-04-30T21:11:44.780811,23.45,0,26.6,0.0,1000.0,0.0,4.199,100,99,0,60.0,2026-04-30T21:12:44.780639,4.204
2026-04-30T21:11:44.836745,23.45,0,26.61,0.0,1000.0,0.0,4.199,100,99,0,60.0,2026-04-30T21:12:44.836591,4.204
2026-04-30T21:11:45.804794,23.45,0,26.65,0.0,1000.0,0.0,4.199,100,99,0,60.0,2026-04-30T21:12:45.804526,4.204
2026-04-30T21:11:45.861884,23.51,0,26.66,0.0,1000.0,0.0,4.199,100,99,0,60.0,2026-04-30T21:12:45.861736,4.204
2026-04-30T21:11:45.920722,23.51,0,26.67,0.0,1000.0,0.0,4.199,100,99,0,60.0,2026-04-30T21:12:45.920543,4.204
2026-04-30T21:11:46.851037,23.56,0,26.71,0.0,1000.0,0.0,4.199,100,99,0,60.0,2026-04-30T21:12:46.850877,4.204
2026-04-30T21:11:46.908496,23.56,0,26.72,0.0,1000.0,0.0,4.199,100,99,0,60.0,2026-04-30T21:12:46.908349,4.204
2026-04-30T21:11:46.964773,23.56,0,26.72,0.0,1000.0,0.0,4.199,100,99,0,60.0,2026-04-30T21:12:46.964655,4.204
2026-04-30T21:11:47.908432,23.61,0,26.76,0.0,1000.0,0.0,4.199,100,99,0,60.0,2026-04-30T21:12:47.908305,4.204
2026-04-30T21:11:47.966246,23.61,0,26.77,0.0,1000.0,0.0,4.199,100,99,0,60.0,2026-04-30T21:12:47.966105,4.204
2026-04-30T21:11:48.029965,23.61,0,26.77,0.0,1000.0,0.0,4.199,100,99,0,60.0,2026-04-30T21:12:48.022813,4.204
2026-04-30T21:11:48.958253,23.65,0,26.81,0.0,1000.0,0.0,4.199,100,99,0,60.0,2026-04-30T21:12:48.958119,4.204
2026-04-30T21:11:49.014661,23.65,0,26.81,0.0,1000.0,0.0,4.199,100,99,0,60.0,2026-04-30T21:12:49.014546,4.204
2026-04-30T21:11:49.070811,23.65,0,26.81,0.0,1000.0,0.0,4.199,100,99,0,60.0,2026-04-30T21:12:49.070671,4.204
2026-04-30T21:11:50.017928,23.69,0,26.85,0.0,1000.0,0.0,4.199,100,99,0,60.0,2026-04-30T21:12:50.017786,4.204
2026-04-30T21:11:50.073751,23.69,0,26.85,0.0,1000.0,0.0,4.199,100,99,0,60.0,2026-04-30T21:12:50.073615,4.204
2026-04-30T21:11:51.033131,23.69,0,26.89,0.0,1000.0,0.0,4.199,100,99,0,60.0,2026-04-30T21:12:51.032928,4.204
2026-04-30T21:11:51.091609,23.74,0,26.9,0.0,1000.0,0.0,4.199,100,99,0,60.0,2026-04-30T21:12:51.091483,4.204
2026-04-30T21:11:51.153629,23.74,0,26.9,0.0,1000.0,0.0,4.199,100,99,0,60.0,2026-04-30T21:12:51.153539,4.204
2026-04-30T21:11:52.090970,23.78,0,26.94,0.0,1000.0,0.0,4.199,100,99,0,60.0,2026-04-30T21:12:52.090841,4.204
2026-04-30T21:11:52.147230,23.78,0,26.94,0.0,1000.0,0.0,4.199,100,99,0,60.0,2026-04-30T21:12:52.147095,4.204
2026-04-30T21:11:52.202124,23.78,0,26.94,0.0,1000.0,0.0,4.199,100,99,0,60.0,2026-04-30T21:12:52.202009,4.204
2026-04-30T21:11:53.140395,23.84,0,26.99,0.0,1000.0,0.0,4.199,100,99,0,60.0,2026-04-30T21:12:53.140267,4.204
2026-04-30T21:11:53.196749,23.84,0,27.0,0.0,1000.0,0.0,4.199,100,99,0,60.0,2026-04-30T21:12:53.196612,4.204
2026-04-30T21:11:53.252675,23.84,0,27.0,0.0,1000.0,0.0,4.199,100,99,0,60.0,2026-04-30T21:12:53.252547,4.204
2026-04-30T21:11:54.196793,23.88,0,27.04,0.0,1000.0,0.0,4.199,100,99,0,60.0,2026-04-30T21:12:54.196653,4.204
2026-04-30T21:11:54.252683,23.88,0,27.04,0.0,1000.0,0.0,4.199,100,99,0,60.0,2026-04-30T21:12:54.252543,4.204
2026-04-30T21:11:54.308605,23.88,0,27.04,0.0,1000.0,0.0,4.199,100,99,0,60.0,2026-04-30T21:12:54.308479,4.204
2026-04-30T21:11:55.247949,23.94,0,27.09,0.0,1000.0,0.0,4.199,100,99,0,60.0,2026-04-30T21:12:55.247800,4.204
2026-04-30T21:11:55.302915,23.94,0,27.1,0.0,1000.0,0.0,4.199,100,99,0,60.0,2026-04-30T21:12:55.302807,4.204
2026-04-30T21:11:56.257962,23.94,0,27.14,0.0,1000.0,0.0,4.199,100,99,0,60.0,2026-04-30T21:12:56.257835,4.204
2026-04-30T21:11:56.314924,23.98,0,27.14,0.0,1000.0,0.0,4.199,100,99,0,60.0,2026-04-30T21:12:56.314786,4.204
2026-04-30T21:11:56.370943,23.98,0,27.14,0.0,1000.0,0.0,4.199,100,99,0,60.0,2026-04-30T21:12:56.370810,4.204
2026-04-30T21:11:57.325752,24.03,0,27.18,0.0,1000.0,0.0,4.199,100,99,0,60.0,2026-04-30T21:12:57.325604,4.204
2026-04-30T21:11:57.381968,24.03,0,27.19,0.0,1000.0,0.0,4.199,100,99,0,60.0,2026-04-30T21:12:57.381827,4.204
2026-04-30T21:11:57.436799,24.03,0,27.19,0.0,1000.0,0.0,4.199,100,99,0,60.0,2026-04-30T21:12:57.436696,4.204
2026-04-30T21:11:58.376743,24.08,0,27.23,0.0,1000.0,0.0,4.199,100,99,0,60.0,2026-04-30T21:12:58.376607,4.204
2026-04-30T21:11:58.432968,24.08,0,27.24,0.0,1000.0,0.0,4.199,100,99,0,60.0,2026-04-30T21:12:58.432844,4.204
2026-04-30T21:11:58.488173,24.08,0,27.24,0.0,1000.0,0.0,4.199,100,99,0,60.0,2026-04-30T21:12:58.488069,4.204
2026-04-30T21:11:59.430979,24.15,0,27.29,0.0,1000.0,0.0,4.199,100,99,0,60.0,2026-04-30T21:12:59.430621,4.204
2026-04-30T21:11:59.497196,24.15,0,27.3,0.0,1000.0,0.0,4.199,100,99,0,60.0,2026-04-30T21:12:59.496987,4.204
2026-04-30T21:11:59.554924,24.15,0,27.31,0.0,1000.0,0.0,4.199,100,99,0,60.0,2026-04-30T21:12:59.554762,4.204
2026-04-30T21:12:00.490079,24.2,0,27.35,0.0,1000.0,0.0,4.199,100,100,0,60.0,2026-04-30T21:13:00.489910,4.204
2026-04-30T21:12:00.575776,24.2,0,27.36,0.0,1000.0,0.0,4.199,100,100,0,60.0,2026-04-30T21:13:00.575645,4.204
2026-04-30T21:12:01.516782,24.2,0,27.4,0.0,1000.0,0.0,4.199,100,100,0,60.0,2026-04-30T21:13:01.516469,4.204
2026-04-30T21:12:01.670692,24.26,0,27.41,0.0,1000.0,0.0,4.199,100,100,0,60.0,2026-04-30T21:13:01.670447,4.204
2026-04-30T21:12:01.804250,24.26,0,27.42,0.0,1000.0,0.0,4.199,100,100,0,60.0,2026-04-30T21:13:01.803946,4.204
2026-04-30T21:12:02.844445,24.32,0,27.47,0.0,1000.0,0.0,4.199,100,100,0,60.0,2026-04-30T21:13:02.843929,4.204
2026-04-30T21:12:03.105996,24.32,0,27.48,0.0,1000.0,0.0,4.199,100,100,0,60.0,2026-04-30T21:13:03.105546,4.204
2026-04-30T21:12:03.324227,24.32,0,27.49,0.0,1000.0,0.0,4.199,100,100,0,60.0,2026-04-30T21:13:03.317527,4.204
2026-04-30T21:12:03.611529,24.39,0,27.51,0.0,1000.0,0.0,4.199,100,100,0,60.0,2026-04-30T21:13:03.611334,4.204
2026-04-30T21:12:03.681601,24.39,0,27.53,0.0,1000.0,0.0,4.199,100,100,0,60.0,2026-04-30T21:13:03.681431,4.204
2026-04-30T21:12:03.753858,24.39,0,27.54,0.0,1000.0,0.0,4.199,100,100,0,60.0,2026-04-30T21:13:03.753655,4.204
2026-04-30T21:12:04.675862,24.46,0,27.6,0.0,1000.0,0.0,4.199,100,100,0,60.0,2026-04-30T21:13:04.675694,4.204
2026-04-30T21:12:04.736583,24.46,0,27.61,0.0,1000.0,0.0,4.199,100,100,0,60.0,2026-04-30T21:13:04.736403,4.204
2026-04-30T21:12:04.798859,24.46,0,27.61,0.0,1000.0,0.0,4.199,100,100,0,60.0,2026-04-30T21:13:04.798592,4.204
2026-04-30T21:12:05.726861,24.51,0,27.66,0.0,1000.0,0.0,4.199,100,99,0,60.0,2026-04-30T21:13:05.726704,4.204
2026-04-30T21:12:05.793555,24.51,0,27.67,0.0,1000.0,0.0,4.199,100,99,0,60.0,2026-04-30T21:13:05.793372,4.204
2026-04-30T21:12:06.905528,24.51,0,27.71,0.0,1000.0,0.0,4.199,100,99,0,60.0,2026-04-30T21:13:06.905157,4.204
2026-04-30T21:12:07.169759,24.58,0,27.74,0.0,1000.0,0.0,4.199,100,99,0,60.0,2026-04-30T21:13:07.169369,4.204
2026-04-30T21:12:07.642304,24.58,0,27.75,0.0,1000.0,0.0,4.199,100,99,0,60.0,2026-04-30T21:13:07.629463,4.204
2026-04-30T21:12:08.118990,24.65,0,27.77,0.0,1000.0,0.0,4.199,100,99,0,60.0,2026-04-30T21:13:08.118234,4.204
2026-04-30T21:12:08.272551,24.65,0,27.8,0.0,1000.0,0.0,4.199,100,99,0,60.0,2026-04-30T21:13:08.272244,4.204
2026-04-30T21:12:08.468952,24.65,0,27.81,0.0,1000.0,0.0,4.199,100,99,0,60.0,2026-04-30T21:13:08.468688,4.204
2026-04-30T21:12:08.879433,24.71,0,27.84,0.0,1000.0,0.0,4.199,100,99,0,60.0,2026-04-30T21:13:08.879139,4.204
2026-04-30T21:12:10.082198,24.71,0,27.89,0.0,1000.0,0.0,4.199,100,99,0,60.0,2026-04-30T21:13:10.076160,4.204
2026-04-30T21:12:10.270657,24.71,0,27.89,0.0,1000.0,0.0,4.199,100,99,0,60.0,2026-04-30T21:13:10.270345,4.204
2026-04-30T21:12:10.349493,24.77,0,27.9,0.0,1000.0,0.0,4.199,100,99,0,60.0,2026-04-30T21:13:10.349326,4.204
2026-04-30T21:12:10.420902,24.77,0,27.91,0.0,1000.0,0.0,4.199,100,99,0,60.0,2026-04-30T21:13:10.420710,4.204
2026-04-30T21:12:10.499966,24.77,0,27.92,0.0,1000.0,0.0,4.199,100,99,0,60.0,2026-04-30T21:13:10.499806,4.204
2026-04-30T21:12:10.946532,24.83,0,27.96,0.0,1000.0,0.0,4.199,100,99,0,60.0,2026-04-30T21:13:10.946385,4.204
2026-04-30T21:12:11.006637,24.83,0,27.97,0.0,1000.0,0.0,4.199,100,99,0,60.0,2026-04-30T21:13:11.006495,4.204
2026-04-30T21:12:11.964415,24.83,0,28.02,0.0,1000.0,0.0,4.199,100,99,0,60.0,2026-04-30T21:13:11.964251,4.204
2026-04-30T21:12:12.024715,24.89,0,28.04,0.0,1000.0,0.0,4.199,100,99,0,60.0,2026-04-30T21:13:12.024570,4.204
2026-04-30T21:12:12.168262,24.89,0,28.05,0.0,1000.0,0.0,4.199,100,99,0,60.0,2026-04-30T21:13:12.168097,4.204
2026-04-30T21:12:13.018864,24.95,0,28.09,0.0,1000.0,0.0,4.199,100,99,0,60.0,2026-04-30T21:13:13.018684,4.204
2026-04-30T21:12:13.080481,24.95,0,28.1,0.0,1000.0,0.0,4.199,100,99,0,60.0,2026-04-30T21:13:13.080286,4.204
2026-04-30T21:12:13.136968,24.95,0,28.11,0.0,1000.0,0.0,4.199,100,99,0,60.0,2026-04-30T21:13:13.136854,4.204
2026-04-30T21:12:14.157315,25.02,0,28.16,0.0,1000.0,0.0,4.199,100.0,99,0,60.0,2026-04-30T21:13:14.157150,4.204
2026-04-30T21:12:14.215545,25.02,0,28.17,0.0,1000.0,0.0,4.199,100.0,99,0,60.0,2026-04-30T21:13:14.215405,4.204
2026-04-30T21:12:14.271306,25.02,0,28.18,0.0,1000.0,0.0,4.199,100.0,99,0,60.0,2026-04-30T21:13:14.271175,4.204
2026-04-30T21:12:15.138587,25.08,0,28.23,0.0,1000.0,0.0,4.199,100.0,99,0,60.0,2026-04-30T21:13:15.138423,4.204
2026-04-30T21:12:15.194328,25.08,0,28.23,0.0,1000.0,0.0,4.199,100.0,99,0,60.0,2026-04-30T21:13:15.194209,4.204
2026-04-30T21:12:15.250680,25.08,0,28.24,0.0,1000.0,0.0,4.199,100.0,99,0,60.0,2026-04-30T21:13:15.250548,4.204
2026-04-30T21:12:16.183783,25.14,0,28.29,0.0,1000.0,0.0,4.199,100.0,99,0,60.0,2026-04-30T21:13:16.183628,4.204
2026-04-30T21:12:16.244354,25.14,0,28.3,0.0,1000.0,0.0,4.199,100.0,99,0,60.0,2026-04-30T21:13:16.244213,4.204
2026-04-30T21:12:17.209569,25.14,0,28.34,0.0,1000.0,0.0,4.199,100.0,99,0,60.0,2026-04-30T21:13:17.209368,4.204
2026-04-30T21:12:17.268411,25.21,0,28.36,0.0,1000.0,0.0,4.199,99.9,99,0,60.0,2026-04-30T21:13:17.268275,4.204
2026-04-30T21:12:17.324637,25.21,0,28.36,0.0,1000.0,0.0,4.199,99.9,99,0,60.0,2026-04-30T21:13:17.324517,4.204
2026-04-30T21:12:18.253731,25.28,0,28.41,0.0,1000.0,0.0,4.199,99.9,99,0,60.0,2026-04-30T21:13:18.253567,4.204
2026-04-30T21:12:18.311797,25.28,0,28.42,0.0,1000.0,0.0,4.199,99.9,99,0,60.0,2026-04-30T21:13:18.311637,4.204
2026-04-30T21:12:18.372626,25.28,0,28.43,0.0,1000.0,0.0,4.199,99.9,99,0,60.0,2026-04-30T21:13:18.372457,4.204
2026-04-30T21:12:19.321867,25.34,0,28.48,0.0,1000.0,0.0,4.199,99.9,99,0,60.0,2026-04-30T21:13:19.321712,4.204
2026-04-30T21:12:19.378878,25.34,0,28.49,0.0,1000.0,0.0,4.199,99.9,99,0,60.0,2026-04-30T21:13:19.378740,4.204
2026-04-30T21:12:19.434476,25.34,0,28.5,0.0,1000.0,0.0,4.199,99.9,99,0,60.0,2026-04-30T21:13:19.434364,4.204
2026-04-30T21:12:20.370351,25.39,0,28.54,0.0,1000.0,0.0,4.199,99.9,99,0,60.0,2026-04-30T21:13:20.370190,4.204
2026-04-30T21:12:20.426693,25.39,0,28.55,0.0,1000.0,0.0,4.199,99.9,99,0,60.0,2026-04-30T21:13:20.426565,4.204
2026-04-30T21:12:20.482919,25.39,0,28.55,0.0,1000.0,0.0,4.199,99.9,99,0,60.0,2026-04-30T21:13:20.482793,4.204
2026-04-30T21:12:21.420297,25.44,0,28.59,0.0,1000.0,0.0,4.199,99.9,99,0,60.0,2026-04-30T21:13:21.420142,4.204
2026-04-30T21:12:21.475720,25.44,0,28.6,0.0,1000.0,0.0,4.199,99.9,99,0,60.0,2026-04-30T21:13:21.475613,4.204
2026-04-30T21:12:22.444360,25.44,0,28.64,0.0,1000.0,0.0,4.199,99.9,99,0,60.0,2026-04-30T21:13:22.444176,4.204
2026-04-30T21:12:22.502004,25.49,0,28.65,0.0,1000.0,0.0,4.199,99.8,99,0,60.0,2026-04-30T21:13:22.501879,4.204
2026-04-30T21:12:22.557209,25.49,0,28.65,0.0,1000.0,0.0,4.199,99.8,99,0,60.0,2026-04-30T21:13:22.557105,4.204
2026-04-30T21:12:23.499983,25.53,0,28.69,0.0,1000.0,0.0,4.199,99.8,99,0,60.0,2026-04-30T21:13:23.499830,4.204
2026-04-30T21:12:23.556924,25.53,0,28.69,0.0,1000.0,0.0,4.199,99.8,99,0,60.0,2026-04-30T21:13:23.556796,4.204
2026-04-30T21:12:23.612385,25.53,0,28.7,0.0,1000.0,0.0,4.199,99.8,99,0,60.0,2026-04-30T21:13:23.612275,4.204
2026-04-30T21:12:24.554122,25.56,0,28.73,0.0,1000.0,0.0,4.199,99.8,99,0,60.0,2026-04-30T21:13:24.553954,4.204
2026-04-30T21:12:24.611334,25.56,0,28.73,0.0,1000.0,0.0,4.199,99.8,99,0,60.0,2026-04-30T21:13:24.611187,4.204
2026-04-30T21:12:24.667411,25.56,0,28.73,0.0,1000.0,0.0,4.199,99.8,99,0,60.0,2026-04-30T21:13:24.667310,4.204
2026-04-30T21:12:25.607369,25.6,0,28.77,0.0,1000.0,0.0,4.199,99.8,99,0,60.0,2026-04-30T21:13:25.607226,4.204
2026-04-30T21:12:25.663497,25.6,0,28.77,0.0,1000.0,0.0,4.199,99.8,99,0,60.0,2026-04-30T21:13:25.663376,4.204
2026-04-30T21:12:25.719840,25.6,0,28.77,0.0,1000.0,0.0,4.199,99.8,99,0,60.0,2026-04-30T21:13:25.719699,4.204
2026-04-30T21:12:26.663934,25.66,0,28.81,0.0,1000.0,0.0,4.199,99.8,99,0,60.0,2026-04-30T21:13:26.663766,4.204
2026-04-30T21:12:26.720866,25.66,0,28.82,0.0,1000.0,0.0,4.199,99.8,99,0,60.0,2026-04-30T21:13:26.720585,4.204
2026-04-30T21:12:27.681715,25.66,0,28.85,0.0,1000.0,0.0,4.199,99.8,99,0,60.0,2026-04-30T21:13:27.681508,4.204
2026-04-30T21:12:27.739301,25.69,0,28.85,0.0,1000.0,0.0,4.199,99.8,99,0,60.0,2026-04-30T21:13:27.739177,4.204
2026-04-30T21:12:27.795743,25.69,0,28.85,0.0,1000.0,0.0,4.199,99.8,99,0,60.0,2026-04-30T21:13:27.795614,4.204
2026-04-30T21:12:28.735055,25.72,0,28.89,0.0,1000.0,0.0,4.199,99.8,99,0,60.0,2026-04-30T21:13:28.734879,4.204
2026-04-30T21:12:28.792027,25.72,0,28.88,0.0,1000.0,0.0,4.199,99.8,99,0,60.0,2026-04-30T21:13:28.791888,4.204
2026-04-30T21:12:28.849098,25.72,0,28.88,0.0,1000.0,0.0,4.199,99.8,99,0,60.0,2026-04-30T21:13:28.848962,4.204
2026-04-30T21:12:29.790440,25.76,0,28.92,0.0,1000.0,0.0,4.199,99.7,99,0,60.0,2026-04-30T21:13:29.790280,4.204
2026-04-30T21:12:29.846946,25.76,0,28.92,0.0,1000.0,0.0,4.199,99.7,99,0,60.0,2026-04-30T21:13:29.846812,4.204
2026-04-30T21:12:29.905162,25.76,0,28.92,0.0,1000.0,0.0,4.199,99.7,99,0,60.0,2026-04-30T21:13:29.905035,4.204
2026-04-30T21:12:30.840541,25.81,0,28.96,0.0,1000.0,0.0,4.199,99.7,99,0,60.0,2026-04-30T21:13:30.840405,4.204
2026-04-30T21:12:30.896224,25.81,0,28.97,0.0,1000.0,0.0,4.199,99.7,99,0,60.0,2026-04-30T21:13:30.896105,4.204
2026-04-30T21:12:30.953431,25.81,0,28.97,0.0,1000.0,0.0,4.199,99.7,99,0,60.0,2026-04-30T21:13:30.953264,4.204
2026-04-30T21:12:31.908691,25.86,0,29.01,0.0,1000.0,0.0,4.199,99.7,99,0,60.0,2026-04-30T21:13:31.908520,4.204
2026-04-30T21:12:31.967301,25.86,0,29.02,0.0,1000.0,0.0,4.199,99.7,99,0,60.0,2026-04-30T21:13:31.967146,4.204
2026-04-30T21:12:32.916959,25.86,0,29.05,0.0,1000.0,0.0,4.199,99.7,99,0,60.0,2026-04-30T21:13:32.916749,4.204
2026-04-30T21:12:32.975653,25.91,0,29.06,0.0,1000.0,0.0,4.199,99.7,99,0,60.0,2026-04-30T21:13:32.975524,4.204
2026-04-30T21:12:33.030844,25.91,0,29.06,0.0,1000.0,0.0,4.199,99.7,99,0,60.0,2026-04-30T21:13:33.030717,4.204
2026-04-30T21:12:33.963222,25.96,0,29.1,0.0,1000.0,0.0,4.199,99.7,99,0,60.0,2026-04-30T21:13:33.963040,4.204
2026-04-30T21:12:34.029223,25.96,0,29.11,0.0,1000.0,0.0,4.199,99.7,99,0,60.0,2026-04-30T21:13:34.022012,4.204
2026-04-30T21:12:34.167788,25.96,0,29.12,0.0,1000.0,0.0,4.199,99.7,99,0,60.0,2026-04-30T21:13:34.167606,4.204
2026-04-30T21:12:35.015800,26.02,0,29.16,0.0,1000.0,0.0,4.199,99.7,99,0,60.0,2026-04-30T21:13:35.015630,4.204
2026-04-30T21:12:35.072334,26.02,0,29.17,0.0,1000.0,0.0,4.199,99.7,99,0,60.0,2026-04-30T21:13:35.072200,4.204
2026-04-30T21:12:35.127974,26.02,0,29.17,0.0,1000.0,0.0,4.199,99.7,99,0,60.0,2026-04-30T21:13:35.127875,4.204
2026-04-30T21:12:36.148622,26.07,0,29.22,0.0,1000.0,0.0,4.199,99.7,99,0,60.0,2026-04-30T21:13:36.137919,4.204
2026-04-30T21:12:36.241480,26.07,0,29.22,0.0,1000.0,0.0,4.199,99.6,99,0,60.0,2026-04-30T21:13:36.241316,4.204
2026-04-30T21:12:36.395137,26.07,0,29.23,0.0,1000.0,0.0,4.199,99.6,99,0,60.0,2026-04-30T21:13:36.394899,4.204
2026-04-30T21:12:37.135848,26.13,0,29.27,0.0,1000.0,0.0,4.199,99.6,99,0,60.0,2026-04-30T21:13:37.135702,4.204
2026-04-30T21:12:37.193776,26.13,0,29.27,0.0,1000.0,0.0,4.199,99.6,99,0,60.0,2026-04-30T21:13:37.193633,4.204
2026-04-30T21:12:38.142292,26.13,0,29.31,0.0,1000.0,0.0,4.199,99.6,99,0,60.0,2026-04-30T21:13:38.142126,4.204
2026-04-30T21:12:38.202049,26.19,0,29.33,0.0,1000.0,0.0,4.199,99.6,99,0,60.0,2026-04-30T21:13:38.201896,4.204
2026-04-30T21:12:38.257657,26.19,0,29.33,0.0,1000.0,0.0,4.199,99.6,99,0,60.0,2026-04-30T21:13:38.257529,4.204
2026-04-30T21:12:39.208246,26.23,0,29.37,0.0,1000.0,0.0,4.199,99.6,99,0,60.0,2026-04-30T21:13:39.208037,4.204
2026-04-30T21:12:39.265225,26.23,0,29.38,0.0,1000.0,0.0,4.199,99.6,99,0,60.0,2026-04-30T21:13:39.265103,4.204
2026-04-30T21:12:39.320948,26.23,0,29.38,0.0,1000.0,0.0,4.199,99.6,99,0,60.0,2026-04-30T21:13:39.320829,4.204
2026-04-30T21:12:40.250837,26.28,0,29.42,0.0,1000.0,0.0,4.199,99.6,99,0,60.0,2026-04-30T21:13:40.250520,4.204
2026-04-30T21:12:40.309208,26.28,0,29.43,0.0,1000.0,0.0,4.199,99.6,99,0,60.0,2026-04-30T21:13:40.309038,4.204
2026-04-30T21:12:40.370473,26.28,0,29.43,0.0,1000.0,0.0,4.199,99.6,99,0,60.0,2026-04-30T21:13:40.370332,4.204
2026-04-30T21:12:41.303932,26.32,0,29.47,0.0,1000.0,0.0,4.199,99.6,99,0,60.0,2026-04-30T21:13:41.303761,4.204
2026-04-30T21:12:41.361295,26.32,0,29.47,0.0,1000.0,0.0,4.199,99.6,99,0,60.0,2026-04-30T21:13:41.361167,4.204
2026-04-30T21:12:41.418521,26.32,0,29.47,0.0,1000.0,0.0,4.199,99.6,99,0,60.0,2026-04-30T21:13:41.418374,4.204
2026-04-30T21:12:42.366610,26.35,0,29.51,0.0,1000.0,0.0,4.199,99.5,99,0,60.0,2026-04-30T21:13:42.366427,4.204
2026-04-30T21:12:42.422134,26.35,0,29.51,0.0,1000.0,0.0,4.199,99.5,99,0,60.0,2026-04-30T21:13:42.422024,4.204
2026-04-30T21:12:43.386005,26.35,0,29.54,0.0,1000.0,0.0,4.199,99.5,99,0,60.0,2026-04-30T21:13:43.385825,4.204
2026-04-30T21:12:43.442949,26.39,0,29.54,0.0,1000.0,0.0,4.199,99.5,99,0,60.0,2026-04-30T21:13:43.442802,4.204
2026-04-30T21:12:43.498376,26.39,0,29.55,0.0,1000.0,0.0,4.199,99.5,99,0,60.0,2026-04-30T21:13:43.498258,4.204
2026-04-30T21:12:44.431397,26.42,0,29.58,0.0,1000.0,0.0,4.199,99.5,99,0,60.0,2026-04-30T21:13:44.431232,4.204
2026-04-30T21:12:44.488845,26.42,0,29.58,0.0,1000.0,0.0,4.199,99.5,99,0,60.0,2026-04-30T21:13:44.488697,4.204
2026-04-30T21:12:44.544625,26.42,0,29.58,0.0,1000.0,0.0,4.199,99.5,99,0,60.0,2026-04-30T21:13:44.544504,4.204
2026-04-30T21:12:45.494169,26.45,0,29.61,0.0,1000.0,0.0,4.199,99.5,99,0,60.0,2026-04-30T21:13:45.494008,4.204
2026-04-30T21:12:45.550605,26.45,0,29.61,0.0,1000.0,0.0,4.199,99.5,99,0,60.0,2026-04-30T21:13:45.550476,4.204
2026-04-30T21:12:45.606754,26.45,0,29.61,0.0,1000.0,0.0,4.199,99.5,99,0,60.0,2026-04-30T21:13:45.606639,4.204
2026-04-30T21:12:46.549380,26.47,0,29.64,0.0,1000.0,0.0,4.199,99.5,99,0,60.0,2026-04-30T21:13:46.549210,4.204
2026-04-30T21:12:46.605734,26.47,0,29.63,0.0,1000.0,0.0,4.199,99.5,99,0,60.0,2026-04-30T21:13:46.605605,4.204
2026-04-30T21:12:46.661696,26.47,0,29.63,0.0,1000.0,0.0,4.199,99.5,99,0,60.0,2026-04-30T21:13:46.661567,4.204
2026-04-30T21:12:47.605288,26.51,0,29.67,0.0,1000.0,0.0,4.199,99.5,99,0,60.0,2026-04-30T21:13:47.605128,4.204
2026-04-30T21:12:47.661170,26.51,0,29.67,0.0,1000.0,0.0,4.199,99.5,99,0,60.0,2026-04-30T21:13:47.661043,4.204
2026-04-30T21:12:48.618117,26.51,0,29.71,0.0,1000.0,0.0,4.199,99.5,99,0,60.0,2026-04-30T21:13:48.617942,4.204
2026-04-30T21:12:48.675763,26.55,0,29.71,0.0,1000.0,0.0,4.199,99.5,99,0,60.0,2026-04-30T21:13:48.675632,4.204
2026-04-30T21:12:48.731034,26.55,0,29.71,0.0,1000.0,0.0,4.199,99.5,99,0,60.0,2026-04-30T21:13:48.730922,4.204
2026-04-30T21:12:49.680200,26.57,0,29.74,0.0,1000.0,0.0,4.199,99.5,99,0,60.0,2026-04-30T21:13:49.680039,4.204
2026-04-30T21:12:49.737666,26.57,0,29.74,0.0,1000.0,0.0,4.199,99.5,99,0,60.0,2026-04-30T21:13:49.737522,4.204
2026-04-30T21:12:49.793742,26.57,0,29.73,0.0,1000.0,0.0,4.199,99.5,99,0,60.0,2026-04-30T21:13:49.793635,4.204
2026-04-30T21:12:50.729666,26.62,0,29.77,0.0,1000.0,0.0,4.199,99.5,99,0,60.0,2026-04-30T21:13:50.729490,4.204
2026-04-30T21:12:50.786173,26.62,0,29.77,0.0,1000.0,0.0,4.199,99.5,99,0,60.0,2026-04-30T21:13:50.786052,4.204
2026-04-30T21:12:50.842306,26.62,0,29.77,0.0,1000.0,0.0,4.199,99.5,99,0,60.0,2026-04-30T21:13:50.842177,4.204
2026-04-30T21:12:51.785899,26.66,0,29.81,0.0,1000.0,0.0,4.199,99.4,99,0,60.0,2026-04-30T21:13:51.785749,4.204
2026-04-30T21:12:51.841387,26.66,0,29.81,0.0,1000.0,0.0,4.199,99.4,99,0,60.0,2026-04-30T21:13:51.841268,4.204
2026-04-30T21:12:51.899591,26.66,0,29.81,0.0,1000.0,0.0,4.199,99.4,99,0,60.0,2026-04-30T21:13:51.898562,4.204
2026-04-30T21:12:52.843406,26.71,0,29.85,0.0,1000.0,0.0,4.199,99.4,99,0,60.0,2026-04-30T21:13:52.843242,4.204
2026-04-30T21:12:52.899481,26.71,0,29.86,0.0,1000.0,0.0,4.199,99.4,99,0,60.0,2026-04-30T21:13:52.899326,4.204
2026-04-30T21:12:53.860581,26.71,0,29.9,0.0,1000.0,0.0,4.199,99.4,99,0,60.0,2026-04-30T21:13:53.860351,4.204
2026-04-30T21:12:53.921697,26.77,0,29.91,0.0,1000.0,0.0,4.199,99.4,99,0,60.0,2026-04-30T21:13:53.921564,4.204
2026-04-30T21:12:53.978380,26.77,0,29.92,0.0,1000.0,0.0,4.199,99.4,99,0,60.0,2026-04-30T21:13:53.978233,4.204
2026-04-30T21:12:54.914198,26.83,0,29.96,0.0,1000.0,0.0,4.199,99.4,99,0,60.0,2026-04-30T21:13:54.913727,4.204
2026-04-30T21:12:54.972570,26.83,0,29.97,0.0,1000.0,0.0,4.199,99.4,99,0,60.0,2026-04-30T21:13:54.972418,4.204
2026-04-30T21:12:55.028619,26.83,0,29.98,0.0,1000.0,0.0,4.199,99.4,99,0,60.0,2026-04-30T21:13:55.028482,4.204
2026-04-30T21:12:55.955515,26.89,0,30.02,0.0,1000.0,0.0,4.199,99.4,99,0,60.0,2026-04-30T21:13:55.955349,4.204
2026-04-30T21:12:56.014220,26.89,0,30.03,0.0,1000.0,0.0,4.199,99.4,99,0,60.0,2026-04-30T21:13:56.014084,4.204
2026-04-30T21:12:56.156325,26.89,0,30.04,0.0,1000.0,0.0,4.199,99.4,99,0,60.0,2026-04-30T21:13:56.150058,4.204
2026-04-30T21:12:57.010130,26.96,0,30.08,0.0,1000.0,0.0,4.199,99.4,99,0,60.0,2026-04-30T21:13:57.009968,4.204
2026-04-30T21:12:57.067123,26.96,0,30.09,0.0,1000.0,0.0,4.199,99.3,99,0,60.0,2026-04-30T21:13:57.066985,4.204
2026-04-30T21:12:57.124061,26.96,0,30.1,0.0,1000.0,0.0,4.199,99.3,99,0,60.0,2026-04-30T21:13:57.123920,4.204
2026-04-30T21:12:58.168183,27.05,0,30.16,0.0,1000.0,0.0,4.199,99.3,99,0,60.0,2026-04-30T21:13:58.167346,4.204
2026-04-30T21:12:58.232819,27.05,0,30.18,0.0,1000.0,0.0,4.199,99.3,99,0,60.0,2026-04-30T21:13:58.232708,4.204
2026-04-30T21:12:59.091391,27.05,0,30.22,0.0,1000.0,0.0,4.199,99.3,99,0,60.0,2026-04-30T21:13:59.091240,4.204
2026-04-30T21:12:59.149002,27.13,0,30.24,0.0,1000.0,0.0,4.199,99.3,99,0,60.0,2026-04-30T21:13:59.148858,4.204
2026-04-30T21:12:59.204458,27.13,0,30.25,0.0,1000.0,0.0,4.199,99.3,99,0,60.0,2026-04-30T21:13:59.204348,4.204
2026-04-30T21:13:00.147980,27.21,0,30.31,0.0,1000.0,0.0,4.199,99.3,99,0,60.0,2026-04-30T21:14:00.147813,4.205
2026-04-30T21:13:00.208231,27.21,0,30.33,0.0,1000.0,0.0,4.199,99.3,99,0,60.0,2026-04-30T21:14:00.208051,4.205
2026-04-30T21:13:00.271505,27.21,0,30.34,0.0,1000.0,0.0,4.199,99.3,99,0,60.0,2026-04-30T21:14:00.271348,4.205
2026-04-30T21:13:01.192584,27.29,0,30.39,0.0,1000.0,0.0,4.199,99.2,99,0,60.0,2026-04-30T21:14:01.192422,4.205
2026-04-30T21:13:01.253853,27.29,0,30.41,0.0,1000.0,0.0,4.199,99.2,99,0,60.0,2026-04-30T21:14:01.253728,4.205
2026-04-30T21:13:01.311956,27.29,0,30.42,0.0,1000.0,0.0,4.199,99.2,99,0,60.0,2026-04-30T21:14:01.311781,4.205
2026-04-30T21:13:02.256250,27.38,0,30.49,0.0,1000.0,0.0,4.199,99.2,99,0,60.0,2026-04-30T21:14:02.256066,4.205
2026-04-30T21:13:02.318355,27.38,0,30.5,0.0,1000.0,0.0,4.199,99.2,99,0,60.0,2026-04-30T21:14:02.318175,4.205
2026-04-30T21:13:02.379625,27.38,0,30.51,0.0,1000.0,0.0,4.199,99.2,99,0,60.0,2026-04-30T21:14:02.379463,4.205
2026-04-30T21:13:03.311241,27.45,0,30.57,0.0,1000.0,0.0,4.199,99.2,99,0,60.0,2026-04-30T21:14:03.311052,4.205
2026-04-30T21:13:03.370717,27.45,0,30.58,0.0,1000.0,0.0,4.199,99.2,99,0,60.0,2026-04-30T21:14:03.370520,4.205
2026-04-30T21:13:04.327892,27.45,0,30.63,0.0,1000.0,0.0,4.199,99.2,99,0,60.0,2026-04-30T21:14:04.327687,4.205
2026-04-30T21:13:04.389614,27.55,0,30.66,0.0,1000.0,0.0,4.199,99.1,99,0,60.0,2026-04-30T21:14:04.389458,4.205
2026-04-30T21:13:04.449564,27.55,0,30.67,0.0,1000.0,0.0,4.199,99.1,99,0,60.0,2026-04-30T21:14:04.449361,4.205
2026-04-30T21:13:05.383257,27.62,0,30.72,0.0,1000.0,0.0,4.199,99.1,99,0,60.0,2026-04-30T21:14:05.383051,4.205
2026-04-30T21:13:05.445127,27.62,0,30.74,0.0,1000.0,0.0,4.199,99.1,99,0,60.0,2026-04-30T21:14:05.444956,4.205
2026-04-30T21:13:05.507069,27.62,0,30.75,0.0,1000.0,0.0,4.199,99.1,99,0,60.0,2026-04-30T21:14:05.506906,4.205
2026-04-30T21:13:06.436975,27.69,0,30.8,0.0,1000.0,0.0,4.199,99.1,99,0,60.0,2026-04-30T21:14:06.436777,4.205
2026-04-30T21:13:06.497652,27.69,0,30.82,0.0,1000.0,0.0,4.199,99.1,99,0,60.0,2026-04-30T21:14:06.497494,4.205
2026-04-30T21:13:06.560261,27.69,0,30.82,0.0,1000.0,0.0,4.199,99.1,99,0,60.0,2026-04-30T21:14:06.560076,4.205
2026-04-30T21:13:07.493994,27.75,0,30.87,0.0,1000.0,0.0,4.199,99.1,99,0,60.0,2026-04-30T21:14:07.493798,4.205
2026-04-30T21:13:07.554567,27.75,0,30.88,0.0,1000.0,0.0,4.199,99.1,99,0,60.0,2026-04-30T21:14:07.554289,4.205
2026-04-30T21:13:07.617250,27.75,0,30.89,0.0,1000.0,0.0,4.199,99.1,99,0,60.0,2026-04-30T21:14:07.617079,4.205
2026-04-30T21:13:08.547579,27.82,0,30.94,0.0,1000.0,0.0,4.199,99.1,99,0,60.0,2026-04-30T21:14:08.547363,4.205
2026-04-30T21:13:08.609821,27.82,0,30.95,0.0,1000.0,0.0,4.199,99.1,99,0,60.0,2026-04-30T21:14:08.609645,4.205
2026-04-30T21:13:09.568737,27.82,0,31.0,0.0,1000.0,0.0,4.199,99.1,99,0,60.0,2026-04-30T21:14:09.568387,4.205
2026-04-30T21:13:09.661291,27.88,0,31.01,0.0,1000.0,0.0,4.199,99.0,99,0,60.0,2026-04-30T21:14:09.661056,4.205
2026-04-30T21:13:09.741469,27.88,0,31.02,0.0,1000.0,0.0,4.199,99.0,99,0,60.0,2026-04-30T21:14:09.741233,4.205
2026-04-30T21:13:11.086843,27.93,0,31.05,0.0,1000.0,0.0,4.199,99.0,99,0,60.0,2026-04-30T21:14:11.086608,4.205
2026-04-30T21:13:11.603413,27.93,0,31.08,0.0,1000.0,0.0,4.199,99.0,99,0,60.0,2026-04-30T21:14:11.590664,4.205
2026-04-30T21:13:11.721781,27.93,0,31.08,0.0,1000.0,0.0,4.199,99.0,99,0,60.0,2026-04-30T21:14:11.721554,4.205
2026-04-30T21:13:11.803265,28.01,0,31.09,0.0,1000.0,0.0,4.199,99.0,99,0,60.0,2026-04-30T21:14:11.803081,4.205
2026-04-30T21:13:11.873000,28.01,0,31.11,0.0,1000.0,0.0,4.199,99.0,99,0,60.0,2026-04-30T21:14:11.872833,4.205
2026-04-30T21:13:11.940205,28.01,0,31.12,0.0,1000.0,0.0,4.199,99.0,99,0,60.0,2026-04-30T21:14:11.940055,4.205
2026-04-30T21:13:12.728043,28.07,0,31.17,0.0,1000.0,0.0,4.199,99.0,99,0,60.0,2026-04-30T21:14:12.727786,4.205
2026-04-30T21:13:12.802354,28.07,0,31.18,0.0,1000.0,0.0,4.199,99.0,99,0,60.0,2026-04-30T21:14:12.802121,4.205
2026-04-30T21:13:12.877032,28.07,0,31.19,0.0,1000.0,0.0,4.199,99.0,99,0,60.0,2026-04-30T21:14:12.876780,4.205
2026-04-30T21:13:14.400558,28.13,0,31.25,0.0,1000.0,0.0,4.199,98.9,99,0,60.0,2026-04-30T21:14:14.398638,4.205
2026-04-30T21:13:14.843898,28.13,0,31.27,0.0,1000.0,0.0,4.199,98.9,99,0,60.0,2026-04-30T21:14:14.843654,4.205
2026-04-30T21:13:15.239801,28.13,0,31.27,0.0,1000.0,0.0,4.199,98.9,99,0,60.0,2026-04-30T21:14:15.161268,4.205
2026-04-30T21:13:15.440481,28.18,0,31.3,0.0,1000.0,0.0,4.199,98.9,99,0,60.0,2026-04-30T21:14:15.440319,4.205
2026-04-30T21:13:15.523565,28.18,0,31.31,0.0,1000.0,0.0,4.199,98.9,99,0,60.0,2026-04-30T21:14:15.523290,4.205
2026-04-30T21:13:15.842185,28.24,0,31.33,0.0,1000.0,0.0,4.199,98.9,99,0,60.0,2026-04-30T21:14:15.842059,4.205
2026-04-30T21:13:15.901624,28.24,0,31.35,0.0,1000.0,0.0,4.199,98.9,99,0,60.0,2026-04-30T21:14:15.901482,4.205
2026-04-30T21:13:15.958746,28.24,0,31.36,0.0,1000.0,0.0,4.199,98.9,99,0,60.0,2026-04-30T21:14:15.958615,4.205
2026-04-30T21:13:16.905119,28.27,0,31.4,0.0,1000.0,0.0,4.199,98.9,99,0,60.0,2026-04-30T21:14:16.904949,4.205
2026-04-30T21:13:16.965168,28.27,0,31.4,0.0,1000.0,0.0,4.199,98.9,99,0,60.0,2026-04-30T21:14:16.964992,4.205
2026-04-30T21:13:17.023620,28.27,0,31.4,0.0,1000.0,0.0,4.199,98.9,99,0,60.0,2026-04-30T21:14:17.023465,4.205
2026-04-30T21:13:17.952811,28.32,0,31.45,0.0,1000.0,0.0,4.199,98.9,99,0,60.0,2026-04-30T21:14:17.952620,4.205
2026-04-30T21:13:18.010485,28.32,0,31.45,0.0,1000.0,0.0,4.199,98.9,99,0,60.0,2026-04-30T21:14:18.010321,4.205
2026-04-30T21:13:18.162990,28.32,0,31.46,0.0,1000.0,0.0,4.199,98.9,99,0,60.0,2026-04-30T21:14:18.162705,4.205
2026-04-30T21:13:19.007004,28.36,0,31.49,0.0,1000.0,0.0,4.199,98.9,99,0,60.0,2026-04-30T21:14:19.006805,4.205
2026-04-30T21:13:19.064019,28.36,0,31.5,0.0,1000.0,0.0,4.199,98.9,99,0,60.0,2026-04-30T21:14:19.063898,4.205
2026-04-30T21:13:20.050730,28.36,0,31.53,0.0,1000.0,0.0,4.199,98.9,99,0,60.0,2026-04-30T21:14:20.032263,4.205
2026-04-30T21:13:20.177894,28.4,0,31.54,0.0,1000.0,0.0,4.199,98.9,99,0,60.0,2026-04-30T21:14:20.177704,4.205
2026-04-30T21:13:20.234065,28.4,0,31.54,0.0,1000.0,0.0,4.199,98.9,99,0,60.0,2026-04-30T21:14:20.233938,4.205
2026-04-30T21:13:21.080302,28.46,0,31.58,0.0,1000.0,0.0,4.199,98.8,99,0,60.0,2026-04-30T21:14:21.080145,4.205
2026-04-30T21:13:21.137863,28.46,0,31.58,0.0,1000.0,0.0,4.199,98.8,99,0,60.0,2026-04-30T21:14:21.137731,4.205
2026-04-30T21:13:21.193138,28.46,0,31.59,0.0,1000.0,0.0,4.199,98.8,99,0,60.0,2026-04-30T21:14:21.193039,4.205
2026-04-30T21:13:22.154848,28.5,0,31.63,0.0,1000.0,0.0,4.199,98.8,99,0,60.0,2026-04-30T21:14:22.154681,4.205
2026-04-30T21:13:22.212783,28.5,0,31.63,0.0,1000.0,0.0,4.199,98.8,99,0,60.0,2026-04-30T21:14:22.212649,4.205
2026-04-30T21:13:22.269075,28.5,0,31.63,0.0,1000.0,0.0,4.199,98.8,99,0,60.0,2026-04-30T21:14:22.268944,4.205
2026-04-30T21:13:23.200049,28.55,0,31.67,0.0,1000.0,0.0,4.199,98.8,99,0,60.0,2026-04-30T21:14:23.199895,4.205
2026-04-30T21:13:23.256707,28.55,0,31.68,0.0,1000.0,0.0,4.199,98.8,99,0,60.0,2026-04-30T21:14:23.256582,4.205
2026-04-30T21:13:23.314543,28.55,0,31.68,0.0,1000.0,0.0,4.199,98.8,99,0,60.0,2026-04-30T21:14:23.314385,4.205
2026-04-30T21:13:24.241669,28.6,0,31.72,0.0,1000.0,0.0,4.199,98.8,99,0,60.0,2026-04-30T21:14:24.241498,4.205
2026-04-30T21:13:24.298823,28.6,0,31.73,0.0,1000.0,0.0,4.199,98.8,99,0,60.0,2026-04-30T21:14:24.298652,4.205
2026-04-30T21:13:25.271671,28.6,0,31.77,0.0,1000.0,0.0,4.199,98.8,99,0,60.0,2026-04-30T21:14:25.271450,4.205
2026-04-30T21:13:25.329155,28.66,0,31.78,0.0,1000.0,0.0,4.199,98.8,99,0,60.0,2026-04-30T21:14:25.329021,4.205
2026-04-30T21:13:25.384799,28.66,0,31.79,0.0,1000.0,0.0,4.199,98.8,99,0,60.0,2026-04-30T21:14:25.384679,4.205
2026-04-30T21:13:26.312925,28.72,0,31.83,0.0,1000.0,0.0,4.199,98.8,99,0,60.0,2026-04-30T21:14:26.312757,4.205
2026-04-30T21:13:26.376417,28.72,0,31.84,0.0,1000.0,0.0,4.199,98.8,99,0,60.0,2026-04-30T21:14:26.376263,4.205
2026-04-30T21:13:26.431612,28.72,0,31.85,0.0,1000.0,0.0,4.199,98.8,99,0,60.0,2026-04-30T21:14:26.431493,4.205
2026-04-30T21:13:27.376181,28.77,0,31.89,0.0,1000.0,0.0,4.199,98.7,99,0,60.0,2026-04-30T21:14:27.376022,4.205
2026-04-30T21:13:27.432572,28.77,0,31.9,0.0,1000.0,0.0,4.199,98.7,99,0,60.0,2026-04-30T21:14:27.432439,4.205
2026-04-30T21:13:27.487849,28.77,0,31.9,0.0,1000.0,0.0,4.199,98.7,99,0,60.0,2026-04-30T21:14:27.487741,4.205
2026-04-30T21:13:28.433743,28.83,0,31.95,0.0,1000.0,0.0,4.199,98.7,99,0,60.0,2026-04-30T21:14:28.433585,4.205
2026-04-30T21:13:28.489752,28.83,0,31.96,0.0,1000.0,0.0,4.199,98.7,99,0,60.0,2026-04-30T21:14:28.489633,4.205
2026-04-30T21:13:28.545941,28.83,0,31.96,0.0,1000.0,0.0,4.199,98.7,99,0,60.0,2026-04-30T21:14:28.545803,4.205
2026-04-30T21:13:29.489358,28.91,0,32.02,0.0,1000.0,0.0,4.199,98.7,99,0,60.0,2026-04-30T21:14:29.489212,4.205
2026-04-30T21:13:29.577246,28.91,0,32.03,0.0,1000.0,0.0,4.199,98.7,99,0,60.0,2026-04-30T21:14:29.576975,4.205
2026-04-30T21:13:30.505881,28.91,0,32.06,0.0,1000.0,0.0,4.199,98.7,99,0,60.0,2026-04-30T21:14:30.505596,4.205
2026-04-30T21:13:30.603532,28.97,0,32.08,0.0,1000.0,0.0,4.199,98.7,99,0,60.0,2026-04-30T21:14:30.603356,4.205
2026-04-30T21:13:30.666165,28.97,0,32.08,0.0,1000.0,0.0,4.199,98.7,99,0,60.0,2026-04-30T21:14:30.665981,4.205
2026-04-30T21:13:31.560302,29.04,0,32.13,0.0,1000.0,0.0,4.199,98.6,99,0,60.0,2026-04-30T21:14:31.560101,4.205
2026-04-30T21:13:31.622135,29.04,0,32.14,0.0,1000.0,0.0,4.199,98.6,99,0,60.0,2026-04-30T21:14:31.621957,4.205
2026-04-30T21:13:31.684106,29.04,0,32.15,0.0,1000.0,0.0,4.199,98.6,99,0,60.0,2026-04-30T21:14:31.683879,4.205
2026-04-30T21:13:32.616769,29.09,0,32.2,0.0,1000.0,0.0,4.199,98.6,99,0,60.0,2026-04-30T21:14:32.616545,4.205
2026-04-30T21:13:32.680249,29.09,0,32.2,0.0,1000.0,0.0,4.199,98.6,99,0,60.0,2026-04-30T21:14:32.680081,4.205
2026-04-30T21:13:32.753056,29.09,0,32.21,0.0,1000.0,0.0,4.199,98.6,99,0,60.0,2026-04-30T21:14:32.752868,4.205
2026-04-30T21:13:33.670725,29.15,0,32.26,0.0,1000.0,0.0,4.199,98.6,99,0,60.0,2026-04-30T21:14:33.670533,4.205
2026-04-30T21:13:33.733651,29.15,0,32.26,0.0,1000.0,0.0,4.199,98.6,99,0,60.0,2026-04-30T21:14:33.733426,4.205
2026-04-30T21:13:33.797770,29.15,0,32.27,0.0,1000.0,0.0,4.199,98.6,99,0,60.0,2026-04-30T21:14:33.797599,4.205
2026-04-30T21:13:34.734845,29.21,0,32.32,0.0,1000.0,0.0,4.199,98.6,99,0,60.0,2026-04-30T21:14:34.734662,4.205
2026-04-30T21:13:34.802021,29.21,0,32.33,0.0,1000.0,0.0,4.199,98.6,99,0,60.0,2026-04-30T21:14:34.801786,4.205
2026-04-30T21:13:35.744293,29.21,0,32.37,0.0,1000.0,0.0,4.199,98.6,99,0,60.0,2026-04-30T21:14:35.744099,4.205
2026-04-30T21:13:35.816273,29.27,0,32.38,0.0,1000.0,0.0,4.199,98.6,99,0,60.0,2026-04-30T21:14:35.816073,4.205
2026-04-30T21:13:35.888525,29.27,0,32.39,0.0,1000.0,0.0,4.199,98.6,99,0,60.0,2026-04-30T21:14:35.888297,4.205
2026-04-30T21:13:37.074596,29.31,0,32.43,0.0,1000.0,0.0,4.199,98.6,99,0,60.0,2026-04-30T21:14:37.069529,4.205
2026-04-30T21:13:37.339591,29.31,0,32.44,0.0,1000.0,0.0,4.199,98.6,99,0,60.0,2026-04-30T21:14:37.339102,4.205
2026-04-30T21:13:38.112701,29.31,0,32.46,0.0,1000.0,0.0,4.199,98.6,99,0,60.0,2026-04-30T21:14:38.106749,4.205
2026-04-30T21:13:38.250561,29.35,0,32.46,0.0,1000.0,0.0,4.199,98.5,99,0,60.0,2026-04-30T21:14:38.250301,4.205
2026-04-30T21:13:38.375868,29.35,0,32.47,0.0,1000.0,0.0,4.199,98.5,99,0,60.0,2026-04-30T21:14:38.375298,4.205
2026-04-30T21:13:38.485364,29.35,0,32.48,0.0,1000.0,0.0,4.199,98.5,99,0,60.0,2026-04-30T21:14:38.485088,4.205
2026-04-30T21:13:40.040967,29.42,0,32.54,0.0,1000.0,0.0,4.199,98.5,99,0,60.0,2026-04-30T21:14:40.037589,4.205
2026-04-30T21:13:40.114807,29.42,0,32.55,0.0,1000.0,0.0,4.199,98.5,99,0,60.0,2026-04-30T21:14:40.114665,4.205
2026-04-30T21:13:40.181034,29.42,0,32.55,0.0,1000.0,0.0,4.199,98.5,99,0,60.0,2026-04-30T21:14:40.180865,4.205
2026-04-30T21:13:40.248703,29.47,0,32.56,0.0,1000.0,0.0,4.199,98.5,99,0,60.0,2026-04-30T21:14:40.248471,4.205
2026-04-30T21:13:40.308974,29.47,0,32.57,0.0,1000.0,0.0,4.199,98.5,99,0,60.0,2026-04-30T21:14:40.308864,4.205
2026-04-30T21:13:40.965648,29.47,0,32.6,0.0,1000.0,0.0,4.199,98.5,99,0,60.0,2026-04-30T21:14:40.965496,4.205
2026-04-30T21:13:41.026039,29.5,0,32.61,0.0,1000.0,0.0,4.199,98.5,99,0,60.0,2026-04-30T21:14:41.025866,4.205
2026-04-30T21:13:41.082493,29.5,0,32.62,0.0,1000.0,0.0,4.199,98.5,99,0,60.0,2026-04-30T21:14:41.082379,4.205
2026-04-30T21:13:42.034330,29.56,0,32.66,0.0,1000.0,0.0,4.199,98.5,99,0,60.0,2026-04-30T21:14:42.028112,4.205
2026-04-30T21:13:42.174915,29.56,0,32.67,0.0,1000.0,0.0,4.199,98.5,99,0,60.0,2026-04-30T21:14:42.174755,4.205
2026-04-30T21:13:42.231738,29.56,0,32.68,0.0,1000.0,0.0,4.199,98.5,99,0,60.0,2026-04-30T21:14:42.231589,4.205
2026-04-30T21:13:43.077659,29.61,0,32.72,0.0,1000.0,0.0,4.199,98.5,99,0,60.0,2026-04-30T21:14:43.077519,4.205
2026-04-30T21:13:43.135032,29.61,0,32.73,0.0,1000.0,0.0,4.199,98.5,99,0,60.0,2026-04-30T21:14:43.134882,4.205
2026-04-30T21:13:43.191345,29.61,0,32.73,0.0,1000.0,0.0,4.199,98.5,99,0,60.0,2026-04-30T21:14:43.191221,4.205
2026-04-30T21:13:44.160808,29.68,0,32.78,0.0,1000.0,0.0,4.199,98.4,99,0,60.0,2026-04-30T21:14:44.160638,4.205
2026-04-30T21:13:44.218458,29.68,0,32.79,0.0,1000.0,0.0,4.199,98.4,99,0,60.0,2026-04-30T21:14:44.218311,4.205
2026-04-30T21:13:44.276344,29.68,0,32.8,0.0,1000.0,0.0,4.199,98.4,99,0,60.0,2026-04-30T21:14:44.276164,4.205
2026-04-30T21:13:45.198404,29.74,0,32.85,0.0,1000.0,0.0,4.199,98.4,99,0,60.0,2026-04-30T21:14:45.198188,4.205
2026-04-30T21:13:45.255571,29.74,0,32.86,0.0,1000.0,0.0,4.199,98.4,99,0,60.0,2026-04-30T21:14:45.255453,4.205
2026-04-30T21:13:46.200845,29.74,0,32.9,0.0,1000.0,0.0,4.199,98.4,99,0,60.0,2026-04-30T21:14:46.200680,4.205
2026-04-30T21:13:46.260026,29.81,0,32.92,0.0,1000.0,0.0,4.199,98.4,99,0,60.0,2026-04-30T21:14:46.259854,4.205
2026-04-30T21:13:46.322932,29.81,0,32.93,0.0,1000.0,0.0,4.199,98.4,99,0,60.0,2026-04-30T21:14:46.322749,4.205
2026-04-30T21:13:47.261864,29.9,0,32.98,0.0,1000.0,0.0,4.199,98.4,99,0,60.0,2026-04-30T21:14:47.261718,4.205
2026-04-30T21:13:47.319728,29.9,0,33.0,0.0,1000.0,0.0,4.199,98.4,99,0,60.0,2026-04-30T21:14:47.319584,4.205
2026-04-30T21:13:47.375805,29.9,0,33.01,0.0,1000.0,0.0,4.199,98.4,99,0,60.0,2026-04-30T21:14:47.375681,4.205
2026-04-30T21:13:48.309148,29.97,0,33.06,0.0,1000.0,0.0,4.199,98.3,99,0,60.0,2026-04-30T21:14:48.308976,4.205
2026-04-30T21:13:48.371535,29.97,0,33.07,0.0,1000.0,0.0,4.199,98.3,99,0,60.0,2026-04-30T21:14:48.371357,4.205
2026-04-30T21:13:48.427341,29.97,0,33.07,0.0,1000.0,0.0,4.199,98.3,99,0,60.0,2026-04-30T21:14:48.427229,4.205
2026-04-30T21:13:49.376980,30.05,0,33.13,0.0,1000.0,0.0,4.199,98.3,99,0,60.0,2026-04-30T21:14:49.376802,4.205
2026-04-30T21:13:49.434639,30.05,0,33.14,0.0,1000.0,0.0,4.199,98.3,99,0,60.0,2026-04-30T21:14:49.434493,4.205
2026-04-30T21:13:49.492143,30.05,0,33.15,0.0,1000.0,0.0,4.199,98.3,99,0,60.0,2026-04-30T21:14:49.491992,4.205
2026-04-30T21:13:50.431739,30.11,0,33.21,0.0,1000.0,0.0,4.199,98.3,99,0,60.0,2026-04-30T21:14:50.431509,4.205
2026-04-30T21:13:50.487831,30.11,0,33.21,0.0,1000.0,0.0,4.199,98.3,99,0,60.0,2026-04-30T21:14:50.487727,4.205
2026-04-30T21:13:51.435049,30.11,0,33.26,0.0,1000.0,0.0,4.199,98.3,99,0,60.0,2026-04-30T21:14:51.434909,4.205
2026-04-30T21:13:51.493106,30.2,0,33.29,0.0,1000.0,0.0,4.199,98.3,99,0,60.0,2026-04-30T21:14:51.492983,4.205
2026-04-30T21:13:51.550415,30.2,0,33.3,0.0,1000.0,0.0,4.199,98.3,99,0,60.0,2026-04-30T21:14:51.550278,4.205
2026-04-30T21:13:52.497627,30.27,0,33.35,0.0,1000.0,0.0,4.199,98.2,99,0,60.0,2026-04-30T21:14:52.497460,4.205
2026-04-30T21:13:52.555540,30.27,0,33.37,0.0,1000.0,0.0,4.199,98.2,99,0,60.0,2026-04-30T21:14:52.555400,4.205
2026-04-30T21:13:52.611035,30.27,0,33.38,0.0,1000.0,0.0,4.199,98.2,99,0,60.0,2026-04-30T21:14:52.610922,4.205
2026-04-30T21:13:53.554609,30.35,0,33.43,0.0,1000.0,0.0,4.199,98.2,99,0,60.0,2026-04-30T21:14:53.554438,4.205
2026-04-30T21:13:53.611732,30.35,0,33.44,0.0,1000.0,0.0,4.199,98.2,99,0,60.0,2026-04-30T21:14:53.611604,4.205
2026-04-30T21:13:53.667899,30.35,0,33.45,0.0,1000.0,0.0,4.199,98.2,99,0,60.0,2026-04-30T21:14:53.667799,4.205
2026-04-30T21:13:54.605576,30.43,0,33.51,0.0,1000.0,0.0,4.199,98.2,99,0,60.0,2026-04-30T21:14:54.605421,4.205
2026-04-30T21:13:54.662614,30.43,0,33.52,0.0,1000.0,0.0,4.199,98.2,99,0,60.0,2026-04-30T21:14:54.662495,4.205
2026-04-30T21:13:54.719440,30.43,0,33.53,0.0,1000.0,0.0,4.199,98.2,99,0,60.0,2026-04-30T21:14:54.719319,4.205
2026-04-30T21:13:55.662198,30.51,0,33.59,0.0,1000.0,0.0,4.199,98.1,99,0,60.0,2026-04-30T21:14:55.662026,4.205
2026-04-30T21:13:55.718177,30.51,0,33.61,0.0,1000.0,0.0,4.199,98.1,99,0,60.0,2026-04-30T21:14:55.718063,4.205
2026-04-30T21:13:56.670883,30.51,0,33.65,0.0,1000.0,0.0,4.199,98.1,99,0,60.0,2026-04-30T21:14:56.670716,4.205
2026-04-30T21:13:56.728831,30.59,0,33.68,0.0,1000.0,0.0,4.199,98.1,99,0,60.0,2026-04-30T21:14:56.728696,4.205
2026-04-30T21:13:56.784858,30.59,0,33.69,0.0,1000.0,0.0,4.199,98.1,99,0,60.0,2026-04-30T21:14:56.784745,4.205
2026-04-30T21:13:57.737385,30.67,0,33.74,0.0,1000.0,0.0,4.199,98.1,99,0,60.0,2026-04-30T21:14:57.737242,4.205
2026-04-30T21:13:57.794482,30.67,0,33.76,0.0,1000.0,0.0,4.199,98.1,99,0,60.0,2026-04-30T21:14:57.794354,4.205
2026-04-30T21:13:57.849945,30.67,0,33.77,0.0,1000.0,0.0,4.199,98.1,99,0,60.0,2026-04-30T21:14:57.849832,4.205
2026-04-30T21:13:58.792618,30.73,0,33.82,0.0,1000.0,0.0,4.199,98.1,99,0,60.0,2026-04-30T21:14:58.792439,4.205
2026-04-30T21:13:58.850266,30.73,0,33.83,0.0,1000.0,0.0,4.199,98.1,99,0,60.0,2026-04-30T21:14:58.850139,4.205
2026-04-30T21:13:58.906463,30.73,0,33.84,0.0,1000.0,0.0,4.199,98.1,99,0,60.0,2026-04-30T21:14:58.906329,4.205
2026-04-30T21:13:59.847547,30.82,0,33.9,0.0,1000.0,0.0,4.199,98.0,99,0,60.0,2026-04-30T21:14:59.847383,4.205
2026-04-30T21:13:59.907123,30.82,0,33.91,0.0,1000.0,0.0,4.199,98.0,99,0,60.0,2026-04-30T21:14:59.906992,4.205
2026-04-30T21:13:59.965377,30.82,0,33.92,0.0,1000.0,0.0,4.199,98.0,99,0,60.0,2026-04-30T21:14:59.965237,4.205
2026-04-30T21:14:00.902768,30.86,0.0009,33.96,0.0,1000.0,0.0,4.199,98.0,99,0,60.0,2026-04-30T21:15:00.902640,4.205
2026-04-30T21:14:00.959093,30.86,0.0009,33.97,0.0,1000.0,0.0,4.199,98.0,99,0,60.0,2026-04-30T21:15:00.958959,4.205
2026-04-30T21:14:01.920192,30.86,0.0009,34.01,0.0,1000.0,0.0,4.199,98.0,99,0,60.0,2026-04-30T21:15:01.920052,4.205
2026-04-30T21:14:01.979023,30.92,0.0009,34.02,0.003,1000.0,0.0,4.199,98.0,99,0,60.0,2026-04-30T21:15:01.978867,4.205
2026-04-30T21:14:02.057657,30.92,0.0009,34.02,0.0049,1000.0,0.0,4.199,98.0,99,0,60.0,2026-04-30T21:15:02.039396,4.205
2026-04-30T21:14:02.968753,30.96,0.0009,34.07,0.0065,1000.0,0.0,4.199,98.0,99,0,60.0,2026-04-30T21:15:02.968578,4.205
2026-04-30T21:14:03.027990,30.96,0,34.07,0.0,1000.0,0.0,4.199,98.0,99,0,60.0,2026-04-30T21:15:03.027826,4.205
2026-04-30T21:14:03.084548,30.96,0,34.07,0.0,1000.0,0.0,4.199,98.0,99,0,60.0,2026-04-30T21:15:03.084436,4.205
2026-04-30T21:14:04.037553,31.01,0,34.1,0.0,1000.0,0.0,4.199,98.0,99,0,60.0,2026-04-30T21:15:04.024454,4.205
2026-04-30T21:14:04.170170,31.01,0.0017,34.11,0.0,1000.0,0.0,4.199,98.0,99,0,60.0,2026-04-30T21:15:04.169997,4.205
2026-04-30T21:14:04.226358,31.01,0.0017,34.11,0.0,1000.0,0.0,4.199,98.0,99,0,60.0,2026-04-30T21:15:04.226252,4.205
2026-04-30T21:14:05.077306,31.06,0.0017,34.15,0.0023,1000.0,0.0,4.199,98.0,99,0,60.0,2026-04-30T21:15:05.077145,4.205
2026-04-30T21:14:05.133837,31.06,0.0017,34.16,0.005,1000.0,0.0,4.199,98.0,99,0,60.0,2026-04-30T21:15:05.133708,4.205
2026-04-30T21:14:05.191126,31.06,0.0017,34.16,0.0062,1000.0,0.0,4.199,98.0,99,0,60.0,2026-04-30T21:15:05.190979,4.205
2026-04-30T21:14:06.163738,31.1,0,34.2,0.0,1000.0,0.0,4.199,98.0,99,0,60.0,2026-04-30T21:15:06.163568,4.205
2026-04-30T21:14:06.221139,31.1,0,34.2,0.0,1000.0,0.0,4.199,98.0,99,0,60.0,2026-04-30T21:15:06.221005,4.205
2026-04-30T21:14:07.160261,31.1,0,34.24,0.0,1000.0,0.0,4.199,98.0,99,0,60.0,2026-04-30T21:15:07.159973,4.205
2026-04-30T21:14:07.219721,31.16,0,34.26,0.0,1000.0,0.0,4.199,97.9,99,0,60.0,2026-04-30T21:15:07.219589,4.205
2026-04-30T21:14:07.277030,31.16,0,34.26,0.0,1000.0,0.0,4.199,97.9,99,0,60.0,2026-04-30T21:15:07.276889,4.205
2026-04-30T21:14:08.196046,31.21,0,34.3,0.0,1000.0,0.0,4.199,97.9,99,0,60.0,2026-04-30T21:15:08.195870,4.205
2026-04-30T21:14:08.254211,31.21,0,34.31,0.0031,1000.0,0.0,4.199,97.9,99,0,60.0,2026-04-30T21:15:08.254052,4.205
2026-04-30T21:14:08.313720,31.21,0,34.31,0.0045,1000.0,0.0,4.199,97.9,99,0,60.0,2026-04-30T21:15:08.313552,4.205
2026-04-30T21:14:09.258922,31.27,0,34.36,0.0,1000.0,0.0,4.199,97.9,99,0,60.0,2026-04-30T21:15:09.258759,4.205
2026-04-30T21:14:09.317480,31.27,0,34.36,0.0,1000.0,0.0,4.199,97.9,99,0,60.0,2026-04-30T21:15:09.317345,4.205
2026-04-30T21:14:09.373696,31.27,0,34.37,0.0,1000.0,0.0,4.199,97.9,99,0,60.0,2026-04-30T21:15:09.373584,4.205
2026-04-30T21:14:10.308914,31.32,0,34.41,0.0,1000.0,0.0,4.199,97.9,99,0,60.0,2026-04-30T21:15:10.308723,4.205
2026-04-30T21:14:10.374869,31.32,0,34.42,0.0,1000.0,0.0,4.199,97.9,99,0,60.0,2026-04-30T21:15:10.374727,4.205
2026-04-30T21:14:10.431298,31.32,0,34.42,0.0,1000.0,0.0,4.199,97.9,99,0,60.0,2026-04-30T21:15:10.431154,4.205
2026-04-30T21:14:11.359685,31.38,0,34.47,0.0,1000.0,0.0,4.199,97.9,99,0,60.0,2026-04-30T21:15:11.359544,4.205
2026-04-30T21:14:11.415920,31.38,0,34.47,0.0012,1000.0,0.0,4.199,97.9,99,0,60.0,2026-04-30T21:15:11.415812,4.205
2026-04-30T21:14:12.389737,31.38,0,34.51,0.0026,1000.0,0.0,4.199,97.9,99,0,60.0,2026-04-30T21:15:12.389552,4.205
2026-04-30T21:14:12.448864,31.44,0,34.53,0.0,1000.0,0.0,4.199,97.8,99,0,60.0,2026-04-30T21:15:12.448708,4.205
2026-04-30T21:14:12.505007,31.44,0,34.54,0.0,1000.0,0.0,4.199,97.8,99,0,60.0,2026-04-30T21:15:12.504896,4.205
2026-04-30T21:14:13.434229,31.49,0,34.58,0.0,1000.0,0.0,4.199,97.8,99,0,60.0,2026-04-30T21:15:13.434055,4.205
2026-04-30T21:14:13.491873,31.49,0.0018,34.59,0.0,1000.0,0.0,4.199,97.8,99,0,60.0,2026-04-30T21:15:13.491737,4.205
2026-04-30T21:14:13.548329,31.49,0.0018,34.59,0.0,1000.0,0.0,4.199,97.8,99,0,60.0,2026-04-30T21:15:13.548222,4.205
2026-04-30T21:14:14.500071,31.53,0.0018,34.63,0.0009,1000.0,0.0,4.199,97.8,99,0,60.0,2026-04-30T21:15:14.499897,4.205
2026-04-30T21:14:14.556879,31.53,0.0018,34.63,0.0045,1000.0,0.0,4.199,97.8,99,0,60.0,2026-04-30T21:15:14.556750,4.205
2026-04-30T21:14:14.613268,31.53,0.0018,34.63,0.0061,1000.0,0.0,4.199,97.8,99,0,60.0,2026-04-30T21:15:14.613139,4.205
2026-04-30T21:14:15.545186,31.58,0,34.68,0.0,1000.0,0.0,4.199,97.8,99,0,60.0,2026-04-30T21:15:15.545024,4.205
2026-04-30T21:14:15.603374,31.58,0,34.68,0.0,1000.0,0.0,4.199,97.8,99,0,60.0,2026-04-30T21:15:15.603198,4.205
2026-04-30T21:14:15.661019,31.58,0,34.68,0.0,1000.0,0.0,4.199,97.8,99,0,60.0,2026-04-30T21:15:15.660874,4.205
2026-04-30T21:14:16.597206,31.63,0.0067,34.73,0.0,1000.0,0.0,4.199,97.8,99,0,60.0,2026-04-30T21:15:16.597037,4.205
2026-04-30T21:14:16.653164,31.63,0.0067,34.73,0.0,1000.0,0.0,4.199,97.8,99,0,60.0,2026-04-30T21:15:16.653041,4.205
2026-04-30T21:14:17.625592,31.63,0.0067,34.77,0.0038,1000.0,0.0,4.199,97.8,99,0,60.0,2026-04-30T21:15:17.625408,4.205
2026-04-30T21:14:17.684016,31.67,0.0067,34.78,0.0093,1000.0,0.0,4.199,97.8,99,0,60.0,2026-04-30T21:15:17.683866,4.205
2026-04-30T21:14:17.740806,31.67,0.0067,34.78,0.011,1000.0,0.0,4.199,97.8,99,0,60.0,2026-04-30T21:15:17.740687,4.205
2026-04-30T21:14:18.680077,31.73,0.0067,34.82,0.0125,1000.0,0.0,4.199,97.7,99,0,60.0,2026-04-30T21:15:18.679921,4.205
2026-04-30T21:14:18.737665,31.73,0,34.82,0.0,1000.0,0.0,4.199,97.7,99,0,60.0,2026-04-30T21:15:18.737525,4.205
2026-04-30T21:14:18.793708,31.73,0,34.83,0.0,1000.0,0.0,4.199,97.7,99,0,60.0,2026-04-30T21:15:18.793591,4.205
2026-04-30T21:14:19.732140,31.77,0,34.87,0.0,1000.0,0.0,4.199,97.7,99,0,60.0,2026-04-30T21:15:19.731980,4.205
2026-04-30T21:14:19.788813,31.77,0,34.87,0.0,1000.0,0.0,4.199,97.7,99,0,60.0,2026-04-30T21:15:19.788684,4.205
2026-04-30T21:14:19.845161,31.77,0,34.87,0.0,1000.0,0.0,4.199,97.7,99,0,60.0,2026-04-30T21:15:19.845040,4.205
2026-04-30T21:14:20.787256,31.82,0,34.91,0.0,1000.0,0.0,4.199,97.7,99,0,60.0,2026-04-30T21:15:20.787083,4.205
2026-04-30T21:14:20.846215,31.82,0,34.92,0.0,1000.0,0.0,4.199,97.7,99,0,60.0,2026-04-30T21:15:20.846071,4.205
2026-04-30T21:14:20.906505,31.82,0,34.92,0.0,1000.0,0.0,4.199,97.7,99,0,60.0,2026-04-30T21:15:20.906381,4.205
2026-04-30T21:14:21.840714,31.86,0,34.96,0.0,1000.0,0.0,4.199,97.7,99,0,60.0,2026-04-30T21:15:21.840536,4.205
2026-04-30T21:14:21.955239,31.86,0,34.96,0.0,1000.0,0.0,4.199,97.7,99,0,60.0,2026-04-30T21:15:21.955075,4.205
2026-04-30T21:14:22.855920,31.86,0,35.0,0.0,1000.0,0.0,4.199,97.7,99,0,60.0,2026-04-30T21:15:22.855787,4.205
2026-04-30T21:14:22.913392,31.91,0,35.01,0.0,1000.0,0.0,4.199,97.7,99,0,60.0,2026-04-30T21:15:22.913221,4.205
2026-04-30T21:14:22.970131,31.91,0,35.01,0.0,1000.0,0.0,4.199,97.7,99,0,60.0,2026-04-30T21:15:22.969994,4.205
2026-04-30T21:14:23.911051,31.95,0,35.05,0.0,1000.0,0.0,4.199,97.7,99,0,60.0,2026-04-30T21:15:23.910904,4.205
2026-04-30T21:14:23.970717,31.95,0,35.05,0.0,1000.0,0.0,4.199,97.7,99,0,60.0,2026-04-30T21:15:23.970575,4.205
2026-04-30T21:14:24.041167,31.95,0,35.05,0.0,1000.0,0.0,4.199,97.7,99,0,60.0,2026-04-30T21:15:24.029475,4.205
2026-04-30T21:14:24.966271,32.0,0,35.09,0.0,1000.0,0.0,4.199,97.6,99,0,60.0,2026-04-30T21:15:24.966089,4.205
2026-04-30T21:14:25.024269,32.0,0.0027,35.1,0.0,1000.0,0.0,4.199,97.6,99,0,60.0,2026-04-30T21:15:25.024147,4.205
2026-04-30T21:14:25.081048,32.0,0.0027,35.1,0.0,1000.0,0.0,4.199,97.6,99,0,60.0,2026-04-30T21:15:25.080936,4.205
2026-04-30T21:14:26.013379,32.04,0,35.13,0.0,1000.0,0.0,4.199,97.6,99,0,60.0,2026-04-30T21:15:26.013210,4.205
2026-04-30T21:14:26.157849,32.04,0.0027,35.14,0.0004,1000.0,0.0,4.199,97.6,99,0,60.0,2026-04-30T21:15:26.129657,4.205
2026-04-30T21:14:26.218569,32.04,0.0027,35.14,0.0039,1000.0,0.0,4.199,97.6,99,0,60.0,2026-04-30T21:15:26.218422,4.205
2026-04-30T21:14:27.068901,32.07,0,35.17,0.0,1000.0,0.0,4.199,97.6,99,0,60.0,2026-04-30T21:15:27.068733,4.205
2026-04-30T21:14:27.126064,32.07,0,35.17,0.0,1000.0,0.0,4.199,97.6,99,0,60.0,2026-04-30T21:15:27.125931,4.205
2026-04-30T21:14:28.092007,32.07,0,35.21,0.0,1000.0,0.0,4.199,97.6,99,0,60.0,2026-04-30T21:15:28.091841,4.206
2026-04-30T21:14:28.152245,32.1,0,35.2,0.0,1000.0,0.0,4.199,97.6,99,0,60.0,2026-04-30T21:15:28.152069,4.206
2026-04-30T21:14:28.214613,32.1,0,35.2,0.0,1000.0,0.0,4.199,97.6,99,0,60.0,2026-04-30T21:15:28.214434,4.206
2026-04-30T21:14:29.150783,32.13,0,35.24,0.0,1000.0,0.0,4.199,97.6,99,0,60.0,2026-04-30T21:15:29.150641,4.206
2026-04-30T21:14:29.210230,32.13,0,35.23,0.0,1000.0,0.0,4.199,97.6,99,0,60.0,2026-04-30T21:15:29.210106,4.206
2026-04-30T21:14:29.266922,32.13,0,35.23,0.0,1000.0,0.0,4.199,97.6,99,0,60.0,2026-04-30T21:15:29.266822,4.206
2026-04-30T21:14:30.198408,32.18,0,35.27,0.0,1000.0,0.0,4.199,97.6,99,0,60.0,2026-04-30T21:15:30.198145,4.206
2026-04-30T21:14:30.255701,32.18,0,35.27,0.0,1000.0,0.0,4.199,97.6,99,0,60.0,2026-04-30T21:15:30.255574,4.206
2026-04-30T21:14:30.311676,32.18,0,35.27,0.0,1000.0,0.0,4.199,97.6,99,0,60.0,2026-04-30T21:15:30.311579,4.206
2026-04-30T21:14:31.258378,32.2,0,35.3,0.0,1000.0,0.0,4.199,97.6,99,0,60.0,2026-04-30T21:15:31.258195,4.206
2026-04-30T21:14:31.316396,32.2,0,35.3,0.0,1000.0,0.0,4.199,97.6,99,0,60.0,2026-04-30T21:15:31.316257,4.206
2026-04-30T21:14:31.373308,32.2,0,35.3,0.0,1000.0,0.0,4.199,97.6,99,0,60.0,2026-04-30T21:15:31.373165,4.206
2026-04-30T21:14:32.307791,32.23,0,35.33,0.0,1000.0,0.0,4.199,97.6,99,0,60.0,2026-04-30T21:15:32.307567,4.206
2026-04-30T21:14:32.364366,32.23,0,35.32,0.0,1000.0,0.0,4.199,97.6,99,0,60.0,2026-04-30T21:15:32.364252,4.206
2026-04-30T21:14:33.330896,32.23,0,35.36,0.0,1000.0,0.0,4.199,97.6,99,0,60.0,2026-04-30T21:15:33.330657,4.206
2026-04-30T21:14:33.389101,32.26,0.0093,35.36,0.0,1000.0,0.0,4.199,97.6,99,0,60.0,2026-04-30T21:15:33.388964,4.206
2026-04-30T21:14:33.445808,32.26,0.0093,35.35,0.0,1000.0,0.0,4.199,97.6,99,0,60.0,2026-04-30T21:15:33.445704,4.206
2026-04-30T21:14:34.385855,32.3,0.0093,35.39,0.0069,1000.0,0.0,4.199,97.5,98,0,60.0,2026-04-30T21:15:34.385698,4.206
2026-04-30T21:14:34.443181,32.3,0.0093,35.39,0.0116,1000.0,0.0,4.199,97.5,98,0,60.0,2026-04-30T21:15:34.443047,4.206
2026-04-30T21:14:34.498907,32.3,0.0093,35.39,0.0134,1000.0,0.0,4.199,97.5,98,0,60.0,2026-04-30T21:15:34.498807,4.206
2026-04-30T21:14:35.436787,32.34,0,35.43,0.0073,1000.0,0.0,4.199,97.5,98,0,60.0,2026-04-30T21:15:35.436618,4.206
2026-04-30T21:14:35.493666,32.34,0,35.43,0.0,1000.0,0.0,4.199,97.5,98,0,60.0,2026-04-30T21:15:35.493545,4.206
2026-04-30T21:14:35.549372,32.34,0,35.43,0.0,1000.0,0.0,4.199,97.5,98,0,60.0,2026-04-30T21:15:35.549264,4.206
2026-04-30T21:14:36.481825,32.39,0,35.47,0.0,1000.0,0.0,4.199,97.5,98,0,60.0,2026-04-30T21:15:36.481666,4.206
2026-04-30T21:14:36.538886,32.39,0,35.48,0.0,1000.0,0.0,4.199,97.5,98,0,60.0,2026-04-30T21:15:36.538755,4.206
2026-04-30T21:14:36.595155,32.39,0,35.48,0.0,1000.0,0.0,4.199,97.5,98,0,60.0,2026-04-30T21:15:36.595030,4.206
2026-04-30T21:14:37.549233,32.43,0,35.52,0.0,1000.0,0.0,4.199,97.5,98,0,60.0,2026-04-30T21:15:37.549067,4.206
2026-04-30T21:14:37.606535,32.43,0,35.52,0.0,1000.0,0.0,4.199,97.5,98,0,60.0,2026-04-30T21:15:37.606410,4.206
2026-04-30T21:14:38.558291,32.43,0,35.56,0.0,1000.0,0.0,4.199,97.5,98,0,60.0,2026-04-30T21:15:38.558126,4.206
2026-04-30T21:14:38.617691,32.49,0,35.57,0.0,1000.0,0.0,4.199,97.5,98,0,60.0,2026-04-30T21:15:38.617527,4.206
2026-04-30T21:14:38.674392,32.49,0,35.58,0.0,1000.0,0.0,4.199,97.5,98,0,60.0,2026-04-30T21:15:38.674282,4.206
2026-04-30T21:14:39.618171,32.54,0,35.62,0.0008,1000.0,0.0,4.199,97.5,98,0,60.0,2026-04-30T21:15:39.618005,4.206
2026-04-30T21:14:39.676099,32.54,0,35.63,0.0,1000.0,0.0,4.199,97.5,98,0,60.0,2026-04-30T21:15:39.675980,4.206
2026-04-30T21:14:39.732097,32.54,0,35.63,0.0009,1000.0,0.0,4.199,97.5,98,0,60.0,2026-04-30T21:15:39.731984,4.206
2026-04-30T21:14:40.675736,32.61,0,35.68,0.0001,1000.0,0.0,4.199,97.4,98,0,60.0,2026-04-30T21:15:40.675591,4.206
2026-04-30T21:14:40.732840,32.61,0,35.69,0.0,1000.0,0.0,4.199,97.4,98,0,60.0,2026-04-30T21:15:40.732702,4.206
2026-04-30T21:14:40.788511,32.61,0,35.7,0.0,1000.0,0.0,4.199,97.4,98,0,60.0,2026-04-30T21:15:40.788408,4.206
2026-04-30T21:14:41.726615,32.69,0,35.75,0.0,1000.0,0.0,4.199,97.4,98,0,60.0,2026-04-30T21:15:41.726459,4.206
2026-04-30T21:14:41.783782,32.69,0.0167,35.77,0.0013,1000.0,0.0,4.199,97.4,98,0,60.0,2026-04-30T21:15:41.783646,4.206
2026-04-30T21:14:41.840564,32.69,0.0167,35.77,0.0089,1000.0,0.0,4.199,97.4,98,0,60.0,2026-04-30T21:15:41.840430,4.206
2026-04-30T21:14:42.837573,32.75,0.0167,35.83,0.0065,1000.0,0.0,4.199,97.4,98,0,60.0,2026-04-30T21:15:42.837376,4.206
2026-04-30T21:14:42.894482,32.75,0.0167,35.83,0.0138,1000.0,0.0,4.199,97.4,98,0,60.0,2026-04-30T21:15:42.894359,4.206
2026-04-30T21:14:43.802554,32.75,0.0167,35.87,0.0183,1000.0,0.0,4.199,97.4,98,0,60.0,2026-04-30T21:15:43.802364,4.206
2026-04-30T21:14:43.860999,32.83,0,35.9,0.0037,1000.0,0.0,4.199,97.4,98,0,60.0,2026-04-30T21:15:43.860870,4.206
2026-04-30T21:14:43.917505,32.83,0,35.91,0.0,1000.0,0.0,4.199,97.4,98,0,60.0,2026-04-30T21:15:43.917378,4.206
2026-04-30T21:14:44.852636,32.91,0,35.96,0.0,1000.0,0.0,4.199,97.3,98,0,60.0,2026-04-30T21:15:44.852483,4.206
2026-04-30T21:14:44.910119,32.91,0,35.98,0.0,1000.0,0.0,4.199,97.3,98,0,60.0,2026-04-30T21:15:44.909992,4.206
2026-04-30T21:14:44.966183,32.91,0,35.99,0.0,1000.0,0.0,4.199,97.3,98,0,60.0,2026-04-30T21:15:44.966082,4.206
2026-04-30T21:14:45.910867,32.98,0,36.04,0.0,1000.0,0.0,4.199,97.3,98,0,60.0,2026-04-30T21:15:45.910736,4.206
2026-04-30T21:14:45.967994,32.98,0,36.06,0.0,1000.0,0.0,4.199,97.3,98,0,60.0,2026-04-30T21:15:45.967864,4.206
2026-04-30T21:14:46.023845,32.98,0,36.07,0.0,1000.0,0.0,4.199,97.3,98,0,60.0,2026-04-30T21:15:46.023742,4.206
2026-04-30T21:14:46.968425,33.06,0,36.12,0.0,1000.0,0.0,4.199,97.3,98,0,60.0,2026-04-30T21:15:46.968267,4.206
2026-04-30T21:14:47.026089,33.06,0,36.13,0.0,1000.0,0.0,4.199,97.3,98,0,60.0,2026-04-30T21:15:47.025937,4.206
2026-04-30T21:14:47.082645,33.06,0,36.14,0.0,1000.0,0.0,4.199,97.3,98,0,60.0,2026-04-30T21:15:47.082510,4.206
2026-04-30T21:14:48.018041,33.16,0,36.2,0.0041,1000.0,0.0,4.199,97.3,98,0,60.0,2026-04-30T21:15:48.017907,4.206
2026-04-30T21:14:48.073805,33.16,0,36.22,0.0054,1000.0,0.0,4.199,97.3,98,0,60.0,2026-04-30T21:15:48.073699,4.206
2026-04-30T21:14:49.034463,33.16,0,36.26,0.0063,1000.0,0.0,4.199,97.3,98,0,60.0,2026-04-30T21:15:49.034342,4.206
2026-04-30T21:14:49.091978,33.23,0,36.29,0.0,1000.0,0.0,4.199,97.2,98,0,60.0,2026-04-30T21:15:49.091829,4.206
2026-04-30T21:14:49.148186,33.23,0,36.3,0.0,1000.0,0.0,4.199,97.2,98,0,60.0,2026-04-30T21:15:49.148083,4.206
2026-04-30T21:14:50.090272,33.32,0,36.35,0.0,1000.0,0.0,4.199,97.2,98,0,60.0,2026-04-30T21:15:50.090137,4.206
2026-04-30T21:14:50.147638,33.32,0.0058,36.38,0.0,1000.0,0.0,4.199,97.2,98,0,60.0,2026-04-30T21:15:50.147508,4.206
2026-04-30T21:14:50.203323,33.32,0.0058,36.39,0.0002,1000.0,0.0,4.199,97.2,98,0,60.0,2026-04-30T21:15:50.203216,4.206
2026-04-30T21:14:51.145757,33.4,0.0058,36.44,0.0073,1000.0,0.0,4.199,97.2,98,0,60.0,2026-04-30T21:15:51.145616,4.206
2026-04-30T21:14:51.203285,33.4,0.0058,36.46,0.01,1000.0,0.0,4.199,97.2,98,0,60.0,2026-04-30T21:15:51.203154,4.206
2026-04-30T21:14:51.259507,33.4,0.0058,36.47,0.0111,1000.0,0.0,4.199,97.2,98,0,60.0,2026-04-30T21:15:51.259395,4.206
2026-04-30T21:14:52.199891,33.48,0,36.53,0.0039,1000.0,0.0,4.199,97.2,98,0,60.0,2026-04-30T21:15:52.199757,4.206
2026-04-30T21:14:52.257932,33.48,0,36.55,0.0,1000.0,0.0,4.199,97.2,98,0,60.0,2026-04-30T21:15:52.257760,4.206
2026-04-30T21:14:52.315966,33.48,0,36.55,0.0,1000.0,0.0,4.199,97.2,98,0,60.0,2026-04-30T21:15:52.315817,4.206
2026-04-30T21:14:53.255337,33.58,0.022,36.62,0.0,1000.0,0.0,4.199,97.2,98,0,60.0,2026-04-30T21:15:53.255203,4.206
2026-04-30T21:14:53.311893,33.58,0.022,36.64,0.0072,1000.0,0.0,4.199,97.1,98,0,60.0,2026-04-30T21:15:53.311766,4.206
2026-04-30T21:14:54.270239,33.58,0.022,36.68,0.0171,1000.0,0.0,4.199,97.1,98,0,60.0,2026-04-30T21:15:54.270060,4.206
2026-04-30T21:14:54.327513,33.65,0.022,36.71,0.0239,1000.0,0.0,4.199,97.1,98,0,60.0,2026-04-30T21:15:54.327376,4.206
2026-04-30T21:14:54.383539,33.65,0.022,36.72,0.026,1000.0,0.0,4.199,97.1,98,0,60.0,2026-04-30T21:15:54.383417,4.206
2026-04-30T21:14:55.327365,33.73,0.022,36.77,0.0278,1000.0,0.0,4.199,97.1,98,0,60.0,2026-04-30T21:15:55.327226,4.206
2026-04-30T21:14:55.384465,33.73,0,36.79,0.0057,1000.0,0.0,4.199,97.1,98,0,60.0,2026-04-30T21:15:55.384331,4.206
2026-04-30T21:14:55.440696,33.73,0,36.8,0.0,1000.0,0.0,4.199,97.1,98,0,60.0,2026-04-30T21:15:55.440584,4.206
2026-04-30T21:14:56.368751,33.8,0,36.85,0.0,1000.0,0.0,4.199,97.0,98,0,60.0,2026-04-30T21:15:56.368610,4.206
2026-04-30T21:14:56.425945,33.8,0.0067,36.87,0.0,1000.0,0.0,4.199,97.0,98,0,60.0,2026-04-30T21:15:56.425820,4.206
2026-04-30T21:14:56.481758,33.8,0.0067,36.87,0.0047,1000.0,0.0,4.199,97.0,98,0,60.0,2026-04-30T21:15:56.481648,4.206
2026-04-30T21:14:57.434111,33.86,0.0067,36.92,0.0103,1000.0,0.0,4.199,97.0,98,0,60.0,2026-04-30T21:15:57.433938,4.206
2026-04-30T21:14:57.492147,33.86,0.0067,36.93,0.0119,1000.0,0.0,4.199,97.0,98,0,60.0,2026-04-30T21:15:57.492007,4.206
2026-04-30T21:14:57.549974,33.86,0.0067,36.94,0.0127,1000.0,0.0,4.199,97.0,98,0,60.0,2026-04-30T21:15:57.549838,4.206
2026-04-30T21:14:58.486311,33.92,0,36.99,0.0024,1000.0,0.0,4.199,97.0,98,0,60.0,2026-04-30T21:15:58.486156,4.206
2026-04-30T21:14:58.542225,33.92,0,37.0,0.0,1000.0,0.0,4.199,97.0,98,0,60.0,2026-04-30T21:15:58.542121,4.206
2026-04-30T21:14:59.508270,33.92,0,37.04,0.0,1000.0,0.0,4.199,97.0,98,0,60.0,2026-04-30T21:15:59.508107,4.206
2026-04-30T21:14:59.566853,33.98,0.0008,37.05,0.0,1000.0,0.0,4.199,97.0,98,0,60.0,2026-04-30T21:15:59.566707,4.206
2026-04-30T21:14:59.623378,33.98,0.0008,37.06,0.0014,1000.0,0.0,4.199,97.0,98,0,60.0,2026-04-30T21:15:59.623236,4.206
2026-04-30T21:15:00.552422,34.05,0.0008,37.1,0.0049,1000.0,0.0,4.199,97.0,98,0,60.0,2026-04-30T21:16:00.552264,4.206
2026-04-30T21:15:00.609666,34.05,0.0008,37.12,0.0066,1000.0,0.0,4.199,97.0,98,0,60.0,2026-04-30T21:16:00.609539,4.206
2026-04-30T21:15:00.665244,34.05,0.0008,37.12,0.0072,1000.0,0.0,4.199,97.0,98,0,60.0,2026-04-30T21:16:00.665131,4.206
2026-04-30T21:15:01.614420,34.1,0,37.16,0.0017,1000.0,0.0,4.199,96.9,98,0,60.0,2026-04-30T21:16:01.614278,4.206
2026-04-30T21:15:01.670423,34.1,0.0017,37.16,0.0016,1000.0,0.0,4.199,96.9,98,0,60.0,2026-04-30T21:16:01.670293,4.206
2026-04-30T21:15:01.725072,34.1,0.0017,37.17,0.0042,1000.0,0.0,4.199,96.9,98,0,60.0,2026-04-30T21:16:01.724982,4.206
2026-04-30T21:15:02.673170,34.16,0,37.21,0.0,1000.0,0.0,4.199,96.9,98,0,60.0,2026-04-30T21:16:02.673022,4.206
2026-04-30T21:15:02.730477,34.16,0.0017,37.22,0.0038,1000.0,0.0,4.199,96.9,98,0,60.0,2026-04-30T21:16:02.730318,4.206
2026-04-30T21:15:02.786772,34.16,0.0017,37.23,0.0055,1000.0,0.0,4.199,96.9,98,0,60.0,2026-04-30T21:16:02.786643,4.206
2026-04-30T21:15:03.724264,34.21,0,37.27,0.0025,1000.0,0.0,4.199,96.9,98,0,60.0,2026-04-30T21:16:03.724116,4.206
2026-04-30T21:15:03.779925,34.21,0,37.28,0.0,1000.0,0.0,4.199,96.9,98,0,60.0,2026-04-30T21:16:03.779815,4.206
2026-04-30T21:15:04.740464,34.21,0,37.32,0.0,1000.0,0.0,4.199,96.9,98,0,60.0,2026-04-30T21:16:04.740320,4.206
2026-04-30T21:15:04.798438,34.26,0.0135,37.33,0.0,1000.0,0.0,4.199,96.9,98,0,60.0,2026-04-30T21:16:04.798289,4.206
2026-04-30T21:15:04.854473,34.26,0.0135,37.33,0.0071,1000.0,0.0,4.199,96.9,98,0,60.0,2026-04-30T21:16:04.854359,4.206
2026-04-30T21:15:05.798373,34.31,0.0135,37.37,0.0141,1000.0,0.0,4.199,96.9,98,0,60.0,2026-04-30T21:16:05.798220,4.206
2026-04-30T21:15:05.855699,34.31,0.0135,37.38,0.0096,1000.0,0.0,4.199,96.9,98,0,60.0,2026-04-30T21:16:05.855554,4.206
2026-04-30T21:15:05.911644,34.31,0.0135,37.38,0.0138,1000.0,0.0,4.199,96.9,98,0,60.0,2026-04-30T21:16:05.911541,4.206
2026-04-30T21:15:06.847356,34.36,0,37.42,0.0116,1000.0,0.0,4.199,96.9,98,0,60.0,2026-04-30T21:16:06.847206,4.206
2026-04-30T21:15:06.904004,34.36,0,37.43,0.0,1000.0,0.0,4.199,96.9,98,0,60.0,2026-04-30T21:16:06.903885,4.206
2026-04-30T21:15:06.959529,34.36,0,37.43,0.0,1000.0,0.0,4.199,96.9,98,0,60.0,2026-04-30T21:16:06.959422,4.206
2026-04-30T21:15:07.904330,34.42,0,37.48,0.0,1000.0,0.0,4.199,96.8,98,0,60.0,2026-04-30T21:16:07.904169,4.206
2026-04-30T21:15:07.959941,34.42,0.0093,37.49,0.0,1000.0,0.0,4.199,96.8,98,0,60.0,2026-04-30T21:16:07.959818,4.206
2026-04-30T21:15:08.016145,34.42,0.0093,37.49,0.0051,1000.0,0.0,4.199,96.8,98,0,60.0,2026-04-30T21:16:08.016014,4.206
2026-04-30T21:15:09.017921,34.46,0.0093,37.53,0.0049,1000.0,0.0,4.199,96.8,98,0,60.0,2026-04-30T21:16:09.017704,4.206
2026-04-30T21:15:09.074583,34.46,0.0093,37.54,0.01,1000.0,0.0,4.199,96.8,98,0,60.0,2026-04-30T21:16:09.074477,4.206
2026-04-30T21:15:09.965765,34.46,0.0093,37.57,0.0131,1000.0,0.0,4.199,96.8,98,0,60.0,2026-04-30T21:16:09.965577,4.206
2026-04-30T21:15:10.156433,34.52,0,37.58,0.0046,1000.0,0.0,4.199,96.8,98,0,60.0,2026-04-30T21:16:10.134922,4.206
2026-04-30T21:15:10.228249,34.52,0,37.59,0.0,1000.0,0.0,4.199,96.8,98,0,60.0,2026-04-30T21:16:10.228064,4.206
2026-04-30T21:15:11.020264,34.57,0,37.62,0.0,1000.0,0.0,4.199,96.8,98,0,60.0,2026-04-30T21:16:11.020140,4.206
2026-04-30T21:15:11.077661,34.57,0.0094,37.63,0.0,1000.0,0.0,4.199,96.8,98,0,60.0,2026-04-30T21:16:11.077525,4.206
2026-04-30T21:15:11.132999,34.57,0.0094,37.64,0.0058,1000.0,0.0,4.199,96.8,98,0,60.0,2026-04-30T21:16:11.132897,4.206
2026-04-30T21:15:12.082947,34.6,0,37.67,0.0063,1000.0,0.0,4.199,96.8,98,0,60.0,2026-04-30T21:16:12.082821,4.206
2026-04-30T21:15:12.139766,34.6,0.0094,37.67,0.0077,1000.0,0.0,4.199,96.8,98,0,60.0,2026-04-30T21:16:12.139648,4.206
2026-04-30T21:15:12.195896,34.6,0.0094,37.67,0.011,1000.0,0.0,4.199,96.8,98,0,60.0,2026-04-30T21:16:12.195781,4.206
2026-04-30T21:15:13.143693,34.64,0,37.71,0.0037,1000.0,0.0,4.199,96.8,98,0,60.0,2026-04-30T21:16:13.143541,4.206
2026-04-30T21:15:13.200054,34.64,0,37.71,0.0,1000.0,0.0,4.199,96.8,98,0,60.0,2026-04-30T21:16:13.199918,4.206
2026-04-30T21:15:13.256496,34.64,0,37.71,0.0,1000.0,0.0,4.199,96.8,98,0,60.0,2026-04-30T21:16:13.256383,4.206
2026-04-30T21:15:14.201283,34.68,0,37.75,0.0,1000.0,0.0,4.199,96.8,98,0,60.0,2026-04-30T21:16:14.201148,4.206
2026-04-30T21:15:14.256370,34.68,0,37.75,0.0,1000.0,0.0,4.199,96.7,98,0,60.0,2026-04-30T21:16:14.256256,4.206
2026-04-30T21:15:15.214054,34.68,0,37.79,0.0,1000.0,0.0,4.199,96.7,98,0,60.0,2026-04-30T21:16:15.213902,4.206
2026-04-30T21:15:15.270789,34.71,0,37.79,0.0,1000.0,0.0,4.199,96.7,98,0,60.0,2026-04-30T21:16:15.270661,4.206
2026-04-30T21:15:15.326001,34.71,0,37.79,0.0,1000.0,0.0,4.199,96.7,98,0,60.0,2026-04-30T21:16:15.325897,4.206
2026-04-30T21:15:16.265309,34.77,0,37.83,0.0,1000.0,0.0,4.199,96.7,98,0,60.0,2026-04-30T21:16:16.265169,4.206
2026-04-30T21:15:16.321892,34.77,0.0153,37.83,0.0008,1000.0,0.0,4.199,96.7,98,0,60.0,2026-04-30T21:16:16.321777,4.206
2026-04-30T21:15:16.378183,34.77,0.0153,37.84,0.0088,1000.0,0.0,4.199,96.7,98,0,60.0,2026-04-30T21:16:16.378063,4.206
2026-04-30T21:15:17.325311,34.81,0.0153,37.88,0.0166,1000.0,0.0,4.199,96.7,98,0,60.0,2026-04-30T21:16:17.325175,4.206
2026-04-30T21:15:17.381748,34.81,0.0153,37.88,0.0195,1000.0,0.0,4.199,96.7,98,0,60.0,2026-04-30T21:16:17.381627,4.206
2026-04-30T21:15:17.437031,34.81,0.0153,37.88,0.0207,1000.0,0.0,4.199,96.7,98,0,60.0,2026-04-30T21:16:17.436926,4.206
2026-04-30T21:15:18.376855,34.87,0,37.93,0.0126,1000.0,0.0,4.199,96.7,98,0,60.0,2026-04-30T21:16:18.376708,4.206
2026-04-30T21:15:18.433070,34.87,0,37.94,0.0047,1000.0,0.0,4.199,96.7,98,0,60.0,2026-04-30T21:16:18.432944,4.206
2026-04-30T21:15:18.489239,34.87,0,37.94,0.0012,1000.0,0.0,4.199,96.7,98,0,60.0,2026-04-30T21:16:18.489124,4.206
2026-04-30T21:15:19.430124,34.92,0.0086,37.99,0.0,1000.0,0.0,4.199,96.7,98,0,60.0,2026-04-30T21:16:19.429986,4.206
2026-04-30T21:15:19.485350,34.92,0.0086,37.99,0.0049,1000.0,0.0,4.199,96.7,98,0,60.0,2026-04-30T21:16:19.485238,4.206
2026-04-30T21:15:20.443984,34.92,0.0086,38.03,0.0099,1000.0,0.0,4.199,96.7,98,0,60.0,2026-04-30T21:16:20.443830,4.206
2026-04-30T21:15:20.500878,34.98,0.0086,38.04,0.0133,1000.0,0.0,4.199,96.6,98,0,60.0,2026-04-30T21:16:20.500728,4.206
2026-04-30T21:15:20.556329,34.98,0.0086,38.04,0.0144,1000.0,0.0,4.199,96.6,98,0,60.0,2026-04-30T21:16:20.556223,4.206
2026-04-30T21:15:21.493341,35.04,0.0086,38.09,0.0155,1000.0,0.0,4.199,96.6,98,0,60.0,2026-04-30T21:16:21.493210,4.206
2026-04-30T21:15:21.550383,35.04,0,38.1,0.0033,1000.0,0.0,4.199,96.6,98,0,60.0,2026-04-30T21:16:21.550248,4.206
2026-04-30T21:15:21.605936,35.04,0,38.1,0.0,1000.0,0.0,4.199,96.6,98,0,60.0,2026-04-30T21:16:21.605828,4.206
2026-04-30T21:15:22.558338,35.11,0,38.15,0.0,1000.0,0.0,4.199,96.6,98,0,60.0,2026-04-30T21:16:22.558211,4.206
2026-04-30T21:15:22.614484,35.11,0.0184,38.17,0.0048,1000.0,0.0,4.199,96.6,98,0,60.0,2026-04-30T21:16:22.614363,4.206
2026-04-30T21:15:22.670324,35.11,0.0184,38.17,0.0123,1000.0,0.0,4.199,96.6,98,0,60.0,2026-04-30T21:16:22.670224,4.206
2026-04-30T21:15:23.612452,35.17,0.0184,38.21,0.0204,1000.0,0.0,4.199,96.6,98,0,60.0,2026-04-30T21:16:23.612292,4.206
2026-04-30T21:15:23.669243,35.17,0.0184,38.22,0.0229,1000.0,0.0,4.199,96.6,98,0,60.0,2026-04-30T21:16:23.669126,4.206
2026-04-30T21:15:23.725848,35.17,0.0184,38.23,0.024,1000.0,0.0,4.199,96.6,98,0,60.0,2026-04-30T21:16:23.725692,4.206
2026-04-30T21:15:24.665308,35.23,0,38.28,0.0101,1000.0,0.0,4.199,96.6,98,0,60.0,2026-04-30T21:16:24.665154,4.206
2026-04-30T21:15:24.720553,35.23,0,38.28,0.0013,1000.0,0.0,4.199,96.6,98,0,60.0,2026-04-30T21:16:24.720438,4.206
2026-04-30T21:15:25.680680,35.23,0,38.33,0.0,1000.0,0.0,4.199,96.6,98,0,60.0,2026-04-30T21:16:25.680519,4.206
2026-04-30T21:15:25.737523,35.27,0.0306,38.33,0.0005,1000.0,0.0,4.199,96.5,98,0,60.0,2026-04-30T21:16:25.737395,4.206
2026-04-30T21:15:25.792459,35.27,0.0306,38.33,0.0149,1000.0,0.0,4.199,96.5,98,0,60.0,2026-04-30T21:16:25.792338,4.206
2026-04-30T21:15:26.734472,35.33,0.0306,38.38,0.0268,1000.0,0.0,4.199,96.5,98,0,60.0,2026-04-30T21:16:26.734321,4.206
2026-04-30T21:15:26.791772,35.33,0.0306,38.39,0.0326,1000.0,0.0,4.199,96.5,98,0,60.0,2026-04-30T21:16:26.791611,4.206
2026-04-30T21:15:26.847397,35.33,0.0306,38.39,0.0347,1000.0,0.0,4.199,96.5,98,0,60.0,2026-04-30T21:16:26.847289,4.206
2026-04-30T21:15:27.787346,35.36,0,38.43,0.0286,1000.0,0.0,4.199,96.5,98,0,60.0,2026-04-30T21:16:27.787179,4.206
2026-04-30T21:15:27.843527,35.36,0,38.43,0.011,1000.0,0.0,4.199,96.5,98,0,60.0,2026-04-30T21:16:27.843406,4.206
2026-04-30T21:15:27.898723,35.36,0,38.43,0.0043,1000.0,0.0,4.199,96.5,98,0,60.0,2026-04-30T21:16:27.898614,4.206
2026-04-30T21:15:28.834066,35.42,0,38.47,0.0,1000.0,0.0,4.199,96.5,98,0,60.0,2026-04-30T21:16:28.833892,4.206
2026-04-30T21:15:28.890187,35.42,0.0295,38.47,0.0139,1000.0,0.0,4.199,96.5,98,0,60.0,2026-04-30T21:16:28.890062,4.206
2026-04-30T21:15:28.946698,35.42,0.0295,38.48,0.0218,1000.0,0.0,4.199,96.5,98,0,60.0,2026-04-30T21:16:28.946554,4.206
2026-04-30T21:15:29.898790,35.47,0.0295,38.52,0.0312,1000.0,0.0,4.199,96.5,98,0,60.0,2026-04-30T21:16:29.898615,4.206
2026-04-30T21:15:29.954834,35.47,0.0295,38.52,0.0337,1000.0,0.0,4.199,96.5,98,0,60.0,2026-04-30T21:16:29.954721,4.206
2026-04-30T21:15:30.917592,35.47,0.0295,38.56,0.0354,1000.0,0.0,4.199,96.5,98,0,60.0,2026-04-30T21:16:30.917426,4.206
2026-04-30T21:15:30.975260,35.52,0,38.57,0.0134,1000.0,0.0,4.199,96.5,98,0,60.0,2026-04-30T21:16:30.975109,4.206
2026-04-30T21:15:31.030647,35.52,0,38.58,0.0034,1000.0,0.0,4.199,96.5,98,0,60.0,2026-04-30T21:16:31.030538,4.206
2026-04-30T21:15:31.969898,35.56,0,38.62,0.0,1000.0,0.0,4.199,96.5,98,0,60.0,2026-04-30T21:16:31.969750,4.206
2026-04-30T21:15:32.026914,35.56,0.0245,38.62,0.0046,1000.0,0.0,4.199,96.5,98,0,60.0,2026-04-30T21:16:32.026785,4.206
2026-04-30T21:15:32.082797,35.56,0.0245,38.62,0.0147,1000.0,0.0,4.199,96.5,98,0,60.0,2026-04-30T21:16:32.082695,4.206
2026-04-30T21:15:33.020933,35.6,0.0245,38.66,0.0244,1000.0,0.0,4.199,96.4,98,0,60.0,2026-04-30T21:16:33.020782,4.206
2026-04-30T21:15:33.077724,35.6,0.0245,38.66,0.028,1000.0,0.0,4.199,96.4,98,0,60.0,2026-04-30T21:16:33.077593,4.206
2026-04-30T21:15:33.132872,35.6,0.0245,38.66,0.0295,1000.0,0.0,4.199,96.4,98,0,60.0,2026-04-30T21:16:33.132768,4.206
2026-04-30T21:15:34.082674,35.65,0,38.7,0.0182,1000.0,0.0,4.199,96.4,98,0,60.0,2026-04-30T21:16:34.082508,4.206
2026-04-30T21:15:34.138677,35.65,0,38.71,0.0076,1000.0,0.0,4.199,96.4,98,0,60.0,2026-04-30T21:16:34.138562,4.206
2026-04-30T21:15:34.194878,35.65,0,38.71,0.0029,1000.0,0.0,4.199,96.4,98,0,60.0,2026-04-30T21:16:34.194732,4.206
2026-04-30T21:15:35.133870,35.7,0.0211,38.76,0.0007,1000.0,0.0,4.199,96.4,98,0,60.0,2026-04-30T21:16:35.133727,4.206
2026-04-30T21:15:35.188790,35.7,0.0211,38.76,0.0121,1000.0,0.0,4.199,96.4,98,0,60.0,2026-04-30T21:16:35.188692,4.206
2026-04-30T21:15:36.147630,35.7,0.0211,38.8,0.0195,1000.0,0.0,4.199,96.4,98,0,60.0,2026-04-30T21:16:36.147489,4.206
2026-04-30T21:15:36.205003,35.74,0.0211,38.8,0.0248,1000.0,0.0,4.199,96.4,98,0,60.0,2026-04-30T21:16:36.204869,4.206
2026-04-30T21:15:36.260527,35.74,0.0211,38.8,0.0264,1000.0,0.0,4.199,96.4,98,0,60.0,2026-04-30T21:16:36.260408,4.206
2026-04-30T21:15:37.207513,35.79,0.0211,38.84,0.0278,1000.0,0.0,4.199,96.4,98,0,60.0,2026-04-30T21:16:37.207377,4.206
2026-04-30T21:15:37.264106,35.79,0,38.85,0.0095,1000.0,0.0,4.199,96.4,98,0,60.0,2026-04-30T21:16:37.263991,4.206
2026-04-30T21:15:37.319322,35.79,0,38.85,0.004,1000.0,0.0,4.199,96.4,98,0,60.0,2026-04-30T21:16:37.319219,4.206
2026-04-30T21:15:38.257598,35.85,0,38.9,0.0,1000.0,0.0,4.199,96.4,98,0,60.0,2026-04-30T21:16:38.257457,4.206
2026-04-30T21:15:38.314006,35.85,0.0152,38.91,0.0067,1000.0,0.0,4.199,96.4,98,0,60.0,2026-04-30T21:16:38.313883,4.206
2026-04-30T21:15:38.369851,35.85,0.0152,38.91,0.0124,1000.0,0.0,4.199,96.4,98,0,60.0,2026-04-30T21:16:38.369748,4.206
2026-04-30T21:15:39.315656,35.91,0.0152,38.96,0.0187,1000.0,0.0,4.199,96.3,98,0,60.0,2026-04-30T21:16:39.315500,4.206
2026-04-30T21:15:39.371521,35.91,0.0152,38.96,0.0206,1000.0,0.0,4.199,96.3,98,0,60.0,2026-04-30T21:16:39.371412,4.206
2026-04-30T21:15:39.427620,35.91,0.0152,38.97,0.0214,1000.0,0.0,4.199,96.3,98,0,60.0,2026-04-30T21:16:39.427489,4.206
2026-04-30T21:15:40.368647,35.96,0,39.01,0.0116,1000.0,0.0,4.199,96.3,98,0,60.0,2026-04-30T21:16:40.368483,4.206
2026-04-30T21:15:40.424254,35.96,0,39.01,0.0086,1000.0,0.0,4.199,96.3,98,0,60.0,2026-04-30T21:16:40.424146,4.206
2026-04-30T21:15:41.377014,35.96,0,39.05,0.007,1000.0,0.0,4.199,96.3,98,0,60.0,2026-04-30T21:16:41.376892,4.206
2026-04-30T21:15:41.434239,36.02,0.0261,39.07,0.0104,1000.0,0.0,4.199,96.3,98,0,60.0,2026-04-30T21:16:41.434109,4.206
2026-04-30T21:15:41.489579,36.02,0.0261,39.07,0.0194,1000.0,0.0,4.199,96.3,98,0,60.0,2026-04-30T21:16:41.489483,4.206
2026-04-30T21:15:42.441263,36.08,0.0261,39.12,0.0268,1000.0,0.0,4.199,96.3,98,0,60.0,2026-04-30T21:16:42.441116,4.206
2026-04-30T21:15:42.497958,36.08,0.0261,39.13,0.0305,1000.0,0.0,4.199,96.3,98,0,60.0,2026-04-30T21:16:42.497828,4.206
2026-04-30T21:15:42.553413,36.08,0.0261,39.14,0.0318,1000.0,0.0,4.199,96.3,98,0,60.0,2026-04-30T21:16:42.553310,4.206
2026-04-30T21:15:43.491485,36.15,0,39.19,0.0278,1000.0,0.0,4.199,96.3,98,0,60.0,2026-04-30T21:16:43.491314,4.206
2026-04-30T21:15:43.549735,36.15,0.0194,39.19,0.0252,1000.0,0.0,4.199,96.3,98,0,60.0,2026-04-30T21:16:43.549578,4.206
2026-04-30T21:15:43.607160,36.15,0.0194,39.19,0.026,1000.0,0.0,4.199,96.3,98,0,60.0,2026-04-30T21:16:43.606992,4.206
2026-04-30T21:15:44.545921,36.23,0.0194,39.25,0.0231,1000.0,0.0,4.199,96.2,98,0,60.0,2026-04-30T21:16:44.545804,4.206
2026-04-30T21:15:44.604202,36.23,0.0373,39.27,0.0327,1000.0,0.0,4.199,96.2,98,0,60.0,2026-04-30T21:16:44.604066,4.206
2026-04-30T21:15:44.711297,36.23,0.0373,39.27,0.0369,1000.0,0.0,4.199,96.2,98,0,60.0,2026-04-30T21:16:44.711087,4.206
2026-04-30T21:15:45.606505,36.29,0.0373,39.33,0.0422,1000.0,0.0,4.199,96.2,98,0,60.0,2026-04-30T21:16:45.606350,4.206
2026-04-30T21:15:45.662320,36.29,0.0373,39.34,0.0435,1000.0,0.0,4.199,96.2,98,0,60.0,2026-04-30T21:16:45.662176,4.206
2026-04-30T21:15:46.613774,36.29,0.0373,39.38,0.0444,1000.0,0.0,4.199,96.2,98,0,60.0,2026-04-30T21:16:46.613595,4.206
2026-04-30T21:15:46.672343,36.37,0.022,39.4,0.0378,1000.0,0.0,4.199,96.2,98,0,60.0,2026-04-30T21:16:46.672209,4.206
2026-04-30T21:15:46.728121,36.37,0.022,39.41,0.0348,1000.0,0.0,4.199,96.2,98,0,60.0,2026-04-30T21:16:46.728004,4.206
2026-04-30T21:15:47.672911,36.44,0.022,39.45,0.0325,1000.0,0.0,4.199,96.2,98,0,60.0,2026-04-30T21:16:47.672759,4.206
2026-04-30T21:15:47.729916,36.44,0.0311,39.47,0.0333,1000.0,0.0,4.199,96.2,98,0,60.0,2026-04-30T21:16:47.729783,4.206
2026-04-30T21:15:47.785040,36.44,0.0311,39.48,0.0354,1000.0,0.0,4.199,96.2,98,0,60.0,2026-04-30T21:16:47.784933,4.206
2026-04-30T21:15:48.746771,36.51,0.0311,39.53,0.0375,1000.0,0.0,4.199,96.1,98,0,60.0,2026-04-30T21:16:48.746623,4.206
2026-04-30T21:15:48.812485,36.51,0.0378,39.55,0.0408,1000.0,0.0,4.199,96.1,98,0,60.0,2026-04-30T21:16:48.812352,4.206
2026-04-30T21:15:48.877514,36.51,0.0378,39.55,0.0426,1000.0,0.0,4.199,96.1,98,0,60.0,2026-04-30T21:16:48.877389,4.206
2026-04-30T21:15:49.798512,36.57,0.027,39.6,0.0422,1000.0,0.0,4.199,96.1,98,0,60.0,2026-04-30T21:16:49.798288,4.206
2026-04-30T21:15:49.861476,36.57,0.0378,39.61,0.0438,1000.0,0.0,4.199,96.1,98,0,60.0,2026-04-30T21:16:49.861298,4.206
2026-04-30T21:15:49.923590,36.57,0.0378,39.62,0.0445,1000.0,0.0,4.199,96.1,98,0,60.0,2026-04-30T21:16:49.923433,4.206
2026-04-30T21:15:50.846074,36.65,0.0396,39.68,0.043,1000.0,0.0,4.199,96.1,98,0,60.0,2026-04-30T21:16:50.845891,4.206
2026-04-30T21:15:50.907463,36.65,0.0396,39.69,0.045,1000.0,0.0,4.199,96.1,98,0,60.0,2026-04-30T21:16:50.907301,4.206
2026-04-30T21:15:51.861728,36.65,0.0396,39.73,0.0463,1000.0,0.0,4.199,96.1,98,0,60.0,2026-04-30T21:16:51.861548,4.206
2026-04-30T21:15:51.936268,36.72,0.0423,39.76,0.0478,1000.0,0.0,4.199,96.1,98,0,60.0,2026-04-30T21:16:51.936077,4.206
2026-04-30T21:15:51.996527,36.72,0.0423,39.76,0.0488,1000.0,0.0,4.199,96.1,98,0,60.0,2026-04-30T21:16:51.996187,4.206
2026-04-30T21:15:52.919341,36.78,0.0423,39.81,0.0497,1000.0,0.0,4.199,96.0,98,0,60.0,2026-04-30T21:16:52.918076,4.206
2026-04-30T21:15:53.059286,36.78,0.0423,39.83,0.0488,1000.0,0.0,4.199,96.0,98,0,60.0,2026-04-30T21:16:53.053977,4.206
2026-04-30T21:15:53.150553,36.78,0.0423,39.83,0.0495,1000.0,0.0,4.199,96.0,98,0,60.0,2026-04-30T21:16:53.150318,4.206
2026-04-30T21:15:53.971292,36.87,0.0312,39.88,0.0484,1000.0,0.0,4.199,96.0,98,0,60.0,2026-04-30T21:16:53.971108,4.206
2026-04-30T21:15:54.032632,36.87,0.0481,39.9,0.0505,1000.0,0.0,4.199,96.0,98,0,60.0,2026-04-30T21:16:54.032477,4.206
2026-04-30T21:15:54.092884,36.87,0.0481,39.91,0.0526,1000.0,0.0,4.199,96.0,98,0,60.0,2026-04-30T21:16:54.092680,4.206
2026-04-30T21:15:55.069216,36.93,0.0481,39.96,0.0549,1000.0,0.0,4.199,96.0,98,0,60.0,2026-04-30T21:16:55.069005,4.206
2026-04-30T21:15:55.142143,36.93,0.0481,39.97,0.0556,1000.0,0.0,4.199,96.0,98,0,60.0,2026-04-30T21:16:55.141951,4.206
2026-04-30T21:15:55.204344,36.93,0.0481,39.98,0.0559,1000.0,0.0,4.199,96.0,98,0,60.0,2026-04-30T21:16:55.204159,4.206
2026-04-30T21:15:56.077037,37.0,0.0354,40.03,0.0501,1000.0,0.0,4.199,96.0,98,0,60.0,2026-04-30T21:16:56.076852,4.206
2026-04-30T21:15:56.138462,37.0,0.0354,40.04,0.0476,1000.0,0.0,4.199,96.0,98,0,60.0,2026-04-30T21:16:56.138302,4.206
2026-04-30T21:15:57.085778,37.0,0.0354,40.08,0.046,1000.0,0.0,4.199,96.0,98,0,60.0,2026-04-30T21:16:57.085603,4.206
2026-04-30T21:15:57.148191,37.07,0.0557,40.1,0.0486,1000.0,0.0,4.199,95.9,98,0,60.0,2026-04-30T21:16:57.148002,4.206
2026-04-30T21:15:57.207830,37.07,0.0557,40.11,0.0545,1000.0,0.0,4.199,95.9,98,0,60.0,2026-04-30T21:16:57.207666,4.206
2026-04-30T21:15:58.159232,37.11,0.0557,40.15,0.0594,1000.0,0.0,4.199,95.9,98,0,60.0,2026-04-30T21:16:58.159002,4.206
2026-04-30T21:15:58.223348,37.11,0.0557,40.16,0.0617,1000.0,0.0,4.199,95.9,98,0,60.0,2026-04-30T21:16:58.223181,4.206
2026-04-30T21:15:58.286383,37.11,0.0557,40.16,0.0625,1000.0,0.0,4.199,95.9,98,0,60.0,2026-04-30T21:16:58.286110,4.206
2026-04-30T21:15:59.195346,37.17,0.0396,40.21,0.061,1000.0,0.0,4.199,95.9,98,0,60.0,2026-04-30T21:16:59.195174,4.206
2026-04-30T21:15:59.257222,37.17,0.0396,40.22,0.0544,1000.0,0.0,4.199,95.9,98,0,60.0,2026-04-30T21:16:59.257064,4.206
2026-04-30T21:15:59.319143,37.17,0.0396,40.22,0.0521,1000.0,0.0,4.199,95.9,98,0,60.0,2026-04-30T21:16:59.318950,4.206
2026-04-30T21:16:00.259799,37.23,0.0337,40.26,0.0481,1000.0,0.0,4.199,95.9,98,0,60.0,2026-04-30T21:17:00.259620,4.207
2026-04-30T21:16:00.331576,37.23,0.0565,40.27,0.0554,1000.0,0.0,4.199,95.9,98,0,60.0,2026-04-30T21:17:00.331302,4.207
2026-04-30T21:16:00.402834,37.23,0.0565,40.27,0.0587,1000.0,0.0,4.199,95.9,98,0,60.0,2026-04-30T21:17:00.402552,4.207
2026-04-30T21:16:01.802813,37.29,0.0565,40.33,0.063,1000.0,0.0,4.199,95.9,97,0,60.0,2026-04-30T21:17:01.802463,4.207
2026-04-30T21:16:02.122539,37.29,0.0565,40.34,0.064,1000.0,0.0,4.199,95.9,97,0,60.0,2026-04-30T21:17:02.122041,4.207
2026-04-30T21:16:02.342922,37.29,0.0565,40.34,0.0645,1000.0,0.0,4.199,95.9,97,0,60.0,2026-04-30T21:17:02.342453,4.207
2026-04-30T21:16:02.450501,37.34,0.0447,40.36,0.0595,1000.0,0.0,4.199,95.9,97,0,60.0,2026-04-30T21:17:02.450126,4.207
2026-04-30T21:16:02.659688,37.34,0.0447,40.37,0.0572,1000.0,0.0,4.199,95.9,97,0,60.0,2026-04-30T21:17:02.658732,4.207
2026-04-30T21:16:04.223730,37.39,0.0447,40.43,0.055,1000.0,0.0,4.199,95.8,97,0,60.0,2026-04-30T21:17:04.223062,4.207
2026-04-30T21:16:04.476768,37.39,0.0447,40.44,0.0523,1000.0,0.0,4.199,95.8,97,0,60.0,2026-04-30T21:17:04.476462,4.207
2026-04-30T21:16:04.583838,37.39,0.0447,40.44,0.0527,1000.0,0.0,4.199,95.8,97,0,60.0,2026-04-30T21:17:04.583649,4.207
2026-04-30T21:16:04.658720,37.43,0.0397,40.44,0.0525,1000.0,0.0,4.199,95.8,97,0,60.0,2026-04-30T21:17:04.658563,4.207
2026-04-30T21:16:04.725765,37.43,0.0423,40.45,0.0518,1000.0,0.0,4.199,95.8,97,0,60.0,2026-04-30T21:17:04.725632,4.207
2026-04-30T21:16:04.787592,37.43,0.0423,40.46,0.0515,1000.0,0.0,4.199,95.8,97,0,60.0,2026-04-30T21:17:04.787481,4.207
2026-04-30T21:16:05.483521,37.47,0.0423,40.5,0.0511,1000.0,0.0,4.199,95.8,97,0,60.0,2026-04-30T21:17:05.483360,4.207
2026-04-30T21:16:05.541089,37.47,0.0463,40.5,0.0526,1000.0,0.0,4.199,95.8,97,0,60.0,2026-04-30T21:17:05.540952,4.207
2026-04-30T21:16:05.599632,37.47,0.0463,40.51,0.0533,1000.0,0.0,4.199,95.8,97,0,60.0,2026-04-30T21:17:05.599480,4.207
2026-04-30T21:16:06.541968,37.5,0.0463,40.54,0.053,1000.0,0.0,4.199,95.8,97,0,60.0,2026-04-30T21:17:06.541770,4.207
2026-04-30T21:16:06.607495,37.5,0.0463,40.55,0.0537,1000.0,0.0,4.199,95.8,97,0,60.0,2026-04-30T21:17:06.607340,4.207
2026-04-30T21:16:07.566326,37.5,0.0463,40.58,0.0543,1000.0,0.0,4.199,95.8,97,0,60.0,2026-04-30T21:17:07.566122,4.207
2026-04-30T21:16:07.626304,37.56,0.0446,40.59,0.0529,1000.0,0.0,4.199,95.8,97,0,60.0,2026-04-30T21:17:07.626167,4.207
2026-04-30T21:16:07.683705,37.56,0.0446,40.6,0.0529,1000.0,0.0,4.199,95.8,97,0,60.0,2026-04-30T21:17:07.683557,4.207
2026-04-30T21:16:08.632579,37.59,0.0446,40.64,0.053,1000.0,0.0,4.199,95.8,98,0,60.0,2026-04-30T21:17:08.632400,4.207
2026-04-30T21:16:08.713711,37.59,0.0446,40.64,0.053,1000.0,0.0,4.199,95.8,98,0,60.0,2026-04-30T21:17:08.713476,4.207
2026-04-30T21:16:08.783139,37.59,0.0446,40.64,0.053,1000.0,0.0,4.199,95.8,98,0,60.0,2026-04-30T21:17:08.782941,4.207
2026-04-30T21:16:09.676431,37.63,0.0347,40.67,0.0515,1000.0,0.0,4.199,95.8,98,0,60.0,2026-04-30T21:17:09.676194,4.207
2026-04-30T21:16:09.738604,37.63,0.0347,40.68,0.0468,1000.0,0.0,4.199,95.8,98,0,60.0,2026-04-30T21:17:09.738442,4.207
2026-04-30T21:16:09.802085,37.63,0.0347,40.68,0.0455,1000.0,0.0,4.199,95.8,98,0,60.0,2026-04-30T21:17:09.801910,4.207
2026-04-30T21:16:10.733796,37.66,0.0253,40.71,0.0416,1000.0,0.0,4.199,95.7,98,0,60.0,2026-04-30T21:17:10.733500,4.207
2026-04-30T21:16:10.796325,37.66,0.0558,40.71,0.0513,1000.0,0.0,4.199,95.7,98,0,60.0,2026-04-30T21:17:10.796156,4.207
2026-04-30T21:16:10.859992,37.66,0.0558,40.71,0.0558,1000.0,0.0,4.199,95.7,98,0,60.0,2026-04-30T21:17:10.859812,4.207
2026-04-30T21:16:11.787891,37.7,0.0558,40.75,0.061,1000.0,0.0,4.199,95.7,97,0,60.0,2026-04-30T21:17:11.787708,4.207
2026-04-30T21:16:11.849408,37.7,0.0558,40.75,0.0623,1000.0,0.0,4.199,95.7,97,0,60.0,2026-04-30T21:17:11.849172,4.207
2026-04-30T21:16:12.796010,37.7,0.0558,40.78,0.0633,1000.0,0.0,4.199,95.7,97,0,60.0,2026-04-30T21:17:12.795837,4.207
2026-04-30T21:16:12.860536,37.76,0.0423,40.79,0.0578,1000.0,0.0,4.199,95.7,97,0,60.0,2026-04-30T21:17:12.860371,4.207
2026-04-30T21:16:12.938871,37.76,0.0423,40.8,0.0551,1000.0,0.0,4.199,95.7,97,0,60.0,2026-04-30T21:17:12.938698,4.207
2026-04-30T21:16:13.857241,37.82,0.0423,40.84,0.053,1000.0,0.0,4.199,95.7,97,0,60.0,2026-04-30T21:17:13.857073,4.207
2026-04-30T21:16:13.920282,37.82,0.054,40.85,0.0553,1000.0,0.0,4.199,95.7,97,0,60.0,2026-04-30T21:17:13.920094,4.207
2026-04-30T21:16:13.982082,37.82,0.054,40.85,0.0579,1000.0,0.0,4.199,95.7,97,0,60.0,2026-04-30T21:17:13.981864,4.207
2026-04-30T21:16:14.912407,37.87,0.054,40.9,0.0605,1000.0,0.0,4.199,95.7,97,0,60.0,2026-04-30T21:17:14.912068,4.207
2026-04-30T21:16:15.073132,37.87,0.054,40.91,0.0614,1000.0,0.0,4.199,95.7,97,0,60.0,2026-04-30T21:17:15.059075,4.207
2026-04-30T21:16:15.160755,37.87,0.054,40.91,0.0619,1000.0,0.0,4.199,95.7,97,0,60.0,2026-04-30T21:17:15.160579,4.207
2026-04-30T21:16:16.000861,37.94,0.0378,40.96,0.0579,1000.0,0.0,4.199,95.7,97,0,60.0,2026-04-30T21:17:16.000567,4.207
2026-04-30T21:16:16.111592,37.94,0.0447,40.97,0.0559,1000.0,0.0,4.199,95.7,97,0,60.0,2026-04-30T21:17:16.111269,4.207
2026-04-30T21:16:16.371756,37.94,0.0447,40.98,0.0549,1000.0,0.0,4.199,95.7,97,0,60.0,2026-04-30T21:17:16.371174,4.207
2026-04-30T21:16:17.287023,37.99,0.0447,41.03,0.0522,1000.0,0.0,4.199,95.7,97,0,60.0,2026-04-30T21:17:17.286689,4.207
2026-04-30T21:16:17.472173,37.99,0.0447,41.03,0.0527,1000.0,0.0,4.199,95.6,97,0,60.0,2026-04-30T21:17:17.471643,4.207
2026-04-30T21:16:18.037634,37.99,0.0447,41.06,0.053,1000.0,0.0,4.199,95.6,97,0,60.0,2026-04-30T21:17:18.037449,4.207
2026-04-30T21:16:18.109526,38.07,0.0472,41.09,0.0526,1000.0,0.0,4.199,95.6,97,0,60.0,2026-04-30T21:17:18.109350,4.207
2026-04-30T21:16:18.182842,38.07,0.0472,41.1,0.0538,1000.0,0.0,4.199,95.6,97,0,60.0,2026-04-30T21:17:18.182568,4.207
2026-04-30T21:16:19.082226,38.11,0.0472,41.14,0.0549,1000.0,0.0,4.199,95.6,97,0,60.0,2026-04-30T21:17:19.081961,4.207
2026-04-30T21:16:19.152205,38.11,0.0491,41.15,0.0559,1000.0,0.0,4.199,95.6,97,0,60.0,2026-04-30T21:17:19.152053,4.207
2026-04-30T21:16:19.222426,38.11,0.0491,41.15,0.0566,1000.0,0.0,4.199,95.6,97,0,60.0,2026-04-30T21:17:19.222240,4.207
2026-04-30T21:16:20.152487,38.18,0.0472,41.2,0.0569,1000.0,0.0,4.199,95.6,97,0,60.0,2026-04-30T21:17:20.152276,4.207
2026-04-30T21:16:20.224509,38.18,0.0491,41.21,0.0568,1000.0,0.0,4.199,95.6,97,0,60.0,2026-04-30T21:17:20.224333,4.207
2026-04-30T21:16:20.304109,38.18,0.0491,41.22,0.0571,1000.0,0.0,4.199,95.6,97,0,60.0,2026-04-30T21:17:20.303906,4.207
2026-04-30T21:16:21.306898,38.27,0.0439,41.27,0.056,1000.0,0.0,4.199,95.5,97,0,60.0,2026-04-30T21:17:21.306340,4.207
2026-04-30T21:16:21.556482,38.27,0.0548,41.29,0.0595,1000.0,0.0,4.199,95.5,97,0,60.0,2026-04-30T21:17:21.556272,4.207
2026-04-30T21:16:21.750812,38.27,0.0548,41.3,0.0612,1000.0,0.0,4.199,95.5,97,0,60.0,2026-04-30T21:17:21.750213,4.207
2026-04-30T21:16:22.340303,38.36,0.0548,41.35,0.0626,1000.0,0.0,4.199,95.5,97,0,60.0,2026-04-30T21:17:22.337599,4.207
2026-04-30T21:16:22.616219,38.36,0.0548,41.38,0.063,1000.0,0.0,4.199,95.5,97,0,60.0,2026-04-30T21:17:22.615613,4.207
2026-04-30T21:16:23.375205,38.36,0.0548,41.41,0.0634,1000.0,0.0,4.199,95.5,97,0,60.0,2026-04-30T21:17:23.365951,4.207
2026-04-30T21:16:23.501949,38.42,0.0481,41.44,0.0564,1000.0,0.0,4.199,95.5,97,0,60.0,2026-04-30T21:17:23.501715,4.207
2026-04-30T21:16:23.630316,38.42,0.0481,41.45,0.0566,1000.0,0.0,4.199,95.5,97,0,60.0,2026-04-30T21:17:23.629941,4.207
2026-04-30T21:16:24.324794,38.5,0.0481,41.48,0.0567,1000.0,0.0,4.199,95.5,97,0,60.0,2026-04-30T21:17:24.324613,4.207
2026-04-30T21:16:24.407357,38.5,0.0481,41.51,0.0542,1000.0,0.0,4.199,95.5,97,0,60.0,2026-04-30T21:17:24.407132,4.207
2026-04-30T21:16:24.576692,38.5,0.0481,41.52,0.0552,1000.0,0.0,4.199,95.5,97,0,60.0,2026-04-30T21:17:24.575338,4.207
2026-04-30T21:16:25.382763,38.56,0.0388,41.57,0.0547,1000.0,0.0,4.199,95.4,97,0,60.0,2026-04-30T21:17:25.382564,4.207
2026-04-30T21:16:25.443225,38.56,0.0472,41.58,0.0545,1000.0,0.0,4.199,95.4,97,0,60.0,2026-04-30T21:17:25.443049,4.207
2026-04-30T21:16:25.504483,38.56,0.0472,41.59,0.055,1000.0,0.0,4.199,95.4,97,0,60.0,2026-04-30T21:17:25.504304,4.207
2026-04-30T21:16:26.441110,38.62,0.0472,41.64,0.0556,1000.0,0.0,4.199,95.4,97,0,60.0,2026-04-30T21:17:26.440888,4.207
2026-04-30T21:16:26.529698,38.62,0.0491,41.65,0.0566,1000.0,0.0,4.199,95.4,97,0,60.0,2026-04-30T21:17:26.529433,4.207
2026-04-30T21:16:27.088052,38.62,0.0491,41.67,0.0571,1000.0,0.0,4.199,95.4,97,0,60.0,2026-04-30T21:17:27.087635,4.207
2026-04-30T21:16:27.564611,38.68,0.0491,41.7,0.0558,1000.0,0.0,4.199,95.4,97,0,60.0,2026-04-30T21:17:27.564161,4.207
2026-04-30T21:16:27.686805,38.68,0.0491,41.71,0.0566,1000.0,0.0,4.199,95.4,97,0,60.0,2026-04-30T21:17:27.686407,4.207
2026-04-30T21:16:28.508321,38.68,0.0491,41.74,0.0573,1000.0,0.0,4.199,95.4,97,0,60.0,2026-04-30T21:17:28.508152,4.207
2026-04-30T21:16:28.570703,38.74,0.0598,41.75,0.0573,1000.0,0.0,4.199,95.4,97,0,60.0,2026-04-30T21:17:28.570513,4.207
2026-04-30T21:16:28.631926,38.74,0.0598,41.76,0.0616,1000.0,0.0,4.199,95.4,97,0,60.0,2026-04-30T21:17:28.631749,4.207
2026-04-30T21:16:29.562766,38.78,0.0598,41.8,0.0652,1000.0,0.0,4.199,95.4,97,0,60.0,2026-04-30T21:17:29.562599,4.207
2026-04-30T21:16:29.624195,38.78,0.0598,41.81,0.0669,1000.0,0.0,4.199,95.4,97,0,60.0,2026-04-30T21:17:29.624041,4.207
2026-04-30T21:16:29.685550,38.78,0.0598,41.81,0.0676,1000.0,0.0,4.199,95.4,97,0,60.0,2026-04-30T21:17:29.685388,4.207
2026-04-30T21:16:30.617454,38.82,0.0423,41.85,0.0654,1000.0,0.0,4.199,95.4,97,0,60.0,2026-04-30T21:17:30.617265,4.207
2026-04-30T21:16:30.677838,38.82,0.0423,41.85,0.0585,1000.0,0.0,4.199,95.4,97,0,60.0,2026-04-30T21:17:30.677655,4.207
2026-04-30T21:16:30.738636,38.82,0.0423,41.85,0.0559,1000.0,0.0,4.199,95.4,97,0,60.0,2026-04-30T21:17:30.738479,4.207
2026-04-30T21:16:31.662838,38.88,0.0388,41.9,0.0522,1000.0,0.0,4.199,95.3,97,0,60.0,2026-04-30T21:17:31.662663,4.207
2026-04-30T21:16:31.724571,38.88,0.0506,41.9,0.0553,1000.0,0.0,4.199,95.3,97,0,60.0,2026-04-30T21:17:31.724412,4.207
2026-04-30T21:16:31.787002,38.88,0.0506,41.91,0.0567,1000.0,0.0,4.199,95.3,97,0,60.0,2026-04-30T21:17:31.786830,4.207
2026-04-30T21:16:32.729915,38.93,0.0506,41.95,0.0584,1000.0,0.0,4.199,95.3,97,0,60.0,2026-04-30T21:17:32.729736,4.207
2026-04-30T21:16:32.791503,38.93,0.0506,41.96,0.0588,1000.0,0.0,4.199,95.3,97,0,60.0,2026-04-30T21:17:32.791345,4.207
2026-04-30T21:16:33.743586,38.93,0.0506,42.0,0.0592,1000.0,0.0,4.199,95.3,97,0,60.0,2026-04-30T21:17:33.743400,4.207
2026-04-30T21:16:33.806248,38.97,0.0532,42.0,0.0583,1000.0,0.0,4.199,95.3,97,0,60.0,2026-04-30T21:17:33.806075,4.207
2026-04-30T21:16:33.867646,38.97,0.0532,42.0,0.0597,1000.0,0.0,4.199,95.3,97,0,60.0,2026-04-30T21:17:33.867469,4.207
2026-04-30T21:16:34.795592,39.01,0.0532,42.04,0.061,1000.0,0.0,4.199,95.3,97,0,60.0,2026-04-30T21:17:34.795424,4.207
2026-04-30T21:16:34.858131,39.01,0.0532,42.04,0.0593,1000.0,0.0,4.199,95.3,97,0,60.0,2026-04-30T21:17:34.857895,4.207
2026-04-30T21:16:34.920425,39.01,0.0532,42.05,0.0604,1000.0,0.0,4.199,95.3,97,0,60.0,2026-04-30T21:17:34.919954,4.207
2026-04-30T21:16:35.858660,39.07,0.0413,42.09,0.0595,1000.0,0.0,4.199,95.3,97,0,60.0,2026-04-30T21:17:35.858492,4.207
2026-04-30T21:16:35.919059,39.07,0.0531,42.1,0.0596,1000.0,0.0,4.199,95.3,97,0,60.0,2026-04-30T21:17:35.918855,4.207
2026-04-30T21:16:35.981048,39.07,0.0531,42.1,0.0604,1000.0,0.0,4.199,95.3,97,0,60.0,2026-04-30T21:17:35.980778,4.207
2026-04-30T21:16:36.975374,39.14,0.0531,42.15,0.0614,1000.0,0.0,4.199,95.3,97,0,60.0,2026-04-30T21:17:36.975142,4.207
2026-04-30T21:16:37.186415,39.14,0.0531,42.16,0.0617,1000.0,0.0,4.199,95.3,97,0,60.0,2026-04-30T21:17:37.186064,4.207
2026-04-30T21:16:37.460436,39.14,0.0531,42.18,0.0619,1000.0,0.0,4.199,95.3,97,0,60.0,2026-04-30T21:17:37.459897,4.207
2026-04-30T21:16:37.966988,39.19,0.0463,42.21,0.0587,1000.0,0.0,4.199,95.3,97,0,60.0,2026-04-30T21:17:37.966688,4.207
2026-04-30T21:16:38.046636,39.19,0.0463,42.21,0.0573,1000.0,0.0,4.199,95.2,97,0,60.0,2026-04-30T21:17:38.046309,4.207
2026-04-30T21:16:39.029489,39.19,0.0463,42.25,0.0565,1000.0,0.0,4.199,95.2,97,0,60.0,2026-04-30T21:17:39.017417,4.207
2026-04-30T21:16:39.105586,39.24,0.0557,42.26,0.0559,1000.0,0.0,4.199,95.2,98,0,60.0,2026-04-30T21:17:39.105419,4.207
2026-04-30T21:16:39.166345,39.24,0.0557,42.27,0.0593,1000.0,0.0,4.199,95.2,98,0,60.0,2026-04-30T21:17:39.166139,4.207
2026-04-30T21:16:40.028797,39.31,0.0557,42.3,0.062,1000.0,0.0,4.199,95.2,98,0,60.0,2026-04-30T21:17:40.028633,4.207
2026-04-30T21:16:40.100124,39.31,0.0557,42.31,0.0633,1000.0,0.0,4.199,95.2,98,0,60.0,2026-04-30T21:17:40.099950,4.207
2026-04-30T21:16:40.161085,39.31,0.0557,42.32,0.0639,1000.0,0.0,4.199,95.2,98,0,60.0,2026-04-30T21:17:40.160919,4.207
2026-04-30T21:16:41.077484,39.36,0.0328,42.37,0.0608,1000.0,0.0,4.199,95.2,98,0,60.0,2026-04-30T21:17:41.077315,4.207
2026-04-30T21:16:41.139414,39.36,0.0481,42.37,0.0576,1000.0,0.0,4.199,95.2,98,0,60.0,2026-04-30T21:17:41.139257,4.207
2026-04-30T21:16:41.200981,39.36,0.0481,42.38,0.0574,1000.0,0.0,4.199,95.2,98,0,60.0,2026-04-30T21:17:41.200825,4.207
2026-04-30T21:16:42.143626,39.42,0.0447,42.43,0.0547,1000.0,0.0,4.199,95.2,98,0,60.0,2026-04-30T21:17:42.143427,4.207
2026-04-30T21:16:42.205808,39.42,0.0481,42.43,0.0558,1000.0,0.0,4.199,95.2,98,0,60.0,2026-04-30T21:17:42.205647,4.207
2026-04-30T21:16:42.268276,39.42,0.0481,42.44,0.0562,1000.0,0.0,4.199,95.2,98,0,60.0,2026-04-30T21:17:42.268113,4.207
2026-04-30T21:16:43.411038,39.49,0.0447,42.49,0.0556,1000.0,0.0,4.199,95.1,98,0,60.0,2026-04-30T21:17:43.410395,4.207
2026-04-30T21:16:43.521060,39.49,0.0447,42.51,0.0547,1000.0,0.0,4.199,95.1,98,0,60.0,2026-04-30T21:17:43.520679,4.207
2026-04-30T21:16:44.291401,39.49,0.0447,42.54,0.0543,1000.0,0.0,4.199,95.1,98,0,60.0,2026-04-30T21:17:44.285915,4.207
2026-04-30T21:16:44.499594,39.54,0.054,42.56,0.0551,1000.0,0.0,4.199,95.1,98,0,60.0,2026-04-30T21:17:44.499009,4.207
2026-04-30T21:16:44.811385,39.54,0.054,42.57,0.0587,1000.0,0.0,4.199,95.1,98,0,60.0,2026-04-30T21:17:44.810564,4.207
2026-04-30T21:16:45.357653,39.63,0.054,42.6,0.061,1000.0,0.0,4.199,95.1,98,0,60.0,2026-04-30T21:17:45.357448,4.207
2026-04-30T21:16:45.456948,39.63,0.054,42.62,0.059,1000.0,0.0,4.199,95.1,98,0,60.0,2026-04-30T21:17:45.456724,4.207
2026-04-30T21:16:45.559421,39.63,0.054,42.64,0.0605,1000.0,0.0,4.199,95.1,98,0,60.0,2026-04-30T21:17:45.559144,4.207
2026-04-30T21:16:46.323299,39.67,0.0363,42.68,0.0593,1000.0,0.0,4.199,95.1,98,0,60.0,2026-04-30T21:17:46.323135,4.207
2026-04-30T21:16:46.394773,39.67,0.0607,42.68,0.062,1000.0,0.0,4.199,95.1,98,0,60.0,2026-04-30T21:17:46.394629,4.207
2026-04-30T21:16:46.458508,39.67,0.0607,42.69,0.0647,1000.0,0.0,4.199,95.1,98,0,60.0,2026-04-30T21:17:46.458340,4.207
2026-04-30T21:16:47.415578,39.75,0.0607,42.74,0.0677,1000.0,0.0,4.199,95.0,98,0,60.0,2026-04-30T21:17:47.415205,4.207
2026-04-30T21:16:47.689871,39.75,0.0607,42.76,0.0687,1000.0,0.0,4.199,95.0,98,0,60.0,2026-04-30T21:17:47.689365,4.207
2026-04-30T21:16:47.895823,39.75,0.0607,42.77,0.0693,1000.0,0.0,4.199,95.0,98,0,60.0,2026-04-30T21:17:47.895450,4.207
2026-04-30T21:16:48.457002,39.82,0.054,42.82,0.0669,1000.0,0.0,4.199,95.0,98,0,60.0,2026-04-30T21:17:48.456736,4.207
2026-04-30T21:16:48.633860,39.82,0.054,42.83,0.0653,1000.0,0.0,4.199,95.0,98,0,60.0,2026-04-30T21:17:48.633420,4.207
2026-04-30T21:16:49.445278,39.82,0.054,42.87,0.0644,1000.0,0.0,4.199,95.0,98,0,60.0,2026-04-30T21:17:49.445085,4.207
2026-04-30T21:16:49.518712,39.88,0.0633,42.89,0.0648,1000.0,0.0,4.199,95.0,98,0,60.0,2026-04-30T21:17:49.518521,4.207
2026-04-30T21:16:49.605340,39.88,0.0633,42.9,0.0678,1000.0,0.0,4.199,95.0,98,0,60.0,2026-04-30T21:17:49.605130,4.207
2026-04-30T21:16:50.507118,39.94,0.0633,42.94,0.0703,1000.0,0.0,4.199,95.0,98,0,60.0,2026-04-30T21:17:50.506928,4.207
2026-04-30T21:16:50.579131,39.94,0.0633,42.95,0.0714,1000.0,0.0,4.199,95.0,98,0,60.0,2026-04-30T21:17:50.578964,4.207
2026-04-30T21:16:50.655524,39.94,0.0633,42.96,0.0718,1000.0,0.0,4.199,95.0,98,0,60.0,2026-04-30T21:17:50.655338,4.207
2026-04-30T21:16:51.560843,40.03,0.0463,43.01,0.0696,1000.0,0.0,4.199,94.9,98,0,60.0,2026-04-30T21:17:51.560658,4.207
2026-04-30T21:16:51.651892,40.03,0.0565,43.03,0.0669,1000.0,0.0,4.199,94.9,98,0,60.0,2026-04-30T21:17:51.651640,4.207
2026-04-30T21:16:51.959694,40.03,0.0565,43.05,0.0665,1000.0,0.0,4.199,94.9,98,0,60.0,2026-04-30T21:17:51.959240,4.207
2026-04-30T21:16:52.640306,40.1,0.0481,43.1,0.0636,1000.0,0.0,4.199,94.9,98,0,60.0,2026-04-30T21:17:52.640036,4.207
2026-04-30T21:16:52.750841,40.1,0.0565,43.11,0.0645,1000.0,0.0,4.199,94.9,98,0,60.0,2026-04-30T21:17:52.750569,4.207
2026-04-30T21:16:52.933025,40.1,0.0565,43.12,0.065,1000.0,0.0,4.199,94.9,98,0,60.0,2026-04-30T21:17:52.932698,4.207
2026-04-30T21:16:53.703904,40.18,0.0504,43.17,0.0627,1000.0,0.0,4.199,94.9,98,0,60.0,2026-04-30T21:17:53.703647,4.207
2026-04-30T21:16:53.865077,40.18,0.0504,43.19,0.0614,1000.0,0.0,4.199,94.9,98,0,60.0,2026-04-30T21:17:53.863861,4.207
2026-04-30T21:16:54.686079,40.18,0.0504,43.23,0.0606,1000.0,0.0,4.199,94.9,98,0,60.0,2026-04-30T21:17:54.685862,4.207
2026-04-30T21:16:54.758597,40.25,0.0504,43.25,0.0601,1000.0,0.0,4.199,94.9,98,0,60.0,2026-04-30T21:17:54.758421,4.207
2026-04-30T21:16:54.855845,40.25,0.0504,43.26,0.0599,1000.0,0.0,4.199,94.9,98,0,60.0,2026-04-30T21:17:54.855607,4.207
2026-04-30T21:16:55.742106,40.31,0.0504,43.3,0.0598,1000.0,0.0,4.199,94.9,98,0,60.0,2026-04-30T21:17:55.741925,4.207
2026-04-30T21:16:55.812214,40.31,0.0499,43.31,0.0591,1000.0,0.0,4.199,94.9,98,0,60.0,2026-04-30T21:17:55.812041,4.207
2026-04-30T21:16:55.889434,40.31,0.0499,43.32,0.0591,1000.0,0.0,4.199,94.9,98,0,60.0,2026-04-30T21:17:55.889235,4.207
2026-04-30T21:16:56.816473,40.35,0.0456,43.36,0.0585,1000.0,0.0,4.199,94.8,98,0,60.0,2026-04-30T21:17:56.816072,4.207
2026-04-30T21:16:56.942719,40.35,0.0513,43.36,0.0589,1000.0,0.0,4.199,94.8,98,0,60.0,2026-04-30T21:17:56.941751,4.207
2026-04-30T21:16:57.287931,40.35,0.0513,43.37,0.0597,1000.0,0.0,4.199,94.8,98,0,60.0,2026-04-30T21:17:57.257209,4.207
2026-04-30T21:16:57.877363,40.42,0.0513,43.41,0.0603,1000.0,0.0,4.199,94.8,98,0,60.0,2026-04-30T21:17:57.877122,4.207
2026-04-30T21:16:57.998044,40.42,0.0513,43.42,0.0604,1000.0,0.0,4.199,94.8,98,0,60.0,2026-04-30T21:17:57.997756,4.207
2026-04-30T21:16:58.156976,40.42,0.0513,43.43,0.0605,1000.0,0.0,4.199,94.8,98,0,60.0,2026-04-30T21:17:58.156549,4.207
2026-04-30T21:16:58.932107,40.48,0.0481,43.48,0.0588,1000.0,0.0,4.199,94.8,98,0,60.0,2026-04-30T21:17:58.931587,4.207
2026-04-30T21:16:59.187904,40.48,0.0481,43.5,0.0582,1000.0,0.0,4.199,94.8,98,0,60.0,2026-04-30T21:17:59.187430,4.207
2026-04-30T21:16:59.920230,40.48,0.0481,43.52,0.0579,1000.0,0.0,4.199,94.8,98,0,60.0,2026-04-30T21:17:59.920007,4.207
2026-04-30T21:17:00.017290,40.54,0.0574,43.54,0.0584,1000.0,0.0,4.199,94.8,98,0,60.0,2026-04-30T21:18:00.016993,4.207
2026-04-30T21:17:00.119835,40.54,0.0574,43.54,0.0617,1000.0,0.0,4.199,94.8,98,0,60.0,2026-04-30T21:18:00.119452,4.207
2026-04-30T21:17:01.062831,40.59,0.0574,43.58,0.0643,1000.0,0.0,4.199,94.8,98,0,60.0,2026-04-30T21:18:01.062499,4.207
2026-04-30T21:17:01.386942,40.59,0.0574,43.6,0.0657,1000.0,0.0,4.199,94.8,99,0,60.0,2026-04-30T21:18:01.386675,4.207
2026-04-30T21:17:01.628986,40.59,0.0574,43.61,0.0663,1000.0,0.0,4.199,94.8,99,0,60.0,2026-04-30T21:18:01.628488,4.207
2026-04-30T21:17:02.051739,40.64,0.0472,43.63,0.0653,1000.0,0.0,4.199,94.7,99,0,60.0,2026-04-30T21:18:02.051439,4.207
2026-04-30T21:17:02.235404,40.64,0.0489,43.64,0.0621,1000.0,0.0,4.199,94.7,99,0,60.0,2026-04-30T21:18:02.235126,4.207
2026-04-30T21:17:02.471423,40.64,0.0489,43.65,0.0605,1000.0,0.0,4.199,94.7,99,0,60.0,2026-04-30T21:18:02.470888,4.207
2026-04-30T21:17:03.233104,40.7,0.0489,43.69,0.059,1000.0,0.0,4.199,94.7,99,0,60.0,2026-04-30T21:18:03.232627,4.207
2026-04-30T21:17:03.373413,40.7,0.0506,43.7,0.0596,1000.0,0.0,4.199,94.7,99,0,60.0,2026-04-30T21:18:03.372872,4.207
2026-04-30T21:17:03.525877,40.7,0.0506,43.71,0.0598,1000.0,0.0,4.199,94.7,99,0,60.0,2026-04-30T21:18:03.525473,4.207
2026-04-30T21:17:04.173489,40.77,0.0506,43.76,0.0599,1000.0,0.0,4.199,94.7,99,0,60.0,2026-04-30T21:18:04.173205,4.207
2026-04-30T21:17:04.277576,40.77,0.0506,43.77,0.06,1000.0,0.0,4.199,94.7,99,0,60.0,2026-04-30T21:18:04.277332,4.207
2026-04-30T21:17:05.149786,40.77,0.0506,43.81,0.0601,1000.0,0.0,4.199,94.7,99,0,60.0,2026-04-30T21:18:05.149506,4.207
2026-04-30T21:17:05.243257,40.82,0.0532,43.82,0.057,1000.0,0.0,4.199,94.7,99,0,60.0,2026-04-30T21:18:05.243021,4.207
2026-04-30T21:17:05.346212,40.82,0.0532,43.83,0.0592,1000.0,0.0,4.199,94.7,99,0,60.0,2026-04-30T21:18:05.345970,4.207
2026-04-30T21:17:06.219832,40.85,0.0532,43.87,0.061,1000.0,0.0,4.199,94.7,99,0,60.0,2026-04-30T21:18:06.219603,4.207
2026-04-30T21:17:06.323947,40.85,0.0557,43.87,0.0607,1000.0,0.0,4.199,94.7,99,0,60.0,2026-04-30T21:18:06.323665,4.207
2026-04-30T21:17:06.645351,40.85,0.0557,43.87,0.0625,1000.0,0.0,4.199,94.7,99,0,60.0,2026-04-30T21:18:06.644978,4.207
2026-04-30T21:17:07.324931,40.9,0.0557,43.9,0.064,1000.0,0.0,4.199,94.7,99,0,60.0,2026-04-30T21:18:07.324549,4.207
2026-04-30T21:17:07.454088,40.9,0.0557,43.91,0.0645,1000.0,0.0,4.199,94.7,99,0,60.0,2026-04-30T21:18:07.453708,4.207
2026-04-30T21:17:07.595608,40.9,0.0557,43.92,0.0648,1000.0,0.0,4.199,94.7,99,0,60.0,2026-04-30T21:18:07.595282,4.207
2026-04-30T21:17:08.339377,40.93,0.0454,43.95,0.0623,1000.0,0.0,4.199,94.6,99,0,60.0,2026-04-30T21:18:08.339165,4.207
2026-04-30T21:17:08.457321,40.93,0.0548,43.95,0.0632,1000.0,0.0,4.199,94.6,99,0,60.0,2026-04-30T21:18:08.456853,4.207
2026-04-30T21:17:08.740263,40.93,0.0548,43.96,0.0637,1000.0,0.0,4.199,94.6,99,0,60.0,2026-04-30T21:18:08.739897,4.207
2026-04-30T21:17:09.373861,40.97,0.0548,43.98,0.0609,1000.0,0.0,4.199,94.6,98,0,60.0,2026-04-30T21:18:09.373689,4.207
2026-04-30T21:17:09.443254,40.97,0.0548,43.99,0.0623,1000.0,0.0,4.199,94.6,98,0,60.0,2026-04-30T21:18:09.443033,4.207
2026-04-30T21:17:10.391010,40.97,0.0548,44.02,0.0633,1000.0,0.0,4.199,94.6,98,0,60.0,2026-04-30T21:18:10.390841,4.207
2026-04-30T21:17:10.465212,41.05,0.054,44.04,0.0598,1000.0,0.0,4.199,94.6,98,0,60.0,2026-04-30T21:18:10.465004,4.207
2026-04-30T21:17:10.537082,41.05,0.054,44.05,0.0613,1000.0,0.0,4.199,94.6,98,0,60.0,2026-04-30T21:18:10.536884,4.207
2026-04-30T21:17:11.452153,41.1,0.054,44.09,0.0625,1000.0,0.0,4.199,94.6,99,0,60.0,2026-04-30T21:18:11.451953,4.207
2026-04-30T21:17:11.524521,41.1,0.0589,44.1,0.0645,1000.0,0.0,4.199,94.6,99,0,60.0,2026-04-30T21:18:11.524351,4.207
2026-04-30T21:17:11.597017,41.1,0.0589,44.11,0.066,1000.0,0.0,4.199,94.6,99,0,60.0,2026-04-30T21:18:11.596807,4.207
2026-04-30T21:17:12.522540,41.15,0.054,44.15,0.0666,1000.0,0.0,4.199,94.6,99,0,60.0,2026-04-30T21:18:12.522204,4.207
2026-04-30T21:17:12.644969,41.15,0.0589,44.16,0.0665,1000.0,0.0,4.199,94.6,99,0,60.0,2026-04-30T21:18:12.644298,4.207
2026-04-30T21:17:12.776000,41.15,0.0589,44.16,0.0673,1000.0,0.0,4.199,94.6,99,0,60.0,2026-04-30T21:18:12.775616,4.207
2026-04-30T21:17:13.572276,41.19,0.0481,44.2,0.0651,1000.0,0.0,4.199,94.6,98,0,60.0,2026-04-30T21:18:13.572082,4.207
2026-04-30T21:17:13.676264,41.19,0.0481,44.2,0.0618,1000.0,0.0,4.199,94.6,98,0,60.0,2026-04-30T21:18:13.675992,4.207
2026-04-30T21:17:13.815391,41.19,0.0481,44.21,0.0603,1000.0,0.0,4.199,94.6,98,0,60.0,2026-04-30T21:18:13.815060,4.207
2026-04-30T21:17:14.618574,41.25,0.0481,44.25,0.0586,1000.0,0.0,4.199,94.5,98,0,60.0,2026-04-30T21:18:14.618371,4.207
2026-04-30T21:17:14.689695,41.25,0.0481,44.26,0.0582,1000.0,0.0,4.199,94.5,98,0,60.0,2026-04-30T21:18:14.689508,4.207
2026-04-30T21:17:15.626104,41.25,0.0481,44.29,0.0581,1000.0,0.0,4.199,94.5,98,0,60.0,2026-04-30T21:18:15.625935,4.207
2026-04-30T21:17:15.692897,41.32,0.0489,44.32,0.0579,1000.0,0.0,4.199,94.5,98,0,60.0,2026-04-30T21:18:15.692725,4.207
2026-04-30T21:17:15.766388,41.32,0.0489,44.32,0.0581,1000.0,0.0,4.199,94.5,98,0,60.0,2026-04-30T21:18:15.766186,4.207
2026-04-30T21:17:16.682152,41.34,0.0489,44.35,0.0585,1000.0,0.0,4.199,94.5,98,0,60.0,2026-04-30T21:18:16.681903,4.207
2026-04-30T21:17:16.744434,41.34,0.0657,44.35,0.0635,1000.0,0.0,4.199,94.5,98,0,60.0,2026-04-30T21:18:16.744264,4.207
2026-04-30T21:17:16.814975,41.34,0.0657,44.35,0.0679,1000.0,0.0,4.199,94.5,98,0,60.0,2026-04-30T21:18:16.814745,4.207
2026-04-30T21:17:17.827324,41.39,0.0657,44.39,0.072,1000.0,0.0,4.199,94.5,98,0,60.0,2026-04-30T21:18:17.826727,4.207
2026-04-30T21:17:18.014834,41.39,0.0657,44.4,0.0737,1000.0,0.0,4.199,94.5,98,0,60.0,2026-04-30T21:18:18.014622,4.207
2026-04-30T21:17:18.237943,41.39,0.0657,44.4,0.0744,1000.0,0.0,4.199,94.5,98,0,60.0,2026-04-30T21:18:18.237368,4.207
2026-04-30T21:17:18.837219,41.46,0.0423,44.44,0.0691,1000.0,0.0,4.199,94.5,98,0,60.0,2026-04-30T21:18:18.836822,4.207
2026-04-30T21:17:19.091945,41.46,0.0548,44.45,0.067,1000.0,0.0,4.199,94.5,98,0,60.0,2026-04-30T21:18:19.073831,4.207
2026-04-30T21:17:19.374076,41.46,0.0548,44.46,0.0659,1000.0,0.0,4.199,94.5,98,0,60.0,2026-04-30T21:18:19.373535,4.207
2026-04-30T21:17:19.853517,41.51,0.065,44.49,0.0649,1000.0,0.0,4.199,94.5,98,0,60.0,2026-04-30T21:18:19.853324,4.207
2026-04-30T21:17:19.925470,41.51,0.065,44.5,0.0688,1000.0,0.0,4.199,94.5,98,0,60.0,2026-04-30T21:18:19.925289,4.207
2026-04-30T21:17:20.861897,41.51,0.065,44.54,0.0715,1000.0,0.0,4.199,94.5,98,0,60.0,2026-04-30T21:18:20.861693,4.207
2026-04-30T21:17:20.955439,41.55,0.065,44.55,0.0732,1000.0,0.0,4.199,94.4,98,0,60.0,2026-04-30T21:18:20.943050,4.207
2026-04-30T21:17:21.201488,41.55,0.065,44.55,0.0739,1000.0,0.0,4.199,94.4,98,0,60.0,2026-04-30T21:18:21.201096,4.207
2026-04-30T21:17:21.915419,41.59,0.065,44.58,0.0744,1000.0,0.0,4.199,94.4,98,0,60.0,2026-04-30T21:18:21.915203,4.207
2026-04-30T21:17:21.977996,41.59,0.0591,44.59,0.0697,1000.0,0.0,4.199,94.4,98,0,60.0,2026-04-30T21:18:21.977830,4.207
2026-04-30T21:17:22.044615,41.59,0.0591,44.59,0.0693,1000.0,0.0,4.199,94.4,98,0,60.0,2026-04-30T21:18:22.044457,4.207
2026-04-30T21:17:23.039074,41.65,0.0481,44.63,0.0674,1000.0,0.0,4.199,94.4,98,0,60.0,2026-04-30T21:18:23.038473,4.207
2026-04-30T21:17:23.335274,41.65,0.0591,44.65,0.0674,1000.0,0.0,4.199,94.4,98,0,60.0,2026-04-30T21:18:23.334955,4.207
2026-04-30T21:17:23.671416,41.65,0.0591,44.66,0.0681,1000.0,0.0,4.199,94.4,98,0,60.0,2026-04-30T21:18:23.670799,4.207
2026-04-30T21:17:24.053875,41.71,0.0515,44.69,0.0668,1000.0,0.0,4.199,94.4,98,0,60.0,2026-04-30T21:18:24.053596,4.207
2026-04-30T21:17:24.189263,41.71,0.0515,44.7,0.0645,1000.0,0.0,4.199,94.4,98,0,60.0,2026-04-30T21:18:24.188914,4.207
2026-04-30T21:17:24.538485,41.71,0.0515,44.71,0.0633,1000.0,0.0,4.199,94.4,98,0,60.0,2026-04-30T21:18:24.538120,4.207
2026-04-30T21:17:25.303288,41.75,0.0625,44.75,0.0633,1000.0,0.0,4.199,94.4,98,0,60.0,2026-04-30T21:18:25.302941,4.207
2026-04-30T21:17:25.418318,41.75,0.0625,44.76,0.0674,1000.0,0.0,4.199,94.4,98,0,60.0,2026-04-30T21:18:25.418053,4.207
2026-04-30T21:17:26.095582,41.75,0.0625,44.78,0.0697,1000.0,0.0,4.199,94.4,98,0,60.0,2026-04-30T21:18:26.095413,4.207
2026-04-30T21:17:26.158982,41.81,0.0625,44.8,0.069,1000.0,0.0,4.199,94.4,98,0,60.0,2026-04-30T21:18:26.158796,4.207
2026-04-30T21:17:26.230817,41.81,0.0625,44.81,0.0703,1000.0,0.0,4.199,94.4,98,0,60.0,2026-04-30T21:18:26.230475,4.207
2026-04-30T21:17:27.187117,41.86,0.0625,44.85,0.0714,1000.0,0.0,4.199,94.3,98,0,60.0,2026-04-30T21:18:27.186745,4.207
2026-04-30T21:17:27.322984,41.86,0.054,44.86,0.0675,1000.0,0.0,4.199,94.3,98,0,60.0,2026-04-30T21:18:27.322451,4.207
2026-04-30T21:17:27.451728,41.86,0.054,44.87,0.066,1000.0,0.0,4.199,94.3,98,0,60.0,2026-04-30T21:18:27.450871,4.207
2026-04-30T21:17:28.253644,41.89,0.0491,44.9,0.0641,1000.0,0.0,4.199,94.3,98,0,60.0,2026-04-30T21:18:28.253214,4.207
2026-04-30T21:17:28.533421,41.89,0.0625,44.9,0.067,1000.0,0.0,4.199,94.3,98,0,60.0,2026-04-30T21:18:28.532829,4.207
2026-04-30T21:17:28.708534,41.89,0.0625,44.91,0.0694,1000.0,0.0,4.199,94.3,98,0,60.0,2026-04-30T21:18:28.708075,4.207
2026-04-30T21:17:29.344278,41.95,0.0472,44.94,0.0674,1000.0,0.0,4.199,94.3,99,0,60.0,2026-04-30T21:18:29.343739,4.207
2026-04-30T21:17:29.973989,41.95,0.0625,44.95,0.0697,1000.0,0.0,4.199,94.3,99,0,60.0,2026-04-30T21:18:29.973570,4.207
2026-04-30T21:17:30.165628,41.95,0.0625,44.96,0.0712,1000.0,0.0,4.199,94.3,99,0,60.0,2026-04-30T21:18:30.164980,4.207
2026-04-30T21:17:30.386693,42.0,0.0693,44.98,0.0696,1000.0,0.0,4.199,94.3,99,0,60.0,2026-04-30T21:18:30.386314,4.207
2026-04-30T21:17:30.537193,42.0,0.0693,44.99,0.0733,1000.0,0.0,4.199,94.3,99,0,60.0,2026-04-30T21:18:30.536794,4.207
2026-04-30T21:17:31.328715,42.0,0.0693,45.03,0.0761,1000.0,0.0,4.199,94.3,98,0,60.0,2026-04-30T21:18:31.328515,4.207
2026-04-30T21:17:31.400376,42.04,0.0693,45.03,0.0777,1000.0,0.0,4.199,94.3,98,0,60.0,2026-04-30T21:18:31.400142,4.207
2026-04-30T21:17:31.474065,42.04,0.0693,45.04,0.0783,1000.0,0.0,4.199,94.3,98,0,60.0,2026-04-30T21:18:31.473900,4.207
2026-04-30T21:17:32.388747,42.11,0.0693,45.08,0.0788,1000.0,0.0,4.199,94.3,98,0,60.0,2026-04-30T21:18:32.388572,4.207
2026-04-30T21:17:32.451614,42.11,0.0598,45.1,0.0734,1000.0,0.0,4.199,94.3,98,0,60.0,2026-04-30T21:18:32.451430,4.207
2026-04-30T21:17:32.521091,42.11,0.0598,45.1,0.0721,1000.0,0.0,4.199,94.3,98,0,60.0,2026-04-30T21:18:32.520906,4.207
2026-04-30T21:17:33.511860,42.16,0.0506,45.15,0.0694,1000.0,0.0,4.199,94.2,98,0,60.0,2026-04-30T21:18:33.511579,4.207
2026-04-30T21:17:33.960395,42.16,0.0616,45.17,0.0697,1000.0,0.0,4.199,94.2,98,0,60.0,2026-04-30T21:18:33.960124,4.207
2026-04-30T21:17:34.190900,42.16,0.0616,45.17,0.0706,1000.0,0.0,4.199,94.2,98,0,60.0,2026-04-30T21:18:34.190452,4.207
2026-04-30T21:17:34.566154,42.21,0.0616,45.19,0.0711,1000.0,0.0,4.199,94.2,98,0,60.0,2026-04-30T21:18:34.565816,4.207
2026-04-30T21:17:34.735153,42.21,0.0616,45.21,0.0713,1000.0,0.0,4.199,94.2,98,0,60.0,2026-04-30T21:18:34.734781,4.207
2026-04-30T21:17:35.021541,42.21,0.0616,45.22,0.0714,1000.0,0.0,4.199,94.2,98,0,60.0,2026-04-30T21:18:35.021191,4.207
2026-04-30T21:17:35.551627,42.28,0.0549,45.26,0.0689,1000.0,0.0,4.199,94.2,98,0,60.0,2026-04-30T21:18:35.551407,4.207
2026-04-30T21:17:35.621616,42.28,0.0549,45.27,0.0673,1000.0,0.0,4.199,94.2,98,0,60.0,2026-04-30T21:18:35.621436,4.207
2026-04-30T21:17:36.652325,42.28,0.0549,45.31,0.0663,1000.0,0.0,4.199,94.2,98,0,60.0,2026-04-30T21:18:36.652046,4.207
2026-04-30T21:17:37.201718,42.34,0.0759,45.34,0.0702,1000.0,0.0,4.199,94.2,98,0,60.0,2026-04-30T21:18:37.190538,4.207
2026-04-30T21:17:37.387366,42.34,0.0759,45.36,0.0791,1000.0,0.0,4.199,94.2,97,0,60.0,2026-04-30T21:18:37.386837,4.207
2026-04-30T21:17:37.630181,42.4,0.0759,45.37,0.0823,1000.0,0.0,4.199,94.2,97,0,60.0,2026-04-30T21:18:37.629922,4.207
2026-04-30T21:17:37.710012,42.4,0.0759,45.37,0.0837,1000.0,0.0,4.199,94.2,97,0,60.0,2026-04-30T21:18:37.709837,4.207
2026-04-30T21:17:37.793295,42.4,0.0759,45.38,0.0845,1000.0,0.0,4.199,94.2,97,0,60.0,2026-04-30T21:18:37.793034,4.207
2026-04-30T21:17:38.692779,42.42,0.054,45.41,0.0819,1000.0,0.0,4.199,94.2,97,0,60.0,2026-04-30T21:18:38.692545,4.208
2026-04-30T21:17:38.794020,42.42,0.0667,45.41,0.0784,1000.0,0.0,4.199,94.2,97,0,60.0,2026-04-30T21:18:38.793676,4.208
2026-04-30T21:17:38.909954,42.42,0.0667,45.41,0.0777,1000.0,0.0,4.199,94.2,97,0,60.0,2026-04-30T21:18:38.909283,4.208
2026-04-30T21:17:39.763487,42.48,0.0565,45.46,0.0741,1000.0,0.0,4.199,94.1,97,0,60.0,2026-04-30T21:18:39.763171,4.208
2026-04-30T21:17:39.962130,42.48,0.0667,45.46,0.0753,1000.0,0.0,4.199,94.1,97,0,60.0,2026-04-30T21:18:39.961747,4.208
2026-04-30T21:17:40.362921,42.48,0.0667,45.48,0.076,1000.0,0.0,4.199,94.1,97,0,60.0,2026-04-30T21:18:40.362635,4.208
2026-04-30T21:17:40.818695,42.53,0.0607,45.51,0.0734,1000.0,0.0,4.199,94.1,97,0,60.0,2026-04-30T21:18:40.818456,4.208
2026-04-30T21:17:40.924161,42.53,0.0607,45.52,0.0724,1000.0,0.0,4.199,94.1,97,0,60.0,2026-04-30T21:18:40.923750,4.208
2026-04-30T21:17:41.802178,42.53,0.0607,45.55,0.0717,1000.0,0.0,4.199,94.1,97,0,60.0,2026-04-30T21:18:41.801997,4.208
2026-04-30T21:17:41.866908,42.56,0.0734,45.55,0.074,1000.0,0.0,4.199,94.1,97,0,60.0,2026-04-30T21:18:41.866737,4.208
2026-04-30T21:17:41.928435,42.56,0.0734,45.55,0.0776,1000.0,0.0,4.199,94.1,97,0,60.0,2026-04-30T21:18:41.928269,4.208
2026-04-30T21:17:42.857040,42.62,0.0734,45.59,0.0807,1000.0,0.0,4.199,94.1,97,0,60.0,2026-04-30T21:18:42.856872,4.208
2026-04-30T21:17:42.927837,42.62,0.0734,45.6,0.0799,1000.0,0.0,4.199,94.1,97,0,60.0,2026-04-30T21:18:42.926610,4.208
2026-04-30T21:17:43.142837,42.62,0.0734,45.61,0.0814,1000.0,0.0,4.199,94.1,97,0,60.0,2026-04-30T21:18:43.142510,4.208
2026-04-30T21:17:43.923882,42.66,0.0633,45.65,0.0811,1000.0,0.0,4.199,94.1,97,0,60.0,2026-04-30T21:18:43.923661,4.208
2026-04-30T21:17:44.020159,42.66,0.0635,45.65,0.0776,1000.0,0.0,4.199,94.1,97,0,60.0,2026-04-30T21:18:44.019901,4.208
2026-04-30T21:17:44.142367,42.66,0.0635,45.66,0.0761,1000.0,0.0,4.199,94.1,97,0,60.0,2026-04-30T21:18:44.141829,4.208
2026-04-30T21:17:45.054455,42.69,0.0635,45.69,0.0747,1000.0,0.0,4.199,94.1,97,0,60.0,2026-04-30T21:18:45.041944,4.208
2026-04-30T21:17:45.250750,42.69,0.0684,45.69,0.0766,1000.0,0.0,4.199,94.1,97,0,60.0,2026-04-30T21:18:45.250504,4.208
2026-04-30T21:17:45.418851,42.69,0.0684,45.69,0.0774,1000.0,0.0,4.199,94.1,97,0,60.0,2026-04-30T21:18:45.418532,4.208
2026-04-30T21:17:46.023122,42.71,0.0684,45.71,0.0756,1000.0,0.0,4.199,94.1,97,0,60.0,2026-04-30T21:18:46.022959,4.208
2026-04-30T21:17:46.095419,42.71,0.0684,45.71,0.0767,1000.0,0.0,4.199,94.1,97,0,60.0,2026-04-30T21:18:46.095258,4.208
2026-04-30T21:17:47.119034,42.71,0.0684,45.75,0.0776,1000.0,0.0,4.199,94.1,98,0,60.0,2026-04-30T21:18:47.118767,4.208
2026-04-30T21:17:47.309612,42.75,0.0724,45.75,0.0753,1000.0,0.0,4.199,94.0,98,0,60.0,2026-04-30T21:18:47.309081,4.208
2026-04-30T21:17:47.459099,42.75,0.0724,45.75,0.0786,1000.0,0.0,4.199,94.0,98,0,60.0,2026-04-30T21:18:47.458570,4.208
2026-04-30T21:17:48.105412,42.8,0.0724,45.78,0.0806,1000.0,0.0,4.199,94.0,98,0,60.0,2026-04-30T21:18:48.105221,4.208
2026-04-30T21:17:48.178080,42.8,0.0724,45.79,0.0815,1000.0,0.0,4.199,94.0,98,0,60.0,2026-04-30T21:18:48.177891,4.208
2026-04-30T21:17:48.254596,42.8,0.0724,45.79,0.0819,1000.0,0.0,4.199,94.0,98,0,60.0,2026-04-30T21:18:48.254384,4.208
2026-04-30T21:17:49.178759,42.83,0.0666,45.83,0.0815,1000.0,0.0,4.199,94.0,97,0,60.0,2026-04-30T21:18:49.178410,4.208
2026-04-30T21:17:49.429803,42.83,0.0666,45.83,0.0786,1000.0,0.0,4.199,94.0,97,0,60.0,2026-04-30T21:18:49.429499,4.208
2026-04-30T21:17:49.862086,42.83,0.0666,45.84,0.0777,1000.0,0.0,4.199,94.0,97,0,60.0,2026-04-30T21:18:49.861811,4.208
2026-04-30T21:17:50.240776,42.88,0.0607,45.86,0.0758,1000.0,0.0,4.199,94.0,97,0,60.0,2026-04-30T21:18:50.240267,4.208
2026-04-30T21:17:50.446531,42.88,0.0801,45.87,0.0819,1000.0,0.0,4.199,94.0,97,0,60.0,2026-04-30T21:18:50.446208,4.208
2026-04-30T21:17:50.665751,42.88,0.0801,45.88,0.0855,1000.0,0.0,4.199,94.0,97,0,60.0,2026-04-30T21:18:50.665097,4.208
2026-04-30T21:17:51.318434,42.95,0.0801,45.92,0.0883,1000.0,0.0,4.199,94.0,97,0,60.0,2026-04-30T21:18:51.318117,4.208
2026-04-30T21:17:51.453300,42.95,0.0801,45.93,0.0891,1000.0,0.0,4.199,94.0,97,0,60.0,2026-04-30T21:18:51.453065,4.208
2026-04-30T21:17:52.271345,42.95,0.0801,45.97,0.0898,1000.0,0.0,4.199,94.0,97,0,60.0,2026-04-30T21:18:52.271171,4.208
2026-04-30T21:17:52.336220,42.98,0.065,45.97,0.0819,1000.0,0.0,4.199,94.0,97,0,60.0,2026-04-30T21:18:52.336018,4.208
2026-04-30T21:17:52.408139,42.98,0.065,45.97,0.0793,1000.0,0.0,4.199,94.0,97,0,60.0,2026-04-30T21:18:52.407951,4.208
2026-04-30T21:17:53.335312,43.03,0.065,46.01,0.0773,1000.0,0.0,4.199,93.9,97,0,60.0,2026-04-30T21:18:53.335069,4.208
2026-04-30T21:17:53.444055,43.03,0.0675,46.02,0.0762,1000.0,0.0,4.199,93.9,97,0,60.0,2026-04-30T21:18:53.443763,4.208
2026-04-30T21:17:53.558950,43.03,0.0675,46.02,0.0768,1000.0,0.0,4.199,93.9,97,0,60.0,2026-04-30T21:18:53.558648,4.208
2026-04-30T21:17:54.571629,43.09,0.0675,46.07,0.0774,1000.0,0.0,4.199,93.9,97,0,60.0,2026-04-30T21:18:54.571241,4.208
2026-04-30T21:17:54.737619,43.09,0.0675,46.08,0.0776,1000.0,0.0,4.199,93.9,97,0,60.0,2026-04-30T21:18:54.736932,4.208
2026-04-30T21:17:54.908143,43.09,0.0675,46.09,0.0776,1000.0,0.0,4.199,93.9,97,0,60.0,2026-04-30T21:18:54.907752,4.208
2026-04-30T21:17:55.474762,43.14,0.0567,46.12,0.0751,1000.0,0.0,4.199,93.9,98,0,60.0,2026-04-30T21:18:55.474254,4.208
2026-04-30T21:17:55.651039,43.14,0.0675,46.13,0.0762,1000.0,0.0,4.199,93.9,98,0,60.0,2026-04-30T21:18:55.650514,4.208
2026-04-30T21:17:56.033498,43.14,0.0675,46.14,0.0769,1000.0,0.0,4.199,93.9,98,0,60.0,2026-04-30T21:18:56.033061,4.208
2026-04-30T21:17:56.502269,43.22,0.0675,46.18,0.0756,1000.0,0.0,4.199,93.9,98,0,60.0,2026-04-30T21:18:56.502069,4.208
2026-04-30T21:17:56.598534,43.22,0.0675,46.2,0.0765,1000.0,0.0,4.199,93.9,98,0,60.0,2026-04-30T21:18:56.598146,4.208
2026-04-30T21:17:57.507297,43.22,0.0675,46.24,0.0772,1000.0,0.0,4.199,93.9,97,0,60.0,2026-04-30T21:18:57.507132,4.208
2026-04-30T21:17:57.570168,43.26,0.0616,46.25,0.0749,1000.0,0.0,4.199,93.9,97,0,60.0,2026-04-30T21:18:57.569966,4.208
2026-04-30T21:17:57.633882,43.26,0.0616,46.25,0.0738,1000.0,0.0,4.199,93.9,97,0,60.0,2026-04-30T21:18:57.633697,4.208
2026-04-30T21:17:58.563612,43.33,0.0616,46.29,0.0729,1000.0,0.0,4.199,93.8,97,0,60.0,2026-04-30T21:18:58.563362,4.208
2026-04-30T21:17:58.629576,43.33,0.0667,46.31,0.0727,1000.0,0.0,4.199,93.8,97,0,60.0,2026-04-30T21:18:58.629396,4.208
2026-04-30T21:17:58.702542,43.33,0.0667,46.31,0.0743,1000.0,0.0,4.199,93.8,97,0,60.0,2026-04-30T21:18:58.702351,4.208
2026-04-30T21:17:59.642241,43.39,0.0549,46.36,0.0739,1000.0,0.0,4.199,93.8,97,0,60.0,2026-04-30T21:18:59.641892,4.208
2026-04-30T21:17:59.751270,43.39,0.0667,46.37,0.075,1000.0,0.0,4.199,93.8,97,0,60.0,2026-04-30T21:18:59.751004,4.208
2026-04-30T21:17:59.859091,43.39,0.0667,46.38,0.0758,1000.0,0.0,4.199,93.8,97,0,60.0,2026-04-30T21:18:59.858682,4.208
2026-04-30T21:18:00.704486,43.44,0.0624,46.41,0.0754,1000.0,0.0,4.199,93.8,97,0,60.0,2026-04-30T21:19:00.704213,4.208
2026-04-30T21:18:00.811250,43.44,0.0624,46.42,0.0742,1000.0,0.0,4.199,93.8,97,0,60.0,2026-04-30T21:19:00.810983,4.208
2026-04-30T21:18:00.950668,43.44,0.0624,46.42,0.0737,1000.0,0.0,4.199,93.8,97,0,60.0,2026-04-30T21:19:00.944905,4.208
2026-04-30T21:18:01.732117,43.49,0.0717,46.46,0.0715,1000.0,0.0,4.199,93.8,97,0,60.0,2026-04-30T21:19:01.731885,4.208
2026-04-30T21:18:01.806754,43.49,0.0717,46.47,0.0758,1000.0,0.0,4.199,93.8,97,0,60.0,2026-04-30T21:19:01.806558,4.208
2026-04-30T21:18:02.742497,43.49,0.0717,46.5,0.0787,1000.0,0.0,4.199,93.8,97,0,60.0,2026-04-30T21:19:02.742326,4.208
2026-04-30T21:18:02.806312,43.54,0.0717,46.51,0.0762,1000.0,0.0,4.199,93.8,97,0,60.0,2026-04-30T21:19:02.806150,4.208
2026-04-30T21:18:02.873918,43.54,0.0717,46.52,0.0785,1000.0,0.0,4.199,93.8,97,0,60.0,2026-04-30T21:19:02.873737,4.208
2026-04-30T21:18:03.802835,43.57,0.0717,46.56,0.0804,1000.0,0.0,4.199,93.8,97,0,60.0,2026-04-30T21:19:03.802640,4.208
2026-04-30T21:18:03.875518,43.57,0.0635,46.56,0.0749,1000.0,0.0,4.199,93.8,97,0,60.0,2026-04-30T21:19:03.875321,4.208
2026-04-30T21:18:03.949246,43.57,0.0635,46.56,0.0745,1000.0,0.0,4.199,93.8,97,0,60.0,2026-04-30T21:19:03.949012,4.208
2026-04-30T21:18:04.855791,43.63,0.0635,46.6,0.0742,1000.0,0.0,4.199,93.7,97,0,60.0,2026-04-30T21:19:04.855612,4.208
2026-04-30T21:18:04.941423,43.63,0.0675,46.61,0.0756,1000.0,0.0,4.199,93.7,97,0,60.0,2026-04-30T21:19:04.941195,4.208
2026-04-30T21:18:05.287652,43.63,0.0675,46.62,0.0766,1000.0,0.0,4.199,93.7,97,0,60.0,2026-04-30T21:19:05.287313,4.208
2026-04-30T21:18:05.931423,43.68,0.0532,46.65,0.075,1000.0,0.0,4.199,93.7,97,0,60.0,2026-04-30T21:19:05.931162,4.208
2026-04-30T21:18:06.048227,43.68,0.0675,46.66,0.0763,1000.0,0.0,4.199,93.7,97,0,60.0,2026-04-30T21:19:06.047726,4.208
2026-04-30T21:18:06.348119,43.68,0.0675,46.67,0.0769,1000.0,0.0,4.199,93.7,97,0,60.0,2026-04-30T21:19:06.347708,4.208
2026-04-30T21:18:07.115355,43.73,0.0693,46.71,0.0744,1000.0,0.0,4.199,93.7,97,0,60.0,2026-04-30T21:19:07.103103,4.208
2026-04-30T21:18:07.338773,43.73,0.0693,46.72,0.0771,1000.0,0.0,4.199,93.7,97,0,60.0,2026-04-30T21:19:07.338335,4.208
2026-04-30T21:18:07.979027,43.73,0.0693,46.74,0.0784,1000.0,0.0,4.199,93.7,97,0,60.0,2026-04-30T21:19:07.978853,4.208
2026-04-30T21:18:08.041461,43.79,0.0742,46.76,0.0802,1000.0,0.0,4.199,93.7,97,0,60.0,2026-04-30T21:19:08.041305,4.208
2026-04-30T21:18:08.110665,43.79,0.0742,46.76,0.0819,1000.0,0.0,4.199,93.7,97,0,60.0,2026-04-30T21:19:08.110442,4.208
2026-04-30T21:18:09.178643,43.82,0.0742,46.8,0.0834,1000.0,0.0,4.199,93.7,97,0,60.0,2026-04-30T21:19:09.153554,4.208
2026-04-30T21:18:09.366674,43.82,0.0742,46.81,0.0821,1000.0,0.0,4.199,93.7,96,0,60.0,2026-04-30T21:19:09.366411,4.208
2026-04-30T21:18:09.529226,43.82,0.0742,46.81,0.0833,1000.0,0.0,4.199,93.7,96,0,60.0,2026-04-30T21:19:09.528798,4.208
2026-04-30T21:18:10.193234,43.87,0.0599,46.84,0.0821,1000.0,0.0,4.199,93.7,96,0,60.0,2026-04-30T21:19:10.192666,4.208
2026-04-30T21:18:10.433073,43.87,0.0716,46.85,0.0811,1000.0,0.0,4.199,93.7,96,0,60.0,2026-04-30T21:19:10.432694,4.208
2026-04-30T21:18:10.665666,43.87,0.0716,46.86,0.0815,1000.0,0.0,4.199,93.7,96,0,60.0,2026-04-30T21:19:10.665347,4.208
2026-04-30T21:18:11.275217,43.94,0.0716,46.89,0.0819,1000.0,0.0,4.199,93.6,97,0,60.0,2026-04-30T21:19:11.274764,4.208
2026-04-30T21:18:11.403192,43.94,0.0716,46.91,0.082,1000.0,0.0,4.199,93.6,97,0,60.0,2026-04-30T21:19:11.402830,4.208
2026-04-30T21:18:11.611819,43.94,0.0716,46.92,0.082,1000.0,0.0,4.199,93.6,97,0,60.0,2026-04-30T21:19:11.611469,4.208
2026-04-30T21:18:12.246076,43.98,0.0711,46.95,0.0805,1000.0,0.0,4.199,93.6,97,0,60.0,2026-04-30T21:19:12.245792,4.208
2026-04-30T21:18:12.413417,43.98,0.0711,46.96,0.081,1000.0,0.0,4.199,93.6,97,0,60.0,2026-04-30T21:19:12.413024,4.208
2026-04-30T21:18:13.230340,43.98,0.0711,46.99,0.0814,1000.0,0.0,4.199,93.6,97,0,60.0,2026-04-30T21:19:13.229969,4.208
2026-04-30T21:18:13.374183,44.03,0.0769,47.01,0.08,1000.0,0.0,4.199,93.6,97,0,60.0,2026-04-30T21:19:13.373706,4.208
2026-04-30T21:18:13.512563,44.03,0.0769,47.01,0.0831,1000.0,0.0,4.199,93.6,97,0,60.0,2026-04-30T21:19:13.511983,4.208
2026-04-30T21:18:14.271110,44.07,0.0769,47.04,0.0855,1000.0,0.0,4.199,93.6,97,0,60.0,2026-04-30T21:19:14.270922,4.208
2026-04-30T21:18:14.347770,44.07,0.0769,47.05,0.0865,1000.0,0.0,4.199,93.6,97,0,60.0,2026-04-30T21:19:14.347537,4.208
2026-04-30T21:18:14.444714,44.07,0.0769,47.05,0.0869,1000.0,0.0,4.199,93.6,97,0,60.0,2026-04-30T21:19:14.444478,4.208
2026-04-30T21:18:15.535693,44.15,0.0589,47.11,0.0843,1000.0,0.0,4.199,93.6,97,0,60.0,2026-04-30T21:19:15.528272,4.208
2026-04-30T21:18:15.990599,44.15,0.0589,47.13,0.0757,1000.0,0.0,4.199,93.6,98,0,60.0,2026-04-30T21:19:15.990032,4.208
2026-04-30T21:18:16.150051,44.15,0.0589,47.14,0.0728,1000.0,0.0,4.199,93.6,98,0,60.0,2026-04-30T21:19:16.149679,4.208
2026-04-30T21:18:16.433343,44.2,0.0574,47.16,0.071,1000.0,0.0,4.199,93.5,98,0,60.0,2026-04-30T21:19:16.432957,4.208
2026-04-30T21:18:16.660847,44.2,0.0598,47.18,0.0708,1000.0,0.0,4.199,93.5,98,0,60.0,2026-04-30T21:19:16.660468,4.208
2026-04-30T21:18:16.824532,44.2,0.0598,47.19,0.0707,1000.0,0.0,4.199,93.5,98,0,60.0,2026-04-30T21:19:16.824196,4.208
2026-04-30T21:18:17.455130,44.27,0.0643,47.23,0.0711,1000.0,0.0,4.199,93.5,98,0,60.0,2026-04-30T21:19:17.454738,4.208
2026-04-30T21:18:17.542647,44.27,0.0643,47.24,0.0727,1000.0,0.0,4.199,93.5,98,0,60.0,2026-04-30T21:19:17.542441,4.208
2026-04-30T21:18:18.447256,44.27,0.0643,47.28,0.0738,1000.0,0.0,4.199,93.5,98,0,60.0,2026-04-30T21:19:18.447070,4.208
2026-04-30T21:18:18.507707,44.32,0.0643,47.29,0.0734,1000.0,0.0,4.199,93.5,98,0,60.0,2026-04-30T21:19:18.507533,4.208
2026-04-30T21:18:18.568151,44.32,0.0643,47.29,0.074,1000.0,0.0,4.199,93.5,98,0,60.0,2026-04-30T21:19:18.567990,4.208
2026-04-30T21:18:19.508208,44.37,0.0643,47.33,0.0747,1000.0,0.0,4.199,93.5,98,0,60.0,2026-04-30T21:19:19.508015,4.208
2026-04-30T21:18:19.589209,44.37,0.0693,47.34,0.0754,1000.0,0.0,4.199,93.5,98,0,60.0,2026-04-30T21:19:19.589016,4.208
2026-04-30T21:18:19.691492,44.37,0.0693,47.35,0.0771,1000.0,0.0,4.199,93.5,98,0,60.0,2026-04-30T21:19:19.691268,4.208
2026-04-30T21:18:20.649027,44.41,0.0693,47.39,0.0788,1000.0,0.0,4.199,93.5,98,0,60.0,2026-04-30T21:19:20.648328,4.208
2026-04-30T21:18:20.802145,44.41,0.0693,47.39,0.0794,1000.0,0.0,4.199,93.5,98,0,60.0,2026-04-30T21:19:20.801700,4.208
2026-04-30T21:18:20.960358,44.41,0.0693,47.4,0.0797,1000.0,0.0,4.199,93.5,98,0,60.0,2026-04-30T21:19:20.956940,4.208
2026-04-30T21:18:21.626334,44.45,0.0558,47.43,0.0765,1000.0,0.0,4.199,93.5,98,0,60.0,2026-04-30T21:19:21.626121,4.208
2026-04-30T21:18:21.714930,44.45,0.0616,47.43,0.0747,1000.0,0.0,4.199,93.5,98,0,60.0,2026-04-30T21:19:21.714672,4.208
2026-04-30T21:18:21.874624,44.45,0.0616,47.43,0.0739,1000.0,0.0,4.199,93.5,98,0,60.0,2026-04-30T21:19:21.874163,4.208
2026-04-30T21:18:22.705111,44.49,0.0742,47.46,0.0739,1000.0,0.0,4.199,93.5,98,0,60.0,2026-04-30T21:19:22.704827,4.208
2026-04-30T21:18:22.829179,44.49,0.0742,47.46,0.0786,1000.0,0.0,4.199,93.5,98,0,60.0,2026-04-30T21:19:22.828825,4.208
2026-04-30T21:18:23.684924,44.49,0.0742,47.5,0.0818,1000.0,0.0,4.199,93.5,98,0,60.0,2026-04-30T21:19:23.684750,4.208
2026-04-30T21:18:23.747665,44.54,0.0742,47.51,0.0835,1000.0,0.0,4.199,93.4,98,0,60.0,2026-04-30T21:19:23.747428,4.208
2026-04-30T21:18:23.809516,44.54,0.0742,47.51,0.0841,1000.0,0.0,4.199,93.4,98,0,60.0,2026-04-30T21:19:23.809335,4.208
2026-04-30T21:18:24.742222,44.59,0.0742,47.55,0.0847,1000.0,0.0,4.199,93.4,98,0,60.0,2026-04-30T21:19:24.742036,4.208
2026-04-30T21:18:24.819009,44.59,0.0666,47.56,0.0807,1000.0,0.0,4.199,93.4,98,0,60.0,2026-04-30T21:19:24.818792,4.208
2026-04-30T21:18:24.939843,44.59,0.0666,47.56,0.0795,1000.0,0.0,4.199,93.4,98,0,60.0,2026-04-30T21:19:24.939144,4.208
2026-04-30T21:18:25.816349,44.63,0.0633,47.6,0.0779,1000.0,0.0,4.199,93.4,98,0,60.0,2026-04-30T21:19:25.816039,4.208
2026-04-30T21:18:26.026219,44.63,0.0783,47.61,0.0819,1000.0,0.0,4.199,93.4,98,0,60.0,2026-04-30T21:19:26.025636,4.208
2026-04-30T21:18:26.194250,44.63,0.0783,47.61,0.085,1000.0,0.0,4.199,93.4,98,0,60.0,2026-04-30T21:19:26.193904,4.208
2026-04-30T21:18:26.896758,44.68,0.0783,47.65,0.0874,1000.0,0.0,4.199,93.4,98,0,60.0,2026-04-30T21:19:26.896450,4.208
2026-04-30T21:18:27.112082,44.68,0.0783,47.66,0.0883,1000.0,0.0,4.199,93.4,98,0,60.0,2026-04-30T21:19:27.111448,4.208
2026-04-30T21:18:27.458427,44.68,0.0783,47.67,0.0887,1000.0,0.0,4.199,93.4,98,0,60.0,2026-04-30T21:19:27.457958,4.208
2026-04-30T21:18:27.940447,44.76,0.065,47.7,0.0842,1000.0,0.0,4.199,93.4,98,0,60.0,2026-04-30T21:19:27.940232,4.208
2026-04-30T21:18:28.040301,44.76,0.065,47.72,0.0808,1000.0,0.0,4.199,93.4,98,0,60.0,2026-04-30T21:19:28.040027,4.208
2026-04-30T21:18:28.920215,44.76,0.065,47.75,0.0787,1000.0,0.0,4.199,93.4,98,0,60.0,2026-04-30T21:19:28.918781,4.208
2026-04-30T21:18:29.087948,44.81,0.0709,47.77,0.0784,1000.0,0.0,4.199,93.3,98,0,60.0,2026-04-30T21:19:29.087757,4.208
2026-04-30T21:18:29.185637,44.81,0.0709,47.78,0.0798,1000.0,0.0,4.199,93.3,98,0,60.0,2026-04-30T21:19:29.185354,4.208
2026-04-30T21:18:29.991010,44.87,0.0709,47.81,0.0809,1000.0,0.0,4.199,93.3,98,0,60.0,2026-04-30T21:19:29.990771,4.208
2026-04-30T21:18:30.093392,44.87,0.0709,47.83,0.0813,1000.0,0.0,4.199,93.3,98,0,60.0,2026-04-30T21:19:30.092977,4.208
2026-04-30T21:18:30.204947,44.87,0.0709,47.84,0.0815,1000.0,0.0,4.199,93.3,98,0,60.0,2026-04-30T21:19:30.204509,4.208
2026-04-30T21:18:31.218180,44.94,0.0589,47.89,0.0797,1000.0,0.0,4.199,93.3,98,0,60.0,2026-04-30T21:19:31.217853,4.208
2026-04-30T21:18:31.516036,44.94,0.0658,47.9,0.0776,1000.0,0.0,4.199,93.3,98,0,60.0,2026-04-30T21:19:31.511879,4.208
2026-04-30T21:18:31.821799,44.94,0.0658,47.92,0.0772,1000.0,0.0,4.199,93.3,98,0,60.0,2026-04-30T21:19:31.821419,4.208
2026-04-30T21:18:32.125490,45.01,0.0658,47.95,0.0762,1000.0,0.0,4.199,93.3,98,0,60.0,2026-04-30T21:19:32.124974,4.208
2026-04-30T21:18:32.268346,45.01,0.0734,47.97,0.0796,1000.0,0.0,4.199,93.3,98,0,60.0,2026-04-30T21:19:32.267928,4.208
2026-04-30T21:18:32.550956,45.01,0.0734,47.98,0.0814,1000.0,0.0,4.199,93.3,98,0,60.0,2026-04-30T21:19:32.550434,4.208
2026-04-30T21:18:33.187298,45.08,0.0734,48.03,0.0832,1000.0,0.0,4.199,93.3,98,0,60.0,2026-04-30T21:19:33.186879,4.208
2026-04-30T21:18:33.288208,45.08,0.0734,48.04,0.0837,1000.0,0.0,4.199,93.3,98,0,60.0,2026-04-30T21:19:33.287853,4.208
2026-04-30T21:18:34.155887,45.08,0.0734,48.08,0.0842,1000.0,0.0,4.199,93.3,98,0,60.0,2026-04-30T21:19:34.155718,4.208
2026-04-30T21:18:34.220177,45.17,0.0742,48.11,0.0834,1000.0,0.0,4.199,93.2,98,0,60.0,2026-04-30T21:19:34.219995,4.208
2026-04-30T21:18:34.295388,45.17,0.0742,48.12,0.0841,1000.0,0.0,4.199,93.2,98,0,60.0,2026-04-30T21:19:34.295222,4.208
2026-04-30T21:18:35.226186,45.21,0.0742,48.17,0.0848,1000.0,0.0,4.199,93.2,98,0,60.0,2026-04-30T21:19:35.225917,4.208
2026-04-30T21:18:35.352344,45.21,0.0742,48.17,0.0841,1000.0,0.0,4.199,93.2,98,0,60.0,2026-04-30T21:19:35.352028,4.208
2026-04-30T21:18:35.491528,45.21,0.0742,48.18,0.0846,1000.0,0.0,4.199,93.2,98,0,60.0,2026-04-30T21:19:35.491214,4.208
2026-04-30T21:18:36.423604,45.3,0.0709,48.23,0.0846,1000.0,0.0,4.199,93.2,98,0,60.0,2026-04-30T21:19:36.423072,4.208
2026-04-30T21:18:36.652681,45.3,0.0709,48.25,0.0833,1000.0,0.0,4.199,93.2,98,0,60.0,2026-04-30T21:19:36.652165,4.208
2026-04-30T21:18:36.933688,45.3,0.0709,48.27,0.0827,1000.0,0.0,4.199,93.2,98,0,60.0,2026-04-30T21:19:36.932990,4.208
2026-04-30T21:18:37.584458,45.34,0.0648,48.3,0.0807,1000.0,0.0,4.199,93.2,99,0,60.0,2026-04-30T21:19:37.584141,4.208
2026-04-30T21:18:37.724135,45.34,0.0648,48.31,0.0785,1000.0,0.0,4.199,93.2,99,0,60.0,2026-04-30T21:19:37.723741,4.208
2026-04-30T21:18:37.924214,45.34,0.0648,48.32,0.0775,1000.0,0.0,4.199,93.2,99,0,60.0,2026-04-30T21:19:37.923448,4.208
2026-04-30T21:18:38.392217,45.39,0.0648,48.35,0.0766,1000.0,0.0,4.199,93.2,99,0,60.0,2026-04-30T21:19:38.391991,4.208
2026-04-30T21:18:38.489216,45.39,0.0648,48.35,0.0763,1000.0,0.0,4.199,93.2,99,0,60.0,2026-04-30T21:19:38.488977,4.208
2026-04-30T21:18:39.387374,45.39,0.0648,48.39,0.0762,1000.0,0.0,4.199,93.2,99,0,60.0,2026-04-30T21:19:39.387186,4.208
2026-04-30T21:18:39.468564,45.43,0.0769,48.4,0.0784,1000.0,0.0,4.199,93.1,99,0,60.0,2026-04-30T21:19:39.468342,4.208
2026-04-30T21:18:39.567799,45.43,0.0769,48.4,0.0822,1000.0,0.0,4.199,93.1,99,0,60.0,2026-04-30T21:19:39.567557,4.208
2026-04-30T21:18:40.448170,45.5,0.0769,48.44,0.0853,1000.0,0.0,4.199,93.1,99,0,60.0,2026-04-30T21:19:40.447935,4.208
2026-04-30T21:18:40.520518,45.5,0.0769,48.46,0.0867,1000.0,0.0,4.199,93.1,99,0,60.0,2026-04-30T21:19:40.520314,4.208
2026-04-30T21:18:40.591885,45.5,0.0769,48.47,0.0873,1000.0,0.0,4.199,93.1,99,0,60.0,2026-04-30T21:19:40.591722,4.208
2026-04-30T21:18:41.657049,45.55,0.0716,48.5,0.087,1000.0,0.0,4.199,93.1,98,0,60.0,2026-04-30T21:19:41.656109,4.208
2026-04-30T21:18:41.889738,45.55,0.0716,48.52,0.0844,1000.0,0.0,4.199,93.1,98,0,60.0,2026-04-30T21:19:41.889192,4.208
2026-04-30T21:18:42.145785,45.55,0.0716,48.52,0.0837,1000.0,0.0,4.199,93.1,98,0,60.0,2026-04-30T21:19:42.144832,4.208
2026-04-30T21:18:42.618024,45.61,0.0675,48.55,0.0823,1000.0,0.0,4.199,93.1,98,0,60.0,2026-04-30T21:19:42.617660,4.208
2026-04-30T21:18:42.770648,45.61,0.0869,48.57,0.0891,1000.0,0.0,4.199,93.1,98,0,60.0,2026-04-30T21:19:42.770299,4.208
2026-04-30T21:18:43.003485,45.61,0.0869,48.58,0.0926,1000.0,0.0,4.199,93.1,98,0,60.0,2026-04-30T21:19:43.002998,4.208
2026-04-30T21:18:43.645809,45.64,0.0869,48.6,0.0958,1000.0,0.0,4.199,93.1,98,0,60.0,2026-04-30T21:19:43.645565,4.208
2026-04-30T21:18:43.751112,45.64,0.0869,48.6,0.0969,1000.0,0.0,4.199,93.1,98,0,60.0,2026-04-30T21:19:43.750837,4.208
2026-04-30T21:18:44.627597,45.64,0.0869,48.63,0.0976,1000.0,0.0,4.199,93.1,98,0,60.0,2026-04-30T21:19:44.627391,4.208
2026-04-30T21:18:44.701791,45.7,0.07,48.65,0.0891,1000.0,0.0,4.199,93.0,98,0,60.0,2026-04-30T21:19:44.701598,4.208
2026-04-30T21:18:44.774986,45.7,0.07,48.65,0.086,1000.0,0.0,4.199,93.0,98,0,60.0,2026-04-30T21:19:44.774795,4.208
2026-04-30T21:18:45.682302,45.74,0.07,48.69,0.0837,1000.0,0.0,4.199,93.0,98,0,60.0,2026-04-30T21:19:45.681847,4.208
2026-04-30T21:18:45.743947,45.74,0.0844,48.7,0.0862,1000.0,0.0,4.199,93.0,98,0,60.0,2026-04-30T21:19:45.743767,4.208
2026-04-30T21:18:45.806634,45.74,0.0844,48.7,0.0897,1000.0,0.0,4.199,93.0,98,0,60.0,2026-04-30T21:19:45.806443,4.208
2026-04-30T21:18:46.738922,45.8,0.0844,48.74,0.0931,1000.0,0.0,4.199,93.0,98,0,60.0,2026-04-30T21:19:46.738692,4.208
2026-04-30T21:18:47.291423,45.8,0.0844,48.75,0.0943,1000.0,0.0,4.199,93.0,98,0,60.0,2026-04-30T21:19:47.271665,4.208
2026-04-30T21:18:47.718505,45.8,0.0844,48.78,0.0952,1000.0,0.0,4.199,93.0,98,0,60.0,2026-04-30T21:19:47.718231,4.208
2026-04-30T21:18:47.851658,45.85,0.0666,48.79,0.0918,1000.0,0.0,4.199,93.0,98,0,60.0,2026-04-30T21:19:47.851313,4.208
2026-04-30T21:18:48.031060,45.85,0.0861,48.8,0.094,1000.0,0.0,4.199,93.0,98,0,60.0,2026-04-30T21:19:48.030351,4.208
2026-04-30T21:18:48.157041,45.85,0.0861,48.81,0.0953,1000.0,0.0,4.199,93.0,98,0,60.0,2026-04-30T21:19:48.156443,4.208
2026-04-30T21:18:48.865244,45.88,0.0861,48.84,0.0932,1000.0,0.0,4.199,93.0,98,0,60.0,2026-04-30T21:19:48.864958,4.208
2026-04-30T21:18:49.046333,45.88,0.0861,48.84,0.0949,1000.0,0.0,4.199,93.0,98,0,60.0,2026-04-30T21:19:49.025352,4.208
2026-04-30T21:18:49.861544,45.88,0.0861,48.88,0.0963,1000.0,0.0,4.199,93.0,98,0,60.0,2026-04-30T21:19:49.861362,4.208
2026-04-30T21:18:49.924601,45.91,0.0759,48.88,0.0926,1000.0,0.0,4.199,93.0,98,0,60.0,2026-04-30T21:19:49.924432,4.208
2026-04-30T21:18:49.986280,45.91,0.0759,48.88,0.0906,1000.0,0.0,4.199,93.0,98,0,60.0,2026-04-30T21:19:49.986098,4.208
2026-04-30T21:18:50.920519,45.96,0.0759,48.91,0.089,1000.0,0.0,4.199,93.0,98,0,60.0,2026-04-30T21:19:50.918671,4.208
2026-04-30T21:18:51.159078,45.96,0.0751,48.92,0.0877,1000.0,0.0,4.199,93.0,98,0,60.0,2026-04-30T21:19:51.127797,4.208
2026-04-30T21:18:51.344648,45.96,0.0751,48.93,0.0872,1000.0,0.0,4.199,93.0,99,0,60.0,2026-04-30T21:19:51.344281,4.208
2026-04-30T21:18:52.058495,46.0,0.0684,48.96,0.0859,1000.0,0.0,4.199,92.9,99,0,60.0,2026-04-30T21:19:52.057788,4.208
2026-04-30T21:18:52.235939,46.0,0.0684,48.97,0.0828,1000.0,0.0,4.199,92.9,99,0,60.0,2026-04-30T21:19:52.235609,4.208
2026-04-30T21:18:52.392266,46.0,0.0684,48.97,0.0815,1000.0,0.0,4.199,92.9,99,0,60.0,2026-04-30T21:19:52.391871,4.208
2026-04-30T21:18:53.204413,46.04,0.0667,49.0,0.0801,1000.0,0.0,4.199,92.9,99,0,60.0,2026-04-30T21:19:53.203818,4.208
2026-04-30T21:18:53.355435,46.04,0.0751,49.01,0.0831,1000.0,0.0,4.199,92.9,99,0,60.0,2026-04-30T21:19:53.354881,4.208
2026-04-30T21:18:53.494250,46.04,0.0751,49.01,0.0845,1000.0,0.0,4.199,92.9,99,0,60.0,2026-04-30T21:19:53.493980,4.208
2026-04-30T21:18:54.119014,46.1,0.0751,49.05,0.0857,1000.0,0.0,4.199,92.9,99,0,60.0,2026-04-30T21:19:54.118776,4.208
2026-04-30T21:18:54.227705,46.1,0.0751,49.05,0.086,1000.0,0.0,4.199,92.9,99,0,60.0,2026-04-30T21:19:54.227415,4.208
2026-04-30T21:18:55.105033,46.1,0.0751,49.09,0.0864,1000.0,0.0,4.199,92.9,99,0,60.0,2026-04-30T21:19:55.104780,4.208
2026-04-30T21:18:55.205656,46.17,0.0785,49.11,0.087,1000.0,0.0,4.199,92.9,99,0,60.0,2026-04-30T21:19:55.205322,4.208
2026-04-30T21:18:55.330359,46.17,0.0785,49.12,0.0882,1000.0,0.0,4.199,92.9,99,0,60.0,2026-04-30T21:19:55.329854,4.208
2026-04-30T21:18:56.154079,46.23,0.0785,49.16,0.0891,1000.0,0.0,4.199,92.9,99,0,60.0,2026-04-30T21:19:56.153879,4.208
2026-04-30T21:18:56.227293,46.23,0.0844,49.18,0.091,1000.0,0.0,4.199,92.9,99,0,60.0,2026-04-30T21:19:56.227108,4.208
2026-04-30T21:18:56.321082,46.23,0.0844,49.18,0.0928,1000.0,0.0,4.199,92.9,99,0,60.0,2026-04-30T21:19:56.320864,4.208
2026-04-30T21:18:57.322766,46.29,0.0844,49.23,0.0946,1000.0,0.0,4.199,92.8,98,0,60.0,2026-04-30T21:19:57.322354,4.208
2026-04-30T21:18:57.482789,46.29,0.0844,49.25,0.0953,1000.0,0.0,4.199,92.8,98,0,60.0,2026-04-30T21:19:57.482364,4.208
2026-04-30T21:18:57.683271,46.29,0.0844,49.25,0.0955,1000.0,0.0,4.199,92.8,98,0,60.0,2026-04-30T21:19:57.683012,4.208
2026-04-30T21:18:58.296891,46.37,0.0711,49.3,0.0924,1000.0,0.0,4.199,92.8,98,0,60.0,2026-04-30T21:19:58.296482,4.208
2026-04-30T21:18:58.413121,46.37,0.0877,49.31,0.0954,1000.0,0.0,4.199,92.8,98,0,60.0,2026-04-30T21:19:58.412733,4.208
2026-04-30T21:18:58.654905,46.37,0.0877,49.33,0.0969,1000.0,0.0,4.199,92.8,98,0,60.0,2026-04-30T21:19:58.654441,4.208
2026-04-30T21:18:59.366009,46.43,0.0877,49.37,0.0943,1000.0,0.0,4.199,92.8,99,0,60.0,2026-04-30T21:19:59.365699,4.208
2026-04-30T21:18:59.472991,46.43,0.0877,49.39,0.0965,1000.0,0.0,4.199,92.8,99,0,60.0,2026-04-30T21:19:59.472725,4.208
2026-04-30T21:19:00.335550,46.43,0.0877,49.42,0.0979,1000.0,0.0,4.199,92.8,99,0,60.0,2026-04-30T21:20:00.335344,4.208
2026-04-30T21:19:00.409029,46.5,0.07,49.45,0.091,1000.0,0.0,4.199,92.8,99,0,60.0,2026-04-30T21:20:00.408857,4.208
2026-04-30T21:19:00.482183,46.5,0.07,49.45,0.0873,1000.0,0.0,4.199,92.8,99,0,60.0,2026-04-30T21:20:00.481921,4.208
2026-04-30T21:19:01.391829,46.57,0.07,49.5,0.0845,1000.0,0.0,4.199,92.8,99,0,60.0,2026-04-30T21:20:01.391633,4.208
2026-04-30T21:19:01.479819,46.57,0.0751,49.51,0.0841,1000.0,0.0,4.199,92.8,99,0,60.0,2026-04-30T21:20:01.479382,4.208
2026-04-30T21:19:01.796262,46.57,0.0751,49.52,0.0852,1000.0,0.0,4.199,92.8,99,0,60.0,2026-04-30T21:20:01.795929,4.208
2026-04-30T21:19:02.450604,46.64,0.0675,49.56,0.085,1000.0,0.0,4.199,92.7,99,0,60.0,2026-04-30T21:20:02.450348,4.208
2026-04-30T21:19:02.555635,46.64,0.0751,49.57,0.0852,1000.0,0.0,4.199,92.7,99,0,60.0,2026-04-30T21:20:02.555258,4.208
2026-04-30T21:19:02.826318,46.64,0.0751,49.59,0.0858,1000.0,0.0,4.199,92.7,99,0,60.0,2026-04-30T21:20:02.823991,4.208
2026-04-30T21:19:03.517154,46.69,0.0675,49.62,0.0844,1000.0,0.0,4.199,92.7,99,0,60.0,2026-04-30T21:20:03.516865,4.208
2026-04-30T21:19:03.621878,46.69,0.0733,49.63,0.0846,1000.0,0.0,4.199,92.7,99,0,60.0,2026-04-30T21:20:03.621631,4.208
2026-04-30T21:19:03.821667,46.69,0.0733,49.64,0.0848,1000.0,0.0,4.199,92.7,99,0,60.0,2026-04-30T21:20:03.821311,4.208
2026-04-30T21:19:04.646577,46.73,0.0733,49.68,0.0849,1000.0,0.0,4.199,92.7,99,0,60.0,2026-04-30T21:20:04.646003,4.208
2026-04-30T21:19:04.822798,46.73,0.0733,49.68,0.085,1000.0,0.0,4.199,92.7,99,0,60.0,2026-04-30T21:20:04.819525,4.208
2026-04-30T21:19:05.572373,46.73,0.0733,49.71,0.0851,1000.0,0.0,4.199,92.7,99,0,60.0,2026-04-30T21:20:05.572178,4.208
2026-04-30T21:19:05.656868,46.8,0.07,49.73,0.0831,1000.0,0.0,4.199,92.7,99,0,60.0,2026-04-30T21:20:05.656672,4.208
2026-04-30T21:19:05.749975,46.8,0.07,49.74,0.0825,1000.0,0.0,4.199,92.7,99,0,60.0,2026-04-30T21:20:05.749689,4.208
2026-04-30T21:19:06.683117,46.86,0.07,49.79,0.0823,1000.0,0.0,4.199,92.7,99,0,60.0,2026-04-30T21:20:06.682824,4.208
2026-04-30T21:19:06.886390,46.86,0.0776,49.8,0.0843,1000.0,0.0,4.199,92.7,99,0,60.0,2026-04-30T21:20:06.885985,4.208
2026-04-30T21:19:07.156682,46.86,0.0776,49.82,0.0867,1000.0,0.0,4.199,92.7,99,0,60.0,2026-04-30T21:20:07.156155,4.208
2026-04-30T21:19:07.685422,46.93,0.0776,49.85,0.0881,1000.0,0.0,4.199,92.6,99,0,60.0,2026-04-30T21:20:07.685220,4.208
2026-04-30T21:19:07.760247,46.93,0.0776,49.87,0.0887,1000.0,0.0,4.199,92.6,99,0,60.0,2026-04-30T21:20:07.759993,4.208
2026-04-30T21:19:07.861326,46.93,0.0776,49.87,0.0889,1000.0,0.0,4.199,92.6,99,0,60.0,2026-04-30T21:20:07.861081,4.208
2026-04-30T21:19:08.760822,46.99,0.0751,49.92,0.0885,1000.0,0.0,4.199,92.6,99,0,60.0,2026-04-30T21:20:08.760570,4.208
2026-04-30T21:19:08.865371,46.99,0.081,49.94,0.0905,1000.0,0.0,4.199,92.6,99,0,60.0,2026-04-30T21:20:08.865126,4.208
2026-04-30T21:19:09.035301,46.99,0.081,49.94,0.0914,1000.0,0.0,4.199,92.6,99,0,60.0,2026-04-30T21:20:09.007384,4.208
2026-04-30T21:19:09.796792,47.06,0.081,49.99,0.0915,1000.0,0.0,4.199,92.6,99,0,60.0,2026-04-30T21:20:09.796495,4.208
2026-04-30T21:19:09.891867,47.06,0.081,50.0,0.092,1000.0,0.0,4.199,92.6,99,0,60.0,2026-04-30T21:20:09.891631,4.208
2026-04-30T21:19:10.802380,47.06,0.081,50.04,0.0925,1000.0,0.0,4.199,92.6,99,0,60.0,2026-04-30T21:20:10.802183,4.208
2026-04-30T21:19:10.870075,47.12,0.0802,50.05,0.0923,1000.0,0.0,4.199,92.6,99,0,60.0,2026-04-30T21:20:10.869891,4.208
2026-04-30T21:19:10.944796,47.12,0.0802,50.06,0.0922,1000.0,0.0,4.199,92.6,99,0,60.0,2026-04-30T21:20:10.944617,4.208
2026-04-30T21:19:11.856400,47.19,0.0802,50.11,0.0922,1000.0,0.0,4.199,92.5,99,0,60.0,2026-04-30T21:20:11.856224,4.208
2026-04-30T21:19:11.919765,47.19,0.092,50.12,0.0911,1000.0,0.0,4.199,92.5,99,0,60.0,2026-04-30T21:20:11.919600,4.208
2026-04-30T21:19:11.988838,47.19,0.092,50.13,0.0958,1000.0,0.0,4.199,92.5,99,0,60.0,2026-04-30T21:20:11.988659,4.208
2026-04-30T21:19:12.938455,47.24,0.0567,50.18,0.0947,1000.0,0.0,4.199,92.5,99,0,60.0,2026-04-30T21:20:12.936532,4.208
2026-04-30T21:19:13.251899,47.24,0.092,50.19,0.0972,1000.0,0.0,4.199,92.5,99,0,60.0,2026-04-30T21:20:13.236190,4.208
2026-04-30T21:19:13.472687,47.24,0.092,50.2,0.1005,1000.0,0.0,4.199,92.5,99,0,60.0,2026-04-30T21:20:13.472145,4.208
2026-04-30T21:19:13.982147,47.27,0.0683,50.22,0.0967,1000.0,0.0,4.199,92.5,99,0,60.0,2026-04-30T21:20:13.981903,4.208
2026-04-30T21:19:14.078557,47.27,0.0769,50.22,0.0935,1000.0,0.0,4.199,92.5,99,0,60.0,2026-04-30T21:20:14.078222,4.208
2026-04-30T21:19:14.240042,47.27,0.0769,50.23,0.0919,1000.0,0.0,4.199,92.5,99,0,60.0,2026-04-30T21:20:14.239668,4.208
2026-04-30T21:19:15.177762,47.32,0.0769,50.27,0.0901,1000.0,0.0,4.199,92.5,98,0,60.0,2026-04-30T21:20:15.177474,4.208
2026-04-30T21:19:15.322075,47.32,0.0769,50.27,0.0896,1000.0,0.0,4.199,92.5,98,0,60.0,2026-04-30T21:20:15.321553,4.208
2026-04-30T21:19:16.037888,47.32,0.0769,50.3,0.0893,1000.0,0.0,4.199,92.5,98,0,60.0,2026-04-30T21:20:16.037702,4.208
2026-04-30T21:19:16.110952,47.37,0.0769,50.31,0.0887,1000.0,0.0,4.199,92.5,98,0,60.0,2026-04-30T21:20:16.110757,4.208
2026-04-30T21:19:16.203443,47.37,0.0769,50.32,0.0888,1000.0,0.0,4.199,92.5,98,0,60.0,2026-04-30T21:20:16.203168,4.208
2026-04-30T21:19:17.111020,47.42,0.0769,50.36,0.0889,1000.0,0.0,4.199,92.5,98,0,60.0,2026-04-30T21:20:17.110771,4.208
2026-04-30T21:19:17.219168,47.42,0.0886,50.37,0.0918,1000.0,0.0,4.199,92.5,98,0,60.0,2026-04-30T21:20:17.218849,4.208
2026-04-30T21:19:17.494202,47.42,0.0886,50.38,0.0954,1000.0,0.0,4.199,92.5,98,0,60.0,2026-04-30T21:20:17.479288,4.208
2026-04-30T21:19:18.169920,47.46,0.0886,50.41,0.0984,1000.0,0.0,4.199,92.5,98,0,60.0,2026-04-30T21:20:18.169687,4.208
2026-04-30T21:19:18.428399,47.46,0.0886,50.42,0.0994,1000.0,0.0,4.199,92.5,98,0,60.0,2026-04-30T21:20:18.428007,4.208
2026-04-30T21:19:18.568308,47.46,0.0886,50.42,0.1,1000.0,0.0,4.199,92.5,98,0,60.0,2026-04-30T21:20:18.567899,4.208
2026-04-30T21:19:19.250054,47.51,0.0711,50.45,0.0959,1000.0,0.0,4.199,92.4,98,0,60.0,2026-04-30T21:20:19.249791,4.208
2026-04-30T21:19:19.396811,47.51,0.0717,50.46,0.0905,1000.0,0.0,4.199,92.4,98,0,60.0,2026-04-30T21:20:19.396409,4.208
2026-04-30T21:19:19.739053,47.51,0.0717,50.47,0.0877,1000.0,0.0,4.199,92.4,98,0,60.0,2026-04-30T21:20:19.738602,4.208
2026-04-30T21:19:20.267747,47.58,0.0877,50.51,0.0873,1000.0,0.0,4.199,92.4,98,0,60.0,2026-04-30T21:20:20.267541,4.208
2026-04-30T21:19:20.360213,47.58,0.0877,50.52,0.0923,1000.0,0.0,4.199,92.4,98,0,60.0,2026-04-30T21:20:20.359971,4.208
2026-04-30T21:19:21.268334,47.58,0.0877,50.56,0.0958,1000.0,0.0,4.199,92.4,98,0,60.0,2026-04-30T21:20:21.268137,4.208
2026-04-30T21:19:21.339368,47.62,0.0877,50.56,0.0979,1000.0,0.0,4.199,92.4,98,0,60.0,2026-04-30T21:20:21.339193,4.208
2026-04-30T21:19:21.413307,47.62,0.0877,50.56,0.0987,1000.0,0.0,4.199,92.4,98,0,60.0,2026-04-30T21:20:21.413031,4.208
2026-04-30T21:19:22.331887,47.66,0.0877,50.6,0.0994,1000.0,0.0,4.199,92.4,98,0,60.0,2026-04-30T21:20:22.331598,4.208
2026-04-30T21:19:22.416265,47.66,0.0835,50.6,0.0947,1000.0,0.0,4.199,92.4,98,0,60.0,2026-04-30T21:20:22.416046,4.208
2026-04-30T21:19:22.516265,47.66,0.0835,50.6,0.095,1000.0,0.0,4.199,92.4,98,0,60.0,2026-04-30T21:20:22.515964,4.208
2026-04-30T21:19:23.469057,47.71,0.0693,50.64,0.0931,1000.0,0.0,4.199,92.4,98,0,60.0,2026-04-30T21:20:23.467243,4.209
2026-04-30T21:19:23.679937,47.71,0.0835,50.65,0.0944,1000.0,0.0,4.199,92.4,98,0,60.0,2026-04-30T21:20:23.679566,4.209
2026-04-30T21:19:23.822792,47.71,0.0835,50.66,0.0949,1000.0,0.0,4.199,92.4,98,0,60.0,2026-04-30T21:20:23.822438,4.209
2026-04-30T21:19:24.467891,47.77,0.0827,50.69,0.0952,1000.0,0.0,4.199,92.4,98,0,60.0,2026-04-30T21:20:24.467584,4.209
2026-04-30T21:19:24.604382,47.77,0.0827,50.7,0.095,1000.0,0.0,4.199,92.4,98,0,60.0,2026-04-30T21:20:24.603842,4.209
2026-04-30T21:19:24.751768,47.77,0.0827,50.71,0.0949,1000.0,0.0,4.199,92.4,98,0,60.0,2026-04-30T21:20:24.751400,4.209
2026-04-30T21:19:25.503221,47.8,0.0896,50.74,0.094,1000.0,0.0,4.199,92.4,98,0,60.0,2026-04-30T21:20:25.503021,4.209
2026-04-30T21:19:25.604816,47.8,0.0896,50.75,0.0971,1000.0,0.0,4.199,92.3,98,0,60.0,2026-04-30T21:20:25.604577,4.209
2026-04-30T21:19:26.504052,47.8,0.0896,50.78,0.0993,1000.0,0.0,4.199,92.3,98,0,60.0,2026-04-30T21:20:26.503891,4.209
2026-04-30T21:19:26.569921,47.85,0.0896,50.79,0.0978,1000.0,0.0,4.199,92.3,98,0,60.0,2026-04-30T21:20:26.569746,4.209
2026-04-30T21:19:26.642472,47.85,0.0896,50.79,0.0993,1000.0,0.0,4.199,92.3,98,0,60.0,2026-04-30T21:20:26.642254,4.209
2026-04-30T21:19:27.567687,47.93,0.0896,50.84,0.1007,1000.0,0.0,4.199,92.3,98,0,60.0,2026-04-30T21:20:27.567478,4.209
2026-04-30T21:19:27.641162,47.93,0.0877,50.86,0.0983,1000.0,0.0,4.199,92.3,98,0,60.0,2026-04-30T21:20:27.640988,4.209
2026-04-30T21:19:27.721267,47.93,0.0877,50.87,0.099,1000.0,0.0,4.199,92.3,98,0,60.0,2026-04-30T21:20:27.721036,4.209
2026-04-30T21:19:28.712002,47.99,0.0877,50.91,0.0996,1000.0,0.0,4.199,92.3,98,0,60.0,2026-04-30T21:20:28.711575,4.209
2026-04-30T21:19:28.898891,47.99,0.0877,50.92,0.0998,1000.0,0.0,4.199,92.3,98,0,60.0,2026-04-30T21:20:28.898557,4.209
2026-04-30T21:19:29.208851,47.99,0.0877,50.93,0.0999,1000.0,0.0,4.199,92.3,98,0,60.0,2026-04-30T21:20:29.208286,4.209
2026-04-30T21:19:29.736964,48.05,0.0778,50.97,0.0975,1000.0,0.0,4.199,92.3,98,0,60.0,2026-04-30T21:20:29.736650,4.209
2026-04-30T21:19:29.870907,48.05,0.0785,50.98,0.0945,1000.0,0.0,4.199,92.3,98,0,60.0,2026-04-30T21:20:29.870510,4.209
2026-04-30T21:19:30.585056,48.05,0.0785,51.0,0.0926,1000.0,0.0,4.199,92.3,98,0,60.0,2026-04-30T21:20:30.584507,4.209
2026-04-30T21:19:30.918717,48.08,0.0894,51.02,0.0928,1000.0,0.0,4.199,92.2,98,0,60.0,2026-04-30T21:20:30.918381,4.209
2026-04-30T21:19:31.225411,48.08,0.0894,51.03,0.0968,1000.0,0.0,4.199,92.2,98,0,60.0,2026-04-30T21:20:31.214644,4.209
2026-04-30T21:19:31.751368,48.08,0.0894,51.05,0.0992,1000.0,0.0,4.199,92.2,98,0,60.0,2026-04-30T21:20:31.751044,4.209
2026-04-30T21:19:31.825117,48.13,0.0894,51.06,0.1005,1000.0,0.0,4.199,92.2,98,0,60.0,2026-04-30T21:20:31.824900,4.209
2026-04-30T21:19:31.923260,48.13,0.0894,51.07,0.101,1000.0,0.0,4.199,92.2,98,0,60.0,2026-04-30T21:20:31.923019,4.209
2026-04-30T21:19:32.801909,48.17,0.0894,51.1,0.1015,1000.0,0.0,4.199,92.2,98,0,60.0,2026-04-30T21:20:32.801711,4.209
2026-04-30T21:19:32.874016,48.17,0.0937,51.11,0.1007,1000.0,0.0,4.199,92.2,98,0,60.0,2026-04-30T21:20:32.873815,4.209
2026-04-30T21:19:32.991540,48.17,0.0937,51.11,0.1027,1000.0,0.0,4.199,92.2,98,0,60.0,2026-04-30T21:20:32.977520,4.209
2026-04-30T21:19:33.858241,48.24,0.0783,51.16,0.1023,1000.0,0.0,4.199,92.2,98,0,60.0,2026-04-30T21:20:33.858043,4.209
2026-04-30T21:19:33.932273,48.24,0.0937,51.17,0.1029,1000.0,0.0,4.199,92.2,98,0,60.0,2026-04-30T21:20:33.932067,4.209
2026-04-30T21:19:34.030387,48.24,0.0937,51.18,0.104,1000.0,0.0,4.199,92.2,98,0,60.0,2026-04-30T21:20:34.030119,4.209
2026-04-30T21:19:34.913523,48.26,0.0818,51.21,0.102,1000.0,0.0,4.199,92.2,98,0,60.0,2026-04-30T21:20:34.913202,4.209
2026-04-30T21:19:35.320026,48.26,0.0818,51.22,0.0982,1000.0,0.0,4.199,92.2,98,0,60.0,2026-04-30T21:20:35.319466,4.209
2026-04-30T21:19:35.453350,48.26,0.0818,51.22,0.0964,1000.0,0.0,4.199,92.2,98,0,60.0,2026-04-30T21:20:35.452924,4.209
2026-04-30T21:19:35.984382,48.32,0.0841,51.25,0.0949,1000.0,0.0,4.199,92.2,98,0,60.0,2026-04-30T21:20:35.984147,4.209
2026-04-30T21:19:36.084607,48.32,0.0841,51.26,0.0955,1000.0,0.0,4.199,92.2,98,0,60.0,2026-04-30T21:20:36.084327,4.209
2026-04-30T21:19:37.075521,48.32,0.0841,51.29,0.0961,1000.0,0.0,4.199,92.2,98,0,60.0,2026-04-30T21:20:37.062316,4.209
2026-04-30T21:19:37.343372,48.37,0.0852,51.31,0.0961,1000.0,0.0,4.199,92.1,98,0,60.0,2026-04-30T21:20:37.342561,4.209
2026-04-30T21:19:37.458682,48.37,0.0852,51.32,0.0967,1000.0,0.0,4.199,92.1,98,0,60.0,2026-04-30T21:20:37.458409,4.209
2026-04-30T21:19:38.029184,48.45,0.0852,51.35,0.0973,1000.0,0.0,4.199,92.1,98,0,60.0,2026-04-30T21:20:38.029007,4.209
2026-04-30T21:19:38.092724,48.45,0.0894,51.37,0.0985,1000.0,0.0,4.199,92.1,98,0,60.0,2026-04-30T21:20:38.092521,4.209
2026-04-30T21:19:38.161704,48.45,0.0894,51.37,0.0997,1000.0,0.0,4.199,92.1,98,0,60.0,2026-04-30T21:20:38.161539,4.209
2026-04-30T21:19:39.235127,48.49,0.0894,51.42,0.101,1000.0,0.0,4.199,92.1,98,0,60.0,2026-04-30T21:20:39.234733,4.209
2026-04-30T21:19:39.560314,48.49,0.0894,51.43,0.1015,1000.0,0.0,4.199,92.1,98,0,60.0,2026-04-30T21:20:39.560005,4.209
2026-04-30T21:19:39.899803,48.49,0.0894,51.44,0.1017,1000.0,0.0,4.199,92.1,98,0,60.0,2026-04-30T21:20:39.899430,4.209
2026-04-30T21:19:40.182248,48.55,0.0769,51.46,0.0991,1000.0,0.0,4.199,92.1,98,0,60.0,2026-04-30T21:20:40.181816,4.209
2026-04-30T21:19:40.309329,48.55,0.0861,51.48,0.0989,1000.0,0.0,4.199,92.1,98,0,60.0,2026-04-30T21:20:40.308881,4.209
2026-04-30T21:19:40.486109,48.55,0.0861,51.49,0.0988,1000.0,0.0,4.199,92.1,98,0,60.0,2026-04-30T21:20:40.485718,4.209
2026-04-30T21:19:41.324097,48.61,0.0861,51.54,0.0972,1000.0,0.0,4.199,92.1,99,0,60.0,2026-04-30T21:20:41.323806,4.209
2026-04-30T21:19:41.434811,48.61,0.0861,51.54,0.0977,1000.0,0.0,4.199,92.1,99,0,60.0,2026-04-30T21:20:41.434542,4.209
2026-04-30T21:19:42.216270,48.61,0.0861,51.58,0.0983,1000.0,0.0,4.199,92.1,99,0,60.0,2026-04-30T21:20:42.216002,4.209
2026-04-30T21:19:42.290068,48.67,0.0827,51.6,0.097,1000.0,0.0,4.199,92.0,99,0,60.0,2026-04-30T21:20:42.289866,4.209
2026-04-30T21:19:42.387873,48.67,0.0827,51.6,0.0962,1000.0,0.0,4.199,92.0,99,0,60.0,2026-04-30T21:20:42.387637,4.209
2026-04-30T21:19:43.264375,48.72,0.0827,51.63,0.0959,1000.0,0.0,4.199,92.0,99,0,60.0,2026-04-30T21:20:43.264166,4.209
2026-04-30T21:19:43.336334,48.72,0.0918,51.64,0.0981,1000.0,0.0,4.199,92.0,99,0,60.0,2026-04-30T21:20:43.336136,4.209
2026-04-30T21:19:43.415469,48.72,0.0918,51.65,0.1004,1000.0,0.0,4.199,92.0,99,0,60.0,2026-04-30T21:20:43.415201,4.209
2026-04-30T21:19:44.352263,48.75,0.0819,51.69,0.1011,1000.0,0.0,4.199,92.0,99,0,60.0,2026-04-30T21:20:44.351923,4.209
2026-04-30T21:19:44.529745,48.75,0.0918,51.69,0.1013,1000.0,0.0,4.199,92.0,99,0,60.0,2026-04-30T21:20:44.529338,4.209
2026-04-30T21:19:44.746405,48.75,0.0918,51.69,0.1026,1000.0,0.0,4.199,92.0,99,0,60.0,2026-04-30T21:20:44.745718,4.209
2026-04-30T21:19:45.394271,48.8,0.0759,51.72,0.0995,1000.0,0.0,4.199,92.0,99,0,60.0,2026-04-30T21:20:45.394042,4.209
2026-04-30T21:19:45.491021,48.8,0.1004,51.73,0.1053,1000.0,0.0,4.199,92.0,99,0,60.0,2026-04-30T21:20:45.490795,4.209
2026-04-30T21:19:45.594515,48.8,0.1004,51.74,0.1081,1000.0,0.0,4.199,92.0,99,0,60.0,2026-04-30T21:20:45.594247,4.209
2026-04-30T21:19:46.455187,48.84,0.1004,51.77,0.1111,1000.0,0.0,4.199,92.0,99,0,60.0,2026-04-30T21:20:46.454944,4.209
2026-04-30T21:19:46.567943,48.84,0.1004,51.78,0.1119,1000.0,0.0,4.199,92.0,99,0,60.0,2026-04-30T21:20:46.567665,4.209
2026-04-30T21:19:47.444446,48.84,0.1004,51.81,0.1125,1000.0,0.0,4.199,92.0,99,0,60.0,2026-04-30T21:20:47.444280,4.209
2026-04-30T21:19:47.510074,48.9,0.0894,51.82,0.1062,1000.0,0.0,4.199,92.0,99,0,60.0,2026-04-30T21:20:47.509900,4.209
2026-04-30T21:19:47.581968,48.9,0.0894,51.82,0.1046,1000.0,0.0,4.199,92.0,99,0,60.0,2026-04-30T21:20:47.581721,4.209
2026-04-30T21:19:48.502670,48.92,0.0894,51.86,0.1034,1000.0,0.0,4.199,92.0,99,0,60.0,2026-04-30T21:20:48.502504,4.209
2026-04-30T21:19:48.574482,48.92,0.0894,51.85,0.1011,1000.0,0.0,4.199,92.0,99,0,60.0,2026-04-30T21:20:48.574309,4.209
2026-04-30T21:19:48.657414,48.92,0.0894,51.85,0.1015,1000.0,0.0,4.199,92.0,99,0,60.0,2026-04-30T21:20:48.657225,4.209
2026-04-30T21:19:49.563327,48.97,0.081,51.89,0.1005,1000.0,0.0,4.199,91.9,99,0,60.0,2026-04-30T21:20:49.562894,4.209
2026-04-30T21:19:49.641696,48.97,0.0909,51.9,0.101,1000.0,0.0,4.199,91.9,99,0,60.0,2026-04-30T21:20:49.641414,4.209
2026-04-30T21:19:49.769579,48.97,0.0909,51.9,0.102,1000.0,0.0,4.199,91.9,99,0,60.0,2026-04-30T21:20:49.769118,4.209
2026-04-30T21:19:50.617469,49.03,0.0909,51.94,0.1029,1000.0,0.0,4.199,91.9,99,0,60.0,2026-04-30T21:20:50.617244,4.209
2026-04-30T21:19:50.709516,49.03,0.0936,51.95,0.1044,1000.0,0.0,4.199,91.9,99,0,60.0,2026-04-30T21:20:50.709251,4.209
2026-04-30T21:19:50.821468,49.03,0.0936,51.96,0.105,1000.0,0.0,4.199,91.9,99,0,60.0,2026-04-30T21:20:50.821167,4.209
2026-04-30T21:19:51.728188,49.07,0.0936,52.0,0.1041,1000.0,0.0,4.199,91.9,99,0,60.0,2026-04-30T21:20:51.727804,4.209
2026-04-30T21:19:51.982295,49.07,0.0936,52.0,0.1051,1000.0,0.0,4.199,91.9,99,0,60.0,2026-04-30T21:20:51.981761,4.209
2026-04-30T21:19:52.685607,49.07,0.0936,52.03,0.1058,1000.0,0.0,4.199,91.9,99,0,60.0,2026-04-30T21:20:52.685386,4.209
2026-04-30T21:19:52.759455,49.11,0.1004,52.04,0.1051,1000.0,0.0,4.199,91.9,99,0,60.0,2026-04-30T21:20:52.759263,4.209
2026-04-30T21:19:52.834024,49.11,0.1004,52.04,0.1082,1000.0,0.0,4.199,91.9,99,0,60.0,2026-04-30T21:20:52.833793,4.209
2026-04-30T21:19:53.737762,49.17,0.1004,52.08,0.1108,1000.0,0.0,4.199,91.9,98,0,60.0,2026-04-30T21:20:53.737583,4.209
2026-04-30T21:19:53.811737,49.17,0.1004,52.09,0.1119,1000.0,0.0,4.199,91.9,98,0,60.0,2026-04-30T21:20:53.811572,4.209
2026-04-30T21:19:53.874246,49.17,0.1004,52.1,0.1124,1000.0,0.0,4.199,91.9,98,0,60.0,2026-04-30T21:20:53.873995,4.209
2026-04-30T21:19:54.798811,49.22,0.081,52.14,0.1098,1000.0,0.0,4.199,91.9,98,0,60.0,2026-04-30T21:20:54.798612,4.209
2026-04-30T21:19:54.887333,49.22,0.0928,52.15,0.1068,1000.0,0.0,4.199,91.9,98,0,60.0,2026-04-30T21:20:54.887090,4.209
2026-04-30T21:19:55.157113,49.22,0.0928,52.16,0.1063,1000.0,0.0,4.199,91.9,98,0,60.0,2026-04-30T21:20:55.156536,4.209
2026-04-30T21:19:55.871136,49.28,0.0852,52.2,0.1033,1000.0,0.0,4.199,91.8,98,0,60.0,2026-04-30T21:20:55.870873,4.209
2026-04-30T21:19:56.055638,49.28,0.0928,52.21,0.1043,1000.0,0.0,4.199,91.8,98,0,60.0,2026-04-30T21:20:56.054974,4.209
2026-04-30T21:19:56.222542,49.28,0.0928,52.22,0.1048,1000.0,0.0,4.199,91.8,98,0,60.0,2026-04-30T21:20:56.222011,4.209
2026-04-30T21:19:56.944693,49.32,0.0972,52.25,0.1042,1000.0,0.0,4.199,91.8,98,0,60.0,2026-04-30T21:20:56.942687,4.209
2026-04-30T21:19:57.204858,49.32,0.0972,52.26,0.1067,1000.0,0.0,4.199,91.8,98,0,60.0,2026-04-30T21:20:57.191802,4.209
2026-04-30T21:19:57.916757,49.32,0.0972,52.29,0.1085,1000.0,0.0,4.199,91.8,98,0,60.0,2026-04-30T21:20:57.916479,4.209
2026-04-30T21:19:57.978637,49.4,0.0972,52.31,0.1093,1000.0,0.0,4.199,91.8,98,0,60.0,2026-04-30T21:20:57.978474,4.209
2026-04-30T21:19:58.038749,49.4,0.0972,52.32,0.1096,1000.0,0.0,4.199,91.8,98,0,60.0,2026-04-30T21:20:58.038600,4.209
2026-04-30T21:19:59.051994,49.45,0.0972,52.36,0.1099,1000.0,0.0,4.199,91.8,98,0,60.0,2026-04-30T21:20:59.038603,4.209
2026-04-30T21:19:59.115101,49.45,0.0896,52.37,0.105,1000.0,0.0,4.199,91.8,98,0,60.0,2026-04-30T21:20:59.114901,4.209
2026-04-30T21:19:59.185293,49.45,0.0896,52.38,0.104,1000.0,0.0,4.199,91.8,98,0,60.0,2026-04-30T21:20:59.185160,4.209
2026-04-30T21:20:00.032447,49.52,0.0802,52.42,0.1018,1000.0,0.0,4.199,91.8,98,0,60.0,2026-04-30T21:21:00.032249,4.209
2026-04-30T21:20:00.140276,49.52,0.0987,52.44,0.1047,1000.0,0.0,4.199,91.8,98,0,60.0,2026-04-30T21:21:00.139952,4.209
2026-04-30T21:20:00.321684,49.52,0.0987,52.45,0.1075,1000.0,0.0,4.199,91.8,98,0,60.0,2026-04-30T21:21:00.321190,4.209
2026-04-30T21:20:01.424838,49.56,0.0987,52.49,0.1101,1000.0,0.0,4.199,91.8,98,0,60.0,2026-04-30T21:21:01.386338,4.209
2026-04-30T21:20:01.633918,49.56,0.0987,52.5,0.1109,1000.0,0.0,4.199,91.8,98,0,60.0,2026-04-30T21:21:01.633654,4.209
2026-04-30T21:20:01.831827,49.56,0.0987,52.5,0.1113,1000.0,0.0,4.199,91.8,98,0,60.0,2026-04-30T21:21:01.831275,4.209
2026-04-30T21:20:02.188313,49.63,0.1029,52.53,0.1079,1000.0,0.0,4.199,91.7,98,0,60.0,2026-04-30T21:21:02.188001,4.209
2026-04-30T21:20:02.343104,49.63,0.1029,52.55,0.111,1000.0,0.0,4.199,91.7,98,0,60.0,2026-04-30T21:21:02.342798,4.209
2026-04-30T21:20:03.163293,49.63,0.1029,52.59,0.1134,1000.0,0.0,4.199,91.7,98,0,60.0,2026-04-30T21:21:03.162912,4.209
2026-04-30T21:20:03.268441,49.69,0.1029,52.61,0.1107,1000.0,0.0,4.199,91.7,98,0,60.0,2026-04-30T21:21:03.268208,4.209
2026-04-30T21:20:03.407073,49.69,0.1029,52.62,0.1129,1000.0,0.0,4.199,91.7,98,0,60.0,2026-04-30T21:21:03.406688,4.209
2026-04-30T21:20:04.218111,49.76,0.1029,52.65,0.1146,1000.0,0.0,4.199,91.7,98,0,60.0,2026-04-30T21:21:04.217981,4.209
2026-04-30T21:20:04.292632,49.76,0.0936,52.67,0.1099,1000.0,0.0,4.199,91.7,98,0,60.0,2026-04-30T21:21:04.292495,4.209
2026-04-30T21:20:04.382024,49.76,0.0936,52.68,0.1087,1000.0,0.0,4.199,91.7,98,0,60.0,2026-04-30T21:21:04.381724,4.209
2026-04-30T21:20:05.292537,49.78,0.0936,52.71,0.1076,1000.0,0.0,4.199,91.7,98,0,60.0,2026-04-30T21:21:05.292289,4.209
2026-04-30T21:20:05.519408,49.78,0.0936,52.71,0.1072,1000.0,0.0,4.199,91.7,98,0,60.0,2026-04-30T21:21:05.519143,4.209
2026-04-30T21:20:05.767485,49.78,0.0936,52.72,0.107,1000.0,0.0,4.199,91.7,98,0,60.0,2026-04-30T21:21:05.767084,4.209
2026-04-30T21:20:06.553131,49.82,0.0896,52.74,0.1058,1000.0,0.0,4.199,91.7,98,0,60.0,2026-04-30T21:21:06.552659,4.209
2026-04-30T21:20:06.918134,49.82,0.0903,52.75,0.1045,1000.0,0.0,4.199,91.7,98,0,60.0,2026-04-30T21:21:06.917697,4.209
2026-04-30T21:20:07.191502,49.82,0.0903,52.75,0.1039,1000.0,0.0,4.199,91.7,98,0,60.0,2026-04-30T21:21:07.186642,4.209
2026-04-30T21:20:07.573332,49.85,0.0903,52.77,0.1036,1000.0,0.0,4.199,91.7,98,0,60.0,2026-04-30T21:21:07.572902,4.209
2026-04-30T21:20:07.688680,49.85,0.0903,52.77,0.1035,1000.0,0.0,4.199,91.7,98,0,60.0,2026-04-30T21:21:07.688362,4.209
2026-04-30T21:20:08.388511,49.85,0.0903,52.8,0.1035,1000.0,0.0,4.199,91.7,98,0,60.0,2026-04-30T21:21:08.388337,4.209
2026-04-30T21:20:08.459776,49.9,0.0877,52.81,0.1017,1000.0,0.0,4.199,91.6,98,0,60.0,2026-04-30T21:21:08.459564,4.209
2026-04-30T21:20:08.535837,49.9,0.0877,52.81,0.1013,1000.0,0.0,4.199,91.6,98,0,60.0,2026-04-30T21:21:08.535640,4.209
2026-04-30T21:20:09.439859,49.91,0.0877,52.85,0.1012,1000.0,0.0,4.199,91.6,98,0,60.0,2026-04-30T21:21:09.439683,4.209
2026-04-30T21:20:09.511911,49.91,0.0911,52.84,0.1016,1000.0,0.0,4.199,91.6,98,0,60.0,2026-04-30T21:21:09.511730,4.209
2026-04-30T21:20:09.584632,49.91,0.0911,52.84,0.1026,1000.0,0.0,4.199,91.6,98,0,60.0,2026-04-30T21:21:09.584453,4.209
2026-04-30T21:20:10.510891,49.94,0.0877,52.87,0.103,1000.0,0.0,4.199,91.6,98,0,60.0,2026-04-30T21:21:10.510709,4.209
2026-04-30T21:20:10.576439,49.94,0.0996,52.87,0.1067,1000.0,0.0,4.199,91.6,98,0,60.0,2026-04-30T21:21:10.576248,4.209
2026-04-30T21:20:10.649511,49.94,0.0996,52.87,0.1088,1000.0,0.0,4.199,91.6,98,0,60.0,2026-04-30T21:21:10.649170,4.209
2026-04-30T21:20:11.560306,49.98,0.0996,52.9,0.1112,1000.0,0.0,4.199,91.6,98,0,60.0,2026-04-30T21:21:11.560065,4.209
2026-04-30T21:20:11.633237,49.98,0.0996,52.9,0.1118,1000.0,0.0,4.199,91.6,98,0,60.0,2026-04-30T21:21:11.633040,4.209
2026-04-30T21:20:11.751618,49.98,0.0996,52.9,0.1121,1000.0,0.0,4.199,91.6,98,0,60.0,2026-04-30T21:21:11.751321,4.209
2026-04-30T21:20:12.614707,50.01,0.1021,52.93,0.109,1000.0,0.0,4.199,91.6,98,0,60.0,2026-04-30T21:21:12.614501,4.209
2026-04-30T21:20:12.702824,50.01,0.1021,52.94,0.1116,1000.0,0.0,4.199,91.6,98,0,60.0,2026-04-30T21:21:12.702583,4.209
2026-04-30T21:20:13.625417,50.01,0.1021,52.97,0.1134,1000.0,0.0,4.199,91.6,98,0,60.0,2026-04-30T21:21:13.625188,4.209
2026-04-30T21:20:13.688661,50.03,0.1021,52.96,0.1109,1000.0,0.0,4.199,91.6,98,0,60.0,2026-04-30T21:21:13.688498,4.209
2026-04-30T21:20:13.759567,50.03,0.1021,52.96,0.1126,1000.0,0.0,4.199,91.6,98,0,60.0,2026-04-30T21:21:13.759401,4.209
2026-04-30T21:20:14.682232,50.07,0.1021,52.99,0.1141,1000.0,0.0,4.199,91.6,98,0,60.0,2026-04-30T21:21:14.681908,4.209
2026-04-30T21:20:14.756122,50.07,0.0896,52.99,0.1082,1000.0,0.0,4.199,91.6,98,0,60.0,2026-04-30T21:21:14.755940,4.209
2026-04-30T21:20:14.842970,50.07,0.0896,53.0,0.1061,1000.0,0.0,4.199,91.6,98,0,60.0,2026-04-30T21:21:14.842715,4.209
2026-04-30T21:20:15.738660,50.1,0.0896,53.03,0.1043,1000.0,0.0,4.199,91.6,98,0,60.0,2026-04-30T21:21:15.738495,4.209
2026-04-30T21:20:15.805969,50.1,0.0904,53.03,0.1039,1000.0,0.0,4.199,91.6,98,0,60.0,2026-04-30T21:21:15.805790,4.209
2026-04-30T21:20:15.873598,50.1,0.0904,53.03,0.1038,1000.0,0.0,4.199,91.6,98,0,60.0,2026-04-30T21:21:15.873407,4.209
2026-04-30T21:20:16.793310,50.15,0.0869,53.07,0.1031,1000.0,0.0,4.199,91.6,98,0,60.0,2026-04-30T21:21:16.793127,4.209
2026-04-30T21:20:16.862485,50.15,0.0904,53.07,0.1033,1000.0,0.0,4.199,91.6,98,0,60.0,2026-04-30T21:21:16.862282,4.209
2026-04-30T21:20:16.959714,50.15,0.0904,53.07,0.1034,1000.0,0.0,4.199,91.6,98,0,60.0,2026-04-30T21:21:16.959101,4.209
2026-04-30T21:20:17.864270,50.22,0.1004,53.13,0.104,1000.0,0.0,4.199,91.6,98,0,60.0,2026-04-30T21:21:17.864031,4.209
2026-04-30T21:20:17.963313,50.22,0.1004,53.14,0.1079,1000.0,0.0,4.199,91.5,98,0,60.0,2026-04-30T21:21:17.962992,4.209
2026-04-30T21:20:18.858549,50.22,0.1004,53.17,0.1107,1000.0,0.0,4.199,91.5,98,0,60.0,2026-04-30T21:21:18.858362,4.209
2026-04-30T21:20:18.927492,50.26,0.1004,53.18,0.1123,1000.0,0.0,4.199,91.5,98,0,60.0,2026-04-30T21:21:18.926246,4.209
2026-04-30T21:20:19.134126,50.26,0.1004,53.19,0.1129,1000.0,0.0,4.199,91.5,98,0,60.0,2026-04-30T21:21:19.133846,4.209
2026-04-30T21:20:19.920113,50.32,0.1004,53.22,0.1134,1000.0,0.0,4.199,91.5,98,0,60.0,2026-04-30T21:21:19.919918,4.209
2026-04-30T21:20:19.995391,50.32,0.0877,53.23,0.1068,1000.0,0.0,4.199,91.5,98,0,60.0,2026-04-30T21:21:19.995196,4.209
2026-04-30T21:20:20.094769,50.32,0.0877,53.24,0.1046,1000.0,0.0,4.199,91.5,98,0,60.0,2026-04-30T21:21:20.094468,4.209
2026-04-30T21:20:21.111287,50.39,0.0827,53.29,0.1018,1000.0,0.0,4.199,91.5,99,0,60.0,2026-04-30T21:21:21.110972,4.209
2026-04-30T21:20:21.271816,50.39,0.0869,53.3,0.1006,1000.0,0.0,4.199,91.5,99,0,60.0,2026-04-30T21:21:21.271376,4.209
2026-04-30T21:20:21.556932,50.39,0.0869,53.31,0.1004,1000.0,0.0,4.199,91.5,99,0,60.0,2026-04-30T21:21:21.556529,4.209
2026-04-30T21:20:22.051447,50.46,0.0869,53.35,0.1003,1000.0,0.0,4.199,91.4,99,0,60.0,2026-04-30T21:21:22.051151,4.209
2026-04-30T21:20:22.233884,50.46,0.0869,53.36,0.1002,1000.0,0.0,4.199,91.4,99,0,60.0,2026-04-30T21:21:22.233513,4.209
2026-04-30T21:20:22.422809,50.46,0.0869,53.38,0.1002,1000.0,0.0,4.199,91.4,99,0,60.0,2026-04-30T21:21:22.422405,4.209
2026-04-30T21:20:23.328619,50.53,0.0972,53.43,0.1009,1000.0,0.0,4.199,91.4,99,0,60.0,2026-04-30T21:21:23.328280,4.209
2026-04-30T21:20:23.429505,50.53,0.0972,53.44,0.1053,1000.0,0.0,4.199,91.4,99,0,60.0,2026-04-30T21:21:23.428990,4.209
2026-04-30T21:20:24.097263,50.53,0.0972,53.47,0.1077,1000.0,0.0,4.199,91.4,99,0,60.0,2026-04-30T21:21:24.097019,4.209
2026-04-30T21:20:24.159606,50.58,0.0972,53.49,0.1058,1000.0,0.0,4.199,91.4,99,0,60.0,2026-04-30T21:21:24.159431,4.209
2026-04-30T21:20:24.222833,50.58,0.0972,53.5,0.1075,1000.0,0.0,4.199,91.4,99,0,60.0,2026-04-30T21:21:24.222672,4.209
2026-04-30T21:20:25.175734,50.64,0.0972,53.54,0.1091,1000.0,0.0,4.199,91.4,99,0,60.0,2026-04-30T21:21:25.175381,4.209
2026-04-30T21:20:25.342188,50.64,0.0909,53.55,0.104,1000.0,0.0,4.199,91.4,99,0,60.0,2026-04-30T21:21:25.341812,4.209
2026-04-30T21:20:25.634443,50.64,0.0909,53.56,0.1041,1000.0,0.0,4.199,91.4,99,0,60.0,2026-04-30T21:21:25.634006,4.209
2026-04-30T21:20:26.212044,50.7,0.0909,53.6,0.1042,1000.0,0.0,4.199,91.4,99,0,60.0,2026-04-30T21:21:26.211843,4.209
2026-04-30T21:20:26.298664,50.7,0.0909,53.61,0.1042,1000.0,0.0,4.199,91.4,99,0,60.0,2026-04-30T21:21:26.298366,4.209
2026-04-30T21:20:26.720400,50.7,0.0909,53.62,0.1042,1000.0,0.0,4.199,91.4,99,0,60.0,2026-04-30T21:21:26.719936,4.209
2026-04-30T21:20:27.303962,50.77,0.0841,53.67,0.1025,1000.0,0.0,4.199,91.3,99,0,60.0,2026-04-30T21:21:27.303473,4.209
2026-04-30T21:20:27.443087,50.77,0.0877,53.68,0.1019,1000.0,0.0,4.199,91.3,99,0,60.0,2026-04-30T21:21:27.442552,4.209
2026-04-30T21:20:27.627724,50.77,0.0877,53.69,0.1016,1000.0,0.0,4.199,91.3,99,0,60.0,2026-04-30T21:21:27.627351,4.209
2026-04-30T21:20:28.383506,50.84,0.104,53.73,0.103,1000.0,0.0,4.199,91.3,99,0,60.0,2026-04-30T21:21:28.383169,4.209
2026-04-30T21:20:28.542601,50.84,0.104,53.74,0.1092,1000.0,0.0,4.199,91.3,99,0,60.0,2026-04-30T21:21:28.542167,4.209
2026-04-30T21:20:29.366645,50.84,0.104,53.78,0.1133,1000.0,0.0,4.199,91.3,99,0,60.0,2026-04-30T21:21:29.366402,4.209
2026-04-30T21:20:29.470604,50.9,0.104,53.8,0.1156,1000.0,0.0,4.199,91.3,99,0,60.0,2026-04-30T21:21:29.470354,4.209
2026-04-30T21:20:29.567524,50.9,0.104,53.8,0.1163,1000.0,0.0,4.199,91.3,99,0,60.0,2026-04-30T21:21:29.567267,4.209
2026-04-30T21:20:30.387741,50.96,0.104,53.84,0.117,1000.0,0.0,4.199,91.3,99,0,60.0,2026-04-30T21:21:30.387542,4.209
2026-04-30T21:20:30.460159,50.96,0.0987,53.86,0.1135,1000.0,0.0,4.199,91.3,99,0,60.0,2026-04-30T21:21:30.459978,4.209
2026-04-30T21:20:30.543399,50.96,0.0987,53.86,0.1131,1000.0,0.0,4.199,91.3,99,0,60.0,2026-04-30T21:21:30.543164,4.209
2026-04-30T21:20:31.445564,51.02,0.0927,53.91,0.1118,1000.0,0.0,4.199,91.3,99,0,60.0,2026-04-30T21:21:31.445365,4.209
2026-04-30T21:20:31.544315,51.02,0.1038,53.92,0.1139,1000.0,0.0,4.199,91.3,99,0,60.0,2026-04-30T21:21:31.544086,4.209
2026-04-30T21:20:32.018072,51.02,0.1038,53.94,0.1154,1000.0,0.0,4.199,91.3,99,0,60.0,2026-04-30T21:21:32.017500,4.209
2026-04-30T21:20:32.544766,51.07,0.1038,53.97,0.1165,1000.0,0.0,4.199,91.2,99,0,60.0,2026-04-30T21:21:32.544438,4.209
2026-04-30T21:20:32.816604,51.07,0.1038,53.98,0.1169,1000.0,0.0,4.199,91.2,99,0,60.0,2026-04-30T21:21:32.815667,4.209
2026-04-30T21:20:33.095665,51.07,0.1038,53.99,0.1171,1000.0,0.0,4.199,91.2,99,0,60.0,2026-04-30T21:21:33.084164,4.209
2026-04-30T21:20:33.558373,51.12,0.0896,54.02,0.1123,1000.0,0.0,4.199,91.2,99,0,60.0,2026-04-30T21:21:33.558152,4.209
2026-04-30T21:20:33.632172,51.12,0.0896,54.03,0.1087,1000.0,0.0,4.199,91.2,99,0,60.0,2026-04-30T21:21:33.631951,4.209
2026-04-30T21:20:34.568107,51.12,0.0896,54.07,0.1064,1000.0,0.0,4.199,91.2,99,0,60.0,2026-04-30T21:21:34.567920,4.209
2026-04-30T21:20:34.641828,51.19,0.0911,54.09,0.1045,1000.0,0.0,4.199,91.2,99,0,60.0,2026-04-30T21:21:34.641649,4.209
2026-04-30T21:20:34.740113,51.19,0.0911,54.1,0.1046,1000.0,0.0,4.199,91.2,99,0,60.0,2026-04-30T21:21:34.739882,4.209
2026-04-30T21:20:35.623071,51.27,0.0911,54.14,0.1047,1000.0,0.0,4.199,91.2,99,0,60.0,2026-04-30T21:21:35.622898,4.209
2026-04-30T21:20:35.687087,51.27,0.0911,54.16,0.1048,1000.0,0.0,4.199,91.2,99,0,60.0,2026-04-30T21:21:35.686859,4.209
2026-04-30T21:20:35.750270,51.27,0.0911,54.17,0.1048,1000.0,0.0,4.199,91.2,99,0,60.0,2026-04-30T21:21:35.750093,4.209
2026-04-30T21:20:37.103304,51.33,0.0851,54.22,0.1038,1000.0,0.0,4.199,91.2,99,0,60.0,2026-04-30T21:21:37.103012,4.209
2026-04-30T21:20:37.807483,51.33,0.0963,54.25,0.1068,1000.0,0.0,4.199,91.2,99,0,60.0,2026-04-30T21:21:37.807040,4.209
2026-04-30T21:20:38.000146,51.33,0.0963,54.25,0.1085,1000.0,0.0,4.199,91.2,98,0,60.0,2026-04-30T21:21:37.999578,4.209
2026-04-30T21:20:38.133593,51.39,0.0911,54.27,0.1077,1000.0,0.0,4.199,91.1,98,0,60.0,2026-04-30T21:21:38.133263,4.209
2026-04-30T21:20:38.256721,51.39,0.0963,54.28,0.1085,1000.0,0.0,4.199,91.1,98,0,60.0,2026-04-30T21:21:38.256155,4.209
2026-04-30T21:20:38.401701,51.39,0.0963,54.29,0.109,1000.0,0.0,4.199,91.1,98,0,60.0,2026-04-30T21:21:38.401307,4.209
2026-04-30T21:20:38.934181,51.46,0.1003,54.34,0.1089,1000.0,0.0,4.199,91.1,98,0,60.0,2026-04-30T21:21:38.933786,4.209
2026-04-30T21:20:39.099105,51.46,0.1003,54.36,0.1112,1000.0,0.0,4.199,91.1,98,0,60.0,2026-04-30T21:21:39.098739,4.209
2026-04-30T21:20:39.804106,51.46,0.1003,54.39,0.1126,1000.0,0.0,4.199,91.1,98,0,60.0,2026-04-30T21:21:39.803909,4.209
2026-04-30T21:20:39.877223,51.52,0.1003,54.41,0.1134,1000.0,0.0,4.199,91.1,98,0,60.0,2026-04-30T21:21:39.877021,4.209
2026-04-30T21:20:39.951833,51.52,0.1003,54.42,0.1136,1000.0,0.0,4.199,91.1,98,0,60.0,2026-04-30T21:21:39.951603,4.209
2026-04-30T21:20:40.856587,51.57,0.1003,54.46,0.114,1000.0,0.0,4.199,91.1,98,0,60.0,2026-04-30T21:21:40.856398,4.209
2026-04-30T21:20:40.932755,51.57,0.0828,54.48,0.1052,1000.0,0.0,4.199,91.1,98,0,60.0,2026-04-30T21:21:40.932587,4.209
2026-04-30T21:20:41.199759,51.57,0.0828,54.49,0.1015,1000.0,0.0,4.199,91.1,99,0,60.0,2026-04-30T21:21:41.199074,4.209
2026-04-30T21:20:41.965438,51.65,0.0818,54.53,0.0987,1000.0,0.0,4.199,91.0,99,0,60.0,2026-04-30T21:21:41.965019,4.209
2026-04-30T21:20:42.185782,51.65,0.0894,54.55,0.1003,1000.0,0.0,4.199,91.0,99,0,60.0,2026-04-30T21:21:42.185055,4.209
2026-04-30T21:20:42.516709,51.65,0.0894,54.56,0.1015,1000.0,0.0,4.199,91.0,99,0,60.0,2026-04-30T21:21:42.516321,4.209
2026-04-30T21:20:43.046242,51.73,0.0894,54.61,0.1025,1000.0,0.0,4.199,91.0,99,0,60.0,2026-04-30T21:21:43.022327,4.209
2026-04-30T21:20:43.533197,51.73,0.0894,54.63,0.1029,1000.0,0.0,4.199,91.0,98,0,60.0,2026-04-30T21:21:43.532693,4.209
2026-04-30T21:20:43.817805,51.73,0.0894,54.64,0.103,1000.0,0.0,4.199,91.0,98,0,60.0,2026-04-30T21:21:43.817450,4.209
2026-04-30T21:20:44.072824,51.78,0.0928,54.67,0.102,1000.0,0.0,4.199,91.0,98,0,60.0,2026-04-30T21:21:44.072410,4.209
2026-04-30T21:20:44.194951,51.78,0.0928,54.68,0.1039,1000.0,0.0,4.199,91.0,98,0,60.0,2026-04-30T21:21:44.194542,4.209
2026-04-30T21:20:45.097774,51.78,0.0928,54.72,0.1053,1000.0,0.0,4.199,91.0,98,0,60.0,2026-04-30T21:21:45.097473,4.209
2026-04-30T21:20:45.219897,51.83,0.1012,54.73,0.1068,1000.0,0.0,4.199,91.0,98,0,60.0,2026-04-30T21:21:45.219520,4.209
2026-04-30T21:20:45.344837,51.83,0.1012,54.74,0.1102,1000.0,0.0,4.199,91.0,98,0,60.0,2026-04-30T21:21:45.344430,4.209
2026-04-30T21:20:46.093123,51.92,0.1012,54.77,0.1129,1000.0,0.0,4.199,91.0,98,0,60.0,2026-04-30T21:21:46.092932,4.209
2026-04-30T21:20:46.173297,51.92,0.1012,54.79,0.114,1000.0,0.0,4.199,91.0,98,0,60.0,2026-04-30T21:21:46.173059,4.209
2026-04-30T21:20:46.283494,51.92,0.1012,54.81,0.1144,1000.0,0.0,4.199,91.0,98,0,60.0,2026-04-30T21:21:46.283065,4.209
2026-04-30T21:20:47.191844,51.96,0.0896,54.85,0.1131,1000.0,0.0,4.199,90.9,98,0,60.0,2026-04-30T21:21:47.191370,4.209
2026-04-30T21:20:47.464479,51.96,0.1003,54.86,0.1128,1000.0,0.0,4.199,90.9,98,0,60.0,2026-04-30T21:21:47.464067,4.209
2026-04-30T21:20:48.108946,51.96,0.1003,54.87,0.1135,1000.0,0.0,4.199,90.9,98,0,60.0,2026-04-30T21:21:48.108554,4.209
2026-04-30T21:20:48.704276,52.02,0.0852,54.91,0.1103,1000.0,0.0,4.199,90.9,98,0,60.0,2026-04-30T21:21:48.703786,4.209
2026-04-30T21:20:49.936463,52.02,0.1003,54.93,0.1126,1000.0,0.0,4.199,90.9,98,0,60.0,2026-04-30T21:21:49.910211,4.209
2026-04-30T21:20:50.299000,52.02,0.1003,54.95,0.1138,1000.0,0.0,4.199,90.9,98,0,60.0,2026-04-30T21:21:50.283722,4.209
2026-04-30T21:20:50.673509,52.07,0.1003,54.97,0.1105,1000.0,0.0,4.199,90.9,99,0,60.0,2026-04-30T21:21:50.672946,4.209
2026-04-30T21:20:51.382188,52.07,0.1003,54.98,0.1122,1000.0,0.0,4.199,90.9,99,0,60.0,2026-04-30T21:21:51.369448,4.209
2026-04-30T21:20:51.990489,52.07,0.1003,55.0,0.1137,1000.0,0.0,4.199,90.9,99,0,60.0,2026-04-30T21:21:51.953162,4.209
2026-04-30T21:20:52.333468,52.11,0.1003,55.02,0.1141,1000.0,0.0,4.199,90.9,99,0,60.0,2026-04-30T21:21:52.333127,4.209
2026-04-30T21:20:53.316486,52.11,0.1003,55.03,0.1143,1000.0,0.0,4.199,90.9,99,0,60.0,2026-04-30T21:21:53.309025,4.209
2026-04-30T21:20:53.865208,52.18,0.1003,55.05,0.1144,1000.0,0.0,4.199,90.9,99,0,60.0,2026-04-30T21:21:53.851481,4.209
2026-04-30T21:20:54.327891,52.18,0.0911,55.08,0.1089,1000.0,0.0,4.199,90.9,99,0,60.0,2026-04-30T21:21:54.327305,4.209
2026-04-30T21:20:54.503324,52.18,0.0911,55.09,0.1071,1000.0,0.0,4.199,90.9,99,0,60.0,2026-04-30T21:21:54.503033,4.209
2026-04-30T21:20:54.841211,52.25,0.0904,55.1,0.1062,1000.0,0.0,4.199,90.8,99,0,60.0,2026-04-30T21:21:54.840643,4.209
2026-04-30T21:20:54.990339,52.25,0.1105,55.13,0.113,1000.0,0.0,4.199,90.8,99,0,60.0,2026-04-30T21:21:54.990048,4.209
2026-04-30T21:20:55.134066,52.25,0.1105,55.14,0.1175,1000.0,0.0,4.199,90.8,99,0,60.0,2026-04-30T21:21:55.133862,4.209
2026-04-30T21:20:55.255640,52.27,0.1105,55.15,0.12,1000.0,0.0,4.199,90.8,99,0,60.0,2026-04-30T21:21:55.255124,4.209
2026-04-30T21:20:55.542698,52.27,0.1105,55.16,0.1217,1000.0,0.0,4.199,90.8,99,0,60.0,2026-04-30T21:21:55.518211,4.209
2026-04-30T21:20:55.845979,52.27,0.1105,55.18,0.1231,1000.0,0.0,4.199,90.8,99,0,60.0,2026-04-30T21:21:55.844810,4.209
2026-04-30T21:20:56.032900,52.32,0.0927,55.2,0.1188,1000.0,0.0,4.199,90.8,99,0,60.0,2026-04-30T21:21:56.032366,4.209
2026-04-30T21:20:56.225318,52.32,0.0927,55.21,0.1141,1000.0,0.0,4.199,90.8,99,0,60.0,2026-04-30T21:21:56.224859,4.209
2026-04-30T21:20:56.477722,52.32,0.0927,55.22,0.1111,1000.0,0.0,4.199,90.8,99,0,60.0,2026-04-30T21:21:56.477377,4.209
2026-04-30T21:20:56.851042,52.39,0.1021,55.26,0.1108,1000.0,0.0,4.199,90.8,99,0,60.0,2026-04-30T21:21:56.850766,4.209
2026-04-30T21:20:57.166870,52.39,0.1021,55.28,0.1135,1000.0,0.0,4.199,90.8,99,0,60.0,2026-04-30T21:21:57.150927,4.209
2026-04-30T21:20:57.659437,52.44,0.1021,55.31,0.1149,1000.0,0.0,4.199,90.8,99,0,60.0,2026-04-30T21:21:57.658890,4.209
2026-04-30T21:20:58.127976,52.44,0.1021,55.34,0.1157,1000.0,0.0,4.199,90.8,99,0,60.0,2026-04-30T21:21:58.127570,4.209
2026-04-30T21:20:58.470388,52.44,0.1021,55.35,0.116,1000.0,0.0,4.199,90.8,99,0,60.0,2026-04-30T21:21:58.470024,4.209
2026-04-30T21:20:58.651490,52.49,0.081,55.37,0.1139,1000.0,0.0,4.199,90.8,99,0,60.0,2026-04-30T21:21:58.651140,4.209
2026-04-30T21:20:58.809689,52.49,0.1012,55.38,0.113,1000.0,0.0,4.199,90.8,99,0,60.0,2026-04-30T21:21:58.809307,4.209
2026-04-30T21:20:59.051151,52.49,0.1012,55.39,0.1139,1000.0,0.0,4.199,90.8,99,0,60.0,2026-04-30T21:21:59.050643,4.209
2026-04-30T21:20:59.290770,52.53,0.0945,55.41,0.1121,1000.0,0.0,4.199,90.8,99,0,60.0,2026-04-30T21:21:59.290036,4.209
2026-04-30T21:21:00.669012,52.53,0.1012,55.46,0.1142,1000.0,0.0,4.199,90.8,99,0,60.0,2026-04-30T21:22:00.668462,4.209
2026-04-30T21:21:00.789526,52.53,0.1012,55.45,0.1149,1000.0,0.0,4.199,90.8,99,0,60.0,2026-04-30T21:22:00.789297,4.209
2026-04-30T21:21:00.868994,52.61,0.0945,55.47,0.1134,1000.0,0.0,4.199,90.8,99,0,60.0,2026-04-30T21:22:00.868818,4.209
2026-04-30T21:21:00.935892,52.61,0.0945,55.48,0.1118,1000.0,0.0,4.199,90.7,99,0,60.0,2026-04-30T21:22:00.935726,4.209
2026-04-30T21:21:01.002513,52.61,0.0945,55.49,0.1108,1000.0,0.0,4.199,90.7,99,0,60.0,2026-04-30T21:22:01.002382,4.209
2026-04-30T21:21:01.064854,52.68,0.0954,55.52,0.1104,1000.0,0.0,4.199,90.7,99,0,60.0,2026-04-30T21:22:01.064717,4.209
2026-04-30T21:21:01.121527,52.68,0.0954,55.53,0.1102,1000.0,0.0,4.199,90.7,99,0,60.0,2026-04-30T21:22:01.121426,4.209
2026-04-30T21:21:01.794666,52.72,0.0954,55.58,0.1101,1000.0,0.0,4.199,90.7,99,0,60.0,2026-04-30T21:22:01.794510,4.209
2026-04-30T21:21:01.853914,52.72,0.0954,55.6,0.1094,1000.0,0.0,4.199,90.7,99,0,60.0,2026-04-30T21:22:01.853780,4.209
2026-04-30T21:21:01.914562,52.72,0.0954,55.61,0.1095,1000.0,0.0,4.199,90.7,99,0,60.0,2026-04-30T21:22:01.914419,4.209
2026-04-30T21:21:02.850406,52.79,0.0911,55.66,0.109,1000.0,0.0,4.199,90.7,99,0,60.0,2026-04-30T21:22:02.850236,4.209
2026-04-30T21:21:02.908378,52.79,0.0911,55.67,0.1073,1000.0,0.0,4.199,90.7,99,0,60.0,2026-04-30T21:22:02.908224,4.209
2026-04-30T21:21:02.965773,52.79,0.0911,55.68,0.1066,1000.0,0.0,4.199,90.7,99,0,60.0,2026-04-30T21:22:02.965634,4.209
2026-04-30T21:21:03.907949,52.84,0.0859,55.73,0.1045,1000.0,0.0,4.199,90.6,99,0,60.0,2026-04-30T21:22:03.906937,4.209
2026-04-30T21:21:03.967744,52.84,0.0972,55.73,0.1075,1000.0,0.0,4.199,90.6,99,0,60.0,2026-04-30T21:22:03.967611,4.209
2026-04-30T21:21:04.039041,52.84,0.0972,55.74,0.1088,1000.0,0.0,4.199,90.6,99,0,60.0,2026-04-30T21:22:04.026768,4.209
2026-04-30T21:21:04.955404,52.89,0.0972,55.78,0.109,1000.0,0.0,4.199,90.6,99,0,60.0,2026-04-30T21:22:04.955237,4.209
2026-04-30T21:21:05.012362,52.89,0.0972,55.79,0.11,1000.0,0.0,4.199,90.6,99,0,60.0,2026-04-30T21:22:05.012249,4.209
2026-04-30T21:21:05.984512,52.89,0.0972,55.82,0.1108,1000.0,0.0,4.199,90.6,99,0,60.0,2026-04-30T21:22:05.984215,4.209
2026-04-30T21:21:06.052363,52.95,0.1062,55.83,0.1128,1000.0,0.0,4.199,90.6,99,0,60.0,2026-04-30T21:22:06.052185,4.209
2026-04-30T21:21:06.114602,52.95,0.1062,55.84,0.1158,1000.0,0.0,4.199,90.6,99,0,60.0,2026-04-30T21:22:06.114427,4.209
2026-04-30T21:21:07.051210,53.01,0.1062,55.88,0.1183,1000.0,0.0,4.199,90.6,99,0,60.0,2026-04-30T21:22:07.051024,4.209
2026-04-30T21:21:07.126471,53.01,0.1062,55.89,0.1195,1000.0,0.0,4.199,90.6,99,0,60.0,2026-04-30T21:22:07.126292,4.209
2026-04-30T21:21:07.224389,53.01,0.1062,55.9,0.1199,1000.0,0.0,4.199,90.6,99,0,60.0,2026-04-30T21:22:07.224220,4.209
2026-04-30T21:21:08.085636,53.07,0.0877,55.94,0.1175,1000.0,0.0,4.199,90.6,99,0,60.0,2026-04-30T21:22:08.085447,4.209
2026-04-30T21:21:08.152745,53.07,0.1004,55.95,0.1152,1000.0,0.0,4.199,90.6,99,0,60.0,2026-04-30T21:22:08.152568,4.209
2026-04-30T21:21:08.216912,53.07,0.1004,55.95,0.1151,1000.0,0.0,4.199,90.6,99,0,60.0,2026-04-30T21:22:08.216746,4.209
2026-04-30T21:21:09.141744,53.1,0.1004,55.99,0.1133,1000.0,0.0,4.199,90.6,99,0,60.0,2026-04-30T21:22:09.141542,4.21
2026-04-30T21:21:09.213043,53.1,0.1038,55.99,0.1154,1000.0,0.0,4.199,90.6,99,0,60.0,2026-04-30T21:22:09.212859,4.21
2026-04-30T21:21:09.327181,53.1,0.1038,55.99,0.1164,1000.0,0.0,4.199,90.6,99,0,60.0,2026-04-30T21:22:09.326901,4.21
2026-04-30T21:21:11.075476,53.15,0.1038,56.04,0.1177,1000.0,0.0,4.199,90.5,99,0,60.0,2026-04-30T21:22:11.074672,4.21
2026-04-30T21:21:11.337164,53.15,0.1038,56.06,0.1181,1000.0,0.0,4.199,90.5,99,0,60.0,2026-04-30T21:22:11.336774,4.21
2026-04-30T21:21:11.619920,53.15,0.1038,56.06,0.1182,1000.0,0.0,4.199,90.5,99,0,60.0,2026-04-30T21:22:11.612290,4.21
2026-04-30T21:21:12.182223,53.19,0.108,56.09,0.1176,1000.0,0.0,4.199,90.5,99,0,60.0,2026-04-30T21:22:12.181861,4.21
2026-04-30T21:21:12.335626,53.19,0.108,56.09,0.1199,1000.0,0.0,4.199,90.5,99,0,60.0,2026-04-30T21:22:12.335381,4.21
2026-04-30T21:21:12.523610,53.23,0.108,56.09,0.1211,1000.0,0.0,4.199,90.5,99,0,60.0,2026-04-30T21:22:12.523234,4.21
2026-04-30T21:21:12.753007,53.23,0.108,56.11,0.1194,1000.0,0.0,4.199,90.5,99,0,60.0,2026-04-30T21:22:12.752813,4.21
2026-04-30T21:21:13.244396,53.23,0.108,56.13,0.121,1000.0,0.0,4.199,90.5,99,0,60.0,2026-04-30T21:22:13.243837,4.21
2026-04-30T21:21:13.757976,53.28,0.0928,56.15,0.1197,1000.0,0.0,4.199,90.5,98,0,60.0,2026-04-30T21:22:13.757560,4.21
2026-04-30T21:21:13.902542,53.28,0.1071,56.17,0.1193,1000.0,0.0,4.199,90.5,98,0,60.0,2026-04-30T21:22:13.902286,4.21
2026-04-30T21:21:14.074976,53.28,0.1071,56.17,0.1203,1000.0,0.0,4.199,90.5,98,0,60.0,2026-04-30T21:22:14.074570,4.21
2026-04-30T21:21:14.442919,53.32,0.1071,56.19,0.1209,1000.0,0.0,4.199,90.5,98,0,60.0,2026-04-30T21:22:14.441744,4.21
2026-04-30T21:21:14.635609,53.32,0.1071,56.21,0.1212,1000.0,0.0,4.199,90.5,98,0,60.0,2026-04-30T21:22:14.635270,4.21
2026-04-30T21:21:14.839082,53.32,0.1071,56.22,0.1214,1000.0,0.0,4.199,90.5,98,0,60.0,2026-04-30T21:22:14.838749,4.21
2026-04-30T21:21:15.469695,53.38,0.0981,56.25,0.1184,1000.0,0.0,4.199,90.5,98,0,60.0,2026-04-30T21:22:15.469392,4.21
2026-04-30T21:21:15.620640,53.38,0.0981,56.27,0.116,1000.0,0.0,4.199,90.5,98,0,60.0,2026-04-30T21:22:15.620326,4.21
2026-04-30T21:21:16.447867,53.38,0.0981,56.3,0.1146,1000.0,0.0,4.199,90.5,98,0,60.0,2026-04-30T21:22:16.447537,4.21
2026-04-30T21:21:16.520060,53.43,0.1021,56.31,0.1142,1000.0,0.0,4.199,90.4,98,0,60.0,2026-04-30T21:22:16.519827,4.21
2026-04-30T21:21:16.591582,53.43,0.1021,56.32,0.1151,1000.0,0.0,4.199,90.4,98,0,60.0,2026-04-30T21:22:16.591432,4.21
2026-04-30T21:21:17.505842,53.49,0.1021,56.36,0.116,1000.0,0.0,4.199,90.4,98,0,60.0,2026-04-30T21:22:17.505656,4.21
2026-04-30T21:21:17.571575,53.49,0.1021,56.37,0.1163,1000.0,0.0,4.199,90.4,98,0,60.0,2026-04-30T21:22:17.571386,4.21
2026-04-30T21:21:17.643865,53.49,0.1021,56.38,0.1164,1000.0,0.0,4.199,90.4,98,0,60.0,2026-04-30T21:22:17.643679,4.21
2026-04-30T21:21:18.692500,53.55,0.0909,56.43,0.1148,1000.0,0.0,4.199,90.4,98,0,60.0,2026-04-30T21:22:18.691920,4.21
2026-04-30T21:21:18.893533,53.55,0.1116,56.44,0.1187,1000.0,0.0,4.199,90.4,98,0,60.0,2026-04-30T21:22:18.893247,4.21
2026-04-30T21:21:19.119462,53.55,0.1116,56.44,0.1221,1000.0,0.0,4.199,90.4,98,0,60.0,2026-04-30T21:22:19.119046,4.21
2026-04-30T21:21:19.651332,53.6,0.0911,56.47,0.1193,1000.0,0.0,4.199,90.4,98,0,60.0,2026-04-30T21:22:19.651029,4.21
2026-04-30T21:21:19.950490,53.6,0.1116,56.48,0.1223,1000.0,0.0,4.199,90.4,98,0,60.0,2026-04-30T21:22:19.950213,4.21
2026-04-30T21:21:20.185943,53.6,0.1116,56.49,0.1241,1000.0,0.0,4.199,90.4,98,0,60.0,2026-04-30T21:22:20.185578,4.21
2026-04-30T21:21:20.696157,53.66,0.1021,56.53,0.1197,1000.0,0.0,4.199,90.4,98,0,60.0,2026-04-30T21:22:20.695917,4.21
2026-04-30T21:21:20.800260,53.66,0.1021,56.54,0.1185,1000.0,0.0,4.199,90.4,98,0,60.0,2026-04-30T21:22:20.800006,4.21
2026-04-30T21:21:21.685173,53.66,0.1021,56.58,0.1179,1000.0,0.0,4.199,90.4,98,0,60.0,2026-04-30T21:22:21.684982,4.21
2026-04-30T21:21:21.747044,53.72,0.1021,56.6,0.1173,1000.0,0.0,4.199,90.4,98,0,60.0,2026-04-30T21:22:21.746719,4.21
2026-04-30T21:21:21.809211,53.72,0.1021,56.6,0.1171,1000.0,0.0,4.199,90.4,98,0,60.0,2026-04-30T21:22:21.809044,4.21
2026-04-30T21:21:22.738813,53.78,0.1021,56.65,0.1172,1000.0,0.0,4.199,90.3,98,0,60.0,2026-04-30T21:22:22.738602,4.21
2026-04-30T21:21:22.801634,53.78,0.1004,56.66,0.1161,1000.0,0.0,4.199,90.3,98,0,60.0,2026-04-30T21:22:22.801423,4.21
2026-04-30T21:21:22.863649,53.78,0.1004,56.67,0.1158,1000.0,0.0,4.199,90.3,98,0,60.0,2026-04-30T21:22:22.863352,4.21
2026-04-30T21:21:23.796609,53.85,0.1003,56.71,0.1155,1000.0,0.0,4.199,90.3,98,0,60.0,2026-04-30T21:22:23.796251,4.21
2026-04-30T21:21:23.879186,53.85,0.1072,56.73,0.1179,1000.0,0.0,4.199,90.3,98,0,60.0,2026-04-30T21:22:23.878960,4.21
2026-04-30T21:21:23.978741,53.85,0.1072,56.74,0.1193,1000.0,0.0,4.199,90.3,98,0,60.0,2026-04-30T21:22:23.978390,4.21
2026-04-30T21:21:24.854183,53.88,0.1072,56.77,0.1209,1000.0,0.0,4.199,90.3,98,0,60.0,2026-04-30T21:22:24.853990,4.21
2026-04-30T21:21:24.935617,53.88,0.1072,56.78,0.1213,1000.0,0.0,4.199,90.3,98,0,60.0,2026-04-30T21:22:24.933852,4.21
2026-04-30T21:21:25.251730,53.88,0.1072,56.78,0.1216,1000.0,0.0,4.199,90.3,98,0,60.0,2026-04-30T21:22:25.251405,4.21
2026-04-30T21:21:25.904228,53.94,0.1114,56.82,0.121,1000.0,0.0,4.199,90.3,98,0,60.0,2026-04-30T21:22:25.904061,4.21
2026-04-30T21:21:25.974230,53.94,0.1114,56.83,0.1231,1000.0,0.0,4.199,90.3,98,0,60.0,2026-04-30T21:22:25.974066,4.21
2026-04-30T21:21:26.919935,53.94,0.1114,56.86,0.1246,1000.0,0.0,4.199,90.3,98,0,60.0,2026-04-30T21:22:26.918870,4.21
2026-04-30T21:21:27.082621,54.0,0.1114,56.87,0.1221,1000.0,0.0,4.199,90.3,97,0,60.0,2026-04-30T21:22:27.082397,4.21
2026-04-30T21:21:27.169710,54.0,0.1114,56.88,0.1238,1000.0,0.0,4.199,90.3,97,0,60.0,2026-04-30T21:22:27.169448,4.21
2026-04-30T21:21:27.971652,54.07,0.1114,56.91,0.1251,1000.0,0.0,4.199,90.2,97,0,60.0,2026-04-30T21:22:27.971479,4.21
2026-04-30T21:21:28.037658,54.07,0.0936,56.93,0.1165,1000.0,0.0,4.199,90.2,97,0,60.0,2026-04-30T21:22:28.037504,4.21
2026-04-30T21:21:28.104500,54.07,0.0936,56.94,0.1136,1000.0,0.0,4.199,90.2,97,0,60.0,2026-04-30T21:22:28.104350,4.21
2026-04-30T21:21:29.319286,54.1,0.0936,56.98,0.1108,1000.0,0.0,4.199,90.2,97,0,60.0,2026-04-30T21:22:29.319053,4.21
2026-04-30T21:21:29.525789,54.1,0.0995,56.99,0.1122,1000.0,0.0,4.199,90.2,97,0,60.0,2026-04-30T21:22:29.525304,4.21
2026-04-30T21:21:29.661389,54.1,0.0995,56.99,0.1131,1000.0,0.0,4.199,90.2,97,0,60.0,2026-04-30T21:22:29.660874,4.21
2026-04-30T21:21:30.123781,54.16,0.0995,57.02,0.1131,1000.0,0.0,4.199,90.2,97,0,60.0,2026-04-30T21:22:30.123241,4.21
2026-04-30T21:21:30.368676,54.16,0.1029,57.03,0.115,1000.0,0.0,4.199,90.2,97,0,60.0,2026-04-30T21:22:30.368272,4.21
2026-04-30T21:21:30.572966,54.16,0.1029,57.04,0.1162,1000.0,0.0,4.199,90.2,97,0,60.0,2026-04-30T21:22:30.572508,4.21
2026-04-30T21:21:31.162649,54.19,0.1129,57.07,0.118,1000.0,0.0,4.199,90.2,97,0,60.0,2026-04-30T21:22:31.162415,4.21
2026-04-30T21:21:31.246923,54.19,0.1129,57.07,0.122,1000.0,0.0,4.199,90.2,97,0,60.0,2026-04-30T21:22:31.246700,4.21
2026-04-30T21:21:32.154454,54.19,0.1129,57.11,0.1248,1000.0,0.0,4.199,90.2,97,0,60.0,2026-04-30T21:22:32.154253,4.21
2026-04-30T21:21:32.224943,54.24,0.1129,57.12,0.1264,1000.0,0.0,4.199,90.2,97,0,60.0,2026-04-30T21:22:32.224772,4.21
2026-04-30T21:21:32.295817,54.24,0.1129,57.12,0.127,1000.0,0.0,4.199,90.2,97,0,60.0,2026-04-30T21:22:32.295644,4.21
2026-04-30T21:21:33.222488,54.28,0.1129,57.16,0.1276,1000.0,0.0,4.199,90.2,97,0,60.0,2026-04-30T21:22:33.222219,4.21
2026-04-30T21:21:33.325491,54.28,0.108,57.16,0.1224,1000.0,0.0,4.199,90.2,97,0,60.0,2026-04-30T21:22:33.325221,4.21
2026-04-30T21:21:33.426166,54.28,0.108,57.17,0.1226,1000.0,0.0,4.199,90.2,97,0,60.0,2026-04-30T21:22:33.425878,4.21
2026-04-30T21:21:34.308541,54.32,0.0936,57.2,0.1206,1000.0,0.0,4.199,90.2,97,0,60.0,2026-04-30T21:22:34.307995,4.21
2026-04-30T21:21:34.641346,54.32,0.108,57.21,0.1216,1000.0,0.0,4.199,90.2,97,0,60.0,2026-04-30T21:22:34.634880,4.21
2026-04-30T21:21:34.835349,54.32,0.108,57.21,0.1222,1000.0,0.0,4.199,90.2,97,0,60.0,2026-04-30T21:22:34.834921,4.21
2026-04-30T21:21:35.411569,54.38,0.1055,57.25,0.1221,1000.0,0.0,4.199,90.1,97,0,60.0,2026-04-30T21:22:35.410799,4.21
2026-04-30T21:21:35.550267,54.38,0.1055,57.26,0.1214,1000.0,0.0,4.199,90.1,97,0,60.0,2026-04-30T21:22:35.549927,4.21
2026-04-30T21:21:35.684713,54.38,0.1055,57.26,0.1211,1000.0,0.0,4.199,90.1,97,0,60.0,2026-04-30T21:22:35.684270,4.21
2026-04-30T21:21:36.398444,54.4,0.1139,57.29,0.1199,1000.0,0.0,4.199,90.1,97,0,60.0,2026-04-30T21:22:36.398070,4.21
2026-04-30T21:21:36.508618,54.4,0.1139,57.29,0.1236,1000.0,0.0,4.199,90.1,97,0,60.0,2026-04-30T21:22:36.508316,4.21
2026-04-30T21:21:37.395988,54.4,0.1139,57.32,0.1262,1000.0,0.0,4.199,90.1,97,0,60.0,2026-04-30T21:22:37.395745,4.21
2026-04-30T21:21:37.478467,54.44,0.1139,57.33,0.1248,1000.0,0.0,4.199,90.1,97,0,60.0,2026-04-30T21:22:37.478278,4.21
2026-04-30T21:21:37.550753,54.44,0.1139,57.33,0.1264,1000.0,0.0,4.199,90.1,97,0,60.0,2026-04-30T21:22:37.550557,4.21
2026-04-30T21:21:38.448498,54.5,0.1139,57.36,0.1278,1000.0,0.0,4.199,90.1,97,0,60.0,2026-04-30T21:22:38.448284,4.21
2026-04-30T21:21:38.546121,54.5,0.1038,57.37,0.1233,1000.0,0.0,4.199,90.1,97,0,60.0,2026-04-30T21:22:38.545877,4.21
2026-04-30T21:21:38.803008,54.5,0.1038,57.38,0.1214,1000.0,0.0,4.199,90.1,97,0,60.0,2026-04-30T21:22:38.802643,4.21
2026-04-30T21:21:39.525050,54.56,0.0945,57.42,0.1187,1000.0,0.0,4.199,90.1,97,0,60.0,2026-04-30T21:22:39.524271,4.21
2026-04-30T21:21:39.726890,54.56,0.1181,57.43,0.1235,1000.0,0.0,4.199,90.1,97,0,60.0,2026-04-30T21:22:39.726495,4.21
2026-04-30T21:21:39.978631,54.56,0.1181,57.44,0.1278,1000.0,0.0,4.199,90.1,97,0,60.0,2026-04-30T21:22:39.978220,4.21
2026-04-30T21:21:40.561633,54.6,0.108,57.47,0.1266,1000.0,0.0,4.199,90.1,97,0,60.0,2026-04-30T21:22:40.561429,4.21
2026-04-30T21:21:40.680753,54.6,0.1181,57.48,0.1294,1000.0,0.0,4.199,90.1,97,0,60.0,2026-04-30T21:22:40.680438,4.21
2026-04-30T21:21:40.807652,54.6,0.1181,57.48,0.1308,1000.0,0.0,4.199,90.1,97,0,60.0,2026-04-30T21:22:40.807088,4.21
2026-04-30T21:21:41.617657,54.66,0.1138,57.53,0.1294,1000.0,0.0,4.199,90.0,97,0,60.0,2026-04-30T21:22:41.617474,4.21
2026-04-30T21:21:41.690163,54.66,0.1138,57.53,0.1292,1000.0,0.0,4.199,90.0,97,0,60.0,2026-04-30T21:22:41.689998,4.21
2026-04-30T21:21:42.630330,54.66,0.1138,57.57,0.1293,1000.0,0.0,4.199,90.0,97,0,60.0,2026-04-30T21:22:42.630054,4.21
2026-04-30T21:21:42.894043,54.68,0.1138,57.57,0.1291,1000.0,0.0,4.199,90.0,97,0,60.0,2026-04-30T21:22:42.884964,4.21
2026-04-30T21:21:43.080643,54.68,0.1138,57.57,0.1291,1000.0,0.0,4.199,90.0,97,0,60.0,2026-04-30T21:22:43.079898,4.21
2026-04-30T21:21:43.678897,54.75,0.1138,57.6,0.1291,1000.0,0.0,4.199,90.0,97,0,60.0,2026-04-30T21:22:43.678734,4.21
2026-04-30T21:21:43.741729,54.75,0.1089,57.62,0.1259,1000.0,0.0,4.199,90.0,97,0,60.0,2026-04-30T21:22:43.741571,4.21
2026-04-30T21:21:43.807900,54.75,0.1089,57.62,0.1253,1000.0,0.0,4.199,90.0,97,0,60.0,2026-04-30T21:22:43.807722,4.21
2026-04-30T21:21:44.758103,54.8,0.0996,57.67,0.1232,1000.0,0.0,4.199,90.0,97,0,60.0,2026-04-30T21:22:44.757829,4.21
2026-04-30T21:21:44.861271,54.8,0.1291,57.68,0.1306,1000.0,0.0,4.199,90.0,97,0,60.0,2026-04-30T21:22:44.861040,4.21
2026-04-30T21:21:44.996516,54.8,0.1291,57.68,0.1358,1000.0,0.0,4.199,90.0,97,0,60.0,2026-04-30T21:22:44.985776,4.21
2026-04-30T21:21:45.797189,54.86,0.1291,57.73,0.1409,1000.0,0.0,4.199,90.0,97,0,60.0,2026-04-30T21:22:45.796990,4.21
2026-04-30T21:21:45.870534,54.86,0.1291,57.74,0.1424,1000.0,0.0,4.199,90.0,97,0,60.0,2026-04-30T21:22:45.870307,4.21
2026-04-30T21:21:45.949714,54.86,0.1291,57.74,0.1431,1000.0,0.0,4.199,90.0,97,0,60.0,2026-04-30T21:22:45.949451,4.21
2026-04-30T21:21:47.070425,54.94,0.1097,57.8,0.134,1000.0,0.0,4.199,89.9,97,0,60.0,2026-04-30T21:22:47.069809,4.21
2026-04-30T21:21:47.218412,54.94,0.1097,57.81,0.1295,1000.0,0.0,4.199,89.9,97,0,60.0,2026-04-30T21:22:47.218142,4.21
2026-04-30T21:21:47.865171,54.94,0.1097,57.84,0.1275,1000.0,0.0,4.199,89.9,97,0,60.0,2026-04-30T21:22:47.864882,4.21
2026-04-30T21:21:47.929001,54.98,0.1114,57.85,0.1254,1000.0,0.0,4.199,89.9,97,0,60.0,2026-04-30T21:22:47.928854,4.21
2026-04-30T21:21:47.990536,54.98,0.1114,57.85,0.1259,1000.0,0.0,4.199,89.9,97,0,60.0,2026-04-30T21:22:47.990374,4.21
2026-04-30T21:21:48.916852,55.02,0.1114,57.89,0.1264,1000.0,0.0,4.199,89.9,97,0,60.0,2026-04-30T21:22:48.916349,4.21
2026-04-30T21:21:49.071101,55.02,0.1114,57.89,0.1266,1000.0,0.0,4.199,89.9,98,0,60.0,2026-04-30T21:22:49.070924,4.21
2026-04-30T21:21:49.139713,55.02,0.1114,57.89,0.1266,1000.0,0.0,4.199,89.9,98,0,60.0,2026-04-30T21:22:49.139542,4.21
2026-04-30T21:21:49.994888,55.06,0.1031,57.92,0.1255,1000.0,0.0,4.199,89.9,98,0,60.0,2026-04-30T21:22:49.994490,4.21
2026-04-30T21:21:50.103350,55.06,0.119,57.93,0.1282,1000.0,0.0,4.199,89.9,98,0,60.0,2026-04-30T21:22:50.103018,4.21
2026-04-30T21:21:50.225521,55.06,0.119,57.93,0.1305,1000.0,0.0,4.199,89.9,98,0,60.0,2026-04-30T21:22:50.225080,4.21
2026-04-30T21:21:51.237047,55.11,0.1072,57.97,0.1288,1000.0,0.0,4.199,89.9,98,0,60.0,2026-04-30T21:22:51.236575,4.21
2026-04-30T21:21:51.423992,55.11,0.119,57.98,0.1315,1000.0,0.0,4.199,89.9,98,0,60.0,2026-04-30T21:22:51.423411,4.21
2026-04-30T21:21:51.601185,55.11,0.119,57.99,0.1327,1000.0,0.0,4.199,89.9,98,0,60.0,2026-04-30T21:22:51.600979,4.21
2026-04-30T21:21:52.167594,55.15,0.1107,58.01,0.1302,1000.0,0.0,4.199,89.9,98,0,60.0,2026-04-30T21:22:52.167335,4.21
2026-04-30T21:21:52.370942,55.15,0.1107,58.02,0.1284,1000.0,0.0,4.199,89.9,98,0,60.0,2026-04-30T21:22:52.370412,4.21
2026-04-30T21:21:53.108874,55.15,0.1107,58.05,0.1274,1000.0,0.0,4.199,89.9,99,0,60.0,2026-04-30T21:22:53.108607,4.21
2026-04-30T21:21:53.217908,55.19,0.1166,58.06,0.1279,1000.0,0.0,4.199,89.9,99,0,60.0,2026-04-30T21:22:53.217615,4.21
2026-04-30T21:21:53.350147,55.19,0.1166,58.06,0.1295,1000.0,0.0,4.199,89.9,99,0,60.0,2026-04-30T21:22:53.348470,4.21
2026-04-30T21:21:54.148786,55.23,0.1166,58.1,0.1309,1000.0,0.0,4.199,89.8,99,0,60.0,2026-04-30T21:22:54.148576,4.21
2026-04-30T21:21:54.212426,55.23,0.1166,58.1,0.1306,1000.0,0.0,4.199,89.8,99,0,60.0,2026-04-30T21:22:54.212262,4.21
2026-04-30T21:21:54.275089,55.23,0.1166,58.1,0.1311,1000.0,0.0,4.199,89.8,99,0,60.0,2026-04-30T21:22:54.274923,4.21
2026-04-30T21:21:55.228058,55.28,0.1131,58.14,0.1311,1000.0,0.0,4.199,89.8,98,0,60.0,2026-04-30T21:22:55.227788,4.21
2026-04-30T21:21:55.337017,55.28,0.1299,58.15,0.1364,1000.0,0.0,4.199,89.8,98,0,60.0,2026-04-30T21:22:55.336572,4.21
2026-04-30T21:21:55.455250,55.28,0.1299,58.16,0.1398,1000.0,0.0,4.199,89.8,98,0,60.0,2026-04-30T21:22:55.454734,4.21
2026-04-30T21:21:56.292986,55.32,0.1299,58.19,0.1432,1000.0,0.0,4.199,89.8,98,0,60.0,2026-04-30T21:22:56.292621,4.21
2026-04-30T21:21:56.420900,55.32,0.1299,58.2,0.1442,1000.0,0.0,4.199,89.8,98,0,60.0,2026-04-30T21:22:56.420516,4.21
2026-04-30T21:21:56.587046,55.32,0.1299,58.2,0.1447,1000.0,0.0,4.199,89.8,98,0,60.0,2026-04-30T21:22:56.586783,4.21
2026-04-30T21:21:57.313589,55.37,0.1129,58.24,0.1386,1000.0,0.0,4.199,89.8,98,0,60.0,2026-04-30T21:22:57.313366,4.21
2026-04-30T21:21:57.380989,55.37,0.1129,58.24,0.1345,1000.0,0.0,4.199,89.8,98,0,60.0,2026-04-30T21:22:57.380781,4.21
2026-04-30T21:21:58.331111,55.37,0.1129,58.28,0.132,1000.0,0.0,4.199,89.8,98,0,60.0,2026-04-30T21:22:58.330835,4.21
2026-04-30T21:21:58.393331,55.44,0.1223,58.29,0.1311,1000.0,0.0,4.199,89.8,98,0,60.0,2026-04-30T21:22:58.393152,4.21
2026-04-30T21:21:58.456059,55.44,0.1223,58.3,0.1337,1000.0,0.0,4.199,89.8,98,0,60.0,2026-04-30T21:22:58.455879,4.21
2026-04-30T21:21:59.401695,55.48,0.1223,58.34,0.1359,1000.0,0.0,4.199,89.8,98,0,60.0,2026-04-30T21:22:59.401455,4.21
2026-04-30T21:21:59.492378,55.48,0.1223,58.35,0.1369,1000.0,0.0,4.199,89.8,98,0,60.0,2026-04-30T21:22:59.492143,4.21
2026-04-30T21:21:59.595478,55.48,0.1223,58.35,0.1373,1000.0,0.0,4.199,89.8,98,0,60.0,2026-04-30T21:22:59.595171,4.21
2026-04-30T21:22:00.487063,55.51,0.1116,58.38,0.136,1000.0,0.0,4.199,89.8,98,0,60.0,2026-04-30T21:23:00.486645,4.21
2026-04-30T21:22:00.668295,55.51,0.1139,58.38,0.1326,1000.0,0.0,4.199,89.8,98,0,60.0,2026-04-30T21:23:00.667939,4.21
2026-04-30T21:22:00.831562,55.51,0.1139,58.39,0.1313,1000.0,0.0,4.199,89.8,98,0,60.0,2026-04-30T21:23:00.831171,4.21
2026-04-30T21:22:01.514330,55.56,0.1097,58.42,0.1295,1000.0,0.0,4.199,89.7,98,0,60.0,2026-04-30T21:23:01.513956,4.21
2026-04-30T21:22:01.622376,55.56,0.1139,58.43,0.1295,1000.0,0.0,4.199,89.7,98,0,60.0,2026-04-30T21:23:01.622110,4.21
2026-04-30T21:22:01.914697,55.56,0.1139,58.43,0.1295,1000.0,0.0,4.199,89.7,98,0,60.0,2026-04-30T21:23:01.914346,4.21
2026-04-30T21:22:02.554862,55.61,0.1097,58.47,0.128,1000.0,0.0,4.199,89.7,98,0,60.0,2026-04-30T21:23:02.554690,4.21
2026-04-30T21:22:02.624191,55.61,0.1097,58.48,0.1269,1000.0,0.0,4.199,89.7,98,0,60.0,2026-04-30T21:23:02.624011,4.21
2026-04-30T21:22:03.572328,55.61,0.1097,58.51,0.1263,1000.0,0.0,4.199,89.7,98,0,60.0,2026-04-30T21:23:03.572142,4.21
2026-04-30T21:22:03.646225,55.65,0.1233,58.52,0.1284,1000.0,0.0,4.199,89.7,98,0,60.0,2026-04-30T21:23:03.645912,4.21
2026-04-30T21:22:03.719286,55.65,0.1233,58.52,0.1326,1000.0,0.0,4.199,89.7,98,0,60.0,2026-04-30T21:23:03.719091,4.21
2026-04-30T21:22:04.625333,55.67,0.1233,58.55,0.1359,1000.0,0.0,4.199,89.7,98,0,60.0,2026-04-30T21:23:04.625115,4.21
2026-04-30T21:22:04.701099,55.67,0.1233,58.55,0.1344,1000.0,0.0,4.199,89.7,98,0,60.0,2026-04-30T21:23:04.700904,4.21
2026-04-30T21:22:04.786993,55.67,0.1233,58.55,0.1361,1000.0,0.0,4.199,89.7,98,0,60.0,2026-04-30T21:23:04.786663,4.21
2026-04-30T21:22:05.700751,55.7,0.108,58.58,0.1353,1000.0,0.0,4.199,89.7,98,0,60.0,2026-04-30T21:23:05.700424,4.21
2026-04-30T21:22:05.826171,55.7,0.1264,58.58,0.1369,1000.0,0.0,4.199,89.7,98,0,60.0,2026-04-30T21:23:05.825832,4.21
2026-04-30T21:22:06.050987,55.7,0.1264,58.58,0.139,1000.0,0.0,4.199,89.7,98,0,60.0,2026-04-30T21:23:06.050640,4.21
2026-04-30T21:22:06.872549,55.75,0.1264,58.62,0.141,1000.0,0.0,4.199,89.7,98,0,60.0,2026-04-30T21:23:06.872172,4.21
2026-04-30T21:22:07.056543,55.75,0.1264,58.63,0.1416,1000.0,0.0,4.199,89.7,98,0,60.0,2026-04-30T21:23:07.055792,4.21
2026-04-30T21:22:07.210558,55.75,0.1264,58.63,0.1418,1000.0,0.0,4.199,89.7,98,0,60.0,2026-04-30T21:23:07.209978,4.21
2026-04-30T21:22:07.793038,55.78,0.1215,58.65,0.1375,1000.0,0.0,4.199,89.7,98,0,60.0,2026-04-30T21:23:07.792827,4.21
2026-04-30T21:22:07.858511,55.78,0.1215,58.66,0.1374,1000.0,0.0,4.199,89.7,98,0,60.0,2026-04-30T21:23:07.858345,4.21
2026-04-30T21:22:08.803842,55.78,0.1215,58.69,0.1375,1000.0,0.0,4.199,89.7,98,0,60.0,2026-04-30T21:23:08.803654,4.21
2026-04-30T21:22:08.866183,55.82,0.1215,58.69,0.1347,1000.0,0.0,4.199,89.6,98,0,60.0,2026-04-30T21:23:08.865995,4.21
2026-04-30T21:22:08.959123,55.82,0.1215,58.7,0.1358,1000.0,0.0,4.199,89.6,98,0,60.0,2026-04-30T21:23:08.940860,4.21
2026-04-30T21:22:09.863773,55.87,0.1215,58.73,0.1367,1000.0,0.0,4.199,89.6,98,0,60.0,2026-04-30T21:23:09.863475,4.21
2026-04-30T21:22:09.947586,55.87,0.1105,58.74,0.1314,1000.0,0.0,4.199,89.6,98,0,60.0,2026-04-30T21:23:09.947334,4.21
2026-04-30T21:22:10.022143,55.87,0.1105,58.74,0.1294,1000.0,0.0,4.199,89.6,98,0,60.0,2026-04-30T21:23:10.021959,4.21
2026-04-30T21:22:10.925243,55.91,0.1071,58.77,0.1272,1000.0,0.0,4.199,89.6,98,0,60.0,2026-04-30T21:23:10.924821,4.21
2026-04-30T21:22:11.219657,55.91,0.1147,58.78,0.1282,1000.0,0.0,4.199,89.6,99,0,60.0,2026-04-30T21:23:11.219275,4.21
2026-04-30T21:22:11.349409,55.91,0.1147,58.79,0.1293,1000.0,0.0,4.199,89.6,99,0,60.0,2026-04-30T21:23:11.349117,4.21
2026-04-30T21:22:11.997150,55.95,0.1055,58.81,0.1278,1000.0,0.0,4.199,89.6,99,0,60.0,2026-04-30T21:23:11.996875,4.21
2026-04-30T21:22:12.098379,55.95,0.1147,58.82,0.129,1000.0,0.0,4.199,89.6,99,0,60.0,2026-04-30T21:23:12.098030,4.21
2026-04-30T21:22:12.224464,55.95,0.1147,58.82,0.1295,1000.0,0.0,4.199,89.6,99,0,60.0,2026-04-30T21:23:12.223919,4.21
2026-04-30T21:22:13.127686,55.99,0.1246,58.86,0.1292,1000.0,0.0,4.199,89.6,99,0,60.0,2026-04-30T21:23:13.127442,4.21
2026-04-30T21:22:13.224841,55.99,0.1246,58.86,0.1339,1000.0,0.0,4.199,89.6,99,0,60.0,2026-04-30T21:23:13.224491,4.21
2026-04-30T21:22:14.036296,55.99,0.1246,58.89,0.137,1000.0,0.0,4.199,89.6,99,0,60.0,2026-04-30T21:23:14.036120,4.21
2026-04-30T21:22:14.096200,56.03,0.1246,58.9,0.1389,1000.0,0.0,4.199,89.6,99,0,60.0,2026-04-30T21:23:14.096019,4.21
2026-04-30T21:22:14.156930,56.03,0.1246,58.9,0.1395,1000.0,0.0,4.199,89.6,99,0,60.0,2026-04-30T21:23:14.156780,4.21
2026-04-30T21:22:15.136551,56.09,0.1246,58.94,0.1401,1000.0,0.0,4.199,89.6,99,0,60.0,2026-04-30T21:23:15.136241,4.21
2026-04-30T21:22:15.436119,56.09,0.1156,58.95,0.1336,1000.0,0.0,4.199,89.6,99,0,60.0,2026-04-30T21:23:15.435135,4.21
2026-04-30T21:22:15.890796,56.09,0.1156,58.96,0.1326,1000.0,0.0,4.199,89.6,99,0,60.0,2026-04-30T21:23:15.890562,4.21
2026-04-30T21:22:16.191703,56.14,0.1062,58.98,0.1309,1000.0,0.0,4.199,89.5,99,0,60.0,2026-04-30T21:23:16.191103,4.21
2026-04-30T21:22:16.358381,56.14,0.1156,58.99,0.1308,1000.0,0.0,4.199,89.5,99,0,60.0,2026-04-30T21:23:16.351298,4.21
2026-04-30T21:22:16.552942,56.14,0.1156,59.0,0.1311,1000.0,0.0,4.199,89.5,99,0,60.0,2026-04-30T21:23:16.552573,4.21
2026-04-30T21:22:17.338966,56.21,0.1114,59.05,0.1302,1000.0,0.0,4.199,89.5,99,0,60.0,2026-04-30T21:23:17.338436,4.21
2026-04-30T21:22:17.490989,56.21,0.1114,59.06,0.1288,1000.0,0.0,4.199,89.5,99,0,60.0,2026-04-30T21:23:17.490446,4.21
2026-04-30T21:22:17.627743,56.21,0.1114,59.07,0.1282,1000.0,0.0,4.199,89.5,99,0,60.0,2026-04-30T21:23:17.627415,4.21
2026-04-30T21:22:18.268064,56.29,0.1179,59.12,0.1268,1000.0,0.0,4.199,89.5,99,0,60.0,2026-04-30T21:23:18.267843,4.21
2026-04-30T21:22:18.340918,56.29,0.1179,59.14,0.1295,1000.0,0.0,4.199,89.5,99,0,60.0,2026-04-30T21:23:18.340723,4.21
2026-04-30T21:22:19.284388,56.29,0.1179,59.18,0.1315,1000.0,0.0,4.199,89.5,99,0,60.0,2026-04-30T21:23:19.284068,4.21
2026-04-30T21:22:19.383283,56.35,0.1179,59.2,0.1302,1000.0,0.0,4.199,89.5,99,0,60.0,2026-04-30T21:23:19.383062,4.21
2026-04-30T21:22:19.480100,56.35,0.1179,59.2,0.1317,1000.0,0.0,4.199,89.5,99,0,60.0,2026-04-30T21:23:19.479850,4.21
2026-04-30T21:22:20.331094,56.42,0.1179,59.24,0.1329,1000.0,0.0,4.199,89.4,99,0,60.0,2026-04-30T21:23:20.330815,4.21
2026-04-30T21:22:20.402223,56.42,0.1188,59.26,0.1319,1000.0,0.0,4.199,89.4,99,0,60.0,2026-04-30T21:23:20.402012,4.21
2026-04-30T21:22:20.477221,56.42,0.1188,59.27,0.1329,1000.0,0.0,4.199,89.4,99,0,60.0,2026-04-30T21:23:20.477007,4.21
2026-04-30T21:22:21.402611,56.5,0.1188,59.32,0.134,1000.0,0.0,4.199,89.4,99,0,60.0,2026-04-30T21:23:21.402380,4.21
2026-04-30T21:22:21.500533,56.5,0.1188,59.34,0.1344,1000.0,0.0,4.199,89.4,99,0,60.0,2026-04-30T21:23:21.500287,4.21
2026-04-30T21:22:21.608765,56.5,0.1188,59.35,0.1345,1000.0,0.0,4.199,89.4,99,0,60.0,2026-04-30T21:23:21.608433,4.21
2026-04-30T21:22:22.447241,56.54,0.1053,59.39,0.1311,1000.0,0.0,4.199,89.4,99,0,60.0,2026-04-30T21:23:22.446995,4.21
2026-04-30T21:22:22.521442,56.54,0.1097,59.4,0.1287,1000.0,0.0,4.199,89.4,99,0,60.0,2026-04-30T21:23:22.521244,4.21
2026-04-30T21:22:22.620711,56.54,0.1097,59.4,0.1277,1000.0,0.0,4.199,89.4,99,0,60.0,2026-04-30T21:23:22.620451,4.21
2026-04-30T21:22:23.500756,56.6,0.1097,59.45,0.126,1000.0,0.0,4.199,89.4,99,0,60.0,2026-04-30T21:23:23.500550,4.21
2026-04-30T21:22:23.571901,56.6,0.1097,59.46,0.1258,1000.0,0.0,4.199,89.4,99,0,60.0,2026-04-30T21:23:23.571732,4.21
2026-04-30T21:22:24.501410,56.6,0.1097,59.49,0.1259,1000.0,0.0,4.199,89.4,99,0,60.0,2026-04-30T21:23:24.501237,4.21
2026-04-30T21:22:24.564639,56.67,0.1097,59.52,0.1258,1000.0,0.0,4.199,89.4,99,0,60.0,2026-04-30T21:23:24.564417,4.21
2026-04-30T21:22:24.631686,56.67,0.1097,59.52,0.1258,1000.0,0.0,4.199,89.4,99,0,60.0,2026-04-30T21:23:24.631339,4.21
2026-04-30T21:22:25.569992,56.74,0.1097,59.57,0.1259,1000.0,0.0,4.199,89.3,99,0,60.0,2026-04-30T21:23:25.569798,4.21
2026-04-30T21:22:25.672760,56.74,0.1062,59.59,0.1238,1000.0,0.0,4.199,89.3,99,0,60.0,2026-04-30T21:23:25.672523,4.21
2026-04-30T21:22:25.928709,56.74,0.1062,59.6,0.1232,1000.0,0.0,4.199,89.3,99,0,60.0,2026-04-30T21:23:25.928000,4.21
2026-04-30T21:22:26.628388,56.81,0.1048,59.64,0.1225,1000.0,0.0,4.199,89.3,99,0,60.0,2026-04-30T21:23:26.628170,4.21
2026-04-30T21:22:26.728898,56.81,0.1062,59.65,0.1222,1000.0,0.0,4.199,89.3,99,0,60.0,2026-04-30T21:23:26.728680,4.21
2026-04-30T21:22:26.850102,56.81,0.1062,59.66,0.1222,1000.0,0.0,4.199,89.3,99,0,60.0,2026-04-30T21:23:26.849785,4.21
2026-04-30T21:22:27.686737,56.85,0.1038,59.7,0.1217,1000.0,0.0,4.199,89.3,98,0,60.0,2026-04-30T21:23:27.686510,4.21
2026-04-30T21:22:27.759213,56.85,0.1291,59.71,0.1319,1000.0,0.0,4.199,89.3,98,0,60.0,2026-04-30T21:23:27.759005,4.21
2026-04-30T21:22:27.854686,56.85,0.1291,59.71,0.1365,1000.0,0.0,4.199,89.3,98,0,60.0,2026-04-30T21:23:27.854449,4.21
2026-04-30T21:22:28.726525,56.91,0.1291,59.75,0.1419,1000.0,0.0,4.199,89.3,98,0,60.0,2026-04-30T21:23:28.726349,4.21
2026-04-30T21:22:28.788358,56.91,0.1291,59.76,0.1433,1000.0,0.0,4.199,89.3,98,0,60.0,2026-04-30T21:23:28.788194,4.21
2026-04-30T21:22:29.745571,56.91,0.1291,59.8,0.1443,1000.0,0.0,4.199,89.3,98,0,60.0,2026-04-30T21:23:29.745368,4.21
2026-04-30T21:22:29.820096,56.95,0.1207,59.81,0.1388,1000.0,0.0,4.199,89.3,98,0,60.0,2026-04-30T21:23:29.819893,4.21
2026-04-30T21:22:29.901486,56.95,0.1207,59.81,0.138,1000.0,0.0,4.199,89.3,98,0,60.0,2026-04-30T21:23:29.901244,4.21
2026-04-30T21:22:30.805532,57.02,0.1207,59.85,0.1376,1000.0,0.0,4.199,89.2,98,0,60.0,2026-04-30T21:23:30.805344,4.21
2026-04-30T21:22:30.882185,57.02,0.1207,59.87,0.1352,1000.0,0.0,4.199,89.2,98,0,60.0,2026-04-30T21:23:30.881929,4.21
2026-04-30T21:22:30.996066,57.02,0.1207,59.87,0.1358,1000.0,0.0,4.199,89.2,98,0,60.0,2026-04-30T21:23:30.983250,4.21
2026-04-30T21:22:31.883766,57.08,0.1105,59.92,0.135,1000.0,0.0,4.199,89.2,98,0,60.0,2026-04-30T21:23:31.883488,4.21
2026-04-30T21:22:31.996244,57.08,0.1107,59.93,0.1312,1000.0,0.0,4.199,89.2,98,0,60.0,2026-04-30T21:23:31.995793,4.21
2026-04-30T21:22:32.174347,57.08,0.1107,59.94,0.1295,1000.0,0.0,4.199,89.2,98,0,60.0,2026-04-30T21:23:32.173974,4.21
2026-04-30T21:22:32.920760,57.14,0.1107,59.98,0.1281,1000.0,0.0,4.199,89.2,98,0,60.0,2026-04-30T21:23:32.920509,4.21
2026-04-30T21:22:33.264928,57.14,0.1107,59.99,0.1276,1000.0,0.0,4.199,89.2,98,0,60.0,2026-04-30T21:23:33.264573,4.21
2026-04-30T21:22:33.372010,57.14,0.1107,60.0,0.1273,1000.0,0.0,4.199,89.2,98,0,60.0,2026-04-30T21:23:33.371474,4.21
2026-04-30T21:22:33.966514,57.19,0.1107,60.03,0.1255,1000.0,0.0,4.199,89.2,98,0,60.0,2026-04-30T21:23:33.966312,4.21
2026-04-30T21:22:34.026989,57.19,0.1107,60.04,0.126,1000.0,0.0,4.199,89.2,98,0,60.0,2026-04-30T21:23:34.026846,4.21
2026-04-30T21:22:35.061870,57.19,0.1107,60.08,0.1266,1000.0,0.0,4.199,89.2,98,0,60.0,2026-04-30T21:23:35.047049,4.21
2026-04-30T21:22:35.159310,57.26,0.1266,60.1,0.1271,1000.0,0.0,4.199,89.2,98,0,60.0,2026-04-30T21:23:35.159044,4.21
2026-04-30T21:22:35.353709,57.26,0.1266,60.1,0.1338,1000.0,0.0,4.199,89.2,98,0,60.0,2026-04-30T21:23:35.353325,4.21
2026-04-30T21:22:36.038538,57.32,0.1266,60.14,0.1385,1000.0,0.0,4.199,89.1,98,0,60.0,2026-04-30T21:23:36.038407,4.21
2026-04-30T21:22:36.118892,57.32,0.1266,60.15,0.1406,1000.0,0.0,4.199,89.1,98,0,60.0,2026-04-30T21:23:36.118707,4.21
2026-04-30T21:22:36.602672,57.32,0.1266,60.17,0.1416,1000.0,0.0,4.199,89.1,98,0,60.0,2026-04-30T21:23:36.602261,4.21
2026-04-30T21:22:37.328466,57.37,0.1098,60.2,0.1398,1000.0,0.0,4.199,89.1,98,0,60.0,2026-04-30T21:23:37.326379,4.21
2026-04-30T21:22:37.641800,57.37,0.1257,60.22,0.1396,1000.0,0.0,4.199,89.1,99,0,60.0,2026-04-30T21:23:37.641494,4.21
2026-04-30T21:22:37.809455,57.37,0.1257,60.23,0.1408,1000.0,0.0,4.199,89.1,99,0,60.0,2026-04-30T21:23:37.808962,4.21
2026-04-30T21:22:38.164501,57.43,0.1088,60.25,0.138,1000.0,0.0,4.199,89.1,99,0,60.0,2026-04-30T21:23:38.164026,4.21
2026-04-30T21:22:38.272215,57.43,0.1257,60.27,0.1396,1000.0,0.0,4.199,89.1,99,0,60.0,2026-04-30T21:23:38.271857,4.21
2026-04-30T21:22:38.376463,57.43,0.1257,60.27,0.1405,1000.0,0.0,4.199,89.1,99,0,60.0,2026-04-30T21:23:38.376163,4.21
2026-04-30T21:22:39.235243,57.5,0.1206,60.33,0.1369,1000.0,0.0,4.199,89.1,99,0,60.0,2026-04-30T21:23:39.234886,4.21
2026-04-30T21:22:39.350864,57.5,0.1206,60.34,0.137,1000.0,0.0,4.199,89.1,99,0,60.0,2026-04-30T21:23:39.350582,4.21
2026-04-30T21:22:40.216124,57.5,0.1206,60.38,0.1372,1000.0,0.0,4.199,89.1,99,0,60.0,2026-04-30T21:23:40.215925,4.21
2026-04-30T21:22:40.279255,57.56,0.1206,60.4,0.1371,1000.0,0.0,4.199,89.1,99,0,60.0,2026-04-30T21:23:40.279061,4.21
2026-04-30T21:22:40.349960,57.56,0.1206,60.4,0.1371,1000.0,0.0,4.199,89.1,99,0,60.0,2026-04-30T21:23:40.349761,4.21
2026-04-30T21:22:41.284447,57.61,0.1206,60.45,0.1372,1000.0,0.0,4.199,89.0,99,0,60.0,2026-04-30T21:23:41.284253,4.21
2026-04-30T21:22:41.389195,57.61,0.1188,60.46,0.1356,1000.0,0.0,4.199,89.0,99,0,60.0,2026-04-30T21:23:41.388951,4.21
2026-04-30T21:22:41.571471,57.61,0.1188,60.46,0.1355,1000.0,0.0,4.199,89.0,99,0,60.0,2026-04-30T21:23:41.569830,4.21
2026-04-30T21:22:42.396708,57.68,0.1131,60.51,0.1347,1000.0,0.0,4.199,89.0,99,0,60.0,2026-04-30T21:23:42.396066,4.21
2026-04-30T21:22:42.609131,57.68,0.124,60.53,0.1366,1000.0,0.0,4.199,89.0,99,0,60.0,2026-04-30T21:23:42.608670,4.21
2026-04-30T21:22:42.788933,57.68,0.124,60.54,0.1383,1000.0,0.0,4.199,89.0,99,0,60.0,2026-04-30T21:23:42.788124,4.21
2026-04-30T21:22:43.453497,57.76,0.124,60.58,0.1396,1000.0,0.0,4.199,89.0,99,0,60.0,2026-04-30T21:23:43.452947,4.21
2026-04-30T21:22:43.666383,57.76,0.124,60.59,0.1401,1000.0,0.0,4.199,89.0,99,0,60.0,2026-04-30T21:23:43.666061,4.21
2026-04-30T21:22:43.895715,57.76,0.124,60.61,0.1403,1000.0,0.0,4.199,89.0,99,0,60.0,2026-04-30T21:23:43.895361,4.21
2026-04-30T21:22:44.714691,57.82,0.1147,60.65,0.1352,1000.0,0.0,4.199,89.0,99,0,60.0,2026-04-30T21:23:44.703441,4.21
2026-04-30T21:22:45.023303,57.82,0.1147,60.67,0.1332,1000.0,0.0,4.199,89.0,99,0,60.0,2026-04-30T21:23:45.022924,4.21
2026-04-30T21:22:45.447106,57.82,0.1147,60.69,0.1323,1000.0,0.0,4.199,89.0,99,0,60.0,2026-04-30T21:23:45.446919,4.21
2026-04-30T21:22:45.516811,57.86,0.1223,60.7,0.1324,1000.0,0.0,4.199,89.0,99,0,60.0,2026-04-30T21:23:45.516621,4.21
2026-04-30T21:22:45.587232,57.86,0.1223,60.7,0.1347,1000.0,0.0,4.199,89.0,99,0,60.0,2026-04-30T21:23:45.587028,4.21
2026-04-30T21:22:46.508263,57.92,0.1223,60.75,0.137,1000.0,0.0,4.199,88.9,99,0,60.0,2026-04-30T21:23:46.508094,4.21
2026-04-30T21:22:46.578001,57.92,0.1223,60.76,0.138,1000.0,0.0,4.199,88.9,99,0,60.0,2026-04-30T21:23:46.577829,4.21
2026-04-30T21:22:46.645133,57.92,0.1223,60.76,0.1383,1000.0,0.0,4.199,88.9,99,0,60.0,2026-04-30T21:23:46.644822,4.21
2026-04-30T21:22:47.588464,57.96,0.1062,60.8,0.1362,1000.0,0.0,4.199,88.9,99,0,60.0,2026-04-30T21:23:47.588149,4.21
2026-04-30T21:22:47.692165,57.96,0.1273,60.81,0.138,1000.0,0.0,4.199,88.9,99,0,60.0,2026-04-30T21:23:47.691931,4.21
2026-04-30T21:22:47.795223,57.96,0.1273,60.81,0.1403,1000.0,0.0,4.199,88.9,99,0,60.0,2026-04-30T21:23:47.794983,4.21
2026-04-30T21:22:48.635089,58.0,0.1156,60.85,0.1381,1000.0,0.0,4.199,88.9,99,0,60.0,2026-04-30T21:23:48.634856,4.21
2026-04-30T21:22:48.739243,58.0,0.1273,60.85,0.1407,1000.0,0.0,4.199,88.9,99,0,60.0,2026-04-30T21:23:48.739008,4.21
2026-04-30T21:22:48.850405,58.0,0.1273,60.86,0.142,1000.0,0.0,4.199,88.9,99,0,60.0,2026-04-30T21:23:48.849996,4.21
2026-04-30T21:22:49.674074,58.05,0.1323,60.89,0.1411,1000.0,0.0,4.199,88.9,99,0,60.0,2026-04-30T21:23:49.673898,4.21
2026-04-30T21:22:49.744524,58.05,0.1323,60.9,0.1443,1000.0,0.0,4.199,88.9,99,0,60.0,2026-04-30T21:23:49.744309,4.21
2026-04-30T21:22:50.689817,58.05,0.1323,60.94,0.1466,1000.0,0.0,4.199,88.9,99,0,60.0,2026-04-30T21:23:50.689629,4.21
2026-04-30T21:22:50.763461,58.08,0.1323,60.94,0.1479,1000.0,0.0,4.199,88.9,99,0,60.0,2026-04-30T21:23:50.763279,4.21
2026-04-30T21:22:50.847039,58.08,0.1323,60.94,0.1484,1000.0,0.0,4.199,88.9,99,0,60.0,2026-04-30T21:23:50.846667,4.21
2026-04-30T21:22:51.747620,58.13,0.1323,60.97,0.1488,1000.0,0.0,4.199,88.9,99,0,60.0,2026-04-30T21:23:51.747360,4.21
2026-04-30T21:22:51.838755,58.13,0.1164,60.98,0.14,1000.0,0.0,4.199,88.9,99,0,60.0,2026-04-30T21:23:51.838512,4.21
2026-04-30T21:22:52.191169,58.13,0.1164,60.99,0.137,1000.0,0.0,4.199,88.9,99,0,60.0,2026-04-30T21:23:52.190598,4.21
2026-04-30T21:22:52.823196,58.18,0.1116,61.02,0.1343,1000.0,0.0,4.199,88.9,99,0,60.0,2026-04-30T21:23:52.822811,4.21
2026-04-30T21:22:52.933914,58.18,0.1249,61.02,0.1369,1000.0,0.0,4.199,88.9,99,0,60.0,2026-04-30T21:23:52.933262,4.21
2026-04-30T21:22:53.492378,58.18,0.1249,61.04,0.1389,1000.0,0.0,4.199,88.9,99,0,60.0,2026-04-30T21:23:53.475750,4.21
2026-04-30T21:22:53.977844,58.23,0.1249,61.06,0.1406,1000.0,0.0,4.199,88.8,99,0,60.0,2026-04-30T21:23:53.977445,4.21
2026-04-30T21:22:54.101786,58.23,0.1249,61.07,0.141,1000.0,0.0,4.199,88.8,99,0,60.0,2026-04-30T21:23:54.101433,4.21
2026-04-30T21:22:54.223663,58.23,0.1249,61.07,0.1413,1000.0,0.0,4.199,88.8,99,0,60.0,2026-04-30T21:23:54.223174,4.21
2026-04-30T21:22:54.917209,58.28,0.1341,61.11,0.1398,1000.0,0.0,4.199,88.8,99,0,60.0,2026-04-30T21:23:54.915148,4.21
2026-04-30T21:22:55.114219,58.28,0.1341,61.11,0.1443,1000.0,0.0,4.199,88.8,99,0,60.0,2026-04-30T21:23:55.105746,4.21
2026-04-30T21:22:55.922084,58.28,0.1341,61.15,0.1477,1000.0,0.0,4.199,88.8,98,0,60.0,2026-04-30T21:23:55.921910,4.21
2026-04-30T21:22:55.985280,58.34,0.1341,61.17,0.1457,1000.0,0.0,4.199,88.8,98,0,60.0,2026-04-30T21:23:55.985082,4.21
2026-04-30T21:22:56.044816,58.34,0.1341,61.17,0.1477,1000.0,0.0,4.199,88.8,98,0,60.0,2026-04-30T21:23:56.044665,4.21
2026-04-30T21:22:57.101473,58.39,0.1341,61.21,0.1496,1000.0,0.0,4.199,88.8,98,0,60.0,2026-04-30T21:23:57.084512,4.21
2026-04-30T21:22:57.594127,58.39,0.1256,61.23,0.1444,1000.0,0.0,4.199,88.8,98,0,60.0,2026-04-30T21:23:57.593777,4.21
2026-04-30T21:22:57.997720,58.39,0.1256,61.25,0.1433,1000.0,0.0,4.199,88.8,98,0,60.0,2026-04-30T21:23:57.997460,4.21
2026-04-30T21:22:58.244887,58.44,0.1256,61.26,0.1429,1000.0,0.0,4.199,88.8,98,0,60.0,2026-04-30T21:23:58.244122,4.21
2026-04-30T21:22:58.459586,58.44,0.1256,61.27,0.1427,1000.0,0.0,4.199,88.8,98,0,60.0,2026-04-30T21:23:58.459135,4.21
2026-04-30T21:22:58.640143,58.44,0.1256,61.28,0.1427,1000.0,0.0,4.199,88.8,98,0,60.0,2026-04-30T21:23:58.639744,4.21
2026-04-30T21:22:59.222004,58.46,0.1105,61.31,0.1395,1000.0,0.0,4.199,88.8,99,0,60.0,2026-04-30T21:23:59.221469,4.21
2026-04-30T21:22:59.339059,58.46,0.1156,61.31,0.1365,1000.0,0.0,4.199,88.8,99,0,60.0,2026-04-30T21:23:59.338533,4.21
2026-04-30T21:22:59.471242,58.46,0.1156,61.31,0.135,1000.0,0.0,4.199,88.8,99,0,60.0,2026-04-30T21:23:59.470965,4.21
2026-04-30T21:23:00.143370,58.5,0.1266,61.34,0.1338,1000.0,0.0,4.199,88.7,99,0,60.0,2026-04-30T21:24:00.143185,4.211
2026-04-30T21:23:00.210200,58.5,0.1266,61.34,0.1375,1000.0,0.0,4.199,88.7,99,0,60.0,2026-04-30T21:24:00.210006,4.211
2026-04-30T21:23:01.165634,58.5,0.1266,61.38,0.1404,1000.0,0.0,4.199,88.7,98,0,60.0,2026-04-30T21:24:01.165247,4.211
2026-04-30T21:23:01.278590,58.54,0.1266,61.38,0.1421,1000.0,0.0,4.199,88.7,98,0,60.0,2026-04-30T21:24:01.278228,4.211
2026-04-30T21:23:01.493616,58.54,0.1266,61.39,0.1427,1000.0,0.0,4.199,88.7,98,0,60.0,2026-04-30T21:24:01.493296,4.211
2026-04-30T21:23:02.228456,58.57,0.1266,61.42,0.1432,1000.0,0.0,4.199,88.7,98,0,60.0,2026-04-30T21:24:02.228272,4.211
2026-04-30T21:23:02.334217,58.57,0.1223,61.42,0.137,1000.0,0.0,4.199,88.7,98,0,60.0,2026-04-30T21:24:02.333949,4.211
2026-04-30T21:23:02.688643,58.57,0.1223,61.43,0.1381,1000.0,0.0,4.199,88.7,98,0,60.0,2026-04-30T21:24:02.688258,4.211
2026-04-30T21:23:03.437126,58.6,0.0995,61.45,0.1355,1000.0,0.0,4.199,88.7,98,0,60.0,2026-04-30T21:24:03.436374,4.211
2026-04-30T21:23:03.756564,58.6,0.1257,61.45,0.1388,1000.0,0.0,4.199,88.7,98,0,60.0,2026-04-30T21:24:03.756145,4.211
2026-04-30T21:23:03.939166,58.6,0.1257,61.46,0.1407,1000.0,0.0,4.199,88.7,98,0,60.0,2026-04-30T21:24:03.938717,4.211
2026-04-30T21:23:04.460384,58.62,0.1257,61.47,0.1418,1000.0,0.0,4.199,88.7,98,0,60.0,2026-04-30T21:24:04.459439,4.211
2026-04-30T21:23:04.673527,58.62,0.1257,61.48,0.1422,1000.0,0.0,4.199,88.7,98,0,60.0,2026-04-30T21:24:04.669754,4.211
2026-04-30T21:23:04.943969,58.62,0.1257,61.48,0.1424,1000.0,0.0,4.199,88.7,98,0,60.0,2026-04-30T21:24:04.943589,4.211
2026-04-30T21:23:05.414844,58.67,0.1206,61.5,0.1409,1000.0,0.0,4.199,88.7,98,0,60.0,2026-04-30T21:24:05.414522,4.211
2026-04-30T21:23:05.526338,58.67,0.1206,61.51,0.1396,1000.0,0.0,4.199,88.7,98,0,60.0,2026-04-30T21:24:05.526111,4.211
2026-04-30T21:23:06.435735,58.67,0.1206,61.54,0.1388,1000.0,0.0,4.199,88.7,98,0,60.0,2026-04-30T21:24:06.435354,4.211
2026-04-30T21:23:06.759536,58.7,0.1139,61.54,0.1345,1000.0,0.0,4.199,88.7,98,0,60.0,2026-04-30T21:24:06.759227,4.211
2026-04-30T21:23:07.106942,58.7,0.1139,61.55,0.1326,1000.0,0.0,4.199,88.7,98,0,60.0,2026-04-30T21:24:07.106455,4.211
2026-04-30T21:23:07.474823,58.74,0.1139,61.56,0.1318,1000.0,0.0,4.199,88.7,98,0,60.0,2026-04-30T21:24:07.474445,4.211
2026-04-30T21:23:07.604784,58.74,0.1273,61.57,0.1349,1000.0,0.0,4.199,88.7,98,0,60.0,2026-04-30T21:24:07.604504,4.211
2026-04-30T21:23:07.800897,58.74,0.1273,61.58,0.1385,1000.0,0.0,4.199,88.7,98,0,60.0,2026-04-30T21:24:07.800312,4.211
2026-04-30T21:23:08.637335,58.76,0.1273,61.61,0.1418,1000.0,0.0,4.199,88.7,98,0,60.0,2026-04-30T21:24:08.637001,4.211
2026-04-30T21:23:08.852672,58.76,0.1273,61.61,0.1432,1000.0,0.0,4.199,88.7,98,0,60.0,2026-04-30T21:24:08.851455,4.211
2026-04-30T21:23:09.101275,58.76,0.1273,61.61,0.1437,1000.0,0.0,4.199,88.7,98,0,60.0,2026-04-30T21:24:09.094576,4.211
2026-04-30T21:23:09.627177,58.79,0.1156,61.63,0.1413,1000.0,0.0,4.199,88.7,98,0,60.0,2026-04-30T21:24:09.626875,4.211
2026-04-30T21:23:09.758289,58.79,0.1232,61.63,0.1408,1000.0,0.0,4.199,88.7,98,0,60.0,2026-04-30T21:24:09.757725,4.211
2026-04-30T21:23:09.933809,58.79,0.1232,61.64,0.1406,1000.0,0.0,4.199,88.7,98,0,60.0,2026-04-30T21:24:09.932727,4.211
2026-04-30T21:23:10.616054,58.83,0.1377,61.67,0.1413,1000.0,0.0,4.199,88.6,98,0,60.0,2026-04-30T21:24:10.615864,4.211
2026-04-30T21:23:10.677503,58.83,0.1377,61.67,0.1467,1000.0,0.0,4.199,88.6,98,0,60.0,2026-04-30T21:24:10.677343,4.211
2026-04-30T21:23:11.624377,58.83,0.1377,61.71,0.1504,1000.0,0.0,4.199,88.6,98,0,60.0,2026-04-30T21:24:11.624200,4.211
2026-04-30T21:23:11.707415,58.87,0.1377,61.71,0.1528,1000.0,0.0,4.199,88.6,98,0,60.0,2026-04-30T21:24:11.707215,4.211
2026-04-30T21:23:11.938666,58.87,0.1377,61.71,0.1536,1000.0,0.0,4.199,88.6,98,0,60.0,2026-04-30T21:24:11.938067,4.211
2026-04-30T21:23:12.689060,58.92,0.1377,61.75,0.1544,1000.0,0.0,4.199,88.6,98,0,60.0,2026-04-30T21:24:12.688883,4.211
2026-04-30T21:23:12.768618,58.92,0.1274,61.76,0.1478,1000.0,0.0,4.199,88.6,98,0,60.0,2026-04-30T21:24:12.768417,4.211
2026-04-30T21:23:12.861328,58.92,0.1274,61.76,0.1466,1000.0,0.0,4.199,88.6,98,0,60.0,2026-04-30T21:24:12.860926,4.211
2026-04-30T21:23:13.743607,58.95,0.1179,61.79,0.1441,1000.0,0.0,4.199,88.6,98,0,60.0,2026-04-30T21:24:13.743378,4.211
2026-04-30T21:23:13.827519,58.95,0.1274,61.8,0.1435,1000.0,0.0,4.199,88.6,98,0,60.0,2026-04-30T21:24:13.827270,4.211
2026-04-30T21:23:13.928321,58.95,0.1274,61.8,0.1439,1000.0,0.0,4.199,88.6,98,0,60.0,2026-04-30T21:24:13.927981,4.211
2026-04-30T21:23:14.801758,59.0,0.119,61.84,0.1421,1000.0,0.0,4.199,88.6,98,0,60.0,2026-04-30T21:24:14.801549,4.211
2026-04-30T21:23:14.888741,59.0,0.1197,61.84,0.1398,1000.0,0.0,4.199,88.6,98,0,60.0,2026-04-30T21:24:14.888518,4.211
2026-04-30T21:23:15.182248,59.0,0.1197,61.85,0.1387,1000.0,0.0,4.199,88.6,98,0,60.0,2026-04-30T21:24:15.171346,4.211
2026-04-30T21:23:15.849524,59.05,0.1224,61.89,0.138,1000.0,0.0,4.199,88.6,99,0,60.0,2026-04-30T21:24:15.849340,4.211
2026-04-30T21:23:15.915996,59.05,0.1224,61.89,0.1386,1000.0,0.0,4.199,88.6,99,0,60.0,2026-04-30T21:24:15.915736,4.211
2026-04-30T21:23:16.857969,59.05,0.1224,61.93,0.1392,1000.0,0.0,4.199,88.6,99,0,60.0,2026-04-30T21:24:16.857784,4.211
2026-04-30T21:23:16.947173,59.11,0.1224,61.94,0.138,1000.0,0.0,4.199,88.5,99,0,60.0,2026-04-30T21:24:16.933583,4.211
2026-04-30T21:23:17.178935,59.11,0.1224,61.95,0.1387,1000.0,0.0,4.199,88.5,99,0,60.0,2026-04-30T21:24:17.178067,4.211
2026-04-30T21:23:17.923406,59.16,0.1224,61.98,0.1393,1000.0,0.0,4.199,88.5,99,0,60.0,2026-04-30T21:24:17.923230,4.211
2026-04-30T21:23:18.002886,59.16,0.135,61.99,0.1413,1000.0,0.0,4.199,88.5,99,0,60.0,2026-04-30T21:24:18.002685,4.211
2026-04-30T21:23:18.093627,59.16,0.135,61.99,0.1453,1000.0,0.0,4.199,88.5,99,0,60.0,2026-04-30T21:24:18.093358,4.211
2026-04-30T21:23:19.084431,59.21,0.135,62.04,0.1493,1000.0,0.0,4.199,88.5,99,0,60.0,2026-04-30T21:24:19.084177,4.211
2026-04-30T21:23:19.193190,59.21,0.135,62.05,0.1508,1000.0,0.0,4.199,88.5,99,0,60.0,2026-04-30T21:24:19.192794,4.211
2026-04-30T21:23:19.431634,59.21,0.135,62.05,0.1515,1000.0,0.0,4.199,88.5,99,0,60.0,2026-04-30T21:24:19.431280,4.211
2026-04-30T21:23:20.037923,59.27,0.112,62.09,0.1461,1000.0,0.0,4.199,88.5,99,0,60.0,2026-04-30T21:24:20.037669,4.211
2026-04-30T21:23:20.144058,59.27,0.1156,62.09,0.1405,1000.0,0.0,4.199,88.5,99,0,60.0,2026-04-30T21:24:20.143746,4.211
2026-04-30T21:23:20.285968,59.27,0.1156,62.1,0.1378,1000.0,0.0,4.199,88.5,99,0,60.0,2026-04-30T21:24:20.285310,4.211
2026-04-30T21:23:21.115651,59.32,0.1333,62.14,0.1367,1000.0,0.0,4.199,88.5,99,0,60.0,2026-04-30T21:24:21.115404,4.211
2026-04-30T21:23:21.219862,59.32,0.1333,62.15,0.1426,1000.0,0.0,4.199,88.5,99,0,60.0,2026-04-30T21:24:21.219585,4.211
2026-04-30T21:23:22.102428,59.32,0.1333,62.18,0.1464,1000.0,0.0,4.199,88.5,99,0,60.0,2026-04-30T21:24:22.102229,4.211
2026-04-30T21:23:22.174509,59.37,0.1333,62.19,0.1487,1000.0,0.0,4.199,88.5,99,0,60.0,2026-04-30T21:24:22.174342,4.211
2026-04-30T21:23:22.264500,59.37,0.1333,62.2,0.1494,1000.0,0.0,4.199,88.5,99,0,60.0,2026-04-30T21:24:22.264218,4.211
2026-04-30T21:23:23.185299,59.42,0.1333,62.24,0.1502,1000.0,0.0,4.199,88.4,99,0,60.0,2026-04-30T21:24:23.184907,4.211
2026-04-30T21:23:23.587130,59.42,0.1342,62.25,0.1482,1000.0,0.0,4.199,88.4,99,0,60.0,2026-04-30T21:24:23.586750,4.211
2026-04-30T21:23:23.749984,59.42,0.1342,62.26,0.1499,1000.0,0.0,4.199,88.4,99,0,60.0,2026-04-30T21:24:23.749556,4.211
2026-04-30T21:23:24.259443,59.49,0.1197,62.29,0.1489,1000.0,0.0,4.199,88.4,99,0,60.0,2026-04-30T21:24:24.258842,4.211
2026-04-30T21:23:24.597375,59.49,0.1342,62.31,0.1496,1000.0,0.0,4.199,88.4,99,0,60.0,2026-04-30T21:24:24.597005,4.211
2026-04-30T21:23:24.783002,59.49,0.1342,62.32,0.1505,1000.0,0.0,4.199,88.4,99,0,60.0,2026-04-30T21:24:24.782496,4.211
2026-04-30T21:23:25.317170,59.54,0.1249,62.36,0.1489,1000.0,0.0,4.199,88.4,99,0,60.0,2026-04-30T21:24:25.316859,4.211
2026-04-30T21:23:25.464428,59.54,0.1282,62.37,0.1475,1000.0,0.0,4.199,88.4,99,0,60.0,2026-04-30T21:24:25.464054,4.211
2026-04-30T21:23:25.601393,59.54,0.1282,62.38,0.1468,1000.0,0.0,4.199,88.4,99,0,60.0,2026-04-30T21:24:25.601114,4.211
2026-04-30T21:23:26.330711,59.61,0.135,62.42,0.1471,1000.0,0.0,4.199,88.4,99,0,60.0,2026-04-30T21:24:26.330477,4.211
2026-04-30T21:23:26.405501,59.61,0.135,62.43,0.1492,1000.0,0.0,4.199,88.4,99,0,60.0,2026-04-30T21:24:26.405311,4.211
2026-04-30T21:23:27.338197,59.61,0.135,62.47,0.1509,1000.0,0.0,4.199,88.4,99,0,60.0,2026-04-30T21:24:27.338002,4.211
2026-04-30T21:23:27.431983,59.66,0.135,62.48,0.149,1000.0,0.0,4.199,88.4,99,0,60.0,2026-04-30T21:24:27.431730,4.211
2026-04-30T21:23:27.537794,59.66,0.135,62.49,0.1505,1000.0,0.0,4.199,88.4,99,0,60.0,2026-04-30T21:24:27.537554,4.211
2026-04-30T21:23:28.395644,59.73,0.135,62.53,0.1517,1000.0,0.0,4.199,88.3,99,0,60.0,2026-04-30T21:24:28.395383,4.211
2026-04-30T21:23:28.473162,59.73,0.135,62.54,0.1485,1000.0,0.0,4.199,88.3,99,0,60.0,2026-04-30T21:24:28.472979,4.211
2026-04-30T21:23:28.566791,59.73,0.135,62.55,0.15,1000.0,0.0,4.199,88.3,99,0,60.0,2026-04-30T21:24:28.566477,4.211
2026-04-30T21:23:29.513558,59.78,0.135,62.59,0.1515,1000.0,0.0,4.199,88.3,99,0,60.0,2026-04-30T21:24:29.513312,4.211
2026-04-30T21:23:29.784007,59.78,0.135,62.61,0.1521,1000.0,0.0,4.199,88.3,99,0,60.0,2026-04-30T21:24:29.783636,4.211
2026-04-30T21:23:30.025653,59.78,0.135,62.62,0.1523,1000.0,0.0,4.199,88.3,99,0,60.0,2026-04-30T21:24:30.024740,4.211
2026-04-30T21:23:31.065955,59.83,0.1215,62.66,0.1486,1000.0,0.0,4.199,88.3,99,0,60.0,2026-04-30T21:24:31.059362,4.211
2026-04-30T21:23:31.235110,59.83,0.1299,62.67,0.148,1000.0,0.0,4.199,88.3,99,0,60.0,2026-04-30T21:24:31.234801,4.211
2026-04-30T21:23:31.659379,59.83,0.1299,62.67,0.1478,1000.0,0.0,4.199,88.3,99,0,60.0,2026-04-30T21:24:31.644055,4.211
2026-04-30T21:23:32.939882,59.89,0.1418,62.73,0.149,1000.0,0.0,4.199,88.3,98,0,60.0,2026-04-30T21:24:32.939548,4.211
2026-04-30T21:23:33.150141,59.89,0.1418,62.74,0.1552,1000.0,0.0,4.199,88.3,98,0,60.0,2026-04-30T21:24:33.149854,4.211
2026-04-30T21:23:33.471135,59.89,0.1418,62.74,0.1572,1000.0,0.0,4.199,88.3,98,0,60.0,2026-04-30T21:24:33.469810,4.211
2026-04-30T21:23:33.548845,59.94,0.1418,62.76,0.1582,1000.0,0.0,4.199,88.3,98,0,60.0,2026-04-30T21:24:33.548672,4.211
2026-04-30T21:23:33.628253,59.94,0.1418,62.77,0.1587,1000.0,0.0,4.199,88.3,98,0,60.0,2026-04-30T21:24:33.628100,4.211
2026-04-30T21:23:33.698791,60.0,0.1418,62.77,0.159,1000.0,0.0,4.199,88.2,98,0,60.0,2026-04-30T21:24:33.698637,4.211
2026-04-30T21:23:33.769302,60.0,0.1316,62.79,0.1549,1000.0,0.0,4.199,88.2,98,0,60.0,2026-04-30T21:24:33.769098,4.211
2026-04-30T21:23:33.838116,60.0,0.1316,62.81,0.1533,1000.0,0.0,4.199,88.2,98,0,60.0,2026-04-30T21:24:33.837995,4.211
2026-04-30T21:23:34.673460,60.06,0.1197,62.86,0.1496,1000.0,0.0,4.199,88.2,98,0,60.0,2026-04-30T21:24:34.673332,4.211
2026-04-30T21:23:34.731737,60.06,0.1316,62.87,0.1492,1000.0,0.0,4.199,88.2,98,0,60.0,2026-04-30T21:24:34.731616,4.211
2026-04-30T21:23:34.788981,60.06,0.1316,62.88,0.1492,1000.0,0.0,4.199,88.2,98,0,60.0,2026-04-30T21:24:34.788875,4.211
2026-04-30T21:23:35.739683,60.1,0.1282,62.92,0.1485,1000.0,0.0,4.199,88.2,98,0,60.0,2026-04-30T21:24:35.739540,4.211
2026-04-30T21:23:35.797241,60.1,0.1282,62.92,0.1474,1000.0,0.0,4.199,88.2,98,0,60.0,2026-04-30T21:24:35.797122,4.211
2026-04-30T21:23:35.855116,60.1,0.1282,62.93,0.1469,1000.0,0.0,4.199,88.2,98,0,60.0,2026-04-30T21:24:35.854966,4.211
2026-04-30T21:23:36.781017,60.15,0.1368,62.97,0.1465,1000.0,0.0,4.199,88.2,98,0,60.0,2026-04-30T21:24:36.780881,4.211
2026-04-30T21:23:36.838745,60.15,0.1368,62.97,0.1497,1000.0,0.0,4.199,88.2,98,0,60.0,2026-04-30T21:24:36.838610,4.211
2026-04-30T21:23:37.807912,60.15,0.1368,63.01,0.152,1000.0,0.0,4.199,88.2,98,0,60.0,2026-04-30T21:24:37.807744,4.211
2026-04-30T21:23:37.866978,60.2,0.1368,63.02,0.15,1000.0,0.0,4.199,88.2,98,0,60.0,2026-04-30T21:24:37.866842,4.211
2026-04-30T21:23:37.927528,60.2,0.1368,63.03,0.1517,1000.0,0.0,4.199,88.2,98,0,60.0,2026-04-30T21:24:37.927389,4.211
2026-04-30T21:23:38.866053,60.23,0.1368,63.06,0.1534,1000.0,0.0,4.199,88.2,97,0,60.0,2026-04-30T21:24:38.865885,4.211
2026-04-30T21:23:38.926798,60.23,0.1444,63.06,0.1527,1000.0,0.0,4.199,88.2,97,0,60.0,2026-04-30T21:24:38.926623,4.211
2026-04-30T21:23:38.985731,60.23,0.1444,63.06,0.1562,1000.0,0.0,4.199,88.2,97,0,60.0,2026-04-30T21:24:38.985565,4.211
2026-04-30T21:23:39.926617,60.28,0.1444,63.1,0.1596,1000.0,0.0,4.199,88.1,97,0,60.0,2026-04-30T21:24:39.926471,4.211
2026-04-30T21:23:39.999626,60.28,0.1444,63.11,0.1609,1000.0,0.0,4.199,88.1,97,0,60.0,2026-04-30T21:24:39.987744,4.211
2026-04-30T21:23:40.139599,60.28,0.1444,63.11,0.1614,1000.0,0.0,4.199,88.1,97,0,60.0,2026-04-30T21:24:40.139415,4.211
2026-04-30T21:23:41.012020,60.33,0.1323,63.15,0.1587,1000.0,0.0,4.199,88.1,97,0,60.0,2026-04-30T21:24:41.011831,4.211
2026-04-30T21:23:41.069819,60.33,0.1392,63.15,0.158,1000.0,0.0,4.199,88.1,97,0,60.0,2026-04-30T21:24:41.069713,4.211
2026-04-30T21:23:41.127384,60.33,0.1392,63.15,0.1577,1000.0,0.0,4.199,88.1,97,0,60.0,2026-04-30T21:24:41.127246,4.211
2026-04-30T21:23:42.045242,60.37,0.1392,63.19,0.1557,1000.0,0.0,4.199,88.1,97,0,60.0,2026-04-30T21:24:42.027042,4.211
2026-04-30T21:23:42.172183,60.37,0.1392,63.2,0.1563,1000.0,0.0,4.199,88.1,97,0,60.0,2026-04-30T21:24:42.172021,4.211
2026-04-30T21:23:43.048061,60.37,0.1392,63.23,0.1569,1000.0,0.0,4.199,88.1,97,0,60.0,2026-04-30T21:24:43.047850,4.211
2026-04-30T21:23:43.106489,60.42,0.1316,63.24,0.1537,1000.0,0.0,4.199,88.1,97,0,60.0,2026-04-30T21:24:43.106337,4.211
2026-04-30T21:23:43.162995,60.42,0.1316,63.24,0.152,1000.0,0.0,4.199,88.1,97,0,60.0,2026-04-30T21:24:43.162883,4.211
2026-04-30T21:23:44.117107,60.46,0.1316,63.28,0.151,1000.0,0.0,4.199,88.1,97,0,60.0,2026-04-30T21:24:44.116952,4.211
2026-04-30T21:23:44.179101,60.46,0.1309,63.28,0.1491,1000.0,0.0,4.199,88.1,97,0,60.0,2026-04-30T21:24:44.178937,4.211
2026-04-30T21:23:44.253835,60.46,0.1309,63.29,0.149,1000.0,0.0,4.199,88.1,97,0,60.0,2026-04-30T21:24:44.253676,4.211
2026-04-30T21:23:45.152408,60.52,0.1273,63.32,0.1485,1000.0,0.0,4.199,88.1,97,0,60.0,2026-04-30T21:24:45.152253,4.211
2026-04-30T21:23:45.210604,60.52,0.1309,63.33,0.1482,1000.0,0.0,4.199,88.1,97,0,60.0,2026-04-30T21:24:45.210474,4.211
2026-04-30T21:23:45.267529,60.52,0.1309,63.33,0.1484,1000.0,0.0,4.199,88.1,97,0,60.0,2026-04-30T21:24:45.267431,4.211
2026-04-30T21:23:46.201685,60.57,0.1249,63.38,0.1471,1000.0,0.0,4.199,88.1,97,0,60.0,2026-04-30T21:24:46.201512,4.211
2026-04-30T21:23:46.260064,60.57,0.1392,63.38,0.1514,1000.0,0.0,4.199,88.1,97,0,60.0,2026-04-30T21:24:46.259934,4.211
2026-04-30T21:23:46.317369,60.57,0.1392,63.39,0.1533,1000.0,0.0,4.199,88.1,97,0,60.0,2026-04-30T21:24:46.317228,4.211
2026-04-30T21:23:47.263850,60.61,0.1392,63.42,0.1558,1000.0,0.0,4.199,88.0,97,0,60.0,2026-04-30T21:24:47.263693,4.211
2026-04-30T21:23:47.320067,60.61,0.1392,63.43,0.1564,1000.0,0.0,4.199,88.0,97,0,60.0,2026-04-30T21:24:47.319971,4.211
2026-04-30T21:23:48.273654,60.61,0.1392,63.46,0.157,1000.0,0.0,4.199,88.0,97,0,60.0,2026-04-30T21:24:48.273476,4.211
2026-04-30T21:23:48.332926,60.65,0.1375,63.47,0.1546,1000.0,0.0,4.199,88.0,97,0,60.0,2026-04-30T21:24:48.332792,4.211
2026-04-30T21:23:48.389864,60.65,0.1375,63.47,0.1549,1000.0,0.0,4.199,88.0,97,0,60.0,2026-04-30T21:24:48.389749,4.211
2026-04-30T21:23:49.333936,60.7,0.1375,63.51,0.1554,1000.0,0.0,4.199,88.0,97,0,60.0,2026-04-30T21:24:49.333758,4.211
2026-04-30T21:23:49.392641,60.7,0.1375,63.51,0.154,1000.0,0.0,4.199,88.0,97,0,60.0,2026-04-30T21:24:49.392511,4.211
2026-04-30T21:23:49.449955,60.7,0.1375,63.52,0.1546,1000.0,0.0,4.199,88.0,97,0,60.0,2026-04-30T21:24:49.449841,4.211
2026-04-30T21:23:50.390742,60.77,0.1308,63.56,0.1542,1000.0,0.0,4.199,88.0,97,0,60.0,2026-04-30T21:24:50.390577,4.211
2026-04-30T21:23:50.448681,60.77,0.1308,63.58,0.1517,1000.0,0.0,4.199,88.0,97,0,60.0,2026-04-30T21:24:50.448542,4.211
2026-04-30T21:23:50.505145,60.77,0.1308,63.58,0.1507,1000.0,0.0,4.199,88.0,97,0,60.0,2026-04-30T21:24:50.505034,4.211
2026-04-30T21:23:51.431241,60.82,0.1179,63.63,0.1462,1000.0,0.0,4.199,88.0,97,0,60.0,2026-04-30T21:24:51.431115,4.211
2026-04-30T21:23:51.488257,60.82,0.1359,63.64,0.1495,1000.0,0.0,4.199,88.0,97,0,60.0,2026-04-30T21:24:51.488147,4.211
2026-04-30T21:23:51.545703,60.82,0.1359,63.64,0.151,1000.0,0.0,4.199,88.0,97,0,60.0,2026-04-30T21:24:51.545551,4.211
2026-04-30T21:23:52.486371,60.85,0.1359,63.67,0.1488,1000.0,0.0,4.199,88.0,97,0,60.0,2026-04-30T21:24:52.486213,4.211
2026-04-30T21:23:52.543148,60.85,0.1359,63.68,0.1509,1000.0,0.0,4.199,88.0,97,0,60.0,2026-04-30T21:24:52.543028,4.211
2026-04-30T21:23:53.516940,60.85,0.1359,63.71,0.1525,1000.0,0.0,4.199,88.0,97,0,60.0,2026-04-30T21:24:53.516768,4.211
2026-04-30T21:23:53.576081,60.9,0.1309,63.72,0.1489,1000.0,0.0,4.199,87.9,97,0,60.0,2026-04-30T21:24:53.575945,4.211
2026-04-30T21:23:53.633194,60.9,0.1309,63.72,0.149,1000.0,0.0,4.199,87.9,97,0,60.0,2026-04-30T21:24:53.633086,4.211
2026-04-30T21:23:54.560340,60.94,0.1309,63.76,0.1492,1000.0,0.0,4.199,87.9,97,0,60.0,2026-04-30T21:24:54.560183,4.211
2026-04-30T21:23:54.619001,60.94,0.1309,63.76,0.1491,1000.0,0.0,4.199,87.9,97,0,60.0,2026-04-30T21:24:54.618873,4.211
2026-04-30T21:23:54.675913,60.94,0.1309,63.77,0.1491,1000.0,0.0,4.199,87.9,97,0,60.0,2026-04-30T21:24:54.675804,4.211
2026-04-30T21:23:55.625754,61.01,0.1138,63.81,0.1465,1000.0,0.0,4.199,87.9,97,0,60.0,2026-04-30T21:24:55.625600,4.211
2026-04-30T21:23:55.683327,61.01,0.1299,63.82,0.1458,1000.0,0.0,4.199,87.9,97,0,60.0,2026-04-30T21:24:55.683194,4.211
2026-04-30T21:23:55.739883,61.01,0.1299,63.82,0.1466,1000.0,0.0,4.199,87.9,97,0,60.0,2026-04-30T21:24:55.739761,4.211
2026-04-30T21:23:56.679068,61.05,0.1299,63.86,0.1453,1000.0,0.0,4.199,87.9,97,0,60.0,2026-04-30T21:24:56.678881,4.211
2026-04-30T21:23:56.739146,61.05,0.1333,63.87,0.148,1000.0,0.0,4.199,87.9,97,0,60.0,2026-04-30T21:24:56.739010,4.211
2026-04-30T21:23:56.798538,61.05,0.1333,63.87,0.1491,1000.0,0.0,4.199,87.9,97,0,60.0,2026-04-30T21:24:56.798396,4.211
2026-04-30T21:23:57.735312,61.09,0.1333,63.91,0.1507,1000.0,0.0,4.199,87.9,97,0,60.0,2026-04-30T21:24:57.735135,4.211
2026-04-30T21:23:57.792905,61.09,0.1333,63.91,0.1511,1000.0,0.0,4.199,87.9,97,0,60.0,2026-04-30T21:24:57.792792,4.211
2026-04-30T21:23:58.752327,61.09,0.1333,63.94,0.1515,1000.0,0.0,4.199,87.9,98,0,60.0,2026-04-30T21:24:58.752141,4.211
2026-04-30T21:23:58.811236,61.12,0.1409,63.94,0.1497,1000.0,0.0,4.199,87.9,98,0,60.0,2026-04-30T21:24:58.811102,4.211
2026-04-30T21:23:58.867931,61.12,0.1409,63.94,0.1533,1000.0,0.0,4.199,87.9,98,0,60.0,2026-04-30T21:24:58.867818,4.211
2026-04-30T21:23:59.806102,61.14,0.1409,63.97,0.1564,1000.0,0.0,4.199,87.9,98,0,60.0,2026-04-30T21:24:59.805970,4.211
2026-04-30T21:23:59.864910,61.14,0.1409,63.97,0.1542,1000.0,0.0,4.199,87.9,98,0,60.0,2026-04-30T21:24:59.864781,4.211
2026-04-30T21:23:59.924826,61.14,0.1409,63.97,0.156,1000.0,0.0,4.199,87.9,98,0,60.0,2026-04-30T21:24:59.924679,4.211
2026-04-30T21:24:00.849023,61.18,0.1274,64.0,0.1557,1000.0,0.0,4.199,87.8,97,0,60.0,2026-04-30T21:25:00.848851,4.211
2026-04-30T21:24:00.907604,61.18,0.1359,64.0,0.1542,1000.0,0.0,4.199,87.8,97,0,60.0,2026-04-30T21:25:00.907439,4.211
2026-04-30T21:24:00.966770,61.18,0.1359,64.0,0.1542,1000.0,0.0,4.199,87.8,97,0,60.0,2026-04-30T21:25:00.966622,4.211
2026-04-30T21:24:01.915797,61.21,0.1359,64.04,0.1543,1000.0,0.0,4.199,87.8,97,0,60.0,2026-04-30T21:25:01.915641,4.211
2026-04-30T21:24:01.981600,61.21,0.1359,64.04,0.1542,1000.0,0.0,4.199,87.8,97,0,60.0,2026-04-30T21:25:01.975299,4.211
2026-04-30T21:24:02.122506,61.21,0.1359,64.04,0.1542,1000.0,0.0,4.199,87.8,98,0,60.0,2026-04-30T21:25:02.122339,4.211
2026-04-30T21:24:02.958283,61.24,0.1291,64.07,0.1514,1000.0,0.0,4.199,87.8,98,0,60.0,2026-04-30T21:25:02.958110,4.211
2026-04-30T21:24:03.017379,61.24,0.1291,64.07,0.1498,1000.0,0.0,4.199,87.8,98,0,60.0,2026-04-30T21:25:03.017232,4.211
2026-04-30T21:24:03.992801,61.24,0.1291,64.1,0.1489,1000.0,0.0,4.199,87.8,98,0,60.0,2026-04-30T21:25:03.979304,4.211
2026-04-30T21:24:04.126687,61.3,0.1409,64.12,0.1501,1000.0,0.0,4.199,87.8,98,0,60.0,2026-04-30T21:25:04.126511,4.211
2026-04-30T21:24:04.189915,61.3,0.1409,64.12,0.1537,1000.0,0.0,4.199,87.8,98,0,60.0,2026-04-30T21:25:04.189762,4.211
2026-04-30T21:24:05.036829,61.34,0.1409,64.15,0.1566,1000.0,0.0,4.199,87.8,98,0,60.0,2026-04-30T21:25:05.036679,4.211
2026-04-30T21:24:05.097424,61.34,0.1409,64.16,0.1579,1000.0,0.0,4.199,87.8,98,0,60.0,2026-04-30T21:25:05.097275,4.211
2026-04-30T21:24:05.153928,61.34,0.1409,64.16,0.1584,1000.0,0.0,4.199,87.8,98,0,60.0,2026-04-30T21:25:05.153802,4.211
2026-04-30T21:24:06.112154,61.38,0.1188,64.2,0.1554,1000.0,0.0,4.199,87.8,98,0,60.0,2026-04-30T21:25:06.111955,4.211
2026-04-30T21:24:06.171707,61.38,0.1386,64.2,0.1543,1000.0,0.0,4.199,87.8,98,0,60.0,2026-04-30T21:25:06.171535,4.211
2026-04-30T21:24:06.234089,61.38,0.1386,64.2,0.1553,1000.0,0.0,4.199,87.8,98,0,60.0,2026-04-30T21:25:06.233934,4.211
2026-04-30T21:24:07.146680,61.44,0.1215,64.24,0.1513,1000.0,0.0,4.199,87.8,98,0,60.0,2026-04-30T21:25:07.146531,4.211
2026-04-30T21:24:07.204008,61.44,0.1386,64.24,0.1537,1000.0,0.0,4.199,87.8,98,0,60.0,2026-04-30T21:25:07.203895,4.211
2026-04-30T21:24:07.262142,61.44,0.1386,64.24,0.1549,1000.0,0.0,4.199,87.8,98,0,60.0,2026-04-30T21:25:07.262010,4.211
2026-04-30T21:24:08.197289,61.47,0.1391,64.28,0.1522,1000.0,0.0,4.199,87.8,98,0,60.0,2026-04-30T21:25:08.197109,4.211
2026-04-30T21:24:08.254463,61.47,0.1391,64.28,0.1543,1000.0,0.0,4.199,87.8,98,0,60.0,2026-04-30T21:25:08.254355,4.211
2026-04-30T21:24:09.223302,61.47,0.1391,64.31,0.1559,1000.0,0.0,4.199,87.8,98,0,60.0,2026-04-30T21:25:09.223067,4.211
2026-04-30T21:24:09.282306,61.52,0.14,64.32,0.157,1000.0,0.0,4.199,87.7,98,0,60.0,2026-04-30T21:25:09.282174,4.211
2026-04-30T21:24:09.338632,61.52,0.14,64.33,0.1575,1000.0,0.0,4.199,87.7,98,0,60.0,2026-04-30T21:25:09.338520,4.211
2026-04-30T21:24:10.268352,61.58,0.14,64.37,0.1581,1000.0,0.0,4.199,87.7,97,0,60.0,2026-04-30T21:25:10.268197,4.211
2026-04-30T21:24:10.327184,61.58,0.14,64.38,0.1576,1000.0,0.0,4.199,87.7,97,0,60.0,2026-04-30T21:25:10.327058,4.211
2026-04-30T21:24:10.384435,61.58,0.14,64.38,0.1579,1000.0,0.0,4.199,87.7,97,0,60.0,2026-04-30T21:25:10.384325,4.211
2026-04-30T21:24:11.328264,61.64,0.1342,64.43,0.1575,1000.0,0.0,4.199,87.7,97,0,60.0,2026-04-30T21:25:11.328114,4.211
2026-04-30T21:24:11.386130,61.64,0.1426,64.44,0.1584,1000.0,0.0,4.199,87.7,97,0,60.0,2026-04-30T21:25:11.385990,4.211
2026-04-30T21:24:11.443350,61.64,0.1426,64.45,0.1593,1000.0,0.0,4.199,87.7,97,0,60.0,2026-04-30T21:25:11.443237,4.211
2026-04-30T21:24:12.382170,61.68,0.1426,64.49,0.1605,1000.0,0.0,4.199,87.7,98,0,60.0,2026-04-30T21:25:12.382013,4.211
2026-04-30T21:24:12.439464,61.68,0.1426,64.49,0.1608,1000.0,0.0,4.199,87.7,98,0,60.0,2026-04-30T21:25:12.439344,4.211
2026-04-30T21:24:12.497052,61.68,0.1426,64.49,0.1609,1000.0,0.0,4.199,87.7,98,0,60.0,2026-04-30T21:25:12.496895,4.211
2026-04-30T21:24:13.643554,61.72,0.1444,64.53,0.1577,1000.0,0.0,4.199,87.7,98,0,60.0,2026-04-30T21:25:13.643252,4.211
2026-04-30T21:24:13.935495,61.72,0.1444,64.54,0.1604,1000.0,0.0,4.199,87.7,98,0,60.0,2026-04-30T21:25:13.934967,4.211
2026-04-30T21:24:14.542754,61.72,0.1444,64.56,0.1619,1000.0,0.0,4.199,87.7,98,0,60.0,2026-04-30T21:25:14.542559,4.211
2026-04-30T21:24:14.824186,61.77,0.1444,64.58,0.1583,1000.0,0.0,4.199,87.6,98,0,60.0,2026-04-30T21:25:14.823862,4.211
2026-04-30T21:24:15.136483,61.77,0.1444,64.59,0.1607,1000.0,0.0,4.199,87.6,98,0,60.0,2026-04-30T21:25:15.135838,4.211
2026-04-30T21:24:15.590027,61.85,0.1444,64.61,0.162,1000.0,0.0,4.199,87.6,97,0,60.0,2026-04-30T21:25:15.589642,4.211
2026-04-30T21:24:15.868173,61.85,0.1368,64.64,0.1561,1000.0,0.0,4.199,87.6,97,0,60.0,2026-04-30T21:25:15.867793,4.211
2026-04-30T21:24:16.073718,61.85,0.1368,64.66,0.1558,1000.0,0.0,4.199,87.6,97,0,60.0,2026-04-30T21:25:16.072573,4.211
2026-04-30T21:24:16.708209,61.92,0.1368,64.7,0.1557,1000.0,0.0,4.199,87.6,97,0,60.0,2026-04-30T21:25:16.707827,4.211
2026-04-30T21:24:16.889631,61.92,0.1368,64.72,0.1556,1000.0,0.0,4.199,87.6,97,0,60.0,2026-04-30T21:25:16.889245,4.211
2026-04-30T21:24:17.143795,61.92,0.1368,64.73,0.1556,1000.0,0.0,4.199,87.6,97,0,60.0,2026-04-30T21:25:17.137945,4.211
2026-04-30T21:24:17.625137,61.99,0.1233,64.76,0.1523,1000.0,0.0,4.199,87.6,97,0,60.0,2026-04-30T21:25:17.624952,4.211
2026-04-30T21:24:17.697159,61.99,0.1358,64.78,0.1532,1000.0,0.0,4.199,87.6,97,0,60.0,2026-04-30T21:25:17.696893,4.211
2026-04-30T21:24:17.784631,61.99,0.1358,64.79,0.1536,1000.0,0.0,4.199,87.6,97,0,60.0,2026-04-30T21:25:17.784379,4.211
2026-04-30T21:24:18.693399,62.04,0.1443,64.84,0.1538,1000.0,0.0,4.199,87.6,97,0,60.0,2026-04-30T21:25:18.693203,4.211
2026-04-30T21:24:18.764457,62.04,0.1443,64.84,0.1576,1000.0,0.0,4.199,87.6,97,0,60.0,2026-04-30T21:25:18.764232,4.211
2026-04-30T21:24:19.682353,62.04,0.1443,64.88,0.1602,1000.0,0.0,4.199,87.6,97,0,60.0,2026-04-30T21:25:19.682171,4.211
2026-04-30T21:24:19.745249,62.1,0.1443,64.9,0.1617,1000.0,0.0,4.199,87.6,97,0,60.0,2026-04-30T21:25:19.745076,4.211
2026-04-30T21:24:19.818277,62.1,0.1443,64.9,0.1622,1000.0,0.0,4.199,87.5,97,0,60.0,2026-04-30T21:25:19.818081,4.211
2026-04-30T21:24:20.764895,62.16,0.1443,64.95,0.1629,1000.0,0.0,4.199,87.5,97,0,60.0,2026-04-30T21:25:20.764627,4.211
2026-04-30T21:24:20.883966,62.16,0.1408,64.96,0.1581,1000.0,0.0,4.199,87.5,97,0,60.0,2026-04-30T21:25:20.881186,4.211
2026-04-30T21:24:21.119726,62.16,0.1408,64.97,0.1587,1000.0,0.0,4.199,87.5,97,0,60.0,2026-04-30T21:25:21.093044,4.211
2026-04-30T21:24:21.802285,62.22,0.1256,65.01,0.1572,1000.0,0.0,4.199,87.5,97,0,60.0,2026-04-30T21:25:21.802069,4.211
2026-04-30T21:24:21.898873,62.22,0.1408,65.02,0.1572,1000.0,0.0,4.199,87.5,97,0,60.0,2026-04-30T21:25:21.898592,4.211
2026-04-30T21:24:22.015109,62.22,0.1408,65.03,0.1581,1000.0,0.0,4.199,87.5,97,0,60.0,2026-04-30T21:25:22.013105,4.211
2026-04-30T21:24:22.873333,62.28,0.1282,65.07,0.1557,1000.0,0.0,4.199,87.5,97,0,60.0,2026-04-30T21:25:22.873144,4.211
2026-04-30T21:24:22.977625,62.28,0.1453,65.08,0.1594,1000.0,0.0,4.199,87.5,97,0,60.0,2026-04-30T21:25:22.963252,4.211
2026-04-30T21:24:23.259005,62.28,0.1453,65.1,0.1615,1000.0,0.0,4.199,87.5,97,0,60.0,2026-04-30T21:25:23.258353,4.211
2026-04-30T21:24:23.919859,62.33,0.1453,65.13,0.1632,1000.0,0.0,4.199,87.5,97,0,60.0,2026-04-30T21:25:23.919679,4.211
2026-04-30T21:24:23.981378,62.33,0.1453,65.14,0.1636,1000.0,0.0,4.199,87.5,97,0,60.0,2026-04-30T21:25:23.981093,4.211
2026-04-30T21:24:24.927246,62.33,0.1453,65.18,0.1641,1000.0,0.0,4.199,87.5,97,0,60.0,2026-04-30T21:25:24.926153,4.211
2026-04-30T21:24:25.151441,62.37,0.1333,65.18,0.1585,1000.0,0.0,4.199,87.4,98,0,60.0,2026-04-30T21:25:25.151059,4.211
2026-04-30T21:24:25.327948,62.37,0.1333,65.18,0.1556,1000.0,0.0,4.199,87.4,98,0,60.0,2026-04-30T21:25:25.327235,4.211
2026-04-30T21:24:25.987299,62.42,0.1333,65.21,0.154,1000.0,0.0,4.199,87.4,98,0,60.0,2026-04-30T21:25:25.987088,4.211
2026-04-30T21:24:26.084636,62.42,0.1333,65.22,0.1529,1000.0,0.0,4.199,87.4,98,0,60.0,2026-04-30T21:25:26.084344,4.211
2026-04-30T21:24:26.197878,62.42,0.1333,65.23,0.1527,1000.0,0.0,4.199,87.4,98,0,60.0,2026-04-30T21:25:26.194580,4.211
2026-04-30T21:24:27.220619,62.46,0.1316,65.26,0.1523,1000.0,0.0,4.199,87.4,98,0,60.0,2026-04-30T21:25:27.220170,4.211
2026-04-30T21:24:27.361224,62.46,0.1316,65.26,0.1514,1000.0,0.0,4.199,87.4,98,0,60.0,2026-04-30T21:25:27.360557,4.211
2026-04-30T21:24:27.502244,62.46,0.1316,65.26,0.151,1000.0,0.0,4.199,87.4,98,0,60.0,2026-04-30T21:25:27.501898,4.211
2026-04-30T21:24:28.098937,62.5,0.1314,65.29,0.1508,1000.0,0.0,4.199,87.4,98,0,60.0,2026-04-30T21:25:28.098684,4.211
2026-04-30T21:24:28.184658,62.5,0.1332,65.3,0.1514,1000.0,0.0,4.199,87.4,98,0,60.0,2026-04-30T21:25:28.184419,4.211
2026-04-30T21:24:28.289451,62.5,0.1332,65.3,0.1516,1000.0,0.0,4.199,87.4,98,0,60.0,2026-04-30T21:25:28.289217,4.211
2026-04-30T21:24:29.167392,62.54,0.1332,65.34,0.1517,1000.0,0.0,4.199,87.4,98,0,60.0,2026-04-30T21:25:29.167145,4.211
2026-04-30T21:24:29.273001,62.54,0.1332,65.34,0.1519,1000.0,0.0,4.199,87.4,98,0,60.0,2026-04-30T21:25:29.272774,4.211
2026-04-30T21:24:30.165255,62.54,0.1332,65.37,0.1522,1000.0,0.0,4.199,87.4,98,0,60.0,2026-04-30T21:25:30.164834,4.211
2026-04-30T21:24:30.239143,62.58,0.1443,65.38,0.1545,1000.0,0.0,4.199,87.4,98,0,60.0,2026-04-30T21:25:30.238970,4.211
2026-04-30T21:24:30.311122,62.58,0.1443,65.38,0.158,1000.0,0.0,4.199,87.4,98,0,60.0,2026-04-30T21:25:30.310840,4.211
2026-04-30T21:24:31.228044,62.62,0.1443,65.42,0.1608,1000.0,0.0,4.199,87.4,98,0,60.0,2026-04-30T21:25:31.227748,4.211
2026-04-30T21:24:31.349009,62.62,0.1443,65.42,0.1621,1000.0,0.0,4.199,87.4,98,0,60.0,2026-04-30T21:25:31.348707,4.211
2026-04-30T21:24:31.510954,62.62,0.1443,65.43,0.1626,1000.0,0.0,4.199,87.4,98,0,60.0,2026-04-30T21:25:31.510626,4.211
2026-04-30T21:24:32.296397,62.67,0.1246,65.46,0.1601,1000.0,0.0,4.199,87.3,98,0,60.0,2026-04-30T21:25:32.295947,4.211
2026-04-30T21:24:32.408697,62.67,0.1468,65.47,0.1608,1000.0,0.0,4.199,87.3,98,0,60.0,2026-04-30T21:25:32.408354,4.211
2026-04-30T21:24:32.539976,62.67,0.1468,65.47,0.1628,1000.0,0.0,4.199,87.3,98,0,60.0,2026-04-30T21:25:32.539580,4.211
2026-04-30T21:24:33.327119,62.71,0.1325,65.51,0.1598,1000.0,0.0,4.199,87.3,98,0,60.0,2026-04-30T21:25:33.326928,4.211
2026-04-30T21:24:33.399469,62.71,0.1468,65.51,0.1624,1000.0,0.0,4.199,87.3,98,0,60.0,2026-04-30T21:25:33.399282,4.211
2026-04-30T21:24:33.483993,62.71,0.1468,65.52,0.1637,1000.0,0.0,4.199,87.3,98,0,60.0,2026-04-30T21:25:33.483620,4.211
2026-04-30T21:24:34.389384,62.76,0.1377,65.56,0.1605,1000.0,0.0,4.199,87.3,98,0,60.0,2026-04-30T21:25:34.389202,4.211
2026-04-30T21:24:34.461728,62.76,0.1377,65.56,0.1589,1000.0,0.0,4.199,87.3,98,0,60.0,2026-04-30T21:25:34.461559,4.211
2026-04-30T21:24:35.398966,62.76,0.1377,65.6,0.1582,1000.0,0.0,4.199,87.3,98,0,60.0,2026-04-30T21:25:35.398767,4.211
2026-04-30T21:24:35.470211,62.82,0.1377,65.61,0.1575,1000.0,0.0,4.199,87.3,98,0,60.0,2026-04-30T21:25:35.470040,4.211
2026-04-30T21:24:35.541440,62.82,0.1377,65.61,0.1572,1000.0,0.0,4.199,87.3,98,0,60.0,2026-04-30T21:25:35.541277,4.211
2026-04-30T21:24:36.480175,62.86,0.1377,65.65,0.1572,1000.0,0.0,4.199,87.3,98,0,60.0,2026-04-30T21:25:36.479794,4.211
2026-04-30T21:24:36.639095,62.86,0.1224,65.66,0.149,1000.0,0.0,4.199,87.3,98,0,60.0,2026-04-30T21:25:36.638580,4.211
2026-04-30T21:24:36.827943,62.86,0.1224,65.66,0.1458,1000.0,0.0,4.199,87.3,98,0,60.0,2026-04-30T21:25:36.826272,4.211
2026-04-30T21:24:37.632426,62.9,0.1223,65.69,0.1435,1000.0,0.0,4.199,87.3,99,0,60.0,2026-04-30T21:25:37.632164,4.211
2026-04-30T21:24:37.874874,62.9,0.1384,65.7,0.1493,1000.0,0.0,4.199,87.3,99,0,60.0,2026-04-30T21:25:37.873570,4.211
2026-04-30T21:24:38.094535,62.9,0.1384,65.71,0.153,1000.0,0.0,4.199,87.3,99,0,60.0,2026-04-30T21:25:38.094266,4.211
2026-04-30T21:24:38.584217,62.97,0.1384,65.74,0.1554,1000.0,0.0,4.199,87.2,99,0,60.0,2026-04-30T21:25:38.583976,4.211
2026-04-30T21:24:38.697207,62.97,0.1384,65.75,0.1563,1000.0,0.0,4.199,87.2,99,0,60.0,2026-04-30T21:25:38.696804,4.211
2026-04-30T21:24:38.863476,62.97,0.1384,65.76,0.1568,1000.0,0.0,4.199,87.2,99,0,60.0,2026-04-30T21:25:38.861548,4.211
2026-04-30T21:24:39.620212,63.02,0.1426,65.81,0.1559,1000.0,0.0,4.199,87.2,99,0,60.0,2026-04-30T21:25:39.620038,4.211
2026-04-30T21:24:39.694344,63.02,0.1426,65.81,0.1583,1000.0,0.0,4.199,87.2,99,0,60.0,2026-04-30T21:25:39.694151,4.211
2026-04-30T21:24:40.628014,63.02,0.1426,65.85,0.1601,1000.0,0.0,4.199,87.2,99,0,60.0,2026-04-30T21:25:40.627839,4.211
2026-04-30T21:24:40.697619,63.07,0.1426,65.86,0.1585,1000.0,0.0,4.199,87.2,99,0,60.0,2026-04-30T21:25:40.697394,4.211
2026-04-30T21:24:40.769956,63.07,0.1426,65.87,0.1598,1000.0,0.0,4.199,87.2,99,0,60.0,2026-04-30T21:25:40.769783,4.211
2026-04-30T21:24:41.709340,63.14,0.1426,65.91,0.161,1000.0,0.0,4.199,87.2,99,0,60.0,2026-04-30T21:25:41.708944,4.211
2026-04-30T21:24:41.845830,63.14,0.1521,65.93,0.1624,1000.0,0.0,4.199,87.2,99,0,60.0,2026-04-30T21:25:41.845528,4.211
2026-04-30T21:24:42.103021,63.14,0.1521,65.94,0.1663,1000.0,0.0,4.199,87.2,99,0,60.0,2026-04-30T21:25:42.102558,4.211
2026-04-30T21:24:42.752405,63.21,0.1521,65.98,0.1692,1000.0,0.0,4.199,87.2,99,0,60.0,2026-04-30T21:25:42.752170,4.211
2026-04-30T21:24:42.842684,63.21,0.1521,66.0,0.1702,1000.0,0.0,4.199,87.2,99,0,60.0,2026-04-30T21:25:42.842425,4.211
2026-04-30T21:24:42.953668,63.21,0.1521,66.01,0.1708,1000.0,0.0,4.199,87.2,99,0,60.0,2026-04-30T21:25:42.953413,4.211
2026-04-30T21:24:44.100286,63.29,0.135,66.06,0.1665,1000.0,0.0,4.199,87.1,98,0,60.0,2026-04-30T21:25:44.099917,4.211
2026-04-30T21:24:44.275806,63.29,0.1434,66.08,0.1646,1000.0,0.0,4.199,87.1,98,0,60.0,2026-04-30T21:25:44.275345,4.211
2026-04-30T21:24:44.620544,63.29,0.1434,66.09,0.1639,1000.0,0.0,4.199,87.1,98,0,60.0,2026-04-30T21:25:44.593600,4.211
2026-04-30T21:24:45.019879,63.34,0.1434,66.12,0.1606,1000.0,0.0,4.199,87.1,98,0,60.0,2026-04-30T21:25:45.017239,4.211
2026-04-30T21:24:45.128339,63.34,0.1434,66.13,0.1617,1000.0,0.0,4.199,87.1,98,0,60.0,2026-04-30T21:25:45.128086,4.211
2026-04-30T21:24:45.866535,63.34,0.1434,66.16,0.1624,1000.0,0.0,4.199,87.1,98,0,60.0,2026-04-30T21:25:45.866346,4.211
2026-04-30T21:24:45.931792,63.41,0.1458,66.19,0.1595,1000.0,0.0,4.199,87.1,98,0,60.0,2026-04-30T21:25:45.931534,4.211
2026-04-30T21:24:46.002484,63.41,0.1458,66.2,0.1617,1000.0,0.0,4.199,87.1,98,0,60.0,2026-04-30T21:25:46.002270,4.211
2026-04-30T21:24:47.032308,63.47,0.1458,66.24,0.1636,1000.0,0.0,4.199,87.1,98,0,60.0,2026-04-30T21:25:47.031904,4.211
2026-04-30T21:24:47.340230,63.47,0.1458,66.26,0.1645,1000.0,0.0,4.199,87.1,98,0,60.0,2026-04-30T21:25:47.339705,4.211
2026-04-30T21:24:48.220364,63.47,0.1458,66.28,0.1651,1000.0,0.0,4.199,87.1,98,0,60.0,2026-04-30T21:25:48.219258,4.211
2026-04-30T21:24:48.396785,63.53,0.1426,66.3,0.1649,1000.0,0.0,4.199,87.1,98,0,60.0,2026-04-30T21:25:48.395553,4.211
2026-04-30T21:24:48.550815,63.53,0.1426,66.31,0.163,1000.0,0.0,4.199,87.1,98,0,60.0,2026-04-30T21:25:48.550546,4.211
2026-04-30T21:24:48.747573,63.53,0.1426,66.32,0.1627,1000.0,0.0,4.199,87.1,98,0,60.0,2026-04-30T21:25:48.745147,4.211
2026-04-30T21:24:49.266068,63.6,0.1342,66.36,0.1605,1000.0,0.0,4.199,87.0,99,0,60.0,2026-04-30T21:25:49.265727,4.211
2026-04-30T21:24:49.387376,63.6,0.151,66.38,0.1651,1000.0,0.0,4.199,87.0,99,0,60.0,2026-04-30T21:25:49.386860,4.211
2026-04-30T21:24:49.658709,63.6,0.151,66.39,0.1674,1000.0,0.0,4.199,87.0,99,0,60.0,2026-04-30T21:25:49.658441,4.211
2026-04-30T21:24:50.119013,63.67,0.151,66.43,0.1692,1000.0,0.0,4.199,87.0,99,0,60.0,2026-04-30T21:25:50.118625,4.211
2026-04-30T21:24:50.225359,63.67,0.151,66.45,0.1698,1000.0,0.0,4.199,87.0,99,0,60.0,2026-04-30T21:25:50.225075,4.211
2026-04-30T21:24:51.110273,63.67,0.151,66.49,0.1704,1000.0,0.0,4.199,87.0,99,0,60.0,2026-04-30T21:25:51.110003,4.211
2026-04-30T21:24:51.337518,63.7,0.1526,66.49,0.1682,1000.0,0.0,4.199,87.0,99,0,60.0,2026-04-30T21:25:51.335807,4.211
2026-04-30T21:24:51.682889,63.7,0.1526,66.51,0.1702,1000.0,0.0,4.199,87.0,99,0,60.0,2026-04-30T21:25:51.682539,4.211
2026-04-30T21:24:52.219749,63.76,0.1526,66.53,0.1713,1000.0,0.0,4.199,87.0,99,0,60.0,2026-04-30T21:25:52.219101,4.211
2026-04-30T21:24:52.489927,63.76,0.1526,66.54,0.1693,1000.0,0.0,4.199,87.0,99,0,60.0,2026-04-30T21:25:52.489151,4.211
2026-04-30T21:24:52.646350,63.76,0.1526,66.55,0.1706,1000.0,0.0,4.199,87.0,99,0,60.0,2026-04-30T21:25:52.645634,4.211
2026-04-30T21:24:53.259839,63.8,0.1392,66.58,0.1698,1000.0,0.0,4.199,87.0,99,0,60.0,2026-04-30T21:25:53.259444,4.211
2026-04-30T21:24:53.393138,63.8,0.1584,66.58,0.172,1000.0,0.0,4.199,87.0,99,0,60.0,2026-04-30T21:25:53.392470,4.211
2026-04-30T21:24:53.692500,63.8,0.1584,66.59,0.1744,1000.0,0.0,4.199,87.0,99,0,60.0,2026-04-30T21:25:53.692126,4.211
2026-04-30T21:24:54.272530,63.83,0.1584,66.62,0.1766,1000.0,0.0,4.199,87.0,99,0,60.0,2026-04-30T21:25:54.272347,4.211
2026-04-30T21:24:54.345464,63.83,0.1584,66.62,0.1773,1000.0,0.0,4.199,87.0,99,0,60.0,2026-04-30T21:25:54.345160,4.211
2026-04-30T21:24:54.418479,63.83,0.1584,66.62,0.1776,1000.0,0.0,4.199,87.0,99,0,60.0,2026-04-30T21:25:54.418293,4.211
2026-04-30T21:24:55.323242,63.87,0.1426,66.66,0.172,1000.0,0.0,4.199,86.9,99,0,60.0,2026-04-30T21:25:55.323059,4.211
2026-04-30T21:24:55.396366,63.87,0.1426,66.66,0.1681,1000.0,0.0,4.199,86.9,99,0,60.0,2026-04-30T21:25:55.396155,4.211
2026-04-30T21:24:56.337476,63.87,0.1426,66.69,0.1657,1000.0,0.0,4.199,86.9,99,0,60.0,2026-04-30T21:25:56.337276,4.211
2026-04-30T21:24:56.409455,63.92,0.1401,66.7,0.1626,1000.0,0.0,4.199,86.9,99,0,60.0,2026-04-30T21:25:56.409269,4.211
2026-04-30T21:24:56.505544,63.92,0.1401,66.71,0.1615,1000.0,0.0,4.199,86.9,99,0,60.0,2026-04-30T21:25:56.505286,4.211
2026-04-30T21:24:57.400804,63.95,0.1401,66.74,0.1608,1000.0,0.0,4.199,86.9,99,0,60.0,2026-04-30T21:25:57.400565,4.211
2026-04-30T21:24:57.514695,63.95,0.1384,66.74,0.1594,1000.0,0.0,4.199,86.9,99,0,60.0,2026-04-30T21:25:57.514384,4.211
2026-04-30T21:24:57.655908,63.95,0.1384,66.75,0.1589,1000.0,0.0,4.199,86.9,99,0,60.0,2026-04-30T21:25:57.655355,4.211
2026-04-30T21:24:58.450092,63.99,0.1323,66.78,0.1577,1000.0,0.0,4.199,86.9,99,0,60.0,2026-04-30T21:25:58.449896,4.212
2026-04-30T21:24:58.528446,63.99,0.1453,66.78,0.1599,1000.0,0.0,4.199,86.9,99,0,60.0,2026-04-30T21:25:58.528204,4.212
2026-04-30T21:24:58.631648,63.99,0.1453,66.78,0.1618,1000.0,0.0,4.199,86.9,99,0,60.0,2026-04-30T21:25:58.631261,4.212
2026-04-30T21:24:59.526697,64.04,0.1333,66.82,0.1604,1000.0,0.0,4.199,86.9,99,0,60.0,2026-04-30T21:25:59.526450,4.212
2026-04-30T21:25:00.068993,64.04,0.1453,66.83,0.1625,1000.0,0.0,4.199,86.9,99,0,60.0,2026-04-30T21:26:00.068625,4.212
2026-04-30T21:25:00.283532,64.04,0.1453,66.85,0.1641,1000.0,0.0,4.199,86.9,99,0,60.0,2026-04-30T21:26:00.283217,4.212
2026-04-30T21:25:00.602596,64.08,0.1544,66.86,0.1632,1000.0,0.0,4.199,86.9,99,0,60.0,2026-04-30T21:26:00.602330,4.212
2026-04-30T21:25:00.717120,64.08,0.1544,66.87,0.1675,1000.0,0.0,4.199,86.9,99,0,60.0,2026-04-30T21:26:00.716740,4.212
2026-04-30T21:25:01.571239,64.08,0.1544,66.9,0.1707,1000.0,0.0,4.199,86.9,99,0,60.0,2026-04-30T21:26:01.571072,4.212
2026-04-30T21:25:01.639565,64.12,0.1544,66.91,0.1726,1000.0,0.0,4.199,86.9,99,0,60.0,2026-04-30T21:26:01.639385,4.212
2026-04-30T21:25:01.710365,64.12,0.1544,66.91,0.1732,1000.0,0.0,4.199,86.9,99,0,60.0,2026-04-30T21:26:01.710181,4.212
2026-04-30T21:25:02.635269,64.17,0.1544,66.95,0.174,1000.0,0.0,4.199,86.8,99,0,60.0,2026-04-30T21:26:02.635056,4.212
2026-04-30T21:25:02.739457,64.17,0.1458,66.96,0.1673,1000.0,0.0,4.199,86.8,99,0,60.0,2026-04-30T21:26:02.739167,4.212
2026-04-30T21:25:02.849946,64.17,0.1458,66.97,0.1666,1000.0,0.0,4.199,86.8,99,0,60.0,2026-04-30T21:26:02.849625,4.212
2026-04-30T21:25:03.700348,64.23,0.1332,67.0,0.1643,1000.0,0.0,4.199,86.8,99,0,60.0,2026-04-30T21:26:03.700085,4.212
2026-04-30T21:25:03.814821,64.23,0.1458,67.01,0.1631,1000.0,0.0,4.199,86.8,99,0,60.0,2026-04-30T21:26:03.814444,4.212
2026-04-30T21:25:03.948380,64.23,0.1458,67.02,0.1641,1000.0,0.0,4.199,86.8,99,0,60.0,2026-04-30T21:26:03.948032,4.212
2026-04-30T21:25:04.741779,64.29,0.1257,67.06,0.1597,1000.0,0.0,4.199,86.8,99,0,60.0,2026-04-30T21:26:04.741595,4.212
2026-04-30T21:25:04.810111,64.29,0.1391,67.07,0.1594,1000.0,0.0,4.199,86.8,99,0,60.0,2026-04-30T21:26:04.809924,4.212
2026-04-30T21:25:04.882654,64.29,0.1391,67.07,0.1592,1000.0,0.0,4.199,86.8,99,0,60.0,2026-04-30T21:26:04.882458,4.212
2026-04-30T21:25:05.794671,64.34,0.1467,67.12,0.1602,1000.0,0.0,4.199,86.8,99,0,60.0,2026-04-30T21:26:05.794504,4.212
2026-04-30T21:25:05.862232,64.34,0.1467,67.12,0.1628,1000.0,0.0,4.199,86.8,99,0,60.0,2026-04-30T21:26:05.861963,4.212
2026-04-30T21:25:06.847824,64.34,0.1467,67.16,0.1647,1000.0,0.0,4.199,86.8,99,0,60.0,2026-04-30T21:26:06.847435,4.212
2026-04-30T21:25:07.311261,64.4,0.1467,67.18,0.1639,1000.0,0.0,4.199,86.8,99,0,60.0,2026-04-30T21:26:07.273379,4.212
2026-04-30T21:25:07.617988,64.4,0.1467,67.2,0.1656,1000.0,0.0,4.199,86.8,99,0,60.0,2026-04-30T21:26:07.617725,4.212
2026-04-30T21:25:07.997187,64.43,0.1467,67.21,0.1662,1000.0,0.0,4.199,86.8,99,0,60.0,2026-04-30T21:26:07.996645,4.212
2026-04-30T21:25:08.174453,64.43,0.1444,67.22,0.1641,1000.0,0.0,4.199,86.8,99,0,60.0,2026-04-30T21:26:08.173904,4.212
2026-04-30T21:25:08.326320,64.43,0.1444,67.23,0.1643,1000.0,0.0,4.199,86.8,99,0,60.0,2026-04-30T21:26:08.325956,4.212
2026-04-30T21:25:08.935469,64.5,0.1444,67.26,0.1645,1000.0,0.0,4.199,86.7,99,0,60.0,2026-04-30T21:26:08.934968,4.212
2026-04-30T21:25:09.233146,64.5,0.1444,67.28,0.1645,1000.0,0.0,4.199,86.7,99,0,60.0,2026-04-30T21:26:09.232890,4.212
2026-04-30T21:25:09.344275,64.5,0.1444,67.29,0.1645,1000.0,0.0,4.199,86.7,99,0,60.0,2026-04-30T21:26:09.343954,4.212
2026-04-30T21:25:09.981477,64.55,0.1323,67.32,0.1616,1000.0,0.0,4.199,86.7,99,0,60.0,2026-04-30T21:26:09.981143,4.212
2026-04-30T21:25:10.051425,64.55,0.1434,67.33,0.1624,1000.0,0.0,4.199,86.7,99,0,60.0,2026-04-30T21:26:10.051262,4.212
2026-04-30T21:25:10.142989,64.55,0.1434,67.34,0.1627,1000.0,0.0,4.199,86.7,99,0,60.0,2026-04-30T21:26:10.142729,4.212
2026-04-30T21:25:11.122543,64.58,0.1434,67.37,0.1612,1000.0,0.0,4.199,86.7,99,0,60.0,2026-04-30T21:26:11.122286,4.212
2026-04-30T21:25:11.260550,64.58,0.1434,67.37,0.1622,1000.0,0.0,4.199,86.7,99,0,60.0,2026-04-30T21:26:11.260238,4.212
2026-04-30T21:25:12.044740,64.58,0.1434,67.4,0.163,1000.0,0.0,4.199,86.7,99,0,60.0,2026-04-30T21:26:12.044416,4.212
2026-04-30T21:25:12.125465,64.64,0.1391,67.41,0.161,1000.0,0.0,4.199,86.7,99,0,60.0,2026-04-30T21:26:12.125278,4.212
2026-04-30T21:25:12.206034,64.64,0.1391,67.42,0.1603,1000.0,0.0,4.199,86.7,99,0,60.0,2026-04-30T21:26:12.205812,4.212
2026-04-30T21:25:13.107449,64.69,0.1391,67.46,0.1599,1000.0,0.0,4.199,86.7,99,0,60.0,2026-04-30T21:26:13.107222,4.212
2026-04-30T21:25:13.298969,64.69,0.1436,67.46,0.161,1000.0,0.0,4.199,86.7,99,0,60.0,2026-04-30T21:26:13.298559,4.212
2026-04-30T21:25:13.472006,64.69,0.1436,67.47,0.1622,1000.0,0.0,4.199,86.7,99,0,60.0,2026-04-30T21:26:13.471647,4.212
2026-04-30T21:25:14.155952,64.75,0.1391,67.5,0.1625,1000.0,0.0,4.199,86.6,99,0,60.0,2026-04-30T21:26:14.155769,4.212
2026-04-30T21:25:14.228124,64.75,0.1436,67.52,0.1626,1000.0,0.0,4.199,86.6,99,0,60.0,2026-04-30T21:26:14.227934,4.212
2026-04-30T21:25:14.342858,64.75,0.1436,67.52,0.163,1000.0,0.0,4.199,86.6,99,0,60.0,2026-04-30T21:26:14.342554,4.212
2026-04-30T21:25:15.238623,64.79,0.1384,67.56,0.1621,1000.0,0.0,4.199,86.6,99,0,60.0,2026-04-30T21:26:15.238353,4.212
2026-04-30T21:25:15.368040,64.79,0.1502,67.57,0.1659,1000.0,0.0,4.199,86.6,99,0,60.0,2026-04-30T21:26:15.367641,4.212
2026-04-30T21:25:15.551647,64.79,0.1502,67.57,0.1677,1000.0,0.0,4.199,86.6,99,0,60.0,2026-04-30T21:26:15.551339,4.212
2026-04-30T21:25:16.271795,64.84,0.1502,67.61,0.1694,1000.0,0.0,4.199,86.6,99,0,60.0,2026-04-30T21:26:16.271604,4.212
2026-04-30T21:25:16.343769,64.84,0.1502,67.62,0.1698,1000.0,0.0,4.199,86.6,99,0,60.0,2026-04-30T21:26:16.343591,4.212
2026-04-30T21:25:17.304991,64.84,0.1502,67.65,0.1703,1000.0,0.0,4.199,86.6,99,0,60.0,2026-04-30T21:26:17.304640,4.212
2026-04-30T21:25:17.626495,64.9,0.1426,67.68,0.1646,1000.0,0.0,4.199,86.6,99,0,60.0,2026-04-30T21:26:17.618477,4.212
2026-04-30T21:25:17.817301,64.9,0.1426,67.68,0.1638,1000.0,0.0,4.199,86.6,99,0,60.0,2026-04-30T21:26:17.816482,4.212
2026-04-30T21:25:18.358830,64.95,0.1426,67.71,0.1634,1000.0,0.0,4.199,86.6,99,0,60.0,2026-04-30T21:26:18.358572,4.212
2026-04-30T21:25:18.463986,64.95,0.1426,67.72,0.1623,1000.0,0.0,4.199,86.6,99,0,60.0,2026-04-30T21:26:18.463640,4.212
2026-04-30T21:25:18.602898,64.95,0.1426,67.73,0.1625,1000.0,0.0,4.199,86.6,99,0,60.0,2026-04-30T21:26:18.602228,4.212
2026-04-30T21:25:19.417956,65.0,0.1426,67.77,0.1628,1000.0,0.0,4.199,86.6,99,0,60.0,2026-04-30T21:26:19.417615,4.212
2026-04-30T21:25:19.561744,65.0,0.1485,67.78,0.1652,1000.0,0.0,4.199,86.6,99,0,60.0,2026-04-30T21:26:19.561209,4.212
2026-04-30T21:25:19.741934,65.0,0.1485,67.78,0.1667,1000.0,0.0,4.199,86.6,99,0,60.0,2026-04-30T21:26:19.741579,4.212
2026-04-30T21:25:20.458084,65.04,0.1485,67.82,0.168,1000.0,0.0,4.199,86.5,99,0,60.0,2026-04-30T21:26:20.457875,4.212
2026-04-30T21:25:20.531639,65.04,0.1485,67.82,0.1684,1000.0,0.0,4.199,86.5,99,0,60.0,2026-04-30T21:26:20.531369,4.212
2026-04-30T21:25:20.605249,65.04,0.1485,67.82,0.1685,1000.0,0.0,4.199,86.5,99,0,60.0,2026-04-30T21:26:20.605053,4.212
2026-04-30T21:25:21.507049,65.09,0.1453,67.87,0.1665,1000.0,0.0,4.199,86.5,99,0,60.0,2026-04-30T21:26:21.506867,4.212
2026-04-30T21:25:21.579296,65.09,0.1453,67.87,0.1662,1000.0,0.0,4.199,86.5,99,0,60.0,2026-04-30T21:26:21.579098,4.212
2026-04-30T21:25:22.531301,65.09,0.1453,67.91,0.1662,1000.0,0.0,4.199,86.5,99,0,60.0,2026-04-30T21:26:22.530842,4.212
2026-04-30T21:25:22.684157,65.16,0.1527,67.93,0.1656,1000.0,0.0,4.199,86.5,99,0,60.0,2026-04-30T21:26:22.683773,4.212
2026-04-30T21:25:22.849667,65.16,0.1527,67.94,0.1689,1000.0,0.0,4.199,86.5,99,0,60.0,2026-04-30T21:26:22.849274,4.212
2026-04-30T21:25:24.457793,65.21,0.1527,67.97,0.1713,1000.0,0.0,4.199,86.5,99,0,60.0,2026-04-30T21:26:24.457166,4.212
2026-04-30T21:25:24.888589,65.21,0.1527,68.0,0.1727,1000.0,0.0,4.199,86.5,99,0,60.0,2026-04-30T21:26:24.888283,4.212
2026-04-30T21:25:25.582306,65.21,0.1527,68.01,0.1731,1000.0,0.0,4.199,86.5,99,0,60.0,2026-04-30T21:26:25.571704,4.212
2026-04-30T21:25:29.212625,65.24,0.1458,68.03,0.1721,1000.0,0.0,4.199,86.5,99,0,60.0,2026-04-30T21:26:29.212246,4.212
2026-04-30T21:25:29.808554,65.24,0.1502,68.05,0.1704,1000.0,0.0,4.199,86.5,99,0,60.0,2026-04-30T21:26:29.793623,4.212
2026-04-30T21:25:30.400298,65.24,0.1502,68.05,0.1706,1000.0,0.0,4.199,86.5,99,0,60.0,2026-04-30T21:26:30.393736,4.212
2026-04-30T21:25:30.610401,65.3,0.1418,68.06,0.1692,1000.0,0.0,4.199,86.5,99,0,60.0,2026-04-30T21:26:30.610069,4.212
2026-04-30T21:25:30.723720,65.3,0.1502,68.07,0.1699,1000.0,0.0,4.199,86.5,99,0,60.0,2026-04-30T21:26:30.723456,4.212
2026-04-30T21:25:30.818941,65.3,0.1502,68.08,0.1702,1000.0,0.0,4.199,86.5,99,0,60.0,2026-04-30T21:26:30.818724,4.212
2026-04-30T21:25:30.921223,65.35,0.1418,68.09,0.1687,1000.0,0.0,4.199,86.4,99,0,60.0,2026-04-30T21:26:30.920692,4.212
2026-04-30T21:25:31.186417,65.35,0.1418,68.12,0.1664,1000.0,0.0,4.199,86.4,99,0,60.0,2026-04-30T21:26:31.185982,4.212
2026-04-30T21:25:31.283159,65.35,0.1418,68.12,0.1648,1000.0,0.0,4.199,86.4,99,0,60.0,2026-04-30T21:26:31.282846,4.212
2026-04-30T21:25:31.389441,65.38,0.1453,68.14,0.1646,1000.0,0.0,4.199,86.4,99,0,60.0,2026-04-30T21:26:31.389084,4.212
2026-04-30T21:25:31.510412,65.38,0.1453,68.15,0.165,1000.0,0.0,4.199,86.4,99,0,60.0,2026-04-30T21:26:31.510163,4.212
2026-04-30T21:25:31.610521,65.43,0.1453,68.16,0.1653,1000.0,0.0,4.199,86.4,99,0,60.0,2026-04-30T21:26:31.610261,4.212
2026-04-30T21:25:31.724248,65.43,0.1453,68.18,0.1651,1000.0,0.0,4.199,86.4,99,0,60.0,2026-04-30T21:26:31.723919,4.212
2026-04-30T21:25:31.951120,65.43,0.1453,68.19,0.1654,1000.0,0.0,4.199,86.4,99,0,60.0,2026-04-30T21:26:31.950671,4.212
2026-04-30T21:25:32.100233,65.47,0.1426,68.21,0.1654,1000.0,0.0,4.199,86.4,99,0,60.0,2026-04-30T21:26:32.099945,4.212
2026-04-30T21:25:32.226533,65.47,0.1638,68.23,0.1707,1000.0,0.0,4.199,86.4,99,0,60.0,2026-04-30T21:26:32.226217,4.212
2026-04-30T21:25:32.432701,65.47,0.1638,68.24,0.1755,1000.0,0.0,4.199,86.4,99,0,60.0,2026-04-30T21:26:32.432154,4.212
2026-04-30T21:25:32.618160,65.52,0.1638,68.26,0.1789,1000.0,0.0,4.199,86.4,99,0,60.0,2026-04-30T21:26:32.617870,4.212
2026-04-30T21:25:32.898179,65.52,0.1638,68.29,0.1812,1000.0,0.0,4.199,86.4,99,0,60.0,2026-04-30T21:26:32.897776,4.212
2026-04-30T21:25:33.114584,65.52,0.1638,68.3,0.1827,1000.0,0.0,4.199,86.4,99,0,60.0,2026-04-30T21:26:33.114228,4.212
2026-04-30T21:25:33.506153,65.56,0.1299,68.32,0.1748,1000.0,0.0,4.199,86.4,98,0,60.0,2026-04-30T21:26:33.498602,4.212
2026-04-30T21:25:33.655792,65.56,0.1299,68.34,0.1634,1000.0,0.0,4.199,86.4,98,0,60.0,2026-04-30T21:26:33.655220,4.212
2026-04-30T21:25:33.807346,65.56,0.1299,68.35,0.1583,1000.0,0.0,4.199,86.4,98,0,60.0,2026-04-30T21:26:33.802095,4.212
2026-04-30T21:25:34.063512,65.62,0.1477,68.37,0.1583,1000.0,0.0,4.199,86.4,98,0,60.0,2026-04-30T21:26:34.063135,4.212
2026-04-30T21:25:34.234987,65.62,0.1477,68.39,0.1624,1000.0,0.0,4.199,86.4,98,0,60.0,2026-04-30T21:26:34.234727,4.212
2026-04-30T21:25:34.637158,65.67,0.1477,68.4,0.1649,1000.0,0.0,4.199,86.3,98,0,60.0,2026-04-30T21:26:34.636838,4.212
2026-04-30T21:25:34.896020,65.67,0.1477,68.43,0.1665,1000.0,0.0,4.199,86.3,98,0,60.0,2026-04-30T21:26:34.895613,4.212
2026-04-30T21:25:35.082105,65.67,0.1477,68.44,0.1673,1000.0,0.0,4.199,86.3,98,0,60.0,2026-04-30T21:26:35.081729,4.212
2026-04-30T21:25:35.236206,65.72,0.1359,68.45,0.1667,1000.0,0.0,4.199,86.3,98,0,60.0,2026-04-30T21:26:35.217202,4.212
2026-04-30T21:25:35.600343,65.72,0.1512,68.47,0.1679,1000.0,0.0,4.199,86.3,98,0,60.0,2026-04-30T21:26:35.575652,4.212
2026-04-30T21:25:35.720628,65.72,0.1512,68.49,0.1697,1000.0,0.0,4.199,86.3,98,0,60.0,2026-04-30T21:26:35.720129,4.212
2026-04-30T21:25:36.171482,65.77,0.1409,68.51,0.168,1000.0,0.0,4.199,86.3,98,0,60.0,2026-04-30T21:26:36.171233,4.212
2026-04-30T21:25:36.281595,65.77,0.1512,68.53,0.1696,1000.0,0.0,4.199,86.3,98,0,60.0,2026-04-30T21:26:36.281046,4.212
2026-04-30T21:25:36.643252,65.77,0.1512,68.54,0.1705,1000.0,0.0,4.199,86.3,98,0,60.0,2026-04-30T21:26:36.642876,4.212
2026-04-30T21:25:37.377522,65.81,0.1444,68.58,0.168,1000.0,0.0,4.199,86.3,98,0,60.0,2026-04-30T21:26:37.377297,4.212
2026-04-30T21:25:37.524191,65.81,0.1444,68.58,0.1667,1000.0,0.0,4.199,86.3,98,0,60.0,2026-04-30T21:26:37.523813,4.212
2026-04-30T21:25:38.221383,65.81,0.1444,68.61,0.1662,1000.0,0.0,4.199,86.3,98,0,60.0,2026-04-30T21:26:38.221196,4.212
2026-04-30T21:25:38.314711,65.87,0.162,68.63,0.1695,1000.0,0.0,4.199,86.3,98,0,60.0,2026-04-30T21:26:38.314450,4.212
2026-04-30T21:25:38.551237,65.87,0.162,68.64,0.1748,1000.0,0.0,4.199,86.3,98,0,60.0,2026-04-30T21:26:38.550938,4.212
2026-04-30T21:25:39.289737,65.92,0.162,68.67,0.1792,1000.0,0.0,4.199,86.3,98,0,60.0,2026-04-30T21:26:39.289204,4.212
2026-04-30T21:25:39.516330,65.92,0.162,68.69,0.1782,1000.0,0.0,4.199,86.3,98,0,60.0,2026-04-30T21:26:39.516016,4.212
2026-04-30T21:25:39.699989,65.92,0.162,68.7,0.1803,1000.0,0.0,4.199,86.3,98,0,60.0,2026-04-30T21:26:39.699579,4.212
2026-04-30T21:25:40.374410,65.96,0.1477,68.72,0.1798,1000.0,0.0,4.199,86.2,98,0,60.0,2026-04-30T21:26:40.374007,4.212
2026-04-30T21:25:40.572116,65.96,0.1552,68.73,0.1775,1000.0,0.0,4.199,86.2,98,0,60.0,2026-04-30T21:26:40.571657,4.212
2026-04-30T21:25:40.718129,65.96,0.1552,68.74,0.177,1000.0,0.0,4.199,86.2,98,0,60.0,2026-04-30T21:26:40.717766,4.212
2026-04-30T21:25:41.392082,66.0,0.1552,68.77,0.1766,1000.0,0.0,4.199,86.2,98,0,60.0,2026-04-30T21:26:41.391893,4.212
2026-04-30T21:25:41.465672,66.0,0.1552,68.77,0.1764,1000.0,0.0,4.199,86.2,98,0,60.0,2026-04-30T21:26:41.465452,4.212
2026-04-30T21:25:41.555892,66.0,0.1552,68.78,0.1764,1000.0,0.0,4.199,86.2,98,0,60.0,2026-04-30T21:26:41.555691,4.212
2026-04-30T21:25:42.450737,66.06,0.1544,68.82,0.1732,1000.0,0.0,4.199,86.2,98,0,60.0,2026-04-30T21:26:42.450523,4.212
2026-04-30T21:25:42.537989,66.06,0.1544,68.83,0.1741,1000.0,0.0,4.199,86.2,98,0,60.0,2026-04-30T21:26:42.537766,4.212
2026-04-30T21:25:43.471159,66.06,0.1544,68.87,0.1749,1000.0,0.0,4.199,86.2,98,0,60.0,2026-04-30T21:26:43.470896,4.212
2026-04-30T21:25:43.605818,66.1,0.1544,68.87,0.1738,1000.0,0.0,4.199,86.2,98,0,60.0,2026-04-30T21:26:43.605450,4.212
2026-04-30T21:25:43.761389,66.1,0.1544,68.87,0.1745,1000.0,0.0,4.199,86.2,98,0,60.0,2026-04-30T21:26:43.758936,4.212
2026-04-30T21:25:44.512541,66.15,0.1544,68.9,0.1751,1000.0,0.0,4.199,86.2,98,0,60.0,2026-04-30T21:26:44.512356,4.212
2026-04-30T21:25:44.598267,66.15,0.1536,68.91,0.1748,1000.0,0.0,4.199,86.2,98,0,60.0,2026-04-30T21:26:44.598031,4.212
2026-04-30T21:25:44.703025,66.15,0.1536,68.92,0.1748,1000.0,0.0,4.199,86.2,98,0,60.0,2026-04-30T21:26:44.702723,4.212
2026-04-30T21:25:45.589260,66.22,0.14,68.96,0.1727,1000.0,0.0,4.199,86.2,98,0,60.0,2026-04-30T21:26:45.588889,4.212
2026-04-30T21:25:45.695570,66.22,0.162,68.98,0.1756,1000.0,0.0,4.199,86.2,98,0,60.0,2026-04-30T21:26:45.695202,4.212
2026-04-30T21:25:45.811821,66.22,0.162,68.98,0.1784,1000.0,0.0,4.199,86.2,98,0,60.0,2026-04-30T21:26:45.811549,4.212
2026-04-30T21:25:46.622422,66.26,0.1519,69.02,0.1769,1000.0,0.0,4.199,86.1,98,0,60.0,2026-04-30T21:26:46.622244,4.212
2026-04-30T21:25:46.685145,66.26,0.162,69.03,0.1795,1000.0,0.0,4.199,86.1,98,0,60.0,2026-04-30T21:26:46.684960,4.212
2026-04-30T21:25:46.773569,66.26,0.162,69.03,0.1808,1000.0,0.0,4.199,86.1,98,0,60.0,2026-04-30T21:26:46.773348,4.212
2026-04-30T21:25:47.676095,66.3,0.1638,69.07,0.1801,1000.0,0.0,4.199,86.1,98,0,60.0,2026-04-30T21:26:47.675892,4.212
2026-04-30T21:25:47.747948,66.3,0.1638,69.07,0.1821,1000.0,0.0,4.199,86.1,98,0,60.0,2026-04-30T21:26:47.747748,4.212
2026-04-30T21:25:48.693274,66.3,0.1638,69.1,0.1836,1000.0,0.0,4.199,86.1,98,0,60.0,2026-04-30T21:26:48.693026,4.212
2026-04-30T21:25:48.793103,66.35,0.1638,69.12,0.1843,1000.0,0.0,4.199,86.1,98,0,60.0,2026-04-30T21:26:48.792847,4.212
2026-04-30T21:25:48.999367,66.35,0.1638,69.12,0.1846,1000.0,0.0,4.199,86.1,98,0,60.0,2026-04-30T21:26:48.998712,4.212
2026-04-30T21:25:49.752081,66.39,0.1638,69.15,0.1849,1000.0,0.0,4.199,86.1,98,0,60.0,2026-04-30T21:26:49.751849,4.212
2026-04-30T21:25:49.859420,66.39,0.1521,69.16,0.1787,1000.0,0.0,4.199,86.1,98,0,60.0,2026-04-30T21:26:49.859110,4.212
2026-04-30T21:25:50.093912,66.39,0.1521,69.17,0.1766,1000.0,0.0,4.199,86.1,98,0,60.0,2026-04-30T21:26:50.093453,4.212
2026-04-30T21:25:50.824622,66.44,0.1477,69.2,0.1742,1000.0,0.0,4.199,86.1,98,0,60.0,2026-04-30T21:26:50.824383,4.212
2026-04-30T21:25:50.945980,66.44,0.1645,69.21,0.178,1000.0,0.0,4.199,86.1,98,0,60.0,2026-04-30T21:26:50.944046,4.212
2026-04-30T21:25:51.248749,66.44,0.1645,69.22,0.1813,1000.0,0.0,4.199,86.1,98,0,60.0,2026-04-30T21:26:51.233531,4.212
2026-04-30T21:25:51.858504,66.49,0.1645,69.25,0.1839,1000.0,0.0,4.199,86.1,99,0,60.0,2026-04-30T21:26:51.858315,4.212
2026-04-30T21:25:51.932593,66.49,0.1645,69.26,0.1847,1000.0,0.0,4.199,86.1,99,0,60.0,2026-04-30T21:26:51.932389,4.212
2026-04-30T21:25:52.005535,66.49,0.1645,69.26,0.1851,1000.0,0.0,4.199,86.1,99,0,60.0,2026-04-30T21:26:52.005359,4.212
2026-04-30T21:25:52.919676,66.56,0.1678,69.31,0.1833,1000.0,0.0,4.199,86.0,99,0,60.0,2026-04-30T21:26:52.918143,4.212
2026-04-30T21:25:53.204525,66.56,0.1678,69.33,0.1861,1000.0,0.0,4.199,86.0,99,0,60.0,2026-04-30T21:26:53.203976,4.212
2026-04-30T21:25:53.925910,66.56,0.1678,69.35,0.1878,1000.0,0.0,4.199,86.0,99,0,60.0,2026-04-30T21:26:53.925708,4.212
2026-04-30T21:25:54.009955,66.62,0.1678,69.37,0.1855,1000.0,0.0,4.199,86.0,99,0,60.0,2026-04-30T21:26:54.009709,4.212
2026-04-30T21:25:54.180715,66.62,0.1678,69.38,0.187,1000.0,0.0,4.199,86.0,99,0,60.0,2026-04-30T21:26:54.180286,4.212
2026-04-30T21:25:55.147540,66.67,0.1678,69.42,0.1883,1000.0,0.0,4.199,86.0,99,0,60.0,2026-04-30T21:26:55.120335,4.212
2026-04-30T21:25:55.469976,66.67,0.1651,69.44,0.1848,1000.0,0.0,4.199,86.0,98,0,60.0,2026-04-30T21:26:55.469413,4.212
2026-04-30T21:25:55.776259,66.67,0.1651,69.44,0.1856,1000.0,0.0,4.199,86.0,98,0,60.0,2026-04-30T21:26:55.775579,4.212
2026-04-30T21:25:56.066200,66.73,0.1651,69.47,0.1861,1000.0,0.0,4.199,86.0,98,0,60.0,2026-04-30T21:26:56.065725,4.212
2026-04-30T21:25:56.200718,66.73,0.1651,69.48,0.1863,1000.0,0.0,4.199,86.0,98,0,60.0,2026-04-30T21:26:56.200415,4.212
2026-04-30T21:25:56.465828,66.73,0.1651,69.48,0.1864,1000.0,0.0,4.199,86.0,98,0,60.0,2026-04-30T21:26:56.465456,4.212
2026-04-30T21:25:57.159739,66.78,0.1536,69.53,0.1847,1000.0,0.0,4.199,86.0,98,0,60.0,2026-04-30T21:26:57.159503,4.212
2026-04-30T21:25:57.258330,66.78,0.162,69.53,0.1841,1000.0,0.0,4.199,86.0,98,0,60.0,2026-04-30T21:26:57.258014,4.212
2026-04-30T21:25:57.360087,66.78,0.162,69.54,0.1839,1000.0,0.0,4.199,86.0,98,0,60.0,2026-04-30T21:26:57.359797,4.212
2026-04-30T21:25:58.149153,66.82,0.1696,69.58,0.1827,1000.0,0.0,4.199,86.0,98,0,60.0,2026-04-30T21:26:58.148947,4.212
2026-04-30T21:25:58.210775,66.82,0.1696,69.58,0.186,1000.0,0.0,4.199,86.0,98,0,60.0,2026-04-30T21:26:58.210612,4.212
2026-04-30T21:25:59.210831,66.82,0.1696,69.61,0.1884,1000.0,0.0,4.199,86.0,98,0,60.0,2026-04-30T21:26:59.210438,4.212
2026-04-30T21:25:59.359192,66.86,0.1696,69.62,0.1899,1000.0,0.0,4.199,85.9,98,0,60.0,2026-04-30T21:26:59.358805,4.212
2026-04-30T21:25:59.501036,66.86,0.1696,69.63,0.1905,1000.0,0.0,4.199,85.9,98,0,60.0,2026-04-30T21:26:59.500763,4.212
2026-04-30T21:26:00.230041,66.91,0.1696,69.66,0.191,1000.0,0.0,4.199,85.9,98,0,60.0,2026-04-30T21:27:00.229787,4.212
2026-04-30T21:26:00.332737,66.91,0.1552,69.67,0.1839,1000.0,0.0,4.199,85.9,98,0,60.0,2026-04-30T21:27:00.332432,4.212
2026-04-30T21:26:00.444766,66.91,0.1552,69.67,0.1812,1000.0,0.0,4.199,85.9,98,0,60.0,2026-04-30T21:27:00.444434,4.212
2026-04-30T21:26:01.294940,66.95,0.1544,69.71,0.1787,1000.0,0.0,4.199,85.9,98,0,60.0,2026-04-30T21:27:01.294627,4.212
2026-04-30T21:26:01.410244,66.95,0.1544,69.71,0.1772,1000.0,0.0,4.199,85.9,98,0,60.0,2026-04-30T21:27:01.409966,4.212
2026-04-30T21:26:01.524634,66.95,0.1544,69.72,0.1767,1000.0,0.0,4.199,85.9,98,0,60.0,2026-04-30T21:27:01.524322,4.212
2026-04-30T21:26:02.332983,67.01,0.1519,69.75,0.1756,1000.0,0.0,4.199,85.9,98,0,60.0,2026-04-30T21:27:02.332763,4.212
2026-04-30T21:26:02.404204,67.01,0.158,69.76,0.1772,1000.0,0.0,4.199,85.9,98,0,60.0,2026-04-30T21:27:02.404024,4.212
2026-04-30T21:26:02.476714,67.01,0.158,69.76,0.178,1000.0,0.0,4.199,85.9,98,0,60.0,2026-04-30T21:27:02.476522,4.212
2026-04-30T21:26:03.398816,67.06,0.1602,69.81,0.1793,1000.0,0.0,4.199,85.9,98,0,60.0,2026-04-30T21:27:03.398583,4.212
2026-04-30T21:26:03.492076,67.06,0.1602,69.81,0.1803,1000.0,0.0,4.199,85.9,98,0,60.0,2026-04-30T21:27:03.491841,4.212
2026-04-30T21:26:04.397939,67.06,0.1602,69.85,0.1812,1000.0,0.0,4.199,85.9,98,0,60.0,2026-04-30T21:27:04.397703,4.212
2026-04-30T21:26:04.471512,67.11,0.1602,69.86,0.1804,1000.0,0.0,4.199,85.9,98,0,60.0,2026-04-30T21:27:04.471321,4.212
2026-04-30T21:26:04.571451,67.11,0.1602,69.87,0.1809,1000.0,0.0,4.199,85.9,98,0,60.0,2026-04-30T21:27:04.571230,4.212
2026-04-30T21:26:05.466215,67.15,0.1602,69.9,0.1815,1000.0,0.0,4.199,85.8,98,0,60.0,2026-04-30T21:27:05.465975,4.212
2026-04-30T21:26:05.567791,67.15,0.1593,69.91,0.1799,1000.0,0.0,4.199,85.8,98,0,60.0,2026-04-30T21:27:05.567506,4.212
2026-04-30T21:26:05.683453,67.15,0.1593,69.91,0.1803,1000.0,0.0,4.199,85.8,98,0,60.0,2026-04-30T21:27:05.683088,4.212
2026-04-30T21:26:06.561076,67.18,0.1593,69.94,0.1808,1000.0,0.0,4.199,85.8,98,0,60.0,2026-04-30T21:27:06.560749,4.212
2026-04-30T21:26:06.744131,67.18,0.1593,69.95,0.1809,1000.0,0.0,4.199,85.8,98,0,60.0,2026-04-30T21:27:06.743697,4.212
2026-04-30T21:26:07.084960,67.18,0.1593,69.95,0.1809,1000.0,0.0,4.199,85.8,98,0,60.0,2026-04-30T21:27:07.084479,4.212
2026-04-30T21:26:07.590826,67.23,0.1569,69.98,0.1806,1000.0,0.0,4.199,85.8,98,0,60.0,2026-04-30T21:27:07.590580,4.212
2026-04-30T21:26:07.688382,67.23,0.1584,69.99,0.1804,1000.0,0.0,4.199,85.8,98,0,60.0,2026-04-30T21:27:07.688166,4.212
2026-04-30T21:26:07.792534,67.23,0.1584,69.99,0.1803,1000.0,0.0,4.199,85.8,98,0,60.0,2026-04-30T21:27:07.792309,4.212
2026-04-30T21:26:08.642784,67.28,0.1628,70.03,0.1804,1000.0,0.0,4.199,85.8,98,0,60.0,2026-04-30T21:27:08.642507,4.212
2026-04-30T21:26:08.758098,67.28,0.1628,70.04,0.1821,1000.0,0.0,4.199,85.8,98,0,60.0,2026-04-30T21:27:08.757799,4.212
2026-04-30T21:26:09.635886,67.28,0.1628,70.07,0.1835,1000.0,0.0,4.199,85.8,98,0,60.0,2026-04-30T21:27:09.635646,4.212
2026-04-30T21:26:09.734016,67.33,0.1628,70.08,0.1841,1000.0,0.0,4.199,85.8,98,0,60.0,2026-04-30T21:27:09.733787,4.212
2026-04-30T21:26:09.881274,67.33,0.1628,70.09,0.1843,1000.0,0.0,4.199,85.8,98,0,60.0,2026-04-30T21:27:09.880836,4.212
2026-04-30T21:26:10.696089,67.37,0.1628,70.12,0.1846,1000.0,0.0,4.199,85.8,98,0,60.0,2026-04-30T21:27:10.695873,4.212
2026-04-30T21:26:10.788820,67.37,0.1715,70.13,0.1856,1000.0,0.0,4.199,85.8,98,0,60.0,2026-04-30T21:27:10.788602,4.212
2026-04-30T21:26:10.896626,67.37,0.1715,70.14,0.1885,1000.0,0.0,4.199,85.8,98,0,60.0,2026-04-30T21:27:10.896387,4.212
2026-04-30T21:26:11.797612,67.41,0.1543,70.17,0.1885,1000.0,0.0,4.199,85.8,98,0,60.0,2026-04-30T21:27:11.797352,4.212
2026-04-30T21:26:12.005694,67.41,0.1715,70.18,0.1881,1000.0,0.0,4.199,85.8,98,0,60.0,2026-04-30T21:27:12.005307,4.212
2026-04-30T21:26:12.127906,67.41,0.1715,70.18,0.1903,1000.0,0.0,4.199,85.8,98,0,60.0,2026-04-30T21:27:12.127518,4.212
2026-04-30T21:26:12.809990,67.44,0.1392,70.21,0.1837,1000.0,0.0,4.199,85.7,98,0,60.0,2026-04-30T21:27:12.809763,4.212
2026-04-30T21:26:12.918228,67.44,0.158,70.21,0.182,1000.0,0.0,4.199,85.7,98,0,60.0,2026-04-30T21:27:12.916479,4.212
2026-04-30T21:26:13.214973,67.44,0.158,70.21,0.1812,1000.0,0.0,4.199,85.7,98,0,60.0,2026-04-30T21:27:13.188856,4.212
2026-04-30T21:26:13.853949,67.51,0.158,70.25,0.1804,1000.0,0.0,4.199,85.7,98,0,60.0,2026-04-30T21:27:13.853778,4.212
2026-04-30T21:26:13.919324,67.51,0.158,70.26,0.1801,1000.0,0.0,4.199,85.7,98,0,60.0,2026-04-30T21:27:13.919150,4.212
2026-04-30T21:26:14.869089,67.51,0.158,70.3,0.1803,1000.0,0.0,4.199,85.7,98,0,60.0,2026-04-30T21:27:14.868877,4.212
2026-04-30T21:26:14.971739,67.55,0.1612,70.3,0.1801,1000.0,0.0,4.199,85.7,98,0,60.0,2026-04-30T21:27:14.968825,4.212
2026-04-30T21:26:15.375498,67.55,0.1612,70.32,0.1815,1000.0,0.0,4.199,85.7,98,0,60.0,2026-04-30T21:27:15.375043,4.212
2026-04-30T21:26:15.946328,67.59,0.1612,70.34,0.1824,1000.0,0.0,4.199,85.7,98,0,60.0,2026-04-30T21:27:15.946001,4.212
2026-04-30T21:26:16.082480,67.59,0.1612,70.35,0.182,1000.0,0.0,4.199,85.7,98,0,60.0,2026-04-30T21:27:16.082075,4.212
2026-04-30T21:26:16.219056,67.59,0.1612,70.35,0.1824,1000.0,0.0,4.199,85.7,98,0,60.0,2026-04-30T21:27:16.218376,4.212
2026-04-30T21:26:17.152704,67.64,0.1595,70.39,0.1826,1000.0,0.0,4.199,85.7,98,0,60.0,2026-04-30T21:27:17.139189,4.212
2026-04-30T21:26:17.284429,67.64,0.1595,70.4,0.182,1000.0,0.0,4.199,85.7,98,0,60.0,2026-04-30T21:27:17.284072,4.212
2026-04-30T21:26:17.400343,67.64,0.1595,70.4,0.1817,1000.0,0.0,4.199,85.7,98,0,60.0,2026-04-30T21:27:17.399961,4.212
2026-04-30T21:26:18.038429,67.69,0.1521,70.44,0.1798,1000.0,0.0,4.199,85.7,98,0,60.0,2026-04-30T21:27:18.038249,4.212
2026-04-30T21:26:18.117631,67.69,0.1651,70.44,0.1828,1000.0,0.0,4.199,85.7,98,0,60.0,2026-04-30T21:27:18.117379,4.212
2026-04-30T21:26:18.221545,67.69,0.1651,70.45,0.1843,1000.0,0.0,4.199,85.7,98,0,60.0,2026-04-30T21:27:18.221303,4.212
2026-04-30T21:26:19.167813,67.72,0.1651,70.48,0.1833,1000.0,0.0,4.199,85.7,98,0,60.0,2026-04-30T21:27:19.167532,4.212
2026-04-30T21:26:19.288782,67.72,0.1651,70.49,0.1849,1000.0,0.0,4.199,85.7,98,0,60.0,2026-04-30T21:27:19.288379,4.212
2026-04-30T21:26:20.118465,67.72,0.1651,70.51,0.1861,1000.0,0.0,4.199,85.7,98,0,60.0,2026-04-30T21:27:20.118151,4.212
2026-04-30T21:26:20.242643,67.76,0.1669,70.52,0.185,1000.0,0.0,4.199,85.6,98,0,60.0,2026-04-30T21:27:20.242354,4.212
2026-04-30T21:26:20.425484,67.76,0.1669,70.53,0.1866,1000.0,0.0,4.199,85.6,98,0,60.0,2026-04-30T21:27:20.425055,4.212
2026-04-30T21:26:21.174120,67.82,0.1669,70.55,0.1881,1000.0,0.0,4.199,85.6,98,0,60.0,2026-04-30T21:27:21.173731,4.212
2026-04-30T21:26:21.307327,67.82,0.1669,70.56,0.1885,1000.0,0.0,4.199,85.6,98,0,60.0,2026-04-30T21:27:21.306924,4.212
2026-04-30T21:26:21.438704,67.82,0.1669,70.57,0.1887,1000.0,0.0,4.199,85.6,98,0,60.0,2026-04-30T21:27:21.438295,4.212
2026-04-30T21:26:22.219097,67.88,0.162,70.61,0.1883,1000.0,0.0,4.199,85.6,98,0,60.0,2026-04-30T21:27:22.218905,4.212
2026-04-30T21:26:22.291977,67.88,0.162,70.62,0.1854,1000.0,0.0,4.199,85.6,98,0,60.0,2026-04-30T21:27:22.291788,4.212
2026-04-30T21:26:22.371896,67.88,0.162,70.63,0.1849,1000.0,0.0,4.199,85.6,98,0,60.0,2026-04-30T21:27:22.371696,4.212
2026-04-30T21:26:23.300064,67.95,0.151,70.68,0.1815,1000.0,0.0,4.199,85.6,98,0,60.0,2026-04-30T21:27:23.299758,4.212
2026-04-30T21:26:23.406022,67.95,0.1612,70.69,0.1823,1000.0,0.0,4.199,85.6,98,0,60.0,2026-04-30T21:27:23.405739,4.212
2026-04-30T21:26:23.501783,67.95,0.1612,70.69,0.1826,1000.0,0.0,4.199,85.6,98,0,60.0,2026-04-30T21:27:23.501576,4.212
2026-04-30T21:26:24.325032,67.99,0.1629,70.73,0.1833,1000.0,0.0,4.199,85.6,98,0,60.0,2026-04-30T21:27:24.324855,4.212
2026-04-30T21:26:24.390323,67.99,0.1629,70.73,0.1839,1000.0,0.0,4.199,85.6,98,0,60.0,2026-04-30T21:27:24.390140,4.212
2026-04-30T21:26:25.347387,67.99,0.1629,70.77,0.1847,1000.0,0.0,4.199,85.6,98,0,60.0,2026-04-30T21:27:25.347069,4.212
2026-04-30T21:26:25.473175,68.04,0.166,70.78,0.1856,1000.0,0.0,4.199,85.5,98,0,60.0,2026-04-30T21:27:25.472786,4.212
2026-04-30T21:26:25.740887,68.04,0.166,70.79,0.1867,1000.0,0.0,4.199,85.5,98,0,60.0,2026-04-30T21:27:25.740425,4.212
2026-04-30T21:26:26.397600,68.08,0.166,70.82,0.1877,1000.0,0.0,4.199,85.5,98,0,60.0,2026-04-30T21:27:26.397395,4.212
2026-04-30T21:26:26.473586,68.08,0.166,70.83,0.187,1000.0,0.0,4.199,85.5,98,0,60.0,2026-04-30T21:27:26.473369,4.212
2026-04-30T21:26:26.577571,68.08,0.166,70.83,0.1875,1000.0,0.0,4.199,85.5,98,0,60.0,2026-04-30T21:27:26.577283,4.212
2026-04-30T21:26:27.454767,68.12,0.1595,70.86,0.187,1000.0,0.0,4.199,85.5,99,0,60.0,2026-04-30T21:27:27.454582,4.212
2026-04-30T21:26:27.527044,68.12,0.1772,70.87,0.1912,1000.0,0.0,4.199,85.5,99,0,60.0,2026-04-30T21:27:27.526856,4.212
2026-04-30T21:26:27.600825,68.12,0.1772,70.87,0.1941,1000.0,0.0,4.199,85.5,99,0,60.0,2026-04-30T21:27:27.600630,4.212
2026-04-30T21:26:28.509962,68.17,0.1772,70.91,0.1973,1000.0,0.0,4.199,85.5,99,0,60.0,2026-04-30T21:27:28.509782,4.212
2026-04-30T21:26:28.582381,68.17,0.1772,70.92,0.1982,1000.0,0.0,4.199,85.5,99,0,60.0,2026-04-30T21:27:28.582140,4.212
2026-04-30T21:26:28.654286,68.17,0.1772,70.92,0.1986,1000.0,0.0,4.199,85.5,99,0,60.0,2026-04-30T21:27:28.654105,4.212
2026-04-30T21:26:29.562473,68.21,0.1746,70.96,0.194,1000.0,0.0,4.199,85.5,99,0,60.0,2026-04-30T21:27:29.562265,4.212
2026-04-30T21:26:29.634049,68.21,0.1746,70.96,0.1952,1000.0,0.0,4.199,85.5,99,0,60.0,2026-04-30T21:27:29.633867,4.212
2026-04-30T21:26:30.576555,68.21,0.1746,71.0,0.1963,1000.0,0.0,4.199,85.5,99,0,60.0,2026-04-30T21:27:30.576326,4.212
2026-04-30T21:26:30.647117,68.26,0.1746,71.01,0.1934,1000.0,0.0,4.199,85.5,99,0,60.0,2026-04-30T21:27:30.646943,4.212
2026-04-30T21:26:30.736593,68.26,0.1746,71.01,0.1948,1000.0,0.0,4.199,85.5,99,0,60.0,2026-04-30T21:27:30.736366,4.212
2026-04-30T21:26:31.635488,68.27,0.1746,71.04,0.1961,1000.0,0.0,4.199,85.5,99,0,60.0,2026-04-30T21:27:31.635274,4.212
2026-04-30T21:26:31.722076,68.27,0.1647,71.03,0.1912,1000.0,0.0,4.199,85.5,99,0,60.0,2026-04-30T21:27:31.721847,4.212
2026-04-30T21:26:31.855297,68.27,0.1647,71.03,0.1895,1000.0,0.0,4.199,85.5,99,0,60.0,2026-04-30T21:27:31.854912,4.212
2026-04-30T21:26:32.691805,68.32,0.1647,71.07,0.1883,1000.0,0.0,4.199,85.4,99,0,60.0,2026-04-30T21:27:32.691590,4.212
2026-04-30T21:26:32.766507,68.32,0.1723,71.07,0.1906,1000.0,0.0,4.199,85.4,99,0,60.0,2026-04-30T21:27:32.766321,4.212
2026-04-30T21:26:32.837893,68.32,0.1723,71.07,0.1921,1000.0,0.0,4.199,85.4,99,0,60.0,2026-04-30T21:27:32.837720,4.212
2026-04-30T21:26:33.742827,68.36,0.1485,71.11,0.1894,1000.0,0.0,4.199,85.4,98,0,60.0,2026-04-30T21:27:33.742647,4.212
2026-04-30T21:26:33.805827,68.36,0.1723,71.11,0.1917,1000.0,0.0,4.199,85.4,98,0,60.0,2026-04-30T21:27:33.805675,4.212
2026-04-30T21:26:33.869657,68.36,0.1723,71.12,0.1927,1000.0,0.0,4.199,85.4,98,0,60.0,2026-04-30T21:27:33.869493,4.212
2026-04-30T21:26:34.795849,68.4,0.1654,71.15,0.1874,1000.0,0.0,4.199,85.4,98,0,60.0,2026-04-30T21:27:34.795633,4.212
2026-04-30T21:26:34.867377,68.4,0.1654,71.15,0.1875,1000.0,0.0,4.199,85.4,98,0,60.0,2026-04-30T21:27:34.867128,4.212
2026-04-30T21:26:35.812505,68.4,0.1654,71.18,0.1878,1000.0,0.0,4.199,85.4,99,0,60.0,2026-04-30T21:27:35.812302,4.212
2026-04-30T21:26:35.893088,68.45,0.1654,71.19,0.1878,1000.0,0.0,4.199,85.4,99,0,60.0,2026-04-30T21:27:35.892870,4.212
2026-04-30T21:26:35.992814,68.45,0.1654,71.2,0.1878,1000.0,0.0,4.199,85.4,99,0,60.0,2026-04-30T21:27:35.992585,4.212
2026-04-30T21:26:36.986809,68.47,0.1654,71.23,0.188,1000.0,0.0,4.199,85.4,99,0,60.0,2026-04-30T21:27:36.986485,4.212
2026-04-30T21:26:37.202546,68.47,0.1773,71.23,0.1906,1000.0,0.0,4.199,85.4,99,0,60.0,2026-04-30T21:27:37.202266,4.212
2026-04-30T21:26:37.522907,68.47,0.1773,71.23,0.1948,1000.0,0.0,4.199,85.4,99,0,60.0,2026-04-30T21:27:37.522506,4.212
2026-04-30T21:26:37.935217,68.5,0.1584,71.25,0.1951,1000.0,0.0,4.199,85.4,98,0,60.0,2026-04-30T21:27:37.935005,4.212
2026-04-30T21:26:38.027824,68.5,0.1773,71.25,0.1955,1000.0,0.0,4.199,85.4,98,0,60.0,2026-04-30T21:27:38.027505,4.212
2026-04-30T21:26:38.128040,68.5,0.1773,71.25,0.197,1000.0,0.0,4.199,85.4,98,0,60.0,2026-04-30T21:27:38.127763,4.212
2026-04-30T21:26:39.038846,68.54,0.1578,71.29,0.1934,1000.0,0.0,4.199,85.4,98,0,60.0,2026-04-30T21:27:39.020427,4.212
2026-04-30T21:26:39.189464,68.54,0.1747,71.29,0.1951,1000.0,0.0,4.199,85.4,99,0,60.0,2026-04-30T21:27:39.189018,4.212
2026-04-30T21:26:39.407316,68.54,0.1747,71.3,0.196,1000.0,0.0,4.199,85.4,99,0,60.0,2026-04-30T21:27:39.406880,4.212
2026-04-30T21:26:40.058694,68.58,0.1747,71.33,0.1968,1000.0,0.0,4.199,85.4,99,0,60.0,2026-04-30T21:27:40.058189,4.212
2026-04-30T21:26:40.157573,68.58,0.1747,71.33,0.197,1000.0,0.0,4.199,85.4,99,0,60.0,2026-04-30T21:27:40.157217,4.212
2026-04-30T21:26:41.070384,68.58,0.1747,71.36,0.1973,1000.0,0.0,4.199,85.4,99,0,60.0,2026-04-30T21:27:41.070151,4.212
2026-04-30T21:26:41.221934,68.62,0.157,71.37,0.189,1000.0,0.0,4.199,85.3,99,0,60.0,2026-04-30T21:27:41.221434,4.212
2026-04-30T21:26:41.395181,68.62,0.157,71.38,0.1849,1000.0,0.0,4.199,85.3,99,0,60.0,2026-04-30T21:27:41.393465,4.212
2026-04-30T21:26:42.117807,68.66,0.157,71.4,0.1823,1000.0,0.0,4.199,85.3,99,0,60.0,2026-04-30T21:27:42.117544,4.212
2026-04-30T21:26:42.242529,68.66,0.1612,71.41,0.1817,1000.0,0.0,4.199,85.3,99,0,60.0,2026-04-30T21:27:42.242103,4.212
2026-04-30T21:26:42.402674,68.66,0.1612,71.42,0.1825,1000.0,0.0,4.199,85.3,99,0,60.0,2026-04-30T21:27:42.402248,4.212
2026-04-30T21:26:43.176722,68.68,0.1612,71.44,0.1832,1000.0,0.0,4.199,85.3,99,0,60.0,2026-04-30T21:27:43.176450,4.212
2026-04-30T21:26:43.279556,68.68,0.1687,71.44,0.1863,1000.0,0.0,4.199,85.3,99,0,60.0,2026-04-30T21:27:43.279287,4.212
2026-04-30T21:26:43.364282,68.68,0.1687,71.44,0.1882,1000.0,0.0,4.199,85.3,99,0,60.0,2026-04-30T21:27:43.364005,4.212
2026-04-30T21:26:44.217380,68.71,0.1687,71.47,0.1901,1000.0,0.0,4.199,85.3,99,0,60.0,2026-04-30T21:27:44.217170,4.212
2026-04-30T21:26:44.292016,68.71,0.1687,71.47,0.1906,1000.0,0.0,4.199,85.3,99,0,60.0,2026-04-30T21:27:44.291809,4.212
2026-04-30T21:26:44.371701,68.71,0.1687,71.47,0.1908,1000.0,0.0,4.199,85.3,99,0,60.0,2026-04-30T21:27:44.371495,4.212
2026-04-30T21:26:45.292190,68.77,0.1552,71.51,0.1861,1000.0,0.0,4.199,85.3,99,0,60.0,2026-04-30T21:27:45.291837,4.212
2026-04-30T21:26:45.398372,68.77,0.1552,71.52,0.1826,1000.0,0.0,4.199,85.3,99,0,60.0,2026-04-30T21:27:45.398077,4.212
2026-04-30T21:26:46.326041,68.77,0.1552,71.55,0.1806,1000.0,0.0,4.199,85.3,99,0,60.0,2026-04-30T21:27:46.325612,4.212
2026-04-30T21:26:46.488687,68.81,0.1755,71.56,0.1834,1000.0,0.0,4.199,85.3,99,0,60.0,2026-04-30T21:27:46.488348,4.212
2026-04-30T21:26:46.653699,68.81,0.1755,71.57,0.1899,1000.0,0.0,4.199,85.3,99,0,60.0,2026-04-30T21:27:46.652214,4.212
2026-04-30T21:26:47.354732,68.83,0.1755,71.59,0.1942,1000.0,0.0,4.199,85.3,99,0,60.0,2026-04-30T21:27:47.354280,4.212
2026-04-30T21:26:47.511255,68.83,0.1755,71.59,0.1962,1000.0,0.0,4.199,85.3,99,0,60.0,2026-04-30T21:27:47.510974,4.212
2026-04-30T21:26:47.666401,68.83,0.1755,71.59,0.197,1000.0,0.0,4.199,85.3,99,0,60.0,2026-04-30T21:27:47.665780,4.212
2026-04-30T21:26:48.395729,68.89,0.166,71.61,0.1963,1000.0,0.0,4.199,85.3,99,0,60.0,2026-04-30T21:27:48.395464,4.212
2026-04-30T21:26:48.468528,68.89,0.1704,71.62,0.1945,1000.0,0.0,4.199,85.3,99,0,60.0,2026-04-30T21:27:48.468340,4.212
2026-04-30T21:26:48.544364,68.89,0.1704,71.63,0.194,1000.0,0.0,4.199,85.3,99,0,60.0,2026-04-30T21:27:48.544169,4.212
2026-04-30T21:26:49.454802,68.95,0.1704,71.67,0.193,1000.0,0.0,4.199,85.2,99,0,60.0,2026-04-30T21:27:49.454613,4.212
2026-04-30T21:26:49.530386,68.95,0.1704,71.68,0.1931,1000.0,0.0,4.199,85.2,99,0,60.0,2026-04-30T21:27:49.530140,4.212
2026-04-30T21:26:49.630583,68.95,0.1704,71.68,0.1932,1000.0,0.0,4.199,85.2,99,0,60.0,2026-04-30T21:27:49.630286,4.212
2026-04-30T21:26:50.501896,69.02,0.1704,71.74,0.1933,1000.0,0.0,4.199,85.2,99,0,60.0,2026-04-30T21:27:50.501692,4.212
2026-04-30T21:26:50.564429,69.02,0.1704,71.75,0.1932,1000.0,0.0,4.199,85.2,99,0,60.0,2026-04-30T21:27:50.564242,4.212
2026-04-30T21:26:51.558013,69.02,0.1704,71.79,0.1935,1000.0,0.0,4.199,85.2,99,0,60.0,2026-04-30T21:27:51.557655,4.212
2026-04-30T21:26:51.742565,69.06,0.1804,71.8,0.1954,1000.0,0.0,4.199,85.2,99,0,60.0,2026-04-30T21:27:51.742204,4.212
2026-04-30T21:26:51.901953,69.06,0.1804,71.8,0.1989,1000.0,0.0,4.199,85.2,99,0,60.0,2026-04-30T21:27:51.901566,4.212
2026-04-30T21:26:52.578640,69.12,0.1804,71.83,0.2013,1000.0,0.0,4.199,85.2,99,0,60.0,2026-04-30T21:27:52.578284,4.212
2026-04-30T21:26:52.674303,69.12,0.1804,71.85,0.2001,1000.0,0.0,4.199,85.2,99,0,60.0,2026-04-30T21:27:52.674061,4.212
2026-04-30T21:26:52.778409,69.12,0.1804,71.86,0.2013,1000.0,0.0,4.199,85.2,99,0,60.0,2026-04-30T21:27:52.778098,4.212
2026-04-30T21:26:53.627785,69.18,0.1687,71.9,0.2007,1000.0,0.0,4.199,85.2,99,0,60.0,2026-04-30T21:27:53.627593,4.212
2026-04-30T21:26:53.711681,69.18,0.1795,71.91,0.2005,1000.0,0.0,4.199,85.2,99,0,60.0,2026-04-30T21:27:53.711421,4.212
2026-04-30T21:26:53.784634,69.18,0.1795,71.92,0.2013,1000.0,0.0,4.199,85.2,99,0,60.0,2026-04-30T21:27:53.784429,4.212
2026-04-30T21:26:54.688975,69.23,0.1795,71.96,0.2021,1000.0,0.0,4.199,85.1,99,0,60.0,2026-04-30T21:27:54.688832,4.212
2026-04-30T21:26:54.761077,69.23,0.1795,71.97,0.2023,1000.0,0.0,4.199,85.1,99,0,60.0,2026-04-30T21:27:54.760900,4.212
2026-04-30T21:26:54.836662,69.23,0.1795,71.97,0.2024,1000.0,0.0,4.199,85.1,99,0,60.0,2026-04-30T21:27:54.836455,4.212
2026-04-30T21:26:55.737453,69.29,0.1728,72.02,0.199,1000.0,0.0,4.199,85.1,98,0,60.0,2026-04-30T21:27:55.737282,4.212
2026-04-30T21:26:55.800576,69.29,0.1728,72.03,0.1977,1000.0,0.0,4.199,85.1,98,0,60.0,2026-04-30T21:27:55.800417,4.212
2026-04-30T21:26:56.752847,69.29,0.1728,72.06,0.1971,1000.0,0.0,4.199,85.1,98,0,60.0,2026-04-30T21:27:56.752662,4.212
2026-04-30T21:26:56.830913,69.38,0.1772,72.09,0.1953,1000.0,0.0,4.199,85.1,98,0,60.0,2026-04-30T21:27:56.830746,4.212
2026-04-30T21:26:56.941304,69.38,0.1772,72.1,0.1972,1000.0,0.0,4.199,85.1,98,0,60.0,2026-04-30T21:27:56.939301,4.212
2026-04-30T21:26:57.822890,69.43,0.1772,72.15,0.1991,1000.0,0.0,4.199,85.1,98,0,60.0,2026-04-30T21:27:57.822652,4.212
2026-04-30T21:26:57.895468,69.43,0.1772,72.16,0.1996,1000.0,0.0,4.199,85.1,98,0,60.0,2026-04-30T21:27:57.895271,4.212
2026-04-30T21:26:57.977908,69.43,0.1772,72.16,0.1999,1000.0,0.0,4.199,85.1,98,0,60.0,2026-04-30T21:27:57.977657,4.212
2026-04-30T21:26:58.865416,69.51,0.158,72.21,0.1972,1000.0,0.0,4.199,85.0,98,0,60.0,2026-04-30T21:27:58.865206,4.212
2026-04-30T21:26:58.944566,69.51,0.1738,72.23,0.1956,1000.0,0.0,4.199,85.0,98,0,60.0,2026-04-30T21:27:58.944034,4.212
2026-04-30T21:26:59.225357,69.51,0.1738,72.25,0.1962,1000.0,0.0,4.199,85.0,98,0,60.0,2026-04-30T21:27:59.224847,4.213
2026-04-30T21:26:59.914819,69.57,0.1738,72.29,0.1946,1000.0,0.0,4.199,85.0,98,0,60.0,2026-04-30T21:27:59.914640,4.213
2026-04-30T21:26:59.976265,69.57,0.1755,72.3,0.1963,1000.0,0.0,4.199,85.0,98,0,60.0,2026-04-30T21:27:59.976089,4.213
2026-04-30T21:27:00.037624,69.57,0.1755,72.3,0.197,1000.0,0.0,4.199,85.0,98,0,60.0,2026-04-30T21:28:00.037477,4.213
2026-04-30T21:27:01.097782,69.64,0.1755,72.36,0.1982,1000.0,0.0,4.199,85.0,98,0,60.0,2026-04-30T21:28:01.097342,4.213
2026-04-30T21:27:01.290122,69.64,0.1755,72.38,0.1984,1000.0,0.0,4.199,85.0,98,0,60.0,2026-04-30T21:28:01.289790,4.213
2026-04-30T21:27:02.032921,69.64,0.1755,72.41,0.1987,1000.0,0.0,4.199,85.0,98,0,60.0,2026-04-30T21:28:02.032511,4.213
2026-04-30T21:27:02.182833,69.68,0.1755,72.42,0.1954,1000.0,0.0,4.199,85.0,98,0,60.0,2026-04-30T21:28:02.182531,4.213
2026-04-30T21:27:02.307009,69.68,0.1755,72.42,0.1968,1000.0,0.0,4.199,85.0,98,0,60.0,2026-04-30T21:28:02.306682,4.213
2026-04-30T21:27:03.142598,69.74,0.1755,72.46,0.1979,1000.0,0.0,4.199,85.0,98,0,60.0,2026-04-30T21:28:03.142072,4.213
2026-04-30T21:27:03.308347,69.74,0.1755,72.48,0.1951,1000.0,0.0,4.199,85.0,98,0,60.0,2026-04-30T21:28:03.307814,4.213
2026-04-30T21:27:03.442805,69.74,0.1755,72.48,0.1966,1000.0,0.0,4.199,85.0,98,0,60.0,2026-04-30T21:28:03.442254,4.213
2026-04-30T21:27:04.118429,69.8,0.1578,72.52,0.1954,1000.0,0.0,4.199,85.0,98,0,60.0,2026-04-30T21:28:04.118157,4.213
2026-04-30T21:27:04.220493,69.8,0.1687,72.53,0.1928,1000.0,0.0,4.199,85.0,98,0,60.0,2026-04-30T21:28:04.220234,4.213
2026-04-30T21:27:04.324186,69.8,0.1687,72.53,0.1925,1000.0,0.0,4.199,85.0,98,0,60.0,2026-04-30T21:28:04.323930,4.213
2026-04-30T21:27:05.180745,69.86,0.1687,72.58,0.1924,1000.0,0.0,4.199,84.9,98,0,60.0,2026-04-30T21:28:05.180348,4.213
2026-04-30T21:27:05.308593,69.86,0.1687,72.59,0.1922,1000.0,0.0,4.199,84.9,98,0,60.0,2026-04-30T21:28:05.307571,4.213
2026-04-30T21:27:05.457348,69.86,0.1687,72.6,0.1921,1000.0,0.0,4.199,84.9,98,0,60.0,2026-04-30T21:28:05.456982,4.213
2026-04-30T21:27:06.240794,69.91,0.1645,72.64,0.1903,1000.0,0.0,4.199,84.9,98,0,60.0,2026-04-30T21:28:06.240554,4.213
2026-04-30T21:27:06.442634,69.91,0.1645,72.65,0.1892,1000.0,0.0,4.199,84.9,98,0,60.0,2026-04-30T21:28:06.442257,4.213
2026-04-30T21:27:07.409948,69.91,0.1645,72.67,0.1887,1000.0,0.0,4.199,84.9,98,0,60.0,2026-04-30T21:28:07.388902,4.213
2026-04-30T21:27:07.673218,69.96,0.1679,72.69,0.1889,1000.0,0.0,4.199,84.9,99,0,60.0,2026-04-30T21:28:07.672633,4.213
2026-04-30T21:27:07.821456,69.96,0.1679,72.69,0.1899,1000.0,0.0,4.199,84.9,99,0,60.0,2026-04-30T21:28:07.820907,4.213
2026-04-30T21:27:08.297947,70.0,0.1679,72.71,0.1906,1000.0,0.0,4.199,84.9,99,0,60.0,2026-04-30T21:28:08.297425,4.213
2026-04-30T21:27:08.466010,70.0,0.1679,72.72,0.191,1000.0,0.0,4.199,84.9,99,0,60.0,2026-04-30T21:28:08.465677,4.213
2026-04-30T21:27:08.700433,70.0,0.1679,72.73,0.1911,1000.0,0.0,4.199,84.9,99,0,60.0,2026-04-30T21:28:08.699862,4.213
2026-04-30T21:27:09.341601,70.06,0.1602,72.77,0.1902,1000.0,0.0,4.199,84.9,99,0,60.0,2026-04-30T21:28:09.341403,4.213
2026-04-30T21:27:09.439056,70.06,0.1679,72.78,0.19,1000.0,0.0,4.199,84.9,99,0,60.0,2026-04-30T21:28:09.438842,4.213
2026-04-30T21:27:09.536435,70.06,0.1679,72.79,0.1905,1000.0,0.0,4.199,84.9,99,0,60.0,2026-04-30T21:28:09.536225,4.213
2026-04-30T21:27:10.394903,70.11,0.1654,72.83,0.1897,1000.0,0.0,4.199,84.8,99,0,60.0,2026-04-30T21:28:10.394613,4.213
2026-04-30T21:27:10.487389,70.11,0.1679,72.84,0.1904,1000.0,0.0,4.199,84.8,99,0,60.0,2026-04-30T21:28:10.487163,4.213
2026-04-30T21:27:10.588688,70.11,0.1679,72.84,0.1907,1000.0,0.0,4.199,84.8,99,0,60.0,2026-04-30T21:28:10.588386,4.213
2026-04-30T21:27:11.450132,70.15,0.1795,72.88,0.1921,1000.0,0.0,4.199,84.8,99,0,60.0,2026-04-30T21:28:11.449938,4.213
2026-04-30T21:27:11.531582,70.15,0.1795,72.88,0.1965,1000.0,0.0,4.199,84.8,99,0,60.0,2026-04-30T21:28:11.531332,4.213
2026-04-30T21:27:12.463628,70.15,0.1795,72.92,0.1997,1000.0,0.0,4.199,84.8,99,0,60.0,2026-04-30T21:28:12.463389,4.213
2026-04-30T21:27:12.549908,70.2,0.1795,72.93,0.2016,1000.0,0.0,4.199,84.8,99,0,60.0,2026-04-30T21:28:12.549662,4.213
2026-04-30T21:27:12.651311,70.2,0.1795,72.93,0.2022,1000.0,0.0,4.199,84.8,99,0,60.0,2026-04-30T21:28:12.651074,4.213
2026-04-30T21:27:13.596545,70.23,0.1795,72.97,0.2028,1000.0,0.0,4.199,84.8,99,0,60.0,2026-04-30T21:28:13.594551,4.213
2026-04-30T21:27:13.806032,70.23,0.1755,72.97,0.1999,1000.0,0.0,4.199,84.8,99,0,60.0,2026-04-30T21:28:13.805516,4.213
2026-04-30T21:27:13.984909,70.23,0.1755,72.97,0.1995,1000.0,0.0,4.199,84.8,99,0,60.0,2026-04-30T21:28:13.984278,4.213
2026-04-30T21:27:14.573048,70.29,0.1705,73.0,0.1987,1000.0,0.0,4.199,84.8,99,0,60.0,2026-04-30T21:28:14.572874,4.213
2026-04-30T21:27:14.646948,70.29,0.1907,73.01,0.2042,1000.0,0.0,4.199,84.8,99,0,60.0,2026-04-30T21:28:14.646694,4.213
2026-04-30T21:27:14.720872,70.29,0.1907,73.01,0.2077,1000.0,0.0,4.199,84.8,99,0,60.0,2026-04-30T21:28:14.720723,4.213
2026-04-30T21:27:15.624242,70.34,0.1907,73.06,0.2117,1000.0,0.0,4.199,84.8,98,0,60.0,2026-04-30T21:28:15.624031,4.213
2026-04-30T21:27:15.694836,70.34,0.1907,73.06,0.2128,1000.0,0.0,4.199,84.8,98,0,60.0,2026-04-30T21:28:15.694496,4.213
2026-04-30T21:27:15.769032,70.34,0.1907,73.07,0.2133,1000.0,0.0,4.199,84.8,98,0,60.0,2026-04-30T21:28:15.768855,4.213
2026-04-30T21:27:16.685294,70.38,0.1738,73.1,0.2073,1000.0,0.0,4.199,84.8,98,0,60.0,2026-04-30T21:28:16.685083,4.213
2026-04-30T21:27:16.757249,70.38,0.1738,73.11,0.2033,1000.0,0.0,4.199,84.8,98,0,60.0,2026-04-30T21:28:16.757081,4.213
2026-04-30T21:27:17.705869,70.38,0.1738,73.14,0.2009,1000.0,0.0,4.199,84.8,99,0,60.0,2026-04-30T21:28:17.705455,4.213
2026-04-30T21:27:17.838958,70.43,0.1738,73.15,0.1984,1000.0,0.0,4.199,84.7,99,0,60.0,2026-04-30T21:28:17.838601,4.213
2026-04-30T21:27:17.978129,70.43,0.1738,73.16,0.198,1000.0,0.0,4.199,84.7,99,0,60.0,2026-04-30T21:28:17.977423,4.213
2026-04-30T21:27:18.754889,70.48,0.1738,73.19,0.1979,1000.0,0.0,4.199,84.7,99,0,60.0,2026-04-30T21:28:18.754634,4.213
2026-04-30T21:27:18.848746,70.48,0.1764,73.2,0.1978,1000.0,0.0,4.199,84.7,99,0,60.0,2026-04-30T21:28:18.848427,4.213
2026-04-30T21:27:19.144757,70.48,0.1764,73.21,0.1987,1000.0,0.0,4.199,84.7,99,0,60.0,2026-04-30T21:28:19.141036,4.213
2026-04-30T21:27:19.802202,70.53,0.1764,73.25,0.1996,1000.0,0.0,4.199,84.7,99,0,60.0,2026-04-30T21:28:19.802014,4.213
2026-04-30T21:27:19.883264,70.53,0.1849,73.25,0.203,1000.0,0.0,4.199,84.7,99,0,60.0,2026-04-30T21:28:19.883004,4.213
2026-04-30T21:27:19.990636,70.53,0.1849,73.26,0.2051,1000.0,0.0,4.199,84.7,99,0,60.0,2026-04-30T21:28:19.990368,4.213
2026-04-30T21:27:20.971972,70.57,0.1679,73.3,0.2037,1000.0,0.0,4.199,84.7,99,0,60.0,2026-04-30T21:28:20.971513,4.213
2026-04-30T21:27:21.108688,70.57,0.1849,73.31,0.2061,1000.0,0.0,4.199,84.7,99,0,60.0,2026-04-30T21:28:21.108427,4.213
2026-04-30T21:27:21.497600,70.57,0.1849,73.31,0.2072,1000.0,0.0,4.199,84.7,99,0,60.0,2026-04-30T21:28:21.479872,4.213
2026-04-30T21:27:21.917679,70.62,0.1764,73.34,0.2033,1000.0,0.0,4.199,84.7,99,0,60.0,2026-04-30T21:28:21.917477,4.213
2026-04-30T21:27:21.990089,70.62,0.1764,73.35,0.2021,1000.0,0.0,4.199,84.7,99,0,60.0,2026-04-30T21:28:21.989911,4.213
2026-04-30T21:27:23.085260,70.62,0.1764,73.38,0.2015,1000.0,0.0,4.199,84.7,99,0,60.0,2026-04-30T21:28:23.084639,4.213
2026-04-30T21:27:23.625795,70.67,0.1764,73.41,0.2007,1000.0,0.0,4.199,84.7,99,0,60.0,2026-04-30T21:28:23.610247,4.213
2026-04-30T21:27:23.852399,70.67,0.1764,73.42,0.2005,1000.0,0.0,4.199,84.7,99,0,60.0,2026-04-30T21:28:23.852058,4.213
2026-04-30T21:27:24.042332,70.72,0.1764,73.42,0.2004,1000.0,0.0,4.199,84.6,99,0,60.0,2026-04-30T21:28:24.041706,4.213
2026-04-30T21:27:24.234569,70.72,0.1738,73.43,0.1993,1000.0,0.0,4.199,84.6,99,0,60.0,2026-04-30T21:28:24.234154,4.213
2026-04-30T21:27:24.447979,70.72,0.1738,73.45,0.1986,1000.0,0.0,4.199,84.6,99,0,60.0,2026-04-30T21:28:24.447444,4.213
2026-04-30T21:27:25.159633,70.77,0.1737,73.48,0.1983,1000.0,0.0,4.199,84.6,99,0,60.0,2026-04-30T21:28:25.159299,4.213
2026-04-30T21:27:25.333830,70.77,0.1763,73.49,0.1989,1000.0,0.0,4.199,84.6,99,0,60.0,2026-04-30T21:28:25.333579,4.213
2026-04-30T21:27:25.547436,70.77,0.1763,73.5,0.1995,1000.0,0.0,4.199,84.6,99,0,60.0,2026-04-30T21:28:25.544556,4.213
2026-04-30T21:27:26.127779,70.81,0.1763,73.53,0.2,1000.0,0.0,4.199,84.6,99,0,60.0,2026-04-30T21:28:26.126909,4.213
2026-04-30T21:27:26.313519,70.81,0.1763,73.54,0.2001,1000.0,0.0,4.199,84.6,99,0,60.0,2026-04-30T21:28:26.311163,4.213
2026-04-30T21:27:26.533078,70.81,0.1763,73.54,0.2002,1000.0,0.0,4.199,84.6,99,0,60.0,2026-04-30T21:28:26.532751,4.213
2026-04-30T21:27:27.202278,70.85,0.1856,73.57,0.201,1000.0,0.0,4.199,84.6,99,0,60.0,2026-04-30T21:28:27.201717,4.213
2026-04-30T21:27:27.349286,70.85,0.1856,73.58,0.2046,1000.0,0.0,4.199,84.6,99,0,60.0,2026-04-30T21:28:27.349029,4.213
2026-04-30T21:27:28.176496,70.85,0.1856,73.61,0.2072,1000.0,0.0,4.199,84.6,99,0,60.0,2026-04-30T21:28:28.176097,4.213
2026-04-30T21:27:28.369434,70.9,0.1865,73.62,0.2075,1000.0,0.0,4.199,84.6,99,0,60.0,2026-04-30T21:28:28.369012,4.213
2026-04-30T21:27:28.518251,70.9,0.1865,73.63,0.2088,1000.0,0.0,4.199,84.6,99,0,60.0,2026-04-30T21:28:28.517890,4.213
2026-04-30T21:27:29.254886,70.94,0.1865,73.66,0.2098,1000.0,0.0,4.199,84.6,99,0,60.0,2026-04-30T21:28:29.254316,4.213
2026-04-30T21:27:29.469248,70.94,0.1865,73.67,0.2102,1000.0,0.0,4.199,84.6,99,0,60.0,2026-04-30T21:28:29.468849,4.213
2026-04-30T21:27:29.796178,70.94,0.1865,73.68,0.2104,1000.0,0.0,4.199,84.6,99,0,60.0,2026-04-30T21:28:29.795856,4.213
2026-04-30T21:27:30.290489,70.96,0.1723,73.7,0.2086,1000.0,0.0,4.199,84.6,99,0,60.0,2026-04-30T21:28:30.290239,4.213
2026-04-30T21:27:30.387419,70.96,0.1882,73.7,0.2089,1000.0,0.0,4.199,84.6,99,0,60.0,2026-04-30T21:28:30.387191,4.213
2026-04-30T21:27:30.511074,70.96,0.1882,73.7,0.2101,1000.0,0.0,4.199,84.6,99,0,60.0,2026-04-30T21:28:30.510825,4.213
2026-04-30T21:27:31.331793,71.0,0.1755,73.72,0.2076,1000.0,0.0,4.199,84.5,99,0,60.0,2026-04-30T21:28:31.331558,4.213
2026-04-30T21:27:31.403678,71.0,0.1882,73.72,0.2096,1000.0,0.0,4.199,84.5,99,0,60.0,2026-04-30T21:28:31.403496,4.213
2026-04-30T21:27:31.499648,71.0,0.1882,73.72,0.2105,1000.0,0.0,4.199,84.5,99,0,60.0,2026-04-30T21:28:31.499314,4.213
2026-04-30T21:27:32.404879,71.04,0.1764,73.76,0.2071,1000.0,0.0,4.199,84.5,99,0,60.0,2026-04-30T21:28:32.404645,4.213
2026-04-30T21:27:32.510156,71.04,0.1764,73.76,0.2043,1000.0,0.0,4.199,84.5,99,0,60.0,2026-04-30T21:28:32.509921,4.213
2026-04-30T21:27:33.474706,71.04,0.1764,73.8,0.2028,1000.0,0.0,4.199,84.5,99,0,60.0,2026-04-30T21:28:33.474127,4.213
2026-04-30T21:27:34.054302,71.08,0.1858,73.81,0.2043,1000.0,0.0,4.199,84.5,99,0,60.0,2026-04-30T21:28:34.053782,4.213
2026-04-30T21:27:34.375809,71.08,0.1858,73.82,0.2072,1000.0,0.0,4.199,84.5,99,0,60.0,2026-04-30T21:28:34.375362,4.213
2026-04-30T21:27:34.776795,71.09,0.1858,73.82,0.2087,1000.0,0.0,4.199,84.5,99,0,60.0,2026-04-30T21:28:34.772923,4.213
2026-04-30T21:27:34.980053,71.09,0.1858,73.83,0.208,1000.0,0.0,4.199,84.5,99,0,60.0,2026-04-30T21:28:34.979671,4.213
2026-04-30T21:27:35.171274,71.09,0.1858,73.83,0.209,1000.0,0.0,4.199,84.5,99,0,60.0,2026-04-30T21:28:35.170746,4.213
2026-04-30T21:27:35.523999,71.13,0.1806,73.84,0.2089,1000.0,0.0,4.199,84.5,99,0,60.0,2026-04-30T21:28:35.523793,4.213
2026-04-30T21:27:35.599790,71.13,0.1831,73.85,0.2081,1000.0,0.0,4.199,84.5,99,0,60.0,2026-04-30T21:28:35.599601,4.213
2026-04-30T21:27:35.683984,71.13,0.1831,73.85,0.2078,1000.0,0.0,4.199,84.5,99,0,60.0,2026-04-30T21:28:35.683782,4.213
2026-04-30T21:27:36.803407,71.17,0.1831,73.89,0.2077,1000.0,0.0,4.199,84.5,99,0,60.0,2026-04-30T21:28:36.802935,4.213
2026-04-30T21:27:37.207264,71.17,0.184,73.9,0.208,1000.0,0.0,4.199,84.5,99,0,60.0,2026-04-30T21:28:37.206873,4.213
2026-04-30T21:27:37.767275,71.17,0.184,73.92,0.2082,1000.0,0.0,4.199,84.5,99,0,60.0,2026-04-30T21:28:37.767019,4.213
2026-04-30T21:27:37.996124,71.22,0.184,73.93,0.2075,1000.0,0.0,4.199,84.5,99,0,60.0,2026-04-30T21:28:37.995729,4.213
2026-04-30T21:27:38.107475,71.22,0.184,73.94,0.2078,1000.0,0.0,4.199,84.5,99,0,60.0,2026-04-30T21:28:38.107190,4.213
2026-04-30T21:27:38.637577,71.22,0.184,73.96,0.2081,1000.0,0.0,4.199,84.5,99,0,60.0,2026-04-30T21:28:38.637370,4.213
2026-04-30T21:27:38.747051,71.25,0.1849,73.96,0.2072,1000.0,0.0,4.199,84.5,99,0,60.0,2026-04-30T21:28:38.746675,4.213
2026-04-30T21:27:39.035672,71.25,0.1849,73.97,0.208,1000.0,0.0,4.199,84.5,99,0,60.0,2026-04-30T21:28:39.014908,4.213
2026-04-30T21:27:39.869390,71.29,0.1849,74.0,0.2089,1000.0,0.0,4.199,84.5,98,0,60.0,2026-04-30T21:28:39.869081,4.213
2026-04-30T21:27:40.845790,71.29,0.189,74.03,0.2109,1000.0,0.0,4.199,84.5,98,0,60.0,2026-04-30T21:28:40.845164,4.213
2026-04-30T21:27:41.051125,71.29,0.189,74.03,0.2124,1000.0,0.0,4.199,84.5,98,0,60.0,2026-04-30T21:28:41.050892,4.213
2026-04-30T21:27:41.202881,71.34,0.1849,74.03,0.2124,1000.0,0.0,4.199,84.4,98,0,60.0,2026-04-30T21:28:41.202486,4.213
2026-04-30T21:27:41.480329,71.34,0.189,74.05,0.2112,1000.0,0.0,4.199,84.4,98,0,60.0,2026-04-30T21:28:41.464951,4.213
2026-04-30T21:27:41.882146,71.34,0.189,74.06,0.2122,1000.0,0.0,4.199,84.4,98,0,60.0,2026-04-30T21:28:41.881847,4.213
2026-04-30T21:27:42.097325,71.38,0.1662,74.08,0.208,1000.0,0.0,4.199,84.4,98,0,60.0,2026-04-30T21:28:42.096916,4.213
2026-04-30T21:27:42.238173,71.38,0.1957,74.09,0.2129,1000.0,0.0,4.199,84.4,98,0,60.0,2026-04-30T21:28:42.237654,4.213
2026-04-30T21:27:42.392005,71.38,0.1957,74.1,0.2157,1000.0,0.0,4.199,84.4,98,0,60.0,2026-04-30T21:28:42.391644,4.213
2026-04-30T21:27:42.870265,71.42,0.1957,74.13,0.218,1000.0,0.0,4.199,84.4,98,0,60.0,2026-04-30T21:28:42.870028,4.213
2026-04-30T21:27:42.959986,71.42,0.1957,74.14,0.2188,1000.0,0.0,4.199,84.4,98,0,60.0,2026-04-30T21:28:42.947828,4.213
2026-04-30T21:27:44.171818,71.42,0.1957,74.17,0.2197,1000.0,0.0,4.199,84.4,98,0,60.0,2026-04-30T21:28:44.171468,4.213
2026-04-30T21:27:44.769754,71.46,0.1872,74.19,0.2152,1000.0,0.0,4.199,84.4,98,0,60.0,2026-04-30T21:28:44.769295,4.213
2026-04-30T21:27:45.113781,71.46,0.1872,74.2,0.2133,1000.0,0.0,4.199,84.4,98,0,60.0,2026-04-30T21:28:45.113370,4.213
2026-04-30T21:27:45.326259,71.51,0.1872,74.2,0.2125,1000.0,0.0,4.199,84.4,98,0,60.0,2026-04-30T21:28:45.295198,4.213
2026-04-30T21:27:45.579839,71.51,0.1908,74.22,0.2131,1000.0,0.0,4.199,84.4,98,0,60.0,2026-04-30T21:28:45.579442,4.213
2026-04-30T21:27:45.760353,71.51,0.1908,74.23,0.2139,1000.0,0.0,4.199,84.4,98,0,60.0,2026-04-30T21:28:45.759973,4.213
2026-04-30T21:27:46.035736,71.56,0.1908,74.25,0.2145,1000.0,0.0,4.199,84.4,98,0,60.0,2026-04-30T21:28:46.035194,4.213
2026-04-30T21:27:46.159333,71.56,0.1908,74.27,0.2149,1000.0,0.0,4.199,84.4,98,0,60.0,2026-04-30T21:28:46.158901,4.213
2026-04-30T21:27:46.275947,71.56,0.1908,74.28,0.215,1000.0,0.0,4.199,84.4,98,0,60.0,2026-04-30T21:28:46.275654,4.213
2026-04-30T21:27:47.189358,71.61,0.1671,74.32,0.2094,1000.0,0.0,4.199,84.3,98,0,60.0,2026-04-30T21:28:47.188811,4.213
2026-04-30T21:27:47.313694,71.61,0.1737,74.33,0.2041,1000.0,0.0,4.199,84.3,98,0,60.0,2026-04-30T21:28:47.313322,4.213
2026-04-30T21:27:47.425193,71.61,0.1737,74.34,0.2018,1000.0,0.0,4.199,84.3,98,0,60.0,2026-04-30T21:28:47.424866,4.213
2026-04-30T21:27:48.088315,71.68,0.1797,74.38,0.199,1000.0,0.0,4.199,84.3,98,0,60.0,2026-04-30T21:28:48.088148,4.213
2026-04-30T21:27:48.151773,71.68,0.1797,74.39,0.201,1000.0,0.0,4.199,84.3,98,0,60.0,2026-04-30T21:28:48.151580,4.213
2026-04-30T21:27:49.118295,71.68,0.1797,74.42,0.2027,1000.0,0.0,4.199,84.3,98,0,60.0,2026-04-30T21:28:49.117976,4.213
2026-04-30T21:27:49.266988,71.74,0.1797,74.44,0.2035,1000.0,0.0,4.199,84.3,98,0,60.0,2026-04-30T21:28:49.266549,4.213
2026-04-30T21:27:49.434078,71.74,0.1797,74.45,0.2038,1000.0,0.0,4.199,84.3,98,0,60.0,2026-04-30T21:28:49.433686,4.213
2026-04-30T21:27:50.164450,71.78,0.1797,74.49,0.2042,1000.0,0.0,4.199,84.3,98,0,60.0,2026-04-30T21:28:50.164184,4.213
2026-04-30T21:27:50.251453,71.78,0.1831,74.49,0.2033,1000.0,0.0,4.199,84.3,98,0,60.0,2026-04-30T21:28:50.251219,4.213
2026-04-30T21:27:50.354064,71.78,0.1831,74.5,0.2049,1000.0,0.0,4.199,84.3,98,0,60.0,2026-04-30T21:28:50.353788,4.213
2026-04-30T21:27:51.259128,71.84,0.1696,74.54,0.2045,1000.0,0.0,4.199,84.3,98,0,60.0,2026-04-30T21:28:51.258828,4.213
2026-04-30T21:27:51.433725,71.84,0.1831,74.55,0.2058,1000.0,0.0,4.199,84.3,98,0,60.0,2026-04-30T21:28:51.433363,4.213
2026-04-30T21:27:51.700792,71.84,0.1831,74.56,0.2067,1000.0,0.0,4.199,84.3,98,0,60.0,2026-04-30T21:28:51.700481,4.213
2026-04-30T21:27:52.278801,71.88,0.1806,74.59,0.2067,1000.0,0.0,4.199,84.3,98,0,60.0,2026-04-30T21:28:52.278497,4.213
2026-04-30T21:27:52.352514,71.88,0.1806,74.6,0.206,1000.0,0.0,4.199,84.3,98,0,60.0,2026-04-30T21:28:52.352329,4.213
2026-04-30T21:27:52.426093,71.88,0.1806,74.6,0.2057,1000.0,0.0,4.199,84.3,98,0,60.0,2026-04-30T21:28:52.425893,4.213
2026-04-30T21:27:53.367397,71.92,0.1849,74.64,0.2055,1000.0,0.0,4.199,84.2,98,0,60.0,2026-04-30T21:28:53.367048,4.213
2026-04-30T21:27:53.672980,71.92,0.1849,74.64,0.2072,1000.0,0.0,4.199,84.2,98,0,60.0,2026-04-30T21:28:53.671905,4.213
2026-04-30T21:27:54.342910,71.92,0.1849,74.67,0.2087,1000.0,0.0,4.199,84.2,98,0,60.0,2026-04-30T21:28:54.342704,4.213
2026-04-30T21:27:54.423714,71.97,0.1849,74.68,0.2066,1000.0,0.0,4.199,84.2,98,0,60.0,2026-04-30T21:28:54.423456,4.213
2026-04-30T21:27:54.525382,71.97,0.1849,74.69,0.2078,1000.0,0.0,4.199,84.2,98,0,60.0,2026-04-30T21:28:54.525110,4.213
2026-04-30T21:27:55.417811,72.01,0.1849,74.72,0.2089,1000.0,0.0,4.199,84.2,98,0,60.0,2026-04-30T21:28:55.417519,4.213
2026-04-30T21:27:55.524335,72.01,0.1849,74.73,0.2058,1000.0,0.0,4.199,84.2,98,0,60.0,2026-04-30T21:28:55.524071,4.213
2026-04-30T21:27:55.629272,72.01,0.1849,74.74,0.2073,1000.0,0.0,4.199,84.2,98,0,60.0,2026-04-30T21:28:55.628974,4.213
2026-04-30T21:27:56.451061,72.06,0.1849,74.77,0.2087,1000.0,0.0,4.199,84.2,98,0,60.0,2026-04-30T21:28:56.450877,4.213
2026-04-30T21:27:56.524100,72.06,0.1849,74.78,0.2091,1000.0,0.0,4.199,84.2,98,0,60.0,2026-04-30T21:28:56.523867,4.213
2026-04-30T21:27:56.599622,72.06,0.1849,74.78,0.2093,1000.0,0.0,4.199,84.2,98,0,60.0,2026-04-30T21:28:56.599405,4.213
2026-04-30T21:27:57.508211,72.12,0.1654,74.81,0.2068,1000.0,0.0,4.199,84.2,99,0,60.0,2026-04-30T21:28:57.508028,4.213
2026-04-30T21:27:57.571036,72.12,0.184,74.82,0.2077,1000.0,0.0,4.199,84.2,99,0,60.0,2026-04-30T21:28:57.570853,4.213
2026-04-30T21:27:57.635469,72.12,0.184,74.82,0.2081,1000.0,0.0,4.199,84.2,99,0,60.0,2026-04-30T21:28:57.635276,4.213
2026-04-30T21:27:58.587129,72.18,0.189,74.87,0.2047,1000.0,0.0,4.199,84.2,99,0,60.0,2026-04-30T21:28:58.586853,4.213
2026-04-30T21:27:58.690938,72.18,0.189,74.88,0.2085,1000.0,0.0,4.199,84.2,99,0,60.0,2026-04-30T21:28:58.690487,4.213
2026-04-30T21:27:59.587697,72.18,0.189,74.92,0.2112,1000.0,0.0,4.199,84.2,98,0,60.0,2026-04-30T21:28:59.587454,4.213
2026-04-30T21:27:59.700822,72.22,0.189,74.92,0.2127,1000.0,0.0,4.199,84.1,98,0,60.0,2026-04-30T21:28:59.700509,4.213
2026-04-30T21:28:00.078527,72.22,0.189,74.94,0.2133,1000.0,0.0,4.199,84.1,98,0,60.0,2026-04-30T21:29:00.078044,4.213
2026-04-30T21:28:00.652606,72.27,0.189,74.96,0.2137,1000.0,0.0,4.199,84.1,98,0,60.0,2026-04-30T21:29:00.652257,4.213
2026-04-30T21:28:00.758793,72.27,0.1924,74.97,0.2126,1000.0,0.0,4.199,84.1,98,0,60.0,2026-04-30T21:29:00.758388,4.213
2026-04-30T21:28:00.900315,72.27,0.1924,74.98,0.2144,1000.0,0.0,4.199,84.1,98,0,60.0,2026-04-30T21:29:00.899862,4.213
2026-04-30T21:28:01.688200,72.32,0.1773,75.01,0.2138,1000.0,0.0,4.199,84.1,98,0,60.0,2026-04-30T21:29:01.688031,4.213
2026-04-30T21:28:01.753681,72.32,0.1924,75.02,0.2135,1000.0,0.0,4.199,84.1,98,0,60.0,2026-04-30T21:29:01.753512,4.213
2026-04-30T21:28:01.825302,72.32,0.1924,75.03,0.2148,1000.0,0.0,4.199,84.1,98,0,60.0,2026-04-30T21:29:01.825109,4.213
2026-04-30T21:28:02.971125,72.36,0.1713,75.07,0.2101,1000.0,0.0,4.199,84.1,98,0,60.0,2026-04-30T21:29:02.968459,4.213
2026-04-30T21:28:03.200804,72.36,0.1881,75.08,0.2116,1000.0,0.0,4.199,84.1,98,0,60.0,2026-04-30T21:29:03.200543,4.213
2026-04-30T21:28:03.497990,72.36,0.1881,75.08,0.2122,1000.0,0.0,4.199,84.1,98,0,60.0,2026-04-30T21:29:03.472989,4.213
2026-04-30T21:28:03.853429,72.41,0.1881,75.11,0.2128,1000.0,0.0,4.199,84.1,98,0,60.0,2026-04-30T21:29:03.851111,4.213
2026-04-30T21:28:04.160001,72.41,0.1881,75.12,0.213,1000.0,0.0,4.199,84.1,98,0,60.0,2026-04-30T21:29:04.159123,4.213
2026-04-30T21:28:04.828563,72.41,0.1881,75.15,0.2132,1000.0,0.0,4.199,84.1,98,0,60.0,2026-04-30T21:29:04.828268,4.213
2026-04-30T21:28:04.978422,72.45,0.1831,75.16,0.211,1000.0,0.0,4.199,84.1,98,0,60.0,2026-04-30T21:29:04.978122,4.213
2026-04-30T21:28:05.319262,72.45,0.1831,75.17,0.2097,1000.0,0.0,4.199,84.1,98,0,60.0,2026-04-30T21:29:05.290180,4.213
2026-04-30T21:28:05.879549,72.5,0.1831,75.19,0.209,1000.0,0.0,4.199,84.0,98,0,60.0,2026-04-30T21:29:05.879270,4.213
2026-04-30T21:28:05.987984,72.5,0.2016,75.2,0.2137,1000.0,0.0,4.199,84.0,98,0,60.0,2026-04-30T21:29:05.987768,4.213
2026-04-30T21:28:06.184104,72.5,0.2016,75.21,0.2189,1000.0,0.0,4.199,84.0,98,0,60.0,2026-04-30T21:29:06.182927,4.213
2026-04-30T21:28:07.030805,72.53,0.2016,75.24,0.2233,1000.0,0.0,4.199,84.0,98,0,60.0,2026-04-30T21:29:07.017098,4.213
2026-04-30T21:28:07.301179,72.53,0.2016,75.25,0.2251,1000.0,0.0,4.199,84.0,98,0,60.0,2026-04-30T21:29:07.300785,4.213
2026-04-30T21:28:07.408884,72.53,0.2016,75.25,0.2259,1000.0,0.0,4.199,84.0,98,0,60.0,2026-04-30T21:29:07.408592,4.213
2026-04-30T21:28:07.979981,72.59,0.1737,75.28,0.2196,1000.0,0.0,4.199,84.0,98,0,60.0,2026-04-30T21:29:07.979775,4.213
2026-04-30T21:28:08.040924,72.59,0.1898,75.29,0.2177,1000.0,0.0,4.199,84.0,98,0,60.0,2026-04-30T21:29:08.040767,4.213
2026-04-30T21:28:08.106257,72.59,0.1898,75.29,0.2168,1000.0,0.0,4.199,84.0,98,0,60.0,2026-04-30T21:29:08.106087,4.213
2026-04-30T21:28:09.324786,72.64,0.1898,75.34,0.2125,1000.0,0.0,4.199,84.0,98,0,60.0,2026-04-30T21:29:09.324312,4.213
2026-04-30T21:28:09.499260,72.64,0.1898,75.35,0.2136,1000.0,0.0,4.199,84.0,98,0,60.0,2026-04-30T21:29:09.498910,4.213
2026-04-30T21:28:10.063531,72.64,0.1898,75.37,0.2144,1000.0,0.0,4.199,84.0,98,0,60.0,2026-04-30T21:29:10.063274,4.213
2026-04-30T21:28:10.217418,72.67,0.1863,75.38,0.2123,1000.0,0.0,4.199,84.0,98,0,60.0,2026-04-30T21:29:10.217011,4.213
2026-04-30T21:28:10.390446,72.67,0.1863,75.38,0.2119,1000.0,0.0,4.199,84.0,98,0,60.0,2026-04-30T21:29:10.387709,4.213
2026-04-30T21:28:11.119711,72.73,0.1863,75.41,0.2119,1000.0,0.0,4.199,84.0,98,0,60.0,2026-04-30T21:29:11.119421,4.213
2026-04-30T21:28:11.253978,72.73,0.1926,75.43,0.2136,1000.0,0.0,4.199,84.0,98,0,60.0,2026-04-30T21:29:11.253438,4.213
2026-04-30T21:28:11.425364,72.73,0.1926,75.44,0.2152,1000.0,0.0,4.199,84.0,98,0,60.0,2026-04-30T21:29:11.425035,4.213
2026-04-30T21:28:12.158187,72.78,0.1863,75.47,0.2158,1000.0,0.0,4.199,84.0,98,0,60.0,2026-04-30T21:29:12.158004,4.213
2026-04-30T21:28:12.236433,72.78,0.1926,75.48,0.2162,1000.0,0.0,4.199,84.0,98,0,60.0,2026-04-30T21:29:12.236249,4.213
2026-04-30T21:28:12.309039,72.78,0.1926,75.49,0.2168,1000.0,0.0,4.199,84.0,98,0,60.0,2026-04-30T21:29:12.308872,4.213
2026-04-30T21:28:13.262220,72.82,0.1873,75.52,0.2161,1000.0,0.0,4.199,83.9,98,0,60.0,2026-04-30T21:29:13.259708,4.213
2026-04-30T21:28:13.446811,72.82,0.1949,75.53,0.218,1000.0,0.0,4.199,83.9,98,0,60.0,2026-04-30T21:29:13.444342,4.213
2026-04-30T21:28:13.630765,72.82,0.1949,75.54,0.2189,1000.0,0.0,4.199,83.9,98,0,60.0,2026-04-30T21:29:13.630383,4.213
2026-04-30T21:28:14.293678,72.87,0.1949,75.57,0.2197,1000.0,0.0,4.199,83.9,98,0,60.0,2026-04-30T21:29:14.293238,4.213
2026-04-30T21:28:14.398859,72.87,0.1949,75.58,0.2199,1000.0,0.0,4.199,83.9,98,0,60.0,2026-04-30T21:29:14.398523,4.213
2026-04-30T21:28:15.304417,72.87,0.1949,75.61,0.2203,1000.0,0.0,4.199,83.9,98,0,60.0,2026-04-30T21:29:15.303878,4.213
2026-04-30T21:28:15.547496,72.93,0.194,75.63,0.2168,1000.0,0.0,4.199,83.9,98,0,60.0,2026-04-30T21:29:15.547111,4.213
2026-04-30T21:28:15.711401,72.93,0.194,75.64,0.2179,1000.0,0.0,4.199,83.9,98,0,60.0,2026-04-30T21:29:15.711033,4.213
2026-04-30T21:28:16.343602,72.98,0.194,75.67,0.2188,1000.0,0.0,4.199,83.9,98,0,60.0,2026-04-30T21:29:16.343417,4.213
2026-04-30T21:28:16.430916,72.98,0.194,75.68,0.2171,1000.0,0.0,4.199,83.9,98,0,60.0,2026-04-30T21:29:16.430670,4.213
2026-04-30T21:28:16.530294,72.98,0.194,75.69,0.2179,1000.0,0.0,4.199,83.9,98,0,60.0,2026-04-30T21:29:16.530054,4.213
2026-04-30T21:28:17.404293,73.04,0.1856,75.73,0.2175,1000.0,0.0,4.199,83.9,98,0,60.0,2026-04-30T21:29:17.404024,4.213
2026-04-30T21:28:17.491262,73.04,0.1926,75.74,0.2171,1000.0,0.0,4.199,83.9,98,0,60.0,2026-04-30T21:29:17.491047,4.213
2026-04-30T21:28:17.592807,73.04,0.1926,75.74,0.2174,1000.0,0.0,4.199,83.9,98,0,60.0,2026-04-30T21:29:17.592578,4.213
2026-04-30T21:28:18.456693,73.09,0.1926,75.78,0.2179,1000.0,0.0,4.199,83.8,98,0,60.0,2026-04-30T21:29:18.456499,4.213
2026-04-30T21:28:18.528620,73.09,0.1926,75.79,0.2179,1000.0,0.0,4.199,83.8,98,0,60.0,2026-04-30T21:29:18.528334,4.213
2026-04-30T21:28:18.614268,73.09,0.1926,75.8,0.2179,1000.0,0.0,4.199,83.8,98,0,60.0,2026-04-30T21:29:18.613923,4.213
2026-04-30T21:28:19.548477,73.14,0.2017,75.84,0.216,1000.0,0.0,4.199,83.8,98,0,60.0,2026-04-30T21:29:19.548079,4.213
2026-04-30T21:28:19.686078,73.14,0.2017,75.84,0.2208,1000.0,0.0,4.199,83.8,98,0,60.0,2026-04-30T21:29:19.685552,4.213
2026-04-30T21:28:20.522892,73.14,0.2017,75.87,0.224,1000.0,0.0,4.199,83.8,98,0,60.0,2026-04-30T21:29:20.522701,4.213
2026-04-30T21:28:20.598122,73.19,0.2017,75.88,0.2221,1000.0,0.0,4.199,83.8,98,0,60.0,2026-04-30T21:29:20.597898,4.213
2026-04-30T21:28:20.694572,73.19,0.2017,75.89,0.2242,1000.0,0.0,4.199,83.8,98,0,60.0,2026-04-30T21:29:20.694343,4.213
2026-04-30T21:28:21.581182,73.23,0.2017,75.92,0.2259,1000.0,0.0,4.199,83.8,98,0,60.0,2026-04-30T21:29:21.580985,4.213
2026-04-30T21:28:21.652993,73.23,0.1907,75.93,0.2211,1000.0,0.0,4.199,83.8,98,0,60.0,2026-04-30T21:29:21.652816,4.213
2026-04-30T21:28:21.732816,73.23,0.1907,75.93,0.2192,1000.0,0.0,4.199,83.8,98,0,60.0,2026-04-30T21:29:21.732607,4.213
2026-04-30T21:28:22.641244,73.31,0.1863,75.98,0.2171,1000.0,0.0,4.199,83.8,98,0,60.0,2026-04-30T21:29:22.640984,4.213
2026-04-30T21:28:22.739081,73.31,0.1926,75.99,0.217,1000.0,0.0,4.199,83.8,98,0,60.0,2026-04-30T21:29:22.738829,4.213
2026-04-30T21:28:22.846293,73.31,0.1926,76.0,0.2175,1000.0,0.0,4.199,83.8,98,0,60.0,2026-04-30T21:29:22.845918,4.213
2026-04-30T21:28:23.696087,73.34,0.1797,76.04,0.2154,1000.0,0.0,4.199,83.8,98,0,60.0,2026-04-30T21:29:23.695841,4.213
2026-04-30T21:28:23.758415,73.34,0.1926,76.04,0.2166,1000.0,0.0,4.199,83.8,98,0,60.0,2026-04-30T21:29:23.758262,4.213
2026-04-30T21:28:23.820529,73.34,0.1926,76.04,0.2171,1000.0,0.0,4.199,83.8,98,0,60.0,2026-04-30T21:29:23.820376,4.213
2026-04-30T21:28:24.748307,73.39,0.1898,76.08,0.2144,1000.0,0.0,4.199,83.7,98,0,60.0,2026-04-30T21:29:24.748118,4.213
2026-04-30T21:28:24.823260,73.39,0.1898,76.09,0.2148,1000.0,0.0,4.199,83.7,98,0,60.0,2026-04-30T21:29:24.823019,4.213
2026-04-30T21:28:25.758622,73.39,0.1898,76.12,0.2153,1000.0,0.0,4.199,83.7,98,0,60.0,2026-04-30T21:29:25.758392,4.213
2026-04-30T21:28:25.870539,73.44,0.1898,76.14,0.2154,1000.0,0.0,4.199,83.7,98,0,60.0,2026-04-30T21:29:25.870261,4.213
2026-04-30T21:28:26.152227,73.44,0.1898,76.15,0.2155,1000.0,0.0,4.199,83.7,98,0,60.0,2026-04-30T21:29:26.151799,4.213
2026-04-30T21:28:26.817521,73.51,0.1898,76.18,0.2157,1000.0,0.0,4.199,83.7,98,0,60.0,2026-04-30T21:29:26.817333,4.213
2026-04-30T21:28:26.904667,73.51,0.2,76.19,0.2168,1000.0,0.0,4.199,83.7,98,0,60.0,2026-04-30T21:29:26.904445,4.213
2026-04-30T21:28:27.080857,73.51,0.2,76.2,0.2201,1000.0,0.0,4.199,83.7,98,0,60.0,2026-04-30T21:29:27.056072,4.213
2026-04-30T21:28:27.867753,73.55,0.1804,76.24,0.2204,1000.0,0.0,4.199,83.7,98,0,60.0,2026-04-30T21:29:27.867566,4.213
2026-04-30T21:28:27.931191,73.55,0.2,76.24,0.2215,1000.0,0.0,4.199,83.7,98,0,60.0,2026-04-30T21:29:27.931015,4.213
2026-04-30T21:28:28.000328,73.55,0.2,76.25,0.2229,1000.0,0.0,4.199,83.7,98,0,60.0,2026-04-30T21:29:28.000152,4.213
2026-04-30T21:28:28.950861,73.6,0.1839,76.29,0.2203,1000.0,0.0,4.199,83.7,98,0,60.0,2026-04-30T21:29:28.931493,4.213
2026-04-30T21:28:29.173366,73.6,0.1863,76.3,0.2163,1000.0,0.0,4.199,83.7,98,0,60.0,2026-04-30T21:29:29.172894,4.213
2026-04-30T21:28:29.310472,73.6,0.1863,76.3,0.2145,1000.0,0.0,4.199,83.7,98,0,60.0,2026-04-30T21:29:29.310076,4.213
2026-04-30T21:28:30.016982,73.63,0.1985,76.33,0.2147,1000.0,0.0,4.199,83.7,98,0,60.0,2026-04-30T21:29:30.016705,4.213
2026-04-30T21:28:30.136008,73.63,0.1985,76.33,0.2187,1000.0,0.0,4.199,83.7,98,0,60.0,2026-04-30T21:29:30.135537,4.213
2026-04-30T21:28:31.075992,73.63,0.1985,76.36,0.2215,1000.0,0.0,4.199,83.7,98,0,60.0,2026-04-30T21:29:31.053890,4.213
2026-04-30T21:28:31.208990,73.69,0.1985,76.38,0.2207,1000.0,0.0,4.199,83.6,98,0,60.0,2026-04-30T21:29:31.208416,4.213
2026-04-30T21:28:31.370110,73.69,0.1985,76.39,0.2223,1000.0,0.0,4.199,83.6,98,0,60.0,2026-04-30T21:29:31.369447,4.213
2026-04-30T21:28:32.049887,73.72,0.1985,76.42,0.2235,1000.0,0.0,4.199,83.6,98,0,60.0,2026-04-30T21:29:32.049677,4.213
2026-04-30T21:28:32.153162,73.72,0.1915,76.42,0.2203,1000.0,0.0,4.199,83.6,98,0,60.0,2026-04-30T21:29:32.152915,4.213
2026-04-30T21:28:32.281289,73.72,0.1915,76.42,0.2192,1000.0,0.0,4.199,83.6,98,0,60.0,2026-04-30T21:29:32.280975,4.213
2026-04-30T21:28:33.173658,73.76,0.1915,76.46,0.2184,1000.0,0.0,4.199,83.6,98,0,60.0,2026-04-30T21:29:33.173194,4.213
2026-04-30T21:28:33.292528,73.76,0.1915,76.46,0.2179,1000.0,0.0,4.199,83.6,98,0,60.0,2026-04-30T21:29:33.292241,4.213
2026-04-30T21:28:33.398594,73.76,0.1915,76.47,0.2177,1000.0,0.0,4.199,83.6,98,0,60.0,2026-04-30T21:29:33.398295,4.213
2026-04-30T21:28:34.163129,73.8,0.1822,76.5,0.2152,1000.0,0.0,4.199,83.6,98,0,60.0,2026-04-30T21:29:34.162864,4.213
2026-04-30T21:28:34.236011,73.8,0.2083,76.5,0.2233,1000.0,0.0,4.199,83.6,98,0,60.0,2026-04-30T21:29:34.235819,4.213
2026-04-30T21:28:34.307978,73.8,0.2083,76.5,0.2271,1000.0,0.0,4.199,83.6,98,0,60.0,2026-04-30T21:29:34.307780,4.213
2026-04-30T21:28:35.275115,73.85,0.2083,76.54,0.2243,1000.0,0.0,4.199,83.6,98,0,60.0,2026-04-30T21:29:35.274350,4.213
2026-04-30T21:28:35.400497,73.85,0.2083,76.55,0.2286,1000.0,0.0,4.199,83.6,98,0,60.0,2026-04-30T21:29:35.400081,4.213
2026-04-30T21:28:36.242119,73.85,0.2083,76.58,0.2315,1000.0,0.0,4.199,83.6,98,0,60.0,2026-04-30T21:29:36.241837,4.213
2026-04-30T21:28:36.416973,73.9,0.1858,76.6,0.2207,1000.0,0.0,4.199,83.6,98,0,60.0,2026-04-30T21:29:36.416553,4.213
2026-04-30T21:28:36.577326,73.9,0.1858,76.61,0.2168,1000.0,0.0,4.199,83.6,98,0,60.0,2026-04-30T21:29:36.576976,4.213
2026-04-30T21:28:37.305545,73.93,0.1858,76.63,0.2143,1000.0,0.0,4.199,83.6,98,0,60.0,2026-04-30T21:29:37.305106,4.213
2026-04-30T21:28:37.458167,73.93,0.1949,76.64,0.2159,1000.0,0.0,4.199,83.6,98,0,60.0,2026-04-30T21:29:37.457893,4.213
2026-04-30T21:28:37.564779,73.93,0.1949,76.64,0.2179,1000.0,0.0,4.199,83.6,98,0,60.0,2026-04-30T21:29:37.564526,4.213
2026-04-30T21:28:38.337753,73.99,0.1858,76.67,0.2183,1000.0,0.0,4.199,83.5,98,0,60.0,2026-04-30T21:29:38.337576,4.213
2026-04-30T21:28:38.407941,73.99,0.1957,76.68,0.2197,1000.0,0.0,4.199,83.5,98,0,60.0,2026-04-30T21:29:38.407731,4.213
2026-04-30T21:28:38.479484,73.99,0.1957,76.68,0.2204,1000.0,0.0,4.199,83.5,98,0,60.0,2026-04-30T21:29:38.479292,4.213
2026-04-30T21:28:39.398827,74.04,0.1957,76.73,0.2213,1000.0,0.0,4.199,83.5,98,0,60.0,2026-04-30T21:29:39.398513,4.213
2026-04-30T21:28:39.471828,74.04,0.2052,76.73,0.2256,1000.0,0.0,4.199,83.5,98,0,60.0,2026-04-30T21:29:39.471657,4.213
2026-04-30T21:28:39.558196,74.04,0.2052,76.74,0.2276,1000.0,0.0,4.199,83.5,98,0,60.0,2026-04-30T21:29:39.557955,4.213
2026-04-30T21:28:40.464363,74.08,0.2052,76.77,0.23,1000.0,0.0,4.199,83.5,98,0,60.0,2026-04-30T21:29:40.464120,4.213
2026-04-30T21:28:40.561159,74.08,0.2052,76.78,0.2306,1000.0,0.0,4.199,83.5,98,0,60.0,2026-04-30T21:29:40.560921,4.213
2026-04-30T21:28:41.488521,74.08,0.2052,76.81,0.2312,1000.0,0.0,4.199,83.5,98,0,60.0,2026-04-30T21:29:41.487893,4.213
2026-04-30T21:28:41.637647,74.13,0.189,76.82,0.2227,1000.0,0.0,4.199,83.5,98,0,60.0,2026-04-30T21:29:41.637102,4.213
2026-04-30T21:28:41.777788,74.13,0.189,76.83,0.2195,1000.0,0.0,4.199,83.5,98,0,60.0,2026-04-30T21:29:41.777383,4.213
2026-04-30T21:28:42.522505,74.17,0.189,76.86,0.2174,1000.0,0.0,4.199,83.5,98,0,60.0,2026-04-30T21:29:42.522323,4.213
2026-04-30T21:28:42.594915,74.17,0.1898,76.87,0.2161,1000.0,0.0,4.199,83.5,98,0,60.0,2026-04-30T21:29:42.594676,4.213
2026-04-30T21:28:42.666553,74.17,0.1898,76.87,0.216,1000.0,0.0,4.199,83.5,98,0,60.0,2026-04-30T21:29:42.666361,4.213
2026-04-30T21:28:43.578610,74.22,0.1898,76.9,0.2161,1000.0,0.0,4.199,83.5,98,0,60.0,2026-04-30T21:29:43.578411,4.213
2026-04-30T21:28:43.651508,74.22,0.193,76.91,0.2173,1000.0,0.0,4.199,83.5,98,0,60.0,2026-04-30T21:29:43.651330,4.213
2026-04-30T21:28:43.742538,74.22,0.193,76.91,0.218,1000.0,0.0,4.199,83.5,98,0,60.0,2026-04-30T21:29:43.742303,4.213
2026-04-30T21:28:44.635522,74.26,0.193,76.95,0.2188,1000.0,0.0,4.199,83.5,98,0,60.0,2026-04-30T21:29:44.635332,4.213
2026-04-30T21:28:44.708389,74.26,0.2059,76.95,0.2246,1000.0,0.0,4.199,83.5,98,0,60.0,2026-04-30T21:29:44.708198,4.213
2026-04-30T21:28:44.782826,74.26,0.2059,76.95,0.2272,1000.0,0.0,4.199,83.5,98,0,60.0,2026-04-30T21:29:44.782642,4.213
2026-04-30T21:28:45.701702,74.31,0.2059,76.99,0.2274,1000.0,0.0,4.199,83.4,98,0,60.0,2026-04-30T21:29:45.701482,4.213
2026-04-30T21:28:45.804142,74.31,0.2059,77.0,0.2294,1000.0,0.0,4.199,83.4,98,0,60.0,2026-04-30T21:29:45.803871,4.213
2026-04-30T21:28:46.713419,74.31,0.2059,77.03,0.2309,1000.0,0.0,4.199,83.4,98,0,60.0,2026-04-30T21:29:46.713103,4.213
2026-04-30T21:28:46.843330,74.34,0.1975,77.04,0.2273,1000.0,0.0,4.199,83.4,98,0,60.0,2026-04-30T21:29:46.842923,4.213
2026-04-30T21:28:47.189720,74.34,0.1975,77.04,0.2258,1000.0,0.0,4.199,83.4,98,0,60.0,2026-04-30T21:29:47.174938,4.213
2026-04-30T21:28:47.755759,74.38,0.1975,77.06,0.2249,1000.0,0.0,4.199,83.4,98,0,60.0,2026-04-30T21:29:47.755570,4.213
2026-04-30T21:28:47.829426,74.38,0.2025,77.07,0.2258,1000.0,0.0,4.199,83.4,98,0,60.0,2026-04-30T21:29:47.829215,4.213
2026-04-30T21:28:47.917307,74.38,0.2025,77.07,0.2268,1000.0,0.0,4.199,83.4,98,0,60.0,2026-04-30T21:29:47.917039,4.213
2026-04-30T21:28:48.815210,74.42,0.1975,77.11,0.2274,1000.0,0.0,4.199,83.4,98,0,60.0,2026-04-30T21:29:48.814983,4.213
2026-04-30T21:28:48.886848,74.42,0.2025,77.11,0.2278,1000.0,0.0,4.199,83.4,98,0,60.0,2026-04-30T21:29:48.886676,4.213
2026-04-30T21:28:48.999143,74.42,0.2025,77.12,0.2282,1000.0,0.0,4.199,83.4,98,0,60.0,2026-04-30T21:29:48.980116,4.213
2026-04-30T21:28:49.864025,74.48,0.1991,77.16,0.2278,1000.0,0.0,4.199,83.4,98,0,60.0,2026-04-30T21:29:49.863827,4.213
2026-04-30T21:28:49.927755,74.48,0.2092,77.16,0.2311,1000.0,0.0,4.199,83.4,98,0,60.0,2026-04-30T21:29:49.927501,4.213
2026-04-30T21:28:49.994799,74.48,0.2092,77.17,0.2326,1000.0,0.0,4.199,83.4,98,0,60.0,2026-04-30T21:29:49.994596,4.213
2026-04-30T21:28:51.035981,74.52,0.2092,77.2,0.2347,1000.0,0.0,4.199,83.4,98,0,60.0,2026-04-30T21:29:51.028334,4.213
2026-04-30T21:28:51.467932,74.52,0.2092,77.22,0.2353,1000.0,0.0,4.199,83.4,98,0,60.0,2026-04-30T21:29:51.467559,4.213
2026-04-30T21:28:52.063592,74.52,0.2092,77.23,0.2356,1000.0,0.0,4.199,83.4,98,0,60.0,2026-04-30T21:29:52.063219,4.213
2026-04-30T21:28:52.215637,74.56,0.1957,77.25,0.2297,1000.0,0.0,4.199,83.4,98,0,60.0,2026-04-30T21:29:52.215284,4.213
2026-04-30T21:28:52.357974,74.56,0.1957,77.25,0.2265,1000.0,0.0,4.199,83.4,98,0,60.0,2026-04-30T21:29:52.357630,4.213
2026-04-30T21:28:53.099509,74.62,0.1957,77.28,0.2246,1000.0,0.0,4.199,83.3,98,0,60.0,2026-04-30T21:29:53.099056,4.213
2026-04-30T21:28:53.206352,74.62,0.1957,77.3,0.2233,1000.0,0.0,4.199,83.3,98,0,60.0,2026-04-30T21:29:53.205807,4.213
2026-04-30T21:28:53.341984,74.62,0.1957,77.31,0.2229,1000.0,0.0,4.199,83.3,98,0,60.0,2026-04-30T21:29:53.341687,4.213
2026-04-30T21:28:54.045346,74.65,0.1957,77.34,0.2227,1000.0,0.0,4.199,83.3,98,0,60.0,2026-04-30T21:29:54.045138,4.213
2026-04-30T21:28:54.135392,74.65,0.1957,77.34,0.2225,1000.0,0.0,4.199,83.3,98,0,60.0,2026-04-30T21:29:54.135140,4.213
2026-04-30T21:28:54.241010,74.65,0.1957,77.34,0.2224,1000.0,0.0,4.199,83.3,98,0,60.0,2026-04-30T21:29:54.240747,4.213
2026-04-30T21:28:55.113335,74.7,0.1872,77.38,0.2201,1000.0,0.0,4.199,83.3,99,0,60.0,2026-04-30T21:29:55.113098,4.213
2026-04-30T21:28:55.218366,74.7,0.2008,77.39,0.2233,1000.0,0.0,4.199,83.3,99,0,60.0,2026-04-30T21:29:55.218099,4.213
2026-04-30T21:28:55.319620,74.7,0.2008,77.39,0.2247,1000.0,0.0,4.199,83.3,99,0,60.0,2026-04-30T21:29:55.319304,4.213
2026-04-30T21:28:56.180336,74.74,0.2017,77.43,0.2249,1000.0,0.0,4.199,83.3,99,0,60.0,2026-04-30T21:29:56.179993,4.213
2026-04-30T21:28:56.283283,74.74,0.2017,77.43,0.2263,1000.0,0.0,4.199,83.3,99,0,60.0,2026-04-30T21:29:56.282989,4.213
2026-04-30T21:28:57.185005,74.74,0.2017,77.46,0.2274,1000.0,0.0,4.199,83.3,98,0,60.0,2026-04-30T21:29:57.183881,4.213
2026-04-30T21:28:57.322068,74.77,0.2052,77.47,0.2287,1000.0,0.0,4.199,83.3,98,0,60.0,2026-04-30T21:29:57.321464,4.213
2026-04-30T21:28:57.463880,74.77,0.2052,77.47,0.23,1000.0,0.0,4.199,83.3,98,0,60.0,2026-04-30T21:29:57.463509,4.213
2026-04-30T21:28:58.228468,74.81,0.2052,77.5,0.2311,1000.0,0.0,4.199,83.3,98,0,60.0,2026-04-30T21:29:58.228244,4.213
2026-04-30T21:28:58.302177,74.81,0.2065,77.5,0.2318,1000.0,0.0,4.199,83.3,98,0,60.0,2026-04-30T21:29:58.301951,4.213
2026-04-30T21:28:58.389961,74.81,0.2065,77.5,0.2324,1000.0,0.0,4.199,83.3,98,0,60.0,2026-04-30T21:29:58.389736,4.213
2026-04-30T21:28:59.300649,74.86,0.2052,77.54,0.2328,1000.0,0.0,4.199,83.3,99,0,60.0,2026-04-30T21:29:59.300279,4.213
2026-04-30T21:28:59.384112,74.86,0.2065,77.55,0.2315,1000.0,0.0,4.199,83.3,99,0,60.0,2026-04-30T21:29:59.383902,4.213
2026-04-30T21:28:59.476493,74.86,0.2065,77.55,0.2321,1000.0,0.0,4.199,83.3,99,0,60.0,2026-04-30T21:29:59.476262,4.213
2026-04-30T21:29:00.338414,74.92,0.1898,77.59,0.2284,1000.0,0.0,4.199,83.2,99,0,60.0,2026-04-30T21:30:00.338227,4.213
2026-04-30T21:29:00.410584,74.92,0.212,77.6,0.2328,1000.0,0.0,4.199,83.2,99,0,60.0,2026-04-30T21:30:00.410259,4.213
2026-04-30T21:29:00.499479,74.92,0.212,77.61,0.2348,1000.0,0.0,4.199,83.2,99,0,60.0,2026-04-30T21:30:00.499238,4.213
2026-04-30T21:29:01.425961,74.96,0.212,77.64,0.2373,1000.0,0.0,4.199,83.2,99,0,60.0,2026-04-30T21:30:01.425600,4.213
2026-04-30T21:29:01.605798,74.96,0.212,77.65,0.2379,1000.0,0.0,4.199,83.2,99,0,60.0,2026-04-30T21:30:01.599676,4.213
2026-04-30T21:29:02.404189,74.96,0.212,77.68,0.2385,1000.0,0.0,4.199,83.2,99,0,60.0,2026-04-30T21:30:02.404011,4.213
2026-04-30T21:29:02.473240,75.01,0.2076,77.69,0.2334,1000.0,0.0,4.199,83.2,99,0,60.0,2026-04-30T21:30:02.473056,4.213
2026-04-30T21:29:02.562910,75.01,0.2076,77.69,0.2338,1000.0,0.0,4.199,83.2,99,0,60.0,2026-04-30T21:30:02.562573,4.213
2026-04-30T21:29:03.462715,75.06,0.2076,77.73,0.2343,1000.0,0.0,4.199,83.2,99,0,60.0,2026-04-30T21:30:03.462423,4.213
2026-04-30T21:29:03.536279,75.06,0.2101,77.74,0.2335,1000.0,0.0,4.199,83.2,99,0,60.0,2026-04-30T21:30:03.536089,4.213
2026-04-30T21:29:03.609573,75.06,0.2101,77.75,0.2348,1000.0,0.0,4.199,83.2,99,0,60.0,2026-04-30T21:30:03.609351,4.213
2026-04-30T21:29:04.513985,75.11,0.2101,77.79,0.2362,1000.0,0.0,4.199,83.2,99,0,60.0,2026-04-30T21:30:04.513786,4.214
2026-04-30T21:29:04.584750,75.11,0.2101,77.79,0.2365,1000.0,0.0,4.199,83.2,99,0,60.0,2026-04-30T21:30:04.584569,4.214
2026-04-30T21:29:04.656361,75.11,0.2101,77.8,0.2367,1000.0,0.0,4.199,83.2,99,0,60.0,2026-04-30T21:30:04.656193,4.214
2026-04-30T21:29:05.576810,75.16,0.2075,77.84,0.2363,1000.0,0.0,4.199,83.2,99,0,60.0,2026-04-30T21:30:05.576620,4.214
2026-04-30T21:29:05.650085,75.16,0.2194,77.85,0.2406,1000.0,0.0,4.199,83.2,99,0,60.0,2026-04-30T21:30:05.649906,4.214
2026-04-30T21:29:05.731852,75.16,0.2194,77.85,0.2426,1000.0,0.0,4.199,83.2,99,0,60.0,2026-04-30T21:30:05.731652,4.214
2026-04-30T21:29:06.692031,75.2,0.2194,77.89,0.2419,1000.0,0.0,4.199,83.1,99,0,60.0,2026-04-30T21:30:06.691652,4.214
2026-04-30T21:29:06.951062,75.2,0.2194,77.89,0.2439,1000.0,0.0,4.199,83.1,99,0,60.0,2026-04-30T21:30:06.950800,4.214
2026-04-30T21:29:07.650907,75.2,0.2194,77.92,0.2453,1000.0,0.0,4.199,83.1,99,0,60.0,2026-04-30T21:30:07.650611,4.214
2026-04-30T21:29:07.933194,75.24,0.2059,77.93,0.2401,1000.0,0.0,4.199,83.1,99,0,60.0,2026-04-30T21:30:07.932832,4.214
2026-04-30T21:29:08.124690,75.24,0.2059,77.94,0.2367,1000.0,0.0,4.199,83.1,99,0,60.0,2026-04-30T21:30:08.124341,4.214
2026-04-30T21:29:08.712598,75.29,0.2059,77.96,0.2349,1000.0,0.0,4.199,83.1,99,0,60.0,2026-04-30T21:30:08.712284,4.214
2026-04-30T21:29:08.815636,75.29,0.2133,77.97,0.2351,1000.0,0.0,4.199,83.1,99,0,60.0,2026-04-30T21:30:08.815233,4.214
2026-04-30T21:29:08.970502,75.29,0.2133,77.97,0.2371,1000.0,0.0,4.199,83.1,99,0,60.0,2026-04-30T21:30:08.968314,4.214
2026-04-30T21:29:09.752048,75.34,0.2007,78.01,0.2371,1000.0,0.0,4.199,83.1,98,0,60.0,2026-04-30T21:30:09.751874,4.214
2026-04-30T21:29:09.815081,75.34,0.2133,78.02,0.2373,1000.0,0.0,4.199,83.1,98,0,60.0,2026-04-30T21:30:09.814903,4.214
2026-04-30T21:29:09.877515,75.34,0.2133,78.02,0.2383,1000.0,0.0,4.199,83.1,98,0,60.0,2026-04-30T21:30:09.877320,4.214
2026-04-30T21:29:10.812106,75.38,0.1991,78.06,0.2358,1000.0,0.0,4.199,83.1,98,0,60.0,2026-04-30T21:30:10.811906,4.214
2026-04-30T21:29:10.887511,75.38,0.2178,78.06,0.2397,1000.0,0.0,4.199,83.1,98,0,60.0,2026-04-30T21:30:10.887312,4.214
2026-04-30T21:29:11.185026,75.38,0.2178,78.06,0.2416,1000.0,0.0,4.199,83.1,98,0,60.0,2026-04-30T21:30:11.183185,4.214
2026-04-30T21:29:11.897480,75.42,0.2178,78.09,0.2437,1000.0,0.0,4.199,83.1,98,0,60.0,2026-04-30T21:30:11.897222,4.214
2026-04-30T21:29:12.007706,75.42,0.2178,78.1,0.2442,1000.0,0.0,4.199,83.1,98,0,60.0,2026-04-30T21:30:12.004228,4.214
2026-04-30T21:29:12.878002,75.42,0.2178,78.13,0.2449,1000.0,0.0,4.199,83.1,98,0,60.0,2026-04-30T21:30:12.877763,4.214
2026-04-30T21:29:12.996626,75.46,0.2008,78.14,0.237,1000.0,0.0,4.199,83.1,98,0,60.0,2026-04-30T21:30:12.983727,4.214
2026-04-30T21:29:13.384456,75.46,0.2008,78.15,0.2325,1000.0,0.0,4.199,83.1,99,0,60.0,2026-04-30T21:30:13.383950,4.214
2026-04-30T21:29:13.935292,75.49,0.2008,78.17,0.2303,1000.0,0.0,4.199,83.0,99,0,60.0,2026-04-30T21:30:13.935098,4.214
2026-04-30T21:29:14.008848,75.49,0.2135,78.17,0.2326,1000.0,0.0,4.199,83.0,99,0,60.0,2026-04-30T21:30:14.008633,4.214
2026-04-30T21:29:14.102408,75.49,0.2135,78.17,0.2354,1000.0,0.0,4.199,83.0,99,0,60.0,2026-04-30T21:30:14.102178,4.214
2026-04-30T21:29:15.021079,75.53,0.2135,78.2,0.2385,1000.0,0.0,4.199,83.0,99,0,60.0,2026-04-30T21:30:14.997444,4.214
2026-04-30T21:29:15.284213,75.53,0.2135,78.21,0.2396,1000.0,0.0,4.199,83.0,99,0,60.0,2026-04-30T21:30:15.283778,4.214
2026-04-30T21:29:15.423214,75.53,0.2135,78.22,0.2401,1000.0,0.0,4.199,83.0,99,0,60.0,2026-04-30T21:30:15.422814,4.214
2026-04-30T21:29:16.043408,75.57,0.2016,78.24,0.2375,1000.0,0.0,4.199,83.0,99,0,60.0,2026-04-30T21:30:16.043212,4.214
2026-04-30T21:29:16.127079,75.57,0.2118,78.25,0.2381,1000.0,0.0,4.199,83.0,99,0,60.0,2026-04-30T21:30:16.126769,4.214
2026-04-30T21:29:16.231918,75.57,0.2118,78.25,0.2384,1000.0,0.0,4.199,83.0,99,0,60.0,2026-04-30T21:30:16.231636,4.214
2026-04-30T21:29:17.251848,75.62,0.2118,78.29,0.2364,1000.0,0.0,4.199,83.0,99,0,60.0,2026-04-30T21:30:17.251315,4.214
2026-04-30T21:29:17.435585,75.62,0.2118,78.3,0.2376,1000.0,0.0,4.199,83.0,99,0,60.0,2026-04-30T21:30:17.434954,4.214
2026-04-30T21:29:18.137226,75.62,0.2118,78.33,0.2386,1000.0,0.0,4.199,83.0,99,0,60.0,2026-04-30T21:30:18.136667,4.214
2026-04-30T21:29:18.299663,75.66,0.2017,78.34,0.2344,1000.0,0.0,4.199,83.0,99,0,60.0,2026-04-30T21:30:18.299210,4.214
2026-04-30T21:29:18.515391,75.66,0.2017,78.35,0.232,1000.0,0.0,4.199,83.0,99,0,60.0,2026-04-30T21:30:18.515001,4.214
2026-04-30T21:29:19.182408,75.7,0.2017,78.37,0.2305,1000.0,0.0,4.199,83.0,99,0,60.0,2026-04-30T21:30:19.182060,4.214
2026-04-30T21:29:19.286076,75.7,0.2168,78.38,0.2337,1000.0,0.0,4.199,83.0,99,0,60.0,2026-04-30T21:30:19.285718,4.214
2026-04-30T21:29:19.387483,75.7,0.2168,78.38,0.2377,1000.0,0.0,4.199,83.0,99,0,60.0,2026-04-30T21:30:19.387190,4.214
2026-04-30T21:29:20.228357,75.75,0.1989,78.42,0.2386,1000.0,0.0,4.199,83.0,99,0,60.0,2026-04-30T21:30:20.228083,4.214
2026-04-30T21:29:20.301376,75.75,0.2168,78.43,0.24,1000.0,0.0,4.199,83.0,99,0,60.0,2026-04-30T21:30:20.301193,4.214
2026-04-30T21:29:20.374425,75.75,0.2168,78.43,0.2414,1000.0,0.0,4.199,83.0,99,0,60.0,2026-04-30T21:30:20.374207,4.214
2026-04-30T21:29:21.308106,75.8,0.2042,78.47,0.2397,1000.0,0.0,4.199,82.9,99,0,60.0,2026-04-30T21:30:21.307842,4.214
2026-04-30T21:29:21.416067,75.8,0.2042,78.48,0.236,1000.0,0.0,4.199,82.9,99,0,60.0,2026-04-30T21:30:21.415800,4.214
2026-04-30T21:29:21.523538,75.8,0.2042,78.49,0.2343,1000.0,0.0,4.199,82.9,99,0,60.0,2026-04-30T21:30:21.523135,4.214
2026-04-30T21:29:22.340082,75.86,0.2178,78.53,0.2336,1000.0,0.0,4.199,82.9,99,0,60.0,2026-04-30T21:30:22.339862,4.214
2026-04-30T21:29:22.432010,75.86,0.2178,78.53,0.2383,1000.0,0.0,4.199,82.9,99,0,60.0,2026-04-30T21:30:22.431772,4.214
2026-04-30T21:29:23.356411,75.86,0.2178,78.57,0.2417,1000.0,0.0,4.199,82.9,98,0,60.0,2026-04-30T21:30:23.356123,4.214
2026-04-30T21:29:23.481583,75.9,0.2178,78.57,0.2397,1000.0,0.0,4.199,82.9,98,0,60.0,2026-04-30T21:30:23.481045,4.214
2026-04-30T21:29:23.606438,75.9,0.2178,78.58,0.242,1000.0,0.0,4.199,82.9,98,0,60.0,2026-04-30T21:30:23.605927,4.214
2026-04-30T21:29:24.400793,75.96,0.2178,78.61,0.2439,1000.0,0.0,4.199,82.9,98,0,60.0,2026-04-30T21:30:24.400614,4.214
2026-04-30T21:29:24.464751,75.96,0.2092,78.63,0.2385,1000.0,0.0,4.199,82.9,98,0,60.0,2026-04-30T21:30:24.464566,4.214
2026-04-30T21:29:24.534666,75.96,0.2092,78.63,0.2377,1000.0,0.0,4.199,82.9,98,0,60.0,2026-04-30T21:30:24.534478,4.214
2026-04-30T21:29:25.470044,76.0,0.2092,78.67,0.2374,1000.0,0.0,4.199,82.9,98,0,60.0,2026-04-30T21:30:25.469833,4.214
2026-04-30T21:29:25.557861,76.0,0.2142,78.68,0.239,1000.0,0.0,4.199,82.9,98,0,60.0,2026-04-30T21:30:25.557619,4.214
2026-04-30T21:29:25.662400,76.0,0.2142,78.68,0.24,1000.0,0.0,4.199,82.9,98,0,60.0,2026-04-30T21:30:25.662093,4.214
2026-04-30T21:29:26.515949,76.06,0.2084,78.72,0.2396,1000.0,0.0,4.199,82.8,98,0,60.0,2026-04-30T21:30:26.515735,4.214
2026-04-30T21:29:26.601970,76.06,0.2142,78.73,0.2405,1000.0,0.0,4.199,82.8,98,0,60.0,2026-04-30T21:30:26.601736,4.214
2026-04-30T21:29:26.703432,76.06,0.2142,78.74,0.2409,1000.0,0.0,4.199,82.8,98,0,60.0,2026-04-30T21:30:26.703127,4.214
2026-04-30T21:29:27.606167,76.11,0.2084,78.78,0.2395,1000.0,0.0,4.199,82.8,99,0,60.0,2026-04-30T21:30:27.605883,4.214
2026-04-30T21:29:27.714033,76.11,0.2084,78.79,0.238,1000.0,0.0,4.199,82.8,99,0,60.0,2026-04-30T21:30:27.713405,4.214
2026-04-30T21:29:28.582189,76.11,0.2084,78.82,0.2373,1000.0,0.0,4.199,82.8,99,0,60.0,2026-04-30T21:30:28.581986,4.214
2026-04-30T21:29:28.652039,76.16,0.211,78.83,0.2366,1000.0,0.0,4.199,82.8,99,0,60.0,2026-04-30T21:30:28.651858,4.214
2026-04-30T21:29:28.724149,76.16,0.211,78.84,0.2374,1000.0,0.0,4.199,82.8,99,0,60.0,2026-04-30T21:30:28.723954,4.214
2026-04-30T21:29:29.641914,76.2,0.211,78.87,0.2382,1000.0,0.0,4.199,82.8,98,0,60.0,2026-04-30T21:30:29.641717,4.214
2026-04-30T21:29:29.716265,76.2,0.211,78.88,0.2371,1000.0,0.0,4.199,82.8,98,0,60.0,2026-04-30T21:30:29.716075,4.214
2026-04-30T21:29:29.789059,76.2,0.211,78.88,0.2377,1000.0,0.0,4.199,82.8,98,0,60.0,2026-04-30T21:30:29.788880,4.214
2026-04-30T21:29:30.694727,76.26,0.2033,78.92,0.2372,1000.0,0.0,4.199,82.8,98,0,60.0,2026-04-30T21:30:30.694514,4.214
2026-04-30T21:29:30.764582,76.26,0.2227,78.94,0.2416,1000.0,0.0,4.199,82.8,98,0,60.0,2026-04-30T21:30:30.764389,4.214
2026-04-30T21:29:30.838512,76.26,0.2227,78.94,0.2447,1000.0,0.0,4.199,82.8,98,0,60.0,2026-04-30T21:30:30.838293,4.214
2026-04-30T21:29:31.754786,76.32,0.2227,78.98,0.2483,1000.0,0.0,4.199,82.8,98,0,60.0,2026-04-30T21:30:31.754577,4.214
2026-04-30T21:29:31.826849,76.32,0.2227,78.99,0.2492,1000.0,0.0,4.199,82.8,98,0,60.0,2026-04-30T21:30:31.826622,4.214
2026-04-30T21:29:31.924648,76.32,0.2227,78.99,0.2497,1000.0,0.0,4.199,82.8,98,0,60.0,2026-04-30T21:30:31.924076,4.214
2026-04-30T21:29:32.809435,76.37,0.2067,79.03,0.2423,1000.0,0.0,4.199,82.7,98,0,60.0,2026-04-30T21:30:32.809239,4.214
2026-04-30T21:29:32.877928,76.37,0.2067,79.03,0.239,1000.0,0.0,4.199,82.7,98,0,60.0,2026-04-30T21:30:32.877719,4.214
2026-04-30T21:29:33.829584,76.37,0.2067,79.07,0.2372,1000.0,0.0,4.199,82.7,98,0,60.0,2026-04-30T21:30:33.829287,4.214
2026-04-30T21:29:33.937843,76.42,0.2322,79.08,0.2406,1000.0,0.0,4.199,82.7,98,0,60.0,2026-04-30T21:30:33.937552,4.214
2026-04-30T21:29:34.044402,76.42,0.2322,79.09,0.2485,1000.0,0.0,4.199,82.7,98,0,60.0,2026-04-30T21:30:34.044094,4.214
2026-04-30T21:29:34.875105,76.48,0.2322,79.12,0.2546,1000.0,0.0,4.199,82.7,98,0,60.0,2026-04-30T21:30:34.874898,4.214
2026-04-30T21:29:34.975204,76.48,0.2322,79.14,0.2573,1000.0,0.0,4.199,82.7,98,0,60.0,2026-04-30T21:30:34.962099,4.214
2026-04-30T21:29:35.287574,76.48,0.2322,79.15,0.2587,1000.0,0.0,4.199,82.7,98,0,60.0,2026-04-30T21:30:35.287107,4.214
2026-04-30T21:29:35.928886,76.53,0.2083,79.18,0.2562,1000.0,0.0,4.199,82.7,98,0,60.0,2026-04-30T21:30:35.928543,4.214
2026-04-30T21:29:35.989860,76.53,0.2152,79.19,0.2497,1000.0,0.0,4.199,82.7,98,0,60.0,2026-04-30T21:30:35.989710,4.214
2026-04-30T21:29:36.050162,76.53,0.2152,79.2,0.2475,1000.0,0.0,4.199,82.7,98,0,60.0,2026-04-30T21:30:36.049996,4.214
2026-04-30T21:29:37.166399,76.58,0.2152,79.24,0.244,1000.0,0.0,4.199,82.7,98,0,60.0,2026-04-30T21:30:37.166003,4.214
2026-04-30T21:29:37.634767,76.58,0.2211,79.25,0.2465,1000.0,0.0,4.199,82.7,98,0,60.0,2026-04-30T21:30:37.617052,4.214
2026-04-30T21:29:38.052802,76.58,0.2211,79.27,0.2481,1000.0,0.0,4.199,82.7,98,0,60.0,2026-04-30T21:30:38.052341,4.214
2026-04-30T21:29:38.184613,76.64,0.2211,79.29,0.2485,1000.0,0.0,4.199,82.7,98,0,60.0,2026-04-30T21:30:38.184215,4.214
2026-04-30T21:29:38.309010,76.64,0.2211,79.3,0.2487,1000.0,0.0,4.199,82.7,98,0,60.0,2026-04-30T21:30:38.308423,4.214
2026-04-30T21:29:39.158207,76.64,0.2211,79.33,0.2491,1000.0,0.0,4.199,82.7,98,0,60.0,2026-04-30T21:30:39.157859,4.214
2026-04-30T21:29:39.283179,76.69,0.2142,79.35,0.2454,1000.0,0.0,4.199,82.6,98,0,60.0,2026-04-30T21:30:39.282882,4.214
2026-04-30T21:29:39.417243,76.69,0.2142,79.36,0.2441,1000.0,0.0,4.199,82.6,98,0,60.0,2026-04-30T21:30:39.416854,4.214
2026-04-30T21:29:40.111069,76.73,0.2142,79.39,0.2433,1000.0,0.0,4.199,82.6,98,0,60.0,2026-04-30T21:30:40.110718,4.214
2026-04-30T21:29:40.209774,76.73,0.2261,79.4,0.2452,1000.0,0.0,4.199,82.6,98,0,60.0,2026-04-30T21:30:40.209533,4.214
2026-04-30T21:29:40.311796,76.73,0.2261,79.4,0.2487,1000.0,0.0,4.199,82.6,98,0,60.0,2026-04-30T21:30:40.311385,4.214
2026-04-30T21:29:41.185731,76.79,0.2261,79.44,0.2518,1000.0,0.0,4.199,82.6,98,0,60.0,2026-04-30T21:30:41.185482,4.214
2026-04-30T21:29:41.290170,76.79,0.2261,79.45,0.2529,1000.0,0.0,4.199,82.6,98,0,60.0,2026-04-30T21:30:41.289924,4.214
2026-04-30T21:29:41.398822,76.79,0.2261,79.46,0.2534,1000.0,0.0,4.199,82.6,98,0,60.0,2026-04-30T21:30:41.398572,4.214
2026-04-30T21:29:42.275506,76.82,0.2025,79.49,0.2476,1000.0,0.0,4.199,82.6,98,0,60.0,2026-04-30T21:30:42.275135,4.214
2026-04-30T21:29:42.454386,76.82,0.205,79.49,0.2409,1000.0,0.0,4.199,82.6,98,0,60.0,2026-04-30T21:30:42.453852,4.214
2026-04-30T21:29:42.595055,76.82,0.205,79.49,0.2377,1000.0,0.0,4.199,82.6,98,0,60.0,2026-04-30T21:30:42.594534,4.214
2026-04-30T21:29:43.307388,76.87,0.2227,79.53,0.2371,1000.0,0.0,4.199,82.6,98,0,60.0,2026-04-30T21:30:43.307132,4.214
2026-04-30T21:29:43.439252,76.87,0.2227,79.54,0.2427,1000.0,0.0,4.199,82.6,98,0,60.0,2026-04-30T21:30:43.438552,4.214
2026-04-30T21:29:44.301541,76.87,0.2227,79.57,0.247,1000.0,0.0,4.199,82.6,98,0,60.0,2026-04-30T21:30:44.301184,4.214
2026-04-30T21:29:44.413303,76.92,0.2227,79.58,0.2491,1000.0,0.0,4.199,82.6,98,0,60.0,2026-04-30T21:30:44.412832,4.214
2026-04-30T21:29:44.812426,76.92,0.2227,79.59,0.2499,1000.0,0.0,4.199,82.6,98,0,60.0,2026-04-30T21:30:44.811861,4.214
2026-04-30T21:29:45.373375,76.96,0.2227,79.62,0.2506,1000.0,0.0,4.199,82.5,98,0,60.0,2026-04-30T21:30:45.373169,4.214
2026-04-30T21:29:45.452205,76.96,0.2253,79.63,0.2509,1000.0,0.0,4.199,82.5,98,0,60.0,2026-04-30T21:30:45.452019,4.214
2026-04-30T21:29:45.534619,76.96,0.2253,79.63,0.2518,1000.0,0.0,4.199,82.5,98,0,60.0,2026-04-30T21:30:45.534414,4.214
2026-04-30T21:29:46.398584,77.0,0.2196,79.66,0.2521,1000.0,0.0,4.199,82.5,98,0,60.0,2026-04-30T21:30:46.398391,4.214
2026-04-30T21:29:46.461799,77.0,0.2253,79.67,0.2518,1000.0,0.0,4.199,82.5,98,0,60.0,2026-04-30T21:30:46.461584,4.214
2026-04-30T21:29:46.533679,77.0,0.2253,79.67,0.2524,1000.0,0.0,4.199,82.5,98,0,60.0,2026-04-30T21:30:46.533467,4.214
2026-04-30T21:29:47.717252,77.04,0.2143,79.71,0.25,1000.0,0.0,4.199,82.5,99,0,60.0,2026-04-30T21:30:47.716643,4.214
2026-04-30T21:29:48.081622,77.04,0.2143,79.72,0.2461,1000.0,0.0,4.199,82.5,99,0,60.0,2026-04-30T21:30:48.081411,4.214
2026-04-30T21:29:48.288912,77.04,0.2143,79.72,0.2444,1000.0,0.0,4.199,82.5,99,0,60.0,2026-04-30T21:30:48.288543,4.214
2026-04-30T21:29:48.610006,77.07,0.2245,79.74,0.2438,1000.0,0.0,4.199,82.5,99,0,60.0,2026-04-30T21:30:48.609604,4.214
2026-04-30T21:29:48.748271,77.07,0.2245,79.74,0.2475,1000.0,0.0,4.199,82.5,99,0,60.0,2026-04-30T21:30:48.747825,4.214
2026-04-30T21:29:49.543817,77.07,0.2245,79.77,0.2502,1000.0,0.0,4.199,82.5,99,0,60.0,2026-04-30T21:30:49.543430,4.214
2026-04-30T21:29:49.717898,77.11,0.2245,79.78,0.2484,1000.0,0.0,4.199,82.5,99,0,60.0,2026-04-30T21:30:49.716663,4.214
2026-04-30T21:29:49.857470,77.11,0.2245,79.79,0.2503,1000.0,0.0,4.199,82.5,99,0,60.0,2026-04-30T21:30:49.857110,4.214
2026-04-30T21:29:50.578437,77.15,0.2245,79.81,0.2519,1000.0,0.0,4.199,82.5,99,0,60.0,2026-04-30T21:30:50.578144,4.214
2026-04-30T21:29:50.657693,77.15,0.2092,79.82,0.2448,1000.0,0.0,4.199,82.5,99,0,60.0,2026-04-30T21:30:50.657512,4.214
2026-04-30T21:29:50.731506,77.15,0.2092,79.82,0.2421,1000.0,0.0,4.199,82.5,99,0,60.0,2026-04-30T21:30:50.731308,4.214
2026-04-30T21:29:51.633493,77.18,0.2092,79.86,0.2398,1000.0,0.0,4.199,82.5,99,0,60.0,2026-04-30T21:30:51.633287,4.214
2026-04-30T21:29:51.722307,77.18,0.2295,79.86,0.2465,1000.0,0.0,4.199,82.5,99,0,60.0,2026-04-30T21:30:51.722113,4.214
2026-04-30T21:29:51.825977,77.18,0.2295,79.86,0.2507,1000.0,0.0,4.199,82.5,99,0,60.0,2026-04-30T21:30:51.825710,4.214
2026-04-30T21:29:52.713706,77.22,0.2092,79.89,0.2494,1000.0,0.0,4.199,82.5,99,0,60.0,2026-04-30T21:30:52.713374,4.214
2026-04-30T21:29:52.823684,77.22,0.2295,79.89,0.2532,1000.0,0.0,4.199,82.5,99,0,60.0,2026-04-30T21:30:52.823318,4.214
2026-04-30T21:29:52.950203,77.22,0.2295,79.89,0.2549,1000.0,0.0,4.199,82.5,99,0,60.0,2026-04-30T21:30:52.949510,4.214
2026-04-30T21:29:53.755237,77.26,0.2371,79.92,0.2529,1000.0,0.0,4.199,82.4,98,0,60.0,2026-04-30T21:30:53.755003,4.214
2026-04-30T21:29:53.866748,77.26,0.2371,79.93,0.2582,1000.0,0.0,4.199,82.4,98,0,60.0,2026-04-30T21:30:53.866449,4.214
2026-04-30T21:29:54.759671,77.26,0.2371,79.96,0.2619,1000.0,0.0,4.199,82.4,98,0,60.0,2026-04-30T21:30:54.759430,4.214
2026-04-30T21:29:54.830099,77.31,0.2371,79.97,0.264,1000.0,0.0,4.199,82.4,98,0,60.0,2026-04-30T21:30:54.829913,4.214
2026-04-30T21:29:54.921667,77.31,0.2371,79.98,0.2647,1000.0,0.0,4.199,82.4,98,0,60.0,2026-04-30T21:30:54.921051,4.214
2026-04-30T21:29:55.818287,77.33,0.2371,80.01,0.2654,1000.0,0.0,4.199,82.4,98,0,60.0,2026-04-30T21:30:55.818097,4.214
2026-04-30T21:29:55.904302,77.33,0.2268,80.0,0.2596,1000.0,0.0,4.199,82.4,98,0,60.0,2026-04-30T21:30:55.904118,4.214
2026-04-30T21:29:55.982128,77.33,0.2268,80.0,0.2579,1000.0,0.0,4.199,82.4,98,0,60.0,2026-04-30T21:30:55.981893,4.214
2026-04-30T21:29:56.874899,77.39,0.2194,80.04,0.2555,1000.0,0.0,4.199,82.4,98,0,60.0,2026-04-30T21:30:56.874708,4.214
2026-04-30T21:29:56.973486,77.39,0.2345,80.05,0.2577,1000.0,0.0,4.199,82.4,98,0,60.0,2026-04-30T21:30:56.967093,4.214
2026-04-30T21:29:57.247412,77.39,0.2345,80.06,0.2601,1000.0,0.0,4.199,82.4,98,0,60.0,2026-04-30T21:30:57.247151,4.214
2026-04-30T21:29:57.932669,77.44,0.2345,80.09,0.2619,1000.0,0.0,4.199,82.4,98,0,60.0,2026-04-30T21:30:57.932466,4.214
2026-04-30T21:29:58.028997,77.44,0.2345,80.09,0.2623,1000.0,0.0,4.199,82.4,98,0,60.0,2026-04-30T21:30:58.028754,4.214
2026-04-30T21:29:58.134112,77.44,0.2345,80.1,0.2626,1000.0,0.0,4.199,82.4,98,0,60.0,2026-04-30T21:30:58.133272,4.214
2026-04-30T21:29:59.100997,77.47,0.2211,80.13,0.257,1000.0,0.0,4.199,82.4,98,0,60.0,2026-04-30T21:30:59.087785,4.214
2026-04-30T21:29:59.261750,77.47,0.2211,80.14,0.2537,1000.0,0.0,4.199,82.4,99,0,60.0,2026-04-30T21:30:59.260297,4.214
2026-04-30T21:29:59.995527,77.47,0.2211,80.16,0.252,1000.0,0.0,4.199,82.4,99,0,60.0,2026-04-30T21:30:59.995377,4.214
2026-04-30T21:30:00.067082,77.52,0.2211,80.17,0.25,1000.0,0.0,4.199,82.4,99,0,60.0,2026-04-30T21:31:00.066875,4.214
2026-04-30T21:30:00.167246,77.52,0.2211,80.18,0.2498,1000.0,0.0,4.199,82.4,99,0,60.0,2026-04-30T21:31:00.166989,4.214
2026-04-30T21:30:01.107249,77.58,0.2211,80.22,0.25,1000.0,0.0,4.199,82.3,99,0,60.0,2026-04-30T21:31:01.106938,4.214
2026-04-30T21:30:01.237867,77.58,0.22,80.23,0.2488,1000.0,0.0,4.199,82.3,99,0,60.0,2026-04-30T21:31:01.237328,4.214
2026-04-30T21:30:01.366187,77.58,0.22,80.24,0.2487,1000.0,0.0,4.199,82.3,99,0,60.0,2026-04-30T21:31:01.365866,4.214
2026-04-30T21:30:02.101350,77.63,0.22,80.28,0.2489,1000.0,0.0,4.199,82.3,99,0,60.0,2026-04-30T21:31:02.101168,4.214
2026-04-30T21:30:02.172271,77.63,0.2287,80.29,0.2519,1000.0,0.0,4.199,82.3,99,0,60.0,2026-04-30T21:31:02.172094,4.214
2026-04-30T21:30:02.265527,77.63,0.2287,80.29,0.2538,1000.0,0.0,4.199,82.3,99,0,60.0,2026-04-30T21:31:02.265279,4.214
2026-04-30T21:30:03.195704,77.69,0.2219,80.33,0.2539,1000.0,0.0,4.199,82.3,99,0,60.0,2026-04-30T21:31:03.195325,4.214
2026-04-30T21:30:03.342059,77.69,0.2287,80.34,0.2556,1000.0,0.0,4.199,82.3,99,0,60.0,2026-04-30T21:31:03.341684,4.214
2026-04-30T21:30:03.531975,77.69,0.2287,80.35,0.2563,1000.0,0.0,4.199,82.3,99,0,60.0,2026-04-30T21:31:03.529562,4.214
2026-04-30T21:30:04.685361,77.73,0.2227,80.39,0.2547,1000.0,0.0,4.199,82.3,99,0,60.0,2026-04-30T21:31:04.684679,4.214
2026-04-30T21:30:04.963899,77.73,0.2227,80.4,0.253,1000.0,0.0,4.199,82.3,99,0,60.0,2026-04-30T21:31:04.963494,4.214
2026-04-30T21:30:05.376201,77.73,0.2227,80.41,0.2524,1000.0,0.0,4.199,82.3,99,0,60.0,2026-04-30T21:31:05.366079,4.214
2026-04-30T21:30:05.502565,77.78,0.2277,80.43,0.253,1000.0,0.0,4.199,82.3,99,0,60.0,2026-04-30T21:31:05.502250,4.214
2026-04-30T21:30:05.608162,77.78,0.2277,80.43,0.2543,1000.0,0.0,4.199,82.3,99,0,60.0,2026-04-30T21:31:05.607914,4.214
2026-04-30T21:30:06.301295,77.83,0.2277,80.46,0.2555,1000.0,0.0,4.199,82.3,99,0,60.0,2026-04-30T21:31:06.301056,4.214
2026-04-30T21:30:06.493292,77.83,0.2277,80.48,0.2545,1000.0,0.0,4.199,82.3,99,0,60.0,2026-04-30T21:31:06.492879,4.214
2026-04-30T21:30:06.691203,77.83,0.2277,80.49,0.2555,1000.0,0.0,4.199,82.3,99,0,60.0,2026-04-30T21:31:06.689446,4.214
2026-04-30T21:30:07.363457,77.87,0.2168,80.52,0.2547,1000.0,0.0,4.199,82.2,99,0,60.0,2026-04-30T21:31:07.363239,4.214
2026-04-30T21:30:07.448067,77.87,0.2264,80.53,0.2541,1000.0,0.0,4.199,82.2,99,0,60.0,2026-04-30T21:31:07.447818,4.214
2026-04-30T21:30:07.533340,77.87,0.2264,80.53,0.2545,1000.0,0.0,4.199,82.2,99,0,60.0,2026-04-30T21:31:07.533067,4.214
2026-04-30T21:30:08.532769,77.91,0.2264,80.57,0.2551,1000.0,0.0,4.199,82.2,99,0,60.0,2026-04-30T21:31:08.532205,4.214
2026-04-30T21:30:08.722210,77.91,0.2295,80.57,0.2567,1000.0,0.0,4.199,82.2,99,0,60.0,2026-04-30T21:31:08.721774,4.214
2026-04-30T21:30:08.864530,77.91,0.2295,80.58,0.2574,1000.0,0.0,4.199,82.2,99,0,60.0,2026-04-30T21:31:08.864118,4.214
2026-04-30T21:30:09.500446,77.97,0.2295,80.61,0.2568,1000.0,0.0,4.199,82.2,99,0,60.0,2026-04-30T21:31:09.500194,4.214
2026-04-30T21:30:09.607993,77.97,0.2295,80.62,0.2575,1000.0,0.0,4.199,82.2,99,0,60.0,2026-04-30T21:31:09.607710,4.214
2026-04-30T21:30:10.469415,77.97,0.2295,80.66,0.2582,1000.0,0.0,4.199,82.2,99,0,60.0,2026-04-30T21:31:10.469226,4.214
2026-04-30T21:30:10.542577,78.02,0.2498,80.67,0.261,1000.0,0.0,4.199,82.2,99,0,60.0,2026-04-30T21:31:10.542399,4.214
2026-04-30T21:30:10.626120,78.02,0.2498,80.68,0.2679,1000.0,0.0,4.199,82.2,99,0,60.0,2026-04-30T21:31:10.625830,4.214
2026-04-30T21:30:11.525131,78.08,0.2498,80.72,0.2738,1000.0,0.0,4.199,82.2,99,0,60.0,2026-04-30T21:31:11.524932,4.214
2026-04-30T21:30:11.597782,78.08,0.2498,80.73,0.2763,1000.0,0.0,4.199,82.2,99,0,60.0,2026-04-30T21:31:11.597583,4.214
2026-04-30T21:30:11.669478,78.08,0.2498,80.74,0.2773,1000.0,0.0,4.199,82.2,99,0,60.0,2026-04-30T21:31:11.669296,4.214
2026-04-30T21:30:12.580472,78.12,0.2254,80.78,0.2745,1000.0,0.0,4.199,82.2,99,0,60.0,2026-04-30T21:31:12.580254,4.214
2026-04-30T21:30:12.651930,78.12,0.232,80.78,0.2678,1000.0,0.0,4.199,82.2,99,0,60.0,2026-04-30T21:31:12.651717,4.214
2026-04-30T21:30:12.739570,78.12,0.232,80.79,0.2653,1000.0,0.0,4.199,82.2,99,0,60.0,2026-04-30T21:31:12.739318,4.214
2026-04-30T21:30:13.662541,78.18,0.232,80.82,0.2621,1000.0,0.0,4.199,82.1,99,0,60.0,2026-04-30T21:31:13.662251,4.214
2026-04-30T21:30:13.770072,78.18,0.2388,80.83,0.2648,1000.0,0.0,4.199,82.1,99,0,60.0,2026-04-30T21:31:13.769371,4.214
2026-04-30T21:30:13.895316,78.18,0.2388,80.84,0.266,1000.0,0.0,4.199,82.1,99,0,60.0,2026-04-30T21:31:13.894909,4.214
2026-04-30T21:30:14.691550,78.23,0.2388,80.88,0.2673,1000.0,0.0,4.199,82.1,99,0,60.0,2026-04-30T21:31:14.691338,4.214
2026-04-30T21:30:14.760896,78.23,0.2388,80.88,0.2675,1000.0,0.0,4.199,82.1,99,0,60.0,2026-04-30T21:31:14.760714,4.214
2026-04-30T21:30:15.715640,78.23,0.2388,80.92,0.2681,1000.0,0.0,4.199,82.1,99,0,60.0,2026-04-30T21:31:15.715342,4.214
2026-04-30T21:30:15.912283,78.28,0.2461,80.93,0.2651,1000.0,0.0,4.199,82.1,99,0,60.0,2026-04-30T21:31:15.911586,4.214
2026-04-30T21:30:16.066742,78.28,0.2461,80.94,0.2698,1000.0,0.0,4.199,82.1,99,0,60.0,2026-04-30T21:31:16.066447,4.214
2026-04-30T21:30:16.758733,78.32,0.2461,80.97,0.2729,1000.0,0.0,4.199,82.1,99,0,60.0,2026-04-30T21:31:16.758541,4.214
2026-04-30T21:30:16.834650,78.32,0.2461,80.97,0.2697,1000.0,0.0,4.199,82.1,99,0,60.0,2026-04-30T21:31:16.834451,4.214
2026-04-30T21:30:16.940210,78.32,0.2461,80.98,0.2718,1000.0,0.0,4.199,82.1,99,0,60.0,2026-04-30T21:31:16.939963,4.214
2026-04-30T21:30:17.813890,78.37,0.227,81.02,0.2711,1000.0,0.0,4.199,82.1,99,0,60.0,2026-04-30T21:31:17.813650,4.214
2026-04-30T21:30:17.876044,78.37,0.2313,81.02,0.2658,1000.0,0.0,4.199,82.1,99,0,60.0,2026-04-30T21:31:17.875873,4.214
2026-04-30T21:30:17.946780,78.37,0.2313,81.03,0.264,1000.0,0.0,4.199,82.1,99,0,60.0,2026-04-30T21:31:17.946546,4.214
2026-04-30T21:30:18.881579,78.42,0.2313,81.07,0.2622,1000.0,0.0,4.199,82.1,99,0,60.0,2026-04-30T21:31:18.881357,4.214
2026-04-30T21:30:19.027823,78.42,0.2313,81.08,0.2615,1000.0,0.0,4.199,82.1,99,0,60.0,2026-04-30T21:31:19.009614,4.214
2026-04-30T21:30:19.288785,78.42,0.2313,81.09,0.2611,1000.0,0.0,4.199,82.1,99,0,60.0,2026-04-30T21:31:19.288215,4.214
2026-04-30T21:30:19.937668,78.46,0.2329,81.12,0.2611,1000.0,0.0,4.199,82.0,99,0,60.0,2026-04-30T21:31:19.937458,4.214
2026-04-30T21:30:20.032864,78.46,0.2329,81.12,0.2615,1000.0,0.0,4.199,82.0,99,0,60.0,2026-04-30T21:31:20.032596,4.214
2026-04-30T21:30:20.940111,78.46,0.2329,81.15,0.2622,1000.0,0.0,4.199,82.0,99,0,60.0,2026-04-30T21:31:20.938845,4.214
2026-04-30T21:30:21.230312,78.51,0.2405,81.16,0.264,1000.0,0.0,4.199,82.0,99,0,60.0,2026-04-30T21:31:21.229989,4.214
2026-04-30T21:30:21.351450,78.51,0.2405,81.17,0.2667,1000.0,0.0,4.199,82.0,99,0,60.0,2026-04-30T21:31:21.350775,4.214
2026-04-30T21:30:21.996223,78.56,0.2405,81.19,0.2685,1000.0,0.0,4.199,82.0,99,0,60.0,2026-04-30T21:31:21.996008,4.214
2026-04-30T21:30:22.096002,78.56,0.2405,81.2,0.2692,1000.0,0.0,4.199,82.0,99,0,60.0,2026-04-30T21:31:22.095718,4.214
2026-04-30T21:30:22.232885,78.56,0.2405,81.21,0.2695,1000.0,0.0,4.199,82.0,99,0,60.0,2026-04-30T21:31:22.232607,4.214
2026-04-30T21:30:23.204396,78.62,0.2277,81.25,0.2679,1000.0,0.0,4.199,82.0,99,0,60.0,2026-04-30T21:31:23.179320,4.214
2026-04-30T21:30:23.481502,78.62,0.2277,81.27,0.262,1000.0,0.0,4.199,82.0,99,0,60.0,2026-04-30T21:31:23.475226,4.214
2026-04-30T21:30:23.674414,78.62,0.2277,81.27,0.2597,1000.0,0.0,4.199,82.0,99,0,60.0,2026-04-30T21:31:23.673877,4.214
2026-04-30T21:30:24.239007,78.66,0.2211,81.3,0.2574,1000.0,0.0,4.199,82.0,99,0,60.0,2026-04-30T21:31:24.238611,4.214
2026-04-30T21:30:24.444072,78.66,0.2261,81.31,0.2566,1000.0,0.0,4.199,82.0,99,0,60.0,2026-04-30T21:31:24.443704,4.214
2026-04-30T21:30:24.680324,78.66,0.2261,81.31,0.2562,1000.0,0.0,4.199,82.0,99,0,60.0,2026-04-30T21:31:24.680009,4.214
2026-04-30T21:30:25.351305,78.7,0.2211,81.34,0.2542,1000.0,0.0,4.199,82.0,99,0,60.0,2026-04-30T21:31:25.350752,4.214
2026-04-30T21:30:25.582828,78.7,0.2211,81.35,0.2525,1000.0,0.0,4.199,82.0,99,0,60.0,2026-04-30T21:31:25.582433,4.214
2026-04-30T21:30:26.174899,78.7,0.2211,81.37,0.2518,1000.0,0.0,4.199,82.0,99,0,60.0,2026-04-30T21:31:26.174701,4.214
2026-04-30T21:30:26.247380,78.75,0.232,81.39,0.2532,1000.0,0.0,4.199,81.9,99,0,60.0,2026-04-30T21:31:26.247184,4.214
2026-04-30T21:30:26.322442,78.75,0.232,81.39,0.2563,1000.0,0.0,4.199,81.9,99,0,60.0,2026-04-30T21:31:26.322243,4.214
2026-04-30T21:30:27.247251,78.79,0.232,81.43,0.2592,1000.0,0.0,4.199,81.9,99,0,60.0,2026-04-30T21:31:27.246990,4.214
2026-04-30T21:30:27.369153,78.79,0.2337,81.44,0.2598,1000.0,0.0,4.199,81.9,99,0,60.0,2026-04-30T21:31:27.368790,4.214
2026-04-30T21:30:27.576056,78.79,0.2337,81.44,0.2613,1000.0,0.0,4.199,81.9,99,0,60.0,2026-04-30T21:31:27.575511,4.214
2026-04-30T21:30:28.290118,78.84,0.2337,81.47,0.2625,1000.0,0.0,4.199,81.9,99,0,60.0,2026-04-30T21:31:28.289902,4.214
2026-04-30T21:30:28.379475,78.84,0.2337,81.48,0.2629,1000.0,0.0,4.199,81.9,99,0,60.0,2026-04-30T21:31:28.379266,4.214
2026-04-30T21:30:28.485004,78.84,0.2337,81.49,0.263,1000.0,0.0,4.199,81.9,99,0,60.0,2026-04-30T21:31:28.484713,4.214
2026-04-30T21:30:29.374415,78.88,0.2254,81.53,0.2611,1000.0,0.0,4.199,81.9,99,0,60.0,2026-04-30T21:31:29.374056,4.214
2026-04-30T21:30:29.589157,78.88,0.2531,81.53,0.2712,1000.0,0.0,4.199,81.9,99,0,60.0,2026-04-30T21:31:29.588536,4.214
2026-04-30T21:30:29.733533,78.88,0.2531,81.54,0.2761,1000.0,0.0,4.199,81.9,99,0,60.0,2026-04-30T21:31:29.733142,4.214
2026-04-30T21:30:30.401934,78.93,0.2531,81.57,0.2743,1000.0,0.0,4.199,81.9,99,0,60.0,2026-04-30T21:31:30.401726,4.214
2026-04-30T21:30:30.494902,78.93,0.2531,81.58,0.2777,1000.0,0.0,4.199,81.9,99,0,60.0,2026-04-30T21:31:30.494656,4.214
2026-04-30T21:30:31.411416,78.93,0.2531,81.61,0.2805,1000.0,0.0,4.199,81.9,99,0,60.0,2026-04-30T21:31:31.411202,4.214
2026-04-30T21:30:31.484687,78.97,0.2303,81.62,0.2717,1000.0,0.0,4.199,81.9,99,0,60.0,2026-04-30T21:31:31.484489,4.214
2026-04-30T21:30:31.564447,78.97,0.2303,81.62,0.2672,1000.0,0.0,4.199,81.9,99,0,60.0,2026-04-30T21:31:31.564228,4.214
2026-04-30T21:30:32.473228,79.01,0.2303,81.66,0.2638,1000.0,0.0,4.199,81.9,99,0,60.0,2026-04-30T21:31:32.473019,4.214
2026-04-30T21:30:32.543936,79.01,0.2304,81.66,0.2617,1000.0,0.0,4.199,81.9,99,0,60.0,2026-04-30T21:31:32.543733,4.214
2026-04-30T21:30:32.638071,79.01,0.2304,81.67,0.2611,1000.0,0.0,4.199,81.9,99,0,60.0,2026-04-30T21:31:32.637826,4.214
2026-04-30T21:30:33.525495,79.04,0.2295,81.7,0.2607,1000.0,0.0,4.199,81.8,99,0,60.0,2026-04-30T21:31:33.525297,4.214
2026-04-30T21:30:33.599748,79.04,0.2304,81.7,0.2598,1000.0,0.0,4.199,81.8,99,0,60.0,2026-04-30T21:31:33.599529,4.214
2026-04-30T21:30:33.684467,79.04,0.2304,81.7,0.26,1000.0,0.0,4.199,81.8,99,0,60.0,2026-04-30T21:31:33.684219,4.214
2026-04-30T21:30:34.580083,79.1,0.2244,81.74,0.2586,1000.0,0.0,4.199,81.8,99,0,60.0,2026-04-30T21:31:34.579793,4.214
2026-04-30T21:30:34.648808,79.1,0.2461,81.74,0.2661,1000.0,0.0,4.199,81.8,99,0,60.0,2026-04-30T21:31:34.648619,4.214
2026-04-30T21:30:34.731758,79.1,0.2461,81.75,0.2696,1000.0,0.0,4.199,81.8,99,0,60.0,2026-04-30T21:31:34.731535,4.214
2026-04-30T21:30:35.637219,79.14,0.2461,81.78,0.2736,1000.0,0.0,4.199,81.8,99,0,60.0,2026-04-30T21:31:35.637032,4.214
2026-04-30T21:30:35.734062,79.14,0.2461,81.79,0.2746,1000.0,0.0,4.199,81.8,99,0,60.0,2026-04-30T21:31:35.733831,4.214
2026-04-30T21:30:36.670176,79.14,0.2461,81.82,0.2756,1000.0,0.0,4.199,81.8,99,0,60.0,2026-04-30T21:31:36.669886,4.214
2026-04-30T21:30:36.852530,79.18,0.2303,81.83,0.2682,1000.0,0.0,4.199,81.8,99,0,60.0,2026-04-30T21:31:36.851915,4.214
2026-04-30T21:30:37.098604,79.18,0.2303,81.83,0.2647,1000.0,0.0,4.199,81.8,99,0,60.0,2026-04-30T21:31:37.080615,4.214
2026-04-30T21:30:37.699561,79.22,0.2303,81.86,0.2625,1000.0,0.0,4.199,81.8,99,0,60.0,2026-04-30T21:31:37.699378,4.214
2026-04-30T21:30:37.774449,79.22,0.2396,81.86,0.2639,1000.0,0.0,4.199,81.8,99,0,60.0,2026-04-30T21:31:37.774258,4.214
2026-04-30T21:30:37.846697,79.22,0.2396,81.87,0.2659,1000.0,0.0,4.199,81.8,99,0,60.0,2026-04-30T21:31:37.846480,4.214
2026-04-30T21:30:38.759837,79.26,0.2396,81.9,0.2681,1000.0,0.0,4.199,81.8,99,0,60.0,2026-04-30T21:31:38.759655,4.214
2026-04-30T21:30:38.853755,79.26,0.2396,81.91,0.2688,1000.0,0.0,4.199,81.8,99,0,60.0,2026-04-30T21:31:38.853509,4.214
2026-04-30T21:30:39.010937,79.26,0.2396,81.91,0.2691,1000.0,0.0,4.199,81.8,99,0,60.0,2026-04-30T21:31:39.010524,4.214
2026-04-30T21:30:39.834354,79.32,0.2245,81.95,0.2654,1000.0,0.0,4.199,81.8,99,0,60.0,2026-04-30T21:31:39.834107,4.214
2026-04-30T21:30:39.939423,79.32,0.2438,81.96,0.2691,1000.0,0.0,4.199,81.8,99,0,60.0,2026-04-30T21:31:39.939077,4.214
2026-04-30T21:30:40.049596,79.32,0.2438,81.97,0.2709,1000.0,0.0,4.199,81.8,99,0,60.0,2026-04-30T21:31:40.049078,4.214
2026-04-30T21:30:40.876909,79.37,0.2438,82.01,0.2688,1000.0,0.0,4.199,81.7,99,0,60.0,2026-04-30T21:31:40.876717,4.214
2026-04-30T21:30:40.983123,79.37,0.2438,82.02,0.2709,1000.0,0.0,4.199,81.7,99,0,60.0,2026-04-30T21:31:40.958298,4.214
2026-04-30T21:30:41.882445,79.37,0.2438,82.05,0.2727,1000.0,0.0,4.199,81.7,99,0,60.0,2026-04-30T21:31:41.882260,4.214
2026-04-30T21:30:41.959258,79.41,0.2303,82.06,0.2675,1000.0,0.0,4.199,81.7,99,0,60.0,2026-04-30T21:31:41.959133,4.214
2026-04-30T21:30:42.026834,79.41,0.2303,82.06,0.2647,1000.0,0.0,4.199,81.7,99,0,60.0,2026-04-30T21:31:42.026641,4.214
2026-04-30T21:30:42.939832,79.47,0.2303,82.1,0.2628,1000.0,0.0,4.199,81.7,99,0,60.0,2026-04-30T21:31:42.939644,4.214
2026-04-30T21:30:43.138836,79.47,0.2412,82.12,0.2651,1000.0,0.0,4.199,81.7,99,0,60.0,2026-04-30T21:31:43.138615,4.214
2026-04-30T21:30:43.237625,79.47,0.2412,82.12,0.2676,1000.0,0.0,4.199,81.7,99,0,60.0,2026-04-30T21:31:43.237201,4.214
2026-04-30T21:30:44.000074,79.52,0.2295,82.16,0.268,1000.0,0.0,4.199,81.7,99,0,60.0,2026-04-30T21:31:43.999848,4.214
2026-04-30T21:30:44.104192,79.52,0.2412,82.17,0.2694,1000.0,0.0,4.199,81.7,99,0,60.0,2026-04-30T21:31:44.103860,4.214
2026-04-30T21:30:44.204322,79.52,0.2412,82.17,0.2702,1000.0,0.0,4.199,81.7,99,0,60.0,2026-04-30T21:31:44.203797,4.214
2026-04-30T21:30:45.216415,79.57,0.2396,82.21,0.2706,1000.0,0.0,4.199,81.7,99,0,60.0,2026-04-30T21:31:45.215978,4.214
2026-04-30T21:30:45.352429,79.57,0.2498,82.21,0.2751,1000.0,0.0,4.199,81.7,99,0,60.0,2026-04-30T21:31:45.351871,4.214
2026-04-30T21:30:45.471047,79.57,0.2498,82.21,0.2771,1000.0,0.0,4.199,81.7,99,0,60.0,2026-04-30T21:31:45.470493,4.214
2026-04-30T21:30:46.135366,79.61,0.2498,82.24,0.2788,1000.0,0.0,4.199,81.7,99,0,60.0,2026-04-30T21:31:46.135111,4.214
2026-04-30T21:30:46.237428,79.61,0.2498,82.25,0.2793,1000.0,0.0,4.199,81.7,99,0,60.0,2026-04-30T21:31:46.237187,4.214
2026-04-30T21:30:47.131037,79.61,0.2498,82.28,0.2799,1000.0,0.0,4.199,81.7,98,0,60.0,2026-04-30T21:31:47.130566,4.214
2026-04-30T21:30:47.270743,79.66,0.2379,82.29,0.2718,1000.0,0.0,4.199,81.6,98,0,60.0,2026-04-30T21:31:47.270212,4.214
2026-04-30T21:30:47.414356,79.66,0.2379,82.3,0.2703,1000.0,0.0,4.199,81.6,98,0,60.0,2026-04-30T21:31:47.413960,4.214
2026-04-30T21:30:48.174627,79.71,0.2379,82.33,0.2695,1000.0,0.0,4.199,81.6,98,0,60.0,2026-04-30T21:31:48.174399,4.214
2026-04-30T21:30:48.249104,79.71,0.2405,82.34,0.2683,1000.0,0.0,4.199,81.6,98,0,60.0,2026-04-30T21:31:48.248908,4.214
2026-04-30T21:30:48.322919,79.71,0.2405,82.35,0.2692,1000.0,0.0,4.199,81.6,98,0,60.0,2026-04-30T21:31:48.322713,4.214
2026-04-30T21:30:49.266724,79.75,0.2405,82.38,0.2702,1000.0,0.0,4.199,81.6,98,0,60.0,2026-04-30T21:31:49.266449,4.214
2026-04-30T21:30:49.477918,79.75,0.2405,82.39,0.2705,1000.0,0.0,4.199,81.6,98,0,60.0,2026-04-30T21:31:49.477563,4.214
2026-04-30T21:30:49.671842,79.75,0.2405,82.4,0.2706,1000.0,0.0,4.199,81.6,98,0,60.0,2026-04-30T21:31:49.671464,4.214
2026-04-30T21:30:50.283065,79.79,0.238,82.42,0.2703,1000.0,0.0,4.199,81.6,98,0,60.0,2026-04-30T21:31:50.282840,4.214
2026-04-30T21:30:50.380446,79.79,0.2412,82.43,0.2708,1000.0,0.0,4.199,81.6,98,0,60.0,2026-04-30T21:31:50.380072,4.214
2026-04-30T21:30:50.486006,79.79,0.2412,82.43,0.2711,1000.0,0.0,4.199,81.6,98,0,60.0,2026-04-30T21:31:50.485484,4.214
2026-04-30T21:30:51.391137,79.83,0.2412,82.47,0.2692,1000.0,0.0,4.199,81.6,98,0,60.0,2026-04-30T21:31:51.390688,4.214
2026-04-30T21:30:51.537655,79.83,0.2412,82.47,0.2702,1000.0,0.0,4.199,81.6,98,0,60.0,2026-04-30T21:31:51.533892,4.214
2026-04-30T21:30:52.352361,79.83,0.2412,82.5,0.2711,1000.0,0.0,4.199,81.6,98,0,60.0,2026-04-30T21:31:52.352173,4.214
2026-04-30T21:30:52.424967,79.88,0.2565,82.51,0.2713,1000.0,0.0,4.199,81.6,98,0,60.0,2026-04-30T21:31:52.424790,4.214
2026-04-30T21:30:52.502556,79.88,0.2565,82.52,0.2774,1000.0,0.0,4.199,81.6,98,0,60.0,2026-04-30T21:31:52.502351,4.214
2026-04-30T21:30:53.408763,79.92,0.2565,82.55,0.2825,1000.0,0.0,4.199,81.6,98,0,60.0,2026-04-30T21:31:53.408574,4.214
2026-04-30T21:30:53.488221,79.92,0.2565,82.56,0.2848,1000.0,0.0,4.199,81.6,98,0,60.0,2026-04-30T21:31:53.488022,4.214
2026-04-30T21:30:53.592195,79.92,0.2565,82.56,0.2857,1000.0,0.0,4.199,81.6,98,0,60.0,2026-04-30T21:31:53.591948,4.214
2026-04-30T21:30:54.465676,79.98,0.2362,82.6,0.2835,1000.0,0.0,4.199,81.5,98,0,60.0,2026-04-30T21:31:54.465443,4.214
2026-04-30T21:30:54.537702,79.98,0.2464,82.62,0.2795,1000.0,0.0,4.199,81.5,98,0,60.0,2026-04-30T21:31:54.537509,4.214
2026-04-30T21:30:54.622288,79.98,0.2464,82.62,0.2786,1000.0,0.0,4.199,81.5,98,0,60.0,2026-04-30T21:31:54.622059,4.214
2026-04-30T21:30:55.539310,80.03,0.2362,82.66,0.275,1000.0,0.0,4.199,81.5,98,0,60.0,2026-04-30T21:31:55.538873,4.214
2026-04-30T21:30:55.676526,80.03,0.2464,82.67,0.2759,1000.0,0.0,4.199,81.5,98,0,60.0,2026-04-30T21:31:55.676175,4.214
2026-04-30T21:30:55.814706,80.03,0.2464,82.67,0.2763,1000.0,0.0,4.199,81.5,98,0,60.0,2026-04-30T21:31:55.814310,4.214
2026-04-30T21:30:56.577675,80.07,0.2362,82.7,0.2732,1000.0,0.0,4.199,81.5,98,0,60.0,2026-04-30T21:31:56.577466,4.214
2026-04-30T21:30:56.663306,80.07,0.2362,82.71,0.2706,1000.0,0.0,4.199,81.5,98,0,60.0,2026-04-30T21:31:56.663051,4.214
2026-04-30T21:30:57.586436,80.07,0.2362,82.74,0.2692,1000.0,0.0,4.199,81.5,99,0,60.0,2026-04-30T21:31:57.586250,4.214
2026-04-30T21:30:57.658092,80.12,0.248,82.75,0.2699,1000.0,0.0,4.199,81.5,99,0,60.0,2026-04-30T21:31:57.657903,4.214
2026-04-30T21:30:57.730467,80.12,0.248,82.76,0.2733,1000.0,0.0,4.199,81.5,99,0,60.0,2026-04-30T21:31:57.730245,4.214
2026-04-30T21:30:58.641077,80.17,0.248,82.79,0.2763,1000.0,0.0,4.199,81.5,99,0,60.0,2026-04-30T21:31:58.640866,4.214
2026-04-30T21:30:58.712117,80.17,0.248,82.8,0.2747,1000.0,0.0,4.199,81.5,99,0,60.0,2026-04-30T21:31:58.711929,4.214
2026-04-30T21:30:58.786877,80.17,0.248,82.81,0.2762,1000.0,0.0,4.199,81.5,99,0,60.0,2026-04-30T21:31:58.786691,4.214
2026-04-30T21:30:59.701464,80.23,0.2346,82.85,0.2756,1000.0,0.0,4.199,81.4,98,0,60.0,2026-04-30T21:31:59.701270,4.214
2026-04-30T21:30:59.792311,80.23,0.2489,82.86,0.2761,1000.0,0.0,4.199,81.4,98,0,60.0,2026-04-30T21:31:59.792058,4.214
2026-04-30T21:30:59.891869,80.23,0.2489,82.87,0.2774,1000.0,0.0,4.199,81.4,98,0,60.0,2026-04-30T21:31:59.891554,4.214
2026-04-30T21:31:00.755324,80.27,0.2489,82.9,0.2789,1000.0,0.0,4.199,81.4,98,0,60.0,2026-04-30T21:32:00.755133,4.214
2026-04-30T21:31:00.831645,80.27,0.2489,82.91,0.2792,1000.0,0.0,4.199,81.4,98,0,60.0,2026-04-30T21:32:00.831449,4.214
2026-04-30T21:31:00.935645,80.27,0.2489,82.91,0.2794,1000.0,0.0,4.199,81.4,98,0,60.0,2026-04-30T21:32:00.935185,4.214
2026-04-30T21:31:01.820375,80.31,0.243,82.95,0.2769,1000.0,0.0,4.199,81.4,98,0,60.0,2026-04-30T21:32:01.820128,4.214
2026-04-30T21:31:01.917740,80.31,0.243,82.95,0.2756,1000.0,0.0,4.199,81.4,98,0,60.0,2026-04-30T21:32:01.917497,4.214
2026-04-30T21:31:02.820646,80.31,0.243,82.98,0.2751,1000.0,0.0,4.199,81.4,98,0,60.0,2026-04-30T21:32:02.820472,4.214
2026-04-30T21:31:02.884692,80.35,0.2531,82.99,0.2755,1000.0,0.0,4.199,81.4,98,0,60.0,2026-04-30T21:32:02.884528,4.214
2026-04-30T21:31:03.021888,80.35,0.2531,82.99,0.2787,1000.0,0.0,4.199,81.4,98,0,60.0,2026-04-30T21:32:02.997057,4.214
2026-04-30T21:31:03.877518,80.41,0.2531,83.03,0.2818,1000.0,0.0,4.199,81.4,98,0,60.0,2026-04-30T21:32:03.877311,4.214
2026-04-30T21:31:03.947830,80.41,0.2531,83.04,0.2829,1000.0,0.0,4.199,81.4,98,0,60.0,2026-04-30T21:32:03.947639,4.214
2026-04-30T21:31:04.017940,80.41,0.2531,83.05,0.2833,1000.0,0.0,4.199,81.4,98,0,60.0,2026-04-30T21:32:04.017726,4.214
2026-04-30T21:31:04.936241,80.44,0.2489,83.08,0.2832,1000.0,0.0,4.199,81.4,98,0,60.0,2026-04-30T21:32:04.936050,4.214
2026-04-30T21:31:05.336192,80.44,0.2515,83.09,0.2826,1000.0,0.0,4.199,81.4,98,0,60.0,2026-04-30T21:32:05.335470,4.214
2026-04-30T21:31:05.611669,80.44,0.2515,83.1,0.2826,1000.0,0.0,4.199,81.4,98,0,60.0,2026-04-30T21:32:05.609939,4.214
2026-04-30T21:31:06.029895,80.5,0.2388,83.12,0.2808,1000.0,0.0,4.199,81.4,98,0,60.0,2026-04-30T21:32:06.029458,4.214
2026-04-30T21:31:06.249093,80.5,0.2515,83.13,0.2816,1000.0,0.0,4.199,81.4,98,0,60.0,2026-04-30T21:32:06.248501,4.214
2026-04-30T21:31:06.500235,80.5,0.2515,83.14,0.2821,1000.0,0.0,4.199,81.4,98,0,60.0,2026-04-30T21:32:06.499835,4.214
2026-04-30T21:31:07.286584,80.54,0.2506,83.17,0.2792,1000.0,0.0,4.199,81.3,98,0,60.0,2026-04-30T21:32:07.239562,4.214
2026-04-30T21:31:07.387561,80.54,0.2506,83.18,0.2804,1000.0,0.0,4.199,81.3,98,0,60.0,2026-04-30T21:32:07.387209,4.214
2026-04-30T21:31:08.054322,80.54,0.2506,83.2,0.2812,1000.0,0.0,4.199,81.3,98,0,60.0,2026-04-30T21:32:08.054130,4.214
2026-04-30T21:31:08.126069,80.59,0.2506,83.22,0.2814,1000.0,0.0,4.199,81.3,98,0,60.0,2026-04-30T21:32:08.125747,4.214
2026-04-30T21:31:08.198345,80.59,0.2506,83.22,0.2815,1000.0,0.0,4.199,81.3,98,0,60.0,2026-04-30T21:32:08.198151,4.214
2026-04-30T21:31:09.124774,80.62,0.2506,83.26,0.2819,1000.0,0.0,4.199,81.3,98,0,60.0,2026-04-30T21:32:09.124482,4.214
2026-04-30T21:31:09.230431,80.62,0.2506,83.26,0.2809,1000.0,0.0,4.199,81.3,98,0,60.0,2026-04-30T21:32:09.230054,4.214
2026-04-30T21:31:09.336662,80.62,0.2506,83.26,0.2813,1000.0,0.0,4.199,81.3,98,0,60.0,2026-04-30T21:32:09.336250,4.214
2026-04-30T21:31:10.181409,80.66,0.2422,83.28,0.2804,1000.0,0.0,4.199,81.3,98,0,60.0,2026-04-30T21:32:10.181111,4.215
2026-04-30T21:31:10.294527,80.66,0.2556,83.29,0.2821,1000.0,0.0,4.199,81.3,98,0,60.0,2026-04-30T21:32:10.294222,4.215
2026-04-30T21:31:10.413662,80.66,0.2556,83.29,0.2839,1000.0,0.0,4.199,81.3,98,0,60.0,2026-04-30T21:32:10.413292,4.215
2026-04-30T21:31:11.283645,80.69,0.2556,83.32,0.2856,1000.0,0.0,4.199,81.3,98,0,60.0,2026-04-30T21:32:11.283341,4.215
2026-04-30T21:31:11.415949,80.69,0.2556,83.33,0.2861,1000.0,0.0,4.199,81.3,98,0,60.0,2026-04-30T21:32:11.415677,4.215
2026-04-30T21:31:11.584290,80.69,0.2556,83.33,0.2865,1000.0,0.0,4.199,81.3,98,0,60.0,2026-04-30T21:32:11.583524,4.215
2026-04-30T21:31:12.283639,80.71,0.243,83.35,0.2801,1000.0,0.0,4.199,81.3,98,0,60.0,2026-04-30T21:32:12.283440,4.215
2026-04-30T21:31:12.355693,80.71,0.243,83.35,0.2777,1000.0,0.0,4.199,81.3,98,0,60.0,2026-04-30T21:32:12.355522,4.215
2026-04-30T21:31:13.308308,80.71,0.243,83.38,0.2764,1000.0,0.0,4.199,81.3,98,0,60.0,2026-04-30T21:32:13.308033,4.215
2026-04-30T21:31:13.421292,80.75,0.2523,83.38,0.2762,1000.0,0.0,4.199,81.3,98,0,60.0,2026-04-30T21:32:13.420989,4.215
2026-04-30T21:31:13.581928,80.75,0.2523,83.39,0.2792,1000.0,0.0,4.199,81.3,98,0,60.0,2026-04-30T21:32:13.581614,4.215
2026-04-30T21:31:14.347704,80.78,0.2523,83.41,0.2817,1000.0,0.0,4.199,81.3,98,0,60.0,2026-04-30T21:32:14.347501,4.215
2026-04-30T21:31:14.411238,80.78,0.2523,83.41,0.2825,1000.0,0.0,4.199,81.3,98,0,60.0,2026-04-30T21:32:14.411021,4.215
2026-04-30T21:31:14.477286,80.78,0.2523,83.42,0.2829,1000.0,0.0,4.199,81.3,98,0,60.0,2026-04-30T21:32:14.477021,4.215
2026-04-30T21:31:15.435061,80.8,0.2353,83.44,0.2807,1000.0,0.0,4.199,81.3,98,0,60.0,2026-04-30T21:32:15.434442,4.215
2026-04-30T21:31:15.602440,80.8,0.2548,83.44,0.2816,1000.0,0.0,4.199,81.3,98,0,60.0,2026-04-30T21:32:15.602022,4.215
2026-04-30T21:31:15.721811,80.8,0.2548,83.44,0.2834,1000.0,0.0,4.199,81.3,98,0,60.0,2026-04-30T21:32:15.721442,4.215
2026-04-30T21:31:16.460717,80.83,0.2455,83.47,0.2812,1000.0,0.0,4.199,81.2,98,0,60.0,2026-04-30T21:32:16.460463,4.215
2026-04-30T21:31:16.529167,80.83,0.2548,83.47,0.2832,1000.0,0.0,4.199,81.2,98,0,60.0,2026-04-30T21:32:16.528991,4.215
2026-04-30T21:31:16.599506,80.83,0.2548,83.47,0.2842,1000.0,0.0,4.199,81.2,98,0,60.0,2026-04-30T21:32:16.599310,4.215
2026-04-30T21:31:17.543333,80.85,0.248,83.49,0.2823,1000.0,0.0,4.199,81.2,98,0,60.0,2026-04-30T21:32:17.543094,4.215
2026-04-30T21:31:17.644719,80.85,0.248,83.49,0.281,1000.0,0.0,4.199,81.2,98,0,60.0,2026-04-30T21:32:17.644436,4.215
2026-04-30T21:31:18.704670,80.85,0.248,83.52,0.2804,1000.0,0.0,4.199,81.2,98,0,60.0,2026-04-30T21:32:18.704369,4.215
2026-04-30T21:31:19.381905,80.89,0.248,83.54,0.2798,1000.0,0.0,4.199,81.2,98,0,60.0,2026-04-30T21:32:19.358043,4.215
2026-04-30T21:31:19.938962,80.89,0.248,83.55,0.2796,1000.0,0.0,4.199,81.2,98,0,60.0,2026-04-30T21:32:19.938058,4.215
2026-04-30T21:31:20.142590,80.94,0.248,83.55,0.2794,1000.0,0.0,4.199,81.2,98,0,60.0,2026-04-30T21:32:20.142249,4.215
2026-04-30T21:31:21.500356,80.94,0.243,83.56,0.2769,1000.0,0.0,4.199,81.2,98,0,60.0,2026-04-30T21:32:21.457359,4.215
2026-04-30T21:31:21.948623,80.94,0.243,83.59,0.2753,1000.0,0.0,4.199,81.2,98,0,60.0,2026-04-30T21:32:21.931693,4.215
2026-04-30T21:31:22.332579,80.98,0.2421,83.6,0.2747,1000.0,0.0,4.199,81.2,98,0,60.0,2026-04-30T21:32:22.330274,4.215
2026-04-30T21:31:22.545159,80.98,0.2607,83.61,0.2818,1000.0,0.0,4.199,81.2,98,0,60.0,2026-04-30T21:32:22.544853,4.215
2026-04-30T21:31:22.739764,80.98,0.2607,83.61,0.2862,1000.0,0.0,4.199,81.2,98,0,60.0,2026-04-30T21:32:22.731341,4.215
2026-04-30T21:31:23.864435,81.01,0.2607,83.62,0.2886,1000.0,0.0,4.199,81.2,98,0,60.0,2026-04-30T21:32:23.863901,4.215
2026-04-30T21:31:24.311473,81.01,0.2607,83.66,0.2912,1000.0,0.0,4.199,81.2,98,0,60.0,2026-04-30T21:32:24.311108,4.215
2026-04-30T21:31:24.576941,81.01,0.2607,83.66,0.2917,1000.0,0.0,4.199,81.2,98,0,60.0,2026-04-30T21:32:24.576735,4.215
2026-04-30T21:31:24.647778,81.04,0.2498,83.66,0.2867,1000.0,0.0,4.199,81.2,98,0,60.0,2026-04-30T21:32:24.647623,4.215
2026-04-30T21:31:24.715145,81.04,0.2498,83.67,0.2848,1000.0,0.0,4.199,81.2,98,0,60.0,2026-04-30T21:32:24.715027,4.215
2026-04-30T21:31:24.785841,81.04,0.2498,83.67,0.2837,1000.0,0.0,4.199,81.2,98,0,60.0,2026-04-30T21:32:24.785694,4.215
2026-04-30T21:31:24.903203,81.09,0.2498,83.68,0.2819,1000.0,0.0,4.199,81.2,98,0,60.0,2026-04-30T21:32:24.902820,4.215
2026-04-30T21:31:25.003812,81.09,0.2498,83.7,0.2817,1000.0,0.0,4.199,81.2,98,0,60.0,2026-04-30T21:32:25.003608,4.215
2026-04-30T21:31:25.092241,81.12,0.2498,83.71,0.2815,1000.0,0.0,4.199,81.1,98,0,60.0,2026-04-30T21:32:25.092105,4.215
2026-04-30T21:31:25.161039,81.12,0.2438,83.72,0.2797,1000.0,0.0,4.199,81.1,98,0,60.0,2026-04-30T21:32:25.160888,4.215
2026-04-30T21:31:25.226382,81.12,0.2438,83.73,0.2785,1000.0,0.0,4.199,81.1,98,0,60.0,2026-04-30T21:32:25.226260,4.215
2026-04-30T21:31:25.910583,81.16,0.2394,83.77,0.2766,1000.0,0.0,4.199,81.1,98,0,60.0,2026-04-30T21:32:25.906404,4.215
2026-04-30T21:31:26.108324,81.16,0.2565,83.78,0.2803,1000.0,0.0,4.199,81.1,98,0,60.0,2026-04-30T21:32:26.083823,4.215
2026-04-30T21:31:26.268470,81.16,0.2565,83.79,0.2835,1000.0,0.0,4.199,81.1,97,0,60.0,2026-04-30T21:32:26.268084,4.215
2026-04-30T21:31:28.042672,81.2,0.2413,83.83,0.2814,1000.0,0.0,4.199,81.1,97,0,60.0,2026-04-30T21:32:28.031937,4.215
2026-04-30T21:31:28.389727,81.2,0.2565,83.85,0.2861,1000.0,0.0,4.199,81.1,98,0,60.0,2026-04-30T21:32:28.389198,4.215
2026-04-30T21:31:28.833783,81.2,0.2565,83.85,0.2872,1000.0,0.0,4.199,81.1,98,0,60.0,2026-04-30T21:32:28.833273,4.215
2026-04-30T21:31:29.282563,81.23,0.2413,83.86,0.2827,1000.0,0.0,4.199,81.1,98,0,60.0,2026-04-30T21:32:29.266628,4.215
2026-04-30T21:31:30.926971,81.23,0.2413,83.88,0.2773,1000.0,0.0,4.199,81.1,98,0,60.0,2026-04-30T21:32:30.923521,4.215
2026-04-30T21:31:31.630689,81.23,0.2413,83.9,0.2742,1000.0,0.0,4.199,81.1,98,0,60.0,2026-04-30T21:32:31.582821,4.215
2026-04-30T21:31:31.853008,81.28,0.2515,83.91,0.2755,1000.0,0.0,4.199,81.1,99,0,60.0,2026-04-30T21:32:31.852639,4.215
2026-04-30T21:31:32.090091,81.28,0.2515,83.92,0.279,1000.0,0.0,4.199,81.1,99,0,60.0,2026-04-30T21:32:32.089826,4.215
2026-04-30T21:31:32.632554,81.32,0.2515,83.93,0.2808,1000.0,0.0,4.199,81.1,99,0,60.0,2026-04-30T21:32:32.632118,4.215
2026-04-30T21:31:32.894761,81.32,0.2515,83.95,0.2798,1000.0,0.0,4.199,81.1,99,0,60.0,2026-04-30T21:32:32.894475,4.215
2026-04-30T21:31:33.313951,81.32,0.2515,83.96,0.2814,1000.0,0.0,4.199,81.1,99,0,60.0,2026-04-30T21:32:33.297819,4.215
2026-04-30T21:31:33.629563,81.37,0.2396,83.98,0.2809,1000.0,0.0,4.199,81.1,99,0,60.0,2026-04-30T21:32:33.629002,4.215
2026-04-30T21:31:34.308553,81.37,0.2533,84.0,0.2817,1000.0,0.0,4.199,81.1,99,0,60.0,2026-04-30T21:32:34.308140,4.215
2026-04-30T21:31:34.925862,81.37,0.2533,84.02,0.2838,1000.0,0.0,4.199,81.1,99,0,60.0,2026-04-30T21:32:34.925438,4.215
2026-04-30T21:31:37.323067,81.42,0.2533,84.06,0.2849,1000.0,0.0,4.199,81.1,99,0,60.0,2026-04-30T21:32:37.248446,4.215
2026-04-30T21:31:39.003401,81.42,0.2533,84.09,0.2853,1000.0,0.0,4.199,81.1,99,0,60.0,2026-04-30T21:32:38.999317,4.216
2026-04-30T21:31:39.253124,81.42,0.2533,84.07,0.2852,1000.0,0.0,4.199,81.1,99,0,60.0,2026-04-30T21:32:39.252622,4.215
2026-04-30T21:31:39.902431,81.48,0.2489,84.09,0.2825,1000.0,0.0,4.199,81.0,99,0,60.0,2026-04-30T21:32:39.902042,4.215
2026-04-30T21:31:40.412286,81.48,0.2489,84.12,0.2814,1000.0,0.0,4.199,81.0,99,0,60.0,2026-04-30T21:32:40.411690,4.215
2026-04-30T21:31:40.816397,81.48,0.2489,84.12,0.281,1000.0,0.0,4.199,81.0,99,0,60.0,2026-04-30T21:32:40.809717,4.215
2026-04-30T21:31:41.822304,81.52,0.2557,84.16,0.2803,1000.0,0.0,4.199,81.0,99,0,60.0,2026-04-30T21:32:41.820880,4.215
2026-04-30T21:31:42.523440,81.52,0.2557,84.17,0.2851,1000.0,0.0,4.199,81.0,99,0,60.0,2026-04-30T21:32:42.493540,4.215
2026-04-30T21:31:43.169005,81.56,0.2557,84.18,0.2867,1000.0,0.0,4.199,81.0,99,0,60.0,2026-04-30T21:32:43.168681,4.215
2026-04-30T21:31:43.665032,81.56,0.2557,84.2,0.2872,1000.0,0.0,4.199,81.0,99,0,60.0,2026-04-30T21:32:43.664631,4.215
2026-04-30T21:31:44.759225,81.56,0.2557,84.22,0.2875,1000.0,0.0,4.199,81.0,99,0,60.0,2026-04-30T21:32:44.678923,4.215
2026-04-30T21:31:45.097327,81.61,0.2506,84.23,0.2869,1000.0,0.0,4.199,81.0,99,0,60.0,2026-04-30T21:32:45.097035,4.215
2026-04-30T21:31:45.738282,81.61,0.2573,84.24,0.2875,1000.0,0.0,4.199,81.0,99,0,60.0,2026-04-30T21:32:45.737367,4.215
2026-04-30T21:31:51.292590,81.61,0.2573,84.26,0.2888,1000.0,0.0,4.199,81.0,99,0,60.0,2026-04-30T21:32:51.225020,4.215
2026-04-30T21:31:54.598584,81.67,0.2514,84.32,0.2866,1000.0,0.0,4.199,81.0,99,0,60.0,2026-04-30T21:32:54.591747,4.216
2026-04-30T21:31:55.103651,81.67,0.2573,84.32,0.2887,1000.0,0.0,4.199,81.0,99,0,60.0,2026-04-30T21:32:55.099651,4.216
2026-04-30T21:31:55.504094,81.67,0.2573,84.33,0.2891,1000.0,0.0,4.199,81.0,99,0,60.0,2026-04-30T21:32:55.503545,4.215
2026-04-30T21:32:04.727489,81.71,0.2515,84.35,0.2867,1000.0,0.0,4.199,81.0,99,0,60.0,2026-04-30T21:33:04.570931,4.215
2026-04-30T21:32:06.105455,81.71,0.2515,84.38,0.284,1000.0,0.0,4.199,81.0,99,0,60.0,2026-04-30T21:33:06.098391,4.216
2026-04-30T21:32:07.175896,81.71,0.2515,84.36,0.2838,1000.0,0.0,4.199,81.0,99,0,60.0,2026-04-30T21:33:07.175431,4.216
2026-04-30T21:32:08.907154,81.77,0.2557,84.42,0.2857,1000.0,0.0,4.199,80.9,99,0,60.0,2026-04-30T21:33:08.882071,4.216
2026-04-30T21:32:10.224003,81.77,0.2557,84.42,0.2871,1000.0,0.0,4.199,80.9,99,0,60.0,2026-04-30T21:33:10.223517,4.216
2026-04-30T21:32:11.913087,81.82,0.2557,84.44,0.2878,1000.0,0.0,4.199,80.9,99,0,60.0,2026-04-30T21:33:11.901723,4.216
2026-04-30T21:32:12.206026,81.82,0.2557,84.45,0.2867,1000.0,0.0,4.199,80.9,99,0,60.0,2026-04-30T21:33:12.205739,4.215
2026-04-30T21:32:12.639051,81.82,0.2557,84.46,0.2872,1000.0,0.0,4.199,80.9,99,0,60.0,2026-04-30T21:33:12.638781,4.215
2026-04-30T21:32:13.031738,81.88,0.2506,84.47,0.2869,1000.0,0.0,4.199,80.9,99,0,60.0,2026-04-30T21:33:13.025608,4.215
2026-04-30T21:32:13.452276,81.88,0.2525,84.5,0.2855,1000.0,0.0,4.199,80.9,99,0,60.0,2026-04-30T21:33:13.451773,4.215
2026-04-30T21:32:13.666802,81.88,0.2525,84.5,0.2851,1000.0,0.0,4.199,80.9,99,0,60.0,2026-04-30T21:33:13.666533,4.215
2026-04-30T21:32:13.866755,81.91,0.2525,84.51,0.2848,1000.0,0.0,4.199,80.9,99,0,60.0,2026-04-30T21:33:13.866356,4.215
2026-04-30T21:32:14.165252,81.91,0.2601,84.53,0.2879,1000.0,0.0,4.199,80.9,99,0,60.0,2026-04-30T21:33:14.164928,4.215
2026-04-30T21:32:14.373077,81.91,0.2601,84.53,0.2899,1000.0,0.0,4.199,80.9,99,0,60.0,2026-04-30T21:33:14.372601,4.215
2026-04-30T21:32:14.900815,81.97,0.2601,84.57,0.2884,1000.0,0.0,4.199,80.9,99,0,60.0,2026-04-30T21:33:14.900256,4.215
2026-04-30T21:32:16.464087,81.97,0.2601,84.61,0.2912,1000.0,0.0,4.199,80.9,99,0,60.0,2026-04-30T21:33:16.445805,4.215
2026-04-30T21:32:17.309745,81.97,0.2601,84.62,0.2921,1000.0,0.0,4.199,80.9,99,0,60.0,2026-04-30T21:33:17.285628,4.215
2026-04-30T21:32:17.932226,82.02,0.2538,84.64,0.2865,1000.0,0.0,4.199,80.8,99,0,60.0,2026-04-30T21:33:17.873794,4.215
2026-04-30T21:32:19.002576,82.02,0.2538,84.67,0.2864,1000.0,0.0,4.199,80.8,99,0,60.0,2026-04-30T21:33:18.988139,4.215
2026-04-30T21:32:20.139016,82.07,0.2538,84.67,0.2861,1000.0,0.0,4.199,80.8,99,0,60.0,2026-04-30T21:33:20.138774,4.215
2026-04-30T21:32:20.552294,82.07,0.2538,84.7,0.2863,1000.0,0.0,4.199,80.8,99,0,60.0,2026-04-30T21:33:20.546466,4.215
2026-04-30T21:32:21.017660,82.07,0.2538,84.71,0.2862,1000.0,0.0,4.199,80.8,99,0,60.0,2026-04-30T21:33:21.007723,4.215
2026-04-30T21:32:21.476141,82.11,0.2412,84.72,0.2845,1000.0,0.0,4.199,80.8,98,0,60.0,2026-04-30T21:33:21.441274,4.215
2026-04-30T21:32:23.706481,82.11,0.2447,84.74,0.2803,1000.0,0.0,4.199,80.8,98,0,60.0,2026-04-30T21:33:23.700063,4.215
2026-04-30T21:32:24.478977,82.11,0.2447,84.76,0.2778,1000.0,0.0,4.199,80.8,98,0,60.0,2026-04-30T21:33:24.446503,4.216
2026-04-30T21:32:24.998248,82.17,0.2447,84.78,0.2769,1000.0,0.0,4.199,80.8,98,0,60.0,2026-04-30T21:33:24.997923,4.215
2026-04-30T21:32:25.673003,82.17,0.2669,84.81,0.2905,1000.0,0.0,4.199,80.8,98,0,60.0,2026-04-30T21:33:25.664993,4.215
2026-04-30T21:32:26.035967,82.17,0.2669,84.81,0.2953,1000.0,0.0,4.199,80.8,99,0,60.0,2026-04-30T21:33:26.014963,4.215
2026-04-30T21:32:26.521360,82.22,0.2669,84.83,0.2975,1000.0,0.0,4.199,80.8,99,0,60.0,2026-04-30T21:33:26.489206,4.215
2026-04-30T21:32:26.905674,82.22,0.2669,84.85,0.2985,1000.0,0.0,4.199,80.8,99,0,60.0,2026-04-30T21:33:26.892326,4.215
2026-04-30T21:32:27.747868,82.22,0.2669,84.87,0.2991,1000.0,0.0,4.199,80.8,99,0,60.0,2026-04-30T21:33:27.715570,4.215
2026-04-30T21:32:28.134380,82.27,0.247,84.89,0.2897,1000.0,0.0,4.199,80.8,98,0,60.0,2026-04-30T21:33:28.133959,4.215
2026-04-30T21:32:28.468152,82.27,0.247,84.9,0.2846,1000.0,0.0,4.199,80.8,98,0,60.0,2026-04-30T21:33:28.439806,4.215
2026-04-30T21:32:30.303236,82.33,0.247,84.95,0.2814,1000.0,0.0,4.199,80.7,98,0,60.0,2026-04-30T21:33:30.302472,4.215
2026-04-30T21:32:30.762547,82.33,0.2565,84.96,0.2834,1000.0,0.0,4.199,80.7,98,0,60.0,2026-04-30T21:33:30.762343,4.215
2026-04-30T21:32:31.087396,82.33,0.2565,84.96,0.2864,1000.0,0.0,4.199,80.7,98,0,60.0,2026-04-30T21:33:31.086948,4.215
2026-04-30T21:32:31.490041,82.38,0.2565,84.97,0.2877,1000.0,0.0,4.199,80.7,98,0,60.0,2026-04-30T21:33:31.464881,4.215
2026-04-30T21:32:31.903737,82.38,0.2565,85.0,0.2884,1000.0,0.0,4.199,80.7,98,0,60.0,2026-04-30T21:33:31.903391,4.215
2026-04-30T21:32:32.134545,82.38,0.2565,85.0,0.2887,1000.0,0.0,4.199,80.7,98,0,60.0,2026-04-30T21:33:32.134108,4.215
2026-04-30T21:32:32.510587,82.42,0.243,85.02,0.2858,1000.0,0.0,4.199,80.7,99,0,60.0,2026-04-30T21:33:32.506392,4.215
2026-04-30T21:32:32.665222,82.42,0.2498,85.03,0.2842,1000.0,0.0,4.199,80.7,99,0,60.0,2026-04-30T21:33:32.664971,4.215
2026-04-30T21:32:32.855640,82.42,0.2498,85.04,0.2835,1000.0,0.0,4.199,80.7,99,0,60.0,2026-04-30T21:33:32.855420,4.215
2026-04-30T21:32:33.155958,82.47,0.2531,85.06,0.2827,1000.0,0.0,4.199,80.7,99,0,60.0,2026-04-30T21:33:33.126323,4.215
2026-04-30T21:32:33.503547,82.47,0.2531,85.08,0.2842,1000.0,0.0,4.199,80.7,99,0,60.0,2026-04-30T21:33:33.503042,4.215
2026-04-30T21:32:33.799221,82.47,0.2531,85.1,0.2849,1000.0,0.0,4.199,80.7,99,0,60.0,2026-04-30T21:33:33.798504,4.215
2026-04-30T21:32:34.281161,82.52,0.2531,85.12,0.2853,1000.0,0.0,4.199,80.7,99,0,60.0,2026-04-30T21:33:34.262994,4.215
2026-04-30T21:32:34.605962,82.52,0.2531,85.14,0.2856,1000.0,0.0,4.199,80.7,99,0,60.0,2026-04-30T21:33:34.605603,4.215
2026-04-30T21:32:34.869576,82.56,0.2531,85.15,0.2856,1000.0,0.0,4.199,80.7,99,0,60.0,2026-04-30T21:33:34.869174,4.215
2026-04-30T21:32:35.201731,82.56,0.2616,85.17,0.2867,1000.0,0.0,4.199,80.7,99,0,60.0,2026-04-30T21:33:35.201417,4.215
2026-04-30T21:32:35.788583,82.56,0.2616,85.19,0.2906,1000.0,0.0,4.199,80.7,99,0,60.0,2026-04-30T21:33:35.788108,4.215
2026-04-30T21:32:36.703261,82.61,0.243,85.22,0.2896,1000.0,0.0,4.199,80.6,99,0,60.0,2026-04-30T21:33:36.702779,4.215
2026-04-30T21:32:37.594289,82.61,0.2616,85.25,0.2922,1000.0,0.0,4.199,80.6,99,0,60.0,2026-04-30T21:33:37.581348,4.215
2026-04-30T21:32:37.983196,82.61,0.2616,85.25,0.2935,1000.0,0.0,4.199,80.6,99,0,60.0,2026-04-30T21:33:37.982843,4.215
2026-04-30T21:32:38.171457,82.65,0.2573,85.26,0.2931,1000.0,0.0,4.199,80.6,99,0,60.0,2026-04-30T21:33:38.170926,4.215
2026-04-30T21:32:38.357269,82.65,0.2573,85.27,0.2917,1000.0,0.0,4.199,80.6,99,0,60.0,2026-04-30T21:33:38.356618,4.215
2026-04-30T21:32:38.519523,82.65,0.2573,85.28,0.291,1000.0,0.0,4.199,80.6,99,0,60.0,2026-04-30T21:33:38.519048,4.215
2026-04-30T21:32:38.825585,82.69,0.2624,85.29,0.2901,1000.0,0.0,4.199,80.6,99,0,60.0,2026-04-30T21:33:38.825149,4.215
2026-04-30T21:32:39.998912,82.69,0.2624,85.33,0.2934,1000.0,0.0,4.199,80.6,99,0,60.0,2026-04-30T21:33:39.998651,4.215
2026-04-30T21:32:40.914253,82.69,0.2624,85.34,0.2947,1000.0,0.0,4.199,80.6,98,0,60.0,2026-04-30T21:33:40.892080,4.215
2026-04-30T21:32:41.533323,82.74,0.2624,85.37,0.2927,1000.0,0.0,4.199,80.6,98,0,60.0,2026-04-30T21:33:41.519702,4.215
2026-04-30T21:32:41.822416,82.74,0.2624,85.38,0.2942,1000.0,0.0,4.199,80.6,99,0,60.0,2026-04-30T21:33:41.821990,4.215
2026-04-30T21:32:42.019907,82.78,0.2624,85.38,0.2946,1000.0,0.0,4.199,80.6,99,0,60.0,2026-04-30T21:33:42.019549,4.215
2026-04-30T21:32:42.479350,82.78,0.254,85.4,0.291,1000.0,0.0,4.199,80.6,99,0,60.0,2026-04-30T21:33:42.478958,4.215
2026-04-30T21:32:42.649917,82.78,0.254,85.4,0.289,1000.0,0.0,4.199,80.6,99,0,60.0,2026-04-30T21:33:42.649519,4.215
2026-04-30T21:32:43.055937,82.83,0.2489,85.42,0.2874,1000.0,0.0,4.199,80.6,99,0,60.0,2026-04-30T21:33:43.046882,4.215
2026-04-30T21:32:43.423215,82.83,0.2582,85.44,0.2884,1000.0,0.0,4.199,80.6,99,0,60.0,2026-04-30T21:33:43.422500,4.215
2026-04-30T21:32:43.569631,82.83,0.2582,85.44,0.2897,1000.0,0.0,4.199,80.6,99,0,60.0,2026-04-30T21:33:43.569237,4.215
2026-04-30T21:32:43.733120,82.88,0.2464,85.46,0.2884,1000.0,0.0,4.199,80.6,99,0,60.0,2026-04-30T21:33:43.732752,4.215
2026-04-30T21:32:43.890813,82.88,0.2582,85.47,0.2894,1000.0,0.0,4.199,80.6,99,0,60.0,2026-04-30T21:33:43.890586,4.215
2026-04-30T21:32:44.223236,82.88,0.2582,85.48,0.29,1000.0,0.0,4.199,80.6,99,0,60.0,2026-04-30T21:33:44.222853,4.215
2026-04-30T21:32:44.620009,82.89,0.248,85.5,0.2869,1000.0,0.0,4.199,80.6,99,0,60.0,2026-04-30T21:33:44.619666,4.215
2026-04-30T21:32:44.923182,82.89,0.248,85.51,0.284,1000.0,0.0,4.199,80.6,99,0,60.0,2026-04-30T21:33:44.917350,4.215
2026-04-30T21:32:45.501061,82.89,0.248,85.52,0.2825,1000.0,0.0,4.199,80.6,99,0,60.0,2026-04-30T21:33:45.500621,4.215
2026-04-30T21:32:45.820776,82.93,0.2557,85.54,0.2835,1000.0,0.0,4.199,80.5,98,0,60.0,2026-04-30T21:33:45.820290,4.215
2026-04-30T21:32:46.039715,82.93,0.2557,85.55,0.2859,1000.0,0.0,4.199,80.5,98,0,60.0,2026-04-30T21:33:46.039186,4.215
2026-04-30T21:32:46.341005,82.97,0.2557,85.55,0.287,1000.0,0.0,4.199,80.5,98,0,60.0,2026-04-30T21:33:46.340627,4.215
2026-04-30T21:32:46.596527,82.97,0.2557,85.57,0.2872,1000.0,0.0,4.199,80.5,98,0,60.0,2026-04-30T21:33:46.596275,4.215
2026-04-30T21:32:46.979851,82.97,0.2557,85.58,0.2878,1000.0,0.0,4.199,80.5,98,0,60.0,2026-04-30T21:33:46.975598,4.215
2026-04-30T21:32:47.488372,82.99,0.2557,85.6,0.2883,1000.0,0.0,4.199,80.5,98,0,60.0,2026-04-30T21:33:47.468761,4.215
2026-04-30T21:32:47.744629,82.99,0.2557,85.61,0.2885,1000.0,0.0,4.199,80.5,98,0,60.0,2026-04-30T21:33:47.744274,4.215
2026-04-30T21:32:47.878329,82.99,0.2557,85.61,0.2885,1000.0,0.0,4.199,80.5,98,0,60.0,2026-04-30T21:33:47.877928,4.215
2026-04-30T21:32:48.116051,83.02,0.2547,85.62,0.2884,1000.0,0.0,4.199,80.5,98,0,60.0,2026-04-30T21:33:48.115281,4.215
2026-04-30T21:32:48.299567,83.02,0.2641,85.63,0.2919,1000.0,0.0,4.199,80.5,98,0,60.0,2026-04-30T21:33:48.299149,4.215
2026-04-30T21:32:48.513990,83.02,0.2641,85.64,0.2941,1000.0,0.0,4.199,80.5,98,0,60.0,2026-04-30T21:33:48.513539,4.215
2026-04-30T21:32:48.663618,83.06,0.2641,85.65,0.2941,1000.0,0.0,4.199,80.5,98,0,60.0,2026-04-30T21:33:48.663184,4.215
2026-04-30T21:32:48.830451,83.06,0.2641,85.66,0.2952,1000.0,0.0,4.199,80.5,98,0,60.0,2026-04-30T21:33:48.830142,4.215
2026-04-30T21:32:49.457726,83.06,0.2641,85.67,0.296,1000.0,0.0,4.199,80.5,98,0,60.0,2026-04-30T21:33:49.405149,4.215
2026-04-30T21:32:49.837329,83.1,0.2582,85.71,0.2939,1000.0,0.0,4.199,80.5,99,0,60.0,2026-04-30T21:33:49.836845,4.215
2026-04-30T21:32:50.058354,83.1,0.2582,85.72,0.2927,1000.0,0.0,4.199,80.5,99,0,60.0,2026-04-30T21:33:50.057544,4.215
2026-04-30T21:32:51.554035,83.15,0.2582,85.75,0.292,1000.0,0.0,4.199,80.5,99,0,60.0,2026-04-30T21:33:51.546584,4.215
2026-04-30T21:32:51.880865,83.15,0.2582,85.77,0.2908,1000.0,0.0,4.199,80.5,98,0,60.0,2026-04-30T21:33:51.880674,4.215
2026-04-30T21:32:52.040522,83.15,0.2582,85.77,0.291,1000.0,0.0,4.199,80.5,98,0,60.0,2026-04-30T21:33:52.040110,4.215
2026-04-30T21:32:52.307642,83.2,0.2547,85.78,0.2908,1000.0,0.0,4.199,80.4,98,0,60.0,2026-04-30T21:33:52.307229,4.215
2026-04-30T21:32:52.504121,83.2,0.2582,85.8,0.291,1000.0,0.0,4.199,80.4,98,0,60.0,2026-04-30T21:33:52.503662,4.215
2026-04-30T21:32:52.673392,83.2,0.2582,85.81,0.2912,1000.0,0.0,4.199,80.4,98,0,60.0,2026-04-30T21:33:52.672720,4.215
2026-04-30T21:32:53.430295,83.26,0.2573,85.85,0.2912,1000.0,0.0,4.199,80.4,98,0,60.0,2026-04-30T21:33:53.415979,4.215
2026-04-30T21:32:53.902739,83.26,0.2573,85.87,0.2909,1000.0,0.0,4.199,80.4,98,0,60.0,2026-04-30T21:33:53.902420,4.215
2026-04-30T21:32:54.020321,83.26,0.2573,85.87,0.2907,1000.0,0.0,4.199,80.4,98,0,60.0,2026-04-30T21:33:54.019798,4.215
2026-04-30T21:32:54.211541,83.29,0.2531,85.88,0.2873,1000.0,0.0,4.199,80.4,98,0,60.0,2026-04-30T21:33:54.211214,4.215
2026-04-30T21:32:54.482559,83.29,0.2531,85.89,0.2869,1000.0,0.0,4.199,80.4,98,0,60.0,2026-04-30T21:33:54.482176,4.215
2026-04-30T21:32:54.673489,83.29,0.2531,85.9,0.2867,1000.0,0.0,4.199,80.4,98,0,60.0,2026-04-30T21:33:54.673132,4.215
2026-04-30T21:32:55.121808,83.36,0.2582,85.94,0.2868,1000.0,0.0,4.199,80.4,98,0,60.0,2026-04-30T21:33:55.121396,4.215
2026-04-30T21:32:55.658025,83.36,0.2582,85.97,0.2892,1000.0,0.0,4.199,80.4,98,0,60.0,2026-04-30T21:33:55.638154,4.215
2026-04-30T21:32:55.896623,83.41,0.2582,85.98,0.2904,1000.0,0.0,4.199,80.4,98,0,60.0,2026-04-30T21:33:55.896330,4.215
2026-04-30T21:32:56.163540,83.41,0.2582,86.0,0.2909,1000.0,0.0,4.199,80.4,98,0,60.0,2026-04-30T21:33:56.163306,4.215
2026-04-30T21:32:56.557877,83.41,0.2582,86.02,0.2912,1000.0,0.0,4.199,80.4,98,0,60.0,2026-04-30T21:33:56.557271,4.215
2026-04-30T21:32:56.684960,83.45,0.2461,86.03,0.2902,1000.0,0.0,4.199,80.4,98,0,60.0,2026-04-30T21:33:56.682223,4.215
2026-04-30T21:32:56.855198,83.45,0.2531,86.05,0.2883,1000.0,0.0,4.199,80.4,98,0,60.0,2026-04-30T21:33:56.854837,4.215
2026-04-30T21:32:57.142000,83.45,0.2531,86.06,0.2876,1000.0,0.0,4.199,80.4,98,0,60.0,2026-04-30T21:33:57.115481,4.215
2026-04-30T21:32:57.615402,83.49,0.2506,86.09,0.2859,1000.0,0.0,4.199,80.4,98,0,60.0,2026-04-30T21:33:57.615003,4.215
2026-04-30T21:32:58.220875,83.49,0.2531,86.1,0.2861,1000.0,0.0,4.199,80.4,98,0,60.0,2026-04-30T21:33:58.220601,4.215
2026-04-30T21:32:58.648540,83.49,0.2531,86.11,0.2864,1000.0,0.0,4.199,80.4,98,0,60.0,2026-04-30T21:33:58.648225,4.215
2026-04-30T21:32:59.637931,83.53,0.2506,86.15,0.2854,1000.0,0.0,4.199,80.4,98,0,60.0,2026-04-30T21:33:59.637412,4.215
2026-04-30T21:33:00.563995,83.53,0.2506,86.16,0.2847,1000.0,0.0,4.199,80.3,98,0,60.0,2026-04-30T21:34:00.563701,4.215
2026-04-30T21:33:01.592788,83.53,0.2506,86.17,0.2843,1000.0,0.0,4.199,80.3,98,0,60.0,2026-04-30T21:34:01.592505,4.215
2026-04-30T21:33:01.811822,83.58,0.2506,86.19,0.2832,1000.0,0.0,4.199,80.3,98,0,60.0,2026-04-30T21:34:01.805087,4.215
2026-04-30T21:33:02.374129,83.58,0.2506,86.2,0.2836,1000.0,0.0,4.199,80.3,98,0,60.0,2026-04-30T21:34:02.373790,4.215
2026-04-30T21:33:02.517997,83.62,0.2506,86.21,0.2838,1000.0,0.0,4.199,80.3,98,0,60.0,2026-04-30T21:34:02.517661,4.215
2026-04-30T21:33:02.681682,83.62,0.2557,86.22,0.2849,1000.0,0.0,4.199,80.3,98,0,60.0,2026-04-30T21:34:02.681374,4.215
2026-04-30T21:33:02.812594,83.62,0.2557,86.23,0.2864,1000.0,0.0,4.199,80.3,98,0,60.0,2026-04-30T21:34:02.812070,4.215
2026-04-30T21:33:03.041343,83.67,0.2557,86.24,0.2875,1000.0,0.0,4.199,80.3,98,0,60.0,2026-04-30T21:34:03.008994,4.215
2026-04-30T21:33:03.345038,83.67,0.2557,86.27,0.2882,1000.0,0.0,4.199,80.3,98,0,60.0,2026-04-30T21:34:03.344683,4.215
2026-04-30T21:33:03.467318,83.67,0.2557,86.28,0.2886,1000.0,0.0,4.199,80.3,98,0,60.0,2026-04-30T21:34:03.466958,4.215
2026-04-30T21:33:03.638770,83.71,0.2448,86.29,0.2871,1000.0,0.0,4.199,80.3,98,0,60.0,2026-04-30T21:34:03.638411,4.215
2026-04-30T21:33:03.843344,83.71,0.2455,86.31,0.284,1000.0,0.0,4.199,80.3,98,0,60.0,2026-04-30T21:34:03.842270,4.215
2026-04-30T21:33:04.122654,83.71,0.2455,86.33,0.282,1000.0,0.0,4.199,80.3,98,0,60.0,2026-04-30T21:34:04.122383,4.215
2026-04-30T21:33:04.332397,83.78,0.2523,86.35,0.2814,1000.0,0.0,4.199,80.3,98,0,60.0,2026-04-30T21:34:04.332017,4.215
2026-04-30T21:33:04.689191,83.78,0.2523,86.37,0.2832,1000.0,0.0,4.199,80.3,98,0,60.0,2026-04-30T21:34:04.688800,4.215
2026-04-30T21:33:08.647002,83.78,0.2523,86.39,0.2845,1000.0,0.0,4.199,80.3,98,0,60.0,2026-04-30T21:34:08.646410,4.215
2026-04-30T21:33:09.125468,83.83,0.2523,86.46,0.2859,1000.0,0.0,4.199,80.2,98,0,60.0,2026-04-30T21:34:09.112268,4.216
2026-04-30T21:33:09.340374,83.83,0.2523,86.46,0.2859,1000.0,0.0,4.199,80.2,97,0,60.0,2026-04-30T21:34:09.340218,4.215
2026-04-30T21:33:09.411955,83.88,0.2523,86.46,0.2858,1000.0,0.0,4.199,80.2,97,0,60.0,2026-04-30T21:34:09.411803,4.215
2026-04-30T21:33:09.480605,83.88,0.259,86.47,0.2867,1000.0,0.0,4.199,80.2,97,0,60.0,2026-04-30T21:34:09.480451,4.215
2026-04-30T21:33:09.546642,83.88,0.259,86.47,0.2885,1000.0,0.0,4.199,80.2,97,0,60.0,2026-04-30T21:34:09.546525,4.215
2026-04-30T21:33:09.611367,83.94,0.2489,86.48,0.2891,1000.0,0.0,4.199,80.2,97,0,60.0,2026-04-30T21:34:09.611242,4.215
2026-04-30T21:33:09.669313,83.94,0.259,86.5,0.2898,1000.0,0.0,4.199,80.2,97,0,60.0,2026-04-30T21:34:09.669196,4.215
2026-04-30T21:33:09.726298,83.94,0.259,86.51,0.2905,1000.0,0.0,4.199,80.2,97,0,60.0,2026-04-30T21:34:09.726182,4.215
2026-04-30T21:33:09.785510,83.98,0.2548,86.52,0.2906,1000.0,0.0,4.199,80.2,97,0,60.0,2026-04-30T21:34:09.785373,4.215
2026-04-30T21:33:09.844636,83.98,0.2548,86.54,0.2901,1000.0,0.0,4.199,80.2,97,0,60.0,2026-04-30T21:34:09.844508,4.215
2026-04-30T21:33:09.905435,83.98,0.2548,86.55,0.2897,1000.0,0.0,4.199,80.2,97,0,60.0,2026-04-30T21:34:09.905297,4.215
2026-04-30T21:33:09.974682,84.04,0.2658,86.57,0.2897,1000.0,0.0,4.199,80.2,97,0,60.0,2026-04-30T21:34:09.974369,4.215
2026-04-30T21:33:10.145826,84.04,0.2658,86.59,0.2927,1000.0,0.0,4.199,80.2,96,0,60.0,2026-04-30T21:34:10.145557,4.215
2026-04-30T21:33:10.241458,84.04,0.2658,86.61,0.2948,1000.0,0.0,4.199,80.2,96,0,60.0,2026-04-30T21:34:10.241262,4.215
2026-04-30T21:33:10.378286,84.1,0.2658,86.64,0.2954,1000.0,0.0,4.199,80.1,96,0,60.0,2026-04-30T21:34:10.377983,4.215
2026-04-30T21:33:10.482870,84.1,0.2658,86.66,0.2969,1000.0,0.0,4.199,80.1,96,0,60.0,2026-04-30T21:34:10.482624,4.215
2026-04-30T21:33:10.558487,84.14,0.2658,86.68,0.2977,1000.0,0.0,4.199,80.1,96,0,60.0,2026-04-30T21:34:10.558333,4.215
2026-04-30T21:33:10.625258,84.14,0.2658,86.7,0.2982,1000.0,0.0,4.199,80.1,96,0,60.0,2026-04-30T21:34:10.625124,4.215
2026-04-30T21:33:10.690499,84.14,0.2658,86.71,0.2986,1000.0,0.0,4.199,80.1,96,0,60.0,2026-04-30T21:34:10.690369,4.215
2026-04-30T21:33:10.750532,84.2,0.2498,86.73,0.298,1000.0,0.0,4.199,80.1,96,0,60.0,2026-04-30T21:34:10.750399,4.215
2026-04-30T21:33:10.808040,84.2,0.2607,86.74,0.2966,1000.0,0.0,4.199,80.1,96,0,60.0,2026-04-30T21:34:10.807907,4.215
2026-04-30T21:33:10.864588,84.2,0.2607,86.76,0.2961,1000.0,0.0,4.199,80.1,96,0,60.0,2026-04-30T21:34:10.864475,4.215
2026-04-30T21:33:10.923260,84.24,0.2607,86.77,0.2952,1000.0,0.0,4.199,80.1,96,0,60.0,2026-04-30T21:34:10.923115,4.215
2026-04-30T21:33:10.980680,84.24,0.2616,86.79,0.2953,1000.0,0.0,4.199,80.1,96,0,60.0,2026-04-30T21:34:10.980553,4.215
2026-04-30T21:33:11.037675,84.24,0.2616,86.8,0.2954,1000.0,0.0,4.199,80.1,96,0,60.0,2026-04-30T21:34:11.037551,4.215
2026-04-30T21:33:11.095468,84.28,0.2616,86.82,0.2954,1000.0,0.0,4.199,80.1,96,0,60.0,2026-04-30T21:34:11.095342,4.215
2026-04-30T21:33:11.152017,84.28,0.2616,86.83,0.2954,1000.0,0.0,4.199,80.1,96,0,60.0,2026-04-30T21:34:11.151911,4.215
2026-04-30T21:33:11.209027,84.28,0.2616,86.84,0.2954,1000.0,0.0,4.199,80.1,96,0,60.0,2026-04-30T21:34:11.208907,4.215
2026-04-30T21:33:11.267085,84.33,0.2632,86.86,0.295,1000.0,0.0,4.199,80.1,96,0,60.0,2026-04-30T21:34:11.266962,4.215
2026-04-30T21:33:11.324180,84.33,0.2632,86.88,0.2955,1000.0,0.0,4.199,80.1,96,0,60.0,2026-04-30T21:34:11.324079,4.215
2026-04-30T21:33:11.381388,84.37,0.2632,86.89,0.2959,1000.0,0.0,4.199,80.1,96,0,60.0,2026-04-30T21:34:11.381275,4.215
2026-04-30T21:33:11.439404,84.37,0.2666,86.91,0.2965,1000.0,0.0,4.199,80.1,96,0,60.0,2026-04-30T21:34:11.439292,4.215
2026-04-30T21:33:11.496547,84.37,0.2666,86.93,0.2975,1000.0,0.0,4.199,80.1,96,0,60.0,2026-04-30T21:34:11.496432,4.215
2026-04-30T21:33:11.555102,84.41,0.2666,86.94,0.2982,1000.0,0.0,4.199,80.0,96,0,60.0,2026-04-30T21:34:11.554970,4.215
2026-04-30T21:33:11.612492,84.41,0.2666,86.96,0.2988,1000.0,0.0,4.199,80.0,96,0,60.0,2026-04-30T21:34:11.612368,4.215
2026-04-30T21:33:11.668850,84.41,0.2666,86.97,0.2992,1000.0,0.0,4.199,80.0,96,0,60.0,2026-04-30T21:34:11.668741,4.215
2026-04-30T21:33:11.725953,84.44,0.2506,86.99,0.298,1000.0,0.0,4.199,80.0,96,0,60.0,2026-04-30T21:34:11.725826,4.215
2026-04-30T21:33:11.782848,84.44,0.2514,87.0,0.295,1000.0,0.0,4.199,80.0,96,0,60.0,2026-04-30T21:34:11.782721,4.215
2026-04-30T21:33:11.839370,84.44,0.2514,87.01,0.2928,1000.0,0.0,4.199,80.0,96,0,60.0,2026-04-30T21:34:11.839241,4.215
2026-04-30T21:33:11.900001,84.46,0.2718,87.02,0.2921,1000.0,0.0,4.199,80.0,96,0,60.0,2026-04-30T21:34:11.899866,4.215
2026-04-30T21:33:11.962353,84.46,0.2718,87.03,0.2953,1000.0,0.0,4.199,80.0,96,0,60.0,2026-04-30T21:34:11.962212,4.215
2026-04-30T21:33:12.131787,84.46,0.2718,87.05,0.2984,1000.0,0.0,4.199,80.0,96,0,60.0,2026-04-30T21:34:12.131656,4.215
2026-04-30T21:33:12.204308,84.51,0.2718,87.07,0.3006,1000.0,0.0,4.199,80.0,96,0,60.0,2026-04-30T21:34:12.204156,4.215
2026-04-30T21:33:12.276361,84.51,0.2718,87.08,0.3021,1000.0,0.0,4.199,80.0,96,0,60.0,2026-04-30T21:34:12.276230,4.215
2026-04-30T21:33:12.343403,84.54,0.2718,87.09,0.3032,1000.0,0.0,4.199,80.0,96,0,60.0,2026-04-30T21:34:12.343240,4.215
2026-04-30T21:33:12.405748,84.54,0.2632,87.11,0.3005,1000.0,0.0,4.199,80.0,96,0,60.0,2026-04-30T21:34:12.405621,4.215
2026-04-30T21:33:12.462897,84.54,0.2632,87.12,0.2997,1000.0,0.0,4.199,80.0,96,0,60.0,2026-04-30T21:34:12.462792,4.215
2026-04-30T21:33:12.519779,84.56,0.2506,87.13,0.2985,1000.0,0.0,4.199,80.0,96,0,60.0,2026-04-30T21:34:12.519655,4.215
2026-04-30T21:33:12.576959,84.56,0.2776,87.14,0.3011,1000.0,0.0,4.199,80.0,96,0,60.0,2026-04-30T21:34:12.576843,4.215
2026-04-30T21:33:12.633651,84.56,0.2776,87.14,0.3036,1000.0,0.0,4.199,80.0,96,0,60.0,2026-04-30T21:34:12.633545,4.215
2026-04-30T21:33:12.690999,84.61,0.2776,87.16,0.3056,1000.0,0.0,4.199,80.0,96,0,60.0,2026-04-30T21:34:12.690855,4.215
2026-04-30T21:33:12.748066,84.61,0.2776,87.17,0.3072,1000.0,0.0,4.199,80.0,96,0,60.0,2026-04-30T21:34:12.747955,4.215
2026-04-30T21:33:12.804885,84.61,0.2776,87.18,0.3083,1000.0,0.0,4.199,80.0,96,0,60.0,2026-04-30T21:34:12.804761,4.215
2026-04-30T21:33:12.862930,84.66,0.2573,87.2,0.3058,1000.0,0.0,4.199,80.0,96,0,60.0,2026-04-30T21:34:12.862803,4.215
2026-04-30T21:33:12.919574,84.66,0.2573,87.21,0.3024,1000.0,0.0,4.199,80.0,96,0,60.0,2026-04-30T21:34:12.919415,4.215
2026-04-30T21:33:12.976578,84.66,0.2573,87.22,0.2998,1000.0,0.0,4.199,80.0,96,0,60.0,2026-04-30T21:34:12.976463,4.215
2026-04-30T21:33:13.035292,84.69,0.2725,87.24,0.2992,1000.0,0.0,4.199,80.0,96,0,60.0,2026-04-30T21:34:13.035184,4.215
2026-04-30T21:33:13.091386,84.69,0.2725,87.25,0.3011,1000.0,0.0,4.199,80.0,96,0,60.0,2026-04-30T21:34:13.091288,4.215
2026-04-30T21:33:13.148862,84.73,0.2725,87.26,0.3024,1000.0,0.0,4.199,79.9,96,0,60.0,2026-04-30T21:34:13.148731,4.215
2026-04-30T21:33:13.205885,84.73,0.2725,87.28,0.3035,1000.0,0.0,4.199,79.9,96,0,60.0,2026-04-30T21:34:13.205764,4.215
2026-04-30T21:33:13.261677,84.73,0.2725,87.29,0.3043,1000.0,0.0,4.199,79.9,96,0,60.0,2026-04-30T21:34:13.261581,4.215
2026-04-30T21:33:13.318564,84.76,0.2601,87.3,0.3042,1000.0,0.0,4.199,79.9,96,0,60.0,2026-04-30T21:34:13.318443,4.215
2026-04-30T21:33:13.375696,84.76,0.2601,87.32,0.3015,1000.0,0.0,4.199,79.9,96,0,60.0,2026-04-30T21:34:13.375570,4.215
2026-04-30T21:33:13.431334,84.76,0.2601,87.33,0.2998,1000.0,0.0,4.199,79.9,96,0,60.0,2026-04-30T21:34:13.431235,4.215
2026-04-30T21:33:13.488426,84.81,0.2498,87.34,0.2976,1000.0,0.0,4.199,79.9,96,0,60.0,2026-04-30T21:34:13.488295,4.215
2026-04-30T21:33:13.544681,84.81,0.2605,87.36,0.2969,1000.0,0.0,4.199,79.9,96,0,60.0,2026-04-30T21:34:13.544557,4.215
2026-04-30T21:33:13.600840,84.81,0.2605,87.37,0.2964,1000.0,0.0,4.199,79.9,96,0,60.0,2026-04-30T21:34:13.600727,4.215
2026-04-30T21:33:13.657281,84.83,0.2605,87.38,0.2961,1000.0,0.0,4.199,79.9,96,0,60.0,2026-04-30T21:34:13.657154,4.215
2026-04-30T21:33:13.713077,84.83,0.2605,87.4,0.2958,1000.0,0.0,4.199,79.9,96,0,60.0,2026-04-30T21:34:13.712970,4.215
2026-04-30T21:33:13.769396,84.83,0.2605,87.4,0.2956,1000.0,0.0,4.199,79.9,96,0,60.0,2026-04-30T21:34:13.769283,4.215
2026-04-30T21:33:13.825642,84.88,0.2514,87.42,0.2934,1000.0,0.0,4.199,79.9,96,0,60.0,2026-04-30T21:34:13.825513,4.215
2026-04-30T21:33:13.881662,84.88,0.2514,87.44,0.2917,1000.0,0.0,4.199,79.9,96,0,60.0,2026-04-30T21:34:13.881353,4.215
2026-04-30T21:33:13.940460,84.91,0.2514,87.45,0.2903,1000.0,0.0,4.199,79.9,96,0,60.0,2026-04-30T21:34:13.940305,4.215
2026-04-30T21:33:14.020191,84.91,0.2514,87.46,0.2891,1000.0,0.0,4.199,79.9,96,0,60.0,2026-04-30T21:34:14.000761,4.215
2026-04-30T21:33:14.146959,84.91,0.2514,87.48,0.2881,1000.0,0.0,4.199,79.9,97,0,60.0,2026-04-30T21:34:14.146795,4.215
2026-04-30T21:33:14.204956,84.96,0.2412,87.5,0.2869,1000.0,0.0,4.199,79.9,97,0,60.0,2026-04-30T21:34:14.204832,4.215
2026-04-30T21:33:14.261264,84.96,0.2632,87.51,0.2887,1000.0,0.0,4.199,79.9,97,0,60.0,2026-04-30T21:34:14.261148,4.215
2026-04-30T21:33:14.316425,84.96,0.2632,87.53,0.2909,1000.0,0.0,4.199,79.9,97,0,60.0,2026-04-30T21:34:14.316327,4.215
2026-04-30T21:33:14.373027,84.99,0.2531,87.53,0.2909,1000.0,0.0,4.199,79.8,97,0,60.0,2026-04-30T21:34:14.372889,4.215
2026-04-30T21:33:14.429647,84.99,0.2632,87.54,0.2925,1000.0,0.0,4.199,79.8,97,0,60.0,2026-04-30T21:34:14.429531,4.215
2026-04-30T21:33:14.486221,84.99,0.2632,87.55,0.2938,1000.0,0.0,4.199,79.8,97,0,60.0,2026-04-30T21:34:14.486101,4.215
2026-04-30T21:33:14.542898,85.03,0.2531,87.57,0.2933,1000.0,0.0,4.199,79.8,97,0,60.0,2026-04-30T21:34:14.542762,4.215
2026-04-30T21:33:14.598028,85.03,0.2531,87.58,0.2919,1000.0,0.0,4.199,79.8,97,0,60.0,2026-04-30T21:34:14.597930,4.215
2026-04-30T21:33:14.654358,85.03,0.2531,87.59,0.2909,1000.0,0.0,4.199,79.8,97,0,60.0,2026-04-30T21:34:14.654238,4.215
2026-04-30T21:33:14.711850,85.07,0.2632,87.61,0.2909,1000.0,0.0,4.199,79.8,97,0,60.0,2026-04-30T21:34:14.711721,4.215
2026-04-30T21:33:14.767488,85.07,0.2632,87.62,0.2925,1000.0,0.0,4.199,79.8,97,0,60.0,2026-04-30T21:34:14.767374,4.215
2026-04-30T21:33:14.823540,85.12,0.2632,87.64,0.2937,1000.0,0.0,4.199,79.8,97,0,60.0,2026-04-30T21:34:14.823420,4.215
2026-04-30T21:33:14.880895,85.12,0.2641,87.65,0.2942,1000.0,0.0,4.199,79.8,97,0,60.0,2026-04-30T21:34:14.880769,4.215
2026-04-30T21:33:14.937444,85.12,0.2641,87.67,0.2953,1000.0,0.0,4.199,79.8,97,0,60.0,2026-04-30T21:34:14.937318,4.215
2026-04-30T21:33:14.994323,85.15,0.2641,87.68,0.2961,1000.0,0.0,4.199,79.8,97,0,60.0,2026-04-30T21:34:14.994204,4.215
2026-04-30T21:33:15.050774,85.15,0.2641,87.69,0.2967,1000.0,0.0,4.199,79.8,97,0,60.0,2026-04-30T21:34:15.050664,4.215
2026-04-30T21:33:15.107182,85.15,0.2641,87.7,0.2972,1000.0,0.0,4.199,79.8,97,0,60.0,2026-04-30T21:34:15.107046,4.215
2026-04-30T21:33:15.164456,85.19,0.2533,87.72,0.2965,1000.0,0.0,4.199,79.8,97,0,60.0,2026-04-30T21:34:15.164334,4.215
2026-04-30T21:33:15.221394,85.19,0.259,87.73,0.2958,1000.0,0.0,4.199,79.8,97,0,60.0,2026-04-30T21:34:15.221274,4.215
2026-04-30T21:33:15.279431,85.19,0.259,87.74,0.2953,1000.0,0.0,4.199,79.8,97,0,60.0,2026-04-30T21:34:15.279258,4.215
2026-04-30T21:33:15.338029,85.24,0.2758,87.76,0.2955,1000.0,0.0,4.199,79.8,97,0,60.0,2026-04-30T21:34:15.337901,4.215
2026-04-30T21:33:15.393895,85.24,0.2758,87.78,0.2991,1000.0,0.0,4.199,79.8,97,0,60.0,2026-04-30T21:34:15.393778,4.215
2026-04-30T21:33:15.450350,85.24,0.2758,87.79,0.3018,1000.0,0.0,4.199,79.8,97,0,60.0,2026-04-30T21:34:15.450220,4.215
2026-04-30T21:33:15.507747,85.28,0.2767,87.81,0.304,1000.0,0.0,4.199,79.8,97,0,60.0,2026-04-30T21:34:15.507607,4.215
2026-04-30T21:33:15.563239,85.28,0.2767,87.82,0.3058,1000.0,0.0,4.199,79.8,97,0,60.0,2026-04-30T21:34:15.563116,4.215
2026-04-30T21:33:15.620045,85.31,0.2767,87.84,0.3072,1000.0,0.0,4.199,79.7,97,0,60.0,2026-04-30T21:34:15.619907,4.215
2026-04-30T21:33:15.677406,85.31,0.2601,87.85,0.3038,1000.0,0.0,4.199,79.7,97,0,60.0,2026-04-30T21:34:15.677252,4.215
2026-04-30T21:33:15.734042,85.31,0.2601,87.86,0.3017,1000.0,0.0,4.199,79.7,97,0,60.0,2026-04-30T21:34:15.733898,4.215
2026-04-30T21:33:15.791676,85.37,0.2498,87.88,0.2996,1000.0,0.0,4.199,79.7,97,0,60.0,2026-04-30T21:34:15.791532,4.215
2026-04-30T21:33:15.848649,85.37,0.2533,87.9,0.2968,1000.0,0.0,4.199,79.7,97,0,60.0,2026-04-30T21:34:15.848530,4.215
2026-04-30T21:33:15.907037,85.37,0.2533,87.91,0.2947,1000.0,0.0,4.199,79.7,97,0,60.0,2026-04-30T21:34:15.906907,4.215
2026-04-30T21:33:15.965738,85.4,0.2533,87.93,0.2931,1000.0,0.0,4.199,79.7,97,0,60.0,2026-04-30T21:34:15.965589,4.215
2026-04-30T21:33:16.085863,85.4,0.2691,87.95,0.2958,1000.0,0.0,4.199,79.7,97,0,60.0,2026-04-30T21:34:16.067579,4.215
2026-04-30T21:33:16.178878,85.4,0.2691,87.96,0.2982,1000.0,0.0,4.199,79.7,97,0,60.0,2026-04-30T21:34:16.178721,4.215
2026-04-30T21:33:16.240155,85.44,0.2691,87.98,0.2983,1000.0,0.0,4.199,79.7,97,0,60.0,2026-04-30T21:34:16.240006,4.215
2026-04-30T21:33:16.297929,85.44,0.2691,87.99,0.2997,1000.0,0.0,4.199,79.7,97,0,60.0,2026-04-30T21:34:16.297804,4.215
2026-04-30T21:33:16.354718,85.44,0.2691,88.01,0.3009,1000.0,0.0,4.199,79.7,97,0,60.0,2026-04-30T21:34:16.354590,4.215
2026-04-30T21:33:16.412247,85.5,0.2632,88.03,0.2999,1000.0,0.0,4.199,79.7,97,0,60.0,2026-04-30T21:34:16.412125,4.215
2026-04-30T21:33:16.468414,85.5,0.2632,88.04,0.2995,1000.0,0.0,4.199,79.7,97,0,60.0,2026-04-30T21:34:16.468295,4.215
2026-04-30T21:33:16.525354,85.56,0.2632,88.06,0.2992,1000.0,0.0,4.199,79.7,97,0,60.0,2026-04-30T21:34:16.525235,4.215
2026-04-30T21:33:16.586359,85.56,0.2632,88.08,0.2984,1000.0,0.0,4.199,79.7,97,0,60.0,2026-04-30T21:34:16.586171,4.215
2026-04-30T21:33:16.656215,85.56,0.2632,88.1,0.2983,1000.0,0.0,4.199,79.7,97,0,60.0,2026-04-30T21:34:16.656027,4.215
2026-04-30T21:33:16.718029,85.62,0.2506,88.12,0.2976,1000.0,0.0,4.199,79.6,97,0,60.0,2026-04-30T21:34:16.717871,4.215
2026-04-30T21:33:16.779002,85.62,0.2751,88.14,0.2996,1000.0,0.0,4.199,79.6,97,0,60.0,2026-04-30T21:34:16.778839,4.215
2026-04-30T21:33:16.839233,85.62,0.2751,88.16,0.3022,1000.0,0.0,4.199,79.6,97,0,60.0,2026-04-30T21:34:16.839073,4.215
2026-04-30T21:33:16.919253,85.66,0.2751,88.18,0.3041,1000.0,0.0,4.199,79.6,97,0,60.0,2026-04-30T21:34:16.919087,4.215
2026-04-30T21:33:16.980470,85.66,0.2751,88.19,0.3057,1000.0,0.0,4.199,79.6,97,0,60.0,2026-04-30T21:34:16.980311,4.215
2026-04-30T21:33:17.040253,85.66,0.2751,88.21,0.3068,1000.0,0.0,4.199,79.6,97,0,60.0,2026-04-30T21:34:17.040104,4.215
2026-04-30T21:33:17.101223,85.7,0.2601,88.23,0.3052,1000.0,0.0,4.199,79.6,97,0,60.0,2026-04-30T21:34:17.101038,4.215
2026-04-30T21:33:17.159987,85.7,0.2601,88.24,0.3028,1000.0,0.0,4.199,79.6,97,0,60.0,2026-04-30T21:34:17.159844,4.215
2026-04-30T21:33:17.221334,85.7,0.2601,88.25,0.301,1000.0,0.0,4.199,79.6,97,0,60.0,2026-04-30T21:34:17.221189,4.215
2026-04-30T21:33:17.280234,85.75,0.2669,88.27,0.3,1000.0,0.0,4.199,79.6,97,0,60.0,2026-04-30T21:34:17.280081,4.215
2026-04-30T21:33:17.396166,85.75,0.2669,88.29,0.3006,1000.0,0.0,4.199,79.6,97,0,60.0,2026-04-30T21:34:17.396043,4.215
2026-04-30T21:33:17.460409,85.79,0.2669,88.31,0.3009,1000.0,0.0,4.199,79.6,97,0,60.0,2026-04-30T21:34:17.460199,4.215
2026-04-30T21:33:17.526587,85.79,0.2669,88.33,0.3012,1000.0,0.0,4.199,79.6,97,0,60.0,2026-04-30T21:34:17.526228,4.215
2026-04-30T21:33:17.590623,85.79,0.2669,88.34,0.3014,1000.0,0.0,4.199,79.6,97,0,60.0,2026-04-30T21:34:17.590469,4.215
2026-04-30T21:33:17.657809,85.83,0.2666,88.36,0.3016,1000.0,0.0,4.199,79.6,97,0,60.0,2026-04-30T21:34:17.657674,4.215
2026-04-30T21:33:17.729514,85.83,0.2742,88.37,0.3032,1000.0,0.0,4.199,79.6,97,0,60.0,2026-04-30T21:34:17.729347,4.215
2026-04-30T21:33:17.874113,85.83,0.2742,88.39,0.3048,1000.0,0.0,4.199,79.6,97,0,60.0,2026-04-30T21:34:17.873489,4.215
2026-04-30T21:33:18.532300,85.88,0.2742,88.43,0.3069,1000.0,0.0,4.199,79.5,97,0,60.0,2026-04-30T21:34:18.531991,4.215
2026-04-30T21:33:19.459311,85.88,0.2742,88.46,0.3083,1000.0,0.0,4.199,79.5,97,0,60.0,2026-04-30T21:34:19.455440,4.215
2026-04-30T21:33:19.648472,85.88,0.2742,88.48,0.3092,1000.0,0.0,4.199,79.5,97,0,60.0,2026-04-30T21:34:19.645275,4.215
2026-04-30T21:33:20.034692,85.92,0.2659,88.5,0.3061,1000.0,0.0,4.199,79.5,97,0,60.0,2026-04-30T21:34:20.023724,4.215
2026-04-30T21:33:20.251255,85.92,0.2659,88.52,0.3038,1000.0,0.0,4.199,79.5,97,0,60.0,2026-04-30T21:34:20.250010,4.215
2026-04-30T21:33:20.502978,85.92,0.2659,88.52,0.3027,1000.0,0.0,4.199,79.5,97,0,60.0,2026-04-30T21:34:20.502369,4.215
2026-04-30T21:33:20.674684,85.96,0.2749,88.54,0.3026,1000.0,0.0,4.199,79.5,97,0,60.0,2026-04-30T21:34:20.674300,4.215
2026-04-30T21:33:21.047475,85.96,0.2749,88.55,0.306,1000.0,0.0,4.199,79.5,97,0,60.0,2026-04-30T21:34:21.047134,4.215
2026-04-30T21:33:21.355505,86.0,0.2749,88.57,0.308,1000.0,0.0,4.199,79.5,97,0,60.0,2026-04-30T21:34:21.355148,4.215
2026-04-30T21:33:21.632869,86.0,0.2776,88.59,0.3101,1000.0,0.0,4.199,79.5,96,0,60.0,2026-04-30T21:34:21.632430,4.215
2026-04-30T21:33:21.792788,86.0,0.2776,88.6,0.3113,1000.0,0.0,4.199,79.5,96,0,60.0,2026-04-30T21:34:21.792540,4.215
2026-04-30T21:33:22.123497,86.06,0.2749,88.6,0.3118,1000.0,0.0,4.199,79.5,96,0,60.0,2026-04-30T21:34:22.121908,4.215
2026-04-30T21:33:22.373581,86.06,0.2776,88.62,0.3115,1000.0,0.0,4.199,79.5,96,0,60.0,2026-04-30T21:34:22.373172,4.215
2026-04-30T21:33:22.516811,86.06,0.2776,88.63,0.3122,1000.0,0.0,4.199,79.5,96,0,60.0,2026-04-30T21:34:22.516311,4.215
2026-04-30T21:33:22.698562,86.13,0.2649,88.66,0.3104,1000.0,0.0,4.199,79.5,96,0,60.0,2026-04-30T21:34:22.698308,4.215
2026-04-30T21:33:23.012668,86.13,0.2649,88.68,0.3065,1000.0,0.0,4.199,79.5,96,0,60.0,2026-04-30T21:34:23.012251,4.215
2026-04-30T21:33:23.399263,86.13,0.2649,88.71,0.3039,1000.0,0.0,4.199,79.5,96,0,60.0,2026-04-30T21:34:23.398695,4.215
2026-04-30T21:33:23.499541,86.17,0.2683,88.72,0.3016,1000.0,0.0,4.199,79.5,96,0,60.0,2026-04-30T21:34:23.499015,4.215
2026-04-30T21:33:23.600067,86.17,0.2683,88.74,0.3024,1000.0,0.0,4.199,79.5,96,0,60.0,2026-04-30T21:34:23.599707,4.215
2026-04-30T21:33:24.179215,86.17,0.2683,88.76,0.3032,1000.0,0.0,4.199,79.5,96,0,60.0,2026-04-30T21:34:24.179017,4.215
2026-04-30T21:33:24.252753,86.21,0.2742,88.78,0.3038,1000.0,0.0,4.199,79.4,96,0,60.0,2026-04-30T21:34:24.252565,4.215
2026-04-30T21:33:24.325423,86.21,0.2742,88.78,0.3059,1000.0,0.0,4.199,79.4,96,0,60.0,2026-04-30T21:34:24.325254,4.215
2026-04-30T21:33:25.251729,86.25,0.2742,88.82,0.3082,1000.0,0.0,4.199,79.4,96,0,60.0,2026-04-30T21:34:25.251334,4.216
2026-04-30T21:33:25.457453,86.25,0.2742,88.83,0.309,1000.0,0.0,4.199,79.4,96,0,60.0,2026-04-30T21:34:25.457226,4.216
2026-04-30T21:33:25.580111,86.25,0.2742,88.83,0.3094,1000.0,0.0,4.199,79.4,96,0,60.0,2026-04-30T21:34:25.579822,4.216
2026-04-30T21:33:26.313834,86.31,0.2669,88.87,0.3087,1000.0,0.0,4.199,79.4,96,0,60.0,2026-04-30T21:34:26.313525,4.216
2026-04-30T21:33:26.417063,86.31,0.2669,88.88,0.3049,1000.0,0.0,4.199,79.4,96,0,60.0,2026-04-30T21:34:26.416828,4.216
2026-04-30T21:33:26.544790,86.31,0.2669,88.89,0.304,1000.0,0.0,4.199,79.4,96,0,60.0,2026-04-30T21:34:26.544413,4.216
2026-04-30T21:33:27.391988,86.34,0.2565,88.92,0.3005,1000.0,0.0,4.199,79.4,96,0,60.0,2026-04-30T21:34:27.391174,4.216
2026-04-30T21:33:27.518847,86.34,0.2799,88.92,0.3074,1000.0,0.0,4.199,79.4,96,0,60.0,2026-04-30T21:34:27.518395,4.216
2026-04-30T21:33:27.656135,86.34,0.2799,88.93,0.3105,1000.0,0.0,4.199,79.4,96,0,60.0,2026-04-30T21:34:27.655734,4.216
2026-04-30T21:33:28.447645,86.38,0.2799,88.96,0.3137,1000.0,0.0,4.199,79.4,96,0,60.0,2026-04-30T21:34:28.447155,4.216
2026-04-30T21:33:28.570041,86.38,0.2799,88.96,0.3146,1000.0,0.0,4.199,79.4,96,0,60.0,2026-04-30T21:34:28.569499,4.216
2026-04-30T21:33:29.413505,86.38,0.2799,88.99,0.3154,1000.0,0.0,4.199,79.4,96,0,60.0,2026-04-30T21:34:29.413307,4.216
2026-04-30T21:33:29.486493,86.42,0.2624,89.0,0.3078,1000.0,0.0,4.199,79.4,96,0,60.0,2026-04-30T21:34:29.486313,4.216
2026-04-30T21:33:29.569699,86.42,0.2624,89.0,0.304,1000.0,0.0,4.199,79.4,96,0,60.0,2026-04-30T21:34:29.569458,4.216
2026-04-30T21:33:30.468225,86.47,0.2624,89.04,0.3013,1000.0,0.0,4.199,79.4,96,0,60.0,2026-04-30T21:34:30.468050,4.216
2026-04-30T21:33:30.552530,86.47,0.2616,89.05,0.2993,1000.0,0.0,4.199,79.4,96,0,60.0,2026-04-30T21:34:30.552290,4.216
2026-04-30T21:33:30.655227,86.47,0.2616,89.05,0.2985,1000.0,0.0,4.199,79.4,96,0,60.0,2026-04-30T21:34:30.654960,4.216
2026-04-30T21:33:31.544004,86.5,0.2601,89.08,0.2978,1000.0,0.0,4.199,79.3,97,0,60.0,2026-04-30T21:34:31.543631,4.216
2026-04-30T21:33:31.679021,86.5,0.2675,89.09,0.2997,1000.0,0.0,4.199,79.3,97,0,60.0,2026-04-30T21:34:31.678627,4.216
2026-04-30T21:33:31.887927,86.5,0.2675,89.09,0.3012,1000.0,0.0,4.199,79.3,97,0,60.0,2026-04-30T21:34:31.887533,4.216
2026-04-30T21:33:32.591659,86.55,0.2675,89.12,0.3016,1000.0,0.0,4.199,79.3,97,0,60.0,2026-04-30T21:34:32.591374,4.216
2026-04-30T21:33:32.694947,86.55,0.2776,89.13,0.3067,1000.0,0.0,4.199,79.3,97,0,60.0,2026-04-30T21:34:32.694550,4.216
2026-04-30T21:33:32.842673,86.55,0.2776,89.13,0.3092,1000.0,0.0,4.199,79.3,97,0,60.0,2026-04-30T21:34:32.839878,4.216
2026-04-30T21:33:33.639251,86.6,0.2776,89.17,0.3119,1000.0,0.0,4.199,79.3,97,0,60.0,2026-04-30T21:34:33.639033,4.216
2026-04-30T21:33:33.711082,86.6,0.2776,89.17,0.3125,1000.0,0.0,4.199,79.3,97,0,60.0,2026-04-30T21:34:33.710876,4.216
2026-04-30T21:33:34.649421,86.6,0.2776,89.21,0.3134,1000.0,0.0,4.199,79.3,97,0,60.0,2026-04-30T21:34:34.649189,4.216
2026-04-30T21:33:34.725475,86.64,0.2632,89.21,0.3065,1000.0,0.0,4.199,79.3,97,0,60.0,2026-04-30T21:34:34.725265,4.216
2026-04-30T21:33:34.834570,86.64,0.2632,89.22,0.3036,1000.0,0.0,4.199,79.3,97,0,60.0,2026-04-30T21:34:34.834143,4.216
2026-04-30T21:33:35.702855,86.69,0.2632,89.25,0.3016,1000.0,0.0,4.199,79.3,97,0,60.0,2026-04-30T21:34:35.702683,4.216
2026-04-30T21:33:35.771432,86.69,0.2799,89.26,0.3044,1000.0,0.0,4.199,79.3,97,0,60.0,2026-04-30T21:34:35.771241,4.216
2026-04-30T21:33:35.847210,86.69,0.2799,89.27,0.3087,1000.0,0.0,4.199,79.3,97,0,60.0,2026-04-30T21:34:35.846934,4.216
2026-04-30T21:33:36.900268,86.73,0.2799,89.3,0.3129,1000.0,0.0,4.199,79.3,97,0,60.0,2026-04-30T21:34:36.899904,4.216
2026-04-30T21:33:37.619147,86.73,0.2799,89.31,0.3145,1000.0,0.0,4.199,79.3,97,0,60.0,2026-04-30T21:34:37.618528,4.216
2026-04-30T21:33:38.256079,86.73,0.2799,89.34,0.3158,1000.0,0.0,4.199,79.3,97,0,60.0,2026-04-30T21:34:38.253264,4.216
2026-04-30T21:33:38.436220,86.78,0.259,89.34,0.3125,1000.0,0.0,4.199,79.2,98,0,60.0,2026-04-30T21:34:38.435442,4.216
2026-04-30T21:33:38.556958,86.78,0.27,89.35,0.3098,1000.0,0.0,4.199,79.2,98,0,60.0,2026-04-30T21:34:38.556567,4.216
2026-04-30T21:33:38.675166,86.78,0.27,89.36,0.3084,1000.0,0.0,4.199,79.2,98,0,60.0,2026-04-30T21:34:38.674911,4.216
2026-04-30T21:33:38.893296,86.83,0.265,89.38,0.3054,1000.0,0.0,4.199,79.2,98,0,60.0,2026-04-30T21:34:38.892887,4.216
2026-04-30T21:33:39.172033,86.83,0.265,89.4,0.3039,1000.0,0.0,4.199,79.2,98,0,60.0,2026-04-30T21:34:39.156680,4.216
2026-04-30T21:33:40.374354,86.83,0.265,89.43,0.3026,1000.0,0.0,4.199,79.2,98,0,60.0,2026-04-30T21:34:40.372061,4.216
2026-04-30T21:33:40.580013,86.88,0.2785,89.46,0.3054,1000.0,0.0,4.199,79.2,98,0,60.0,2026-04-30T21:34:40.579453,4.216
2026-04-30T21:33:40.710962,86.88,0.2785,89.47,0.3096,1000.0,0.0,4.199,79.2,98,0,60.0,2026-04-30T21:34:40.710686,4.216
2026-04-30T21:33:40.964173,86.92,0.2785,89.48,0.3118,1000.0,0.0,4.199,79.2,98,0,60.0,2026-04-30T21:34:40.963917,4.216
2026-04-30T21:33:42.946329,86.92,0.2785,89.5,0.3116,1000.0,0.0,4.199,79.2,98,0,60.0,2026-04-30T21:34:42.941521,4.216
2026-04-30T21:33:43.381211,86.92,0.2785,89.53,0.3142,1000.0,0.0,4.199,79.2,98,0,60.0,2026-04-30T21:34:43.369779,4.216
2026-04-30T21:33:43.492356,86.96,0.2683,89.53,0.3134,1000.0,0.0,4.199,79.2,99,0,60.0,2026-04-30T21:34:43.492030,4.216
2026-04-30T21:33:43.562794,86.96,0.2683,89.54,0.31,1000.0,0.0,4.199,79.2,99,0,60.0,2026-04-30T21:34:43.562633,4.216
2026-04-30T21:33:43.628835,86.96,0.2683,89.54,0.3083,1000.0,0.0,4.199,79.2,99,0,60.0,2026-04-30T21:34:43.628703,4.216
2026-04-30T21:33:43.689473,87.02,0.2599,89.55,0.3063,1000.0,0.0,4.199,79.2,99,0,60.0,2026-04-30T21:34:43.689318,4.216
2026-04-30T21:33:43.747517,87.02,0.2614,89.57,0.304,1000.0,0.0,4.199,79.2,99,0,60.0,2026-04-30T21:34:43.747394,4.216
2026-04-30T21:33:43.805892,87.02,0.2614,89.58,0.3024,1000.0,0.0,4.199,79.2,99,0,60.0,2026-04-30T21:34:43.805758,4.216
2026-04-30T21:33:44.095933,87.05,0.2884,89.6,0.3026,1000.0,0.0,4.199,79.2,99,0,60.0,2026-04-30T21:34:44.095763,4.216
2026-04-30T21:33:44.153039,87.05,0.2884,89.61,0.3095,1000.0,0.0,4.199,79.2,99,0,60.0,2026-04-30T21:34:44.152938,4.216
2026-04-30T21:33:45.108262,87.05,0.2884,89.65,0.3161,1000.0,0.0,4.199,79.2,98,0,60.0,2026-04-30T21:34:45.108083,4.216
2026-04-30T21:33:45.169790,87.1,0.2884,89.66,0.3208,1000.0,0.0,4.199,79.1,98,0,60.0,2026-04-30T21:34:45.169624,4.216
2026-04-30T21:33:45.248828,87.1,0.2884,89.66,0.3224,1000.0,0.0,4.199,79.1,98,0,60.0,2026-04-30T21:34:45.248530,4.216
2026-04-30T21:33:46.180214,87.14,0.2884,89.7,0.324,1000.0,0.0,4.199,79.1,98,0,60.0,2026-04-30T21:34:46.180054,4.216
2026-04-30T21:33:46.470552,87.14,0.2718,89.71,0.3157,1000.0,0.0,4.199,79.1,98,0,60.0,2026-04-30T21:34:46.469887,4.216
2026-04-30T21:33:47.135966,87.14,0.2718,89.72,0.312,1000.0,0.0,4.199,79.1,98,0,60.0,2026-04-30T21:34:47.134225,4.216
2026-04-30T21:33:47.660393,87.18,0.2692,89.74,0.3094,1000.0,0.0,4.199,79.1,98,0,60.0,2026-04-30T21:34:47.659945,4.216
2026-04-30T21:33:47.788292,87.18,0.2692,89.75,0.3076,1000.0,0.0,4.199,79.1,98,0,60.0,2026-04-30T21:34:47.787975,4.216
2026-04-30T21:33:48.088536,87.18,0.2692,89.75,0.3067,1000.0,0.0,4.199,79.1,98,0,60.0,2026-04-30T21:34:48.087297,4.216
2026-04-30T21:33:48.344800,87.23,0.2659,89.78,0.3056,1000.0,0.0,4.199,79.1,98,0,60.0,2026-04-30T21:34:48.344374,4.216
2026-04-30T21:33:48.746462,87.23,0.2843,89.79,0.3118,1000.0,0.0,4.199,79.1,98,0,60.0,2026-04-30T21:34:48.746103,4.216
2026-04-30T21:33:49.085189,87.23,0.2843,89.81,0.3164,1000.0,0.0,4.199,79.1,98,0,60.0,2026-04-30T21:34:49.065726,4.216
2026-04-30T21:33:49.374231,87.26,0.2843,89.83,0.316,1000.0,0.0,4.199,79.1,98,0,60.0,2026-04-30T21:34:49.373817,4.216
2026-04-30T21:33:49.485142,87.26,0.2843,89.83,0.3179,1000.0,0.0,4.199,79.1,98,0,60.0,2026-04-30T21:34:49.484685,4.216
2026-04-30T21:33:50.348697,87.26,0.2843,89.86,0.3197,1000.0,0.0,4.199,79.1,98,0,60.0,2026-04-30T21:34:50.348489,4.216
2026-04-30T21:33:50.420009,87.3,0.2759,89.87,0.3166,1000.0,0.0,4.199,79.1,98,0,60.0,2026-04-30T21:34:50.419835,4.216
2026-04-30T21:33:50.504947,87.3,0.2759,89.87,0.315,1000.0,0.0,4.199,79.1,98,0,60.0,2026-04-30T21:34:50.504703,4.216
2026-04-30T21:33:52.899606,87.33,0.2759,89.91,0.314,1000.0,0.0,4.199,79.1,98,0,60.0,2026-04-30T21:34:52.899186,4.216
2026-04-30T21:33:53.302902,87.33,0.2801,89.93,0.3122,1000.0,0.0,4.199,79.1,98,0,60.0,2026-04-30T21:34:53.302424,4.216
2026-04-30T21:33:53.994834,87.33,0.2801,89.93,0.3152,1000.0,0.0,4.199,79.1,98,0,60.0,2026-04-30T21:34:53.976951,4.216
2026-04-30T21:33:54.199088,87.36,0.2659,89.93,0.3144,1000.0,0.0,4.199,79.1,98,0,60.0,2026-04-30T21:34:54.198752,4.216
2026-04-30T21:33:54.395844,87.36,0.2734,89.94,0.3125,1000.0,0.0,4.199,79.1,98,0,60.0,2026-04-30T21:34:54.395317,4.216
2026-04-30T21:33:54.580313,87.36,0.2734,89.94,0.3114,1000.0,0.0,4.199,79.1,98,0,60.0,2026-04-30T21:34:54.580057,4.216
2026-04-30T21:33:54.752608,87.4,0.2718,89.95,0.3106,1000.0,0.0,4.199,79.0,98,0,60.0,2026-04-30T21:34:54.752149,4.216
2026-04-30T21:33:54.962639,87.4,0.2718,89.97,0.3098,1000.0,0.0,4.199,79.0,98,0,60.0,2026-04-30T21:34:54.962137,4.216
2026-04-30T21:33:55.183982,87.4,0.2718,89.98,0.3093,1000.0,0.0,4.199,79.0,98,0,60.0,2026-04-30T21:34:55.170337,4.216
2026-04-30T21:33:55.406840,87.45,0.2709,90.0,0.3084,1000.0,0.0,4.199,79.0,98,0,60.0,2026-04-30T21:34:55.406478,4.216
2026-04-30T21:33:55.529881,87.45,0.2709,90.01,0.308,1000.0,0.0,4.199,79.0,98,0,60.0,2026-04-30T21:34:55.529469,4.216
2026-04-30T21:33:55.636198,87.45,0.2709,90.01,0.3079,1000.0,0.0,4.199,79.0,98,0,60.0,2026-04-30T21:34:55.635840,4.216
2026-04-30T21:33:55.745214,87.48,0.2669,90.03,0.3067,1000.0,0.0,4.199,79.0,98,0,60.0,2026-04-30T21:34:55.744907,4.216
2026-04-30T21:33:55.872483,87.48,0.2669,90.04,0.3057,1000.0,0.0,4.199,79.0,98,0,60.0,2026-04-30T21:34:55.872187,4.216
2026-04-30T21:33:56.673115,87.53,0.2669,90.07,0.3049,1000.0,0.0,4.199,79.0,98,0,60.0,2026-04-30T21:34:56.672751,4.216
2026-04-30T21:33:56.845795,87.53,0.2749,90.09,0.3066,1000.0,0.0,4.199,79.0,98,0,60.0,2026-04-30T21:34:56.845487,4.216
2026-04-30T21:33:57.032001,87.53,0.2749,90.1,0.3088,1000.0,0.0,4.199,79.0,98,0,60.0,2026-04-30T21:34:57.031122,4.216
2026-04-30T21:33:57.756640,87.57,0.2669,90.13,0.3094,1000.0,0.0,4.199,79.0,98,0,60.0,2026-04-30T21:34:57.756310,4.216
2026-04-30T21:33:58.299581,87.57,0.2749,90.14,0.31,1000.0,0.0,4.199,79.0,98,0,60.0,2026-04-30T21:34:58.299229,4.216
2026-04-30T21:33:58.628675,87.57,0.2749,90.15,0.311,1000.0,0.0,4.199,79.0,98,0,60.0,2026-04-30T21:34:58.628189,4.216
2026-04-30T21:33:58.869970,87.6,0.2675,90.16,0.3098,1000.0,0.0,4.199,79.0,98,0,60.0,2026-04-30T21:34:58.869262,4.216
2026-04-30T21:33:59.177998,87.6,0.2675,90.17,0.3074,1000.0,0.0,4.199,79.0,98,0,60.0,2026-04-30T21:34:59.153065,4.216
2026-04-30T21:33:59.534927,87.6,0.2675,90.18,0.306,1000.0,0.0,4.199,79.0,98,0,60.0,2026-04-30T21:34:59.534384,4.216
2026-04-30T21:33:59.813236,87.64,0.2742,90.2,0.3048,1000.0,0.0,4.199,79.0,98,0,60.0,2026-04-30T21:34:59.812982,4.216
2026-04-30T21:33:59.887940,87.64,0.2742,90.21,0.3071,1000.0,0.0,4.199,79.0,98,0,60.0,2026-04-30T21:34:59.887760,4.216
2026-04-30T21:34:00.828490,87.64,0.2742,90.24,0.3092,1000.0,0.0,4.199,79.0,98,0,60.0,2026-04-30T21:35:00.828274,4.216
2026-04-30T21:34:00.904158,87.7,0.2776,90.26,0.3096,1000.0,0.0,4.199,78.9,98,0,60.0,2026-04-30T21:35:00.903977,4.216
2026-04-30T21:34:01.222655,87.7,0.2776,90.27,0.3118,1000.0,0.0,4.199,78.9,98,0,60.0,2026-04-30T21:35:01.216205,4.216
2026-04-30T21:34:01.884950,87.74,0.2776,90.3,0.3135,1000.0,0.0,4.199,78.9,98,0,60.0,2026-04-30T21:35:01.884765,4.216
2026-04-30T21:34:01.956787,87.74,0.2776,90.31,0.314,1000.0,0.0,4.199,78.9,98,0,60.0,2026-04-30T21:35:01.956611,4.216
2026-04-30T21:34:02.031041,87.74,0.2776,90.31,0.3141,1000.0,0.0,4.199,78.9,98,0,60.0,2026-04-30T21:35:02.030820,4.216
2026-04-30T21:34:02.966430,87.8,0.2632,90.35,0.3123,1000.0,0.0,4.199,78.9,98,0,60.0,2026-04-30T21:35:02.966141,4.216
2026-04-30T21:34:03.289347,87.8,0.2717,90.37,0.3098,1000.0,0.0,4.199,78.9,98,0,60.0,2026-04-30T21:35:03.265576,4.216
2026-04-30T21:34:03.507977,87.8,0.2717,90.38,0.3093,1000.0,0.0,4.199,78.9,98,0,60.0,2026-04-30T21:35:03.507074,4.216
2026-04-30T21:34:04.289232,87.83,0.2717,90.4,0.3079,1000.0,0.0,4.199,78.9,98,0,60.0,2026-04-30T21:35:04.288840,4.216
2026-04-30T21:34:04.580604,87.83,0.2835,90.41,0.3145,1000.0,0.0,4.199,78.9,98,0,60.0,2026-04-30T21:35:04.580216,4.216
2026-04-30T21:34:04.697820,87.83,0.2835,90.41,0.3171,1000.0,0.0,4.199,78.9,98,0,60.0,2026-04-30T21:35:04.697263,4.216
2026-04-30T21:34:05.257689,87.87,0.2835,90.44,0.319,1000.0,0.0,4.199,78.9,98,0,60.0,2026-04-30T21:35:05.256379,4.216
2026-04-30T21:34:05.550932,87.87,0.2835,90.45,0.3197,1000.0,0.0,4.199,78.9,98,0,60.0,2026-04-30T21:35:05.550601,4.216
2026-04-30T21:34:06.183416,87.87,0.2835,90.47,0.3204,1000.0,0.0,4.199,78.9,98,0,60.0,2026-04-30T21:35:06.182752,4.216
2026-04-30T21:34:06.467161,87.92,0.2691,90.49,0.3131,1000.0,0.0,4.199,78.9,98,0,60.0,2026-04-30T21:35:06.466766,4.216
2026-04-30T21:34:06.681686,87.92,0.2691,90.49,0.3099,1000.0,0.0,4.199,78.9,98,0,60.0,2026-04-30T21:35:06.681266,4.216
2026-04-30T21:34:07.465566,87.99,0.2691,90.52,0.3082,1000.0,0.0,4.199,78.8,98,0,60.0,2026-04-30T21:35:07.465159,4.216
2026-04-30T21:34:08.179538,87.99,0.2826,90.55,0.3107,1000.0,0.0,4.199,78.8,98,0,60.0,2026-04-30T21:35:08.179098,4.216
2026-04-30T21:34:08.485796,87.99,0.2826,90.57,0.3161,1000.0,0.0,4.199,78.8,98,0,60.0,2026-04-30T21:35:08.485446,4.216
2026-04-30T21:34:08.707705,88.03,0.2826,90.58,0.318,1000.0,0.0,4.199,78.8,98,0,60.0,2026-04-30T21:35:08.707032,4.216
2026-04-30T21:34:09.294750,88.03,0.2911,90.6,0.3224,1000.0,0.0,4.199,78.8,98,0,60.0,2026-04-30T21:35:09.294298,4.216
2026-04-30T21:34:10.188153,88.03,0.2911,90.61,0.3258,1000.0,0.0,4.199,78.8,98,0,60.0,2026-04-30T21:35:10.187642,4.216
2026-04-30T21:34:10.563174,88.06,0.2767,90.63,0.3243,1000.0,0.0,4.199,78.8,98,0,60.0,2026-04-30T21:35:10.562778,4.216
2026-04-30T21:34:10.704166,88.06,0.2911,90.64,0.3263,1000.0,0.0,4.199,78.8,98,0,60.0,2026-04-30T21:35:10.703640,4.216
2026-04-30T21:34:10.950579,88.06,0.2911,90.64,0.3272,1000.0,0.0,4.199,78.8,98,0,60.0,2026-04-30T21:35:10.906956,4.216
2026-04-30T21:34:11.389367,88.1,0.2767,90.66,0.3229,1000.0,0.0,4.199,78.8,98,0,60.0,2026-04-30T21:35:11.388731,4.216
2026-04-30T21:34:11.513022,88.1,0.2767,90.67,0.319,1000.0,0.0,4.199,78.8,98,0,60.0,2026-04-30T21:35:11.512738,4.216
2026-04-30T21:34:11.646265,88.1,0.2767,90.67,0.3171,1000.0,0.0,4.199,78.8,98,0,60.0,2026-04-30T21:35:11.645869,4.216
2026-04-30T21:34:11.754251,88.16,0.286,90.7,0.3162,1000.0,0.0,4.199,78.8,98,0,60.0,2026-04-30T21:35:11.753871,4.216
2026-04-30T21:34:11.920747,88.16,0.286,90.71,0.3186,1000.0,0.0,4.199,78.8,98,0,60.0,2026-04-30T21:35:11.920393,4.216
2026-04-30T21:34:12.530238,88.21,0.286,90.73,0.3209,1000.0,0.0,4.199,78.8,98,0,60.0,2026-04-30T21:35:12.529917,4.216
2026-04-30T21:34:12.837154,88.21,0.286,90.76,0.3203,1000.0,0.0,4.199,78.8,98,0,60.0,2026-04-30T21:35:12.836099,4.216
2026-04-30T21:34:13.586705,88.21,0.286,90.78,0.322,1000.0,0.0,4.199,78.8,98,0,60.0,2026-04-30T21:35:13.581609,4.216
2026-04-30T21:34:13.767442,88.25,0.2827,90.8,0.3225,1000.0,0.0,4.199,78.8,98,0,60.0,2026-04-30T21:35:13.766982,4.216
2026-04-30T21:34:13.913998,88.25,0.2827,90.81,0.3215,1000.0,0.0,4.199,78.8,98,0,60.0,2026-04-30T21:35:13.913608,4.216
2026-04-30T21:34:14.117429,88.25,0.2827,90.82,0.321,1000.0,0.0,4.199,78.8,98,0,60.0,2026-04-30T21:35:14.117018,4.216
2026-04-30T21:34:14.526390,88.28,0.2691,90.83,0.3176,1000.0,0.0,4.199,78.8,98,0,60.0,2026-04-30T21:35:14.525959,4.216
2026-04-30T21:34:14.895071,88.28,0.2793,90.85,0.3173,1000.0,0.0,4.199,78.7,98,0,60.0,2026-04-30T21:35:14.894684,4.216
2026-04-30T21:34:15.278787,88.28,0.2793,90.86,0.3171,1000.0,0.0,4.199,78.7,98,0,60.0,2026-04-30T21:35:15.265600,4.216
2026-04-30T21:34:15.578085,88.32,0.281,90.88,0.3161,1000.0,0.0,4.199,78.7,98,0,60.0,2026-04-30T21:35:15.577702,4.216
2026-04-30T21:34:15.712223,88.32,0.281,90.88,0.317,1000.0,0.0,4.199,78.7,98,0,60.0,2026-04-30T21:35:15.711922,4.216
2026-04-30T21:34:16.549929,88.32,0.281,90.91,0.318,1000.0,0.0,4.199,78.7,98,0,60.0,2026-04-30T21:35:16.549256,4.216
2026-04-30T21:34:16.671877,88.33,0.281,90.91,0.3182,1000.0,0.0,4.199,78.7,98,0,60.0,2026-04-30T21:35:16.671388,4.216
2026-04-30T21:34:16.872353,88.33,0.281,90.91,0.3183,1000.0,0.0,4.199,78.7,98,0,60.0,2026-04-30T21:35:16.872054,4.216
2026-04-30T21:34:17.596377,88.38,0.281,90.93,0.3186,1000.0,0.0,4.199,78.7,98,0,60.0,2026-04-30T21:35:17.596028,4.216
2026-04-30T21:34:17.672531,88.38,0.2808,90.93,0.3175,1000.0,0.0,4.199,78.7,98,0,60.0,2026-04-30T21:35:17.672308,4.216
2026-04-30T21:34:17.783525,88.38,0.2808,90.94,0.3178,1000.0,0.0,4.199,78.7,98,0,60.0,2026-04-30T21:35:17.782452,4.216
2026-04-30T21:34:18.650450,88.41,0.2717,90.97,0.3169,1000.0,0.0,4.199,78.7,98,0,60.0,2026-04-30T21:35:18.650213,4.216
2026-04-30T21:34:18.749095,88.41,0.2902,90.97,0.3203,1000.0,0.0,4.199,78.7,98,0,60.0,2026-04-30T21:35:18.748843,4.216
2026-04-30T21:34:18.851940,88.41,0.2902,90.97,0.323,1000.0,0.0,4.199,78.7,98,0,60.0,2026-04-30T21:35:18.851532,4.216
2026-04-30T21:34:19.705602,88.44,0.2902,91.0,0.326,1000.0,0.0,4.199,78.7,99,0,60.0,2026-04-30T21:35:19.705411,4.216
2026-04-30T21:34:19.791234,88.44,0.2902,91.0,0.3268,1000.0,0.0,4.199,78.7,99,0,60.0,2026-04-30T21:35:19.791001,4.216
2026-04-30T21:34:19.895204,88.44,0.2902,91.0,0.3272,1000.0,0.0,4.199,78.7,99,0,60.0,2026-04-30T21:35:19.894786,4.216
2026-04-30T21:34:20.762484,88.48,0.2675,91.03,0.3188,1000.0,0.0,4.199,78.7,99,0,60.0,2026-04-30T21:35:20.762282,4.216
2026-04-30T21:34:20.837438,88.48,0.2675,91.04,0.3131,1000.0,0.0,4.199,78.7,99,0,60.0,2026-04-30T21:35:20.837251,4.216
2026-04-30T21:34:21.769855,88.48,0.2675,91.07,0.3099,1000.0,0.0,4.199,78.7,98,0,60.0,2026-04-30T21:35:21.769681,4.216
2026-04-30T21:34:21.832843,88.51,0.2875,91.07,0.3114,1000.0,0.0,4.199,78.7,98,0,60.0,2026-04-30T21:35:21.832654,4.216
2026-04-30T21:34:21.897201,88.51,0.2875,91.07,0.3166,1000.0,0.0,4.199,78.7,98,0,60.0,2026-04-30T21:35:21.897004,4.216
2026-04-30T21:34:22.845599,88.55,0.2875,91.1,0.3213,1000.0,0.0,4.199,78.7,98,0,60.0,2026-04-30T21:35:22.845215,4.216
2026-04-30T21:34:22.957594,88.55,0.2875,91.11,0.3232,1000.0,0.0,4.199,78.7,98,0,60.0,2026-04-30T21:35:22.957284,4.216
2026-04-30T21:34:23.434669,88.55,0.2875,91.12,0.3241,1000.0,0.0,4.199,78.7,98,0,60.0,2026-04-30T21:35:23.381183,4.216
2026-04-30T21:34:23.886168,88.61,0.2871,91.15,0.3249,1000.0,0.0,4.199,78.6,98,0,60.0,2026-04-30T21:35:23.885924,4.216
2026-04-30T21:34:24.186146,88.61,0.2871,91.16,0.3232,1000.0,0.0,4.199,78.6,98,0,60.0,2026-04-30T21:35:24.185744,4.216
2026-04-30T21:34:24.407641,88.61,0.2871,91.17,0.324,1000.0,0.0,4.199,78.6,98,0,60.0,2026-04-30T21:35:24.407052,4.216
2026-04-30T21:34:24.998248,88.64,0.2675,91.2,0.3197,1000.0,0.0,4.199,78.6,98,0,60.0,2026-04-30T21:35:24.980100,4.216
2026-04-30T21:34:25.299382,88.64,0.2749,91.21,0.3162,1000.0,0.0,4.199,78.6,98,0,60.0,2026-04-30T21:35:25.298824,4.216
2026-04-30T21:34:25.438514,88.64,0.2749,91.21,0.3147,1000.0,0.0,4.199,78.6,98,0,60.0,2026-04-30T21:35:25.437944,4.216
2026-04-30T21:34:25.990663,88.68,0.2758,91.23,0.3138,1000.0,0.0,4.199,78.6,98,0,60.0,2026-04-30T21:35:25.990471,4.216
2026-04-30T21:34:26.052097,88.68,0.2758,91.24,0.3137,1000.0,0.0,4.199,78.6,98,0,60.0,2026-04-30T21:35:26.051930,4.216
2026-04-30T21:34:27.106129,88.68,0.2758,91.27,0.314,1000.0,0.0,4.199,78.6,98,0,60.0,2026-04-30T21:35:27.105709,4.216
2026-04-30T21:34:27.253452,88.74,0.2758,91.29,0.3132,1000.0,0.0,4.199,78.6,98,0,60.0,2026-04-30T21:35:27.252896,4.216
2026-04-30T21:34:27.394873,88.74,0.2758,91.3,0.3134,1000.0,0.0,4.199,78.6,98,0,60.0,2026-04-30T21:35:27.394396,4.216
2026-04-30T21:34:28.081573,88.77,0.2758,91.33,0.3137,1000.0,0.0,4.199,78.6,98,0,60.0,2026-04-30T21:35:28.081326,4.216
2026-04-30T21:34:28.202187,88.77,0.2749,91.33,0.3126,1000.0,0.0,4.199,78.6,98,0,60.0,2026-04-30T21:35:28.201855,4.216
2026-04-30T21:34:28.390938,88.77,0.2749,91.34,0.3126,1000.0,0.0,4.199,78.6,98,0,60.0,2026-04-30T21:35:28.390545,4.216
2026-04-30T21:34:29.266434,88.81,0.2749,91.37,0.313,1000.0,0.0,4.199,78.6,98,0,60.0,2026-04-30T21:35:29.265620,4.216
2026-04-30T21:34:29.419384,88.81,0.2893,91.38,0.3187,1000.0,0.0,4.199,78.6,98,0,60.0,2026-04-30T21:35:29.419067,4.216
2026-04-30T21:34:29.570926,88.81,0.2893,91.38,0.3223,1000.0,0.0,4.199,78.6,98,0,60.0,2026-04-30T21:35:29.570390,4.216
2026-04-30T21:34:30.178740,88.9,0.2708,91.42,0.321,1000.0,0.0,4.199,78.5,98,0,60.0,2026-04-30T21:35:30.178499,4.216
2026-04-30T21:34:30.285933,88.9,0.2893,91.44,0.3236,1000.0,0.0,4.199,78.5,98,0,60.0,2026-04-30T21:35:30.285622,4.216
2026-04-30T21:34:30.427186,88.9,0.2893,91.45,0.3249,1000.0,0.0,4.199,78.5,98,0,60.0,2026-04-30T21:35:30.426749,4.216
2026-04-30T21:34:31.288418,88.92,0.2709,91.48,0.3197,1000.0,0.0,4.199,78.5,98,0,60.0,2026-04-30T21:35:31.288215,4.216
2026-04-30T21:34:31.671538,88.92,0.2709,91.49,0.3145,1000.0,0.0,4.199,78.5,98,0,60.0,2026-04-30T21:35:31.670912,4.216
2026-04-30T21:34:32.372384,88.92,0.2709,91.5,0.3119,1000.0,0.0,4.199,78.5,98,0,60.0,2026-04-30T21:35:32.372130,4.216
2026-04-30T21:34:32.596969,88.97,0.2928,91.52,0.3156,1000.0,0.0,4.199,78.5,98,0,60.0,2026-04-30T21:35:32.596659,4.216
2026-04-30T21:34:32.756390,88.97,0.2928,91.53,0.3223,1000.0,0.0,4.199,78.5,98,0,60.0,2026-04-30T21:35:32.756105,4.216
2026-04-30T21:34:33.538756,89.01,0.2928,91.56,0.3269,1000.0,0.0,4.199,78.5,98,0,60.0,2026-04-30T21:35:33.538316,4.216
2026-04-30T21:34:33.708427,89.01,0.2928,91.57,0.3261,1000.0,0.0,4.199,78.5,98,0,60.0,2026-04-30T21:35:33.707987,4.216
2026-04-30T21:34:33.860259,89.01,0.2928,91.57,0.3282,1000.0,0.0,4.199,78.5,98,0,60.0,2026-04-30T21:35:33.857363,4.216
2026-04-30T21:34:34.398628,89.05,0.2852,91.6,0.3287,1000.0,0.0,4.199,78.5,98,0,60.0,2026-04-30T21:35:34.398266,4.216
2026-04-30T21:34:34.627955,89.05,0.2852,91.61,0.3262,1000.0,0.0,4.199,78.5,98,0,60.0,2026-04-30T21:35:34.624954,4.216
2026-04-30T21:34:35.044847,89.05,0.2852,91.62,0.3249,1000.0,0.0,4.199,78.5,98,0,60.0,2026-04-30T21:35:35.015474,4.216
2026-04-30T21:34:35.458311,89.09,0.2784,91.64,0.3227,1000.0,0.0,4.199,78.5,98,0,60.0,2026-04-30T21:35:35.457931,4.216
2026-04-30T21:34:35.588274,89.09,0.2799,91.65,0.3208,1000.0,0.0,4.199,78.5,98,0,60.0,2026-04-30T21:35:35.587823,4.216
2026-04-30T21:34:35.684986,89.09,0.2799,91.65,0.3198,1000.0,0.0,4.199,78.5,98,0,60.0,2026-04-30T21:35:35.684651,4.216
2026-04-30T21:34:36.612847,89.13,0.2953,91.69,0.3206,1000.0,0.0,4.199,78.5,98,0,60.0,2026-04-30T21:35:36.612344,4.216
2026-04-30T21:34:36.795755,89.13,0.2953,91.7,0.3266,1000.0,0.0,4.199,78.5,98,0,60.0,2026-04-30T21:35:36.795449,4.216
2026-04-30T21:34:37.535577,89.13,0.2953,91.72,0.3304,1000.0,0.0,4.199,78.5,99,0,60.0,2026-04-30T21:35:37.535077,4.216
2026-04-30T21:34:37.681015,89.17,0.2953,91.73,0.332,1000.0,0.0,4.199,78.4,99,0,60.0,2026-04-30T21:35:37.680777,4.216
2026-04-30T21:34:37.789833,89.17,0.2953,91.73,0.3326,1000.0,0.0,4.199,78.4,99,0,60.0,2026-04-30T21:35:37.789465,4.216
2026-04-30T21:34:38.598608,89.19,0.2953,91.76,0.3334,1000.0,0.0,4.199,78.4,99,0,60.0,2026-04-30T21:35:38.597994,4.216
2026-04-30T21:34:38.820880,89.19,0.2794,91.76,0.3247,1000.0,0.0,4.199,78.4,99,0,60.0,2026-04-30T21:35:38.820433,4.216
2026-04-30T21:34:39.032361,89.19,0.2794,91.76,0.3218,1000.0,0.0,4.199,78.4,99,0,60.0,2026-04-30T21:35:38.994286,4.216
2026-04-30T21:34:39.637637,89.21,0.2767,91.78,0.3194,1000.0,0.0,4.199,78.4,99,0,60.0,2026-04-30T21:35:39.637116,4.216
2026-04-30T21:34:39.897956,89.21,0.297,91.78,0.3252,1000.0,0.0,4.199,78.4,99,0,60.0,2026-04-30T21:35:39.897480,4.216
2026-04-30T21:34:40.070506,89.21,0.297,91.79,0.3297,1000.0,0.0,4.199,78.4,99,0,60.0,2026-04-30T21:35:40.070191,4.216
2026-04-30T21:34:40.646506,89.24,0.297,91.79,0.3329,1000.0,0.0,4.199,78.4,99,0,60.0,2026-04-30T21:35:40.646307,4.216
2026-04-30T21:34:40.716859,89.24,0.297,91.8,0.3339,1000.0,0.0,4.199,78.4,99,0,60.0,2026-04-30T21:35:40.716669,4.216
2026-04-30T21:34:40.826112,89.24,0.297,91.8,0.3344,1000.0,0.0,4.199,78.4,99,0,60.0,2026-04-30T21:35:40.825277,4.216
2026-04-30T21:34:41.708692,89.28,0.2911,91.83,0.3317,1000.0,0.0,4.199,78.4,99,0,60.0,2026-04-30T21:35:41.708436,4.216
2026-04-30T21:34:41.806410,89.28,0.2911,91.84,0.3308,1000.0,0.0,4.199,78.4,99,0,60.0,2026-04-30T21:35:41.806196,4.216
2026-04-30T21:34:42.720050,89.28,0.2911,91.86,0.3304,1000.0,0.0,4.199,78.4,99,0,60.0,2026-04-30T21:35:42.719846,4.216
2026-04-30T21:34:42.814263,89.33,0.2871,91.87,0.3269,1000.0,0.0,4.199,78.4,99,0,60.0,2026-04-30T21:35:42.814001,4.216
2026-04-30T21:34:42.917798,89.33,0.2871,91.88,0.3263,1000.0,0.0,4.199,78.4,99,0,60.0,2026-04-30T21:35:42.917236,4.216
2026-04-30T21:34:43.822716,89.37,0.2871,91.91,0.3261,1000.0,0.0,4.199,78.4,99,0,60.0,2026-04-30T21:35:43.818676,4.216
2026-04-30T21:34:44.091842,89.37,0.3074,91.92,0.3328,1000.0,0.0,4.199,78.4,99,0,60.0,2026-04-30T21:35:44.091462,4.216
2026-04-30T21:34:44.296967,89.37,0.3074,91.92,0.3388,1000.0,0.0,4.199,78.4,99,0,60.0,2026-04-30T21:35:44.296654,4.216
2026-04-30T21:34:44.933589,89.41,0.2871,91.95,0.3398,1000.0,0.0,4.199,78.4,99,0,60.0,2026-04-30T21:35:44.932594,4.216
2026-04-30T21:34:45.303205,89.41,0.3074,91.96,0.341,1000.0,0.0,4.199,78.4,99,0,60.0,2026-04-30T21:35:45.302914,4.216
2026-04-30T21:34:45.629270,89.41,0.3074,91.97,0.3435,1000.0,0.0,4.199,78.4,99,0,60.0,2026-04-30T21:35:45.628895,4.216
2026-04-30T21:34:45.913259,89.46,0.2835,91.99,0.3395,1000.0,0.0,4.199,78.4,99,0,60.0,2026-04-30T21:35:45.912915,4.216
2026-04-30T21:34:46.054045,89.46,0.2835,92.0,0.3325,1000.0,0.0,4.199,78.3,99,0,60.0,2026-04-30T21:35:46.053654,4.216
2026-04-30T21:34:46.336349,89.46,0.2835,92.01,0.3285,1000.0,0.0,4.199,78.3,99,0,60.0,2026-04-30T21:35:46.335820,4.216
2026-04-30T21:34:47.061845,89.49,0.2978,92.04,0.3246,1000.0,0.0,4.199,78.3,99,0,60.0,2026-04-30T21:35:47.030170,4.216
2026-04-30T21:34:47.345699,89.49,0.2978,92.05,0.3305,1000.0,0.0,4.199,78.3,99,0,60.0,2026-04-30T21:35:47.345367,4.216
2026-04-30T21:34:47.948772,89.49,0.2978,92.06,0.3337,1000.0,0.0,4.199,78.3,99,0,60.0,2026-04-30T21:35:47.948587,4.216
2026-04-30T21:34:48.011735,89.52,0.2978,92.07,0.3313,1000.0,0.0,4.199,78.3,99,0,60.0,2026-04-30T21:35:48.011549,4.216
2026-04-30T21:34:48.082782,89.52,0.2978,92.07,0.3332,1000.0,0.0,4.199,78.3,99,0,60.0,2026-04-30T21:35:48.082581,4.216
2026-04-30T21:34:49.214071,89.59,0.2978,92.11,0.3352,1000.0,0.0,4.199,78.3,99,0,60.0,2026-04-30T21:35:49.213709,4.216
2026-04-30T21:34:49.584644,89.59,0.2862,92.14,0.3285,1000.0,0.0,4.199,78.3,99,0,60.0,2026-04-30T21:35:49.584147,4.216
2026-04-30T21:34:49.723795,89.59,0.2862,92.14,0.3267,1000.0,0.0,4.199,78.3,99,0,60.0,2026-04-30T21:35:49.723486,4.216
2026-04-30T21:34:50.109627,89.62,0.2862,92.16,0.326,1000.0,0.0,4.199,78.3,99,0,60.0,2026-04-30T21:35:50.108726,4.216
2026-04-30T21:34:50.264083,89.62,0.2862,92.17,0.325,1000.0,0.0,4.199,78.3,99,0,60.0,2026-04-30T21:35:50.263816,4.216
2026-04-30T21:34:50.446884,89.62,0.2862,92.18,0.325,1000.0,0.0,4.199,78.3,99,0,60.0,2026-04-30T21:35:50.446190,4.216
2026-04-30T21:34:51.149854,89.67,0.2801,92.21,0.3235,1000.0,0.0,4.199,78.3,99,0,60.0,2026-04-30T21:35:51.149613,4.216
2026-04-30T21:34:51.279537,89.67,0.2979,92.22,0.3292,1000.0,0.0,4.199,78.3,99,0,60.0,2026-04-30T21:35:51.279251,4.216
2026-04-30T21:34:51.474735,89.67,0.2979,92.23,0.3322,1000.0,0.0,4.199,78.3,99,0,60.0,2026-04-30T21:35:51.474419,4.216
2026-04-30T21:34:52.174371,89.7,0.2979,92.25,0.3349,1000.0,0.0,4.199,78.3,99,0,60.0,2026-04-30T21:35:52.174176,4.216
2026-04-30T21:34:52.247876,89.7,0.2979,92.26,0.3356,1000.0,0.0,4.199,78.3,99,0,60.0,2026-04-30T21:35:52.247651,4.216
2026-04-30T21:34:53.178054,89.7,0.2979,92.29,0.3365,1000.0,0.0,4.199,78.3,99,0,60.0,2026-04-30T21:35:53.177784,4.216
2026-04-30T21:34:53.251319,89.75,0.2943,92.3,0.3331,1000.0,0.0,4.199,78.2,99,0,60.0,2026-04-30T21:35:53.251128,4.216
2026-04-30T21:34:53.331073,89.75,0.2943,92.3,0.333,1000.0,0.0,4.199,78.2,99,0,60.0,2026-04-30T21:35:53.330811,4.216
2026-04-30T21:34:54.242254,89.78,0.2943,92.33,0.3334,1000.0,0.0,4.199,78.2,99,0,60.0,2026-04-30T21:35:54.242036,4.216
2026-04-30T21:34:54.325483,89.78,0.2835,92.33,0.3266,1000.0,0.0,4.199,78.2,99,0,60.0,2026-04-30T21:35:54.325259,4.216
2026-04-30T21:34:54.425699,89.78,0.2835,92.33,0.3249,1000.0,0.0,4.199,78.2,99,0,60.0,2026-04-30T21:35:54.425378,4.216
2026-04-30T21:34:55.430181,89.85,0.2835,92.37,0.3237,1000.0,0.0,4.199,78.2,99,0,60.0,2026-04-30T21:35:55.429809,4.216
2026-04-30T21:34:55.601630,89.85,0.3029,92.39,0.331,1000.0,0.0,4.199,78.2,99,0,60.0,2026-04-30T21:35:55.601072,4.216
2026-04-30T21:34:55.771172,89.85,0.3029,92.4,0.3356,1000.0,0.0,4.199,78.2,99,0,60.0,2026-04-30T21:35:55.770229,4.216
2026-04-30T21:34:56.381516,89.87,0.2852,92.42,0.3345,1000.0,0.0,4.199,78.2,99,0,60.0,2026-04-30T21:35:56.381188,4.216
2026-04-30T21:34:56.510996,89.87,0.3029,92.42,0.3376,1000.0,0.0,4.199,78.2,99,0,60.0,2026-04-30T21:35:56.510639,4.216
2026-04-30T21:34:56.671124,89.87,0.3029,92.43,0.3393,1000.0,0.0,4.199,78.2,99,0,60.0,2026-04-30T21:35:56.670625,4.216
2026-04-30T21:34:57.408007,89.91,0.2853,92.45,0.3346,1000.0,0.0,4.199,78.2,99,0,60.0,2026-04-30T21:35:57.407808,4.216
2026-04-30T21:34:57.478564,89.91,0.2853,92.46,0.3304,1000.0,0.0,4.199,78.2,99,0,60.0,2026-04-30T21:35:57.478380,4.216
2026-04-30T21:34:58.418044,89.91,0.2853,92.49,0.3281,1000.0,0.0,4.199,78.2,99,0,60.0,2026-04-30T21:35:58.417862,4.216
2026-04-30T21:34:58.499279,89.96,0.2953,92.5,0.3282,1000.0,0.0,4.199,78.2,99,0,60.0,2026-04-30T21:35:58.499017,4.216
2026-04-30T21:34:58.781573,89.96,0.2953,92.51,0.3308,1000.0,0.0,4.199,78.2,99,0,60.0,2026-04-30T21:35:58.781249,4.216
2026-04-30T21:34:59.506243,90.01,0.2953,92.54,0.3329,1000.0,0.0,4.199,78.2,98,0,60.0,2026-04-30T21:35:59.505856,4.216
2026-04-30T21:34:59.629944,90.01,0.2962,92.55,0.333,1000.0,0.0,4.199,78.2,98,0,60.0,2026-04-30T21:35:59.629655,4.216
2026-04-30T21:34:59.839267,90.01,0.2962,92.56,0.3338,1000.0,0.0,4.199,78.2,98,0,60.0,2026-04-30T21:35:59.838794,4.216
2026-04-30T21:35:00.551526,90.05,0.2962,92.59,0.3348,1000.0,0.0,4.199,78.1,98,0,60.0,2026-04-30T21:36:00.551257,4.216
2026-04-30T21:35:00.740883,90.05,0.2962,92.6,0.335,1000.0,0.0,4.199,78.1,98,0,60.0,2026-04-30T21:36:00.740358,4.216
2026-04-30T21:35:01.067401,90.05,0.2962,92.61,0.3351,1000.0,0.0,4.199,78.1,98,0,60.0,2026-04-30T21:36:01.065480,4.216
2026-04-30T21:35:01.594068,90.08,0.2869,92.63,0.3332,1000.0,0.0,4.199,78.1,99,0,60.0,2026-04-30T21:36:01.593843,4.216
2026-04-30T21:35:01.676542,90.08,0.2884,92.63,0.3308,1000.0,0.0,4.199,78.1,99,0,60.0,2026-04-30T21:36:01.676261,4.216
2026-04-30T21:35:01.795250,90.08,0.2884,92.64,0.3296,1000.0,0.0,4.199,78.1,99,0,60.0,2026-04-30T21:36:01.794980,4.216
2026-04-30T21:35:02.646644,90.13,0.3047,92.67,0.3301,1000.0,0.0,4.199,78.1,99,0,60.0,2026-04-30T21:36:02.646444,4.216
2026-04-30T21:35:02.718033,90.13,0.3047,92.68,0.3357,1000.0,0.0,4.199,78.1,99,0,60.0,2026-04-30T21:36:02.717857,4.216
2026-04-30T21:35:03.654345,90.13,0.3047,92.71,0.3398,1000.0,0.0,4.199,78.1,98,0,60.0,2026-04-30T21:36:03.654163,4.216
2026-04-30T21:35:03.734409,90.17,0.3047,92.72,0.342,1000.0,0.0,4.199,78.1,98,0,60.0,2026-04-30T21:36:03.734132,4.216
2026-04-30T21:35:04.033264,90.17,0.3047,92.72,0.3427,1000.0,0.0,4.199,78.1,98,0,60.0,2026-04-30T21:36:04.032887,4.216
2026-04-30T21:35:04.711650,90.21,0.3047,92.75,0.3436,1000.0,0.0,4.199,78.1,98,0,60.0,2026-04-30T21:36:04.711434,4.216
2026-04-30T21:35:04.805673,90.21,0.2893,92.76,0.3357,1000.0,0.0,4.199,78.1,98,0,60.0,2026-04-30T21:36:04.805306,4.216
2026-04-30T21:35:04.909927,90.21,0.2893,92.77,0.3329,1000.0,0.0,4.199,78.1,98,0,60.0,2026-04-30T21:36:04.909215,4.216
2026-04-30T21:35:05.790514,90.27,0.2827,92.8,0.3297,1000.0,0.0,4.199,78.1,99,0,60.0,2026-04-30T21:36:05.790223,4.216
2026-04-30T21:35:06.030071,90.27,0.2929,92.81,0.3301,1000.0,0.0,4.199,78.1,99,0,60.0,2026-04-30T21:36:06.029809,4.216
2026-04-30T21:35:06.290677,90.27,0.2929,92.82,0.3311,1000.0,0.0,4.199,78.1,99,0,60.0,2026-04-30T21:36:06.290024,4.216
2026-04-30T21:35:06.877862,90.32,0.2929,92.85,0.3318,1000.0,0.0,4.199,78.1,99,0,60.0,2026-04-30T21:36:06.877351,4.216
2026-04-30T21:35:07.104564,90.32,0.3064,92.85,0.3381,1000.0,0.0,4.199,78.1,99,0,60.0,2026-04-30T21:36:07.079221,4.216
2026-04-30T21:35:07.413186,90.32,0.3064,92.86,0.3416,1000.0,0.0,4.199,78.1,98,0,60.0,2026-04-30T21:36:07.412848,4.216
2026-04-30T21:35:07.881968,90.33,0.3064,92.88,0.3409,1000.0,0.0,4.199,78.1,98,0,60.0,2026-04-30T21:36:07.881755,4.216
2026-04-30T21:35:07.953755,90.33,0.3064,92.88,0.3428,1000.0,0.0,4.199,78.1,98,0,60.0,2026-04-30T21:36:07.953572,4.216
2026-04-30T21:35:08.899844,90.33,0.3064,92.9,0.3446,1000.0,0.0,4.199,78.1,98,0,60.0,2026-04-30T21:36:08.899600,4.216
2026-04-30T21:35:09.108200,90.36,0.2961,92.91,0.3396,1000.0,0.0,4.199,78.0,98,0,60.0,2026-04-30T21:36:09.095577,4.216
2026-04-30T21:35:09.429605,90.36,0.2961,92.91,0.3376,1000.0,0.0,4.199,78.0,99,0,60.0,2026-04-30T21:36:09.429256,4.216
2026-04-30T21:35:09.962059,90.4,0.2961,92.93,0.3367,1000.0,0.0,4.199,78.0,99,0,60.0,2026-04-30T21:36:09.961728,4.216
2026-04-30T21:35:10.123280,90.4,0.3088,92.94,0.3398,1000.0,0.0,4.199,78.0,99,0,60.0,2026-04-30T21:36:10.122950,4.216
2026-04-30T21:35:10.350480,90.4,0.3088,92.94,0.3433,1000.0,0.0,4.199,78.0,99,0,60.0,2026-04-30T21:36:10.350081,4.216
2026-04-30T21:35:11.254838,90.44,0.2961,92.98,0.3442,1000.0,0.0,4.199,78.0,99,0,60.0,2026-04-30T21:36:11.240142,4.216
2026-04-30T21:35:11.437719,90.44,0.3088,92.98,0.3442,1000.0,0.0,4.199,78.0,99,0,60.0,2026-04-30T21:36:11.437195,4.216
2026-04-30T21:35:11.559852,90.44,0.3088,92.99,0.3459,1000.0,0.0,4.199,78.0,99,0,60.0,2026-04-30T21:36:11.559254,4.216
2026-04-30T21:35:12.059094,90.48,0.2869,93.01,0.3421,1000.0,0.0,4.199,78.0,99,0,60.0,2026-04-30T21:36:12.058777,4.216
2026-04-30T21:35:12.130553,90.48,0.297,93.02,0.3398,1000.0,0.0,4.199,78.0,99,0,60.0,2026-04-30T21:36:12.130356,4.216
2026-04-30T21:35:12.223972,90.48,0.297,93.02,0.3387,1000.0,0.0,4.199,78.0,99,0,60.0,2026-04-30T21:36:12.223730,4.216
2026-04-30T21:35:13.120763,90.5,0.297,93.05,0.3375,1000.0,0.0,4.199,78.0,99,0,60.0,2026-04-30T21:36:13.120483,4.216
2026-04-30T21:35:13.227526,90.5,0.297,93.05,0.3371,1000.0,0.0,4.199,78.0,99,0,60.0,2026-04-30T21:36:13.225150,4.216
2026-04-30T21:35:14.129630,90.5,0.297,93.08,0.3372,1000.0,0.0,4.199,78.0,99,0,60.0,2026-04-30T21:36:14.129380,4.216
2026-04-30T21:35:14.205697,90.54,0.3105,93.08,0.3398,1000.0,0.0,4.199,78.0,99,0,60.0,2026-04-30T21:36:14.205482,4.216
2026-04-30T21:35:14.290736,90.54,0.3105,93.08,0.3438,1000.0,0.0,4.199,78.0,99,0,60.0,2026-04-30T21:36:14.290483,4.216
2026-04-30T21:35:15.512386,90.59,0.3105,93.12,0.3474,1000.0,0.0,4.199,78.0,98,0,60.0,2026-04-30T21:36:15.511596,4.216
2026-04-30T21:35:15.827136,90.59,0.3105,93.14,0.3491,1000.0,0.0,4.199,78.0,98,0,60.0,2026-04-30T21:36:15.826693,4.216
2026-04-30T21:35:16.075872,90.59,0.3105,93.14,0.3497,1000.0,0.0,4.199,78.0,98,0,60.0,2026-04-30T21:36:16.067030,4.216
2026-04-30T21:35:16.289287,90.62,0.2776,93.15,0.3465,1000.0,0.0,4.199,78.0,98,0,60.0,2026-04-30T21:36:16.288743,4.216
2026-04-30T21:35:16.536779,90.62,0.2843,93.16,0.3362,1000.0,0.0,4.199,78.0,98,0,60.0,2026-04-30T21:36:16.536452,4.216
2026-04-30T21:35:16.664667,90.62,0.2843,93.17,0.3314,1000.0,0.0,4.199,78.0,98,0,60.0,2026-04-30T21:36:16.664270,4.216
2026-04-30T21:35:17.317624,90.63,0.2843,93.19,0.3267,1000.0,0.0,4.199,78.0,99,0,60.0,2026-04-30T21:36:17.317301,4.216
2026-04-30T21:35:17.418607,90.63,0.3123,93.18,0.3374,1000.0,0.0,4.199,78.0,99,0,60.0,2026-04-30T21:36:17.418399,4.216
2026-04-30T21:35:17.524273,90.63,0.3123,93.18,0.3426,1000.0,0.0,4.199,78.0,99,0,60.0,2026-04-30T21:36:17.524025,4.216
2026-04-30T21:35:18.379159,90.66,0.3123,93.21,0.3483,1000.0,0.0,4.199,77.9,99,0,60.0,2026-04-30T21:36:18.378924,4.216
2026-04-30T21:35:18.479989,90.66,0.3123,93.21,0.3499,1000.0,0.0,4.199,77.9,99,0,60.0,2026-04-30T21:36:18.479643,4.216
2026-04-30T21:35:19.511993,90.66,0.3123,93.24,0.3512,1000.0,0.0,4.199,77.9,99,0,60.0,2026-04-30T21:36:19.511638,4.216
2026-04-30T21:35:19.894486,90.71,0.297,93.25,0.3435,1000.0,0.0,4.199,77.9,99,0,60.0,2026-04-30T21:36:19.894159,4.216
2026-04-30T21:35:20.069034,90.71,0.297,93.26,0.3401,1000.0,0.0,4.199,77.9,99,0,60.0,2026-04-30T21:36:20.068727,4.216
2026-04-30T21:35:20.464522,90.75,0.297,93.27,0.3386,1000.0,0.0,4.199,77.9,99,0,60.0,2026-04-30T21:36:20.464185,4.216
2026-04-30T21:35:20.685274,90.75,0.3199,93.28,0.3444,1000.0,0.0,4.199,77.9,99,0,60.0,2026-04-30T21:36:20.684730,4.216
2026-04-30T21:35:21.323532,90.75,0.3199,93.29,0.3511,1000.0,0.0,4.199,77.9,99,0,60.0,2026-04-30T21:36:21.321423,4.216
2026-04-30T21:35:22.070084,90.79,0.3199,93.33,0.3567,1000.0,0.0,4.199,77.9,99,0,60.0,2026-04-30T21:36:22.066818,4.216
2026-04-30T21:35:22.468120,90.79,0.3199,93.34,0.3587,1000.0,0.0,4.199,77.9,98,0,60.0,2026-04-30T21:36:22.467460,4.216
2026-04-30T21:35:22.606341,90.79,0.3199,93.34,0.3593,1000.0,0.0,4.199,77.9,98,0,60.0,2026-04-30T21:36:22.605691,4.216
2026-04-30T21:35:22.737464,90.82,0.2945,93.35,0.3564,1000.0,0.0,4.199,77.9,98,0,60.0,2026-04-30T21:36:22.736883,4.216
2026-04-30T21:35:22.879484,90.82,0.3087,93.35,0.3535,1000.0,0.0,4.199,77.9,98,0,60.0,2026-04-30T21:36:22.879147,4.216
2026-04-30T21:35:23.155521,90.82,0.3087,93.36,0.3517,1000.0,0.0,4.199,77.9,98,0,60.0,2026-04-30T21:36:23.123484,4.216
2026-04-30T21:35:23.584090,90.84,0.2961,93.38,0.3458,1000.0,0.0,4.199,77.9,99,0,60.0,2026-04-30T21:36:23.583931,4.216
2026-04-30T21:35:23.655936,90.84,0.2961,93.38,0.342,1000.0,0.0,4.199,77.9,99,0,60.0,2026-04-30T21:36:23.655746,4.216
2026-04-30T21:35:24.623143,90.84,0.2961,93.41,0.3398,1000.0,0.0,4.199,77.9,99,0,60.0,2026-04-30T21:36:24.622794,4.216
2026-04-30T21:35:25.000832,90.89,0.3019,93.43,0.3391,1000.0,0.0,4.199,77.9,99,0,60.0,2026-04-30T21:36:25.000392,4.216
2026-04-30T21:35:25.584038,90.89,0.3019,93.44,0.3406,1000.0,0.0,4.199,77.9,98,0,60.0,2026-04-30T21:36:25.583624,4.216
2026-04-30T21:35:25.726812,90.92,0.3019,93.45,0.3413,1000.0,0.0,4.199,77.9,98,0,60.0,2026-04-30T21:36:25.726319,4.216
2026-04-30T21:35:25.853748,90.92,0.3021,93.46,0.3411,1000.0,0.0,4.199,77.9,98,0,60.0,2026-04-30T21:36:25.853164,4.216
2026-04-30T21:35:26.045285,90.92,0.3021,93.46,0.3414,1000.0,0.0,4.199,77.9,98,0,60.0,2026-04-30T21:36:26.044876,4.216
2026-04-30T21:35:26.779786,90.97,0.3019,93.49,0.342,1000.0,0.0,4.199,77.8,98,0,60.0,2026-04-30T21:36:26.779439,4.216
2026-04-30T21:35:26.989065,90.97,0.3021,93.51,0.342,1000.0,0.0,4.199,77.8,98,0,60.0,2026-04-30T21:36:26.988755,4.216
2026-04-30T21:35:27.309795,90.97,0.3021,93.52,0.3421,1000.0,0.0,4.199,77.8,98,0,60.0,2026-04-30T21:36:27.290035,4.216
2026-04-30T21:35:27.766851,90.99,0.2943,93.53,0.3402,1000.0,0.0,4.199,77.8,98,0,60.0,2026-04-30T21:36:27.766659,4.216
2026-04-30T21:35:27.845435,90.99,0.3097,93.54,0.344,1000.0,0.0,4.199,77.8,98,0,60.0,2026-04-30T21:36:27.845192,4.216
2026-04-30T21:35:27.950971,90.99,0.3097,93.54,0.3459,1000.0,0.0,4.199,77.8,98,0,60.0,2026-04-30T21:36:27.950154,4.216
2026-04-30T21:35:28.821669,91.08,0.3164,93.59,0.3474,1000.0,0.0,4.199,77.8,98,0,60.0,2026-04-30T21:36:28.821471,4.216
2026-04-30T21:35:28.893927,91.08,0.3164,93.61,0.351,1000.0,0.0,4.199,77.8,98,0,60.0,2026-04-30T21:36:28.893699,4.216
2026-04-30T21:35:29.839115,91.08,0.3164,93.64,0.3539,1000.0,0.0,4.199,77.8,98,0,60.0,2026-04-30T21:36:29.838849,4.216
2026-04-30T21:35:29.941466,91.13,0.3164,93.66,0.3553,1000.0,0.0,4.199,77.8,98,0,60.0,2026-04-30T21:36:29.941215,4.216
2026-04-30T21:35:30.044003,91.13,0.3164,93.67,0.3558,1000.0,0.0,4.199,77.8,98,0,60.0,2026-04-30T21:36:30.043642,4.216
2026-04-30T21:35:30.887354,91.16,0.3164,93.7,0.3566,1000.0,0.0,4.199,77.8,98,0,60.0,2026-04-30T21:36:30.887133,4.216
2026-04-30T21:35:30.997202,91.16,0.3046,93.7,0.3461,1000.0,0.0,4.199,77.8,98,0,60.0,2026-04-30T21:36:30.979287,4.216
2026-04-30T21:35:31.315243,91.16,0.3046,93.71,0.3455,1000.0,0.0,4.199,77.8,98,0,60.0,2026-04-30T21:36:31.314926,4.216
2026-04-30T21:35:31.963614,91.21,0.2808,93.73,0.3418,1000.0,0.0,4.199,77.8,98,0,60.0,2026-04-30T21:36:31.963287,4.216
2026-04-30T21:35:32.072326,91.21,0.3265,93.74,0.3513,1000.0,0.0,4.199,77.8,98,0,60.0,2026-04-30T21:36:32.072076,4.216
2026-04-30T21:35:32.179662,91.21,0.3265,93.75,0.3571,1000.0,0.0,4.199,77.8,98,0,60.0,2026-04-30T21:36:32.179242,4.216
2026-04-30T21:35:33.100269,91.26,0.3265,93.79,0.363,1000.0,0.0,4.199,77.7,98,0,60.0,2026-04-30T21:36:33.100042,4.216
2026-04-30T21:35:33.199243,91.26,0.3265,93.79,0.3647,1000.0,0.0,4.199,77.7,98,0,60.0,2026-04-30T21:36:33.198989,4.216
2026-04-30T21:35:33.315920,91.26,0.3265,93.8,0.3655,1000.0,0.0,4.199,77.7,98,0,60.0,2026-04-30T21:36:33.314515,4.216
2026-04-30T21:35:34.057467,91.32,0.3113,93.84,0.3609,1000.0,0.0,4.199,77.7,98,0,60.0,2026-04-30T21:36:34.057265,4.216
2026-04-30T21:35:34.129274,91.32,0.3113,93.85,0.3572,1000.0,0.0,4.199,77.7,98,0,60.0,2026-04-30T21:36:34.128997,4.216
2026-04-30T21:35:35.212805,91.32,0.3113,93.88,0.3552,1000.0,0.0,4.199,77.7,98,0,60.0,2026-04-30T21:36:35.212163,4.216
2026-04-30T21:35:35.435020,91.37,0.3154,93.9,0.3541,1000.0,0.0,4.199,77.7,98,0,60.0,2026-04-30T21:36:35.434439,4.216
2026-04-30T21:35:35.614639,91.37,0.3154,93.91,0.3549,1000.0,0.0,4.199,77.7,98,0,60.0,2026-04-30T21:36:35.614363,4.216
2026-04-30T21:35:36.165232,91.42,0.3154,93.92,0.3556,1000.0,0.0,4.199,77.7,98,0,60.0,2026-04-30T21:36:36.164604,4.216
2026-04-30T21:35:36.370338,91.42,0.3204,93.94,0.3572,1000.0,0.0,4.199,77.7,98,0,60.0,2026-04-30T21:36:36.369145,4.216
2026-04-30T21:35:36.638649,91.42,0.3204,93.95,0.3588,1000.0,0.0,4.199,77.7,98,0,60.0,2026-04-30T21:36:36.638173,4.216
2026-04-30T21:35:37.346699,91.46,0.3154,93.98,0.3595,1000.0,0.0,4.199,77.7,98,0,60.0,2026-04-30T21:36:37.346493,4.216
2026-04-30T21:35:37.468160,91.46,0.3204,93.99,0.3588,1000.0,0.0,4.199,77.7,98,0,60.0,2026-04-30T21:36:37.467643,4.216
2026-04-30T21:35:37.573511,91.46,0.3204,93.99,0.3596,1000.0,0.0,4.199,77.7,98,0,60.0,2026-04-30T21:36:37.573211,4.216
2026-04-30T21:35:38.231138,91.51,0.3054,94.03,0.3568,1000.0,0.0,4.199,77.7,98,0,60.0,2026-04-30T21:36:38.230955,4.216
2026-04-30T21:35:38.302375,91.51,0.3213,94.03,0.3588,1000.0,0.0,4.199,77.7,98,0,60.0,2026-04-30T21:36:38.302201,4.216
2026-04-30T21:35:38.373710,91.51,0.3213,94.04,0.3598,1000.0,0.0,4.199,77.7,98,0,60.0,2026-04-30T21:36:38.373523,4.216
2026-04-30T21:35:39.320236,91.55,0.3213,94.08,0.3613,1000.0,0.0,4.199,77.6,98,0,60.0,2026-04-30T21:36:39.320003,4.216
2026-04-30T21:35:39.423965,91.55,0.3213,94.08,0.3616,1000.0,0.0,4.199,77.6,98,0,60.0,2026-04-30T21:36:39.423725,4.216
2026-04-30T21:35:40.308676,91.55,0.3213,94.11,0.3621,1000.0,0.0,4.199,77.6,98,0,60.0,2026-04-30T21:36:40.308478,4.216
2026-04-30T21:35:40.454187,91.58,0.3154,94.12,0.3587,1000.0,0.0,4.199,77.6,98,0,60.0,2026-04-30T21:36:40.453609,4.216
2026-04-30T21:35:40.614876,91.58,0.3154,94.12,0.3576,1000.0,0.0,4.199,77.6,98,0,60.0,2026-04-30T21:36:40.614382,4.216
2026-04-30T21:35:41.401684,91.65,0.3154,94.15,0.3571,1000.0,0.0,4.199,77.6,98,0,60.0,2026-04-30T21:36:41.401205,4.216
2026-04-30T21:35:41.577879,91.65,0.3088,94.17,0.3532,1000.0,0.0,4.199,77.6,98,0,60.0,2026-04-30T21:36:41.577491,4.216
2026-04-30T21:35:41.915046,91.65,0.3088,94.18,0.3516,1000.0,0.0,4.199,77.6,98,0,60.0,2026-04-30T21:36:41.914345,4.216
2026-04-30T21:35:42.465083,91.69,0.3074,94.2,0.3504,1000.0,0.0,4.199,77.6,98,0,60.0,2026-04-30T21:36:42.464779,4.216
2026-04-30T21:35:42.595692,91.69,0.3316,94.21,0.3585,1000.0,0.0,4.199,77.6,98,0,60.0,2026-04-30T21:36:42.595344,4.216
2026-04-30T21:35:42.711723,91.69,0.3316,94.22,0.3638,1000.0,0.0,4.199,77.6,98,0,60.0,2026-04-30T21:36:42.711240,4.216
2026-04-30T21:35:43.472581,91.75,0.308,94.26,0.3625,1000.0,0.0,4.199,77.6,98,0,60.0,2026-04-30T21:36:43.472409,4.216
2026-04-30T21:35:43.542365,91.75,0.3316,94.27,0.3667,1000.0,0.0,4.199,77.6,98,0,60.0,2026-04-30T21:36:43.542195,4.216
2026-04-30T21:35:43.613750,91.75,0.3316,94.27,0.3686,1000.0,0.0,4.199,77.6,98,0,60.0,2026-04-30T21:36:43.613580,4.216
2026-04-30T21:35:44.525919,91.79,0.3114,94.31,0.3629,1000.0,0.0,4.199,77.6,98,0,60.0,2026-04-30T21:36:44.525660,4.216
2026-04-30T21:35:44.623066,91.79,0.3114,94.32,0.3585,1000.0,0.0,4.199,77.6,98,0,60.0,2026-04-30T21:36:44.622809,4.216
2026-04-30T21:35:45.550001,91.79,0.3114,94.35,0.3561,1000.0,0.0,4.199,77.6,98,0,60.0,2026-04-30T21:36:45.549632,4.216
2026-04-30T21:35:45.661884,91.84,0.3257,94.36,0.3572,1000.0,0.0,4.199,77.5,98,0,60.0,2026-04-30T21:36:45.661665,4.216
2026-04-30T21:35:45.844095,91.84,0.3257,94.37,0.3611,1000.0,0.0,4.199,77.5,98,0,60.0,2026-04-30T21:36:45.843704,4.217
2026-04-30T21:35:46.596400,91.89,0.3257,94.4,0.3643,1000.0,0.0,4.199,77.5,98,0,60.0,2026-04-30T21:36:46.596230,4.217
2026-04-30T21:35:46.695323,91.89,0.3282,94.41,0.3648,1000.0,0.0,4.199,77.5,98,0,60.0,2026-04-30T21:36:46.694988,4.217
2026-04-30T21:35:46.805882,91.89,0.3282,94.42,0.3665,1000.0,0.0,4.199,77.5,98,0,60.0,2026-04-30T21:36:46.805281,4.217
2026-04-30T21:35:47.650154,91.94,0.3282,94.46,0.3683,1000.0,0.0,4.199,77.5,99,0,60.0,2026-04-30T21:36:47.649968,4.217
2026-04-30T21:35:47.721239,91.94,0.3282,94.46,0.3687,1000.0,0.0,4.199,77.5,99,0,60.0,2026-04-30T21:36:47.721068,4.217
2026-04-30T21:35:47.792377,91.94,0.3282,94.47,0.3689,1000.0,0.0,4.199,77.5,99,0,60.0,2026-04-30T21:36:47.792084,4.217
2026-04-30T21:35:48.709624,91.98,0.297,94.51,0.3606,1000.0,0.0,4.199,77.5,99,0,60.0,2026-04-30T21:36:48.709365,4.217
2026-04-30T21:35:48.785619,91.98,0.3181,94.51,0.3599,1000.0,0.0,4.199,77.5,99,0,60.0,2026-04-30T21:36:48.785381,4.217
2026-04-30T21:35:48.886919,91.98,0.3181,94.51,0.3596,1000.0,0.0,4.199,77.5,99,0,60.0,2026-04-30T21:36:48.886610,4.217
2026-04-30T21:35:49.764412,92.02,0.3181,94.55,0.3565,1000.0,0.0,4.199,77.5,99,0,60.0,2026-04-30T21:36:49.764205,4.217
2026-04-30T21:35:49.836733,92.02,0.3181,94.55,0.3575,1000.0,0.0,4.199,77.5,99,0,60.0,2026-04-30T21:36:49.836550,4.217
2026-04-30T21:35:50.773804,92.02,0.3181,94.58,0.3587,1000.0,0.0,4.199,77.5,99,0,60.0,2026-04-30T21:36:50.773596,4.217
2026-04-30T21:35:50.861200,92.06,0.3147,94.59,0.3574,1000.0,0.0,4.199,77.5,99,0,60.0,2026-04-30T21:36:50.860954,4.217
2026-04-30T21:35:50.975337,92.06,0.3147,94.6,0.3567,1000.0,0.0,4.199,77.5,99,0,60.0,2026-04-30T21:36:50.968340,4.217
2026-04-30T21:35:51.849484,92.1,0.3147,94.62,0.3565,1000.0,0.0,4.199,77.5,99,0,60.0,2026-04-30T21:36:51.849195,4.217
2026-04-30T21:35:51.980429,92.1,0.3113,94.63,0.3526,1000.0,0.0,4.199,77.5,99,0,60.0,2026-04-30T21:36:51.980076,4.217
2026-04-30T21:35:52.140326,92.1,0.3113,94.63,0.3525,1000.0,0.0,4.199,77.5,99,0,60.0,2026-04-30T21:36:52.139993,4.217
2026-04-30T21:35:52.885116,92.14,0.3019,94.66,0.3513,1000.0,0.0,4.199,77.4,99,0,60.0,2026-04-30T21:36:52.884922,4.217
2026-04-30T21:35:52.975981,92.14,0.3122,94.66,0.352,1000.0,0.0,4.199,77.4,99,0,60.0,2026-04-30T21:36:52.962919,4.217
2026-04-30T21:35:53.531240,92.14,0.3122,94.67,0.3526,1000.0,0.0,4.199,77.4,99,0,60.0,2026-04-30T21:36:53.530846,4.217
2026-04-30T21:35:54.148637,92.17,0.3122,94.7,0.3531,1000.0,0.0,4.199,77.4,99,0,60.0,2026-04-30T21:36:54.148283,4.217
2026-04-30T21:35:54.417645,92.17,0.3163,94.71,0.3555,1000.0,0.0,4.199,77.4,99,0,60.0,2026-04-30T21:36:54.417036,4.217
2026-04-30T21:35:54.575143,92.17,0.3163,94.71,0.3564,1000.0,0.0,4.199,77.4,99,0,60.0,2026-04-30T21:36:54.574743,4.217
2026-04-30T21:35:55.144342,92.22,0.3291,94.74,0.3587,1000.0,0.0,4.199,77.4,99,0,60.0,2026-04-30T21:36:55.144077,4.217
2026-04-30T21:35:55.250013,92.22,0.3291,94.74,0.3636,1000.0,0.0,4.199,77.4,99,0,60.0,2026-04-30T21:36:55.249774,4.217
2026-04-30T21:35:56.197190,92.22,0.3291,94.77,0.367,1000.0,0.0,4.199,77.4,99,0,60.0,2026-04-30T21:36:56.196758,4.217
2026-04-30T21:35:56.357149,92.24,0.3291,94.78,0.3668,1000.0,0.0,4.199,77.4,99,0,60.0,2026-04-30T21:36:56.356900,4.217
2026-04-30T21:35:56.605113,92.24,0.3291,94.78,0.3685,1000.0,0.0,4.199,77.4,99,0,60.0,2026-04-30T21:36:56.604571,4.217
2026-04-30T21:35:57.456344,92.28,0.3291,94.8,0.3698,1000.0,0.0,4.199,77.4,99,0,60.0,2026-04-30T21:36:57.444808,4.217
2026-04-30T21:35:58.501967,92.28,0.3232,94.83,0.3663,1000.0,0.0,4.199,77.4,99,0,60.0,2026-04-30T21:36:58.501579,4.217
2026-04-30T21:35:58.641157,92.28,0.3232,94.82,0.3654,1000.0,0.0,4.199,77.4,99,0,60.0,2026-04-30T21:36:58.640858,4.217
2026-04-30T21:35:58.771209,92.29,0.3136,94.82,0.3642,1000.0,0.0,4.199,77.4,99,0,60.0,2026-04-30T21:36:58.770728,4.217
2026-04-30T21:35:58.881149,92.29,0.3375,94.83,0.3679,1000.0,0.0,4.199,77.4,99,0,60.0,2026-04-30T21:36:58.880885,4.217
2026-04-30T21:35:59.056807,92.29,0.3375,94.83,0.3716,1000.0,0.0,4.199,77.4,99,0,60.0,2026-04-30T21:36:59.056220,4.217
2026-04-30T21:35:59.401693,92.35,0.3375,94.85,0.3726,1000.0,0.0,4.199,77.4,99,0,60.0,2026-04-30T21:36:59.401167,4.217
2026-04-30T21:35:59.520696,92.35,0.3375,94.87,0.3751,1000.0,0.0,4.199,77.4,99,0,60.0,2026-04-30T21:36:59.520156,4.217
2026-04-30T21:35:59.632119,92.35,0.3375,94.88,0.3765,1000.0,0.0,4.199,77.4,99,0,60.0,2026-04-30T21:36:59.631561,4.217
2026-04-30T21:36:00.230609,92.37,0.3375,94.9,0.378,1000.0,0.0,4.199,77.4,99,0,60.0,2026-04-30T21:37:00.230411,4.217
2026-04-30T21:36:00.293381,92.37,0.3375,94.9,0.3784,1000.0,0.0,4.199,77.4,99,0,60.0,2026-04-30T21:37:00.293208,4.217
2026-04-30T21:36:01.261135,92.37,0.3375,94.93,0.3791,1000.0,0.0,4.199,77.4,99,0,60.0,2026-04-30T21:37:01.260769,4.217
2026-04-30T21:36:01.420897,92.4,0.335,94.94,0.3747,1000.0,0.0,4.199,77.4,99,0,60.0,2026-04-30T21:37:01.420448,4.217
2026-04-30T21:36:01.670217,92.4,0.335,94.94,0.3755,1000.0,0.0,4.199,77.4,99,0,60.0,2026-04-30T21:37:01.669902,4.217
2026-04-30T21:36:02.300951,92.42,0.335,94.96,0.3763,1000.0,0.0,4.199,77.4,99,0,60.0,2026-04-30T21:37:02.300761,4.217
2026-04-30T21:36:02.386058,92.42,0.335,94.96,0.3729,1000.0,0.0,4.199,77.4,99,0,60.0,2026-04-30T21:37:02.385773,4.217
2026-04-30T21:36:02.488257,92.42,0.335,94.96,0.3742,1000.0,0.0,4.199,77.4,99,0,60.0,2026-04-30T21:37:02.487915,4.217
2026-04-30T21:36:03.362947,92.44,0.3113,94.98,0.372,1000.0,0.0,4.199,77.3,99,0,60.0,2026-04-30T21:37:03.362717,4.217
2026-04-30T21:36:03.458515,92.44,0.3298,94.98,0.37,1000.0,0.0,4.199,77.3,99,0,60.0,2026-04-30T21:37:03.458058,4.217
2026-04-30T21:36:03.558257,92.44,0.3298,94.98,0.3706,1000.0,0.0,4.199,77.3,99,0,60.0,2026-04-30T21:37:03.557878,4.217
2026-04-30T21:36:04.411422,92.47,0.3298,95.0,0.3712,1000.0,0.0,4.199,77.3,99,0,60.0,2026-04-30T21:37:04.411203,4.217
2026-04-30T21:36:04.489235,92.47,0.3492,95.0,0.3797,1000.0,0.0,4.199,77.3,99,0,60.0,2026-04-30T21:37:04.489003,4.217
2026-04-30T21:36:04.590056,92.47,0.3492,95.0,0.3836,1000.0,0.0,4.199,77.3,99,0,60.0,2026-04-30T21:37:04.589749,4.217
2026-04-30T21:36:05.495073,92.51,0.3492,95.03,0.3837,1000.0,0.0,4.199,77.3,99,0,60.0,2026-04-30T21:37:05.494826,4.217
2026-04-30T21:36:05.612219,92.51,0.3492,95.04,0.3868,1000.0,0.0,4.199,77.3,99,0,60.0,2026-04-30T21:37:05.611789,4.217
2026-04-30T21:36:06.512059,92.51,0.3492,95.06,0.3891,1000.0,0.0,4.199,77.3,99,0,60.0,2026-04-30T21:37:06.511769,4.217
2026-04-30T21:36:06.725021,92.57,0.3324,95.08,0.3824,1000.0,0.0,4.199,77.3,99,0,60.0,2026-04-30T21:37:06.724620,4.217
2026-04-30T21:36:06.959171,92.57,0.3324,95.09,0.3786,1000.0,0.0,4.199,77.3,99,0,60.0,2026-04-30T21:37:06.957279,4.217
2026-04-30T21:36:07.697691,92.6,0.3324,95.11,0.3764,1000.0,0.0,4.199,77.3,99,0,60.0,2026-04-30T21:37:07.697377,4.217
2026-04-30T21:36:07.865511,92.6,0.3535,95.12,0.3802,1000.0,0.0,4.199,77.3,99,0,60.0,2026-04-30T21:37:07.865008,4.217
2026-04-30T21:36:08.081211,92.6,0.3535,95.12,0.3866,1000.0,0.0,4.199,77.3,99,0,60.0,2026-04-30T21:37:08.080854,4.217
2026-04-30T21:36:08.612614,92.67,0.3231,95.15,0.3873,1000.0,0.0,4.199,77.3,99,0,60.0,2026-04-30T21:37:08.612363,4.217
2026-04-30T21:36:08.715704,92.67,0.3535,95.17,0.3881,1000.0,0.0,4.199,77.3,99,0,60.0,2026-04-30T21:37:08.715460,4.217
2026-04-30T21:36:08.869269,92.67,0.3535,95.18,0.3907,1000.0,0.0,4.199,77.3,99,0,60.0,2026-04-30T21:37:08.868821,4.217
2026-04-30T21:36:09.644384,92.72,0.3206,95.22,0.3848,1000.0,0.0,4.199,77.3,99,0,60.0,2026-04-30T21:37:09.644180,4.217
2026-04-30T21:36:09.711493,92.72,0.3334,95.23,0.3807,1000.0,0.0,4.199,77.3,99,0,60.0,2026-04-30T21:37:09.711226,4.217
2026-04-30T21:36:09.785123,92.72,0.3334,95.23,0.3789,1000.0,0.0,4.199,77.3,99,0,60.0,2026-04-30T21:37:09.784944,4.217
2026-04-30T21:36:10.717145,92.76,0.3366,95.27,0.3773,1000.0,0.0,4.199,77.2,99,0,60.0,2026-04-30T21:37:10.716938,4.217
2026-04-30T21:36:10.817839,92.76,0.3366,95.28,0.3777,1000.0,0.0,4.199,77.2,99,0,60.0,2026-04-30T21:37:10.817569,4.217
2026-04-30T21:36:11.724576,92.76,0.3366,95.31,0.3785,1000.0,0.0,4.199,77.2,99,0,60.0,2026-04-30T21:37:11.724284,4.217
2026-04-30T21:36:12.331434,92.8,0.3366,95.33,0.3775,1000.0,0.0,4.199,77.2,99,0,60.0,2026-04-30T21:37:12.331101,4.217
2026-04-30T21:36:12.600764,92.8,0.3366,95.33,0.3781,1000.0,0.0,4.199,77.2,99,0,60.0,2026-04-30T21:37:12.600391,4.217
2026-04-30T21:36:13.335618,92.85,0.3366,95.35,0.3786,1000.0,0.0,4.199,77.2,99,0,60.0,2026-04-30T21:37:13.313270,4.217
2026-04-30T21:36:13.634200,92.85,0.346,95.37,0.3804,1000.0,0.0,4.199,77.2,99,0,60.0,2026-04-30T21:37:13.633726,4.217
2026-04-30T21:36:13.730162,92.85,0.346,95.37,0.3835,1000.0,0.0,4.199,77.2,99,0,60.0,2026-04-30T21:37:13.729873,4.217
2026-04-30T21:36:13.847862,92.9,0.346,95.38,0.3852,1000.0,0.0,4.199,77.2,99,0,60.0,2026-04-30T21:37:13.847574,4.217
2026-04-30T21:36:13.951131,92.9,0.346,95.4,0.3862,1000.0,0.0,4.199,77.2,99,0,60.0,2026-04-30T21:37:13.950882,4.217
2026-04-30T21:36:14.095683,92.9,0.346,95.41,0.3868,1000.0,0.0,4.199,77.2,99,0,60.0,2026-04-30T21:37:14.095297,4.217
2026-04-30T21:36:14.948317,92.95,0.3333,95.45,0.3847,1000.0,0.0,4.199,77.2,99,0,60.0,2026-04-30T21:37:14.946658,4.217
2026-04-30T21:36:15.206567,92.95,0.3357,95.47,0.3814,1000.0,0.0,4.199,77.2,99,0,60.0,2026-04-30T21:37:15.187386,4.217
2026-04-30T21:36:15.527661,92.95,0.3357,95.48,0.3798,1000.0,0.0,4.199,77.2,99,0,60.0,2026-04-30T21:37:15.520784,4.217
2026-04-30T21:36:15.952008,92.99,0.351,95.5,0.38,1000.0,0.0,4.199,77.2,99,0,60.0,2026-04-30T21:37:15.951822,4.217
2026-04-30T21:36:16.030124,92.99,0.351,95.51,0.3852,1000.0,0.0,4.199,77.2,99,0,60.0,2026-04-30T21:37:16.029886,4.217
2026-04-30T21:36:16.963367,92.99,0.351,95.54,0.3891,1000.0,0.0,4.199,77.2,99,0,60.0,2026-04-30T21:37:16.962723,4.217
2026-04-30T21:36:17.597033,93.05,0.351,95.57,0.3919,1000.0,0.0,4.199,77.1,99,0,60.0,2026-04-30T21:37:17.596655,4.217
2026-04-30T21:36:17.779057,93.05,0.351,95.57,0.3926,1000.0,0.0,4.199,77.1,99,0,60.0,2026-04-30T21:37:17.778725,4.217
2026-04-30T21:36:18.043338,93.08,0.351,95.58,0.3929,1000.0,0.0,4.199,77.1,99,0,60.0,2026-04-30T21:37:18.042986,4.217
2026-04-30T21:36:18.279095,93.08,0.3375,95.6,0.3865,1000.0,0.0,4.199,77.1,99,0,60.0,2026-04-30T21:37:18.278673,4.217
2026-04-30T21:36:18.444718,93.08,0.3375,95.6,0.3836,1000.0,0.0,4.199,77.1,99,0,60.0,2026-04-30T21:37:18.444367,4.217
2026-04-30T21:36:19.085540,93.12,0.3257,95.63,0.3801,1000.0,0.0,4.199,77.1,99,0,60.0,2026-04-30T21:37:19.085337,4.217
2026-04-30T21:36:19.180637,93.12,0.3485,95.63,0.3829,1000.0,0.0,4.199,77.1,99,0,60.0,2026-04-30T21:37:19.180401,4.217
2026-04-30T21:36:19.306257,93.12,0.3485,95.64,0.3858,1000.0,0.0,4.199,77.1,99,0,60.0,2026-04-30T21:37:19.305936,4.217
2026-04-30T21:36:20.130807,93.15,0.3485,95.67,0.3889,1000.0,0.0,4.199,77.1,99,0,60.0,2026-04-30T21:37:20.130579,4.217
2026-04-30T21:36:20.202350,93.15,0.3485,95.67,0.3897,1000.0,0.0,4.199,77.1,99,0,60.0,2026-04-30T21:37:20.202152,4.217
2026-04-30T21:36:20.295622,93.15,0.3485,95.67,0.3901,1000.0,0.0,4.199,77.1,99,0,60.0,2026-04-30T21:37:20.295378,4.217
2026-04-30T21:36:21.178904,93.2,0.3502,95.71,0.3864,1000.0,0.0,4.199,77.1,99,0,60.0,2026-04-30T21:37:21.178701,4.217
2026-04-30T21:36:21.251994,93.2,0.3502,95.72,0.3889,1000.0,0.0,4.199,77.1,99,0,60.0,2026-04-30T21:37:21.251815,4.217
2026-04-30T21:36:22.188968,93.2,0.3502,95.75,0.391,1000.0,0.0,4.199,77.1,99,0,60.0,2026-04-30T21:37:22.188751,4.217
2026-04-30T21:36:22.279097,93.25,0.3518,95.76,0.3899,1000.0,0.0,4.199,77.1,99,0,60.0,2026-04-30T21:37:22.278867,4.217
2026-04-30T21:36:22.384792,93.25,0.3518,95.77,0.3917,1000.0,0.0,4.199,77.1,99,0,60.0,2026-04-30T21:37:22.384471,4.217
2026-04-30T21:36:23.268383,93.28,0.3518,95.8,0.3933,1000.0,0.0,4.199,77.1,99,0,60.0,2026-04-30T21:37:23.267983,4.217
2026-04-30T21:36:23.434041,93.28,0.3518,95.8,0.3938,1000.0,0.0,4.199,77.1,99,0,60.0,2026-04-30T21:37:23.433263,4.217
2026-04-30T21:36:23.670901,93.28,0.3518,95.81,0.3941,1000.0,0.0,4.199,77.1,99,0,60.0,2026-04-30T21:37:23.670277,4.217
2026-04-30T21:36:24.297868,93.31,0.3325,95.83,0.3916,1000.0,0.0,4.199,77.1,99,0,60.0,2026-04-30T21:37:24.297667,4.217
2026-04-30T21:36:24.369924,93.31,0.3451,95.83,0.3887,1000.0,0.0,4.199,77.1,99,0,60.0,2026-04-30T21:37:24.369723,4.217
2026-04-30T21:36:24.466025,93.31,0.3451,95.83,0.3883,1000.0,0.0,4.199,77.1,99,0,60.0,2026-04-30T21:37:24.465760,4.217
2026-04-30T21:36:25.352781,93.36,0.3383,95.87,0.3854,1000.0,0.0,4.199,77.0,99,0,60.0,2026-04-30T21:37:25.352621,4.217
2026-04-30T21:36:25.425167,93.36,0.3451,95.88,0.3863,1000.0,0.0,4.199,77.0,99,0,60.0,2026-04-30T21:37:25.424836,4.217
2026-04-30T21:36:25.522209,93.36,0.3451,95.88,0.3867,1000.0,0.0,4.199,77.0,99,0,60.0,2026-04-30T21:37:25.521947,4.217
2026-04-30T21:36:26.407881,93.4,0.3528,95.92,0.3868,1000.0,0.0,4.199,77.0,99,0,60.0,2026-04-30T21:37:26.407700,4.217
2026-04-30T21:36:26.477037,93.4,0.3528,95.92,0.3903,1000.0,0.0,4.199,77.0,99,0,60.0,2026-04-30T21:37:26.476870,4.217
2026-04-30T21:36:27.432111,93.4,0.3528,95.95,0.393,1000.0,0.0,4.199,77.0,99,0,60.0,2026-04-30T21:37:27.431780,4.217
2026-04-30T21:36:27.580597,93.45,0.3654,95.97,0.3973,1000.0,0.0,4.199,77.0,99,0,60.0,2026-04-30T21:37:27.580219,4.217
2026-04-30T21:36:27.830239,93.45,0.3654,95.98,0.4021,1000.0,0.0,4.199,77.0,99,0,60.0,2026-04-30T21:37:27.829627,4.217
2026-04-30T21:36:28.474003,93.51,0.3654,96.0,0.4055,1000.0,0.0,4.199,77.0,99,0,60.0,2026-04-30T21:37:28.473809,4.217
2026-04-30T21:36:28.545736,93.51,0.3654,96.02,0.4035,1000.0,0.0,4.199,77.0,99,0,60.0,2026-04-30T21:37:28.545516,4.217
2026-04-30T21:36:28.637926,93.51,0.3654,96.02,0.4052,1000.0,0.0,4.199,77.0,99,0,60.0,2026-04-30T21:37:28.637643,4.217
2026-04-30T21:36:29.549823,93.52,0.3434,96.04,0.4036,1000.0,0.0,4.199,77.0,99,0,60.0,2026-04-30T21:37:29.549569,4.217
2026-04-30T21:36:29.636394,93.52,0.3492,96.04,0.3976,1000.0,0.0,4.199,77.0,99,0,60.0,2026-04-30T21:37:29.636209,4.217
2026-04-30T21:36:29.733743,93.52,0.3492,96.04,0.3955,1000.0,0.0,4.199,77.0,99,0,60.0,2026-04-30T21:37:29.733523,4.217
2026-04-30T21:36:30.588047,93.55,0.3492,96.06,0.3937,1000.0,0.0,4.199,77.0,99,0,60.0,2026-04-30T21:37:30.587850,4.217
2026-04-30T21:36:30.659457,93.55,0.3596,96.06,0.3973,1000.0,0.0,4.199,77.0,99,0,60.0,2026-04-30T21:37:30.659229,4.217
2026-04-30T21:36:30.757885,93.55,0.3596,96.06,0.399,1000.0,0.0,4.199,77.0,99,0,60.0,2026-04-30T21:37:30.757484,4.217
2026-04-30T21:36:31.639030,93.58,0.3596,96.09,0.3979,1000.0,0.0,4.199,77.0,98,0,60.0,2026-04-30T21:37:31.638876,4.217
2026-04-30T21:36:31.702283,93.58,0.3596,96.09,0.3997,1000.0,0.0,4.199,77.0,98,0,60.0,2026-04-30T21:37:31.702128,4.217
2026-04-30T21:36:32.655610,93.58,0.3596,96.12,0.4013,1000.0,0.0,4.199,77.0,98,0,60.0,2026-04-30T21:37:32.655420,4.217
2026-04-30T21:36:32.727813,93.64,0.3596,96.14,0.3982,1000.0,0.0,4.199,76.9,98,0,60.0,2026-04-30T21:37:32.727617,4.217
2026-04-30T21:36:32.817312,93.64,0.3596,96.14,0.3998,1000.0,0.0,4.199,76.9,98,0,60.0,2026-04-30T21:37:32.817094,4.217
2026-04-30T21:36:33.714909,93.66,0.3596,96.17,0.4014,1000.0,0.0,4.199,76.9,99,0,60.0,2026-04-30T21:37:33.714707,4.217
2026-04-30T21:36:33.787321,93.66,0.3596,96.17,0.4019,1000.0,0.0,4.199,76.9,99,0,60.0,2026-04-30T21:37:33.787128,4.217
2026-04-30T21:36:33.877770,93.66,0.3596,96.17,0.4021,1000.0,0.0,4.199,76.9,99,0,60.0,2026-04-30T21:37:33.877491,4.217
2026-04-30T21:36:34.771074,93.7,0.355,96.21,0.4019,1000.0,0.0,4.199,76.9,99,0,60.0,2026-04-30T21:37:34.770885,4.217
2026-04-30T21:36:34.844273,93.7,0.355,96.21,0.3989,1000.0,0.0,4.199,76.9,99,0,60.0,2026-04-30T21:37:34.844078,4.217
2026-04-30T21:36:34.933038,93.7,0.355,96.21,0.3985,1000.0,0.0,4.199,76.9,99,0,60.0,2026-04-30T21:37:34.931302,4.217
2026-04-30T21:36:35.820201,93.74,0.3417,96.25,0.3948,1000.0,0.0,4.199,76.9,99,0,60.0,2026-04-30T21:37:35.820035,4.217
2026-04-30T21:36:35.886629,93.74,0.3627,96.25,0.3994,1000.0,0.0,4.199,76.9,99,0,60.0,2026-04-30T21:37:35.886453,4.217
2026-04-30T21:36:35.958017,93.74,0.3627,96.25,0.4015,1000.0,0.0,4.199,76.9,99,0,60.0,2026-04-30T21:37:35.957853,4.217
2026-04-30T21:36:37.063599,93.78,0.3739,96.29,0.4058,1000.0,0.0,4.199,76.9,99,0,60.0,2026-04-30T21:37:37.063216,4.217
2026-04-30T21:36:37.715276,93.78,0.3739,96.31,0.4121,1000.0,0.0,4.199,76.9,99,0,60.0,2026-04-30T21:37:37.702211,4.217
2026-04-30T21:36:38.116204,93.78,0.3739,96.31,0.4149,1000.0,0.0,4.199,76.9,98,0,60.0,2026-04-30T21:37:38.115741,4.217
2026-04-30T21:36:38.348086,93.83,0.3739,96.34,0.4135,1000.0,0.0,4.199,76.9,98,0,60.0,2026-04-30T21:37:38.347334,4.217
2026-04-30T21:36:38.522308,93.83,0.3739,96.34,0.4151,1000.0,0.0,4.199,76.9,98,0,60.0,2026-04-30T21:37:38.520426,4.217
2026-04-30T21:36:39.033870,93.86,0.3739,96.36,0.4163,1000.0,0.0,4.199,76.9,98,0,60.0,2026-04-30T21:37:39.032365,4.217
2026-04-30T21:36:39.448699,93.86,0.3636,96.38,0.4106,1000.0,0.0,4.199,76.9,98,0,60.0,2026-04-30T21:37:39.448173,4.217
2026-04-30T21:36:39.647909,93.86,0.3636,96.38,0.4088,1000.0,0.0,4.199,76.9,99,0,60.0,2026-04-30T21:37:39.647478,4.217
2026-04-30T21:36:40.025488,93.88,0.3636,96.39,0.4079,1000.0,0.0,4.199,76.9,99,0,60.0,2026-04-30T21:37:40.025252,4.217
2026-04-30T21:36:40.127866,93.88,0.3636,96.4,0.4074,1000.0,0.0,4.199,76.9,99,0,60.0,2026-04-30T21:37:40.127288,4.217
2026-04-30T21:36:40.240957,93.88,0.3636,96.4,0.4072,1000.0,0.0,4.199,76.9,99,0,60.0,2026-04-30T21:37:40.240581,4.217
2026-04-30T21:36:41.082542,93.92,0.3375,96.43,0.4034,1000.0,0.0,4.199,76.9,99,0,60.0,2026-04-30T21:37:41.082370,4.217
2026-04-30T21:36:41.157312,93.92,0.3618,96.43,0.404,1000.0,0.0,4.199,76.8,99,0,60.0,2026-04-30T21:37:41.157081,4.217
2026-04-30T21:36:41.260063,93.92,0.3618,96.44,0.4043,1000.0,0.0,4.199,76.8,99,0,60.0,2026-04-30T21:37:41.259577,4.217
2026-04-30T21:36:42.118680,93.92,0.3685,96.45,0.3999,1000.0,0.0,4.199,76.8,99,0,60.0,2026-04-30T21:37:42.118471,4.217
2026-04-30T21:36:42.192670,93.92,0.3685,96.45,0.4047,1000.0,0.0,4.199,76.8,99,0,60.0,2026-04-30T21:37:42.192437,4.217
2026-04-30T21:36:43.161214,93.92,0.3685,96.47,0.4083,1000.0,0.0,4.199,76.8,99,0,60.0,2026-04-30T21:37:43.160073,4.217
2026-04-30T21:36:43.308242,93.97,0.3685,96.48,0.4103,1000.0,0.0,4.199,76.8,99,0,60.0,2026-04-30T21:37:43.307929,4.217
2026-04-30T21:36:43.472119,93.97,0.3685,96.48,0.4109,1000.0,0.0,4.199,76.8,99,0,60.0,2026-04-30T21:37:43.471303,4.217
2026-04-30T21:36:44.188998,94.01,0.3685,96.51,0.4117,1000.0,0.0,4.199,76.8,99,0,60.0,2026-04-30T21:37:44.188744,4.217
2026-04-30T21:36:44.284053,94.01,0.3528,96.51,0.403,1000.0,0.0,4.199,76.8,99,0,60.0,2026-04-30T21:37:44.283811,4.217
2026-04-30T21:36:44.392223,94.01,0.3528,96.52,0.4003,1000.0,0.0,4.199,76.8,99,0,60.0,2026-04-30T21:37:44.391914,4.217
2026-04-30T21:36:45.253041,94.07,0.3409,96.56,0.3964,1000.0,0.0,4.199,76.8,99,0,60.0,2026-04-30T21:37:45.252810,4.217
2026-04-30T21:36:45.356826,94.07,0.373,96.57,0.4028,1000.0,0.0,4.199,76.8,99,0,60.0,2026-04-30T21:37:45.356603,4.217
2026-04-30T21:36:45.464953,94.07,0.373,96.57,0.408,1000.0,0.0,4.199,76.8,99,0,60.0,2026-04-30T21:37:45.464607,4.217
2026-04-30T21:36:46.303782,94.12,0.373,96.61,0.4131,1000.0,0.0,4.199,76.8,99,0,60.0,2026-04-30T21:37:46.303579,4.217
2026-04-30T21:36:46.394705,94.12,0.373,96.62,0.4145,1000.0,0.0,4.199,76.8,99,0,60.0,2026-04-30T21:37:46.394441,4.217
2026-04-30T21:36:46.495632,94.12,0.373,96.63,0.4152,1000.0,0.0,4.199,76.8,99,0,60.0,2026-04-30T21:37:46.495369,4.217
2026-04-30T21:36:47.352362,94.15,0.373,96.66,0.4154,1000.0,0.0,4.199,76.8,99,0,60.0,2026-04-30T21:37:47.352181,4.217
2026-04-30T21:36:47.436356,94.15,0.373,96.66,0.4158,1000.0,0.0,4.199,76.8,99,0,60.0,2026-04-30T21:37:47.436132,4.217
2026-04-30T21:36:48.364155,94.15,0.373,96.69,0.4167,1000.0,0.0,4.199,76.8,99,0,60.0,2026-04-30T21:37:48.363942,4.217
2026-04-30T21:36:48.432934,94.19,0.3739,96.7,0.4155,1000.0,0.0,4.199,76.8,99,0,60.0,2026-04-30T21:37:48.432767,4.217
2026-04-30T21:36:48.501075,94.19,0.3739,96.7,0.4162,1000.0,0.0,4.199,76.8,99,0,60.0,2026-04-30T21:37:48.500923,4.217
2026-04-30T21:36:49.553478,94.23,0.3739,96.73,0.4172,1000.0,0.0,4.199,76.7,99,0,60.0,2026-04-30T21:37:49.552190,4.217
2026-04-30T21:36:49.791824,94.23,0.3753,96.74,0.4179,1000.0,0.0,4.199,76.7,99,0,60.0,2026-04-30T21:37:49.791360,4.217
2026-04-30T21:36:49.983867,94.23,0.3753,96.75,0.4184,1000.0,0.0,4.199,76.7,99,0,60.0,2026-04-30T21:37:49.983264,4.217
2026-04-30T21:36:50.474024,94.27,0.3739,96.77,0.4187,1000.0,0.0,4.199,76.7,99,0,60.0,2026-04-30T21:37:50.473780,4.217
2026-04-30T21:36:50.576560,94.27,0.3753,96.78,0.4183,1000.0,0.0,4.199,76.7,99,0,60.0,2026-04-30T21:37:50.576259,4.217
2026-04-30T21:36:50.757751,94.27,0.3753,96.78,0.4186,1000.0,0.0,4.199,76.7,99,0,60.0,2026-04-30T21:37:50.757382,4.217
2026-04-30T21:36:51.532534,94.34,0.3696,96.83,0.4174,1000.0,0.0,4.199,76.7,99,0,60.0,2026-04-30T21:37:51.532316,4.217
2026-04-30T21:36:51.603347,94.34,0.3789,96.84,0.4196,1000.0,0.0,4.199,76.7,99,0,60.0,2026-04-30T21:37:51.603207,4.217
2026-04-30T21:36:51.695685,94.34,0.3789,96.85,0.4207,1000.0,0.0,4.199,76.7,99,0,60.0,2026-04-30T21:37:51.695390,4.217
2026-04-30T21:36:52.596288,94.36,0.3789,96.88,0.422,1000.0,0.0,4.199,76.7,99,0,60.0,2026-04-30T21:37:52.596105,4.217
2026-04-30T21:36:52.669626,94.36,0.3789,96.88,0.4223,1000.0,0.0,4.199,76.7,99,0,60.0,2026-04-30T21:37:52.669436,4.217
2026-04-30T21:36:53.629754,94.36,0.3789,96.91,0.4229,1000.0,0.0,4.199,76.7,99,0,60.0,2026-04-30T21:37:53.629406,4.217
2026-04-30T21:36:53.780898,94.44,0.3771,96.93,0.4214,1000.0,0.0,4.199,76.7,99,0,60.0,2026-04-30T21:37:53.780287,4.217
2026-04-30T21:36:53.899429,94.44,0.3771,96.94,0.4212,1000.0,0.0,4.199,76.7,99,0,60.0,2026-04-30T21:37:53.899039,4.217
2026-04-30T21:36:54.655856,94.49,0.3771,96.97,0.4214,1000.0,0.0,4.199,76.7,99,0,60.0,2026-04-30T21:37:54.655666,4.217
2026-04-30T21:36:54.736995,94.49,0.3856,96.99,0.4229,1000.0,0.0,4.199,76.7,99,0,60.0,2026-04-30T21:37:54.736804,4.217
2026-04-30T21:36:54.832065,94.49,0.3856,96.99,0.4253,1000.0,0.0,4.199,76.7,99,0,60.0,2026-04-30T21:37:54.831751,4.217
2026-04-30T21:36:55.714878,94.52,0.3856,97.03,0.428,1000.0,0.0,4.199,76.6,99,0,60.0,2026-04-30T21:37:55.714659,4.217
2026-04-30T21:36:55.807122,94.52,0.3865,97.03,0.429,1000.0,0.0,4.199,76.6,99,0,60.0,2026-04-30T21:37:55.806817,4.217
2026-04-30T21:36:56.062708,94.52,0.3865,97.03,0.4296,1000.0,0.0,4.199,76.6,99,0,60.0,2026-04-30T21:37:56.062246,4.217
2026-04-30T21:36:56.763291,94.57,0.3755,97.07,0.4287,1000.0,0.0,4.199,76.6,99,0,60.0,2026-04-30T21:37:56.763073,4.217
2026-04-30T21:36:56.863326,94.57,0.3865,97.07,0.4295,1000.0,0.0,4.199,76.6,99,0,60.0,2026-04-30T21:37:56.862978,4.217
2026-04-30T21:36:57.105768,94.57,0.3865,97.08,0.4299,1000.0,0.0,4.199,76.6,99,0,60.0,2026-04-30T21:37:57.080810,4.217
2026-04-30T21:36:57.820603,94.6,0.3762,97.1,0.4266,1000.0,0.0,4.199,76.6,98,0,60.0,2026-04-30T21:37:57.820335,4.217
2026-04-30T21:36:57.888923,94.6,0.3762,97.1,0.4239,1000.0,0.0,4.199,76.6,98,0,60.0,2026-04-30T21:37:57.888758,4.217
2026-04-30T21:36:58.834651,94.6,0.3762,97.13,0.4227,1000.0,0.0,4.199,76.6,98,0,60.0,2026-04-30T21:37:58.834469,4.217
2026-04-30T21:36:58.921714,94.62,0.3982,97.13,0.4263,1000.0,0.0,4.199,76.6,98,0,60.0,2026-04-30T21:37:58.921170,4.217
2026-04-30T21:36:59.268204,94.62,0.3982,97.13,0.433,1000.0,0.0,4.199,76.6,98,0,60.0,2026-04-30T21:37:59.266007,4.217
2026-04-30T21:36:59.893755,94.66,0.3982,97.15,0.4385,1000.0,0.0,4.199,76.6,97,0,60.0,2026-04-30T21:37:59.893421,4.217
2026-04-30T21:36:59.969064,94.66,0.3982,97.16,0.4361,1000.0,0.0,4.199,76.6,97,0,60.0,2026-04-30T21:37:59.968871,4.217
2026-04-30T21:37:00.055859,94.66,0.3982,97.16,0.4384,1000.0,0.0,4.199,76.6,97,0,60.0,2026-04-30T21:38:00.055602,4.217
2026-04-30T21:37:00.976241,94.71,0.3755,97.2,0.4373,1000.0,0.0,4.199,76.6,97,0,60.0,2026-04-30T21:38:00.951087,4.217
2026-04-30T21:37:01.181807,94.71,0.3829,97.21,0.4315,1000.0,0.0,4.199,76.6,98,0,60.0,2026-04-30T21:38:01.181541,4.217
2026-04-30T21:37:01.341169,94.71,0.3829,97.21,0.4297,1000.0,0.0,4.199,76.6,98,0,60.0,2026-04-30T21:38:01.340594,4.217
2026-04-30T21:37:02.004257,94.75,0.3829,97.24,0.4284,1000.0,0.0,4.199,76.6,98,0,60.0,2026-04-30T21:38:02.004070,4.217
2026-04-30T21:37:02.083640,94.75,0.405,97.25,0.4372,1000.0,0.0,4.199,76.6,98,0,60.0,2026-04-30T21:38:02.083355,4.217
2026-04-30T21:37:02.156505,94.75,0.405,97.25,0.4413,1000.0,0.0,4.199,76.6,98,0,60.0,2026-04-30T21:38:02.156244,4.217
2026-04-30T21:37:03.114851,94.8,0.405,97.29,0.4434,1000.0,0.0,4.199,76.6,98,0,60.0,2026-04-30T21:38:03.114623,4.217
2026-04-30T21:37:03.218171,94.8,0.405,97.3,0.4459,1000.0,0.0,4.199,76.6,98,0,60.0,2026-04-30T21:38:03.217858,4.217
2026-04-30T21:37:04.092603,94.8,0.405,97.33,0.448,1000.0,0.0,4.199,76.6,98,0,60.0,2026-04-30T21:38:04.092328,4.217
2026-04-30T21:37:04.208152,94.82,0.4025,97.33,0.4476,1000.0,0.0,4.199,76.5,98,0,60.0,2026-04-30T21:38:04.207813,4.217
2026-04-30T21:37:04.333389,94.82,0.4025,97.33,0.4473,1000.0,0.0,4.199,76.5,98,0,60.0,2026-04-30T21:38:04.332985,4.217
2026-04-30T21:37:05.219959,94.85,0.4025,97.36,0.4474,1000.0,0.0,4.199,76.5,98,0,60.0,2026-04-30T21:38:05.219400,4.217
2026-04-30T21:37:05.389722,94.85,0.3991,97.36,0.4439,1000.0,0.0,4.199,76.5,98,0,60.0,2026-04-30T21:38:05.389367,4.217
2026-04-30T21:37:05.548952,94.85,0.3991,97.36,0.4438,1000.0,0.0,4.199,76.5,98,0,60.0,2026-04-30T21:38:05.548513,4.217
2026-04-30T21:37:06.202152,94.92,0.3915,97.39,0.4428,1000.0,0.0,4.199,76.5,98,0,60.0,2026-04-30T21:38:06.201923,4.217
2026-04-30T21:37:06.399985,94.92,0.4092,97.41,0.4469,1000.0,0.0,4.199,76.5,98,0,60.0,2026-04-30T21:38:06.399598,4.217
2026-04-30T21:37:06.587392,94.92,0.4092,97.42,0.4499,1000.0,0.0,4.199,76.5,98,0,60.0,2026-04-30T21:38:06.586856,4.217
2026-04-30T21:37:07.250841,94.93,0.4092,97.44,0.4522,1000.0,0.0,4.199,76.5,98,0,60.0,2026-04-30T21:38:07.250651,4.217
2026-04-30T21:37:07.325182,94.93,0.4092,97.43,0.4529,1000.0,0.0,4.199,76.5,98,0,60.0,2026-04-30T21:38:07.324984,4.217
2026-04-30T21:37:07.442345,94.93,0.4092,97.43,0.4532,1000.0,0.0,4.199,76.5,98,0,60.0,2026-04-30T21:38:07.442038,4.217
2026-04-30T21:37:08.315951,95.01,0.394,97.48,0.4466,1000.0,0.0,4.199,76.5,98,0,60.0,2026-04-30T21:38:08.315710,4.217
2026-04-30T21:37:08.431573,95.01,0.394,97.5,0.4432,1000.0,0.0,4.199,76.5,98,0,60.0,2026-04-30T21:38:08.431266,4.217
2026-04-30T21:37:09.319096,95.01,0.394,97.53,0.4415,1000.0,0.0,4.199,76.5,98,0,60.0,2026-04-30T21:38:09.318700,4.217
2026-04-30T21:37:09.462290,95.04,0.416,97.54,0.4443,1000.0,0.0,4.199,76.5,98,0,60.0,2026-04-30T21:38:09.461907,4.217
2026-04-30T21:37:09.616074,95.04,0.416,97.54,0.4513,1000.0,0.0,4.199,76.5,98,0,60.0,2026-04-30T21:38:09.615682,4.217
2026-04-30T21:37:10.363953,95.08,0.416,97.57,0.4565,1000.0,0.0,4.199,76.5,98,0,60.0,2026-04-30T21:38:10.363773,4.217
2026-04-30T21:37:10.442014,95.08,0.416,97.58,0.4585,1000.0,0.0,4.199,76.5,98,0,60.0,2026-04-30T21:38:10.441719,4.217
2026-04-30T21:37:10.540822,95.08,0.416,97.58,0.4593,1000.0,0.0,4.199,76.5,98,0,60.0,2026-04-30T21:38:10.540485,4.217
2026-04-30T21:37:11.421778,95.1,0.3946,97.61,0.457,1000.0,0.0,4.199,76.5,98,0,60.0,2026-04-30T21:38:11.421600,4.217
2026-04-30T21:37:11.492042,95.1,0.4033,97.61,0.4521,1000.0,0.0,4.199,76.5,98,0,60.0,2026-04-30T21:38:11.491860,4.217
2026-04-30T21:37:11.588119,95.1,0.4033,97.61,0.4506,1000.0,0.0,4.199,76.5,98,0,60.0,2026-04-30T21:38:11.587777,4.217
2026-04-30T21:37:12.510957,95.14,0.4033,97.64,0.4482,1000.0,0.0,4.199,76.5,98,0,60.0,2026-04-30T21:38:12.510335,4.217
2026-04-30T21:37:12.642539,95.14,0.4118,97.64,0.4519,1000.0,0.0,4.199,76.4,98,0,60.0,2026-04-30T21:38:12.642213,4.217
2026-04-30T21:37:12.807677,95.14,0.4118,97.65,0.4537,1000.0,0.0,4.199,76.4,98,0,60.0,2026-04-30T21:38:12.807342,4.217
2026-04-30T21:37:13.528888,95.22,0.4118,97.69,0.4556,1000.0,0.0,4.199,76.4,98,0,60.0,2026-04-30T21:38:13.528633,4.217
2026-04-30T21:37:13.616536,95.22,0.4118,97.71,0.456,1000.0,0.0,4.199,76.4,98,0,60.0,2026-04-30T21:38:13.616293,4.217
2026-04-30T21:37:14.543873,95.22,0.4118,97.74,0.4567,1000.0,0.0,4.199,76.4,98,0,60.0,2026-04-30T21:38:14.543649,4.217
2026-04-30T21:37:14.654269,95.25,0.3999,97.75,0.4492,1000.0,0.0,4.199,76.4,98,0,60.0,2026-04-30T21:38:14.653885,4.217
2026-04-30T21:37:14.789700,95.25,0.3999,97.76,0.4474,1000.0,0.0,4.199,76.4,98,0,60.0,2026-04-30T21:38:14.789320,4.217
2026-04-30T21:37:15.625146,95.32,0.3999,97.79,0.4463,1000.0,0.0,4.199,76.4,98,0,60.0,2026-04-30T21:38:15.624404,4.217
2026-04-30T21:37:15.791179,95.32,0.4143,97.81,0.4491,1000.0,0.0,4.199,76.4,98,0,60.0,2026-04-30T21:38:15.790793,4.217
2026-04-30T21:37:15.960165,95.32,0.4143,97.82,0.4535,1000.0,0.0,4.199,76.4,98,0,60.0,2026-04-30T21:38:15.959792,4.217
2026-04-30T21:37:16.657601,95.32,0.4143,97.84,0.4568,1000.0,0.0,4.199,76.4,98,0,60.0,2026-04-30T21:38:16.657424,4.217
2026-04-30T21:37:16.742792,95.32,0.4143,97.84,0.4579,1000.0,0.0,4.199,76.4,98,0,60.0,2026-04-30T21:38:16.742558,4.217
2026-04-30T21:37:16.844677,95.32,0.4143,97.84,0.4583,1000.0,0.0,4.199,76.4,98,0,60.0,2026-04-30T21:38:16.844038,4.217
2026-04-30T21:37:17.713380,95.43,0.4067,97.89,0.4574,1000.0,0.0,4.199,76.3,98,0,60.0,2026-04-30T21:38:17.713181,4.217
2026-04-30T21:37:17.785882,95.43,0.4086,97.91,0.4557,1000.0,0.0,4.199,76.3,98,0,60.0,2026-04-30T21:38:17.785694,4.217
2026-04-30T21:37:17.864311,95.43,0.4086,97.91,0.455,1000.0,0.0,4.199,76.3,98,0,60.0,2026-04-30T21:38:17.864049,4.217
2026-04-30T21:37:18.769273,95.44,0.4279,97.94,0.4563,1000.0,0.0,4.199,76.3,98,0,60.0,2026-04-30T21:38:18.769089,4.217
2026-04-30T21:37:18.841144,95.44,0.4279,97.94,0.4632,1000.0,0.0,4.199,76.3,98,0,60.0,2026-04-30T21:38:18.840946,4.217
2026-04-30T21:37:19.776373,95.44,0.4279,97.97,0.4681,1000.0,0.0,4.199,76.3,98,0,60.0,2026-04-30T21:38:19.776174,4.217
2026-04-30T21:37:19.858470,95.48,0.4279,97.98,0.4709,1000.0,0.0,4.199,76.3,98,0,60.0,2026-04-30T21:38:19.858237,4.217
2026-04-30T21:37:19.961844,95.48,0.4279,97.98,0.4718,1000.0,0.0,4.199,76.3,98,0,60.0,2026-04-30T21:38:19.961599,4.217
2026-04-30T21:37:20.834412,95.53,0.4279,98.01,0.4728,1000.0,0.0,4.199,76.3,98,0,60.0,2026-04-30T21:38:20.834212,4.217
2026-04-30T21:37:20.904433,95.53,0.4092,98.02,0.463,1000.0,0.0,4.199,76.3,98,0,60.0,2026-04-30T21:38:20.904247,4.217
2026-04-30T21:37:21.149364,95.53,0.4092,98.03,0.4597,1000.0,0.0,4.199,76.3,98,0,60.0,2026-04-30T21:38:21.133679,4.217
2026-04-30T21:37:21.886695,95.56,0.4059,98.06,0.4564,1000.0,0.0,4.199,76.3,98,0,60.0,2026-04-30T21:38:21.886521,4.217
2026-04-30T21:37:21.958343,95.56,0.4126,98.06,0.4567,1000.0,0.0,4.199,76.3,98,0,60.0,2026-04-30T21:38:21.958157,4.217
2026-04-30T21:37:22.032686,95.56,0.4126,98.06,0.457,1000.0,0.0,4.199,76.3,98,0,60.0,2026-04-30T21:38:22.032495,4.217
2026-04-30T21:37:22.973594,95.61,0.4126,98.1,0.4578,1000.0,0.0,4.199,76.3,98,0,60.0,2026-04-30T21:38:22.949334,4.217
2026-04-30T21:37:23.174253,95.61,0.4126,98.11,0.4578,1000.0,0.0,4.199,76.3,98,0,60.0,2026-04-30T21:38:23.173859,4.217
2026-04-30T21:37:23.296170,95.61,0.4126,98.11,0.4578,1000.0,0.0,4.199,76.3,98,0,60.0,2026-04-30T21:38:23.295721,4.217
2026-04-30T21:37:23.997458,95.64,0.4244,98.14,0.4549,1000.0,0.0,4.199,76.3,98,0,60.0,2026-04-30T21:38:23.997256,4.217
2026-04-30T21:37:24.060973,95.64,0.4244,98.14,0.4608,1000.0,0.0,4.199,76.3,98,0,60.0,2026-04-30T21:38:24.060744,4.217
2026-04-30T21:37:25.077135,95.64,0.4244,98.17,0.4652,1000.0,0.0,4.199,76.3,98,0,60.0,2026-04-30T21:38:25.076824,4.217
2026-04-30T21:37:25.184410,95.66,0.4244,98.17,0.4638,1000.0,0.0,4.199,76.3,98,0,60.0,2026-04-30T21:38:25.184033,4.217
2026-04-30T21:37:25.379286,95.66,0.4244,98.17,0.4663,1000.0,0.0,4.199,76.3,98,0,60.0,2026-04-30T21:38:25.376454,4.217
2026-04-30T21:37:26.070913,95.69,0.4244,98.18,0.4685,1000.0,0.0,4.199,76.3,98,0,60.0,2026-04-30T21:38:26.070595,4.217
2026-04-30T21:37:26.147764,95.69,0.4193,98.19,0.4667,1000.0,0.0,4.199,76.3,98,0,60.0,2026-04-30T21:38:26.147548,4.217
2026-04-30T21:37:26.244411,95.69,0.4193,98.19,0.466,1000.0,0.0,4.199,76.3,98,0,60.0,2026-04-30T21:38:26.244091,4.217
2026-04-30T21:37:27.141005,95.72,0.4153,98.22,0.465,1000.0,0.0,4.199,76.2,98,0,60.0,2026-04-30T21:38:27.140669,4.217
2026-04-30T21:37:27.272751,95.72,0.4193,98.22,0.4645,1000.0,0.0,4.199,76.2,98,0,60.0,2026-04-30T21:38:27.272160,4.217
2026-04-30T21:37:27.463094,95.72,0.4193,98.22,0.4646,1000.0,0.0,4.199,76.2,98,0,60.0,2026-04-30T21:38:27.462620,4.217
2026-04-30T21:37:28.180446,95.81,0.4193,98.26,0.4644,1000.0,0.0,4.199,76.2,98,0,60.0,2026-04-30T21:38:28.180247,4.217
2026-04-30T21:37:28.250999,95.81,0.4193,98.28,0.4645,1000.0,0.0,4.199,76.2,98,0,60.0,2026-04-30T21:38:28.250826,4.217
2026-04-30T21:37:28.335786,95.81,0.4193,98.29,0.4646,1000.0,0.0,4.199,76.2,98,0,60.0,2026-04-30T21:38:28.335556,4.217
2026-04-30T21:37:29.250803,95.84,0.4193,98.32,0.465,1000.0,0.0,4.199,76.2,98,0,60.0,2026-04-30T21:38:29.250563,4.217
2026-04-30T21:37:29.353987,95.84,0.4193,98.33,0.4649,1000.0,0.0,4.199,76.2,98,0,60.0,2026-04-30T21:38:29.353752,4.217
2026-04-30T21:37:30.250656,95.84,0.4193,98.36,0.4654,1000.0,0.0,4.199,76.2,98,0,60.0,2026-04-30T21:38:30.250461,4.217
2026-04-30T21:37:30.322270,95.87,0.4345,98.36,0.4677,1000.0,0.0,4.199,76.2,98,0,60.0,2026-04-30T21:38:30.322043,4.217
2026-04-30T21:37:30.401716,95.87,0.4345,98.36,0.4726,1000.0,0.0,4.199,76.2,98,0,60.0,2026-04-30T21:38:30.401526,4.217
2026-04-30T21:37:31.597084,95.93,0.4345,98.39,0.4769,1000.0,0.0,4.199,76.2,98,0,60.0,2026-04-30T21:38:31.596662,4.217
2026-04-30T21:37:31.921390,95.93,0.4345,98.42,0.4764,1000.0,0.0,4.199,76.2,98,0,60.0,2026-04-30T21:38:31.920863,4.217
2026-04-30T21:37:32.302610,95.93,0.4345,98.43,0.4783,1000.0,0.0,4.199,76.2,98,0,60.0,2026-04-30T21:38:32.302209,4.217
2026-04-30T21:37:32.497680,95.95,0.4269,98.43,0.4785,1000.0,0.0,4.199,76.2,98,0,60.0,2026-04-30T21:38:32.497298,4.217
2026-04-30T21:37:32.651328,95.95,0.4269,98.44,0.4761,1000.0,0.0,4.199,76.2,98,0,60.0,2026-04-30T21:38:32.650981,4.217
2026-04-30T21:37:32.823980,95.95,0.4269,98.44,0.4749,1000.0,0.0,4.199,76.2,98,0,60.0,2026-04-30T21:38:32.823623,4.217
2026-04-30T21:37:33.437873,95.97,0.4261,98.46,0.4737,1000.0,0.0,4.199,76.2,98,0,60.0,2026-04-30T21:38:33.437673,4.217
2026-04-30T21:37:33.533019,95.97,0.432,98.46,0.4754,1000.0,0.0,4.199,76.2,98,0,60.0,2026-04-30T21:38:33.532803,4.217
2026-04-30T21:37:33.633903,95.97,0.432,98.47,0.4762,1000.0,0.0,4.199,76.2,98,0,60.0,2026-04-30T21:38:33.633697,4.217
2026-04-30T21:37:34.481657,96.03,0.432,98.51,0.4749,1000.0,0.0,4.199,76.1,98,0,60.0,2026-04-30T21:38:34.481403,4.217
2026-04-30T21:37:34.657258,96.03,0.432,98.51,0.4761,1000.0,0.0,4.199,76.1,98,0,60.0,2026-04-30T21:38:34.656799,4.217
2026-04-30T21:37:35.503000,96.03,0.432,98.55,0.4774,1000.0,0.0,4.199,76.1,98,0,60.0,2026-04-30T21:38:35.502446,4.217
2026-04-30T21:37:35.698115,96.04,0.4438,98.54,0.477,1000.0,0.0,4.199,76.1,98,0,60.0,2026-04-30T21:38:35.697782,4.217
2026-04-30T21:37:35.914670,96.04,0.4438,98.54,0.4829,1000.0,0.0,4.199,76.1,98,0,60.0,2026-04-30T21:38:35.914253,4.217
2026-04-30T21:37:36.619706,96.05,0.4438,98.56,0.4867,1000.0,0.0,4.199,76.1,98,0,60.0,2026-04-30T21:38:36.619162,4.217
2026-04-30T21:37:36.988250,96.05,0.4438,98.55,0.4883,1000.0,0.0,4.199,76.1,98,0,60.0,2026-04-30T21:38:36.987655,4.217
2026-04-30T21:37:37.621940,96.05,0.4438,98.57,0.4894,1000.0,0.0,4.199,76.1,98,0,60.0,2026-04-30T21:38:37.609411,4.217
2026-04-30T21:37:37.786067,96.09,0.4243,98.57,0.4874,1000.0,0.0,4.199,76.1,99,0,60.0,2026-04-30T21:38:37.785551,4.217
2026-04-30T21:37:37.913889,96.09,0.4312,98.58,0.4827,1000.0,0.0,4.199,76.1,99,0,60.0,2026-04-30T21:38:37.913660,4.217
2026-04-30T21:37:38.242751,96.09,0.4312,98.58,0.4806,1000.0,0.0,4.199,76.1,99,0,60.0,2026-04-30T21:38:38.242459,4.217
2026-04-30T21:37:39.298058,96.16,0.4312,98.62,0.4781,1000.0,0.0,4.199,76.1,99,0,60.0,2026-04-30T21:38:39.294526,4.217
2026-04-30T21:37:40.141710,96.16,0.4328,98.67,0.4788,1000.0,0.0,4.199,76.1,99,0,60.0,2026-04-30T21:38:40.116146,4.217
2026-04-30T21:37:41.051849,96.16,0.4328,98.68,0.4792,1000.0,0.0,4.199,76.1,98,0,60.0,2026-04-30T21:38:41.051463,4.217
2026-04-30T21:37:42.179095,96.18,0.4328,98.68,0.4791,1000.0,0.0,4.199,76.1,98,0,60.0,2026-04-30T21:38:42.161488,4.217
2026-04-30T21:37:42.977661,96.18,0.4328,98.7,0.4793,1000.0,0.0,4.199,76.1,98,0,60.0,2026-04-30T21:38:42.977292,4.218
2026-04-30T21:37:43.392468,96.18,0.4328,98.7,0.4792,1000.0,0.0,4.199,76.1,98,0,60.0,2026-04-30T21:38:43.372004,4.217
2026-04-30T21:37:43.576490,96.21,0.4423,98.71,0.4804,1000.0,0.0,4.199,76.1,99,0,60.0,2026-04-30T21:38:43.576187,4.217
2026-04-30T21:37:43.722446,96.21,0.4423,98.71,0.4838,1000.0,0.0,4.199,76.1,99,0,60.0,2026-04-30T21:38:43.721712,4.217
2026-04-30T21:37:44.029136,96.22,0.4423,98.72,0.4858,1000.0,0.0,4.199,76.1,99,0,60.0,2026-04-30T21:38:44.028585,4.217
2026-04-30T21:37:44.371439,96.22,0.4423,98.73,0.4855,1000.0,0.0,4.199,76.1,99,0,60.0,2026-04-30T21:38:44.370893,4.217
2026-04-30T21:37:44.547770,96.22,0.4423,98.73,0.4869,1000.0,0.0,4.199,76.1,99,0,60.0,2026-04-30T21:38:44.547392,4.217
2026-04-30T21:37:44.696734,96.24,0.4345,98.73,0.4869,1000.0,0.0,4.199,76.1,99,0,60.0,2026-04-30T21:38:44.696055,4.217
2026-04-30T21:37:46.196802,96.24,0.4345,98.75,0.4839,1000.0,0.0,4.199,76.1,98,0,60.0,2026-04-30T21:38:46.193113,4.217
2026-04-30T21:37:46.413977,96.24,0.4345,98.76,0.4819,1000.0,0.0,4.199,76.1,98,0,60.0,2026-04-30T21:38:46.413500,4.217
2026-04-30T21:37:46.581462,96.31,0.4329,98.77,0.481,1000.0,0.0,4.199,76.0,98,0,60.0,2026-04-30T21:38:46.581093,4.217
2026-04-30T21:37:46.805472,96.31,0.4329,98.79,0.4802,1000.0,0.0,4.199,76.0,98,0,60.0,2026-04-30T21:38:46.805067,4.217
2026-04-30T21:37:47.349010,96.31,0.4329,98.8,0.4798,1000.0,0.0,4.199,76.0,98,0,60.0,2026-04-30T21:38:47.333268,4.217
2026-04-30T21:37:47.731897,96.32,0.4345,98.82,0.4786,1000.0,0.0,4.199,76.0,99,0,60.0,2026-04-30T21:38:47.731467,4.217
2026-04-30T21:37:47.850388,96.32,0.4345,98.82,0.4796,1000.0,0.0,4.199,76.0,99,0,60.0,2026-04-30T21:38:47.850051,4.217
2026-04-30T21:37:47.960675,96.32,0.4345,98.82,0.48,1000.0,0.0,4.199,76.0,99,0,60.0,2026-04-30T21:38:47.960489,4.217
2026-04-30T21:37:48.132394,96.37,0.4455,98.83,0.4815,1000.0,0.0,4.199,76.0,99,0,60.0,2026-04-30T21:38:48.132126,4.217
2026-04-30T21:37:48.425456,96.37,0.4455,98.85,0.4855,1000.0,0.0,4.199,76.0,99,0,60.0,2026-04-30T21:38:48.425121,4.217
2026-04-30T21:37:48.569406,96.37,0.4455,98.86,0.4882,1000.0,0.0,4.199,76.0,99,0,60.0,2026-04-30T21:38:48.568949,4.217
2026-04-30T21:37:48.698499,96.37,0.4455,98.86,0.4895,1000.0,0.0,4.199,76.0,99,0,60.0,2026-04-30T21:38:48.698241,4.217
2026-04-30T21:37:48.965429,96.37,0.4455,98.87,0.4905,1000.0,0.0,4.199,76.0,99,0,60.0,2026-04-30T21:38:48.965136,4.217
2026-04-30T21:37:49.253534,96.42,0.4338,98.88,0.49,1000.0,0.0,4.199,76.0,99,0,60.0,2026-04-30T21:38:49.228025,4.217
2026-04-30T21:37:49.515985,96.42,0.4438,98.9,0.4894,1000.0,0.0,4.199,76.0,99,0,60.0,2026-04-30T21:38:49.515746,4.217
2026-04-30T21:37:49.639454,96.42,0.4438,98.91,0.4897,1000.0,0.0,4.199,76.0,99,0,60.0,2026-04-30T21:38:49.638951,4.217
2026-04-30T21:37:49.780480,96.43,0.4438,98.91,0.4892,1000.0,0.0,4.199,76.0,99,0,60.0,2026-04-30T21:38:49.780147,4.217
2026-04-30T21:37:49.895449,96.43,0.448,98.92,0.491,1000.0,0.0,4.199,76.0,99,0,60.0,2026-04-30T21:38:49.894820,4.217
2026-04-30T21:37:50.064040,96.43,0.448,98.92,0.4922,1000.0,0.0,4.199,76.0,99,0,60.0,2026-04-30T21:38:50.063758,4.217
2026-04-30T21:37:50.303562,96.49,0.448,98.95,0.4932,1000.0,0.0,4.199,76.0,99,0,60.0,2026-04-30T21:38:50.303292,4.217
2026-04-30T21:37:50.447984,96.49,0.448,98.96,0.4937,1000.0,0.0,4.199,76.0,99,0,60.0,2026-04-30T21:38:50.447450,4.217
2026-04-30T21:37:51.359803,96.49,0.448,99.0,0.4944,1000.0,0.0,4.199,76.0,99,0,60.0,2026-04-30T21:38:51.358110,4.217
2026-04-30T21:37:51.576306,96.56,0.4641,99.03,0.4977,1000.0,0.0,4.199,76.0,99,0,60.0,2026-04-30T21:38:51.575968,4.217
2026-04-30T21:37:51.740578,96.56,0.4641,99.05,0.5036,1000.0,0.0,4.199,76.0,99,0,60.0,2026-04-30T21:38:51.740172,4.217
2026-04-30T21:37:52.261407,96.58,0.4641,99.07,0.5072,1000.0,0.0,4.199,76.0,99,0,60.0,2026-04-30T21:38:52.261089,4.217
2026-04-30T21:37:52.371684,96.58,0.4641,99.07,0.5061,1000.0,0.0,4.199,76.0,99,0,60.0,2026-04-30T21:38:52.371032,4.217
2026-04-30T21:37:52.505167,96.58,0.4641,99.08,0.5078,1000.0,0.0,4.199,76.0,99,0,60.0,2026-04-30T21:38:52.504718,4.217
2026-04-30T21:37:53.301293,96.58,0.4523,99.09,0.5078,1000.0,0.0,4.199,76.0,99,0,60.0,2026-04-30T21:38:53.301105,4.217
2026-04-30T21:37:53.389787,96.58,0.4523,99.09,0.5037,1000.0,0.0,4.199,76.0,99,0,60.0,2026-04-30T21:38:53.389556,4.217
2026-04-30T21:37:53.494881,96.58,0.4523,99.08,0.502,1000.0,0.0,4.199,76.0,99,0,60.0,2026-04-30T21:38:53.494537,4.217
2026-04-30T21:37:54.359446,96.64,0.4387,99.12,0.4968,1000.0,0.0,4.199,76.0,99,0,60.0,2026-04-30T21:38:54.359239,4.217
2026-04-30T21:37:54.428778,96.64,0.4691,99.13,0.5049,1000.0,0.0,4.199,75.9,99,0,60.0,2026-04-30T21:38:54.428598,4.217
2026-04-30T21:37:54.498950,96.64,0.4691,99.13,0.5087,1000.0,0.0,4.199,75.9,99,0,60.0,2026-04-30T21:38:54.498766,4.217
2026-04-30T21:37:55.556758,96.72,0.4691,99.19,0.5084,1000.0,0.0,4.199,75.9,99,0,60.0,2026-04-30T21:38:55.556161,4.217
2026-04-30T21:37:55.781678,96.72,0.4691,99.21,0.5121,1000.0,0.0,4.199,75.9,99,0,60.0,2026-04-30T21:38:55.781382,4.217
2026-04-30T21:37:56.431243,96.72,0.4691,99.23,0.5143,1000.0,0.0,4.199,75.9,99,0,60.0,2026-04-30T21:38:56.431037,4.217
2026-04-30T21:37:56.536417,96.78,0.4648,99.24,0.5122,1000.0,0.0,4.199,75.9,99,0,60.0,2026-04-30T21:38:56.536144,4.217
2026-04-30T21:37:56.708930,96.78,0.4648,99.25,0.512,1000.0,0.0,4.199,75.9,99,0,60.0,2026-04-30T21:38:56.708465,4.217
2026-04-30T21:37:57.487365,96.78,0.4648,99.28,0.5123,1000.0,0.0,4.199,75.9,99,0,60.0,2026-04-30T21:38:57.487107,4.217
2026-04-30T21:37:57.571757,96.78,0.4684,99.27,0.5131,1000.0,0.0,4.199,75.9,99,0,60.0,2026-04-30T21:38:57.571546,4.217
2026-04-30T21:37:57.664013,96.78,0.4684,99.27,0.5139,1000.0,0.0,4.199,75.9,99,0,60.0,2026-04-30T21:38:57.663805,4.217
2026-04-30T21:37:58.569269,96.83,0.4648,99.3,0.5145,1000.0,0.0,4.199,75.9,99,0,60.0,2026-04-30T21:38:58.568762,4.217
2026-04-30T21:37:58.773239,96.83,0.4684,99.31,0.5134,1000.0,0.0,4.199,75.9,99,0,60.0,2026-04-30T21:38:58.772817,4.217
2026-04-30T21:37:58.982084,96.83,0.4684,99.31,0.5143,1000.0,0.0,4.199,75.9,99,0,60.0,2026-04-30T21:38:58.981677,4.217
2026-04-30T21:37:59.607105,96.89,0.4514,99.35,0.5107,1000.0,0.0,4.199,75.9,99,0,60.0,2026-04-30T21:38:59.606859,4.217
2026-04-30T21:37:59.711703,96.89,0.4563,99.36,0.5075,1000.0,0.0,4.199,75.9,99,0,60.0,2026-04-30T21:38:59.711361,4.217
2026-04-30T21:37:59.814052,96.89,0.4563,99.36,0.506,1000.0,0.0,4.199,75.9,99,0,60.0,2026-04-30T21:38:59.813798,4.217
2026-04-30T21:38:00.680066,96.92,0.4707,99.4,0.5063,1000.0,0.0,4.199,75.8,99,0,60.0,2026-04-30T21:39:00.679751,4.217
2026-04-30T21:38:00.838719,96.92,0.4707,99.4,0.5113,1000.0,0.0,4.199,75.8,99,0,60.0,2026-04-30T21:39:00.838296,4.217
2026-04-30T21:38:01.663715,96.92,0.4707,99.43,0.5148,1000.0,0.0,4.199,75.8,98,0,60.0,2026-04-30T21:39:01.663458,4.217
2026-04-30T21:38:01.746715,96.95,0.4707,99.43,0.5131,1000.0,0.0,4.199,75.8,98,0,60.0,2026-04-30T21:39:01.746493,4.217
2026-04-30T21:38:01.854725,96.95,0.4707,99.43,0.5149,1000.0,0.0,4.199,75.8,98,0,60.0,2026-04-30T21:39:01.854358,4.217
2026-04-30T21:38:02.728591,96.96,0.4707,99.46,0.5168,1000.0,0.0,4.199,75.8,98,0,60.0,2026-04-30T21:39:02.728230,4.217
2026-04-30T21:38:02.818211,96.96,0.4548,99.45,0.5093,1000.0,0.0,4.199,75.8,98,0,60.0,2026-04-30T21:39:02.817936,4.217
2026-04-30T21:38:02.924802,96.96,0.4548,99.45,0.5064,1000.0,0.0,4.199,75.8,98,0,60.0,2026-04-30T21:39:02.924223,4.217
2026-04-30T21:38:03.772753,97.05,0.454,99.49,0.5041,1000.0,0.0,4.199,75.8,99,0,60.0,2026-04-30T21:39:03.772547,4.217
2026-04-30T21:38:03.850691,97.05,0.4743,99.51,0.5103,1000.0,0.0,4.199,75.8,99,0,60.0,2026-04-30T21:39:03.850493,4.217
2026-04-30T21:38:03.941223,97.05,0.4743,99.52,0.5143,1000.0,0.0,4.199,75.8,99,0,60.0,2026-04-30T21:39:03.940958,4.217
2026-04-30T21:38:04.835184,97.08,0.4573,99.56,0.5136,1000.0,0.0,4.199,75.8,99,0,60.0,2026-04-30T21:39:04.835003,4.217
2026-04-30T21:38:04.908128,97.08,0.4743,99.56,0.517,1000.0,0.0,4.199,75.8,99,0,60.0,2026-04-30T21:39:04.907966,4.217
2026-04-30T21:38:05.222843,97.08,0.4743,99.57,0.5188,1000.0,0.0,4.199,75.8,99,0,60.0,2026-04-30T21:39:05.222412,4.217
2026-04-30T21:38:06.113400,97.12,0.4648,99.6,0.5151,1000.0,0.0,4.199,75.8,99,0,60.0,2026-04-30T21:39:06.112904,4.217
2026-04-30T21:38:06.366169,97.12,0.4648,99.61,0.5137,1000.0,0.0,4.199,75.8,99,0,60.0,2026-04-30T21:39:06.365790,4.217
2026-04-30T21:38:07.002122,97.12,0.4648,99.63,0.5132,1000.0,0.0,4.199,75.8,99,0,60.0,2026-04-30T21:39:07.001674,4.217
2026-04-30T21:38:07.250919,97.16,0.4725,99.64,0.5144,1000.0,0.0,4.199,75.8,99,0,60.0,2026-04-30T21:39:07.243586,4.217
2026-04-30T21:38:07.662247,97.16,0.4725,99.66,0.5173,1000.0,0.0,4.199,75.8,99,0,60.0,2026-04-30T21:39:07.647747,4.217
2026-04-30T21:38:07.951982,97.22,0.4725,99.67,0.5187,1000.0,0.0,4.199,75.7,98,0,60.0,2026-04-30T21:39:07.951765,4.217
2026-04-30T21:38:08.025917,97.22,0.4725,99.68,0.5173,1000.0,0.0,4.199,75.7,98,0,60.0,2026-04-30T21:39:08.025709,4.217
2026-04-30T21:38:08.141732,97.22,0.4725,99.69,0.5182,1000.0,0.0,4.199,75.7,98,0,60.0,2026-04-30T21:39:08.141428,4.217
2026-04-30T21:38:09.123432,97.23,0.4573,99.72,0.5169,1000.0,0.0,4.199,75.7,98,0,60.0,2026-04-30T21:39:09.123137,4.217
2026-04-30T21:38:09.225832,97.23,0.4573,99.72,0.511,1000.0,0.0,4.199,75.7,98,0,60.0,2026-04-30T21:39:09.225448,4.217
2026-04-30T21:38:09.364119,97.23,0.4573,99.72,0.5086,1000.0,0.0,4.199,75.7,98,0,60.0,2026-04-30T21:39:09.363310,4.217
2026-04-30T21:38:10.069320,97.31,0.4558,99.76,0.5062,1000.0,0.0,4.199,75.7,98,0,60.0,2026-04-30T21:39:10.069134,4.217
2026-04-30T21:38:10.140100,97.31,0.4725,99.77,0.5119,1000.0,0.0,4.199,75.7,98,0,60.0,2026-04-30T21:39:10.139917,4.217
2026-04-30T21:38:10.214188,97.31,0.4725,99.78,0.5147,1000.0,0.0,4.199,75.7,98,0,60.0,2026-04-30T21:39:10.213928,4.217
2026-04-30T21:38:11.275189,97.35,0.4725,99.82,0.5154,1000.0,0.0,4.199,75.7,98,0,60.0,2026-04-30T21:39:11.274627,4.217
2026-04-30T21:38:11.585399,97.35,0.4725,99.83,0.5177,1000.0,0.0,4.199,75.7,98,0,60.0,2026-04-30T21:39:11.585033,4.217
2026-04-30T21:38:12.179717,97.35,0.4725,99.85,0.5192,1000.0,0.0,4.199,75.7,98,0,60.0,2026-04-30T21:39:12.179338,4.217
2026-04-30T21:38:12.690487,97.36,0.4666,99.86,0.5168,1000.0,0.0,4.199,75.7,98,0,60.0,2026-04-30T21:39:12.689921,4.217
2026-04-30T21:38:12.880169,97.36,0.4666,99.85,0.5156,1000.0,0.0,4.199,75.7,98,0,60.0,2026-04-30T21:39:12.879780,4.217
2026-04-30T21:38:13.287183,97.44,0.4666,99.87,0.515,1000.0,0.0,4.199,75.7,98,0,60.0,2026-04-30T21:39:13.286602,4.217
2026-04-30T21:38:13.417913,97.44,0.4802,99.89,0.5173,1000.0,0.0,4.199,75.7,98,0,60.0,2026-04-30T21:39:13.416240,4.217
2026-04-30T21:38:13.557348,97.44,0.4802,99.91,0.5214,1000.0,0.0,4.199,75.7,98,0,60.0,2026-04-30T21:39:13.556839,4.217
2026-04-30T21:38:14.284024,97.46,0.4599,99.94,0.522,1000.0,0.0,4.199,75.7,98,0,60.0,2026-04-30T21:39:14.283689,4.218
2026-04-30T21:38:14.424037,97.46,0.4802,99.94,0.5235,1000.0,0.0,4.199,75.7,98,0,60.0,2026-04-30T21:39:14.423702,4.218
2026-04-30T21:38:14.565786,97.46,0.4802,99.95,0.5253,1000.0,0.0,4.199,75.7,98,0,60.0,2026-04-30T21:39:14.565473,4.218
2026-04-30T21:38:15.299516,97.47,0.4666,99.96,0.5233,1000.0,0.0,4.199,75.7,98,0,60.0,2026-04-30T21:39:15.299316,4.218
2026-04-30T21:38:15.377474,97.47,0.4765,99.96,0.5238,1000.0,0.0,4.199,75.7,98,0,60.0,2026-04-30T21:39:15.377155,4.218
2026-04-30T21:38:15.482280,97.47,0.4765,99.96,0.524,1000.0,0.0,4.199,75.7,98,0,60.0,2026-04-30T21:39:15.481989,4.218
2026-04-30T21:38:16.389238,97.51,0.4765,99.99,0.5244,1000.0,0.0,4.199,75.6,98,0,60.0,2026-04-30T21:39:16.388957,4.218
2026-04-30T21:38:16.498982,97.51,0.4765,99.99,0.5243,1000.0,0.0,4.199,75.6,98,0,60.0,2026-04-30T21:39:16.498706,4.218
2026-04-30T21:38:17.380187,97.51,0.4765,100.02,0.5248,1000.0,0.0,4.199,75.6,98,0,60.0,2026-04-30T21:39:17.379895,4.218
2026-04-30T21:38:17.517002,97.55,0.4649,100.03,0.5182,1000.0,0.0,4.199,75.6,98,0,60.0,2026-04-30T21:39:17.516601,4.218
2026-04-30T21:38:17.671171,97.55,0.4649,100.04,0.5159,1000.0,0.0,4.199,75.6,98,0,60.0,2026-04-30T21:39:17.670653,4.218
2026-04-30T21:38:18.427589,97.56,0.4649,100.06,0.5145,1000.0,0.0,4.199,75.6,98,0,60.0,2026-04-30T21:39:18.427371,4.218
2026-04-30T21:38:18.499976,97.56,0.481,100.05,0.5179,1000.0,0.0,4.199,75.6,98,0,60.0,2026-04-30T21:39:18.499766,4.218
2026-04-30T21:38:18.597926,97.56,0.481,100.05,0.5219,1000.0,0.0,4.199,75.6,98,0,60.0,2026-04-30T21:39:18.597664,4.218
2026-04-30T21:38:19.479470,97.59,0.481,100.08,0.5261,1000.0,0.0,4.199,75.6,98,0,60.0,2026-04-30T21:39:19.479272,4.218
2026-04-30T21:38:19.552086,97.59,0.4833,100.08,0.5282,1000.0,0.0,4.199,75.6,98,0,60.0,2026-04-30T21:39:19.551907,4.218
2026-04-30T21:38:19.623650,97.59,0.4833,100.08,0.5292,1000.0,0.0,4.199,75.6,98,0,60.0,2026-04-30T21:39:19.623471,4.218
2026-04-30T21:38:20.531641,97.61,0.4792,100.1,0.5297,1000.0,0.0,4.199,75.6,98,0,60.0,2026-04-30T21:39:20.531413,4.218
2026-04-30T21:38:20.603012,97.61,0.4833,100.1,0.5304,1000.0,0.0,4.199,75.6,98,0,60.0,2026-04-30T21:39:20.602842,4.218
2026-04-30T21:38:20.680526,97.61,0.4833,100.1,0.5307,1000.0,0.0,4.199,75.6,98,0,60.0,2026-04-30T21:39:20.680061,4.218
2026-04-30T21:38:21.607524,97.62,0.4809,100.12,0.53,1000.0,0.0,4.199,75.6,98,0,60.0,2026-04-30T21:39:21.607282,4.218
2026-04-30T21:38:21.712923,97.62,0.4809,100.12,0.5295,1000.0,0.0,4.199,75.6,98,0,60.0,2026-04-30T21:39:21.712683,4.218
2026-04-30T21:38:22.607131,97.62,0.4809,100.14,0.5297,1000.0,0.0,4.199,75.6,98,0,60.0,2026-04-30T21:39:22.606905,4.218
2026-04-30T21:38:22.684506,97.63,0.4851,100.13,0.5301,1000.0,0.0,4.199,75.6,98,0,60.0,2026-04-30T21:39:22.684292,4.218
2026-04-30T21:38:22.785086,97.63,0.4851,100.13,0.5313,1000.0,0.0,4.199,75.6,98,0,60.0,2026-04-30T21:39:22.784799,4.218
2026-04-30T21:38:23.660603,97.66,0.4851,100.15,0.5325,1000.0,0.0,4.199,75.6,97,0,60.0,2026-04-30T21:39:23.660327,4.218
2026-04-30T21:38:23.722765,97.66,0.4851,100.14,0.5316,1000.0,0.0,4.199,75.6,97,0,60.0,2026-04-30T21:39:23.722584,4.218
2026-04-30T21:38:23.792884,97.66,0.4851,100.14,0.5321,1000.0,0.0,4.199,75.6,97,0,60.0,2026-04-30T21:39:23.792704,4.218
2026-04-30T21:38:24.714528,97.66,0.4733,100.16,0.5311,1000.0,0.0,4.199,75.6,97,0,60.0,2026-04-30T21:39:24.714322,4.218
2026-04-30T21:38:24.786138,97.66,0.4928,100.15,0.5338,1000.0,0.0,4.199,75.6,97,0,60.0,2026-04-30T21:39:24.785959,4.218
2026-04-30T21:38:24.856720,97.66,0.4928,100.15,0.5363,1000.0,0.0,4.199,75.6,97,0,60.0,2026-04-30T21:39:24.856535,4.218
2026-04-30T21:38:25.777555,97.68,0.4928,100.17,0.5391,1000.0,0.0,4.199,75.6,97,0,60.0,2026-04-30T21:39:25.777282,4.218
2026-04-30T21:38:25.848886,97.68,0.4928,100.17,0.5398,1000.0,0.0,4.199,75.6,97,0,60.0,2026-04-30T21:39:25.848683,4.218
2026-04-30T21:38:25.922215,97.68,0.4928,100.16,0.5402,1000.0,0.0,4.199,75.6,97,0,60.0,2026-04-30T21:39:25.922042,4.218
2026-04-30T21:38:26.826523,97.71,0.4843,100.19,0.5339,1000.0,0.0,4.199,75.6,97,0,60.0,2026-04-30T21:39:26.826315,4.218
2026-04-30T21:38:26.919571,97.71,0.4843,100.19,0.5332,1000.0,0.0,4.199,75.6,97,0,60.0,2026-04-30T21:39:26.918961,4.218
2026-04-30T21:38:27.851631,97.71,0.4843,100.22,0.5333,1000.0,0.0,4.199,75.6,97,0,60.0,2026-04-30T21:39:27.851385,4.218
2026-04-30T21:38:27.957666,97.74,0.4843,100.22,0.531,1000.0,0.0,4.199,75.6,97,0,60.0,2026-04-30T21:39:27.957430,4.218
2026-04-30T21:38:28.061461,97.74,0.4843,100.22,0.5316,1000.0,0.0,4.199,75.6,97,0,60.0,2026-04-30T21:39:28.061104,4.218
2026-04-30T21:38:28.898419,97.77,0.4843,100.25,0.5323,1000.0,0.0,4.199,75.6,97,0,60.0,2026-04-30T21:39:28.898246,4.218
2026-04-30T21:38:29.039902,97.77,0.4843,100.25,0.5323,1000.0,0.0,4.199,75.6,97,0,60.0,2026-04-30T21:39:29.021681,4.218
2026-04-30T21:38:29.312381,97.77,0.4843,100.26,0.5324,1000.0,0.0,4.199,75.6,97,0,60.0,2026-04-30T21:39:29.311986,4.218
2026-04-30T21:38:29.954065,97.84,0.4802,100.29,0.5321,1000.0,0.0,4.199,75.5,97,0,60.0,2026-04-30T21:39:29.953884,4.218
2026-04-30T21:38:30.024954,97.84,0.4927,100.29,0.5349,1000.0,0.0,4.199,75.5,97,0,60.0,2026-04-30T21:39:30.024755,4.218
2026-04-30T21:38:30.097333,97.84,0.4927,100.3,0.537,1000.0,0.0,4.199,75.5,97,0,60.0,2026-04-30T21:39:30.097130,4.218
2026-04-30T21:38:31.091863,97.89,0.4902,100.35,0.5375,1000.0,0.0,4.199,75.5,98,0,60.0,2026-04-30T21:39:31.091666,4.218
2026-04-30T21:38:31.187974,97.89,0.4927,100.35,0.539,1000.0,0.0,4.199,75.5,98,0,60.0,2026-04-30T21:39:31.187755,4.218
2026-04-30T21:38:31.763005,97.89,0.4927,100.37,0.5399,1000.0,0.0,4.199,75.5,98,0,60.0,2026-04-30T21:39:31.762727,4.218
2026-04-30T21:38:32.166313,97.93,0.5036,100.39,0.5416,1000.0,0.0,4.199,75.5,98,0,60.0,2026-04-30T21:39:32.165853,4.218
2026-04-30T21:38:32.355762,97.93,0.5036,100.4,0.5462,1000.0,0.0,4.199,75.5,98,0,60.0,2026-04-30T21:39:32.355505,4.218
2026-04-30T21:38:33.353801,97.93,0.5036,100.43,0.5494,1000.0,0.0,4.199,75.5,97,0,60.0,2026-04-30T21:39:33.353448,4.218
2026-04-30T21:38:33.519042,97.99,0.5036,100.45,0.551,1000.0,0.0,4.199,75.5,97,0,60.0,2026-04-30T21:39:33.518639,4.218
2026-04-30T21:38:33.651480,97.99,0.5036,100.46,0.5514,1000.0,0.0,4.199,75.5,97,0,60.0,2026-04-30T21:39:33.650996,4.218
2026-04-30T21:38:34.149345,98.02,0.5036,100.48,0.552,1000.0,0.0,4.199,75.5,97,0,60.0,2026-04-30T21:39:34.149091,4.218
2026-04-30T21:38:34.260710,98.02,0.4885,100.49,0.5451,1000.0,0.0,4.199,75.5,97,0,60.0,2026-04-30T21:39:34.260387,4.218
2026-04-30T21:38:34.422184,98.02,0.4885,100.49,0.5421,1000.0,0.0,4.199,75.5,97,0,60.0,2026-04-30T21:39:34.421528,4.218
2026-04-30T21:38:35.222087,98.09,0.4878,100.53,0.5395,1000.0,0.0,4.199,75.4,98,0,60.0,2026-04-30T21:39:35.221512,4.218
2026-04-30T21:38:35.370989,98.09,0.4978,100.55,0.5419,1000.0,0.0,4.199,75.4,98,0,60.0,2026-04-30T21:39:35.370643,4.218
2026-04-30T21:38:35.532703,98.09,0.4978,100.56,0.5438,1000.0,0.0,4.199,75.4,98,0,60.0,2026-04-30T21:39:35.532316,4.218
2026-04-30T21:38:36.268733,98.11,0.4978,100.59,0.5454,1000.0,0.0,4.199,75.4,98,0,60.0,2026-04-30T21:39:36.267265,4.218
2026-04-30T21:38:36.432346,98.11,0.4978,100.59,0.5458,1000.0,0.0,4.199,75.4,98,0,60.0,2026-04-30T21:39:36.431471,4.218
2026-04-30T21:38:36.663184,98.11,0.4978,100.59,0.5461,1000.0,0.0,4.199,75.4,98,0,60.0,2026-04-30T21:39:36.662790,4.218
2026-04-30T21:38:37.662329,98.19,0.5071,100.64,0.5459,1000.0,0.0,4.199,75.4,98,0,60.0,2026-04-30T21:39:37.662009,4.218
2026-04-30T21:38:37.789428,98.19,0.5071,100.65,0.5505,1000.0,0.0,4.199,75.4,98,0,60.0,2026-04-30T21:39:37.788909,4.218
2026-04-30T21:38:38.313763,98.19,0.5071,100.67,0.5532,1000.0,0.0,4.199,75.4,98,0,60.0,2026-04-30T21:39:38.313549,4.218
2026-04-30T21:38:38.390592,98.22,0.5071,100.68,0.552,1000.0,0.0,4.199,75.4,98,0,60.0,2026-04-30T21:39:38.390356,4.218
2026-04-30T21:38:38.504499,98.22,0.5071,100.69,0.5534,1000.0,0.0,4.199,75.4,98,0,60.0,2026-04-30T21:39:38.504175,4.218
2026-04-30T21:38:39.371167,98.25,0.5071,100.72,0.555,1000.0,0.0,4.199,75.4,98,0,60.0,2026-04-30T21:39:39.370986,4.218
2026-04-30T21:38:39.444552,98.25,0.508,100.72,0.5541,1000.0,0.0,4.199,75.4,98,0,60.0,2026-04-30T21:39:39.444323,4.218
2026-04-30T21:38:39.535865,98.25,0.508,100.72,0.5551,1000.0,0.0,4.199,75.4,98,0,60.0,2026-04-30T21:39:39.535633,4.218
2026-04-30T21:38:40.426282,98.29,0.508,100.75,0.5564,1000.0,0.0,4.199,75.4,98,0,60.0,2026-04-30T21:39:40.426075,4.218
2026-04-30T21:38:40.496738,98.29,0.508,100.76,0.5566,1000.0,0.0,4.199,75.4,98,0,60.0,2026-04-30T21:39:40.496557,4.218
2026-04-30T21:38:40.581791,98.29,0.508,100.76,0.5567,1000.0,0.0,4.199,75.4,98,0,60.0,2026-04-30T21:39:40.581512,4.218
2026-04-30T21:38:41.482009,98.33,0.5013,100.79,0.5552,1000.0,0.0,4.199,75.4,98,0,60.0,2026-04-30T21:39:41.481804,4.218
2026-04-30T21:38:41.559009,98.33,0.5029,100.8,0.5537,1000.0,0.0,4.199,75.4,98,0,60.0,2026-04-30T21:39:41.558827,4.218
2026-04-30T21:38:41.657025,98.33,0.5029,100.8,0.553,1000.0,0.0,4.199,75.4,98,0,60.0,2026-04-30T21:39:41.656751,4.218
2026-04-30T21:38:42.535687,98.36,0.5105,100.83,0.5532,1000.0,0.0,4.199,75.4,98,0,60.0,2026-04-30T21:39:42.535467,4.218
2026-04-30T21:38:42.633216,98.36,0.5105,100.83,0.5557,1000.0,0.0,4.199,75.4,98,0,60.0,2026-04-30T21:39:42.632926,4.218
2026-04-30T21:38:43.739786,98.36,0.5105,100.86,0.5579,1000.0,0.0,4.199,75.4,98,0,60.0,2026-04-30T21:39:43.739187,4.218
2026-04-30T21:38:44.684527,98.41,0.5105,100.9,0.5593,1000.0,0.0,4.199,75.3,98,0,60.0,2026-04-30T21:39:44.684172,4.218
2026-04-30T21:38:44.964113,98.41,0.5105,100.9,0.5594,1000.0,0.0,4.199,75.3,98,0,60.0,2026-04-30T21:39:44.963730,4.218
2026-04-30T21:38:45.215707,98.44,0.5105,100.9,0.5595,1000.0,0.0,4.199,75.3,98,0,60.0,2026-04-30T21:39:45.196853,4.218
2026-04-30T21:38:45.462086,98.44,0.4995,100.91,0.5541,1000.0,0.0,4.199,75.3,99,0,60.0,2026-04-30T21:39:45.461785,4.218
2026-04-30T21:38:45.585521,98.44,0.4995,100.92,0.5519,1000.0,0.0,4.199,75.3,99,0,60.0,2026-04-30T21:39:45.585134,4.218
2026-04-30T21:38:45.706992,98.49,0.497,100.93,0.5505,1000.0,0.0,4.199,75.3,99,0,60.0,2026-04-30T21:39:45.706656,4.218
2026-04-30T21:38:45.890209,98.49,0.4987,100.94,0.5494,1000.0,0.0,4.199,75.3,99,0,60.0,2026-04-30T21:39:45.889968,4.218
2026-04-30T21:38:46.647921,98.49,0.4987,100.97,0.5487,1000.0,0.0,4.199,75.3,99,0,60.0,2026-04-30T21:39:46.647652,4.218
2026-04-30T21:38:47.240685,98.53,0.4987,100.99,0.5482,1000.0,0.0,4.199,75.3,99,0,60.0,2026-04-30T21:39:47.224775,4.218
2026-04-30T21:38:47.722457,98.53,0.4987,101.01,0.5481,1000.0,0.0,4.199,75.3,98,0,60.0,2026-04-30T21:39:47.721944,4.218
2026-04-30T21:38:47.865893,98.53,0.4987,101.01,0.5479,1000.0,0.0,4.199,75.3,98,0,60.0,2026-04-30T21:39:47.865557,4.218
2026-04-30T21:38:48.090343,98.57,0.5198,101.03,0.5481,1000.0,0.0,4.199,75.3,98,0,60.0,2026-04-30T21:39:48.089789,4.218
2026-04-30T21:38:48.281240,98.57,0.5198,101.04,0.5566,1000.0,0.0,4.199,75.3,98,0,60.0,2026-04-30T21:39:48.280714,4.218
2026-04-30T21:38:48.854601,98.57,0.5198,101.06,0.5623,1000.0,0.0,4.199,75.3,98,0,60.0,2026-04-30T21:39:48.854192,4.218
2026-04-30T21:38:49.167552,98.62,0.5198,101.08,0.5606,1000.0,0.0,4.199,75.3,98,0,60.0,2026-04-30T21:39:49.155075,4.218
2026-04-30T21:38:49.554181,98.62,0.5198,101.1,0.5651,1000.0,0.0,4.199,75.3,98,0,60.0,2026-04-30T21:39:49.553685,4.218
2026-04-30T21:38:49.844740,98.68,0.5198,101.11,0.5671,1000.0,0.0,4.199,75.3,98,0,60.0,2026-04-30T21:39:49.844464,4.218
2026-04-30T21:38:49.943996,98.68,0.5027,101.13,0.5602,1000.0,0.0,4.199,75.3,98,0,60.0,2026-04-30T21:39:49.943715,4.218
2026-04-30T21:38:50.057249,98.68,0.5027,101.14,0.5572,1000.0,0.0,4.199,75.3,98,0,60.0,2026-04-30T21:39:50.056908,4.218
2026-04-30T21:38:50.894600,98.72,0.5027,101.17,0.5547,1000.0,0.0,4.199,75.2,98,0,60.0,2026-04-30T21:39:50.894302,4.218
2026-04-30T21:38:51.063364,98.72,0.5207,101.18,0.56,1000.0,0.0,4.199,75.2,98,0,60.0,2026-04-30T21:39:51.056651,4.218
2026-04-30T21:38:51.346261,98.72,0.5207,101.19,0.5647,1000.0,0.0,4.199,75.2,97,0,60.0,2026-04-30T21:39:51.345740,4.218
2026-04-30T21:38:51.948978,98.74,0.5155,101.21,0.5649,1000.0,0.0,4.199,75.2,97,0,60.0,2026-04-30T21:39:51.948784,4.218
2026-04-30T21:38:52.024125,98.74,0.5207,101.21,0.567,1000.0,0.0,4.199,75.2,97,0,60.0,2026-04-30T21:39:52.023925,4.218
2026-04-30T21:38:52.129799,98.74,0.5207,101.21,0.568,1000.0,0.0,4.199,75.2,97,0,60.0,2026-04-30T21:39:52.129523,4.218
2026-04-30T21:38:53.250298,98.8,0.517,101.26,0.5678,1000.0,0.0,4.199,75.2,98,0,60.0,2026-04-30T21:39:53.248843,4.218
2026-04-30T21:38:53.496135,98.8,0.517,101.27,0.5672,1000.0,0.0,4.199,75.2,98,0,60.0,2026-04-30T21:39:53.495551,4.218
2026-04-30T21:38:54.031923,98.8,0.517,101.29,0.5672,1000.0,0.0,4.199,75.2,98,0,60.0,2026-04-30T21:39:54.031562,4.218
2026-04-30T21:38:54.143594,98.84,0.5214,101.3,0.5677,1000.0,0.0,4.199,75.2,98,0,60.0,2026-04-30T21:39:54.143284,4.218
2026-04-30T21:38:54.278561,98.84,0.5214,101.31,0.5691,1000.0,0.0,4.199,75.2,98,0,60.0,2026-04-30T21:39:54.278240,4.218
2026-04-30T21:38:55.073380,98.85,0.5214,101.33,0.5704,1000.0,0.0,4.199,75.2,98,0,60.0,2026-04-30T21:39:55.073204,4.218
2026-04-30T21:38:55.145460,98.85,0.5214,101.33,0.5702,1000.0,0.0,4.199,75.2,98,0,60.0,2026-04-30T21:39:55.145238,4.218
2026-04-30T21:38:55.246823,98.85,0.5214,101.33,0.5705,1000.0,0.0,4.199,75.2,98,0,60.0,2026-04-30T21:39:55.246521,4.218
2026-04-30T21:38:56.132606,98.9,0.5214,101.36,0.5711,1000.0,0.0,4.199,75.2,98,0,60.0,2026-04-30T21:39:56.132406,4.218
2026-04-30T21:38:56.207159,98.9,0.5214,101.36,0.571,1000.0,0.0,4.199,75.2,98,0,60.0,2026-04-30T21:39:56.206962,4.218
2026-04-30T21:38:56.313350,98.9,0.5214,101.36,0.571,1000.0,0.0,4.199,75.2,98,0,60.0,2026-04-30T21:39:56.313075,4.218
2026-04-30T21:38:57.203002,98.93,0.5121,101.39,0.5687,1000.0,0.0,4.199,75.2,98,0,60.0,2026-04-30T21:39:57.202660,4.218
2026-04-30T21:38:57.305808,98.93,0.5323,101.4,0.5746,1000.0,0.0,4.199,75.2,98,0,60.0,2026-04-30T21:39:57.305575,4.218
2026-04-30T21:38:57.409594,98.93,0.5323,101.4,0.5773,1000.0,0.0,4.199,75.2,98,0,60.0,2026-04-30T21:39:57.409283,4.218
2026-04-30T21:38:58.252194,98.96,0.5323,101.42,0.5758,1000.0,0.0,4.199,75.2,98,0,60.0,2026-04-30T21:39:58.251983,4.218
2026-04-30T21:38:58.347990,98.96,0.5323,101.43,0.5784,1000.0,0.0,4.199,75.2,98,0,60.0,2026-04-30T21:39:58.347730,4.218
2026-04-30T21:38:59.354167,98.96,0.5323,101.45,0.5806,1000.0,0.0,4.199,75.2,98,0,60.0,2026-04-30T21:39:59.353207,4.218
2026-04-30T21:38:59.532285,98.99,0.5157,101.46,0.5733,1000.0,0.0,4.199,75.1,98,0,60.0,2026-04-30T21:39:59.531883,4.218
2026-04-30T21:38:59.669927,98.99,0.5157,101.46,0.5698,1000.0,0.0,4.199,75.1,98,0,60.0,2026-04-30T21:39:59.669366,4.218
2026-04-30T21:39:00.312427,99.02,0.5157,101.48,0.5679,1000.0,0.0,4.199,75.1,98,0,60.0,2026-04-30T21:40:00.312220,4.218
2026-04-30T21:39:00.383988,99.02,0.5373,101.48,0.5729,1000.0,0.0,4.199,75.1,98,0,60.0,2026-04-30T21:40:00.383815,4.218
2026-04-30T21:39:00.466066,99.02,0.5373,101.49,0.578,1000.0,0.0,4.199,75.1,98,0,60.0,2026-04-30T21:40:00.465882,4.218
2026-04-30T21:39:01.370521,99.06,0.5157,101.52,0.5799,1000.0,0.0,4.199,75.1,98,0,60.0,2026-04-30T21:40:01.370316,4.218
2026-04-30T21:39:01.466930,99.06,0.5373,101.52,0.5814,1000.0,0.0,4.199,75.1,98,0,60.0,2026-04-30T21:40:01.466695,4.218
2026-04-30T21:39:01.564019,99.06,0.5373,101.52,0.5835,1000.0,0.0,4.199,75.1,98,0,60.0,2026-04-30T21:40:01.563749,4.218
2026-04-30T21:39:02.424456,99.12,0.5164,101.56,0.5802,1000.0,0.0,4.199,75.1,98,0,60.0,2026-04-30T21:40:02.424244,4.218
2026-04-30T21:39:02.493422,99.12,0.5256,101.57,0.5781,1000.0,0.0,4.199,75.1,98,0,60.0,2026-04-30T21:40:02.493246,4.218
2026-04-30T21:39:02.574884,99.12,0.5256,101.57,0.5772,1000.0,0.0,4.199,75.1,98,0,60.0,2026-04-30T21:40:02.574625,4.218
2026-04-30T21:39:03.555711,99.17,0.5382,101.62,0.5781,1000.0,0.0,4.199,75.1,97,0,60.0,2026-04-30T21:40:03.555197,4.218
2026-04-30T21:39:03.703365,99.17,0.5382,101.62,0.5825,1000.0,0.0,4.199,75.1,97,0,60.0,2026-04-30T21:40:03.703076,4.218
2026-04-30T21:39:04.491097,99.17,0.5382,101.65,0.5857,1000.0,0.0,4.199,75.1,97,0,60.0,2026-04-30T21:40:04.490888,4.218
2026-04-30T21:39:04.580637,99.23,0.5382,101.67,0.5844,1000.0,0.0,4.199,75.1,97,0,60.0,2026-04-30T21:40:04.580366,4.218
2026-04-30T21:39:04.700664,99.23,0.5382,101.68,0.5859,1000.0,0.0,4.199,75.1,97,0,60.0,2026-04-30T21:40:04.700178,4.218
2026-04-30T21:39:05.541333,99.27,0.5382,101.72,0.5876,1000.0,0.0,4.199,75.1,98,0,60.0,2026-04-30T21:40:05.541133,4.218
2026-04-30T21:39:05.629648,99.27,0.5283,101.72,0.5824,1000.0,0.0,4.199,75.1,98,0,60.0,2026-04-30T21:40:05.629414,4.218
2026-04-30T21:39:05.771901,99.27,0.5283,101.73,0.5809,1000.0,0.0,4.199,75.1,98,0,60.0,2026-04-30T21:40:05.771492,4.218
2026-04-30T21:39:06.623832,99.31,0.5283,101.76,0.5798,1000.0,0.0,4.199,75.0,98,0,60.0,2026-04-30T21:40:06.623456,4.218
2026-04-30T21:39:06.846646,99.31,0.544,101.77,0.5852,1000.0,0.0,4.199,75.0,98,0,60.0,2026-04-30T21:40:06.846445,4.218
2026-04-30T21:39:07.094624,99.31,0.544,101.78,0.5893,1000.0,0.0,4.199,75.0,98,0,60.0,2026-04-30T21:40:07.093829,4.218
2026-04-30T21:39:07.683697,99.35,0.5138,101.8,0.5864,1000.0,0.0,4.199,75.0,98,0,60.0,2026-04-30T21:40:07.683323,4.218
2026-04-30T21:39:07.781924,99.35,0.544,101.81,0.5898,1000.0,0.0,4.199,75.0,98,0,60.0,2026-04-30T21:40:07.781698,4.218
2026-04-30T21:39:07.949059,99.35,0.544,101.81,0.5914,1000.0,0.0,4.199,75.0,98,0,60.0,2026-04-30T21:40:07.948667,4.218
2026-04-30T21:39:08.849184,99.41,0.5256,101.86,0.5836,1000.0,0.0,4.199,75.0,98,0,60.0,2026-04-30T21:40:08.848787,4.218
2026-04-30T21:39:09.055310,99.41,0.5256,101.87,0.58,1000.0,0.0,4.199,75.0,98,0,60.0,2026-04-30T21:40:09.048540,4.218
2026-04-30T21:39:09.739426,99.41,0.5256,101.89,0.5781,1000.0,0.0,4.199,75.0,98,0,60.0,2026-04-30T21:40:09.739161,4.218
2026-04-30T21:39:09.853169,99.48,0.5476,101.92,0.5816,1000.0,0.0,4.199,75.0,98,0,60.0,2026-04-30T21:40:09.852915,4.218
2026-04-30T21:39:09.964452,99.48,0.5476,101.93,0.588,1000.0,0.0,4.199,75.0,98,0,60.0,2026-04-30T21:40:09.964109,4.218
2026-04-30T21:39:10.785835,99.52,0.5476,101.97,0.5935,1000.0,0.0,4.199,75.0,98,0,60.0,2026-04-30T21:40:10.785648,4.218
2026-04-30T21:39:10.875624,99.52,0.5476,101.97,0.5935,1000.0,0.0,4.199,75.0,98,0,60.0,2026-04-30T21:40:10.875396,4.218
2026-04-30T21:39:11.162253,99.52,0.5476,101.98,0.5953,1000.0,0.0,4.199,75.0,98,0,60.0,2026-04-30T21:40:11.148188,4.218
2026-04-30T21:39:11.828577,99.56,0.5459,102.01,0.597,1000.0,0.0,4.199,75.0,98,0,60.0,2026-04-30T21:40:11.828347,4.218
2026-04-30T21:39:11.895938,99.56,0.5459,102.01,0.5966,1000.0,0.0,4.199,75.0,98,0,60.0,2026-04-30T21:40:11.895734,4.218
2026-04-30T21:39:11.967332,99.56,0.5459,102.02,0.5966,1000.0,0.0,4.199,75.0,98,0,60.0,2026-04-30T21:40:11.967162,4.218
2026-04-30T21:39:12.897632,99.61,0.5292,102.05,0.5921,1000.0,0.0,4.199,74.9,98,0,60.0,2026-04-30T21:40:12.897438,4.218
2026-04-30T21:39:13.094610,99.61,0.5417,102.06,0.5922,1000.0,0.0,4.199,74.9,98,0,60.0,2026-04-30T21:40:13.080796,4.218
2026-04-30T21:39:13.452082,99.61,0.5417,102.08,0.5923,1000.0,0.0,4.199,74.9,98,0,60.0,2026-04-30T21:40:13.451794,4.218
2026-04-30T21:39:14.016092,99.66,0.5451,102.1,0.5914,1000.0,0.0,4.199,74.9,98,0,60.0,2026-04-30T21:40:14.015546,4.218
2026-04-30T21:39:14.161705,99.66,0.5451,102.11,0.5932,1000.0,0.0,4.199,74.9,98,0,60.0,2026-04-30T21:40:14.161320,4.218
2026-04-30T21:39:14.978696,99.66,0.5451,102.14,0.5949,1000.0,0.0,4.199,74.9,98,0,60.0,2026-04-30T21:40:14.961452,4.218
2026-04-30T21:39:15.283171,99.71,0.5451,102.16,0.5954,1000.0,0.0,4.199,74.9,98,0,60.0,2026-04-30T21:40:15.282780,4.218
2026-04-30T21:39:15.475775,99.71,0.5451,102.17,0.5956,1000.0,0.0,4.199,74.9,98,0,60.0,2026-04-30T21:40:15.475488,4.218
2026-04-30T21:39:16.021742,99.76,0.5451,102.19,0.5959,1000.0,0.0,4.199,74.9,98,0,60.0,2026-04-30T21:40:16.021522,4.218
2026-04-30T21:39:16.107904,99.76,0.551,102.21,0.5953,1000.0,0.0,4.199,74.9,98,0,60.0,2026-04-30T21:40:16.107638,4.218
2026-04-30T21:39:16.207579,99.76,0.551,102.21,0.5977,1000.0,0.0,4.199,74.9,98,0,60.0,2026-04-30T21:40:16.207281,4.218
2026-04-30T21:39:17.084793,99.79,0.5332,102.25,0.5975,1000.0,0.0,4.199,74.9,98,0,60.0,2026-04-30T21:40:17.084587,4.218
2026-04-30T21:39:17.184593,99.79,0.551,102.25,0.5989,1000.0,0.0,4.199,74.9,98,0,60.0,2026-04-30T21:40:17.184351,4.218
2026-04-30T21:39:17.323267,99.79,0.551,102.25,0.6,1000.0,0.0,4.199,74.9,98,0,60.0,2026-04-30T21:40:17.322101,4.218
2026-04-30T21:39:18.136407,99.84,0.5451,102.29,0.5997,1000.0,0.0,4.199,74.9,98,0,60.0,2026-04-30T21:40:18.136219,4.218
2026-04-30T21:39:18.206731,99.84,0.5451,102.3,0.5981,1000.0,0.0,4.199,74.9,98,0,60.0,2026-04-30T21:40:18.206534,4.218
2026-04-30T21:39:18.279160,99.84,0.5451,102.3,0.5973,1000.0,0.0,4.199,74.9,98,0,60.0,2026-04-30T21:40:18.278971,4.218
2026-04-30T21:39:19.231320,99.89,0.544,102.34,0.5962,1000.0,0.0,4.199,74.9,98,0,60.0,2026-04-30T21:40:19.230988,4.218
2026-04-30T21:39:19.399387,99.89,0.544,102.35,0.5957,1000.0,0.0,4.199,74.8,98,0,60.0,2026-04-30T21:40:19.398974,4.218
2026-04-30T21:39:20.202516,99.89,0.544,102.38,0.5958,1000.0,0.0,4.199,74.8,98,0,60.0,2026-04-30T21:40:20.202325,4.218
2026-04-30T21:39:20.273769,99.93,0.5602,102.39,0.5987,1000.0,0.0,4.199,74.8,98,0,60.0,2026-04-30T21:40:20.273545,4.218
2026-04-30T21:39:20.364284,99.93,0.5602,102.39,0.6035,1000.0,0.0,4.199,74.8,98,0,60.0,2026-04-30T21:40:20.364068,4.218
2026-04-30T21:39:21.260933,99.97,0.5602,102.42,0.6079,1000.0,0.0,4.199,74.8,98,0,60.0,2026-04-30T21:40:21.260643,4.218
2026-04-30T21:39:21.347197,99.97,0.5602,102.42,0.6096,1000.0,0.0,4.199,74.8,98,0,60.0,2026-04-30T21:40:21.346833,4.218
2026-04-30T21:39:21.448313,99.97,0.5602,102.43,0.6102,1000.0,0.0,4.199,74.8,98,0,60.0,2026-04-30T21:40:21.448068,4.218
2026-04-30T21:39:22.316251,100.0,0.5517,102.45,0.6098,1000.0,0.0,4.199,74.8,98,0,60.0,2026-04-30T21:40:22.316058,4.218
2026-04-30T21:39:22.385581,100.0,0.5518,102.45,0.6066,1000.0,0.0,4.199,74.8,98,0,60.0,2026-04-30T21:40:22.385403,4.218
2026-04-30T21:39:22.474038,100.0,0.5518,102.45,0.6052,1000.0,0.0,4.199,74.8,98,0,60.0,2026-04-30T21:40:22.473798,4.218
2026-04-30T21:39:23.373685,100.04,0.5518,102.48,0.6041,1000.0,0.0,4.199,74.8,98,0,60.0,2026-04-30T21:40:23.373496,4.218
2026-04-30T21:39:23.461412,100.04,0.5645,102.49,0.6092,1000.0,0.0,4.199,74.8,98,0,60.0,2026-04-30T21:40:23.461167,4.218
2026-04-30T21:39:23.556929,100.04,0.5645,102.49,0.6115,1000.0,0.0,4.199,74.8,98,0,60.0,2026-04-30T21:40:23.556658,4.218
2026-04-30T21:39:24.431709,100.06,0.5645,102.51,0.6141,1000.0,0.0,4.199,74.8,98,0,60.0,2026-04-30T21:40:24.431424,4.218
2026-04-30T21:39:24.518300,100.06,0.5645,102.51,0.6148,1000.0,0.0,4.199,74.8,98,0,60.0,2026-04-30T21:40:24.518083,4.218
2026-04-30T21:39:25.463858,100.06,0.5645,102.54,0.6157,1000.0,0.0,4.199,74.8,98,0,60.0,2026-04-30T21:40:25.463481,4.218
2026-04-30T21:39:25.634262,100.08,0.5662,102.54,0.6128,1000.0,0.0,4.199,74.8,98,0,60.0,2026-04-30T21:40:25.633825,4.218
2026-04-30T21:39:25.803326,100.08,0.5662,102.54,0.6148,1000.0,0.0,4.199,74.8,98,0,60.0,2026-04-30T21:40:25.802980,4.218
2026-04-30T21:39:26.494127,100.11,0.5662,102.56,0.6165,1000.0,0.0,4.199,74.8,98,0,60.0,2026-04-30T21:40:26.493926,4.218
2026-04-30T21:39:26.568686,100.11,0.5662,102.56,0.6153,1000.0,0.0,4.199,74.8,98,0,60.0,2026-04-30T21:40:26.568492,4.218
2026-04-30T21:39:26.667705,100.11,0.5662,102.56,0.6161,1000.0,0.0,4.199,74.8,98,0,60.0,2026-04-30T21:40:26.667478,4.218
2026-04-30T21:39:27.551152,100.13,0.5662,102.59,0.6172,1000.0,0.0,4.199,74.8,98,0,60.0,2026-04-30T21:40:27.550962,4.218
2026-04-30T21:39:27.623285,100.13,0.5662,102.59,0.6173,1000.0,0.0,4.199,74.8,98,0,60.0,2026-04-30T21:40:27.623019,4.218
2026-04-30T21:39:27.721336,100.13,0.5662,102.59,0.6174,1000.0,0.0,4.199,74.8,98,0,60.0,2026-04-30T21:40:27.721102,4.218
2026-04-30T21:39:28.607613,100.14,0.5562,102.6,0.6149,1000.0,0.0,4.199,74.8,98,0,60.0,2026-04-30T21:40:28.607395,4.218
2026-04-30T21:39:28.680166,100.14,0.5628,102.6,0.6145,1000.0,0.0,4.199,74.8,98,0,60.0,2026-04-30T21:40:28.679898,4.218
2026-04-30T21:39:28.751834,100.14,0.5628,102.6,0.6143,1000.0,0.0,4.199,74.8,98,0,60.0,2026-04-30T21:40:28.751653,4.218
2026-04-30T21:39:29.741426,100.16,0.5754,102.62,0.6153,1000.0,0.0,4.199,74.8,98,0,60.0,2026-04-30T21:40:29.740608,4.218
2026-04-30T21:39:29.926405,100.16,0.5754,102.62,0.6203,1000.0,0.0,4.199,74.8,98,0,60.0,2026-04-30T21:40:29.926188,4.218
2026-04-30T21:39:30.687423,100.16,0.5754,102.64,0.624,1000.0,0.0,4.199,74.8,98,0,60.0,2026-04-30T21:40:30.687151,4.218
2026-04-30T21:39:30.796130,100.2,0.5754,102.65,0.6255,1000.0,0.0,4.199,74.7,98,0,60.0,2026-04-30T21:40:30.795778,4.218
2026-04-30T21:39:30.969299,100.2,0.5754,102.65,0.6261,1000.0,0.0,4.199,74.7,98,0,60.0,2026-04-30T21:40:30.968682,4.218
2026-04-30T21:39:31.744476,100.23,0.5754,102.68,0.6269,1000.0,0.0,4.199,74.7,98,0,60.0,2026-04-30T21:40:31.744208,4.218
2026-04-30T21:39:31.819789,100.23,0.5771,102.68,0.6227,1000.0,0.0,4.199,74.7,98,0,60.0,2026-04-30T21:40:31.819613,4.218
2026-04-30T21:39:31.924293,100.23,0.5771,102.68,0.6249,1000.0,0.0,4.199,74.7,98,0,60.0,2026-04-30T21:40:31.923918,4.218
2026-04-30T21:39:32.787736,100.26,0.5508,102.71,0.6231,1000.0,0.0,4.199,74.7,98,0,60.0,2026-04-30T21:40:32.787539,4.218
2026-04-30T21:39:32.858484,100.26,0.5771,102.71,0.6247,1000.0,0.0,4.199,74.7,98,0,60.0,2026-04-30T21:40:32.858282,4.218
2026-04-30T21:39:32.972746,100.26,0.5771,102.72,0.6261,1000.0,0.0,4.199,74.7,98,0,60.0,2026-04-30T21:40:32.954479,4.218
2026-04-30T21:39:33.838902,100.3,0.5662,102.75,0.6249,1000.0,0.0,4.199,74.7,99,0,60.0,2026-04-30T21:40:33.838702,4.218
2026-04-30T21:39:33.901936,100.3,0.5719,102.75,0.6243,1000.0,0.0,4.199,74.7,99,0,60.0,2026-04-30T21:40:33.901705,4.218
2026-04-30T21:39:33.975528,100.3,0.5719,102.75,0.624,1000.0,0.0,4.199,74.7,99,0,60.0,2026-04-30T21:40:33.975339,4.218
2026-04-30T21:39:34.927703,100.33,0.5719,102.78,0.6239,1000.0,0.0,4.199,74.7,99,0,60.0,2026-04-30T21:40:34.925160,4.218
2026-04-30T21:39:35.295933,100.33,0.5719,102.79,0.6238,1000.0,0.0,4.199,74.7,99,0,60.0,2026-04-30T21:40:35.295550,4.218
2026-04-30T21:39:35.921838,100.33,0.5719,102.81,0.6241,1000.0,0.0,4.199,74.7,98,0,60.0,2026-04-30T21:40:35.921252,4.218
2026-04-30T21:39:36.154763,100.36,0.5687,102.82,0.6222,1000.0,0.0,4.199,74.7,98,0,60.0,2026-04-30T21:40:36.154395,4.218
2026-04-30T21:39:36.390645,100.36,0.5687,102.82,0.6214,1000.0,0.0,4.199,74.7,98,0,60.0,2026-04-30T21:40:36.390278,4.218
2026-04-30T21:39:37.086480,100.39,0.5687,102.84,0.6212,1000.0,0.0,4.199,74.7,98,0,60.0,2026-04-30T21:40:37.058373,4.218
2026-04-30T21:39:37.471676,100.39,0.5687,102.85,0.6208,1000.0,0.0,4.199,74.7,98,0,60.0,2026-04-30T21:40:37.471283,4.218
2026-04-30T21:39:37.586222,100.39,0.5687,102.85,0.6206,1000.0,0.0,4.199,74.7,98,0,60.0,2026-04-30T21:40:37.585627,4.218
2026-04-30T21:39:38.019370,100.42,0.5526,102.87,0.6186,1000.0,0.0,4.199,74.7,98,0,60.0,2026-04-30T21:40:38.019200,4.218
2026-04-30T21:39:38.081545,100.42,0.5863,102.87,0.6238,1000.0,0.0,4.199,74.7,98,0,60.0,2026-04-30T21:40:38.081375,4.218
2026-04-30T21:39:38.150796,100.42,0.5863,102.88,0.6285,1000.0,0.0,4.199,74.7,98,0,60.0,2026-04-30T21:40:38.150625,4.218
2026-04-30T21:39:39.130949,100.43,0.583,102.9,0.6293,1000.0,0.0,4.199,74.7,98,0,60.0,2026-04-30T21:40:39.130708,4.218
2026-04-30T21:39:39.390014,100.43,0.5863,102.9,0.6332,1000.0,0.0,4.199,74.7,98,0,60.0,2026-04-30T21:40:39.389294,4.218
2026-04-30T21:39:39.624967,100.43,0.5863,102.9,0.6357,1000.0,0.0,4.199,74.7,98,0,60.0,2026-04-30T21:40:39.624535,4.218
2026-04-30T21:39:40.137112,100.5,0.583,102.93,0.6361,1000.0,0.0,4.199,74.7,98,0,60.0,2026-04-30T21:40:40.136909,4.218
2026-04-30T21:39:40.221437,100.5,0.583,102.94,0.6356,1000.0,0.0,4.199,74.6,98,0,60.0,2026-04-30T21:40:40.221174,4.218
2026-04-30T21:39:41.170271,100.5,0.583,102.97,0.6358,1000.0,0.0,4.199,74.6,98,0,60.0,2026-04-30T21:40:41.169834,4.218
2026-04-30T21:39:41.363761,100.54,0.5787,102.98,0.6333,1000.0,0.0,4.199,74.6,98,0,60.0,2026-04-30T21:40:41.363354,4.218
2026-04-30T21:39:41.598827,100.54,0.5787,102.99,0.6321,1000.0,0.0,4.199,74.6,98,0,60.0,2026-04-30T21:40:41.598388,4.218
2026-04-30T21:39:42.201299,100.56,0.5787,103.01,0.6316,1000.0,0.0,4.199,74.6,98,0,60.0,2026-04-30T21:40:42.201109,4.218
2026-04-30T21:39:42.283090,100.56,0.5778,103.01,0.6301,1000.0,0.0,4.199,74.6,98,0,60.0,2026-04-30T21:40:42.282840,4.218
2026-04-30T21:39:42.387176,100.56,0.5778,103.01,0.63,1000.0,0.0,4.199,74.6,98,0,60.0,2026-04-30T21:40:42.386824,4.218
2026-04-30T21:39:43.254255,100.6,0.5721,103.04,0.6292,1000.0,0.0,4.199,74.6,98,0,60.0,2026-04-30T21:40:43.254075,4.218
2026-04-30T21:39:43.325592,100.6,0.594,103.05,0.635,1000.0,0.0,4.199,74.6,98,0,60.0,2026-04-30T21:40:43.325405,4.218
2026-04-30T21:39:43.410550,100.6,0.594,103.05,0.639,1000.0,0.0,4.199,74.6,98,0,60.0,2026-04-30T21:40:43.410232,4.218
2026-04-30T21:39:44.317678,100.64,0.594,103.08,0.6433,1000.0,0.0,4.199,74.6,98,0,60.0,2026-04-30T21:40:44.317475,4.218
2026-04-30T21:39:44.411776,100.64,0.594,103.09,0.6446,1000.0,0.0,4.199,74.6,98,0,60.0,2026-04-30T21:40:44.411532,4.218
2026-04-30T21:39:44.594975,100.64,0.594,103.09,0.6452,1000.0,0.0,4.199,74.6,98,0,60.0,2026-04-30T21:40:44.592084,4.218
2026-04-30T21:39:45.402084,100.66,0.5695,103.12,0.6348,1000.0,0.0,4.199,74.6,97,0,60.0,2026-04-30T21:40:45.401826,4.218
2026-04-30T21:39:45.516405,100.66,0.5695,103.12,0.6291,1000.0,0.0,4.199,74.6,97,0,60.0,2026-04-30T21:40:45.516160,4.218
2026-04-30T21:39:46.391346,100.66,0.5695,103.14,0.6261,1000.0,0.0,4.199,74.6,97,0,60.0,2026-04-30T21:40:46.391090,4.218
2026-04-30T21:39:46.509957,100.69,0.5814,103.14,0.6252,1000.0,0.0,4.199,74.6,97,0,60.0,2026-04-30T21:40:46.509682,4.218
2026-04-30T21:39:46.693399,100.69,0.5814,103.15,0.6288,1000.0,0.0,4.199,74.6,97,0,60.0,2026-04-30T21:40:46.692907,4.218
2026-04-30T21:39:47.440582,100.72,0.5814,103.17,0.6315,1000.0,0.0,4.199,74.6,97,0,60.0,2026-04-30T21:40:47.440400,4.218
2026-04-30T21:39:47.512143,100.72,0.598,103.17,0.6375,1000.0,0.0,4.199,74.6,97,0,60.0,2026-04-30T21:40:47.511967,4.218
2026-04-30T21:39:47.586592,100.72,0.598,103.17,0.6421,1000.0,0.0,4.199,74.6,97,0,60.0,2026-04-30T21:40:47.586382,4.218
2026-04-30T21:39:48.494472,100.73,0.5814,103.2,0.6443,1000.0,0.0,4.199,74.6,97,0,60.0,2026-04-30T21:40:48.494251,4.218
2026-04-30T21:39:48.566534,100.73,0.598,103.19,0.6444,1000.0,0.0,4.199,74.6,97,0,60.0,2026-04-30T21:40:48.566363,4.218
2026-04-30T21:39:48.651420,100.73,0.598,103.19,0.6465,1000.0,0.0,4.199,74.6,97,0,60.0,2026-04-30T21:40:48.651203,4.218
2026-04-30T21:39:49.562973,100.75,0.5678,103.21,0.6405,1000.0,0.0,4.199,74.6,97,0,60.0,2026-04-30T21:40:49.562736,4.218
2026-04-30T21:39:49.657327,100.75,0.5805,103.21,0.6371,1000.0,0.0,4.199,74.6,97,0,60.0,2026-04-30T21:40:49.657088,4.218
2026-04-30T21:39:49.918554,100.75,0.5805,103.21,0.6354,1000.0,0.0,4.199,74.6,97,0,60.0,2026-04-30T21:40:49.918153,4.218
2026-04-30T21:39:50.618208,100.79,0.5998,103.24,0.6363,1000.0,0.0,4.199,74.6,97,0,60.0,2026-04-30T21:40:50.617997,4.218
2026-04-30T21:39:50.719062,100.79,0.5998,103.24,0.6429,1000.0,0.0,4.199,74.5,97,0,60.0,2026-04-30T21:40:50.718752,4.218
2026-04-30T21:39:51.832801,100.79,0.5998,103.27,0.6477,1000.0,0.0,4.199,74.5,97,0,60.0,2026-04-30T21:40:51.832481,4.218
2026-04-30T21:39:52.130567,100.81,0.5998,103.28,0.6458,1000.0,0.0,4.199,74.5,97,0,60.0,2026-04-30T21:40:52.130275,4.218
2026-04-30T21:39:52.313329,100.81,0.5998,103.28,0.649,1000.0,0.0,4.199,74.5,97,0,60.0,2026-04-30T21:40:52.313024,4.218
2026-04-30T21:39:52.686214,100.82,0.5998,103.28,0.6507,1000.0,0.0,4.199,74.5,97,0,60.0,2026-04-30T21:40:52.685913,4.218
2026-04-30T21:39:52.795650,100.82,0.5845,103.28,0.6439,1000.0,0.0,4.199,74.5,97,0,60.0,2026-04-30T21:40:52.795404,4.218
2026-04-30T21:39:52.897657,100.82,0.5845,103.28,0.6413,1000.0,0.0,4.199,74.5,97,0,60.0,2026-04-30T21:40:52.897370,4.218
2026-04-30T21:39:53.730351,100.85,0.5845,103.31,0.6392,1000.0,0.0,4.199,74.5,97,0,60.0,2026-04-30T21:40:53.730151,4.218
2026-04-30T21:39:53.805516,100.85,0.5845,103.31,0.638,1000.0,0.0,4.199,74.5,97,0,60.0,2026-04-30T21:40:53.805351,4.218
2026-04-30T21:39:53.872096,100.85,0.5845,103.31,0.6376,1000.0,0.0,4.199,74.5,97,0,60.0,2026-04-30T21:40:53.871926,4.218
2026-04-30T21:39:54.793567,100.88,0.5839,103.34,0.6372,1000.0,0.0,4.199,74.5,97,0,60.0,2026-04-30T21:40:54.793259,4.218
2026-04-30T21:39:54.876241,100.88,0.5881,103.34,0.6387,1000.0,0.0,4.199,74.5,97,0,60.0,2026-04-30T21:40:54.875894,4.218
2026-04-30T21:39:55.017358,100.88,0.5881,103.34,0.6393,1000.0,0.0,4.199,74.5,97,0,60.0,2026-04-30T21:40:55.004094,4.218
2026-04-30T21:39:55.963289,100.89,0.5881,103.36,0.6402,1000.0,0.0,4.199,74.5,97,0,60.0,2026-04-30T21:40:55.962887,4.218
2026-04-30T21:39:56.145117,100.89,0.5881,103.36,0.6404,1000.0,0.0,4.199,74.5,97,0,60.0,2026-04-30T21:40:56.144744,4.218
2026-04-30T21:39:56.860890,100.89,0.5881,103.38,0.6408,1000.0,0.0,4.199,74.5,97,0,60.0,2026-04-30T21:40:56.860644,4.218
2026-04-30T21:39:57.005022,100.95,0.6083,103.39,0.6444,1000.0,0.0,4.199,74.5,97,0,60.0,2026-04-30T21:40:56.997265,4.218
2026-04-30T21:39:57.457499,100.95,0.6083,103.4,0.6527,1000.0,0.0,4.199,74.5,96,0,60.0,2026-04-30T21:40:57.457003,4.218
2026-04-30T21:39:57.909047,100.98,0.6083,103.42,0.6572,1000.0,0.0,4.199,74.5,96,0,60.0,2026-04-30T21:40:57.908807,4.218
2026-04-30T21:39:57.978906,100.98,0.6057,103.42,0.6552,1000.0,0.0,4.199,74.5,96,0,60.0,2026-04-30T21:40:57.978701,4.218
2026-04-30T21:39:58.051179,100.98,0.6057,103.43,0.6563,1000.0,0.0,4.199,74.5,96,0,60.0,2026-04-30T21:40:58.050958,4.218
2026-04-30T21:39:59.004099,101.03,0.5991,103.46,0.6567,1000.0,0.0,4.199,74.5,96,0,60.0,2026-04-30T21:40:58.991328,4.218
2026-04-30T21:39:59.197026,101.03,0.5991,103.48,0.6542,1000.0,0.0,4.199,74.5,97,0,60.0,2026-04-30T21:40:59.196724,4.218
2026-04-30T21:39:59.424039,101.03,0.5991,103.48,0.6531,1000.0,0.0,4.199,74.5,97,0,60.0,2026-04-30T21:40:59.423705,4.218
2026-04-30T21:40:00.028553,101.08,0.5863,103.5,0.6493,1000.0,0.0,4.199,74.4,97,0,60.0,2026-04-30T21:41:00.028249,4.218
2026-04-30T21:40:00.100515,101.08,0.5906,103.51,0.6467,1000.0,0.0,4.199,74.4,97,0,60.0,2026-04-30T21:41:00.100332,4.218
2026-04-30T21:40:00.176401,101.08,0.5906,103.52,0.6455,1000.0,0.0,4.199,74.4,97,0,60.0,2026-04-30T21:41:00.176111,4.218
2026-04-30T21:40:01.145595,101.1,0.6057,103.54,0.6457,1000.0,0.0,4.199,74.4,97,0,60.0,2026-04-30T21:41:01.145254,4.218
2026-04-30T21:40:01.340406,101.1,0.6057,103.55,0.6513,1000.0,0.0,4.199,74.4,97,0,60.0,2026-04-30T21:41:01.340003,4.218
2026-04-30T21:40:02.093332,101.1,0.6057,103.57,0.6553,1000.0,0.0,4.199,74.4,97,0,60.0,2026-04-30T21:41:02.093041,4.218
2026-04-30T21:40:02.173141,101.15,0.6057,103.58,0.6569,1000.0,0.0,4.199,74.4,97,0,60.0,2026-04-30T21:41:02.172911,4.218
2026-04-30T21:40:02.274838,101.15,0.6057,103.59,0.6575,1000.0,0.0,4.199,74.4,97,0,60.0,2026-04-30T21:41:02.274585,4.218
2026-04-30T21:40:03.163807,101.2,0.6057,103.62,0.6585,1000.0,0.0,4.199,74.4,97,0,60.0,2026-04-30T21:41:03.163543,4.218
2026-04-30T21:40:03.271435,101.2,0.5872,103.63,0.6487,1000.0,0.0,4.199,74.4,97,0,60.0,2026-04-30T21:41:03.271132,4.218
2026-04-30T21:40:03.390835,101.2,0.5872,103.64,0.6452,1000.0,0.0,4.199,74.4,97,0,60.0,2026-04-30T21:41:03.390467,4.218
2026-04-30T21:40:04.208054,101.26,0.5839,103.68,0.6422,1000.0,0.0,4.199,74.4,97,0,60.0,2026-04-30T21:41:04.207826,4.218
2026-04-30T21:40:04.286657,101.26,0.6043,103.69,0.6472,1000.0,0.0,4.199,74.4,97,0,60.0,2026-04-30T21:41:04.286465,4.218
2026-04-30T21:40:04.387527,101.26,0.6043,103.7,0.6509,1000.0,0.0,4.199,74.4,97,0,60.0,2026-04-30T21:41:04.387276,4.218
2026-04-30T21:40:05.288818,101.33,0.6043,103.75,0.6549,1000.0,0.0,4.199,74.4,97,0,60.0,2026-04-30T21:41:05.288531,4.218
2026-04-30T21:40:05.473250,101.33,0.6043,103.76,0.656,1000.0,0.0,4.199,74.4,97,0,60.0,2026-04-30T21:41:05.472715,4.218
2026-04-30T21:40:05.708075,101.33,0.6043,103.77,0.6566,1000.0,0.0,4.199,74.4,97,0,60.0,2026-04-30T21:41:05.706262,4.218
2026-04-30T21:40:06.347997,101.35,0.6092,103.8,0.656,1000.0,0.0,4.199,74.4,97,0,60.0,2026-04-30T21:41:06.347757,4.218
2026-04-30T21:40:06.472716,101.35,0.6092,103.8,0.6585,1000.0,0.0,4.199,74.4,97,0,60.0,2026-04-30T21:41:06.471184,4.218
2026-04-30T21:40:07.346004,101.35,0.6092,103.83,0.6608,1000.0,0.0,4.199,74.4,97,0,60.0,2026-04-30T21:41:07.345599,4.218
2026-04-30T21:40:07.474017,101.41,0.6102,103.84,0.6605,1000.0,0.0,4.199,74.3,97,0,60.0,2026-04-30T21:41:07.473687,4.218
2026-04-30T21:40:07.591507,101.41,0.6102,103.85,0.6616,1000.0,0.0,4.199,74.3,97,0,60.0,2026-04-30T21:41:07.591170,4.218
2026-04-30T21:40:08.415831,101.46,0.6102,103.88,0.6629,1000.0,0.0,4.199,74.3,97,0,60.0,2026-04-30T21:41:08.415518,4.218
2026-04-30T21:40:08.562663,101.46,0.6102,103.89,0.6631,1000.0,0.0,4.199,74.3,97,0,60.0,2026-04-30T21:41:08.562253,4.218
2026-04-30T21:40:08.704653,101.46,0.6102,103.9,0.6633,1000.0,0.0,4.199,74.3,97,0,60.0,2026-04-30T21:41:08.704274,4.218
2026-04-30T21:40:09.444211,101.51,0.6043,103.93,0.6627,1000.0,0.0,4.199,74.3,97,0,60.0,2026-04-30T21:41:09.443911,4.218
2026-04-30T21:40:09.513611,101.51,0.605,103.94,0.6606,1000.0,0.0,4.199,74.3,97,0,60.0,2026-04-30T21:41:09.513441,4.218
2026-04-30T21:40:09.582552,101.51,0.605,103.94,0.6597,1000.0,0.0,4.199,74.3,97,0,60.0,2026-04-30T21:41:09.582374,4.218
2026-04-30T21:40:10.490441,101.59,0.605,104.0,0.6591,1000.0,0.0,4.199,74.3,97,0,60.0,2026-04-30T21:41:10.490249,4.218
2026-04-30T21:40:10.573031,101.59,0.625,104.01,0.6675,1000.0,0.0,4.199,74.3,97,0,60.0,2026-04-30T21:41:10.572840,4.218
2026-04-30T21:40:10.816662,101.59,0.625,104.02,0.6713,1000.0,0.0,4.199,74.3,97,0,60.0,2026-04-30T21:41:10.816205,4.218
2026-04-30T21:40:11.585777,101.63,0.625,104.06,0.6759,1000.0,0.0,4.199,74.3,97,0,60.0,2026-04-30T21:41:11.585405,4.218
2026-04-30T21:40:11.693943,101.63,0.625,104.07,0.677,1000.0,0.0,4.199,74.3,97,0,60.0,2026-04-30T21:41:11.693520,4.218
2026-04-30T21:40:12.579718,101.63,0.625,104.1,0.6783,1000.0,0.0,4.199,74.3,97,0,60.0,2026-04-30T21:41:12.579468,4.218
2026-04-30T21:40:12.655117,101.68,0.6111,104.11,0.672,1000.0,0.0,4.199,74.2,97,0,60.0,2026-04-30T21:41:12.654877,4.218
2026-04-30T21:40:12.757237,101.68,0.6111,104.12,0.6691,1000.0,0.0,4.199,74.2,97,0,60.0,2026-04-30T21:41:12.756860,4.218
2026-04-30T21:40:13.620029,101.74,0.6111,104.15,0.6672,1000.0,0.0,4.199,74.2,97,0,60.0,2026-04-30T21:41:13.619864,4.218
2026-04-30T21:40:13.694212,101.74,0.6309,104.17,0.6715,1000.0,0.0,4.199,74.2,97,0,60.0,2026-04-30T21:41:13.693927,4.218
2026-04-30T21:40:13.764585,101.74,0.6309,104.18,0.6763,1000.0,0.0,4.199,74.2,97,0,60.0,2026-04-30T21:41:13.764377,4.218
2026-04-30T21:40:14.671796,101.77,0.6309,104.21,0.6812,1000.0,0.0,4.199,74.2,97,0,60.0,2026-04-30T21:41:14.671630,4.218
2026-04-30T21:40:14.738332,101.77,0.6309,104.21,0.6827,1000.0,0.0,4.199,74.2,97,0,60.0,2026-04-30T21:41:14.738149,4.218
2026-04-30T21:40:14.809365,101.77,0.6309,104.22,0.6833,1000.0,0.0,4.199,74.2,97,0,60.0,2026-04-30T21:41:14.809184,4.218
2026-04-30T21:40:15.736240,101.82,0.6151,104.25,0.6811,1000.0,0.0,4.199,74.2,97,0,60.0,2026-04-30T21:41:15.736029,4.218
2026-04-30T21:40:15.838853,101.82,0.6228,104.26,0.679,1000.0,0.0,4.199,74.2,97,0,60.0,2026-04-30T21:41:15.838558,4.218
2026-04-30T21:40:16.049643,101.82,0.6228,104.27,0.6781,1000.0,0.0,4.199,74.2,97,0,60.0,2026-04-30T21:41:16.049038,4.218
2026-04-30T21:40:16.789844,101.86,0.6296,104.29,0.6763,1000.0,0.0,4.199,74.2,97,0,60.0,2026-04-30T21:41:16.789665,4.218
2026-04-30T21:40:16.863367,101.86,0.6296,104.3,0.6792,1000.0,0.0,4.199,74.2,97,0,60.0,2026-04-30T21:41:16.863134,4.218
2026-04-30T21:40:17.802733,101.86,0.6296,104.33,0.6816,1000.0,0.0,4.199,74.2,97,0,60.0,2026-04-30T21:41:17.802545,4.218
2026-04-30T21:40:17.904752,101.92,0.6296,104.34,0.6826,1000.0,0.0,4.199,74.2,97,0,60.0,2026-04-30T21:41:17.904517,4.218
2026-04-30T21:40:18.007231,101.92,0.6296,104.35,0.6829,1000.0,0.0,4.199,74.2,97,0,60.0,2026-04-30T21:41:18.006962,4.218
2026-04-30T21:40:18.864380,101.95,0.6296,104.38,0.6836,1000.0,0.0,4.199,74.2,97,0,60.0,2026-04-30T21:41:18.864153,4.218
2026-04-30T21:40:18.931773,101.95,0.621,104.39,0.6789,1000.0,0.0,4.199,74.2,97,0,60.0,2026-04-30T21:41:18.931590,4.218
2026-04-30T21:40:19.149827,101.95,0.621,104.39,0.6773,1000.0,0.0,4.199,74.2,97,0,60.0,2026-04-30T21:41:19.149450,4.218
2026-04-30T21:40:19.917348,101.98,0.6176,104.42,0.6757,1000.0,0.0,4.199,74.1,97,0,60.0,2026-04-30T21:41:19.917157,4.218
2026-04-30T21:40:19.988986,101.98,0.6439,104.42,0.6836,1000.0,0.0,4.199,74.1,97,0,60.0,2026-04-30T21:41:19.988774,4.218
2026-04-30T21:40:20.062227,101.98,0.6439,104.42,0.6886,1000.0,0.0,4.199,74.1,97,0,60.0,2026-04-30T21:41:20.061974,4.218
2026-04-30T21:40:21.102539,102.02,0.6439,104.45,0.6944,1000.0,0.0,4.199,74.1,97,0,60.0,2026-04-30T21:41:21.064812,4.218
2026-04-30T21:40:21.497524,102.02,0.6439,104.47,0.6965,1000.0,0.0,4.199,74.1,97,0,60.0,2026-04-30T21:41:21.496993,4.218
2026-04-30T21:40:21.656006,102.02,0.6439,104.47,0.6973,1000.0,0.0,4.199,74.1,97,0,60.0,2026-04-30T21:41:21.655460,4.218
2026-04-30T21:40:22.127523,102.07,0.6252,104.49,0.6905,1000.0,0.0,4.199,74.1,97,0,60.0,2026-04-30T21:41:22.126945,4.218
2026-04-30T21:40:22.270760,102.07,0.6252,104.51,0.6857,1000.0,0.0,4.199,74.1,97,0,60.0,2026-04-30T21:41:22.270383,4.218
2026-04-30T21:40:23.111444,102.07,0.6252,104.53,0.6832,1000.0,0.0,4.199,74.1,97,0,60.0,2026-04-30T21:41:23.111132,4.218
2026-04-30T21:40:23.243190,102.09,0.6498,104.54,0.6859,1000.0,0.0,4.199,74.1,97,0,60.0,2026-04-30T21:41:23.242003,4.218
2026-04-30T21:40:23.522727,102.09,0.6498,104.54,0.694,1000.0,0.0,4.199,74.1,97,0,60.0,2026-04-30T21:41:23.522261,4.218
2026-04-30T21:40:24.093617,102.13,0.6498,104.55,0.6995,1000.0,0.0,4.199,74.1,97,0,60.0,2026-04-30T21:41:24.093395,4.218
2026-04-30T21:40:24.157992,102.13,0.6498,104.56,0.7016,1000.0,0.0,4.199,74.1,97,0,60.0,2026-04-30T21:41:24.157834,4.218
2026-04-30T21:40:24.228609,102.13,0.6498,104.56,0.7024,1000.0,0.0,4.199,74.1,97,0,60.0,2026-04-30T21:41:24.228421,4.218
2026-04-30T21:40:25.153977,102.18,0.6286,104.6,0.7003,1000.0,0.0,4.199,74.1,97,0,60.0,2026-04-30T21:41:25.153777,4.218
2026-04-30T21:40:25.254247,102.18,0.6286,104.61,0.6916,1000.0,0.0,4.199,74.1,97,0,60.0,2026-04-30T21:41:25.254013,4.218
2026-04-30T21:40:25.361062,102.18,0.6286,104.61,0.6883,1000.0,0.0,4.199,74.1,97,0,60.0,2026-04-30T21:41:25.360706,4.218
2026-04-30T21:40:26.204107,102.27,0.6227,104.66,0.6838,1000.0,0.0,4.199,74.0,97,0,60.0,2026-04-30T21:41:26.203929,4.218
2026-04-30T21:40:26.273908,102.27,0.6446,104.68,0.6903,1000.0,0.0,4.199,74.0,97,0,60.0,2026-04-30T21:41:26.273703,4.218
2026-04-30T21:40:26.343111,102.27,0.6446,104.69,0.6933,1000.0,0.0,4.199,74.0,97,0,60.0,2026-04-30T21:41:26.342943,4.218
2026-04-30T21:40:27.295217,102.27,0.6446,104.72,0.697,1000.0,0.0,4.199,74.0,97,0,60.0,2026-04-30T21:41:27.294846,4.218
2026-04-30T21:40:27.415645,102.27,0.6446,104.71,0.6978,1000.0,0.0,4.199,74.0,97,0,60.0,2026-04-30T21:41:27.415025,4.218
2026-04-30T21:40:28.295033,102.27,0.6446,104.74,0.699,1000.0,0.0,4.199,74.0,97,0,60.0,2026-04-30T21:41:28.294657,4.218
2026-04-30T21:40:28.412996,102.32,0.6353,104.74,0.694,1000.0,0.0,4.199,74.0,97,0,60.0,2026-04-30T21:41:28.412625,4.218
2026-04-30T21:40:28.537685,102.32,0.6353,104.75,0.6923,1000.0,0.0,4.199,74.0,97,0,60.0,2026-04-30T21:41:28.537238,4.218
2026-04-30T21:40:29.382585,102.38,0.6353,104.78,0.6913,1000.0,0.0,4.199,74.0,97,0,60.0,2026-04-30T21:41:29.382190,4.218
2026-04-30T21:40:29.539597,102.38,0.6353,104.8,0.6902,1000.0,0.0,4.199,74.0,97,0,60.0,2026-04-30T21:41:29.539236,4.218
2026-04-30T21:40:29.664142,102.38,0.6353,104.8,0.69,1000.0,0.0,4.199,74.0,97,0,60.0,2026-04-30T21:41:29.663884,4.218
2026-04-30T21:40:30.389373,102.43,0.6309,104.84,0.6896,1000.0,0.0,4.199,74.0,97,0,60.0,2026-04-30T21:41:30.389145,4.218
2026-04-30T21:40:30.464949,102.43,0.6431,104.85,0.692,1000.0,0.0,4.199,74.0,97,0,60.0,2026-04-30T21:41:30.464745,4.218
2026-04-30T21:40:30.564891,102.43,0.6431,104.85,0.694,1000.0,0.0,4.199,74.0,97,0,60.0,2026-04-30T21:41:30.564639,4.218
2026-04-30T21:40:31.447326,102.43,0.6328,104.87,0.6933,1000.0,0.0,4.199,74.0,97,0,60.0,2026-04-30T21:41:31.447106,4.218
2026-04-30T21:40:31.518275,102.43,0.6431,104.87,0.6952,1000.0,0.0,4.199,74.0,97,0,60.0,2026-04-30T21:41:31.518104,4.218
2026-04-30T21:40:31.617246,102.43,0.6431,104.87,0.696,1000.0,0.0,4.199,74.0,97,0,60.0,2026-04-30T21:41:31.616962,4.218
2026-04-30T21:40:32.530296,102.46,0.6328,104.89,0.6934,1000.0,0.0,4.199,74.0,97,0,60.0,2026-04-30T21:41:32.530041,4.218
2026-04-30T21:40:32.701415,102.46,0.6328,104.9,0.6908,1000.0,0.0,4.199,74.0,97,0,60.0,2026-04-30T21:41:32.700971,4.218
2026-04-30T21:40:33.522893,102.46,0.6328,104.92,0.6897,1000.0,0.0,4.199,74.0,97,0,60.0,2026-04-30T21:41:33.522629,4.218
2026-04-30T21:40:33.630756,102.5,0.6363,104.93,0.6885,1000.0,0.0,4.199,74.0,97,0,60.0,2026-04-30T21:41:33.630413,4.218
2026-04-30T21:40:33.774739,102.5,0.6363,104.93,0.6895,1000.0,0.0,4.199,74.0,97,0,60.0,2026-04-30T21:41:33.774176,4.218
2026-04-30T21:40:34.568483,102.51,0.6363,104.95,0.6906,1000.0,0.0,4.199,74.0,97,0,60.0,2026-04-30T21:41:34.568301,4.218
2026-04-30T21:40:34.639796,102.51,0.6363,104.95,0.6897,1000.0,0.0,4.199,74.0,97,0,60.0,2026-04-30T21:41:34.639607,4.218
2026-04-30T21:40:34.715119,102.51,0.6363,104.95,0.6901,1000.0,0.0,4.199,74.0,97,0,60.0,2026-04-30T21:41:34.714911,4.218
2026-04-30T21:40:35.617714,102.54,0.6328,104.97,0.6903,1000.0,0.0,4.199,74.0,97,0,60.0,2026-04-30T21:41:35.617544,4.218
2026-04-30T21:40:35.697441,102.54,0.6471,104.97,0.6943,1000.0,0.0,4.199,74.0,97,0,60.0,2026-04-30T21:41:35.697207,4.218
2026-04-30T21:40:35.799467,102.54,0.6471,104.98,0.6971,1000.0,0.0,4.199,74.0,97,0,60.0,2026-04-30T21:41:35.799193,4.218
2026-04-30T21:40:36.780251,102.55,0.6471,105.0,0.7002,1000.0,0.0,4.199,74.0,97,0,60.0,2026-04-30T21:41:36.779155,4.218
2026-04-30T21:40:37.496625,102.55,0.6471,105.0,0.7012,1000.0,0.0,4.199,74.0,97,0,60.0,2026-04-30T21:41:37.496360,4.218
2026-04-30T21:40:37.966077,102.55,0.6471,105.01,0.7019,1000.0,0.0,4.199,74.0,97,0,60.0,2026-04-30T21:41:37.965689,4.218
2026-04-30T21:40:38.121828,102.56,0.6439,105.0,0.6986,1000.0,0.0,4.199,73.9,97,0,60.0,2026-04-30T21:41:38.121456,4.218
2026-04-30T21:40:38.296325,102.56,0.6439,105.0,0.6986,1000.0,0.0,4.199,73.9,97,0,60.0,2026-04-30T21:41:38.295924,4.218
2026-04-30T21:40:38.896614,102.56,0.6439,105.01,0.699,1000.0,0.0,4.199,73.9,97,0,60.0,2026-04-30T21:41:38.895991,4.218
2026-04-30T21:40:39.255201,102.58,0.6521,105.02,0.6964,1000.0,0.0,4.199,73.9,97,0,60.0,2026-04-30T21:41:39.230664,4.218
2026-04-30T21:40:39.490489,102.58,0.6521,105.03,0.7019,1000.0,0.0,4.199,73.9,97,0,60.0,2026-04-30T21:41:39.490022,4.218
2026-04-30T21:40:39.802065,102.6,0.6521,105.03,0.7043,1000.0,0.0,4.199,73.9,97,0,60.0,2026-04-30T21:41:39.801866,4.218
2026-04-30T21:40:39.875182,102.6,0.6521,105.03,0.7053,1000.0,0.0,4.199,73.9,97,0,60.0,2026-04-30T21:41:39.874998,4.218
2026-04-30T21:40:39.958128,102.6,0.6521,105.04,0.7059,1000.0,0.0,4.199,73.9,97,0,60.0,2026-04-30T21:41:39.957906,4.218
2026-04-30T21:40:40.861173,102.63,0.6354,105.06,0.7042,1000.0,0.0,4.199,73.9,97,0,60.0,2026-04-30T21:41:40.860853,4.218
2026-04-30T21:40:40.935884,102.63,0.6455,105.06,0.7014,1000.0,0.0,4.199,73.9,97,0,60.0,2026-04-30T21:41:40.934717,4.218
2026-04-30T21:40:41.199432,102.63,0.6455,105.07,0.701,1000.0,0.0,4.199,73.9,97,0,60.0,2026-04-30T21:41:41.199054,4.218
2026-04-30T21:40:41.914877,102.69,0.6455,105.1,0.6996,1000.0,0.0,4.199,73.9,97,0,60.0,2026-04-30T21:41:41.914692,4.218
2026-04-30T21:40:42.012625,102.69,0.6455,105.11,0.6999,1000.0,0.0,4.199,73.9,97,0,60.0,2026-04-30T21:41:42.012421,4.218
2026-04-30T21:40:42.229558,102.69,0.6455,105.12,0.7001,1000.0,0.0,4.199,73.9,97,0,60.0,2026-04-30T21:41:42.229152,4.218
2026-04-30T21:40:43.097460,102.74,0.6556,105.16,0.7001,1000.0,0.0,4.199,73.9,97,0,60.0,2026-04-30T21:41:43.076966,4.218
2026-04-30T21:40:43.291462,102.74,0.6556,105.17,0.705,1000.0,0.0,4.199,73.9,96,0,60.0,2026-04-30T21:41:43.290910,4.218
2026-04-30T21:40:43.984167,102.74,0.6556,105.2,0.7083,1000.0,0.0,4.199,73.9,96,0,60.0,2026-04-30T21:41:43.983952,4.218
2026-04-30T21:40:44.060522,102.8,0.6556,105.21,0.7049,1000.0,0.0,4.199,73.9,96,0,60.0,2026-04-30T21:41:44.060303,4.218
2026-04-30T21:40:44.158354,102.8,0.6556,105.22,0.7072,1000.0,0.0,4.199,73.9,96,0,60.0,2026-04-30T21:41:44.158060,4.218
2026-04-30T21:40:45.078166,102.86,0.6556,105.26,0.7094,1000.0,0.0,4.199,73.8,96,0,60.0,2026-04-30T21:41:45.077904,4.218
2026-04-30T21:40:45.175555,102.86,0.6547,105.27,0.7046,1000.0,0.0,4.199,73.8,96,0,60.0,2026-04-30T21:41:45.175321,4.218
2026-04-30T21:40:45.275498,102.86,0.6547,105.28,0.7066,1000.0,0.0,4.199,73.8,96,0,60.0,2026-04-30T21:41:45.275159,4.218
2026-04-30T21:40:46.094901,102.89,0.6547,105.31,0.7088,1000.0,0.0,4.199,73.8,96,0,60.0,2026-04-30T21:41:46.094701,4.218
2026-04-30T21:40:46.164305,102.89,0.6683,105.32,0.7143,1000.0,0.0,4.199,73.8,96,0,60.0,2026-04-30T21:41:46.164108,4.218
2026-04-30T21:40:46.234909,102.89,0.6683,105.32,0.7175,1000.0,0.0,4.199,73.8,96,0,60.0,2026-04-30T21:41:46.234728,4.218
2026-04-30T21:40:47.189048,102.93,0.6674,105.35,0.7193,1000.0,0.0,4.199,73.8,96,0,60.0,2026-04-30T21:41:47.188694,4.218
2026-04-30T21:40:47.425230,102.93,0.6683,105.36,0.7214,1000.0,0.0,4.199,73.8,96,0,60.0,2026-04-30T21:41:47.424885,4.218
2026-04-30T21:40:47.547879,102.93,0.6683,105.36,0.7224,1000.0,0.0,4.199,73.8,96,0,60.0,2026-04-30T21:41:47.547565,4.218
2026-04-30T21:40:48.213585,102.97,0.6674,105.39,0.723,1000.0,0.0,4.199,73.8,96,0,60.0,2026-04-30T21:41:48.213384,4.218
2026-04-30T21:40:48.288212,102.97,0.6674,105.4,0.7229,1000.0,0.0,4.199,73.8,96,0,60.0,2026-04-30T21:41:48.287971,4.218
2026-04-30T21:40:49.251136,102.97,0.6674,105.43,0.7235,1000.0,0.0,4.199,73.8,96,0,60.0,2026-04-30T21:41:49.250415,4.218
2026-04-30T21:40:49.415981,103.0,0.6624,105.43,0.7202,1000.0,0.0,4.199,73.8,96,0,60.0,2026-04-30T21:41:49.415605,4.218
2026-04-30T21:40:49.551707,103.0,0.6624,105.44,0.7192,1000.0,0.0,4.199,73.8,96,0,60.0,2026-04-30T21:41:49.551196,4.218
2026-04-30T21:40:50.279939,103.05,0.6624,105.46,0.7189,1000.0,0.0,4.199,73.8,96,0,60.0,2026-04-30T21:41:50.279739,4.218
2026-04-30T21:40:50.350064,103.05,0.6732,105.47,0.7207,1000.0,0.0,4.199,73.8,96,0,60.0,2026-04-30T21:41:50.349891,4.218
2026-04-30T21:40:50.419514,103.05,0.6732,105.48,0.7236,1000.0,0.0,4.199,73.8,96,0,60.0,2026-04-30T21:41:50.419346,4.218
2026-04-30T21:40:51.336428,103.08,0.6732,105.51,0.7268,1000.0,0.0,4.199,73.8,96,0,60.0,2026-04-30T21:41:51.336243,4.219
2026-04-30T21:40:51.411576,103.08,0.6732,105.51,0.7277,1000.0,0.0,4.199,73.8,96,0,60.0,2026-04-30T21:41:51.411376,4.219
2026-04-30T21:40:51.510000,103.08,0.6732,105.51,0.7281,1000.0,0.0,4.199,73.8,96,0,60.0,2026-04-30T21:41:51.509671,4.219
2026-04-30T21:40:52.399073,103.1,0.6547,105.54,0.7249,1000.0,0.0,4.199,73.8,96,0,60.0,2026-04-30T21:41:52.398831,4.219
2026-04-30T21:40:52.498171,103.1,0.6633,105.54,0.7222,1000.0,0.0,4.199,73.8,96,0,60.0,2026-04-30T21:41:52.497862,4.219
2026-04-30T21:40:52.662439,103.1,0.6633,105.54,0.721,1000.0,0.0,4.199,73.8,96,0,60.0,2026-04-30T21:41:52.662114,4.219
2026-04-30T21:40:53.482356,103.13,0.6656,105.57,0.7182,1000.0,0.0,4.199,73.8,96,0,60.0,2026-04-30T21:41:53.482073,4.219
2026-04-30T21:40:53.605863,103.13,0.6656,105.57,0.7194,1000.0,0.0,4.199,73.8,96,0,60.0,2026-04-30T21:41:53.605522,4.219
2026-04-30T21:40:54.482210,103.13,0.6656,105.59,0.7207,1000.0,0.0,4.199,73.8,96,0,60.0,2026-04-30T21:41:54.481031,4.219
2026-04-30T21:40:54.673700,103.17,0.6723,105.6,0.7226,1000.0,0.0,4.199,73.7,96,0,60.0,2026-04-30T21:41:54.673352,4.219
2026-04-30T21:40:54.960959,103.17,0.6723,105.6,0.7251,1000.0,0.0,4.199,73.7,96,0,60.0,2026-04-30T21:41:54.958776,4.219
2026-04-30T21:40:55.531971,103.21,0.6723,105.62,0.7269,1000.0,0.0,4.199,73.7,96,0,60.0,2026-04-30T21:41:55.531596,4.219
2026-04-30T21:40:55.639978,103.21,0.6723,105.63,0.7252,1000.0,0.0,4.199,73.7,96,0,60.0,2026-04-30T21:41:55.639635,4.219
2026-04-30T21:40:55.813174,103.21,0.6723,105.63,0.7262,1000.0,0.0,4.199,73.7,96,0,60.0,2026-04-30T21:41:55.812721,4.219
2026-04-30T21:40:56.573128,103.26,0.6539,105.67,0.7248,1000.0,0.0,4.199,73.7,96,0,60.0,2026-04-30T21:41:56.572921,4.219
2026-04-30T21:40:56.662704,103.26,0.6642,105.67,0.7216,1000.0,0.0,4.199,73.7,96,0,60.0,2026-04-30T21:41:56.662336,4.219
2026-04-30T21:40:56.767342,103.26,0.6642,105.68,0.721,1000.0,0.0,4.199,73.7,96,0,60.0,2026-04-30T21:41:56.767025,4.219
2026-04-30T21:40:57.657602,103.29,0.6642,105.71,0.7207,1000.0,0.0,4.199,73.7,97,0,60.0,2026-04-30T21:41:57.657310,4.219
2026-04-30T21:40:57.771090,103.29,0.6943,105.71,0.7339,1000.0,0.0,4.199,73.7,97,0,60.0,2026-04-30T21:41:57.770571,4.219
2026-04-30T21:40:57.906157,103.29,0.6943,105.71,0.7402,1000.0,0.0,4.199,73.7,97,0,60.0,2026-04-30T21:41:57.905650,4.219
2026-04-30T21:40:58.689918,103.32,0.6921,105.74,0.7408,1000.0,0.0,4.199,73.7,97,0,60.0,2026-04-30T21:41:58.689674,4.219
2026-04-30T21:40:58.784998,103.32,0.6921,105.74,0.7438,1000.0,0.0,4.199,73.7,97,0,60.0,2026-04-30T21:41:58.784771,4.219
2026-04-30T21:40:59.698959,103.32,0.6921,105.77,0.7464,1000.0,0.0,4.199,73.7,97,0,60.0,2026-04-30T21:41:59.698750,4.219
2026-04-30T21:40:59.771223,103.36,0.6801,105.77,0.7419,1000.0,0.0,4.199,73.7,97,0,60.0,2026-04-30T21:41:59.771048,4.219
2026-04-30T21:40:59.849896,103.36,0.6801,105.78,0.7396,1000.0,0.0,4.199,73.7,97,0,60.0,2026-04-30T21:41:59.849670,4.219
2026-04-30T21:41:00.749601,103.4,0.6801,105.81,0.7382,1000.0,0.0,4.199,73.7,97,0,60.0,2026-04-30T21:42:00.749398,4.219
2026-04-30T21:41:00.821084,103.4,0.6719,105.82,0.7322,1000.0,0.0,4.199,73.7,97,0,60.0,2026-04-30T21:42:00.820882,4.219
2026-04-30T21:41:00.897617,103.4,0.6719,105.82,0.7306,1000.0,0.0,4.199,73.7,97,0,60.0,2026-04-30T21:42:00.897403,4.219
2026-04-30T21:41:01.806254,103.44,0.664,105.85,0.7282,1000.0,0.0,4.199,73.7,97,0,60.0,2026-04-30T21:42:01.806071,4.219
2026-04-30T21:41:01.875178,103.44,0.6902,105.86,0.7342,1000.0,0.0,4.199,73.7,97,0,60.0,2026-04-30T21:42:01.875008,4.219
2026-04-30T21:41:01.946638,103.44,0.6902,105.86,0.7385,1000.0,0.0,4.199,73.7,97,0,60.0,2026-04-30T21:42:01.946445,4.219
2026-04-30T21:41:02.876674,103.47,0.6902,105.89,0.7434,1000.0,0.0,4.199,73.6,97,0,60.0,2026-04-30T21:42:02.876462,4.219
2026-04-30T21:41:02.989664,103.47,0.6902,105.89,0.7447,1000.0,0.0,4.199,73.6,97,0,60.0,2026-04-30T21:42:02.988842,4.219
2026-04-30T21:41:03.475766,103.47,0.6902,105.9,0.7455,1000.0,0.0,4.199,73.6,97,0,60.0,2026-04-30T21:42:03.445949,4.219
2026-04-30T21:41:04.129510,103.49,0.6817,105.92,0.7416,1000.0,0.0,4.199,73.6,97,0,60.0,2026-04-30T21:42:04.129071,4.219
2026-04-30T21:41:04.402043,103.49,0.6817,105.92,0.7398,1000.0,0.0,4.199,73.6,97,0,60.0,2026-04-30T21:42:04.399493,4.219
2026-04-30T21:41:04.944562,103.49,0.6817,105.94,0.7392,1000.0,0.0,4.199,73.6,97,0,60.0,2026-04-30T21:42:04.944189,4.219
2026-04-30T21:41:05.273975,103.54,0.697,105.96,0.7397,1000.0,0.0,4.199,73.6,98,0,60.0,2026-04-30T21:42:05.273578,4.219
2026-04-30T21:41:05.472801,103.54,0.697,105.96,0.7457,1000.0,0.0,4.199,73.6,98,0,60.0,2026-04-30T21:42:05.472263,4.219
2026-04-30T21:41:06.009541,103.58,0.697,105.98,0.7497,1000.0,0.0,4.199,73.6,98,0,60.0,2026-04-30T21:42:06.009241,4.219
2026-04-30T21:41:06.164960,103.58,0.697,106.0,0.7515,1000.0,0.0,4.199,73.6,98,0,60.0,2026-04-30T21:42:06.164554,4.219
2026-04-30T21:41:06.380925,103.58,0.697,106.0,0.7524,1000.0,0.0,4.199,73.6,98,0,60.0,2026-04-30T21:42:06.380554,4.219
2026-04-30T21:41:07.269837,103.61,0.6867,106.03,0.7516,1000.0,0.0,4.199,73.6,98,0,60.0,2026-04-30T21:42:07.269333,4.219
2026-04-30T21:41:07.485361,103.61,0.6867,106.04,0.7457,1000.0,0.0,4.199,73.6,98,0,60.0,2026-04-30T21:42:07.484821,4.219
2026-04-30T21:41:08.201518,103.61,0.6867,106.06,0.7446,1000.0,0.0,4.199,73.6,98,0,60.0,2026-04-30T21:42:08.201191,4.219
2026-04-30T21:41:08.452909,103.64,0.6691,106.06,0.7396,1000.0,0.0,4.199,73.6,98,0,60.0,2026-04-30T21:42:08.452349,4.219
2026-04-30T21:41:08.669351,103.64,0.6894,106.07,0.7425,1000.0,0.0,4.199,73.6,98,0,60.0,2026-04-30T21:42:08.668998,4.219
2026-04-30T21:41:08.876295,103.64,0.6894,106.07,0.7439,1000.0,0.0,4.199,73.6,98,0,60.0,2026-04-30T21:42:08.874597,4.219
2026-04-30T21:41:09.323167,103.67,0.6894,106.09,0.745,1000.0,0.0,4.199,73.6,98,0,60.0,2026-04-30T21:42:09.322368,4.219
2026-04-30T21:41:09.500017,103.67,0.6894,106.1,0.7453,1000.0,0.0,4.199,73.6,98,0,60.0,2026-04-30T21:42:09.499483,4.219
2026-04-30T21:41:10.167518,103.67,0.6894,106.12,0.7461,1000.0,0.0,4.199,73.6,98,0,60.0,2026-04-30T21:42:10.167320,4.219
2026-04-30T21:41:10.243990,103.71,0.6817,106.12,0.7419,1000.0,0.0,4.199,73.6,98,0,60.0,2026-04-30T21:42:10.243788,4.219
2026-04-30T21:41:10.341975,103.71,0.6817,106.13,0.7405,1000.0,0.0,4.199,73.6,98,0,60.0,2026-04-30T21:42:10.341726,4.219
2026-04-30T21:41:11.241125,103.75,0.6817,106.16,0.7397,1000.0,0.0,4.199,73.5,98,0,60.0,2026-04-30T21:42:11.240873,4.219
2026-04-30T21:41:11.346714,103.75,0.6934,106.16,0.7422,1000.0,0.0,4.199,73.5,98,0,60.0,2026-04-30T21:42:11.346466,4.219
2026-04-30T21:41:11.465624,103.75,0.6934,106.17,0.7452,1000.0,0.0,4.199,73.5,98,0,60.0,2026-04-30T21:42:11.465204,4.219
2026-04-30T21:41:12.282999,103.78,0.6934,106.2,0.7482,1000.0,0.0,4.199,73.5,98,0,60.0,2026-04-30T21:42:12.282777,4.219
2026-04-30T21:41:12.353794,103.78,0.6934,106.2,0.749,1000.0,0.0,4.199,73.5,98,0,60.0,2026-04-30T21:42:12.353591,4.219
2026-04-30T21:41:12.428021,103.78,0.6934,106.2,0.7493,1000.0,0.0,4.199,73.5,98,0,60.0,2026-04-30T21:42:12.427823,4.219
2026-04-30T21:41:13.431108,103.81,0.6851,106.23,0.748,1000.0,0.0,4.199,73.5,98,0,60.0,2026-04-30T21:42:13.430690,4.219
2026-04-30T21:41:13.634553,103.81,0.6876,106.23,0.7462,1000.0,0.0,4.199,73.5,98,0,60.0,2026-04-30T21:42:13.634114,4.219
2026-04-30T21:41:14.511172,103.81,0.6876,106.26,0.7456,1000.0,0.0,4.199,73.5,98,0,60.0,2026-04-30T21:42:14.510774,4.219
2026-04-30T21:41:14.739584,103.83,0.6851,106.26,0.744,1000.0,0.0,4.199,73.5,98,0,60.0,2026-04-30T21:42:14.738556,4.219
2026-04-30T21:41:15.015918,103.83,0.6851,106.26,0.743,1000.0,0.0,4.199,73.5,98,0,60.0,2026-04-30T21:42:15.015497,4.219
2026-04-30T21:41:15.516808,103.83,0.6851,106.27,0.7426,1000.0,0.0,4.199,73.5,98,0,60.0,2026-04-30T21:42:15.487635,4.219
2026-04-30T21:41:15.724365,103.85,0.706,106.28,0.7455,1000.0,0.0,4.199,73.5,98,0,60.0,2026-04-30T21:42:15.724036,4.219
2026-04-30T21:41:15.864611,103.85,0.706,106.28,0.7527,1000.0,0.0,4.199,73.5,98,0,60.0,2026-04-30T21:42:15.864210,4.219
2026-04-30T21:41:16.461801,103.89,0.706,106.3,0.758,1000.0,0.0,4.199,73.5,98,0,60.0,2026-04-30T21:42:16.461609,4.219
2026-04-30T21:41:16.555588,103.89,0.706,106.3,0.755,1000.0,0.0,4.199,73.5,98,0,60.0,2026-04-30T21:42:16.555329,4.219
2026-04-30T21:41:16.655368,103.89,0.706,106.31,0.7579,1000.0,0.0,4.199,73.5,98,0,60.0,2026-04-30T21:42:16.655099,4.219
2026-04-30T21:41:17.521665,103.91,0.6742,106.34,0.7559,1000.0,0.0,4.199,73.5,98,0,60.0,2026-04-30T21:42:17.521466,4.219
2026-04-30T21:41:17.600578,103.91,0.7002,106.33,0.7541,1000.0,0.0,4.199,73.5,98,0,60.0,2026-04-30T21:42:17.600386,4.219
2026-04-30T21:41:17.695715,103.91,0.7002,106.34,0.7551,1000.0,0.0,4.199,73.5,98,0,60.0,2026-04-30T21:42:17.695454,4.219
2026-04-30T21:41:18.587176,103.94,0.7002,106.36,0.7565,1000.0,0.0,4.199,73.5,98,0,60.0,2026-04-30T21:42:18.586997,4.219
2026-04-30T21:41:18.657794,103.94,0.7071,106.36,0.7598,1000.0,0.0,4.199,73.5,98,0,60.0,2026-04-30T21:42:18.657595,4.219
2026-04-30T21:41:18.747640,103.94,0.7071,106.36,0.7612,1000.0,0.0,4.199,73.5,98,0,60.0,2026-04-30T21:42:18.747332,4.219
2026-04-30T21:41:19.637951,103.98,0.7079,106.4,0.7624,1000.0,0.0,4.199,73.5,98,0,60.0,2026-04-30T21:42:19.637713,4.219
2026-04-30T21:41:19.755973,103.98,0.7079,106.4,0.7634,1000.0,0.0,4.199,73.5,98,0,60.0,2026-04-30T21:42:19.755561,4.219
2026-04-30T21:41:20.638579,103.98,0.7079,106.43,0.7647,1000.0,0.0,4.199,73.5,98,0,60.0,2026-04-30T21:42:20.638394,4.219
2026-04-30T21:41:20.714333,104.02,0.7079,106.44,0.7647,1000.0,0.0,4.199,73.5,98,0,60.0,2026-04-30T21:42:20.714105,4.219
2026-04-30T21:41:20.799677,104.02,0.7079,106.44,0.7648,1000.0,0.0,4.199,73.5,98,0,60.0,2026-04-30T21:42:20.799436,4.219
2026-04-30T21:41:21.697474,104.06,0.7079,106.47,0.7653,1000.0,0.0,4.199,73.4,98,0,60.0,2026-04-30T21:42:21.697276,4.219
2026-04-30T21:41:21.760901,104.06,0.698,106.48,0.7597,1000.0,0.0,4.199,73.4,98,0,60.0,2026-04-30T21:42:21.760701,4.219
2026-04-30T21:41:21.823969,104.06,0.698,106.48,0.7579,1000.0,0.0,4.199,73.4,98,0,60.0,2026-04-30T21:42:21.823802,4.219
2026-04-30T21:41:22.750408,104.11,0.6936,106.52,0.7559,1000.0,0.0,4.199,73.4,98,0,60.0,2026-04-30T21:42:22.750221,4.219
2026-04-30T21:41:22.844581,104.11,0.7272,106.53,0.7661,1000.0,0.0,4.199,73.4,98,0,60.0,2026-04-30T21:42:22.844334,4.219
2026-04-30T21:41:22.975949,104.11,0.7272,106.53,0.773,1000.0,0.0,4.199,73.4,98,0,60.0,2026-04-30T21:42:22.975511,4.219
2026-04-30T21:41:23.812183,104.18,0.7272,106.57,0.7799,1000.0,0.0,4.199,73.4,97,0,60.0,2026-04-30T21:42:23.811980,4.219
2026-04-30T21:41:23.893406,104.18,0.7272,106.59,0.782,1000.0,0.0,4.199,73.4,97,0,60.0,2026-04-30T21:42:23.893145,4.219
2026-04-30T21:41:24.036975,104.18,0.7272,106.59,0.7829,1000.0,0.0,4.199,73.4,97,0,60.0,2026-04-30T21:42:24.036561,4.219
2026-04-30T21:41:24.864824,104.23,0.707,106.63,0.7758,1000.0,0.0,4.199,73.4,97,0,60.0,2026-04-30T21:42:24.864630,4.219
2026-04-30T21:41:24.938729,104.23,0.707,106.64,0.7711,1000.0,0.0,4.199,73.4,97,0,60.0,2026-04-30T21:42:24.938519,4.219
2026-04-30T21:41:25.881594,104.23,0.707,106.66,0.7684,1000.0,0.0,4.199,73.4,98,0,60.0,2026-04-30T21:42:25.881401,4.219
2026-04-30T21:41:25.954857,104.29,0.7123,106.68,0.7657,1000.0,0.0,4.199,73.4,98,0,60.0,2026-04-30T21:42:25.954674,4.219
2026-04-30T21:41:26.040128,104.29,0.7123,106.69,0.7672,1000.0,0.0,4.199,73.4,98,0,60.0,2026-04-30T21:42:26.039879,4.219
2026-04-30T21:41:26.937765,104.35,0.7123,106.73,0.769,1000.0,0.0,4.199,73.3,98,0,60.0,2026-04-30T21:42:26.936442,4.219
2026-04-30T21:41:27.180749,104.35,0.7248,106.75,0.7737,1000.0,0.0,4.199,73.3,97,0,60.0,2026-04-30T21:42:27.180408,4.219
2026-04-30T21:41:27.318707,104.35,0.7248,106.76,0.7774,1000.0,0.0,4.199,73.3,97,0,60.0,2026-04-30T21:42:27.318162,4.219
2026-04-30T21:41:27.995197,104.4,0.7123,106.79,0.7786,1000.0,0.0,4.199,73.3,97,0,60.0,2026-04-30T21:42:27.994980,4.219
2026-04-30T21:41:28.066212,104.4,0.7248,106.8,0.7792,1000.0,0.0,4.199,73.3,97,0,60.0,2026-04-30T21:42:28.066017,4.219
2026-04-30T21:41:28.136272,104.4,0.7248,106.81,0.7803,1000.0,0.0,4.199,73.3,97,0,60.0,2026-04-30T21:42:28.136095,4.219
2026-04-30T21:41:29.126174,104.46,0.713,106.85,0.7785,1000.0,0.0,4.199,73.3,97,0,60.0,2026-04-30T21:42:29.125829,4.219
2026-04-30T21:41:29.319481,104.46,0.713,106.86,0.7749,1000.0,0.0,4.199,73.3,97,0,60.0,2026-04-30T21:42:29.319094,4.219
2026-04-30T21:41:29.529039,104.46,0.713,106.87,0.7731,1000.0,0.0,4.199,73.3,97,0,60.0,2026-04-30T21:42:29.524910,4.219
2026-04-30T21:41:30.120782,104.53,0.7239,106.92,0.773,1000.0,0.0,4.199,73.3,97,0,60.0,2026-04-30T21:42:30.120541,4.219
2026-04-30T21:41:30.222378,104.53,0.7239,106.93,0.7765,1000.0,0.0,4.199,73.3,97,0,60.0,2026-04-30T21:42:30.222106,4.219
2026-04-30T21:41:31.122196,104.53,0.7239,106.96,0.7795,1000.0,0.0,4.199,73.3,97,0,60.0,2026-04-30T21:42:31.121931,4.219
2026-04-30T21:41:31.226480,104.6,0.7299,106.99,0.7808,1000.0,0.0,4.199,73.3,97,0,60.0,2026-04-30T21:42:31.226154,4.219
2026-04-30T21:41:31.330749,104.6,0.7299,107.0,0.7836,1000.0,0.0,4.199,73.3,97,0,60.0,2026-04-30T21:42:31.329909,4.219
2026-04-30T21:41:32.177835,104.66,0.7299,107.04,0.7862,1000.0,0.0,4.199,73.2,97,0,60.0,2026-04-30T21:42:32.177492,4.219
2026-04-30T21:41:32.248128,104.66,0.7299,107.05,0.7869,1000.0,0.0,4.199,73.2,97,0,60.0,2026-04-30T21:42:32.247931,4.219
2026-04-30T21:41:32.331627,104.66,0.7299,107.06,0.7872,1000.0,0.0,4.199,73.2,97,0,60.0,2026-04-30T21:42:32.331379,4.219
2026-04-30T21:41:33.235970,104.71,0.729,107.1,0.7878,1000.0,0.0,4.199,73.2,97,0,60.0,2026-04-30T21:42:33.235772,4.219
2026-04-30T21:41:33.322385,104.71,0.7357,107.11,0.7899,1000.0,0.0,4.199,73.2,97,0,60.0,2026-04-30T21:42:33.322152,4.219
2026-04-30T21:41:33.426816,104.71,0.7357,107.11,0.7913,1000.0,0.0,4.199,73.2,97,0,60.0,2026-04-30T21:42:33.426565,4.219
2026-04-30T21:41:34.291744,104.76,0.7357,107.15,0.7922,1000.0,0.0,4.199,73.2,97,0,60.0,2026-04-30T21:42:34.291554,4.219
2026-04-30T21:41:34.383072,104.76,0.7357,107.16,0.7929,1000.0,0.0,4.199,73.2,97,0,60.0,2026-04-30T21:42:34.382800,4.219
2026-04-30T21:41:34.484497,104.76,0.7357,107.17,0.7932,1000.0,0.0,4.199,73.2,97,0,60.0,2026-04-30T21:42:34.484233,4.219
2026-04-30T21:41:35.462942,104.79,0.7484,107.2,0.7946,1000.0,0.0,4.199,73.2,97,0,60.0,2026-04-30T21:42:35.462564,4.219
2026-04-30T21:41:35.604972,104.79,0.7484,107.2,0.8001,1000.0,0.0,4.199,73.2,97,0,60.0,2026-04-30T21:42:35.604509,4.219
2026-04-30T21:41:36.364584,104.79,0.7484,107.23,0.8037,1000.0,0.0,4.199,73.2,97,0,60.0,2026-04-30T21:42:36.364321,4.219
2026-04-30T21:41:36.497879,104.82,0.7484,107.23,0.8021,1000.0,0.0,4.199,73.2,97,0,60.0,2026-04-30T21:42:36.497334,4.219
2026-04-30T21:41:36.652674,104.82,0.7484,107.23,0.804,1000.0,0.0,4.199,73.2,97,0,60.0,2026-04-30T21:42:36.652110,4.219
2026-04-30T21:41:37.420377,104.87,0.7484,107.26,0.8059,1000.0,0.0,4.199,73.2,97,0,60.0,2026-04-30T21:42:37.420176,4.219
2026-04-30T21:41:37.503617,104.87,0.7398,107.27,0.8011,1000.0,0.0,4.199,73.2,97,0,60.0,2026-04-30T21:42:37.503435,4.219
2026-04-30T21:41:37.607661,104.87,0.7398,107.28,0.7999,1000.0,0.0,4.199,73.2,97,0,60.0,2026-04-30T21:42:37.607437,4.219
2026-04-30T21:41:38.471783,104.89,0.7398,107.31,0.7994,1000.0,0.0,4.199,73.2,97,0,60.0,2026-04-30T21:42:38.471589,4.219
2026-04-30T21:41:38.541924,104.89,0.7433,107.31,0.8001,1000.0,0.0,4.199,73.2,97,0,60.0,2026-04-30T21:42:38.541667,4.219
2026-04-30T21:41:38.662033,104.89,0.7433,107.31,0.8007,1000.0,0.0,4.199,73.2,97,0,60.0,2026-04-30T21:42:38.661711,4.219
2026-04-30T21:41:39.549825,104.91,0.7433,107.33,0.8011,1000.0,0.0,4.199,73.2,97,0,60.0,2026-04-30T21:42:39.549383,4.219
2026-04-30T21:41:39.667990,104.91,0.7585,107.33,0.8082,1000.0,0.0,4.199,73.2,97,0,60.0,2026-04-30T21:42:39.667579,4.219
2026-04-30T21:41:39.974124,104.91,0.7585,107.34,0.812,1000.0,0.0,4.199,73.2,97,0,60.0,2026-04-30T21:42:39.973758,4.219
2026-04-30T21:41:40.582550,104.95,0.7585,107.36,0.8151,1000.0,0.0,4.199,73.1,97,0,60.0,2026-04-30T21:42:40.582310,4.219
2026-04-30T21:41:40.658703,104.95,0.7585,107.36,0.8159,1000.0,0.0,4.199,73.1,97,0,60.0,2026-04-30T21:42:40.658461,4.219
2026-04-30T21:41:41.595974,104.95,0.7585,107.39,0.817,1000.0,0.0,4.199,73.1,97,0,60.0,2026-04-30T21:42:41.595764,4.219
2026-04-30T21:41:41.674540,104.97,0.7375,107.39,0.8068,1000.0,0.0,4.199,73.1,97,0,60.0,2026-04-30T21:42:41.674343,4.219
2026-04-30T21:41:41.774359,104.97,0.7375,107.39,0.8025,1000.0,0.0,4.199,73.1,97,0,60.0,2026-04-30T21:42:41.774124,4.219
2026-04-30T21:41:42.650179,105.0,0.7375,107.41,0.7997,1000.0,0.0,4.199,73.1,97,0,60.0,2026-04-30T21:42:42.649989,4.219
2026-04-30T21:41:42.722083,105.0,0.7578,107.42,0.8025,1000.0,0.0,4.199,73.1,97,0,60.0,2026-04-30T21:42:42.721912,4.219
2026-04-30T21:41:42.806985,105.0,0.7578,107.42,0.8077,1000.0,0.0,4.199,73.1,97,0,60.0,2026-04-30T21:42:42.806739,4.219
2026-04-30T21:41:43.710450,105.02,0.7578,107.44,0.8128,1000.0,0.0,4.199,73.1,98,0,60.0,2026-04-30T21:42:43.710223,4.219
2026-04-30T21:41:43.784057,105.02,0.7578,107.44,0.8145,1000.0,0.0,4.199,73.1,98,0,60.0,2026-04-30T21:42:43.783875,4.219
2026-04-30T21:41:43.856090,105.02,0.7578,107.44,0.8152,1000.0,0.0,4.199,73.1,98,0,60.0,2026-04-30T21:42:43.855901,4.219
2026-04-30T21:41:44.793358,105.06,0.7398,107.47,0.8113,1000.0,0.0,4.199,73.1,98,0,60.0,2026-04-30T21:42:44.793035,4.219
2026-04-30T21:41:44.907254,105.06,0.7467,107.48,0.8085,1000.0,0.0,4.199,73.1,98,0,60.0,2026-04-30T21:42:44.906966,4.219
2026-04-30T21:41:45.169815,105.06,0.7467,107.48,0.8073,1000.0,0.0,4.199,73.1,98,0,60.0,2026-04-30T21:42:45.146841,4.219
2026-04-30T21:41:45.853665,105.11,0.7578,107.51,0.807,1000.0,0.0,4.199,73.1,98,0,60.0,2026-04-30T21:42:45.853294,4.219
2026-04-30T21:41:45.959969,105.11,0.7578,107.52,0.811,1000.0,0.0,4.199,73.1,98,0,60.0,2026-04-30T21:42:45.959608,4.219
2026-04-30T21:41:46.831984,105.11,0.7578,107.54,0.8142,1000.0,0.0,4.199,73.1,98,0,60.0,2026-04-30T21:42:46.831747,4.219
2026-04-30T21:41:46.905165,105.15,0.7619,107.55,0.8163,1000.0,0.0,4.199,73.1,98,0,60.0,2026-04-30T21:42:46.904991,4.219
2026-04-30T21:41:47.287807,105.15,0.7619,107.56,0.8181,1000.0,0.0,4.199,73.1,98,0,60.0,2026-04-30T21:42:47.256279,4.219
2026-04-30T21:41:47.894870,105.19,0.7619,107.58,0.82,1000.0,0.0,4.199,73.1,98,0,60.0,2026-04-30T21:42:47.894593,4.219
2026-04-30T21:41:47.963421,105.19,0.7619,107.59,0.8184,1000.0,0.0,4.199,73.1,98,0,60.0,2026-04-30T21:42:47.963210,4.219
2026-04-30T21:41:48.035888,105.19,0.7619,107.6,0.8192,1000.0,0.0,4.199,73.1,98,0,60.0,2026-04-30T21:42:48.035713,4.219
2026-04-30T21:41:48.980110,105.22,0.745,107.63,0.8177,1000.0,0.0,4.199,73.1,98,0,60.0,2026-04-30T21:42:48.956302,4.219
2026-04-30T21:41:49.163493,105.22,0.751,107.63,0.8133,1000.0,0.0,4.199,73.1,98,0,60.0,2026-04-30T21:42:49.163055,4.219
2026-04-30T21:41:49.467397,105.22,0.751,107.64,0.8119,1000.0,0.0,4.199,73.1,98,0,60.0,2026-04-30T21:42:49.466838,4.219
2026-04-30T21:41:50.030997,105.26,0.751,107.66,0.811,1000.0,0.0,4.199,73.0,98,0,60.0,2026-04-30T21:42:50.030577,4.219
2026-04-30T21:41:50.151354,105.26,0.7609,107.67,0.8148,1000.0,0.0,4.199,73.0,98,0,60.0,2026-04-30T21:42:50.150521,4.219
2026-04-30T21:41:50.284262,105.26,0.7609,107.67,0.8167,1000.0,0.0,4.199,73.0,98,0,60.0,2026-04-30T21:42:50.283820,4.219
2026-04-30T21:41:51.283156,105.29,0.7609,107.7,0.8167,1000.0,0.0,4.199,73.0,98,0,60.0,2026-04-30T21:42:51.282429,4.219
2026-04-30T21:41:51.462642,105.29,0.7609,107.71,0.8183,1000.0,0.0,4.199,73.0,98,0,60.0,2026-04-30T21:42:51.462237,4.219
2026-04-30T21:41:52.063181,105.29,0.7609,107.72,0.8195,1000.0,0.0,4.199,73.0,98,0,60.0,2026-04-30T21:42:52.062961,4.219
2026-04-30T21:41:52.146455,105.33,0.7677,107.72,0.8194,1000.0,0.0,4.199,73.0,98,0,60.0,2026-04-30T21:42:52.146220,4.219
2026-04-30T21:41:52.247469,105.33,0.7677,107.73,0.8223,1000.0,0.0,4.199,73.0,98,0,60.0,2026-04-30T21:42:52.247214,4.219
2026-04-30T21:41:53.120606,105.37,0.7677,107.76,0.825,1000.0,0.0,4.199,73.0,98,0,60.0,2026-04-30T21:42:53.120411,4.219
2026-04-30T21:41:53.195374,105.37,0.7677,107.77,0.8259,1000.0,0.0,4.199,73.0,98,0,60.0,2026-04-30T21:42:53.195160,4.219
2026-04-30T21:41:53.297017,105.37,0.7677,107.77,0.8263,1000.0,0.0,4.199,73.0,98,0,60.0,2026-04-30T21:42:53.296724,4.219
2026-04-30T21:41:54.184407,105.41,0.7492,107.8,0.8241,1000.0,0.0,4.199,73.0,98,0,60.0,2026-04-30T21:42:54.184212,4.219
2026-04-30T21:41:54.255172,105.41,0.7492,107.81,0.8154,1000.0,0.0,4.199,73.0,98,0,60.0,2026-04-30T21:42:54.254987,4.219
2026-04-30T21:41:54.335980,105.41,0.7492,107.81,0.8129,1000.0,0.0,4.199,73.0,98,0,60.0,2026-04-30T21:42:54.335798,4.219
2026-04-30T21:41:55.265791,105.43,0.7349,107.84,0.8065,1000.0,0.0,4.199,73.0,98,0,60.0,2026-04-30T21:42:55.265493,4.219
2026-04-30T21:41:55.384716,105.43,0.7637,107.84,0.8138,1000.0,0.0,4.199,73.0,98,0,60.0,2026-04-30T21:42:55.384374,4.219
2026-04-30T21:41:55.521379,105.43,0.7637,107.84,0.8172,1000.0,0.0,4.199,73.0,98,0,60.0,2026-04-30T21:42:55.520845,4.219
2026-04-30T21:41:56.297391,105.47,0.7637,107.87,0.8208,1000.0,0.0,4.199,73.0,98,0,60.0,2026-04-30T21:42:56.297027,4.219
2026-04-30T21:41:56.392795,105.47,0.7637,107.87,0.8216,1000.0,0.0,4.199,73.0,98,0,60.0,2026-04-30T21:42:56.392536,4.219
2026-04-30T21:41:57.315432,105.47,0.7637,107.9,0.8228,1000.0,0.0,4.199,73.0,98,0,60.0,2026-04-30T21:42:57.315049,4.219
2026-04-30T21:41:57.413320,105.5,0.7501,107.91,0.8163,1000.0,0.0,4.199,73.0,98,0,60.0,2026-04-30T21:42:57.413072,4.219
2026-04-30T21:41:57.509559,105.5,0.7501,107.91,0.8135,1000.0,0.0,4.199,73.0,98,0,60.0,2026-04-30T21:42:57.509304,4.219
2026-04-30T21:41:58.362367,105.53,0.7501,107.93,0.8118,1000.0,0.0,4.199,72.9,98,0,60.0,2026-04-30T21:42:58.362168,4.219
2026-04-30T21:41:58.432805,105.53,0.7726,107.94,0.8166,1000.0,0.0,4.199,72.9,98,0,60.0,2026-04-30T21:42:58.432608,4.219
2026-04-30T21:41:58.502904,105.53,0.7726,107.94,0.8222,1000.0,0.0,4.199,72.9,98,0,60.0,2026-04-30T21:42:58.502752,4.219
2026-04-30T21:41:59.437004,105.57,0.7726,107.97,0.828,1000.0,0.0,4.199,72.9,98,0,60.0,2026-04-30T21:42:59.436761,4.219
2026-04-30T21:41:59.537319,105.57,0.7726,107.97,0.8299,1000.0,0.0,4.199,72.9,98,0,60.0,2026-04-30T21:42:59.537029,4.219
2026-04-30T21:41:59.645413,105.57,0.7726,107.97,0.8307,1000.0,0.0,4.199,72.9,98,0,60.0,2026-04-30T21:42:59.644973,4.219
2026-04-30T21:42:00.473878,105.59,0.7569,107.99,0.8275,1000.0,0.0,4.199,72.9,98,0,60.0,2026-04-30T21:43:00.473689,4.219
2026-04-30T21:42:00.566204,105.59,0.7687,107.99,0.8277,1000.0,0.0,4.199,72.9,98,0,60.0,2026-04-30T21:43:00.565959,4.219
2026-04-30T21:42:00.677986,105.59,0.7687,107.99,0.8278,1000.0,0.0,4.199,72.9,98,0,60.0,2026-04-30T21:43:00.677690,4.219
2026-04-30T21:42:01.554418,105.61,0.7796,108.01,0.8283,1000.0,0.0,4.199,72.9,98,0,60.0,2026-04-30T21:43:01.554139,4.219
2026-04-30T21:42:01.668372,105.61,0.7796,108.01,0.8328,1000.0,0.0,4.199,72.9,98,0,60.0,2026-04-30T21:43:01.668082,4.219
2026-04-30T21:42:02.539817,105.61,0.7796,108.04,0.8364,1000.0,0.0,4.199,72.9,98,0,60.0,2026-04-30T21:43:02.539624,4.219
2026-04-30T21:42:02.609915,105.63,0.7796,108.03,0.8378,1000.0,0.0,4.199,72.9,98,0,60.0,2026-04-30T21:43:02.609724,4.219
2026-04-30T21:42:02.679807,105.63,0.7796,108.03,0.8383,1000.0,0.0,4.199,72.9,98,0,60.0,2026-04-30T21:43:02.679617,4.219
2026-04-30T21:42:03.992654,105.66,0.7796,108.06,0.8393,1000.0,0.0,4.199,72.9,98,0,60.0,2026-04-30T21:43:03.970607,4.219
2026-04-30T21:42:04.431603,105.66,0.7645,108.07,0.8291,1000.0,0.0,4.199,72.9,99,0,60.0,2026-04-30T21:43:04.431334,4.219
2026-04-30T21:42:04.764301,105.66,0.7645,108.07,0.8267,1000.0,0.0,4.199,72.9,99,0,60.0,2026-04-30T21:43:04.763930,4.219
2026-04-30T21:42:05.697673,105.68,0.7611,108.08,0.8251,1000.0,0.0,4.199,72.9,99,0,60.0,2026-04-30T21:43:05.697082,4.219
2026-04-30T21:42:06.861933,105.68,0.7712,108.11,0.8287,1000.0,0.0,4.199,72.9,99,0,60.0,2026-04-30T21:43:06.851519,4.22
2026-04-30T21:42:08.392803,105.68,0.7712,108.13,0.831,1000.0,0.0,4.199,72.9,98,0,60.0,2026-04-30T21:43:08.392250,4.22
2026-04-30T21:42:08.864764,105.71,0.7712,108.12,0.8309,1000.0,0.0,4.199,72.9,98,0,60.0,2026-04-30T21:43:08.864331,4.22
2026-04-30T21:42:09.215214,105.71,0.7712,108.13,0.831,1000.0,0.0,4.199,72.9,98,0,60.0,2026-04-30T21:43:09.214345,4.22
2026-04-30T21:42:09.379747,105.71,0.7712,108.12,0.8309,1000.0,0.0,4.199,72.9,98,0,60.0,2026-04-30T21:43:09.379520,4.219
2026-04-30T21:42:09.775100,105.74,0.7663,108.13,0.8296,1000.0,0.0,4.199,72.9,98,0,60.0,2026-04-30T21:43:09.774542,4.219
2026-04-30T21:42:10.216033,105.74,0.7663,108.15,0.8279,1000.0,0.0,4.199,72.9,98,0,60.0,2026-04-30T21:43:10.215523,4.219
2026-04-30T21:42:10.383299,105.74,0.7663,108.15,0.827,1000.0,0.0,4.199,72.9,98,0,60.0,2026-04-30T21:43:10.382994,4.219
2026-04-30T21:42:10.782825,105.77,0.7779,108.16,0.8286,1000.0,0.0,4.199,72.9,98,0,60.0,2026-04-30T21:43:10.782288,4.219
2026-04-30T21:42:11.484219,105.77,0.7779,108.19,0.8339,1000.0,0.0,4.199,72.9,98,0,60.0,2026-04-30T21:43:11.483679,4.219
2026-04-30T21:42:11.812405,105.8,0.7779,108.19,0.8362,1000.0,0.0,4.199,72.9,98,0,60.0,2026-04-30T21:43:11.811944,4.219
2026-04-30T21:42:11.984734,105.8,0.7779,108.2,0.837,1000.0,0.0,4.199,72.9,98,0,60.0,2026-04-30T21:43:11.984372,4.219
2026-04-30T21:42:12.164508,105.8,0.7779,108.21,0.8373,1000.0,0.0,4.199,72.9,98,0,60.0,2026-04-30T21:43:12.164083,4.219
2026-04-30T21:42:12.389748,105.82,0.7654,108.21,0.8365,1000.0,0.0,4.199,72.9,98,0,60.0,2026-04-30T21:43:12.386455,4.219
2026-04-30T21:42:12.543466,105.82,0.7678,108.22,0.8327,1000.0,0.0,4.199,72.9,98,0,60.0,2026-04-30T21:43:12.542650,4.219
2026-04-30T21:42:12.719018,105.82,0.7678,108.23,0.8308,1000.0,0.0,4.199,72.9,98,0,60.0,2026-04-30T21:43:12.718678,4.219
2026-04-30T21:42:12.876610,105.86,0.7678,108.24,0.8294,1000.0,0.0,4.199,72.8,98,0,60.0,2026-04-30T21:43:12.876256,4.219
2026-04-30T21:42:13.084355,105.86,0.7889,108.25,0.8365,1000.0,0.0,4.199,72.8,98,0,60.0,2026-04-30T21:43:13.077596,4.219
2026-04-30T21:42:13.423004,105.86,0.7889,108.26,0.8418,1000.0,0.0,4.199,72.8,98,0,60.0,2026-04-30T21:43:13.378318,4.219
2026-04-30T21:42:13.580965,105.87,0.7889,108.27,0.8448,1000.0,0.0,4.199,72.8,97,0,60.0,2026-04-30T21:43:13.580608,4.219
2026-04-30T21:42:13.789763,105.87,0.7889,108.28,0.8465,1000.0,0.0,4.199,72.8,97,0,60.0,2026-04-30T21:43:13.789368,4.219
2026-04-30T21:42:13.959542,105.87,0.7889,108.28,0.8475,1000.0,0.0,4.199,72.8,97,0,60.0,2026-04-30T21:43:13.959113,4.219
2026-04-30T21:42:14.102541,105.88,0.7788,108.29,0.8447,1000.0,0.0,4.199,72.8,97,0,60.0,2026-04-30T21:43:14.102160,4.219
2026-04-30T21:42:14.238225,105.88,0.7788,108.29,0.8426,1000.0,0.0,4.199,72.8,97,0,60.0,2026-04-30T21:43:14.237700,4.219
2026-04-30T21:42:14.397779,105.91,0.7788,108.29,0.8413,1000.0,0.0,4.199,72.8,97,0,60.0,2026-04-30T21:43:14.396553,4.219
2026-04-30T21:42:14.557191,105.91,0.7879,108.3,0.8424,1000.0,0.0,4.199,72.8,97,0,60.0,2026-04-30T21:43:14.556537,4.219
2026-04-30T21:42:14.754636,105.91,0.7879,108.31,0.8445,1000.0,0.0,4.199,72.8,97,0,60.0,2026-04-30T21:43:14.754286,4.219
2026-04-30T21:42:16.968035,105.92,0.7879,108.36,0.8475,1000.0,0.0,4.199,72.8,97,0,60.0,2026-04-30T21:43:16.944460,4.22
2026-04-30T21:42:18.295134,105.92,0.7879,108.36,0.8483,1000.0,0.0,4.199,72.8,97,0,60.0,2026-04-30T21:43:18.284275,4.22
2026-04-30T21:42:18.789559,105.92,0.7879,108.35,0.8483,1000.0,0.0,4.199,72.8,97,0,60.0,2026-04-30T21:43:18.789061,4.22
2026-04-30T21:42:19.101461,105.96,0.7735,108.36,0.8449,1000.0,0.0,4.199,72.8,97,0,60.0,2026-04-30T21:43:19.100958,4.219
2026-04-30T21:42:19.750372,105.96,0.7796,108.37,0.8423,1000.0,0.0,4.199,72.8,97,0,60.0,2026-04-30T21:43:19.749529,4.219
2026-04-30T21:42:20.248292,105.96,0.7796,108.38,0.841,1000.0,0.0,4.199,72.8,97,0,60.0,2026-04-30T21:43:20.247721,4.219
2026-04-30T21:42:20.549386,105.99,0.7925,108.4,0.8414,1000.0,0.0,4.199,72.8,97,0,60.0,2026-04-30T21:43:20.549044,4.219
2026-04-30T21:42:20.982158,105.99,0.7925,108.4,0.8467,1000.0,0.0,4.199,72.8,97,0,60.0,2026-04-30T21:43:20.981765,4.219
2026-04-30T21:42:22.426285,105.99,0.7925,108.42,0.8511,1000.0,0.0,4.199,72.8,97,0,60.0,2026-04-30T21:43:22.425735,4.22
2026-04-30T21:42:22.700356,106.01,0.7925,108.43,0.8522,1000.0,0.0,4.199,72.8,97,0,60.0,2026-04-30T21:43:22.700185,4.219
2026-04-30T21:42:22.769766,106.01,0.7925,108.43,0.8524,1000.0,0.0,4.199,72.8,97,0,60.0,2026-04-30T21:43:22.769618,4.219
2026-04-30T21:42:22.856671,106.05,0.7925,108.43,0.8525,1000.0,0.0,4.199,72.8,97,0,60.0,2026-04-30T21:43:22.856471,4.219
2026-04-30T21:42:22.935965,106.05,0.7855,108.44,0.8496,1000.0,0.0,4.199,72.8,97,0,60.0,2026-04-30T21:43:22.935816,4.219
2026-04-30T21:42:23.004652,106.05,0.7855,108.44,0.8485,1000.0,0.0,4.199,72.8,97,0,60.0,2026-04-30T21:43:23.004511,4.219
2026-04-30T21:42:23.073581,106.08,0.779,108.45,0.8473,1000.0,0.0,4.199,72.8,97,0,60.0,2026-04-30T21:43:23.073450,4.219
2026-04-30T21:42:23.142070,106.08,0.7974,108.46,0.8495,1000.0,0.0,4.199,72.8,97,0,60.0,2026-04-30T21:43:23.141939,4.219
2026-04-30T21:42:23.207693,106.08,0.7974,108.46,0.8516,1000.0,0.0,4.199,72.8,97,0,60.0,2026-04-30T21:43:23.207575,4.219
2026-04-30T21:42:23.267134,106.13,0.7974,108.48,0.8532,1000.0,0.0,4.199,72.7,97,0,60.0,2026-04-30T21:43:23.267012,4.219
2026-04-30T21:42:23.325313,106.13,0.7974,108.49,0.8543,1000.0,0.0,4.199,72.7,97,0,60.0,2026-04-30T21:43:23.325190,4.219
2026-04-30T21:42:23.383119,106.13,0.7974,108.5,0.8551,1000.0,0.0,4.199,72.7,97,0,60.0,2026-04-30T21:43:23.382993,4.219
2026-04-30T21:42:23.441190,106.16,0.7847,108.51,0.8537,1000.0,0.0,4.199,72.7,97,0,60.0,2026-04-30T21:43:23.441059,4.219
2026-04-30T21:42:23.498206,106.16,0.7847,108.52,0.8516,1000.0,0.0,4.199,72.7,97,0,60.0,2026-04-30T21:43:23.498098,4.219
2026-04-30T21:42:23.555824,106.16,0.7847,108.53,0.85,1000.0,0.0,4.199,72.7,97,0,60.0,2026-04-30T21:43:23.555698,4.219
2026-04-30T21:42:23.614421,106.2,0.8001,108.55,0.8503,1000.0,0.0,4.199,72.7,97,0,60.0,2026-04-30T21:43:23.614291,4.219
2026-04-30T21:42:23.671727,106.2,0.8001,108.56,0.8527,1000.0,0.0,4.199,72.7,97,0,60.0,2026-04-30T21:43:23.671610,4.219
2026-04-30T21:42:24.555015,106.24,0.8001,108.61,0.8567,1000.0,0.0,4.199,72.7,98,0,60.0,2026-04-30T21:43:24.554843,4.219
2026-04-30T21:42:24.614325,106.24,0.8001,108.62,0.8586,1000.0,0.0,4.199,72.7,98,0,60.0,2026-04-30T21:43:24.614183,4.219
2026-04-30T21:42:24.671787,106.24,0.8001,108.63,0.8593,1000.0,0.0,4.199,72.7,98,0,60.0,2026-04-30T21:43:24.671670,4.219
2026-04-30T21:42:25.604320,106.28,0.7735,108.67,0.8562,1000.0,0.0,4.199,72.7,98,0,60.0,2026-04-30T21:43:25.604179,4.219
2026-04-30T21:42:25.663417,106.28,0.814,108.68,0.8611,1000.0,0.0,4.199,72.7,98,0,60.0,2026-04-30T21:43:25.663285,4.219
2026-04-30T21:42:25.720359,106.28,0.814,108.68,0.8658,1000.0,0.0,4.199,72.7,98,0,60.0,2026-04-30T21:43:25.720254,4.219
2026-04-30T21:42:26.661484,106.33,0.814,108.72,0.8657,1000.0,0.0,4.199,72.7,97,0,60.0,2026-04-30T21:43:26.661303,4.219
2026-04-30T21:42:26.719475,106.33,0.8168,108.73,0.8707,1000.0,0.0,4.199,72.7,97,0,60.0,2026-04-30T21:43:26.719340,4.219
2026-04-30T21:42:26.777352,106.33,0.8168,108.73,0.873,1000.0,0.0,4.199,72.7,97,0,60.0,2026-04-30T21:43:26.777223,4.219
2026-04-30T21:42:27.706188,106.37,0.8194,108.77,0.8761,1000.0,0.0,4.199,72.7,97,0,60.0,2026-04-30T21:43:27.706047,4.219
2026-04-30T21:42:27.763563,106.37,0.8194,108.77,0.8777,1000.0,0.0,4.199,72.7,97,0,60.0,2026-04-30T21:43:27.763449,4.219
2026-04-30T21:42:28.732575,106.37,0.8194,108.79,0.8796,1000.0,0.0,4.199,72.7,97,0,60.0,2026-04-30T21:43:28.732387,4.219
2026-04-30T21:42:28.792567,106.4,0.8176,108.79,0.8791,1000.0,0.0,4.199,72.7,97,0,60.0,2026-04-30T21:43:28.792441,4.219
2026-04-30T21:42:28.849526,106.4,0.8176,108.8,0.8788,1000.0,0.0,4.199,72.7,97,0,60.0,2026-04-30T21:43:28.849413,4.219
2026-04-30T21:42:29.785669,106.45,0.8176,108.83,0.8791,1000.0,0.0,4.199,72.7,97,0,60.0,2026-04-30T21:43:29.785545,4.219
2026-04-30T21:42:29.843753,106.45,0.8193,108.84,0.8787,1000.0,0.0,4.199,72.6,97,0,60.0,2026-04-30T21:43:29.843631,4.219
2026-04-30T21:42:29.903447,106.45,0.8193,108.84,0.8793,1000.0,0.0,4.199,72.6,97,0,60.0,2026-04-30T21:43:29.903302,4.219
2026-04-30T21:42:30.830535,106.51,0.815,108.88,0.8795,1000.0,0.0,4.199,72.6,97,0,60.0,2026-04-30T21:43:30.830391,4.219
2026-04-30T21:42:30.889317,106.51,0.8235,108.89,0.8815,1000.0,0.0,4.199,72.6,97,0,60.0,2026-04-30T21:43:30.889179,4.219
2026-04-30T21:42:30.949845,106.51,0.8235,108.89,0.8825,1000.0,0.0,4.199,72.6,97,0,60.0,2026-04-30T21:43:30.949699,4.219
2026-04-30T21:42:31.887047,106.56,0.821,108.93,0.8834,1000.0,0.0,4.199,72.6,97,0,60.0,2026-04-30T21:43:31.885796,4.219
2026-04-30T21:42:31.945886,106.56,0.821,108.94,0.8828,1000.0,0.0,4.199,72.6,97,0,60.0,2026-04-30T21:43:31.945748,4.219
2026-04-30T21:42:32.099581,106.56,0.821,108.95,0.8826,1000.0,0.0,4.199,72.6,98,0,60.0,2026-04-30T21:43:32.099420,4.219
2026-04-30T21:42:32.951539,106.61,0.821,108.99,0.882,1000.0,0.0,4.199,72.6,98,0,60.0,2026-04-30T21:43:32.951370,4.219
2026-04-30T21:42:33.008251,106.61,0.821,108.99,0.882,1000.0,0.0,4.199,72.6,98,0,60.0,2026-04-30T21:43:33.008135,4.219
