timestamp,T_actual,P_actual_gauge,T_predicted,P_predicted,Q_watts,flow_lpm,water_L,eta_instant,health_score,anomaly_flag,prediction_horizon_s,prediction_target_timestamp,L_predicted
2026-05-01T04:15:09.605113,29.84,0,29.84,0.0,0.0,0.0,0,0.0,100,0,60.0,2026-05-01T04:16:09.604926,4.204
2026-05-01T04:15:09.653050,29.84,0,28.02,0.0,1000.0,7.1,0,98.4,100,0,60.0,2026-05-01T04:16:09.652946,6.077
2026-05-01T04:15:10.660018,29.84,0,28.05,0.0,1000.0,7.1,4.199,98.4,100,0,60.0,2026-05-01T04:16:10.659813,6.077
2026-05-01T04:15:10.712201,29.86,0,28.08,0.0,1000.0,7.1,4.199,98.4,100,0,60.0,2026-05-01T04:16:10.712102,6.077
2026-05-01T04:15:10.758058,29.86,0,28.09,0.0,1000.0,7.1,4.199,98.4,100,0,60.0,2026-05-01T04:16:10.757942,6.077
2026-05-01T04:15:11.714684,29.86,0,28.1,0.0,1000.0,7.1,4.199,98.4,100,0,60.0,2026-05-01T04:16:11.714521,6.077
2026-05-01T04:15:11.762713,29.86,0,28.66,0.0,1000.0,5.32,4.199,98.4,100,0,60.0,2026-05-01T04:16:11.762583,6.077
2026-05-01T04:15:11.829742,29.86,0,28.66,0.0,1000.0,5.32,4.199,98.4,100,0,60.0,2026-05-01T04:16:11.812318,6.077
2026-05-01T04:15:12.768325,29.88,0,28.67,0.0,1000.0,5.32,4.199,98.4,100,0,60.0,2026-05-01T04:16:12.768096,6.077
2026-05-01T04:15:12.815159,29.88,0,29.24,0.0,1000.0,3.99,4.199,98.4,100,0,60.0,2026-05-01T04:16:12.815042,6.077
2026-05-01T04:15:12.858311,29.88,0,29.24,0.0,1000.0,3.99,4.199,98.4,100,0,60.0,2026-05-01T04:16:12.858167,6.077
2026-05-01T04:15:13.860169,29.88,0,29.25,0.0,1000.0,3.99,4.199,98.4,100,0,60.0,2026-05-01T04:16:13.836086,6.077
2026-05-01T04:15:13.955608,29.88,0,29.8,0.0,1000.0,2.99,4.199,98.4,100,0,60.0,2026-05-01T04:16:13.955484,6.077
2026-05-01T04:15:13.994128,29.88,0,29.81,0.0,1000.0,2.99,4.199,98.4,100,0,60.0,2026-05-01T04:16:13.994034,6.077
2026-05-01T04:15:14.875401,29.89,0,29.82,0.0,1000.0,2.99,4.199,98.4,100,0,60.0,2026-05-01T04:16:14.875243,6.077
2026-05-01T04:15:14.915950,29.89,0,30.33,0.0,1000.0,2.25,4.199,98.4,100,0,60.0,2026-05-01T04:16:14.915860,6.077
2026-05-01T04:15:15.920047,29.89,0,30.34,0.0,1000.0,2.25,4.199,98.4,100,0,60.0,2026-05-01T04:16:15.913892,6.077
2026-05-01T04:15:15.959084,29.89,0,30.82,0.0,1000.0,1.68,4.199,98.4,100,0,60.0,2026-05-01T04:16:15.959002,5.974
2026-05-01T04:15:15.996801,29.89,0,30.83,0.0,1000.0,1.68,4.199,98.4,100,0,60.0,2026-05-01T04:16:15.996732,5.959
2026-05-01T04:15:16.950767,29.91,0,30.83,0.0,1000.0,1.68,4.199,98.4,100,0,60.0,2026-05-01T04:16:16.950634,5.969
2026-05-01T04:15:16.995803,29.91,0,31.26,0.0,1000.0,1.26,4.199,98.4,100,0,60.0,2026-05-01T04:16:16.995724,5.533
2026-05-01T04:15:17.034128,29.91,0,31.26,0.0,1000.0,1.26,4.199,98.4,100,0,60.0,2026-05-01T04:16:17.034057,5.522
2026-05-01T04:15:17.979379,29.91,0,31.27,0.0,1000.0,1.26,4.199,98.4,100,0,60.0,2026-05-01T04:16:17.979215,5.528
2026-05-01T04:15:18.019262,29.91,0,31.63,0.0,1000.0,0.95,4.199,98.4,100,0,60.0,2026-05-01T04:16:18.019150,5.205
2026-05-01T04:15:18.058972,29.91,0,31.62,0.0,1000.0,0.95,4.199,98.4,100,0,60.0,2026-05-01T04:16:18.058837,5.197
2026-05-01T04:15:19.041056,29.92,0,31.64,0.0,1000.0,0.95,4.199,98.4,100,0,60.0,2026-05-01T04:16:19.040903,5.201
2026-05-01T04:15:19.080898,29.92,0,31.94,0.0,1000.0,0.71,4.199,98.3,100,0,60.0,2026-05-01T04:16:19.080790,4.953
2026-05-01T04:15:19.119818,29.92,0,31.93,0.0,1000.0,0.71,4.199,98.3,100,0,60.0,2026-05-01T04:16:19.119726,4.947
2026-05-01T04:15:20.082739,29.94,0,31.96,0.0,1000.0,0.71,4.199,98.3,100,0,60.0,2026-05-01T04:16:20.082635,4.949
2026-05-01T04:15:20.122870,29.94,0,32.2,0.0,1000.0,0.53,4.199,98.3,100,0,60.0,2026-05-01T04:16:20.122760,4.763
2026-05-01T04:15:21.130175,29.94,0,32.22,0.0,1000.0,0.53,4.199,98.3,100,0,60.0,2026-05-01T04:16:21.130044,4.766
2026-05-01T04:15:21.177574,29.97,0,32.42,0.0,1000.0,0.4,4.199,98.3,100,0,60.0,2026-05-01T04:16:21.177452,4.63
2026-05-01T04:15:21.215475,29.97,0,32.42,0.0,1000.0,0.4,4.199,98.3,100,0,60.0,2026-05-01T04:16:21.215383,4.625
2026-05-01T04:15:22.173555,29.99,0,32.44,0.0,1000.0,0.4,4.199,98.3,100,0,60.0,2026-05-01T04:16:22.173418,4.627
2026-05-01T04:15:22.216937,29.99,0,32.6,0.0,1000.0,0.3,4.199,98.3,100,0,60.0,2026-05-01T04:16:22.216828,4.523
2026-05-01T04:15:22.254702,29.99,0,32.6,0.0,1000.0,0.3,4.199,98.3,100,0,60.0,2026-05-01T04:16:22.254632,4.52
2026-05-01T04:15:23.239154,30.03,0,32.63,0.0,1000.0,0.3,4.199,98.3,100,0,60.0,2026-05-01T04:16:23.239032,4.521
2026-05-01T04:15:23.282679,30.03,0,32.76,0.0,1000.0,0.22,4.199,98.3,100,0,60.0,2026-05-01T04:16:23.282588,4.438
2026-05-01T04:15:23.320249,30.03,0,32.76,0.0,1000.0,0.22,4.199,98.3,100,0,60.0,2026-05-01T04:16:23.320180,4.436
2026-05-01T04:15:24.264599,30.08,0,32.8,0.0,1000.0,0.22,4.199,98.3,100,0,60.0,2026-05-01T04:16:24.264469,4.436
2026-05-01T04:15:24.303067,30.08,0,32.89,0.0,1000.0,0.17,4.199,98.3,100,0,60.0,2026-05-01T04:16:24.302965,4.384
2026-05-01T04:15:24.341354,30.08,0,32.89,0.0,1000.0,0.17,4.199,98.3,100,0,60.0,2026-05-01T04:16:24.341273,4.383
2026-05-01T04:15:25.342139,30.12,0,32.93,0.0,1000.0,0.17,4.199,98.3,100,0,60.0,2026-05-01T04:16:25.341932,4.383
2026-05-01T04:15:25.386356,30.12,0,33.0,0.0,1000.0,0.13,4.199,98.3,100,0,60.0,2026-05-01T04:16:25.386243,4.342
2026-05-01T04:15:26.355420,30.12,0,33.04,0.0,1000.0,0.13,4.199,98.3,100,0,60.0,2026-05-01T04:16:26.355283,4.343
2026-05-01T04:15:26.400713,30.17,0,33.12,0.0,1000.0,0.09,4.199,98.3,100,0,60.0,2026-05-01T04:16:26.400610,4.301
2026-05-01T04:15:26.438189,30.17,0,33.12,0.0,1000.0,0.09,4.199,98.3,100,0,60.0,2026-05-01T04:16:26.438122,4.3
2026-05-01T04:15:27.418144,30.24,0,33.17,0.0,1000.0,0.09,4.199,98.2,100,0,60.0,2026-05-01T04:16:27.418021,4.3
2026-05-01T04:15:27.462674,30.24,0,33.21,0.0,1000.0,0.07,4.199,98.2,100,0,60.0,2026-05-01T04:16:27.462581,4.279
2026-05-01T04:15:27.500564,30.24,0,33.22,0.0,1000.0,0.07,4.199,98.2,100,0,60.0,2026-05-01T04:16:27.500490,4.279
2026-05-01T04:15:28.468474,30.32,0,33.27,0.0,1000.0,0.07,4.199,98.2,99,0,60.0,2026-05-01T04:16:28.468322,4.279
2026-05-01T04:15:28.510643,30.32,0,33.32,0.0,1000.0,0.05,4.199,98.2,99,0,60.0,2026-05-01T04:16:28.510550,4.258
2026-05-01T04:15:28.547975,30.32,0,33.33,0.0,1000.0,0.05,4.199,98.2,99,0,60.0,2026-05-01T04:16:28.547902,4.257
2026-05-01T04:15:29.528488,30.41,0,33.39,0.0,1000.0,0.05,4.199,98.2,99,0,60.0,2026-05-01T04:16:29.528354,4.258
2026-05-01T04:15:29.570079,30.41,0,33.42,0.0,1000.0,0.04,4.199,98.2,99,0,60.0,2026-05-01T04:16:29.569978,4.247
2026-05-01T04:15:29.608759,30.41,0,33.43,0.0,1000.0,0.04,4.199,98.2,99,0,60.0,2026-05-01T04:16:29.608671,4.247
2026-05-01T04:15:30.579265,30.5,0,33.5,0.0,1000.0,0.04,4.199,98.2,99,0,60.0,2026-05-01T04:16:30.579131,4.247
2026-05-01T04:15:30.619048,30.5,0,33.53,0.0,1000.0,0.03,4.199,98.2,99,0,60.0,2026-05-01T04:16:30.618960,4.237
2026-05-01T04:15:31.599357,30.5,0,33.58,0.0,1000.0,0.03,4.199,98.2,99,0,60.0,2026-05-01T04:16:31.599179,4.237
2026-05-01T04:15:31.648984,30.62,0,33.65,0.0,1000.0,0.02,4.199,98.1,99,0,60.0,2026-05-01T04:16:31.648874,4.226
2026-05-01T04:15:31.687541,30.62,0,33.67,0.0,1000.0,0.02,4.199,98.1,99,0,60.0,2026-05-01T04:16:31.687454,4.226
2026-05-01T04:15:32.655555,30.71,0,33.73,0.0,1000.0,0.02,4.199,98.1,99,0,60.0,2026-05-01T04:16:32.655439,4.226
2026-05-01T04:15:32.701077,30.71,0,33.75,0.0,1000.0,0.02,4.199,98.1,99,0,60.0,2026-05-01T04:16:32.700954,4.226
2026-05-01T04:15:32.738533,30.71,0,33.77,0.0,1000.0,0.02,4.199,98.1,99,0,60.0,2026-05-01T04:16:32.738462,4.226
2026-05-01T04:15:33.704998,30.81,0,33.83,0.0,1000.0,0.02,4.199,98.0,99,0,60.0,2026-05-01T04:16:33.704872,4.226
2026-05-01T04:15:33.747555,30.81,0,33.87,0.0,1000.0,0.01,4.199,98.0,99,0,60.0,2026-05-01T04:16:33.747469,4.216
2026-05-01T04:15:33.785513,30.81,0,33.88,0.0,1000.0,0.01,4.199,98.0,99,0,60.0,2026-05-01T04:16:33.785441,4.216
2026-05-01T04:15:34.760315,30.93,0,33.96,0.0,1000.0,0.01,4.199,98.0,99,0,60.0,2026-05-01T04:16:34.760209,4.216
2026-05-01T04:15:34.801575,30.93,0,33.99,0.0,1000.0,0.01,4.199,98.0,99,0,60.0,2026-05-01T04:16:34.801483,4.215
2026-05-01T04:15:34.839556,30.93,0,34.0,0.0,1000.0,0.01,4.199,98.0,99,0,60.0,2026-05-01T04:16:34.839475,4.215
2026-05-01T04:15:35.798860,31.03,0,34.07,0.0,1000.0,0.01,4.199,98.0,99,0,60.0,2026-05-01T04:16:35.798721,4.215
2026-05-01T04:15:35.840654,31.03,0,34.09,0.0,1000.0,0.01,4.199,98.0,99,0,60.0,2026-05-01T04:16:35.840428,4.215
2026-05-01T04:15:36.825307,31.03,0,34.14,0.0,1000.0,0.01,4.199,98.0,99,0,60.0,2026-05-01T04:16:36.825166,4.215
2026-05-01T04:15:36.871005,31.13,0,34.18,0.0,1000.0,0.01,4.199,97.9,99,0,60.0,2026-05-01T04:16:36.870898,4.215
2026-05-01T04:15:36.908698,31.13,0,34.19,0.0,1000.0,0.01,4.199,97.9,99,0,60.0,2026-05-01T04:16:36.908627,4.215
2026-05-01T04:15:37.913990,31.24,0,34.25,0.0,1000.0,0.01,4.199,97.9,99,0,60.0,2026-05-01T04:16:37.902274,4.215
2026-05-01T04:15:38.015468,31.24,0,34.31,0.0,1000.0,0.0,4.199,97.9,99,0,60.0,2026-05-01T04:16:38.015357,4.205
2026-05-01T04:15:38.044811,31.24,0,34.32,0.0,1000.0,0.0,4.199,97.9,99,0,60.0,2026-05-01T04:16:38.044742,4.205
2026-05-01T04:15:38.930407,31.31,0,34.37,0.0,1000.0,0.0,4.199,97.9,99,0,60.0,2026-05-01T04:16:38.930281,4.205
2026-05-01T04:15:38.966098,31.31,0,34.39,0.0,1000.0,0.0,4.199,97.9,99,0,60.0,2026-05-01T04:16:38.966000,4.205
2026-05-01T04:15:38.996290,31.31,0,34.4,0.0,1000.0,0.0,4.199,97.9,99,0,60.0,2026-05-01T04:16:38.996205,4.205
2026-05-01T04:15:39.961530,31.43,0,34.47,0.0,1000.0,0.0,4.199,97.9,99,0,60.0,2026-05-01T04:16:39.961407,4.205
2026-05-01T04:15:39.991423,31.43,0,34.5,0.0,1000.0,0.0,4.199,97.8,99,0,60.0,2026-05-01T04:16:39.991335,4.205
2026-05-01T04:15:40.021286,31.43,0,34.51,0.0,1000.0,0.0,4.199,97.8,99,0,60.0,2026-05-01T04:16:40.021200,4.205
2026-05-01T04:15:41.040506,31.51,0,34.58,0.0,1000.0,0.0,4.199,97.8,99,0,60.0,2026-05-01T04:16:41.040358,4.205
2026-05-01T04:15:41.073612,31.51,0,34.59,0.0,1000.0,0.0,4.199,97.8,99,0,60.0,2026-05-01T04:16:41.073512,4.205
2026-05-01T04:15:42.049989,31.51,0,34.64,0.0,1000.0,0.0,4.199,97.8,99,0,60.0,2026-05-01T04:16:42.049841,4.205
2026-05-01T04:15:42.086399,31.6,0,34.67,0.0,1000.0,0.0,4.199,97.8,99,0,60.0,2026-05-01T04:16:42.086309,4.205
2026-05-01T04:15:42.116020,31.6,0,34.69,0.0,1000.0,0.0,4.199,97.8,99,0,60.0,2026-05-01T04:16:42.115949,4.205
2026-05-01T04:15:43.117181,31.67,0,34.74,0.0,1000.0,0.0,4.199,97.8,99,0,60.0,2026-05-01T04:16:43.117056,4.205
2026-05-01T04:15:43.156913,31.67,0,34.76,0.0,1000.0,0.0,4.199,97.8,99,0,60.0,2026-05-01T04:16:43.156821,4.205
2026-05-01T04:15:43.187191,31.67,0,34.76,0.0,1000.0,0.0,4.199,97.8,99,0,60.0,2026-05-01T04:16:43.187107,4.205
2026-05-01T04:15:44.173433,31.76,0,34.82,0.0,1000.0,0.0,4.199,97.7,99,0,60.0,2026-05-01T04:16:44.173280,4.205
2026-05-01T04:15:44.210217,31.76,0,34.84,0.0,1000.0,0.0,4.199,97.7,99,0,60.0,2026-05-01T04:16:44.210117,4.205
2026-05-01T04:15:44.241504,31.76,0,34.85,0.0,1000.0,0.0,4.199,97.7,99,0,60.0,2026-05-01T04:16:44.241420,4.205
2026-05-01T04:15:45.212716,31.83,0,34.9,0.0,1000.0,0.0,4.199,97.7,99,0,60.0,2026-05-01T04:16:45.212583,4.205
2026-05-01T04:15:45.246208,31.83,0,34.91,0.0,1000.0,0.0,4.199,97.7,99,0,60.0,2026-05-01T04:16:45.246114,4.205
2026-05-01T04:15:45.277342,31.83,0,34.92,0.0,1000.0,0.0,4.199,97.7,99,0,60.0,2026-05-01T04:16:45.277230,4.205
2026-05-01T04:15:46.278630,31.88,0,34.97,0.0,1000.0,0.0,4.199,97.7,99,0,60.0,2026-05-01T04:16:46.278477,4.205
2026-05-01T04:15:46.312857,31.88,0,34.98,0.0,1000.0,0.0,4.199,97.7,99,0,60.0,2026-05-01T04:16:46.312732,4.205
2026-05-01T04:15:47.278565,31.88,0,35.02,0.0,1000.0,0.0,4.199,97.7,99,0,60.0,2026-05-01T04:16:47.278410,4.205
2026-05-01T04:15:47.309399,31.95,0,35.03,0.0,1000.0,0.0,4.199,97.7,99,0,60.0,2026-05-01T04:16:47.309316,4.205
2026-05-01T04:15:47.339615,31.95,0,35.04,0.0,1000.0,0.0,4.199,97.7,99,0,60.0,2026-05-01T04:16:47.339538,4.205
2026-05-01T04:15:48.334882,32.0,0,35.09,0.0,1000.0,0.0,4.199,97.6,99,0,60.0,2026-05-01T04:16:48.334687,4.205
2026-05-01T04:15:48.367474,32.0,0,35.1,0.0,1000.0,0.0,4.199,97.6,99,0,60.0,2026-05-01T04:16:48.367355,4.205
2026-05-01T04:15:48.397843,32.0,0,35.1,0.0,1000.0,0.0,4.199,97.6,99,0,60.0,2026-05-01T04:16:48.397757,4.205
2026-05-01T04:15:49.392067,32.04,0,35.13,0.0,1000.0,0.0,4.199,97.6,99,0,60.0,2026-05-01T04:16:49.391948,4.205
2026-05-01T04:15:49.425724,32.04,0,35.13,0.0,1000.0,0.0,4.199,97.6,99,0,60.0,2026-05-01T04:16:49.425643,4.205
2026-05-01T04:15:49.455310,32.04,0,35.13,0.0,1000.0,0.0,4.199,97.6,99,0,60.0,2026-05-01T04:16:49.455244,4.205
2026-05-01T04:15:50.459360,32.1,0,35.18,0.0,1000.0,0.0,4.199,97.6,99,0,60.0,2026-05-01T04:16:50.459230,4.205
2026-05-01T04:15:50.493926,32.1,0,35.19,0.0,1000.0,0.0,4.199,97.6,99,0,60.0,2026-05-01T04:16:50.493825,4.205
2026-05-01T04:15:50.524612,32.1,0,35.19,0.0,1000.0,0.0,4.199,97.6,99,0,60.0,2026-05-01T04:16:50.524530,4.205
2026-05-01T04:15:51.511620,32.17,0,35.24,0.0,1000.0,0.0,4.199,97.6,99,0,60.0,2026-05-01T04:16:51.511475,4.206
2026-05-01T04:15:51.545131,32.17,0,35.25,0.0,1000.0,0.0,4.199,97.6,99,0,60.0,2026-05-01T04:16:51.545038,4.206
2026-05-01T04:15:52.534720,32.17,0,35.29,0.0,1000.0,0.0,4.199,97.6,99,0,60.0,2026-05-01T04:16:52.534374,4.206
2026-05-01T04:15:52.576196,32.23,0,35.31,0.0,1000.0,0.0,4.199,97.6,99,0,60.0,2026-05-01T04:16:52.576091,4.206
2026-05-01T04:15:52.636131,32.23,0,35.31,0.0,1000.0,0.0,4.199,97.6,99,0,60.0,2026-05-01T04:16:52.635872,4.206
2026-05-01T04:15:53.591662,32.28,0,35.36,0.0,1000.0,0.0,4.199,97.6,99,0,60.0,2026-05-01T04:16:53.591365,4.206
2026-05-01T04:15:53.630143,32.28,0,35.36,0.0,1000.0,0.0,4.199,97.6,99,0,60.0,2026-05-01T04:16:53.630059,4.206
2026-05-01T04:15:53.660553,32.28,0,35.37,0.0,1000.0,0.0,4.199,97.6,99,0,60.0,2026-05-01T04:16:53.660478,4.206
2026-05-01T04:15:54.645220,32.33,0,35.41,0.0,1000.0,0.0,4.199,97.5,99,0,60.0,2026-05-01T04:16:54.645057,4.206
2026-05-01T04:15:54.681473,32.33,0,35.42,0.0,1000.0,0.0,4.199,97.5,99,0,60.0,2026-05-01T04:16:54.681389,4.206
2026-05-01T04:15:54.711481,32.33,0,35.42,0.0,1000.0,0.0,4.199,97.5,99,0,60.0,2026-05-01T04:16:54.711413,4.206
2026-05-01T04:15:55.691992,32.39,0,35.47,0.0,1000.0,0.0,4.199,97.5,99,0,60.0,2026-05-01T04:16:55.691870,4.206
2026-05-01T04:15:55.725934,32.39,0,35.47,0.0,1000.0,0.0,4.199,97.5,99,0,60.0,2026-05-01T04:16:55.725855,4.206
2026-05-01T04:15:55.755839,32.39,0,35.48,0.0,1000.0,0.0,4.199,97.5,99,0,60.0,2026-05-01T04:16:55.755763,4.206
2026-05-01T04:15:56.749779,32.42,0,35.52,0.0,1000.0,0.0,4.199,97.5,99,0,60.0,2026-05-01T04:16:56.749647,4.206
2026-05-01T04:15:56.783116,32.42,0,35.51,0.0,1000.0,0.0,4.199,97.5,99,0,60.0,2026-05-01T04:16:56.783030,4.206
2026-05-01T04:15:57.766019,32.42,0,35.55,0.0,1000.0,0.0,4.199,97.5,99,0,60.0,2026-05-01T04:16:57.765848,4.206
2026-05-01T04:15:57.840946,32.48,0,35.56,0.0,1000.0,0.0,4.199,97.5,99,0,60.0,2026-05-01T04:16:57.822104,4.206
2026-05-01T04:15:57.894594,32.48,0,35.57,0.0,1000.0,0.0,4.199,97.5,99,0,60.0,2026-05-01T04:16:57.894474,4.206
2026-05-01T04:15:58.822527,32.52,0,35.61,0.0,1000.0,0.0,4.199,97.5,99,0,60.0,2026-05-01T04:16:58.822196,4.206
2026-05-01T04:15:58.868453,32.52,0,35.61,0.0,1000.0,0.0,4.199,97.5,99,0,60.0,2026-05-01T04:16:58.868190,4.206
2026-05-01T04:15:58.905184,32.52,0,35.61,0.0,1000.0,0.0,4.199,97.5,99,0,60.0,2026-05-01T04:16:58.905057,4.206
2026-05-01T04:15:59.878709,32.58,0,35.66,0.0,1000.0,0.0,4.199,97.5,99,0,60.0,2026-05-01T04:16:59.877870,4.206
2026-05-01T04:15:59.911864,32.58,0,35.67,0.0,1000.0,0.0,4.199,97.5,99,0,60.0,2026-05-01T04:16:59.911758,4.206
2026-05-01T04:15:59.945741,32.58,0,35.67,0.0,1000.0,0.0,4.199,97.5,99,0,60.0,2026-05-01T04:16:59.945626,4.206
2026-05-01T04:16:00.925871,32.64,0,35.72,0.0,1000.0,0.0,4.199,97.5,99,0,60.0,2026-05-01T04:17:00.925660,4.206
2026-05-01T04:16:00.964515,32.64,0,35.72,0.0,1000.0,0.0,4.199,97.4,99,0,60.0,2026-05-01T04:17:00.964401,4.206
2026-05-01T04:16:00.997927,32.64,0,35.72,0.0,1000.0,0.0,4.199,97.4,99,0,60.0,2026-05-01T04:17:00.997812,4.206
2026-05-01T04:16:01.984715,32.7,0,35.78,0.0,1000.0,0.0,4.199,97.4,99,0,60.0,2026-05-01T04:17:01.984562,4.206
2026-05-01T04:16:02.020763,32.7,0,35.78,0.0,1000.0,0.0,4.199,97.4,99,0,60.0,2026-05-01T04:17:02.020642,4.206
2026-05-01T04:16:03.004633,32.7,0,35.82,0.0,1000.0,0.0,4.199,97.4,99,0,60.0,2026-05-01T04:17:03.004484,4.206
2026-05-01T04:16:03.048023,32.75,0,35.83,0.0,1000.0,0.0,4.199,97.4,99,0,60.0,2026-05-01T04:17:03.047898,4.206
2026-05-01T04:16:03.082757,32.75,0,35.84,0.0,1000.0,0.0,4.199,97.4,99,0,60.0,2026-05-01T04:17:03.082636,4.206
2026-05-01T04:16:04.060738,32.8,0,35.88,0.0,1000.0,0.0,4.199,97.4,99,0,60.0,2026-05-01T04:17:04.060564,4.206
2026-05-01T04:16:04.103803,32.8,0,35.89,0.0,1000.0,0.0,4.199,97.4,99,0,60.0,2026-05-01T04:17:04.103646,4.206
2026-05-01T04:16:04.137608,32.8,0,35.89,0.0,1000.0,0.0,4.199,97.4,99,0,60.0,2026-05-01T04:17:04.137456,4.206
2026-05-01T04:16:05.113663,32.85,0,35.93,0.0,1000.0,0.0,4.199,97.4,99,0,60.0,2026-05-01T04:17:05.113498,4.206
2026-05-01T04:16:05.153851,32.85,0,35.94,0.0,1000.0,0.0,4.199,97.4,99,0,60.0,2026-05-01T04:17:05.153720,4.206
2026-05-01T04:16:05.187700,32.85,0,35.94,0.0,1000.0,0.0,4.199,97.4,99,0,60.0,2026-05-01T04:17:05.187582,4.206
2026-05-01T04:16:06.169016,32.91,0,35.99,0.0,1000.0,0.0,4.199,97.3,99,0,60.0,2026-05-01T04:17:06.168831,4.206
2026-05-01T04:16:06.206265,32.91,0,36.0,0.0,1000.0,0.0,4.199,97.3,99,0,60.0,2026-05-01T04:17:06.206124,4.206
2026-05-01T04:16:06.239119,32.91,0,36.0,0.0,1000.0,0.0,4.199,97.3,99,0,60.0,2026-05-01T04:17:06.239017,4.206
2026-05-01T04:16:07.223716,32.98,0,36.06,0.0,1000.0,0.0,4.199,97.3,99,0,60.0,2026-05-01T04:17:07.223491,4.206
2026-05-01T04:16:07.259155,32.98,0,36.06,0.0,1000.0,0.0,4.199,97.3,99,0,60.0,2026-05-01T04:17:07.259047,4.206
2026-05-01T04:16:08.224523,32.98,0,36.11,0.0,1000.0,0.0,4.199,97.3,99,0,60.0,2026-05-01T04:17:08.224362,4.206
2026-05-01T04:16:08.262106,33.05,0,36.13,0.0,1000.0,0.0,4.199,97.3,99,0,60.0,2026-05-01T04:17:08.262008,4.206
2026-05-01T04:16:08.309156,33.05,0,36.13,0.0,1000.0,0.0,4.199,97.3,99,0,60.0,2026-05-01T04:17:08.309032,4.206
2026-05-01T04:16:09.279471,33.11,0,36.17,0.0,1000.0,0.0,4.199,97.3,99,0,60.0,2026-05-01T04:17:09.279339,4.206
2026-05-01T04:16:09.313459,33.11,0,36.18,0.0,1000.0,0.0,4.199,97.3,99,0,60.0,2026-05-01T04:17:09.313358,4.206
2026-05-01T04:16:09.345999,33.11,0,36.18,0.0,1000.0,0.0,4.199,97.3,99,0,60.0,2026-05-01T04:17:09.345894,4.206
2026-05-01T04:16:10.350231,33.18,0,36.23,0.0,1000.0,0.0,4.199,97.3,99,0,60.0,2026-05-01T04:17:10.350075,4.206
2026-05-01T04:16:10.389391,33.18,0,36.25,0.0,1000.0,0.0,4.199,97.3,99,0,60.0,2026-05-01T04:17:10.389270,4.206
2026-05-01T04:16:10.426203,33.18,0,36.25,0.0,1000.0,0.0,4.199,97.3,99,0,60.0,2026-05-01T04:17:10.426068,4.206
2026-05-01T04:16:11.382646,33.23,0,36.3,0.0,1000.0,0.0,4.199,97.3,99,0,60.0,2026-05-01T04:17:11.382512,4.206
2026-05-01T04:16:11.416937,33.23,0,36.3,0.0,1000.0,0.0,4.199,97.2,99,0,60.0,2026-05-01T04:17:11.416756,4.206
2026-05-01T04:16:11.452665,33.23,0,36.31,0.0,1000.0,0.0,4.199,97.2,99,0,60.0,2026-05-01T04:17:11.452472,4.206
2026-05-01T04:16:12.473840,33.29,0,36.36,0.0,1000.0,0.0,4.199,97.2,99,0,60.0,2026-05-01T04:17:12.460686,4.206
2026-05-01T04:16:12.549271,33.29,0,36.37,0.0,1000.0,0.0,4.199,97.2,99,0,60.0,2026-05-01T04:17:12.549142,4.206
2026-05-01T04:16:13.474902,33.29,0,36.4,0.0,1000.0,0.0,4.199,97.2,99,0,60.0,2026-05-01T04:17:13.474710,4.206
2026-05-01T04:16:13.519086,33.36,0,36.42,0.0,1000.0,0.0,4.199,97.2,99,0,60.0,2026-05-01T04:17:13.518959,4.206
2026-05-01T04:16:13.551928,33.36,0,36.43,0.0,1000.0,0.0,4.199,97.2,99,0,60.0,2026-05-01T04:17:13.551789,4.206
2026-05-01T04:16:14.509505,33.41,0,36.48,0.0,1000.0,0.0,4.199,97.2,99,0,60.0,2026-05-01T04:17:14.509378,4.206
2026-05-01T04:16:14.540853,33.41,0,36.49,0.0,1000.0,0.0,4.199,97.2,99,0,60.0,2026-05-01T04:17:14.540766,4.206
2026-05-01T04:16:14.573440,33.41,0,36.49,0.0,1000.0,0.0,4.199,97.2,99,0,60.0,2026-05-01T04:17:14.573301,4.206
2026-05-01T04:16:15.572451,33.47,0,36.54,0.0,1000.0,0.0,4.199,97.2,99,0,60.0,2026-05-01T04:17:15.572180,4.206
2026-05-01T04:16:15.610257,33.47,0,36.55,0.0,1000.0,0.0,4.199,97.2,99,0,60.0,2026-05-01T04:17:15.610127,4.206
2026-05-01T04:16:15.643690,33.47,0,36.55,0.0,1000.0,0.0,4.199,97.2,99,0,60.0,2026-05-01T04:17:15.643579,4.206
2026-05-01T04:16:16.610427,33.5,0,36.59,0.0,1000.0,0.0,4.199,97.1,99,0,60.0,2026-05-01T04:17:16.610288,4.206
2026-05-01T04:16:16.643680,33.5,0,36.59,0.0,1000.0,0.0,4.199,97.1,99,0,60.0,2026-05-01T04:17:16.643562,4.206
2026-05-01T04:16:16.680009,33.5,0,36.59,0.0,1000.0,0.0,4.199,97.1,99,0,60.0,2026-05-01T04:17:16.679885,4.206
2026-05-01T04:16:17.690245,33.57,0,36.64,0.0,1000.0,0.0,4.199,97.1,99,0,60.0,2026-05-01T04:17:17.690072,4.206
2026-05-01T04:16:17.726731,33.57,0,36.64,0.0,1000.0,0.0,4.199,97.1,99,0,60.0,2026-05-01T04:17:17.726588,4.206
2026-05-01T04:16:18.706964,33.57,0,36.68,0.0,1000.0,0.0,4.199,97.1,99,0,60.0,2026-05-01T04:17:18.706663,4.206
2026-05-01T04:16:18.751586,33.62,0,36.69,0.0,1000.0,0.0,4.199,97.1,99,0,60.0,2026-05-01T04:17:18.751400,4.206
2026-05-01T04:16:18.784227,33.62,0,36.69,0.0,1000.0,0.0,4.199,97.1,99,0,60.0,2026-05-01T04:17:18.784124,4.206
2026-05-01T04:16:19.764665,33.67,0,36.74,0.0,1000.0,0.0,4.199,97.1,99,0,60.0,2026-05-01T04:17:19.764474,4.206
2026-05-01T04:16:19.807084,33.67,0,36.74,0.0,1000.0,0.0,4.199,97.1,99,0,60.0,2026-05-01T04:17:19.806946,4.206
2026-05-01T04:16:19.840482,33.67,0,36.75,0.0,1000.0,0.0,4.199,97.1,99,0,60.0,2026-05-01T04:17:19.840348,4.206
2026-05-01T04:16:20.818138,33.71,0,36.79,0.0,1000.0,0.0,4.199,97.1,99,0,60.0,2026-05-01T04:17:20.817948,4.206
2026-05-01T04:16:20.857793,33.71,0,36.79,0.0,1000.0,0.0,4.199,97.1,99,0,60.0,2026-05-01T04:17:20.857662,4.206
2026-05-01T04:16:20.890224,33.71,0,36.79,0.0,1000.0,0.0,4.199,97.1,99,0,60.0,2026-05-01T04:17:20.890097,4.206
2026-05-01T04:16:21.868533,33.73,0,36.82,0.0,1000.0,0.0,4.199,97.1,99,0,60.0,2026-05-01T04:17:21.868372,4.206
2026-05-01T04:16:21.907159,33.73,0,36.82,0.0,1000.0,0.0,4.199,97.1,99,0,60.0,2026-05-01T04:17:21.907017,4.206
2026-05-01T04:16:21.939795,33.73,0,36.82,0.0,1000.0,0.0,4.199,97.1,99,0,60.0,2026-05-01T04:17:21.939663,4.206
2026-05-01T04:16:22.926431,33.79,0,36.86,0.0,1000.0,0.0,4.199,97.0,99,0,60.0,2026-05-01T04:17:22.926278,4.206
2026-05-01T04:16:22.961989,33.79,0,36.87,0.0,1000.0,0.0,4.199,97.0,99,0,60.0,2026-05-01T04:17:22.961858,4.206
2026-05-01T04:16:23.944930,33.79,0,36.91,0.0,1000.0,0.0,4.199,97.0,99,0,60.0,2026-05-01T04:17:23.944760,4.206
2026-05-01T04:16:23.990633,33.81,0,36.9,0.0,1000.0,0.0,4.199,97.0,99,0,60.0,2026-05-01T04:17:23.990486,4.206
2026-05-01T04:16:24.023424,33.81,0,36.9,0.0,1000.0,0.0,4.199,97.0,99,0,60.0,2026-05-01T04:17:24.023298,4.206
2026-05-01T04:16:25.003547,33.84,0,36.93,0.0,1000.0,0.0,4.199,97.0,99,0,60.0,2026-05-01T04:17:25.003378,4.206
2026-05-01T04:16:25.044768,33.84,0,36.93,0.0,1000.0,0.0,4.199,97.0,99,0,60.0,2026-05-01T04:17:25.044644,4.206
2026-05-01T04:16:25.076856,33.84,0,36.93,0.0,1000.0,0.0,4.199,97.0,99,0,60.0,2026-05-01T04:17:25.076748,4.206
2026-05-01T04:16:26.058863,33.89,0,36.97,0.0,1000.0,0.0,4.199,97.0,99,0,60.0,2026-05-01T04:17:26.058661,4.206
2026-05-01T04:16:26.096850,33.89,0,36.97,0.0,1000.0,0.0,4.199,97.0,99,0,60.0,2026-05-01T04:17:26.096741,4.206
2026-05-01T04:16:26.128971,33.89,0,36.97,0.0,1000.0,0.0,4.199,97.0,99,0,60.0,2026-05-01T04:17:26.128843,4.206
2026-05-01T04:16:27.111228,33.92,0,37.01,0.0,1000.0,0.0,4.199,97.0,99,0,60.0,2026-05-01T04:17:27.111056,4.206
2026-05-01T04:16:27.148226,33.92,0,37.01,0.0,1000.0,0.0,4.199,97.0,99,0,60.0,2026-05-01T04:17:27.148098,4.206
2026-05-01T04:16:27.181331,33.92,0,37.01,0.0,1000.0,0.0,4.199,97.0,99,0,60.0,2026-05-01T04:17:27.181183,4.206
2026-05-01T04:16:28.160637,33.96,0,37.05,0.0,1000.0,0.0,4.199,97.0,99,0,60.0,2026-05-01T04:17:28.160458,4.206
2026-05-01T04:16:28.197181,33.96,0,37.05,0.0,1000.0,0.0,4.199,97.0,99,0,60.0,2026-05-01T04:17:28.197065,4.206
2026-05-01T04:16:29.185079,33.96,0,37.09,0.0,1000.0,0.0,4.199,97.0,99,0,60.0,2026-05-01T04:17:29.184825,4.206
2026-05-01T04:16:29.230836,33.99,0,37.08,0.0,1000.0,0.0,4.199,97.0,99,0,60.0,2026-05-01T04:17:29.230745,4.206
2026-05-01T04:16:29.268558,33.99,0,37.08,0.0,1000.0,0.0,4.199,97.0,99,0,60.0,2026-05-01T04:17:29.268434,4.206
2026-05-01T04:16:30.245325,34.05,0,37.12,0.0,1000.0,0.0,4.199,97.0,99,0,60.0,2026-05-01T04:17:30.245140,4.206
2026-05-01T04:16:30.287763,34.05,0,37.12,0.0,1000.0,0.0,4.199,97.0,99,0,60.0,2026-05-01T04:17:30.287647,4.206
2026-05-01T04:16:30.321458,34.05,0,37.13,0.0,1000.0,0.0,4.199,97.0,99,0,60.0,2026-05-01T04:17:30.321353,4.206
2026-05-01T04:16:31.291745,34.08,0,37.15,0.0,1000.0,0.0,4.199,97.0,99,0,60.0,2026-05-01T04:17:31.291590,4.206
2026-05-01T04:16:31.329291,34.08,0,37.15,0.0,1000.0,0.0,4.199,97.0,99,0,60.0,2026-05-01T04:17:31.329174,4.206
2026-05-01T04:16:31.361638,34.08,0,37.15,0.0,1000.0,0.0,4.199,97.0,99,0,60.0,2026-05-01T04:17:31.361520,4.206
2026-05-01T04:16:32.346302,34.13,0,37.19,0.0,1000.0,0.0,4.199,97.0,99,0,60.0,2026-05-01T04:17:32.346141,4.206
2026-05-01T04:16:32.384322,34.13,0,37.2,0.0,1000.0,0.0,4.199,96.9,99,0,60.0,2026-05-01T04:17:32.384176,4.206
2026-05-01T04:16:32.418105,34.13,0,37.2,0.0,1000.0,0.0,4.199,96.9,99,0,60.0,2026-05-01T04:17:32.417983,4.206
2026-05-01T04:16:33.400321,34.15,0,37.23,0.0,1000.0,0.0,4.199,96.9,99,0,60.0,2026-05-01T04:17:33.400139,4.206
2026-05-01T04:16:33.436174,34.15,0,37.23,0.0,1000.0,0.0,4.199,96.9,99,0,60.0,2026-05-01T04:17:33.436018,4.206
2026-05-01T04:16:34.400399,34.15,0,37.26,0.0,1000.0,0.0,4.199,96.9,99,0,60.0,2026-05-01T04:17:34.400184,4.206
2026-05-01T04:16:34.454927,34.19,0,37.26,0.0,1000.0,0.0,4.199,96.9,99,0,60.0,2026-05-01T04:17:34.436829,4.206
2026-05-01T04:16:34.521060,34.19,0,37.26,0.0,1000.0,0.0,4.199,96.9,99,0,60.0,2026-05-01T04:17:34.520934,4.206
2026-05-01T04:16:35.474054,34.23,0,37.3,0.0,1000.0,0.0,4.199,96.9,99,0,60.0,2026-05-01T04:17:35.473883,4.206
2026-05-01T04:16:35.516267,34.23,0,37.3,0.0,1000.0,0.0,4.199,96.9,99,0,60.0,2026-05-01T04:17:35.516163,4.206
2026-05-01T04:16:35.548996,34.23,0,37.3,0.0,1000.0,0.0,4.199,96.9,99,0,60.0,2026-05-01T04:17:35.548900,4.206
2026-05-01T04:16:36.509041,34.27,0,37.34,0.0,1000.0,0.0,4.199,96.9,99,0,60.0,2026-05-01T04:17:36.508911,4.206
2026-05-01T04:16:36.540807,34.27,0,37.34,0.0,1000.0,0.0,4.199,96.9,99,0,60.0,2026-05-01T04:17:36.540715,4.206
2026-05-01T04:16:36.571716,34.27,0,37.34,0.0,1000.0,0.0,4.199,96.9,99,0,60.0,2026-05-01T04:17:36.571617,4.206
2026-05-01T04:16:37.563514,34.31,0,37.38,0.0,1000.0,0.0,4.199,96.9,99,0,60.0,2026-05-01T04:17:37.563378,4.206
2026-05-01T04:16:37.596051,34.31,0,37.38,0.0,1000.0,0.0,4.199,96.9,99,0,60.0,2026-05-01T04:17:37.595904,4.206
2026-05-01T04:16:37.629336,34.31,0,37.38,0.0,1000.0,0.0,4.199,96.9,99,0,60.0,2026-05-01T04:17:37.629216,4.206
2026-05-01T04:16:38.606928,34.33,0,37.41,0.0,1000.0,0.0,4.199,96.9,99,0,60.0,2026-05-01T04:17:38.606803,4.206
2026-05-01T04:16:38.637725,34.33,0,37.41,0.0,1000.0,0.0,4.199,96.9,99,0,60.0,2026-05-01T04:17:38.637618,4.206
2026-05-01T04:16:39.647806,34.33,0,37.45,0.0,1000.0,0.0,4.199,96.9,99,0,60.0,2026-05-01T04:17:39.647628,4.206
2026-05-01T04:16:39.691890,34.37,0,37.45,0.0,1000.0,0.0,4.199,96.9,99,0,60.0,2026-05-01T04:17:39.691761,4.206
2026-05-01T04:16:39.729972,34.37,0,37.45,0.0,1000.0,0.0,4.199,96.9,99,0,60.0,2026-05-01T04:17:39.725415,4.206
2026-05-01T04:16:40.703269,34.42,0,37.49,0.0,1000.0,0.0,4.199,96.8,99,0,60.0,2026-05-01T04:17:40.703066,4.206
2026-05-01T04:16:40.744041,34.42,0,37.49,0.0,1000.0,0.0,4.199,96.8,99,0,60.0,2026-05-01T04:17:40.743891,4.206
2026-05-01T04:16:40.776903,34.42,0,37.49,0.0,1000.0,0.0,4.199,96.8,99,0,60.0,2026-05-01T04:17:40.776800,4.206
2026-05-01T04:16:41.761839,34.45,0,37.53,0.0,1000.0,0.0,4.199,96.8,99,0,60.0,2026-05-01T04:17:41.761673,4.206
2026-05-01T04:16:41.801837,34.45,0,37.53,0.0,1000.0,0.0,4.199,96.8,99,0,60.0,2026-05-01T04:17:41.801484,4.206
2026-05-01T04:16:41.834221,34.45,0,37.53,0.0,1000.0,0.0,4.199,96.8,99,0,60.0,2026-05-01T04:17:41.834102,4.206
2026-05-01T04:16:42.813167,34.51,0,37.57,0.0,1000.0,0.0,4.199,96.8,99,0,60.0,2026-05-01T04:17:42.812993,4.206
2026-05-01T04:16:42.850713,34.51,0,37.57,0.0,1000.0,0.0,4.199,96.8,99,0,60.0,2026-05-01T04:17:42.850575,4.206
2026-05-01T04:16:42.885464,34.51,0,37.58,0.0,1000.0,0.0,4.199,96.8,99,0,60.0,2026-05-01T04:17:42.885184,4.206
2026-05-01T04:16:43.870775,34.58,0,37.63,0.0,1000.0,0.0,4.199,96.8,99,0,60.0,2026-05-01T04:17:43.870630,4.206
2026-05-01T04:16:43.905823,34.58,0,37.64,0.0,1000.0,0.0,4.199,96.8,99,0,60.0,2026-05-01T04:17:43.905713,4.206
2026-05-01T04:16:44.892056,34.58,0,37.68,0.0,1000.0,0.0,4.199,96.8,99,0,60.0,2026-05-01T04:17:44.891870,4.206
2026-05-01T04:16:44.936700,34.62,0,37.69,0.0,1000.0,0.0,4.199,96.8,99,0,60.0,2026-05-01T04:17:44.936545,4.206
2026-05-01T04:16:44.969736,34.62,0,37.69,0.0,1000.0,0.0,4.199,96.8,99,0,60.0,2026-05-01T04:17:44.969606,4.206
2026-05-01T04:16:45.923847,34.66,0,37.73,0.0,1000.0,0.0,4.199,96.8,99,0,60.0,2026-05-01T04:17:45.923655,4.206
2026-05-01T04:16:45.966064,34.66,0,37.73,0.0,1000.0,0.0,4.199,96.8,99,0,60.0,2026-05-01T04:17:45.965904,4.206
2026-05-01T04:16:45.998658,34.66,0,37.73,0.0,1000.0,0.0,4.199,96.8,99,0,60.0,2026-05-01T04:17:45.998572,4.206
2026-05-01T04:16:46.982780,34.72,0,37.78,0.0,1000.0,0.0,4.199,96.7,99,0,60.0,2026-05-01T04:17:46.982645,4.206
2026-05-01T04:16:47.017129,34.72,0,37.78,0.0,1000.0,0.0,4.199,96.7,99,0,60.0,2026-05-01T04:17:47.017008,4.206
2026-05-01T04:16:47.048349,34.72,0,37.79,0.0,1000.0,0.0,4.199,96.7,99,0,60.0,2026-05-01T04:17:47.048262,4.206
2026-05-01T04:16:48.051071,34.79,0,37.84,0.0,1000.0,0.0,4.199,96.7,99,0,60.0,2026-05-01T04:17:48.050755,4.206
2026-05-01T04:16:48.087882,34.79,0,37.85,0.0,1000.0,0.0,4.199,96.7,99,0,60.0,2026-05-01T04:17:48.087763,4.206
2026-05-01T04:16:48.123322,34.79,0,37.86,0.0,1000.0,0.0,4.199,96.7,99,0,60.0,2026-05-01T04:17:48.123208,4.206
2026-05-01T04:16:49.107477,34.85,0,37.91,0.0,1000.0,0.0,4.199,96.7,99,0,60.0,2026-05-01T04:17:49.107320,4.206
2026-05-01T04:16:49.142512,34.85,0,37.92,0.0,1000.0,0.0,4.199,96.7,99,0,60.0,2026-05-01T04:17:49.142395,4.206
2026-05-01T04:16:50.126166,34.85,0,37.96,0.0,1000.0,0.0,4.199,96.7,99,0,60.0,2026-05-01T04:17:50.125996,4.206
2026-05-01T04:16:50.170183,34.92,0,37.98,0.0,1000.0,0.0,4.199,96.7,99,0,60.0,2026-05-01T04:17:50.170030,4.206
2026-05-01T04:16:50.203120,34.92,0,37.99,0.0,1000.0,0.0,4.199,96.7,99,0,60.0,2026-05-01T04:17:50.202995,4.206
2026-05-01T04:16:51.181320,34.99,0,38.03,0.0,1000.0,0.0,4.199,96.6,99,0,60.0,2026-05-01T04:17:51.181143,4.206
2026-05-01T04:16:51.222689,34.99,0,38.05,0.0,1000.0,0.0,4.199,96.6,99,0,60.0,2026-05-01T04:17:51.222555,4.206
2026-05-01T04:16:51.255220,34.99,0,38.05,0.0,1000.0,0.0,4.199,96.6,99,0,60.0,2026-05-01T04:17:51.255103,4.206
2026-05-01T04:16:52.234208,35.06,0,38.1,0.0,1000.0,0.0,4.199,96.6,99,0,60.0,2026-05-01T04:17:52.233994,4.206
2026-05-01T04:16:52.273458,35.06,0,38.11,0.0,1000.0,0.0,4.199,96.6,99,0,60.0,2026-05-01T04:17:52.273314,4.206
2026-05-01T04:16:52.305678,35.06,0,38.12,0.0,1000.0,0.0,4.199,96.6,99,0,60.0,2026-05-01T04:17:52.305557,4.206
2026-05-01T04:16:53.288004,35.11,0,38.17,0.0,1000.0,0.0,4.199,96.6,99,0,60.0,2026-05-01T04:17:53.287843,4.206
2026-05-01T04:16:53.324818,35.11,0,38.17,0.0,1000.0,0.0,4.199,96.6,99,0,60.0,2026-05-01T04:17:53.324682,4.206
2026-05-01T04:16:53.370819,35.11,0,38.17,0.0,1000.0,0.0,4.199,96.6,99,0,60.0,2026-05-01T04:17:53.370663,4.206
2026-05-01T04:16:54.318011,35.18,0,38.22,0.0,1000.0,0.0,4.199,96.6,99,0,60.0,2026-05-01T04:17:54.317801,4.206
2026-05-01T04:16:54.349281,35.18,0,38.23,0.0,1000.0,0.0,4.199,96.6,99,0,60.0,2026-05-01T04:17:54.349189,4.206
2026-05-01T04:16:55.358251,35.18,0,38.27,0.0,1000.0,0.0,4.199,96.6,99,0,60.0,2026-05-01T04:17:55.358093,4.206
2026-05-01T04:16:55.405188,35.24,0,38.29,0.0,1000.0,0.0,4.199,96.6,99,0,60.0,2026-05-01T04:17:55.405039,4.206
2026-05-01T04:16:55.440061,35.24,0,38.3,0.0,1000.0,0.0,4.199,96.6,99,0,60.0,2026-05-01T04:17:55.439942,4.206
2026-05-01T04:16:56.419493,35.31,0,38.34,0.0,1000.0,0.0,4.199,96.5,99,0,60.0,2026-05-01T04:17:56.419273,4.206
2026-05-01T04:16:56.513140,35.31,0,38.36,0.0,1000.0,0.0,4.199,96.5,99,0,60.0,2026-05-01T04:17:56.506418,4.206
2026-05-01T04:16:56.546628,35.31,0,38.37,0.0,1000.0,0.0,4.199,96.5,99,0,60.0,2026-05-01T04:17:56.546515,4.206
2026-05-01T04:16:57.459271,35.39,0,38.42,0.0,1000.0,0.0,4.199,96.5,99,0,60.0,2026-05-01T04:17:57.459100,4.206
2026-05-01T04:16:57.518918,35.39,0,38.44,0.0,1000.0,0.0,4.199,96.5,99,0,60.0,2026-05-01T04:17:57.518764,4.206
2026-05-01T04:16:57.586794,35.39,0,38.45,0.0,1000.0,0.0,4.199,96.5,99,0,60.0,2026-05-01T04:17:57.586657,4.206
2026-05-01T04:16:58.546368,35.44,0,38.49,0.0,1000.0,0.0,4.199,96.5,99,0,60.0,2026-05-01T04:17:58.546234,4.206
2026-05-01T04:16:58.613793,35.44,0,38.5,0.0,1000.0,0.0,4.199,96.5,99,0,60.0,2026-05-01T04:17:58.613698,4.206
2026-05-01T04:16:58.657161,35.44,0,38.5,0.0,1000.0,0.0,4.199,96.5,99,0,60.0,2026-05-01T04:17:58.657069,4.206
2026-05-01T04:16:59.574443,35.51,0,38.55,0.0,1000.0,0.0,4.199,96.5,99,0,60.0,2026-05-01T04:17:59.574287,4.206
2026-05-01T04:16:59.607885,35.51,0,38.56,0.0,1000.0,0.0,4.199,96.5,99,0,60.0,2026-05-01T04:17:59.607793,4.206
2026-05-01T04:17:00.594418,35.51,0,38.6,0.0,1000.0,0.0,4.199,96.5,99,0,60.0,2026-05-01T04:18:00.594176,4.206
2026-05-01T04:17:00.635287,35.57,0,38.62,0.0,1000.0,0.0,4.199,96.5,99,0,60.0,2026-05-01T04:18:00.635170,4.206
2026-05-01T04:17:00.666032,35.57,0,38.62,0.0,1000.0,0.0,4.199,96.5,99,0,60.0,2026-05-01T04:18:00.665950,4.206
2026-05-01T04:17:01.638636,35.63,0,38.67,0.0,1000.0,0.0,4.199,96.4,99,0,60.0,2026-05-01T04:18:01.638488,4.206
2026-05-01T04:17:01.674866,35.63,0,38.68,0.0,1000.0,0.0,4.199,96.4,99,0,60.0,2026-05-01T04:18:01.674766,4.206
2026-05-01T04:17:01.704731,35.63,0,38.68,0.0,1000.0,0.0,4.199,96.4,99,0,60.0,2026-05-01T04:18:01.704655,4.206
2026-05-01T04:17:02.707374,35.69,0,38.73,0.0,1000.0,0.0,4.199,96.4,99,0,60.0,2026-05-01T04:18:02.707202,4.206
2026-05-01T04:17:02.743800,35.69,0,38.74,0.0,1000.0,0.0,4.199,96.4,99,0,60.0,2026-05-01T04:18:02.743703,4.206
2026-05-01T04:17:02.773836,35.69,0,38.75,0.0,1000.0,0.0,4.199,96.4,99,0,60.0,2026-05-01T04:18:02.773757,4.206
2026-05-01T04:17:03.758711,35.77,0,38.81,0.0,1000.0,0.0,4.199,96.4,99,0,60.0,2026-05-01T04:18:03.758568,4.206
2026-05-01T04:17:03.793760,35.77,0,38.82,0.0,1000.0,0.0,4.199,96.4,99,0,60.0,2026-05-01T04:18:03.793672,4.206
2026-05-01T04:17:03.824827,35.77,0,38.82,0.0,1000.0,0.0,4.199,96.4,99,0,60.0,2026-05-01T04:18:03.824754,4.206
2026-05-01T04:17:04.813566,35.81,0,38.87,0.0,1000.0,0.0,4.199,96.4,99,0,60.0,2026-05-01T04:18:04.808121,4.206
2026-05-01T04:17:04.874572,35.81,0,38.87,0.0,1000.0,0.0,4.199,96.4,99,0,60.0,2026-05-01T04:18:04.874315,4.206
2026-05-01T04:17:05.812109,35.81,0,38.91,0.0,1000.0,0.0,4.199,96.4,99,0,60.0,2026-05-01T04:18:05.811968,4.206
2026-05-01T04:17:05.843875,35.88,0,38.92,0.0,1000.0,0.0,4.199,96.3,99,0,60.0,2026-05-01T04:18:05.843782,4.206
2026-05-01T04:17:05.875235,35.88,0,38.93,0.0,1000.0,0.0,4.199,96.3,99,0,60.0,2026-05-01T04:18:05.875137,4.206
2026-05-01T04:17:06.870637,35.96,0,38.98,0.0,1000.0,0.0,4.199,96.3,99,0,60.0,2026-05-01T04:18:06.870485,4.206
2026-05-01T04:17:06.904851,35.96,0,39.0,0.0,1000.0,0.0,4.199,96.3,99,0,60.0,2026-05-01T04:18:06.904733,4.206
2026-05-01T04:17:06.948794,35.96,0,39.01,0.0,1000.0,0.0,4.199,96.3,99,0,60.0,2026-05-01T04:18:06.936981,4.206
2026-05-01T04:17:07.940831,36.0,0,39.05,0.0,1000.0,0.0,4.199,96.3,99,0,60.0,2026-05-01T04:18:07.940681,4.206
2026-05-01T04:17:07.978880,36.0,0,39.06,0.0,1000.0,0.0,4.199,96.3,99,0,60.0,2026-05-01T04:18:07.978769,4.206
2026-05-01T04:17:08.009419,36.0,0,39.06,0.0,1000.0,0.0,4.199,96.3,99,0,60.0,2026-05-01T04:18:08.009336,4.206
2026-05-01T04:17:09.014202,36.05,0,39.1,0.0,1000.0,0.0,4.199,96.3,99,0,60.0,2026-05-01T04:18:08.989759,4.206
2026-05-01T04:17:09.061529,36.05,0,39.11,0.0,1000.0,0.0,4.199,96.3,99,0,60.0,2026-05-01T04:18:09.061408,4.206
2026-05-01T04:17:09.093784,36.05,0,39.11,0.0,1000.0,0.0,4.199,96.3,99,0,60.0,2026-05-01T04:18:09.093681,4.206
2026-05-01T04:17:10.038698,36.12,0,39.16,0.0,1000.0,0.0,4.199,96.3,99,0,60.0,2026-05-01T04:18:10.038596,4.206
2026-05-01T04:17:10.071525,36.12,0,39.17,0.0,1000.0,0.0,4.199,96.3,99,0,60.0,2026-05-01T04:18:10.071452,4.206
2026-05-01T04:17:11.061876,36.12,0,39.2,0.0,1000.0,0.0,4.199,96.3,99,0,60.0,2026-05-01T04:18:11.061603,4.206
2026-05-01T04:17:11.120602,36.17,0,39.21,0.0,1000.0,0.0,4.199,96.2,99,0,60.0,2026-05-01T04:18:11.120381,4.206
2026-05-01T04:17:11.186813,36.17,0,39.22,0.0,1000.0,0.0,4.199,96.2,99,0,60.0,2026-05-01T04:18:11.186494,4.206
2026-05-01T04:17:12.120316,36.21,0,39.26,0.0,1000.0,0.0,4.199,96.2,99,0,60.0,2026-05-01T04:18:12.120138,4.206
2026-05-01T04:17:12.161396,36.21,0,39.26,0.0,1000.0,0.0,4.199,96.2,99,0,60.0,2026-05-01T04:18:12.161271,4.206
2026-05-01T04:17:12.194854,36.21,0,39.26,0.0,1000.0,0.0,4.199,96.2,99,0,60.0,2026-05-01T04:18:12.194740,4.206
2026-05-01T04:17:13.178357,36.28,0,39.31,0.0,1000.0,0.0,4.199,96.2,99,0,60.0,2026-05-01T04:18:13.178168,4.206
2026-05-01T04:17:13.223960,36.28,0,39.32,0.0,1000.0,0.0,4.199,96.2,99,0,60.0,2026-05-01T04:18:13.223829,4.206
2026-05-01T04:17:13.260439,36.28,0,39.33,0.0,1000.0,0.0,4.199,96.2,99,0,60.0,2026-05-01T04:18:13.260324,4.206
2026-05-01T04:17:14.225103,36.34,0,39.37,0.0,1000.0,0.0,4.199,96.2,99,0,60.0,2026-05-01T04:18:14.224786,4.206
2026-05-01T04:17:14.265140,36.34,0,39.38,0.0,1000.0,0.0,4.199,96.2,99,0,60.0,2026-05-01T04:18:14.265032,4.206
2026-05-01T04:17:14.312527,36.34,0,39.38,0.0,1000.0,0.0,4.199,96.2,99,0,60.0,2026-05-01T04:18:14.312434,4.206
2026-05-01T04:17:15.281499,36.4,0,39.43,0.0,1000.0,0.0,4.199,96.2,99,0,60.0,2026-05-01T04:18:15.281360,4.206
2026-05-01T04:17:15.330695,36.4,0,39.44,0.0,1000.0,0.0,4.199,96.2,99,0,60.0,2026-05-01T04:18:15.330522,4.206
2026-05-01T04:17:16.302539,36.4,0,39.48,0.0,1000.0,0.0,4.199,96.2,99,0,60.0,2026-05-01T04:18:16.302331,4.206
2026-05-01T04:17:16.344065,36.47,0,39.5,0.0,1000.0,0.0,4.199,96.1,99,0,60.0,2026-05-01T04:18:16.343950,4.206
2026-05-01T04:17:16.375762,36.47,0,39.51,0.0,1000.0,0.0,4.199,96.1,99,0,60.0,2026-05-01T04:18:16.375662,4.206
2026-05-01T04:17:17.343910,36.52,0,39.55,0.0,1000.0,0.0,4.199,96.1,99,0,60.0,2026-05-01T04:18:17.343680,4.206
2026-05-01T04:17:17.393619,36.52,0,39.56,0.0,1000.0,0.0,4.199,96.1,99,0,60.0,2026-05-01T04:18:17.393480,4.206
2026-05-01T04:17:17.436583,36.52,0,39.57,0.0,1000.0,0.0,4.199,96.1,99,0,60.0,2026-05-01T04:18:17.436297,4.206
2026-05-01T04:17:18.396973,36.57,0,39.61,0.0,1000.0,0.0,4.199,96.1,99,0,60.0,2026-05-01T04:18:18.396868,4.206
2026-05-01T04:17:18.436801,36.57,0,39.62,0.0,1000.0,0.0,4.199,96.1,99,0,60.0,2026-05-01T04:18:18.436675,4.206
2026-05-01T04:17:18.508704,36.57,0,39.62,0.0,1000.0,0.0,4.199,96.1,99,0,60.0,2026-05-01T04:18:18.490038,4.206
2026-05-01T04:17:19.448600,36.63,0,39.67,0.0,1000.0,0.0,4.199,96.1,99,0,60.0,2026-05-01T04:18:19.448477,4.206
2026-05-01T04:17:19.481458,36.63,0,39.67,0.0,1000.0,0.0,4.199,96.1,99,0,60.0,2026-05-01T04:18:19.481363,4.206
2026-05-01T04:17:19.511753,36.63,0,39.68,0.0,1000.0,0.0,4.199,96.1,99,0,60.0,2026-05-01T04:18:19.511674,4.206
2026-05-01T04:17:20.528817,36.68,0,39.73,0.0,1000.0,0.0,4.199,96.1,99,0,60.0,2026-05-01T04:18:20.528673,4.206
2026-05-01T04:17:20.559462,36.68,0,39.73,0.0,1000.0,0.0,4.199,96.1,99,0,60.0,2026-05-01T04:18:20.559365,4.206
2026-05-01T04:17:21.541101,36.68,0,39.77,0.0,1000.0,0.0,4.199,96.1,99,0,60.0,2026-05-01T04:18:21.540792,4.206
2026-05-01T04:17:21.583008,36.76,0,39.79,0.0,1000.0,0.0,4.199,96.0,99,0,60.0,2026-05-01T04:18:21.582913,4.206
2026-05-01T04:17:21.613719,36.76,0,39.8,0.0,1000.0,0.0,4.199,96.0,99,0,60.0,2026-05-01T04:18:21.613650,4.206
2026-05-01T04:17:22.574452,36.82,0,39.85,0.0,1000.0,0.0,4.199,96.0,99,0,60.0,2026-05-01T04:18:22.574317,4.206
2026-05-01T04:17:22.607052,36.82,0,39.86,0.0,1000.0,0.0,4.199,96.0,99,0,60.0,2026-05-01T04:18:22.606957,4.206
2026-05-01T04:17:22.637486,36.82,0,39.86,0.0,1000.0,0.0,4.199,96.0,99,0,60.0,2026-05-01T04:18:22.637378,4.206
2026-05-01T04:17:23.627959,36.87,0,39.91,0.0,1000.0,0.0,4.199,96.0,99,0,60.0,2026-05-01T04:18:23.627789,4.206
2026-05-01T04:17:23.669878,36.87,0,39.91,0.0,1000.0,0.0,4.199,96.0,99,0,60.0,2026-05-01T04:18:23.669594,4.206
2026-05-01T04:17:23.722299,36.87,0,39.92,0.0,1000.0,0.0,4.199,96.0,99,0,60.0,2026-05-01T04:18:23.722078,4.206
2026-05-01T04:17:24.696985,36.9,0,39.95,0.0,1000.0,0.0,4.199,96.0,99,0,60.0,2026-05-01T04:18:24.696824,4.206
2026-05-01T04:17:24.736078,36.9,0,39.95,0.0,1000.0,0.0,4.199,96.0,99,0,60.0,2026-05-01T04:18:24.735933,4.206
2026-05-01T04:17:24.771556,36.9,0,39.95,0.0,1000.0,0.0,4.199,96.0,99,0,60.0,2026-05-01T04:18:24.771287,4.206
2026-05-01T04:17:25.753991,36.93,0,39.99,0.0,1000.0,0.0,4.199,96.0,99,0,60.0,2026-05-01T04:18:25.753793,4.206
2026-05-01T04:17:25.789434,36.93,0,39.98,0.0,1000.0,0.0,4.199,96.0,99,0,60.0,2026-05-01T04:18:25.789327,4.206
2026-05-01T04:17:26.785003,36.93,0,40.02,0.0,1000.0,0.0,4.199,96.0,99,0,60.0,2026-05-01T04:18:26.784683,4.206
2026-05-01T04:17:26.867359,36.99,0,40.03,0.0,1000.0,0.0,4.199,96.0,99,0,60.0,2026-05-01T04:18:26.867057,4.206
2026-05-01T04:17:26.901772,36.99,0,40.04,0.0,1000.0,0.0,4.199,96.0,99,0,60.0,2026-05-01T04:18:26.901601,4.206
2026-05-01T04:17:27.805091,37.01,0,40.07,0.0,1000.0,0.0,4.199,96.0,99,0,60.0,2026-05-01T04:18:27.804954,4.206
2026-05-01T04:17:27.838111,37.01,0,40.07,0.0,1000.0,0.0,4.199,96.0,99,0,60.0,2026-05-01T04:18:27.838008,4.206
2026-05-01T04:17:27.872053,37.01,0,40.07,0.0,1000.0,0.0,4.199,96.0,99,0,60.0,2026-05-01T04:18:27.871237,4.206
2026-05-01T04:17:28.856763,37.05,0,40.1,0.0,1000.0,0.0,4.199,96.0,99,0,60.0,2026-05-01T04:18:28.856639,4.206
2026-05-01T04:17:28.892107,37.05,0,40.1,0.0,1000.0,0.0,4.199,96.0,99,0,60.0,2026-05-01T04:18:28.892003,4.206
2026-05-01T04:17:28.923535,37.05,0,40.1,0.0,1000.0,0.0,4.199,96.0,99,0,60.0,2026-05-01T04:18:28.923444,4.206
2026-05-01T04:17:29.983185,37.08,0,40.14,0.0,1000.0,0.0,4.199,95.9,99,0,60.0,2026-05-01T04:18:29.982854,4.206
2026-05-01T04:17:30.041729,37.08,0,40.14,0.0,1000.0,0.0,4.199,95.9,99,0,60.0,2026-05-01T04:18:30.041618,4.206
2026-05-01T04:17:30.071733,37.08,0,40.14,0.0,1000.0,0.0,4.199,95.9,99,0,60.0,2026-05-01T04:18:30.071653,4.206
2026-05-01T04:17:31.047229,37.11,0,40.17,0.0,1000.0,0.0,4.199,95.9,99,0,60.0,2026-05-01T04:18:31.046862,4.206
2026-05-01T04:17:31.089650,37.11,0,40.17,0.0,1000.0,0.0,4.199,95.9,99,0,60.0,2026-05-01T04:18:31.089523,4.206
2026-05-01T04:17:31.998855,37.11,0,40.2,0.0,1000.0,0.0,4.199,95.9,99,0,60.0,2026-05-01T04:18:31.998708,4.206
2026-05-01T04:17:32.037137,37.13,0,40.19,0.0,1000.0,0.0,4.199,95.9,99,0,60.0,2026-05-01T04:18:32.037041,4.206
2026-05-01T04:17:32.067586,37.13,0,40.19,0.0,1000.0,0.0,4.199,95.9,99,0,60.0,2026-05-01T04:18:32.067511,4.206
2026-05-01T04:17:33.046624,37.15,0,40.22,0.0,1000.0,0.0,4.199,95.9,99,0,60.0,2026-05-01T04:18:33.046487,4.206
2026-05-01T04:17:33.080647,37.15,0,40.21,0.0,1000.0,0.0,4.199,95.9,99,0,60.0,2026-05-01T04:18:33.080534,4.206
2026-05-01T04:17:33.110797,37.15,0,40.21,0.0,1000.0,0.0,4.199,95.9,99,0,60.0,2026-05-01T04:18:33.110724,4.206
2026-05-01T04:17:34.112238,37.18,0,40.23,0.0,1000.0,0.0,4.199,95.9,99,0,60.0,2026-05-01T04:18:34.112113,4.206
2026-05-01T04:17:34.144836,37.18,0,40.23,0.0,1000.0,0.0,4.199,95.9,99,0,60.0,2026-05-01T04:18:34.144722,4.206
2026-05-01T04:17:34.175769,37.18,0,40.23,0.0,1000.0,0.0,4.199,95.9,99,0,60.0,2026-05-01T04:18:34.175676,4.206
2026-05-01T04:17:35.153728,37.22,0,40.27,0.0,1000.0,0.0,4.199,95.9,99,0,60.0,2026-05-01T04:18:35.153594,4.207
2026-05-01T04:17:35.186448,37.22,0,40.27,0.0,1000.0,0.0,4.199,95.9,99,0,60.0,2026-05-01T04:18:35.186318,4.207
2026-05-01T04:17:35.217930,37.22,0,40.27,0.0,1000.0,0.0,4.199,95.9,99,0,60.0,2026-05-01T04:18:35.217829,4.207
2026-05-01T04:17:36.205442,37.23,0,40.29,0.0,1000.0,0.0,4.199,95.9,99,0,60.0,2026-05-01T04:18:36.205344,4.207
2026-05-01T04:17:36.236973,37.23,0,40.29,0.0,1000.0,0.0,4.199,95.9,99,0,60.0,2026-05-01T04:18:36.236895,4.207
2026-05-01T04:17:37.245812,37.23,0,40.32,0.0,1000.0,0.0,4.199,95.9,99,0,60.0,2026-05-01T04:18:37.245629,4.207
2026-05-01T04:17:37.289292,37.23,0,40.3,0.0,1000.0,0.0,4.199,95.9,99,0,60.0,2026-05-01T04:18:37.289176,4.207
2026-05-01T04:17:37.320226,37.23,0,40.29,0.0,1000.0,0.0,4.199,95.9,99,0,60.0,2026-05-01T04:18:37.320108,4.207
2026-05-01T04:17:38.292120,37.27,0,40.32,0.0,1000.0,0.0,4.199,95.9,99,0,60.0,2026-05-01T04:18:38.291976,4.207
2026-05-01T04:17:38.326350,37.27,0,40.32,0.0,1000.0,0.0,4.199,95.9,99,0,60.0,2026-05-01T04:18:38.326240,4.207
2026-05-01T04:17:38.357289,37.27,0,40.31,0.0,1000.0,0.0,4.199,95.9,99,0,60.0,2026-05-01T04:18:38.357217,4.207
2026-05-01T04:17:39.339049,37.29,0,40.34,0.0,1000.0,0.0,4.199,95.9,99,0,60.0,2026-05-01T04:18:39.338946,4.207
2026-05-01T04:17:39.370617,37.29,0,40.34,0.0,1000.0,0.0,4.199,95.9,99,0,60.0,2026-05-01T04:18:39.370533,4.207
2026-05-01T04:17:39.402149,37.29,0,40.33,0.0,1000.0,0.0,4.199,95.9,99,0,60.0,2026-05-01T04:18:39.402046,4.207
2026-05-01T04:17:40.389586,37.33,0,40.37,0.0,1000.0,0.0,4.199,95.9,99,0,60.0,2026-05-01T04:18:40.389491,4.207
2026-05-01T04:17:40.429644,37.33,0,40.37,0.0,1000.0,0.0,4.199,95.9,99,0,60.0,2026-05-01T04:18:40.429522,4.207
2026-05-01T04:17:40.462396,37.33,0,40.37,0.0,1000.0,0.0,4.199,95.9,99,0,60.0,2026-05-01T04:18:40.462294,4.207
2026-05-01T04:17:41.438863,37.37,0,40.41,0.0,1000.0,0.0,4.199,95.8,99,0,60.0,2026-05-01T04:18:41.438607,4.207
2026-05-01T04:17:41.473617,37.37,0,40.41,0.0,1000.0,0.0,4.199,95.8,99,0,60.0,2026-05-01T04:18:41.473517,4.207
2026-05-01T04:17:42.462959,37.37,0,40.45,0.0,1000.0,0.0,4.199,95.8,99,0,60.0,2026-05-01T04:18:42.462834,4.207
2026-05-01T04:17:42.497698,37.4,0,40.44,0.0,1000.0,0.0,4.199,95.8,99,0,60.0,2026-05-01T04:18:42.497579,4.207
2026-05-01T04:17:42.528326,37.4,0,40.44,0.0,1000.0,0.0,4.199,95.8,99,0,60.0,2026-05-01T04:18:42.528243,4.207
2026-05-01T04:17:43.534166,37.45,0,40.48,0.0,1000.0,0.0,4.199,95.8,99,0,60.0,2026-05-01T04:18:43.534020,4.207
2026-05-01T04:17:43.572756,37.45,0,40.49,0.0,1000.0,0.0,4.199,95.8,99,0,60.0,2026-05-01T04:18:43.572648,4.207
2026-05-01T04:17:43.603587,37.45,0,40.49,0.0,1000.0,0.0,4.199,95.8,99,0,60.0,2026-05-01T04:18:43.603480,4.207
2026-05-01T04:17:44.589868,37.48,0,40.53,0.0,1000.0,0.0,4.199,95.8,99,0,60.0,2026-05-01T04:18:44.589749,4.207
2026-05-01T04:17:44.627349,37.48,0,40.52,0.0,1000.0,0.0,4.199,95.8,99,0,60.0,2026-05-01T04:18:44.627260,4.207
2026-05-01T04:17:44.658756,37.48,0,40.52,0.0,1000.0,0.0,4.199,95.8,99,0,60.0,2026-05-01T04:18:44.658681,4.207
2026-05-01T04:17:45.652204,37.53,0,40.57,0.0,1000.0,0.0,4.199,95.8,99,0,60.0,2026-05-01T04:18:45.652100,4.207
2026-05-01T04:17:45.694161,37.53,0,40.57,0.0,1000.0,0.0,4.199,95.8,99,0,60.0,2026-05-01T04:18:45.694042,4.207
2026-05-01T04:17:45.727802,37.53,0,40.57,0.0,1000.0,0.0,4.199,95.8,99,0,60.0,2026-05-01T04:18:45.727677,4.207
2026-05-01T04:17:46.694859,37.56,0,40.61,0.0,1000.0,0.0,4.199,95.8,99,0,60.0,2026-05-01T04:18:46.694743,4.207
2026-05-01T04:17:46.728997,37.56,0,40.61,0.0,1000.0,0.0,4.199,95.8,99,0,60.0,2026-05-01T04:18:46.728917,4.207
2026-05-01T04:17:47.697286,37.56,0,40.64,0.0,1000.0,0.0,4.199,95.8,99,0,60.0,2026-05-01T04:18:47.697143,4.207
2026-05-01T04:17:47.740696,37.61,0,40.65,0.0,1000.0,0.0,4.199,95.8,99,0,60.0,2026-05-01T04:18:47.740583,4.207
2026-05-01T04:17:47.773850,37.61,0,40.65,0.0,1000.0,0.0,4.199,95.8,99,0,60.0,2026-05-01T04:18:47.773745,4.207
2026-05-01T04:17:48.774873,37.66,0,40.69,0.0,1000.0,0.0,4.199,95.7,99,0,60.0,2026-05-01T04:18:48.774544,4.207
2026-05-01T04:17:48.810232,37.66,0,40.7,0.0,1000.0,0.0,4.199,95.7,99,0,60.0,2026-05-01T04:18:48.810136,4.207
2026-05-01T04:17:48.841365,37.66,0,40.7,0.0,1000.0,0.0,4.199,95.7,99,0,60.0,2026-05-01T04:18:48.841283,4.207
2026-05-01T04:17:49.800626,37.71,0,40.75,0.0,1000.0,0.0,4.199,95.7,99,0,60.0,2026-05-01T04:18:49.800510,4.207
2026-05-01T04:17:49.836023,37.71,0,40.75,0.0,1000.0,0.0,4.199,95.7,99,0,60.0,2026-05-01T04:18:49.835931,4.207
2026-05-01T04:17:49.868063,37.71,0,40.75,0.0,1000.0,0.0,4.199,95.7,99,0,60.0,2026-05-01T04:18:49.867955,4.207
2026-05-01T04:17:50.875259,37.78,0,40.8,0.0,1000.0,0.0,4.199,95.7,99,0,60.0,2026-05-01T04:18:50.875153,4.207
2026-05-01T04:17:50.910374,37.78,0,40.81,0.0,1000.0,0.0,4.199,95.7,99,0,60.0,2026-05-01T04:18:50.910261,4.207
2026-05-01T04:17:50.942083,37.78,0,40.81,0.0,1000.0,0.0,4.199,95.7,99,0,60.0,2026-05-01T04:18:50.941993,4.207
2026-05-01T04:17:52.042041,37.83,0,40.86,0.0,1000.0,0.0,4.199,95.7,99,0,60.0,2026-05-01T04:18:52.041722,4.207
2026-05-01T04:17:52.078760,37.83,0,40.87,0.0,1000.0,0.0,4.199,95.7,99,0,60.0,2026-05-01T04:18:52.078645,4.207
2026-05-01T04:17:52.934876,37.83,0,40.9,0.0,1000.0,0.0,4.199,95.7,99,0,60.0,2026-05-01T04:18:52.934709,4.207
2026-05-01T04:17:52.972197,37.9,0,40.92,0.0,1000.0,0.0,4.199,95.7,99,0,60.0,2026-05-01T04:18:52.972109,4.207
2026-05-01T04:17:53.003665,37.9,0,40.93,0.0,1000.0,0.0,4.199,95.7,99,0,60.0,2026-05-01T04:18:53.003586,4.207
2026-05-01T04:17:53.981551,37.98,0,40.98,0.0,1000.0,0.0,4.199,95.6,99,0,60.0,2026-05-01T04:18:53.981335,4.207
2026-05-01T04:17:54.016103,37.98,0,41.0,0.0,1000.0,0.0,4.199,95.6,99,0,60.0,2026-05-01T04:18:54.016017,4.207
2026-05-01T04:17:54.049333,37.98,0,41.01,0.0,1000.0,0.0,4.199,95.6,99,0,60.0,2026-05-01T04:18:54.049250,4.207
2026-05-01T04:17:55.037935,38.01,0,41.05,0.0,1000.0,0.0,4.199,95.6,99,0,60.0,2026-05-01T04:18:55.037818,4.207
2026-05-01T04:17:55.070887,38.01,0,41.05,0.0,1000.0,0.0,4.199,95.6,99,0,60.0,2026-05-01T04:18:55.070791,4.207
2026-05-01T04:17:55.101501,38.01,0,41.05,0.0,1000.0,0.0,4.199,95.6,99,0,60.0,2026-05-01T04:18:55.101415,4.207
2026-05-01T04:17:56.118103,38.08,0,41.1,0.0,1000.0,0.0,4.199,95.6,99,0,60.0,2026-05-01T04:18:56.117950,4.207
2026-05-01T04:17:56.152995,38.08,0,41.11,0.0,1000.0,0.0,4.199,95.6,99,0,60.0,2026-05-01T04:18:56.152904,4.207
2026-05-01T04:17:56.183320,38.08,0,41.12,0.0,1000.0,0.0,4.199,95.6,99,0,60.0,2026-05-01T04:18:56.183193,4.207
2026-05-01T04:17:57.158191,38.14,0,41.17,0.0,1000.0,0.0,4.199,95.6,99,0,60.0,2026-05-01T04:18:57.158051,4.207
2026-05-01T04:17:57.191153,38.14,0,41.18,0.0,1000.0,0.0,4.199,95.6,99,0,60.0,2026-05-01T04:18:57.191069,4.207
2026-05-01T04:17:58.185035,38.14,0,41.22,0.0,1000.0,0.0,4.199,95.6,99,0,60.0,2026-05-01T04:18:58.184826,4.207
2026-05-01T04:17:58.226764,38.22,0,41.24,0.0,1000.0,0.0,4.199,95.6,99,0,60.0,2026-05-01T04:18:58.226670,4.207
2026-05-01T04:17:58.257776,38.22,0,41.25,0.0,1000.0,0.0,4.199,95.6,99,0,60.0,2026-05-01T04:18:58.257698,4.207
2026-05-01T04:17:59.231510,38.3,0,41.29,0.0,1000.0,0.0,4.199,95.5,99,0,60.0,2026-05-01T04:18:59.231372,4.207
2026-05-01T04:17:59.268639,38.3,0,41.31,0.0,1000.0,0.0,4.199,95.5,99,0,60.0,2026-05-01T04:18:59.268539,4.207
2026-05-01T04:17:59.298844,38.3,0,41.32,0.0,1000.0,0.0,4.199,95.5,99,0,60.0,2026-05-01T04:18:59.298767,4.207
2026-05-01T04:18:00.289404,38.36,0,41.37,0.0,1000.0,0.0,4.199,95.5,99,0,60.0,2026-05-01T04:19:00.289257,4.207
2026-05-01T04:18:00.324733,38.36,0,41.38,0.0,1000.0,0.0,4.199,95.5,99,0,60.0,2026-05-01T04:19:00.324648,4.207
2026-05-01T04:18:00.354747,38.36,0,41.38,0.0,1000.0,0.0,4.199,95.5,99,0,60.0,2026-05-01T04:19:00.354678,4.207
2026-05-01T04:18:01.342327,38.43,0,41.44,0.0,1000.0,0.0,4.199,95.5,99,0,60.0,2026-05-01T04:19:01.342205,4.207
2026-05-01T04:18:01.376579,38.43,0,41.45,0.0,1000.0,0.0,4.199,95.5,99,0,60.0,2026-05-01T04:19:01.376490,4.207
2026-05-01T04:18:01.406570,38.43,0,41.45,0.0,1000.0,0.0,4.199,95.5,99,0,60.0,2026-05-01T04:19:01.406487,4.207
2026-05-01T04:18:02.384132,38.5,0,41.51,0.0,1000.0,0.0,4.199,95.5,99,0,60.0,2026-05-01T04:19:02.384031,4.207
2026-05-01T04:18:02.418616,38.5,0,41.52,0.0,1000.0,0.0,4.199,95.5,99,0,60.0,2026-05-01T04:19:02.418536,4.207
2026-05-01T04:18:03.415852,38.5,0,41.56,0.0,1000.0,0.0,4.199,95.5,99,0,60.0,2026-05-01T04:19:03.415663,4.207
2026-05-01T04:18:03.455948,38.56,0,41.58,0.0,1000.0,0.0,4.199,95.4,99,0,60.0,2026-05-01T04:19:03.455852,4.207
2026-05-01T04:18:03.486626,38.56,0,41.59,0.0,1000.0,0.0,4.199,95.4,99,0,60.0,2026-05-01T04:19:03.486554,4.207
2026-05-01T04:18:04.451269,38.63,0,41.63,0.0,1000.0,0.0,4.199,95.4,99,0,60.0,2026-05-01T04:19:04.451119,4.207
2026-05-01T04:18:04.483493,38.63,0,41.65,0.0,1000.0,0.0,4.199,95.4,99,0,60.0,2026-05-01T04:19:04.483397,4.207
2026-05-01T04:18:04.514583,38.63,0,41.66,0.0,1000.0,0.0,4.199,95.4,99,0,60.0,2026-05-01T04:19:04.514500,4.207
2026-05-01T04:18:05.530939,38.73,0,41.72,0.0,1000.0,0.0,4.199,95.4,99,0,60.0,2026-05-01T04:19:05.530814,4.207
2026-05-01T04:18:05.567966,38.73,0,41.74,0.0,1000.0,0.0,4.199,95.4,99,0,60.0,2026-05-01T04:19:05.567878,4.207
2026-05-01T04:18:05.598114,38.73,0,41.74,0.0,1000.0,0.0,4.199,95.4,99,0,60.0,2026-05-01T04:19:05.598049,4.207
2026-05-01T04:18:06.577075,38.8,0,41.8,0.0,1000.0,0.0,4.199,95.4,99,0,60.0,2026-05-01T04:19:06.576935,4.207
2026-05-01T04:18:06.611137,38.8,0,41.81,0.0,1000.0,0.0,4.199,95.4,99,0,60.0,2026-05-01T04:19:06.611052,4.207
2026-05-01T04:18:06.641631,38.8,0,41.82,0.0,1000.0,0.0,4.199,95.4,99,0,60.0,2026-05-01T04:19:06.641540,4.207
2026-05-01T04:18:07.633843,38.85,0,41.87,0.0,1000.0,0.0,4.199,95.3,99,0,60.0,2026-05-01T04:19:07.633721,4.207
2026-05-01T04:18:07.667185,38.85,0,41.87,0.0,1000.0,0.0,4.199,95.3,99,0,60.0,2026-05-01T04:19:07.667112,4.207
2026-05-01T04:18:08.655737,38.85,0,41.92,0.0,1000.0,0.0,4.199,95.3,99,0,60.0,2026-05-01T04:19:08.655491,4.207
2026-05-01T04:18:08.696444,38.92,0,41.94,0.0,1000.0,0.0,4.199,95.3,99,0,60.0,2026-05-01T04:19:08.696344,4.207
2026-05-01T04:18:08.727189,38.92,0,41.94,0.0,1000.0,0.0,4.199,95.3,99,0,60.0,2026-05-01T04:19:08.727115,4.207
2026-05-01T04:18:09.711261,38.98,0,41.99,0.0,1000.0,0.0,4.199,95.3,99,0,60.0,2026-05-01T04:19:09.711109,4.207
2026-05-01T04:18:09.750005,38.98,0,42.0,0.0,1000.0,0.0,4.199,95.3,99,0,60.0,2026-05-01T04:19:09.749913,4.207
2026-05-01T04:18:09.780359,38.98,0,42.01,0.0,1000.0,0.0,4.199,95.3,99,0,60.0,2026-05-01T04:19:09.780295,4.207
2026-05-01T04:18:10.760491,39.04,0,42.05,0.0,1000.0,0.0,4.199,95.3,99,0,60.0,2026-05-01T04:19:10.760367,4.207
2026-05-01T04:18:10.796202,39.04,0,42.06,0.0,1000.0,0.0,4.199,95.3,99,0,60.0,2026-05-01T04:19:10.796109,4.207
2026-05-01T04:18:10.826455,39.04,0,42.07,0.0,1000.0,0.0,4.199,95.3,99,0,60.0,2026-05-01T04:19:10.826381,4.207
2026-05-01T04:18:11.813143,39.09,0,42.12,0.0,1000.0,0.0,4.199,95.3,99,0,60.0,2026-05-01T04:19:11.813018,4.207
2026-05-01T04:18:11.847797,39.09,0,42.12,0.0,1000.0,0.0,4.199,95.3,99,0,60.0,2026-05-01T04:19:11.847702,4.207
2026-05-01T04:18:11.879485,39.09,0,42.12,0.0,1000.0,0.0,4.199,95.3,99,0,60.0,2026-05-01T04:19:11.879392,4.207
2026-05-01T04:18:12.889240,39.18,0,42.18,0.0,1000.0,0.0,4.199,95.2,99,0,60.0,2026-05-01T04:19:12.869856,4.207
2026-05-01T04:18:12.951700,39.18,0,42.2,0.0,1000.0,0.0,4.199,95.2,99,0,60.0,2026-05-01T04:19:12.951598,4.207
2026-05-01T04:18:13.892405,39.18,0,42.24,0.0,1000.0,0.0,4.199,95.2,99,0,60.0,2026-05-01T04:19:13.892202,4.207
2026-05-01T04:18:13.933951,39.24,0,42.25,0.0,1000.0,0.0,4.199,95.2,99,0,60.0,2026-05-01T04:19:13.933834,4.207
2026-05-01T04:18:13.965929,39.24,0,42.26,0.0,1000.0,0.0,4.199,95.2,99,0,60.0,2026-05-01T04:19:13.965832,4.207
2026-05-01T04:18:14.932955,39.3,0,42.3,0.0,1000.0,0.0,4.199,95.2,99,0,60.0,2026-05-01T04:19:14.932822,4.207
2026-05-01T04:18:14.964286,39.3,0,42.31,0.0,1000.0,0.0,4.199,95.2,99,0,60.0,2026-05-01T04:19:14.964184,4.207
2026-05-01T04:18:14.994283,39.3,0,42.31,0.0,1000.0,0.0,4.199,95.2,99,0,60.0,2026-05-01T04:19:14.994213,4.207
2026-05-01T04:18:15.992346,39.37,0,42.36,0.0,1000.0,0.0,4.199,95.2,99,0,60.0,2026-05-01T04:19:15.992220,4.207
2026-05-01T04:18:16.027494,39.37,0,42.38,0.0,1000.0,0.0,4.199,95.2,99,0,60.0,2026-05-01T04:19:16.027402,4.207
2026-05-01T04:18:16.057423,39.37,0,42.38,0.0,1000.0,0.0,4.199,95.2,99,0,60.0,2026-05-01T04:19:16.057352,4.207
2026-05-01T04:18:17.035139,39.45,0,42.44,0.0,1000.0,0.0,4.199,95.2,99,0,60.0,2026-05-01T04:19:17.035016,4.207
2026-05-01T04:18:17.067193,39.45,0,42.46,0.0,1000.0,0.0,4.199,95.1,99,0,60.0,2026-05-01T04:19:17.067109,4.207
2026-05-01T04:18:17.097958,39.45,0,42.46,0.0,1000.0,0.0,4.199,95.1,99,0,60.0,2026-05-01T04:19:17.097869,4.207
2026-05-01T04:18:18.106387,39.5,0,42.51,0.0,1000.0,0.0,4.199,95.1,99,0,60.0,2026-05-01T04:19:18.106191,4.207
2026-05-01T04:18:18.140171,39.5,0,42.52,0.0,1000.0,0.0,4.199,95.1,99,0,60.0,2026-05-01T04:19:18.140095,4.207
2026-05-01T04:18:19.118846,39.5,0,42.56,0.0,1000.0,0.0,4.199,95.1,99,0,60.0,2026-05-01T04:19:19.118696,4.207
2026-05-01T04:18:19.157269,39.57,0,42.58,0.0,1000.0,0.0,4.199,95.1,99,0,60.0,2026-05-01T04:19:19.157173,4.207
2026-05-01T04:18:19.187591,39.57,0,42.59,0.0,1000.0,0.0,4.199,95.1,99,0,60.0,2026-05-01T04:19:19.187519,4.207
2026-05-01T04:18:20.183488,39.65,0,42.63,0.0,1000.0,0.0,4.199,95.1,99,0,60.0,2026-05-01T04:19:20.183333,4.207
2026-05-01T04:18:20.222227,39.65,0,42.65,0.0,1000.0,0.0,4.199,95.1,99,0,60.0,2026-05-01T04:19:20.222141,4.207
2026-05-01T04:18:20.252616,39.65,0,42.66,0.0,1000.0,0.0,4.199,95.1,99,0,60.0,2026-05-01T04:19:20.252551,4.207
2026-05-01T04:18:21.238212,39.7,0,42.7,0.0,1000.0,0.0,4.199,95.1,99,0,60.0,2026-05-01T04:19:21.238073,4.207
2026-05-01T04:18:21.274746,39.7,0,42.71,0.0,1000.0,0.0,4.199,95.1,99,0,60.0,2026-05-01T04:19:21.274656,4.207
2026-05-01T04:18:21.304905,39.7,0,42.71,0.0,1000.0,0.0,4.199,95.1,99,0,60.0,2026-05-01T04:19:21.304838,4.207
2026-05-01T04:18:22.274528,39.76,0,42.76,0.0,1000.0,0.0,4.199,95.0,99,0,60.0,2026-05-01T04:19:22.274403,4.207
2026-05-01T04:18:22.308010,39.76,0,42.77,0.0,1000.0,0.0,4.199,95.0,99,0,60.0,2026-05-01T04:19:22.307915,4.207
2026-05-01T04:18:22.338594,39.76,0,42.77,0.0,1000.0,0.0,4.199,95.0,99,0,60.0,2026-05-01T04:19:22.338479,4.207
2026-05-01T04:18:23.341186,39.8,0,42.82,0.0,1000.0,0.0,4.199,95.0,99,0,60.0,2026-05-01T04:19:23.341063,4.207
2026-05-01T04:18:23.374555,39.8,0,42.82,0.0,1000.0,0.0,4.199,95.0,99,0,60.0,2026-05-01T04:19:23.374481,4.207
2026-05-01T04:18:24.358040,39.8,0,42.86,0.0,1000.0,0.0,4.199,95.0,99,0,60.0,2026-05-01T04:19:24.357915,4.207
2026-05-01T04:18:24.398144,39.85,0,42.87,0.0,1000.0,0.0,4.199,95.0,99,0,60.0,2026-05-01T04:19:24.398051,4.207
2026-05-01T04:18:24.428959,39.85,0,42.87,0.0,1000.0,0.0,4.199,95.0,99,0,60.0,2026-05-01T04:19:24.428885,4.207
2026-05-01T04:18:25.418665,39.89,0,42.91,0.0,1000.0,0.0,4.199,95.0,99,0,60.0,2026-05-01T04:19:25.418517,4.207
2026-05-01T04:18:25.457389,39.89,0,42.91,0.0,1000.0,0.0,4.199,95.0,99,0,60.0,2026-05-01T04:19:25.457295,4.207
2026-05-01T04:18:25.487980,39.89,0,42.91,0.0,1000.0,0.0,4.199,95.0,99,0,60.0,2026-05-01T04:19:25.487910,4.207
2026-05-01T04:18:26.469065,39.93,0,42.95,0.0,1000.0,0.0,4.199,95.0,99,0,60.0,2026-05-01T04:19:26.468942,4.207
2026-05-01T04:18:26.505047,39.93,0,42.95,0.0,1000.0,0.0,4.199,95.0,99,0,60.0,2026-05-01T04:19:26.504961,4.207
2026-05-01T04:18:26.535317,39.93,0,42.95,0.0,1000.0,0.0,4.199,95.0,99,0,60.0,2026-05-01T04:19:26.535255,4.207
2026-05-01T04:18:27.510695,39.97,0,42.99,0.0,1000.0,0.0,4.199,95.0,99,0,60.0,2026-05-01T04:19:27.510013,4.207
2026-05-01T04:18:27.543760,39.97,0,42.99,0.0,1000.0,0.0,4.199,95.0,99,0,60.0,2026-05-01T04:19:27.543646,4.207
2026-05-01T04:18:27.574894,39.97,0,43.0,0.0,1000.0,0.0,4.199,95.0,99,0,60.0,2026-05-01T04:19:27.574818,4.207
2026-05-01T04:18:28.580302,40.0,0,43.03,0.0,1000.0,0.0,4.199,95.0,99,0,60.0,2026-05-01T04:19:28.580192,4.207
2026-05-01T04:18:28.613732,40.0,0,43.03,0.0,1000.0,0.0,4.199,95.0,99,0,60.0,2026-05-01T04:19:28.613644,4.207
2026-05-01T04:18:29.600299,40.0,0,43.07,0.0,1000.0,0.0,4.199,95.0,99,0,60.0,2026-05-01T04:19:29.600085,4.207
2026-05-01T04:18:29.642253,40.06,0,43.07,0.0,1000.0,0.0,4.199,94.9,99,0,60.0,2026-05-01T04:19:29.642136,4.207
2026-05-01T04:18:29.683346,40.06,0,43.08,0.0,1000.0,0.0,4.199,94.9,99,0,60.0,2026-05-01T04:19:29.683212,4.207
2026-05-01T04:18:30.654993,40.1,0,43.11,0.0,1000.0,0.0,4.199,94.9,99,0,60.0,2026-05-01T04:19:30.654789,4.207
2026-05-01T04:18:30.693968,40.1,0,43.12,0.0,1000.0,0.0,4.199,94.9,99,0,60.0,2026-05-01T04:19:30.693874,4.207
2026-05-01T04:18:30.725872,40.1,0,43.12,0.0,1000.0,0.0,4.199,94.9,99,0,60.0,2026-05-01T04:19:30.725731,4.207
2026-05-01T04:18:31.693576,40.13,0,43.15,0.0,1000.0,0.0,4.199,94.9,99,0,60.0,2026-05-01T04:19:31.693331,4.207
2026-05-01T04:18:31.726235,40.13,0,43.15,0.0,1000.0,0.0,4.199,94.9,99,0,60.0,2026-05-01T04:19:31.726120,4.207
2026-05-01T04:18:31.758370,40.13,0,43.15,0.0,1000.0,0.0,4.199,94.9,99,0,60.0,2026-05-01T04:19:31.758268,4.207
2026-05-01T04:18:32.763721,40.18,0,43.19,0.0,1000.0,0.0,4.199,94.9,99,0,60.0,2026-05-01T04:19:32.763576,4.207
2026-05-01T04:18:32.798708,40.18,0,43.2,0.0,1000.0,0.0,4.199,94.9,99,0,60.0,2026-05-01T04:19:32.798622,4.207
2026-05-01T04:18:32.828879,40.18,0,43.2,0.0,1000.0,0.0,4.199,94.9,99,0,60.0,2026-05-01T04:19:32.828794,4.207
2026-05-01T04:18:33.810126,40.25,0,43.25,0.0,1000.0,0.0,4.199,94.9,99,0,60.0,2026-05-01T04:19:33.809801,4.207
2026-05-01T04:18:33.872389,40.25,0,43.26,0.0,1000.0,0.0,4.199,94.9,99,0,60.0,2026-05-01T04:19:33.871175,4.207
2026-05-01T04:18:34.834751,40.25,0,43.3,0.0,1000.0,0.0,4.199,94.9,99,0,60.0,2026-05-01T04:19:34.834493,4.207
2026-05-01T04:18:34.876159,40.29,0,43.31,0.0,1000.0,0.0,4.199,94.9,99,0,60.0,2026-05-01T04:19:34.876067,4.207
2026-05-01T04:18:34.907014,40.29,0,43.31,0.0,1000.0,0.0,4.199,94.9,99,0,60.0,2026-05-01T04:19:34.906945,4.207
2026-05-01T04:18:35.884591,40.35,0,43.34,0.0,1000.0,0.0,4.199,94.8,99,0,60.0,2026-05-01T04:19:35.883696,4.207
2026-05-01T04:18:35.970544,40.35,0,43.35,0.0,1000.0,0.0,4.199,94.8,99,0,60.0,2026-05-01T04:19:35.970418,4.207
2026-05-01T04:18:36.001037,40.35,0,43.36,0.0,1000.0,0.0,4.199,94.8,99,0,60.0,2026-05-01T04:19:36.000956,4.207
2026-05-01T04:18:36.943535,40.42,0,43.41,0.0,1000.0,0.0,4.199,94.8,99,0,60.0,2026-05-01T04:19:36.943382,4.207
2026-05-01T04:18:36.981241,40.42,0,43.42,0.0,1000.0,0.0,4.199,94.8,99,0,60.0,2026-05-01T04:19:36.981147,4.207
2026-05-01T04:18:37.012586,40.42,0,43.43,0.0,1000.0,0.0,4.199,94.8,99,0,60.0,2026-05-01T04:19:37.012500,4.207
2026-05-01T04:18:38.019811,40.49,0,43.48,0.0,1000.0,0.0,4.199,94.8,99,0,60.0,2026-05-01T04:19:38.019482,4.207
2026-05-01T04:18:38.056283,40.49,0,43.49,0.0,1000.0,0.0,4.199,94.8,99,0,60.0,2026-05-01T04:19:38.056157,4.207
2026-05-01T04:18:38.094940,40.49,0,43.5,0.0,1000.0,0.0,4.199,94.8,99,0,60.0,2026-05-01T04:19:38.094812,4.207
2026-05-01T04:18:39.044215,40.56,0,43.55,0.0,1000.0,0.0,4.199,94.8,99,0,60.0,2026-05-01T04:19:39.044058,4.207
2026-05-01T04:18:39.081056,40.56,0,43.56,0.0,1000.0,0.0,4.199,94.8,99,0,60.0,2026-05-01T04:19:39.080953,4.207
2026-05-01T04:18:40.048426,40.56,0,43.6,0.0,1000.0,0.0,4.199,94.8,99,0,60.0,2026-05-01T04:19:40.048282,4.207
2026-05-01T04:18:40.089919,40.63,0,43.62,0.0,1000.0,0.0,4.199,94.8,99,0,60.0,2026-05-01T04:19:40.089814,4.207
2026-05-01T04:18:40.121904,40.63,0,43.63,0.0,1000.0,0.0,4.199,94.8,99,0,60.0,2026-05-01T04:19:40.121789,4.207
2026-05-01T04:18:41.123125,40.69,0,43.68,0.0,1000.0,0.0,4.199,94.7,99,0,60.0,2026-05-01T04:19:41.122952,4.207
2026-05-01T04:18:41.165401,40.69,0,43.69,0.0,1000.0,0.0,4.199,94.7,99,0,60.0,2026-05-01T04:19:41.165277,4.207
2026-05-01T04:18:41.199568,40.69,0,43.69,0.0,1000.0,0.0,4.199,94.7,99,0,60.0,2026-05-01T04:19:41.199474,4.207
2026-05-01T04:18:42.173180,40.77,0,43.75,0.0,1000.0,0.0,4.199,94.7,99,0,60.0,2026-05-01T04:19:42.173015,4.207
2026-05-01T04:18:42.211827,40.77,0,43.76,0.0,1000.0,0.0,4.199,94.7,99,0,60.0,2026-05-01T04:19:42.211708,4.207
2026-05-01T04:18:42.244771,40.77,0,43.77,0.0,1000.0,0.0,4.199,94.7,99,0,60.0,2026-05-01T04:19:42.244664,4.207
2026-05-01T04:18:43.232216,40.84,0,43.83,0.0,1000.0,0.0,4.199,94.7,99,0,60.0,2026-05-01T04:19:43.232080,4.207
2026-05-01T04:18:43.270801,40.84,0,43.84,0.0,1000.0,0.0,4.199,94.7,99,0,60.0,2026-05-01T04:19:43.270671,4.207
2026-05-01T04:18:43.304715,40.84,0,43.84,0.0,1000.0,0.0,4.199,94.7,99,0,60.0,2026-05-01T04:19:43.304604,4.207
2026-05-01T04:18:44.280877,40.92,0,43.91,0.0,1000.0,0.0,4.199,94.7,99,0,60.0,2026-05-01T04:19:44.280734,4.207
2026-05-01T04:18:44.315826,40.92,0,43.92,0.0,1000.0,0.0,4.199,94.7,99,0,60.0,2026-05-01T04:19:44.315727,4.207
2026-05-01T04:18:45.308921,40.92,0,43.96,0.0,1000.0,0.0,4.199,94.7,99,0,60.0,2026-05-01T04:19:45.308670,4.207
2026-05-01T04:18:45.354173,41.0,0,43.99,0.0,1000.0,0.0,4.199,94.6,99,0,60.0,2026-05-01T04:19:45.354046,4.207
2026-05-01T04:18:45.388409,41.0,0,43.99,0.0,1000.0,0.0,4.199,94.6,99,0,60.0,2026-05-01T04:19:45.388309,4.207
2026-05-01T04:18:46.357055,41.07,0,44.04,0.0,1000.0,0.0,4.199,94.6,99,0,60.0,2026-05-01T04:19:46.356861,4.207
2026-05-01T04:18:46.400286,41.07,0,44.06,0.0,1000.0,0.0,4.199,94.6,99,0,60.0,2026-05-01T04:19:46.400133,4.207
2026-05-01T04:18:46.434597,41.07,0,44.07,0.0,1000.0,0.0,4.199,94.6,99,0,60.0,2026-05-01T04:19:46.434426,4.207
2026-05-01T04:18:47.413717,41.15,0,44.12,0.0,1000.0,0.0,4.199,94.6,99,0,60.0,2026-05-01T04:19:47.413565,4.207
2026-05-01T04:18:47.454173,41.15,0,44.14,0.0,1000.0,0.0,4.199,94.6,99,0,60.0,2026-05-01T04:19:47.454019,4.207
2026-05-01T04:18:47.487693,41.15,0,44.15,0.0,1000.0,0.0,4.199,94.6,99,0,60.0,2026-05-01T04:19:47.487573,4.207
2026-05-01T04:18:48.462133,41.22,0,44.21,0.0,1000.0,0.0,4.199,94.6,99,0,60.0,2026-05-01T04:19:48.461952,4.207
2026-05-01T04:18:48.501540,41.22,0,44.22,0.0,1000.0,0.0,4.199,94.6,99,0,60.0,2026-05-01T04:19:48.501402,4.207
2026-05-01T04:18:48.534987,41.22,0,44.22,0.0,1000.0,0.0,4.199,94.6,99,0,60.0,2026-05-01T04:19:48.534868,4.207
2026-05-01T04:18:49.506599,41.3,0,44.29,0.0,1000.0,0.0,4.199,94.5,99,0,60.0,2026-05-01T04:19:49.506462,4.207
2026-05-01T04:18:49.540813,41.3,0,44.3,0.0,1000.0,0.0,4.199,94.5,99,0,60.0,2026-05-01T04:19:49.540677,4.207
2026-05-01T04:18:50.541113,41.3,0,44.34,0.0,1000.0,0.0,4.199,94.5,99,0,60.0,2026-05-01T04:19:50.540930,4.207
2026-05-01T04:18:50.587087,41.36,0,44.35,0.0,1000.0,0.0,4.199,94.5,99,0,60.0,2026-05-01T04:19:50.586930,4.207
2026-05-01T04:18:50.621311,41.36,0,44.36,0.0,1000.0,0.0,4.199,94.5,99,0,60.0,2026-05-01T04:19:50.621184,4.207
2026-05-01T04:18:51.594904,41.43,0,44.4,0.0,1000.0,0.0,4.199,94.5,99,0,60.0,2026-05-01T04:19:51.594673,4.207
2026-05-01T04:18:51.637969,41.43,0,44.42,0.0,1000.0,0.0,4.199,94.5,99,0,60.0,2026-05-01T04:19:51.637825,4.207
2026-05-01T04:18:51.671358,41.43,0,44.43,0.0,1000.0,0.0,4.199,94.5,99,0,60.0,2026-05-01T04:19:51.671237,4.207
2026-05-01T04:18:52.650578,41.48,0,44.47,0.0,1000.0,0.0,4.199,94.5,99,0,60.0,2026-05-01T04:19:52.650329,4.207
2026-05-01T04:18:52.690898,41.48,0,44.47,0.0,1000.0,0.0,4.199,94.5,99,0,60.0,2026-05-01T04:19:52.690776,4.207
2026-05-01T04:18:52.724123,41.48,0,44.48,0.0,1000.0,0.0,4.199,94.5,99,0,60.0,2026-05-01T04:19:52.724001,4.207
2026-05-01T04:18:53.703266,41.53,0,44.52,0.0,1000.0,0.0,4.199,94.4,99,0,60.0,2026-05-01T04:19:53.703046,4.207
2026-05-01T04:18:53.748328,41.53,0,44.52,0.0,1000.0,0.0,4.199,94.4,99,0,60.0,2026-05-01T04:19:53.748092,4.207
2026-05-01T04:18:53.786115,41.53,0,44.53,0.0,1000.0,0.0,4.199,94.4,99,0,60.0,2026-05-01T04:19:53.785946,4.207
2026-05-01T04:18:54.753058,41.58,0,44.57,0.0,1000.0,0.0,4.199,94.4,99,0,60.0,2026-05-01T04:19:54.752845,4.207
2026-05-01T04:18:54.789756,41.58,0,44.58,0.0,1000.0,0.0,4.199,94.4,99,0,60.0,2026-05-01T04:19:54.789583,4.207
2026-05-01T04:18:55.773713,41.58,0,44.61,0.0,1000.0,0.0,4.199,94.4,99,0,60.0,2026-05-01T04:19:55.773527,4.207
2026-05-01T04:18:55.820395,41.63,0,44.62,0.0,1000.0,0.0,4.199,94.4,99,0,60.0,2026-05-01T04:19:55.820252,4.207
2026-05-01T04:18:55.854331,41.63,0,44.63,0.0,1000.0,0.0,4.199,94.4,99,0,60.0,2026-05-01T04:19:55.854181,4.207
2026-05-01T04:18:56.828668,41.69,0,44.67,0.0,1000.0,0.0,4.199,94.4,99,0,60.0,2026-05-01T04:19:56.828460,4.207
2026-05-01T04:18:56.873790,41.69,0,44.68,0.0,1000.0,0.0,4.199,94.4,99,0,60.0,2026-05-01T04:19:56.873620,4.207
2026-05-01T04:18:56.908343,41.69,0,44.69,0.0,1000.0,0.0,4.199,94.4,99,0,60.0,2026-05-01T04:19:56.908170,4.207
2026-05-01T04:18:57.879922,41.73,0,44.73,0.0,1000.0,0.0,4.199,94.4,99,0,60.0,2026-05-01T04:19:57.878857,4.207
2026-05-01T04:18:57.971703,41.73,0,44.73,0.0,1000.0,0.0,4.199,94.4,99,0,60.0,2026-05-01T04:19:57.954604,4.207
2026-05-01T04:18:58.005837,41.73,0,44.73,0.0,1000.0,0.0,4.199,94.4,99,0,60.0,2026-05-01T04:19:58.005711,4.207
2026-05-01T04:18:58.925709,41.77,0,44.77,0.0,1000.0,0.0,4.199,94.4,99,0,60.0,2026-05-01T04:19:58.925570,4.207
2026-05-01T04:18:58.962759,41.77,0,44.77,0.0,1000.0,0.0,4.199,94.4,99,0,60.0,2026-05-01T04:19:58.962640,4.207
2026-05-01T04:18:58.995515,41.77,0,44.77,0.0,1000.0,0.0,4.199,94.4,99,0,60.0,2026-05-01T04:19:58.995406,4.207
2026-05-01T04:18:59.976324,41.81,0,44.81,0.0,1000.0,0.0,4.199,94.4,99,0,60.0,2026-05-01T04:19:59.976188,4.207
2026-05-01T04:19:00.008613,41.81,0,44.81,0.0,1000.0,0.0,4.199,94.4,99,0,60.0,2026-05-01T04:20:00.008524,4.207
2026-05-01T04:19:01.000229,41.81,0,44.85,0.0,1000.0,0.0,4.199,94.4,99,0,60.0,2026-05-01T04:20:01.000082,4.207
2026-05-01T04:19:01.034591,41.86,0,44.86,0.0,1000.0,0.0,4.199,94.3,99,0,60.0,2026-05-01T04:20:01.034346,4.207
2026-05-01T04:19:01.076125,41.86,0,44.86,0.0,1000.0,0.0,4.199,94.3,99,0,60.0,2026-05-01T04:20:01.076031,4.207
2026-05-01T04:19:02.041782,41.88,0,44.9,0.0,1000.0,0.0,4.199,94.3,99,0,60.0,2026-05-01T04:20:02.041653,4.207
2026-05-01T04:19:02.078778,41.88,0,44.89,0.0,1000.0,0.0,4.199,94.3,99,0,60.0,2026-05-01T04:20:02.078662,4.207
2026-05-01T04:19:02.111642,41.88,0,44.89,0.0,1000.0,0.0,4.199,94.3,99,0,60.0,2026-05-01T04:20:02.111527,4.207
2026-05-01T04:19:03.114091,41.92,0,44.93,0.0,1000.0,0.0,4.199,94.3,99,0,60.0,2026-05-01T04:20:03.113930,4.207
2026-05-01T04:19:03.154787,41.92,0,44.92,0.0,1000.0,0.0,4.199,94.3,99,0,60.0,2026-05-01T04:20:03.154674,4.207
2026-05-01T04:19:03.187901,41.92,0,44.92,0.0,1000.0,0.0,4.199,94.3,99,0,60.0,2026-05-01T04:20:03.187798,4.207
2026-05-01T04:19:04.152336,41.97,0,44.96,0.0,1000.0,0.0,4.199,94.3,99,0,60.0,2026-05-01T04:20:04.152191,4.207
2026-05-01T04:19:04.187264,41.97,0,44.96,0.0,1000.0,0.0,4.199,94.3,99,0,60.0,2026-05-01T04:20:04.187133,4.207
2026-05-01T04:19:04.221391,41.97,0,44.97,0.0,1000.0,0.0,4.199,94.3,99,0,60.0,2026-05-01T04:20:04.221270,4.207
2026-05-01T04:19:05.219965,42.01,0,45.01,0.0,1000.0,0.0,4.199,94.3,99,0,60.0,2026-05-01T04:20:05.219767,4.207
2026-05-01T04:19:05.255403,42.01,0,45.01,0.0,1000.0,0.0,4.199,94.3,99,0,60.0,2026-05-01T04:20:05.255279,4.207
2026-05-01T04:19:06.245497,42.01,0,45.05,0.0,1000.0,0.0,4.199,94.3,99,0,60.0,2026-05-01T04:20:06.245289,4.207
2026-05-01T04:19:06.291693,42.07,0,45.06,0.0,1000.0,0.0,4.199,94.3,99,0,60.0,2026-05-01T04:20:06.291558,4.207
2026-05-01T04:19:06.325153,42.07,0,45.06,0.0,1000.0,0.0,4.199,94.3,99,0,60.0,2026-05-01T04:20:06.325046,4.207
2026-05-01T04:19:07.301076,42.11,0,45.11,0.0,1000.0,0.0,4.199,94.3,99,0,60.0,2026-05-01T04:20:07.300875,4.207
2026-05-01T04:19:07.343129,42.11,0,45.11,0.0,1000.0,0.0,4.199,94.3,99,0,60.0,2026-05-01T04:20:07.342987,4.207
2026-05-01T04:19:07.377000,42.11,0,45.11,0.0,1000.0,0.0,4.199,94.3,99,0,60.0,2026-05-01T04:20:07.376880,4.207
2026-05-01T04:19:08.355709,42.16,0,45.15,0.0,1000.0,0.0,4.199,94.2,99,0,60.0,2026-05-01T04:20:08.355497,4.207
2026-05-01T04:19:08.394536,42.16,0,45.16,0.0,1000.0,0.0,4.199,94.2,99,0,60.0,2026-05-01T04:20:08.394412,4.207
2026-05-01T04:19:08.427234,42.16,0,45.16,0.0,1000.0,0.0,4.199,94.2,99,0,60.0,2026-05-01T04:20:08.427132,4.207
2026-05-01T04:19:09.405872,42.22,0,45.21,0.0,1000.0,0.0,4.199,94.2,99,0,60.0,2026-05-01T04:20:09.405720,4.207
2026-05-01T04:19:09.441948,42.22,0,45.21,0.0,1000.0,0.0,4.199,94.2,99,0,60.0,2026-05-01T04:20:09.441841,4.207
2026-05-01T04:19:09.475207,42.22,0,45.22,0.0,1000.0,0.0,4.199,94.2,99,0,60.0,2026-05-01T04:20:09.475089,4.207
2026-05-01T04:19:10.459240,42.25,0,45.26,0.0,1000.0,0.0,4.199,94.2,99,0,60.0,2026-05-01T04:20:10.459088,4.207
2026-05-01T04:19:10.496007,42.25,0,45.26,0.0,1000.0,0.0,4.199,94.2,99,0,60.0,2026-05-01T04:20:10.495879,4.207
2026-05-01T04:19:11.468818,42.25,0,45.29,0.0,1000.0,0.0,4.199,94.2,99,0,60.0,2026-05-01T04:20:11.468385,4.207
2026-05-01T04:19:11.506549,42.28,0,45.29,0.0,1000.0,0.0,4.199,94.2,99,0,60.0,2026-05-01T04:20:11.506416,4.207
2026-05-01T04:19:11.540948,42.28,0,45.29,0.0,1000.0,0.0,4.199,94.2,99,0,60.0,2026-05-01T04:20:11.540825,4.207
2026-05-01T04:19:12.529928,42.34,0,45.33,0.0,1000.0,0.0,4.199,94.2,99,0,60.0,2026-05-01T04:20:12.529732,4.207
2026-05-01T04:19:12.571548,42.34,0,45.34,0.0,1000.0,0.0,4.199,94.2,99,0,60.0,2026-05-01T04:20:12.571422,4.207
2026-05-01T04:19:12.606942,42.34,0,45.34,0.0,1000.0,0.0,4.199,94.2,99,0,60.0,2026-05-01T04:20:12.606834,4.207
2026-05-01T04:19:13.586924,42.39,0,45.37,0.0,1000.0,0.0,4.199,94.2,99,0,60.0,2026-05-01T04:20:13.586717,4.207
2026-05-01T04:19:13.628646,42.39,0,45.38,0.0,1000.0,0.0,4.199,94.2,99,0,60.0,2026-05-01T04:20:13.628517,4.207
2026-05-01T04:19:13.662805,42.39,0,45.38,0.0,1000.0,0.0,4.199,94.2,99,0,60.0,2026-05-01T04:20:13.662688,4.207
2026-05-01T04:19:14.646097,42.42,0,45.41,0.0,1000.0,0.0,4.199,94.2,99,0,60.0,2026-05-01T04:20:14.645937,4.208
2026-05-01T04:19:14.685453,42.42,0,45.41,0.0,1000.0,0.0,4.199,94.2,99,0,60.0,2026-05-01T04:20:14.685268,4.208
2026-05-01T04:19:14.721172,42.42,0,45.41,0.0,1000.0,0.0,4.199,94.2,99,0,60.0,2026-05-01T04:20:14.721050,4.208
2026-05-01T04:19:15.699453,42.48,0,45.46,0.0,1000.0,0.0,4.199,94.1,99,0,60.0,2026-05-01T04:20:15.699110,4.208
2026-05-01T04:19:15.735737,42.48,0,45.46,0.0,1000.0,0.0,4.199,94.1,99,0,60.0,2026-05-01T04:20:15.735580,4.208
2026-05-01T04:19:16.713807,42.48,0,45.5,0.0,1000.0,0.0,4.199,94.1,99,0,60.0,2026-05-01T04:20:16.713607,4.208
2026-05-01T04:19:16.761008,42.52,0,45.51,0.0,1000.0,0.0,4.199,94.1,99,0,60.0,2026-05-01T04:20:16.760852,4.208
2026-05-01T04:19:16.795843,42.52,0,45.51,0.0,1000.0,0.0,4.199,94.1,99,0,60.0,2026-05-01T04:20:16.795729,4.208
2026-05-01T04:19:17.769657,42.55,0,45.55,0.0,1000.0,0.0,4.199,94.1,99,0,60.0,2026-05-01T04:20:17.769355,4.208
2026-05-01T04:19:17.812855,42.55,0,45.54,0.0,1000.0,0.0,4.199,94.1,99,0,60.0,2026-05-01T04:20:17.812718,4.208
2026-05-01T04:19:17.847149,42.55,0,45.54,0.0,1000.0,0.0,4.199,94.1,99,0,60.0,2026-05-01T04:20:17.847027,4.208
2026-05-01T04:19:18.829083,42.6,0,45.58,0.0,1000.0,0.0,4.199,94.1,99,0,60.0,2026-05-01T04:20:18.828897,4.208
2026-05-01T04:19:18.870793,42.6,0,45.59,0.0,1000.0,0.0,4.199,94.1,99,0,60.0,2026-05-01T04:20:18.870654,4.208
2026-05-01T04:19:18.904909,42.6,0,45.59,0.0,1000.0,0.0,4.199,94.1,99,0,60.0,2026-05-01T04:20:18.904786,4.208
2026-05-01T04:19:19.878049,42.65,0,45.63,0.0,1000.0,0.0,4.199,94.1,99,0,60.0,2026-05-01T04:20:19.877912,4.208
2026-05-01T04:19:19.930293,42.65,0,45.64,0.0,1000.0,0.0,4.199,94.1,99,0,60.0,2026-05-01T04:20:19.924624,4.208
2026-05-01T04:19:20.010928,42.65,0,45.64,0.0,1000.0,0.0,4.199,94.1,99,0,60.0,2026-05-01T04:20:20.010724,4.208
2026-05-01T04:19:20.932620,42.68,0,45.68,0.0,1000.0,0.0,4.199,94.1,99,0,60.0,2026-05-01T04:20:20.932468,4.208
2026-05-01T04:19:20.969864,42.68,0,45.68,0.0,1000.0,0.0,4.199,94.1,99,0,60.0,2026-05-01T04:20:20.969757,4.208
2026-05-01T04:19:21.965127,42.68,0,45.71,0.0,1000.0,0.0,4.199,94.1,99,0,60.0,2026-05-01T04:20:21.964980,4.208
2026-05-01T04:19:22.002201,42.73,0,45.72,0.0,1000.0,0.0,4.199,94.0,99,0,60.0,2026-05-01T04:20:22.002058,4.208
2026-05-01T04:19:22.035280,42.73,0,45.72,0.0,1000.0,0.0,4.199,94.0,99,0,60.0,2026-05-01T04:20:22.035150,4.208
2026-05-01T04:19:22.995606,42.79,0,45.76,0.0,1000.0,0.0,4.199,94.0,99,0,60.0,2026-05-01T04:20:22.995414,4.208
2026-05-01T04:19:23.028020,42.79,0,45.77,0.0,1000.0,0.0,4.199,94.0,99,0,60.0,2026-05-01T04:20:23.027879,4.208
2026-05-01T04:19:23.064482,42.79,0,45.78,0.0,1000.0,0.0,4.199,94.0,99,0,60.0,2026-05-01T04:20:23.064381,4.208
2026-05-01T04:19:24.036582,42.82,0,45.82,0.0,1000.0,0.0,4.199,94.0,99,0,60.0,2026-05-01T04:20:24.036452,4.208
2026-05-01T04:19:24.070242,42.82,0,45.82,0.0,1000.0,0.0,4.199,94.0,99,0,60.0,2026-05-01T04:20:24.070117,4.208
2026-05-01T04:19:24.104490,42.82,0,45.82,0.0,1000.0,0.0,4.199,94.0,99,0,60.0,2026-05-01T04:20:24.104379,4.208
2026-05-01T04:19:25.106196,42.87,0,45.86,0.0,1000.0,0.0,4.199,94.0,99,0,60.0,2026-05-01T04:20:25.106045,4.208
2026-05-01T04:19:25.145127,42.87,0,45.86,0.0,1000.0,0.0,4.199,94.0,99,0,60.0,2026-05-01T04:20:25.144995,4.208
2026-05-01T04:19:25.177916,42.87,0,45.86,0.0,1000.0,0.0,4.199,94.0,99,0,60.0,2026-05-01T04:20:25.177797,4.208
2026-05-01T04:19:26.157677,42.9,0,45.89,0.0,1000.0,0.0,4.199,94.0,99,0,60.0,2026-05-01T04:20:26.157516,4.208
2026-05-01T04:19:26.194939,42.9,0,45.89,0.0,1000.0,0.0,4.199,94.0,99,0,60.0,2026-05-01T04:20:26.194807,4.208
2026-05-01T04:19:27.187018,42.9,0,45.93,0.0,1000.0,0.0,4.199,94.0,99,0,60.0,2026-05-01T04:20:27.186847,4.208
2026-05-01T04:19:27.231369,42.95,0,45.93,0.0,1000.0,0.0,4.199,94.0,99,0,60.0,2026-05-01T04:20:27.231245,4.208
2026-05-01T04:19:27.264812,42.95,0,45.94,0.0,1000.0,0.0,4.199,94.0,99,0,60.0,2026-05-01T04:20:27.264700,4.208
2026-05-01T04:19:28.236674,42.99,0,45.98,0.0,1000.0,0.0,4.199,94.0,99,0,60.0,2026-05-01T04:20:28.236490,4.208
2026-05-01T04:19:28.279817,42.99,0,45.98,0.0,1000.0,0.0,4.199,94.0,99,0,60.0,2026-05-01T04:20:28.279686,4.208
2026-05-01T04:19:28.314826,42.99,0,45.98,0.0,1000.0,0.0,4.199,94.0,99,0,60.0,2026-05-01T04:20:28.314710,4.208
2026-05-01T04:19:29.290910,43.02,0,46.02,0.0,1000.0,0.0,4.199,93.9,99,0,60.0,2026-05-01T04:20:29.290736,4.208
2026-05-01T04:19:29.335024,43.02,0,46.01,0.0,1000.0,0.0,4.199,93.9,99,0,60.0,2026-05-01T04:20:29.334837,4.208
2026-05-01T04:19:29.372333,43.02,0,46.01,0.0,1000.0,0.0,4.199,93.9,99,0,60.0,2026-05-01T04:20:29.372225,4.208
2026-05-01T04:19:30.348565,43.06,0,46.05,0.0,1000.0,0.0,4.199,93.9,99,0,60.0,2026-05-01T04:20:30.348399,4.208
2026-05-01T04:19:30.387712,43.06,0,46.05,0.0,1000.0,0.0,4.199,93.9,99,0,60.0,2026-05-01T04:20:30.387576,4.208
2026-05-01T04:19:30.421067,43.06,0,46.05,0.0,1000.0,0.0,4.199,93.9,99,0,60.0,2026-05-01T04:20:30.420938,4.208
2026-05-01T04:19:31.402926,43.11,0,46.1,0.0,1000.0,0.0,4.199,93.9,99,0,60.0,2026-05-01T04:20:31.402709,4.208
2026-05-01T04:19:31.442027,43.11,0,46.1,0.0,1000.0,0.0,4.199,93.9,99,0,60.0,2026-05-01T04:20:31.441895,4.208
2026-05-01T04:19:32.423028,43.11,0,46.14,0.0,1000.0,0.0,4.199,93.9,99,0,60.0,2026-05-01T04:20:32.422840,4.208
2026-05-01T04:19:32.469368,43.14,0,46.14,0.0,1000.0,0.0,4.199,93.9,99,0,60.0,2026-05-01T04:20:32.469209,4.208
2026-05-01T04:19:32.503725,43.14,0,46.14,0.0,1000.0,0.0,4.199,93.9,99,0,60.0,2026-05-01T04:20:32.503600,4.208
2026-05-01T04:19:33.462006,43.17,0,46.17,0.0,1000.0,0.0,4.199,93.9,99,0,60.0,2026-05-01T04:20:33.461837,4.208
2026-05-01T04:19:33.529811,43.17,0,46.17,0.0,1000.0,0.0,4.199,93.9,99,0,60.0,2026-05-01T04:20:33.529644,4.208
2026-05-01T04:19:33.590123,43.17,0,46.17,0.0,1000.0,0.0,4.199,93.9,99,0,60.0,2026-05-01T04:20:33.589977,4.208
2026-05-01T04:19:34.510143,43.21,0,46.2,0.0,1000.0,0.0,4.199,93.9,99,0,60.0,2026-05-01T04:20:34.510008,4.208
2026-05-01T04:19:34.544196,43.21,0,46.2,0.0,1000.0,0.0,4.199,93.9,99,0,60.0,2026-05-01T04:20:34.544074,4.208
2026-05-01T04:19:34.578338,43.21,0,46.21,0.0,1000.0,0.0,4.199,93.9,99,0,60.0,2026-05-01T04:20:34.578214,4.208
2026-05-01T04:19:35.581251,43.24,0,46.24,0.0,1000.0,0.0,4.199,93.9,99,0,60.0,2026-05-01T04:20:35.581119,4.208
2026-05-01T04:19:35.624839,43.24,0,46.24,0.0,1000.0,0.0,4.199,93.9,99,0,60.0,2026-05-01T04:20:35.624667,4.208
2026-05-01T04:19:35.658999,43.24,0,46.24,0.0,1000.0,0.0,4.199,93.9,99,0,60.0,2026-05-01T04:20:35.658872,4.208
2026-05-01T04:19:36.639838,43.29,0,46.28,0.0,1000.0,0.0,4.199,93.9,99,0,60.0,2026-05-01T04:20:36.639674,4.208
2026-05-01T04:19:36.676000,43.29,0,46.28,0.0,1000.0,0.0,4.199,93.9,99,0,60.0,2026-05-01T04:20:36.675891,4.208
2026-05-01T04:19:37.661076,43.29,0,46.32,0.0,1000.0,0.0,4.199,93.9,99,0,60.0,2026-05-01T04:20:37.660894,4.208
2026-05-01T04:19:37.706235,43.35,0,46.33,0.0,1000.0,0.0,4.199,93.8,99,0,60.0,2026-05-01T04:20:37.706092,4.208
2026-05-01T04:19:37.739883,43.35,0,46.33,0.0,1000.0,0.0,4.199,93.8,99,0,60.0,2026-05-01T04:20:37.739766,4.208
2026-05-01T04:19:38.714577,43.37,0,46.37,0.0,1000.0,0.0,4.199,93.8,99,0,60.0,2026-05-01T04:20:38.714385,4.208
2026-05-01T04:19:38.758467,43.37,0,46.37,0.0,1000.0,0.0,4.199,93.8,99,0,60.0,2026-05-01T04:20:38.758346,4.208
2026-05-01T04:19:38.792685,43.37,0,46.36,0.0,1000.0,0.0,4.199,93.8,99,0,60.0,2026-05-01T04:20:38.792569,4.208
2026-05-01T04:19:39.768037,43.43,0,46.41,0.0,1000.0,0.0,4.199,93.8,99,0,60.0,2026-05-01T04:20:39.767815,4.208
2026-05-01T04:19:39.807167,43.43,0,46.41,0.0,1000.0,0.0,4.199,93.8,99,0,60.0,2026-05-01T04:20:39.807031,4.208
2026-05-01T04:19:39.840664,43.43,0,46.41,0.0,1000.0,0.0,4.199,93.8,99,0,60.0,2026-05-01T04:20:39.840553,4.208
2026-05-01T04:19:40.821062,43.49,0,46.45,0.0,1000.0,0.0,4.199,93.8,99,0,60.0,2026-05-01T04:20:40.820879,4.208
2026-05-01T04:19:40.862112,43.49,0,46.46,0.0,1000.0,0.0,4.199,93.8,99,0,60.0,2026-05-01T04:20:40.861950,4.208
2026-05-01T04:19:40.909216,43.49,0,46.47,0.0,1000.0,0.0,4.199,93.8,99,0,60.0,2026-05-01T04:20:40.909076,4.208
2026-05-01T04:19:41.862821,43.55,0,46.52,0.0,1000.0,0.0,4.199,93.8,99,0,60.0,2026-05-01T04:20:41.862568,4.208
2026-05-01T04:19:41.926773,43.55,0,46.52,0.0,1000.0,0.0,4.199,93.8,99,0,60.0,2026-05-01T04:20:41.926540,4.208
2026-05-01T04:19:42.885609,43.55,0,46.56,0.0,1000.0,0.0,4.199,93.8,99,0,60.0,2026-05-01T04:20:42.885454,4.208
2026-05-01T04:19:42.943203,43.6,0,46.57,0.0,1000.0,0.0,4.199,93.8,99,0,60.0,2026-05-01T04:20:42.943054,4.208
2026-05-01T04:19:42.977244,43.6,0,46.58,0.0,1000.0,0.0,4.199,93.8,99,0,60.0,2026-05-01T04:20:42.977133,4.208
2026-05-01T04:19:43.955605,43.65,0,46.62,0.0,1000.0,0.0,4.199,93.7,99,0,60.0,2026-05-01T04:20:43.951062,4.208
2026-05-01T04:19:43.989928,43.65,0,46.63,0.0,1000.0,0.0,4.199,93.7,99,0,60.0,2026-05-01T04:20:43.989831,4.208
2026-05-01T04:19:44.023038,43.65,0,46.63,0.0,1000.0,0.0,4.199,93.7,99,0,60.0,2026-05-01T04:20:44.022916,4.208
2026-05-01T04:19:45.005106,43.72,0,46.68,0.0,1000.0,0.0,4.199,93.7,99,0,60.0,2026-05-01T04:20:45.004960,4.208
2026-05-01T04:19:45.041896,43.72,0,46.69,0.0,1000.0,0.0,4.199,93.7,99,0,60.0,2026-05-01T04:20:45.041810,4.208
2026-05-01T04:19:45.072585,43.72,0,46.7,0.0,1000.0,0.0,4.199,93.7,99,0,60.0,2026-05-01T04:20:45.072507,4.208
2026-05-01T04:19:46.033005,43.79,0,46.75,0.0,1000.0,0.0,4.199,93.7,99,0,60.0,2026-05-01T04:20:46.032880,4.208
2026-05-01T04:19:46.063617,43.79,0,46.76,0.0,1000.0,0.0,4.199,93.7,99,0,60.0,2026-05-01T04:20:46.063531,4.208
2026-05-01T04:19:46.094248,43.79,0,46.76,0.0,1000.0,0.0,4.199,93.7,99,0,60.0,2026-05-01T04:20:46.094159,4.208
2026-05-01T04:19:47.111984,43.85,0,46.81,0.0,1000.0,0.0,4.199,93.7,99,0,60.0,2026-05-01T04:20:47.111846,4.208
2026-05-01T04:19:47.146415,43.85,0,46.82,0.0,1000.0,0.0,4.199,93.7,99,0,60.0,2026-05-01T04:20:47.146322,4.208
2026-05-01T04:19:48.121459,43.85,0,46.86,0.0,1000.0,0.0,4.199,93.7,99,0,60.0,2026-05-01T04:20:48.121330,4.208
2026-05-01T04:19:48.160150,43.93,0,46.89,0.0,1000.0,0.0,4.199,93.6,99,0,60.0,2026-05-01T04:20:48.160059,4.208
2026-05-01T04:19:48.191326,43.93,0,46.9,0.0,1000.0,0.0,4.199,93.6,99,0,60.0,2026-05-01T04:20:48.191253,4.208
2026-05-01T04:19:49.178503,43.98,0,46.94,0.0,1000.0,0.0,4.199,93.6,99,0,60.0,2026-05-01T04:20:49.178331,4.208
2026-05-01T04:19:49.220492,43.98,0,46.95,0.0,1000.0,0.0,4.199,93.6,99,0,60.0,2026-05-01T04:20:49.220396,4.208
2026-05-01T04:19:49.253031,43.98,0,46.96,0.0,1000.0,0.0,4.199,93.6,99,0,60.0,2026-05-01T04:20:49.252951,4.208
2026-05-01T04:19:50.236071,44.04,0,47.0,0.0,1000.0,0.0,4.199,93.6,99,0,60.0,2026-05-01T04:20:50.235881,4.208
2026-05-01T04:19:50.281041,44.04,0,47.01,0.0,1000.0,0.0,4.199,93.6,99,0,60.0,2026-05-01T04:20:50.280892,4.208
2026-05-01T04:19:50.329301,44.04,0,47.02,0.0,1000.0,0.0,4.199,93.6,99,0,60.0,2026-05-01T04:20:50.329134,4.208
2026-05-01T04:19:51.372890,44.1,0,47.07,0.0,1000.0,0.0,4.199,93.6,99,0,60.0,2026-05-01T04:20:51.372755,4.208
2026-05-01T04:19:51.404538,44.1,0,47.08,0.0,1000.0,0.0,4.199,93.6,99,0,60.0,2026-05-01T04:20:51.404446,4.208
2026-05-01T04:19:51.435337,44.1,0,47.08,0.0,1000.0,0.0,4.199,93.6,99,0,60.0,2026-05-01T04:20:51.435241,4.208
2026-05-01T04:19:52.345043,44.14,0,47.12,0.0,1000.0,0.0,4.199,93.6,99,0,60.0,2026-05-01T04:20:52.344913,4.208
2026-05-01T04:19:52.379129,44.14,0,47.12,0.0,1000.0,0.0,4.199,93.6,99,0,60.0,2026-05-01T04:20:52.379027,4.208
2026-05-01T04:19:53.361184,44.14,0,47.16,0.0,1000.0,0.0,4.199,93.6,99,0,60.0,2026-05-01T04:20:53.361028,4.208
2026-05-01T04:19:53.401927,44.21,0,47.18,0.0,1000.0,0.0,4.199,93.5,99,0,60.0,2026-05-01T04:20:53.401814,4.208
2026-05-01T04:19:53.432928,44.21,0,47.19,0.0,1000.0,0.0,4.199,93.5,99,0,60.0,2026-05-01T04:20:53.432837,4.208
2026-05-01T04:19:54.399048,44.27,0,47.23,0.0,1000.0,0.0,4.199,93.5,99,0,60.0,2026-05-01T04:20:54.398872,4.208
2026-05-01T04:19:54.431714,44.27,0,47.24,0.0,1000.0,0.0,4.199,93.5,99,0,60.0,2026-05-01T04:20:54.431614,4.208
2026-05-01T04:19:54.463318,44.27,0,47.24,0.0,1000.0,0.0,4.199,93.5,99,0,60.0,2026-05-01T04:20:54.463217,4.208
2026-05-01T04:19:55.467154,44.33,0,47.29,0.0,1000.0,0.0,4.199,93.5,99,0,60.0,2026-05-01T04:20:55.467009,4.208
2026-05-01T04:19:55.503030,44.33,0,47.3,0.0,1000.0,0.0,4.199,93.5,99,0,60.0,2026-05-01T04:20:55.502942,4.208
2026-05-01T04:19:55.534278,44.33,0,47.3,0.0,1000.0,0.0,4.199,93.5,99,0,60.0,2026-05-01T04:20:55.534206,4.208
2026-05-01T04:19:56.529163,44.37,0,47.35,0.0,1000.0,0.0,4.199,93.5,99,0,60.0,2026-05-01T04:20:56.529028,4.208
2026-05-01T04:19:56.566639,44.37,0,47.35,0.0,1000.0,0.0,4.199,93.5,99,0,60.0,2026-05-01T04:20:56.566538,4.208
2026-05-01T04:19:56.599182,44.37,0,47.35,0.0,1000.0,0.0,4.199,93.5,99,0,60.0,2026-05-01T04:20:56.599067,4.208
2026-05-01T04:19:57.582319,44.44,0,47.4,0.0,1000.0,0.0,4.199,93.5,99,0,60.0,2026-05-01T04:20:57.582169,4.208
2026-05-01T04:19:57.616816,44.44,0,47.41,0.0,1000.0,0.0,4.199,93.5,99,0,60.0,2026-05-01T04:20:57.616735,4.208
2026-05-01T04:19:58.604433,44.44,0,47.45,0.0,1000.0,0.0,4.199,93.5,99,0,60.0,2026-05-01T04:20:58.604283,4.208
2026-05-01T04:19:58.646183,44.48,0,47.45,0.0,1000.0,0.0,4.199,93.5,99,0,60.0,2026-05-01T04:20:58.646094,4.208
2026-05-01T04:19:58.677856,44.48,0,47.45,0.0,1000.0,0.0,4.199,93.5,99,0,60.0,2026-05-01T04:20:58.677782,4.208
2026-05-01T04:19:59.658357,44.52,0,47.49,0.0,1000.0,0.0,4.199,93.4,99,0,60.0,2026-05-01T04:20:59.658099,4.208
2026-05-01T04:19:59.697725,44.52,0,47.49,0.0,1000.0,0.0,4.199,93.4,99,0,60.0,2026-05-01T04:20:59.697633,4.208
2026-05-01T04:19:59.728736,44.52,0,47.49,0.0,1000.0,0.0,4.199,93.4,99,0,60.0,2026-05-01T04:20:59.728666,4.208
2026-05-01T04:20:00.711554,44.58,0,47.54,0.0,1000.0,0.0,4.199,93.4,99,0,60.0,2026-05-01T04:21:00.711405,4.208
2026-05-01T04:20:00.748679,44.58,0,47.55,0.0,1000.0,0.0,4.199,93.4,99,0,60.0,2026-05-01T04:21:00.748600,4.208
2026-05-01T04:20:00.779653,44.58,0,47.55,0.0,1000.0,0.0,4.199,93.4,99,0,60.0,2026-05-01T04:21:00.779578,4.208
2026-05-01T04:20:01.764173,44.6,0,47.58,0.0,1000.0,0.0,4.199,93.4,99,0,60.0,2026-05-01T04:21:01.764049,4.208
2026-05-01T04:20:01.799964,44.6,0,47.58,0.0,1000.0,0.0,4.199,93.4,99,0,60.0,2026-05-01T04:21:01.799881,4.208
2026-05-01T04:20:01.830915,44.6,0,47.58,0.0,1000.0,0.0,4.199,93.4,99,0,60.0,2026-05-01T04:21:01.830841,4.208
2026-05-01T04:20:02.818200,44.67,0,47.63,0.0,1000.0,0.0,4.199,93.4,99,0,60.0,2026-05-01T04:21:02.818075,4.208
2026-05-01T04:20:02.852251,44.67,0,47.64,0.0,1000.0,0.0,4.199,93.4,99,0,60.0,2026-05-01T04:21:02.852148,4.208
2026-05-01T04:20:03.836515,44.67,0,47.68,0.0,1000.0,0.0,4.199,93.4,99,0,60.0,2026-05-01T04:21:03.836345,4.208
2026-05-01T04:20:03.907283,44.72,0,47.68,0.0,1000.0,0.0,4.199,93.4,99,0,60.0,2026-05-01T04:21:03.906310,4.208
2026-05-01T04:20:04.057973,44.72,0,47.69,0.0,1000.0,0.0,4.199,93.4,99,0,60.0,2026-05-01T04:21:04.057318,4.208
2026-05-01T04:20:04.877490,44.78,0,47.73,0.0,1000.0,0.0,4.199,93.4,99,0,60.0,2026-05-01T04:21:04.877332,4.208
2026-05-01T04:20:04.926888,44.78,0,47.74,0.0,1000.0,0.0,4.199,93.4,99,0,60.0,2026-05-01T04:21:04.926757,4.208
2026-05-01T04:20:04.959382,44.78,0,47.74,0.0,1000.0,0.0,4.199,93.4,99,0,60.0,2026-05-01T04:21:04.959288,4.208
2026-05-01T04:20:05.931592,44.84,0,47.79,0.0,1000.0,0.0,4.199,93.3,99,0,60.0,2026-05-01T04:21:05.931487,4.208
2026-05-01T04:20:05.966265,44.84,0,47.8,0.0,1000.0,0.0,4.199,93.3,99,0,60.0,2026-05-01T04:21:05.966152,4.208
2026-05-01T04:20:05.997284,44.84,0,47.8,0.0,1000.0,0.0,4.199,93.3,99,0,60.0,2026-05-01T04:21:05.997211,4.208
2026-05-01T04:20:06.972669,44.9,0,47.85,0.0,1000.0,0.0,4.199,93.3,99,0,60.0,2026-05-01T04:21:06.972552,4.208
2026-05-01T04:20:07.004096,44.9,0,47.86,0.0,1000.0,0.0,4.199,93.3,99,0,60.0,2026-05-01T04:21:07.004009,4.208
2026-05-01T04:20:07.036038,44.9,0,47.86,0.0,1000.0,0.0,4.199,93.3,99,0,60.0,2026-05-01T04:21:07.035944,4.208
2026-05-01T04:20:08.042166,44.96,0,47.92,0.0,1000.0,0.0,4.199,93.3,99,0,60.0,2026-05-01T04:21:08.042033,4.208
2026-05-01T04:20:08.075190,44.96,0,47.92,0.0,1000.0,0.0,4.199,93.3,99,0,60.0,2026-05-01T04:21:08.075109,4.208
2026-05-01T04:20:09.058908,44.96,0,47.96,0.0,1000.0,0.0,4.199,93.3,99,0,60.0,2026-05-01T04:21:09.058752,4.208
2026-05-01T04:20:09.095008,45.01,0,47.97,0.0,1000.0,0.0,4.199,93.3,99,0,60.0,2026-05-01T04:21:09.094906,4.208
2026-05-01T04:20:09.126543,45.01,0,47.98,0.0,1000.0,0.0,4.199,93.3,99,0,60.0,2026-05-01T04:21:09.126459,4.208
2026-05-01T04:20:10.126811,45.09,0,48.03,0.0,1000.0,0.0,4.199,93.3,99,0,60.0,2026-05-01T04:21:10.126673,4.208
2026-05-01T04:20:10.165830,45.09,0,48.05,0.0,1000.0,0.0,4.199,93.3,99,0,60.0,2026-05-01T04:21:10.165735,4.208
2026-05-01T04:20:10.197241,45.09,0,48.05,0.0,1000.0,0.0,4.199,93.3,99,0,60.0,2026-05-01T04:21:10.197139,4.208
2026-05-01T04:20:11.179681,45.15,0,48.1,0.0,1000.0,0.0,4.199,93.2,99,0,60.0,2026-05-01T04:21:11.179536,4.208
2026-05-01T04:20:11.216998,45.15,0,48.11,0.0,1000.0,0.0,4.199,93.2,99,0,60.0,2026-05-01T04:21:11.216893,4.208
2026-05-01T04:20:11.247963,45.15,0,48.12,0.0,1000.0,0.0,4.199,93.2,99,0,60.0,2026-05-01T04:21:11.247884,4.208
2026-05-01T04:20:12.237543,45.23,0,48.17,0.0,1000.0,0.0,4.199,93.2,99,0,60.0,2026-05-01T04:21:12.237401,4.208
2026-05-01T04:20:12.273132,45.23,0,48.18,0.0,1000.0,0.0,4.199,93.2,99,0,60.0,2026-05-01T04:21:12.273046,4.208
2026-05-01T04:20:12.304366,45.23,0,48.19,0.0,1000.0,0.0,4.199,93.2,99,0,60.0,2026-05-01T04:21:12.304276,4.208
2026-05-01T04:20:13.289839,45.3,0,48.25,0.0,1000.0,0.0,4.199,93.2,99,0,60.0,2026-05-01T04:21:13.289697,4.208
2026-05-01T04:20:13.323931,45.3,0,48.26,0.0,1000.0,0.0,4.199,93.2,99,0,60.0,2026-05-01T04:21:13.323853,4.208
2026-05-01T04:20:14.310178,45.3,0,48.3,0.0,1000.0,0.0,4.199,93.2,99,0,60.0,2026-05-01T04:21:14.309967,4.208
2026-05-01T04:20:14.353257,45.37,0,48.32,0.0,1000.0,0.0,4.199,93.2,99,0,60.0,2026-05-01T04:21:14.353152,4.208
2026-05-01T04:20:14.386266,45.37,0,48.33,0.0,1000.0,0.0,4.199,93.2,99,0,60.0,2026-05-01T04:21:14.386184,4.208
2026-05-01T04:20:15.363941,45.44,0,48.38,0.0,1000.0,0.0,4.199,93.1,99,0,60.0,2026-05-01T04:21:15.363779,4.208
2026-05-01T04:20:15.409350,45.44,0,48.4,0.0,1000.0,0.0,4.199,93.1,99,0,60.0,2026-05-01T04:21:15.409247,4.208
2026-05-01T04:20:15.440496,45.44,0,48.4,0.0,1000.0,0.0,4.199,93.1,99,0,60.0,2026-05-01T04:21:15.440423,4.208
2026-05-01T04:20:16.417965,45.5,0,48.45,0.0,1000.0,0.0,4.199,93.1,99,0,60.0,2026-05-01T04:21:16.417798,4.208
2026-05-01T04:20:16.455022,45.5,0,48.46,0.0,1000.0,0.0,4.199,93.1,99,0,60.0,2026-05-01T04:21:16.454930,4.208
2026-05-01T04:20:16.485923,45.5,0,48.47,0.0,1000.0,0.0,4.199,93.1,99,0,60.0,2026-05-01T04:21:16.485850,4.208
2026-05-01T04:20:17.472833,45.56,0,48.51,0.0,1000.0,0.0,4.199,93.1,99,0,60.0,2026-05-01T04:21:17.472693,4.208
2026-05-01T04:20:17.508139,45.56,0,48.52,0.0,1000.0,0.0,4.199,93.1,99,0,60.0,2026-05-01T04:21:17.508054,4.208
2026-05-01T04:20:17.539556,45.56,0,48.52,0.0,1000.0,0.0,4.199,93.1,99,0,60.0,2026-05-01T04:21:17.539481,4.208
2026-05-01T04:20:18.508678,45.64,0,48.58,0.0,1000.0,0.0,4.199,93.1,99,0,60.0,2026-05-01T04:21:18.508556,4.208
2026-05-01T04:20:18.543149,45.64,0,48.58,0.0,1000.0,0.0,4.199,93.1,99,0,60.0,2026-05-01T04:21:18.543020,4.208
2026-05-01T04:20:19.534095,45.64,0,48.63,0.0,1000.0,0.0,4.199,93.1,99,0,60.0,2026-05-01T04:21:19.533964,4.208
2026-05-01T04:20:19.571243,45.69,0,48.64,0.0,1000.0,0.0,4.199,93.1,99,0,60.0,2026-05-01T04:21:19.571141,4.208
2026-05-01T04:20:19.602469,45.69,0,48.64,0.0,1000.0,0.0,4.199,93.1,99,0,60.0,2026-05-01T04:21:19.602352,4.208
2026-05-01T04:20:20.603854,45.75,0,48.69,0.0,1000.0,0.0,4.199,93.0,99,0,60.0,2026-05-01T04:21:20.603605,4.208
2026-05-01T04:20:20.643246,45.75,0,48.7,0.0,1000.0,0.0,4.199,93.0,99,0,60.0,2026-05-01T04:21:20.643146,4.208
2026-05-01T04:20:20.674564,45.75,0,48.7,0.0,1000.0,0.0,4.199,93.0,99,0,60.0,2026-05-01T04:21:20.674468,4.208
2026-05-01T04:20:21.656308,45.79,0,48.74,0.0,1000.0,0.0,4.199,93.0,99,0,60.0,2026-05-01T04:21:21.656169,4.208
2026-05-01T04:20:21.693562,45.79,0,48.75,0.0,1000.0,0.0,4.199,93.0,99,0,60.0,2026-05-01T04:21:21.693469,4.208
2026-05-01T04:20:21.724356,45.79,0,48.75,0.0,1000.0,0.0,4.199,93.0,99,0,60.0,2026-05-01T04:21:21.724275,4.208
2026-05-01T04:20:22.709535,45.83,0,48.79,0.0,1000.0,0.0,4.199,93.0,99,0,60.0,2026-05-01T04:21:22.709363,4.208
2026-05-01T04:20:22.744807,45.83,0,48.79,0.0,1000.0,0.0,4.199,93.0,99,0,60.0,2026-05-01T04:21:22.744722,4.208
2026-05-01T04:20:22.775954,45.83,0,48.79,0.0,1000.0,0.0,4.199,93.0,99,0,60.0,2026-05-01T04:21:22.775884,4.208
2026-05-01T04:20:23.761422,45.87,0,48.83,0.0,1000.0,0.0,4.199,93.0,99,0,60.0,2026-05-01T04:21:23.761301,4.208
2026-05-01T04:20:23.795545,45.87,0,48.83,0.0,1000.0,0.0,4.199,93.0,99,0,60.0,2026-05-01T04:21:23.795451,4.208
2026-05-01T04:20:24.783810,45.87,0,48.87,0.0,1000.0,0.0,4.199,93.0,99,0,60.0,2026-05-01T04:21:24.783586,4.208
2026-05-01T04:20:24.825912,45.93,0,48.88,0.0,1000.0,0.0,4.199,93.0,99,0,60.0,2026-05-01T04:21:24.825834,4.208
2026-05-01T04:20:24.857171,45.93,0,48.89,0.0,1000.0,0.0,4.199,93.0,99,0,60.0,2026-05-01T04:21:24.857094,4.208
2026-05-01T04:20:25.839041,45.93,0,48.92,0.0,1000.0,0.0,4.199,93.0,99,0,60.0,2026-05-01T04:21:25.838882,4.208
2026-05-01T04:20:25.880317,45.93,0,48.91,0.0,1000.0,0.0,4.199,93.0,99,0,60.0,2026-05-01T04:21:25.879699,4.208
2026-05-01T04:20:25.963318,45.93,0,48.91,0.0,1000.0,0.0,4.199,93.0,99,0,60.0,2026-05-01T04:21:25.963204,4.208
2026-05-01T04:20:26.889520,45.99,0,48.94,0.0,1000.0,0.0,4.199,92.9,99,0,60.0,2026-05-01T04:21:26.889403,4.208
2026-05-01T04:20:26.927438,45.99,0,48.95,0.0,1000.0,0.0,4.199,92.9,99,0,60.0,2026-05-01T04:21:26.927346,4.208
2026-05-01T04:20:26.959174,45.99,0,48.95,0.0,1000.0,0.0,4.199,92.9,99,0,60.0,2026-05-01T04:21:26.959098,4.208
2026-05-01T04:20:27.970506,46.02,0,48.99,0.0,1000.0,0.0,4.199,92.9,99,0,60.0,2026-05-01T04:21:27.958342,4.208
2026-05-01T04:20:28.002769,46.02,0,48.99,0.0,1000.0,0.0,4.199,92.9,99,0,60.0,2026-05-01T04:21:28.002683,4.208
2026-05-01T04:20:28.033758,46.02,0,48.99,0.0,1000.0,0.0,4.199,92.9,99,0,60.0,2026-05-01T04:21:28.033678,4.208
2026-05-01T04:20:28.997113,46.07,0,49.03,0.0,1000.0,0.0,4.199,92.9,99,0,60.0,2026-05-01T04:21:28.997007,4.208
2026-05-01T04:20:29.031098,46.07,0,49.03,0.0,1000.0,0.0,4.199,92.9,99,0,60.0,2026-05-01T04:21:29.031024,4.208
2026-05-01T04:20:29.996258,46.07,0,49.07,0.0,1000.0,0.0,4.199,92.9,99,0,60.0,2026-05-01T04:21:29.996151,4.208
2026-05-01T04:20:30.027099,46.12,0,49.07,0.0,1000.0,0.0,4.199,92.9,99,0,60.0,2026-05-01T04:21:30.027026,4.208
2026-05-01T04:20:30.057776,46.12,0,49.08,0.0,1000.0,0.0,4.199,92.9,99,0,60.0,2026-05-01T04:21:30.057702,4.208
2026-05-01T04:20:31.072346,46.18,0,49.12,0.0,1000.0,0.0,4.199,92.9,99,0,60.0,2026-05-01T04:21:31.072204,4.208
2026-05-01T04:20:31.111417,46.18,0,49.13,0.0,1000.0,0.0,4.199,92.9,99,0,60.0,2026-05-01T04:21:31.111325,4.208
2026-05-01T04:20:31.142703,46.18,0,49.13,0.0,1000.0,0.0,4.199,92.9,99,0,60.0,2026-05-01T04:21:31.142632,4.208
2026-05-01T04:20:32.111482,46.23,0,49.18,0.0,1000.0,0.0,4.199,92.9,99,0,60.0,2026-05-01T04:21:32.111344,4.208
2026-05-01T04:20:32.145830,46.23,0,49.18,0.0,1000.0,0.0,4.199,92.9,99,0,60.0,2026-05-01T04:21:32.145750,4.208
2026-05-01T04:20:32.176197,46.23,0,49.19,0.0,1000.0,0.0,4.199,92.9,99,0,60.0,2026-05-01T04:21:32.176131,4.208
2026-05-01T04:20:33.180735,46.28,0,49.23,0.0,1000.0,0.0,4.199,92.9,99,0,60.0,2026-05-01T04:21:33.180603,4.208
2026-05-01T04:20:33.215896,46.28,0,49.24,0.0,1000.0,0.0,4.199,92.9,99,0,60.0,2026-05-01T04:21:33.215816,4.208
2026-05-01T04:20:33.246888,46.28,0,49.24,0.0,1000.0,0.0,4.199,92.9,99,0,60.0,2026-05-01T04:21:33.246813,4.208
2026-05-01T04:20:34.211760,46.34,0,49.29,0.0,1000.0,0.0,4.199,92.8,99,0,60.0,2026-05-01T04:21:34.211633,4.208
2026-05-01T04:20:34.243549,46.34,0,49.29,0.0,1000.0,0.0,4.199,92.8,99,0,60.0,2026-05-01T04:21:34.243472,4.208
2026-05-01T04:20:35.254217,46.34,0,49.33,0.0,1000.0,0.0,4.199,92.8,99,0,60.0,2026-05-01T04:21:35.254031,4.208
2026-05-01T04:20:35.297724,46.39,0,49.35,0.0,1000.0,0.0,4.199,92.8,99,0,60.0,2026-05-01T04:21:35.297606,4.208
2026-05-01T04:20:35.329226,46.39,0,49.35,0.0,1000.0,0.0,4.199,92.8,99,0,60.0,2026-05-01T04:21:35.329148,4.208
2026-05-01T04:20:36.308757,46.44,0,49.39,0.0,1000.0,0.0,4.199,92.8,99,0,60.0,2026-05-01T04:21:36.308624,4.208
2026-05-01T04:20:36.348046,46.44,0,49.4,0.0,1000.0,0.0,4.199,92.8,99,0,60.0,2026-05-01T04:21:36.347933,4.208
2026-05-01T04:20:36.379207,46.44,0,49.4,0.0,1000.0,0.0,4.199,92.8,99,0,60.0,2026-05-01T04:21:36.379132,4.208
2026-05-01T04:20:37.353845,46.5,0,49.45,0.0,1000.0,0.0,4.199,92.8,99,0,60.0,2026-05-01T04:21:37.353689,4.208
2026-05-01T04:20:37.389592,46.5,0,49.46,0.0,1000.0,0.0,4.199,92.8,99,0,60.0,2026-05-01T04:21:37.389499,4.208
2026-05-01T04:20:37.419989,46.5,0,49.46,0.0,1000.0,0.0,4.199,92.8,99,0,60.0,2026-05-01T04:21:37.419908,4.208
2026-05-01T04:20:38.413930,46.54,0,49.5,0.0,1000.0,0.0,4.199,92.8,99,0,60.0,2026-05-01T04:21:38.413749,4.208
2026-05-01T04:20:38.448975,46.54,0,49.5,0.0,1000.0,0.0,4.199,92.8,99,0,60.0,2026-05-01T04:21:38.448869,4.208
2026-05-01T04:20:38.480761,46.54,0,49.51,0.0,1000.0,0.0,4.199,92.8,99,0,60.0,2026-05-01T04:21:38.480668,4.208
2026-05-01T04:20:39.452306,46.6,0,49.54,0.0,1000.0,0.0,4.199,92.7,99,0,60.0,2026-05-01T04:21:39.452169,4.208
2026-05-01T04:20:39.485713,46.6,0,49.54,0.0,1000.0,0.0,4.199,92.7,99,0,60.0,2026-05-01T04:21:39.485628,4.208
2026-05-01T04:20:40.488069,46.6,0,49.58,0.0,1000.0,0.0,4.199,92.7,99,0,60.0,2026-05-01T04:21:40.487823,4.208
2026-05-01T04:20:40.534516,46.64,0,49.59,0.0,1000.0,0.0,4.199,92.7,99,0,60.0,2026-05-01T04:21:40.534408,4.208
2026-05-01T04:20:40.565470,46.64,0,49.59,0.0,1000.0,0.0,4.199,92.7,99,0,60.0,2026-05-01T04:21:40.565389,4.208
2026-05-01T04:20:41.544165,46.7,0,49.63,0.0,1000.0,0.0,4.199,92.7,99,0,60.0,2026-05-01T04:21:41.544006,4.208
2026-05-01T04:20:41.583399,46.7,0,49.64,0.0,1000.0,0.0,4.199,92.7,99,0,60.0,2026-05-01T04:21:41.583301,4.208
2026-05-01T04:20:41.614191,46.7,0,49.64,0.0,1000.0,0.0,4.199,92.7,99,0,60.0,2026-05-01T04:21:41.614127,4.208
2026-05-01T04:20:42.594305,46.73,0,49.68,0.0,1000.0,0.0,4.199,92.7,99,0,60.0,2026-05-01T04:21:42.594166,4.208
2026-05-01T04:20:42.629934,46.73,0,49.68,0.0,1000.0,0.0,4.199,92.7,99,0,60.0,2026-05-01T04:21:42.629839,4.208
2026-05-01T04:20:42.660525,46.73,0,49.68,0.0,1000.0,0.0,4.199,92.7,99,0,60.0,2026-05-01T04:21:42.660444,4.208
2026-05-01T04:20:43.653914,46.78,0,49.72,0.0,1000.0,0.0,4.199,92.7,99,0,60.0,2026-05-01T04:21:43.653771,4.208
2026-05-01T04:20:43.689816,46.78,0,49.73,0.0,1000.0,0.0,4.199,92.7,99,0,60.0,2026-05-01T04:21:43.689715,4.208
2026-05-01T04:20:43.721555,46.78,0,49.73,0.0,1000.0,0.0,4.199,92.7,99,0,60.0,2026-05-01T04:21:43.721439,4.208
2026-05-01T04:20:44.698369,46.82,0,49.77,0.0,1000.0,0.0,4.199,92.7,99,0,60.0,2026-05-01T04:21:44.698229,4.208
2026-05-01T04:20:44.731597,46.82,0,49.77,0.0,1000.0,0.0,4.199,92.7,99,0,60.0,2026-05-01T04:21:44.731511,4.208
2026-05-01T04:20:45.720983,46.82,0,49.81,0.0,1000.0,0.0,4.199,92.7,99,0,60.0,2026-05-01T04:21:45.720804,4.208
2026-05-01T04:20:45.759126,46.85,0,49.81,0.0,1000.0,0.0,4.199,92.7,99,0,60.0,2026-05-01T04:21:45.759035,4.208
2026-05-01T04:20:45.789844,46.85,0,49.81,0.0,1000.0,0.0,4.199,92.7,99,0,60.0,2026-05-01T04:21:45.789775,4.208
2026-05-01T04:20:46.769775,46.89,0,49.84,0.0,1000.0,0.0,4.199,92.6,99,0,60.0,2026-05-01T04:21:46.769627,4.208
2026-05-01T04:20:46.806780,46.89,0,49.84,0.0,1000.0,0.0,4.199,92.6,99,0,60.0,2026-05-01T04:21:46.806689,4.208
2026-05-01T04:20:46.837571,46.89,0,49.84,0.0,1000.0,0.0,4.199,92.6,99,0,60.0,2026-05-01T04:21:46.837503,4.208
2026-05-01T04:20:47.834320,46.94,0,49.89,0.0,1000.0,0.0,4.199,92.6,99,0,60.0,2026-05-01T04:21:47.834178,4.208
2026-05-01T04:20:47.870865,46.94,0,49.89,0.0,1000.0,0.0,4.199,92.6,99,0,60.0,2026-05-01T04:21:47.870767,4.208
2026-05-01T04:20:47.901497,46.94,0,49.89,0.0,1000.0,0.0,4.199,92.6,99,0,60.0,2026-05-01T04:21:47.901427,4.208
2026-05-01T04:20:48.936778,46.97,0,49.93,0.0,1000.0,0.0,4.199,92.6,99,0,60.0,2026-05-01T04:21:48.912207,4.208
2026-05-01T04:20:48.975489,46.97,0,49.93,0.0,1000.0,0.0,4.199,92.6,99,0,60.0,2026-05-01T04:21:48.975400,4.208
2026-05-01T04:20:49.006434,46.97,0,49.93,0.0,1000.0,0.0,4.199,92.6,99,0,60.0,2026-05-01T04:21:49.006335,4.208
2026-05-01T04:20:49.940088,47.0,0,49.96,0.0,1000.0,0.0,4.199,92.6,99,0,60.0,2026-05-01T04:21:49.939971,4.208
2026-05-01T04:20:49.974030,47.0,0,49.96,0.0,1000.0,0.0,4.199,92.6,99,0,60.0,2026-05-01T04:21:49.973955,4.208
2026-05-01T04:20:50.946253,47.0,0,50.0,0.0,1000.0,0.0,4.199,92.6,99,0,60.0,2026-05-01T04:21:50.946088,4.208
2026-05-01T04:20:50.979374,47.05,0,50.0,0.0,1000.0,0.0,4.199,92.6,99,0,60.0,2026-05-01T04:21:50.979256,4.208
2026-05-01T04:20:51.010628,47.05,0,50.0,0.0,1000.0,0.0,4.199,92.6,99,0,60.0,2026-05-01T04:21:51.010544,4.208
2026-05-01T04:20:52.011268,47.11,0,50.04,0.0,1000.0,0.0,4.199,92.6,99,0,60.0,2026-05-01T04:21:52.011091,4.208
2026-05-01T04:20:52.049939,47.11,0,50.05,0.0,1000.0,0.0,4.199,92.6,99,0,60.0,2026-05-01T04:21:52.049829,4.208
2026-05-01T04:20:52.080891,47.11,0,50.05,0.0,1000.0,0.0,4.199,92.6,99,0,60.0,2026-05-01T04:21:52.080810,4.208
2026-05-01T04:20:53.051449,47.14,0,50.09,0.0,1000.0,0.0,4.199,92.6,99,0,60.0,2026-05-01T04:21:53.051312,4.208
2026-05-01T04:20:53.084685,47.14,0,50.09,0.0,1000.0,0.0,4.199,92.6,99,0,60.0,2026-05-01T04:21:53.084596,4.208
2026-05-01T04:20:53.114849,47.14,0,50.09,0.0,1000.0,0.0,4.199,92.6,99,0,60.0,2026-05-01T04:21:53.114780,4.208
2026-05-01T04:20:54.123925,47.18,0,50.13,0.0,1000.0,0.0,4.199,92.6,99,0,60.0,2026-05-01T04:21:54.123788,4.208
2026-05-01T04:20:54.158764,47.18,0,50.13,0.0,1000.0,0.0,4.199,92.6,99,0,60.0,2026-05-01T04:21:54.158672,4.208
2026-05-01T04:20:54.189252,47.18,0,50.13,0.0,1000.0,0.0,4.199,92.6,99,0,60.0,2026-05-01T04:21:54.189174,4.208
2026-05-01T04:20:55.165638,47.22,0,50.17,0.0,1000.0,0.0,4.199,92.5,99,0,60.0,2026-05-01T04:21:55.165504,4.208
2026-05-01T04:20:55.198705,47.22,0,50.17,0.0,1000.0,0.0,4.199,92.5,99,0,60.0,2026-05-01T04:21:55.198613,4.208
2026-05-01T04:20:56.189933,47.22,0,50.21,0.0,1000.0,0.0,4.199,92.5,99,0,60.0,2026-05-01T04:21:56.189736,4.208
2026-05-01T04:20:56.229605,47.29,0,50.23,0.0,1000.0,0.0,4.199,92.5,99,0,60.0,2026-05-01T04:21:56.229500,4.208
2026-05-01T04:20:56.260537,47.29,0,50.23,0.0,1000.0,0.0,4.199,92.5,99,0,60.0,2026-05-01T04:21:56.260451,4.208
2026-05-01T04:20:57.249242,47.33,0,50.28,0.0,1000.0,0.0,4.199,92.5,99,0,60.0,2026-05-01T04:21:57.249096,4.208
2026-05-01T04:20:57.287154,47.33,0,50.28,0.0,1000.0,0.0,4.199,92.5,99,0,60.0,2026-05-01T04:21:57.287047,4.208
2026-05-01T04:20:57.318481,47.33,0,50.28,0.0,1000.0,0.0,4.199,92.5,99,0,60.0,2026-05-01T04:21:57.318399,4.208
2026-05-01T04:20:58.305975,47.37,0,50.32,0.0,1000.0,0.0,4.199,92.5,99,0,60.0,2026-05-01T04:21:58.305843,4.208
2026-05-01T04:20:58.342435,47.37,0,50.32,0.0,1000.0,0.0,4.199,92.5,99,0,60.0,2026-05-01T04:21:58.342347,4.208
2026-05-01T04:20:58.373285,47.37,0,50.32,0.0,1000.0,0.0,4.199,92.5,99,0,60.0,2026-05-01T04:21:58.373212,4.208
2026-05-01T04:20:59.360278,47.43,0,50.37,0.0,1000.0,0.0,4.199,92.5,99,0,60.0,2026-05-01T04:21:59.360116,4.208
2026-05-01T04:20:59.396087,47.43,0,50.38,0.0,1000.0,0.0,4.199,92.5,99,0,60.0,2026-05-01T04:21:59.396001,4.208
2026-05-01T04:20:59.428715,47.43,0,50.38,0.0,1000.0,0.0,4.199,92.5,99,0,60.0,2026-05-01T04:21:59.428597,4.208
2026-05-01T04:21:00.409119,47.51,0,50.44,0.0,1000.0,0.0,4.199,92.4,99,0,60.0,2026-05-01T04:22:00.408990,4.208
2026-05-01T04:21:00.443038,47.51,0,50.44,0.0,1000.0,0.0,4.199,92.4,99,0,60.0,2026-05-01T04:22:00.442965,4.208
2026-05-01T04:21:01.421170,47.51,0,50.49,0.0,1000.0,0.0,4.199,92.4,99,0,60.0,2026-05-01T04:22:01.421077,4.208
2026-05-01T04:21:01.458817,47.56,0,50.5,0.0,1000.0,0.0,4.199,92.4,99,0,60.0,2026-05-01T04:22:01.458719,4.208
2026-05-01T04:21:01.493145,47.56,0,50.5,0.0,1000.0,0.0,4.199,92.4,99,0,60.0,2026-05-01T04:22:01.493066,4.208
2026-05-01T04:21:02.486824,47.61,0,50.55,0.0,1000.0,0.0,4.199,92.4,99,0,60.0,2026-05-01T04:22:02.486674,4.208
2026-05-01T04:21:02.525207,47.61,0,50.55,0.0,1000.0,0.0,4.199,92.4,99,0,60.0,2026-05-01T04:22:02.525127,4.208
2026-05-01T04:21:02.556281,47.61,0,50.56,0.0,1000.0,0.0,4.199,92.4,99,0,60.0,2026-05-01T04:22:02.556204,4.208
2026-05-01T04:21:03.541476,47.66,0,50.59,0.0,1000.0,0.0,4.199,92.4,99,0,60.0,2026-05-01T04:22:03.541341,4.208
2026-05-01T04:21:03.578427,47.66,0,50.59,0.0,1000.0,0.0,4.199,92.4,99,0,60.0,2026-05-01T04:22:03.578327,4.208
2026-05-01T04:21:03.609194,47.66,0,50.6,0.0,1000.0,0.0,4.199,92.4,99,0,60.0,2026-05-01T04:22:03.609115,4.208
2026-05-01T04:21:04.589527,47.72,0,50.65,0.0,1000.0,0.0,4.199,92.4,99,0,60.0,2026-05-01T04:22:04.589406,4.209
2026-05-01T04:21:04.624124,47.72,0,50.65,0.0,1000.0,0.0,4.199,92.4,99,0,60.0,2026-05-01T04:22:04.624049,4.209
2026-05-01T04:21:04.654613,47.72,0,50.66,0.0,1000.0,0.0,4.199,92.4,99,0,60.0,2026-05-01T04:22:04.654535,4.209
2026-05-01T04:21:05.645615,47.78,0,50.71,0.0,1000.0,0.0,4.199,92.3,99,0,60.0,2026-05-01T04:22:05.645487,4.209
2026-05-01T04:21:05.678606,47.78,0,50.71,0.0,1000.0,0.0,4.199,92.3,99,0,60.0,2026-05-01T04:22:05.678532,4.209
2026-05-01T04:21:06.668163,47.78,0,50.75,0.0,1000.0,0.0,4.199,92.3,99,0,60.0,2026-05-01T04:22:06.667834,4.209
2026-05-01T04:21:06.709349,47.86,0,50.78,0.0,1000.0,0.0,4.199,92.3,99,0,60.0,2026-05-01T04:22:06.709267,4.209
2026-05-01T04:21:06.740466,47.86,0,50.79,0.0,1000.0,0.0,4.199,92.3,99,0,60.0,2026-05-01T04:22:06.740398,4.209
2026-05-01T04:21:07.720945,47.9,0,50.83,0.0,1000.0,0.0,4.199,92.3,99,0,60.0,2026-05-01T04:22:07.720762,4.209
2026-05-01T04:21:07.759394,47.9,0,50.84,0.0,1000.0,0.0,4.199,92.3,99,0,60.0,2026-05-01T04:22:07.759303,4.209
2026-05-01T04:21:07.790165,47.9,0,50.84,0.0,1000.0,0.0,4.199,92.3,99,0,60.0,2026-05-01T04:22:07.790095,4.209
2026-05-01T04:21:08.779304,47.97,0,50.89,0.0,1000.0,0.0,4.199,92.3,99,0,60.0,2026-05-01T04:22:08.779133,4.209
2026-05-01T04:21:08.818046,47.97,0,50.9,0.0,1000.0,0.0,4.199,92.3,99,0,60.0,2026-05-01T04:22:08.817892,4.209
2026-05-01T04:21:08.850203,47.97,0,50.9,0.0,1000.0,0.0,4.199,92.3,99,0,60.0,2026-05-01T04:22:08.850086,4.209
2026-05-01T04:21:09.813288,48.03,0,50.95,0.0,1000.0,0.0,4.199,92.3,99,0,60.0,2026-05-01T04:22:09.813179,4.209
2026-05-01T04:21:09.855846,48.03,0,50.96,0.0,1000.0,0.0,4.199,92.3,99,0,60.0,2026-05-01T04:22:09.855690,4.209
2026-05-01T04:21:09.895372,48.03,0,50.96,0.0,1000.0,0.0,4.199,92.3,99,0,60.0,2026-05-01T04:22:09.895214,4.209
2026-05-01T04:21:10.881440,48.07,0,51.0,0.0,1000.0,0.0,4.199,92.3,99,0,60.0,2026-05-01T04:22:10.881296,4.209
2026-05-01T04:21:10.920026,48.07,0,51.01,0.0,1000.0,0.0,4.199,92.3,99,0,60.0,2026-05-01T04:22:10.919876,4.209
2026-05-01T04:21:11.901133,48.07,0,51.05,0.0,1000.0,0.0,4.199,92.3,99,0,60.0,2026-05-01T04:22:11.900030,4.209
2026-05-01T04:21:11.993295,48.13,0,51.06,0.0,1000.0,0.0,4.199,92.2,99,0,60.0,2026-05-01T04:22:11.980604,4.209
2026-05-01T04:21:12.025140,48.13,0,51.07,0.0,1000.0,0.0,4.199,92.2,99,0,60.0,2026-05-01T04:22:12.025042,4.209
2026-05-01T04:21:12.960260,48.18,0,51.11,0.0,1000.0,0.0,4.199,92.2,99,0,60.0,2026-05-01T04:22:12.959995,4.209
2026-05-01T04:21:13.000803,48.18,0,51.11,0.0,1000.0,0.0,4.199,92.2,99,0,60.0,2026-05-01T04:22:13.000663,4.209
2026-05-01T04:21:13.032479,48.18,0,51.12,0.0,1000.0,0.0,4.199,92.2,99,0,60.0,2026-05-01T04:22:13.032400,4.209
2026-05-01T04:21:13.987077,48.23,0,51.16,0.0,1000.0,0.0,4.199,92.2,99,0,60.0,2026-05-01T04:22:13.986968,4.209
2026-05-01T04:21:14.018103,48.23,0,51.17,0.0,1000.0,0.0,4.199,92.2,99,0,60.0,2026-05-01T04:22:14.018021,4.209
2026-05-01T04:21:14.048685,48.23,0,51.17,0.0,1000.0,0.0,4.199,92.2,99,0,60.0,2026-05-01T04:22:14.048612,4.209
2026-05-01T04:21:15.066699,48.25,0,51.2,0.0,1000.0,0.0,4.199,92.2,99,0,60.0,2026-05-01T04:22:15.066568,4.209
2026-05-01T04:21:15.102151,48.25,0,51.2,0.0,1000.0,0.0,4.199,92.2,99,0,60.0,2026-05-01T04:22:15.102067,4.209
2026-05-01T04:21:15.133171,48.25,0,51.2,0.0,1000.0,0.0,4.199,92.2,99,0,60.0,2026-05-01T04:22:15.133098,4.209
2026-05-01T04:21:16.102752,48.28,0,51.23,0.0,1000.0,0.0,4.199,92.2,99,0,60.0,2026-05-01T04:22:16.102580,4.209
2026-05-01T04:21:16.136577,48.28,0,51.23,0.0,1000.0,0.0,4.199,92.2,99,0,60.0,2026-05-01T04:22:16.136482,4.209
2026-05-01T04:21:17.142359,48.28,0,51.26,0.0,1000.0,0.0,4.199,92.2,99,0,60.0,2026-05-01T04:22:17.142057,4.209
2026-05-01T04:21:17.183848,48.33,0,51.27,0.0,1000.0,0.0,4.199,92.2,99,0,60.0,2026-05-01T04:22:17.183742,4.209
2026-05-01T04:21:17.216418,48.33,0,51.27,0.0,1000.0,0.0,4.199,92.2,99,0,60.0,2026-05-01T04:22:17.216326,4.209
2026-05-01T04:21:18.194236,48.37,0,51.31,0.0,1000.0,0.0,4.199,92.1,99,0,60.0,2026-05-01T04:22:18.194074,4.209
2026-05-01T04:21:18.232968,48.37,0,51.31,0.0,1000.0,0.0,4.199,92.1,99,0,60.0,2026-05-01T04:22:18.232885,4.209
2026-05-01T04:21:18.269263,48.37,0,51.32,0.0,1000.0,0.0,4.199,92.1,99,0,60.0,2026-05-01T04:22:18.269096,4.209
2026-05-01T04:21:19.234852,48.4,0,51.35,0.0,1000.0,0.0,4.199,92.1,99,0,60.0,2026-05-01T04:22:19.234684,4.209
2026-05-01T04:21:19.275813,48.4,0,51.35,0.0,1000.0,0.0,4.199,92.1,99,0,60.0,2026-05-01T04:22:19.275718,4.209
2026-05-01T04:21:19.307669,48.4,0,51.35,0.0,1000.0,0.0,4.199,92.1,99,0,60.0,2026-05-01T04:22:19.307597,4.209
2026-05-01T04:21:20.297359,48.44,0,51.38,0.0,1000.0,0.0,4.199,92.1,99,0,60.0,2026-05-01T04:22:20.297168,4.209
2026-05-01T04:21:20.367846,48.44,0,51.38,0.0,1000.0,0.0,4.199,92.1,99,0,60.0,2026-05-01T04:22:20.367266,4.209
2026-05-01T04:21:20.409251,48.44,0,51.38,0.0,1000.0,0.0,4.199,92.1,99,0,60.0,2026-05-01T04:22:20.409085,4.209
2026-05-01T04:21:21.359356,48.47,0,51.41,0.0,1000.0,0.0,4.199,92.1,99,0,60.0,2026-05-01T04:22:21.359217,4.209
2026-05-01T04:21:21.393347,48.47,0,51.41,0.0,1000.0,0.0,4.199,92.1,99,0,60.0,2026-05-01T04:22:21.393238,4.209
2026-05-01T04:21:22.365893,48.47,0,51.45,0.0,1000.0,0.0,4.199,92.1,99,0,60.0,2026-05-01T04:22:22.365743,4.209
2026-05-01T04:21:22.405713,48.51,0,51.45,0.0,1000.0,0.0,4.199,92.1,99,0,60.0,2026-05-01T04:22:22.405586,4.209
2026-05-01T04:21:22.437884,48.51,0,51.45,0.0,1000.0,0.0,4.199,92.1,99,0,60.0,2026-05-01T04:22:22.437806,4.209
2026-05-01T04:21:23.412389,48.54,0,51.48,0.0,1000.0,0.0,4.199,92.1,99,0,60.0,2026-05-01T04:22:23.412241,4.209
2026-05-01T04:21:23.447304,48.54,0,51.48,0.0,1000.0,0.0,4.199,92.1,99,0,60.0,2026-05-01T04:22:23.447209,4.209
2026-05-01T04:21:23.478583,48.54,0,51.48,0.0,1000.0,0.0,4.199,92.1,99,0,60.0,2026-05-01T04:22:23.478501,4.209
2026-05-01T04:21:24.467037,48.57,0,51.52,0.0,1000.0,0.0,4.199,92.1,99,0,60.0,2026-05-01T04:22:24.466918,4.209
2026-05-01T04:21:24.501975,48.57,0,51.51,0.0,1000.0,0.0,4.199,92.1,99,0,60.0,2026-05-01T04:22:24.501855,4.209
2026-05-01T04:21:24.535355,48.57,0,51.51,0.0,1000.0,0.0,4.199,92.1,99,0,60.0,2026-05-01T04:22:24.535251,4.209
2026-05-01T04:21:25.510283,48.63,0,51.56,0.0,1000.0,0.0,4.199,92.1,99,0,60.0,2026-05-01T04:22:25.510137,4.209
2026-05-01T04:21:25.543577,48.63,0,51.56,0.0,1000.0,0.0,4.199,92.1,99,0,60.0,2026-05-01T04:22:25.543451,4.209
2026-05-01T04:21:25.576954,48.63,0,51.57,0.0,1000.0,0.0,4.199,92.1,99,0,60.0,2026-05-01T04:22:25.576837,4.209
2026-05-01T04:21:26.593788,48.65,0,51.6,0.0,1000.0,0.0,4.199,92.1,99,0,60.0,2026-05-01T04:22:26.593668,4.209
2026-05-01T04:21:26.651331,48.65,0,51.6,0.0,1000.0,0.0,4.199,92.1,99,0,60.0,2026-05-01T04:22:26.651189,4.209
2026-05-01T04:21:27.606289,48.65,0,51.62,0.0,1000.0,0.0,4.199,92.1,99,0,60.0,2026-05-01T04:22:27.605911,4.209
2026-05-01T04:21:27.654751,48.7,0,51.63,0.0,1000.0,0.0,4.199,92.0,99,0,60.0,2026-05-01T04:22:27.654607,4.209
2026-05-01T04:21:27.685761,48.7,0,51.63,0.0,1000.0,0.0,4.199,92.0,99,0,60.0,2026-05-01T04:22:27.685673,4.209
2026-05-01T04:21:28.668710,48.73,0,51.67,0.0,1000.0,0.0,4.199,92.0,99,0,60.0,2026-05-01T04:22:28.668419,4.209
2026-05-01T04:21:28.708501,48.73,0,51.67,0.0,1000.0,0.0,4.199,92.0,99,0,60.0,2026-05-01T04:22:28.708398,4.209
2026-05-01T04:21:28.740854,48.73,0,51.67,0.0,1000.0,0.0,4.199,92.0,99,0,60.0,2026-05-01T04:22:28.740746,4.209
2026-05-01T04:21:29.709243,48.76,0,51.7,0.0,1000.0,0.0,4.199,92.0,99,0,60.0,2026-05-01T04:22:29.709070,4.209
2026-05-01T04:21:29.750434,48.76,0,51.7,0.0,1000.0,0.0,4.199,92.0,99,0,60.0,2026-05-01T04:22:29.750196,4.209
2026-05-01T04:21:29.785108,48.76,0,51.7,0.0,1000.0,0.0,4.199,92.0,99,0,60.0,2026-05-01T04:22:29.784935,4.209
2026-05-01T04:21:30.774744,48.79,0,51.73,0.0,1000.0,0.0,4.199,92.0,99,0,60.0,2026-05-01T04:22:30.774525,4.209
2026-05-01T04:21:30.812261,48.79,0,51.73,0.0,1000.0,0.0,4.199,92.0,99,0,60.0,2026-05-01T04:22:30.812137,4.209
2026-05-01T04:21:30.846990,48.79,0,51.73,0.0,1000.0,0.0,4.199,92.0,99,0,60.0,2026-05-01T04:22:30.846859,4.209
2026-05-01T04:21:31.826018,48.83,0,51.77,0.0,1000.0,0.0,4.199,92.0,99,0,60.0,2026-05-01T04:22:31.825874,4.209
2026-05-01T04:21:31.862020,48.83,0,51.77,0.0,1000.0,0.0,4.199,92.0,99,0,60.0,2026-05-01T04:22:31.861881,4.209
2026-05-01T04:21:32.846447,48.83,0,51.8,0.0,1000.0,0.0,4.199,92.0,99,0,60.0,2026-05-01T04:22:32.846251,4.209
2026-05-01T04:21:32.893205,48.89,0,51.81,0.0,1000.0,0.0,4.199,92.0,99,0,60.0,2026-05-01T04:22:32.893075,4.209
2026-05-01T04:21:32.926768,48.89,0,51.81,0.0,1000.0,0.0,4.199,92.0,99,0,60.0,2026-05-01T04:22:32.926646,4.209
2026-05-01T04:21:33.911741,48.94,0,51.85,0.0,1000.0,0.0,4.199,92.0,99,0,60.0,2026-05-01T04:22:33.911573,4.209
2026-05-01T04:21:33.980677,48.94,0,51.86,0.0,1000.0,0.0,4.199,92.0,99,0,60.0,2026-05-01T04:22:33.951607,4.209
2026-05-01T04:21:34.040415,48.94,0,51.87,0.0,1000.0,0.0,4.199,92.0,99,0,60.0,2026-05-01T04:22:34.040281,4.209
2026-05-01T04:21:34.953362,48.99,0,51.91,0.0,1000.0,0.0,4.199,91.9,99,0,60.0,2026-05-01T04:22:34.953147,4.209
2026-05-01T04:21:34.992468,48.99,0,51.91,0.0,1000.0,0.0,4.199,91.9,99,0,60.0,2026-05-01T04:22:34.992349,4.209
2026-05-01T04:21:35.025277,48.99,0,51.92,0.0,1000.0,0.0,4.199,91.9,99,0,60.0,2026-05-01T04:22:35.025169,4.209
2026-05-01T04:21:35.980269,49.04,0,51.96,0.0,1000.0,0.0,4.199,91.9,99,0,60.0,2026-05-01T04:22:35.980115,4.209
2026-05-01T04:21:36.013819,49.04,0,51.96,0.0,1000.0,0.0,4.199,91.9,99,0,60.0,2026-05-01T04:22:36.013688,4.209
2026-05-01T04:21:36.047320,49.04,0,51.97,0.0,1000.0,0.0,4.199,91.9,99,0,60.0,2026-05-01T04:22:36.047187,4.209
2026-05-01T04:21:37.050649,49.09,0,52.01,0.0,1000.0,0.0,4.199,91.9,99,0,60.0,2026-05-01T04:22:37.050476,4.209
2026-05-01T04:21:37.088430,49.09,0,52.02,0.0,1000.0,0.0,4.199,91.9,99,0,60.0,2026-05-01T04:22:37.088307,4.209
2026-05-01T04:21:38.063739,49.09,0,52.06,0.0,1000.0,0.0,4.199,91.9,99,0,60.0,2026-05-01T04:22:38.063581,4.209
2026-05-01T04:21:38.103135,49.14,0,52.06,0.0,1000.0,0.0,4.199,91.9,99,0,60.0,2026-05-01T04:22:38.102943,4.209
2026-05-01T04:21:38.136408,49.14,0,52.07,0.0,1000.0,0.0,4.199,91.9,99,0,60.0,2026-05-01T04:22:38.136285,4.209
2026-05-01T04:21:39.123741,49.18,0,52.11,0.0,1000.0,0.0,4.199,91.9,99,0,60.0,2026-05-01T04:22:39.123540,4.209
2026-05-01T04:21:39.162424,49.18,0,52.11,0.0,1000.0,0.0,4.199,91.9,99,0,60.0,2026-05-01T04:22:39.162296,4.209
2026-05-01T04:21:39.196017,49.18,0,52.11,0.0,1000.0,0.0,4.199,91.9,99,0,60.0,2026-05-01T04:22:39.195912,4.209
2026-05-01T04:21:40.173074,49.26,0,52.16,0.0,1000.0,0.0,4.199,91.8,99,0,60.0,2026-05-01T04:22:40.172892,4.209
2026-05-01T04:21:40.210661,49.26,0,52.18,0.0,1000.0,0.0,4.199,91.8,99,0,60.0,2026-05-01T04:22:40.210526,4.209
2026-05-01T04:21:40.243914,49.26,0,52.18,0.0,1000.0,0.0,4.199,91.8,99,0,60.0,2026-05-01T04:22:40.243795,4.209
2026-05-01T04:21:41.242588,49.31,0,52.23,0.0,1000.0,0.0,4.199,91.8,99,0,60.0,2026-05-01T04:22:41.242401,4.209
2026-05-01T04:21:41.280577,49.31,0,52.24,0.0,1000.0,0.0,4.199,91.8,99,0,60.0,2026-05-01T04:22:41.280456,4.209
2026-05-01T04:21:41.313810,49.31,0,52.24,0.0,1000.0,0.0,4.199,91.8,99,0,60.0,2026-05-01T04:22:41.313692,4.209
2026-05-01T04:21:42.287904,49.37,0,52.29,0.0,1000.0,0.0,4.199,91.8,99,0,60.0,2026-05-01T04:22:42.287725,4.209
2026-05-01T04:21:42.325442,49.37,0,52.29,0.0,1000.0,0.0,4.199,91.8,99,0,60.0,2026-05-01T04:22:42.325319,4.209
2026-05-01T04:21:43.314878,49.37,0,52.33,0.0,1000.0,0.0,4.199,91.8,99,0,60.0,2026-05-01T04:22:43.314684,4.209
2026-05-01T04:21:43.360212,49.43,0,52.35,0.0,1000.0,0.0,4.199,91.8,99,0,60.0,2026-05-01T04:22:43.360071,4.209
2026-05-01T04:21:43.393772,49.43,0,52.35,0.0,1000.0,0.0,4.199,91.8,99,0,60.0,2026-05-01T04:22:43.393665,4.209
2026-05-01T04:21:44.371950,49.51,0,52.4,0.0,1000.0,0.0,4.199,91.8,99,0,60.0,2026-05-01T04:22:44.371760,4.209
2026-05-01T04:21:44.414304,49.51,0,52.42,0.0,1000.0,0.0,4.199,91.8,99,0,60.0,2026-05-01T04:22:44.414186,4.209
2026-05-01T04:21:44.451015,49.51,0,52.43,0.0,1000.0,0.0,4.199,91.8,99,0,60.0,2026-05-01T04:22:44.450873,4.209
2026-05-01T04:21:45.427139,49.55,0,52.47,0.0,1000.0,0.0,4.199,91.8,99,0,60.0,2026-05-01T04:22:45.426975,4.209
2026-05-01T04:21:45.467404,49.55,0,52.48,0.0,1000.0,0.0,4.199,91.8,99,0,60.0,2026-05-01T04:22:45.467260,4.209
2026-05-01T04:21:45.500322,49.55,0,52.48,0.0,1000.0,0.0,4.199,91.8,99,0,60.0,2026-05-01T04:22:45.500198,4.209
2026-05-01T04:21:46.479638,49.59,0,52.52,0.0,1000.0,0.0,4.199,91.8,99,0,60.0,2026-05-01T04:22:46.479479,4.209
2026-05-01T04:21:46.518619,49.59,0,52.52,0.0,1000.0,0.0,4.199,91.7,99,0,60.0,2026-05-01T04:22:46.518488,4.209
2026-05-01T04:21:46.551578,49.59,0,52.52,0.0,1000.0,0.0,4.199,91.7,99,0,60.0,2026-05-01T04:22:46.551454,4.209
2026-05-01T04:21:47.533688,49.65,0,52.57,0.0,1000.0,0.0,4.199,91.7,99,0,60.0,2026-05-01T04:22:47.533503,4.209
2026-05-01T04:21:47.569855,49.65,0,52.58,0.0,1000.0,0.0,4.199,91.7,99,0,60.0,2026-05-01T04:22:47.569719,4.209
2026-05-01T04:21:48.534804,49.65,0,52.62,0.0,1000.0,0.0,4.199,91.7,99,0,60.0,2026-05-01T04:22:48.534637,4.209
2026-05-01T04:21:48.571452,49.69,0,52.62,0.0,1000.0,0.0,4.199,91.7,99,0,60.0,2026-05-01T04:22:48.571324,4.209
2026-05-01T04:21:48.604639,49.69,0,52.62,0.0,1000.0,0.0,4.199,91.7,99,0,60.0,2026-05-01T04:22:48.604523,4.209
2026-05-01T04:21:49.589463,49.75,0,52.65,0.0,1000.0,0.0,4.199,91.7,99,0,60.0,2026-05-01T04:22:49.589303,4.209
2026-05-01T04:21:49.624019,49.75,0,52.66,0.0,1000.0,0.0,4.199,91.7,99,0,60.0,2026-05-01T04:22:49.623894,4.209
2026-05-01T04:21:49.656830,49.75,0,52.67,0.0,1000.0,0.0,4.199,91.7,99,0,60.0,2026-05-01T04:22:49.656718,4.209
2026-05-01T04:21:50.658261,49.8,0,52.71,0.0,1000.0,0.0,4.199,91.7,99,0,60.0,2026-05-01T04:22:50.658105,4.209
2026-05-01T04:21:50.696652,49.8,0,52.72,0.0,1000.0,0.0,4.199,91.7,99,0,60.0,2026-05-01T04:22:50.696536,4.209
2026-05-01T04:21:50.730898,49.8,0,52.72,0.0,1000.0,0.0,4.199,91.7,99,0,60.0,2026-05-01T04:22:50.730783,4.209
2026-05-01T04:21:51.712826,49.85,0,52.76,0.0,1000.0,0.0,4.199,91.7,99,0,60.0,2026-05-01T04:22:51.712666,4.209
2026-05-01T04:21:51.751786,49.85,0,52.77,0.0,1000.0,0.0,4.199,91.7,99,0,60.0,2026-05-01T04:22:51.751645,4.209
2026-05-01T04:21:51.785457,49.85,0,52.77,0.0,1000.0,0.0,4.199,91.7,99,0,60.0,2026-05-01T04:22:51.785306,4.209
2026-05-01T04:21:52.768184,49.91,0,52.82,0.0,1000.0,0.0,4.199,91.6,99,0,60.0,2026-05-01T04:22:52.767981,4.209
2026-05-01T04:21:52.804360,49.91,0,52.82,0.0,1000.0,0.0,4.199,91.6,99,0,60.0,2026-05-01T04:22:52.804226,4.209
2026-05-01T04:21:53.788045,49.91,0,52.86,0.0,1000.0,0.0,4.199,91.6,99,0,60.0,2026-05-01T04:22:53.787842,4.209
2026-05-01T04:21:53.832711,49.97,0,52.88,0.0,1000.0,0.0,4.199,91.6,99,0,60.0,2026-05-01T04:22:53.832423,4.209
2026-05-01T04:21:53.868659,49.97,0,52.88,0.0,1000.0,0.0,4.199,91.6,99,0,60.0,2026-05-01T04:22:53.867480,4.209
2026-05-01T04:21:54.843593,50.03,0,52.93,0.0,1000.0,0.0,4.199,91.6,99,0,60.0,2026-05-01T04:22:54.843375,4.209
2026-05-01T04:21:54.886023,50.03,0,52.94,0.0,1000.0,0.0,4.199,91.6,99,0,60.0,2026-05-01T04:22:54.885835,4.209
2026-05-01T04:21:54.920364,50.03,0,52.94,0.0,1000.0,0.0,4.199,91.6,99,0,60.0,2026-05-01T04:22:54.920215,4.209
2026-05-01T04:21:55.927528,50.1,0,52.99,0.0,1000.0,0.0,4.199,91.6,99,0,60.0,2026-05-01T04:22:55.902653,4.209
2026-05-01T04:21:55.987755,50.1,0,53.01,0.0,1000.0,0.0,4.199,91.6,99,0,60.0,2026-05-01T04:22:55.987618,4.209
2026-05-01T04:21:56.019852,50.1,0,53.01,0.0,1000.0,0.0,4.199,91.6,99,0,60.0,2026-05-01T04:22:56.019756,4.209
2026-05-01T04:21:56.951624,50.16,0,53.06,0.0,1000.0,0.0,4.199,91.6,99,0,60.0,2026-05-01T04:22:56.951333,4.209
2026-05-01T04:21:56.988563,50.16,0,53.07,0.0,1000.0,0.0,4.199,91.5,99,0,60.0,2026-05-01T04:22:56.988464,4.209
2026-05-01T04:21:57.021298,50.16,0,53.08,0.0,1000.0,0.0,4.199,91.5,99,0,60.0,2026-05-01T04:22:57.021173,4.209
2026-05-01T04:21:57.977468,50.24,0,53.14,0.0,1000.0,0.0,4.199,91.5,99,0,60.0,2026-05-01T04:22:57.977290,4.209
2026-05-01T04:21:58.010081,50.24,0,53.15,0.0,1000.0,0.0,4.199,91.5,99,0,60.0,2026-05-01T04:22:58.009996,4.209
2026-05-01T04:21:59.011629,50.24,0,53.19,0.0,1000.0,0.0,4.199,91.5,99,0,60.0,2026-05-01T04:22:59.011469,4.209
2026-05-01T04:21:59.047766,50.3,0,53.21,0.0,1000.0,0.0,4.199,91.5,99,0,60.0,2026-05-01T04:22:59.047618,4.209
2026-05-01T04:21:59.084480,50.3,0,53.21,0.0,1000.0,0.0,4.199,91.5,99,0,60.0,2026-05-01T04:22:59.084301,4.209
2026-05-01T04:22:00.054044,50.35,0,53.25,0.0,1000.0,0.0,4.199,91.5,99,0,60.0,2026-05-01T04:23:00.053895,4.209
2026-05-01T04:22:00.089915,50.35,0,53.26,0.0,1000.0,0.0,4.199,91.5,99,0,60.0,2026-05-01T04:23:00.089802,4.209
2026-05-01T04:22:00.122652,50.35,0,53.26,0.0,1000.0,0.0,4.199,91.5,99,0,60.0,2026-05-01T04:23:00.122527,4.209
2026-05-01T04:22:01.127913,50.4,0,53.31,0.0,1000.0,0.0,4.199,91.5,99,0,60.0,2026-05-01T04:23:01.127737,4.209
2026-05-01T04:22:01.169482,50.4,0,53.31,0.0,1000.0,0.0,4.199,91.5,99,0,60.0,2026-05-01T04:23:01.169326,4.209
2026-05-01T04:22:01.202825,50.4,0,53.32,0.0,1000.0,0.0,4.199,91.5,99,0,60.0,2026-05-01T04:23:01.202704,4.209
2026-05-01T04:22:02.184225,50.45,0,53.36,0.0,1000.0,0.0,4.199,91.5,99,0,60.0,2026-05-01T04:23:02.184032,4.209
2026-05-01T04:22:02.223016,50.45,0,53.37,0.0,1000.0,0.0,4.199,91.5,99,0,60.0,2026-05-01T04:23:02.222824,4.209
2026-05-01T04:22:02.256073,50.45,0,53.37,0.0,1000.0,0.0,4.199,91.5,99,0,60.0,2026-05-01T04:23:02.255884,4.209
2026-05-01T04:22:03.238700,50.49,0,53.41,0.0,1000.0,0.0,4.199,91.4,99,0,60.0,2026-05-01T04:23:03.238540,4.209
2026-05-01T04:22:03.275732,50.49,0,53.41,0.0,1000.0,0.0,4.199,91.4,99,0,60.0,2026-05-01T04:23:03.275590,4.209
2026-05-01T04:22:04.247142,50.49,0,53.45,0.0,1000.0,0.0,4.199,91.4,99,0,60.0,2026-05-01T04:23:04.247006,4.209
2026-05-01T04:22:04.284862,50.53,0,53.45,0.0,1000.0,0.0,4.199,91.4,99,0,60.0,2026-05-01T04:23:04.284719,4.209
2026-05-01T04:22:04.319195,50.53,0,53.45,0.0,1000.0,0.0,4.199,91.4,99,0,60.0,2026-05-01T04:23:04.318972,4.209
2026-05-01T04:22:05.313006,50.58,0,53.49,0.0,1000.0,0.0,4.199,91.4,99,0,60.0,2026-05-01T04:23:05.312836,4.209
2026-05-01T04:22:05.355267,50.58,0,53.5,0.0,1000.0,0.0,4.199,91.4,99,0,60.0,2026-05-01T04:23:05.355115,4.209
2026-05-01T04:22:05.388925,50.58,0,53.5,0.0,1000.0,0.0,4.199,91.4,99,0,60.0,2026-05-01T04:23:05.388806,4.209
2026-05-01T04:22:06.369387,50.62,0,53.54,0.0,1000.0,0.0,4.199,91.4,99,0,60.0,2026-05-01T04:23:06.369204,4.209
2026-05-01T04:22:06.409279,50.62,0,53.54,0.0,1000.0,0.0,4.199,91.4,99,0,60.0,2026-05-01T04:23:06.409165,4.209
2026-05-01T04:22:06.443024,50.62,0,53.54,0.0,1000.0,0.0,4.199,91.4,99,0,60.0,2026-05-01T04:23:06.442910,4.209
2026-05-01T04:22:07.420669,50.68,0,53.59,0.0,1000.0,0.0,4.199,91.4,99,0,60.0,2026-05-01T04:23:07.420501,4.209
2026-05-01T04:22:07.459090,50.68,0,53.6,0.0,1000.0,0.0,4.199,91.4,99,0,60.0,2026-05-01T04:23:07.458940,4.209
2026-05-01T04:22:07.492767,50.68,0,53.6,0.0,1000.0,0.0,4.199,91.4,99,0,60.0,2026-05-01T04:23:07.492623,4.209
2026-05-01T04:22:08.476866,50.72,0,53.64,0.0,1000.0,0.0,4.199,91.4,99,0,60.0,2026-05-01T04:23:08.476716,4.209
2026-05-01T04:22:08.513182,50.72,0,53.64,0.0,1000.0,0.0,4.199,91.4,99,0,60.0,2026-05-01T04:23:08.513038,4.209
2026-05-01T04:22:09.484192,50.72,0,53.68,0.0,1000.0,0.0,4.199,91.4,99,0,60.0,2026-05-01T04:23:09.484030,4.209
2026-05-01T04:22:09.523001,50.78,0,53.69,0.0,1000.0,0.0,4.199,91.3,99,0,60.0,2026-05-01T04:23:09.522872,4.209
2026-05-01T04:22:09.555634,50.78,0,53.69,0.0,1000.0,0.0,4.199,91.3,99,0,60.0,2026-05-01T04:23:09.555522,4.209
2026-05-01T04:22:10.550967,50.84,0,53.73,0.0,1000.0,0.0,4.199,91.3,99,0,60.0,2026-05-01T04:23:10.550752,4.209
2026-05-01T04:22:10.593077,50.84,0,53.74,0.0,1000.0,0.0,4.199,91.3,99,0,60.0,2026-05-01T04:23:10.592962,4.209
2026-05-01T04:22:10.626642,50.84,0,53.74,0.0,1000.0,0.0,4.199,91.3,99,0,60.0,2026-05-01T04:23:10.626513,4.209
2026-05-01T04:22:11.603894,50.89,0,53.79,0.0,1000.0,0.0,4.199,91.3,99,0,60.0,2026-05-01T04:23:11.603663,4.209
2026-05-01T04:22:11.643040,50.89,0,53.79,0.0,1000.0,0.0,4.199,91.3,99,0,60.0,2026-05-01T04:23:11.642892,4.209
2026-05-01T04:22:11.675765,50.89,0,53.8,0.0,1000.0,0.0,4.199,91.3,99,0,60.0,2026-05-01T04:23:11.675607,4.209
2026-05-01T04:22:12.657719,50.96,0,53.85,0.0,1000.0,0.0,4.199,91.3,99,0,60.0,2026-05-01T04:23:12.657566,4.209
2026-05-01T04:22:12.694589,50.96,0,53.86,0.0,1000.0,0.0,4.199,91.3,99,0,60.0,2026-05-01T04:23:12.694458,4.209
2026-05-01T04:22:12.727415,50.96,0,53.86,0.0,1000.0,0.0,4.199,91.3,99,0,60.0,2026-05-01T04:23:12.727305,4.209
2026-05-01T04:22:13.709746,51.02,0,53.92,0.0,1000.0,0.0,4.199,91.3,99,0,60.0,2026-05-01T04:23:13.709601,4.209
2026-05-01T04:22:13.745890,51.02,0,53.92,0.0,1000.0,0.0,4.199,91.3,99,0,60.0,2026-05-01T04:23:13.745769,4.209
2026-05-01T04:22:14.728201,51.02,0,53.96,0.0,1000.0,0.0,4.199,91.3,99,0,60.0,2026-05-01T04:23:14.728003,4.209
2026-05-01T04:22:14.774569,51.07,0,53.97,0.0,1000.0,0.0,4.199,91.2,99,0,60.0,2026-05-01T04:23:14.774444,4.209
2026-05-01T04:22:14.808233,51.07,0,53.98,0.0,1000.0,0.0,4.199,91.2,99,0,60.0,2026-05-01T04:23:14.808087,4.209
2026-05-01T04:22:15.784580,51.14,0,54.02,0.0,1000.0,0.0,4.199,91.2,99,0,60.0,2026-05-01T04:23:15.784241,4.209
2026-05-01T04:22:15.831463,51.14,0,54.04,0.0,1000.0,0.0,4.199,91.2,99,0,60.0,2026-05-01T04:23:15.826438,4.209
2026-05-01T04:22:15.864973,51.14,0,54.05,0.0,1000.0,0.0,4.199,91.2,99,0,60.0,2026-05-01T04:23:15.864877,4.209
2026-05-01T04:22:17.025200,51.19,0,54.09,0.0,1000.0,0.0,4.199,91.2,99,0,60.0,2026-05-01T04:23:17.024671,4.209
2026-05-01T04:22:17.103805,51.19,0,54.11,0.0,1000.0,0.0,4.199,91.2,99,0,60.0,2026-05-01T04:23:17.103698,4.209
2026-05-01T04:22:17.148581,51.19,0,54.11,0.0,1000.0,0.0,4.199,91.2,99,0,60.0,2026-05-01T04:23:17.148504,4.209
2026-05-01T04:22:17.884636,51.25,0,54.14,0.0,1000.0,0.0,4.199,91.2,99,0,60.0,2026-05-01T04:23:17.884493,4.209
2026-05-01T04:22:17.919355,51.25,0,54.15,0.0,1000.0,0.0,4.199,91.2,99,0,60.0,2026-05-01T04:23:17.919248,4.209
2026-05-01T04:22:17.951241,51.25,0,54.15,0.0,1000.0,0.0,4.199,91.2,99,0,60.0,2026-05-01T04:23:17.951111,4.209
2026-05-01T04:22:18.922827,51.31,0,54.2,0.0,1000.0,0.0,4.199,91.2,99,0,60.0,2026-05-01T04:23:18.922689,4.209
2026-05-01T04:22:18.957094,51.31,0,54.21,0.0,1000.0,0.0,4.199,91.2,99,0,60.0,2026-05-01T04:23:18.956847,4.209
2026-05-01T04:22:19.948361,51.31,0,54.25,0.0,1000.0,0.0,4.199,91.2,99,0,60.0,2026-05-01T04:23:19.948154,4.209
2026-05-01T04:22:19.983176,51.37,0,54.27,0.0,1000.0,0.0,4.199,91.1,99,0,60.0,2026-05-01T04:23:19.983013,4.209
2026-05-01T04:22:20.014012,51.37,0,54.27,0.0,1000.0,0.0,4.199,91.1,99,0,60.0,2026-05-01T04:23:20.013934,4.209
2026-05-01T04:22:21.028933,51.41,0,54.31,0.0,1000.0,0.0,4.199,91.1,99,0,60.0,2026-05-01T04:23:21.028436,4.209
2026-05-01T04:22:21.065107,51.41,0,54.32,0.0,1000.0,0.0,4.199,91.1,99,0,60.0,2026-05-01T04:23:21.064988,4.209
2026-05-01T04:22:21.096901,51.41,0,54.32,0.0,1000.0,0.0,4.199,91.1,99,0,60.0,2026-05-01T04:23:21.096806,4.209
2026-05-01T04:22:22.074989,51.48,0,54.37,0.0,1000.0,0.0,4.199,91.1,99,0,60.0,2026-05-01T04:23:22.074843,4.209
2026-05-01T04:22:22.112284,51.48,0,54.38,0.0,1000.0,0.0,4.199,91.1,99,0,60.0,2026-05-01T04:23:22.112176,4.209
2026-05-01T04:22:22.143011,51.48,0,54.38,0.0,1000.0,0.0,4.199,91.1,99,0,60.0,2026-05-01T04:23:22.142928,4.209
2026-05-01T04:22:23.099206,51.53,0,54.43,0.0,1000.0,0.0,4.199,91.1,99,0,60.0,2026-05-01T04:23:23.099073,4.209
2026-05-01T04:22:23.131895,51.53,0,54.44,0.0,1000.0,0.0,4.199,91.1,99,0,60.0,2026-05-01T04:23:23.131779,4.209
2026-05-01T04:22:23.171537,51.53,0,54.44,0.0,1000.0,0.0,4.199,91.1,99,0,60.0,2026-05-01T04:23:23.171395,4.209
2026-05-01T04:22:24.156339,51.58,0,54.49,0.0,1000.0,0.0,4.199,91.1,99,0,60.0,2026-05-01T04:23:24.156206,4.209
2026-05-01T04:22:24.187262,51.58,0,54.49,0.0,1000.0,0.0,4.199,91.1,99,0,60.0,2026-05-01T04:23:24.187175,4.209
2026-05-01T04:22:25.191114,51.58,0,54.53,0.0,1000.0,0.0,4.199,91.1,99,0,60.0,2026-05-01T04:23:25.190959,4.209
2026-05-01T04:22:25.304832,51.63,0,54.54,0.0,1000.0,0.0,4.199,91.1,99,0,60.0,2026-05-01T04:23:25.304698,4.209
2026-05-01T04:22:25.335819,51.63,0,54.54,0.0,1000.0,0.0,4.199,91.1,99,0,60.0,2026-05-01T04:23:25.335734,4.209
2026-05-01T04:22:26.247586,51.69,0,54.58,0.0,1000.0,0.0,4.199,91.0,99,0,60.0,2026-05-01T04:23:26.247434,4.209
2026-05-01T04:22:26.285082,51.69,0,54.59,0.0,1000.0,0.0,4.199,91.0,99,0,60.0,2026-05-01T04:23:26.284977,4.209
2026-05-01T04:22:26.316044,51.69,0,54.59,0.0,1000.0,0.0,4.199,91.0,99,0,60.0,2026-05-01T04:23:26.315965,4.209
2026-05-01T04:22:27.306717,51.75,0,54.64,0.0,1000.0,0.0,4.199,91.0,99,0,60.0,2026-05-01T04:23:27.306568,4.209
2026-05-01T04:22:27.343413,51.75,0,54.65,0.0,1000.0,0.0,4.199,91.0,99,0,60.0,2026-05-01T04:23:27.343324,4.209
2026-05-01T04:22:27.375059,51.75,0,54.65,0.0,1000.0,0.0,4.199,91.0,99,0,60.0,2026-05-01T04:23:27.374985,4.209
2026-05-01T04:22:28.366006,51.8,0,54.7,0.0,1000.0,0.0,4.199,91.0,99,0,60.0,2026-05-01T04:23:28.365883,4.209
2026-05-01T04:22:28.401961,51.8,0,54.7,0.0,1000.0,0.0,4.199,91.0,99,0,60.0,2026-05-01T04:23:28.401860,4.209
2026-05-01T04:22:28.433139,51.8,0,54.71,0.0,1000.0,0.0,4.199,91.0,99,0,60.0,2026-05-01T04:23:28.433059,4.209
2026-05-01T04:22:29.418933,51.86,0,54.75,0.0,1000.0,0.0,4.199,91.0,99,0,60.0,2026-05-01T04:23:29.418777,4.209
2026-05-01T04:22:29.453526,51.86,0,54.75,0.0,1000.0,0.0,4.199,91.0,99,0,60.0,2026-05-01T04:23:29.453444,4.209
2026-05-01T04:22:30.437291,51.86,0,54.79,0.0,1000.0,0.0,4.199,91.0,99,0,60.0,2026-05-01T04:23:30.437036,4.209
2026-05-01T04:22:30.478909,51.91,0,54.8,0.0,1000.0,0.0,4.199,91.0,99,0,60.0,2026-05-01T04:23:30.478804,4.209
2026-05-01T04:22:30.510503,51.91,0,54.81,0.0,1000.0,0.0,4.199,91.0,99,0,60.0,2026-05-01T04:23:30.510413,4.209
2026-05-01T04:22:31.492942,51.95,0,54.85,0.0,1000.0,0.0,4.199,90.9,99,0,60.0,2026-05-01T04:23:31.492795,4.209
2026-05-01T04:22:31.532758,51.95,0,54.85,0.0,1000.0,0.0,4.199,90.9,99,0,60.0,2026-05-01T04:23:31.532635,4.209
2026-05-01T04:22:31.564128,51.95,0,54.85,0.0,1000.0,0.0,4.199,90.9,99,0,60.0,2026-05-01T04:23:31.564048,4.209
2026-05-01T04:22:32.547628,52.02,0,54.9,0.0,1000.0,0.0,4.199,90.9,99,0,60.0,2026-05-01T04:23:32.547469,4.209
2026-05-01T04:22:32.585210,52.02,0,54.91,0.0,1000.0,0.0,4.199,90.9,99,0,60.0,2026-05-01T04:23:32.585106,4.209
2026-05-01T04:22:32.616378,52.02,0,54.92,0.0,1000.0,0.0,4.199,90.9,99,0,60.0,2026-05-01T04:23:32.616304,4.209
2026-05-01T04:22:33.596287,52.05,0,54.95,0.0,1000.0,0.0,4.199,90.9,99,0,60.0,2026-05-01T04:23:33.596146,4.209
2026-05-01T04:22:33.631185,52.05,0,54.96,0.0,1000.0,0.0,4.199,90.9,99,0,60.0,2026-05-01T04:23:33.631091,4.209
2026-05-01T04:22:33.662559,52.05,0,54.96,0.0,1000.0,0.0,4.199,90.9,99,0,60.0,2026-05-01T04:23:33.662457,4.209
2026-05-01T04:22:34.626206,52.12,0,55.01,0.0,1000.0,0.0,4.199,90.9,99,0,60.0,2026-05-01T04:23:34.626083,4.209
2026-05-01T04:22:34.658371,52.12,0,55.02,0.0,1000.0,0.0,4.199,90.9,99,0,60.0,2026-05-01T04:23:34.658270,4.209
2026-05-01T04:22:35.668584,52.12,0,55.06,0.0,1000.0,0.0,4.199,90.9,99,0,60.0,2026-05-01T04:23:35.668435,4.209
2026-05-01T04:22:35.712436,52.18,0,55.07,0.0,1000.0,0.0,4.199,90.9,99,0,60.0,2026-05-01T04:23:35.712338,4.209
2026-05-01T04:22:35.744335,52.18,0,55.07,0.0,1000.0,0.0,4.199,90.9,99,0,60.0,2026-05-01T04:23:35.744266,4.209
2026-05-01T04:22:36.728799,52.22,0,55.11,0.0,1000.0,0.0,4.199,90.9,99,0,60.0,2026-05-01T04:23:36.728656,4.209
2026-05-01T04:22:36.768117,52.22,0,55.12,0.0,1000.0,0.0,4.199,90.9,99,0,60.0,2026-05-01T04:23:36.768014,4.209
2026-05-01T04:22:36.799121,52.22,0,55.12,0.0,1000.0,0.0,4.199,90.9,99,0,60.0,2026-05-01T04:23:36.799055,4.209
2026-05-01T04:22:37.781713,52.27,0,55.16,0.0,1000.0,0.0,4.199,90.8,99,0,60.0,2026-05-01T04:23:37.781561,4.209
2026-05-01T04:22:37.819305,52.27,0,55.16,0.0,1000.0,0.0,4.199,90.8,99,0,60.0,2026-05-01T04:23:37.819206,4.209
2026-05-01T04:22:37.850155,52.27,0,55.17,0.0,1000.0,0.0,4.199,90.8,99,0,60.0,2026-05-01T04:23:37.850069,4.209
2026-05-01T04:22:38.832843,52.32,0,55.21,0.0,1000.0,0.0,4.199,90.8,99,0,60.0,2026-05-01T04:23:38.832712,4.209
2026-05-01T04:22:38.870242,52.32,0,55.22,0.0,1000.0,0.0,4.199,90.8,99,0,60.0,2026-05-01T04:23:38.870121,4.209
2026-05-01T04:22:38.902064,52.32,0,55.22,0.0,1000.0,0.0,4.199,90.8,99,0,60.0,2026-05-01T04:23:38.901957,4.209
2026-05-01T04:22:39.888368,52.38,0,55.27,0.0,1000.0,0.0,4.199,90.8,99,0,60.0,2026-05-01T04:23:39.888235,4.209
2026-05-01T04:22:39.922642,52.38,0,55.27,0.0,1000.0,0.0,4.199,90.8,99,0,60.0,2026-05-01T04:23:39.922538,4.209
2026-05-01T04:22:40.901596,52.38,0,55.31,0.0,1000.0,0.0,4.199,90.8,99,0,60.0,2026-05-01T04:23:40.894646,4.209
2026-05-01T04:22:40.952181,52.41,0,55.31,0.0,1000.0,0.0,4.199,90.8,99,0,60.0,2026-05-01T04:23:40.952037,4.209
2026-05-01T04:22:41.083168,52.41,0,55.32,0.0,1000.0,0.0,4.199,90.8,99,0,60.0,2026-05-01T04:23:41.082613,4.209
2026-05-01T04:22:41.962706,52.47,0,55.35,0.0,1000.0,0.0,4.199,90.8,99,0,60.0,2026-05-01T04:23:41.962522,4.209
2026-05-01T04:22:42.002670,52.47,0,55.36,0.0,1000.0,0.0,4.199,90.8,99,0,60.0,2026-05-01T04:23:42.002542,4.209
2026-05-01T04:22:42.034151,52.47,0,55.37,0.0,1000.0,0.0,4.199,90.8,99,0,60.0,2026-05-01T04:23:42.034072,4.209
2026-05-01T04:22:43.037767,52.51,0,55.41,0.0,1000.0,0.0,4.199,90.8,99,0,60.0,2026-05-01T04:23:43.037613,4.209
2026-05-01T04:22:43.069886,52.51,0,55.41,0.0,1000.0,0.0,4.199,90.8,99,0,60.0,2026-05-01T04:23:43.069801,4.209
2026-05-01T04:22:43.101182,52.51,0,55.41,0.0,1000.0,0.0,4.199,90.8,99,0,60.0,2026-05-01T04:23:43.101090,4.209
2026-05-01T04:22:44.065599,52.55,0,55.45,0.0,1000.0,0.0,4.199,90.7,99,0,60.0,2026-05-01T04:23:44.065467,4.209
2026-05-01T04:22:44.100762,52.55,0,55.45,0.0,1000.0,0.0,4.199,90.7,99,0,60.0,2026-05-01T04:23:44.100670,4.209
2026-05-01T04:22:44.131609,52.55,0,55.46,0.0,1000.0,0.0,4.199,90.7,99,0,60.0,2026-05-01T04:23:44.131518,4.209
2026-05-01T04:22:45.094159,52.61,0,55.5,0.0,1000.0,0.0,4.199,90.7,99,0,60.0,2026-05-01T04:23:45.094015,4.209
2026-05-01T04:22:45.125732,52.61,0,55.5,0.0,1000.0,0.0,4.199,90.7,99,0,60.0,2026-05-01T04:23:45.125621,4.209
2026-05-01T04:22:46.145878,52.61,0,55.54,0.0,1000.0,0.0,4.199,90.7,99,0,60.0,2026-05-01T04:23:46.145702,4.209
2026-05-01T04:22:46.190611,52.66,0,55.55,0.0,1000.0,0.0,4.199,90.7,99,0,60.0,2026-05-01T04:23:46.190464,4.209
2026-05-01T04:22:46.222046,52.66,0,55.55,0.0,1000.0,0.0,4.199,90.7,99,0,60.0,2026-05-01T04:23:46.221952,4.209
2026-05-01T04:22:47.192491,52.72,0,55.6,0.0,1000.0,0.0,4.199,90.7,99,0,60.0,2026-05-01T04:23:47.192342,4.209
2026-05-01T04:22:47.231201,52.72,0,55.61,0.0,1000.0,0.0,4.199,90.7,99,0,60.0,2026-05-01T04:23:47.231091,4.209
2026-05-01T04:22:47.262346,52.72,0,55.61,0.0,1000.0,0.0,4.199,90.7,99,0,60.0,2026-05-01T04:23:47.262258,4.209
2026-05-01T04:22:48.248256,52.77,0,55.66,0.0,1000.0,0.0,4.199,90.7,99,0,60.0,2026-05-01T04:23:48.248098,4.209
2026-05-01T04:22:48.285656,52.77,0,55.66,0.0,1000.0,0.0,4.199,90.7,99,0,60.0,2026-05-01T04:23:48.285564,4.209
2026-05-01T04:22:48.316394,52.77,0,55.67,0.0,1000.0,0.0,4.199,90.7,99,0,60.0,2026-05-01T04:23:48.316315,4.209
2026-05-01T04:22:49.300563,52.81,0,55.71,0.0,1000.0,0.0,4.199,90.7,99,0,60.0,2026-05-01T04:23:49.300320,4.209
2026-05-01T04:22:49.335593,52.81,0,55.71,0.0,1000.0,0.0,4.199,90.7,99,0,60.0,2026-05-01T04:23:49.335499,4.209
2026-05-01T04:22:49.366652,52.81,0,55.71,0.0,1000.0,0.0,4.199,90.7,99,0,60.0,2026-05-01T04:23:49.366564,4.209
2026-05-01T04:22:50.351136,52.86,0,55.75,0.0,1000.0,0.0,4.199,90.6,99,0,60.0,2026-05-01T04:23:50.350996,4.209
2026-05-01T04:22:50.385269,52.86,0,55.76,0.0,1000.0,0.0,4.199,90.6,99,0,60.0,2026-05-01T04:23:50.385194,4.209
2026-05-01T04:22:51.378846,52.86,0,55.79,0.0,1000.0,0.0,4.199,90.6,99,0,60.0,2026-05-01T04:23:51.378630,4.209
2026-05-01T04:22:51.422267,52.91,0,55.8,0.0,1000.0,0.0,4.199,90.6,99,0,60.0,2026-05-01T04:23:51.422172,4.209
2026-05-01T04:22:51.454427,52.91,0,55.8,0.0,1000.0,0.0,4.199,90.6,99,0,60.0,2026-05-01T04:23:51.454346,4.209
2026-05-01T04:22:52.427664,52.95,0,55.84,0.0,1000.0,0.0,4.199,90.6,99,0,60.0,2026-05-01T04:23:52.427542,4.209
2026-05-01T04:22:52.464906,52.95,0,55.84,0.0,1000.0,0.0,4.199,90.6,99,0,60.0,2026-05-01T04:23:52.464804,4.209
2026-05-01T04:22:52.495806,52.95,0,55.84,0.0,1000.0,0.0,4.199,90.6,99,0,60.0,2026-05-01T04:23:52.495730,4.209
2026-05-01T04:22:53.487883,53.0,0,55.88,0.0,1000.0,0.0,4.199,90.6,99,0,60.0,2026-05-01T04:23:53.487721,4.209
2026-05-01T04:22:53.525387,53.0,0,55.89,0.0,1000.0,0.0,4.199,90.6,99,0,60.0,2026-05-01T04:23:53.525300,4.209
2026-05-01T04:22:53.556415,53.0,0,55.89,0.0,1000.0,0.0,4.199,90.6,99,0,60.0,2026-05-01T04:23:53.556330,4.209
2026-05-01T04:22:54.524054,53.05,0,55.94,0.0,1000.0,0.0,4.199,90.6,99,0,60.0,2026-05-01T04:23:54.523937,4.209
2026-05-01T04:22:54.556795,53.05,0,55.94,0.0,1000.0,0.0,4.199,90.6,99,0,60.0,2026-05-01T04:23:54.556711,4.209
2026-05-01T04:22:54.587861,53.05,0,55.94,0.0,1000.0,0.0,4.199,90.6,99,0,60.0,2026-05-01T04:23:54.587766,4.209
2026-05-01T04:22:55.591652,53.11,0,55.99,0.0,1000.0,0.0,4.199,90.6,99,0,60.0,2026-05-01T04:23:55.591517,4.21
2026-05-01T04:22:55.625094,53.11,0,55.99,0.0,1000.0,0.0,4.199,90.6,99,0,60.0,2026-05-01T04:23:55.625014,4.21
2026-05-01T04:22:56.609659,53.11,0,56.03,0.0,1000.0,0.0,4.199,90.6,99,0,60.0,2026-05-01T04:23:56.609501,4.21
2026-05-01T04:22:56.658545,53.15,0,56.04,0.0,1000.0,0.0,4.199,90.5,99,0,60.0,2026-05-01T04:23:56.658368,4.21
2026-05-01T04:22:56.691667,53.15,0,56.04,0.0,1000.0,0.0,4.199,90.5,99,0,60.0,2026-05-01T04:23:56.691577,4.21
2026-05-01T04:22:57.669478,53.19,0,56.08,0.0,1000.0,0.0,4.199,90.5,99,0,60.0,2026-05-01T04:23:57.669318,4.21
2026-05-01T04:22:57.709406,53.19,0,56.08,0.0,1000.0,0.0,4.199,90.5,99,0,60.0,2026-05-01T04:23:57.709305,4.21
2026-05-01T04:22:57.742882,53.19,0,56.08,0.0,1000.0,0.0,4.199,90.5,99,0,60.0,2026-05-01T04:23:57.742789,4.21
2026-05-01T04:22:58.716500,53.21,0,56.11,0.0,1000.0,0.0,4.199,90.5,99,0,60.0,2026-05-01T04:23:58.716336,4.21
2026-05-01T04:22:58.752455,53.21,0,56.11,0.0,1000.0,0.0,4.199,90.5,99,0,60.0,2026-05-01T04:23:58.752363,4.21
2026-05-01T04:22:58.783306,53.21,0,56.11,0.0,1000.0,0.0,4.199,90.5,99,0,60.0,2026-05-01T04:23:58.783225,4.21
2026-05-01T04:22:59.773701,53.24,0,56.14,0.0,1000.0,0.0,4.199,90.5,99,0,60.0,2026-05-01T04:23:59.773578,4.21
2026-05-01T04:22:59.808891,53.24,0,56.14,0.0,1000.0,0.0,4.199,90.5,99,0,60.0,2026-05-01T04:23:59.808804,4.21
2026-05-01T04:22:59.840153,53.24,0,56.13,0.0,1000.0,0.0,4.199,90.5,99,0,60.0,2026-05-01T04:23:59.840078,4.21
2026-05-01T04:23:00.822819,53.28,0,56.17,0.0,1000.0,0.0,4.199,90.5,99,0,60.0,2026-05-01T04:24:00.822671,4.21
2026-05-01T04:23:00.857940,53.28,0,56.17,0.0,1000.0,0.0,4.199,90.5,99,0,60.0,2026-05-01T04:24:00.857362,4.21
2026-05-01T04:23:01.848406,53.28,0,56.21,0.0,1000.0,0.0,4.199,90.5,99,0,60.0,2026-05-01T04:24:01.848150,4.21
2026-05-01T04:23:01.889830,53.31,0,56.21,0.0,1000.0,0.0,4.199,90.5,99,0,60.0,2026-05-01T04:24:01.889697,4.21
2026-05-01T04:23:01.920974,53.31,0,56.21,0.0,1000.0,0.0,4.199,90.5,99,0,60.0,2026-05-01T04:24:01.920901,4.21
2026-05-01T04:23:02.892253,53.35,0,56.24,0.0,1000.0,0.0,4.199,90.5,99,0,60.0,2026-05-01T04:24:02.892130,4.21
2026-05-01T04:23:02.928698,53.35,0,56.24,0.0,1000.0,0.0,4.199,90.5,99,0,60.0,2026-05-01T04:24:02.928575,4.21
2026-05-01T04:23:02.987436,53.35,0,56.24,0.0,1000.0,0.0,4.199,90.5,99,0,60.0,2026-05-01T04:24:02.970094,4.21
2026-05-01T04:23:03.955803,53.39,0,56.28,0.0,1000.0,0.0,4.199,90.5,99,0,60.0,2026-05-01T04:24:03.955551,4.21
2026-05-01T04:23:03.994050,53.39,0,56.28,0.0,1000.0,0.0,4.199,90.5,99,0,60.0,2026-05-01T04:24:03.993939,4.21
2026-05-01T04:23:04.026288,53.39,0,56.28,0.0,1000.0,0.0,4.199,90.5,99,0,60.0,2026-05-01T04:24:04.026187,4.21
2026-05-01T04:23:05.030476,53.43,0,56.32,0.0,1000.0,0.0,4.199,90.4,99,0,60.0,2026-05-01T04:24:05.030334,4.21
2026-05-01T04:23:05.062735,53.43,0,56.32,0.0,1000.0,0.0,4.199,90.4,99,0,60.0,2026-05-01T04:24:05.062642,4.21
2026-05-01T04:23:05.094762,53.43,0,56.32,0.0,1000.0,0.0,4.199,90.4,99,0,60.0,2026-05-01T04:24:05.094655,4.21
2026-05-01T04:23:06.036733,53.49,0,56.37,0.0,1000.0,0.0,4.199,90.4,99,0,60.0,2026-05-01T04:24:06.036572,4.21
2026-05-01T04:23:06.069304,53.49,0,56.38,0.0,1000.0,0.0,4.199,90.4,99,0,60.0,2026-05-01T04:24:06.069184,4.21
2026-05-01T04:23:07.063582,53.49,0,56.42,0.0,1000.0,0.0,4.199,90.4,99,0,60.0,2026-05-01T04:24:07.063458,4.21
2026-05-01T04:23:07.096506,53.54,0,56.42,0.0,1000.0,0.0,4.199,90.4,99,0,60.0,2026-05-01T04:24:07.096396,4.21
2026-05-01T04:23:07.128099,53.54,0,56.42,0.0,1000.0,0.0,4.199,90.4,99,0,60.0,2026-05-01T04:24:07.127999,4.21
2026-05-01T04:23:08.141863,53.59,0,56.47,0.0,1000.0,0.0,4.199,90.4,99,0,60.0,2026-05-01T04:24:08.141722,4.21
2026-05-01T04:23:08.181219,53.59,0,56.47,0.0,1000.0,0.0,4.199,90.4,99,0,60.0,2026-05-01T04:24:08.181107,4.21
2026-05-01T04:23:08.212393,53.59,0,56.47,0.0,1000.0,0.0,4.199,90.4,99,0,60.0,2026-05-01T04:24:08.212319,4.21
2026-05-01T04:23:09.171301,53.66,0,56.52,0.0,1000.0,0.0,4.199,90.4,99,0,60.0,2026-05-01T04:24:09.171102,4.21
2026-05-01T04:23:09.204916,53.66,0,56.53,0.0,1000.0,0.0,4.199,90.4,99,0,60.0,2026-05-01T04:24:09.204781,4.21
2026-05-01T04:23:09.236504,53.66,0,56.54,0.0,1000.0,0.0,4.199,90.4,99,0,60.0,2026-05-01T04:24:09.236419,4.21
2026-05-01T04:23:10.239286,53.7,0,56.58,0.0,1000.0,0.0,4.199,90.4,99,0,60.0,2026-05-01T04:24:10.239160,4.21
2026-05-01T04:23:10.272960,53.7,0,56.59,0.0,1000.0,0.0,4.199,90.4,99,0,60.0,2026-05-01T04:24:10.272870,4.21
2026-05-01T04:23:10.304163,53.7,0,56.59,0.0,1000.0,0.0,4.199,90.4,99,0,60.0,2026-05-01T04:24:10.304076,4.21
2026-05-01T04:23:11.299589,53.77,0,56.64,0.0,1000.0,0.0,4.199,90.3,99,0,60.0,2026-05-01T04:24:11.299428,4.21
2026-05-01T04:23:11.333855,53.77,0,56.65,0.0,1000.0,0.0,4.199,90.3,99,0,60.0,2026-05-01T04:24:11.333770,4.21
2026-05-01T04:23:12.302157,53.77,0,56.69,0.0,1000.0,0.0,4.199,90.3,99,0,60.0,2026-05-01T04:24:12.301982,4.21
2026-05-01T04:23:12.335766,53.83,0,56.71,0.0,1000.0,0.0,4.199,90.3,99,0,60.0,2026-05-01T04:24:12.335657,4.21
2026-05-01T04:23:12.366936,53.83,0,56.71,0.0,1000.0,0.0,4.199,90.3,99,0,60.0,2026-05-01T04:24:12.366807,4.21
2026-05-01T04:23:13.417492,53.87,0,56.76,0.0,1000.0,0.0,4.199,90.3,99,0,60.0,2026-05-01T04:24:13.417352,4.21
2026-05-01T04:23:13.472608,53.87,0,56.76,0.0,1000.0,0.0,4.199,90.3,99,0,60.0,2026-05-01T04:24:13.472506,4.21
2026-05-01T04:23:13.538078,53.87,0,56.76,0.0,1000.0,0.0,4.199,90.3,99,0,60.0,2026-05-01T04:24:13.538011,4.21
2026-05-01T04:23:14.403105,53.93,0,56.81,0.0,1000.0,0.0,4.199,90.3,99,0,60.0,2026-05-01T04:24:14.403019,4.21
2026-05-01T04:23:14.435935,53.93,0,56.81,0.0,1000.0,0.0,4.199,90.3,99,0,60.0,2026-05-01T04:24:14.435854,4.21
2026-05-01T04:23:14.468444,53.93,0,56.82,0.0,1000.0,0.0,4.199,90.3,99,0,60.0,2026-05-01T04:24:14.468372,4.21
2026-05-01T04:23:15.455116,53.98,0,56.85,0.0,1000.0,0.0,4.199,90.3,99,0,60.0,2026-05-01T04:24:15.454963,4.21
2026-05-01T04:23:15.487510,53.98,0,56.86,0.0,1000.0,0.0,4.199,90.3,99,0,60.0,2026-05-01T04:24:15.487430,4.21
2026-05-01T04:23:15.520046,53.98,0,56.86,0.0,1000.0,0.0,4.199,90.3,99,0,60.0,2026-05-01T04:24:15.519969,4.21
2026-05-01T04:23:16.518399,54.04,0,56.91,0.0,1000.0,0.0,4.199,90.2,99,0,60.0,2026-05-01T04:24:16.518253,4.21
2026-05-01T04:23:16.550866,54.04,0,56.91,0.0,1000.0,0.0,4.199,90.2,99,0,60.0,2026-05-01T04:24:16.550779,4.21
2026-05-01T04:23:17.554525,54.04,0,56.95,0.0,1000.0,0.0,4.199,90.2,99,0,60.0,2026-05-01T04:24:17.554307,4.21
2026-05-01T04:23:17.595244,54.09,0,56.96,0.0,1000.0,0.0,4.199,90.2,99,0,60.0,2026-05-01T04:24:17.595160,4.21
2026-05-01T04:23:17.626242,54.09,0,56.96,0.0,1000.0,0.0,4.199,90.2,99,0,60.0,2026-05-01T04:24:17.626167,4.21
2026-05-01T04:23:18.606602,54.14,0,57.01,0.0,1000.0,0.0,4.199,90.2,99,0,60.0,2026-05-01T04:24:18.606463,4.21
2026-05-01T04:23:18.644705,54.14,0,57.01,0.0,1000.0,0.0,4.199,90.2,99,0,60.0,2026-05-01T04:24:18.644597,4.21
2026-05-01T04:23:18.676006,54.14,0,57.02,0.0,1000.0,0.0,4.199,90.2,99,0,60.0,2026-05-01T04:24:18.675922,4.21
2026-05-01T04:23:19.648745,54.19,0,57.06,0.0,1000.0,0.0,4.199,90.2,99,0,60.0,2026-05-01T04:24:19.648614,4.21
2026-05-01T04:23:19.683275,54.19,0,57.06,0.0,1000.0,0.0,4.199,90.2,99,0,60.0,2026-05-01T04:24:19.683172,4.21
2026-05-01T04:23:19.714060,54.19,0,57.07,0.0,1000.0,0.0,4.199,90.2,99,0,60.0,2026-05-01T04:24:19.713973,4.21
2026-05-01T04:23:20.713625,54.21,0,57.1,0.0,1000.0,0.0,4.199,90.2,99,0,60.0,2026-05-01T04:24:20.713487,4.21
2026-05-01T04:23:20.747945,54.21,0,57.1,0.0,1000.0,0.0,4.199,90.2,99,0,60.0,2026-05-01T04:24:20.747851,4.21
2026-05-01T04:23:20.779666,54.21,0,57.1,0.0,1000.0,0.0,4.199,90.2,99,0,60.0,2026-05-01T04:24:20.779557,4.21
2026-05-01T04:23:21.758363,54.27,0,57.14,0.0,1000.0,0.0,4.199,90.2,99,0,60.0,2026-05-01T04:24:21.756658,4.21
2026-05-01T04:23:21.799989,54.27,0,57.15,0.0,1000.0,0.0,4.199,90.2,99,0,60.0,2026-05-01T04:24:21.799834,4.21
2026-05-01T04:23:22.775053,54.27,0,57.19,0.0,1000.0,0.0,4.199,90.2,99,0,60.0,2026-05-01T04:24:22.774834,4.21
2026-05-01T04:23:22.826629,54.32,0,57.2,0.0,1000.0,0.0,4.199,90.2,99,0,60.0,2026-05-01T04:24:22.826510,4.21
2026-05-01T04:23:22.870923,54.32,0,57.2,0.0,1000.0,0.0,4.199,90.2,99,0,60.0,2026-05-01T04:24:22.870776,4.21
2026-05-01T04:23:23.842641,54.38,0,57.24,0.0,1000.0,0.0,4.199,90.1,99,0,60.0,2026-05-01T04:24:23.842480,4.21
2026-05-01T04:23:23.889641,54.38,0,57.25,0.0,1000.0,0.0,4.199,90.1,99,0,60.0,2026-05-01T04:24:23.889518,4.21
2026-05-01T04:23:23.967577,54.38,0,57.26,0.0,1000.0,0.0,4.199,90.1,99,0,60.0,2026-05-01T04:24:23.948622,4.21
2026-05-01T04:23:24.899040,54.43,0,57.3,0.0,1000.0,0.0,4.199,90.1,99,0,60.0,2026-05-01T04:24:24.898878,4.21
2026-05-01T04:23:24.935771,54.43,0,57.31,0.0,1000.0,0.0,4.199,90.1,99,0,60.0,2026-05-01T04:24:24.935683,4.21
2026-05-01T04:23:24.967865,54.43,0,57.31,0.0,1000.0,0.0,4.199,90.1,99,0,60.0,2026-05-01T04:24:24.967743,4.21
2026-05-01T04:23:26.008493,54.47,0,57.35,0.0,1000.0,0.0,4.199,90.1,99,0,60.0,2026-05-01T04:24:26.008263,4.21
2026-05-01T04:23:26.045544,54.47,0,57.35,0.0,1000.0,0.0,4.199,90.1,99,0,60.0,2026-05-01T04:24:26.045445,4.21
2026-05-01T04:23:26.078142,54.47,0,57.35,0.0,1000.0,0.0,4.199,90.1,99,0,60.0,2026-05-01T04:24:26.077991,4.21
2026-05-01T04:23:26.989399,54.53,0,57.39,0.0,1000.0,0.0,4.199,90.1,99,0,60.0,2026-05-01T04:24:26.989254,4.21
2026-05-01T04:23:27.024482,54.53,0,57.4,0.0,1000.0,0.0,4.199,90.1,99,0,60.0,2026-05-01T04:24:27.024396,4.21
2026-05-01T04:23:28.012695,54.53,0,57.44,0.0,1000.0,0.0,4.199,90.1,99,0,60.0,2026-05-01T04:24:28.012524,4.21
2026-05-01T04:23:28.049076,54.55,0,57.43,0.0,1000.0,0.0,4.199,90.1,99,0,60.0,2026-05-01T04:24:28.048972,4.21
2026-05-01T04:23:28.079961,54.55,0,57.43,0.0,1000.0,0.0,4.199,90.1,99,0,60.0,2026-05-01T04:24:28.079884,4.21
2026-05-01T04:23:29.061325,54.58,0,57.47,0.0,1000.0,0.0,4.199,90.1,99,0,60.0,2026-05-01T04:24:29.061193,4.21
2026-05-01T04:23:29.094367,54.58,0,57.46,0.0,1000.0,0.0,4.199,90.1,99,0,60.0,2026-05-01T04:24:29.094258,4.21
2026-05-01T04:23:29.125239,54.58,0,57.46,0.0,1000.0,0.0,4.199,90.1,99,0,60.0,2026-05-01T04:24:29.125152,4.21
2026-05-01T04:23:30.140072,54.64,0,57.51,0.0,1000.0,0.0,4.199,90.0,99,0,60.0,2026-05-01T04:24:30.139924,4.21
2026-05-01T04:23:30.177641,54.64,0,57.51,0.0,1000.0,0.0,4.199,90.0,99,0,60.0,2026-05-01T04:24:30.177516,4.21
2026-05-01T04:23:30.208895,54.64,0,57.52,0.0,1000.0,0.0,4.199,90.0,99,0,60.0,2026-05-01T04:24:30.208792,4.21
2026-05-01T04:23:31.181570,54.67,0,57.55,0.0,1000.0,0.0,4.199,90.0,99,0,60.0,2026-05-01T04:24:31.181442,4.21
2026-05-01T04:23:31.216426,54.67,0,57.55,0.0,1000.0,0.0,4.199,90.0,99,0,60.0,2026-05-01T04:24:31.216305,4.21
2026-05-01T04:23:31.247610,54.67,0,57.55,0.0,1000.0,0.0,4.199,90.0,99,0,60.0,2026-05-01T04:24:31.247520,4.21
2026-05-01T04:23:32.242823,54.69,0,57.58,0.0,1000.0,0.0,4.199,90.0,99,0,60.0,2026-05-01T04:24:32.242661,4.21
2026-05-01T04:23:32.276461,54.69,0,57.58,0.0,1000.0,0.0,4.199,90.0,99,0,60.0,2026-05-01T04:24:32.276377,4.21
2026-05-01T04:23:33.263797,54.69,0,57.61,0.0,1000.0,0.0,4.199,90.0,99,0,60.0,2026-05-01T04:24:33.263512,4.21
2026-05-01T04:23:33.306053,54.75,0,57.62,0.0,1000.0,0.0,4.199,90.0,99,0,60.0,2026-05-01T04:24:33.305956,4.21
2026-05-01T04:23:33.337705,54.75,0,57.63,0.0,1000.0,0.0,4.199,90.0,99,0,60.0,2026-05-01T04:24:33.337608,4.21
2026-05-01T04:23:34.305653,54.79,0,57.67,0.0,1000.0,0.0,4.199,90.0,99,0,60.0,2026-05-01T04:24:34.305557,4.21
2026-05-01T04:23:34.339927,54.79,0,57.67,0.0,1000.0,0.0,4.199,90.0,99,0,60.0,2026-05-01T04:24:34.339824,4.21
2026-05-01T04:23:34.372858,54.79,0,57.67,0.0,1000.0,0.0,4.199,90.0,99,0,60.0,2026-05-01T04:24:34.372758,4.21
2026-05-01T04:23:35.370626,54.8,0,57.7,0.0,1000.0,0.0,4.199,90.0,99,0,60.0,2026-05-01T04:24:35.370470,4.21
2026-05-01T04:23:35.407895,54.8,0,57.7,0.0,1000.0,0.0,4.199,90.0,99,0,60.0,2026-05-01T04:24:35.407808,4.21
2026-05-01T04:23:35.440720,54.8,0,57.69,0.0,1000.0,0.0,4.199,90.0,99,0,60.0,2026-05-01T04:24:35.440630,4.21
2026-05-01T04:23:36.425204,54.85,0,57.73,0.0,1000.0,0.0,4.199,90.0,99,0,60.0,2026-05-01T04:24:36.425059,4.21
2026-05-01T04:23:36.461351,54.85,0,57.73,0.0,1000.0,0.0,4.199,90.0,99,0,60.0,2026-05-01T04:24:36.461265,4.21
2026-05-01T04:23:36.492948,54.85,0,57.73,0.0,1000.0,0.0,4.199,90.0,99,0,60.0,2026-05-01T04:24:36.492870,4.21
2026-05-01T04:23:37.479249,54.9,0,57.78,0.0,1000.0,0.0,4.199,90.0,99,0,60.0,2026-05-01T04:24:37.479138,4.21
2026-05-01T04:23:37.513269,54.9,0,57.78,0.0,1000.0,0.0,4.199,90.0,99,0,60.0,2026-05-01T04:24:37.513188,4.21
2026-05-01T04:23:38.480096,54.9,0,57.82,0.0,1000.0,0.0,4.199,90.0,99,0,60.0,2026-05-01T04:24:38.479959,4.21
2026-05-01T04:23:38.512979,54.94,0,57.82,0.0,1000.0,0.0,4.199,89.9,99,0,60.0,2026-05-01T04:24:38.512886,4.21
2026-05-01T04:23:38.548185,54.94,0,57.82,0.0,1000.0,0.0,4.199,89.9,99,0,60.0,2026-05-01T04:24:38.548076,4.21
2026-05-01T04:23:39.543774,55.0,0,57.86,0.0,1000.0,0.0,4.199,89.9,99,0,60.0,2026-05-01T04:24:39.543637,4.21
2026-05-01T04:23:39.580781,55.0,0,57.87,0.0,1000.0,0.0,4.199,89.9,99,0,60.0,2026-05-01T04:24:39.580678,4.21
2026-05-01T04:23:39.611538,55.0,0,57.87,0.0,1000.0,0.0,4.199,89.9,99,0,60.0,2026-05-01T04:24:39.611462,4.21
2026-05-01T04:23:40.602983,55.06,0,57.91,0.0,1000.0,0.0,4.199,89.9,99,0,60.0,2026-05-01T04:24:40.602808,4.21
2026-05-01T04:23:40.638083,55.06,0,57.92,0.0,1000.0,0.0,4.199,89.9,99,0,60.0,2026-05-01T04:24:40.637979,4.21
2026-05-01T04:23:40.668423,55.06,0,57.92,0.0,1000.0,0.0,4.199,89.9,99,0,60.0,2026-05-01T04:24:40.668351,4.21
2026-05-01T04:23:41.657028,55.11,0,57.97,0.0,1000.0,0.0,4.199,89.9,99,0,60.0,2026-05-01T04:24:41.656868,4.21
2026-05-01T04:23:41.691240,55.11,0,57.97,0.0,1000.0,0.0,4.199,89.9,99,0,60.0,2026-05-01T04:24:41.691153,4.21
2026-05-01T04:23:41.722442,55.11,0,57.98,0.0,1000.0,0.0,4.199,89.9,99,0,60.0,2026-05-01T04:24:41.722340,4.21
2026-05-01T04:23:42.715990,55.16,0,58.02,0.0,1000.0,0.0,4.199,89.9,99,0,60.0,2026-05-01T04:24:42.715830,4.21
2026-05-01T04:23:42.755912,55.16,0,58.03,0.0,1000.0,0.0,4.199,89.9,99,0,60.0,2026-05-01T04:24:42.755782,4.21
2026-05-01T04:23:43.720943,55.16,0,58.06,0.0,1000.0,0.0,4.199,89.9,99,0,60.0,2026-05-01T04:24:43.720793,4.21
2026-05-01T04:23:43.754257,55.22,0,58.08,0.0,1000.0,0.0,4.199,89.8,99,0,60.0,2026-05-01T04:24:43.754162,4.21
2026-05-01T04:23:43.784781,55.22,0,58.08,0.0,1000.0,0.0,4.199,89.8,99,0,60.0,2026-05-01T04:24:43.784682,4.21
2026-05-01T04:23:44.772310,55.26,0,58.13,0.0,1000.0,0.0,4.199,89.8,99,0,60.0,2026-05-01T04:24:44.772175,4.21
2026-05-01T04:23:44.805959,55.26,0,58.13,0.0,1000.0,0.0,4.199,89.8,99,0,60.0,2026-05-01T04:24:44.805857,4.21
2026-05-01T04:23:44.836740,55.26,0,58.13,0.0,1000.0,0.0,4.199,89.8,99,0,60.0,2026-05-01T04:24:44.836657,4.21
2026-05-01T04:23:45.819377,55.32,0,58.18,0.0,1000.0,0.0,4.199,89.8,99,0,60.0,2026-05-01T04:24:45.819240,4.21
2026-05-01T04:23:45.852460,55.32,0,58.19,0.0,1000.0,0.0,4.199,89.8,99,0,60.0,2026-05-01T04:24:45.852331,4.21
2026-05-01T04:23:45.884357,55.32,0,58.19,0.0,1000.0,0.0,4.199,89.8,99,0,60.0,2026-05-01T04:24:45.884242,4.21
2026-05-01T04:23:46.922920,55.37,0,58.24,0.0,1000.0,0.0,4.199,89.8,99,0,60.0,2026-05-01T04:24:46.898540,4.21
2026-05-01T04:23:46.976982,55.37,0,58.24,0.0,1000.0,0.0,4.199,89.8,99,0,60.0,2026-05-01T04:24:46.976873,4.21
2026-05-01T04:23:47.007852,55.37,0,58.24,0.0,1000.0,0.0,4.199,89.8,99,0,60.0,2026-05-01T04:24:47.007770,4.21
2026-05-01T04:23:47.938519,55.44,0,58.29,0.0,1000.0,0.0,4.199,89.8,99,0,60.0,2026-05-01T04:24:47.938338,4.21
2026-05-01T04:23:47.992250,55.44,0,58.3,0.0,1000.0,0.0,4.199,89.8,99,0,60.0,2026-05-01T04:24:47.992096,4.21
2026-05-01T04:23:48.963868,55.44,0,58.34,0.0,1000.0,0.0,4.199,89.8,99,0,60.0,2026-05-01T04:24:48.963688,4.21
2026-05-01T04:23:48.996595,55.5,0,58.35,0.0,1000.0,0.0,4.199,89.8,99,0,60.0,2026-05-01T04:24:48.996486,4.21
2026-05-01T04:23:49.027502,55.5,0,58.36,0.0,1000.0,0.0,4.199,89.8,99,0,60.0,2026-05-01T04:24:49.027399,4.21
2026-05-01T04:23:50.021528,55.54,0,58.4,0.0,1000.0,0.0,4.199,89.7,99,0,60.0,2026-05-01T04:24:50.021369,4.21
2026-05-01T04:23:50.060204,55.54,0,58.41,0.0,1000.0,0.0,4.199,89.7,99,0,60.0,2026-05-01T04:24:50.060104,4.21
2026-05-01T04:23:50.091650,55.54,0,58.41,0.0,1000.0,0.0,4.199,89.7,99,0,60.0,2026-05-01T04:24:50.091578,4.21
2026-05-01T04:23:51.062810,55.61,0,58.46,0.0,1000.0,0.0,4.199,89.7,99,0,60.0,2026-05-01T04:24:51.062666,4.21
2026-05-01T04:23:51.101108,55.61,0,58.47,0.0,1000.0,0.0,4.199,89.7,99,0,60.0,2026-05-01T04:24:51.100996,4.21
2026-05-01T04:23:51.131522,55.61,0,58.47,0.0,1000.0,0.0,4.199,89.7,99,0,60.0,2026-05-01T04:24:51.131439,4.21
2026-05-01T04:23:52.135209,55.66,0,58.52,0.0,1000.0,0.0,4.199,89.7,99,0,60.0,2026-05-01T04:24:52.135065,4.21
2026-05-01T04:23:52.171018,55.66,0,58.53,0.0,1000.0,0.0,4.199,89.7,99,0,60.0,2026-05-01T04:24:52.170918,4.21
2026-05-01T04:23:52.202233,55.66,0,58.53,0.0,1000.0,0.0,4.199,89.7,99,0,60.0,2026-05-01T04:24:52.202143,4.21
2026-05-01T04:23:53.176476,55.71,0,58.57,0.0,1000.0,0.0,4.199,89.7,99,0,60.0,2026-05-01T04:24:53.176315,4.21
2026-05-01T04:23:53.209354,55.71,0,58.58,0.0,1000.0,0.0,4.199,89.7,99,0,60.0,2026-05-01T04:24:53.209267,4.21
2026-05-01T04:23:54.208775,55.71,0,58.62,0.0,1000.0,0.0,4.199,89.7,99,0,60.0,2026-05-01T04:24:54.208501,4.21
2026-05-01T04:23:54.251514,55.75,0,58.62,0.0,1000.0,0.0,4.199,89.7,99,0,60.0,2026-05-01T04:24:54.251411,4.21
2026-05-01T04:23:54.283149,55.75,0,58.62,0.0,1000.0,0.0,4.199,89.7,99,0,60.0,2026-05-01T04:24:54.283068,4.21
2026-05-01T04:23:55.256953,55.81,0,58.66,0.0,1000.0,0.0,4.199,89.6,99,0,60.0,2026-05-01T04:24:55.256804,4.21
2026-05-01T04:23:55.295083,55.81,0,58.68,0.0,1000.0,0.0,4.199,89.6,99,0,60.0,2026-05-01T04:24:55.294983,4.21
2026-05-01T04:23:55.325818,55.81,0,58.68,0.0,1000.0,0.0,4.199,89.6,99,0,60.0,2026-05-01T04:24:55.325749,4.21
2026-05-01T04:23:56.314134,55.87,0,58.72,0.0,1000.0,0.0,4.199,89.6,99,0,60.0,2026-05-01T04:24:56.313973,4.21
2026-05-01T04:23:56.352005,55.87,0,58.73,0.0,1000.0,0.0,4.199,89.6,99,0,60.0,2026-05-01T04:24:56.351894,4.21
2026-05-01T04:23:56.382585,55.87,0,58.73,0.0,1000.0,0.0,4.199,89.6,99,0,60.0,2026-05-01T04:24:56.382498,4.21
2026-05-01T04:23:57.368658,55.93,0,58.78,0.0,1000.0,0.0,4.199,89.6,99,0,60.0,2026-05-01T04:24:57.368519,4.21
2026-05-01T04:23:57.404243,55.93,0,58.79,0.0,1000.0,0.0,4.199,89.6,99,0,60.0,2026-05-01T04:24:57.404120,4.21
2026-05-01T04:23:57.435344,55.93,0,58.79,0.0,1000.0,0.0,4.199,89.6,99,0,60.0,2026-05-01T04:24:57.435265,4.21
2026-05-01T04:23:58.422042,55.98,0,58.84,0.0,1000.0,0.0,4.199,89.6,99,0,60.0,2026-05-01T04:24:58.421915,4.21
2026-05-01T04:23:58.455576,55.98,0,58.84,0.0,1000.0,0.0,4.199,89.6,99,0,60.0,2026-05-01T04:24:58.455498,4.21
2026-05-01T04:23:59.427897,55.98,0,58.88,0.0,1000.0,0.0,4.199,89.6,99,0,60.0,2026-05-01T04:24:59.427741,4.21
2026-05-01T04:23:59.464905,56.05,0,58.9,0.0,1000.0,0.0,4.199,89.6,99,0,60.0,2026-05-01T04:24:59.464807,4.21
2026-05-01T04:23:59.496236,56.05,0,58.91,0.0,1000.0,0.0,4.199,89.6,99,0,60.0,2026-05-01T04:24:59.496153,4.21
2026-05-01T04:24:00.487177,56.08,0,58.94,0.0,1000.0,0.0,4.199,89.6,99,0,60.0,2026-05-01T04:25:00.487036,4.21
2026-05-01T04:24:00.524610,56.08,0,58.94,0.0,1000.0,0.0,4.199,89.6,99,0,60.0,2026-05-01T04:25:00.524509,4.21
2026-05-01T04:24:00.555854,56.08,0,58.94,0.0,1000.0,0.0,4.199,89.6,99,0,60.0,2026-05-01T04:25:00.555761,4.21
2026-05-01T04:24:01.533369,56.14,0,58.99,0.0,1000.0,0.0,4.199,89.5,99,0,60.0,2026-05-01T04:25:01.533254,4.21
2026-05-01T04:24:01.566918,56.14,0,58.99,0.0,1000.0,0.0,4.199,89.5,99,0,60.0,2026-05-01T04:25:01.566846,4.21
2026-05-01T04:24:01.600020,56.14,0,59.0,0.0,1000.0,0.0,4.199,89.5,99,0,60.0,2026-05-01T04:25:01.599945,4.21
2026-05-01T04:24:02.597587,56.2,0,59.05,0.0,1000.0,0.0,4.199,89.5,99,0,60.0,2026-05-01T04:25:02.597446,4.21
2026-05-01T04:24:02.633660,56.2,0,59.05,0.0,1000.0,0.0,4.199,89.5,99,0,60.0,2026-05-01T04:25:02.633545,4.21
2026-05-01T04:24:02.664445,56.2,0,59.06,0.0,1000.0,0.0,4.199,89.5,99,0,60.0,2026-05-01T04:25:02.664370,4.21
2026-05-01T04:24:03.650773,56.26,0,59.11,0.0,1000.0,0.0,4.199,89.5,99,0,60.0,2026-05-01T04:25:03.650418,4.21
2026-05-01T04:24:03.687786,56.26,0,59.12,0.0,1000.0,0.0,4.199,89.5,99,0,60.0,2026-05-01T04:25:03.687681,4.21
2026-05-01T04:24:04.675373,56.26,0,59.16,0.0,1000.0,0.0,4.199,89.5,99,0,60.0,2026-05-01T04:25:04.675129,4.21
2026-05-01T04:24:04.717124,56.29,0,59.16,0.0,1000.0,0.0,4.199,89.5,99,0,60.0,2026-05-01T04:25:04.717027,4.21
2026-05-01T04:24:04.748232,56.29,0,59.16,0.0,1000.0,0.0,4.199,89.5,99,0,60.0,2026-05-01T04:25:04.748163,4.21
2026-05-01T04:24:05.733422,56.32,0,59.19,0.0,1000.0,0.0,4.199,89.5,99,0,60.0,2026-05-01T04:25:05.733247,4.21
2026-05-01T04:24:05.772706,56.32,0,59.18,0.0,1000.0,0.0,4.199,89.5,99,0,60.0,2026-05-01T04:25:05.772609,4.21
2026-05-01T04:24:05.803623,56.32,0,59.18,0.0,1000.0,0.0,4.199,89.5,99,0,60.0,2026-05-01T04:25:05.803549,4.21
2026-05-01T04:24:06.788312,56.38,0,59.22,0.0,1000.0,0.0,4.199,89.5,99,0,60.0,2026-05-01T04:25:06.788145,4.21
2026-05-01T04:24:06.825558,56.38,0,59.23,0.0,1000.0,0.0,4.199,89.5,99,0,60.0,2026-05-01T04:25:06.825471,4.21
2026-05-01T04:24:06.919335,56.38,0,59.23,0.0,1000.0,0.0,4.199,89.5,99,0,60.0,2026-05-01T04:25:06.919188,4.21
2026-05-01T04:24:07.841365,56.42,0,59.27,0.0,1000.0,0.0,4.199,89.4,99,0,60.0,2026-05-01T04:25:07.841252,4.21
2026-05-01T04:24:07.877662,56.42,0,59.28,0.0,1000.0,0.0,4.199,89.4,99,0,60.0,2026-05-01T04:25:07.876918,4.21
2026-05-01T04:24:07.960486,56.42,0,59.28,0.0,1000.0,0.0,4.199,89.4,99,0,60.0,2026-05-01T04:25:07.953417,4.21
2026-05-01T04:24:08.895176,56.47,0,59.32,0.0,1000.0,0.0,4.199,89.4,99,0,60.0,2026-05-01T04:25:08.895015,4.21
2026-05-01T04:24:08.929647,56.47,0,59.33,0.0,1000.0,0.0,4.199,89.4,99,0,60.0,2026-05-01T04:25:08.929539,4.21
2026-05-01T04:24:09.927190,56.47,0,59.36,0.0,1000.0,0.0,4.199,89.4,99,0,60.0,2026-05-01T04:25:09.907495,4.21
2026-05-01T04:24:09.998175,56.51,0,59.37,0.0,1000.0,0.0,4.199,89.4,99,0,60.0,2026-05-01T04:25:09.998057,4.21
2026-05-01T04:24:10.028979,56.51,0,59.37,0.0,1000.0,0.0,4.199,89.4,99,0,60.0,2026-05-01T04:25:10.028882,4.21
2026-05-01T04:24:10.968891,56.56,0,59.41,0.0,1000.0,0.0,4.199,89.4,99,0,60.0,2026-05-01T04:25:10.968675,4.21
2026-05-01T04:24:11.008977,56.56,0,59.42,0.0,1000.0,0.0,4.199,89.4,99,0,60.0,2026-05-01T04:25:11.008877,4.21
2026-05-01T04:24:11.040535,56.56,0,59.42,0.0,1000.0,0.0,4.199,89.4,99,0,60.0,2026-05-01T04:25:11.040442,4.21
2026-05-01T04:24:11.999937,56.59,0,59.45,0.0,1000.0,0.0,4.199,89.4,99,0,60.0,2026-05-01T04:25:11.999528,4.21
2026-05-01T04:24:12.046282,56.59,0,59.45,0.0,1000.0,0.0,4.199,89.4,99,0,60.0,2026-05-01T04:25:12.046153,4.21
2026-05-01T04:24:12.081591,56.59,0,59.45,0.0,1000.0,0.0,4.199,89.4,99,0,60.0,2026-05-01T04:25:12.081463,4.21
2026-05-01T04:24:13.067971,56.65,0,59.5,0.0,1000.0,0.0,4.199,89.4,99,0,60.0,2026-05-01T04:25:13.067787,4.21
2026-05-01T04:24:13.105373,56.65,0,59.51,0.0,1000.0,0.0,4.199,89.4,99,0,60.0,2026-05-01T04:25:13.105271,4.21
2026-05-01T04:24:13.138706,56.65,0,59.51,0.0,1000.0,0.0,4.199,89.4,99,0,60.0,2026-05-01T04:25:13.138579,4.21
2026-05-01T04:24:14.107061,56.68,0,59.55,0.0,1000.0,0.0,4.199,89.4,99,0,60.0,2026-05-01T04:25:14.106902,4.21
2026-05-01T04:24:14.142536,56.68,0,59.55,0.0,1000.0,0.0,4.199,89.4,99,0,60.0,2026-05-01T04:25:14.142409,4.21
2026-05-01T04:24:15.145850,56.68,0,59.58,0.0,1000.0,0.0,4.199,89.4,99,0,60.0,2026-05-01T04:25:15.145655,4.21
2026-05-01T04:24:15.191066,56.73,0,59.59,0.0,1000.0,0.0,4.199,89.3,99,0,60.0,2026-05-01T04:25:15.190933,4.21
2026-05-01T04:24:15.225061,56.73,0,59.59,0.0,1000.0,0.0,4.199,89.3,99,0,60.0,2026-05-01T04:25:15.224932,4.21
2026-05-01T04:24:16.196783,56.78,0,59.63,0.0,1000.0,0.0,4.199,89.3,99,0,60.0,2026-05-01T04:25:16.196616,4.21
2026-05-01T04:24:16.240877,56.78,0,59.63,0.0,1000.0,0.0,4.199,89.3,99,0,60.0,2026-05-01T04:25:16.240733,4.21
2026-05-01T04:24:16.278458,56.78,0,59.64,0.0,1000.0,0.0,4.199,89.3,99,0,60.0,2026-05-01T04:25:16.278336,4.21
2026-05-01T04:24:17.259135,56.81,0,59.67,0.0,1000.0,0.0,4.199,89.3,99,0,60.0,2026-05-01T04:25:17.258962,4.21
2026-05-01T04:24:17.299004,56.81,0,59.67,0.0,1000.0,0.0,4.199,89.3,99,0,60.0,2026-05-01T04:25:17.298889,4.21
2026-05-01T04:24:17.332752,56.81,0,59.67,0.0,1000.0,0.0,4.199,89.3,99,0,60.0,2026-05-01T04:25:17.332636,4.21
2026-05-01T04:24:18.313158,56.85,0,59.71,0.0,1000.0,0.0,4.199,89.3,99,0,60.0,2026-05-01T04:25:18.312975,4.21
2026-05-01T04:24:18.351655,56.85,0,59.71,0.0,1000.0,0.0,4.199,89.3,99,0,60.0,2026-05-01T04:25:18.351487,4.21
2026-05-01T04:24:18.384852,56.85,0,59.71,0.0,1000.0,0.0,4.199,89.3,99,0,60.0,2026-05-01T04:25:18.384685,4.21
2026-05-01T04:24:19.364927,56.88,0,59.74,0.0,1000.0,0.0,4.199,89.3,99,0,60.0,2026-05-01T04:25:19.364759,4.21
2026-05-01T04:24:19.402270,56.88,0,59.74,0.0,1000.0,0.0,4.199,89.3,99,0,60.0,2026-05-01T04:25:19.402119,4.21
2026-05-01T04:24:20.378504,56.88,0,59.78,0.0,1000.0,0.0,4.199,89.3,99,0,60.0,2026-05-01T04:25:20.378350,4.21
2026-05-01T04:24:20.424976,56.9,0,59.77,0.0,1000.0,0.0,4.199,89.3,99,0,60.0,2026-05-01T04:25:20.424846,4.21
2026-05-01T04:24:20.459750,56.9,0,59.77,0.0,1000.0,0.0,4.199,89.3,99,0,60.0,2026-05-01T04:25:20.459625,4.21
2026-05-01T04:24:21.438392,56.93,0,59.8,0.0,1000.0,0.0,4.199,89.3,99,0,60.0,2026-05-01T04:25:21.438192,4.21
2026-05-01T04:24:21.479926,56.93,0,59.8,0.0,1000.0,0.0,4.199,89.3,99,0,60.0,2026-05-01T04:25:21.479796,4.21
2026-05-01T04:24:21.512822,56.93,0,59.79,0.0,1000.0,0.0,4.199,89.3,99,0,60.0,2026-05-01T04:25:21.512700,4.21
2026-05-01T04:24:22.493451,56.96,0,59.83,0.0,1000.0,0.0,4.199,89.3,99,0,60.0,2026-05-01T04:25:22.493288,4.21
2026-05-01T04:24:22.533840,56.96,0,59.82,0.0,1000.0,0.0,4.199,89.3,99,0,60.0,2026-05-01T04:25:22.533691,4.21
2026-05-01T04:24:22.567595,56.96,0,59.82,0.0,1000.0,0.0,4.199,89.3,99,0,60.0,2026-05-01T04:25:22.567450,4.21
2026-05-01T04:24:23.547778,57.01,0,59.86,0.0,1000.0,0.0,4.199,89.3,99,0,60.0,2026-05-01T04:25:23.547625,4.21
2026-05-01T04:24:23.586915,57.01,0,59.87,0.0,1000.0,0.0,4.199,89.2,99,0,60.0,2026-05-01T04:25:23.586789,4.21
2026-05-01T04:24:23.621269,57.01,0,59.87,0.0,1000.0,0.0,4.199,89.2,99,0,60.0,2026-05-01T04:25:23.621148,4.21
2026-05-01T04:24:24.584501,57.05,0,59.91,0.0,1000.0,0.0,4.199,89.2,99,0,60.0,2026-05-01T04:25:24.584320,4.21
2026-05-01T04:24:24.619550,57.05,0,59.91,0.0,1000.0,0.0,4.199,89.2,99,0,60.0,2026-05-01T04:25:24.619358,4.21
2026-05-01T04:24:25.619107,57.05,0,59.95,0.0,1000.0,0.0,4.199,89.2,99,0,60.0,2026-05-01T04:25:25.618902,4.21
2026-05-01T04:24:25.664331,57.1,0,59.96,0.0,1000.0,0.0,4.199,89.2,99,0,60.0,2026-05-01T04:25:25.664211,4.21
2026-05-01T04:24:25.697555,57.1,0,59.96,0.0,1000.0,0.0,4.199,89.2,99,0,60.0,2026-05-01T04:25:25.697448,4.21
2026-05-01T04:24:26.670327,57.16,0,59.99,0.0,1000.0,0.0,4.199,89.2,99,0,60.0,2026-05-01T04:25:26.670154,4.21
2026-05-01T04:24:26.713446,57.16,0,60.0,0.0,1000.0,0.0,4.199,89.2,99,0,60.0,2026-05-01T04:25:26.713323,4.21
2026-05-01T04:24:26.747874,57.16,0,60.01,0.0,1000.0,0.0,4.199,89.2,99,0,60.0,2026-05-01T04:25:26.747745,4.21
2026-05-01T04:24:27.728721,57.2,0,60.05,0.0,1000.0,0.0,4.199,89.2,99,0,60.0,2026-05-01T04:25:27.728572,4.21
2026-05-01T04:24:27.765775,57.2,0,60.05,0.0,1000.0,0.0,4.199,89.2,99,0,60.0,2026-05-01T04:25:27.765681,4.21
2026-05-01T04:24:27.796526,57.2,0,60.05,0.0,1000.0,0.0,4.199,89.2,99,0,60.0,2026-05-01T04:25:27.796452,4.21
2026-05-01T04:24:28.803515,57.28,0,60.11,0.0,1000.0,0.0,4.199,89.2,99,0,60.0,2026-05-01T04:25:28.803353,4.21
2026-05-01T04:24:28.844602,57.28,0,60.12,0.0,1000.0,0.0,4.199,89.2,99,0,60.0,2026-05-01T04:25:28.844453,4.21
2026-05-01T04:24:29.073526,57.28,0,60.13,0.0,1000.0,0.0,4.199,89.2,99,0,60.0,2026-05-01T04:25:29.073313,4.21
2026-05-01T04:24:29.817250,57.33,0,60.17,0.0,1000.0,0.0,4.199,89.1,99,0,60.0,2026-05-01T04:25:29.817130,4.21
2026-05-01T04:24:29.849219,57.33,0,60.17,0.0,1000.0,0.0,4.199,89.1,99,0,60.0,2026-05-01T04:25:29.849131,4.21
2026-05-01T04:24:30.834277,57.33,0,60.21,0.0,1000.0,0.0,4.199,89.1,99,0,60.0,2026-05-01T04:25:30.834120,4.21
2026-05-01T04:24:30.915000,57.39,0,60.23,0.0,1000.0,0.0,4.199,89.1,99,0,60.0,2026-05-01T04:25:30.884732,4.21
2026-05-01T04:24:30.962418,57.39,0,60.23,0.0,1000.0,0.0,4.199,89.1,99,0,60.0,2026-05-01T04:25:30.962315,4.21
2026-05-01T04:24:31.901353,57.44,0,60.27,0.0,1000.0,0.0,4.199,89.1,99,0,60.0,2026-05-01T04:25:31.901212,4.21
2026-05-01T04:24:31.939367,57.44,0,60.28,0.0,1000.0,0.0,4.199,89.1,99,0,60.0,2026-05-01T04:25:31.939256,4.21
2026-05-01T04:24:31.970365,57.44,0,60.29,0.0,1000.0,0.0,4.199,89.1,99,0,60.0,2026-05-01T04:25:31.970285,4.21
2026-05-01T04:24:32.937535,57.51,0,60.33,0.0,1000.0,0.0,4.199,89.1,99,0,60.0,2026-05-01T04:25:32.937414,4.21
2026-05-01T04:24:32.968631,57.51,0,60.35,0.0,1000.0,0.0,4.199,89.1,99,0,60.0,2026-05-01T04:25:32.968546,4.21
2026-05-01T04:24:33.004790,57.51,0,60.35,0.0,1000.0,0.0,4.199,89.1,99,0,60.0,2026-05-01T04:25:33.004566,4.21
2026-05-01T04:24:34.017640,57.57,0,60.4,0.0,1000.0,0.0,4.199,89.1,99,0,60.0,2026-05-01T04:25:34.017488,4.21
2026-05-01T04:24:34.052999,57.57,0,60.41,0.0,1000.0,0.0,4.199,89.1,99,0,60.0,2026-05-01T04:25:34.052919,4.21
2026-05-01T04:24:34.084284,57.57,0,60.42,0.0,1000.0,0.0,4.199,89.1,99,0,60.0,2026-05-01T04:25:34.084181,4.21
2026-05-01T04:24:35.046864,57.62,0,60.46,0.0,1000.0,0.0,4.199,89.0,99,0,60.0,2026-05-01T04:25:35.046739,4.21
2026-05-01T04:24:35.077708,57.62,0,60.47,0.0,1000.0,0.0,4.199,89.0,99,0,60.0,2026-05-01T04:25:35.077622,4.21
2026-05-01T04:24:36.084216,57.62,0,60.51,0.0,1000.0,0.0,4.199,89.0,99,0,60.0,2026-05-01T04:25:36.084007,4.21
2026-05-01T04:24:36.124648,57.68,0,60.52,0.0,1000.0,0.0,4.199,89.0,99,0,60.0,2026-05-01T04:25:36.124541,4.21
2026-05-01T04:24:36.155876,57.68,0,60.53,0.0,1000.0,0.0,4.199,89.0,99,0,60.0,2026-05-01T04:25:36.155781,4.21
2026-05-01T04:24:37.139410,57.73,0,60.57,0.0,1000.0,0.0,4.199,89.0,99,0,60.0,2026-05-01T04:25:37.139254,4.21
2026-05-01T04:24:37.176927,57.73,0,60.57,0.0,1000.0,0.0,4.199,89.0,99,0,60.0,2026-05-01T04:25:37.176819,4.21
2026-05-01T04:24:37.208049,57.73,0,60.58,0.0,1000.0,0.0,4.199,89.0,99,0,60.0,2026-05-01T04:25:37.207976,4.21
2026-05-01T04:24:38.181827,57.78,0,60.62,0.0,1000.0,0.0,4.199,89.0,99,0,60.0,2026-05-01T04:25:38.181574,4.21
2026-05-01T04:24:38.216698,57.78,0,60.62,0.0,1000.0,0.0,4.199,89.0,99,0,60.0,2026-05-01T04:25:38.216588,4.21
2026-05-01T04:24:38.249131,57.78,0,60.62,0.0,1000.0,0.0,4.199,89.0,99,0,60.0,2026-05-01T04:25:38.249043,4.21
2026-05-01T04:24:39.252222,57.84,0,60.67,0.0,1000.0,0.0,4.199,89.0,99,0,60.0,2026-05-01T04:25:39.252062,4.21
2026-05-01T04:24:39.288808,57.84,0,60.68,0.0,1000.0,0.0,4.199,89.0,99,0,60.0,2026-05-01T04:25:39.288698,4.21
2026-05-01T04:24:39.319944,57.84,0,60.68,0.0,1000.0,0.0,4.199,89.0,99,0,60.0,2026-05-01T04:25:39.319841,4.21
2026-05-01T04:24:40.312246,57.87,0,60.72,0.0,1000.0,0.0,4.199,89.0,99,0,60.0,2026-05-01T04:25:40.312094,4.21
2026-05-01T04:24:40.345998,57.87,0,60.72,0.0,1000.0,0.0,4.199,89.0,99,0,60.0,2026-05-01T04:25:40.345909,4.21
2026-05-01T04:24:41.328443,57.87,0,60.76,0.0,1000.0,0.0,4.199,89.0,99,0,60.0,2026-05-01T04:25:41.328232,4.21
2026-05-01T04:24:41.370691,57.91,0,60.76,0.0,1000.0,0.0,4.199,88.9,99,0,60.0,2026-05-01T04:25:41.370588,4.21
2026-05-01T04:24:41.402007,57.91,0,60.76,0.0,1000.0,0.0,4.199,88.9,99,0,60.0,2026-05-01T04:25:41.401923,4.21
2026-05-01T04:24:42.383828,57.96,0,60.8,0.0,1000.0,0.0,4.199,88.9,99,0,60.0,2026-05-01T04:25:42.383647,4.21
2026-05-01T04:24:42.422666,57.96,0,60.81,0.0,1000.0,0.0,4.199,88.9,99,0,60.0,2026-05-01T04:25:42.422580,4.21
2026-05-01T04:24:42.453637,57.96,0,60.81,0.0,1000.0,0.0,4.199,88.9,99,0,60.0,2026-05-01T04:25:42.453562,4.21
2026-05-01T04:24:43.439055,58.0,0,60.85,0.0,1000.0,0.0,4.199,88.9,99,0,60.0,2026-05-01T04:25:43.438857,4.21
2026-05-01T04:24:43.476323,58.0,0,60.85,0.0,1000.0,0.0,4.199,88.9,99,0,60.0,2026-05-01T04:25:43.476229,4.21
2026-05-01T04:24:43.507043,58.0,0,60.85,0.0,1000.0,0.0,4.199,88.9,99,0,60.0,2026-05-01T04:25:43.506956,4.21
2026-05-01T04:24:44.481252,58.04,0,60.89,0.0,1000.0,0.0,4.199,88.9,99,0,60.0,2026-05-01T04:25:44.481024,4.21
2026-05-01T04:24:44.524328,58.04,0,60.89,0.0,1000.0,0.0,4.199,88.9,99,0,60.0,2026-05-01T04:25:44.524179,4.21
2026-05-01T04:24:44.569539,58.04,0,60.89,0.0,1000.0,0.0,4.199,88.9,99,0,60.0,2026-05-01T04:25:44.569383,4.21
2026-05-01T04:24:45.543062,58.09,0,60.94,0.0,1000.0,0.0,4.199,88.9,99,0,60.0,2026-05-01T04:25:45.542940,4.21
2026-05-01T04:24:45.577336,58.09,0,60.94,0.0,1000.0,0.0,4.199,88.9,99,0,60.0,2026-05-01T04:25:45.577240,4.21
2026-05-01T04:24:46.565385,58.09,0,60.98,0.0,1000.0,0.0,4.199,88.9,99,0,60.0,2026-05-01T04:25:46.565200,4.21
2026-05-01T04:24:46.606696,58.12,0,60.98,0.0,1000.0,0.0,4.199,88.9,99,0,60.0,2026-05-01T04:25:46.606601,4.21
2026-05-01T04:24:46.637987,58.12,0,60.98,0.0,1000.0,0.0,4.199,88.9,99,0,60.0,2026-05-01T04:25:46.637901,4.21
2026-05-01T04:24:47.619067,58.18,0,61.02,0.0,1000.0,0.0,4.199,88.9,99,0,60.0,2026-05-01T04:25:47.618897,4.21
2026-05-01T04:24:47.658362,58.18,0,61.02,0.0,1000.0,0.0,4.199,88.9,99,0,60.0,2026-05-01T04:25:47.658265,4.21
2026-05-01T04:24:47.689327,58.18,0,61.02,0.0,1000.0,0.0,4.199,88.9,99,0,60.0,2026-05-01T04:25:47.689253,4.21
2026-05-01T04:24:48.672329,58.23,0,61.06,0.0,1000.0,0.0,4.199,88.8,99,0,60.0,2026-05-01T04:25:48.672214,4.21
2026-05-01T04:24:48.709163,58.23,0,61.06,0.0,1000.0,0.0,4.199,88.8,99,0,60.0,2026-05-01T04:25:48.709078,4.21
2026-05-01T04:24:48.740079,58.23,0,61.06,0.0,1000.0,0.0,4.199,88.8,99,0,60.0,2026-05-01T04:25:48.740006,4.21
2026-05-01T04:24:49.712541,58.28,0,61.11,0.0,1000.0,0.0,4.199,88.8,99,0,60.0,2026-05-01T04:25:49.712415,4.21
2026-05-01T04:24:49.746351,58.28,0,61.11,0.0,1000.0,0.0,4.199,88.8,99,0,60.0,2026-05-01T04:25:49.746263,4.21
2026-05-01T04:24:49.776974,58.28,0,61.12,0.0,1000.0,0.0,4.199,88.8,99,0,60.0,2026-05-01T04:25:49.776900,4.21
2026-05-01T04:24:50.777953,58.34,0,61.17,0.0,1000.0,0.0,4.199,88.8,99,0,60.0,2026-05-01T04:25:50.777790,4.21
2026-05-01T04:24:50.811959,58.34,0,61.17,0.0,1000.0,0.0,4.199,88.8,99,0,60.0,2026-05-01T04:25:50.811876,4.21
2026-05-01T04:24:51.800883,58.34,0,61.21,0.0,1000.0,0.0,4.199,88.8,99,0,60.0,2026-05-01T04:25:51.800612,4.21
2026-05-01T04:24:51.842991,58.37,0,61.21,0.0,1000.0,0.0,4.199,88.8,99,0,60.0,2026-05-01T04:25:51.842911,4.21
2026-05-01T04:24:51.875590,58.37,0,61.21,0.0,1000.0,0.0,4.199,88.8,99,0,60.0,2026-05-01T04:25:51.875511,4.21
2026-05-01T04:24:52.856423,58.41,0,61.25,0.0,1000.0,0.0,4.199,88.8,99,0,60.0,2026-05-01T04:25:52.856170,4.21
2026-05-01T04:24:52.895122,58.41,0,61.25,0.0,1000.0,0.0,4.199,88.8,99,0,60.0,2026-05-01T04:25:52.895019,4.21
2026-05-01T04:24:52.926229,58.41,0,61.25,0.0,1000.0,0.0,4.199,88.8,99,0,60.0,2026-05-01T04:25:52.926161,4.21
2026-05-01T04:24:53.942224,58.47,0,61.3,0.0,1000.0,0.0,4.199,88.8,99,0,60.0,2026-05-01T04:25:53.923270,4.21
2026-05-01T04:24:54.002984,58.47,0,61.31,0.0,1000.0,0.0,4.199,88.8,99,0,60.0,2026-05-01T04:25:54.002853,4.21
2026-05-01T04:24:54.034437,58.47,0,61.31,0.0,1000.0,0.0,4.199,88.8,99,0,60.0,2026-05-01T04:25:54.034325,4.21
2026-05-01T04:24:54.947895,58.52,0,61.35,0.0,1000.0,0.0,4.199,88.8,99,0,60.0,2026-05-01T04:25:54.947761,4.211
2026-05-01T04:24:54.981208,58.52,0,61.36,0.0,1000.0,0.0,4.199,88.7,99,0,60.0,2026-05-01T04:25:54.981064,4.211
2026-05-01T04:24:55.031452,58.52,0,61.36,0.0,1000.0,0.0,4.199,88.7,99,0,60.0,2026-05-01T04:25:55.031326,4.211
2026-05-01T04:24:55.988789,58.56,0,61.4,0.0,1000.0,0.0,4.199,88.7,99,0,60.0,2026-05-01T04:25:55.988630,4.211
2026-05-01T04:24:56.023482,58.56,0,61.4,0.0,1000.0,0.0,4.199,88.7,99,0,60.0,2026-05-01T04:25:56.023364,4.211
2026-05-01T04:24:57.024617,58.56,0,61.44,0.0,1000.0,0.0,4.199,88.7,99,0,60.0,2026-05-01T04:25:57.024483,4.211
2026-05-01T04:24:57.063246,58.62,0,61.45,0.0,1000.0,0.0,4.199,88.7,99,0,60.0,2026-05-01T04:25:57.063099,4.211
2026-05-01T04:24:57.098105,58.62,0,61.46,0.0,1000.0,0.0,4.199,88.7,99,0,60.0,2026-05-01T04:25:57.097995,4.211
2026-05-01T04:24:58.076168,58.66,0,61.5,0.0,1000.0,0.0,4.199,88.7,99,0,60.0,2026-05-01T04:25:58.076018,4.211
2026-05-01T04:24:58.119232,58.66,0,61.5,0.0,1000.0,0.0,4.199,88.7,99,0,60.0,2026-05-01T04:25:58.119046,4.211
2026-05-01T04:24:58.161162,58.66,0,61.5,0.0,1000.0,0.0,4.199,88.7,99,0,60.0,2026-05-01T04:25:58.161027,4.211
2026-05-01T04:24:59.138735,58.71,0,61.54,0.0,1000.0,0.0,4.199,88.7,99,0,60.0,2026-05-01T04:25:59.138585,4.211
2026-05-01T04:24:59.177661,58.71,0,61.54,0.0,1000.0,0.0,4.199,88.7,99,0,60.0,2026-05-01T04:25:59.177539,4.211
2026-05-01T04:24:59.210557,58.71,0,61.55,0.0,1000.0,0.0,4.199,88.7,99,0,60.0,2026-05-01T04:25:59.210449,4.211
2026-05-01T04:25:00.188900,58.74,0,61.58,0.0,1000.0,0.0,4.199,88.7,99,0,60.0,2026-05-01T04:26:00.188753,4.211
2026-05-01T04:25:00.226785,58.74,0,61.58,0.0,1000.0,0.0,4.199,88.7,99,0,60.0,2026-05-01T04:26:00.226672,4.211
2026-05-01T04:25:00.260268,58.74,0,61.58,0.0,1000.0,0.0,4.199,88.7,99,0,60.0,2026-05-01T04:26:00.260149,4.211
2026-05-01T04:25:01.250949,58.77,0,61.61,0.0,1000.0,0.0,4.199,88.7,99,0,60.0,2026-05-01T04:26:01.250637,4.211
2026-05-01T04:25:01.287757,58.77,0,61.61,0.0,1000.0,0.0,4.199,88.7,99,0,60.0,2026-05-01T04:26:01.287622,4.211
2026-05-01T04:25:02.268584,58.77,0,61.65,0.0,1000.0,0.0,4.199,88.7,99,0,60.0,2026-05-01T04:26:02.268366,4.211
2026-05-01T04:25:02.314654,58.81,0,61.65,0.0,1000.0,0.0,4.199,88.6,99,0,60.0,2026-05-01T04:26:02.314526,4.211
2026-05-01T04:25:02.349134,58.81,0,61.65,0.0,1000.0,0.0,4.199,88.6,99,0,60.0,2026-05-01T04:26:02.349016,4.211
2026-05-01T04:25:03.325649,58.85,0,61.69,0.0,1000.0,0.0,4.199,88.6,99,0,60.0,2026-05-01T04:26:03.325477,4.211
2026-05-01T04:25:03.367877,58.85,0,61.69,0.0,1000.0,0.0,4.199,88.6,99,0,60.0,2026-05-01T04:26:03.367719,4.211
2026-05-01T04:25:03.401847,58.85,0,61.69,0.0,1000.0,0.0,4.199,88.6,99,0,60.0,2026-05-01T04:26:03.401708,4.211
2026-05-01T04:25:04.364214,58.91,0,61.73,0.0,1000.0,0.0,4.199,88.6,99,0,60.0,2026-05-01T04:26:04.364092,4.211
2026-05-01T04:25:04.399349,58.91,0,61.74,0.0,1000.0,0.0,4.199,88.6,99,0,60.0,2026-05-01T04:26:04.399223,4.211
2026-05-01T04:25:04.433957,58.91,0,61.75,0.0,1000.0,0.0,4.199,88.6,99,0,60.0,2026-05-01T04:26:04.433750,4.211
2026-05-01T04:25:05.433274,58.97,0,61.8,0.0,1000.0,0.0,4.199,88.6,99,0,60.0,2026-05-01T04:26:05.432976,4.211
2026-05-01T04:25:05.471638,58.97,0,61.8,0.0,1000.0,0.0,4.199,88.6,99,0,60.0,2026-05-01T04:26:05.471499,4.211
2026-05-01T04:25:05.505495,58.97,0,61.81,0.0,1000.0,0.0,4.199,88.6,99,0,60.0,2026-05-01T04:26:05.505374,4.211
2026-05-01T04:25:06.469484,58.99,0,61.84,0.0,1000.0,0.0,4.199,88.6,99,0,60.0,2026-05-01T04:26:06.469188,4.211
2026-05-01T04:25:06.506842,58.99,0,61.84,0.0,1000.0,0.0,4.199,88.6,99,0,60.0,2026-05-01T04:26:06.506717,4.211
2026-05-01T04:25:07.505521,58.99,0,61.87,0.0,1000.0,0.0,4.199,88.6,99,0,60.0,2026-05-01T04:26:07.505314,4.211
2026-05-01T04:25:07.550952,59.04,0,61.88,0.0,1000.0,0.0,4.199,88.6,99,0,60.0,2026-05-01T04:26:07.550774,4.211
2026-05-01T04:25:07.585409,59.04,0,61.88,0.0,1000.0,0.0,4.199,88.6,99,0,60.0,2026-05-01T04:26:07.585226,4.211
2026-05-01T04:25:08.559367,59.09,0,61.92,0.0,1000.0,0.0,4.199,88.5,99,0,60.0,2026-05-01T04:26:08.559184,4.211
2026-05-01T04:25:08.603592,59.09,0,61.93,0.0,1000.0,0.0,4.199,88.5,99,0,60.0,2026-05-01T04:26:08.603444,4.211
2026-05-01T04:25:08.637771,59.09,0,61.93,0.0,1000.0,0.0,4.199,88.5,99,0,60.0,2026-05-01T04:26:08.637633,4.211
2026-05-01T04:25:09.602186,59.17,0,61.98,0.0,1000.0,0.0,4.199,88.5,99,0,60.0,2026-05-01T04:26:09.601990,4.211
2026-05-01T04:25:09.637859,59.17,0,61.99,0.0,1000.0,0.0,4.199,88.5,99,0,60.0,2026-05-01T04:26:09.637733,4.211
2026-05-01T04:25:09.671381,59.17,0,62.0,0.0,1000.0,0.0,4.199,88.5,99,0,60.0,2026-05-01T04:26:09.671270,4.211
2026-05-01T04:25:10.672054,59.21,0,62.04,0.0,1000.0,0.0,4.199,88.5,99,0,60.0,2026-05-01T04:26:10.671880,4.211
2026-05-01T04:25:10.709878,59.21,0,62.05,0.0,1000.0,0.0,4.199,88.5,99,0,60.0,2026-05-01T04:26:10.709759,4.211
2026-05-01T04:25:10.743790,59.21,0,62.05,0.0,1000.0,0.0,4.199,88.5,99,0,60.0,2026-05-01T04:26:10.743669,4.211
2026-05-01T04:25:11.722968,59.26,0,62.09,0.0,1000.0,0.0,4.199,88.5,99,0,60.0,2026-05-01T04:26:11.722808,4.211
2026-05-01T04:25:11.758470,59.26,0,62.09,0.0,1000.0,0.0,4.199,88.5,99,0,60.0,2026-05-01T04:26:11.758357,4.211
2026-05-01T04:25:12.743746,59.26,0,62.12,0.0,1000.0,0.0,4.199,88.5,99,0,60.0,2026-05-01T04:26:12.743538,4.211
2026-05-01T04:25:12.789855,59.33,0,62.14,0.0,1000.0,0.0,4.199,88.5,99,0,60.0,2026-05-01T04:26:12.789712,4.211
2026-05-01T04:25:12.823547,59.33,0,62.15,0.0,1000.0,0.0,4.199,88.5,99,0,60.0,2026-05-01T04:26:12.823421,4.211
2026-05-01T04:25:13.795960,59.4,0,62.2,0.0,1000.0,0.0,4.199,88.4,99,0,60.0,2026-05-01T04:26:13.795799,4.211
2026-05-01T04:25:13.839028,59.4,0,62.21,0.0,1000.0,0.0,4.199,88.4,99,0,60.0,2026-05-01T04:26:13.838890,4.211
2026-05-01T04:25:13.874243,59.4,0,62.22,0.0,1000.0,0.0,4.199,88.4,99,0,60.0,2026-05-01T04:26:13.873385,4.211
2026-05-01T04:25:14.850775,59.47,0,62.27,0.0,1000.0,0.0,4.199,88.4,99,0,60.0,2026-05-01T04:26:14.850590,4.211
2026-05-01T04:25:14.891160,59.47,0,62.29,0.0,1000.0,0.0,4.199,88.4,99,0,60.0,2026-05-01T04:26:14.891037,4.211
2026-05-01T04:25:14.924588,59.47,0,62.29,0.0,1000.0,0.0,4.199,88.4,99,0,60.0,2026-05-01T04:26:14.924469,4.211
2026-05-01T04:25:15.959204,59.51,0,62.34,0.0,1000.0,0.0,4.199,88.4,99,0,60.0,2026-05-01T04:26:15.954284,4.211
2026-05-01T04:25:15.993745,59.51,0,62.34,0.0,1000.0,0.0,4.199,88.4,99,0,60.0,2026-05-01T04:26:15.993634,4.211
2026-05-01T04:25:16.026087,59.51,0,62.34,0.0,1000.0,0.0,4.199,88.4,99,0,60.0,2026-05-01T04:26:16.025986,4.211
2026-05-01T04:25:16.958447,59.58,0,62.39,0.0,1000.0,0.0,4.199,88.4,99,0,60.0,2026-05-01T04:26:16.958258,4.211
2026-05-01T04:25:16.992935,59.58,0,62.4,0.0,1000.0,0.0,4.199,88.4,99,0,60.0,2026-05-01T04:26:16.992842,4.211
2026-05-01T04:25:17.961163,59.58,0,62.44,0.0,1000.0,0.0,4.199,88.4,99,0,60.0,2026-05-01T04:26:17.961015,4.211
2026-05-01T04:25:17.995821,59.66,0,62.46,0.0,1000.0,0.0,4.199,88.4,99,0,60.0,2026-05-01T04:26:17.995728,4.211
2026-05-01T04:25:18.028105,59.66,0,62.47,0.0,1000.0,0.0,4.199,88.4,99,0,60.0,2026-05-01T04:26:18.027994,4.211
2026-05-01T04:25:19.016707,59.71,0,62.52,0.0,1000.0,0.0,4.199,88.3,99,0,60.0,2026-05-01T04:26:19.016544,4.211
2026-05-01T04:25:19.060769,59.71,0,62.53,0.0,1000.0,0.0,4.199,88.3,99,0,60.0,2026-05-01T04:26:19.060646,4.211
2026-05-01T04:25:19.096937,59.71,0,62.53,0.0,1000.0,0.0,4.199,88.3,99,0,60.0,2026-05-01T04:26:19.096789,4.211
2026-05-01T04:25:20.070236,59.78,0,62.58,0.0,1000.0,0.0,4.199,88.3,99,0,60.0,2026-05-01T04:26:20.069983,4.211
2026-05-01T04:25:20.106927,59.78,0,62.6,0.0,1000.0,0.0,4.199,88.3,99,0,60.0,2026-05-01T04:26:20.106806,4.211
2026-05-01T04:25:20.139992,59.78,0,62.6,0.0,1000.0,0.0,4.199,88.3,99,0,60.0,2026-05-01T04:26:20.139883,4.211
2026-05-01T04:25:21.136436,59.83,0,62.65,0.0,1000.0,0.0,4.199,88.3,99,0,60.0,2026-05-01T04:26:21.136277,4.211
2026-05-01T04:25:21.174578,59.83,0,62.66,0.0,1000.0,0.0,4.199,88.3,99,0,60.0,2026-05-01T04:26:21.174468,4.211
2026-05-01T04:25:21.207414,59.83,0,62.66,0.0,1000.0,0.0,4.199,88.3,99,0,60.0,2026-05-01T04:26:21.207296,4.211
2026-05-01T04:25:22.187135,59.89,0,62.71,0.0,1000.0,0.0,4.199,88.3,99,0,60.0,2026-05-01T04:26:22.186970,4.211
2026-05-01T04:25:22.223005,59.89,0,62.71,0.0,1000.0,0.0,4.199,88.3,99,0,60.0,2026-05-01T04:26:22.222875,4.211
2026-05-01T04:25:23.210527,59.89,0,62.75,0.0,1000.0,0.0,4.199,88.3,99,0,60.0,2026-05-01T04:26:23.210359,4.211
2026-05-01T04:25:23.256193,59.95,0,62.77,0.0,1000.0,0.0,4.199,88.3,99,0,60.0,2026-05-01T04:26:23.256060,4.211
2026-05-01T04:25:23.290082,59.95,0,62.78,0.0,1000.0,0.0,4.199,88.3,99,0,60.0,2026-05-01T04:26:23.289959,4.211
2026-05-01T04:25:24.260931,60.04,0,62.82,0.0,1000.0,0.0,4.199,88.2,99,0,60.0,2026-05-01T04:26:24.260732,4.211
2026-05-01T04:25:24.306587,60.04,0,62.84,0.0,1000.0,0.0,4.199,88.2,99,0,60.0,2026-05-01T04:26:24.306442,4.211
2026-05-01T04:25:24.344305,60.04,0,62.85,0.0,1000.0,0.0,4.199,88.2,99,0,60.0,2026-05-01T04:26:24.344158,4.211
2026-05-01T04:25:25.321161,60.08,0,62.9,0.0,1000.0,0.0,4.199,88.2,99,0,60.0,2026-05-01T04:26:25.320965,4.211
2026-05-01T04:25:25.361102,60.08,0,62.9,0.0,1000.0,0.0,4.199,88.2,99,0,60.0,2026-05-01T04:26:25.360975,4.211
2026-05-01T04:25:25.394026,60.08,0,62.9,0.0,1000.0,0.0,4.199,88.2,99,0,60.0,2026-05-01T04:26:25.393905,4.211
2026-05-01T04:25:26.375398,60.12,0,62.94,0.0,1000.0,0.0,4.199,88.2,99,0,60.0,2026-05-01T04:26:26.375242,4.211
2026-05-01T04:25:26.418375,60.12,0,62.95,0.0,1000.0,0.0,4.199,88.2,99,0,60.0,2026-05-01T04:26:26.418234,4.211
2026-05-01T04:25:26.451701,60.12,0,62.95,0.0,1000.0,0.0,4.199,88.2,99,0,60.0,2026-05-01T04:26:26.451579,4.211
2026-05-01T04:25:27.422509,60.18,0,63.0,0.0,1000.0,0.0,4.199,88.2,99,0,60.0,2026-05-01T04:26:27.422331,4.211
2026-05-01T04:25:27.461202,60.18,0,63.0,0.0,1000.0,0.0,4.199,88.2,99,0,60.0,2026-05-01T04:26:27.461047,4.211
2026-05-01T04:25:28.447348,60.18,0,63.04,0.0,1000.0,0.0,4.199,88.2,99,0,60.0,2026-05-01T04:26:28.447053,4.211
2026-05-01T04:25:28.494878,60.22,0,63.05,0.0,1000.0,0.0,4.199,88.2,99,0,60.0,2026-05-01T04:26:28.494742,4.211
2026-05-01T04:25:28.528065,60.22,0,63.05,0.0,1000.0,0.0,4.199,88.2,99,0,60.0,2026-05-01T04:26:28.527940,4.211
2026-05-01T04:25:29.502142,60.29,0,63.09,0.0,1000.0,0.0,4.199,88.1,99,0,60.0,2026-05-01T04:26:29.501962,4.211
2026-05-01T04:25:29.545230,60.29,0,63.11,0.0,1000.0,0.0,4.199,88.1,99,0,60.0,2026-05-01T04:26:29.545116,4.211
2026-05-01T04:25:29.589366,60.29,0,63.11,0.0,1000.0,0.0,4.199,88.1,99,0,60.0,2026-05-01T04:26:29.589232,4.211
2026-05-01T04:25:30.558577,60.33,0,63.15,0.0,1000.0,0.0,4.199,88.1,99,0,60.0,2026-05-01T04:26:30.558415,4.211
2026-05-01T04:25:30.597389,60.33,0,63.15,0.0,1000.0,0.0,4.199,88.1,99,0,60.0,2026-05-01T04:26:30.597260,4.211
2026-05-01T04:25:30.630369,60.33,0,63.15,0.0,1000.0,0.0,4.199,88.1,99,0,60.0,2026-05-01T04:26:30.630250,4.211
2026-05-01T04:25:31.610917,60.4,0,63.2,0.0,1000.0,0.0,4.199,88.1,99,0,60.0,2026-05-01T04:26:31.610754,4.211
2026-05-01T04:25:31.649165,60.4,0,63.21,0.0,1000.0,0.0,4.199,88.1,99,0,60.0,2026-05-01T04:26:31.649034,4.211
2026-05-01T04:25:31.682388,60.4,0,63.22,0.0,1000.0,0.0,4.199,88.1,99,0,60.0,2026-05-01T04:26:31.682289,4.211
2026-05-01T04:25:32.647244,60.42,0,63.25,0.0,1000.0,0.0,4.199,88.1,99,0,60.0,2026-05-01T04:26:32.647099,4.211
2026-05-01T04:25:32.691630,60.42,0,63.25,0.0,1000.0,0.0,4.199,88.1,99,0,60.0,2026-05-01T04:26:32.691484,4.211
2026-05-01T04:25:33.682140,60.42,0,63.28,0.0,1000.0,0.0,4.199,88.1,99,0,60.0,2026-05-01T04:26:33.681934,4.211
2026-05-01T04:25:33.728833,60.47,0,63.29,0.0,1000.0,0.0,4.199,88.1,99,0,60.0,2026-05-01T04:26:33.728688,4.211
2026-05-01T04:25:33.762945,60.47,0,63.29,0.0,1000.0,0.0,4.199,88.1,99,0,60.0,2026-05-01T04:26:33.762823,4.211
2026-05-01T04:25:34.729398,60.52,0,63.33,0.0,1000.0,0.0,4.199,88.1,99,0,60.0,2026-05-01T04:26:34.729241,4.211
2026-05-01T04:25:34.770628,60.52,0,63.33,0.0,1000.0,0.0,4.199,88.1,99,0,60.0,2026-05-01T04:26:34.770496,4.211
2026-05-01T04:25:34.804808,60.52,0,63.34,0.0,1000.0,0.0,4.199,88.1,99,0,60.0,2026-05-01T04:26:34.804683,4.211
2026-05-01T04:25:35.792753,60.55,0,63.37,0.0,1000.0,0.0,4.199,88.1,99,0,60.0,2026-05-01T04:26:35.792595,4.211
2026-05-01T04:25:35.832169,60.55,0,63.37,0.0,1000.0,0.0,4.199,88.1,99,0,60.0,2026-05-01T04:26:35.832053,4.211
2026-05-01T04:25:35.867130,60.55,0,63.37,0.0,1000.0,0.0,4.199,88.1,99,0,60.0,2026-05-01T04:26:35.867003,4.211
2026-05-01T04:25:36.848691,60.59,0,63.41,0.0,1000.0,0.0,4.199,88.1,99,0,60.0,2026-05-01T04:26:36.848502,4.211
2026-05-01T04:25:36.887946,60.59,0,63.41,0.0,1000.0,0.0,4.199,88.0,99,0,60.0,2026-05-01T04:26:36.887812,4.211
2026-05-01T04:25:36.921629,60.59,0,63.41,0.0,1000.0,0.0,4.199,88.0,99,0,60.0,2026-05-01T04:26:36.921510,4.211
2026-05-01T04:25:37.915371,60.63,0,63.45,0.0,1000.0,0.0,4.199,88.0,99,0,60.0,2026-05-01T04:26:37.908971,4.211
2026-05-01T04:25:37.992673,60.63,0,63.45,0.0,1000.0,0.0,4.199,88.0,99,0,60.0,2026-05-01T04:26:37.992531,4.211
2026-05-01T04:25:38.916018,60.63,0,63.48,0.0,1000.0,0.0,4.199,88.0,99,0,60.0,2026-05-01T04:26:38.915789,4.211
2026-05-01T04:25:38.961308,60.66,0,63.48,0.0,1000.0,0.0,4.199,88.0,99,0,60.0,2026-05-01T04:26:38.961164,4.211
2026-05-01T04:25:38.993655,60.66,0,63.48,0.0008,1000.0,0.0,4.199,88.0,99,0,60.0,2026-05-01T04:26:38.993556,4.211
2026-05-01T04:25:39.966732,60.7,0,63.52,0.0022,1000.0,0.0,4.199,88.0,99,0,60.0,2026-05-01T04:26:39.966584,4.211
2026-05-01T04:25:40.004739,60.7,0,63.52,0.0022,1000.0,0.0,4.199,88.0,99,0,60.0,2026-05-01T04:26:40.004609,4.211
2026-05-01T04:25:40.040951,60.7,0,63.52,0.0023,1000.0,0.0,4.199,88.0,99,0,60.0,2026-05-01T04:26:40.040822,4.211
2026-05-01T04:25:41.011543,60.73,0,63.56,0.0023,1000.0,0.0,4.199,88.0,99,0,60.0,2026-05-01T04:26:41.011407,4.211
2026-05-01T04:25:41.048167,60.73,0,63.55,0.0023,1000.0,0.0,4.199,88.0,99,0,60.0,2026-05-01T04:26:41.048012,4.211
2026-05-01T04:25:41.089695,60.73,0,63.55,0.0024,1000.0,0.0,4.199,88.0,99,0,60.0,2026-05-01T04:26:41.089585,4.211
2026-05-01T04:25:42.052783,60.78,0,63.59,0.0026,1000.0,0.0,4.199,88.0,99,0,60.0,2026-05-01T04:26:42.052638,4.211
2026-05-01T04:25:42.097914,60.78,0,63.6,0.0027,1000.0,0.0,4.199,88.0,99,0,60.0,2026-05-01T04:26:42.097777,4.211
2026-05-01T04:25:42.130926,60.78,0,63.6,0.0027,1000.0,0.0,4.199,88.0,99,0,60.0,2026-05-01T04:26:42.130816,4.211
2026-05-01T04:25:43.131723,60.82,0,63.64,0.0017,1000.0,0.0,4.199,88.0,99,0,60.0,2026-05-01T04:26:43.131570,4.211
2026-05-01T04:25:43.170138,60.82,0,63.64,0.0014,1000.0,0.0,4.199,88.0,99,0,60.0,2026-05-01T04:26:43.169977,4.211
2026-05-01T04:25:44.145516,60.82,0,63.68,0.0014,1000.0,0.0,4.199,88.0,99,0,60.0,2026-05-01T04:26:44.145329,4.211
2026-05-01T04:25:44.189443,60.86,0,63.68,0.001,1000.0,0.0,4.199,88.0,99,0,60.0,2026-05-01T04:26:44.189307,4.211
2026-05-01T04:25:44.223483,60.86,0,63.68,0.001,1000.0,0.0,4.199,88.0,99,0,60.0,2026-05-01T04:26:44.223376,4.211
2026-05-01T04:25:45.196015,60.91,0,63.72,0.0011,1000.0,0.0,4.199,87.9,99,0,60.0,2026-05-01T04:26:45.195851,4.211
2026-05-01T04:25:45.242381,60.91,0,63.73,0.0023,1000.0,0.0,4.199,87.9,99,0,60.0,2026-05-01T04:26:45.242251,4.211
2026-05-01T04:25:45.276543,60.91,0,63.73,0.0037,1000.0,0.0,4.199,87.9,99,0,60.0,2026-05-01T04:26:45.276441,4.211
2026-05-01T04:25:46.259914,60.94,0,63.77,0.0041,1000.0,0.0,4.199,87.9,99,0,60.0,2026-05-01T04:26:46.259758,4.211
2026-05-01T04:25:46.299955,60.94,0,63.77,0.0035,1000.0,0.0,4.199,87.9,99,0,60.0,2026-05-01T04:26:46.299654,4.211
2026-05-01T04:25:46.332534,60.94,0,63.77,0.0032,1000.0,0.0,4.199,87.9,99,0,60.0,2026-05-01T04:26:46.332428,4.211
2026-05-01T04:25:47.315413,61.0,0,63.81,0.0011,1000.0,0.0,4.199,87.9,99,0,60.0,2026-05-01T04:26:47.315261,4.211
2026-05-01T04:25:47.353181,61.0,0,63.81,0.0,1000.0,0.0,4.199,87.9,99,0,60.0,2026-05-01T04:26:47.353051,4.211
2026-05-01T04:25:47.386024,61.0,0,63.82,0.0,1000.0,0.0,4.199,87.9,99,0,60.0,2026-05-01T04:26:47.385908,4.211
2026-05-01T04:25:48.365070,61.04,0,63.85,0.0,1000.0,0.0,4.199,87.9,99,0,60.0,2026-05-01T04:26:48.364915,4.211
2026-05-01T04:25:48.403873,61.04,0,63.86,0.0027,1000.0,0.0,4.199,87.9,99,0,60.0,2026-05-01T04:26:48.403716,4.211
2026-05-01T04:25:49.375274,61.04,0,63.89,0.0047,1000.0,0.0,4.199,87.9,99,0,60.0,2026-05-01T04:26:49.375141,4.211
2026-05-01T04:25:49.411570,61.08,0,63.9,0.0036,1000.0,0.0,4.199,87.9,99,0,60.0,2026-05-01T04:26:49.411444,4.211
2026-05-01T04:25:49.444482,61.08,0,63.9,0.0033,1000.0,0.0,4.199,87.9,99,0,60.0,2026-05-01T04:26:49.444366,4.211
2026-05-01T04:25:50.448046,61.13,0,63.94,0.0032,1000.0,0.0,4.199,87.9,99,0,60.0,2026-05-01T04:26:50.447804,4.211
2026-05-01T04:25:50.493055,61.13,0,63.94,0.0021,1000.0,0.0,4.199,87.9,99,0,60.0,2026-05-01T04:26:50.492954,4.211
2026-05-01T04:25:50.532195,61.13,0,63.95,0.0025,1000.0,0.0,4.199,87.9,99,0,60.0,2026-05-01T04:26:50.532093,4.211
2026-05-01T04:25:51.504871,61.17,0,63.99,0.0021,1000.0,0.0,4.199,87.9,99,0,60.0,2026-05-01T04:26:51.504699,4.211
2026-05-01T04:25:51.542707,61.17,0,63.99,0.002,1000.0,0.0,4.199,87.9,99,0,60.0,2026-05-01T04:26:51.542592,4.211
2026-05-01T04:25:51.576508,61.17,0,63.99,0.0022,1000.0,0.0,4.199,87.9,99,0,60.0,2026-05-01T04:26:51.576388,4.211
2026-05-01T04:25:52.552848,61.24,0,64.04,0.0012,1000.0,0.0,4.199,87.8,99,0,60.0,2026-05-01T04:26:52.552683,4.211
2026-05-01T04:25:52.590743,61.24,0,64.05,0.0019,1000.0,0.0,4.199,87.8,99,0,60.0,2026-05-01T04:26:52.590620,4.211
2026-05-01T04:25:52.624257,61.24,0,64.05,0.0022,1000.0,0.0,4.199,87.8,99,0,60.0,2026-05-01T04:26:52.624143,4.211
2026-05-01T04:25:53.606338,61.28,0.0018,64.1,0.004,1000.0,0.0,4.199,87.8,99,0,60.0,2026-05-01T04:26:53.606182,4.211
2026-05-01T04:25:53.642263,61.28,0.0018,64.1,0.0077,1000.0,0.0,4.199,87.8,99,0,60.0,2026-05-01T04:26:53.642149,4.211
2026-05-01T04:25:54.611490,61.28,0.0018,64.14,0.0102,1000.0,0.0,4.199,87.8,99,0,60.0,2026-05-01T04:26:54.611320,4.211
2026-05-01T04:25:54.648271,61.33,0,64.15,0.0102,1000.0,0.0,4.199,87.8,99,0,60.0,2026-05-01T04:26:54.648161,4.211
2026-05-01T04:25:54.681561,61.33,0,64.15,0.0096,1000.0,0.0,4.199,87.8,99,0,60.0,2026-05-01T04:26:54.681450,4.211
2026-05-01T04:25:55.669458,61.38,0,64.19,0.0093,1000.0,0.0,4.199,87.8,99,0,60.0,2026-05-01T04:26:55.669276,4.211
2026-05-01T04:25:55.713047,61.38,0,64.2,0.0087,1000.0,0.0,4.199,87.8,99,0,60.0,2026-05-01T04:26:55.712920,4.211
2026-05-01T04:25:55.748042,61.38,0,64.2,0.0087,1000.0,0.0,4.199,87.8,99,0,60.0,2026-05-01T04:26:55.747914,4.211
2026-05-01T04:25:56.734788,61.45,0,64.24,0.0088,1000.0,0.0,4.199,87.8,99,0,60.0,2026-05-01T04:26:56.734599,4.211
2026-05-01T04:25:56.774621,61.45,0.0017,64.25,0.0108,1000.0,0.0,4.199,87.8,99,0,60.0,2026-05-01T04:26:56.774501,4.211
2026-05-01T04:25:56.807876,61.45,0.0017,64.25,0.0116,1000.0,0.0,4.199,87.8,99,0,60.0,2026-05-01T04:26:56.807764,4.211
2026-05-01T04:25:57.788210,61.5,0.0017,64.3,0.0126,1000.0,0.0,4.199,87.8,99,0,60.0,2026-05-01T04:26:57.788037,4.211
2026-05-01T04:25:57.825589,61.5,0.0017,64.3,0.0129,1000.0,0.0,4.199,87.7,99,0,60.0,2026-05-01T04:26:57.825472,4.211
2026-05-01T04:25:57.858577,61.5,0.0017,64.3,0.013,1000.0,0.0,4.199,87.7,99,0,60.0,2026-05-01T04:26:57.858466,4.211
2026-05-01T04:25:58.843399,61.56,0.0049,64.35,0.0134,1000.0,0.0,4.199,87.7,99,0,60.0,2026-05-01T04:26:58.843233,4.211
2026-05-01T04:25:58.879892,61.56,0.0049,64.36,0.0146,1000.0,0.0,4.199,87.7,99,0,60.0,2026-05-01T04:26:58.879774,4.211
2026-05-01T04:25:59.858964,61.56,0.0049,64.4,0.0156,1000.0,0.0,4.199,87.7,99,0,60.0,2026-05-01T04:26:59.858781,4.211
2026-05-01T04:25:59.943112,61.61,0.0049,64.41,0.0157,1000.0,0.0,4.199,87.7,99,0,60.0,2026-05-01T04:26:59.925524,4.211
2026-05-01T04:25:59.997705,61.61,0.0049,64.42,0.0161,1000.0,0.0,4.199,87.7,99,0,60.0,2026-05-01T04:26:59.997575,4.211
2026-05-01T04:26:00.921890,61.65,0.0049,64.45,0.0164,1000.0,0.0,4.199,87.7,99,0,60.0,2026-05-01T04:27:00.921677,4.211
2026-05-01T04:26:00.975163,61.65,0.0051,64.46,0.0163,1000.0,0.0,4.199,87.7,99,0,60.0,2026-05-01T04:27:00.974977,4.211
2026-05-01T04:26:01.018821,61.65,0.0051,64.46,0.0165,1000.0,0.0,4.199,87.7,99,0,60.0,2026-05-01T04:27:01.018634,4.211
2026-05-01T04:26:01.973725,61.69,0.004,64.5,0.0165,1000.0,0.0,4.199,87.7,99,0,60.0,2026-05-01T04:27:01.973591,4.211
2026-05-01T04:26:02.007410,61.69,0.0127,64.5,0.0199,1000.0,0.0,4.199,87.7,99,0,60.0,2026-05-01T04:27:02.007320,4.211
2026-05-01T04:26:02.039002,61.69,0.0127,64.5,0.0213,1000.0,0.0,4.199,87.7,99,0,60.0,2026-05-01T04:27:02.038900,4.211
2026-05-01T04:26:03.004654,61.74,0.011,64.54,0.0227,1000.0,0.0,4.199,87.7,99,0,60.0,2026-05-01T04:27:03.004507,4.211
2026-05-01T04:26:03.037586,61.74,0.011,64.55,0.0227,1000.0,0.0,4.199,87.7,99,0,60.0,2026-05-01T04:27:03.037400,4.211
2026-05-01T04:26:03.071864,61.74,0.011,64.55,0.0227,1000.0,0.0,4.199,87.7,99,0,60.0,2026-05-01T04:27:03.071764,4.211
2026-05-01T04:26:04.045619,61.77,0.0086,64.59,0.0216,1000.0,0.0,4.199,87.6,99,0,60.0,2026-05-01T04:27:04.045472,4.211
2026-05-01T04:26:04.077105,61.77,0.0086,64.59,0.0211,1000.0,0.0,4.199,87.6,99,0,60.0,2026-05-01T04:27:04.076998,4.211
2026-05-01T04:26:05.093620,61.77,0.0086,64.62,0.0209,1000.0,0.0,4.199,87.6,99,0,60.0,2026-05-01T04:27:05.093435,4.211
2026-05-01T04:26:05.144726,61.79,0.0086,64.61,0.0204,1000.0,0.0,4.199,87.6,99,0,60.0,2026-05-01T04:27:05.144605,4.211
2026-05-01T04:26:05.178165,61.79,0.0086,64.61,0.0204,1000.0,0.0,4.199,87.6,99,0,60.0,2026-05-01T04:27:05.178045,4.211
2026-05-01T04:26:06.142742,61.83,0.0086,64.64,0.0204,1000.0,0.0,4.199,87.6,99,0,60.0,2026-05-01T04:27:06.142550,4.211
2026-05-01T04:26:06.181501,61.83,0.0153,64.65,0.0224,1000.0,0.0,4.199,87.6,99,0,60.0,2026-05-01T04:27:06.181373,4.211
2026-05-01T04:26:06.214260,61.83,0.0153,64.65,0.024,1000.0,0.0,4.199,87.6,99,0,60.0,2026-05-01T04:27:06.214154,4.211
2026-05-01T04:26:07.201614,61.86,0.0153,64.68,0.0258,1000.0,0.0,4.199,87.6,99,0,60.0,2026-05-01T04:27:07.201399,4.211
2026-05-01T04:26:07.242103,61.86,0.016,64.68,0.0267,1000.0,0.0,4.199,87.6,99,0,60.0,2026-05-01T04:27:07.241982,4.211
2026-05-01T04:26:07.275654,61.86,0.016,64.68,0.0271,1000.0,0.0,4.199,87.6,99,0,60.0,2026-05-01T04:27:07.275552,4.211
2026-05-01T04:26:08.253343,61.9,0.0127,64.71,0.027,1000.0,0.0,4.199,87.6,99,0,60.0,2026-05-01T04:27:08.253155,4.211
2026-05-01T04:26:08.292546,61.9,0.0252,64.71,0.0313,1000.0,0.0,4.199,87.6,99,0,60.0,2026-05-01T04:27:08.292426,4.211
2026-05-01T04:26:08.326806,61.9,0.0252,64.71,0.0331,1000.0,0.0,4.199,87.6,99,0,60.0,2026-05-01T04:27:08.326658,4.211
2026-05-01T04:26:09.308728,61.92,0.0127,64.74,0.0309,1000.0,0.0,4.199,87.6,99,0,60.0,2026-05-01T04:27:09.308606,4.211
2026-05-01T04:26:09.343909,61.92,0.0127,64.73,0.0283,1000.0,0.0,4.199,87.6,99,0,60.0,2026-05-01T04:27:09.343808,4.211
2026-05-01T04:26:10.332071,61.92,0.0127,64.77,0.0268,1000.0,0.0,4.199,87.6,99,0,60.0,2026-05-01T04:27:10.331857,4.211
2026-05-01T04:26:10.373635,61.95,0.0099,64.76,0.0242,1000.0,0.0,4.199,87.6,99,0,60.0,2026-05-01T04:27:10.373521,4.211
2026-05-01T04:26:10.404687,61.95,0.0099,64.76,0.0233,1000.0,0.0,4.199,87.6,99,0,60.0,2026-05-01T04:27:10.404621,4.211
2026-05-01T04:26:11.386576,61.96,0.0099,64.79,0.0226,1000.0,0.0,4.199,87.6,99,0,60.0,2026-05-01T04:27:11.386420,4.211
2026-05-01T04:26:11.425562,61.96,0.0099,64.78,0.0221,1000.0,0.0,4.199,87.6,99,0,60.0,2026-05-01T04:27:11.425485,4.211
2026-05-01T04:26:11.457186,61.96,0.0099,64.78,0.022,1000.0,0.0,4.199,87.6,99,0,60.0,2026-05-01T04:27:11.457110,4.211
2026-05-01T04:26:12.442188,61.97,0.0086,64.8,0.0217,1000.0,0.0,4.199,87.6,99,0,60.0,2026-05-01T04:27:12.442011,4.211
2026-05-01T04:26:12.479748,61.97,0.0118,64.79,0.0223,1000.0,0.0,4.199,87.6,99,0,60.0,2026-05-01T04:27:12.479643,4.211
2026-05-01T04:26:12.511293,61.97,0.0118,64.79,0.0227,1000.0,0.0,4.199,87.6,99,0,60.0,2026-05-01T04:27:12.511191,4.211
2026-05-01T04:26:13.491905,61.99,0.0194,64.81,0.0239,1000.0,0.0,4.199,87.6,99,0,60.0,2026-05-01T04:27:13.491635,4.211
2026-05-01T04:26:13.540928,61.99,0.0211,64.81,0.0278,1000.0,0.0,4.199,87.6,99,0,60.0,2026-05-01T04:27:13.540772,4.211
2026-05-01T04:26:13.665246,61.99,0.0211,64.81,0.0296,1000.0,0.0,4.199,87.6,99,0,60.0,2026-05-01T04:27:13.665019,4.211
2026-05-01T04:26:14.526761,61.99,0.0211,64.82,0.0316,1000.0,0.0,4.199,87.6,99,0,60.0,2026-05-01T04:27:14.526577,4.211
2026-05-01T04:26:14.574880,61.99,0.0211,64.81,0.0322,1000.0,0.0,4.199,87.6,99,0,60.0,2026-05-01T04:27:14.574762,4.211
2026-05-01T04:26:15.564681,61.99,0.0211,64.84,0.0327,1000.0,0.0,4.199,87.6,99,0,60.0,2026-05-01T04:27:15.564385,4.211
2026-05-01T04:26:15.605729,62.0,0.0238,64.83,0.0333,1000.0,0.0,4.199,87.6,99,0,60.0,2026-05-01T04:27:15.605584,4.211
2026-05-01T04:26:15.639550,62.0,0.0238,64.82,0.0342,1000.0,0.0,4.199,87.6,99,0,60.0,2026-05-01T04:27:15.639426,4.211
2026-05-01T04:26:16.596376,62.04,0.0238,64.85,0.0351,1000.0,0.0,4.199,87.6,99,0,60.0,2026-05-01T04:27:16.596293,4.211
2026-05-01T04:26:16.629173,62.04,0.0219,64.85,0.0347,1000.0,0.0,4.199,87.6,99,0,60.0,2026-05-01T04:27:16.629084,4.211
2026-05-01T04:26:16.663405,62.04,0.0219,64.85,0.0344,1000.0,0.0,4.199,87.6,99,0,60.0,2026-05-01T04:27:16.663330,4.211
2026-05-01T04:26:17.673336,62.05,0.0193,64.88,0.0338,1000.0,0.0,4.199,87.6,99,0,60.0,2026-05-01T04:27:17.673189,4.211
2026-05-01T04:26:17.710066,62.05,0.0219,64.87,0.0336,1000.0,0.0,4.199,87.6,99,0,60.0,2026-05-01T04:27:17.709973,4.211
2026-05-01T04:26:17.741704,62.05,0.0219,64.87,0.0337,1000.0,0.0,4.199,87.6,99,0,60.0,2026-05-01T04:27:17.741629,4.211
2026-05-01T04:26:18.719025,62.09,0.0279,64.9,0.0343,1000.0,0.0,4.199,87.6,99,0,60.0,2026-05-01T04:27:18.718749,4.211
2026-05-01T04:26:18.758264,62.09,0.0279,64.9,0.0368,1000.0,0.0,4.199,87.5,99,0,60.0,2026-05-01T04:27:18.758172,4.211
2026-05-01T04:26:18.791841,62.09,0.0279,64.9,0.0378,1000.0,0.0,4.199,87.5,99,0,60.0,2026-05-01T04:27:18.791722,4.211
2026-05-01T04:26:19.768988,62.13,0.0202,64.94,0.0359,1000.0,0.0,4.199,87.5,99,0,60.0,2026-05-01T04:27:19.768807,4.211
2026-05-01T04:26:19.803647,62.13,0.0202,64.94,0.0345,1000.0,0.0,4.199,87.5,99,0,60.0,2026-05-01T04:27:19.803532,4.211
2026-05-01T04:26:20.800010,62.13,0.0202,64.98,0.0336,1000.0,0.0,4.199,87.5,99,0,60.0,2026-05-01T04:27:20.799682,4.211
2026-05-01T04:26:20.845981,62.16,0.0261,64.98,0.0335,1000.0,0.0,4.199,87.5,99,0,60.0,2026-05-01T04:27:20.845835,4.211
2026-05-01T04:26:20.880368,62.16,0.0261,64.98,0.0352,1000.0,0.0,4.199,87.5,99,0,60.0,2026-05-01T04:27:20.880238,4.211
2026-05-01T04:26:21.855486,62.21,0.0261,65.01,0.0368,1000.0,0.0,4.199,87.5,99,0,60.0,2026-05-01T04:27:21.855299,4.211
2026-05-01T04:26:21.907015,62.21,0.0297,65.02,0.0389,1000.0,0.0,4.199,87.5,99,0,60.0,2026-05-01T04:27:21.899896,4.211
2026-05-01T04:26:21.991366,62.21,0.0297,65.02,0.04,1000.0,0.0,4.199,87.5,99,0,60.0,2026-05-01T04:27:21.991233,4.211
2026-05-01T04:26:22.908742,62.25,0.0288,65.06,0.041,1000.0,0.0,4.199,87.5,99,0,60.0,2026-05-01T04:27:22.908555,4.211
2026-05-01T04:26:22.947426,62.25,0.0311,65.06,0.0418,1000.0,0.0,4.199,87.5,99,0,60.0,2026-05-01T04:27:22.947301,4.211
2026-05-01T04:26:22.979832,62.25,0.0311,65.06,0.0422,1000.0,0.0,4.199,87.5,99,0,60.0,2026-05-01T04:27:22.979736,4.211
2026-05-01T04:26:23.976191,62.31,0.0262,65.11,0.0418,1000.0,0.0,4.199,87.5,99,0,60.0,2026-05-01T04:27:23.975851,4.211
2026-05-01T04:26:24.013357,62.31,0.0288,65.12,0.0414,1000.0,0.0,4.199,87.5,99,0,60.0,2026-05-01T04:27:24.013212,4.211
2026-05-01T04:26:24.053782,62.31,0.0288,65.12,0.0413,1000.0,0.0,4.199,87.5,99,0,60.0,2026-05-01T04:27:24.053623,4.211
2026-05-01T04:26:24.990870,62.37,0.0278,65.17,0.0404,1000.0,0.0,4.199,87.4,99,0,60.0,2026-05-01T04:27:24.990736,4.211
2026-05-01T04:26:25.022700,62.37,0.0278,65.17,0.0402,1000.0,0.0,4.199,87.4,99,0,60.0,2026-05-01T04:27:25.022554,4.211
2026-05-01T04:26:26.019430,62.37,0.0278,65.21,0.0402,1000.0,0.0,4.199,87.4,99,0,60.0,2026-05-01T04:27:26.019297,4.211
2026-05-01T04:26:26.054176,62.43,0.0297,65.22,0.0405,1000.0,0.0,4.199,87.4,99,0,60.0,2026-05-01T04:27:26.053951,4.211
2026-05-01T04:26:26.098727,62.43,0.0297,65.23,0.0411,1000.0,0.0,4.199,87.4,99,0,60.0,2026-05-01T04:27:26.098601,4.211
2026-05-01T04:26:27.081539,62.48,0.0297,65.26,0.0416,1000.0,0.0,4.199,87.4,99,0,60.0,2026-05-01T04:27:27.081354,4.211
2026-05-01T04:26:27.123516,62.48,0.032,65.27,0.0426,1000.0,0.0,4.199,87.4,99,0,60.0,2026-05-01T04:27:27.123387,4.211
2026-05-01T04:26:27.159465,62.48,0.032,65.27,0.0432,1000.0,0.0,4.199,87.4,99,0,60.0,2026-05-01T04:27:27.159315,4.211
2026-05-01T04:26:28.134671,62.55,0.0312,65.32,0.0437,1000.0,0.0,4.199,87.4,99,0,60.0,2026-05-01T04:27:28.134478,4.211
2026-05-01T04:26:28.173869,62.55,0.0212,65.34,0.038,1000.0,0.0,4.199,87.4,99,0,60.0,2026-05-01T04:27:28.173700,4.211
2026-05-01T04:26:28.207754,62.55,0.0212,65.34,0.0365,1000.0,0.0,4.199,87.4,99,0,60.0,2026-05-01T04:27:28.207635,4.211
2026-05-01T04:26:29.196628,62.61,0.011,65.39,0.0319,1000.0,0.0,4.199,87.4,99,0,60.0,2026-05-01T04:27:29.196458,4.211
2026-05-01T04:26:29.229643,62.61,0.0177,65.4,0.031,1000.0,0.0,4.199,87.4,99,0,60.0,2026-05-01T04:27:29.229512,4.211
2026-05-01T04:26:29.262597,62.61,0.0177,65.4,0.0307,1000.0,0.0,4.199,87.4,99,0,60.0,2026-05-01T04:27:29.262474,4.211
2026-05-01T04:26:30.254298,62.67,0.0328,65.46,0.0322,1000.0,0.0,4.199,87.3,99,0,60.0,2026-05-01T04:27:30.254175,4.211
2026-05-01T04:26:30.287441,62.67,0.0328,65.46,0.0374,1000.0,0.0,4.199,87.3,99,0,60.0,2026-05-01T04:27:30.287367,4.211
2026-05-01T04:26:31.274010,62.67,0.0328,65.5,0.0409,1000.0,0.0,4.199,87.3,99,0,60.0,2026-05-01T04:27:31.273716,4.211
2026-05-01T04:26:31.315658,62.73,0.0328,65.52,0.0424,1000.0,0.0,4.199,87.3,99,0,60.0,2026-05-01T04:27:31.315551,4.211
2026-05-01T04:26:31.346882,62.73,0.0328,65.53,0.0434,1000.0,0.0,4.199,87.3,99,0,60.0,2026-05-01T04:27:31.346797,4.211
2026-05-01T04:26:32.326872,62.82,0.0328,65.57,0.0445,1000.0,0.0,4.199,87.3,99,0,60.0,2026-05-01T04:27:32.326705,4.211
2026-05-01T04:26:32.366188,62.82,0.0337,65.59,0.0437,1000.0,0.0,4.199,87.3,99,0,60.0,2026-05-01T04:27:32.366095,4.211
2026-05-01T04:26:32.397407,62.82,0.0337,65.6,0.0446,1000.0,0.0,4.199,87.3,99,0,60.0,2026-05-01T04:27:32.397329,4.211
2026-05-01T04:26:33.372078,62.88,0.0337,65.65,0.0455,1000.0,0.0,4.199,87.3,99,0,60.0,2026-05-01T04:27:33.371882,4.211
2026-05-01T04:26:33.408402,62.88,0.0354,65.66,0.0464,1000.0,0.0,4.199,87.3,99,0,60.0,2026-05-01T04:27:33.408223,4.211
2026-05-01T04:26:33.469345,62.88,0.0354,65.67,0.0469,1000.0,0.0,4.199,87.3,99,0,60.0,2026-05-01T04:27:33.469174,4.211
2026-05-01T04:26:34.409975,62.94,0.0354,65.72,0.0474,1000.0,0.0,4.199,87.3,99,0,60.0,2026-05-01T04:27:34.409830,4.211
2026-05-01T04:26:34.442298,62.94,0.0373,65.73,0.0484,1000.0,0.0,4.199,87.3,99,0,60.0,2026-05-01T04:27:34.442172,4.211
2026-05-01T04:26:34.474622,62.94,0.0373,65.73,0.0489,1000.0,0.0,4.199,87.3,99,0,60.0,2026-05-01T04:27:34.474546,4.211
2026-05-01T04:26:35.482257,63.01,0.0373,65.79,0.0495,1000.0,0.0,4.199,87.2,99,0,60.0,2026-05-01T04:27:35.482143,4.211
2026-05-01T04:26:35.515388,63.01,0.0373,65.8,0.0497,1000.0,0.0,4.199,87.2,99,0,60.0,2026-05-01T04:27:35.515304,4.211
2026-05-01T04:26:36.500830,63.01,0.0373,65.84,0.05,1000.0,0.0,4.199,87.2,99,0,60.0,2026-05-01T04:27:36.500677,4.211
2026-05-01T04:26:36.541081,63.08,0.0354,65.86,0.0493,1000.0,0.0,4.199,87.2,99,0,60.0,2026-05-01T04:27:36.540964,4.211
2026-05-01T04:26:36.572575,63.08,0.0354,65.87,0.0488,1000.0,0.0,4.199,87.2,99,0,60.0,2026-05-01T04:27:36.572485,4.211
2026-05-01T04:26:37.561189,63.14,0.0354,65.92,0.0486,1000.0,0.0,4.199,87.2,99,0,60.0,2026-05-01T04:27:37.561024,4.211
2026-05-01T04:26:37.600178,63.14,0.0354,65.93,0.048,1000.0,0.0,4.199,87.2,99,0,60.0,2026-05-01T04:27:37.600057,4.211
2026-05-01T04:26:37.631158,63.14,0.0354,65.93,0.048,1000.0,0.0,4.199,87.2,99,0,60.0,2026-05-01T04:27:37.631081,4.211
2026-05-01T04:26:38.615755,63.21,0.0337,65.99,0.0478,1000.0,0.0,4.199,87.2,99,0,60.0,2026-05-01T04:27:38.615622,4.211
2026-05-01T04:26:38.652793,63.21,0.0364,66.0,0.0484,1000.0,0.0,4.199,87.2,99,0,60.0,2026-05-01T04:27:38.652697,4.211
2026-05-01T04:26:38.683928,63.21,0.0364,66.0,0.0486,1000.0,0.0,4.199,87.2,99,0,60.0,2026-05-01T04:27:38.683854,4.211
2026-05-01T04:26:39.653604,63.27,0.0364,66.06,0.0491,1000.0,0.0,4.199,87.2,99,0,60.0,2026-05-01T04:27:39.653477,4.211
2026-05-01T04:26:39.686328,63.27,0.0364,66.06,0.0491,1000.0,0.0,4.199,87.1,99,0,60.0,2026-05-01T04:27:39.686239,4.211
2026-05-01T04:26:39.718854,63.27,0.0364,66.07,0.0491,1000.0,0.0,4.199,87.1,99,0,60.0,2026-05-01T04:27:39.718772,4.211
2026-05-01T04:26:40.714611,63.34,0.0373,66.12,0.0489,1000.0,0.0,4.199,87.1,99,0,60.0,2026-05-01T04:27:40.714473,4.211
2026-05-01T04:26:40.748020,63.34,0.0373,66.13,0.0494,1000.0,0.0,4.199,87.1,99,0,60.0,2026-05-01T04:27:40.747934,4.211
2026-05-01T04:26:41.739501,63.34,0.0373,66.17,0.0498,1000.0,0.0,4.199,87.1,99,0,60.0,2026-05-01T04:27:41.739262,4.211
2026-05-01T04:26:41.780595,63.38,0.0373,66.17,0.0497,1000.0,0.0,4.199,87.1,99,0,60.0,2026-05-01T04:27:41.780474,4.211
2026-05-01T04:26:41.811997,63.38,0.0373,66.18,0.0499,1000.0,0.0,4.199,87.1,99,0,60.0,2026-05-01T04:27:41.811895,4.211
2026-05-01T04:26:42.787188,63.44,0.0373,66.22,0.0501,1000.0,0.0,4.199,87.1,99,0,60.0,2026-05-01T04:27:42.787043,4.211
2026-05-01T04:26:42.823366,63.44,0.0378,66.23,0.0501,1000.0,0.0,4.199,87.1,99,0,60.0,2026-05-01T04:27:42.823256,4.211
2026-05-01T04:26:42.858295,63.44,0.0378,66.23,0.0503,1000.0,0.0,4.199,87.1,99,0,60.0,2026-05-01T04:27:42.857696,4.211
2026-05-01T04:26:43.852096,63.5,0.0364,66.28,0.0503,1000.0,0.0,4.199,87.1,99,0,60.0,2026-05-01T04:27:43.851960,4.211
2026-05-01T04:26:43.889577,63.5,0.0378,66.29,0.0505,1000.0,0.0,4.199,87.1,99,0,60.0,2026-05-01T04:27:43.889486,4.211
2026-05-01T04:26:43.921080,63.5,0.0378,66.29,0.0505,1000.0,0.0,4.199,87.1,99,0,60.0,2026-05-01T04:27:43.921005,4.211
2026-05-01T04:26:44.956477,63.56,0.0373,66.34,0.0506,1000.0,0.0,4.199,87.0,99,0,60.0,2026-05-01T04:27:44.956357,4.211
2026-05-01T04:26:44.988407,63.56,0.0397,66.34,0.0515,1000.0,0.0,4.199,87.0,99,0,60.0,2026-05-01T04:27:44.988323,4.211
2026-05-01T04:26:45.020102,63.56,0.0397,66.35,0.0518,1000.0,0.0,4.199,87.0,99,0,60.0,2026-05-01T04:27:45.020013,4.211
2026-05-01T04:26:45.961272,63.61,0.0405,66.39,0.0523,1000.0,0.0,4.199,87.0,99,0,60.0,2026-05-01T04:27:45.961138,4.211
2026-05-01T04:26:45.997222,63.61,0.0405,66.4,0.0527,1000.0,0.0,4.199,87.0,99,0,60.0,2026-05-01T04:27:45.997140,4.211
2026-05-01T04:26:46.957207,63.61,0.0405,66.43,0.0532,1000.0,0.0,4.199,87.0,99,0,60.0,2026-05-01T04:27:46.957094,4.211
2026-05-01T04:26:46.989237,63.65,0.0373,66.44,0.0521,1000.0,0.0,4.199,87.0,99,0,60.0,2026-05-01T04:27:46.989149,4.211
2026-05-01T04:26:47.020047,63.65,0.0373,66.44,0.0515,1000.0,0.0,4.199,87.0,99,0,60.0,2026-05-01T04:27:47.019962,4.211
2026-05-01T04:26:48.029351,63.71,0.0373,66.48,0.051,1000.0,0.0,4.199,87.0,99,0,60.0,2026-05-01T04:27:48.029200,4.211
2026-05-01T04:26:48.069709,63.71,0.0373,66.49,0.0504,1000.0,0.0,4.199,87.0,99,0,60.0,2026-05-01T04:27:48.069611,4.211
2026-05-01T04:26:48.102091,63.71,0.0373,66.5,0.0504,1000.0,0.0,4.199,87.0,99,0,60.0,2026-05-01T04:27:48.102005,4.211
2026-05-01T04:26:49.069810,63.76,0.0373,66.54,0.0505,1000.0,0.0,4.199,87.0,99,0,60.0,2026-05-01T04:27:49.069690,4.211
2026-05-01T04:26:49.103232,63.76,0.0388,66.54,0.051,1000.0,0.0,4.199,87.0,99,0,60.0,2026-05-01T04:27:49.103145,4.211
2026-05-01T04:26:49.133564,63.76,0.0388,66.54,0.0513,1000.0,0.0,4.199,87.0,99,0,60.0,2026-05-01T04:27:49.133499,4.211
