timestamp,T_actual,P_actual_gauge,T_predicted,P_predicted,Q_watts,flow_lpm,water_L,eta_instant,health_score,anomaly_flag,prediction_horizon_s,prediction_target_timestamp,L_predicted
2026-05-01T01:15:20.477931,95.21,0,89.09,0.0,0.0,0.0,0,0.0,100,0,60.0,2026-05-01T01:16:20.477802,4.308
2026-05-01T01:15:20.626470,95.21,0,92.12,0.0,0.0,0.0,0,0.0,100,0,60.0,2026-05-01T01:16:20.626332,4.081
2026-05-01T01:15:21.512183,95.21,0,83.62,0.0,0.0,0.0,4.199,0.0,100,0,60.0,2026-05-01T01:16:21.511654,0.0
2026-05-01T01:15:21.662573,95.22,0,92.02,0.0,0.0,0.0,4.199,0.0,100,0,60.0,2026-05-01T01:16:21.662466,4.196
2026-05-01T01:15:21.888474,95.22,0,83.23,0.0,0.0,0.0,4.199,0.0,100,0,60.0,2026-05-01T01:16:21.888336,0.0
2026-05-01T01:15:22.501605,95.21,0,83.27,0.0,0.0,0.0,4.199,0.0,100,0,60.0,2026-05-01T01:16:22.501480,0.0
2026-05-01T01:15:22.659679,95.21,0,82.95,0.0,0.0,0.0,4.199,0.0,100,0,60.0,2026-05-01T01:16:22.659561,0.0
2026-05-01T01:15:22.797285,95.21,0,82.95,0.0,0.0,0.0,4.199,0.0,100,0,60.0,2026-05-01T01:16:22.797183,0.0
2026-05-01T01:15:23.545336,95.21,0,91.5,0.0,0.0,0.0,4.199,0.0,100,0,60.0,2026-05-01T01:16:23.545221,4.074
2026-05-01T01:15:23.637656,95.21,0,91.7,0.0,0.0,0.0,4.199,0.0,100,0,60.0,2026-05-01T01:16:23.637542,4.159
2026-05-01T01:15:23.718532,95.21,0,91.72,0.0,0.0,0.0,4.199,0.0,100,0,60.0,2026-05-01T01:16:23.718431,4.134
2026-05-01T01:15:24.668090,95.2,0,82.92,0.0,0.0,0.0,4.199,0.0,100,0,60.0,2026-05-01T01:16:24.667981,0.0
2026-05-01T01:15:24.826732,95.2,0,82.95,0.0,0.0,0.0,4.199,0.0,100,0,60.0,2026-05-01T01:16:24.826631,0.0
2026-05-01T01:15:24.985652,95.2,0,83.03,0.0,0.0,0.0,4.199,0.0,100,0,60.0,2026-05-01T01:16:24.985503,0.0
2026-05-01T01:15:25.720282,95.2,0,91.71,0.0,0.0,0.0,4.199,0.0,100,0,60.0,2026-05-01T01:16:25.720124,4.108
2026-05-01T01:15:25.841417,95.2,0,82.91,0.0,0.0,0.0,4.199,0.0,100,0,60.0,2026-05-01T01:16:25.841290,0.0
2026-05-01T01:15:26.682610,95.2,0,83.33,0.0,0.0,0.0,4.199,0.0,100,0,60.0,2026-05-01T01:16:26.682474,0.0
2026-05-01T01:15:26.788012,95.19,0,91.88,0.0,0.0,0.0,4.199,0.0,100,0,60.0,2026-05-01T01:16:26.787882,4.197
2026-05-01T01:15:26.921407,95.19,0,83.21,0.0,0.0,0.0,4.199,0.0,100,0,60.0,2026-05-01T01:16:26.921283,0.0
2026-05-01T01:15:27.764911,95.18,0,83.32,0.0,0.0,0.0,4.199,0.0,100,0,60.0,2026-05-01T01:16:27.764771,0.0
2026-05-01T01:15:27.931059,95.18,0,82.91,0.0,0.0,0.0,4.199,0.0,100,0,60.0,2026-05-01T01:16:27.930918,0.0
2026-05-01T01:15:28.063382,95.18,0,91.79,0.0,0.0,0.0,4.199,0.0,100,0,60.0,2026-05-01T01:16:28.063260,4.021
2026-05-01T01:15:28.837978,95.18,0,82.86,0.0,0.0,0.0,4.199,0.0,100,0,60.0,2026-05-01T01:16:28.837864,0.0
2026-05-01T01:15:29.015443,95.18,0,83.23,0.0,0.0,0.0,4.199,0.0,100,0,60.0,2026-05-01T01:16:29.015307,0.0
2026-05-01T01:15:29.130029,95.18,0,92.06,0.0,0.0,0.0,4.199,0.0,100,0,60.0,2026-05-01T01:16:29.129935,4.185
2026-05-01T01:15:29.912590,95.17,0,83.04,0.0,0.0,0.0,4.199,0.0,100,0,60.0,2026-05-01T01:16:29.912462,0.0
2026-05-01T01:15:30.016846,95.17,0,91.65,0.0,0.0,0.0,4.199,0.0,100,0,60.0,2026-05-01T01:16:30.016722,4.182
2026-05-01T01:15:30.151691,95.17,0,83.0,0.0,0.0,0.0,4.199,0.0,100,0,60.0,2026-05-01T01:16:30.151575,0.0
2026-05-01T01:15:30.905226,95.17,0,91.59,0.0,0.0,0.0,4.199,0.0,100,0,60.0,2026-05-01T01:16:30.905045,4.196
2026-05-01T01:15:31.016873,95.17,0,91.84,0.0,0.0,0.0,4.199,0.0,100,0,60.0,2026-05-01T01:16:31.016737,4.182
2026-05-01T01:15:31.889032,95.17,0,83.29,0.0,0.0,0.0,4.199,0.0,100,0,60.0,2026-05-01T01:16:31.888829,0.0
2026-05-01T01:15:32.006290,95.16,0,91.79,0.0,0.0,0.0,4.199,0.0,100,0,60.0,2026-05-01T01:16:32.006106,4.195
2026-05-01T01:15:32.128810,95.16,0,83.08,0.0,0.0,0.0,4.199,0.0,100,0,60.0,2026-05-01T01:16:32.128685,0.0
2026-05-01T01:15:32.967810,95.15,0,83.22,0.0,0.0,0.0,4.199,0.0,100,0,60.0,2026-05-01T01:16:32.967671,0.0
2026-05-01T01:15:33.074408,95.15,0,91.65,0.0,0.0,0.0,4.199,0.0,100,0,60.0,2026-05-01T01:16:33.074258,4.186
2026-05-01T01:15:33.181318,95.15,0,91.89,0.0,0.0,0.0,4.199,0.0,100,0,60.0,2026-05-01T01:16:33.181206,4.182
2026-05-01T01:15:34.498057,95.14,0,115.23,0.6914,0.0,0.0,4.199,0.0,100,0,60.0,2026-05-01T01:16:34.447960,0.0
2026-05-01T01:15:34.986623,95.14,0,82.74,0.0,0.0,0.0,4.199,0.0,100,0,60.0,2026-05-01T01:16:34.986374,0.0
2026-05-01T01:15:35.179796,95.14,0,83.35,0.0,0.0,0.0,4.199,0.0,100,0,60.0,2026-05-01T01:16:35.179661,0.0
2026-05-01T01:15:35.662486,95.12,0,115.03,0.6804,1000.0,0.0,4.199,76.4,100,0,60.0,2026-05-01T01:16:35.662341,0.0
2026-05-01T01:15:36.003753,95.12,0,114.82,0.6688,1000.0,0.0,4.199,76.4,100,0,60.0,2026-05-01T01:16:36.003600,0.0
2026-05-01T01:15:36.219278,95.12,0,99.97,0.0,1000.0,0.0,4.199,76.4,100,0,60.0,2026-05-01T01:16:36.219147,1.338
2026-05-01T01:15:36.532754,95.12,0,114.88,0.6721,1000.0,0.0,4.199,76.4,100,0,60.0,2026-05-01T01:16:36.532574,0.0
2026-05-01T01:15:36.751999,95.12,0,99.97,0.0,1000.0,0.0,4.199,76.4,100,0,60.0,2026-05-01T01:16:36.751879,1.339
2026-05-01T01:15:37.134372,95.12,0,114.85,0.6707,1000.0,0.0,4.199,76.4,100,0,60.0,2026-05-01T01:16:37.134227,0.0
2026-05-01T01:15:37.429419,95.12,0,99.97,0.0,1000.0,0.0,4.199,76.4,100,0,60.0,2026-05-01T01:16:37.429214,1.338
2026-05-01T01:15:37.775165,95.12,0,114.33,0.642,1000.0,0.0,4.199,76.4,100,0,60.0,2026-05-01T01:16:37.775061,0.0
2026-05-01T01:15:38.438821,95.12,0,114.31,0.6412,1000.0,0.0,4.199,76.4,100,0,60.0,2026-05-01T01:16:38.438639,0.0
2026-05-01T01:15:38.671527,95.12,0,99.97,0.0,1000.0,0.0,4.199,76.4,100,0,60.0,2026-05-01T01:16:38.671349,1.334
2026-05-01T01:15:38.904753,95.12,0,104.75,0.1854,1000.0,0.0,4.199,76.4,100,0,60.0,2026-05-01T01:16:38.904565,1.493
2026-05-01T01:15:39.387537,95.11,0,119.3,0.9298,1000.0,0.0,4.199,76.5,100,0,60.0,2026-05-01T01:16:39.367788,0.0
2026-05-01T01:15:40.138074,95.11,0,99.97,0.0,1000.0,0.0,4.199,76.5,100,0,60.0,2026-05-01T01:16:40.137929,1.329
2026-05-01T01:15:40.482563,95.11,0,115.42,0.7021,1000.0,0.0,4.199,76.5,100,0,60.0,2026-05-01T01:16:40.482410,0.0
2026-05-01T01:15:40.860327,95.1,0,114.98,0.6778,1000.0,0.0,4.199,76.5,100,0,60.0,2026-05-01T01:16:40.860190,0.0
2026-05-01T01:15:41.075025,95.1,0,102.78,0.1061,1000.0,0.0,4.199,76.5,100,0,60.0,2026-05-01T01:16:41.074882,1.363
2026-05-01T01:15:41.631238,95.1,0,118.86,0.9032,1000.0,0.0,4.199,76.5,100,0,60.0,2026-05-01T01:16:41.595362,0.0
2026-05-01T01:15:42.433507,95.1,0,116.37,0.7558,1000.0,0.0,4.199,76.5,100,0,60.0,2026-05-01T01:16:42.433335,0.0
2026-05-01T01:15:42.685855,95.1,0,99.97,0.0,1000.0,0.0,4.199,76.5,100,0,60.0,2026-05-01T01:16:42.685723,1.359
2026-05-01T01:15:43.043063,95.1,0,115.59,0.7114,1000.0,0.0,4.199,76.5,100,0,60.0,2026-05-01T01:16:43.042924,0.0
2026-05-01T01:15:43.250370,95.1,0,99.97,0.0,1000.0,0.0,4.199,76.5,100,0,60.0,2026-05-01T01:16:43.250095,1.352
2026-05-01T01:15:44.177958,95.1,0,115.24,0.6921,1000.0,0.0,4.199,76.5,100,0,60.0,2026-05-01T01:16:44.154951,0.0
2026-05-01T01:15:44.516185,95.1,0,114.94,0.6752,1000.0,0.0,4.199,76.5,100,0,60.0,2026-05-01T01:16:44.516025,0.0
2026-05-01T01:15:44.746069,95.1,0,99.97,0.0,1000.0,0.0,4.199,76.5,100,0,60.0,2026-05-01T01:16:44.745933,1.341
2026-05-01T01:15:44.970869,95.1,0,103.45,0.1327,1000.0,0.0,4.199,76.5,100,0,60.0,2026-05-01T01:16:44.970610,1.468
2026-05-01T01:15:45.630335,95.08,0,119.48,0.9412,1000.0,0.0,4.199,76.5,100,0,60.0,2026-05-01T01:16:45.566624,0.0
2026-05-01T01:15:46.587825,95.08,0,115.75,0.7203,1000.0,0.0,4.199,76.5,100,0,60.0,2026-05-01T01:16:46.586446,0.0
2026-05-01T01:15:47.059476,95.08,0,114.97,0.6773,1000.0,0.0,4.199,76.5,100,0,60.0,2026-05-01T01:16:47.059343,0.0
2026-05-01T01:15:47.431914,95.07,0,114.81,0.6681,1000.0,0.0,4.199,76.5,100,0,60.0,2026-05-01T01:16:47.431799,0.0
2026-05-01T01:15:47.884003,95.07,0,114.52,0.6527,1000.0,0.0,4.199,76.5,100,0,60.0,2026-05-01T01:16:47.852881,0.0
2026-05-01T01:15:48.711391,95.07,0,114.57,0.6553,1000.0,0.0,4.199,76.5,100,0,60.0,2026-05-01T01:16:48.658319,0.0
2026-05-01T01:15:48.991068,95.07,0,99.97,0.0,1000.0,0.0,4.199,76.5,100,0,60.0,2026-05-01T01:16:48.990781,1.338
2026-05-01T01:15:49.417006,95.07,0,114.46,0.6492,1000.0,0.0,4.199,76.5,100,0,60.0,2026-05-01T01:16:49.416894,0.0
2026-05-01T01:15:49.617854,95.07,0,99.97,0.0,1000.0,0.0,4.199,76.5,100,0,60.0,2026-05-01T01:16:49.617713,1.325
2026-05-01T01:15:50.076623,95.06,0,114.58,0.6555,1000.0,0.0,4.199,76.5,100,0,60.0,2026-05-01T01:16:50.026033,0.0
2026-05-01T01:15:50.875502,95.06,0,115.43,0.7028,1000.0,0.0,4.199,76.5,100,0,60.0,2026-05-01T01:16:50.875373,0.0
2026-05-01T01:15:51.221076,95.06,0,116.66,0.7723,1000.0,0.0,4.199,76.5,100,0,60.0,2026-05-01T01:16:51.220979,0.0
2026-05-01T01:15:51.450119,95.06,0,99.97,0.0,1000.0,0.0,4.199,76.5,100,0,60.0,2026-05-01T01:16:51.450030,1.371
2026-05-01T01:15:52.674526,95.06,0,115.6,0.7119,1000.0,0.0,4.199,76.5,100,0,60.0,2026-05-01T01:16:52.673177,0.0
2026-05-01T01:15:52.994857,95.05,0,99.97,0.0,1000.0,0.0,4.199,76.5,90,0,60.0,2026-05-01T01:16:52.994719,1.321
2026-05-01T01:15:53.575845,95.05,0,119.78,0.9601,1000.0,0.0,4.199,76.5,90,0,60.0,2026-05-01T01:16:53.543882,0.0
2026-05-01T01:15:54.657303,95.05,0,116.16,0.7436,1000.0,0.0,4.199,76.5,93,0,60.0,2026-05-01T01:16:54.657146,0.0
2026-05-01T01:15:54.888314,95.04,0,99.97,0.0,1000.0,0.0,4.199,76.5,93,0,60.0,2026-05-01T01:16:54.888111,1.355
2026-05-01T01:15:55.312052,95.04,0,115.45,0.7035,1000.0,0.0,4.199,76.5,93,0,60.0,2026-05-01T01:16:55.311909,0.0
2026-05-01T01:15:56.224662,95.04,0,117.07,0.7962,1000.0,0.0,4.199,76.5,92,0,60.0,2026-05-01T01:16:56.224288,0.0
2026-05-01T01:15:56.579246,95.03,0,115.33,0.697,1000.0,0.0,4.199,76.5,92,0,60.0,2026-05-01T01:16:56.579154,0.0
2026-05-01T01:15:56.919276,95.03,0,114.94,0.6756,1000.0,0.0,4.199,76.5,92,0,60.0,2026-05-01T01:16:56.919147,0.0
2026-05-01T01:15:57.151474,95.03,0,99.97,0.0,1000.0,0.0,4.199,76.5,92,0,60.0,2026-05-01T01:16:57.151347,1.341
2026-05-01T01:15:57.561727,95.02,0,103.32,0.1272,1000.0,0.0,4.199,76.5,92,0,60.0,2026-05-01T01:16:57.539111,1.387
2026-05-01T01:15:58.352128,95.02,0,116.95,0.7889,1000.0,0.0,4.199,76.5,95,0,60.0,2026-05-01T01:16:58.351991,0.0
2026-05-01T01:15:58.610277,95.02,0,99.97,0.0,1000.0,0.0,4.199,76.5,95,0,60.0,2026-05-01T01:16:58.610109,1.367
2026-05-01T01:15:58.854060,95.02,0,104.75,0.1854,1000.0,0.0,4.199,76.5,95,0,60.0,2026-05-01T01:16:58.853872,1.493
2026-05-01T01:15:59.556407,95.02,0,119.65,0.9518,1000.0,0.0,4.199,76.5,95,0,60.0,2026-05-01T01:16:59.457514,0.0
2026-05-01T01:16:00.366862,95.0,0,99.97,0.0,1000.0,0.0,4.199,76.5,97,0,60.0,2026-05-01T01:17:00.366626,1.381
2026-05-01T01:16:00.744078,95.0,0,116.53,0.7649,1000.0,0.0,4.199,76.5,97,0,60.0,2026-05-01T01:17:00.743933,0.0
2026-05-01T01:16:01.109219,95.0,0,99.97,0.0,1000.0,0.0,4.199,76.5,97,0,60.0,2026-05-01T01:17:01.108974,1.368
2026-05-01T01:16:03.596562,95.0,0,117.75,0.836,1000.0,0.0,4.199,76.5,98,0,60.0,2026-05-01T01:17:03.596080,0.0
2026-05-01T01:16:05.029875,95.0,0,116.05,0.7377,1000.0,0.0,4.199,76.5,97,0,60.0,2026-05-01T01:17:05.029718,0.0
2026-05-01T01:16:05.340082,95.0,0,99.97,0.0,1000.0,0.0,4.199,76.5,97,0,60.0,2026-05-01T01:17:05.339940,1.324
2026-05-01T01:16:05.688603,94.99,0,115.54,0.7088,1000.0,0.0,4.199,76.5,97,0,60.0,2026-05-01T01:17:05.688488,0.0
2026-05-01T01:16:06.034590,94.99,0,99.97,0.0,1000.0,0.0,4.199,76.5,97,0,60.0,2026-05-01T01:17:06.022661,1.35
2026-05-01T01:16:06.284002,94.99,0,102.85,0.1086,1000.0,0.0,4.199,76.5,96,0,60.0,2026-05-01T01:17:06.283893,1.375
2026-05-01T01:16:06.541807,94.97,0,103.21,0.1232,1000.0,0.0,4.199,76.5,96,0,60.0,2026-05-01T01:17:06.541685,1.381
2026-05-01T01:16:06.779756,94.97,0,102.37,0.0899,1000.0,0.0,4.199,76.5,96,0,60.0,2026-05-01T01:17:06.779629,1.441
2026-05-01T01:16:07.028752,94.97,0,101.23,0.0464,1000.0,0.0,4.199,76.5,96,0,60.0,2026-05-01T01:17:07.028654,1.418
2026-05-01T01:16:07.447259,94.97,0,117.28,0.8083,1000.0,0.0,4.199,76.5,96,0,60.0,2026-05-01T01:17:07.447154,0.0
2026-05-01T01:16:08.068916,94.97,0,116.18,0.7446,1000.0,0.0,4.199,76.5,96,0,60.0,2026-05-01T01:17:08.005025,0.0
2026-05-01T01:16:08.905588,94.97,0,99.97,0.0,1000.0,0.0,4.199,76.5,96,0,60.0,2026-05-01T01:17:08.905442,1.329
2026-05-01T01:16:09.360324,94.97,0,115.45,0.7036,1000.0,0.0,4.199,76.5,96,0,60.0,2026-05-01T01:17:09.360203,0.0
2026-05-01T01:16:09.586348,94.97,0,99.97,0.0,1000.0,0.0,4.199,76.5,96,0,60.0,2026-05-01T01:17:09.586225,1.348
2026-05-01T01:16:10.043325,94.97,0,115.15,0.6872,1000.0,0.0,4.199,76.5,96,0,60.0,2026-05-01T01:17:09.914595,0.0
2026-05-01T01:16:10.614296,94.97,0,99.97,0.0,1000.0,0.0,4.199,76.5,95,0,60.0,2026-05-01T01:17:10.614170,1.351
2026-05-01T01:16:10.999721,94.97,0,115.34,0.6978,1000.0,0.0,4.199,76.5,95,0,60.0,2026-05-01T01:17:10.999607,0.0
2026-05-01T01:16:11.212374,94.97,0,99.97,0.0,1000.0,0.0,4.199,76.5,95,0,60.0,2026-05-01T01:17:11.212269,1.355
2026-05-01T01:16:11.533351,94.97,0,115.42,0.7018,1000.0,0.0,4.199,76.5,95,0,60.0,2026-05-01T01:17:11.533217,0.0
2026-05-01T01:16:11.822015,94.97,0,114.96,0.6766,1000.0,0.0,4.199,76.5,95,0,60.0,2026-05-01T01:17:11.821883,0.0
2026-05-01T01:16:12.728034,94.96,0,115.31,0.6958,1000.0,0.0,4.199,76.5,95,0,60.0,2026-05-01T01:17:12.723694,0.0
2026-05-01T01:16:12.988102,94.96,0,99.97,0.0,1000.0,0.0,4.199,76.5,95,0,60.0,2026-05-01T01:17:12.987986,1.347
2026-05-01T01:16:13.279101,94.96,0,115.13,0.6859,1000.0,0.0,4.199,76.5,95,0,60.0,2026-05-01T01:17:13.279004,0.0
2026-05-01T01:16:13.500129,94.96,0,99.97,0.0,1000.0,0.0,4.199,76.5,95,0,60.0,2026-05-01T01:17:13.500035,1.357
2026-05-01T01:16:13.802200,94.96,0,115.61,0.7124,1000.0,0.0,4.199,76.5,95,0,60.0,2026-05-01T01:17:13.802082,0.0
2026-05-01T01:16:14.563499,94.95,0,115.16,0.6874,1000.0,0.0,4.199,76.5,95,0,60.0,2026-05-01T01:17:14.554060,0.0
2026-05-01T01:16:14.783320,94.95,0,99.97,0.0,1000.0,0.0,4.199,76.5,94,0,60.0,2026-05-01T01:17:14.783197,1.354
2026-05-01T01:16:15.109138,94.95,0,115.41,0.7013,1000.0,0.0,4.199,76.5,94,0,60.0,2026-05-01T01:17:15.109046,0.0
2026-05-01T01:16:15.394055,94.94,0,114.95,0.676,1000.0,0.0,4.199,76.5,94,0,60.0,2026-05-01T01:17:15.393950,0.0
2026-05-01T01:16:15.598196,94.94,0,99.97,0.0,1000.0,0.0,4.199,76.5,94,0,60.0,2026-05-01T01:17:15.598067,1.334
2026-05-01T01:16:16.218123,94.94,0,119.98,0.9726,1000.0,0.0,4.199,76.5,94,0,60.0,2026-05-01T01:17:16.184356,0.0
2026-05-01T01:16:17.029356,94.94,0,116.5,0.7631,1000.0,0.0,4.199,76.5,95,0,60.0,2026-05-01T01:17:17.029236,0.0
2026-05-01T01:16:17.262616,94.94,0,99.97,0.0,1000.0,0.0,4.199,76.5,95,0,60.0,2026-05-01T01:17:17.262516,1.361
2026-05-01T01:16:17.546547,94.94,0,115.65,0.7151,1000.0,0.0,4.199,76.5,95,0,60.0,2026-05-01T01:17:17.546456,0.0
2026-05-01T01:16:17.874952,94.94,0,115.16,0.6874,1000.0,0.0,4.199,76.5,95,0,60.0,2026-05-01T01:17:17.864990,0.0
2026-05-01T01:16:18.678001,94.94,0,115.34,0.6977,1000.0,0.0,4.199,76.5,95,0,60.0,2026-05-01T01:17:18.677876,0.0
2026-05-01T01:16:19.105158,94.94,0,115.39,0.7007,1000.0,0.0,4.199,76.5,95,0,60.0,2026-05-01T01:17:19.105043,0.0
2026-05-01T01:16:19.313519,94.94,0,99.97,0.0,1000.0,0.0,4.199,76.5,95,0,60.0,2026-05-01T01:17:19.313390,1.346
2026-05-01T01:16:19.603456,94.94,0,115.05,0.6817,1000.0,0.0,4.199,76.5,95,0,60.0,2026-05-01T01:17:19.603355,0.0
2026-05-01T01:16:19.793445,94.93,0,99.97,0.0,1000.0,0.0,4.199,76.5,95,0,60.0,2026-05-01T01:17:19.793345,1.343
2026-05-01T01:16:20.514513,94.93,0,115.68,0.7164,1000.0,0.0,4.199,76.5,94,0,60.0,2026-05-01T01:17:20.514376,0.0
2026-05-01T01:16:20.829041,94.93,0,115.06,0.6821,1000.0,0.0,4.199,76.5,94,0,60.0,2026-05-01T01:17:20.828917,0.0
2026-05-01T01:16:21.028775,94.93,0,99.97,0.0,1000.0,0.0,4.199,76.5,94,0,60.0,2026-05-01T01:17:21.028678,1.337
2026-05-01T01:16:21.444089,94.93,0,120.0,0.9737,1000.0,0.0,4.199,76.5,94,0,60.0,2026-05-01T01:17:21.444006,0.0
2026-05-01T01:16:21.697796,94.93,0,100.63,0.0243,1000.0,0.0,4.199,76.5,94,0,60.0,2026-05-01T01:17:21.697692,1.424
2026-05-01T01:16:21.946065,94.93,0,99.97,0.0,1000.0,0.0,4.199,76.5,94,0,60.0,2026-05-01T01:17:21.932267,1.394
2026-05-01T01:16:22.399745,94.93,0,115.83,0.7251,1000.0,0.0,4.199,76.5,94,0,60.0,2026-05-01T01:17:22.399659,0.0
2026-05-01T01:16:22.615689,94.93,0,99.97,0.0,1000.0,0.0,4.199,76.5,94,0,60.0,2026-05-01T01:17:22.615569,1.352
2026-05-01T01:16:22.901406,94.92,0,115.3,0.6956,1000.0,0.0,4.199,76.5,94,0,60.0,2026-05-01T01:17:22.901316,0.0
2026-05-01T01:16:23.101521,94.92,0,99.97,0.0,1000.0,0.0,4.199,76.5,94,0,60.0,2026-05-01T01:17:23.101423,1.341
2026-05-01T01:16:23.389955,94.92,0,115.71,0.7182,1000.0,0.0,4.199,76.5,94,0,60.0,2026-05-01T01:17:23.389859,0.0
2026-05-01T01:16:23.680123,94.91,0,115.19,0.6895,1000.0,0.0,4.199,76.5,94,0,60.0,2026-05-01T01:17:23.680014,0.0
2026-05-01T01:16:23.904138,94.91,0,99.97,0.0,1000.0,0.0,4.199,76.5,94,0,60.0,2026-05-01T01:17:23.886461,1.341
2026-05-01T01:16:24.347509,94.9,0,115.68,0.7167,1000.0,0.0,4.199,76.5,94,0,60.0,2026-05-01T01:17:24.347420,0.0
2026-05-01T01:16:24.562436,94.9,0,99.97,0.0,1000.0,0.0,4.199,76.5,94,0,60.0,2026-05-01T01:17:24.562334,1.354
2026-05-01T01:16:24.873079,94.9,0,115.38,0.6996,1000.0,0.0,4.199,76.5,94,0,60.0,2026-05-01T01:17:24.872968,0.0
2026-05-01T01:16:25.073996,94.9,0,99.97,0.0,1000.0,0.0,4.199,76.5,94,0,60.0,2026-05-01T01:17:25.073856,1.348
2026-05-01T01:16:25.352503,94.9,0,115.16,0.6877,1000.0,0.0,4.199,76.5,94,0,60.0,2026-05-01T01:17:25.352378,0.0
2026-05-01T01:16:25.609304,94.9,0,114.8,0.668,1000.0,0.0,4.199,76.5,94,0,60.0,2026-05-01T01:17:25.609207,0.0
2026-05-01T01:16:25.918361,94.89,0,99.97,0.0,1000.0,0.0,4.199,76.5,94,0,60.0,2026-05-01T01:17:25.887479,1.332
2026-05-01T01:16:26.139976,94.89,0,102.81,0.1073,1000.0,0.0,4.199,76.5,93,0,60.0,2026-05-01T01:17:26.139858,1.368
2026-05-01T01:16:26.317881,94.89,0,102.11,0.0801,1000.0,0.0,4.199,76.5,93,0,60.0,2026-05-01T01:17:26.317771,1.441
2026-05-01T01:16:26.662122,94.86,0,118.55,0.884,1000.0,0.0,4.199,76.5,93,0,60.0,2026-05-01T01:17:26.662008,0.0
2026-05-01T01:16:27.028590,94.86,0,117.45,0.8183,1000.0,0.0,4.199,76.5,93,0,60.0,2026-05-01T01:17:27.028477,0.0
2026-05-01T01:16:27.420743,94.86,0,116.66,0.7722,1000.0,0.0,4.199,76.5,93,0,60.0,2026-05-01T01:17:27.420626,0.0
2026-05-01T01:16:27.630946,94.85,0,99.97,0.0,1000.0,0.0,4.199,76.5,93,0,60.0,2026-05-01T01:17:27.630815,1.37
2026-05-01T01:16:28.284004,94.85,0,115.93,0.7307,1000.0,0.0,4.199,76.5,93,0,60.0,2026-05-01T01:17:28.234137,0.0
2026-05-01T01:16:28.713112,94.85,0,104.67,0.1821,1000.0,0.0,4.199,76.5,93,0,60.0,2026-05-01T01:17:28.712982,1.491
2026-05-01T01:16:28.916481,94.85,0,103.87,0.1496,1000.0,0.0,4.199,76.5,93,0,60.0,2026-05-01T01:17:28.916358,1.478
2026-05-01T01:16:29.114501,94.85,0,103.18,0.1219,1000.0,0.0,4.199,76.5,93,0,60.0,2026-05-01T01:17:29.114417,1.463
2026-05-01T01:16:29.301370,94.85,0,102.6,0.0988,1000.0,0.0,4.199,76.5,93,0,60.0,2026-05-01T01:17:29.301265,1.451
2026-05-01T01:16:29.490815,94.85,0,102.1,0.0795,1000.0,0.0,4.199,76.5,93,0,60.0,2026-05-01T01:17:29.490708,1.441
2026-05-01T01:16:30.055441,94.85,0,118.51,0.8816,1000.0,0.0,4.199,76.5,93,0,60.0,2026-05-01T01:17:30.038492,0.0
2026-05-01T01:16:30.844359,94.84,0,99.97,0.0,1000.0,0.0,4.199,76.5,94,0,60.0,2026-05-01T01:17:30.844229,1.35
2026-05-01T01:16:31.192375,94.84,0,115.85,0.7261,1000.0,0.0,4.199,76.5,94,0,60.0,2026-05-01T01:17:31.192276,0.0
2026-05-01T01:16:31.392293,94.84,0,99.97,0.0,1000.0,0.0,4.199,76.5,94,0,60.0,2026-05-01T01:17:31.392202,1.355
2026-05-01T01:16:31.696073,94.82,0,115.37,0.6992,1000.0,0.0,4.199,76.5,94,0,60.0,2026-05-01T01:17:31.695961,0.0
2026-05-01T01:16:32.237407,94.82,0,114.92,0.6742,1000.0,0.0,4.199,76.5,94,0,60.0,2026-05-01T01:17:32.152299,0.0
2026-05-01T01:16:32.686445,94.82,0,99.97,0.0,1000.0,0.0,4.199,76.5,93,0,60.0,2026-05-01T01:17:32.686330,1.324
2026-05-01T01:16:33.079506,94.82,0,114.93,0.6752,1000.0,0.0,4.199,76.5,93,0,60.0,2026-05-01T01:17:33.079385,0.0
2026-05-01T01:16:33.291683,94.82,0,99.97,0.0,1000.0,0.0,4.199,76.5,93,0,60.0,2026-05-01T01:17:33.291582,1.354
2026-05-01T01:16:33.708128,94.81,0,115.35,0.6981,1000.0,0.0,4.199,76.5,93,0,60.0,2026-05-01T01:17:33.707996,0.0
2026-05-01T01:16:33.951571,94.81,0,99.97,0.0,1000.0,0.0,4.199,76.5,93,0,60.0,2026-05-01T01:17:33.938564,1.346
2026-05-01T01:16:34.305764,94.81,0,115.13,0.686,1000.0,0.0,4.199,76.5,93,0,60.0,2026-05-01T01:17:34.305630,0.0
2026-05-01T01:16:34.505135,94.8,0,99.97,0.0,1000.0,0.0,4.199,76.6,93,0,60.0,2026-05-01T01:17:34.505001,1.342
2026-05-01T01:16:34.819455,94.8,0,115.67,0.716,1000.0,0.0,4.199,76.6,93,0,60.0,2026-05-01T01:17:34.819343,0.0
2026-05-01T01:16:35.118426,94.8,0,115.16,0.6874,1000.0,0.0,4.199,76.6,93,0,60.0,2026-05-01T01:17:35.118316,0.0
2026-05-01T01:16:35.417488,94.79,0,114.79,0.6674,1000.0,0.0,4.199,76.6,93,0,60.0,2026-05-01T01:17:35.417376,0.0
2026-05-01T01:16:35.732718,94.79,0,114.48,0.6505,1000.0,0.0,4.199,76.6,93,0,60.0,2026-05-01T01:17:35.732617,0.0
2026-05-01T01:16:36.019900,94.79,0,99.97,0.0,1000.0,0.0,4.199,76.6,93,0,60.0,2026-05-01T01:17:36.015170,1.332
2026-05-01T01:16:36.365858,94.79,0,114.67,0.6607,1000.0,0.0,4.199,76.6,93,0,60.0,2026-05-01T01:17:36.365764,0.0
2026-05-01T01:16:36.796973,94.79,0,114.34,0.6429,1000.0,0.0,4.199,76.6,93,0,60.0,2026-05-01T01:17:36.796853,0.0
2026-05-01T01:16:37.008781,94.79,0,102.48,0.0942,1000.0,0.0,4.199,76.6,93,0,60.0,2026-05-01T01:17:37.008668,1.357
2026-05-01T01:16:37.406701,94.77,0,118.63,0.8888,1000.0,0.0,4.199,76.6,93,0,60.0,2026-05-01T01:17:37.406602,0.0
2026-05-01T01:16:37.683406,94.77,0,100.15,0.0066,1000.0,0.0,4.199,76.6,93,0,60.0,2026-05-01T01:17:37.683280,1.375
2026-05-01T01:16:38.155077,94.77,0,115.74,0.7202,1000.0,0.0,4.199,76.6,93,0,60.0,2026-05-01T01:17:38.121192,0.0
2026-05-01T01:16:38.852435,94.77,0,115.17,0.6879,1000.0,0.0,4.199,76.6,93,0,60.0,2026-05-01T01:17:38.852247,0.0
2026-05-01T01:16:39.061691,94.77,0,99.97,0.0,1000.0,0.0,4.199,76.6,93,0,60.0,2026-05-01T01:17:39.061573,1.338
2026-05-01T01:16:39.344074,94.77,0,114.79,0.6673,1000.0,0.0,4.199,76.6,93,0,60.0,2026-05-01T01:17:39.343961,0.0
2026-05-01T01:16:39.724903,94.77,0,114.61,0.6575,1000.0,0.0,4.199,76.6,93,0,60.0,2026-05-01T01:17:39.724792,0.0
2026-05-01T01:16:40.004511,94.77,0,99.97,0.0,1000.0,0.0,4.199,76.6,93,0,60.0,2026-05-01T01:17:40.000551,1.328
2026-05-01T01:16:40.207990,94.77,0,103.17,0.1213,1000.0,0.0,4.199,76.6,92,0,60.0,2026-05-01T01:17:40.207865,1.461
2026-05-01T01:16:40.394360,94.77,0,102.57,0.0979,1000.0,0.0,4.199,76.6,92,0,60.0,2026-05-01T01:17:40.394264,1.451
2026-05-01T01:16:40.588289,94.77,0,102.07,0.0784,1000.0,0.0,4.199,76.6,92,0,60.0,2026-05-01T01:17:40.588167,1.44
2026-05-01T01:16:40.980889,94.77,0,118.48,0.8798,1000.0,0.0,4.199,76.6,92,0,60.0,2026-05-01T01:17:40.980763,0.0
2026-05-01T01:16:41.469879,94.77,0,117.29,0.809,1000.0,0.0,4.199,76.6,92,0,60.0,2026-05-01T01:17:41.469787,0.0
2026-05-01T01:16:41.960600,94.77,0,116.38,0.7563,1000.0,0.0,4.199,76.6,92,0,60.0,2026-05-01T01:17:41.932421,0.0
2026-05-01T01:16:42.834997,94.76,0,115.65,0.7148,1000.0,0.0,4.199,76.6,91,0,60.0,2026-05-01T01:17:42.834887,0.0
2026-05-01T01:16:43.050968,94.76,0,99.97,0.0,1000.0,0.0,4.199,76.6,91,0,60.0,2026-05-01T01:17:43.050840,1.345
2026-05-01T01:16:43.336951,94.76,0,115.03,0.6803,1000.0,0.0,4.199,76.6,91,0,60.0,2026-05-01T01:17:43.336856,0.0
2026-05-01T01:16:43.625092,94.76,0,114.69,0.6618,1000.0,0.0,4.199,76.6,91,0,60.0,2026-05-01T01:17:43.624949,0.0
2026-05-01T01:16:43.829502,94.76,0,99.97,0.0,1000.0,0.0,4.199,76.6,91,0,60.0,2026-05-01T01:17:43.829403,1.329
2026-05-01T01:16:44.839734,94.74,0,118.48,0.8801,1000.0,0.0,4.199,76.6,94,0,60.0,2026-05-01T01:17:44.839591,0.0
2026-05-01T01:16:45.286727,94.74,0,115.94,0.7311,1000.0,0.0,4.199,76.6,94,0,60.0,2026-05-01T01:17:45.286636,0.0
2026-05-01T01:16:45.551838,94.74,0,99.97,0.0,1000.0,0.0,4.199,76.6,94,0,60.0,2026-05-01T01:17:45.551766,1.353
2026-05-01T01:16:46.177170,94.73,0,115.32,0.6964,1000.0,0.0,4.199,76.6,94,0,60.0,2026-05-01T01:17:46.177006,0.0
2026-05-01T01:16:47.209237,94.73,0,116.28,0.7503,1000.0,0.0,4.199,76.6,92,0,60.0,2026-05-01T01:17:47.209081,0.0
2026-05-01T01:16:47.436327,94.73,0,99.97,0.0,1000.0,0.0,4.199,76.6,92,0,60.0,2026-05-01T01:17:47.436193,1.354
2026-05-01T01:16:47.751520,94.73,0,115.37,0.6991,1000.0,0.0,4.199,76.6,92,0,60.0,2026-05-01T01:17:47.749905,0.0
2026-05-01T01:16:48.039393,94.73,0,99.97,0.0,1000.0,0.0,4.199,76.6,92,0,60.0,2026-05-01T01:17:48.020738,1.347
2026-05-01T01:16:48.345300,94.73,0,115.15,0.6869,1000.0,0.0,4.199,76.6,92,0,60.0,2026-05-01T01:17:48.345150,0.0
2026-05-01T01:16:48.636859,94.73,0,114.78,0.6665,1000.0,0.0,4.199,76.6,92,0,60.0,2026-05-01T01:17:48.636750,0.0
2026-05-01T01:16:48.833638,94.73,0,99.97,0.0,1000.0,0.0,4.199,76.6,92,0,60.0,2026-05-01T01:17:48.833504,1.332
2026-05-01T01:16:49.137148,94.72,0,114.73,0.6637,1000.0,0.0,4.199,76.6,92,0,60.0,2026-05-01T01:17:49.137042,0.0
2026-05-01T01:16:49.415464,94.72,0,99.97,0.0,1000.0,0.0,4.199,76.6,92,0,60.0,2026-05-01T01:17:49.415354,1.31
2026-05-01T01:16:49.596707,94.72,0,99.97,0.0,1000.0,0.0,4.199,76.6,92,0,60.0,2026-05-01T01:17:49.596636,1.328
2026-05-01T01:16:50.115166,94.71,0,119.92,0.9688,1000.0,0.0,4.199,76.6,92,0,60.0,2026-05-01T01:17:50.063746,0.0
2026-05-01T01:16:51.067662,94.71,0,116.68,0.7734,1000.0,0.0,4.199,76.6,92,0,60.0,2026-05-01T01:17:51.063017,0.0
2026-05-01T01:16:51.306942,94.71,0,99.97,0.0,1000.0,0.0,4.199,76.6,94,0,60.0,2026-05-01T01:17:51.306807,1.359
2026-05-01T01:16:51.626685,94.7,0,115.57,0.7102,1000.0,0.0,4.199,76.6,94,0,60.0,2026-05-01T01:17:51.626594,0.0
2026-05-01T01:16:51.957073,94.7,0,115.08,0.683,1000.0,0.0,4.199,76.6,94,0,60.0,2026-05-01T01:17:51.902297,0.0
2026-05-01T01:16:52.594212,94.7,0,114.78,0.6665,1000.0,0.0,4.199,76.6,94,0,60.0,2026-05-01T01:17:52.594093,0.0
2026-05-01T01:16:52.878648,94.7,0,114.42,0.6472,1000.0,0.0,4.199,76.6,94,0,60.0,2026-05-01T01:17:52.878558,0.0
2026-05-01T01:16:53.079183,94.7,0,99.97,0.0,1000.0,0.0,4.199,76.6,94,0,60.0,2026-05-01T01:17:53.079112,1.325
2026-05-01T01:16:53.441359,94.7,0,114.51,0.6518,1000.0,0.0,4.199,76.6,94,0,60.0,2026-05-01T01:17:53.441250,0.0
2026-05-01T01:16:53.652631,94.7,0,99.97,0.0,1000.0,0.0,4.199,76.6,94,0,60.0,2026-05-01T01:17:53.652516,1.326
2026-05-01T01:16:54.098425,94.7,0,114.54,0.6535,1000.0,0.0,4.199,76.6,94,0,60.0,2026-05-01T01:17:54.085683,0.0
2026-05-01T01:16:54.889849,94.69,0,99.97,0.0,1000.0,0.0,4.199,76.6,93,0,60.0,2026-05-01T01:17:54.889689,1.327
2026-05-01T01:16:55.169199,94.69,0,115.25,0.6925,1000.0,0.0,4.199,76.6,93,0,60.0,2026-05-01T01:17:55.169085,0.0
2026-05-01T01:16:55.365555,94.69,0,99.97,0.0,1000.0,0.0,4.199,76.6,93,0,60.0,2026-05-01T01:17:55.365468,1.361
2026-05-01T01:16:55.660366,94.68,0,115.65,0.7152,1000.0,0.0,4.199,76.6,93,0,60.0,2026-05-01T01:17:55.660239,0.0
2026-05-01T01:16:55.901190,94.68,0,99.97,0.0,1000.0,0.0,4.199,76.6,93,0,60.0,2026-05-01T01:17:55.890191,1.353
2026-05-01T01:16:56.361727,94.68,0,115.34,0.6976,1000.0,0.0,4.199,76.6,93,0,60.0,2026-05-01T01:17:56.361624,0.0
2026-05-01T01:16:56.640071,94.68,0,114.88,0.6723,1000.0,0.0,4.199,76.6,93,0,60.0,2026-05-01T01:17:56.639953,0.0
2026-05-01T01:16:57.041243,94.68,0,114.58,0.6557,1000.0,0.0,4.199,76.6,93,0,60.0,2026-05-01T01:17:57.041144,0.0
2026-05-01T01:16:57.241372,94.68,0,102.64,0.1005,1000.0,0.0,4.199,76.6,93,0,60.0,2026-05-01T01:17:57.241261,1.45
2026-05-01T01:16:57.521669,94.67,0,101.47,0.0556,1000.0,0.0,4.199,76.6,93,0,60.0,2026-05-01T01:17:57.521546,1.359
2026-05-01T01:16:58.189706,94.67,0,120.98,1.036,1000.0,0.0,4.199,76.6,93,0,60.0,2026-05-01T01:17:58.133861,0.0
2026-05-01T01:16:59.045273,94.67,0,116.56,0.7668,1000.0,0.0,4.199,76.6,93,0,60.0,2026-05-01T01:17:59.045052,0.0
2026-05-01T01:16:59.400097,94.67,0,115.63,0.7136,1000.0,0.0,4.199,76.6,93,0,60.0,2026-05-01T01:17:59.400000,0.0
2026-05-01T01:16:59.606049,94.67,0,99.97,0.0,1000.0,0.0,4.199,76.6,93,0,60.0,2026-05-01T01:17:59.605934,1.349
2026-05-01T01:16:59.989521,94.66,0,115.16,0.6875,1000.0,0.0,4.199,76.6,93,0,60.0,2026-05-01T01:17:59.980270,0.0
2026-05-01T01:17:00.877930,94.66,0,115.12,0.6853,1000.0,0.0,4.199,76.6,92,0,60.0,2026-05-01T01:18:00.877815,0.0
2026-05-01T01:17:01.162023,94.66,0,114.71,0.663,1000.0,0.0,4.199,76.6,92,0,60.0,2026-05-01T01:18:01.161904,0.0
2026-05-01T01:17:01.461379,94.65,0,114.45,0.6489,1000.0,0.0,4.199,76.6,92,0,60.0,2026-05-01T01:18:01.461282,0.0
2026-05-01T01:17:01.660298,94.65,0,103.02,0.1153,1000.0,0.0,4.199,76.6,92,0,60.0,2026-05-01T01:18:01.660208,1.458
2026-05-01T01:17:01.867453,94.65,0,102.44,0.0927,1000.0,0.0,4.199,76.6,92,0,60.0,2026-05-01T01:18:01.848888,1.449
2026-05-01T01:17:02.118033,94.64,0,101.16,0.0438,1000.0,0.0,4.199,76.6,92,0,60.0,2026-05-01T01:18:02.117928,1.33
2026-05-01T01:17:02.606236,94.64,0,117.67,0.8312,1000.0,0.0,4.199,76.6,92,0,60.0,2026-05-01T01:18:02.606152,0.0
2026-05-01T01:17:03.016559,94.64,0,116.2,0.746,1000.0,0.0,4.199,76.6,92,0,60.0,2026-05-01T01:18:03.016459,0.0
2026-05-01T01:17:03.426049,94.63,0,115.53,0.708,1000.0,0.0,4.199,76.6,92,0,60.0,2026-05-01T01:18:03.425945,0.0
2026-05-01T01:17:03.722987,94.63,0,99.97,0.0,1000.0,0.0,4.199,76.6,92,0,60.0,2026-05-01T01:18:03.722836,1.349
2026-05-01T01:17:04.067807,94.63,0,115.23,0.6913,1000.0,0.0,4.199,76.6,92,0,60.0,2026-05-01T01:18:04.067667,0.0
2026-05-01T01:17:04.343026,94.62,0,114.82,0.6687,1000.0,0.0,4.199,76.6,92,0,60.0,2026-05-01T01:18:04.342912,0.0
2026-05-01T01:17:04.543654,94.62,0,99.97,0.0,1000.0,0.0,4.199,76.6,92,0,60.0,2026-05-01T01:18:04.543535,1.333
2026-05-01T01:17:04.852936,94.61,0,114.74,0.6643,1000.0,0.0,4.199,76.6,92,0,60.0,2026-05-01T01:18:04.852835,0.0
2026-05-01T01:17:05.043590,94.61,0,99.97,0.0,1000.0,0.0,4.199,76.6,92,0,60.0,2026-05-01T01:18:05.043501,1.331
2026-05-01T01:17:05.351225,94.61,0,114.68,0.6613,1000.0,0.0,4.199,76.6,92,0,60.0,2026-05-01T01:18:05.351147,0.0
2026-05-01T01:17:05.550969,94.6,0,99.97,0.0,1000.0,0.0,4.199,76.6,92,0,60.0,2026-05-01T01:18:05.550843,1.33
2026-05-01T01:17:05.820905,94.6,0,114.65,0.6596,1000.0,0.0,4.199,76.6,92,0,60.0,2026-05-01T01:18:05.820777,0.0
2026-05-01T01:17:06.019428,94.6,0,99.97,0.0,1000.0,0.0,4.199,76.6,92,0,60.0,2026-05-01T01:18:06.019358,1.329
2026-05-01T01:17:06.332446,94.59,0,114.63,0.6586,1000.0,0.0,4.199,76.6,92,0,60.0,2026-05-01T01:18:06.332358,0.0
2026-05-01T01:17:06.546106,94.59,0,99.97,0.0,1000.0,0.0,4.199,76.6,92,0,60.0,2026-05-01T01:18:06.545983,1.328
2026-05-01T01:17:06.814833,94.59,0,114.59,0.6565,1000.0,0.0,4.199,76.6,92,0,60.0,2026-05-01T01:18:06.814691,0.0
2026-05-01T01:17:07.027287,94.58,0,99.97,0.0,1000.0,0.0,4.199,76.6,92,0,60.0,2026-05-01T01:18:07.027137,1.328
2026-05-01T01:17:07.246492,94.58,0,103.27,0.1256,1000.0,0.0,4.199,76.6,92,0,60.0,2026-05-01T01:18:07.246379,1.378
2026-05-01T01:17:07.425662,94.58,0,102.46,0.0935,1000.0,0.0,4.199,76.6,92,0,60.0,2026-05-01T01:18:07.425549,1.449
2026-05-01T01:17:07.622470,94.57,0,102.14,0.081,1000.0,0.0,4.199,76.6,92,0,60.0,2026-05-01T01:18:07.622357,1.435
2026-05-01T01:17:08.029473,94.57,0,118.47,0.8795,1000.0,0.0,4.199,76.6,92,0,60.0,2026-05-01T01:18:08.029373,0.0
2026-05-01T01:17:08.302748,94.57,0,100.09,0.0043,1000.0,0.0,4.199,76.6,92,0,60.0,2026-05-01T01:18:08.302634,1.397
2026-05-01T01:17:08.674894,94.57,0,116.95,0.7893,1000.0,0.0,4.199,76.6,92,0,60.0,2026-05-01T01:18:08.674744,0.0
2026-05-01T01:17:09.093484,94.57,0,116.16,0.7438,1000.0,0.0,4.199,76.6,92,0,60.0,2026-05-01T01:18:09.093389,0.0
2026-05-01T01:17:09.398896,94.57,0,115.51,0.7071,1000.0,0.0,4.199,76.6,92,0,60.0,2026-05-01T01:18:09.398750,0.0
2026-05-01T01:17:09.679609,94.57,0,115.03,0.6804,1000.0,0.0,4.199,76.6,92,0,60.0,2026-05-01T01:18:09.679516,0.0
2026-05-01T01:17:09.872430,94.57,0,99.97,0.0,1000.0,0.0,4.199,76.6,92,0,60.0,2026-05-01T01:18:09.872349,1.337
2026-05-01T01:17:10.170325,94.56,0,114.85,0.6708,1000.0,0.0,4.199,76.6,92,0,60.0,2026-05-01T01:18:10.170212,0.0
2026-05-01T01:17:10.370753,94.56,0,99.97,0.0,1000.0,0.0,4.199,76.6,92,0,60.0,2026-05-01T01:18:10.370627,1.334
2026-05-01T01:17:10.680385,94.56,0,114.75,0.6651,1000.0,0.0,4.199,76.6,92,0,60.0,2026-05-01T01:18:10.680284,0.0
2026-05-01T01:17:10.868851,94.56,0,99.97,0.0,1000.0,0.0,4.199,76.6,92,0,60.0,2026-05-01T01:18:10.868733,1.331
2026-05-01T01:17:11.300527,94.56,0,114.7,0.662,1000.0,0.0,4.199,76.6,92,0,60.0,2026-05-01T01:18:11.300379,0.0
2026-05-01T01:17:11.518723,94.56,0,99.97,0.0,1000.0,0.0,4.199,76.6,92,0,60.0,2026-05-01T01:18:11.518595,1.351
2026-05-01T01:17:11.848163,94.56,0,115.23,0.6913,1000.0,0.0,4.199,76.6,92,0,60.0,2026-05-01T01:18:11.848047,0.0
2026-05-01T01:17:12.131423,94.56,0,114.81,0.6683,1000.0,0.0,4.199,76.6,92,0,60.0,2026-05-01T01:18:12.131303,0.0
2026-05-01T01:17:12.326630,94.55,0,99.97,0.0,1000.0,0.0,4.199,76.6,92,0,60.0,2026-05-01T01:18:12.326534,1.332
2026-05-01T01:17:12.612001,94.55,0,114.72,0.6632,1000.0,0.0,4.199,76.6,92,0,60.0,2026-05-01T01:18:12.611893,0.0
2026-05-01T01:17:12.802302,94.55,0,99.97,0.0,1000.0,0.0,4.199,76.6,92,0,60.0,2026-05-01T01:18:12.802214,1.331
2026-05-01T01:17:13.109659,94.55,0,114.67,0.6604,1000.0,0.0,4.199,76.6,92,0,60.0,2026-05-01T01:18:13.109537,0.0
2026-05-01T01:17:13.296357,94.55,0,99.97,0.0,1000.0,0.0,4.199,76.6,92,0,60.0,2026-05-01T01:18:13.296238,1.33
2026-05-01T01:17:13.486536,94.55,0,99.97,0.0,1000.0,0.0,4.199,76.6,92,0,60.0,2026-05-01T01:18:13.486462,1.337
2026-05-01T01:17:13.876339,94.54,0,114.62,0.6582,1000.0,0.0,4.199,76.6,92,0,60.0,2026-05-01T01:18:13.876200,0.0
2026-05-01T01:17:14.084745,94.54,0,99.97,0.0,1000.0,0.0,4.199,76.6,92,0,60.0,2026-05-01T01:18:14.084616,1.352
2026-05-01T01:17:14.466959,94.54,0,115.23,0.6913,1000.0,0.0,4.199,76.6,92,0,60.0,2026-05-01T01:18:14.466835,0.0
2026-05-01T01:17:14.767259,94.52,0,114.79,0.6674,1000.0,0.0,4.199,76.6,92,0,60.0,2026-05-01T01:18:14.767105,0.0
2026-05-01T01:17:14.963797,94.52,0,102.99,0.1142,1000.0,0.0,4.199,76.6,92,0,60.0,2026-05-01T01:18:14.963721,1.459
2026-05-01T01:17:15.281071,94.52,0,119.22,0.9253,1000.0,0.0,4.199,76.6,92,0,60.0,2026-05-01T01:18:15.280964,0.0
2026-05-01T01:17:15.538424,94.52,0,100.69,0.0264,1000.0,0.0,4.199,76.6,92,0,60.0,2026-05-01T01:18:15.538281,1.407
2026-05-01T01:17:15.891981,94.52,0,99.97,0.0,1000.0,0.0,4.199,76.6,92,0,60.0,2026-05-01T01:18:15.891838,1.375
2026-05-01T01:17:16.205729,94.51,0,116.55,0.7659,1000.0,0.0,4.199,76.7,92,0,60.0,2026-05-01T01:18:16.205605,0.0
2026-05-01T01:17:16.604369,94.51,0,115.79,0.7231,1000.0,0.0,4.199,76.7,92,0,60.0,2026-05-01T01:18:16.604275,0.0
2026-05-01T01:17:16.830755,94.51,0,99.97,0.0,1000.0,0.0,4.199,76.7,92,0,60.0,2026-05-01T01:18:16.830628,1.367
2026-05-01T01:17:17.160458,94.5,0,115.83,0.7249,1000.0,0.0,4.199,76.7,92,0,60.0,2026-05-01T01:18:17.160358,0.0
2026-05-01T01:17:17.473820,94.5,0,115.24,0.6922,1000.0,0.0,4.199,76.7,92,0,60.0,2026-05-01T01:18:17.473726,0.0
2026-05-01T01:17:17.781787,94.5,0,114.79,0.6675,1000.0,0.0,4.199,76.7,92,0,60.0,2026-05-01T01:18:17.781660,0.0
2026-05-01T01:17:17.979041,94.49,0,99.97,0.0,1000.0,0.0,4.199,76.7,92,0,60.0,2026-05-01T01:18:17.978915,1.332
2026-05-01T01:17:18.254888,94.49,0,114.71,0.6626,1000.0,0.0,4.199,76.7,92,0,60.0,2026-05-01T01:18:18.254750,0.0
2026-05-01T01:17:18.447701,94.49,0,99.97,0.0,1000.0,0.0,4.199,76.7,92,0,60.0,2026-05-01T01:18:18.447591,1.331
2026-05-01T01:17:18.730522,94.48,0,114.65,0.6596,1000.0,0.0,4.199,76.7,92,0,60.0,2026-05-01T01:18:18.730395,0.0
2026-05-01T01:17:18.927133,94.48,0,99.97,0.0,1000.0,0.0,4.199,76.7,92,0,60.0,2026-05-01T01:18:18.927026,1.329
2026-05-01T01:17:19.244601,94.48,0,114.61,0.6574,1000.0,0.0,4.199,76.7,92,0,60.0,2026-05-01T01:18:19.244469,0.0
2026-05-01T01:17:19.458824,94.48,0,99.97,0.0,1000.0,0.0,4.199,76.7,92,0,60.0,2026-05-01T01:18:19.458729,1.339
2026-05-01T01:17:19.721263,94.48,0,115.34,0.6974,1000.0,0.0,4.199,76.7,92,0,60.0,2026-05-01T01:18:19.721158,0.0
2026-05-01T01:17:20.024052,94.47,0,114.89,0.6726,1000.0,0.0,4.199,76.7,92,0,60.0,2026-05-01T01:18:20.023933,0.0
2026-05-01T01:17:20.222484,94.47,0,102.98,0.1138,1000.0,0.0,4.199,76.7,92,0,60.0,2026-05-01T01:18:20.222390,1.458
2026-05-01T01:17:20.528052,94.47,0,119.21,0.9242,1000.0,0.0,4.199,76.7,92,0,60.0,2026-05-01T01:18:20.527931,0.0
2026-05-01T01:17:20.783934,94.47,0,100.71,0.0272,1000.0,0.0,4.199,76.7,92,0,60.0,2026-05-01T01:18:20.783816,1.408
2026-05-01T01:17:21.049105,94.47,0,99.97,0.0,1000.0,0.0,4.199,76.7,92,0,60.0,2026-05-01T01:18:21.049003,1.326
2026-05-01T01:17:21.241722,94.47,0,99.97,0.0,1000.0,0.0,4.199,76.7,92,0,60.0,2026-05-01T01:18:21.241627,1.386
2026-05-01T01:17:21.529288,94.46,0,119.93,0.9694,1000.0,0.0,4.199,76.7,92,0,60.0,2026-05-01T01:18:21.529176,0.0
2026-05-01T01:17:21.748935,94.46,0,101.26,0.0477,1000.0,0.0,4.199,76.7,92,0,60.0,2026-05-01T01:18:21.748839,1.425
2026-05-01T01:17:21.949575,94.46,0,100.91,0.0344,1000.0,0.0,4.199,76.7,92,0,60.0,2026-05-01T01:18:21.949469,1.416
2026-05-01T01:17:22.255254,94.46,0,119.94,0.9699,1000.0,0.0,4.199,76.7,92,0,60.0,2026-05-01T01:18:22.255134,0.0
2026-05-01T01:17:22.496494,94.46,0,101.23,0.0465,1000.0,0.0,4.199,76.7,92,0,60.0,2026-05-01T01:18:22.496348,1.419
2026-05-01T01:17:23.142105,94.46,0,117.75,0.8363,1000.0,0.0,4.199,76.7,92,0,60.0,2026-05-01T01:18:23.141986,0.0
2026-05-01T01:17:24.289574,94.46,0,115.81,0.7239,1000.0,0.0,4.199,76.7,92,0,60.0,2026-05-01T01:18:24.289371,0.0
2026-05-01T01:17:24.673255,94.46,0,115.05,0.6817,1000.0,0.0,4.199,76.7,92,0,60.0,2026-05-01T01:18:24.673103,0.0
2026-05-01T01:17:24.995168,94.46,0,114.66,0.66,1000.0,0.0,4.199,76.7,92,0,60.0,2026-05-01T01:18:24.994975,0.0
2026-05-01T01:17:25.307396,94.46,0,99.97,0.0,1000.0,0.0,4.199,76.7,92,0,60.0,2026-05-01T01:18:25.301033,1.336
2026-05-01T01:17:25.868456,94.46,0,119.32,0.931,1000.0,0.0,4.199,76.7,92,0,60.0,2026-05-01T01:18:25.868331,0.0
2026-05-01T01:17:26.177107,94.45,0,99.97,0.0,1000.0,0.0,4.199,76.7,92,0,60.0,2026-05-01T01:18:26.176974,1.402
2026-05-01T01:17:26.531717,94.45,0,116.69,0.7739,1000.0,0.0,4.199,76.7,92,0,60.0,2026-05-01T01:18:26.531541,0.0
2026-05-01T01:17:26.890868,94.45,0,115.05,0.6818,1000.0,0.0,4.199,76.7,92,0,60.0,2026-05-01T01:18:26.890718,0.0
2026-05-01T01:17:27.113928,94.45,0,99.97,0.0,1000.0,0.0,4.199,76.7,92,0,60.0,2026-05-01T01:18:27.113809,1.341
2026-05-01T01:17:27.549393,94.45,0,114.87,0.6717,1000.0,0.0,4.199,76.7,92,0,60.0,2026-05-01T01:18:27.391491,0.0
2026-05-01T01:17:28.121630,94.45,0,99.97,0.0,1000.0,0.0,4.199,76.7,92,0,60.0,2026-05-01T01:18:28.121454,1.323
2026-05-01T01:17:28.431287,94.45,0,115.16,0.6878,1000.0,0.0,4.199,76.7,92,0,60.0,2026-05-01T01:18:28.431136,0.0
2026-05-01T01:17:28.740703,94.45,0,114.73,0.6639,1000.0,0.0,4.199,76.7,92,0,60.0,2026-05-01T01:18:28.740543,0.0
2026-05-01T01:17:28.943019,94.45,0,99.97,0.0,1000.0,0.0,4.199,76.7,92,0,60.0,2026-05-01T01:18:28.942890,1.33
2026-05-01T01:17:29.260119,94.45,0,114.63,0.6585,1000.0,0.0,4.199,76.7,92,0,60.0,2026-05-01T01:18:29.259642,0.0
2026-05-01T01:17:30.307672,94.45,0,114.39,0.6454,1000.0,0.0,4.199,76.7,92,0,60.0,2026-05-01T01:18:30.307421,0.0
2026-05-01T01:17:30.740285,94.44,0,115.75,0.7204,1000.0,0.0,4.199,76.7,92,0,60.0,2026-05-01T01:18:30.740116,0.0
2026-05-01T01:17:30.966480,94.44,0,99.97,0.0,1000.0,0.0,4.199,76.7,92,0,60.0,2026-05-01T01:18:30.966337,1.353
2026-05-01T01:17:31.307999,94.44,0,115.34,0.6978,1000.0,0.0,4.199,76.7,92,0,60.0,2026-05-01T01:18:31.307371,0.0
2026-05-01T01:17:32.431217,94.44,0,114.91,0.6736,1000.0,0.0,4.199,76.7,92,0,60.0,2026-05-01T01:18:32.431051,0.0
2026-05-01T01:17:32.695854,94.44,0,99.97,0.0,1000.0,0.0,4.199,76.7,92,0,60.0,2026-05-01T01:18:32.695709,1.339
2026-05-01T01:17:32.996614,94.44,0,114.82,0.669,1000.0,0.0,4.199,76.7,92,0,60.0,2026-05-01T01:18:32.996467,0.0
2026-05-01T01:17:33.450511,94.43,0,115.35,0.6984,1000.0,0.0,4.199,76.7,92,0,60.0,2026-05-01T01:18:33.385071,0.0
2026-05-01T01:17:34.296879,94.43,0,115.75,0.7204,1000.0,0.0,4.199,76.7,92,0,60.0,2026-05-01T01:18:34.296746,0.0
2026-05-01T01:17:34.628623,94.43,0,114.88,0.6722,1000.0,0.0,4.199,76.7,92,0,60.0,2026-05-01T01:18:34.628489,0.0
2026-05-01T01:17:34.847357,94.42,0,99.97,0.0,1000.0,0.0,4.199,76.7,92,0,60.0,2026-05-01T01:18:34.847229,1.339
2026-05-01T01:17:35.099429,94.42,0,104.71,0.1838,1000.0,0.0,4.199,76.7,92,0,60.0,2026-05-01T01:18:35.099270,1.493
2026-05-01T01:17:35.999948,94.42,0,119.71,0.9557,1000.0,0.0,4.199,76.7,92,0,60.0,2026-05-01T01:18:35.944508,0.0
2026-05-01T01:17:36.870830,94.42,0,115.76,0.7209,1000.0,0.0,4.199,76.7,92,0,60.0,2026-05-01T01:18:36.870637,0.0
2026-05-01T01:17:37.108343,94.42,0,99.97,0.0,1000.0,0.0,4.199,76.7,92,0,60.0,2026-05-01T01:18:37.108199,1.353
2026-05-01T01:17:38.628494,94.39,0,115.17,0.6882,1000.0,0.0,4.199,76.7,92,0,60.0,2026-05-01T01:18:38.628226,0.0
2026-05-01T01:17:38.942239,94.39,0,99.97,0.0,1000.0,0.0,4.199,76.7,92,0,60.0,2026-05-01T01:18:38.942100,1.343
2026-05-01T01:17:39.232148,94.39,0,115.04,0.6812,1000.0,0.0,4.199,76.7,92,0,60.0,2026-05-01T01:18:39.232010,0.0
2026-05-01T01:17:39.535326,94.39,0,114.64,0.6588,1000.0,0.0,4.199,76.7,92,0,60.0,2026-05-01T01:18:39.535205,0.0
2026-05-01T01:17:39.730566,94.39,0,99.97,0.0,1000.0,0.0,4.199,76.7,92,0,60.0,2026-05-01T01:18:39.730452,1.329
2026-05-01T01:17:40.840417,94.39,0,120.01,0.9742,1000.0,0.0,4.199,76.7,92,0,60.0,2026-05-01T01:18:40.677845,0.0
2026-05-01T01:17:41.193090,94.36,0,99.97,0.0,1000.0,0.0,4.199,76.7,94,0,60.0,2026-05-01T01:18:41.192965,1.383
2026-05-01T01:17:41.535161,94.36,0,116.14,0.7428,1000.0,0.0,4.199,76.7,94,0,60.0,2026-05-01T01:18:41.535008,0.0
2026-05-01T01:17:41.775268,94.36,0,99.97,0.0,1000.0,0.0,4.199,76.7,94,0,60.0,2026-05-01T01:18:41.775030,1.36
2026-05-01T01:17:42.323192,94.36,0,115.52,0.7079,1000.0,0.0,4.199,76.7,94,0,60.0,2026-05-01T01:18:42.323047,0.0
2026-05-01T01:17:42.604111,94.36,0,99.97,0.0,1000.0,0.0,4.199,76.7,94,0,60.0,2026-05-01T01:18:42.603995,1.346
2026-05-01T01:17:42.940602,94.36,0,115.07,0.6825,1000.0,0.0,4.199,76.7,94,0,60.0,2026-05-01T01:18:42.940483,0.0
2026-05-01T01:17:43.137264,94.36,0,99.97,0.0,1000.0,0.0,4.199,76.7,94,0,60.0,2026-05-01T01:18:43.137168,1.339
2026-05-01T01:17:43.438129,94.36,0,115.45,0.7039,1000.0,0.0,4.199,76.7,94,0,60.0,2026-05-01T01:18:43.438050,0.0
2026-05-01T01:17:43.719807,94.34,0,114.97,0.6769,1000.0,0.0,4.199,76.7,94,0,60.0,2026-05-01T01:18:43.719691,0.0
2026-05-01T01:17:44.085820,94.34,0,114.61,0.6575,1000.0,0.0,4.199,76.7,94,0,60.0,2026-05-01T01:18:44.049508,0.0
2026-05-01T01:17:44.792878,94.34,0,99.97,0.0,1000.0,0.0,4.199,76.7,93,0,60.0,2026-05-01T01:18:44.792746,1.303
2026-05-01T01:17:45.076387,94.34,0,114.68,0.6613,1000.0,0.0,4.199,76.7,93,0,60.0,2026-05-01T01:18:45.076274,0.0
2026-05-01T01:17:45.277907,94.34,0,99.97,0.0,1000.0,0.0,4.199,76.7,93,0,60.0,2026-05-01T01:18:45.277797,1.33
2026-05-01T01:17:45.668138,94.34,0,114.61,0.6574,1000.0,0.0,4.199,76.7,93,0,60.0,2026-05-01T01:18:45.668021,0.0
2026-05-01T01:17:45.906647,94.32,0,99.97,0.0,1000.0,0.0,4.199,76.7,93,0,60.0,2026-05-01T01:18:45.881910,1.329
2026-05-01T01:17:46.296799,94.32,0,114.67,0.6604,1000.0,0.0,4.199,76.7,94,0,60.0,2026-05-01T01:18:46.296674,0.0
2026-05-01T01:17:46.491689,94.32,0,99.97,0.0,1000.0,0.0,4.199,76.7,94,0,60.0,2026-05-01T01:18:46.491571,1.329
2026-05-01T01:17:46.679286,94.31,0,99.97,0.0,1000.0,0.0,4.199,76.7,94,0,60.0,2026-05-01T01:18:46.679164,1.336
2026-05-01T01:17:46.889654,94.31,0,104.06,0.1573,1000.0,0.0,4.199,76.7,94,0,60.0,2026-05-01T01:18:46.889536,1.485
2026-05-01T01:17:47.209917,94.31,0,120.0,0.9734,1000.0,0.0,4.199,76.7,94,0,60.0,2026-05-01T01:18:47.209790,0.0
2026-05-01T01:17:47.475795,94.31,0,101.38,0.0522,1000.0,0.0,4.199,76.7,94,0,60.0,2026-05-01T01:18:47.475675,1.421
2026-05-01T01:17:47.955412,94.31,0,100.22,0.0092,1000.0,0.0,4.199,76.7,94,0,60.0,2026-05-01T01:18:47.954948,1.404
2026-05-01T01:17:48.466684,94.3,0,116.0,0.7346,1000.0,0.0,4.199,76.7,94,0,60.0,2026-05-01T01:18:48.466550,0.0
2026-05-01T01:17:48.912348,94.3,0,115.23,0.6914,1000.0,0.0,4.199,76.7,94,0,60.0,2026-05-01T01:18:48.912195,0.0
2026-05-01T01:17:49.236360,94.3,0,114.77,0.666,1000.0,0.0,4.199,76.7,94,0,60.0,2026-05-01T01:18:49.236226,0.0
2026-05-01T01:17:50.103128,94.3,0,114.6,0.6571,1000.0,0.0,4.199,76.7,93,0,60.0,2026-05-01T01:18:50.102785,0.0
2026-05-01T01:17:50.372494,94.3,0,99.97,0.0,1000.0,0.0,4.199,76.7,93,0,60.0,2026-05-01T01:18:50.372361,1.359
2026-05-01T01:17:50.765765,94.3,0,115.64,0.7142,1000.0,0.0,4.199,76.7,93,0,60.0,2026-05-01T01:18:50.765608,0.0
2026-05-01T01:17:51.185447,94.3,0,115.05,0.6813,1000.0,0.0,4.199,76.7,93,0,60.0,2026-05-01T01:18:51.185114,0.0
2026-05-01T01:17:51.470713,94.3,0,99.97,0.0,1000.0,0.0,4.199,76.7,93,0,60.0,2026-05-01T01:18:51.458563,1.34
2026-05-01T01:17:51.842389,94.3,0,114.88,0.672,1000.0,0.0,4.199,76.7,93,0,60.0,2026-05-01T01:18:51.842235,0.0
2026-05-01T01:17:52.058758,94.29,0,99.97,0.0,1000.0,0.0,4.199,76.7,93,0,60.0,2026-05-01T01:18:52.058620,1.334
2026-05-01T01:17:52.392834,94.29,0,114.64,0.6591,1000.0,0.0,4.199,76.7,93,0,60.0,2026-05-01T01:18:52.392685,0.0
2026-05-01T01:17:52.638286,94.29,0,99.97,0.0,1000.0,0.0,4.199,76.7,93,0,60.0,2026-05-01T01:18:52.638078,1.333
2026-05-01T01:17:52.950508,94.29,0,114.59,0.656,1000.0,0.0,4.199,76.7,93,0,60.0,2026-05-01T01:18:52.950356,0.0
2026-05-01T01:17:53.458150,94.29,0,115.42,0.7018,1000.0,0.0,4.199,76.7,93,0,60.0,2026-05-01T01:18:53.401541,0.0
2026-05-01T01:17:54.314856,94.28,0,114.84,0.67,1000.0,0.0,4.199,76.7,93,0,60.0,2026-05-01T01:18:54.314712,0.0
2026-05-01T01:17:54.558462,94.28,0,102.26,0.0856,1000.0,0.0,4.199,76.7,93,0,60.0,2026-05-01T01:18:54.558320,1.365
2026-05-01T01:17:54.891901,94.28,0,118.38,0.874,1000.0,0.0,4.199,76.7,93,0,60.0,2026-05-01T01:18:54.891755,0.0
2026-05-01T01:17:55.134333,94.27,0,102.72,0.1035,1000.0,0.0,4.199,76.7,93,0,60.0,2026-05-01T01:18:55.134206,1.364
2026-05-01T01:17:56.144894,94.27,0,118.15,0.8597,1000.0,0.0,4.199,76.7,93,0,60.0,2026-05-01T01:18:56.123640,0.0
2026-05-01T01:17:56.763006,94.27,0,115.86,0.7269,1000.0,0.0,4.199,76.7,94,0,60.0,2026-05-01T01:18:56.762892,0.0
2026-05-01T01:17:57.066874,94.27,0,115.14,0.6863,1000.0,0.0,4.199,76.7,94,0,60.0,2026-05-01T01:18:57.066760,0.0
2026-05-01T01:17:57.265095,94.27,0,99.97,0.0,1000.0,0.0,4.199,76.7,94,0,60.0,2026-05-01T01:18:57.265001,1.339
2026-05-01T01:17:57.603264,94.27,0,114.88,0.6723,1000.0,0.0,4.199,76.7,94,0,60.0,2026-05-01T01:18:57.603158,0.0
2026-05-01T01:17:57.805439,94.26,0,99.97,0.0,1000.0,0.0,4.199,76.7,94,0,60.0,2026-05-01T01:18:57.805318,1.334
2026-05-01T01:17:58.441827,94.26,0,99.97,0.0,1000.0,0.0,4.199,76.7,94,0,60.0,2026-05-01T01:18:58.432672,1.27
2026-05-01T01:17:58.691334,94.26,0,102.17,0.0821,1000.0,0.0,4.199,76.7,94,0,60.0,2026-05-01T01:18:58.691192,1.351
2026-05-01T01:17:58.890805,94.25,0,101.37,0.0516,1000.0,0.0,4.199,76.7,94,0,60.0,2026-05-01T01:18:58.890702,1.425
2026-05-01T01:17:59.098017,94.25,0,100.92,0.0349,1000.0,0.0,4.199,76.7,94,0,60.0,2026-05-01T01:18:59.097911,1.417
2026-05-01T01:17:59.637027,94.25,0,117.3,0.8095,1000.0,0.0,4.199,76.7,94,0,60.0,2026-05-01T01:18:59.636923,0.0
2026-05-01T01:17:59.928391,94.25,0,99.97,0.0,1000.0,0.0,4.199,76.7,94,0,60.0,2026-05-01T01:18:59.909435,1.374
2026-05-01T01:18:00.281682,94.25,0,116.08,0.7392,1000.0,0.0,4.199,76.7,95,0,60.0,2026-05-01T01:19:00.281574,0.0
2026-05-01T01:18:00.659902,94.24,0,115.4,0.701,1000.0,0.0,4.199,76.7,95,0,60.0,2026-05-01T01:19:00.659796,0.0
2026-05-01T01:18:00.856444,94.24,0,99.97,0.0,1000.0,0.0,4.199,76.7,95,0,60.0,2026-05-01T01:19:00.856340,1.344
2026-05-01T01:18:01.165886,94.24,0,115.01,0.6795,1000.0,0.0,4.199,76.7,95,0,60.0,2026-05-01T01:19:01.165799,0.0
2026-05-01T01:18:01.360876,94.23,0,99.97,0.0,1000.0,0.0,4.199,76.7,95,0,60.0,2026-05-01T01:19:01.360776,1.336
2026-05-01T01:18:01.648322,94.23,0,114.66,0.6599,1000.0,0.0,4.199,76.7,95,0,60.0,2026-05-01T01:19:01.648207,0.0
2026-05-01T01:18:01.858245,94.23,0,99.97,0.0,1000.0,0.0,4.199,76.7,95,0,60.0,2026-05-01T01:19:01.858043,1.303
2026-05-01T01:18:02.190249,94.23,0,115.41,0.7013,1000.0,0.0,4.199,76.7,95,0,60.0,2026-05-01T01:19:02.190139,0.0
2026-05-01T01:18:02.399264,94.23,0,99.97,0.0,1000.0,0.0,4.199,76.7,95,0,60.0,2026-05-01T01:19:02.399187,1.345
2026-05-01T01:18:02.700622,94.23,0,115.05,0.6814,1000.0,0.0,4.199,76.7,95,0,60.0,2026-05-01T01:19:02.700526,0.0
2026-05-01T01:18:02.899149,94.23,0,99.97,0.0,1000.0,0.0,4.199,76.7,95,0,60.0,2026-05-01T01:19:02.899045,1.337
2026-05-01T01:18:03.193319,94.23,0,114.82,0.6687,1000.0,0.0,4.199,76.7,95,0,60.0,2026-05-01T01:19:03.193225,0.0
2026-05-01T01:18:03.388395,94.23,0,99.97,0.0,1000.0,0.0,4.199,76.7,95,0,60.0,2026-05-01T01:19:03.388313,1.332
2026-05-01T01:18:03.696080,94.23,0,114.71,0.6626,1000.0,0.0,4.199,76.7,95,0,60.0,2026-05-01T01:19:03.695962,0.0
2026-05-01T01:18:03.939660,94.23,0,99.97,0.0,1000.0,0.0,4.199,76.7,95,0,60.0,2026-05-01T01:19:03.927590,1.303
2026-05-01T01:18:04.294993,94.22,0,115.45,0.7037,1000.0,0.0,4.199,76.7,93,0,60.0,2026-05-01T01:19:04.294866,0.0
2026-05-01T01:18:04.513789,94.22,0,99.97,0.0,1000.0,0.0,4.199,76.7,93,0,60.0,2026-05-01T01:19:04.513676,1.345
2026-05-01T01:18:04.823899,94.22,0,119.87,0.9654,1000.0,0.0,4.199,76.7,93,0,60.0,2026-05-01T01:19:04.823762,0.0
2026-05-01T01:18:05.036540,94.21,0,101.1,0.0418,1000.0,0.0,4.199,76.8,93,0,60.0,2026-05-01T01:19:05.036443,1.421
2026-05-01T01:18:05.494558,94.21,0,117.84,0.8417,1000.0,0.0,4.199,76.8,93,0,60.0,2026-05-01T01:19:05.494462,0.0
2026-05-01T01:18:05.755432,94.21,0,104.68,0.1829,1000.0,0.0,4.199,76.8,93,0,60.0,2026-05-01T01:19:05.755332,1.496
2026-05-01T01:18:06.259577,94.21,0,120.43,1.0009,1000.0,0.0,4.199,76.8,95,0,60.0,2026-05-01T01:19:06.259452,0.0
2026-05-01T01:18:06.528422,94.21,0,100.18,0.0076,1000.0,0.0,4.199,76.8,95,0,60.0,2026-05-01T01:19:06.528319,1.425
2026-05-01T01:18:06.728103,94.21,0,99.97,0.0,1000.0,0.0,4.199,76.8,95,0,60.0,2026-05-01T01:19:06.728019,1.396
2026-05-01T01:18:06.906618,94.21,0,101.66,0.0628,1000.0,0.0,4.199,76.8,95,0,60.0,2026-05-01T01:19:06.906497,1.194
2026-05-01T01:18:07.360574,94.21,0,117.28,0.8085,1000.0,0.0,4.199,76.8,95,0,60.0,2026-05-01T01:19:07.360486,0.0
2026-05-01T01:18:07.576226,94.21,0,99.97,0.0,1000.0,0.0,4.199,76.8,95,0,60.0,2026-05-01T01:19:07.576140,1.373
2026-05-01T01:18:07.790866,94.21,0,99.97,0.0,1000.0,0.0,4.199,76.8,95,0,60.0,2026-05-01T01:19:07.790743,1.371
2026-05-01T01:18:08.570418,94.21,0,119.84,0.9633,1000.0,0.0,4.199,76.8,95,0,60.0,2026-05-01T01:19:08.523845,0.0
2026-05-01T01:18:09.170721,94.2,0,99.97,0.0,1000.0,0.0,4.199,76.8,96,0,60.0,2026-05-01T01:19:09.170615,1.369
2026-05-01T01:18:09.476085,94.2,0,116.02,0.7361,1000.0,0.0,4.199,76.8,96,0,60.0,2026-05-01T01:19:09.475984,0.0
2026-05-01T01:18:09.739611,94.2,0,115.37,0.6994,1000.0,0.0,4.199,76.8,96,0,60.0,2026-05-01T01:19:09.738864,0.0
2026-05-01T01:18:10.108339,94.2,0,114.95,0.676,1000.0,0.0,4.199,76.8,95,0,60.0,2026-05-01T01:19:10.108212,0.0
2026-05-01T01:18:10.300354,94.2,0,99.97,0.0,1000.0,0.0,4.199,76.8,95,0,60.0,2026-05-01T01:19:10.300238,1.335
2026-05-01T01:18:10.601040,94.2,0,114.78,0.6665,1000.0,0.0,4.199,76.8,95,0,60.0,2026-05-01T01:19:10.600940,0.0
2026-05-01T01:18:10.800219,94.19,0,99.97,0.0,1000.0,0.0,4.199,76.8,95,0,60.0,2026-05-01T01:19:10.800099,1.302
2026-05-01T01:18:11.164055,94.19,0,115.42,0.7019,1000.0,0.0,4.199,76.8,95,0,60.0,2026-05-01T01:19:11.163960,0.0
2026-05-01T01:18:11.353960,94.19,0,99.97,0.0,1000.0,0.0,4.199,76.8,95,0,60.0,2026-05-01T01:19:11.353868,1.344
2026-05-01T01:18:11.652013,94.19,0,115.05,0.6816,1000.0,0.0,4.199,76.8,95,0,60.0,2026-05-01T01:19:11.651906,0.0
2026-05-01T01:18:11.888473,94.19,0,99.97,0.0,1000.0,0.0,4.199,76.8,95,0,60.0,2026-05-01T01:19:11.869328,1.301
2026-05-01T01:18:12.228167,94.18,0,115.38,0.6997,1000.0,0.0,4.199,76.8,95,0,60.0,2026-05-01T01:19:12.228074,0.0
2026-05-01T01:18:12.429377,94.18,0,99.97,0.0,1000.0,0.0,4.199,76.8,95,0,60.0,2026-05-01T01:19:12.429235,1.344
2026-05-01T01:18:12.777457,94.18,0,115.0,0.679,1000.0,0.0,4.199,76.8,95,0,60.0,2026-05-01T01:19:12.777321,0.0
2026-05-01T01:18:12.972868,94.16,0,99.97,0.0,1000.0,0.0,4.199,76.8,95,0,60.0,2026-05-01T01:19:12.972771,1.302
2026-05-01T01:18:13.167646,94.16,0,99.97,0.0,1000.0,0.0,4.199,76.8,95,0,60.0,2026-05-01T01:19:13.167553,1.358
2026-05-01T01:18:13.438004,94.16,0,115.51,0.7072,1000.0,0.0,4.199,76.8,95,0,60.0,2026-05-01T01:19:13.437928,0.0
2026-05-01T01:18:13.631613,94.15,0,99.97,0.0,1000.0,0.0,4.199,76.8,95,0,60.0,2026-05-01T01:19:13.631523,1.347
2026-05-01T01:18:13.859206,94.15,0,99.97,0.0,1000.0,0.0,4.199,76.8,95,0,60.0,2026-05-01T01:19:13.836168,1.351
2026-05-01T01:18:14.098947,94.15,0,99.97,0.0,1000.0,0.0,4.199,76.8,95,0,60.0,2026-05-01T01:19:14.098819,1.339
2026-05-01T01:18:14.414381,94.14,0,102.79,0.1064,1000.0,0.0,4.199,76.8,95,0,60.0,2026-05-01T01:19:14.414283,1.367
2026-05-01T01:18:14.844536,94.14,0,118.96,0.9091,1000.0,0.0,4.199,76.8,95,0,60.0,2026-05-01T01:19:14.844419,0.0
2026-05-01T01:18:16.361144,94.14,0,117.38,0.8143,1000.0,0.0,4.199,76.8,95,0,60.0,2026-05-01T01:19:16.278206,0.0
2026-05-01T01:18:16.993631,94.13,0,115.07,0.6826,1000.0,0.0,4.199,76.8,96,0,60.0,2026-05-01T01:19:16.993493,0.0
2026-05-01T01:18:17.213723,94.13,0,102.7,0.1029,1000.0,0.0,4.199,76.8,96,0,60.0,2026-05-01T01:19:17.213612,1.374
2026-05-01T01:18:18.182709,94.13,0,118.71,0.8941,1000.0,0.0,4.199,76.8,95,0,60.0,2026-05-01T01:19:18.182537,0.0
2026-05-01T01:18:18.726213,94.13,0,115.86,0.7266,1000.0,0.0,4.199,76.8,95,0,60.0,2026-05-01T01:19:18.726057,0.0
2026-05-01T01:18:18.958340,94.13,0,99.97,0.0,1000.0,0.0,4.199,76.8,95,0,60.0,2026-05-01T01:19:18.958207,1.346
2026-05-01T01:18:19.301767,94.11,0,115.0,0.679,1000.0,0.0,4.199,76.8,95,0,60.0,2026-05-01T01:19:19.301485,0.0
2026-05-01T01:18:20.299645,94.11,0,115.04,0.6811,1000.0,0.0,4.199,76.8,95,0,60.0,2026-05-01T01:19:20.299515,0.0
2026-05-01T01:18:20.539184,94.11,0,99.97,0.0,1000.0,0.0,4.199,76.8,95,0,60.0,2026-05-01T01:19:20.539034,1.334
2026-05-01T01:18:20.910096,94.1,0,114.66,0.66,1000.0,0.0,4.199,76.8,95,0,60.0,2026-05-01T01:19:20.909975,0.0
2026-05-01T01:18:21.123249,94.1,0,99.97,0.0,1000.0,0.0,4.199,76.8,95,0,60.0,2026-05-01T01:19:21.123062,1.329
2026-05-01T01:18:21.781384,94.1,0,114.57,0.6551,1000.0,0.0,4.199,76.8,95,0,60.0,2026-05-01T01:19:21.745359,0.0
2026-05-01T01:18:22.449709,94.09,0,103.0,0.1145,1000.0,0.0,4.199,76.8,94,0,60.0,2026-05-01T01:19:22.449563,0.666
2026-05-01T01:18:22.643910,94.09,0,99.97,0.0,1000.0,0.0,4.199,76.8,94,0,60.0,2026-05-01T01:19:22.643778,1.365
2026-05-01T01:18:23.211188,94.09,0,119.83,0.9633,1000.0,0.0,4.199,76.8,94,0,60.0,2026-05-01T01:19:23.211037,0.0
2026-05-01T01:18:24.620961,94.09,0,116.53,0.7649,1000.0,0.0,4.199,76.8,94,0,60.0,2026-05-01T01:19:24.620405,0.0
2026-05-01T01:18:24.868695,94.09,0,99.97,0.0,1000.0,0.0,4.199,76.8,94,0,60.0,2026-05-01T01:19:24.868616,1.349
2026-05-01T01:18:25.287598,94.07,0,115.18,0.6888,1000.0,0.0,4.199,76.8,94,0,60.0,2026-05-01T01:19:25.287513,0.0
2026-05-01T01:18:25.474135,94.07,0,99.97,0.0,1000.0,0.0,4.199,76.8,94,0,60.0,2026-05-01T01:19:25.474026,1.357
2026-05-01T01:18:25.761072,94.07,0,115.3,0.6952,1000.0,0.0,4.199,76.8,94,0,60.0,2026-05-01T01:19:25.760974,0.0
2026-05-01T01:18:26.647120,94.07,0,114.8,0.668,1000.0,0.0,4.199,76.8,95,0,60.0,2026-05-01T01:19:26.646998,0.0
2026-05-01T01:18:26.848955,94.07,0,99.97,0.0,1000.0,0.0,4.199,76.8,95,0,60.0,2026-05-01T01:19:26.848841,1.331
2026-05-01T01:18:27.062658,94.07,0,103.73,0.1439,1000.0,0.0,4.199,76.8,95,0,60.0,2026-05-01T01:19:27.062545,1.381
2026-05-01T01:18:27.405915,94.07,0,115.54,0.709,1000.0,0.0,4.199,76.8,95,0,60.0,2026-05-01T01:19:27.405831,0.0
2026-05-01T01:18:27.683047,94.07,0,114.89,0.6726,1000.0,0.0,4.199,76.8,95,0,60.0,2026-05-01T01:19:27.682964,0.0
2026-05-01T01:18:27.945952,94.07,0,99.97,0.0,1000.0,0.0,4.199,76.8,95,0,60.0,2026-05-01T01:19:27.938598,1.299
2026-05-01T01:18:28.328375,94.06,0,115.32,0.6966,1000.0,0.0,4.199,76.8,95,0,60.0,2026-05-01T01:19:28.328270,0.0
2026-05-01T01:18:28.519422,94.06,0,99.97,0.0,1000.0,0.0,4.199,76.8,95,0,60.0,2026-05-01T01:19:28.519340,1.357
2026-05-01T01:18:28.727943,94.06,0,99.97,0.0,1000.0,0.0,4.199,76.8,95,0,60.0,2026-05-01T01:19:28.727833,1.352
2026-05-01T01:18:29.051986,94.06,0,115.45,0.7036,1000.0,0.0,4.199,76.8,95,0,60.0,2026-05-01T01:19:29.051875,0.0
2026-05-01T01:18:29.360365,94.06,0,115.3,0.6953,1000.0,0.0,4.199,76.8,95,0,60.0,2026-05-01T01:19:29.360280,0.0
2026-05-01T01:18:29.555214,94.05,0,99.97,0.0,1000.0,0.0,4.199,76.8,95,0,60.0,2026-05-01T01:19:29.555116,1.351
2026-05-01T01:18:29.754141,94.05,0,99.97,0.0,1000.0,0.0,4.199,76.8,95,0,60.0,2026-05-01T01:19:29.754045,1.34
2026-05-01T01:18:30.232781,94.05,0,115.21,0.6904,1000.0,0.0,4.199,76.8,95,0,60.0,2026-05-01T01:19:30.209484,0.0
2026-05-01T01:18:30.656304,94.05,0,99.97,0.0,1000.0,0.0,4.199,76.8,95,0,60.0,2026-05-01T01:19:30.656198,1.32
2026-05-01T01:18:30.935592,94.05,0,114.89,0.6726,1000.0,0.0,4.199,76.8,95,0,60.0,2026-05-01T01:19:30.935471,0.0
2026-05-01T01:18:31.143129,94.05,0,99.97,0.0,1000.0,0.0,4.199,76.8,95,0,60.0,2026-05-01T01:19:31.143042,1.3
2026-05-01T01:18:31.428283,94.05,0,115.35,0.6979,1000.0,0.0,4.199,76.8,95,0,60.0,2026-05-01T01:19:31.428176,0.0
2026-05-01T01:18:31.624119,94.05,0,99.97,0.0,1000.0,0.0,4.199,76.8,95,0,60.0,2026-05-01T01:19:31.624042,1.343
2026-05-01T01:18:32.016383,94.05,0,115.02,0.68,1000.0,0.0,4.199,76.8,95,0,60.0,2026-05-01T01:19:31.964457,0.0
2026-05-01T01:18:32.694103,94.05,0,116.02,0.7359,1000.0,0.0,4.199,76.8,95,0,60.0,2026-05-01T01:19:32.693983,0.0
2026-05-01T01:18:32.985413,94.05,0,115.0,0.6788,1000.0,0.0,4.199,76.8,95,0,60.0,2026-05-01T01:19:32.985299,0.0
2026-05-01T01:18:33.183720,94.05,0,99.97,0.0,1000.0,0.0,4.199,76.8,95,0,60.0,2026-05-01T01:19:33.183609,1.336
2026-05-01T01:18:33.571971,94.03,0,114.79,0.6674,1000.0,0.0,4.199,76.8,95,0,60.0,2026-05-01T01:19:33.571861,0.0
2026-05-01T01:18:33.781797,94.03,0,99.97,0.0,1000.0,0.0,4.199,76.8,95,0,60.0,2026-05-01T01:19:33.781690,1.302
2026-05-01T01:18:34.401506,94.03,0,115.34,0.6975,1000.0,0.0,4.199,76.8,95,0,60.0,2026-05-01T01:19:34.349289,0.0
2026-05-01T01:18:34.871015,94.03,0,114.7,0.6622,1000.0,0.0,4.199,76.8,95,0,60.0,2026-05-01T01:19:34.870870,0.0
2026-05-01T01:18:35.061422,94.03,0,99.97,0.0,1000.0,0.0,4.199,76.8,95,0,60.0,2026-05-01T01:19:35.061332,1.302
2026-05-01T01:18:35.329289,94.01,0,115.25,0.6928,1000.0,0.0,4.199,76.8,95,0,60.0,2026-05-01T01:19:35.329193,0.0
2026-05-01T01:18:35.524632,94.01,0,99.97,0.0,1000.0,0.0,4.199,76.8,95,0,60.0,2026-05-01T01:19:35.524540,1.357
2026-05-01T01:18:36.040163,94.01,0,115.38,0.6997,1000.0,0.0,4.199,76.8,95,0,60.0,2026-05-01T01:19:36.017150,0.0
2026-05-01T01:18:36.838798,94.0,0,114.83,0.6692,1000.0,0.0,4.199,76.8,94,0,60.0,2026-05-01T01:19:36.838671,0.0
2026-05-01T01:18:37.047303,94.0,0,99.97,0.0,1000.0,0.0,4.199,76.8,94,0,60.0,2026-05-01T01:19:37.047208,1.331
2026-05-01T01:18:37.246721,94.0,0,99.97,0.0,1000.0,0.0,4.199,76.8,94,0,60.0,2026-05-01T01:19:37.246632,1.339
2026-05-01T01:18:37.561591,94.0,0,114.82,0.6686,1000.0,0.0,4.199,76.8,94,0,60.0,2026-05-01T01:19:37.561463,0.0
2026-05-01T01:18:37.755704,94.0,0,99.97,0.0,1000.0,0.0,4.199,76.8,94,0,60.0,2026-05-01T01:19:37.755608,1.301
2026-05-01T01:18:38.578838,94.0,0,115.16,0.6878,1000.0,0.0,4.199,76.8,94,0,60.0,2026-05-01T01:19:38.578698,0.0
2026-05-01T01:18:38.798525,94.0,0,99.97,0.0,1000.0,0.0,4.199,76.8,94,0,60.0,2026-05-01T01:19:38.798393,1.339
2026-05-01T01:18:38.991856,94.0,0,99.97,0.0,1000.0,0.0,4.199,76.8,94,0,60.0,2026-05-01T01:19:38.991759,1.33
2026-05-01T01:18:39.198165,93.99,0,99.97,0.0,1000.0,0.0,4.199,76.8,94,0,60.0,2026-05-01T01:19:39.198059,1.343
2026-05-01T01:18:39.660180,93.99,0,121.14,1.0467,1000.0,0.0,4.199,76.8,94,0,60.0,2026-05-01T01:19:39.660091,0.0
2026-05-01T01:18:39.895481,93.99,0,102.23,0.0848,1000.0,0.0,4.199,76.8,94,0,60.0,2026-05-01T01:19:39.883191,1.355
2026-05-01T01:18:40.344979,93.98,0,117.65,0.8303,1000.0,0.0,4.199,76.8,93,0,60.0,2026-05-01T01:19:40.344876,0.0
2026-05-01T01:18:40.745307,93.98,0,116.05,0.7374,1000.0,0.0,4.199,76.8,93,0,60.0,2026-05-01T01:19:40.745209,0.0
2026-05-01T01:18:41.034754,93.98,0,115.37,0.6993,1000.0,0.0,4.199,76.8,93,0,60.0,2026-05-01T01:19:41.034636,0.0
2026-05-01T01:18:41.331228,93.98,0,119.53,0.944,1000.0,0.0,4.199,76.8,93,0,60.0,2026-05-01T01:19:41.331110,0.0
2026-05-01T01:18:41.577482,93.98,0,100.81,0.0307,1000.0,0.0,4.199,76.8,93,0,60.0,2026-05-01T01:19:41.577394,1.415
2026-05-01T01:18:42.047091,93.98,0,117.44,0.8176,1000.0,0.0,4.199,76.8,93,0,60.0,2026-05-01T01:19:41.999968,0.0
2026-05-01T01:18:42.919904,93.98,0,115.69,0.7172,1000.0,0.0,4.199,76.8,94,0,60.0,2026-05-01T01:19:42.919772,0.0
2026-05-01T01:18:43.240001,93.98,0,114.75,0.6648,1000.0,0.0,4.199,76.8,94,0,60.0,2026-05-01T01:19:43.239878,0.0
2026-05-01T01:18:43.434626,93.98,0,99.97,0.0,1000.0,0.0,4.199,76.8,94,0,60.0,2026-05-01T01:19:43.434516,1.301
2026-05-01T01:18:43.617996,93.97,0,99.97,0.0,1000.0,0.0,4.199,76.8,94,0,60.0,2026-05-01T01:19:43.617892,1.343
2026-05-01T01:18:43.949169,93.97,0,115.31,0.6962,1000.0,0.0,4.199,76.8,94,0,60.0,2026-05-01T01:19:43.900298,0.0
2026-05-01T01:18:44.583556,93.96,0,99.97,0.0,1000.0,0.0,4.199,76.8,94,0,60.0,2026-05-01T01:19:44.583436,1.328
2026-05-01T01:18:44.889129,93.96,0,114.78,0.6665,1000.0,0.0,4.199,76.8,94,0,60.0,2026-05-01T01:19:44.888999,0.0
2026-05-01T01:18:45.089022,93.96,0,99.97,0.0,1000.0,0.0,4.199,76.8,94,0,60.0,2026-05-01T01:19:45.088913,1.3
2026-05-01T01:18:45.397414,93.95,0,115.32,0.6963,1000.0,0.0,4.199,76.8,94,0,60.0,2026-05-01T01:19:45.397315,0.0
2026-05-01T01:18:45.821416,93.95,0,119.42,0.9372,1000.0,0.0,4.199,76.8,94,0,60.0,2026-05-01T01:19:45.821285,0.0
2026-05-01T01:18:46.853427,93.95,0,116.21,0.7466,1000.0,0.0,4.199,76.8,96,0,60.0,2026-05-01T01:19:46.853300,0.0
2026-05-01T01:18:47.075530,93.95,0,99.97,0.0,1000.0,0.0,4.199,76.8,96,0,60.0,2026-05-01T01:19:47.075426,1.351
2026-05-01T01:18:47.379583,93.95,0,115.24,0.6918,1000.0,0.0,4.199,76.8,96,0,60.0,2026-05-01T01:19:47.379445,0.0
2026-05-01T01:18:47.583606,93.95,0,99.97,0.0,1000.0,0.0,4.199,76.8,96,0,60.0,2026-05-01T01:19:47.583500,1.356
2026-05-01T01:18:47.926913,93.95,0,115.29,0.6949,1000.0,0.0,4.199,76.8,96,0,60.0,2026-05-01T01:19:47.904143,0.0
2026-05-01T01:18:48.827908,93.95,0,117.1,0.798,1000.0,0.0,4.199,76.8,96,0,60.0,2026-05-01T01:19:48.827760,0.0
2026-05-01T01:18:49.083772,93.95,0,99.97,0.0,1000.0,0.0,4.199,76.8,96,0,60.0,2026-05-01T01:19:49.083651,1.356
2026-05-01T01:18:49.486068,93.95,0,115.39,0.7006,1000.0,0.0,4.199,76.8,96,0,60.0,2026-05-01T01:19:49.485972,0.0
2026-05-01T01:18:49.667149,93.95,0,99.97,0.0,1000.0,0.0,4.199,76.8,96,0,60.0,2026-05-01T01:19:49.667062,1.356
2026-05-01T01:18:50.207785,93.93,0,115.28,0.6941,1000.0,0.0,4.199,76.8,96,0,60.0,2026-05-01T01:19:50.127692,0.0
2026-05-01T01:18:50.958836,93.93,0,116.79,0.7798,1000.0,0.0,4.199,76.8,96,0,60.0,2026-05-01T01:19:50.958688,0.0
2026-05-01T01:18:51.287607,93.93,0,115.5,0.7067,1000.0,0.0,4.199,76.8,96,0,60.0,2026-05-01T01:19:51.287513,0.0
2026-05-01T01:18:51.583375,93.92,0,115.23,0.6918,1000.0,0.0,4.199,76.8,96,0,60.0,2026-05-01T01:19:51.583265,0.0
2026-05-01T01:18:51.791753,93.92,0,99.97,0.0,1000.0,0.0,4.199,76.8,96,0,60.0,2026-05-01T01:19:51.791637,1.356
2026-05-01T01:18:52.526427,93.92,0,115.24,0.6918,1000.0,0.0,4.199,76.8,96,0,60.0,2026-05-01T01:19:52.526308,0.0
2026-05-01T01:18:52.743883,93.91,0,99.97,0.0,1000.0,0.0,4.199,76.9,96,0,60.0,2026-05-01T01:19:52.743755,1.337
2026-05-01T01:18:53.031813,93.91,0,114.84,0.6699,1000.0,0.0,4.199,76.9,96,0,60.0,2026-05-01T01:19:53.031713,0.0
2026-05-01T01:18:53.235697,93.91,0,99.97,0.0,1000.0,0.0,4.199,76.9,96,0,60.0,2026-05-01T01:19:53.235620,1.299
2026-05-01T01:18:53.446976,93.9,0,99.97,0.0,1000.0,0.0,4.199,76.9,96,0,60.0,2026-05-01T01:19:53.446871,1.355
2026-05-01T01:18:53.782923,93.9,0,119.82,0.9625,1000.0,0.0,4.199,76.9,96,0,60.0,2026-05-01T01:19:53.782809,0.0
2026-05-01T01:18:54.825446,93.9,0,116.89,0.7858,1000.0,0.0,4.199,76.9,98,0,60.0,2026-05-01T01:19:54.825319,0.0
2026-05-01T01:18:55.067552,93.89,0,99.97,0.0,1000.0,0.0,4.199,76.9,98,0,60.0,2026-05-01T01:19:55.067468,1.356
2026-05-01T01:18:55.272715,93.89,0,99.97,0.0,1000.0,0.0,4.199,76.9,98,0,60.0,2026-05-01T01:19:55.272613,1.356
2026-05-01T01:18:55.481718,93.89,0,103.95,0.1529,1000.0,0.0,4.199,76.9,98,0,60.0,2026-05-01T01:19:55.481597,1.483
2026-05-01T01:18:55.673031,93.89,0,103.35,0.1284,1000.0,0.0,4.199,76.9,98,0,60.0,2026-05-01T01:19:55.672905,1.469
2026-05-01T01:18:56.235351,93.89,0,119.51,0.9427,1000.0,0.0,4.199,76.9,98,0,60.0,2026-05-01T01:19:56.171628,0.0
2026-05-01T01:18:57.193286,93.89,0,115.06,0.6821,1000.0,0.0,4.199,76.9,98,0,60.0,2026-05-01T01:19:57.193174,0.0
2026-05-01T01:18:57.450750,93.89,0,99.97,0.0,1000.0,0.0,4.199,76.9,98,0,60.0,2026-05-01T01:19:57.450644,1.384
2026-05-01T01:18:57.668076,93.89,0,99.97,0.0,1000.0,0.0,4.199,76.9,98,0,60.0,2026-05-01T01:19:57.667999,1.381
2026-05-01T01:18:57.922785,93.87,0,104.21,0.1634,1000.0,0.0,4.199,76.9,98,0,60.0,2026-05-01T01:19:57.897990,1.487
2026-05-01T01:18:58.258221,93.87,0,116.84,0.7827,1000.0,0.0,4.199,76.9,99,0,60.0,2026-05-01T01:19:58.258104,0.0
2026-05-01T01:18:58.574433,93.87,0,115.97,0.733,1000.0,0.0,4.199,76.9,99,0,60.0,2026-05-01T01:19:58.574335,0.0
2026-05-01T01:18:58.796242,93.87,0,99.97,0.0,1000.0,0.0,4.199,76.9,99,0,60.0,2026-05-01T01:19:58.796125,1.355
2026-05-01T01:18:59.004818,93.87,0,99.97,0.0,1000.0,0.0,4.199,76.9,99,0,60.0,2026-05-01T01:19:59.004709,1.357
2026-05-01T01:18:59.212287,93.87,0,103.96,0.153,1000.0,0.0,4.199,76.9,99,0,60.0,2026-05-01T01:19:59.212183,1.484
2026-05-01T01:18:59.402377,93.85,0,103.34,0.1282,1000.0,0.0,4.199,76.9,99,0,60.0,2026-05-01T01:19:59.402274,1.469
2026-05-01T01:18:59.581705,93.85,0,102.78,0.1062,1000.0,0.0,4.199,76.9,99,0,60.0,2026-05-01T01:19:59.581606,1.456
2026-05-01T01:18:59.762458,93.85,0,102.24,0.0849,1000.0,0.0,4.199,76.9,99,0,60.0,2026-05-01T01:19:59.762353,1.444
2026-05-01T01:19:00.726753,93.85,0,118.08,0.8559,1000.0,0.0,4.199,76.9,98,0,60.0,2026-05-01T01:20:00.726582,0.0
2026-05-01T01:19:01.251732,93.85,0,115.53,0.708,1000.0,0.0,4.199,76.9,98,0,60.0,2026-05-01T01:20:01.251635,0.0
2026-05-01T01:19:01.615970,93.85,0,115.2,0.69,1000.0,0.0,4.199,76.9,98,0,60.0,2026-05-01T01:20:01.615877,0.0
2026-05-01T01:19:01.830454,93.85,0,99.97,0.0,1000.0,0.0,4.199,76.9,98,0,60.0,2026-05-01T01:20:01.830306,1.355
2026-05-01T01:19:02.620421,93.85,0,115.25,0.6926,1000.0,0.0,4.199,76.9,98,0,60.0,2026-05-01T01:20:02.620303,0.0
2026-05-01T01:19:03.046452,93.85,0,114.63,0.6583,1000.0,0.0,4.199,76.9,98,0,60.0,2026-05-01T01:20:03.046348,0.0
2026-05-01T01:19:03.471927,93.85,0,115.04,0.6807,1000.0,0.0,4.199,76.9,98,0,60.0,2026-05-01T01:20:03.471847,0.0
2026-05-01T01:19:03.688583,93.85,0,99.97,0.0,1000.0,0.0,4.199,76.9,98,0,60.0,2026-05-01T01:20:03.688441,1.334
2026-05-01T01:19:04.097382,93.83,0,114.67,0.6609,1000.0,0.0,4.199,76.9,98,0,60.0,2026-05-01T01:20:04.052561,0.0
2026-05-01T01:19:04.870404,93.83,0,114.42,0.6469,1000.0,0.0,4.199,76.9,98,0,60.0,2026-05-01T01:20:04.870291,0.0
2026-05-01T01:19:05.074194,93.83,0,99.97,0.0,1000.0,0.0,4.199,76.9,98,0,60.0,2026-05-01T01:20:05.074088,1.344
2026-05-01T01:19:05.273502,93.82,0,99.97,0.0,1000.0,0.0,4.199,76.9,98,0,60.0,2026-05-01T01:20:05.273407,1.353
2026-05-01T01:19:05.461539,93.82,0,104.0,0.1548,1000.0,0.0,4.199,76.9,98,0,60.0,2026-05-01T01:20:05.461419,1.482
2026-05-01T01:19:05.800575,93.81,0,119.91,0.9682,1000.0,0.0,4.199,76.9,98,0,60.0,2026-05-01T01:20:05.800463,0.0
2026-05-01T01:19:06.939163,93.81,0,116.43,0.7595,1000.0,0.0,4.199,76.9,98,0,60.0,2026-05-01T01:20:06.939029,0.0
2026-05-01T01:19:07.149743,93.81,0,99.97,0.0,1000.0,0.0,4.199,76.9,98,0,60.0,2026-05-01T01:20:07.149640,1.351
2026-05-01T01:19:07.347319,93.81,0,99.97,0.0,1000.0,0.0,4.199,76.9,98,0,60.0,2026-05-01T01:20:07.347221,1.339
2026-05-01T01:19:07.646520,93.81,0,115.2,0.6901,1000.0,0.0,4.199,76.9,98,0,60.0,2026-05-01T01:20:07.646400,0.0
2026-05-01T01:19:08.193978,93.81,0,119.46,0.9397,1000.0,0.0,4.199,76.9,98,0,60.0,2026-05-01T01:20:08.175736,0.0
2026-05-01T01:19:08.658954,93.81,0,99.97,0.0,1000.0,0.0,4.199,76.9,98,0,60.0,2026-05-01T01:20:08.658829,1.396
2026-05-01T01:19:08.860352,93.81,0,99.97,0.0,1000.0,0.0,4.199,76.9,98,0,60.0,2026-05-01T01:20:08.860242,1.379
2026-05-01T01:19:09.065590,93.81,0,99.97,0.0,1000.0,0.0,4.199,76.9,98,0,60.0,2026-05-01T01:20:09.065458,1.376
2026-05-01T01:19:09.440021,93.8,0,115.12,0.6855,1000.0,0.0,4.199,76.9,98,0,60.0,2026-05-01T01:20:09.439916,0.0
2026-05-01T01:19:09.649398,93.8,0,99.97,0.0,1000.0,0.0,4.199,76.9,98,0,60.0,2026-05-01T01:20:09.649301,1.337
2026-05-01T01:19:10.045628,93.8,0,114.8,0.6675,1000.0,0.0,4.199,76.9,98,0,60.0,2026-05-01T01:20:09.953073,0.0
2026-05-01T01:19:10.734817,93.78,0,114.9,0.6733,1000.0,0.0,4.199,76.9,98,0,60.0,2026-05-01T01:20:10.734690,0.0
2026-05-01T01:19:11.158059,93.78,0,114.54,0.6536,1000.0,0.0,4.199,76.9,98,0,60.0,2026-05-01T01:20:11.157959,0.0
2026-05-01T01:19:11.357561,93.77,0,99.97,0.0,1000.0,0.0,4.199,76.9,98,0,60.0,2026-05-01T01:20:11.357455,1.326
2026-05-01T01:19:11.744875,93.77,0,114.32,0.6418,1000.0,0.0,4.199,76.9,98,0,60.0,2026-05-01T01:20:11.744057,0.0
2026-05-01T01:19:12.022535,93.77,0,99.97,0.0,1000.0,0.0,4.199,76.9,98,0,60.0,2026-05-01T01:20:12.022341,1.303
2026-05-01T01:19:12.438422,93.77,0,115.19,0.6892,1000.0,0.0,4.199,76.9,98,0,60.0,2026-05-01T01:20:12.438335,0.0
2026-05-01T01:19:12.759165,93.77,0,115.25,0.6925,1000.0,0.0,4.199,76.9,98,0,60.0,2026-05-01T01:20:12.759040,0.0
2026-05-01T01:19:12.967244,93.77,0,99.97,0.0,1000.0,0.0,4.199,76.9,98,0,60.0,2026-05-01T01:20:12.967113,1.34
2026-05-01T01:19:13.263293,93.77,0,114.91,0.6736,1000.0,0.0,4.199,76.9,98,0,60.0,2026-05-01T01:20:13.263190,0.0
2026-05-01T01:19:13.683592,93.77,0,115.06,0.6821,1000.0,0.0,4.199,76.9,98,0,60.0,2026-05-01T01:20:13.683505,0.0
2026-05-01T01:19:13.927458,93.77,0,99.97,0.0,1000.0,0.0,4.199,76.9,98,0,60.0,2026-05-01T01:20:13.915297,1.354
2026-05-01T01:19:14.355957,93.77,0,115.2,0.6896,1000.0,0.0,4.199,76.9,98,0,60.0,2026-05-01T01:20:14.355865,0.0
2026-05-01T01:19:14.562490,93.77,0,99.97,0.0,1000.0,0.0,4.199,76.9,98,0,60.0,2026-05-01T01:20:14.562384,1.354
2026-05-01T01:19:14.863768,93.77,0,115.27,0.6936,1000.0,0.0,4.199,76.9,98,0,60.0,2026-05-01T01:20:14.863649,0.0
2026-05-01T01:19:15.048767,93.75,0,99.97,0.0,1000.0,0.0,4.199,76.9,98,0,60.0,2026-05-01T01:20:15.048670,1.354
2026-05-01T01:19:15.353064,93.75,0,121.2,1.0504,1000.0,0.0,4.199,76.9,98,0,60.0,2026-05-01T01:20:15.352973,0.0
2026-05-01T01:19:15.593602,93.74,0,102.66,0.1012,1000.0,0.0,4.199,76.9,98,0,60.0,2026-05-01T01:20:15.593515,1.359
2026-05-01T01:19:16.120969,93.74,0,118.75,0.8961,1000.0,0.0,4.199,76.9,98,0,60.0,2026-05-01T01:20:16.057417,0.0
2026-05-01T01:19:16.938379,93.74,0,103.81,0.147,1000.0,0.0,4.199,76.9,98,0,60.0,2026-05-01T01:20:16.938241,0.672
2026-05-01T01:19:17.100353,93.74,0,102.53,0.0962,1000.0,0.0,4.199,76.9,98,0,60.0,2026-05-01T01:20:17.100220,1.471
2026-05-01T01:19:17.446969,93.74,0,118.95,0.9087,1000.0,0.0,4.199,76.9,98,0,60.0,2026-05-01T01:20:17.446839,0.0
2026-05-01T01:19:18.381978,93.74,0,116.34,0.7539,1000.0,0.0,4.199,76.9,98,0,60.0,2026-05-01T01:20:18.235958,0.0
2026-05-01T01:19:18.920449,93.74,0,115.45,0.7036,1000.0,0.0,4.199,76.9,98,0,60.0,2026-05-01T01:20:18.920325,0.0
2026-05-01T01:19:19.206974,93.74,0,115.16,0.6874,1000.0,0.0,4.199,76.9,98,0,60.0,2026-05-01T01:20:19.206872,0.0
2026-05-01T01:19:19.409786,93.74,0,99.97,0.0,1000.0,0.0,4.199,76.9,98,0,60.0,2026-05-01T01:20:19.409675,1.354
2026-05-01T01:19:19.819239,93.73,0,115.25,0.6927,1000.0,0.0,4.199,76.9,98,0,60.0,2026-05-01T01:20:19.818418,0.0
2026-05-01T01:19:20.704209,93.73,0,114.84,0.6698,1000.0,0.0,4.199,76.9,98,0,60.0,2026-05-01T01:20:20.704087,0.0
2026-05-01T01:19:20.911263,93.73,0,99.97,0.0,1000.0,0.0,4.199,76.9,98,0,60.0,2026-05-01T01:20:20.911140,1.331
2026-05-01T01:19:21.101731,93.73,0,99.97,0.0,1000.0,0.0,4.199,76.9,98,0,60.0,2026-05-01T01:20:21.101635,1.326
2026-05-01T01:19:21.517544,93.73,0,120.45,1.0021,1000.0,0.0,4.199,76.9,98,0,60.0,2026-05-01T01:20:21.517451,0.0
2026-05-01T01:19:21.790869,93.73,0,101.39,0.0525,1000.0,0.0,4.199,76.9,98,0,60.0,2026-05-01T01:20:21.790749,1.421
2026-05-01T01:19:22.235847,93.73,0,117.84,0.8412,1000.0,0.0,4.199,76.9,97,0,60.0,2026-05-01T01:20:22.235709,0.0
2026-05-01T01:19:22.652050,93.73,0,116.3,0.7518,1000.0,0.0,4.199,76.9,97,0,60.0,2026-05-01T01:20:22.651960,0.0
2026-05-01T01:19:22.851036,93.71,0,99.97,0.0,1000.0,0.0,4.199,76.9,97,0,60.0,2026-05-01T01:20:22.850916,1.363
2026-05-01T01:19:23.228733,93.71,0,115.52,0.7076,1000.0,0.0,4.199,76.9,97,0,60.0,2026-05-01T01:20:23.228620,0.0
2026-05-01T01:19:23.533921,93.71,0,115.13,0.6861,1000.0,0.0,4.199,76.9,97,0,60.0,2026-05-01T01:20:23.533829,0.0
2026-05-01T01:19:23.886466,93.71,0,115.22,0.6909,1000.0,0.0,4.199,76.9,97,0,60.0,2026-05-01T01:20:23.853813,0.0
2026-05-01T01:19:24.662351,93.71,0,114.68,0.661,1000.0,0.0,4.199,76.9,98,0,60.0,2026-05-01T01:20:24.662225,0.0
2026-05-01T01:19:24.869666,93.71,0,99.97,0.0,1000.0,0.0,4.199,76.9,98,0,60.0,2026-05-01T01:20:24.869550,1.327
2026-05-01T01:19:25.154886,93.71,0,114.35,0.6433,1000.0,0.0,4.199,76.9,98,0,60.0,2026-05-01T01:20:25.154794,0.0
2026-05-01T01:19:25.492681,93.71,0,114.63,0.6586,1000.0,0.0,4.199,76.9,98,0,60.0,2026-05-01T01:20:25.492603,0.0
2026-05-01T01:19:25.810833,93.71,0,114.84,0.6699,1000.0,0.0,4.199,76.9,98,0,60.0,2026-05-01T01:20:25.810734,0.0
2026-05-01T01:19:26.148796,93.7,0,115.0,0.6787,1000.0,0.0,4.199,76.9,98,0,60.0,2026-05-01T01:20:26.148703,0.0
2026-05-01T01:19:26.465743,93.7,0,115.12,0.6852,1000.0,0.0,4.199,76.9,98,0,60.0,2026-05-01T01:20:26.465640,0.0
2026-05-01T01:19:26.801246,93.7,0,115.21,0.6905,1000.0,0.0,4.199,76.9,98,0,60.0,2026-05-01T01:20:26.801152,0.0
2026-05-01T01:19:27.205123,93.7,0,115.27,0.694,1000.0,0.0,4.199,76.9,98,0,60.0,2026-05-01T01:20:27.205033,0.0
2026-05-01T01:19:27.518002,93.7,0,115.3,0.6957,1000.0,0.0,4.199,76.9,98,0,60.0,2026-05-01T01:20:27.517913,0.0
2026-05-01T01:19:27.839428,93.7,0,115.35,0.6983,1000.0,0.0,4.199,76.9,98,0,60.0,2026-05-01T01:20:27.839292,0.0
2026-05-01T01:19:28.201737,93.7,0,115.13,0.6861,1000.0,0.0,4.199,76.9,98,0,60.0,2026-05-01T01:20:28.201651,0.0
2026-05-01T01:19:28.484866,93.7,0,115.32,0.6967,1000.0,0.0,4.199,76.9,98,0,60.0,2026-05-01T01:20:28.484783,0.0
2026-05-01T01:19:28.764967,93.69,0,115.13,0.6861,1000.0,0.0,4.199,76.9,98,0,60.0,2026-05-01T01:20:28.764869,0.0
2026-05-01T01:19:28.965700,93.69,0,99.97,0.0,1000.0,0.0,4.199,76.9,98,0,60.0,2026-05-01T01:20:28.965614,1.353
2026-05-01T01:19:29.225411,93.69,0,115.12,0.6856,1000.0,0.0,4.199,76.9,98,0,60.0,2026-05-01T01:20:29.225321,0.0
2026-05-01T01:19:29.553570,93.69,0,115.21,0.6904,1000.0,0.0,4.199,76.9,98,0,60.0,2026-05-01T01:20:29.553468,0.0
2026-05-01T01:19:29.866184,93.69,0,115.28,0.6944,1000.0,0.0,4.199,76.9,98,0,60.0,2026-05-01T01:20:29.866105,0.0
2026-05-01T01:19:30.289880,93.69,0,115.34,0.6975,1000.0,0.0,4.199,76.9,98,0,60.0,2026-05-01T01:20:30.289766,0.0
2026-05-01T01:19:30.665881,93.69,0,115.12,0.6854,1000.0,0.0,4.199,76.9,98,0,60.0,2026-05-01T01:20:30.665766,0.0
2026-05-01T01:19:30.855398,93.69,0,102.59,0.0985,1000.0,0.0,4.199,76.9,98,0,60.0,2026-05-01T01:20:30.855326,1.452
2026-05-01T01:19:31.056320,93.67,0,104.05,0.1567,1000.0,0.0,4.199,76.9,98,0,60.0,2026-05-01T01:20:31.056220,1.483
2026-05-01T01:19:31.256034,93.67,0,103.4,0.1306,1000.0,0.0,4.199,76.9,98,0,60.0,2026-05-01T01:20:31.255926,1.47
2026-05-01T01:19:31.553580,93.67,0,119.41,0.9371,1000.0,0.0,4.199,76.9,98,0,60.0,2026-05-01T01:20:31.553480,0.0
2026-05-01T01:19:31.787208,93.67,0,100.82,0.0314,1000.0,0.0,4.199,76.9,98,0,60.0,2026-05-01T01:20:31.787121,1.318
2026-05-01T01:19:32.070086,93.67,0,100.08,0.004,1000.0,0.0,4.199,76.9,98,0,60.0,2026-05-01T01:20:32.069982,1.396
2026-05-01T01:19:32.263859,93.67,0,103.89,0.1503,1000.0,0.0,4.199,76.9,98,0,60.0,2026-05-01T01:20:32.263786,1.482
2026-05-01T01:19:32.570092,93.66,0,119.92,0.9684,1000.0,0.0,4.199,76.9,98,0,60.0,2026-05-01T01:20:32.569997,0.0
2026-05-01T01:19:32.815002,93.66,0,101.44,0.0543,1000.0,0.0,4.199,76.9,98,0,60.0,2026-05-01T01:20:32.814921,1.332
2026-05-01T01:19:33.025520,93.66,0,100.71,0.0273,1000.0,0.0,4.199,76.9,98,0,60.0,2026-05-01T01:20:33.025416,1.413
2026-05-01T01:19:33.451432,93.65,0,117.25,0.8065,1000.0,0.0,4.199,76.9,98,0,60.0,2026-05-01T01:20:33.451339,0.0
2026-05-01T01:19:33.657244,93.65,0,99.97,0.0,1000.0,0.0,4.199,76.9,98,0,60.0,2026-05-01T01:20:33.657150,1.343
2026-05-01T01:19:34.197168,93.65,0,120.46,1.0025,1000.0,0.0,4.199,76.9,98,0,60.0,2026-05-01T01:20:34.197046,0.0
2026-05-01T01:19:34.493499,93.64,0,99.97,0.0,1000.0,0.0,4.199,76.9,98,0,60.0,2026-05-01T01:20:34.493380,1.419
2026-05-01T01:19:34.876704,93.64,0,115.12,0.6852,1000.0,0.0,4.199,76.9,98,0,60.0,2026-05-01T01:20:34.876621,0.0
2026-05-01T01:19:35.188450,93.63,0,115.18,0.6886,1000.0,0.0,4.199,76.9,98,0,60.0,2026-05-01T01:20:35.188349,0.0
2026-05-01T01:19:35.651793,93.63,0,115.25,0.6926,1000.0,0.0,4.199,76.9,98,0,60.0,2026-05-01T01:20:35.651669,0.0
2026-05-01T01:19:36.081661,93.63,0,115.26,0.693,1000.0,0.0,4.199,76.9,98,0,60.0,2026-05-01T01:20:36.081539,0.0
2026-05-01T01:19:36.273417,93.61,0,99.97,0.0,1000.0,0.0,4.199,77.0,98,0,60.0,2026-05-01T01:20:36.273267,1.352
2026-05-01T01:19:36.562815,93.61,0,115.08,0.683,1000.0,0.0,4.199,77.0,98,0,60.0,2026-05-01T01:20:36.562702,0.0
2026-05-01T01:19:36.886542,93.61,0,115.16,0.6878,1000.0,0.0,4.199,77.0,98,0,60.0,2026-05-01T01:20:36.886424,0.0
2026-05-01T01:19:37.309362,93.6,0,115.14,0.6865,1000.0,0.0,4.199,77.0,98,0,60.0,2026-05-01T01:20:37.309285,0.0
2026-05-01T01:19:37.526982,93.6,0,99.97,0.0,1000.0,0.0,4.199,77.0,98,0,60.0,2026-05-01T01:20:37.526885,1.352
2026-05-01T01:19:37.726892,93.6,0,99.97,0.0,1000.0,0.0,4.199,77.0,98,0,60.0,2026-05-01T01:20:37.726782,1.351
2026-05-01T01:19:38.273256,93.59,0,99.97,0.0,1000.0,0.0,4.199,77.0,98,0,60.0,2026-05-01T01:20:38.273162,1.339
2026-05-01T01:19:38.560744,93.59,0,114.76,0.6657,1000.0,0.0,4.199,77.0,98,0,60.0,2026-05-01T01:20:38.560654,0.0
2026-05-01T01:19:39.362874,93.59,0,115.0,0.6787,1000.0,0.0,4.199,77.0,98,0,60.0,2026-05-01T01:20:39.362779,0.0
2026-05-01T01:19:39.577257,93.59,0,99.97,0.0,1000.0,0.0,4.199,77.0,98,0,60.0,2026-05-01T01:20:39.577128,1.332
2026-05-01T01:19:39.775653,93.59,0,99.97,0.0,1000.0,0.0,4.199,77.0,98,0,60.0,2026-05-01T01:20:39.775576,1.334
2026-05-01T01:19:40.457428,93.58,0,119.91,0.9683,1000.0,0.0,4.199,77.0,98,0,60.0,2026-05-01T01:20:40.457333,0.0
2026-05-01T01:19:40.753963,93.58,0,99.97,0.0,1000.0,0.0,4.199,77.0,98,0,60.0,2026-05-01T01:20:40.753834,1.405
2026-05-01T01:19:41.162027,93.58,0,119.79,0.9605,1000.0,0.0,4.199,77.0,98,0,60.0,2026-05-01T01:20:41.161946,0.0
2026-05-01T01:19:41.406748,93.58,0,100.66,0.0252,1000.0,0.0,4.199,77.0,98,0,60.0,2026-05-01T01:20:41.406649,1.412
2026-05-01T01:19:41.765007,93.58,0,120.11,0.9806,1000.0,0.0,4.199,77.0,98,0,60.0,2026-05-01T01:20:41.764894,0.0
2026-05-01T01:19:42.001546,93.58,0,101.29,0.0487,1000.0,0.0,4.199,77.0,98,0,60.0,2026-05-01T01:20:42.001459,1.427
2026-05-01T01:19:42.573392,93.58,0,99.97,0.0,1000.0,0.0,4.199,77.0,98,0,60.0,2026-05-01T01:20:42.573282,1.368
2026-05-01T01:19:42.889075,93.58,0,116.07,0.7387,1000.0,0.0,4.199,77.0,98,0,60.0,2026-05-01T01:20:42.877300,0.0
2026-05-01T01:19:43.784108,93.58,0,115.25,0.6925,1000.0,0.0,4.199,77.0,97,0,60.0,2026-05-01T01:20:43.783972,0.0
2026-05-01T01:19:43.997416,93.57,0,99.97,0.0,1000.0,0.0,4.199,77.0,97,0,60.0,2026-05-01T01:20:43.997304,1.336
2026-05-01T01:19:44.304550,93.57,0,114.71,0.6631,1000.0,0.0,4.199,77.0,97,0,60.0,2026-05-01T01:20:44.304459,0.0
2026-05-01T01:19:44.651275,93.57,0,114.9,0.673,1000.0,0.0,4.199,77.0,97,0,60.0,2026-05-01T01:20:44.651175,0.0
2026-05-01T01:19:45.058849,93.56,0,115.02,0.68,1000.0,0.0,4.199,77.0,97,0,60.0,2026-05-01T01:20:45.058742,0.0
2026-05-01T01:19:45.371573,93.56,0,115.1,0.6843,1000.0,0.0,4.199,77.0,97,0,60.0,2026-05-01T01:20:45.371486,0.0
2026-05-01T01:19:45.728990,93.56,0,115.19,0.6891,1000.0,0.0,4.199,77.0,97,0,60.0,2026-05-01T01:20:45.728899,0.0
2026-05-01T01:19:46.094534,93.56,0,115.24,0.6918,1000.0,0.0,4.199,77.0,97,0,60.0,2026-05-01T01:20:46.094356,0.0
2026-05-01T01:19:46.505696,93.56,0,115.27,0.6936,1000.0,0.0,4.199,77.0,97,0,60.0,2026-05-01T01:20:46.505612,0.0
2026-05-01T01:19:46.838981,93.55,0,115.27,0.694,1000.0,0.0,4.199,77.0,97,0,60.0,2026-05-01T01:20:46.838868,0.0
2026-05-01T01:19:47.049569,93.55,0,99.97,0.0,1000.0,0.0,4.199,77.0,97,0,60.0,2026-05-01T01:20:47.049460,1.351
2026-05-01T01:19:47.357973,93.55,0,119.85,0.9645,1000.0,0.0,4.199,77.0,97,0,60.0,2026-05-01T01:20:47.357876,0.0
2026-05-01T01:19:47.822842,93.55,0,117.31,0.8102,1000.0,0.0,4.199,77.0,97,0,60.0,2026-05-01T01:20:47.822714,0.0
2026-05-01T01:19:48.104102,93.55,0,99.97,0.0,1000.0,0.0,4.199,77.0,97,0,60.0,2026-05-01T01:20:48.103985,1.371
2026-05-01T01:19:48.525070,93.55,0,116.02,0.7355,1000.0,0.0,4.199,77.0,97,0,60.0,2026-05-01T01:20:48.524990,0.0
2026-05-01T01:19:48.742206,93.54,0,99.97,0.0,1000.0,0.0,4.199,77.0,97,0,60.0,2026-05-01T01:20:48.742110,1.352
2026-05-01T01:19:49.122553,93.54,0,115.2,0.69,1000.0,0.0,4.199,77.0,97,0,60.0,2026-05-01T01:20:49.122454,0.0
2026-05-01T01:19:49.954124,93.54,0,115.27,0.6936,1000.0,0.0,4.199,77.0,97,0,60.0,2026-05-01T01:20:49.954025,0.0
2026-05-01T01:19:50.164168,93.54,0,99.97,0.0,1000.0,0.0,4.199,77.0,97,0,60.0,2026-05-01T01:20:50.164063,1.335
2026-05-01T01:19:50.355680,93.54,0,99.97,0.0,1000.0,0.0,4.199,77.0,97,0,60.0,2026-05-01T01:20:50.355593,1.327
2026-05-01T01:19:50.871556,93.54,0,114.74,0.6645,1000.0,0.0,4.199,77.0,97,0,60.0,2026-05-01T01:20:50.871462,0.0
2026-05-01T01:19:51.303096,93.54,0,114.39,0.6455,1000.0,0.0,4.199,77.0,97,0,60.0,2026-05-01T01:20:51.302963,0.0
2026-05-01T01:19:51.631526,93.54,0,114.66,0.6602,1000.0,0.0,4.199,77.0,97,0,60.0,2026-05-01T01:20:51.631430,0.0
2026-05-01T01:19:51.970049,93.53,0,114.85,0.6704,1000.0,0.0,4.199,77.0,97,0,60.0,2026-05-01T01:20:51.969945,0.0
2026-05-01T01:19:52.292527,93.53,0,114.99,0.6782,1000.0,0.0,4.199,77.0,97,0,60.0,2026-05-01T01:20:52.292445,0.0
2026-05-01T01:19:52.627973,93.53,0,115.09,0.6839,1000.0,0.0,4.199,77.0,97,0,60.0,2026-05-01T01:20:52.627877,0.0
2026-05-01T01:19:53.005142,93.52,0,114.75,0.665,1000.0,0.0,4.199,77.0,97,0,60.0,2026-05-01T01:20:53.005044,0.0
2026-05-01T01:19:53.312740,93.52,0,114.92,0.6743,1000.0,0.0,4.199,77.0,97,0,60.0,2026-05-01T01:20:53.312663,0.0
2026-05-01T01:19:53.633280,93.52,0,115.04,0.6807,1000.0,0.0,4.199,77.0,97,0,60.0,2026-05-01T01:20:53.633190,0.0
2026-05-01T01:19:53.980646,93.52,0,99.97,0.0,1000.0,0.0,4.199,77.0,97,0,60.0,2026-05-01T01:20:53.980538,1.336
2026-05-01T01:19:54.187547,93.52,0,99.97,0.0,1000.0,0.0,4.199,77.0,97,0,60.0,2026-05-01T01:20:54.187470,1.336
2026-05-01T01:19:55.092426,93.52,0,117.79,0.8385,1000.0,0.0,4.199,77.0,97,0,60.0,2026-05-01T01:20:55.092326,0.0
2026-05-01T01:19:55.564076,93.52,0,115.62,0.7133,1000.0,0.0,4.199,77.0,97,0,60.0,2026-05-01T01:20:55.563978,0.0
2026-05-01T01:19:55.898207,93.52,0,115.52,0.7077,1000.0,0.0,4.199,77.0,97,0,60.0,2026-05-01T01:20:55.898099,0.0
2026-05-01T01:19:56.137436,93.52,0,99.97,0.0,1000.0,0.0,4.199,77.0,97,0,60.0,2026-05-01T01:20:56.137299,1.356
2026-05-01T01:19:56.558059,93.52,0,115.54,0.7088,1000.0,0.0,4.199,77.0,97,0,60.0,2026-05-01T01:20:56.557966,0.0
2026-05-01T01:19:56.886620,93.52,0,115.46,0.7041,1000.0,0.0,4.199,77.0,97,0,60.0,2026-05-01T01:20:56.886529,0.0
2026-05-01T01:19:57.248409,93.52,0,115.44,0.7033,1000.0,0.0,4.199,77.0,97,0,60.0,2026-05-01T01:20:57.248319,0.0
2026-05-01T01:19:57.663871,93.52,0,115.42,0.7023,1000.0,0.0,4.199,77.0,97,0,60.0,2026-05-01T01:20:57.663780,0.0
2026-05-01T01:19:57.944763,93.52,0,99.97,0.0,1000.0,0.0,4.199,77.0,97,0,60.0,2026-05-01T01:20:57.944630,1.258
2026-05-01T01:19:58.135703,93.52,0,99.97,0.0,1000.0,0.0,4.199,77.0,97,0,60.0,2026-05-01T01:20:58.135608,1.337
2026-05-01T01:19:58.423961,93.52,0,114.97,0.677,1000.0,0.0,4.199,77.0,97,0,60.0,2026-05-01T01:20:58.423855,0.0
2026-05-01T01:19:58.750935,93.52,0,115.11,0.6846,1000.0,0.0,4.199,77.0,97,0,60.0,2026-05-01T01:20:58.750833,0.0
2026-05-01T01:19:59.244441,93.51,0,99.97,0.0,1000.0,0.0,4.199,77.0,97,0,60.0,2026-05-01T01:20:59.244347,1.338
2026-05-01T01:19:59.535030,93.51,0,114.71,0.6631,1000.0,0.0,4.199,77.0,97,0,60.0,2026-05-01T01:20:59.534931,0.0
2026-05-01T01:20:00.323584,93.51,0,119.14,0.92,1000.0,0.0,4.199,77.0,97,0,60.0,2026-05-01T01:21:00.323498,0.0
2026-05-01T01:20:00.750637,93.51,0,116.49,0.7626,1000.0,0.0,4.199,77.0,97,0,60.0,2026-05-01T01:21:00.750552,0.0
2026-05-01T01:20:01.173483,93.51,0,115.31,0.6961,1000.0,0.0,4.199,77.0,97,0,60.0,2026-05-01T01:21:01.173390,0.0
2026-05-01T01:20:01.517099,93.51,0,115.3,0.6953,1000.0,0.0,4.199,77.0,97,0,60.0,2026-05-01T01:21:01.516990,0.0
2026-05-01T01:20:01.844682,93.51,0,115.31,0.6962,1000.0,0.0,4.199,77.0,97,0,60.0,2026-05-01T01:21:01.844566,0.0
2026-05-01T01:20:02.195771,93.51,0,115.34,0.6975,1000.0,0.0,4.199,77.0,97,0,60.0,2026-05-01T01:21:02.195636,0.0
2026-05-01T01:20:02.655126,93.5,0,115.35,0.6979,1000.0,0.0,4.199,77.0,97,0,60.0,2026-05-01T01:21:02.654841,0.0
2026-05-01T01:20:04.054575,93.5,0,114.71,0.663,1000.0,0.0,4.199,77.0,97,0,60.0,2026-05-01T01:21:04.053253,0.0
2026-05-01T01:20:04.373380,93.5,0,99.97,0.0,1000.0,0.0,4.199,77.0,97,0,60.0,2026-05-01T01:21:04.345249,1.337
2026-05-01T01:20:04.727247,93.5,0,114.67,0.6609,1000.0,0.0,4.199,77.0,97,0,60.0,2026-05-01T01:21:04.727105,0.0
2026-05-01T01:20:04.934130,93.5,0,99.97,0.0,1000.0,0.0,4.199,77.0,97,0,60.0,2026-05-01T01:21:04.934001,1.3
2026-05-01T01:20:05.284398,93.5,0,115.11,0.6848,1000.0,0.0,4.199,77.0,97,0,60.0,2026-05-01T01:21:05.284148,0.0
2026-05-01T01:20:06.198586,93.48,0,114.72,0.6635,1000.0,0.0,4.199,77.0,97,0,60.0,2026-05-01T01:21:06.198456,0.0
2026-05-01T01:20:06.426333,93.48,0,99.97,0.0,1000.0,0.0,4.199,77.0,97,0,60.0,2026-05-01T01:21:06.426186,1.329
2026-05-01T01:20:06.862363,93.48,0,114.51,0.6518,1000.0,0.0,4.199,77.0,97,0,60.0,2026-05-01T01:21:06.862228,0.0
2026-05-01T01:20:07.325198,93.48,0,114.91,0.6738,1000.0,0.0,4.199,77.0,97,0,60.0,2026-05-01T01:21:07.325054,0.0
2026-05-01T01:20:08.327445,93.48,0,116.01,0.7351,1000.0,0.0,4.199,77.0,97,0,60.0,2026-05-01T01:21:08.327293,0.0
2026-05-01T01:20:08.552974,93.48,0,99.97,0.0,1000.0,0.0,4.199,77.0,97,0,60.0,2026-05-01T01:21:08.552826,1.344
2026-05-01T01:20:08.783842,93.48,0,99.97,0.0,1000.0,0.0,4.199,77.0,97,0,60.0,2026-05-01T01:21:08.783708,1.346
2026-05-01T01:20:09.002391,93.48,0,101.29,0.0488,1000.0,0.0,4.199,77.0,97,0,60.0,2026-05-01T01:21:09.002236,1.424
2026-05-01T01:20:09.410007,93.48,0,117.88,0.8441,1000.0,0.0,4.199,77.0,97,0,60.0,2026-05-01T01:21:09.378446,0.0
2026-05-01T01:20:10.148462,93.48,0,99.97,0.0,1000.0,0.0,4.199,77.0,96,0,60.0,2026-05-01T01:21:10.148331,1.279
2026-05-01T01:20:10.555944,93.48,0,115.0,0.6786,1000.0,0.0,4.199,77.0,96,0,60.0,2026-05-01T01:21:10.555660,0.0
2026-05-01T01:20:10.764713,93.48,0,99.97,0.0,1000.0,0.0,4.199,77.0,96,0,60.0,2026-05-01T01:21:10.764580,1.35
2026-05-01T01:20:11.066820,93.48,0,115.0,0.6786,1000.0,0.0,4.199,77.0,96,0,60.0,2026-05-01T01:21:11.066652,0.0
2026-05-01T01:20:11.402632,93.48,0,115.0,0.6787,1000.0,0.0,4.199,77.0,96,0,60.0,2026-05-01T01:21:11.388559,0.0
2026-05-01T01:20:12.230863,93.46,0,115.19,0.6894,1000.0,0.0,4.199,77.0,96,0,60.0,2026-05-01T01:21:12.230719,0.0
2026-05-01T01:20:12.566792,93.46,0,114.68,0.6613,1000.0,0.0,4.199,77.0,96,0,60.0,2026-05-01T01:21:12.566651,0.0
2026-05-01T01:20:12.908189,93.46,0,114.86,0.6712,1000.0,0.0,4.199,77.0,96,0,60.0,2026-05-01T01:21:12.908014,0.0
2026-05-01T01:20:13.271891,93.48,0,114.86,0.6708,1000.0,0.0,4.199,77.0,96,0,60.0,2026-05-01T01:21:13.271790,0.0
2026-05-01T01:20:14.081310,93.48,0,114.54,0.6537,1000.0,0.0,4.199,77.0,97,0,60.0,2026-05-01T01:21:14.081185,0.0
2026-05-01T01:20:14.307746,93.48,0,99.97,0.0,1000.0,0.0,4.199,77.0,97,0,60.0,2026-05-01T01:21:14.307521,1.321
2026-05-01T01:20:14.621526,93.48,0,114.18,0.6338,1000.0,0.0,4.199,77.0,97,0,60.0,2026-05-01T01:21:14.621377,0.0
2026-05-01T01:20:14.835708,93.48,0,99.97,0.0,1000.0,0.0,4.199,77.0,97,0,60.0,2026-05-01T01:21:14.835532,1.302
2026-05-01T01:20:15.019146,93.48,0,99.97,0.0,1000.0,0.0,4.199,77.0,97,0,60.0,2026-05-01T01:21:15.018978,1.345
2026-05-01T01:20:15.661780,93.48,0,119.75,0.9579,1000.0,0.0,4.199,77.0,97,0,60.0,2026-05-01T01:21:15.552469,0.0
2026-05-01T01:20:16.602773,93.48,0,115.85,0.7262,1000.0,0.0,4.199,77.0,97,0,60.0,2026-05-01T01:21:16.602643,0.0
2026-05-01T01:20:16.848570,93.51,0,99.97,0.0,1000.0,0.0,4.199,77.0,97,0,60.0,2026-05-01T01:21:16.848429,1.337
2026-05-01T01:20:17.159522,93.51,0,114.71,0.663,1000.0,0.0,4.199,77.0,97,0,60.0,2026-05-01T01:21:17.159372,0.0
2026-05-01T01:20:17.382773,93.51,0,99.97,0.0,1000.0,0.0,4.199,77.0,97,0,60.0,2026-05-01T01:21:17.382667,1.3
2026-05-01T01:20:18.287902,93.53,0,114.97,0.6771,1000.0,0.0,4.199,77.0,97,0,60.0,2026-05-01T01:21:18.287621,0.0
2026-05-01T01:20:18.512636,93.53,0,99.97,0.0,1000.0,0.0,4.199,77.0,97,0,60.0,2026-05-01T01:21:18.512475,1.33
2026-05-01T01:20:18.734876,93.53,0,99.97,0.0,1000.0,0.0,4.199,77.0,97,0,60.0,2026-05-01T01:21:18.734753,1.327
2026-05-01T01:20:19.200187,93.55,0,114.57,0.6552,1000.0,0.0,4.199,77.0,97,0,60.0,2026-05-01T01:21:19.200056,0.0
2026-05-01T01:20:19.442559,93.55,0,99.97,0.0,1000.0,0.0,4.199,77.0,97,0,60.0,2026-05-01T01:21:19.424536,1.301
2026-05-01T01:20:19.797650,93.59,0,115.08,0.683,1000.0,0.0,4.199,77.0,98,0,60.0,2026-05-01T01:21:19.797497,0.0
2026-05-01T01:20:20.016696,93.59,0,99.97,0.0,1000.0,0.0,4.199,77.0,98,0,60.0,2026-05-01T01:21:20.016567,1.352
2026-05-01T01:20:20.184502,93.59,0,102.47,0.094,1000.0,0.0,4.199,77.0,98,0,60.0,2026-05-01T01:21:20.184378,0.823
2026-05-01T01:20:20.389648,93.62,0,99.97,0.0,1000.0,0.0,4.199,77.0,98,0,60.0,2026-05-01T01:21:20.389524,1.344
2026-05-01T01:20:20.598467,93.62,0,99.97,0.0,1000.0,0.0,4.199,77.0,98,0,60.0,2026-05-01T01:21:20.598328,1.385
2026-05-01T01:20:20.965637,93.62,0,115.04,0.6812,1000.0,0.0,4.199,77.0,98,0,60.0,2026-05-01T01:21:20.965504,0.0
2026-05-01T01:20:21.205133,93.65,0,99.97,0.0,1000.0,0.0,4.199,76.9,98,0,60.0,2026-05-01T01:21:21.205011,1.338
2026-05-01T01:20:21.819261,93.65,0,114.73,0.6639,1000.0,0.0,4.199,76.9,98,0,60.0,2026-05-01T01:21:21.772156,0.0
2026-05-01T01:20:22.240603,93.65,0,99.97,0.0,1000.0,0.0,4.199,76.9,98,0,60.0,2026-05-01T01:21:22.240452,1.281
2026-05-01T01:20:22.421928,93.7,0,99.97,0.0,1000.0,0.0,4.199,76.9,98,0,60.0,2026-05-01T01:21:22.421805,1.347
2026-05-01T01:20:22.727439,93.7,0,115.01,0.6791,1000.0,0.0,4.199,76.9,98,0,60.0,2026-05-01T01:21:22.727278,0.0
2026-05-01T01:20:22.950340,93.7,0,99.97,0.0,1000.0,0.0,4.199,76.9,98,0,60.0,2026-05-01T01:21:22.950089,1.336
2026-05-01T01:20:23.291264,93.76,0,119.88,0.9659,1000.0,0.0,4.199,76.9,98,0,60.0,2026-05-01T01:21:23.291132,0.0
2026-05-01T01:20:24.322066,93.76,0,116.82,0.7815,1000.0,0.0,4.199,76.9,97,0,60.0,2026-05-01T01:21:24.321892,0.0
2026-05-01T01:20:24.549546,93.8,0,99.97,0.0,1000.0,0.0,4.199,76.9,97,0,60.0,2026-05-01T01:21:24.549412,1.355
2026-05-01T01:20:24.919377,93.8,0,115.31,0.6957,1000.0,0.0,4.199,76.9,97,0,60.0,2026-05-01T01:21:24.919215,0.0
2026-05-01T01:20:25.133308,93.8,0,99.97,0.0,1000.0,0.0,4.199,76.9,97,0,60.0,2026-05-01T01:21:25.133177,1.341
2026-05-01T01:20:25.585197,93.89,0,114.89,0.6726,1000.0,0.0,4.199,76.9,97,0,60.0,2026-05-01T01:21:25.544813,0.0
2026-05-01T01:20:26.159585,93.89,0,99.97,0.0,1000.0,0.0,4.199,76.9,97,0,60.0,2026-05-01T01:21:26.159370,1.315
2026-05-01T01:20:26.487262,93.89,0,114.61,0.6573,1000.0,0.0,4.199,76.9,97,0,60.0,2026-05-01T01:21:26.487104,0.0
2026-05-01T01:20:26.719586,93.98,0,99.97,0.0,1000.0,0.0,4.199,76.8,97,0,60.0,2026-05-01T01:21:26.719453,1.327
2026-05-01T01:20:27.042637,93.98,0,114.49,0.6509,1000.0,0.0,4.199,76.8,97,0,60.0,2026-05-01T01:21:27.042493,0.0
2026-05-01T01:20:27.264737,93.98,0,99.97,0.0,1000.0,0.0,4.199,76.8,97,0,60.0,2026-05-01T01:21:27.264617,1.33
2026-05-01T01:20:27.546987,94.06,0,104.6,0.1792,1000.0,0.0,4.199,76.8,97,0,60.0,2026-05-01T01:21:27.546854,1.489
2026-05-01T01:20:28.051707,94.06,0,119.48,0.9409,1000.0,0.0,4.199,76.8,97,0,60.0,2026-05-01T01:21:28.051493,0.0
2026-05-01T01:20:28.530534,94.06,0,99.97,0.0,1000.0,0.0,4.199,76.8,97,0,60.0,2026-05-01T01:21:28.530351,1.367
2026-05-01T01:20:28.983383,94.15,0,116.1,0.7404,1000.0,0.0,4.199,76.8,97,0,60.0,2026-05-01T01:21:28.983183,0.0
2026-05-01T01:20:29.338618,94.15,0,115.23,0.6914,1000.0,0.0,4.199,76.8,97,0,60.0,2026-05-01T01:21:29.338531,0.0
2026-05-01T01:20:29.576512,94.21,0,99.97,0.0,1000.0,0.0,4.199,76.8,97,0,60.0,2026-05-01T01:21:29.576417,1.344
2026-05-01T01:20:30.001868,94.21,0,114.95,0.6761,1000.0,0.0,4.199,76.8,97,0,60.0,2026-05-01T01:21:29.888339,0.0
2026-05-01T01:20:30.661628,94.21,0,115.08,0.6833,1000.0,0.0,4.199,76.8,98,0,60.0,2026-05-01T01:21:30.661495,0.0
2026-05-01T01:20:30.971799,94.27,0,114.72,0.6634,1000.0,0.0,4.199,76.7,98,0,60.0,2026-05-01T01:21:30.971678,0.0
2026-05-01T01:20:31.179923,94.27,0,99.97,0.0,1000.0,0.0,4.199,76.7,98,0,60.0,2026-05-01T01:21:31.179844,1.336
2026-05-01T01:20:31.486077,94.27,0,114.67,0.6604,1000.0,0.0,4.199,76.7,98,0,60.0,2026-05-01T01:21:31.485979,0.0
2026-05-01T01:20:31.722235,94.32,0,99.97,0.0,1000.0,0.0,4.199,76.7,98,0,60.0,2026-05-01T01:21:31.722078,1.329
2026-05-01T01:20:32.257204,94.32,0,114.62,0.6577,1000.0,0.0,4.199,76.7,98,0,60.0,2026-05-01T01:21:32.222410,0.0
2026-05-01T01:20:33.033443,94.32,0,115.05,0.6817,1000.0,0.0,4.199,76.7,99,0,60.0,2026-05-01T01:21:33.033317,0.0
2026-05-01T01:20:33.384075,94.33,0,115.37,0.6995,1000.0,0.0,4.199,76.7,99,0,60.0,2026-05-01T01:21:33.383985,0.0
2026-05-01T01:20:33.679961,94.33,0,114.71,0.6627,1000.0,0.0,4.199,76.7,99,0,60.0,2026-05-01T01:21:33.679863,0.0
2026-05-01T01:20:33.913057,94.33,0,99.97,0.0,1000.0,0.0,4.199,76.7,99,0,60.0,2026-05-01T01:21:33.896222,1.33
2026-05-01T01:20:34.239847,94.35,0,114.66,0.6599,1000.0,0.0,4.199,76.7,98,0,60.0,2026-05-01T01:21:34.239761,0.0
2026-05-01T01:20:34.456782,94.35,0,99.97,0.0,1000.0,0.0,4.199,76.7,98,0,60.0,2026-05-01T01:21:34.456677,1.354
2026-05-01T01:20:34.776338,94.37,0,115.32,0.6962,1000.0,0.0,4.199,76.7,98,0,60.0,2026-05-01T01:21:34.776239,0.0
2026-05-01T01:20:34.973118,94.37,0,99.97,0.0,1000.0,0.0,4.199,76.7,98,0,60.0,2026-05-01T01:21:34.973024,1.343
2026-05-01T01:20:35.289040,94.37,0,115.08,0.683,1000.0,0.0,4.199,76.7,98,0,60.0,2026-05-01T01:21:35.288954,0.0
2026-05-01T01:20:35.485124,94.38,0,99.97,0.0,1000.0,0.0,4.199,76.7,98,0,60.0,2026-05-01T01:21:35.485011,1.338
2026-05-01T01:20:35.796529,94.38,0,114.85,0.6708,1000.0,0.0,4.199,76.7,98,0,60.0,2026-05-01T01:21:35.795860,0.0
2026-05-01T01:20:36.067819,94.38,0,99.97,0.0,1000.0,0.0,4.199,76.7,98,0,60.0,2026-05-01T01:21:36.067601,1.357
2026-05-01T01:20:36.346005,94.38,0,115.41,0.7015,1000.0,0.0,4.199,76.7,98,0,60.0,2026-05-01T01:21:36.345903,0.0
2026-05-01T01:20:36.555586,94.38,0,99.97,0.0,1000.0,0.0,4.199,76.7,98,0,60.0,2026-05-01T01:21:36.555487,1.344
2026-05-01T01:20:36.975641,94.38,0,119.9,0.9674,1000.0,0.0,4.199,76.7,98,0,60.0,2026-05-01T01:21:36.975551,0.0
2026-05-01T01:20:37.484321,94.42,0,117.92,0.8464,1000.0,0.0,4.199,76.7,98,0,60.0,2026-05-01T01:21:37.484226,0.0
2026-05-01T01:20:37.914179,94.42,0,116.73,0.7763,1000.0,0.0,4.199,76.7,98,0,60.0,2026-05-01T01:21:37.881738,0.0
2026-05-01T01:20:38.662349,94.42,0,115.02,0.6799,1000.0,0.0,4.199,76.7,98,0,60.0,2026-05-01T01:21:38.662225,0.0
2026-05-01T01:20:38.978926,94.42,0,115.32,0.6966,1000.0,0.0,4.199,76.7,98,0,60.0,2026-05-01T01:21:38.978823,0.0
2026-05-01T01:20:39.177246,94.42,0,99.97,0.0,1000.0,0.0,4.199,76.7,98,0,60.0,2026-05-01T01:21:39.177095,1.339
2026-05-01T01:20:39.491871,94.44,0,115.5,0.7063,1000.0,0.0,4.199,76.7,98,0,60.0,2026-05-01T01:21:39.491750,0.0
2026-05-01T01:20:39.785952,94.44,0,114.99,0.6783,1000.0,0.0,4.199,76.7,98,0,60.0,2026-05-01T01:21:39.785693,0.0
2026-05-01T01:20:40.217508,94.44,0,114.64,0.6591,1000.0,0.0,4.199,76.7,96,0,60.0,2026-05-01T01:21:40.217379,0.0
2026-05-01T01:20:40.407394,94.44,0,99.97,0.0,1000.0,0.0,4.199,76.7,96,0,60.0,2026-05-01T01:21:40.407293,1.33
2026-05-01T01:20:40.785548,94.44,0,114.49,0.6506,1000.0,0.0,4.199,76.7,96,0,60.0,2026-05-01T01:21:40.785447,0.0
2026-05-01T01:20:40.980234,94.44,0,99.97,0.0,1000.0,0.0,4.199,76.7,96,0,60.0,2026-05-01T01:21:40.980131,1.326
2026-05-01T01:20:41.275160,94.45,0,114.52,0.6527,1000.0,0.0,4.199,76.7,96,0,60.0,2026-05-01T01:21:41.275016,0.0
2026-05-01T01:20:41.471787,94.45,0,99.97,0.0,1000.0,0.0,4.199,76.7,96,0,60.0,2026-05-01T01:21:41.471672,1.327
2026-05-01T01:20:41.881499,94.45,0,114.53,0.6531,1000.0,0.0,4.199,76.7,96,0,60.0,2026-05-01T01:21:41.881281,0.0
2026-05-01T01:20:42.953495,94.45,0,115.4,0.7011,1000.0,0.0,4.199,76.7,95,0,60.0,2026-05-01T01:21:42.953406,0.0
2026-05-01T01:20:43.175153,94.45,0,99.97,0.0,1000.0,0.0,4.199,76.7,95,0,60.0,2026-05-01T01:21:43.175041,1.346
2026-05-01T01:20:43.465598,94.45,0,115.02,0.68,1000.0,0.0,4.199,76.7,95,0,60.0,2026-05-01T01:21:43.465465,0.0
2026-05-01T01:20:43.796133,94.45,0,114.64,0.6588,1000.0,0.0,4.199,76.7,95,0,60.0,2026-05-01T01:21:43.795998,0.0
2026-05-01T01:20:44.869987,94.45,0,114.27,0.6391,1000.0,0.0,4.199,76.7,94,0,60.0,2026-05-01T01:21:44.869845,0.0
2026-05-01T01:20:45.101773,94.45,0,99.97,0.0,1000.0,0.0,4.199,76.7,94,0,60.0,2026-05-01T01:21:45.101641,1.331
2026-05-01T01:20:45.452965,94.45,0,114.51,0.6522,1000.0,0.0,4.199,76.7,94,0,60.0,2026-05-01T01:21:45.452844,0.0
2026-05-01T01:20:46.162795,94.45,0,115.36,0.6988,1000.0,0.0,4.199,76.7,94,0,60.0,2026-05-01T01:21:46.090985,0.0
2026-05-01T01:20:46.675266,94.46,0,99.97,0.0,1000.0,0.0,4.199,76.7,94,0,60.0,2026-05-01T01:21:46.675139,1.331
2026-05-01T01:20:46.888314,94.46,0,99.97,0.0,1000.0,0.0,4.199,76.7,94,0,60.0,2026-05-01T01:21:46.888054,1.355
2026-05-01T01:20:47.197211,94.46,0,115.5,0.7067,1000.0,0.0,4.199,76.7,94,0,60.0,2026-05-01T01:21:47.196978,0.0
2026-05-01T01:20:47.489985,94.47,0,99.97,0.0,1000.0,0.0,4.199,76.7,94,0,60.0,2026-05-01T01:21:47.489853,1.321
2026-05-01T01:20:47.991138,94.47,0,115.2,0.69,1000.0,0.0,4.199,76.7,94,0,60.0,2026-05-01T01:21:47.915105,0.0
2026-05-01T01:20:48.840477,94.47,0,115.12,0.6856,1000.0,0.0,4.199,76.7,94,0,60.0,2026-05-01T01:21:48.840343,0.0
2026-05-01T01:20:49.162549,94.47,0,114.71,0.6631,1000.0,0.0,4.199,76.7,94,0,60.0,2026-05-01T01:21:49.162430,0.0
2026-05-01T01:20:49.354713,94.47,0,99.97,0.0,1000.0,0.0,4.199,76.7,94,0,60.0,2026-05-01T01:21:49.354602,1.331
2026-05-01T01:20:49.642628,94.47,0,114.65,0.6597,1000.0,0.0,4.199,76.7,94,0,60.0,2026-05-01T01:21:49.642487,0.0
2026-05-01T01:20:49.875799,94.48,0,99.97,0.0,1000.0,0.0,4.199,76.7,94,0,60.0,2026-05-01T01:21:49.856641,1.331
2026-05-01T01:20:50.138060,94.48,0,103.13,0.12,1000.0,0.0,4.199,76.7,92,0,60.0,2026-05-01T01:21:50.137937,1.367
2026-05-01T01:20:50.542836,94.49,0,116.36,0.7554,1000.0,0.0,4.199,76.7,92,0,60.0,2026-05-01T01:21:50.542710,0.0
2026-05-01T01:20:50.758430,94.49,0,99.97,0.0,1000.0,0.0,4.199,76.7,92,0,60.0,2026-05-01T01:21:50.758323,1.36
2026-05-01T01:20:51.067038,94.49,0,115.55,0.7094,1000.0,0.0,4.199,76.7,92,0,60.0,2026-05-01T01:21:51.066897,0.0
2026-05-01T01:20:51.353047,94.49,0,115.05,0.6813,1000.0,0.0,4.199,76.7,92,0,60.0,2026-05-01T01:21:51.352949,0.0
2026-05-01T01:20:51.646542,94.49,0,114.68,0.6614,1000.0,0.0,4.199,76.7,92,0,60.0,2026-05-01T01:21:51.646436,0.0
2026-05-01T01:20:51.850805,94.49,0,103.02,0.1156,1000.0,0.0,4.199,76.7,92,0,60.0,2026-05-01T01:21:51.850676,1.459
2026-05-01T01:20:52.601214,94.49,0,115.49,0.7062,1000.0,0.0,4.199,76.7,93,0,60.0,2026-05-01T01:21:52.601115,0.0
2026-05-01T01:20:52.886836,94.49,0,99.97,0.0,1000.0,0.0,4.199,76.7,93,0,60.0,2026-05-01T01:21:52.886687,1.348
2026-05-01T01:20:53.181689,94.49,0,115.1,0.6842,1000.0,0.0,4.199,76.7,93,0,60.0,2026-05-01T01:21:53.181549,0.0
2026-05-01T01:20:53.409734,94.49,0,99.97,0.0,1000.0,0.0,4.199,76.7,93,0,60.0,2026-05-01T01:21:53.409592,1.359
2026-05-01T01:20:53.775082,94.49,0,115.79,0.723,1000.0,0.0,4.199,76.7,93,0,60.0,2026-05-01T01:21:53.774967,0.0
2026-05-01T01:20:54.056840,94.49,0,99.97,0.0,1000.0,0.0,4.199,76.7,93,0,60.0,2026-05-01T01:21:54.038236,1.351
2026-05-01T01:20:54.446885,94.49,0,115.27,0.6938,1000.0,0.0,4.199,76.7,93,0,60.0,2026-05-01T01:21:54.446760,0.0
2026-05-01T01:20:54.671124,94.49,0,99.97,0.0,1000.0,0.0,4.199,76.7,93,0,60.0,2026-05-01T01:21:54.671009,1.359
2026-05-01T01:20:55.135326,94.49,0,115.5,0.7063,1000.0,0.0,4.199,76.7,93,0,60.0,2026-05-01T01:21:55.135117,0.0
2026-05-01T01:20:56.161993,94.49,0,115.07,0.6826,1000.0,0.0,4.199,76.7,93,0,60.0,2026-05-01T01:21:56.136741,0.0
2026-05-01T01:20:56.604969,94.49,0,99.97,0.0,1000.0,0.0,4.199,76.7,92,0,60.0,2026-05-01T01:21:56.604829,1.346
2026-05-01T01:20:56.854048,94.49,0,103.33,0.1277,1000.0,0.0,4.199,76.7,92,0,60.0,2026-05-01T01:21:56.853894,1.465
2026-05-01T01:20:57.215533,94.49,0,119.28,0.929,1000.0,0.0,4.199,76.7,92,0,60.0,2026-05-01T01:21:57.215402,0.0
2026-05-01T01:20:58.355442,94.49,0,117.71,0.8339,1000.0,0.0,4.199,76.7,92,0,60.0,2026-05-01T01:21:58.350252,0.0
2026-05-01T01:20:58.850717,94.49,0,115.54,0.7086,1000.0,0.0,4.199,76.7,93,0,60.0,2026-05-01T01:21:58.850588,0.0
2026-05-01T01:20:59.074650,94.49,0,99.97,0.0,1000.0,0.0,4.199,76.7,93,0,60.0,2026-05-01T01:21:59.074524,1.348
2026-05-01T01:20:59.441823,94.49,0,115.15,0.687,1000.0,0.0,4.199,76.7,93,0,60.0,2026-05-01T01:21:59.375778,0.0
2026-05-01T01:21:00.185016,94.48,0,99.97,0.0,1000.0,0.0,4.199,76.7,92,0,60.0,2026-05-01T01:22:00.184864,1.324
2026-05-01T01:21:00.535392,94.48,0,115.21,0.6903,1000.0,0.0,4.199,76.7,92,0,60.0,2026-05-01T01:22:00.535215,0.0
2026-05-01T01:21:00.924678,94.48,0,99.97,0.0,1000.0,0.0,4.199,76.7,92,0,60.0,2026-05-01T01:22:00.924511,1.35
2026-05-01T01:21:02.131180,94.48,0,115.27,0.6938,1000.0,0.0,4.199,76.7,92,0,60.0,2026-05-01T01:22:02.078892,0.0
2026-05-01T01:21:02.532621,94.48,0,99.97,0.0,1000.0,0.0,4.199,76.7,92,0,60.0,2026-05-01T01:22:02.532524,1.339
2026-05-01T01:21:02.846822,94.48,0,114.94,0.6752,1000.0,0.0,4.199,76.7,92,0,60.0,2026-05-01T01:22:02.846725,0.0
2026-05-01T01:21:03.233542,94.48,0,114.59,0.6564,1000.0,0.0,4.199,76.7,92,0,60.0,2026-05-01T01:22:03.233443,0.0
2026-05-01T01:21:03.436715,94.48,0,99.97,0.0,1000.0,0.0,4.199,76.7,92,0,60.0,2026-05-01T01:22:03.436613,1.329
2026-05-01T01:21:03.686986,94.48,0,114.59,0.6565,1000.0,0.0,4.199,76.7,92,0,60.0,2026-05-01T01:22:03.686866,0.0
2026-05-01T01:21:04.322821,94.48,0,114.89,0.6725,1000.0,0.0,4.199,76.7,92,0,60.0,2026-05-01T01:22:04.287716,0.0
2026-05-01T01:21:04.735668,94.48,0,99.97,0.0,1000.0,0.0,4.199,76.7,92,0,60.0,2026-05-01T01:22:04.735559,1.346
2026-05-01T01:21:05.059877,94.47,0,115.01,0.6791,1000.0,0.0,4.199,76.7,92,0,60.0,2026-05-01T01:22:05.059794,0.0
2026-05-01T01:21:05.383354,94.47,0,114.65,0.6596,1000.0,0.0,4.199,76.7,92,0,60.0,2026-05-01T01:22:05.383269,0.0
2026-05-01T01:21:05.602627,94.47,0,99.97,0.0,1000.0,0.0,4.199,76.7,92,0,60.0,2026-05-01T01:22:05.602499,1.337
2026-05-01T01:21:05.785539,94.46,0,99.97,0.0,1000.0,0.0,4.199,76.7,92,0,60.0,2026-05-01T01:22:05.785327,1.369
2026-05-01T01:21:06.663207,94.46,0,115.69,0.7169,1000.0,0.0,4.199,76.7,92,0,60.0,2026-05-01T01:22:06.663006,0.0
2026-05-01T01:21:06.889307,94.46,0,99.97,0.0,1000.0,0.0,4.199,76.7,92,0,60.0,2026-05-01T01:22:06.889189,1.346
2026-05-01T01:21:07.189216,94.46,0,115.04,0.6808,1000.0,0.0,4.199,76.7,92,0,60.0,2026-05-01T01:22:07.189122,0.0
2026-05-01T01:21:07.384479,94.46,0,99.97,0.0,1000.0,0.0,4.199,76.7,92,0,60.0,2026-05-01T01:22:07.384386,1.337
2026-05-01T01:21:07.696794,94.46,0,114.85,0.6704,1000.0,0.0,4.199,76.7,92,0,60.0,2026-05-01T01:22:07.696688,0.0
2026-05-01T01:21:08.271770,94.46,0,114.52,0.6527,1000.0,0.0,4.199,76.7,92,0,60.0,2026-05-01T01:22:08.260634,0.0
2026-05-01T01:21:08.847986,94.46,0,99.97,0.0,1000.0,0.0,4.199,76.7,92,0,60.0,2026-05-01T01:22:08.847849,1.394
2026-05-01T01:21:09.121868,94.45,0,99.97,0.0,1000.0,0.0,4.199,76.7,92,0,60.0,2026-05-01T01:22:09.121746,1.367
2026-05-01T01:21:09.444045,94.45,0,116.38,0.7563,1000.0,0.0,4.199,76.7,92,0,60.0,2026-05-01T01:22:09.443940,0.0
2026-05-01T01:21:09.812600,94.45,0,115.65,0.7151,1000.0,0.0,4.199,76.7,92,0,60.0,2026-05-01T01:22:09.811876,0.0
2026-05-01T01:21:10.805363,94.44,0,115.52,0.7074,1000.0,0.0,4.199,76.7,91,0,60.0,2026-05-01T01:22:10.805249,0.0
2026-05-01T01:21:11.029712,94.44,0,99.97,0.0,1000.0,0.0,4.199,76.7,91,0,60.0,2026-05-01T01:22:11.029590,1.341
2026-05-01T01:21:11.323968,94.44,0,114.9,0.673,1000.0,0.0,4.199,76.7,91,0,60.0,2026-05-01T01:22:11.323846,0.0
2026-05-01T01:21:11.520530,94.43,0,99.97,0.0,1000.0,0.0,4.199,76.7,91,0,60.0,2026-05-01T01:22:11.520424,1.335
2026-05-01T01:21:11.817099,94.43,0,120.0,0.9733,1000.0,0.0,4.199,76.7,91,0,60.0,2026-05-01T01:22:11.816321,0.0
2026-05-01T01:21:12.946611,94.43,0,116.65,0.7717,1000.0,0.0,4.199,76.7,92,0,60.0,2026-05-01T01:22:12.946497,0.0
2026-05-01T01:21:13.199664,94.41,0,99.97,0.0,1000.0,0.0,4.199,76.7,92,0,60.0,2026-05-01T01:22:13.199545,1.357
2026-05-01T01:21:13.513444,94.41,0,115.47,0.705,1000.0,0.0,4.199,76.7,92,0,60.0,2026-05-01T01:22:13.513339,0.0
2026-05-01T01:21:13.856416,94.38,0,114.98,0.6774,1000.0,0.0,4.199,76.7,92,0,60.0,2026-05-01T01:22:13.856263,0.0
2026-05-01T01:21:14.730129,94.38,0,99.97,0.0,1000.0,0.0,4.199,76.7,92,0,60.0,2026-05-01T01:22:14.730007,1.313
2026-05-01T01:21:14.934845,94.38,0,102.69,0.1023,1000.0,0.0,4.199,76.7,92,0,60.0,2026-05-01T01:22:14.934730,1.45
2026-05-01T01:21:15.168217,94.36,0,103.45,0.1327,1000.0,0.0,4.199,76.7,92,0,60.0,2026-05-01T01:22:15.168097,1.467
2026-05-01T01:21:15.355655,94.36,0,102.68,0.1021,1000.0,0.0,4.199,76.7,92,0,60.0,2026-05-01T01:22:15.355550,1.453
2026-05-01T01:21:15.552468,94.36,0,102.31,0.0875,1000.0,0.0,4.199,76.7,92,0,60.0,2026-05-01T01:22:15.552379,1.439
2026-05-01T01:21:15.760209,94.33,0,101.74,0.0657,1000.0,0.0,4.199,76.7,92,0,60.0,2026-05-01T01:22:15.760087,1.433
2026-05-01T01:21:16.192750,94.33,0,119.67,0.9532,1000.0,0.0,4.199,76.7,92,0,60.0,2026-05-01T01:22:16.192645,0.0
2026-05-01T01:21:16.427137,94.33,0,101.15,0.0435,1000.0,0.0,4.199,76.7,92,0,60.0,2026-05-01T01:22:16.427035,1.422
2026-05-01T01:21:16.808861,94.31,0,117.75,0.836,1000.0,0.0,4.199,76.7,92,0,60.0,2026-05-01T01:22:16.808741,0.0
