timestamp,T_actual,P_actual_gauge,T_predicted,P_predicted,Q_watts,flow_lpm,water_L,eta_instant,health_score,anomaly_flag,prediction_horizon_s,prediction_target_timestamp,L_predicted
2026-04-29T16:08:08.108474,27.85,0,27.85,0.0,0.0,0.0,0,0.0,100,0,60.0,2026-04-29T16:09:08.108338,4.202
2026-04-29T16:08:08.155543,27.85,0,27.16,0.0,0.0,1.03,0,0.0,100,0,60.0,2026-04-29T16:09:08.155427,5.231
2026-04-29T16:08:09.117606,27.85,0,27.23,0.0,0.0,1.03,4.199,0.0,100,0,60.0,2026-04-29T16:09:09.117465,5.246
2026-04-29T16:08:09.167068,27.89,0,27.29,0.0,0.0,1.03,4.199,0.0,100,0,60.0,2026-04-29T16:09:09.166951,5.242
2026-04-29T16:08:09.209142,27.89,0,27.31,0.0,0.0,1.03,4.199,0.0,100,0,60.0,2026-04-29T16:09:09.209045,5.24
2026-04-29T16:08:10.192146,27.89,0,27.32,0.0,0.0,1.03,4.199,0.0,100,0,60.0,2026-04-29T16:09:10.191996,5.252
2026-04-29T16:08:10.241357,27.89,0,27.45,0.0,0.0,0.77,4.199,0.0,100,0,60.0,2026-04-29T16:09:10.241235,4.988
2026-04-29T16:08:10.286273,27.89,0,27.45,0.0,0.0,0.77,4.199,0.0,100,0,60.0,2026-04-29T16:09:10.286129,4.985
2026-04-29T16:08:11.238399,27.92,0,27.46,0.0,0.0,0.77,4.199,0.0,100,0,60.0,2026-04-29T16:09:11.238243,4.993
2026-04-29T16:08:11.284361,27.92,0,27.57,0.0,0.0,0.58,4.199,0.0,100,0,60.0,2026-04-29T16:09:11.284228,4.798
2026-04-29T16:08:11.327788,27.92,0,27.57,0.0,0.0,0.58,4.199,0.0,100,0,60.0,2026-04-29T16:09:11.327673,4.795
2026-04-29T16:08:12.307553,27.92,0,27.57,0.0,0.0,0.58,4.199,0.0,100,0,60.0,2026-04-29T16:09:12.307393,4.799
2026-04-29T16:08:12.353314,27.92,0,27.66,0.0,0.0,0.43,4.199,0.0,100,0,60.0,2026-04-29T16:09:12.353188,4.646
2026-04-29T16:08:12.395946,27.92,0,27.66,0.0,0.0,0.43,4.199,0.0,100,0,60.0,2026-04-29T16:09:12.395832,4.643
2026-04-29T16:08:13.347185,27.94,0,27.67,0.0,0.0,0.43,4.199,0.0,100,0,60.0,2026-04-29T16:09:13.347037,4.646
2026-04-29T16:08:13.390988,27.94,0,27.73,0.0,0.0,0.33,4.199,0.0,100,0,60.0,2026-04-29T16:09:13.390875,4.543
2026-04-29T16:08:14.390395,27.94,0,27.74,0.0,0.0,0.33,4.199,0.0,100,0,60.0,2026-04-29T16:09:14.390232,4.546
2026-04-29T16:08:14.442162,27.98,0,27.81,0.0,0.0,0.24,4.199,0.0,100,0,60.0,2026-04-29T16:09:14.442030,4.452
2026-04-29T16:08:14.485765,27.98,0,27.81,0.0,0.0,0.24,4.199,0.0,100,0,60.0,2026-04-29T16:09:14.485618,4.449
2026-04-29T16:08:15.435879,28.01,0,27.82,0.0,0.0,0.24,4.199,0.0,100,0,60.0,2026-04-29T16:09:15.435668,4.451
2026-04-29T16:08:15.486002,28.01,0,27.87,0.0,0.0,0.18,4.199,0.0,100,0,60.0,2026-04-29T16:09:15.485856,4.388
2026-04-29T16:08:15.529997,28.01,0,27.87,0.0,0.0,0.18,4.199,0.0,100,0,60.0,2026-04-29T16:09:15.529844,4.387
2026-04-29T16:08:16.494392,28.05,0,27.89,0.0,0.0,0.18,4.199,0.0,100,0,60.0,2026-04-29T16:09:16.494250,4.388
2026-04-29T16:08:16.540991,28.05,0,27.94,0.0,0.0,0.14,4.199,0.0,100,0,60.0,2026-04-29T16:09:16.540864,4.346
2026-04-29T16:08:16.583722,28.05,0,27.94,0.0,0.0,0.14,4.199,0.0,100,0,60.0,2026-04-29T16:09:16.583598,4.345
2026-04-29T16:08:17.531080,28.08,0,27.96,0.0,0.0,0.14,4.199,0.0,100,0,60.0,2026-04-29T16:09:17.530864,4.345
2026-04-29T16:08:17.576412,28.08,0,27.99,0.0,0.0,0.1,4.199,0.0,100,0,60.0,2026-04-29T16:09:17.576287,4.304
2026-04-29T16:08:17.623453,28.08,0,28.0,0.0,0.0,0.1,4.199,0.0,100,0,60.0,2026-04-29T16:09:17.623308,4.303
2026-04-29T16:08:18.605692,28.13,0,28.03,0.0,0.0,0.1,4.199,0.0,100,0,60.0,2026-04-29T16:09:18.605551,4.304
2026-04-29T16:08:18.650118,28.13,0,28.05,0.0,0.0,0.08,4.199,0.0,100,0,60.0,2026-04-29T16:09:18.649969,4.283
2026-04-29T16:08:19.626368,28.13,0,28.06,0.0,0.0,0.08,4.199,0.0,100,0,60.0,2026-04-29T16:09:19.626202,4.283
2026-04-29T16:08:19.677768,28.14,0,28.09,0.0,0.0,0.06,4.199,0.0,100,0,60.0,2026-04-29T16:09:19.677654,4.262
2026-04-29T16:08:19.720073,28.14,0,28.09,0.0,0.0,0.06,4.199,0.0,100,0,60.0,2026-04-29T16:09:19.719920,4.262
2026-04-29T16:08:20.665893,28.18,0,28.1,0.0,0.0,0.06,4.199,0.0,100,0,60.0,2026-04-29T16:09:20.665511,4.262
2026-04-29T16:08:20.794490,28.18,0,28.13,0.0,0.0,0.04,4.199,0.0,100,0,60.0,2026-04-29T16:09:20.794367,4.241
2026-04-29T16:08:20.840342,28.18,0,28.14,0.0,0.0,0.04,4.199,0.0,100,0,60.0,2026-04-29T16:09:20.840222,4.241
2026-04-29T16:08:21.732040,28.2,0,28.15,0.0,0.0,0.04,4.199,0.0,100,0,60.0,2026-04-29T16:09:21.731884,4.241
2026-04-29T16:08:21.781325,28.2,0,28.17,0.0,0.0,0.03,4.199,0.0,100,0,60.0,2026-04-29T16:09:21.781201,4.231
2026-04-29T16:08:21.823709,28.2,0,28.17,0.0,0.0,0.03,4.199,0.0,100,0,60.0,2026-04-29T16:09:21.823593,4.23
2026-04-29T16:08:22.777232,28.24,0,28.19,0.0,0.0,0.03,4.199,0.0,100,0,60.0,2026-04-29T16:09:22.777096,4.23
2026-04-29T16:08:22.823205,28.24,0,28.21,0.0,0.0,0.02,4.199,0.0,100,0,60.0,2026-04-29T16:09:22.823036,4.22
2026-04-29T16:08:22.866485,28.24,0,28.22,0.0,0.0,0.02,4.199,0.0,100,0,60.0,2026-04-29T16:09:22.866370,4.22
2026-04-29T16:08:23.842592,28.28,0,28.24,0.0,0.0,0.02,4.199,0.0,100,0,60.0,2026-04-29T16:09:23.842455,4.22
2026-04-29T16:08:23.888001,28.28,0,28.25,0.0,0.0,0.02,4.199,0.0,100,0,60.0,2026-04-29T16:09:23.887880,4.22
2026-04-29T16:08:24.840699,28.28,0,28.26,0.0,0.0,0.02,4.199,0.0,100,0,60.0,2026-04-29T16:09:24.840544,4.22
2026-04-29T16:08:24.884191,28.3,0,28.28,0.0,0.0,0.01,4.199,0.0,100,0,60.0,2026-04-29T16:09:24.884078,4.21
2026-04-29T16:08:24.926017,28.3,0,28.28,0.0,0.0,0.01,4.199,0.0,100,0,60.0,2026-04-29T16:09:24.925916,4.209
2026-04-29T16:08:25.917126,28.33,0,28.29,0.0,0.0,0.01,4.199,0.0,100,0,60.0,2026-04-29T16:09:25.916961,4.209
2026-04-29T16:08:25.967906,28.33,0,28.31,0.0,0.0,0.01,4.199,0.0,100,0,60.0,2026-04-29T16:09:25.967776,4.209
2026-04-29T16:08:26.011990,28.33,0,28.31,0.0,0.0,0.01,4.199,0.0,100,0,60.0,2026-04-29T16:09:26.011877,4.209
2026-04-29T16:08:26.965982,28.35,0,28.32,0.0,0.0,0.01,4.199,0.0,100,0,60.0,2026-04-29T16:09:26.965800,4.209
2026-04-29T16:08:27.012296,28.35,0,28.33,0.0,0.0,0.01,4.199,0.0,100,0,60.0,2026-04-29T16:09:27.012169,4.209
2026-04-29T16:08:27.056512,28.35,0,28.34,0.0,0.0,0.01,4.199,0.0,100,0,60.0,2026-04-29T16:09:27.056384,4.209
2026-04-29T16:08:28.031178,28.39,0,28.36,0.0,0.0,0.01,4.199,0.0,100,0,60.0,2026-04-29T16:09:28.030941,4.209
2026-04-29T16:08:28.076317,28.39,0,28.37,0.0,0.0,0.01,4.199,0.0,100,0,60.0,2026-04-29T16:09:28.076198,4.209
2026-04-29T16:08:28.118463,28.39,0,28.37,0.0,0.0,0.01,4.199,0.0,100,0,60.0,2026-04-29T16:09:28.118330,4.209
2026-04-29T16:08:29.088208,28.41,0,28.39,0.0,0.0,0.01,4.199,0.0,100,0,60.0,2026-04-29T16:09:29.088046,4.209
2026-04-29T16:08:29.123906,28.41,0,28.4,0.0,0.0,0.0,4.199,0.0,100,0,60.0,2026-04-29T16:09:29.123777,4.199
2026-04-29T16:08:30.096696,28.41,0,28.41,0.0,0.0,0.0,4.199,0.0,100,0,60.0,2026-04-29T16:09:30.096427,4.199
2026-04-29T16:08:30.140433,28.43,0,28.42,0.0,0.0,0.0,4.199,0.0,100,0,60.0,2026-04-29T16:09:30.140296,4.199
2026-04-29T16:08:30.173726,28.43,0,28.43,0.0,0.0,0.0,4.199,0.0,100,0,60.0,2026-04-29T16:09:30.173616,4.199
2026-04-29T16:08:31.154489,28.46,0,28.43,0.0,0.0,0.0,4.199,0.0,100,0,60.0,2026-04-29T16:09:31.154318,4.199
2026-04-29T16:08:31.195770,28.46,0,28.44,0.0,0.0,0.0,4.199,0.0,100,0,60.0,2026-04-29T16:09:31.195662,4.199
2026-04-29T16:08:31.229254,28.46,0,28.45,0.0,0.0,0.0,4.199,0.0,100,0,60.0,2026-04-29T16:09:31.229179,4.199
2026-04-29T16:08:32.209749,28.47,0,28.45,0.0,0.0,0.0,4.199,0.0,100,0,60.0,2026-04-29T16:09:32.209596,4.199
2026-04-29T16:08:32.247548,28.47,0,28.46,0.0,0.0,0.0,4.199,0.0,100,0,60.0,2026-04-29T16:09:32.247454,4.199
2026-04-29T16:08:32.280931,28.47,0,28.46,0.0,0.0,0.0,4.199,0.0,100,0,60.0,2026-04-29T16:09:32.280829,4.199
2026-04-29T16:08:33.255939,28.48,0,28.47,0.0,0.0,0.0,4.199,0.0,100,0,60.0,2026-04-29T16:09:33.255789,4.199
2026-04-29T16:08:33.293633,28.48,0,28.47,0.0,0.0,0.0,4.199,0.0,100,0,60.0,2026-04-29T16:09:33.293513,4.199
2026-04-29T16:08:33.328726,28.48,0,28.47,0.0,0.0,0.0,4.199,0.0,100,0,60.0,2026-04-29T16:09:33.328625,4.199
2026-04-29T16:08:34.315451,28.5,0,28.48,0.0,0.0,0.0,4.199,0.0,100,0,60.0,2026-04-29T16:09:34.315325,4.199
2026-04-29T16:08:34.351005,28.5,0,28.49,0.0,0.0,0.0,4.199,0.0,100,0,60.0,2026-04-29T16:09:34.350931,4.199
2026-04-29T16:08:35.340433,28.5,0,28.49,0.0,0.0,0.0,4.199,0.0,100,0,60.0,2026-04-29T16:09:35.340253,4.199
2026-04-29T16:08:35.385279,28.51,0,28.5,0.0,0.0,0.0,4.199,0.0,100,0,60.0,2026-04-29T16:09:35.385151,4.199
2026-04-29T16:08:35.418859,28.51,0,28.5,0.0,0.0,0.0,4.199,0.0,100,0,60.0,2026-04-29T16:09:35.418780,4.199
2026-04-29T16:08:36.379672,28.52,0,28.51,0.0,0.0,0.0,4.199,0.0,100,0,60.0,2026-04-29T16:09:36.379548,4.199
2026-04-29T16:08:36.417231,28.52,0,28.51,0.0,0.0,0.0,4.199,0.0,100,0,60.0,2026-04-29T16:09:36.417122,4.199
2026-04-29T16:08:36.450133,28.52,0,28.51,0.0,0.0,0.0,4.199,0.0,100,0,60.0,2026-04-29T16:09:36.450050,4.199
2026-04-29T16:08:37.447306,28.54,0,28.52,0.0,0.0,0.0,4.199,0.0,100,0,60.0,2026-04-29T16:09:37.447151,4.199
2026-04-29T16:08:37.493026,28.54,0,28.53,0.0,0.0,0.0,4.199,0.0,100,0,60.0,2026-04-29T16:09:37.492913,4.199
2026-04-29T16:08:37.527039,28.54,0,28.53,0.0,0.0,0.0,4.199,0.0,100,0,60.0,2026-04-29T16:09:37.526925,4.199
2026-04-29T16:08:38.499523,28.55,0,28.54,0.0,0.0,0.0,4.199,0.0,100,0,60.0,2026-04-29T16:09:38.499345,4.199
2026-04-29T16:08:38.538333,28.55,0,28.54,0.0,0.0,0.0,4.199,0.0,100,0,60.0,2026-04-29T16:09:38.538223,4.199
2026-04-29T16:08:38.573130,28.55,0,28.54,0.0,0.0,0.0,4.199,0.0,100,0,60.0,2026-04-29T16:09:38.573013,4.199
2026-04-29T16:08:39.541372,28.55,0,31.79,0.0,1000.0,0.0,4.199,99.2,100,0,60.0,2026-04-29T16:09:39.541216,4.205
2026-04-29T16:08:39.578366,28.55,0,31.78,0.0,1000.0,0.0,4.199,99.2,100,0,60.0,2026-04-29T16:09:39.578274,4.205
2026-04-29T16:08:39.611259,28.55,0,31.78,0.0,1000.0,0.0,4.199,99.2,100,0,60.0,2026-04-29T16:09:39.611166,4.205
2026-04-29T16:08:40.600295,28.57,0,31.81,0.0,1000.0,0.0,4.199,99.2,100,0,60.0,2026-04-29T16:09:40.600138,4.205
2026-04-29T16:08:40.636000,28.57,0,31.8,0.0,1000.0,0.0,4.199,99.2,100,0,60.0,2026-04-29T16:09:40.635904,4.205
2026-04-29T16:08:41.616924,28.57,0,31.84,0.0,1000.0,0.0,4.199,99.2,100,0,60.0,2026-04-29T16:09:41.616747,4.205
2026-04-29T16:08:41.663955,28.57,0,31.81,0.0,1000.0,0.0,4.199,99.2,100,0,60.0,2026-04-29T16:09:41.663802,4.205
2026-04-29T16:08:41.701404,28.57,0,31.81,0.0,1000.0,0.0,4.199,99.2,100,0,60.0,2026-04-29T16:09:41.701264,4.205
2026-04-29T16:08:42.681927,28.58,0,31.83,0.0,1000.0,0.0,4.199,99.2,100,0,60.0,2026-04-29T16:09:42.669991,4.205
2026-04-29T16:08:42.761523,28.58,0,31.82,0.0,1000.0,0.0,4.199,99.2,100,0,60.0,2026-04-29T16:09:42.761404,4.205
2026-04-29T16:08:42.797002,28.58,0,31.81,0.0,1000.0,0.0,4.199,99.2,100,0,60.0,2026-04-29T16:09:42.796817,4.205
2026-04-29T16:08:43.711664,28.59,0,31.84,0.0,1000.0,0.0,4.199,99.2,100,0,60.0,2026-04-29T16:09:43.711522,4.205
2026-04-29T16:08:43.747659,28.59,0,31.83,0.0,1000.0,0.0,4.199,99.2,100,0,60.0,2026-04-29T16:09:43.747529,4.205
2026-04-29T16:08:43.784380,28.59,0,31.82,0.0,1000.0,0.0,4.199,99.2,100,0,60.0,2026-04-29T16:09:43.784259,4.205
2026-04-29T16:08:44.761796,28.6,0,31.84,0.0,1000.0,0.0,4.199,99.2,100,0,60.0,2026-04-29T16:09:44.761660,4.205
2026-04-29T16:08:44.796072,28.6,0,31.84,0.0,1000.0,0.0,4.199,99.2,100,0,60.0,2026-04-29T16:09:44.795960,4.205
2026-04-29T16:08:44.831127,28.6,0,31.83,0.0,1000.0,0.0,4.199,99.2,100,0,60.0,2026-04-29T16:09:44.831020,4.205
2026-04-29T16:08:45.835011,28.6,0,31.85,0.0,1000.0,0.0,4.199,99.2,100,0,60.0,2026-04-29T16:09:45.834863,4.205
2026-04-29T16:08:45.872398,28.6,0,31.84,0.0,1000.0,0.0,4.199,99.2,100,0,60.0,2026-04-29T16:09:45.872295,4.205
2026-04-29T16:08:46.840095,28.6,0,31.87,0.0,1000.0,0.0,4.199,99.2,100,0,60.0,2026-04-29T16:09:46.839952,4.205
2026-04-29T16:08:46.874556,28.61,0,31.85,0.0,1000.0,0.0,4.199,99.2,100,0,60.0,2026-04-29T16:09:46.874432,4.205
2026-04-29T16:08:46.911669,28.61,0,31.84,0.0,1000.0,0.0,4.199,99.2,100,0,60.0,2026-04-29T16:09:46.911549,4.205
2026-04-29T16:08:47.915755,28.62,0,31.87,0.0,1000.0,0.0,4.199,99.2,100,0,60.0,2026-04-29T16:09:47.915546,4.205
2026-04-29T16:08:47.966270,28.62,0,31.86,0.0,1000.0,0.0,4.199,99.2,100,0,60.0,2026-04-29T16:09:47.965895,4.205
2026-04-29T16:08:48.040234,28.62,0,31.86,0.0,1000.0,0.0,4.199,99.2,100,0,60.0,2026-04-29T16:09:48.040058,4.205
2026-04-29T16:08:48.972081,28.62,0,31.88,0.0,1000.0,0.0,4.199,99.2,100,0,60.0,2026-04-29T16:09:48.971930,4.205
2026-04-29T16:08:49.013153,28.62,0,31.86,0.0,1000.0,0.0,4.199,99.2,100,0,60.0,2026-04-29T16:09:49.012917,4.205
2026-04-29T16:08:49.050593,28.62,0,31.86,0.0,1000.0,0.0,4.199,99.2,100,0,60.0,2026-04-29T16:09:49.050467,4.205
2026-04-29T16:08:50.026724,28.63,0,31.88,0.0,1000.0,0.0,4.199,99.2,100,0,60.0,2026-04-29T16:09:50.026579,4.205
2026-04-29T16:08:50.066047,28.63,0,31.87,0.0,1000.0,0.0,4.199,99.2,100,0,60.0,2026-04-29T16:09:50.065897,4.205
2026-04-29T16:08:50.101721,28.63,0,31.86,0.0,1000.0,0.0,4.199,99.2,100,0,60.0,2026-04-29T16:09:50.101610,4.205
2026-04-29T16:08:51.079462,28.64,0,31.88,0.0,1000.0,0.0,4.199,99.2,100,0,60.0,2026-04-29T16:09:51.079277,4.205
2026-04-29T16:08:51.117624,28.64,0,31.88,0.0,1000.0,0.0,4.199,99.2,100,0,60.0,2026-04-29T16:09:51.117501,4.205
2026-04-29T16:08:52.103711,28.64,0,31.91,0.0,1000.0,0.0,4.199,99.2,100,0,60.0,2026-04-29T16:09:52.103516,4.205
2026-04-29T16:08:52.149316,28.64,0,31.89,0.0,1000.0,0.0,4.199,99.2,100,0,60.0,2026-04-29T16:09:52.149173,4.205
2026-04-29T16:08:52.185594,28.64,0,31.88,0.0,1000.0,0.0,4.199,99.2,100,0,60.0,2026-04-29T16:09:52.185484,4.205
2026-04-29T16:08:53.157012,28.65,0,31.91,0.0,1000.0,0.0,4.199,99.2,100,0,60.0,2026-04-29T16:09:53.156820,4.205
2026-04-29T16:08:53.199872,28.65,0,31.89,0.0,1000.0,0.0,4.199,99.2,100,0,60.0,2026-04-29T16:09:53.199737,4.205
2026-04-29T16:08:53.236335,28.65,0,31.89,0.0,1000.0,0.0,4.199,99.2,100,0,60.0,2026-04-29T16:09:53.236210,4.205
2026-04-29T16:08:54.210921,28.65,0,31.91,0.0,1000.0,0.0,4.199,99.2,100,0,60.0,2026-04-29T16:09:54.210769,4.205
2026-04-29T16:08:54.252234,28.65,0,31.89,0.0,1000.0,0.0,4.199,99.2,100,0,60.0,2026-04-29T16:09:54.252111,4.205
2026-04-29T16:08:54.287576,28.65,0,31.89,0.0,1000.0,0.0,4.199,99.2,100,0,60.0,2026-04-29T16:09:54.287454,4.205
2026-04-29T16:08:55.266138,28.65,0,31.9,0.0,1000.0,0.0,4.199,99.2,100,0,60.0,2026-04-29T16:09:55.265981,4.205
2026-04-29T16:08:55.305233,28.65,0,31.89,0.0,1000.0,0.0,4.199,99.2,100,0,60.0,2026-04-29T16:09:55.305124,4.205
2026-04-29T16:08:55.340663,28.65,0,31.89,0.0,1000.0,0.0,4.199,99.2,100,0,60.0,2026-04-29T16:09:55.340540,4.205
2026-04-29T16:08:56.304901,28.65,0,31.9,0.0,1000.0,0.0,4.199,99.2,100,0,60.0,2026-04-29T16:09:56.304771,4.205
2026-04-29T16:08:56.340398,28.65,0,31.89,0.0,1000.0,0.0,4.199,99.2,100,0,60.0,2026-04-29T16:09:56.340277,4.205
2026-04-29T16:08:57.340501,28.65,0,31.92,0.0,1000.0,0.0,4.199,99.2,99,0,60.0,2026-04-29T16:09:57.340318,4.205
2026-04-29T16:08:57.386631,28.66,0,31.9,0.0,1000.0,0.0,4.199,99.2,99,0,60.0,2026-04-29T16:09:57.386496,4.205
2026-04-29T16:08:57.422824,28.66,0,31.9,0.0,1000.0,0.0,4.199,99.2,99,0,60.0,2026-04-29T16:09:57.422699,4.205
2026-04-29T16:08:58.387291,28.66,0,31.92,0.0,1000.0,0.0,4.199,99.2,99,0,60.0,2026-04-29T16:09:58.387138,4.205
2026-04-29T16:08:58.427144,28.66,0,31.9,0.0,1000.0,0.0,4.199,99.2,99,0,60.0,2026-04-29T16:09:58.427033,4.205
2026-04-29T16:08:58.461573,28.66,0,31.9,0.0,1000.0,0.0,4.199,99.2,99,0,60.0,2026-04-29T16:09:58.461452,4.205
2026-04-29T16:08:59.450921,28.67,0,31.92,0.0,1000.0,0.0,4.199,99.2,99,0,60.0,2026-04-29T16:09:59.450756,4.205
2026-04-29T16:08:59.491892,28.67,0,31.91,0.0,1000.0,0.0,4.199,99.2,99,0,60.0,2026-04-29T16:09:59.491771,4.205
2026-04-29T16:08:59.527747,28.67,0,31.9,0.0,1000.0,0.0,4.199,99.2,99,0,60.0,2026-04-29T16:09:59.527631,4.205
2026-04-29T16:09:00.504935,28.67,0,31.92,0.0,1000.0,0.0,4.199,99.2,99,0,60.0,2026-04-29T16:10:00.504794,4.205
2026-04-29T16:09:00.543760,28.67,0,31.91,0.0,1000.0,0.0,4.199,99.2,99,0,60.0,2026-04-29T16:10:00.543646,4.205
2026-04-29T16:09:00.579302,28.67,0,31.91,0.0,1000.0,0.0,4.199,99.2,99,0,60.0,2026-04-29T16:10:00.579182,4.205
2026-04-29T16:09:01.560792,28.67,0,31.92,0.0,1000.0,0.0,4.199,99.2,99,0,60.0,2026-04-29T16:10:01.560654,4.205
2026-04-29T16:09:01.598799,28.67,0,31.91,0.0,1000.0,0.0,4.199,99.2,99,0,60.0,2026-04-29T16:10:01.598660,4.205
2026-04-29T16:09:02.581274,28.67,0,31.94,0.0,1000.0,0.0,4.199,99.2,99,0,60.0,2026-04-29T16:10:02.581077,4.205
2026-04-29T16:09:02.625676,28.67,0,31.92,0.0,1000.0,0.0,4.199,99.2,99,0,60.0,2026-04-29T16:10:02.625550,4.205
2026-04-29T16:09:02.688785,28.67,0,31.91,0.0,1000.0,0.0,4.199,99.2,99,0,60.0,2026-04-29T16:10:02.670531,4.205
2026-04-29T16:09:03.626022,28.68,0,31.94,0.0,1000.0,0.0,4.199,99.2,99,0,60.0,2026-04-29T16:10:03.625868,4.205
2026-04-29T16:09:03.665746,28.68,0,31.92,0.0,1000.0,0.0,4.199,99.2,99,0,60.0,2026-04-29T16:10:03.665599,4.205
2026-04-29T16:09:03.700703,28.68,0,31.92,0.0,1000.0,0.0,4.199,99.2,99,0,60.0,2026-04-29T16:10:03.700593,4.205
2026-04-29T16:09:04.728735,28.69,0,31.94,0.0,1000.0,0.0,4.199,99.2,99,0,60.0,2026-04-29T16:10:04.716226,4.205
2026-04-29T16:09:04.778339,28.69,0,31.93,0.0,1000.0,0.0,4.199,99.2,99,0,60.0,2026-04-29T16:10:04.778225,4.205
2026-04-29T16:09:04.814215,28.69,0,31.93,0.0,1000.0,0.0,4.199,99.2,99,0,60.0,2026-04-29T16:10:04.814059,4.205
2026-04-29T16:09:05.735843,28.69,0,31.94,0.0,1000.0,0.0,4.199,99.2,99,0,60.0,2026-04-29T16:10:05.735704,4.205
2026-04-29T16:09:05.771686,28.69,0,31.93,0.0,1000.0,0.0,4.199,99.2,99,0,60.0,2026-04-29T16:10:05.771589,4.205
2026-04-29T16:09:05.807521,28.69,0,31.93,0.0,1000.0,0.0,4.199,99.2,99,0,60.0,2026-04-29T16:10:05.807409,4.205
2026-04-29T16:09:06.769024,28.69,0,31.94,0.0,1000.0,0.0,4.199,99.2,99,0,60.0,2026-04-29T16:10:06.768905,4.205
2026-04-29T16:09:06.804645,28.69,0,31.93,0.0,1000.0,0.0,4.199,99.2,99,0,60.0,2026-04-29T16:10:06.804533,4.205
2026-04-29T16:09:07.813421,28.69,0,31.96,0.0,1000.0,0.0,4.199,99.2,99,0,60.0,2026-04-29T16:10:07.813246,4.205
2026-04-29T16:09:07.857551,28.7,0,31.94,0.0,1000.0,0.0,4.199,99.2,99,0,60.0,2026-04-29T16:10:07.857409,4.205
2026-04-29T16:09:07.892351,28.7,0,31.94,0.0,1000.0,0.0,4.199,99.2,99,0,60.0,2026-04-29T16:10:07.892239,4.205
2026-04-29T16:09:08.853922,28.71,0,31.97,0.0,1000.0,0.0,4.199,99.2,99,0,60.0,2026-04-29T16:10:08.853779,4.205
2026-04-29T16:09:08.894025,28.71,0,31.95,0.0,1000.0,0.0,4.199,99.2,99,0,60.0,2026-04-29T16:10:08.893917,4.205
2026-04-29T16:09:08.928918,28.71,0,31.95,0.0,1000.0,0.0,4.199,99.2,99,0,60.0,2026-04-29T16:10:08.928807,4.205
2026-04-29T16:09:09.928331,28.72,0,31.97,0.0,1000.0,0.0,4.199,99.2,99,0,60.0,2026-04-29T16:10:09.928177,4.205
2026-04-29T16:09:09.970237,28.72,0,31.96,0.0,1000.0,0.0,4.199,99.2,99,0,60.0,2026-04-29T16:10:09.970117,4.205
2026-04-29T16:09:10.005782,28.72,0,31.96,0.0,1000.0,0.0,4.199,99.2,99,0,60.0,2026-04-29T16:10:10.005687,4.205
2026-04-29T16:09:10.983572,28.72,0,31.97,0.0,1000.0,0.0,4.199,99.2,99,0,60.0,2026-04-29T16:10:10.983420,4.205
2026-04-29T16:09:11.023628,28.72,0,31.96,0.0,1000.0,0.0,4.199,99.2,99,0,60.0,2026-04-29T16:10:11.023512,4.205
2026-04-29T16:09:11.059275,28.72,0,31.96,0.0,1000.0,0.0,4.199,99.2,99,0,60.0,2026-04-29T16:10:11.059166,4.205
2026-04-29T16:09:12.039459,28.74,0,31.98,0.0,1000.0,0.0,4.199,99.2,99,0,60.0,2026-04-29T16:10:12.039285,4.205
2026-04-29T16:09:12.077088,28.74,0,31.98,0.0,1000.0,0.0,4.199,99.2,99,0,60.0,2026-04-29T16:10:12.076983,4.205
2026-04-29T16:09:13.060781,28.74,0,32.01,0.0,1000.0,0.0,4.199,99.2,99,0,60.0,2026-04-29T16:10:13.060608,4.205
2026-04-29T16:09:13.106436,28.75,0,31.99,0.0,1000.0,0.0,4.199,99.2,99,0,60.0,2026-04-29T16:10:13.106296,4.205
2026-04-29T16:09:13.141714,28.75,0,31.99,0.0,1000.0,0.0,4.199,99.2,99,0,60.0,2026-04-29T16:10:13.141607,4.205
2026-04-29T16:09:14.121531,28.77,0,32.02,0.0,1000.0,0.0,4.199,99.2,99,0,60.0,2026-04-29T16:10:14.121382,4.205
2026-04-29T16:09:14.522384,28.77,0,32.01,0.0,1000.0,0.0,4.199,99.2,99,0,60.0,2026-04-29T16:10:14.522263,4.205
2026-04-29T16:09:14.560429,28.77,0,32.01,0.0,1000.0,0.0,4.199,99.2,99,0,60.0,2026-04-29T16:10:14.560325,4.205
2026-04-29T16:09:15.169445,28.79,0,32.03,0.0,1000.0,0.0,4.199,99.2,99,0,60.0,2026-04-29T16:10:15.169259,4.205
2026-04-29T16:09:15.209652,28.79,0,32.02,0.0,1000.0,0.0,4.199,99.2,99,0,60.0,2026-04-29T16:10:15.209528,4.205
2026-04-29T16:09:15.244202,28.79,0,32.02,0.0,1000.0,0.0,4.199,99.2,99,0,60.0,2026-04-29T16:10:15.244103,4.205
2026-04-29T16:09:16.226302,28.81,0,32.05,0.0,1000.0,0.0,4.199,99.1,99,0,60.0,2026-04-29T16:10:16.226140,4.205
2026-04-29T16:09:16.267584,28.81,0,32.05,0.0,1000.0,0.0,4.199,99.1,99,0,60.0,2026-04-29T16:10:16.267440,4.205
2026-04-29T16:09:16.303531,28.81,0,32.04,0.0,1000.0,0.0,4.199,99.1,99,0,60.0,2026-04-29T16:10:16.303418,4.205
2026-04-29T16:09:17.277313,28.82,0,32.07,0.0,1000.0,0.0,4.199,99.1,99,0,60.0,2026-04-29T16:10:17.277151,4.205
2026-04-29T16:09:17.316027,28.82,0,32.06,0.0,1000.0,0.0,4.199,99.1,99,0,60.0,2026-04-29T16:10:17.315902,4.205
2026-04-29T16:09:18.287022,28.82,0,32.09,0.0,1000.0,0.0,4.199,99.1,99,0,60.0,2026-04-29T16:10:18.286854,4.205
2026-04-29T16:09:18.325538,28.85,0,32.09,0.0,1000.0,0.0,4.199,99.1,99,0,60.0,2026-04-29T16:10:18.325407,4.205
2026-04-29T16:09:18.360803,28.85,0,32.08,0.0,1000.0,0.0,4.199,99.1,99,0,60.0,2026-04-29T16:10:18.360690,4.205
2026-04-29T16:09:19.355443,28.88,0,32.12,0.0,1000.0,0.0,4.199,99.1,99,0,60.0,2026-04-29T16:10:19.355247,4.205
2026-04-29T16:09:19.398237,28.88,0,32.11,0.0,1000.0,0.0,4.199,99.1,99,0,60.0,2026-04-29T16:10:19.398098,4.205
2026-04-29T16:09:19.433784,28.88,0,32.11,0.0,1000.0,0.0,4.199,99.1,99,0,60.0,2026-04-29T16:10:19.433666,4.205
2026-04-29T16:09:20.410513,28.92,0,32.15,0.0,1000.0,0.0,4.199,99.1,99,0,60.0,2026-04-29T16:10:20.410365,4.205
2026-04-29T16:09:20.451206,28.92,0,32.14,0.0,1000.0,0.0,4.199,99.1,99,0,60.0,2026-04-29T16:10:20.451078,4.205
2026-04-29T16:09:20.486095,28.92,0,32.14,0.0,1000.0,0.0,4.199,99.1,99,0,60.0,2026-04-29T16:10:20.485990,4.205
2026-04-29T16:09:21.445160,28.98,0,32.19,0.0,1000.0,0.0,4.199,99.1,99,0,60.0,2026-04-29T16:10:21.444948,4.205
2026-04-29T16:09:21.483682,28.98,0,32.19,0.0,1000.0,0.0,4.199,99.1,99,0,60.0,2026-04-29T16:10:21.483422,4.205
2026-04-29T16:09:21.522103,28.98,0,32.2,0.0,1000.0,0.0,4.199,99.1,99,0,60.0,2026-04-29T16:10:21.521996,4.205
2026-04-29T16:09:22.517396,29.05,0,32.25,0.0,1000.0,0.0,4.199,99.1,99,0,60.0,2026-04-29T16:10:22.517250,4.205
2026-04-29T16:09:22.557067,29.05,0,32.26,0.0,1000.0,0.0,4.199,99.1,99,0,60.0,2026-04-29T16:10:22.556946,4.205
2026-04-29T16:09:23.536661,29.05,0,32.3,0.0,1000.0,0.0,4.199,99.1,99,0,60.0,2026-04-29T16:10:23.536465,4.205
2026-04-29T16:09:23.584770,29.13,0,32.33,0.0,1000.0,0.0,4.199,99.1,99,0,60.0,2026-04-29T16:10:23.584621,4.205
2026-04-29T16:09:23.621200,29.13,0,32.34,0.0,1000.0,0.0,4.199,99.1,99,0,60.0,2026-04-29T16:10:23.621091,4.205
2026-04-29T16:09:24.595032,29.23,0,32.4,0.0,1000.0,0.0,4.199,99.1,99,0,60.0,2026-04-29T16:10:24.594873,4.205
2026-04-29T16:09:24.638719,29.23,0,32.42,0.0,1000.0,0.0,4.199,99.1,99,0,60.0,2026-04-29T16:10:24.638607,4.205
2026-04-29T16:09:24.731051,29.23,0,32.44,0.0,1000.0,0.0,4.199,99.1,99,0,60.0,2026-04-29T16:10:24.707395,4.205
2026-04-29T16:09:25.652235,29.31,0,32.5,0.0,1000.0,0.0,4.199,99.0,99,0,60.0,2026-04-29T16:10:25.652084,4.205
2026-04-29T16:09:25.693035,29.31,0,32.51,0.0,1000.0,0.0,4.199,99.0,99,0,60.0,2026-04-29T16:10:25.692917,4.205
2026-04-29T16:09:25.728917,29.31,0,32.52,0.0,1000.0,0.0,4.199,99.0,99,0,60.0,2026-04-29T16:10:25.728807,4.205
2026-04-29T16:09:26.758802,29.43,0,32.6,0.0,1000.0,0.0,4.199,99.0,99,0,60.0,2026-04-29T16:10:26.758657,4.205
2026-04-29T16:09:26.794083,29.43,0,32.62,0.0,1000.0,0.0,4.199,99.0,99,0,60.0,2026-04-29T16:10:26.793984,4.205
2026-04-29T16:09:26.831393,29.43,0,32.63,0.0,1000.0,0.0,4.199,99.0,99,0,60.0,2026-04-29T16:10:26.831262,4.205
2026-04-29T16:09:27.746054,29.52,0,32.7,0.0,1000.0,0.0,4.199,99.0,99,0,60.0,2026-04-29T16:10:27.745930,4.205
2026-04-29T16:09:27.781907,29.52,0,32.72,0.0,1000.0,0.0,4.199,99.0,99,0,60.0,2026-04-29T16:10:27.781736,4.205
2026-04-29T16:09:28.759009,29.52,0,32.77,0.0,1000.0,0.0,4.199,99.0,99,0,60.0,2026-04-29T16:10:28.758867,4.205
2026-04-29T16:09:28.794003,29.62,0,32.81,0.0,1000.0,0.0,4.199,99.0,99,0,60.0,2026-04-29T16:10:28.793903,4.205
2026-04-29T16:09:28.829766,29.62,0,32.82,0.0,1000.0,0.0,4.199,99.0,99,0,60.0,2026-04-29T16:10:28.829621,4.205
2026-04-29T16:09:29.828756,29.75,0,32.89,0.0,1000.0,0.0,4.199,98.9,99,0,60.0,2026-04-29T16:10:29.828595,4.205
2026-04-29T16:09:29.870841,29.75,0,32.93,0.0,1000.0,0.0,4.199,98.9,99,0,60.0,2026-04-29T16:10:29.870716,4.205
2026-04-29T16:09:29.906370,29.75,0,32.95,0.0,1000.0,0.0,4.199,98.9,99,0,60.0,2026-04-29T16:10:29.906268,4.205
2026-04-29T16:09:30.867168,29.87,0,33.02,0.0,1000.0,0.0,4.199,98.9,99,0,60.0,2026-04-29T16:10:30.866994,4.205
2026-04-29T16:09:30.907515,29.87,0,33.04,0.0,1000.0,0.0,4.199,98.9,99,0,60.0,2026-04-29T16:10:30.907415,4.205
2026-04-29T16:09:30.942588,29.87,0,33.05,0.0,1000.0,0.0,4.199,98.9,99,0,60.0,2026-04-29T16:10:30.942463,4.205
2026-04-29T16:09:31.942311,29.99,0,33.14,0.0,1000.0,0.0,4.199,98.9,99,0,60.0,2026-04-29T16:10:31.942150,4.205
2026-04-29T16:09:31.984144,29.99,0,33.16,0.0,1000.0,0.0,4.199,98.9,99,0,60.0,2026-04-29T16:10:31.983990,4.205
2026-04-29T16:09:32.020151,29.99,0,33.18,0.0,1000.0,0.0,4.199,98.9,99,0,60.0,2026-04-29T16:10:32.020025,4.205
2026-04-29T16:09:32.996955,30.11,0,33.27,0.0,1000.0,0.0,4.199,98.9,99,0,60.0,2026-04-29T16:10:32.996808,4.205
2026-04-29T16:09:33.037140,30.11,0,33.29,0.0,1000.0,0.0,4.199,98.9,99,0,60.0,2026-04-29T16:10:33.037013,4.205
2026-04-29T16:09:34.020427,30.11,0,33.34,0.0,1000.0,0.0,4.199,98.9,99,0,60.0,2026-04-29T16:10:34.020253,4.205
2026-04-29T16:09:34.067134,30.21,0,33.39,0.0,1000.0,0.0,4.199,98.8,99,0,60.0,2026-04-29T16:10:34.067001,4.205
2026-04-29T16:09:34.102893,30.21,0,33.4,0.0,1000.0,0.0,4.199,98.8,99,0,60.0,2026-04-29T16:10:34.102770,4.205
2026-04-29T16:09:35.077329,30.33,0,33.46,0.0,1000.0,0.0,4.199,98.8,99,0,60.0,2026-04-29T16:10:35.077143,4.205
2026-04-29T16:09:35.121100,30.33,0,33.5,0.0,1000.0,0.0,4.199,98.8,99,0,60.0,2026-04-29T16:10:35.120975,4.205
2026-04-29T16:09:35.156815,30.33,0,33.51,0.0,1000.0,0.0,4.199,98.8,99,0,60.0,2026-04-29T16:10:35.156681,4.205
2026-04-29T16:09:36.131758,30.43,0,33.58,0.0,1000.0,0.0,4.199,98.8,99,0,60.0,2026-04-29T16:10:36.131533,4.205
2026-04-29T16:09:36.173237,30.43,0,33.61,0.0,1000.0,0.0,4.199,98.8,99,0,60.0,2026-04-29T16:10:36.173104,4.205
2026-04-29T16:09:36.208852,30.43,0,33.62,0.0,1000.0,0.0,4.199,98.8,99,0,60.0,2026-04-29T16:10:36.208709,4.205
2026-04-29T16:09:37.188040,30.53,0,33.69,0.0,1000.0,0.0,4.199,98.8,99,0,60.0,2026-04-29T16:10:37.187885,4.205
2026-04-29T16:09:37.226916,30.53,0,33.71,0.0,1000.0,0.0,4.199,98.8,99,0,60.0,2026-04-29T16:10:37.226801,4.205
2026-04-29T16:09:37.262566,30.53,0,33.72,0.0,1000.0,0.0,4.199,98.8,99,0,60.0,2026-04-29T16:10:37.262455,4.205
2026-04-29T16:09:38.237692,30.62,0,33.8,0.0,1000.0,0.0,4.199,98.7,99,0,60.0,2026-04-29T16:10:38.237590,4.205
2026-04-29T16:09:38.275358,30.62,0,33.81,0.0,1000.0,0.0,4.199,98.7,99,0,60.0,2026-04-29T16:10:38.275232,4.205
2026-04-29T16:09:39.263807,30.62,0,33.86,0.0,1000.0,0.0,4.199,98.7,99,0,60.0,2026-04-29T16:10:39.263626,4.205
2026-04-29T16:09:39.308779,30.72,0,33.9,0.0,1000.0,0.0,4.199,98.7,99,0,60.0,2026-04-29T16:10:39.308619,4.205
2026-04-29T16:09:39.344204,30.72,0,33.91,0.0,1000.0,0.0,4.199,98.7,99,0,60.0,2026-04-29T16:10:39.344080,4.205
2026-04-29T16:09:40.319572,30.81,0,33.97,0.0,1000.0,0.0,4.199,98.7,99,0,60.0,2026-04-29T16:10:40.319405,4.205
2026-04-29T16:09:40.362708,30.81,0,33.99,0.0,1000.0,0.0,4.199,98.7,99,0,60.0,2026-04-29T16:10:40.362593,4.205
2026-04-29T16:09:40.400704,30.81,0,34.0,0.0,1000.0,0.0,4.199,98.7,99,0,60.0,2026-04-29T16:10:40.400542,4.205
2026-04-29T16:09:41.352327,30.9,0,34.06,0.0,1000.0,0.0,4.199,98.7,99,0,60.0,2026-04-29T16:10:41.352174,4.205
2026-04-29T16:09:41.388952,30.9,0,34.08,0.0,1000.0,0.0,4.199,98.7,99,0,60.0,2026-04-29T16:10:41.388827,4.205
2026-04-29T16:09:41.424803,30.9,0,34.09,0.0,1000.0,0.0,4.199,98.7,99,0,60.0,2026-04-29T16:10:41.424690,4.205
2026-04-29T16:09:42.426460,30.98,0,34.16,0.0,1000.0,0.0,4.199,98.7,99,0,60.0,2026-04-29T16:10:42.426296,4.205
2026-04-29T16:09:42.466881,30.98,0,34.17,0.0,1000.0,0.0,4.199,98.7,99,0,60.0,2026-04-29T16:10:42.466728,4.205
2026-04-29T16:09:42.503173,30.98,0,34.18,0.0,1000.0,0.0,4.199,98.7,99,0,60.0,2026-04-29T16:10:42.503028,4.205
2026-04-29T16:09:43.466290,31.05,0,34.24,0.0,1000.0,0.0,4.199,98.6,99,0,60.0,2026-04-29T16:10:43.466074,4.206
2026-04-29T16:09:43.505161,31.05,0,34.25,0.0,1000.0,0.0,4.199,98.6,99,0,60.0,2026-04-29T16:10:43.505039,4.206
2026-04-29T16:09:44.502194,31.05,0,34.3,0.0,1000.0,0.0,4.199,98.6,99,0,60.0,2026-04-29T16:10:44.502002,4.206
2026-04-29T16:09:44.547741,31.13,0,34.32,0.0,1000.0,0.0,4.199,98.6,99,0,60.0,2026-04-29T16:10:44.547578,4.206
2026-04-29T16:09:44.584140,31.13,0,34.33,0.0,1000.0,0.0,4.199,98.6,99,0,60.0,2026-04-29T16:10:44.583984,4.206
2026-04-29T16:09:45.553592,31.21,0,34.38,0.0,1000.0,0.0,4.199,98.6,99,0,60.0,2026-04-29T16:10:45.553410,4.206
2026-04-29T16:09:45.595652,31.21,0,34.41,0.0,1000.0,0.0,4.199,98.6,99,0,60.0,2026-04-29T16:10:45.595542,4.206
2026-04-29T16:09:45.632300,31.21,0,34.41,0.0,1000.0,0.0,4.199,98.6,99,0,60.0,2026-04-29T16:10:45.632107,4.206
2026-04-29T16:09:46.611746,31.28,0,34.47,0.0,1000.0,0.0,4.199,98.6,99,0,60.0,2026-04-29T16:10:46.611596,4.206
2026-04-29T16:09:46.654681,31.28,0,34.48,0.0,1000.0,0.0,4.199,98.6,99,0,60.0,2026-04-29T16:10:46.654285,4.206
2026-04-29T16:09:46.744959,31.28,0,34.48,0.0,1000.0,0.0,4.199,98.6,99,0,60.0,2026-04-29T16:10:46.744708,4.206
2026-04-29T16:09:47.648140,31.36,0,34.54,0.0,1000.0,0.0,4.199,98.6,99,0,60.0,2026-04-29T16:10:47.647981,4.206
2026-04-29T16:09:47.686148,31.36,0,34.55,0.0,1000.0,0.0,4.199,98.6,99,0,60.0,2026-04-29T16:10:47.686016,4.206
2026-04-29T16:09:47.722769,31.36,0,34.56,0.0,1000.0,0.0,4.199,98.6,99,0,60.0,2026-04-29T16:10:47.722662,4.206
2026-04-29T16:09:48.759223,31.42,0,34.61,0.0,1000.0,0.0,4.199,98.6,99,0,60.0,2026-04-29T16:10:48.759006,4.206
2026-04-29T16:09:48.794181,31.42,0,34.61,0.0,1000.0,0.0,4.199,98.6,99,0,60.0,2026-04-29T16:10:48.794098,4.206
2026-04-29T16:09:49.734709,31.42,0,34.66,0.0,1000.0,0.0,4.199,98.6,99,0,60.0,2026-04-29T16:10:49.734546,4.206
2026-04-29T16:09:49.772163,31.5,0,34.68,0.0,1000.0,0.0,4.199,98.5,99,0,60.0,2026-04-29T16:10:49.772063,4.206
2026-04-29T16:09:49.807787,31.5,0,34.69,0.0,1000.0,0.0,4.199,98.5,99,0,60.0,2026-04-29T16:10:49.807675,4.206
2026-04-29T16:09:50.775453,31.57,0,34.74,0.0,1000.0,0.0,4.199,98.5,99,0,60.0,2026-04-29T16:10:50.775321,4.206
2026-04-29T16:09:50.811518,31.57,0,34.76,0.0,1000.0,0.0,4.199,98.5,99,0,60.0,2026-04-29T16:10:50.811384,4.206
2026-04-29T16:09:50.846348,31.57,0,34.76,0.0,1000.0,0.0,4.199,98.5,99,0,60.0,2026-04-29T16:10:50.846238,4.206
2026-04-29T16:09:51.851999,31.65,0,34.82,0.0,1000.0,0.0,4.199,98.5,99,0,60.0,2026-04-29T16:10:51.851849,4.206
2026-04-29T16:09:51.893702,31.65,0,34.84,0.0,1000.0,0.0,4.199,98.5,99,0,60.0,2026-04-29T16:10:51.893580,4.206
2026-04-29T16:09:51.929716,31.65,0,34.84,0.0,1000.0,0.0,4.199,98.5,99,0,60.0,2026-04-29T16:10:51.929600,4.206
2026-04-29T16:09:52.888964,31.71,0,34.89,0.0,1000.0,0.0,4.199,98.5,99,0,60.0,2026-04-29T16:10:52.888820,4.206
2026-04-29T16:09:52.928918,31.71,0,34.9,0.0,1000.0,0.0,4.199,98.5,99,0,60.0,2026-04-29T16:10:52.928808,4.206
2026-04-29T16:09:52.965583,31.71,0,34.9,0.0,1000.0,0.0,4.199,98.5,99,0,60.0,2026-04-29T16:10:52.965434,4.206
2026-04-29T16:09:53.960151,31.79,0,34.97,0.0,1000.0,0.0,4.199,98.5,99,0,60.0,2026-04-29T16:10:53.959998,4.206
2026-04-29T16:09:53.999439,31.79,0,34.98,0.0,1000.0,0.0,4.199,98.5,99,0,60.0,2026-04-29T16:10:53.999285,4.206
2026-04-29T16:09:54.984334,31.79,0,35.02,0.0,1000.0,0.0,4.199,98.5,99,0,60.0,2026-04-29T16:10:54.984092,4.206
2026-04-29T16:09:55.030764,31.84,0,35.03,0.0,1000.0,0.0,4.199,98.5,99,0,60.0,2026-04-29T16:10:55.030635,4.206
2026-04-29T16:09:55.069610,31.84,0,35.04,0.0,1000.0,0.0,4.199,98.5,99,0,60.0,2026-04-29T16:10:55.069477,4.206
2026-04-29T16:09:56.041463,31.9,0,35.08,0.0,1000.0,0.0,4.199,98.5,99,0,60.0,2026-04-29T16:10:56.041292,4.206
2026-04-29T16:09:56.085181,31.9,0,35.09,0.0,1000.0,0.0,4.199,98.5,99,0,60.0,2026-04-29T16:10:56.085018,4.206
2026-04-29T16:09:56.120967,31.9,0,35.1,0.0,1000.0,0.0,4.199,98.5,99,0,60.0,2026-04-29T16:10:56.120847,4.206
2026-04-29T16:09:57.095423,31.96,0,35.14,0.0,1000.0,0.0,4.199,98.4,99,0,60.0,2026-04-29T16:10:57.095270,4.206
2026-04-29T16:09:57.145412,31.96,0,35.15,0.0,1000.0,0.0,4.199,98.4,99,0,60.0,2026-04-29T16:10:57.145285,4.206
2026-04-29T16:09:57.181957,31.96,0,35.16,0.0,1000.0,0.0,4.199,98.4,99,0,60.0,2026-04-29T16:10:57.181805,4.206
2026-04-29T16:09:58.147836,31.99,0,35.2,0.0,1000.0,0.0,4.199,98.4,99,0,60.0,2026-04-29T16:10:58.147644,4.206
2026-04-29T16:09:58.186870,31.99,0,35.2,0.0,1000.0,0.0,4.199,98.4,99,0,60.0,2026-04-29T16:10:58.186760,4.206
2026-04-29T16:09:58.222288,31.99,0,35.2,0.0,1000.0,0.0,4.199,98.4,99,0,60.0,2026-04-29T16:10:58.222174,4.206
2026-04-29T16:09:59.189562,32.03,0,35.24,0.0,1000.0,0.0,4.199,98.4,99,0,60.0,2026-04-29T16:10:59.189435,4.206
2026-04-29T16:09:59.233824,32.03,0,35.24,0.0,1000.0,0.0,4.199,98.4,99,0,60.0,2026-04-29T16:10:59.233694,4.206
2026-04-29T16:10:00.227659,32.03,0,35.28,0.0,1000.0,0.0,4.199,98.4,99,0,60.0,2026-04-29T16:11:00.227469,4.206
2026-04-29T16:10:00.274069,32.08,0,35.28,0.0,1000.0,0.0,4.199,98.4,99,0,60.0,2026-04-29T16:11:00.273930,4.206
2026-04-29T16:10:00.309496,32.08,0,35.28,0.0,1000.0,0.0,4.199,98.4,99,0,60.0,2026-04-29T16:11:00.309382,4.206
2026-04-29T16:10:01.282284,32.13,0,35.33,0.0,1000.0,0.0,4.199,98.4,99,0,60.0,2026-04-29T16:11:01.282144,4.206
2026-04-29T16:10:01.325981,32.13,0,35.33,0.0,1000.0,0.0,4.199,98.4,99,0,60.0,2026-04-29T16:11:01.325866,4.206
2026-04-29T16:10:01.361188,32.13,0,35.33,0.0,1000.0,0.0,4.199,98.4,99,0,60.0,2026-04-29T16:11:01.361072,4.206
2026-04-29T16:10:02.335441,32.18,0,35.38,0.0,1000.0,0.0,4.199,98.4,99,0,60.0,2026-04-29T16:11:02.335259,4.206
2026-04-29T16:10:02.376272,32.18,0,35.38,0.0,1000.0,0.0,4.199,98.4,99,0,60.0,2026-04-29T16:11:02.376150,4.206
2026-04-29T16:10:02.412223,32.18,0,35.38,0.0,1000.0,0.0,4.199,98.4,99,0,60.0,2026-04-29T16:11:02.412115,4.206
2026-04-29T16:10:03.371760,32.24,0,35.43,0.0,1000.0,0.0,4.199,98.4,99,0,60.0,2026-04-29T16:11:03.371616,4.206
2026-04-29T16:10:03.420795,32.24,0,35.43,0.0,1000.0,0.0,4.199,98.4,99,0,60.0,2026-04-29T16:11:03.420625,4.206
2026-04-29T16:10:03.457168,32.24,0,35.44,0.0,1000.0,0.0,4.199,98.4,99,0,60.0,2026-04-29T16:11:03.457049,4.206
2026-04-29T16:10:04.444396,32.29,0,35.48,0.0,1000.0,0.0,4.199,98.4,99,0,60.0,2026-04-29T16:11:04.444238,4.206
2026-04-29T16:10:04.484494,32.29,0,35.49,0.0,1000.0,0.0,4.199,98.4,99,0,60.0,2026-04-29T16:11:04.484321,4.206
2026-04-29T16:10:05.464594,32.29,0,35.53,0.0,1000.0,0.0,4.199,98.4,99,0,60.0,2026-04-29T16:11:05.464378,4.206
2026-04-29T16:10:05.510735,32.34,0,35.54,0.0,1000.0,0.0,4.199,98.4,99,0,60.0,2026-04-29T16:11:05.510612,4.206
2026-04-29T16:10:05.546408,32.34,0,35.54,0.0,1000.0,0.0,4.199,98.4,99,0,60.0,2026-04-29T16:11:05.546282,4.206
2026-04-29T16:10:06.521772,32.39,0,35.58,0.0,1000.0,0.0,4.199,98.3,99,0,60.0,2026-04-29T16:11:06.521617,4.206
2026-04-29T16:10:06.563919,32.39,0,35.59,0.0,1000.0,0.0,4.199,98.3,99,0,60.0,2026-04-29T16:11:06.563805,4.206
2026-04-29T16:10:06.601075,32.39,0,35.59,0.0,1000.0,0.0,4.199,98.3,99,0,60.0,2026-04-29T16:11:06.600895,4.206
2026-04-29T16:10:07.577299,32.45,0,35.64,0.0,1000.0,0.0,4.199,98.3,99,0,60.0,2026-04-29T16:11:07.577132,4.206
2026-04-29T16:10:07.618962,32.45,0,35.65,0.0,1000.0,0.0,4.199,98.3,99,0,60.0,2026-04-29T16:11:07.618842,4.206
2026-04-29T16:10:07.654642,32.45,0,35.65,0.0,1000.0,0.0,4.199,98.3,99,0,60.0,2026-04-29T16:11:07.654526,4.206
2026-04-29T16:10:08.630303,32.5,0,35.7,0.0,1000.0,0.0,4.199,98.3,99,0,60.0,2026-04-29T16:11:08.630112,4.206
2026-04-29T16:10:08.712118,32.5,0,35.7,0.0,1000.0,0.0,4.199,98.3,99,0,60.0,2026-04-29T16:11:08.687191,4.206
2026-04-29T16:10:08.765501,32.5,0,35.7,0.0,1000.0,0.0,4.199,98.3,99,0,60.0,2026-04-29T16:11:08.765293,4.206
2026-04-29T16:10:09.686599,32.55,0,35.75,0.0,1000.0,0.0,4.199,98.3,99,0,60.0,2026-04-29T16:11:09.686451,4.206
2026-04-29T16:10:09.724592,32.55,0,35.75,0.0,1000.0,0.0,4.199,98.3,99,0,60.0,2026-04-29T16:11:09.724505,4.206
2026-04-29T16:10:10.741206,32.55,0,35.79,0.0,1000.0,0.0,4.199,98.3,99,0,60.0,2026-04-29T16:11:10.736386,4.206
2026-04-29T16:10:10.777698,32.6,0,35.8,0.0,1000.0,0.0,4.199,98.3,99,0,60.0,2026-04-29T16:11:10.777600,4.206
2026-04-29T16:10:10.812103,32.6,0,35.8,0.0,1000.0,0.0,4.199,98.3,99,0,60.0,2026-04-29T16:11:10.812012,4.206
2026-04-29T16:10:11.750570,32.66,0,35.85,0.0,1000.0,0.0,4.199,98.3,99,0,60.0,2026-04-29T16:11:11.750395,4.206
2026-04-29T16:10:11.787227,32.66,0,35.85,0.0,1000.0,0.0,4.199,98.3,99,0,60.0,2026-04-29T16:11:11.787092,4.206
2026-04-29T16:10:11.824068,32.66,0,35.85,0.0,1000.0,0.0,4.199,98.3,99,0,60.0,2026-04-29T16:11:11.823974,4.206
2026-04-29T16:10:12.789671,32.7,0,35.9,0.0,1000.0,0.0,4.199,98.3,99,0,60.0,2026-04-29T16:11:12.789543,4.206
2026-04-29T16:10:12.824218,32.7,0,35.9,0.0,1000.0,0.0,4.199,98.3,99,0,60.0,2026-04-29T16:11:12.824116,4.206
2026-04-29T16:10:12.858314,32.7,0,35.9,0.0,1000.0,0.0,4.199,98.3,99,0,60.0,2026-04-29T16:11:12.858230,4.206
2026-04-29T16:10:13.866654,32.76,0,35.95,0.0,1000.0,0.0,4.199,98.3,99,0,60.0,2026-04-29T16:11:13.866491,4.206
2026-04-29T16:10:13.907302,32.76,0,35.95,0.0,1000.0,0.0,4.199,98.3,99,0,60.0,2026-04-29T16:11:13.907190,4.206
2026-04-29T16:10:13.943052,32.76,0,35.96,0.0,1000.0,0.0,4.199,98.3,99,0,60.0,2026-04-29T16:11:13.942936,4.206
2026-04-29T16:10:14.897552,32.81,0,36.0,0.0,1000.0,0.0,4.199,98.3,99,0,60.0,2026-04-29T16:11:14.897414,4.206
2026-04-29T16:10:14.936274,32.81,0,36.01,0.0,1000.0,0.0,4.199,98.3,99,0,60.0,2026-04-29T16:11:14.936156,4.206
2026-04-29T16:10:15.945619,32.81,0,36.05,0.0,1000.0,0.0,4.199,98.3,99,0,60.0,2026-04-29T16:11:15.945445,4.206
2026-04-29T16:10:15.992508,32.85,0,36.05,0.0,1000.0,0.0,4.199,98.2,99,0,60.0,2026-04-29T16:11:15.992378,4.206
2026-04-29T16:10:16.028208,32.85,0,36.05,0.0,1000.0,0.0,4.199,98.2,99,0,60.0,2026-04-29T16:11:16.028102,4.206
2026-04-29T16:10:16.996965,32.9,0,36.09,0.0,1000.0,0.0,4.199,98.2,99,0,60.0,2026-04-29T16:11:16.996808,4.206
2026-04-29T16:10:17.042311,32.9,0,36.1,0.0,1000.0,0.0,4.199,98.2,99,0,60.0,2026-04-29T16:11:17.042181,4.206
2026-04-29T16:10:17.078577,32.9,0,36.1,0.0,1000.0,0.0,4.199,98.2,99,0,60.0,2026-04-29T16:11:17.078471,4.206
2026-04-29T16:10:18.056918,32.94,0,36.14,0.0,1000.0,0.0,4.199,98.2,99,0,60.0,2026-04-29T16:11:18.056762,4.206
2026-04-29T16:10:18.097727,32.94,0,36.14,0.0,1000.0,0.0,4.199,98.2,99,0,60.0,2026-04-29T16:11:18.097609,4.206
2026-04-29T16:10:18.134296,32.94,0,36.14,0.0,1000.0,0.0,4.199,98.2,99,0,60.0,2026-04-29T16:11:18.134151,4.206
2026-04-29T16:10:19.108808,32.99,0,36.18,0.0,1000.0,0.0,4.199,98.2,99,0,60.0,2026-04-29T16:11:19.108656,4.206
2026-04-29T16:10:19.148620,32.99,0,36.18,0.0,1000.0,0.0,4.199,98.2,99,0,60.0,2026-04-29T16:11:19.148315,4.206
2026-04-29T16:10:19.185381,32.99,0,36.18,0.0,1000.0,0.0,4.199,98.2,99,0,60.0,2026-04-29T16:11:19.185222,4.206
2026-04-29T16:10:20.163438,33.03,0,36.23,0.0,1000.0,0.0,4.199,98.2,99,0,60.0,2026-04-29T16:11:20.163294,4.206
2026-04-29T16:10:20.202746,33.03,0,36.23,0.0,1000.0,0.0,4.199,98.2,99,0,60.0,2026-04-29T16:11:20.202614,4.206
2026-04-29T16:10:21.188654,33.03,0,36.27,0.0,1000.0,0.0,4.199,98.2,99,0,60.0,2026-04-29T16:11:21.188464,4.206
2026-04-29T16:10:21.235700,33.09,0,36.27,0.0,1000.0,0.0,4.199,98.2,99,0,60.0,2026-04-29T16:11:21.235548,4.206
2026-04-29T16:10:21.286490,33.09,0,36.28,0.0,1000.0,0.0,4.199,98.2,99,0,60.0,2026-04-29T16:11:21.286367,4.206
2026-04-29T16:10:22.244323,33.15,0,36.32,0.0,1000.0,0.0,4.199,98.2,99,0,60.0,2026-04-29T16:11:22.244139,4.206
2026-04-29T16:10:22.287822,33.15,0,36.33,0.0,1000.0,0.0,4.199,98.2,99,0,60.0,2026-04-29T16:11:22.287690,4.206
2026-04-29T16:10:22.323559,33.15,0,36.33,0.0,1000.0,0.0,4.199,98.2,99,0,60.0,2026-04-29T16:11:22.323454,4.206
2026-04-29T16:10:23.302663,33.2,0,36.38,0.0,1000.0,0.0,4.199,98.2,99,0,60.0,2026-04-29T16:11:23.302518,4.206
2026-04-29T16:10:23.343365,33.2,0,36.38,0.0,1000.0,0.0,4.199,98.2,99,0,60.0,2026-04-29T16:11:23.343209,4.206
2026-04-29T16:10:23.379265,33.2,0,36.39,0.0,1000.0,0.0,4.199,98.2,99,0,60.0,2026-04-29T16:11:23.379161,4.206
2026-04-29T16:10:24.352267,33.27,0,36.44,0.0,1000.0,0.0,4.199,98.1,99,0,60.0,2026-04-29T16:11:24.352095,4.206
2026-04-29T16:10:24.391968,33.27,0,36.45,0.0,1000.0,0.0,4.199,98.1,99,0,60.0,2026-04-29T16:11:24.391847,4.206
2026-04-29T16:10:24.427628,33.27,0,36.45,0.0,1000.0,0.0,4.199,98.1,99,0,60.0,2026-04-29T16:11:24.427487,4.206
2026-04-29T16:10:25.406043,33.31,0,36.5,0.0,1000.0,0.0,4.199,98.1,99,0,60.0,2026-04-29T16:11:25.405827,4.206
2026-04-29T16:10:25.443812,33.31,0,36.5,0.0,1000.0,0.0,4.199,98.1,99,0,60.0,2026-04-29T16:11:25.443674,4.206
2026-04-29T16:10:26.416249,33.31,0,36.54,0.0,1000.0,0.0,4.199,98.1,99,0,60.0,2026-04-29T16:11:26.415953,4.206
2026-04-29T16:10:26.457323,33.35,0,36.54,0.0,1000.0,0.0,4.199,98.1,99,0,60.0,2026-04-29T16:11:26.457210,4.206
2026-04-29T16:10:26.493104,33.35,0,36.54,0.0,1000.0,0.0,4.199,98.1,99,0,60.0,2026-04-29T16:11:26.492960,4.206
2026-04-29T16:10:27.484514,33.41,0,36.59,0.0,1000.0,0.0,4.199,98.1,99,0,60.0,2026-04-29T16:11:27.484123,4.206
2026-04-29T16:10:27.528013,33.41,0,36.6,0.0,1000.0,0.0,4.199,98.1,99,0,60.0,2026-04-29T16:11:27.527886,4.206
2026-04-29T16:10:27.564488,33.41,0,36.6,0.0,1000.0,0.0,4.199,98.1,99,0,60.0,2026-04-29T16:11:27.564228,4.206
2026-04-29T16:10:28.539178,33.46,0,36.64,0.0,1000.0,0.0,4.199,98.1,99,0,60.0,2026-04-29T16:11:28.538999,4.206
2026-04-29T16:10:28.580096,33.46,0,36.65,0.0,1000.0,0.0,4.199,98.1,99,0,60.0,2026-04-29T16:11:28.579970,4.206
2026-04-29T16:10:28.616549,33.46,0,36.65,0.0,1000.0,0.0,4.199,98.1,99,0,60.0,2026-04-29T16:11:28.616397,4.206
2026-04-29T16:10:29.592838,33.5,0,36.69,0.0,1000.0,0.0,4.199,98.1,99,0,60.0,2026-04-29T16:11:29.592674,4.206
2026-04-29T16:10:29.632558,33.5,0,36.7,0.0,1000.0,0.0,4.199,98.1,99,0,60.0,2026-04-29T16:11:29.632385,4.206
2026-04-29T16:10:29.668821,33.5,0,36.7,0.0,1000.0,0.0,4.199,98.1,99,0,60.0,2026-04-29T16:11:29.668694,4.206
2026-04-29T16:10:30.645142,33.57,0,36.75,0.0,1000.0,0.0,4.199,98.1,99,0,60.0,2026-04-29T16:11:30.644842,4.206
2026-04-29T16:10:30.741433,33.57,0,36.75,0.0,1000.0,0.0,4.199,98.1,99,0,60.0,2026-04-29T16:11:30.741233,4.206
2026-04-29T16:10:31.667507,33.57,0,36.79,0.0,1000.0,0.0,4.199,98.1,99,0,60.0,2026-04-29T16:11:31.667273,4.206
2026-04-29T16:10:31.713545,33.61,0,36.8,0.0,1000.0,0.0,4.199,98.1,99,0,60.0,2026-04-29T16:11:31.713420,4.206
2026-04-29T16:10:31.750230,33.61,0,36.8,0.0,1000.0,0.0,4.199,98.1,99,0,60.0,2026-04-29T16:11:31.750102,4.206
2026-04-29T16:10:32.747773,33.64,0,36.84,0.0,1000.0,0.0,4.199,98.1,99,0,60.0,2026-04-29T16:11:32.743390,4.206
2026-04-29T16:10:32.785927,33.64,0,36.83,0.0,1000.0,0.0,4.199,98.1,99,0,60.0,2026-04-29T16:11:32.785811,4.206
2026-04-29T16:10:32.822384,33.64,0,36.83,0.0,1000.0,0.0,4.199,98.1,99,0,60.0,2026-04-29T16:11:32.822252,4.206
2026-04-29T16:10:33.763324,33.69,0,36.87,0.0,1000.0,0.0,4.199,98.1,99,0,60.0,2026-04-29T16:11:33.763168,4.206
2026-04-29T16:10:33.799586,33.69,0,36.88,0.0,1000.0,0.0,4.199,98.1,99,0,60.0,2026-04-29T16:11:33.799408,4.206
2026-04-29T16:10:33.836278,33.69,0,36.88,0.0,1000.0,0.0,4.199,98.1,99,0,60.0,2026-04-29T16:11:33.836167,4.206
2026-04-29T16:10:34.804169,33.74,0,36.92,0.0,1000.0,0.0,4.199,98.0,99,0,60.0,2026-04-29T16:11:34.804016,4.206
2026-04-29T16:10:34.840443,33.74,0,36.93,0.0,1000.0,0.0,4.199,98.0,99,0,60.0,2026-04-29T16:11:34.840339,4.206
2026-04-29T16:10:34.875504,33.74,0,36.93,0.0,1000.0,0.0,4.199,98.0,99,0,60.0,2026-04-29T16:11:34.875405,4.206
2026-04-29T16:10:35.887181,33.79,0,36.98,0.0,1000.0,0.0,4.199,98.0,99,0,60.0,2026-04-29T16:11:35.887017,4.206
2026-04-29T16:10:35.925242,33.79,0,36.98,0.0,1000.0,0.0,4.199,98.0,99,0,60.0,2026-04-29T16:11:35.925100,4.206
2026-04-29T16:10:36.902471,33.79,0,37.02,0.0,1000.0,0.0,4.199,98.0,99,0,60.0,2026-04-29T16:11:36.902304,4.206
2026-04-29T16:10:36.946732,33.85,0,37.03,0.0,1000.0,0.0,4.199,98.0,99,0,60.0,2026-04-29T16:11:36.946602,4.206
2026-04-29T16:10:36.982861,33.85,0,37.04,0.0,1000.0,0.0,4.199,98.0,99,0,60.0,2026-04-29T16:11:36.982657,4.206
2026-04-29T16:10:37.965416,33.9,0,37.08,0.0,1000.0,0.0,4.199,98.0,99,0,60.0,2026-04-29T16:11:37.965242,4.206
2026-04-29T16:10:38.010022,33.9,0,37.09,0.0,1000.0,0.0,4.199,98.0,99,0,60.0,2026-04-29T16:11:38.009878,4.206
2026-04-29T16:10:38.045678,33.9,0,37.09,0.0,1000.0,0.0,4.199,98.0,99,0,60.0,2026-04-29T16:11:38.045561,4.206
2026-04-29T16:10:39.019661,33.94,0,37.13,0.0,1000.0,0.0,4.199,98.0,99,0,60.0,2026-04-29T16:11:39.019488,4.206
2026-04-29T16:10:39.061325,33.94,0,37.14,0.0,1000.0,0.0,4.199,98.0,99,0,60.0,2026-04-29T16:11:39.061181,4.206
2026-04-29T16:10:39.097126,33.94,0,37.14,0.0,1000.0,0.0,4.199,98.0,99,0,60.0,2026-04-29T16:11:39.097007,4.206
2026-04-29T16:10:40.075553,33.99,0,37.18,0.0,1000.0,0.0,4.199,98.0,99,0,60.0,2026-04-29T16:11:40.075409,4.206
2026-04-29T16:10:40.114997,33.99,0,37.18,0.0,1000.0,0.0,4.199,98.0,99,0,60.0,2026-04-29T16:11:40.114891,4.206
2026-04-29T16:10:40.152180,33.99,0,37.19,0.0,1000.0,0.0,4.199,98.0,99,0,60.0,2026-04-29T16:11:40.152027,4.206
2026-04-29T16:10:41.129198,34.04,0,37.23,0.0,1000.0,0.0,4.199,98.0,99,0,60.0,2026-04-29T16:11:41.129028,4.206
2026-04-29T16:10:41.169450,34.04,0,37.23,0.0,1000.0,0.0,4.199,98.0,99,0,60.0,2026-04-29T16:11:41.169321,4.206
2026-04-29T16:10:42.153410,34.04,0,37.27,0.0,1000.0,0.0,4.199,98.0,99,0,60.0,2026-04-29T16:11:42.153207,4.206
2026-04-29T16:10:42.198802,34.09,0,37.27,0.0,1000.0,0.0,4.199,98.0,99,0,60.0,2026-04-29T16:11:42.198679,4.206
2026-04-29T16:10:42.236425,34.09,0,37.28,0.0,1000.0,0.0,4.199,98.0,99,0,60.0,2026-04-29T16:11:42.236278,4.206
2026-04-29T16:10:43.209413,34.13,0,37.32,0.0,1000.0,0.0,4.199,98.0,99,0,60.0,2026-04-29T16:11:43.209255,4.206
2026-04-29T16:10:43.253869,34.13,0,37.32,0.0,1000.0,0.0,4.199,98.0,99,0,60.0,2026-04-29T16:11:43.253725,4.206
2026-04-29T16:10:43.293098,34.13,0,37.32,0.0,1000.0,0.0,4.199,98.0,99,0,60.0,2026-04-29T16:11:43.292973,4.206
2026-04-29T16:10:44.262480,34.18,0,37.36,0.0,1000.0,0.0,4.199,98.0,99,0,60.0,2026-04-29T16:11:44.262300,4.206
2026-04-29T16:10:44.303926,34.18,0,37.37,0.0,1000.0,0.0,4.199,97.9,99,0,60.0,2026-04-29T16:11:44.303789,4.206
2026-04-29T16:10:44.339374,34.18,0,37.37,0.0,1000.0,0.0,4.199,97.9,99,0,60.0,2026-04-29T16:11:44.339268,4.206
2026-04-29T16:10:45.318565,34.23,0,37.41,0.0,1000.0,0.0,4.199,97.9,99,0,60.0,2026-04-29T16:11:45.318353,4.206
2026-04-29T16:10:45.358579,34.23,0,37.42,0.0,1000.0,0.0,4.199,97.9,99,0,60.0,2026-04-29T16:11:45.358447,4.206
2026-04-29T16:10:45.394806,34.23,0,37.42,0.0,1000.0,0.0,4.199,97.9,99,0,60.0,2026-04-29T16:11:45.394687,4.206
2026-04-29T16:10:46.363717,34.28,0,37.47,0.0,1000.0,0.0,4.199,97.9,99,0,60.0,2026-04-29T16:11:46.363579,4.206
2026-04-29T16:10:46.401732,34.28,0,37.47,0.0,1000.0,0.0,4.199,97.9,99,0,60.0,2026-04-29T16:11:46.401595,4.206
2026-04-29T16:10:47.395635,34.28,0,37.51,0.0,1000.0,0.0,4.199,97.9,99,0,60.0,2026-04-29T16:11:47.395458,4.206
2026-04-29T16:10:47.442160,34.34,0,37.52,0.0,1000.0,0.0,4.199,97.9,99,0,60.0,2026-04-29T16:11:47.442044,4.206
2026-04-29T16:10:47.479251,34.34,0,37.53,0.0,1000.0,0.0,4.199,97.9,99,0,60.0,2026-04-29T16:11:47.479126,4.206
2026-04-29T16:10:48.440367,34.39,0,37.57,0.0,1000.0,0.0,4.199,97.9,99,0,60.0,2026-04-29T16:11:48.440213,4.206
2026-04-29T16:10:48.481017,34.39,0,37.58,0.0,1000.0,0.0,4.199,97.9,99,0,60.0,2026-04-29T16:11:48.480894,4.206
2026-04-29T16:10:48.516373,34.39,0,37.58,0.0,1000.0,0.0,4.199,97.9,99,0,60.0,2026-04-29T16:11:48.516147,4.206
2026-04-29T16:10:49.503820,34.44,0,37.63,0.0,1000.0,0.0,4.199,97.9,99,0,60.0,2026-04-29T16:11:49.503612,4.206
2026-04-29T16:10:49.545358,34.44,0,37.63,0.0,1000.0,0.0,4.199,97.9,99,0,60.0,2026-04-29T16:11:49.545224,4.206
2026-04-29T16:10:49.581348,34.44,0,37.63,0.0,1000.0,0.0,4.199,97.9,99,0,60.0,2026-04-29T16:11:49.581237,4.206
2026-04-29T16:10:50.557675,34.5,0,37.68,0.0,1000.0,0.0,4.199,97.9,99,0,60.0,2026-04-29T16:11:50.557530,4.206
2026-04-29T16:10:50.597392,34.5,0,37.68,0.0,1000.0,0.0,4.199,97.9,99,0,60.0,2026-04-29T16:11:50.597286,4.206
2026-04-29T16:10:50.634847,34.5,0,37.69,0.0,1000.0,0.0,4.199,97.9,99,0,60.0,2026-04-29T16:11:50.634668,4.206
2026-04-29T16:10:51.612160,34.53,0,37.72,0.0,1000.0,0.0,4.199,97.9,99,0,60.0,2026-04-29T16:11:51.612010,4.206
2026-04-29T16:10:51.651333,34.53,0,37.72,0.0,1000.0,0.0,4.199,97.9,99,0,60.0,2026-04-29T16:11:51.651099,4.206
2026-04-29T16:10:52.635208,34.53,0,37.76,0.0,1000.0,0.0,4.199,97.9,99,0,60.0,2026-04-29T16:11:52.634902,4.206
2026-04-29T16:10:52.739056,34.57,0,37.76,0.0,1000.0,0.0,4.199,97.9,99,0,60.0,2026-04-29T16:11:52.738916,4.206
2026-04-29T16:10:52.773956,34.57,0,37.76,0.0,1000.0,0.0,4.199,97.9,99,0,60.0,2026-04-29T16:11:52.773866,4.206
2026-04-29T16:10:53.689770,34.62,0,37.79,0.0,1000.0,0.0,4.199,97.8,99,0,60.0,2026-04-29T16:11:53.689601,4.206
2026-04-29T16:10:53.732053,34.62,0,37.8,0.0,1000.0,0.0,4.199,97.8,99,0,60.0,2026-04-29T16:11:53.731943,4.206
2026-04-29T16:10:53.768094,34.62,0,37.8,0.0,1000.0,0.0,4.199,97.8,99,0,60.0,2026-04-29T16:11:53.767968,4.206
2026-04-29T16:10:54.751763,34.66,0,37.84,0.0,1000.0,0.0,4.199,97.8,99,0,60.0,2026-04-29T16:11:54.751589,4.206
2026-04-29T16:10:54.789338,34.66,0,37.84,0.0,1000.0,0.0,4.199,97.8,99,0,60.0,2026-04-29T16:11:54.789203,4.206
2026-04-29T16:10:54.824485,34.66,0,37.84,0.0,1000.0,0.0,4.199,97.8,99,0,60.0,2026-04-29T16:11:54.824394,4.206
2026-04-29T16:10:55.784878,34.69,0,37.88,0.0,1000.0,0.0,4.199,97.8,99,0,60.0,2026-04-29T16:11:55.784709,4.206
2026-04-29T16:10:55.826545,34.69,0,37.88,0.0,1000.0,0.0,4.199,97.8,99,0,60.0,2026-04-29T16:11:55.826435,4.206
2026-04-29T16:10:55.861902,34.69,0,37.88,0.0,1000.0,0.0,4.199,97.8,99,0,60.0,2026-04-29T16:11:55.861792,4.206
2026-04-29T16:10:56.827410,34.74,0,37.92,0.0,1000.0,0.0,4.199,97.8,99,0,60.0,2026-04-29T16:11:56.827264,4.206
2026-04-29T16:10:56.872217,34.74,0,37.92,0.0,1000.0,0.0,4.199,97.8,99,0,60.0,2026-04-29T16:11:56.872082,4.206
2026-04-29T16:10:57.873322,34.74,0,37.96,0.0,1000.0,0.0,4.199,97.8,99,0,60.0,2026-04-29T16:11:57.873147,4.206
2026-04-29T16:10:57.919790,34.77,0,37.96,0.0,1000.0,0.0,4.199,97.8,99,0,60.0,2026-04-29T16:11:57.919654,4.206
2026-04-29T16:10:57.955849,34.77,0,37.96,0.0,1000.0,0.0,4.199,97.8,99,0,60.0,2026-04-29T16:11:57.955706,4.206
2026-04-29T16:10:58.923483,34.82,0,38.0,0.0,1000.0,0.0,4.199,97.8,99,0,60.0,2026-04-29T16:11:58.923297,4.206
2026-04-29T16:10:58.967221,34.82,0,38.0,0.0,1000.0,0.0,4.199,97.8,99,0,60.0,2026-04-29T16:11:58.967065,4.206
2026-04-29T16:10:59.003706,34.82,0,38.0,0.0,1000.0,0.0,4.199,97.8,99,0,60.0,2026-04-29T16:11:59.003571,4.206
2026-04-29T16:10:59.985685,34.86,0,38.04,0.0,1000.0,0.0,4.199,97.8,99,0,60.0,2026-04-29T16:11:59.985530,4.206
2026-04-29T16:11:00.026724,34.86,0,38.05,0.0,1000.0,0.0,4.199,97.8,99,0,60.0,2026-04-29T16:12:00.026583,4.206
2026-04-29T16:11:00.062554,34.86,0,38.05,0.0,1000.0,0.0,4.199,97.8,99,0,60.0,2026-04-29T16:12:00.062432,4.206
2026-04-29T16:11:01.040093,34.91,0,38.09,0.0,1000.0,0.0,4.199,97.8,99,0,60.0,2026-04-29T16:12:01.039939,4.206
2026-04-29T16:11:01.079067,34.91,0,38.09,0.0,1000.0,0.0,4.199,97.8,99,0,60.0,2026-04-29T16:12:01.078930,4.206
2026-04-29T16:11:01.114664,34.91,0,38.1,0.0,1000.0,0.0,4.199,97.8,99,0,60.0,2026-04-29T16:12:01.114550,4.206
2026-04-29T16:11:02.095014,34.97,0,38.14,0.0,1000.0,0.0,4.199,97.8,99,0,60.0,2026-04-29T16:12:02.094862,4.206
2026-04-29T16:11:02.133208,34.97,0,38.14,0.0,1000.0,0.0,4.199,97.8,99,0,60.0,2026-04-29T16:12:02.132883,4.206
2026-04-29T16:11:03.119317,34.97,0,38.19,0.0,1000.0,0.0,4.199,97.8,99,0,60.0,2026-04-29T16:12:03.119132,4.206
2026-04-29T16:11:03.164077,35.02,0,38.19,0.0,1000.0,0.0,4.199,97.8,99,0,60.0,2026-04-29T16:12:03.163965,4.206
2026-04-29T16:11:03.200277,35.02,0,38.2,0.0,1000.0,0.0,4.199,97.8,99,0,60.0,2026-04-29T16:12:03.200109,4.206
2026-04-29T16:11:04.179100,35.07,0,38.24,0.0,1000.0,0.0,4.199,97.7,99,0,60.0,2026-04-29T16:12:04.176993,4.206
2026-04-29T16:11:04.224148,35.07,0,38.25,0.0,1000.0,0.0,4.199,97.7,99,0,60.0,2026-04-29T16:12:04.224022,4.206
2026-04-29T16:11:04.259886,35.07,0,38.25,0.0,1000.0,0.0,4.199,97.7,99,0,60.0,2026-04-29T16:12:04.259786,4.206
2026-04-29T16:11:05.227812,35.12,0,38.29,0.0,1000.0,0.0,4.199,97.7,99,0,60.0,2026-04-29T16:12:05.227649,4.206
2026-04-29T16:11:05.269891,35.12,0,38.3,0.0,1000.0,0.0,4.199,97.7,99,0,60.0,2026-04-29T16:12:05.269760,4.206
2026-04-29T16:11:05.305458,35.12,0,38.3,0.0,1000.0,0.0,4.199,97.7,99,0,60.0,2026-04-29T16:12:05.305349,4.206
2026-04-29T16:11:06.282626,35.16,0,38.34,0.0,1000.0,0.0,4.199,97.7,99,0,60.0,2026-04-29T16:12:06.282315,4.206
2026-04-29T16:11:06.323462,35.16,0,38.34,0.0,1000.0,0.0,4.199,97.7,99,0,60.0,2026-04-29T16:12:06.323347,4.206
2026-04-29T16:11:06.359772,35.16,0,38.34,0.0,1000.0,0.0,4.199,97.7,99,0,60.0,2026-04-29T16:12:06.359664,4.206
2026-04-29T16:11:07.337696,35.21,0,38.39,0.0,1000.0,0.0,4.199,97.7,99,0,60.0,2026-04-29T16:12:07.337531,4.206
2026-04-29T16:11:07.376436,35.21,0,38.39,0.0,1000.0,0.0,4.199,97.7,99,0,60.0,2026-04-29T16:12:07.376324,4.206
2026-04-29T16:11:08.342338,35.21,0,38.43,0.0,1000.0,0.0,4.199,97.7,99,0,60.0,2026-04-29T16:12:08.342180,4.206
2026-04-29T16:11:08.380318,35.25,0,38.43,0.0,1000.0,0.0,4.199,97.7,99,0,60.0,2026-04-29T16:12:08.380208,4.206
2026-04-29T16:11:08.415651,35.25,0,38.43,0.0,1000.0,0.0,4.199,97.7,99,0,60.0,2026-04-29T16:12:08.415545,4.206
2026-04-29T16:11:09.420508,35.29,0,38.47,0.0,1000.0,0.0,4.199,97.7,99,0,60.0,2026-04-29T16:12:09.420273,4.206
2026-04-29T16:11:09.462327,35.29,0,38.48,0.0,1000.0,0.0,4.199,97.7,99,0,60.0,2026-04-29T16:12:09.462216,4.206
2026-04-29T16:11:09.497634,35.29,0,38.48,0.0,1000.0,0.0,4.199,97.7,99,0,60.0,2026-04-29T16:12:09.497522,4.206
2026-04-29T16:11:10.467682,35.34,0,38.52,0.0,1000.0,0.0,4.199,97.7,99,0,60.0,2026-04-29T16:12:10.467489,4.206
2026-04-29T16:11:10.508745,35.34,0,38.52,0.0,1000.0,0.0,4.199,97.7,99,0,60.0,2026-04-29T16:12:10.508622,4.206
2026-04-29T16:11:10.543762,35.34,0,38.52,0.0,1000.0,0.0,4.199,97.7,99,0,60.0,2026-04-29T16:12:10.543652,4.206
2026-04-29T16:11:11.515288,35.38,0,38.57,0.0,1000.0,0.0,4.199,97.7,99,0,60.0,2026-04-29T16:12:11.515145,4.206
2026-04-29T16:11:11.555560,35.38,0,38.57,0.0,1000.0,0.0,4.199,97.7,99,0,60.0,2026-04-29T16:12:11.555413,4.206
2026-04-29T16:11:11.591763,35.38,0,38.57,0.0,1000.0,0.0,4.199,97.7,99,0,60.0,2026-04-29T16:12:11.591654,4.206
2026-04-29T16:11:12.576590,35.42,0,38.6,0.0,1000.0,0.0,4.199,97.7,99,0,60.0,2026-04-29T16:12:12.576429,4.206
2026-04-29T16:11:12.614286,35.42,0,38.6,0.0,1000.0,0.0,4.199,97.7,99,0,60.0,2026-04-29T16:12:12.614163,4.206
2026-04-29T16:11:13.598663,35.42,0,38.64,0.0,1000.0,0.0,4.199,97.7,99,0,60.0,2026-04-29T16:12:13.598484,4.206
2026-04-29T16:11:13.645933,35.46,0,38.64,0.0,1000.0,0.0,4.199,97.7,99,0,60.0,2026-04-29T16:12:13.645798,4.206
2026-04-29T16:11:13.682274,35.46,0,38.64,0.0,1000.0,0.0,4.199,97.7,99,0,60.0,2026-04-29T16:12:13.682067,4.206
2026-04-29T16:11:14.653563,35.5,0,38.68,0.0,1000.0,0.0,4.199,97.6,99,0,60.0,2026-04-29T16:12:14.652315,4.206
2026-04-29T16:11:14.751710,35.5,0,38.68,0.0,1000.0,0.0,4.199,97.6,99,0,60.0,2026-04-29T16:12:14.751514,4.206
2026-04-29T16:11:14.789910,35.5,0,38.68,0.0,1000.0,0.0,4.199,97.6,99,0,60.0,2026-04-29T16:12:14.789773,4.206
2026-04-29T16:11:15.709293,35.54,0,38.72,0.0,1000.0,0.0,4.199,97.6,99,0,60.0,2026-04-29T16:12:15.709143,4.206
2026-04-29T16:11:15.748788,35.54,0,38.72,0.0,1000.0,0.0,4.199,97.6,99,0,60.0,2026-04-29T16:12:15.748664,4.206
2026-04-29T16:11:15.785842,35.54,0,38.72,0.0,1000.0,0.0,4.199,97.6,99,0,60.0,2026-04-29T16:12:15.785719,4.206
2026-04-29T16:11:16.756461,35.57,0,38.76,0.0,1000.0,0.0,4.199,97.6,99,0,60.0,2026-04-29T16:12:16.756313,4.206
2026-04-29T16:11:16.794728,35.57,0,38.75,0.0,1000.0,0.0,4.199,97.6,99,0,60.0,2026-04-29T16:12:16.794582,4.206
2026-04-29T16:11:16.830105,35.57,0,38.75,0.0,1000.0,0.0,4.199,97.6,99,0,60.0,2026-04-29T16:12:16.830007,4.206
2026-04-29T16:11:17.802316,35.61,0,38.79,0.0,1000.0,0.0,4.199,97.6,99,0,60.0,2026-04-29T16:12:17.802181,4.206
2026-04-29T16:11:17.842456,35.61,0,38.79,0.0,1000.0,0.0,4.199,97.6,99,0,60.0,2026-04-29T16:12:17.842351,4.206
2026-04-29T16:11:18.818645,35.61,0,38.83,0.0,1000.0,0.0,4.199,97.6,99,0,60.0,2026-04-29T16:12:18.818475,4.206
2026-04-29T16:11:18.866160,35.66,0,38.84,0.0,1000.0,0.0,4.199,97.6,99,0,60.0,2026-04-29T16:12:18.865990,4.206
2026-04-29T16:11:18.905385,35.66,0,38.84,0.0,1000.0,0.0,4.199,97.6,99,0,60.0,2026-04-29T16:12:18.905247,4.206
2026-04-29T16:11:19.890084,35.72,0,38.89,0.0,1000.0,0.0,4.199,97.6,99,0,60.0,2026-04-29T16:12:19.889898,4.207
2026-04-29T16:11:19.932892,35.72,0,38.89,0.0,1000.0,0.0,4.199,97.6,99,0,60.0,2026-04-29T16:12:19.932773,4.207
2026-04-29T16:11:19.969596,35.72,0,38.9,0.0,1000.0,0.0,4.199,97.6,99,0,60.0,2026-04-29T16:12:19.969467,4.207
2026-04-29T16:11:20.940342,35.74,0,38.94,0.0,1000.0,0.0,4.199,97.6,99,0,60.0,2026-04-29T16:12:20.940181,4.207
2026-04-29T16:11:20.980328,35.74,0,38.93,0.0,1000.0,0.0,4.199,97.6,99,0,60.0,2026-04-29T16:12:20.980220,4.207
2026-04-29T16:11:21.015676,35.74,0,38.93,0.0,1000.0,0.0,4.199,97.6,99,0,60.0,2026-04-29T16:12:21.015573,4.207
2026-04-29T16:11:22.006149,35.79,0,38.97,0.0,1000.0,0.0,4.199,97.6,99,0,60.0,2026-04-29T16:12:22.005992,4.207
2026-04-29T16:11:22.044562,35.79,0,38.97,0.0,1000.0,0.0,4.199,97.6,99,0,60.0,2026-04-29T16:12:22.044437,4.207
2026-04-29T16:11:22.079309,35.79,0,38.98,0.0,1000.0,0.0,4.199,97.6,99,0,60.0,2026-04-29T16:12:22.079192,4.207
2026-04-29T16:11:23.067529,35.83,0,39.02,0.0,1000.0,0.0,4.199,97.6,99,0,60.0,2026-04-29T16:12:23.067338,4.207
2026-04-29T16:11:23.106269,35.83,0,39.02,0.0,1000.0,0.0,4.199,97.6,99,0,60.0,2026-04-29T16:12:23.106144,4.207
2026-04-29T16:11:24.078315,35.83,0,39.06,0.0,1000.0,0.0,4.199,97.6,99,0,60.0,2026-04-29T16:12:24.078113,4.207
2026-04-29T16:11:24.124145,35.9,0,39.07,0.0,1000.0,0.0,4.199,97.6,99,0,60.0,2026-04-29T16:12:24.123999,4.207
2026-04-29T16:11:24.160109,35.9,0,39.07,0.0,1000.0,0.0,4.199,97.6,99,0,60.0,2026-04-29T16:12:24.159999,4.207
2026-04-29T16:11:25.137590,35.93,0,39.11,0.0,1000.0,0.0,4.199,97.6,99,0,60.0,2026-04-29T16:12:25.137421,4.207
2026-04-29T16:11:25.180898,35.93,0,39.11,0.0,1000.0,0.0,4.199,97.6,99,0,60.0,2026-04-29T16:12:25.180769,4.207
2026-04-29T16:11:25.217248,35.93,0,39.11,0.0,1000.0,0.0,4.199,97.6,99,0,60.0,2026-04-29T16:12:25.217013,4.207
2026-04-29T16:11:26.192763,35.98,0,39.15,0.0,1000.0,0.0,4.199,97.6,99,0,60.0,2026-04-29T16:12:26.192616,4.207
2026-04-29T16:11:26.235251,35.98,0,39.16,0.0,1000.0,0.0,4.199,97.5,99,0,60.0,2026-04-29T16:12:26.235028,4.207
2026-04-29T16:11:26.271650,35.98,0,39.16,0.0,1000.0,0.0,4.199,97.5,99,0,60.0,2026-04-29T16:12:26.271535,4.207
2026-04-29T16:11:27.246331,36.02,0,39.2,0.0,1000.0,0.0,4.199,97.5,99,0,60.0,2026-04-29T16:12:27.246171,4.207
2026-04-29T16:11:27.286559,36.02,0,39.2,0.0,1000.0,0.0,4.199,97.5,99,0,60.0,2026-04-29T16:12:27.286362,4.207
2026-04-29T16:11:27.322894,36.02,0,39.2,0.0,1000.0,0.0,4.199,97.5,99,0,60.0,2026-04-29T16:12:27.322767,4.207
2026-04-29T16:11:28.298968,36.08,0,39.25,0.0,1000.0,0.0,4.199,97.5,99,0,60.0,2026-04-29T16:12:28.298868,4.207
2026-04-29T16:11:28.339360,36.08,0,39.26,0.0,1000.0,0.0,4.199,97.5,99,0,60.0,2026-04-29T16:12:28.339229,4.207
2026-04-29T16:11:29.322767,36.08,0,39.3,0.0,1000.0,0.0,4.199,97.5,99,0,60.0,2026-04-29T16:12:29.322591,4.207
2026-04-29T16:11:29.368610,36.13,0,39.31,0.0,1000.0,0.0,4.199,97.5,99,0,60.0,2026-04-29T16:12:29.368449,4.207
2026-04-29T16:11:29.404669,36.13,0,39.31,0.0,1000.0,0.0,4.199,97.5,99,0,60.0,2026-04-29T16:12:29.404550,4.207
2026-04-29T16:11:30.377045,36.16,0,39.35,0.0,1000.0,0.0,4.199,97.5,99,0,60.0,2026-04-29T16:12:30.376877,4.207
2026-04-29T16:11:30.422855,36.16,0,39.35,0.0,1000.0,0.0,4.199,97.5,99,0,60.0,2026-04-29T16:12:30.422730,4.207
2026-04-29T16:11:30.459532,36.16,0,39.35,0.0,1000.0,0.0,4.199,97.5,99,0,60.0,2026-04-29T16:12:30.459416,4.207
2026-04-29T16:11:31.413730,36.23,0,39.38,0.0,1000.0,0.0,4.199,97.5,99,0,60.0,2026-04-29T16:12:31.413567,4.207
2026-04-29T16:11:31.451833,36.23,0,39.39,0.0,1000.0,0.0,4.199,97.5,99,0,60.0,2026-04-29T16:12:31.451686,4.207
2026-04-29T16:11:31.489348,36.23,0,39.4,0.0,1000.0,0.0,4.199,97.5,99,0,60.0,2026-04-29T16:12:31.489228,4.207
2026-04-29T16:11:32.477787,36.27,0,39.44,0.0,1000.0,0.0,4.199,97.5,99,0,60.0,2026-04-29T16:12:32.477637,4.207
2026-04-29T16:11:32.514718,36.27,0,39.44,0.0,1000.0,0.0,4.199,97.5,99,0,60.0,2026-04-29T16:12:32.514607,4.207
2026-04-29T16:11:32.550937,36.27,0,39.45,0.0,1000.0,0.0,4.199,97.5,99,0,60.0,2026-04-29T16:12:32.550763,4.207
2026-04-29T16:11:33.539090,36.32,0,39.49,0.0,1000.0,0.0,4.199,97.5,99,0,60.0,2026-04-29T16:12:33.538911,4.207
2026-04-29T16:11:33.578258,36.32,0,39.49,0.0,1000.0,0.0,4.199,97.5,99,0,60.0,2026-04-29T16:12:33.578113,4.207
2026-04-29T16:11:34.560692,36.32,0,39.53,0.0,1000.0,0.0,4.199,97.5,99,0,60.0,2026-04-29T16:12:34.560508,4.207
2026-04-29T16:11:34.606930,36.37,0,39.54,0.0,1000.0,0.0,4.199,97.5,99,0,60.0,2026-04-29T16:12:34.606796,4.207
2026-04-29T16:11:34.643771,36.37,0,39.54,0.0,1000.0,0.0,4.199,97.5,99,0,60.0,2026-04-29T16:12:34.643599,4.207
2026-04-29T16:11:35.615759,36.41,0,39.58,0.0,1000.0,0.0,4.199,97.4,99,0,60.0,2026-04-29T16:12:35.615583,4.207
2026-04-29T16:11:35.660693,36.41,0,39.58,0.0,1000.0,0.0,4.199,97.4,99,0,60.0,2026-04-29T16:12:35.660568,4.207
2026-04-29T16:11:35.697449,36.41,0,39.58,0.0,1000.0,0.0,4.199,97.4,99,0,60.0,2026-04-29T16:12:35.697331,4.207
2026-04-29T16:11:36.672756,36.45,0,39.62,0.0,1000.0,0.0,4.199,97.4,99,0,60.0,2026-04-29T16:12:36.672592,4.207
2026-04-29T16:11:36.765685,36.45,0,39.62,0.0,1000.0,0.0,4.199,97.4,99,0,60.0,2026-04-29T16:12:36.762259,4.207
2026-04-29T16:11:36.809055,36.45,0,39.62,0.0,1000.0,0.0,4.199,97.4,99,0,60.0,2026-04-29T16:12:36.808938,4.207
2026-04-29T16:11:37.726665,36.48,0,39.66,0.0,1000.0,0.0,4.199,97.4,99,0,60.0,2026-04-29T16:12:37.726520,4.207
2026-04-29T16:11:37.769081,36.48,0,39.65,0.0,1000.0,0.0,4.199,97.4,99,0,60.0,2026-04-29T16:12:37.768902,4.207
2026-04-29T16:11:37.806730,36.48,0,39.65,0.0,1000.0,0.0,4.199,97.4,99,0,60.0,2026-04-29T16:12:37.806606,4.207
2026-04-29T16:11:38.763409,36.52,0,39.69,0.0,1000.0,0.0,4.199,97.4,99,0,60.0,2026-04-29T16:12:38.763278,4.207
2026-04-29T16:11:38.811007,36.52,0,39.69,0.0,1000.0,0.0,4.199,97.4,99,0,60.0,2026-04-29T16:12:38.810805,4.207
2026-04-29T16:11:39.797637,36.52,0,39.73,0.0,1000.0,0.0,4.199,97.4,99,0,60.0,2026-04-29T16:12:39.797468,4.207
2026-04-29T16:11:39.843962,36.56,0,39.73,0.0,1000.0,0.0,4.199,97.4,99,0,60.0,2026-04-29T16:12:39.843847,4.207
2026-04-29T16:11:39.880034,36.56,0,39.73,0.0,1000.0,0.0,4.199,97.4,99,0,60.0,2026-04-29T16:12:39.879907,4.207
2026-04-29T16:11:40.837040,36.61,0,39.77,0.0,1000.0,0.0,4.199,97.4,99,0,60.0,2026-04-29T16:12:40.836855,4.207
2026-04-29T16:11:40.875497,36.61,0,39.78,0.0,1000.0,0.0,4.199,97.4,99,0,60.0,2026-04-29T16:12:40.875389,4.207
2026-04-29T16:11:40.911659,36.61,0,39.78,0.0,1000.0,0.0,4.199,97.4,99,0,60.0,2026-04-29T16:12:40.911514,4.207
2026-04-29T16:11:41.906227,36.65,0,39.82,0.0,1000.0,0.0,4.199,97.4,99,0,60.0,2026-04-29T16:12:41.906056,4.207
2026-04-29T16:11:41.946993,36.65,0,39.82,0.0,1000.0,0.0,4.199,97.4,99,0,60.0,2026-04-29T16:12:41.946874,4.207
2026-04-29T16:11:41.982983,36.65,0,39.82,0.0,1000.0,0.0,4.199,97.4,99,0,60.0,2026-04-29T16:12:41.982879,4.207
2026-04-29T16:11:42.948510,36.7,0,39.87,0.0,1000.0,0.0,4.199,97.4,99,0,60.0,2026-04-29T16:12:42.948369,4.207
2026-04-29T16:11:42.993987,36.7,0,39.87,0.0,1000.0,0.0,4.199,97.4,99,0,60.0,2026-04-29T16:12:42.993870,4.207
2026-04-29T16:11:43.032229,36.7,0,39.87,0.0,1000.0,0.0,4.199,97.4,99,0,60.0,2026-04-29T16:12:43.032109,4.207
2026-04-29T16:11:44.020201,36.76,0,39.92,0.0,1000.0,0.0,4.199,97.4,99,0,60.0,2026-04-29T16:12:44.020026,4.207
2026-04-29T16:11:44.059174,36.76,0,39.93,0.0,1000.0,0.0,4.199,97.4,99,0,60.0,2026-04-29T16:12:44.059067,4.207
2026-04-29T16:11:45.042897,36.76,0,39.97,0.0,1000.0,0.0,4.199,97.4,99,0,60.0,2026-04-29T16:12:45.042728,4.207
2026-04-29T16:11:45.089690,36.84,0,39.99,0.0,1000.0,0.0,4.199,97.3,99,0,60.0,2026-04-29T16:12:45.089547,4.207
2026-04-29T16:11:45.126125,36.84,0,40.0,0.0,1000.0,0.0,4.199,97.3,99,0,60.0,2026-04-29T16:12:45.126008,4.207
2026-04-29T16:11:46.099161,36.9,0,40.05,0.0,1000.0,0.0,4.199,97.3,99,0,60.0,2026-04-29T16:12:46.098989,4.207
2026-04-29T16:11:46.156371,36.9,0,40.06,0.0,1000.0,0.0,4.199,97.3,99,0,60.0,2026-04-29T16:12:46.156152,4.207
2026-04-29T16:11:46.198651,36.9,0,40.06,0.0,1000.0,0.0,4.199,97.3,99,0,60.0,2026-04-29T16:12:46.198522,4.207
2026-04-29T16:11:47.154692,36.96,0,40.11,0.0,1000.0,0.0,4.199,97.3,99,0,60.0,2026-04-29T16:12:47.154534,4.207
2026-04-29T16:11:47.196026,36.96,0,40.12,0.0,1000.0,0.0,4.199,97.3,99,0,60.0,2026-04-29T16:12:47.195890,4.207
2026-04-29T16:11:47.232250,36.96,0,40.12,0.0,1000.0,0.0,4.199,97.3,99,0,60.0,2026-04-29T16:12:47.232126,4.207
2026-04-29T16:11:48.200586,37.01,0,40.17,0.0,1000.0,0.0,4.199,97.3,99,0,60.0,2026-04-29T16:12:48.200375,4.207
2026-04-29T16:11:48.242004,37.01,0,40.18,0.0,1000.0,0.0,4.199,97.3,99,0,60.0,2026-04-29T16:12:48.241857,4.207
2026-04-29T16:11:48.278768,37.01,0,40.18,0.0,1000.0,0.0,4.199,97.3,99,0,60.0,2026-04-29T16:12:48.278630,4.207
2026-04-29T16:11:49.261523,37.09,0,40.24,0.0,1000.0,0.0,4.199,97.3,99,0,60.0,2026-04-29T16:12:49.261331,4.207
2026-04-29T16:11:49.300892,37.09,0,40.25,0.0,1000.0,0.0,4.199,97.3,99,0,60.0,2026-04-29T16:12:49.300668,4.207
2026-04-29T16:11:50.280336,37.09,0,40.29,0.0,1000.0,0.0,4.199,97.3,99,0,60.0,2026-04-29T16:12:50.280153,4.207
2026-04-29T16:11:50.327403,37.14,0,40.31,0.0,1000.0,0.0,4.199,97.3,99,0,60.0,2026-04-29T16:12:50.327275,4.207
2026-04-29T16:11:50.363321,37.14,0,40.31,0.0,1000.0,0.0,4.199,97.3,99,0,60.0,2026-04-29T16:12:50.363192,4.207
2026-04-29T16:11:51.339625,37.18,0,40.35,0.0,1000.0,0.0,4.199,97.3,99,0,60.0,2026-04-29T16:12:51.339504,4.207
2026-04-29T16:11:51.383546,37.18,0,40.35,0.0,1000.0,0.0,4.199,97.3,99,0,60.0,2026-04-29T16:12:51.383433,4.207
2026-04-29T16:11:51.420785,37.18,0,40.36,0.0,1000.0,0.0,4.199,97.3,99,0,60.0,2026-04-29T16:12:51.420660,4.207
2026-04-29T16:11:52.396021,37.24,0,40.4,0.0,1000.0,0.0,4.199,97.3,99,0,60.0,2026-04-29T16:12:52.395852,4.207
2026-04-29T16:11:52.438573,37.24,0,40.41,0.0,1000.0,0.0,4.199,97.3,99,0,60.0,2026-04-29T16:12:52.438444,4.207
2026-04-29T16:11:52.474844,37.24,0,40.41,0.0,1000.0,0.0,4.199,97.3,99,0,60.0,2026-04-29T16:12:52.474740,4.207
2026-04-29T16:11:53.422897,37.3,0,40.46,0.0,1000.0,0.0,4.199,97.2,99,0,60.0,2026-04-29T16:12:53.422739,4.207
2026-04-29T16:11:53.461583,37.3,0,40.46,0.0,1000.0,0.0,4.199,97.2,99,0,60.0,2026-04-29T16:12:53.461471,4.207
2026-04-29T16:11:53.497752,37.3,0,40.46,0.0,1000.0,0.0,4.199,97.2,99,0,60.0,2026-04-29T16:12:53.497629,4.207
2026-04-29T16:11:54.500743,37.33,0,40.5,0.0,1000.0,0.0,4.199,97.2,99,0,60.0,2026-04-29T16:12:54.500476,4.207
2026-04-29T16:11:54.540576,37.33,0,40.5,0.0,1000.0,0.0,4.199,97.2,99,0,60.0,2026-04-29T16:12:54.540450,4.207
2026-04-29T16:11:55.523941,37.33,0,40.54,0.0,1000.0,0.0,4.199,97.2,99,0,60.0,2026-04-29T16:12:55.523763,4.207
2026-04-29T16:11:55.570099,37.39,0,40.55,0.0,1000.0,0.0,4.199,97.2,99,0,60.0,2026-04-29T16:12:55.569923,4.207
2026-04-29T16:11:55.606903,37.39,0,40.56,0.0,1000.0,0.0,4.199,97.2,99,0,60.0,2026-04-29T16:12:55.606759,4.207
2026-04-29T16:11:56.574774,37.43,0,40.6,0.0,1000.0,0.0,4.199,97.2,99,0,60.0,2026-04-29T16:12:56.574616,4.207
2026-04-29T16:11:56.619687,37.43,0,40.6,0.0,1000.0,0.0,4.199,97.2,99,0,60.0,2026-04-29T16:12:56.619334,4.207
2026-04-29T16:11:56.659591,37.43,0,40.6,0.0,1000.0,0.0,4.199,97.2,99,0,60.0,2026-04-29T16:12:56.658933,4.207
2026-04-29T16:11:57.632597,37.48,0,40.64,0.0,1000.0,0.0,4.199,97.2,99,0,60.0,2026-04-29T16:12:57.632448,4.207
2026-04-29T16:11:57.674472,37.48,0,40.65,0.0,1000.0,0.0,4.199,97.2,99,0,60.0,2026-04-29T16:12:57.674354,4.207
2026-04-29T16:11:57.710548,37.48,0,40.65,0.0,1000.0,0.0,4.199,97.2,99,0,60.0,2026-04-29T16:12:57.710435,4.207
2026-04-29T16:11:58.710682,37.53,0,40.7,0.0,1000.0,0.0,4.199,97.2,99,0,60.0,2026-04-29T16:12:58.686653,4.207
2026-04-29T16:11:58.779936,37.53,0,40.7,0.0,1000.0,0.0,4.199,97.2,99,0,60.0,2026-04-29T16:12:58.779792,4.207
2026-04-29T16:11:58.818535,37.53,0,40.7,0.0,1000.0,0.0,4.199,97.2,99,0,60.0,2026-04-29T16:12:58.818382,4.207
2026-04-29T16:11:59.738351,37.59,0,40.75,0.0,1000.0,0.0,4.199,97.2,99,0,60.0,2026-04-29T16:12:59.738202,4.207
2026-04-29T16:11:59.776489,37.59,0,40.76,0.0,1000.0,0.0,4.199,97.2,99,0,60.0,2026-04-29T16:12:59.776351,4.207
2026-04-29T16:12:00.746545,37.59,0,40.8,0.0,1000.0,0.0,4.199,97.2,99,0,60.0,2026-04-29T16:13:00.746395,4.207
2026-04-29T16:12:00.782842,37.65,0,40.81,0.0,1000.0,0.0,4.199,97.2,99,0,60.0,2026-04-29T16:13:00.782710,4.207
2026-04-29T16:12:00.819141,37.65,0,40.82,0.0,1000.0,0.0,4.199,97.2,99,0,60.0,2026-04-29T16:13:00.818968,4.207
2026-04-29T16:12:01.811844,37.7,0,40.86,0.0,1000.0,0.0,4.199,97.2,99,0,60.0,2026-04-29T16:13:01.811679,4.207
2026-04-29T16:12:01.856323,37.7,0,40.87,0.0,1000.0,0.0,4.199,97.2,99,0,60.0,2026-04-29T16:13:01.856180,4.207
2026-04-29T16:12:01.893217,37.7,0,40.87,0.0,1000.0,0.0,4.199,97.2,99,0,60.0,2026-04-29T16:13:01.893099,4.207
2026-04-29T16:12:02.855274,37.75,0,40.91,0.0,1000.0,0.0,4.199,97.1,99,0,60.0,2026-04-29T16:13:02.855126,4.207
2026-04-29T16:12:02.893453,37.75,0,40.92,0.0,1000.0,0.0,4.199,97.1,99,0,60.0,2026-04-29T16:13:02.893357,4.207
2026-04-29T16:12:02.929140,37.75,0,40.92,0.0,1000.0,0.0,4.199,97.1,99,0,60.0,2026-04-29T16:13:02.929022,4.207
2026-04-29T16:12:03.925161,37.83,0,40.96,0.0,1000.0,0.0,4.199,97.1,99,0,60.0,2026-04-29T16:13:03.924998,4.207
2026-04-29T16:12:03.965387,37.83,0,40.97,0.0,1000.0,0.0,4.199,97.1,99,0,60.0,2026-04-29T16:13:03.965275,4.207
2026-04-29T16:12:04.002335,37.83,0,40.98,0.0,1000.0,0.0,4.199,97.1,99,0,60.0,2026-04-29T16:13:04.002156,4.207
2026-04-29T16:12:04.977889,37.91,0,41.04,0.0,1000.0,0.0,4.199,97.1,99,0,60.0,2026-04-29T16:13:04.977758,4.207
2026-04-29T16:12:05.017254,37.91,0,41.06,0.0,1000.0,0.0,4.199,97.1,99,0,60.0,2026-04-29T16:13:05.017164,4.207
2026-04-29T16:12:06.003492,37.91,0,41.1,0.0,1000.0,0.0,4.199,97.1,99,0,60.0,2026-04-29T16:13:06.003265,4.207
2026-04-29T16:12:06.049484,37.97,0,41.12,0.0,1000.0,0.0,4.199,97.1,99,0,60.0,2026-04-29T16:13:06.049350,4.207
2026-04-29T16:12:06.085880,37.97,0,41.12,0.0,1000.0,0.0,4.199,97.1,99,0,60.0,2026-04-29T16:13:06.085734,4.207
2026-04-29T16:12:07.059774,38.04,0,41.17,0.0,1000.0,0.0,4.199,97.1,99,0,60.0,2026-04-29T16:13:07.059589,4.207
2026-04-29T16:12:07.111220,38.04,0,41.19,0.0,1000.0,0.0,4.199,97.1,99,0,60.0,2026-04-29T16:13:07.111091,4.207
2026-04-29T16:12:07.147302,38.04,0,41.19,0.0,1000.0,0.0,4.199,97.1,99,0,60.0,2026-04-29T16:13:07.147191,4.207
2026-04-29T16:12:08.113934,38.12,0,41.25,0.0,1000.0,0.0,4.199,97.1,99,0,60.0,2026-04-29T16:13:08.113770,4.207
2026-04-29T16:12:08.155766,38.12,0,41.27,0.0,1000.0,0.0,4.199,97.1,99,0,60.0,2026-04-29T16:13:08.155614,4.207
2026-04-29T16:12:08.192344,38.12,0,41.27,0.0,1000.0,0.0,4.199,97.1,99,0,60.0,2026-04-29T16:13:08.192211,4.207
2026-04-29T16:12:09.171509,38.22,0,41.34,0.0,1000.0,0.0,4.199,97.0,99,0,60.0,2026-04-29T16:13:09.171335,4.207
2026-04-29T16:12:09.211107,38.22,0,41.36,0.0,1000.0,0.0,4.199,97.0,99,0,60.0,2026-04-29T16:13:09.210993,4.207
2026-04-29T16:12:09.247693,38.22,0,41.36,0.0,1000.0,0.0,4.199,97.0,99,0,60.0,2026-04-29T16:13:09.247594,4.207
2026-04-29T16:12:10.222216,38.29,0,41.43,0.0,1000.0,0.0,4.199,97.0,99,0,60.0,2026-04-29T16:13:10.222059,4.207
2026-04-29T16:12:10.260840,38.29,0,41.44,0.0,1000.0,0.0,4.199,97.0,99,0,60.0,2026-04-29T16:13:10.260713,4.207
2026-04-29T16:12:11.246404,38.29,0,41.48,0.0,1000.0,0.0,4.199,97.0,99,0,60.0,2026-04-29T16:13:11.246224,4.207
2026-04-29T16:12:11.293077,38.36,0,41.5,0.0,1000.0,0.0,4.199,97.0,99,0,60.0,2026-04-29T16:13:11.292932,4.207
2026-04-29T16:12:11.328940,38.36,0,41.51,0.0,1000.0,0.0,4.199,97.0,99,0,60.0,2026-04-29T16:13:11.328803,4.207
2026-04-29T16:12:12.299992,38.43,0,41.56,0.0,1000.0,0.0,4.199,97.0,99,0,60.0,2026-04-29T16:13:12.299845,4.207
2026-04-29T16:12:12.344312,38.43,0,41.58,0.0,1000.0,0.0,4.199,97.0,99,0,60.0,2026-04-29T16:13:12.344186,4.207
2026-04-29T16:12:12.380138,38.43,0,41.58,0.0,1000.0,0.0,4.199,97.0,99,0,60.0,2026-04-29T16:13:12.380024,4.207
2026-04-29T16:12:13.356788,38.49,0,41.63,0.0,1000.0,0.0,4.199,97.0,99,0,60.0,2026-04-29T16:13:13.356636,4.207
2026-04-29T16:12:13.397709,38.49,0,41.64,0.0,1000.0,0.0,4.199,97.0,99,0,60.0,2026-04-29T16:13:13.397593,4.207
2026-04-29T16:12:13.434043,38.49,0,41.65,0.0,1000.0,0.0,4.199,97.0,99,0,60.0,2026-04-29T16:13:13.433941,4.207
2026-04-29T16:12:14.411037,38.55,0,41.7,0.0,1000.0,0.0,4.199,97.0,99,0,60.0,2026-04-29T16:13:14.410855,4.207
2026-04-29T16:12:14.461395,38.55,0,41.71,0.0,1000.0,0.0,4.199,97.0,99,0,60.0,2026-04-29T16:13:14.461238,4.207
2026-04-29T16:12:14.497535,38.55,0,41.71,0.0,1000.0,0.0,4.199,97.0,99,0,60.0,2026-04-29T16:13:14.497411,4.207
2026-04-29T16:12:15.463661,38.61,0,41.76,0.0,1000.0,0.0,4.199,97.0,99,0,60.0,2026-04-29T16:13:15.463491,4.207
2026-04-29T16:12:15.502830,38.61,0,41.77,0.0,1000.0,0.0,4.199,97.0,99,0,60.0,2026-04-29T16:13:15.502535,4.207
2026-04-29T16:12:16.473225,38.61,0,41.81,0.0,1000.0,0.0,4.199,97.0,99,0,60.0,2026-04-29T16:13:16.473004,4.207
2026-04-29T16:12:16.514330,38.67,0,41.82,0.0,1000.0,0.0,4.199,96.9,99,0,60.0,2026-04-29T16:13:16.514199,4.207
2026-04-29T16:12:16.549966,38.67,0,41.82,0.0,1000.0,0.0,4.199,96.9,99,0,60.0,2026-04-29T16:13:16.549861,4.207
2026-04-29T16:12:17.529406,38.72,0,41.87,0.0,1000.0,0.0,4.199,96.9,99,0,60.0,2026-04-29T16:13:17.529296,4.207
2026-04-29T16:12:17.571420,38.72,0,41.87,0.0,1000.0,0.0,4.199,96.9,99,0,60.0,2026-04-29T16:13:17.571315,4.207
2026-04-29T16:12:17.611075,38.72,0,41.88,0.0,1000.0,0.0,4.199,96.9,99,0,60.0,2026-04-29T16:13:17.610966,4.207
2026-04-29T16:12:18.599062,38.77,0,41.92,0.0,1000.0,0.0,4.199,96.9,99,0,60.0,2026-04-29T16:13:18.598877,4.207
2026-04-29T16:12:18.641522,38.77,0,41.93,0.0,1000.0,0.0,4.199,96.9,99,0,60.0,2026-04-29T16:13:18.641397,4.207
2026-04-29T16:12:18.738479,38.77,0,41.93,0.0,1000.0,0.0,4.199,96.9,99,0,60.0,2026-04-29T16:13:18.727423,4.207
2026-04-29T16:12:19.656232,38.82,0,41.97,0.0,1000.0,0.0,4.199,96.9,99,0,60.0,2026-04-29T16:13:19.656072,4.207
2026-04-29T16:12:19.697924,38.82,0,41.98,0.0,1000.0,0.0,4.199,96.9,99,0,60.0,2026-04-29T16:13:19.697783,4.207
2026-04-29T16:12:19.742492,38.82,0,41.98,0.0,1000.0,0.0,4.199,96.9,99,0,60.0,2026-04-29T16:13:19.742362,4.207
2026-04-29T16:12:20.754621,38.87,0,42.02,0.0,1000.0,0.0,4.199,96.9,99,0,60.0,2026-04-29T16:13:20.739152,4.207
2026-04-29T16:12:20.803242,38.87,0,42.03,0.0,1000.0,0.0,4.199,96.9,99,0,60.0,2026-04-29T16:13:20.803084,4.207
2026-04-29T16:12:21.724332,38.87,0,42.07,0.0,1000.0,0.0,4.199,96.9,99,0,60.0,2026-04-29T16:13:21.724134,4.207
2026-04-29T16:12:21.765649,38.9,0,42.07,0.0,1000.0,0.0,4.199,96.9,99,0,60.0,2026-04-29T16:13:21.765499,4.207
2026-04-29T16:12:21.804005,38.9,0,42.07,0.0,1000.0,0.0,4.199,96.9,99,0,60.0,2026-04-29T16:13:21.803849,4.207
2026-04-29T16:12:22.759295,38.93,0,42.1,0.0,1000.0,0.0,4.199,96.9,99,0,60.0,2026-04-29T16:13:22.759151,4.207
2026-04-29T16:12:22.804394,38.93,0,42.1,0.0,1000.0,0.0,4.199,96.9,99,0,60.0,2026-04-29T16:13:22.804255,4.207
2026-04-29T16:12:22.839727,38.93,0,42.1,0.0,1000.0,0.0,4.199,96.9,99,0,60.0,2026-04-29T16:13:22.839617,4.207
2026-04-29T16:12:23.836544,38.96,0,42.13,0.0,1000.0,0.0,4.199,96.9,99,0,60.0,2026-04-29T16:13:23.836334,4.207
2026-04-29T16:12:23.878794,38.96,0,42.13,0.0,1000.0,0.0,4.199,96.9,99,0,60.0,2026-04-29T16:13:23.878683,4.207
2026-04-29T16:12:23.915270,38.96,0,42.13,0.0,1000.0,0.0,4.199,96.9,99,0,60.0,2026-04-29T16:13:23.915155,4.207
2026-04-29T16:12:24.880842,38.98,0,42.16,0.0,1000.0,0.0,4.199,96.9,99,0,60.0,2026-04-29T16:13:24.880659,4.207
2026-04-29T16:12:24.919822,38.98,0,42.15,0.0,1000.0,0.0,4.199,96.9,99,0,60.0,2026-04-29T16:13:24.919670,4.207
2026-04-29T16:12:24.957745,38.98,0,42.15,0.0,1000.0,0.0,4.199,96.9,99,0,60.0,2026-04-29T16:13:24.957591,4.207
2026-04-29T16:12:25.949932,39.02,0,42.19,0.0,1000.0,0.0,4.199,96.9,99,0,60.0,2026-04-29T16:13:25.949791,4.207
2026-04-29T16:12:25.989376,39.02,0,42.19,0.0,1000.0,0.0,4.199,96.9,99,0,60.0,2026-04-29T16:13:25.989241,4.207
2026-04-29T16:12:26.970074,39.02,0,42.23,0.0,1000.0,0.0,4.199,96.9,99,0,60.0,2026-04-29T16:13:26.969874,4.207
2026-04-29T16:12:27.018092,39.05,0,42.22,0.0,1000.0,0.0,4.199,96.9,99,0,60.0,2026-04-29T16:13:27.017963,4.207
2026-04-29T16:12:27.054833,39.05,0,42.22,0.0,1000.0,0.0,4.199,96.9,99,0,60.0,2026-04-29T16:13:27.054703,4.207
2026-04-29T16:12:28.026298,39.08,0,42.26,0.0,1000.0,0.0,4.199,96.8,99,0,60.0,2026-04-29T16:13:28.026139,4.207
2026-04-29T16:12:28.081892,39.08,0,42.25,0.0,1000.0,0.0,4.199,96.8,99,0,60.0,2026-04-29T16:13:28.081771,4.207
2026-04-29T16:12:28.117953,39.08,0,42.25,0.0,1000.0,0.0,4.199,96.8,99,0,60.0,2026-04-29T16:13:28.117836,4.207
2026-04-29T16:12:29.080418,39.14,0,42.29,0.0,1000.0,0.0,4.199,96.8,99,0,60.0,2026-04-29T16:13:29.080252,4.207
2026-04-29T16:12:29.122927,39.14,0,42.29,0.0,1000.0,0.0,4.199,96.8,99,0,60.0,2026-04-29T16:13:29.122776,4.207
2026-04-29T16:12:29.159386,39.14,0,42.3,0.0,1000.0,0.0,4.199,96.8,99,0,60.0,2026-04-29T16:13:29.159271,4.207
2026-04-29T16:12:30.130205,39.18,0,42.34,0.0,1000.0,0.0,4.199,96.8,99,0,60.0,2026-04-29T16:13:30.130040,4.207
2026-04-29T16:12:30.173506,39.18,0,42.34,0.0,1000.0,0.0,4.199,96.8,99,0,60.0,2026-04-29T16:13:30.173358,4.207
2026-04-29T16:12:30.211834,39.18,0,42.34,0.0,1000.0,0.0,4.199,96.8,99,0,60.0,2026-04-29T16:13:30.211681,4.207
2026-04-29T16:12:31.190136,39.23,0,42.38,0.0,1000.0,0.0,4.199,96.8,99,0,60.0,2026-04-29T16:13:31.189962,4.207
2026-04-29T16:12:31.228354,39.23,0,42.39,0.0,1000.0,0.0,4.199,96.8,99,0,60.0,2026-04-29T16:13:31.228224,4.207
2026-04-29T16:12:32.209527,39.23,0,42.43,0.0,1000.0,0.0,4.199,96.8,99,0,60.0,2026-04-29T16:13:32.209315,4.207
2026-04-29T16:12:32.255922,39.27,0,42.43,0.0,1000.0,0.0,4.199,96.8,99,0,60.0,2026-04-29T16:13:32.255788,4.207
2026-04-29T16:12:32.292134,39.27,0,42.43,0.0,1000.0,0.0,4.199,96.8,99,0,60.0,2026-04-29T16:13:32.292005,4.207
2026-04-29T16:12:33.264398,39.32,0,42.47,0.0,1000.0,0.0,4.199,96.8,99,0,60.0,2026-04-29T16:13:33.264203,4.207
2026-04-29T16:12:33.308347,39.32,0,42.48,0.0,1000.0,0.0,4.199,96.8,99,0,60.0,2026-04-29T16:13:33.308171,4.207
2026-04-29T16:12:33.346521,39.32,0,42.48,0.0,1000.0,0.0,4.199,96.8,99,0,60.0,2026-04-29T16:13:33.346363,4.207
2026-04-29T16:12:34.316805,39.37,0,42.52,0.0,1000.0,0.0,4.199,96.8,99,0,60.0,2026-04-29T16:13:34.316639,4.207
2026-04-29T16:12:34.358393,39.37,0,42.53,0.0,1000.0,0.0,4.199,96.8,99,0,60.0,2026-04-29T16:13:34.358260,4.207
2026-04-29T16:12:34.394817,39.37,0,42.53,0.0,1000.0,0.0,4.199,96.8,99,0,60.0,2026-04-29T16:13:34.394206,4.207
2026-04-29T16:12:35.375631,39.43,0,42.57,0.0,1000.0,0.0,4.199,96.8,99,0,60.0,2026-04-29T16:13:35.375479,4.207
2026-04-29T16:12:35.421695,39.43,0,42.58,0.0,1000.0,0.0,4.199,96.8,99,0,60.0,2026-04-29T16:13:35.421479,4.207
2026-04-29T16:12:35.458948,39.43,0,42.58,0.0,1000.0,0.0,4.199,96.8,99,0,60.0,2026-04-29T16:13:35.458789,4.207
2026-04-29T16:12:36.427375,39.47,0,42.62,0.0,1000.0,0.0,4.199,96.8,99,0,60.0,2026-04-29T16:13:36.427226,4.207
2026-04-29T16:12:36.465614,39.47,0,42.62,0.0,1000.0,0.0,4.199,96.8,99,0,60.0,2026-04-29T16:13:36.465501,4.207
2026-04-29T16:12:37.448227,39.47,0,42.66,0.0,1000.0,0.0,4.199,96.8,99,0,60.0,2026-04-29T16:13:37.448049,4.207
2026-04-29T16:12:37.496346,39.54,0,42.68,0.0,1000.0,0.0,4.199,96.7,99,0,60.0,2026-04-29T16:13:37.496206,4.207
2026-04-29T16:12:37.532719,39.54,0,42.69,0.0,1000.0,0.0,4.199,96.7,99,0,60.0,2026-04-29T16:13:37.532605,4.207
2026-04-29T16:12:38.495155,39.62,0,42.74,0.0,1000.0,0.0,4.199,96.7,99,0,60.0,2026-04-29T16:13:38.495013,4.207
2026-04-29T16:12:38.537009,39.62,0,42.75,0.0,1000.0,0.0,4.199,96.7,99,0,60.0,2026-04-29T16:13:38.536824,4.207
2026-04-29T16:12:38.574134,39.62,0,42.76,0.0,1000.0,0.0,4.199,96.7,99,0,60.0,2026-04-29T16:13:38.573997,4.207
2026-04-29T16:12:39.558634,39.69,0,42.81,0.0,1000.0,0.0,4.199,96.7,99,0,60.0,2026-04-29T16:13:39.558414,4.207
2026-04-29T16:12:39.600400,39.69,0,42.82,0.0,1000.0,0.0,4.199,96.7,99,0,60.0,2026-04-29T16:13:39.600278,4.207
2026-04-29T16:12:39.637036,39.69,0,42.83,0.0,1000.0,0.0,4.199,96.7,99,0,60.0,2026-04-29T16:13:39.636882,4.207
2026-04-29T16:12:40.606772,39.76,0,42.89,0.0,1000.0,0.0,4.199,96.7,99,0,60.0,2026-04-29T16:13:40.606586,4.207
2026-04-29T16:12:40.648926,39.76,0,42.9,0.0,1000.0,0.0,4.199,96.7,99,0,60.0,2026-04-29T16:13:40.648841,4.207
2026-04-29T16:12:40.742819,39.76,0,42.9,0.0,1000.0,0.0,4.199,96.7,99,0,60.0,2026-04-29T16:13:40.742688,4.207
2026-04-29T16:12:41.666724,39.83,0,42.96,0.0,1000.0,0.0,4.199,96.7,99,0,60.0,2026-04-29T16:13:41.666586,4.207
2026-04-29T16:12:41.705889,39.83,0,42.97,0.0,1000.0,0.0,4.199,96.7,99,0,60.0,2026-04-29T16:13:41.705768,4.207
2026-04-29T16:12:42.690960,39.83,0,43.01,0.0,1000.0,0.0,4.199,96.7,99,0,60.0,2026-04-29T16:13:42.690350,4.207
2026-04-29T16:12:42.790681,39.92,0,43.05,0.0,1000.0,0.0,4.199,96.7,99,0,60.0,2026-04-29T16:13:42.790533,4.207
2026-04-29T16:12:42.835534,39.92,0,43.06,0.0,1000.0,0.0,4.199,96.7,99,0,60.0,2026-04-29T16:13:42.835363,4.207
2026-04-29T16:12:43.769090,39.97,0,43.1,0.0,1000.0,0.0,4.199,96.6,99,0,60.0,2026-04-29T16:13:43.768896,4.207
2026-04-29T16:12:43.806190,39.97,0,43.12,0.0,1000.0,0.0,4.199,96.6,99,0,60.0,2026-04-29T16:13:43.806072,4.207
2026-04-29T16:12:43.841676,39.97,0,43.12,0.0,1000.0,0.0,4.199,96.6,99,0,60.0,2026-04-29T16:13:43.841558,4.207
2026-04-29T16:12:44.775583,40.04,0,43.17,0.0,1000.0,0.0,4.199,96.6,99,0,60.0,2026-04-29T16:13:44.775441,4.207
2026-04-29T16:12:44.812858,40.04,0,43.18,0.0,1000.0,0.0,4.199,96.6,99,0,60.0,2026-04-29T16:13:44.812715,4.207
2026-04-29T16:12:44.848029,40.04,0,43.19,0.0,1000.0,0.0,4.199,96.6,99,0,60.0,2026-04-29T16:13:44.847910,4.207
2026-04-29T16:12:45.854515,40.12,0,43.25,0.0,1000.0,0.0,4.199,96.6,99,0,60.0,2026-04-29T16:13:45.854312,4.207
2026-04-29T16:12:45.896509,40.12,0,43.26,0.0,1000.0,0.0,4.199,96.6,99,0,60.0,2026-04-29T16:13:45.896342,4.207
2026-04-29T16:12:45.933487,40.12,0,43.26,0.0,1000.0,0.0,4.199,96.6,99,0,60.0,2026-04-29T16:13:45.933367,4.207
2026-04-29T16:12:46.894114,40.17,0,43.31,0.0,1000.0,0.0,4.199,96.6,99,0,60.0,2026-04-29T16:13:46.893968,4.207
2026-04-29T16:12:46.931213,40.17,0,43.31,0.0,1000.0,0.0,4.199,96.6,99,0,60.0,2026-04-29T16:13:46.931082,4.207
2026-04-29T16:12:47.929000,40.17,0,43.36,0.0,1000.0,0.0,4.199,96.6,99,0,60.0,2026-04-29T16:13:47.928818,4.207
2026-04-29T16:12:47.977782,40.23,0,43.37,0.0,1000.0,0.0,4.199,96.6,99,0,60.0,2026-04-29T16:13:47.977667,4.207
2026-04-29T16:12:48.013939,40.23,0,43.37,0.0,1000.0,0.0,4.199,96.6,99,0,60.0,2026-04-29T16:13:48.013821,4.207
2026-04-29T16:12:48.987258,40.26,0,43.42,0.0,1000.0,0.0,4.199,96.6,99,0,60.0,2026-04-29T16:13:48.987072,4.207
2026-04-29T16:12:49.031131,40.26,0,43.41,0.0,1000.0,0.0,4.199,96.6,99,0,60.0,2026-04-29T16:13:49.030992,4.207
2026-04-29T16:12:49.067651,40.26,0,43.41,0.0,1000.0,0.0,4.199,96.6,99,0,60.0,2026-04-29T16:13:49.067544,4.207
2026-04-29T16:12:50.039906,40.3,0,43.45,0.0,1000.0,0.0,4.199,96.6,99,0,60.0,2026-04-29T16:13:50.039733,4.207
2026-04-29T16:12:50.081187,40.3,0,43.45,0.0,1000.0,0.0,4.199,96.6,99,0,60.0,2026-04-29T16:13:50.081053,4.207
2026-04-29T16:12:50.117430,40.3,0,43.45,0.0,1000.0,0.0,4.199,96.6,99,0,60.0,2026-04-29T16:13:50.117318,4.207
2026-04-29T16:12:51.097075,40.32,0,43.49,0.0,1000.0,0.0,4.199,96.6,99,0,60.0,2026-04-29T16:13:51.096919,4.207
2026-04-29T16:12:51.139714,40.32,0,43.48,0.0,1000.0,0.0,4.199,96.6,99,0,60.0,2026-04-29T16:13:51.139585,4.207
2026-04-29T16:12:51.179374,40.32,0,43.48,0.0,1000.0,0.0,4.199,96.6,99,0,60.0,2026-04-29T16:13:51.179213,4.207
2026-04-29T16:12:52.150155,40.36,0,43.52,0.0,1000.0,0.0,4.199,96.6,99,0,60.0,2026-04-29T16:13:52.150000,4.207
2026-04-29T16:12:52.189695,40.36,0,43.52,0.0,1000.0,0.0,4.199,96.6,99,0,60.0,2026-04-29T16:13:52.189552,4.207
2026-04-29T16:12:53.174625,40.36,0,43.55,0.0,1000.0,0.0,4.199,96.6,99,0,60.0,2026-04-29T16:13:53.174445,4.207
2026-04-29T16:12:53.220380,40.39,0,43.55,0.0,1000.0,0.0,4.199,96.6,99,0,60.0,2026-04-29T16:13:53.220245,4.207
2026-04-29T16:12:53.256397,40.39,0,43.55,0.0,1000.0,0.0,4.199,96.6,99,0,60.0,2026-04-29T16:13:53.256275,4.207
2026-04-29T16:12:54.227889,40.45,0,43.59,0.0,1000.0,0.0,4.199,96.5,99,0,60.0,2026-04-29T16:13:54.227698,4.208
2026-04-29T16:12:54.272429,40.45,0,43.6,0.0,1000.0,0.0,4.199,96.5,99,0,60.0,2026-04-29T16:13:54.272283,4.208
2026-04-29T16:12:54.308966,40.45,0,43.6,0.0,1000.0,0.0,4.199,96.5,99,0,60.0,2026-04-29T16:13:54.308850,4.208
2026-04-29T16:12:55.283094,40.48,0,43.64,0.0,1000.0,0.0,4.199,96.5,99,0,60.0,2026-04-29T16:13:55.282935,4.208
2026-04-29T16:12:55.325488,40.48,0,43.64,0.0,1000.0,0.0,4.199,96.5,99,0,60.0,2026-04-29T16:13:55.325292,4.208
2026-04-29T16:12:55.361915,40.48,0,43.64,0.0,1000.0,0.0,4.199,96.5,99,0,60.0,2026-04-29T16:13:55.361807,4.208
2026-04-29T16:12:56.325602,40.53,0,43.68,0.0,1000.0,0.0,4.199,96.5,99,0,60.0,2026-04-29T16:13:56.325442,4.208
2026-04-29T16:12:56.365696,40.53,0,43.68,0.0,1000.0,0.0,4.199,96.5,99,0,60.0,2026-04-29T16:13:56.365584,4.208
2026-04-29T16:12:56.411461,40.53,0,43.68,0.0,1000.0,0.0,4.199,96.5,99,0,60.0,2026-04-29T16:13:56.411324,4.208
2026-04-29T16:12:57.389916,40.58,0,43.72,0.0,1000.0,0.0,4.199,96.5,99,0,60.0,2026-04-29T16:13:57.389764,4.208
2026-04-29T16:12:57.429030,40.58,0,43.73,0.0,1000.0,0.0,4.199,96.5,99,0,60.0,2026-04-29T16:13:57.428906,4.208
2026-04-29T16:12:58.399264,40.58,0,43.77,0.0,1000.0,0.0,4.199,96.5,99,0,60.0,2026-04-29T16:13:58.399113,4.208
2026-04-29T16:12:58.440036,40.63,0,43.77,0.0,1000.0,0.0,4.199,96.5,99,0,60.0,2026-04-29T16:13:58.439906,4.208
2026-04-29T16:12:58.475483,40.63,0,43.78,0.0,1000.0,0.0,4.199,96.5,99,0,60.0,2026-04-29T16:13:58.475362,4.208
2026-04-29T16:12:59.467527,40.67,0,43.82,0.0,1000.0,0.0,4.199,96.5,99,0,60.0,2026-04-29T16:13:59.467356,4.208
2026-04-29T16:12:59.512540,40.67,0,43.82,0.0,1000.0,0.0,4.199,96.5,99,0,60.0,2026-04-29T16:13:59.512418,4.208
2026-04-29T16:12:59.549596,40.67,0,43.82,0.0,1000.0,0.0,4.199,96.5,99,0,60.0,2026-04-29T16:13:59.549468,4.208
2026-04-29T16:13:00.520531,40.73,0,43.87,0.0,1000.0,0.0,4.199,96.5,99,0,60.0,2026-04-29T16:14:00.520348,4.208
2026-04-29T16:13:00.560982,40.73,0,43.87,0.0,1000.0,0.0,4.199,96.5,99,0,60.0,2026-04-29T16:14:00.560838,4.208
2026-04-29T16:13:00.596658,40.73,0,43.88,0.0,1000.0,0.0,4.199,96.5,99,0,60.0,2026-04-29T16:14:00.596516,4.208
2026-04-29T16:13:01.557148,40.78,0,43.92,0.0,1000.0,0.0,4.199,96.5,99,0,60.0,2026-04-29T16:14:01.556988,4.208
2026-04-29T16:13:01.595604,40.78,0,43.93,0.0,1000.0,0.0,4.199,96.5,99,0,60.0,2026-04-29T16:14:01.595458,4.208
2026-04-29T16:13:01.631885,40.78,0,43.93,0.0,1000.0,0.0,4.199,96.5,99,0,60.0,2026-04-29T16:14:01.631757,4.208
2026-04-29T16:13:02.642690,40.83,0,43.98,0.0,1000.0,0.0,4.199,96.5,99,0,60.0,2026-04-29T16:14:02.642515,4.208
2026-04-29T16:13:02.738704,40.83,0,43.98,0.0,1000.0,0.0,4.199,96.5,99,0,60.0,2026-04-29T16:14:02.729094,4.208
2026-04-29T16:13:03.651559,40.83,0,44.02,0.0,1000.0,0.0,4.199,96.5,99,0,60.0,2026-04-29T16:14:03.651390,4.208
2026-04-29T16:13:03.698625,40.89,0,44.03,0.0,1000.0,0.0,4.199,96.4,99,0,60.0,2026-04-29T16:14:03.698486,4.208
2026-04-29T16:13:03.734417,40.89,0,44.04,0.0,1000.0,0.0,4.199,96.4,99,0,60.0,2026-04-29T16:14:03.734302,4.208
2026-04-29T16:13:04.732396,40.97,0,44.09,0.0,1000.0,0.0,4.199,96.4,99,0,60.0,2026-04-29T16:14:04.709018,4.208
2026-04-29T16:13:04.786777,40.97,0,44.11,0.0,1000.0,0.0,4.199,96.4,99,0,60.0,2026-04-29T16:14:04.786622,4.208
2026-04-29T16:13:04.833205,40.97,0,44.12,0.0,1000.0,0.0,4.199,96.4,99,0,60.0,2026-04-29T16:14:04.833085,4.208
2026-04-29T16:13:05.749167,41.04,0,44.17,0.0,1000.0,0.0,4.199,96.4,99,0,60.0,2026-04-29T16:14:05.749030,4.208
2026-04-29T16:13:05.788440,41.04,0,44.17,0.0,1000.0,0.0,4.199,96.4,99,0,60.0,2026-04-29T16:14:05.788275,4.208
2026-04-29T16:13:05.824117,41.04,0,44.17,0.0,1000.0,0.0,4.199,96.4,99,0,60.0,2026-04-29T16:14:05.824009,4.208
2026-04-29T16:13:06.792782,41.09,0,44.22,0.0,1000.0,0.0,4.199,96.4,99,0,60.0,2026-04-29T16:14:06.792618,4.208
2026-04-29T16:13:06.832209,41.09,0,44.22,0.0,1000.0,0.0,4.199,96.4,99,0,60.0,2026-04-29T16:14:06.832077,4.208
2026-04-29T16:13:06.868187,41.09,0,44.23,0.0,1000.0,0.0,4.199,96.4,99,0,60.0,2026-04-29T16:14:06.868084,4.208
2026-04-29T16:13:07.865000,41.14,0,44.27,0.0,1000.0,0.0,4.199,96.4,99,0,60.0,2026-04-29T16:14:07.864849,4.208
2026-04-29T16:13:07.904963,41.14,0,44.28,0.0,1000.0,0.0,4.199,96.4,99,0,60.0,2026-04-29T16:14:07.904798,4.208
2026-04-29T16:13:08.881263,41.14,0,44.32,0.0,1000.0,0.0,4.199,96.4,99,0,60.0,2026-04-29T16:14:08.881095,4.208
2026-04-29T16:13:08.927866,41.22,0,44.34,0.0,1000.0,0.0,4.199,96.4,99,0,60.0,2026-04-29T16:14:08.927739,4.208
2026-04-29T16:13:08.964544,41.22,0,44.35,0.0,1000.0,0.0,4.199,96.4,99,0,60.0,2026-04-29T16:14:08.964431,4.208
2026-04-29T16:13:09.948765,41.28,0,44.4,0.0,1000.0,0.0,4.199,96.4,99,0,60.0,2026-04-29T16:14:09.948592,4.208
2026-04-29T16:13:09.994087,41.28,0,44.41,0.0,1000.0,0.0,4.199,96.4,99,0,60.0,2026-04-29T16:14:09.993969,4.208
2026-04-29T16:13:10.030281,41.28,0,44.42,0.0,1000.0,0.0,4.199,96.4,99,0,60.0,2026-04-29T16:14:10.030129,4.208
2026-04-29T16:13:11.004736,41.32,0,44.46,0.0,1000.0,0.0,4.199,96.4,99,0,60.0,2026-04-29T16:14:11.004423,4.208
2026-04-29T16:13:11.048045,41.32,0,44.46,0.0,1000.0,0.0,4.199,96.3,99,0,60.0,2026-04-29T16:14:11.047910,4.208
2026-04-29T16:13:11.084452,41.32,0,44.46,0.0,1000.0,0.0,4.199,96.3,99,0,60.0,2026-04-29T16:14:11.084328,4.208
2026-04-29T16:13:12.059567,41.38,0,44.51,0.0,1000.0,0.0,4.199,96.3,99,0,60.0,2026-04-29T16:14:12.059400,4.208
2026-04-29T16:13:12.099275,41.38,0,44.52,0.0,1000.0,0.0,4.199,96.3,99,0,60.0,2026-04-29T16:14:12.099141,4.208
2026-04-29T16:13:12.135388,41.38,0,44.52,0.0,1000.0,0.0,4.199,96.3,99,0,60.0,2026-04-29T16:14:12.135260,4.208
2026-04-29T16:13:13.113897,41.45,0,44.57,0.0,1000.0,0.0,4.199,96.3,99,0,60.0,2026-04-29T16:14:13.113720,4.208
2026-04-29T16:13:13.152899,41.45,0,44.58,0.0,1000.0,0.0,4.199,96.3,99,0,60.0,2026-04-29T16:14:13.152753,4.208
2026-04-29T16:13:14.134509,41.45,0,44.62,0.0,1000.0,0.0,4.199,96.3,99,0,60.0,2026-04-29T16:14:14.134337,4.208
2026-04-29T16:13:14.182346,41.5,0,44.63,0.0,1000.0,0.0,4.199,96.3,99,0,60.0,2026-04-29T16:14:14.182219,4.208
2026-04-29T16:13:14.219341,41.5,0,44.63,0.0,1000.0,0.0,4.199,96.3,99,0,60.0,2026-04-29T16:14:14.219148,4.208
2026-04-29T16:13:15.192798,41.57,0,44.68,0.0,1000.0,0.0,4.199,96.3,99,0,60.0,2026-04-29T16:14:15.192611,4.208
2026-04-29T16:13:15.235463,41.57,0,44.7,0.0,1000.0,0.0,4.199,96.3,99,0,60.0,2026-04-29T16:14:15.235350,4.208
2026-04-29T16:13:15.271312,41.57,0,44.7,0.0,1000.0,0.0,4.199,96.3,99,0,60.0,2026-04-29T16:14:15.271195,4.208
2026-04-29T16:13:16.246421,41.63,0,44.75,0.0,1000.0,0.0,4.199,96.3,99,0,60.0,2026-04-29T16:14:16.246272,4.208
2026-04-29T16:13:16.288956,41.63,0,44.76,0.0,1000.0,0.0,4.199,96.3,99,0,60.0,2026-04-29T16:14:16.288834,4.208
2026-04-29T16:13:16.325002,41.63,0,44.76,0.0,1000.0,0.0,4.199,96.3,99,0,60.0,2026-04-29T16:14:16.324856,4.208
2026-04-29T16:13:17.301382,41.69,0,44.82,0.0,1000.0,0.0,4.199,96.3,99,0,60.0,2026-04-29T16:14:17.301243,4.208
2026-04-29T16:13:17.342225,41.69,0,44.82,0.0,1000.0,0.0,4.199,96.3,99,0,60.0,2026-04-29T16:14:17.342098,4.208
2026-04-29T16:13:17.377590,41.69,0,44.83,0.0,1000.0,0.0,4.199,96.3,99,0,60.0,2026-04-29T16:14:17.377490,4.208
2026-04-29T16:13:18.354206,41.75,0,44.88,0.0,1000.0,0.0,4.199,96.2,99,0,60.0,2026-04-29T16:14:18.354071,4.208
2026-04-29T16:13:18.394546,41.75,0,44.89,0.0,1000.0,0.0,4.199,96.2,99,0,60.0,2026-04-29T16:14:18.394424,4.208
2026-04-29T16:13:19.378450,41.75,0,44.93,0.0,1000.0,0.0,4.199,96.2,99,0,60.0,2026-04-29T16:14:19.378228,4.208
2026-04-29T16:13:19.426275,41.82,0,44.95,0.0,1000.0,0.0,4.199,96.2,99,0,60.0,2026-04-29T16:14:19.426117,4.208
2026-04-29T16:13:19.462630,41.82,0,44.96,0.0,1000.0,0.0,4.199,96.2,99,0,60.0,2026-04-29T16:14:19.462472,4.208
2026-04-29T16:13:20.432800,41.89,0,45.0,0.0,1000.0,0.0,4.199,96.2,99,0,60.0,2026-04-29T16:14:20.432633,4.208
2026-04-29T16:13:20.476352,41.89,0,45.02,0.0,1000.0,0.0,4.199,96.2,99,0,60.0,2026-04-29T16:14:20.476200,4.208
2026-04-29T16:13:20.512269,41.89,0,45.03,0.0,1000.0,0.0,4.199,96.2,99,0,60.0,2026-04-29T16:14:20.512142,4.208
2026-04-29T16:13:21.474664,41.96,0,45.08,0.0,1000.0,0.0,4.199,96.2,99,0,60.0,2026-04-29T16:14:21.474507,4.208
2026-04-29T16:13:21.516249,41.96,0,45.09,0.0,1000.0,0.0,4.199,96.2,99,0,60.0,2026-04-29T16:14:21.515984,4.208
2026-04-29T16:13:21.553682,41.96,0,45.09,0.0,1000.0,0.0,4.199,96.2,99,0,60.0,2026-04-29T16:14:21.553550,4.208
2026-04-29T16:13:22.542739,42.01,0,45.14,0.0,1000.0,0.0,4.199,96.2,99,0,60.0,2026-04-29T16:14:22.542573,4.208
2026-04-29T16:13:22.582341,42.01,0,45.14,0.0,1000.0,0.0,4.199,96.2,99,0,60.0,2026-04-29T16:14:22.582217,4.208
2026-04-29T16:13:22.618623,42.01,0,45.15,0.0,1000.0,0.0,4.199,96.2,99,0,60.0,2026-04-29T16:14:22.618499,4.208
2026-04-29T16:13:23.587968,42.07,0,45.2,0.0,1000.0,0.0,4.199,96.2,99,0,60.0,2026-04-29T16:14:23.587811,4.208
2026-04-29T16:13:23.626864,42.07,0,45.2,0.0,1000.0,0.0,4.199,96.2,99,0,60.0,2026-04-29T16:14:23.626738,4.208
2026-04-29T16:13:24.618539,42.07,0,45.25,0.0,1000.0,0.0,4.199,96.2,99,0,60.0,2026-04-29T16:14:24.618363,4.208
2026-04-29T16:13:24.685071,42.14,0,45.27,0.0,1000.0,0.0,4.199,96.2,99,0,60.0,2026-04-29T16:14:24.666655,4.208
2026-04-29T16:13:24.755876,42.14,0,45.27,0.0,1000.0,0.0,4.199,96.2,99,0,60.0,2026-04-29T16:14:24.755746,4.208
2026-04-29T16:13:25.674084,42.21,0,45.32,0.0,1000.0,0.0,4.199,96.1,99,0,60.0,2026-04-29T16:14:25.673911,4.208
2026-04-29T16:13:25.717465,42.21,0,45.34,0.0,1000.0,0.0,4.199,96.1,99,0,60.0,2026-04-29T16:14:25.717347,4.208
2026-04-29T16:13:25.752066,42.21,0,45.34,0.0,1000.0,0.0,4.199,96.1,99,0,60.0,2026-04-29T16:14:25.751948,4.208
2026-04-29T16:13:26.758985,42.26,0,45.39,0.0,1000.0,0.0,4.199,96.1,99,0,60.0,2026-04-29T16:14:26.758842,4.208
2026-04-29T16:13:26.796555,42.26,0,45.4,0.0,1000.0,0.0,4.199,96.1,99,0,60.0,2026-04-29T16:14:26.796425,4.208
2026-04-29T16:13:26.832397,42.26,0,45.4,0.0,1000.0,0.0,4.199,96.1,99,0,60.0,2026-04-29T16:14:26.832294,4.208
2026-04-29T16:13:27.766361,42.31,0,45.45,0.0,1000.0,0.0,4.199,96.1,99,0,60.0,2026-04-29T16:14:27.766212,4.208
2026-04-29T16:13:27.806947,42.31,0,45.45,0.0,1000.0,0.0,4.199,96.1,99,0,60.0,2026-04-29T16:14:27.806802,4.208
2026-04-29T16:13:27.843666,42.31,0,45.45,0.0,1000.0,0.0,4.199,96.1,99,0,60.0,2026-04-29T16:14:27.843563,4.208
2026-04-29T16:13:28.809040,42.38,0,45.5,0.0,1000.0,0.0,4.199,96.1,99,0,60.0,2026-04-29T16:14:28.808883,4.208
2026-04-29T16:13:28.845063,42.38,0,45.51,0.0,1000.0,0.0,4.199,96.1,99,0,60.0,2026-04-29T16:14:28.844964,4.208
2026-04-29T16:13:29.857907,42.38,0,45.55,0.0,1000.0,0.0,4.199,96.1,99,0,60.0,2026-04-29T16:14:29.857722,4.208
2026-04-29T16:13:29.905376,42.43,0,45.56,0.0,1000.0,0.0,4.199,96.1,99,0,60.0,2026-04-29T16:14:29.905194,4.208
2026-04-29T16:13:29.941383,42.43,0,45.56,0.0,1000.0,0.0,4.199,96.1,99,0,60.0,2026-04-29T16:14:29.941269,4.208
2026-04-29T16:13:30.903668,42.5,0,45.61,0.0,1000.0,0.0,4.199,96.1,99,0,60.0,2026-04-29T16:14:30.903328,4.208
2026-04-29T16:13:30.946847,42.5,0,45.62,0.0,1000.0,0.0,4.199,96.1,99,0,60.0,2026-04-29T16:14:30.946726,4.208
2026-04-29T16:13:30.983423,42.5,0,45.63,0.0,1000.0,0.0,4.199,96.1,99,0,60.0,2026-04-29T16:14:30.983299,4.208
2026-04-29T16:13:31.968557,42.54,0,45.68,0.0,1000.0,0.0,4.199,96.1,99,0,60.0,2026-04-29T16:14:31.968408,4.208
2026-04-29T16:13:32.010959,42.54,0,45.68,0.0,1000.0,0.0,4.199,96.1,99,0,60.0,2026-04-29T16:14:32.010841,4.208
2026-04-29T16:13:32.046853,42.54,0,45.68,0.0,1000.0,0.0,4.199,96.1,99,0,60.0,2026-04-29T16:14:32.046752,4.208
2026-04-29T16:13:33.026189,42.6,0,45.73,0.0,1000.0,0.0,4.199,96.1,99,0,60.0,2026-04-29T16:14:33.026018,4.208
2026-04-29T16:13:33.066180,42.6,0,45.73,0.0,1000.0,0.0,4.199,96.1,99,0,60.0,2026-04-29T16:14:33.066074,4.208
2026-04-29T16:13:33.101872,42.6,0,45.74,0.0,1000.0,0.0,4.199,96.1,99,0,60.0,2026-04-29T16:14:33.101753,4.208
2026-04-29T16:13:34.077653,42.64,0,45.78,0.0,1000.0,0.0,4.199,96.0,99,0,60.0,2026-04-29T16:14:34.077504,4.208
2026-04-29T16:13:34.115645,42.64,0,45.78,0.0,1000.0,0.0,4.199,96.0,99,0,60.0,2026-04-29T16:14:34.115511,4.208
2026-04-29T16:13:35.101648,42.64,0,45.81,0.0,1000.0,0.0,4.199,96.0,99,0,60.0,2026-04-29T16:14:35.101477,4.208
2026-04-29T16:13:35.149757,42.67,0,45.81,0.0,1000.0,0.0,4.199,96.0,99,0,60.0,2026-04-29T16:14:35.149642,4.208
2026-04-29T16:13:35.187289,42.67,0,45.81,0.0,1000.0,0.0,4.199,96.0,99,0,60.0,2026-04-29T16:14:35.187103,4.208
2026-04-29T16:13:36.157092,42.72,0,45.85,0.0,1000.0,0.0,4.199,96.0,99,0,60.0,2026-04-29T16:14:36.156909,4.208
2026-04-29T16:13:36.200767,42.72,0,45.85,0.0,1000.0,0.0,4.199,96.0,99,0,60.0,2026-04-29T16:14:36.200645,4.208
2026-04-29T16:13:36.238151,42.72,0,45.85,0.0,1000.0,0.0,4.199,96.0,99,0,60.0,2026-04-29T16:14:36.237930,4.208
2026-04-29T16:13:37.211468,42.75,0,45.89,0.0,1000.0,0.0,4.199,96.0,99,0,60.0,2026-04-29T16:14:37.211317,4.208
2026-04-29T16:13:37.252110,42.75,0,45.89,0.0,1000.0,0.0,4.199,96.0,99,0,60.0,2026-04-29T16:14:37.251993,4.208
2026-04-29T16:13:37.289170,42.75,0,45.89,0.0,1000.0,0.0,4.199,96.0,99,0,60.0,2026-04-29T16:14:37.288907,4.208
2026-04-29T16:13:38.264843,42.8,0,45.93,0.0,1000.0,0.0,4.199,96.0,99,0,60.0,2026-04-29T16:14:38.264687,4.208
2026-04-29T16:13:38.306203,42.8,0,45.93,0.0,1000.0,0.0,4.199,96.0,99,0,60.0,2026-04-29T16:14:38.306041,4.208
2026-04-29T16:13:38.343148,42.8,0,45.94,0.0,1000.0,0.0,4.199,96.0,99,0,60.0,2026-04-29T16:14:38.343005,4.208
2026-04-29T16:13:39.318211,42.83,0,45.97,0.0,1000.0,0.0,4.199,96.0,99,0,60.0,2026-04-29T16:14:39.318058,4.208
2026-04-29T16:13:39.358389,42.83,0,45.97,0.0,1000.0,0.0,4.199,96.0,99,0,60.0,2026-04-29T16:14:39.358256,4.208
2026-04-29T16:13:40.341719,42.83,0,46.01,0.0,1000.0,0.0,4.199,96.0,99,0,60.0,2026-04-29T16:14:40.341531,4.208
2026-04-29T16:13:40.388982,42.87,0,46.0,0.0,1000.0,0.0,4.199,96.0,99,0,60.0,2026-04-29T16:14:40.388748,4.208
2026-04-29T16:13:40.426153,42.87,0,46.0,0.0,1000.0,0.0,4.199,96.0,99,0,60.0,2026-04-29T16:14:40.426024,4.208
2026-04-29T16:13:41.397875,42.92,0,46.04,0.0,1000.0,0.0,4.199,96.0,99,0,60.0,2026-04-29T16:14:41.397720,4.208
2026-04-29T16:13:41.442790,42.92,0,46.05,0.0,1000.0,0.0,4.199,96.0,99,0,60.0,2026-04-29T16:14:41.442667,4.208
2026-04-29T16:13:41.479387,42.92,0,46.05,0.0,1000.0,0.0,4.199,96.0,99,0,60.0,2026-04-29T16:14:41.479275,4.208
2026-04-29T16:13:42.451935,42.96,0,46.09,0.0,1000.0,0.0,4.199,96.0,99,0,60.0,2026-04-29T16:14:42.451774,4.208
2026-04-29T16:13:42.494418,42.96,0,46.09,0.0,1000.0,0.0,4.199,96.0,99,0,60.0,2026-04-29T16:14:42.494291,4.208
2026-04-29T16:13:42.530378,42.96,0,46.09,0.0,1000.0,0.0,4.199,96.0,99,0,60.0,2026-04-29T16:14:42.530260,4.208
2026-04-29T16:13:43.489345,43.0,0,46.13,0.0,1000.0,0.0,4.199,96.0,99,0,60.0,2026-04-29T16:14:43.489104,4.208
2026-04-29T16:13:43.527662,43.0,0,46.13,0.0,1000.0,0.0,4.199,96.0,99,0,60.0,2026-04-29T16:14:43.527524,4.208
2026-04-29T16:13:43.564300,43.0,0,46.13,0.0,1000.0,0.0,4.199,96.0,99,0,60.0,2026-04-29T16:14:43.564193,4.208
2026-04-29T16:13:44.560116,43.06,0,46.18,0.0,1000.0,0.0,4.199,96.0,99,0,60.0,2026-04-29T16:14:44.559956,4.208
2026-04-29T16:13:44.598323,43.06,0,46.19,0.0,1000.0,0.0,4.199,96.0,99,0,60.0,2026-04-29T16:14:44.598213,4.208
2026-04-29T16:13:45.584678,43.06,0,46.23,0.0,1000.0,0.0,4.199,96.0,99,0,60.0,2026-04-29T16:14:45.584496,4.208
2026-04-29T16:13:45.639916,43.11,0,46.24,0.0,1000.0,0.0,4.199,95.9,99,0,60.0,2026-04-29T16:14:45.639745,4.208
2026-04-29T16:13:45.676552,43.11,0,46.24,0.0,1000.0,0.0,4.199,95.9,99,0,60.0,2026-04-29T16:14:45.676426,4.208
2026-04-29T16:13:46.636186,43.15,0,46.28,0.0,1000.0,0.0,4.199,95.9,99,0,60.0,2026-04-29T16:14:46.636027,4.208
2026-04-29T16:13:46.688609,43.15,0,46.28,0.0,1000.0,0.0,4.199,95.9,99,0,60.0,2026-04-29T16:14:46.682975,4.208
2026-04-29T16:13:46.775753,43.15,0,46.29,0.0,1000.0,0.0,4.199,95.9,99,0,60.0,2026-04-29T16:14:46.775610,4.208
2026-04-29T16:13:47.680511,43.21,0,46.33,0.0,1000.0,0.0,4.199,95.9,99,0,60.0,2026-04-29T16:14:47.679740,4.208
2026-04-29T16:13:47.727231,43.21,0,46.34,0.0,1000.0,0.0,4.199,95.9,99,0,60.0,2026-04-29T16:14:47.727105,4.208
2026-04-29T16:13:47.764837,43.21,0,46.34,0.0,1000.0,0.0,4.199,95.9,99,0,60.0,2026-04-29T16:14:47.764710,4.208
2026-04-29T16:13:48.764383,43.26,0,46.39,0.0,1000.0,0.0,4.199,95.9,99,0,60.0,2026-04-29T16:14:48.764243,4.208
2026-04-29T16:13:48.800655,43.26,0,46.39,0.0,1000.0,0.0,4.199,95.9,99,0,60.0,2026-04-29T16:14:48.800533,4.208
2026-04-29T16:13:48.837992,43.26,0,46.39,0.0,1000.0,0.0,4.199,95.9,99,0,60.0,2026-04-29T16:14:48.837768,4.208
2026-04-29T16:13:49.785167,43.33,0,46.44,0.0,1000.0,0.0,4.199,95.9,99,0,60.0,2026-04-29T16:14:49.785010,4.208
2026-04-29T16:13:49.825741,43.33,0,46.45,0.0,1000.0,0.0,4.199,95.9,99,0,60.0,2026-04-29T16:14:49.825615,4.208
2026-04-29T16:13:50.800645,43.33,0,46.49,0.0,1000.0,0.0,4.199,95.9,99,0,60.0,2026-04-29T16:14:50.800511,4.208
2026-04-29T16:13:50.846364,43.38,0,46.5,0.0,1000.0,0.0,4.199,95.9,99,0,60.0,2026-04-29T16:14:50.846247,4.208
2026-04-29T16:13:50.881630,43.38,0,46.5,0.0,1000.0,0.0,4.199,95.9,99,0,60.0,2026-04-29T16:14:50.881504,4.208
2026-04-29T16:13:51.875023,43.46,0,46.55,0.0,1000.0,0.0,4.199,95.9,99,0,60.0,2026-04-29T16:14:51.874852,4.208
2026-04-29T16:13:51.918565,43.46,0,46.57,0.0,1000.0,0.0,4.199,95.9,99,0,60.0,2026-04-29T16:14:51.918451,4.208
2026-04-29T16:13:51.956038,43.46,0,46.58,0.0,1000.0,0.0,4.199,95.9,99,0,60.0,2026-04-29T16:14:51.955872,4.208
2026-04-29T16:13:52.923851,43.51,0,46.63,0.0,1000.0,0.0,4.199,95.9,99,0,60.0,2026-04-29T16:14:52.923686,4.208
2026-04-29T16:13:52.966216,43.51,0,46.63,0.0,1000.0,0.0,4.199,95.9,99,0,60.0,2026-04-29T16:14:52.966084,4.208
2026-04-29T16:13:53.003484,43.51,0,46.64,0.0,1000.0,0.0,4.199,95.9,99,0,60.0,2026-04-29T16:14:53.003372,4.208
2026-04-29T16:13:53.985870,43.58,0,46.69,0.0,1000.0,0.0,4.199,95.8,99,0,60.0,2026-04-29T16:14:53.985714,4.208
2026-04-29T16:13:54.027218,43.58,0,46.7,0.0,1000.0,0.0,4.199,95.8,99,0,60.0,2026-04-29T16:14:54.027057,4.208
2026-04-29T16:13:54.063221,43.58,0,46.71,0.0,1000.0,0.0,4.199,95.8,99,0,60.0,2026-04-29T16:14:54.063108,4.208
2026-04-29T16:13:55.041233,43.65,0,46.76,0.0,1000.0,0.0,4.199,95.8,99,0,60.0,2026-04-29T16:14:55.041064,4.208
2026-04-29T16:13:55.080740,43.65,0,46.77,0.0,1000.0,0.0,4.199,95.8,99,0,60.0,2026-04-29T16:14:55.080625,4.208
2026-04-29T16:13:56.065030,43.65,0,46.82,0.0,1000.0,0.0,4.199,95.8,99,0,60.0,2026-04-29T16:14:56.064827,4.208
2026-04-29T16:13:56.111894,43.7,0,46.83,0.0,1000.0,0.0,4.199,95.8,99,0,60.0,2026-04-29T16:14:56.111771,4.208
2026-04-29T16:13:56.148442,43.7,0,46.83,0.0,1000.0,0.0,4.199,95.8,99,0,60.0,2026-04-29T16:14:56.148301,4.208
2026-04-29T16:13:57.118543,43.78,0,46.88,0.0,1000.0,0.0,4.199,95.8,99,0,60.0,2026-04-29T16:14:57.118392,4.208
2026-04-29T16:13:57.163258,43.78,0,46.89,0.0,1000.0,0.0,4.199,95.8,99,0,60.0,2026-04-29T16:14:57.163151,4.208
2026-04-29T16:13:57.200489,43.78,0,46.9,0.0,1000.0,0.0,4.199,95.8,99,0,60.0,2026-04-29T16:14:57.200377,4.208
2026-04-29T16:13:58.173530,43.83,0,46.95,0.0,1000.0,0.0,4.199,95.8,99,0,60.0,2026-04-29T16:14:58.173336,4.208
2026-04-29T16:13:58.214990,43.83,0,46.95,0.0,1000.0,0.0,4.199,95.8,99,0,60.0,2026-04-29T16:14:58.214818,4.208
2026-04-29T16:13:58.251151,43.83,0,46.95,0.0,1000.0,0.0,4.199,95.8,99,0,60.0,2026-04-29T16:14:58.251037,4.208
2026-04-29T16:13:59.228425,43.88,0,47.0,0.0,1000.0,0.0,4.199,95.8,99,0,60.0,2026-04-29T16:14:59.228271,4.208
2026-04-29T16:13:59.267359,43.88,0,47.0,0.0,1000.0,0.0,4.199,95.8,99,0,60.0,2026-04-29T16:14:59.267246,4.208
2026-04-29T16:13:59.304189,43.88,0,47.01,0.0,1000.0,0.0,4.199,95.8,99,0,60.0,2026-04-29T16:14:59.303872,4.208
2026-04-29T16:14:00.280216,43.95,0,47.06,0.0,1000.0,0.0,4.199,95.8,99,0,60.0,2026-04-29T16:15:00.280057,4.208
2026-04-29T16:14:00.317959,43.95,0,47.07,0.0,1000.0,0.0,4.199,95.8,99,0,60.0,2026-04-29T16:15:00.317857,4.208
2026-04-29T16:14:01.318896,43.95,0,47.11,0.0,1000.0,0.0,4.199,95.8,99,0,60.0,2026-04-29T16:15:01.318554,4.208
2026-04-29T16:14:01.369492,44.0,0,47.12,0.0,1000.0,0.0,4.199,95.7,99,0,60.0,2026-04-29T16:15:01.369382,4.208
2026-04-29T16:14:01.414507,44.0,0,47.13,0.0,1000.0,0.0,4.199,95.7,99,0,60.0,2026-04-29T16:15:01.414391,4.208
2026-04-29T16:14:02.349125,44.04,0,47.17,0.0,1000.0,0.0,4.199,95.7,99,0,60.0,2026-04-29T16:15:02.348991,4.208
2026-04-29T16:14:02.391835,44.04,0,47.17,0.0,1000.0,0.0,4.199,95.7,99,0,60.0,2026-04-29T16:15:02.391712,4.208
2026-04-29T16:14:02.435431,44.04,0,47.17,0.0,1000.0,0.0,4.199,95.7,99,0,60.0,2026-04-29T16:15:02.435340,4.208
2026-04-29T16:14:03.428260,44.08,0,47.21,0.0,1000.0,0.0,4.199,95.7,99,0,60.0,2026-04-29T16:15:03.428131,4.208
2026-04-29T16:14:03.549616,44.08,0,47.22,0.0,1000.0,0.0,4.199,95.7,99,0,60.0,2026-04-29T16:15:03.549408,4.208
2026-04-29T16:14:03.637532,44.08,0,47.22,0.0,1000.0,0.0,4.199,95.7,99,0,60.0,2026-04-29T16:15:03.636959,4.208
2026-04-29T16:14:04.456779,44.12,0,47.25,0.0,1000.0,0.0,4.199,95.7,99,0,60.0,2026-04-29T16:15:04.456662,4.208
2026-04-29T16:14:04.494189,44.12,0,47.25,0.0,1000.0,0.0,4.199,95.7,99,0,60.0,2026-04-29T16:15:04.494095,4.208
2026-04-29T16:14:04.528508,44.12,0,47.26,0.0,1000.0,0.0,4.199,95.7,99,0,60.0,2026-04-29T16:15:04.528425,4.208
2026-04-29T16:14:05.548682,44.16,0,47.3,0.0,1000.0,0.0,4.199,95.7,99,0,60.0,2026-04-29T16:15:05.539507,4.208
2026-04-29T16:14:05.585660,44.16,0,47.3,0.0,1000.0,0.0,4.199,95.7,99,0,60.0,2026-04-29T16:15:05.585534,4.208
2026-04-29T16:14:06.525618,44.16,0,47.33,0.0,1000.0,0.0,4.199,95.7,99,0,60.0,2026-04-29T16:15:06.525512,4.208
2026-04-29T16:14:06.562200,44.21,0,47.34,0.0,1000.0,0.0,4.199,95.7,99,0,60.0,2026-04-29T16:15:06.562119,4.208
2026-04-29T16:14:06.596366,44.21,0,47.34,0.0,1000.0,0.0,4.199,95.7,99,0,60.0,2026-04-29T16:15:06.596296,4.208
2026-04-29T16:14:07.575523,44.26,0,47.38,0.0,1000.0,0.0,4.199,95.7,99,0,60.0,2026-04-29T16:15:07.575382,4.208
2026-04-29T16:14:07.614731,44.26,0,47.39,0.0,1000.0,0.0,4.199,95.7,99,0,60.0,2026-04-29T16:15:07.614543,4.208
2026-04-29T16:14:07.652880,44.26,0,47.39,0.0,1000.0,0.0,4.199,95.7,99,0,60.0,2026-04-29T16:15:07.652751,4.208
2026-04-29T16:14:08.636522,44.29,0,47.42,0.0,1000.0,0.0,4.199,95.7,99,0,60.0,2026-04-29T16:15:08.636329,4.208
2026-04-29T16:14:08.678342,44.29,0,47.42,0.0,1000.0,0.0,4.199,95.7,99,0,60.0,2026-04-29T16:15:08.678222,4.208
2026-04-29T16:14:08.714725,44.29,0,47.42,0.0,1000.0,0.0,4.199,95.7,99,0,60.0,2026-04-29T16:15:08.714627,4.208
2026-04-29T16:14:09.697522,44.33,0,47.45,0.0,1000.0,0.0,4.199,95.7,99,0,60.0,2026-04-29T16:15:09.697376,4.208
2026-04-29T16:14:09.733751,44.33,0,47.45,0.0,1000.0,0.0,4.199,95.7,99,0,60.0,2026-04-29T16:15:09.733670,4.208
2026-04-29T16:14:09.767470,44.33,0,47.45,0.0,1000.0,0.0,4.199,95.7,99,0,60.0,2026-04-29T16:15:09.767393,4.208
2026-04-29T16:14:10.754663,44.37,0,47.49,0.0,1000.0,0.0,4.199,95.7,99,0,60.0,2026-04-29T16:15:10.754564,4.208
2026-04-29T16:14:10.788467,44.37,0,47.49,0.0,1000.0,0.0,4.199,95.7,99,0,60.0,2026-04-29T16:15:10.788401,4.208
2026-04-29T16:14:11.786404,44.37,0,47.53,0.0,1000.0,0.0,4.199,95.7,99,0,60.0,2026-04-29T16:15:11.786197,4.208
2026-04-29T16:14:11.829489,44.4,0,47.53,0.0,1000.0,0.0,4.199,95.7,99,0,60.0,2026-04-29T16:15:11.829415,4.208
2026-04-29T16:14:11.863198,44.4,0,47.52,0.0,1000.0,0.0,4.199,95.7,99,0,60.0,2026-04-29T16:15:11.863137,4.208
2026-04-29T16:14:12.844368,44.43,0,47.56,0.0,1000.0,0.0,4.199,95.6,99,0,60.0,2026-04-29T16:15:12.844261,4.208
2026-04-29T16:14:12.884823,44.43,0,47.56,0.0,1000.0,0.0,4.199,95.6,99,0,60.0,2026-04-29T16:15:12.884751,4.208
2026-04-29T16:14:12.917910,44.43,0,47.56,0.0,1000.0,0.0,4.199,95.6,99,0,60.0,2026-04-29T16:15:12.917853,4.208
2026-04-29T16:14:13.899088,44.48,0,47.6,0.0,1000.0,0.0,4.199,95.6,99,0,60.0,2026-04-29T16:15:13.898802,4.208
2026-04-29T16:14:13.937818,44.48,0,47.6,0.0,1000.0,0.0,4.199,95.6,99,0,60.0,2026-04-29T16:15:13.937734,4.208
2026-04-29T16:14:13.971546,44.48,0,47.6,0.0,1000.0,0.0,4.199,95.6,99,0,60.0,2026-04-29T16:15:13.971464,4.208
2026-04-29T16:14:14.952101,44.51,0,47.64,0.0,1000.0,0.0,4.199,95.6,99,0,60.0,2026-04-29T16:15:14.951981,4.208
2026-04-29T16:14:14.989748,44.51,0,47.64,0.0,1000.0,0.0,4.199,95.6,99,0,60.0,2026-04-29T16:15:14.989676,4.208
2026-04-29T16:14:15.023493,44.51,0,47.64,0.0,1000.0,0.0,4.199,95.6,99,0,60.0,2026-04-29T16:15:15.023422,4.208
2026-04-29T16:14:16.005106,44.57,0,47.68,0.0,1000.0,0.0,4.199,95.6,99,0,60.0,2026-04-29T16:15:16.004960,4.208
2026-04-29T16:14:16.041343,44.57,0,47.69,0.0,1000.0,0.0,4.199,95.6,99,0,60.0,2026-04-29T16:15:16.041264,4.208
2026-04-29T16:14:17.029062,44.57,0,47.73,0.0,1000.0,0.0,4.199,95.6,99,0,60.0,2026-04-29T16:15:17.028860,4.208
2026-04-29T16:14:17.072446,44.6,0,47.73,0.0,1000.0,0.0,4.199,95.6,99,0,60.0,2026-04-29T16:15:17.072371,4.208
2026-04-29T16:14:17.106044,44.6,0,47.73,0.0,1000.0,0.0,4.199,95.6,99,0,60.0,2026-04-29T16:15:17.105975,4.208
2026-04-29T16:14:18.085064,44.67,0,47.77,0.0,1000.0,0.0,4.199,95.6,99,0,60.0,2026-04-29T16:15:18.084912,4.208
2026-04-29T16:14:18.125678,44.67,0,47.78,0.0,1000.0,0.0,4.199,95.6,99,0,60.0,2026-04-29T16:15:18.125603,4.208
2026-04-29T16:14:18.159395,44.67,0,47.79,0.0,1000.0,0.0,4.199,95.6,99,0,60.0,2026-04-29T16:15:18.159333,4.208
2026-04-29T16:14:19.138977,44.75,0,47.84,0.0,1000.0,0.0,4.199,95.6,99,0,60.0,2026-04-29T16:15:19.138809,4.208
2026-04-29T16:14:19.178245,44.75,0,47.85,0.0,1000.0,0.0,4.199,95.6,99,0,60.0,2026-04-29T16:15:19.178157,4.208
2026-04-29T16:14:19.212016,44.75,0,47.86,0.0,1000.0,0.0,4.199,95.6,99,0,60.0,2026-04-29T16:15:19.211946,4.208
2026-04-29T16:14:20.251904,44.82,0,47.92,0.0,1000.0,0.0,4.199,95.6,99,0,60.0,2026-04-29T16:15:20.251614,4.208
2026-04-29T16:14:20.460478,44.82,0,47.93,0.0,1000.0,0.0,4.199,95.6,99,0,60.0,2026-04-29T16:15:20.460377,4.208
2026-04-29T16:14:20.540259,44.82,0,47.94,0.0,1000.0,0.0,4.199,95.6,99,0,60.0,2026-04-29T16:15:20.540082,4.208
2026-04-29T16:14:21.247405,44.89,0,47.99,0.0,1000.0,0.0,4.199,95.5,99,0,60.0,2026-04-29T16:15:21.247268,4.208
2026-04-29T16:14:21.285575,44.89,0,48.0,0.0,1000.0,0.0,4.199,95.5,99,0,60.0,2026-04-29T16:15:21.285466,4.208
2026-04-29T16:14:22.268057,44.89,0,48.04,0.0,1000.0,0.0,4.199,95.5,99,0,60.0,2026-04-29T16:15:22.267858,4.208
2026-04-29T16:14:22.316476,44.95,0,48.06,0.0,1000.0,0.0,4.199,95.5,99,0,60.0,2026-04-29T16:15:22.316383,4.208
2026-04-29T16:14:22.354081,44.95,0,48.06,0.0,1000.0,0.0,4.199,95.5,99,0,60.0,2026-04-29T16:15:22.353979,4.208
2026-04-29T16:14:23.324562,45.02,0,48.11,0.0,1000.0,0.0,4.199,95.5,99,0,60.0,2026-04-29T16:15:23.324364,4.208
2026-04-29T16:14:23.368465,45.02,0,48.13,0.0,1000.0,0.0,4.199,95.5,99,0,60.0,2026-04-29T16:15:23.368344,4.208
2026-04-29T16:14:23.405628,45.02,0,48.13,0.0,1000.0,0.0,4.199,95.5,99,0,60.0,2026-04-29T16:15:23.405483,4.208
2026-04-29T16:14:24.374727,45.09,0,48.19,0.0,1000.0,0.0,4.199,95.5,99,0,60.0,2026-04-29T16:15:24.374544,4.208
2026-04-29T16:14:24.416671,45.09,0,48.2,0.0,1000.0,0.0,4.199,95.5,99,0,60.0,2026-04-29T16:15:24.416552,4.208
2026-04-29T16:14:24.452993,45.09,0,48.21,0.0,1000.0,0.0,4.199,95.5,99,0,60.0,2026-04-29T16:15:24.452894,4.208
2026-04-29T16:14:25.432569,45.17,0,48.26,0.0,1000.0,0.0,4.199,95.5,99,0,60.0,2026-04-29T16:15:25.432407,4.208
2026-04-29T16:14:25.473843,45.17,0,48.27,0.0,1000.0,0.0,4.199,95.5,99,0,60.0,2026-04-29T16:15:25.473666,4.209
2026-04-29T16:14:25.510839,45.17,0,48.28,0.0,1000.0,0.0,4.199,95.5,99,0,60.0,2026-04-29T16:15:25.510708,4.209
2026-04-29T16:14:26.484802,45.23,0,48.33,0.0,1000.0,0.0,4.199,95.5,99,0,60.0,2026-04-29T16:15:26.484667,4.209
2026-04-29T16:14:26.525375,45.23,0,48.34,0.0,1000.0,0.0,4.199,95.5,99,0,60.0,2026-04-29T16:15:26.525217,4.209
2026-04-29T16:14:27.509239,45.23,0,48.38,0.0,1000.0,0.0,4.199,95.5,99,0,60.0,2026-04-29T16:15:27.509065,4.209
2026-04-29T16:14:27.554398,45.29,0,48.4,0.0,1000.0,0.0,4.199,95.5,99,0,60.0,2026-04-29T16:15:27.554201,4.209
2026-04-29T16:14:27.591649,45.29,0,48.4,0.0,1000.0,0.0,4.199,95.5,99,0,60.0,2026-04-29T16:15:27.591533,4.209
2026-04-29T16:14:28.550342,45.34,0,48.45,0.0,1000.0,0.0,4.199,95.4,99,0,60.0,2026-04-29T16:15:28.550174,4.209
2026-04-29T16:14:28.592319,45.34,0,48.45,0.0,1000.0,0.0,4.199,95.4,99,0,60.0,2026-04-29T16:15:28.592189,4.209
2026-04-29T16:14:28.629628,45.34,0,48.46,0.0,1000.0,0.0,4.199,95.4,99,0,60.0,2026-04-29T16:15:28.629520,4.209
2026-04-29T16:14:29.617484,45.37,0,48.5,0.0,1000.0,0.0,4.199,95.4,99,0,60.0,2026-04-29T16:15:29.617292,4.209
2026-04-29T16:14:29.660463,45.37,0,48.49,0.0,1000.0,0.0,4.199,95.4,99,0,60.0,2026-04-29T16:15:29.660293,4.209
2026-04-29T16:14:29.697070,45.37,0,48.49,0.0,1000.0,0.0,4.199,95.4,99,0,60.0,2026-04-29T16:15:29.696959,4.209
2026-04-29T16:14:30.674745,45.41,0,48.53,0.0,1000.0,0.0,4.199,95.4,99,0,60.0,2026-04-29T16:15:30.673812,4.209
2026-04-29T16:14:30.769465,45.41,0,48.53,0.0,1000.0,0.0,4.199,95.4,99,0,60.0,2026-04-29T16:15:30.765025,4.209
2026-04-29T16:14:30.808590,45.41,0,48.54,0.0,1000.0,0.0,4.199,95.4,99,0,60.0,2026-04-29T16:15:30.808505,4.209
2026-04-29T16:14:31.725572,45.46,0,48.58,0.0,1000.0,0.0,4.199,95.4,99,0,60.0,2026-04-29T16:15:31.725412,4.209
2026-04-29T16:14:31.763001,45.46,0,48.58,0.0,1000.0,0.0,4.199,95.4,99,0,60.0,2026-04-29T16:15:31.762919,4.209
2026-04-29T16:14:32.747983,45.46,0,48.62,0.0,1000.0,0.0,4.199,95.4,99,0,60.0,2026-04-29T16:15:32.747819,4.209
2026-04-29T16:14:32.786817,45.5,0,48.62,0.0,1000.0,0.0,4.199,95.4,99,0,60.0,2026-04-29T16:15:32.786716,4.209
2026-04-29T16:14:32.823812,45.5,0,48.62,0.0,1000.0,0.0,4.199,95.4,99,0,60.0,2026-04-29T16:15:32.823612,4.209
2026-04-29T16:14:33.789179,45.54,0,48.66,0.0,1000.0,0.0,4.199,95.4,99,0,60.0,2026-04-29T16:15:33.789011,4.209
2026-04-29T16:14:33.836578,45.54,0,48.67,0.0,1000.0,0.0,4.199,95.4,99,0,60.0,2026-04-29T16:15:33.836475,4.209
2026-04-29T16:14:33.873747,45.54,0,48.67,0.0,1000.0,0.0,4.199,95.4,99,0,60.0,2026-04-29T16:15:33.873596,4.209
2026-04-29T16:14:34.829021,45.57,0,48.7,0.0,1000.0,0.0,4.199,95.4,99,0,60.0,2026-04-29T16:15:34.828902,4.209
2026-04-29T16:14:34.863397,45.57,0,48.7,0.0,1000.0,0.0,4.199,95.4,99,0,60.0,2026-04-29T16:15:34.863299,4.209
2026-04-29T16:14:34.900667,45.57,0,48.7,0.0,1000.0,0.0,4.199,95.4,99,0,60.0,2026-04-29T16:15:34.900548,4.209
2026-04-29T16:14:35.906949,45.6,0,48.73,0.0,1000.0,0.0,4.199,95.4,99,0,60.0,2026-04-29T16:15:35.906756,4.209
2026-04-29T16:14:35.949251,45.6,0,48.73,0.0,1000.0,0.0,4.199,95.4,99,0,60.0,2026-04-29T16:15:35.949128,4.209
2026-04-29T16:14:35.987281,45.6,0,48.73,0.0,1000.0,0.0,4.199,95.4,99,0,60.0,2026-04-29T16:15:35.987183,4.209
2026-04-29T16:14:36.950140,45.64,0,48.76,0.0,1000.0,0.0,4.199,95.4,99,0,60.0,2026-04-29T16:15:36.949994,4.209
2026-04-29T16:14:36.991242,45.64,0,48.76,0.0,1000.0,0.0,4.199,95.4,99,0,60.0,2026-04-29T16:15:36.991078,4.209
2026-04-29T16:14:37.987906,45.64,0,48.8,0.0,1000.0,0.0,4.199,95.4,99,0,60.0,2026-04-29T16:15:37.987731,4.209
2026-04-29T16:14:38.035583,45.68,0,48.8,0.0,1000.0,0.0,4.199,95.4,99,0,60.0,2026-04-29T16:15:38.035474,4.209
2026-04-29T16:14:38.073369,45.68,0,48.8,0.0,1000.0,0.0,4.199,95.4,99,0,60.0,2026-04-29T16:15:38.073235,4.209
2026-04-29T16:14:39.038186,45.74,0,48.84,0.0,1000.0,0.0,4.199,95.4,99,0,60.0,2026-04-29T16:15:39.038003,4.209
2026-04-29T16:14:39.082434,45.74,0,48.85,0.0,1000.0,0.0,4.199,95.4,99,0,60.0,2026-04-29T16:15:39.082311,4.209
2026-04-29T16:14:39.118317,45.74,0,48.85,0.0,1000.0,0.0,4.199,95.4,99,0,60.0,2026-04-29T16:15:39.118221,4.209
2026-04-29T16:14:40.099332,45.79,0,48.9,0.0,1000.0,0.0,4.199,95.3,99,0,60.0,2026-04-29T16:15:40.099185,4.209
2026-04-29T16:14:40.143322,45.79,0,48.91,0.0,1000.0,0.0,4.199,95.3,99,0,60.0,2026-04-29T16:15:40.143170,4.209
2026-04-29T16:14:40.181377,45.79,0,48.91,0.0,1000.0,0.0,4.199,95.3,99,0,60.0,2026-04-29T16:15:40.181267,4.209
2026-04-29T16:14:41.153665,45.86,0,48.96,0.0,1000.0,0.0,4.199,95.3,99,0,60.0,2026-04-29T16:15:41.153518,4.209
2026-04-29T16:14:41.195646,45.86,0,48.97,0.0,1000.0,0.0,4.199,95.3,99,0,60.0,2026-04-29T16:15:41.195514,4.209
2026-04-29T16:14:41.233123,45.86,0,48.97,0.0,1000.0,0.0,4.199,95.3,99,0,60.0,2026-04-29T16:15:41.232988,4.209
2026-04-29T16:14:42.207322,45.94,0,49.04,0.0,1000.0,0.0,4.199,95.3,99,0,60.0,2026-04-29T16:15:42.207134,4.209
2026-04-29T16:14:42.247427,45.94,0,49.05,0.0,1000.0,0.0,4.199,95.3,99,0,60.0,2026-04-29T16:15:42.247310,4.209
2026-04-29T16:14:43.227979,45.94,0,49.08,0.0,1000.0,0.0,4.199,95.3,99,0,60.0,2026-04-29T16:15:43.227807,4.209
2026-04-29T16:14:43.275742,46.0,0,49.1,0.0,1000.0,0.0,4.199,95.3,99,0,60.0,2026-04-29T16:15:43.275591,4.209
2026-04-29T16:14:43.313007,46.0,0,49.11,0.0,1000.0,0.0,4.199,95.3,99,0,60.0,2026-04-29T16:15:43.312907,4.209
2026-04-29T16:14:44.283513,46.07,0,49.15,0.0,1000.0,0.0,4.199,95.3,99,0,60.0,2026-04-29T16:15:44.283319,4.209
2026-04-29T16:14:44.327895,46.07,0,49.17,0.0,1000.0,0.0,4.199,95.3,99,0,60.0,2026-04-29T16:15:44.327754,4.209
2026-04-29T16:14:44.364974,46.07,0,49.18,0.0,1000.0,0.0,4.199,95.3,99,0,60.0,2026-04-29T16:15:44.364864,4.209
2026-04-29T16:14:45.341784,46.15,0,49.23,0.0,1000.0,0.0,4.199,95.3,99,0,60.0,2026-04-29T16:15:45.341609,4.209
2026-04-29T16:14:45.383573,46.15,0,49.24,0.0,1000.0,0.0,4.199,95.3,99,0,60.0,2026-04-29T16:15:45.383439,4.209
2026-04-29T16:14:45.420361,46.15,0,49.25,0.0,1000.0,0.0,4.199,95.3,99,0,60.0,2026-04-29T16:15:45.420254,4.209
2026-04-29T16:14:46.391711,46.23,0,49.31,0.0,1000.0,0.0,4.199,95.2,99,0,60.0,2026-04-29T16:15:46.391552,4.209
2026-04-29T16:14:46.431815,46.23,0,49.32,0.0,1000.0,0.0,4.199,95.2,99,0,60.0,2026-04-29T16:15:46.431706,4.209
2026-04-29T16:14:46.469147,46.23,0,49.33,0.0,1000.0,0.0,4.199,95.2,99,0,60.0,2026-04-29T16:15:46.469054,4.209
2026-04-29T16:14:47.464993,46.3,0,49.39,0.0,1000.0,0.0,4.199,95.2,99,0,60.0,2026-04-29T16:15:47.464732,4.209
2026-04-29T16:14:47.504101,46.3,0,49.4,0.0,1000.0,0.0,4.199,95.2,99,0,60.0,2026-04-29T16:15:47.503979,4.209
2026-04-29T16:14:48.462599,46.3,0,49.44,0.0,1000.0,0.0,4.199,95.2,99,0,60.0,2026-04-29T16:15:48.462443,4.209
2026-04-29T16:14:48.506150,46.37,0,49.46,0.0,1000.0,0.0,4.199,95.2,99,0,60.0,2026-04-29T16:15:48.506001,4.209
2026-04-29T16:14:48.542723,46.37,0,49.47,0.0,1000.0,0.0,4.199,95.2,99,0,60.0,2026-04-29T16:15:48.542585,4.209
2026-04-29T16:14:49.523436,46.45,0,49.52,0.0,1000.0,0.0,4.199,95.2,99,0,60.0,2026-04-29T16:15:49.523244,4.209
2026-04-29T16:14:49.567335,46.45,0,49.54,0.0,1000.0,0.0,4.199,95.2,99,0,60.0,2026-04-29T16:15:49.567205,4.209
2026-04-29T16:14:49.604016,46.45,0,49.55,0.0,1000.0,0.0,4.199,95.2,99,0,60.0,2026-04-29T16:15:49.603897,4.209
2026-04-29T16:14:50.577964,46.52,0,49.61,0.0,1000.0,0.0,4.199,95.2,99,0,60.0,2026-04-29T16:15:50.577772,4.209
2026-04-29T16:14:50.619891,46.52,0,49.62,0.0,1000.0,0.0,4.199,95.2,99,0,60.0,2026-04-29T16:15:50.619766,4.209
2026-04-29T16:14:50.660689,46.52,0,49.63,0.0,1000.0,0.0,4.199,95.2,99,0,60.0,2026-04-29T16:15:50.659980,4.209
2026-04-29T16:14:51.617756,46.61,0,49.69,0.0,1000.0,0.0,4.199,95.2,99,0,60.0,2026-04-29T16:15:51.617619,4.209
2026-04-29T16:14:51.655762,46.61,0,49.7,0.0,1000.0,0.0,4.199,95.2,99,0,60.0,2026-04-29T16:15:51.655556,4.209
2026-04-29T16:14:51.693145,46.61,0,49.71,0.0,1000.0,0.0,4.199,95.2,99,0,60.0,2026-04-29T16:15:51.693018,4.209
2026-04-29T16:14:52.711364,46.7,0,49.78,0.0,1000.0,0.0,4.199,95.1,99,0,60.0,2026-04-29T16:15:52.698763,4.209
2026-04-29T16:14:52.780213,46.7,0,49.79,0.0,1000.0,0.0,4.199,95.1,99,0,60.0,2026-04-29T16:15:52.780098,4.209
2026-04-29T16:14:53.702473,46.7,0,49.84,0.0,1000.0,0.0,4.199,95.1,99,0,60.0,2026-04-29T16:15:53.702303,4.209
2026-04-29T16:14:53.748840,46.77,0,49.86,0.0,1000.0,0.0,4.199,95.1,99,0,60.0,2026-04-29T16:15:53.748733,4.209
2026-04-29T16:14:53.784253,46.77,0,49.87,0.0,1000.0,0.0,4.199,95.1,99,0,60.0,2026-04-29T16:15:53.784124,4.209
2026-04-29T16:14:54.754361,46.86,0,49.92,0.0,1000.0,0.0,4.199,95.1,99,0,60.0,2026-04-29T16:15:54.754206,4.209
2026-04-29T16:14:54.793278,46.86,0,49.95,0.0,1000.0,0.0,4.199,95.1,99,0,60.0,2026-04-29T16:15:54.793127,4.209
2026-04-29T16:14:54.830776,46.86,0,49.96,0.0,1000.0,0.0,4.199,95.1,99,0,60.0,2026-04-29T16:15:54.830642,4.209
2026-04-29T16:14:55.799109,46.95,0,50.02,0.0,1000.0,0.0,4.199,95.1,99,0,60.0,2026-04-29T16:15:55.798976,4.209
2026-04-29T16:14:55.846361,46.95,0,50.04,0.0,1000.0,0.0,4.199,95.1,99,0,60.0,2026-04-29T16:15:55.846233,4.209
2026-04-29T16:14:55.882104,46.95,0,50.05,0.0,1000.0,0.0,4.199,95.1,99,0,60.0,2026-04-29T16:15:55.882003,4.209
2026-04-29T16:14:56.847027,47.05,0,50.12,0.0,1000.0,0.0,4.199,95.1,99,0,60.0,2026-04-29T16:15:56.846886,4.209
2026-04-29T16:14:56.883856,47.05,0,50.13,0.0,1000.0,0.0,4.199,95.1,99,0,60.0,2026-04-29T16:15:56.883745,4.209
2026-04-29T16:14:56.919717,47.05,0,50.14,0.0,1000.0,0.0,4.199,95.1,99,0,60.0,2026-04-29T16:15:56.919615,4.209
2026-04-29T16:14:57.920721,47.13,0,50.21,0.0,1000.0,0.0,4.199,95.0,99,0,60.0,2026-04-29T16:15:57.920580,4.209
2026-04-29T16:14:57.961684,47.13,0,50.22,0.0,1000.0,0.0,4.199,95.0,99,0,60.0,2026-04-29T16:15:57.961543,4.209
2026-04-29T16:14:58.945022,47.13,0,50.27,0.0,1000.0,0.0,4.199,95.0,99,0,60.0,2026-04-29T16:15:58.944850,4.209
2026-04-29T16:14:58.993989,47.21,0,50.3,0.0,1000.0,0.0,4.199,95.0,99,0,60.0,2026-04-29T16:15:58.993831,4.209
2026-04-29T16:14:59.031789,47.21,0,50.31,0.0,1000.0,0.0,4.199,95.0,99,0,60.0,2026-04-29T16:15:59.031674,4.209
2026-04-29T16:15:00.003382,47.3,0,50.36,0.0,1000.0,0.0,4.199,95.0,99,0,60.0,2026-04-29T16:16:00.003227,4.209
2026-04-29T16:15:00.049370,47.3,0,50.39,0.0,1000.0,0.0,4.199,95.0,99,0,60.0,2026-04-29T16:16:00.049248,4.209
2026-04-29T16:15:00.085970,47.3,0,50.4,0.0,1000.0,0.0,4.199,95.0,99,0,60.0,2026-04-29T16:16:00.085851,4.209
2026-04-29T16:15:01.053273,47.37,0,50.45,0.0,1000.0,0.0,4.199,95.0,99,0,60.0,2026-04-29T16:16:01.053108,4.209
2026-04-29T16:15:01.096568,47.37,0,50.47,0.0,1000.0,0.0,4.199,95.0,99,0,60.0,2026-04-29T16:16:01.096447,4.209
2026-04-29T16:15:01.132684,47.37,0,50.47,0.0,1000.0,0.0,4.199,95.0,99,0,60.0,2026-04-29T16:16:01.132559,4.209
2026-04-29T16:15:02.115596,47.46,0,50.54,0.0,1000.0,0.0,4.199,95.0,99,0,60.0,2026-04-29T16:16:02.115417,4.209
2026-04-29T16:15:02.156191,47.46,0,50.56,0.0,1000.0,0.0,4.199,95.0,99,0,60.0,2026-04-29T16:16:02.156005,4.209
2026-04-29T16:15:02.193497,47.46,0,50.56,0.0,1000.0,0.0,4.199,95.0,99,0,60.0,2026-04-29T16:16:02.193343,4.209
2026-04-29T16:15:03.168952,47.54,0,50.62,0.0,1000.0,0.0,4.199,95.0,99,0,60.0,2026-04-29T16:16:03.168815,4.209
2026-04-29T16:15:03.209097,47.54,0,50.63,0.0,1000.0,0.0,4.199,95.0,99,0,60.0,2026-04-29T16:16:03.208953,4.209
2026-04-29T16:15:04.192950,47.54,0,50.68,0.0,1000.0,0.0,4.199,95.0,99,0,60.0,2026-04-29T16:16:04.192623,4.209
2026-04-29T16:15:04.238891,47.61,0,50.7,0.0,1000.0,0.0,4.199,94.9,99,0,60.0,2026-04-29T16:16:04.238735,4.209
2026-04-29T16:15:04.276376,47.61,0,50.71,0.0,1000.0,0.0,4.199,94.9,99,0,60.0,2026-04-29T16:16:04.276243,4.209
2026-04-29T16:15:05.246539,47.68,0,50.75,0.0,1000.0,0.0,4.199,94.9,99,0,60.0,2026-04-29T16:16:05.246365,4.209
2026-04-29T16:15:05.290125,47.68,0,50.76,0.0,1000.0,0.0,4.199,94.9,99,0,60.0,2026-04-29T16:16:05.289991,4.209
2026-04-29T16:15:05.326310,47.68,0,50.77,0.0,1000.0,0.0,4.199,94.9,99,0,60.0,2026-04-29T16:16:05.326190,4.209
2026-04-29T16:15:06.298354,47.74,0,50.82,0.0,1000.0,0.0,4.199,94.9,99,0,60.0,2026-04-29T16:16:06.298205,4.209
2026-04-29T16:15:06.338617,47.74,0,50.83,0.0,1000.0,0.0,4.199,94.9,99,0,60.0,2026-04-29T16:16:06.338503,4.209
2026-04-29T16:15:06.376742,47.74,0,50.84,0.0,1000.0,0.0,4.199,94.9,99,0,60.0,2026-04-29T16:16:06.376594,4.209
2026-04-29T16:15:07.355042,47.79,0,50.88,0.0,1000.0,0.0,4.199,94.9,99,0,60.0,2026-04-29T16:16:07.354896,4.209
2026-04-29T16:15:07.396604,47.79,0,50.89,0.0,1000.0,0.0,4.199,94.9,99,0,60.0,2026-04-29T16:16:07.396454,4.209
2026-04-29T16:15:07.434322,47.79,0,50.89,0.0,1000.0,0.0,4.199,94.9,99,0,60.0,2026-04-29T16:16:07.434190,4.209
2026-04-29T16:15:08.409984,47.84,0,50.94,0.0,1000.0,0.0,4.199,94.9,99,0,60.0,2026-04-29T16:16:08.409811,4.209
2026-04-29T16:15:08.460417,47.84,0,50.94,0.0,1000.0,0.0,4.199,94.9,99,0,60.0,2026-04-29T16:16:08.460309,4.209
2026-04-29T16:15:09.432928,47.84,0,50.98,0.0,1000.0,0.0,4.199,94.9,99,0,60.0,2026-04-29T16:16:09.432731,4.209
2026-04-29T16:15:09.479092,47.9,0,50.99,0.0,1000.0,0.0,4.199,94.9,99,0,60.0,2026-04-29T16:16:09.478918,4.209
2026-04-29T16:15:09.515195,47.9,0,51.0,0.0,1000.0,0.0,4.199,94.9,99,0,60.0,2026-04-29T16:16:09.515069,4.209
2026-04-29T16:15:10.487162,47.96,0,51.04,0.0,1000.0,0.0,4.199,94.9,99,0,60.0,2026-04-29T16:16:10.486976,4.209
2026-04-29T16:15:10.531755,47.96,0,51.05,0.0,1000.0,0.0,4.199,94.9,99,0,60.0,2026-04-29T16:16:10.531627,4.209
2026-04-29T16:15:10.568105,47.96,0,51.05,0.0,1000.0,0.0,4.199,94.9,99,0,60.0,2026-04-29T16:16:10.567980,4.209
2026-04-29T16:15:11.543127,48.02,0,51.1,0.0,1000.0,0.0,4.199,94.8,99,0,60.0,2026-04-29T16:16:11.542960,4.209
2026-04-29T16:15:11.584361,48.02,0,51.11,0.0,1000.0,0.0,4.199,94.8,99,0,60.0,2026-04-29T16:16:11.584215,4.209
2026-04-29T16:15:11.620499,48.02,0,51.11,0.0,1000.0,0.0,4.199,94.8,99,0,60.0,2026-04-29T16:16:11.620388,4.209
2026-04-29T16:15:12.592689,48.07,0,51.16,0.0,1000.0,0.0,4.199,94.8,99,0,60.0,2026-04-29T16:16:12.592524,4.209
2026-04-29T16:15:12.632602,48.07,0,51.16,0.0,1000.0,0.0,4.199,94.8,99,0,60.0,2026-04-29T16:16:12.632467,4.209
2026-04-29T16:15:12.690458,48.07,0,51.17,0.0,1000.0,0.0,4.199,94.8,99,0,60.0,2026-04-29T16:16:12.671553,4.209
2026-04-29T16:15:13.643084,48.12,0,51.21,0.0,1000.0,0.0,4.199,94.8,99,0,60.0,2026-04-29T16:16:13.642931,4.209
2026-04-29T16:15:13.681096,48.12,0,51.22,0.0,1000.0,0.0,4.199,94.8,99,0,60.0,2026-04-29T16:16:13.680975,4.209
2026-04-29T16:15:14.671940,48.12,0,51.26,0.0,1000.0,0.0,4.199,94.8,99,0,60.0,2026-04-29T16:16:14.670673,4.209
2026-04-29T16:15:14.775208,48.17,0,51.27,0.0,1000.0,0.0,4.199,94.8,99,0,60.0,2026-04-29T16:16:14.774811,4.209
2026-04-29T16:15:14.811402,48.17,0,51.27,0.0,1000.0,0.0,4.199,94.8,99,0,60.0,2026-04-29T16:16:14.811308,4.209
2026-04-29T16:15:15.725574,48.23,0,51.31,0.0,1000.0,0.0,4.199,94.8,99,0,60.0,2026-04-29T16:16:15.725400,4.209
2026-04-29T16:15:15.766896,48.23,0,51.32,0.0,1000.0,0.0,4.199,94.8,99,0,60.0,2026-04-29T16:16:15.766798,4.209
2026-04-29T16:15:15.803130,48.23,0,51.33,0.0,1000.0,0.0,4.199,94.8,99,0,60.0,2026-04-29T16:16:15.802977,4.209
2026-04-29T16:15:16.753457,48.26,0,51.37,0.0,1000.0,0.0,4.199,94.8,99,0,60.0,2026-04-29T16:16:16.753169,4.209
2026-04-29T16:15:16.790224,48.26,0,51.37,0.0,1000.0,0.0,4.199,94.8,99,0,60.0,2026-04-29T16:16:16.790104,4.209
2026-04-29T16:15:16.826802,48.26,0,51.37,0.0,1000.0,0.0,4.199,94.8,99,0,60.0,2026-04-29T16:16:16.826679,4.209
2026-04-29T16:15:17.813056,48.33,0,51.42,0.0,1000.0,0.0,4.199,94.8,99,0,60.0,2026-04-29T16:16:17.812921,4.209
2026-04-29T16:15:17.852658,48.33,0,51.42,0.0,1000.0,0.0,4.199,94.8,99,0,60.0,2026-04-29T16:16:17.852537,4.209
2026-04-29T16:15:17.888934,48.33,0,51.43,0.0,1000.0,0.0,4.199,94.8,99,0,60.0,2026-04-29T16:16:17.888818,4.209
2026-04-29T16:15:18.871761,48.39,0,51.48,0.0,1000.0,0.0,4.199,94.8,99,0,60.0,2026-04-29T16:16:18.871611,4.209
2026-04-29T16:15:18.910137,48.39,0,51.49,0.0,1000.0,0.0,4.199,94.8,99,0,60.0,2026-04-29T16:16:18.910024,4.209
2026-04-29T16:15:19.909823,48.39,0,51.53,0.0,1000.0,0.0,4.199,94.8,99,0,60.0,2026-04-29T16:16:19.909653,4.209
2026-04-29T16:15:19.957503,48.48,0,51.56,0.0,1000.0,0.0,4.199,94.7,99,0,60.0,2026-04-29T16:16:19.957342,4.209
2026-04-29T16:15:19.994527,48.48,0,51.56,0.0,1000.0,0.0,4.199,94.7,99,0,60.0,2026-04-29T16:16:19.994417,4.209
2026-04-29T16:15:20.963015,48.55,0,51.62,0.0,1000.0,0.0,4.199,94.7,99,0,60.0,2026-04-29T16:16:20.962858,4.209
2026-04-29T16:15:21.009153,48.55,0,51.63,0.0,1000.0,0.0,4.199,94.7,99,0,60.0,2026-04-29T16:16:21.009007,4.209
2026-04-29T16:15:21.046986,48.55,0,51.64,0.0,1000.0,0.0,4.199,94.7,99,0,60.0,2026-04-29T16:16:21.046868,4.209
2026-04-29T16:15:22.023666,48.62,0,51.69,0.0,1000.0,0.0,4.199,94.7,99,0,60.0,2026-04-29T16:16:22.023435,4.209
2026-04-29T16:15:22.065962,48.62,0,51.71,0.0,1000.0,0.0,4.199,94.7,99,0,60.0,2026-04-29T16:16:22.065847,4.209
2026-04-29T16:15:22.102195,48.62,0,51.71,0.0,1000.0,0.0,4.199,94.7,99,0,60.0,2026-04-29T16:16:22.102075,4.209
2026-04-29T16:15:23.080224,48.7,0,51.77,0.0,1000.0,0.0,4.199,94.7,99,0,60.0,2026-04-29T16:16:23.080057,4.209
2026-04-29T16:15:23.120253,48.7,0,51.79,0.0,1000.0,0.0,4.199,94.7,99,0,60.0,2026-04-29T16:16:23.120125,4.209
2026-04-29T16:15:23.157433,48.7,0,51.79,0.0,1000.0,0.0,4.199,94.7,99,0,60.0,2026-04-29T16:16:23.157283,4.209
2026-04-29T16:15:24.132216,48.78,0,51.86,0.0,1000.0,0.0,4.199,94.7,99,0,60.0,2026-04-29T16:16:24.132074,4.209
2026-04-29T16:15:24.171910,48.78,0,51.87,0.0,1000.0,0.0,4.199,94.7,99,0,60.0,2026-04-29T16:16:24.171798,4.209
2026-04-29T16:15:25.154637,48.78,0,51.91,0.0,1000.0,0.0,4.199,94.7,99,0,60.0,2026-04-29T16:16:25.154449,4.209
2026-04-29T16:15:25.201672,48.86,0,51.94,0.0,1000.0,0.0,4.199,94.7,99,0,60.0,2026-04-29T16:16:25.201539,4.209
2026-04-29T16:15:25.237929,48.86,0,51.95,0.0,1000.0,0.0,4.199,94.7,99,0,60.0,2026-04-29T16:16:25.237818,4.209
2026-04-29T16:15:26.210700,48.94,0,52.0,0.0,1000.0,0.0,4.199,94.6,99,0,60.0,2026-04-29T16:16:26.210529,4.209
2026-04-29T16:15:26.254477,48.94,0,52.02,0.0,1000.0,0.0,4.199,94.6,99,0,60.0,2026-04-29T16:16:26.254356,4.209
2026-04-29T16:15:26.291602,48.94,0,52.03,0.0,1000.0,0.0,4.199,94.6,99,0,60.0,2026-04-29T16:16:26.291375,4.209
2026-04-29T16:15:27.265523,49.02,0,52.08,0.0,1000.0,0.0,4.199,94.6,99,0,60.0,2026-04-29T16:16:27.265367,4.209
2026-04-29T16:15:27.307219,49.02,0,52.1,0.0,1000.0,0.0,4.199,94.6,99,0,60.0,2026-04-29T16:16:27.307011,4.209
2026-04-29T16:15:27.343784,49.02,0,52.11,0.0,1000.0,0.0,4.199,94.6,99,0,60.0,2026-04-29T16:16:27.343665,4.209
2026-04-29T16:15:28.318486,49.08,0,52.16,0.0,1000.0,0.0,4.199,94.6,99,0,60.0,2026-04-29T16:16:28.318325,4.209
2026-04-29T16:15:28.359822,49.08,0,52.17,0.0,1000.0,0.0,4.199,94.6,99,0,60.0,2026-04-29T16:16:28.359693,4.209
2026-04-29T16:15:28.396881,49.08,0,52.17,0.0,1000.0,0.0,4.199,94.6,99,0,60.0,2026-04-29T16:16:28.396755,4.209
2026-04-29T16:15:29.371469,49.15,0,52.23,0.0,1000.0,0.0,4.199,94.6,99,0,60.0,2026-04-29T16:16:29.371319,4.209
2026-04-29T16:15:29.411386,49.15,0,52.24,0.0,1000.0,0.0,4.199,94.6,99,0,60.0,2026-04-29T16:16:29.411249,4.209
2026-04-29T16:15:30.382288,49.15,0,52.28,0.0,1000.0,0.0,4.199,94.6,99,0,60.0,2026-04-29T16:16:30.382185,4.209
2026-04-29T16:15:30.422954,49.22,0,52.31,0.0,1000.0,0.0,4.199,94.6,99,0,60.0,2026-04-29T16:16:30.422833,4.209
2026-04-29T16:15:30.465106,49.22,0,52.31,0.0,1000.0,0.0,4.199,94.6,99,0,60.0,2026-04-29T16:16:30.464996,4.209
2026-04-29T16:15:31.449992,49.28,0,52.36,0.0,1000.0,0.0,4.199,94.6,99,0,60.0,2026-04-29T16:16:31.449831,4.209
2026-04-29T16:15:31.495410,49.28,0,52.37,0.0,1000.0,0.0,4.199,94.6,99,0,60.0,2026-04-29T16:16:31.495242,4.209
2026-04-29T16:15:31.533802,49.28,0,52.37,0.0,1000.0,0.0,4.199,94.6,99,0,60.0,2026-04-29T16:16:31.533681,4.209
2026-04-29T16:15:32.505332,49.36,0,52.42,0.0,1000.0,0.0,4.199,94.5,99,0,60.0,2026-04-29T16:16:32.505181,4.209
2026-04-29T16:15:32.547054,49.36,0,52.43,0.0,1000.0,0.0,4.199,94.5,99,0,60.0,2026-04-29T16:16:32.546926,4.209
2026-04-29T16:15:32.583151,49.36,0,52.44,0.0,1000.0,0.0,4.199,94.5,99,0,60.0,2026-04-29T16:16:32.583014,4.209
2026-04-29T16:15:33.536651,49.41,0,52.49,0.0,1000.0,0.0,4.199,94.5,99,0,60.0,2026-04-29T16:16:33.536504,4.209
2026-04-29T16:15:33.574485,49.41,0,52.49,0.0,1000.0,0.0,4.199,94.5,99,0,60.0,2026-04-29T16:16:33.574237,4.209
2026-04-29T16:15:33.611947,49.41,0,52.49,0.0,1000.0,0.0,4.199,94.5,99,0,60.0,2026-04-29T16:16:33.611804,4.209
2026-04-29T16:15:34.612492,49.47,0,52.55,0.0,1000.0,0.0,4.199,94.5,99,0,60.0,2026-04-29T16:16:34.612345,4.209
2026-04-29T16:15:34.652737,49.47,0,52.55,0.0,1000.0,0.0,4.199,94.5,99,0,60.0,2026-04-29T16:16:34.651845,4.209
2026-04-29T16:15:35.635744,49.47,0,52.59,0.0,1000.0,0.0,4.199,94.5,99,0,60.0,2026-04-29T16:16:35.635561,4.209
2026-04-29T16:15:35.683745,49.54,0,52.61,0.0,1000.0,0.0,4.199,94.5,99,0,60.0,2026-04-29T16:16:35.683623,4.209
2026-04-29T16:15:35.720446,49.54,0,52.62,0.0,1000.0,0.0,4.199,94.5,99,0,60.0,2026-04-29T16:16:35.720321,4.209
2026-04-29T16:15:36.710215,49.61,0,52.67,0.0,1000.0,0.0,4.199,94.5,99,0,60.0,2026-04-29T16:16:36.686901,4.209
2026-04-29T16:15:36.781722,49.61,0,52.69,0.0,1000.0,0.0,4.199,94.5,99,0,60.0,2026-04-29T16:16:36.781602,4.209
2026-04-29T16:15:36.816469,49.61,0,52.69,0.0,1000.0,0.0,4.199,94.5,99,0,60.0,2026-04-29T16:16:36.816369,4.209
2026-04-29T16:15:37.740834,49.65,0,52.74,0.0,1000.0,0.0,4.199,94.5,99,0,60.0,2026-04-29T16:16:37.740698,4.209
2026-04-29T16:15:37.779149,49.65,0,52.74,0.0,1000.0,0.0,4.199,94.5,99,0,60.0,2026-04-29T16:16:37.779043,4.209
2026-04-29T16:15:37.816767,49.65,0,52.74,0.0,1000.0,0.0,4.199,94.5,99,0,60.0,2026-04-29T16:16:37.816637,4.209
2026-04-29T16:15:38.772289,49.71,0,52.79,0.0,1000.0,0.0,4.199,94.5,99,0,60.0,2026-04-29T16:16:38.772154,4.209
2026-04-29T16:15:38.807412,49.71,0,52.8,0.0,1000.0,0.0,4.199,94.5,99,0,60.0,2026-04-29T16:16:38.807268,4.209
2026-04-29T16:15:38.844299,49.71,0,52.8,0.0,1000.0,0.0,4.199,94.5,99,0,60.0,2026-04-29T16:16:38.844112,4.209
2026-04-29T16:15:39.842609,49.77,0,52.85,0.0,1000.0,0.0,4.199,94.5,99,0,60.0,2026-04-29T16:16:39.842433,4.209
2026-04-29T16:15:39.882877,49.77,0,52.86,0.0,1000.0,0.0,4.199,94.5,99,0,60.0,2026-04-29T16:16:39.882774,4.209
2026-04-29T16:15:40.852441,49.77,0,52.9,0.0,1000.0,0.0,4.199,94.5,99,0,60.0,2026-04-29T16:16:40.852306,4.209
2026-04-29T16:15:40.895639,49.83,0,52.91,0.0,1000.0,0.0,4.199,94.4,99,0,60.0,2026-04-29T16:16:40.895504,4.209
2026-04-29T16:15:40.932125,49.83,0,52.91,0.0,1000.0,0.0,4.199,94.4,99,0,60.0,2026-04-29T16:16:40.932014,4.209
2026-04-29T16:15:41.930572,49.88,0,52.96,0.0,1000.0,0.0,4.199,94.4,99,0,60.0,2026-04-29T16:16:41.930379,4.209
2026-04-29T16:15:41.973616,49.88,0,52.96,0.0,1000.0,0.0,4.199,94.4,99,0,60.0,2026-04-29T16:16:41.973431,4.209
2026-04-29T16:15:42.010306,49.88,0,52.97,0.0,1000.0,0.0,4.199,94.4,99,0,60.0,2026-04-29T16:16:42.010190,4.209
2026-04-29T16:15:42.983558,49.92,0,53.01,0.0,1000.0,0.0,4.199,94.4,99,0,60.0,2026-04-29T16:16:42.983388,4.21
2026-04-29T16:15:43.026867,49.92,0,53.01,0.0,1000.0,0.0,4.199,94.4,99,0,60.0,2026-04-29T16:16:43.026715,4.21
2026-04-29T16:15:43.064099,49.92,0,53.01,0.0,1000.0,0.0,4.199,94.4,99,0,60.0,2026-04-29T16:16:43.063961,4.21
2026-04-29T16:15:44.041041,49.96,0,53.05,0.0,1000.0,0.0,4.199,94.4,99,0,60.0,2026-04-29T16:16:44.040862,4.21
2026-04-29T16:15:44.082046,49.96,0,53.05,0.0,1000.0,0.0,4.199,94.4,99,0,60.0,2026-04-29T16:16:44.081897,4.21
2026-04-29T16:15:44.117913,49.96,0,53.05,0.0,1000.0,0.0,4.199,94.4,99,0,60.0,2026-04-29T16:16:44.117797,4.21
2026-04-29T16:15:45.095345,50.02,0,53.1,0.0,1000.0,0.0,4.199,94.4,99,0,60.0,2026-04-29T16:16:45.095166,4.21
2026-04-29T16:15:45.133931,50.02,0,53.11,0.0,1000.0,0.0,4.199,94.4,99,0,60.0,2026-04-29T16:16:45.133798,4.21
2026-04-29T16:15:46.115398,50.02,0,53.15,0.0,1000.0,0.0,4.199,94.4,99,0,60.0,2026-04-29T16:16:46.115221,4.21
2026-04-29T16:15:46.162543,50.07,0,53.16,0.0,1000.0,0.0,4.199,94.4,99,0,60.0,2026-04-29T16:16:46.162403,4.21
2026-04-29T16:15:46.199038,50.07,0,53.16,0.0,1000.0,0.0,4.199,94.4,99,0,60.0,2026-04-29T16:16:46.198900,4.21
2026-04-29T16:15:47.171734,50.12,0,53.2,0.0,1000.0,0.0,4.199,94.4,99,0,60.0,2026-04-29T16:16:47.171556,4.21
2026-04-29T16:15:47.216396,50.12,0,53.21,0.0,1000.0,0.0,4.199,94.4,99,0,60.0,2026-04-29T16:16:47.216270,4.21
2026-04-29T16:15:47.252967,50.12,0,53.21,0.0,1000.0,0.0,4.199,94.4,99,0,60.0,2026-04-29T16:16:47.252857,4.21
2026-04-29T16:15:48.226240,50.17,0,53.25,0.0,1000.0,0.0,4.199,94.4,99,0,60.0,2026-04-29T16:16:48.226050,4.21
2026-04-29T16:15:48.268141,50.17,0,53.26,0.0,1000.0,0.0,4.199,94.4,99,0,60.0,2026-04-29T16:16:48.267997,4.21
2026-04-29T16:15:48.304433,50.17,0,53.26,0.0,1000.0,0.0,4.199,94.4,99,0,60.0,2026-04-29T16:16:48.304307,4.21
2026-04-29T16:15:49.281229,50.21,0,53.3,0.0,1000.0,0.0,4.199,94.4,99,0,60.0,2026-04-29T16:16:49.281063,4.21
2026-04-29T16:15:49.320762,50.21,0,53.31,0.0,1000.0,0.0,4.199,94.4,99,0,60.0,2026-04-29T16:16:49.320638,4.21
2026-04-29T16:15:49.358107,50.21,0,53.31,0.0,1000.0,0.0,4.199,94.4,99,0,60.0,2026-04-29T16:16:49.357961,4.21
2026-04-29T16:15:50.335221,50.26,0,53.35,0.0,1000.0,0.0,4.199,94.3,99,0,60.0,2026-04-29T16:16:50.335044,4.21
2026-04-29T16:15:50.374440,50.26,0,53.35,0.0,1000.0,0.0,4.199,94.3,99,0,60.0,2026-04-29T16:16:50.374296,4.21
2026-04-29T16:15:51.359133,50.26,0,53.39,0.0,1000.0,0.0,4.199,94.3,99,0,60.0,2026-04-29T16:16:51.358928,4.21
2026-04-29T16:15:51.405136,50.34,0,53.41,0.0,1000.0,0.0,4.199,94.3,99,0,60.0,2026-04-29T16:16:51.405014,4.21
2026-04-29T16:15:51.442402,50.34,0,53.42,0.0,1000.0,0.0,4.199,94.3,99,0,60.0,2026-04-29T16:16:51.442252,4.21
2026-04-29T16:15:52.413315,50.4,0,53.47,0.0,1000.0,0.0,4.199,94.3,99,0,60.0,2026-04-29T16:16:52.413137,4.21
2026-04-29T16:15:52.456540,50.4,0,53.48,0.0,1000.0,0.0,4.199,94.3,99,0,60.0,2026-04-29T16:16:52.456413,4.21
2026-04-29T16:15:52.493767,50.4,0,53.48,0.0,1000.0,0.0,4.199,94.3,99,0,60.0,2026-04-29T16:16:52.493635,4.21
2026-04-29T16:15:53.467014,50.46,0,53.53,0.0,1000.0,0.0,4.199,94.3,99,0,60.0,2026-04-29T16:16:53.466897,4.21
2026-04-29T16:15:53.509323,50.46,0,53.54,0.0,1000.0,0.0,4.199,94.3,99,0,60.0,2026-04-29T16:16:53.509182,4.21
2026-04-29T16:15:53.546083,50.46,0,53.54,0.0,1000.0,0.0,4.199,94.3,99,0,60.0,2026-04-29T16:16:53.545942,4.21
2026-04-29T16:15:54.520211,50.52,0,53.6,0.0,1000.0,0.0,4.199,94.3,99,0,60.0,2026-04-29T16:16:54.520030,4.21
2026-04-29T16:15:54.562713,50.52,0,53.6,0.0,1000.0,0.0,4.199,94.3,99,0,60.0,2026-04-29T16:16:54.562586,4.21
2026-04-29T16:15:54.599063,50.52,0,53.61,0.0,1000.0,0.0,4.199,94.3,99,0,60.0,2026-04-29T16:16:54.598955,4.21
2026-04-29T16:15:55.576691,50.58,0,53.66,0.0,1000.0,0.0,4.199,94.3,99,0,60.0,2026-04-29T16:16:55.576517,4.21
2026-04-29T16:15:55.615440,50.58,0,53.67,0.0,1000.0,0.0,4.199,94.3,99,0,60.0,2026-04-29T16:16:55.615312,4.21
2026-04-29T16:15:56.582831,50.58,0,53.71,0.0,1000.0,0.0,4.199,94.3,99,0,60.0,2026-04-29T16:16:56.582660,4.21
2026-04-29T16:15:56.622272,50.64,0,53.72,0.0,1000.0,0.0,4.199,94.3,99,0,60.0,2026-04-29T16:16:56.622149,4.21
2026-04-29T16:15:56.662501,50.64,0,53.73,0.0,1000.0,0.0,4.199,94.3,99,0,60.0,2026-04-29T16:16:56.661792,4.21
2026-04-29T16:15:57.653507,50.7,0,53.77,0.0,1000.0,0.0,4.199,94.2,99,0,60.0,2026-04-29T16:16:57.653335,4.21
2026-04-29T16:15:57.698919,50.7,0,53.79,0.0,1000.0,0.0,4.199,94.2,99,0,60.0,2026-04-29T16:16:57.698759,4.21
2026-04-29T16:15:57.737150,50.7,0,53.79,0.0,1000.0,0.0,4.199,94.2,99,0,60.0,2026-04-29T16:16:57.737026,4.21
2026-04-29T16:15:58.738183,50.77,0,53.84,0.0,1000.0,0.0,4.199,94.2,99,0,60.0,2026-04-29T16:16:58.714055,4.21
2026-04-29T16:15:58.787369,50.77,0,53.85,0.0,1000.0,0.0,4.199,94.2,99,0,60.0,2026-04-29T16:16:58.787258,4.21
2026-04-29T16:15:58.823366,50.77,0,53.85,0.0,1000.0,0.0,4.199,94.2,99,0,60.0,2026-04-29T16:16:58.823217,4.21
2026-04-29T16:15:59.750773,50.83,0,53.9,0.0,1000.0,0.0,4.199,94.2,99,0,60.0,2026-04-29T16:16:59.750640,4.21
2026-04-29T16:15:59.787489,50.83,0,53.91,0.0,1000.0,0.0,4.199,94.2,99,0,60.0,2026-04-29T16:16:59.787358,4.21
2026-04-29T16:15:59.825949,50.83,0,53.91,0.0,1000.0,0.0,4.199,94.2,99,0,60.0,2026-04-29T16:16:59.825764,4.21
2026-04-29T16:16:00.785232,50.89,0,53.96,0.0,1000.0,0.0,4.199,94.2,99,0,60.0,2026-04-29T16:17:00.785094,4.21
2026-04-29T16:16:00.819933,50.89,0,53.97,0.0,1000.0,0.0,4.199,94.2,99,0,60.0,2026-04-29T16:17:00.819809,4.21
2026-04-29T16:16:01.827911,50.89,0,54.01,0.0,1000.0,0.0,4.199,94.2,99,0,60.0,2026-04-29T16:17:01.827769,4.21
2026-04-29T16:16:01.876166,50.94,0,54.02,0.0,1000.0,0.0,4.199,94.2,99,0,60.0,2026-04-29T16:17:01.875976,4.21
2026-04-29T16:16:01.912997,50.94,0,54.03,0.0,1000.0,0.0,4.199,94.2,99,0,60.0,2026-04-29T16:17:01.912860,4.21
2026-04-29T16:16:02.865688,51.01,0,54.06,0.0,1000.0,0.0,4.199,94.2,99,0,60.0,2026-04-29T16:17:02.865565,4.21
2026-04-29T16:16:02.901533,51.01,0,54.08,0.0,1000.0,0.0,4.199,94.2,99,0,60.0,2026-04-29T16:17:02.901375,4.21
2026-04-29T16:16:02.937942,51.01,0,54.08,0.0,1000.0,0.0,4.199,94.2,99,0,60.0,2026-04-29T16:17:02.937830,4.21
2026-04-29T16:16:03.942457,51.06,0,54.13,0.0,1000.0,0.0,4.199,94.2,99,0,60.0,2026-04-29T16:17:03.942101,4.21
2026-04-29T16:16:03.985549,51.06,0,54.14,0.0,1000.0,0.0,4.199,94.2,99,0,60.0,2026-04-29T16:17:03.985407,4.21
2026-04-29T16:16:04.022911,51.06,0,54.14,0.0,1000.0,0.0,4.199,94.2,99,0,60.0,2026-04-29T16:17:04.022795,4.21
2026-04-29T16:16:04.999765,51.11,0,54.19,0.0,1000.0,0.0,4.199,94.2,99,0,60.0,2026-04-29T16:17:04.999619,4.21
2026-04-29T16:16:05.041085,51.11,0,54.19,0.0,1000.0,0.0,4.199,94.2,99,0,60.0,2026-04-29T16:17:05.040984,4.21
2026-04-29T16:16:05.078079,51.11,0,54.19,0.0,1000.0,0.0,4.199,94.2,99,0,60.0,2026-04-29T16:17:05.077953,4.21
2026-04-29T16:16:06.053665,51.15,0,54.23,0.0,1000.0,0.0,4.199,94.1,99,0,60.0,2026-04-29T16:17:06.053508,4.21
2026-04-29T16:16:06.093367,51.15,0,54.24,0.0,1000.0,0.0,4.199,94.1,99,0,60.0,2026-04-29T16:17:06.093225,4.21
2026-04-29T16:16:07.070328,51.15,0,54.27,0.0,1000.0,0.0,4.199,94.1,99,0,60.0,2026-04-29T16:17:07.070121,4.21
2026-04-29T16:16:07.118015,51.21,0,54.28,0.0,1000.0,0.0,4.199,94.1,99,0,60.0,2026-04-29T16:17:07.117867,4.21
2026-04-29T16:16:07.154067,51.21,0,54.28,0.0,1000.0,0.0,4.199,94.1,99,0,60.0,2026-04-29T16:17:07.153948,4.21
2026-04-29T16:16:08.130830,51.26,0,54.33,0.0,1000.0,0.0,4.199,94.1,99,0,60.0,2026-04-29T16:17:08.130646,4.21
2026-04-29T16:16:08.174305,51.26,0,54.33,0.0,1000.0,0.0,4.199,94.1,99,0,60.0,2026-04-29T16:17:08.174164,4.21
2026-04-29T16:16:08.211823,51.26,0,54.34,0.0,1000.0,0.0,4.199,94.1,99,0,60.0,2026-04-29T16:17:08.211706,4.21
2026-04-29T16:16:09.186509,51.31,0,54.38,0.0,1000.0,0.0,4.199,94.1,99,0,60.0,2026-04-29T16:17:09.186325,4.21
2026-04-29T16:16:09.229556,51.31,0,54.38,0.0,1000.0,0.0,4.199,94.1,99,0,60.0,2026-04-29T16:17:09.229421,4.21
2026-04-29T16:16:09.266960,51.31,0,54.39,0.0,1000.0,0.0,4.199,94.1,99,0,60.0,2026-04-29T16:17:09.266841,4.21
2026-04-29T16:16:10.239307,51.34,0,54.42,0.0,1000.0,0.0,4.199,94.1,99,0,60.0,2026-04-29T16:17:10.239157,4.21
2026-04-29T16:16:10.280137,51.34,0,54.42,0.0,1000.0,0.0,4.199,94.1,99,0,60.0,2026-04-29T16:17:10.280004,4.21
2026-04-29T16:16:10.316182,51.34,0,54.42,0.0,1000.0,0.0,4.199,94.1,99,0,60.0,2026-04-29T16:17:10.316075,4.21
2026-04-29T16:16:11.296165,51.37,0,54.46,0.0,1000.0,0.0,4.199,94.1,99,0,60.0,2026-04-29T16:17:11.295993,4.21
2026-04-29T16:16:11.334593,51.37,0,54.46,0.0,1000.0,0.0,4.199,94.1,99,0,60.0,2026-04-29T16:17:11.334455,4.21
2026-04-29T16:16:12.318127,51.37,0,54.49,0.0,1000.0,0.0,4.199,94.1,99,0,60.0,2026-04-29T16:17:12.317918,4.21
2026-04-29T16:16:12.365179,51.39,0,54.48,0.0,1000.0,0.0,4.199,94.1,99,0,60.0,2026-04-29T16:17:12.365042,4.21
2026-04-29T16:16:12.402304,51.39,0,54.48,0.0,1000.0,0.0,4.199,94.1,99,0,60.0,2026-04-29T16:17:12.402163,4.21
2026-04-29T16:16:13.372973,51.42,0,54.51,0.0,1000.0,0.0,4.199,94.1,99,0,60.0,2026-04-29T16:17:13.372795,4.21
2026-04-29T16:16:13.418146,51.42,0,54.51,0.0,1000.0,0.0,4.199,94.1,99,0,60.0,2026-04-29T16:17:13.418039,4.21
2026-04-29T16:16:13.455333,51.42,0,54.51,0.0,1000.0,0.0,4.199,94.1,99,0,60.0,2026-04-29T16:17:13.455223,4.21
2026-04-29T16:16:14.430174,51.45,0,54.54,0.0,1000.0,0.0,4.199,94.1,99,0,60.0,2026-04-29T16:17:14.430013,4.21
2026-04-29T16:16:14.471519,51.45,0,54.54,0.0,1000.0,0.0,4.199,94.1,99,0,60.0,2026-04-29T16:17:14.471398,4.21
2026-04-29T16:16:14.508325,51.45,0,54.54,0.0,1000.0,0.0,4.199,94.1,99,0,60.0,2026-04-29T16:17:14.508183,4.21
2026-04-29T16:16:15.474891,51.47,0,54.57,0.0,1000.0,0.0,4.199,94.1,99,0,60.0,2026-04-29T16:17:15.474722,4.21
2026-04-29T16:16:15.513749,51.47,0,54.56,0.0,1000.0,0.0,4.199,94.1,99,0,60.0,2026-04-29T16:17:15.513623,4.21
2026-04-29T16:16:15.550222,51.47,0,54.56,0.0,1000.0,0.0,4.199,94.1,99,0,60.0,2026-04-29T16:17:15.550108,4.21
2026-04-29T16:16:16.537921,51.51,0,54.6,0.0,1000.0,0.0,4.199,94.1,99,0,60.0,2026-04-29T16:17:16.537820,4.21
2026-04-29T16:16:16.579092,51.51,0,54.6,0.0,1000.0,0.0,4.199,94.1,99,0,60.0,2026-04-29T16:17:16.578951,4.21
2026-04-29T16:16:17.547306,51.51,0,54.63,0.0,1000.0,0.0,4.199,94.1,99,0,60.0,2026-04-29T16:17:17.547165,4.21
2026-04-29T16:16:17.586137,51.53,0,54.62,0.0,1000.0,0.0,4.199,94.1,99,0,60.0,2026-04-29T16:17:17.585996,4.21
2026-04-29T16:16:17.624142,51.53,0,54.62,0.0,1000.0,0.0,4.199,94.1,99,0,60.0,2026-04-29T16:17:17.624031,4.21
2026-04-29T16:16:18.601765,51.57,0,54.66,0.0,1000.0,0.0,4.199,94.0,99,0,60.0,2026-04-29T16:17:18.601616,4.21
2026-04-29T16:16:18.643102,51.57,0,54.66,0.0,1000.0,0.0,4.199,94.0,99,0,60.0,2026-04-29T16:17:18.642762,4.21
2026-04-29T16:16:18.704282,51.57,0,54.66,0.0,1000.0,0.0,4.199,94.0,99,0,60.0,2026-04-29T16:17:18.684542,4.21
2026-04-29T16:16:19.670394,51.61,0,54.7,0.0,1000.0,0.0,4.199,94.0,99,0,60.0,2026-04-29T16:17:19.670226,4.21
2026-04-29T16:16:19.712400,51.61,0,54.7,0.0,1000.0,0.0,4.199,94.0,99,0,60.0,2026-04-29T16:17:19.712271,4.21
2026-04-29T16:16:19.749080,51.61,0,54.7,0.0,1000.0,0.0,4.199,94.0,99,0,60.0,2026-04-29T16:17:19.748972,4.21
2026-04-29T16:16:20.764356,51.67,0,54.74,0.0,1000.0,0.0,4.199,94.0,99,0,60.0,2026-04-29T16:17:20.764199,4.21
2026-04-29T16:16:20.800314,51.67,0,54.74,0.0,1000.0,0.0,4.199,94.0,99,0,60.0,2026-04-29T16:17:20.800226,4.21
2026-04-29T16:16:20.836298,51.67,0,54.75,0.0,1000.0,0.0,4.199,94.0,99,0,60.0,2026-04-29T16:17:20.836156,4.21
2026-04-29T16:16:21.775284,51.69,0,54.78,0.0,1000.0,0.0,4.199,94.0,99,0,60.0,2026-04-29T16:17:21.775046,4.21
2026-04-29T16:16:21.814646,51.69,0,54.77,0.0,1000.0,0.0,4.199,94.0,99,0,60.0,2026-04-29T16:17:21.814532,4.21
2026-04-29T16:16:22.775526,51.69,0,54.81,0.0,1000.0,0.0,4.199,94.0,99,0,60.0,2026-04-29T16:17:22.775321,4.21
2026-04-29T16:16:22.812217,51.74,0,54.81,0.0,1000.0,0.0,4.199,94.0,99,0,60.0,2026-04-29T16:17:22.812090,4.21
2026-04-29T16:16:22.851028,51.74,0,54.82,0.0,1000.0,0.0,4.199,94.0,99,0,60.0,2026-04-29T16:17:22.850936,4.21
2026-04-29T16:16:23.853474,51.78,0,54.86,0.0,1000.0,0.0,4.199,94.0,99,0,60.0,2026-04-29T16:17:23.853297,4.21
2026-04-29T16:16:23.898865,51.78,0,54.86,0.0,1000.0,0.0,4.199,94.0,99,0,60.0,2026-04-29T16:17:23.898731,4.21
2026-04-29T16:16:23.935370,51.78,0,54.86,0.0,1000.0,0.0,4.199,94.0,99,0,60.0,2026-04-29T16:17:23.935214,4.21
2026-04-29T16:16:24.891935,51.81,0,54.9,0.0,1000.0,0.0,4.199,94.0,99,0,60.0,2026-04-29T16:17:24.891682,4.21
2026-04-29T16:16:24.932259,51.81,0,54.89,0.0,1000.0,0.0,4.199,94.0,99,0,60.0,2026-04-29T16:17:24.932133,4.21
2026-04-29T16:16:24.968667,51.81,0,54.89,0.0,1000.0,0.0,4.199,94.0,99,0,60.0,2026-04-29T16:17:24.968512,4.21
2026-04-29T16:16:25.961308,51.85,0,54.93,0.0,1000.0,0.0,4.199,94.0,99,0,60.0,2026-04-29T16:17:25.961125,4.21
2026-04-29T16:16:26.002339,51.85,0,54.93,0.0,1000.0,0.0,4.199,94.0,99,0,60.0,2026-04-29T16:17:26.002203,4.21
2026-04-29T16:16:26.039463,51.85,0,54.93,0.0,1000.0,0.0,4.199,94.0,99,0,60.0,2026-04-29T16:17:26.039362,4.21
2026-04-29T16:16:27.016781,51.89,0,54.97,0.0,1000.0,0.0,4.199,94.0,99,0,60.0,2026-04-29T16:17:27.016640,4.21
2026-04-29T16:16:27.055374,51.89,0,54.97,0.0,1000.0,0.0,4.199,94.0,99,0,60.0,2026-04-29T16:17:27.055265,4.21
2026-04-29T16:16:28.038217,51.89,0,55.01,0.0,1000.0,0.0,4.199,94.0,99,0,60.0,2026-04-29T16:17:28.038023,4.21
2026-04-29T16:16:28.086651,51.95,0,55.02,0.0,1000.0,0.0,4.199,94.0,99,0,60.0,2026-04-29T16:17:28.086511,4.21
2026-04-29T16:16:28.123183,51.95,0,55.03,0.0,1000.0,0.0,4.199,94.0,99,0,60.0,2026-04-29T16:17:28.123052,4.21
2026-04-29T16:16:29.094348,52.01,0,55.07,0.0,1000.0,0.0,4.199,94.0,99,0,60.0,2026-04-29T16:17:29.094156,4.21
2026-04-29T16:16:29.138180,52.01,0,55.08,0.0,1000.0,0.0,4.199,94.0,99,0,60.0,2026-04-29T16:17:29.138055,4.21
2026-04-29T16:16:29.175931,52.01,0,55.09,0.0,1000.0,0.0,4.199,94.0,99,0,60.0,2026-04-29T16:17:29.175760,4.21
2026-04-29T16:16:30.147438,52.06,0,55.13,0.0,1000.0,0.0,4.199,94.0,99,0,60.0,2026-04-29T16:17:30.147267,4.21
2026-04-29T16:16:30.189489,52.06,0,55.14,0.0,1000.0,0.0,4.199,93.9,99,0,60.0,2026-04-29T16:17:30.189369,4.21
2026-04-29T16:16:30.227369,52.06,0,55.14,0.0,1000.0,0.0,4.199,93.9,99,0,60.0,2026-04-29T16:17:30.227200,4.21
2026-04-29T16:16:31.203076,52.11,0,55.19,0.0,1000.0,0.0,4.199,93.9,99,0,60.0,2026-04-29T16:17:31.202920,4.21
2026-04-29T16:16:31.244639,52.11,0,55.19,0.0,1000.0,0.0,4.199,93.9,99,0,60.0,2026-04-29T16:17:31.244468,4.21
2026-04-29T16:16:31.282415,52.11,0,55.19,0.0,1000.0,0.0,4.199,93.9,99,0,60.0,2026-04-29T16:17:31.282302,4.21
2026-04-29T16:16:32.258842,52.19,0,55.25,0.0,1000.0,0.0,4.199,93.9,99,0,60.0,2026-04-29T16:17:32.258659,4.21
2026-04-29T16:16:32.298585,52.19,0,55.26,0.0,1000.0,0.0,4.199,93.9,99,0,60.0,2026-04-29T16:17:32.298455,4.21
2026-04-29T16:16:33.278843,52.19,0,55.3,0.0,1000.0,0.0,4.199,93.9,99,0,60.0,2026-04-29T16:17:33.278642,4.21
2026-04-29T16:16:33.326398,52.26,0,55.32,0.0,1000.0,0.0,4.199,93.9,99,0,60.0,2026-04-29T16:17:33.326081,4.21
2026-04-29T16:16:33.363757,52.26,0,55.33,0.0,1000.0,0.0,4.199,93.9,99,0,60.0,2026-04-29T16:17:33.363636,4.21
2026-04-29T16:16:34.333019,52.33,0,55.38,0.0,1000.0,0.0,4.199,93.9,99,0,60.0,2026-04-29T16:17:34.332870,4.21
2026-04-29T16:16:34.388372,52.33,0,55.39,0.0,1000.0,0.0,4.199,93.9,99,0,60.0,2026-04-29T16:17:34.388242,4.21
2026-04-29T16:16:34.426905,52.33,0,55.4,0.0,1000.0,0.0,4.199,93.9,99,0,60.0,2026-04-29T16:17:34.426765,4.21
2026-04-29T16:16:35.388597,52.4,0,55.45,0.0,1000.0,0.0,4.199,93.9,99,0,60.0,2026-04-29T16:17:35.388445,4.21
2026-04-29T16:16:35.433016,52.4,0,55.47,0.0,1000.0,0.0,4.199,93.9,99,0,60.0,2026-04-29T16:17:35.432906,4.21
2026-04-29T16:16:35.470335,52.4,0,55.47,0.0,1000.0,0.0,4.199,93.9,99,0,60.0,2026-04-29T16:17:35.470236,4.21
2026-04-29T16:16:36.442710,52.47,0,55.53,0.0,1000.0,0.0,4.199,93.8,99,0,60.0,2026-04-29T16:17:36.442510,4.21
2026-04-29T16:16:36.482825,52.47,0,55.54,0.0,1000.0,0.0,4.199,93.8,99,0,60.0,2026-04-29T16:17:36.482718,4.21
2026-04-29T16:16:36.518459,52.47,0,55.55,0.0,1000.0,0.0,4.199,93.8,99,0,60.0,2026-04-29T16:17:36.518353,4.21
2026-04-29T16:16:37.497499,52.55,0,55.61,0.0,1000.0,0.0,4.199,93.8,99,0,60.0,2026-04-29T16:17:37.497346,4.21
2026-04-29T16:16:37.536288,52.55,0,55.62,0.0,1000.0,0.0,4.199,93.8,99,0,60.0,2026-04-29T16:17:37.536169,4.21
2026-04-29T16:16:38.518624,52.55,0,55.66,0.0,1000.0,0.0,4.199,93.8,99,0,60.0,2026-04-29T16:17:38.518481,4.21
2026-04-29T16:16:38.566754,52.63,0,55.69,0.0,1000.0,0.0,4.199,93.8,99,0,60.0,2026-04-29T16:17:38.566604,4.21
2026-04-29T16:16:38.602804,52.63,0,55.69,0.0,1000.0,0.0,4.199,93.8,99,0,60.0,2026-04-29T16:17:38.602641,4.21
2026-04-29T16:16:39.571694,52.68,0,55.73,0.0,1000.0,0.0,4.199,93.8,99,0,60.0,2026-04-29T16:17:39.571525,4.21
2026-04-29T16:16:39.616237,52.68,0,55.74,0.0,1000.0,0.0,4.199,93.8,99,0,60.0,2026-04-29T16:17:39.616110,4.21
2026-04-29T16:16:39.652477,52.68,0,55.74,0.0,1000.0,0.0,4.199,93.8,99,0,60.0,2026-04-29T16:17:39.652348,4.21
2026-04-29T16:16:40.628302,52.76,0,55.8,0.0,1000.0,0.0,4.199,93.8,99,0,60.0,2026-04-29T16:17:40.628086,4.21
2026-04-29T16:16:40.680126,52.76,0,55.81,0.0,1000.0,0.0,4.199,93.8,99,0,60.0,2026-04-29T16:17:40.673421,4.21
2026-04-29T16:16:40.767012,52.76,0,55.82,0.0,1000.0,0.0,4.199,93.8,99,0,60.0,2026-04-29T16:17:40.766876,4.21
2026-04-29T16:16:41.665133,52.82,0,55.87,0.0,1000.0,0.0,4.199,93.8,99,0,60.0,2026-04-29T16:17:41.664982,4.21
2026-04-29T16:16:41.702330,52.82,0,55.88,0.0,1000.0,0.0,4.199,93.8,99,0,60.0,2026-04-29T16:17:41.702211,4.21
2026-04-29T16:16:41.737949,52.82,0,55.88,0.0,1000.0,0.0,4.199,93.8,99,0,60.0,2026-04-29T16:17:41.737827,4.21
2026-04-29T16:16:42.767976,52.9,0,55.95,0.0,1000.0,0.0,4.199,93.8,99,0,60.0,2026-04-29T16:17:42.767835,4.21
2026-04-29T16:16:42.806110,52.9,0,55.96,0.0,1000.0,0.0,4.199,93.8,99,0,60.0,2026-04-29T16:17:42.805988,4.21
2026-04-29T16:16:43.744853,52.9,0,56.0,0.0,1000.0,0.0,4.199,93.8,99,0,60.0,2026-04-29T16:17:43.744711,4.21
2026-04-29T16:16:43.787056,52.96,0,56.02,0.0,1000.0,0.0,4.199,93.7,99,0,60.0,2026-04-29T16:17:43.786900,4.21
2026-04-29T16:16:43.824131,52.96,0,56.03,0.0,1000.0,0.0,4.199,93.7,99,0,60.0,2026-04-29T16:17:43.824019,4.21
2026-04-29T16:16:44.785534,53.03,0,56.07,0.0,1000.0,0.0,4.199,93.7,99,0,60.0,2026-04-29T16:17:44.785393,4.21
2026-04-29T16:16:44.822160,53.03,0,56.09,0.0,1000.0,0.0,4.199,93.7,99,0,60.0,2026-04-29T16:17:44.822053,4.21
2026-04-29T16:16:44.857701,53.03,0,56.1,0.0,1000.0,0.0,4.199,93.7,99,0,60.0,2026-04-29T16:17:44.857598,4.21
2026-04-29T16:16:45.863656,53.11,0,56.15,0.0,1000.0,0.0,4.199,93.7,99,0,60.0,2026-04-29T16:17:45.863489,4.21
2026-04-29T16:16:45.905712,53.11,0,56.16,0.0,1000.0,0.0,4.199,93.7,99,0,60.0,2026-04-29T16:17:45.905596,4.21
2026-04-29T16:16:45.943798,53.11,0,56.17,0.0,1000.0,0.0,4.199,93.7,99,0,60.0,2026-04-29T16:17:45.943468,4.21
2026-04-29T16:16:46.902983,53.19,0,56.23,0.0,1000.0,0.0,4.199,93.7,99,0,60.0,2026-04-29T16:17:46.902833,4.21
2026-04-29T16:16:46.941026,53.19,0,56.24,0.0,1000.0,0.0,4.199,93.7,99,0,60.0,2026-04-29T16:17:46.940923,4.21
2026-04-29T16:16:46.978656,53.19,0,56.25,0.0,1000.0,0.0,4.199,93.7,99,0,60.0,2026-04-29T16:17:46.978510,4.21
2026-04-29T16:16:47.972897,53.24,0,56.3,0.0,1000.0,0.0,4.199,93.7,99,0,60.0,2026-04-29T16:17:47.972754,4.21
2026-04-29T16:16:48.012714,53.24,0,56.3,0.0,1000.0,0.0,4.199,93.7,99,0,60.0,2026-04-29T16:17:48.012582,4.21
2026-04-29T16:16:48.995221,53.24,0,56.35,0.0,1000.0,0.0,4.199,93.7,99,0,60.0,2026-04-29T16:17:48.995007,4.21
2026-04-29T16:16:49.041937,53.3,0,56.36,0.0,1000.0,0.0,4.199,93.7,99,0,60.0,2026-04-29T16:17:49.041608,4.21
2026-04-29T16:16:49.091014,53.3,0,56.37,0.0,1000.0,0.0,4.199,93.7,99,0,60.0,2026-04-29T16:17:49.090875,4.21
2026-04-29T16:16:50.051524,53.37,0,56.41,0.0,1000.0,0.0,4.199,93.6,99,0,60.0,2026-04-29T16:17:50.051361,4.21
2026-04-29T16:16:50.095928,53.37,0,56.43,0.0,1000.0,0.0,4.199,93.6,99,0,60.0,2026-04-29T16:17:50.095773,4.21
2026-04-29T16:16:50.134007,53.37,0,56.43,0.0,1000.0,0.0,4.199,93.6,99,0,60.0,2026-04-29T16:17:50.133889,4.21
2026-04-29T16:16:51.105428,53.44,0,56.49,0.0,1000.0,0.0,4.199,93.6,99,0,60.0,2026-04-29T16:17:51.105263,4.21
2026-04-29T16:16:51.147391,53.44,0,56.5,0.0,1000.0,0.0,4.199,93.6,99,0,60.0,2026-04-29T16:17:51.147246,4.21
2026-04-29T16:16:51.183859,53.44,0,56.51,0.0,1000.0,0.0,4.199,93.6,99,0,60.0,2026-04-29T16:17:51.183746,4.21
2026-04-29T16:16:52.158455,53.5,0,56.56,0.0,1000.0,0.0,4.199,93.6,99,0,60.0,2026-04-29T16:17:52.158141,4.21
2026-04-29T16:16:52.199966,53.5,0,56.57,0.0,1000.0,0.0,4.199,93.6,99,0,60.0,2026-04-29T16:17:52.199846,4.21
2026-04-29T16:16:52.236429,53.5,0,56.57,0.0,1000.0,0.0,4.199,93.6,99,0,60.0,2026-04-29T16:17:52.236318,4.21
2026-04-29T16:16:53.210566,53.56,0,56.62,0.0,1000.0,0.0,4.199,93.6,99,0,60.0,2026-04-29T16:17:53.210321,4.21
2026-04-29T16:16:53.250085,53.56,0,56.62,0.0,1000.0,0.0,4.199,93.6,99,0,60.0,2026-04-29T16:17:53.249967,4.21
2026-04-29T16:16:54.232534,53.56,0,56.66,0.0,1000.0,0.0,4.199,93.6,99,0,60.0,2026-04-29T16:17:54.232356,4.21
2026-04-29T16:16:54.279176,53.62,0,56.68,0.0,1000.0,0.0,4.199,93.6,99,0,60.0,2026-04-29T16:17:54.279023,4.21
2026-04-29T16:16:54.315989,53.62,0,56.68,0.0,1000.0,0.0,4.199,93.6,99,0,60.0,2026-04-29T16:17:54.315855,4.21
2026-04-29T16:16:55.288393,53.68,0,56.73,0.0,1000.0,0.0,4.199,93.6,99,0,60.0,2026-04-29T16:17:55.288241,4.21
2026-04-29T16:16:55.332916,53.68,0,56.74,0.0,1000.0,0.0,4.199,93.6,99,0,60.0,2026-04-29T16:17:55.332793,4.21
2026-04-29T16:16:55.369227,53.68,0,56.74,0.0,1000.0,0.0,4.199,93.6,99,0,60.0,2026-04-29T16:17:55.369098,4.21
2026-04-29T16:16:56.338281,53.73,0,56.79,0.0,1000.0,0.0,4.199,93.6,99,0,60.0,2026-04-29T16:17:56.338124,4.21
2026-04-29T16:16:56.379184,53.73,0,56.8,0.0,1000.0,0.0,4.199,93.6,99,0,60.0,2026-04-29T16:17:56.379057,4.21
2026-04-29T16:16:56.415561,53.73,0,56.8,0.0,1000.0,0.0,4.199,93.6,99,0,60.0,2026-04-29T16:17:56.415457,4.21
2026-04-29T16:16:57.400187,53.78,0,56.84,0.0,1000.0,0.0,4.199,93.6,99,0,60.0,2026-04-29T16:17:57.400038,4.21
2026-04-29T16:16:57.440067,53.78,0,56.85,0.0,1000.0,0.0,4.199,93.6,99,0,60.0,2026-04-29T16:17:57.439951,4.21
2026-04-29T16:16:57.479874,53.78,0,56.85,0.0,1000.0,0.0,4.199,93.6,99,0,60.0,2026-04-29T16:17:57.479741,4.21
2026-04-29T16:16:58.454732,53.84,0,56.9,0.0,1000.0,0.0,4.199,93.5,99,0,60.0,2026-04-29T16:17:58.454578,4.21
2026-04-29T16:16:58.494850,53.84,0,56.91,0.0,1000.0,0.0,4.199,93.5,99,0,60.0,2026-04-29T16:17:58.494722,4.21
2026-04-29T16:16:59.464417,53.84,0,56.95,0.0,1000.0,0.0,4.199,93.5,99,0,60.0,2026-04-29T16:17:59.464253,4.21
2026-04-29T16:16:59.512683,53.87,0,56.95,0.0,1000.0,0.0,4.199,93.5,99,0,60.0,2026-04-29T16:17:59.512535,4.21
2026-04-29T16:16:59.552081,53.87,0,56.95,0.0,1000.0,0.0,4.199,93.5,99,0,60.0,2026-04-29T16:17:59.551972,4.21
2026-04-29T16:17:00.532756,53.92,0,56.99,0.0,1000.0,0.0,4.199,93.5,99,0,60.0,2026-04-29T16:18:00.532567,4.21
2026-04-29T16:17:00.576573,53.92,0,56.99,0.0,1000.0,0.0,4.199,93.5,99,0,60.0,2026-04-29T16:18:00.576436,4.21
2026-04-29T16:17:00.613395,53.92,0,56.99,0.0,1000.0,0.0,4.199,93.5,99,0,60.0,2026-04-29T16:18:00.613272,4.21
2026-04-29T16:17:01.586244,53.96,0,57.03,0.0,1000.0,0.0,4.199,93.5,99,0,60.0,2026-04-29T16:18:01.586101,4.21
2026-04-29T16:17:01.636451,53.96,0,57.04,0.0,1000.0,0.0,4.199,93.5,99,0,60.0,2026-04-29T16:18:01.636318,4.21
2026-04-29T16:17:01.673295,53.96,0,57.04,0.0,1000.0,0.0,4.199,93.5,99,0,60.0,2026-04-29T16:18:01.673180,4.21
2026-04-29T16:17:02.642309,54.04,0,57.09,0.0,1000.0,0.0,4.199,93.5,99,0,60.0,2026-04-29T16:18:02.642067,4.21
2026-04-29T16:17:02.718459,54.04,0,57.1,0.0,1000.0,0.0,4.199,93.5,99,0,60.0,2026-04-29T16:18:02.694437,4.21
2026-04-29T16:17:02.781271,54.04,0,57.1,0.0,1000.0,0.0,4.199,93.5,99,0,60.0,2026-04-29T16:18:02.781131,4.21
2026-04-29T16:17:03.685479,54.08,0,57.14,0.0,1000.0,0.0,4.199,93.5,99,0,60.0,2026-04-29T16:18:03.685340,4.21
2026-04-29T16:17:03.722503,54.08,0,57.15,0.0,1000.0,0.0,4.199,93.5,99,0,60.0,2026-04-29T16:18:03.722371,4.21
2026-04-29T16:17:04.744010,54.08,0,57.19,0.0,1000.0,0.0,4.199,93.5,99,0,60.0,2026-04-29T16:18:04.726175,4.21
2026-04-29T16:17:04.792230,54.12,0,57.19,0.0,1000.0,0.0,4.199,93.5,99,0,60.0,2026-04-29T16:18:04.791883,4.21
2026-04-29T16:17:04.830661,54.12,0,57.19,0.0,1000.0,0.0,4.199,93.5,99,0,60.0,2026-04-29T16:18:04.830543,4.21
2026-04-29T16:17:05.760239,54.17,0,57.23,0.0,1000.0,0.0,4.199,93.5,99,0,60.0,2026-04-29T16:18:05.760043,4.21
2026-04-29T16:17:05.802226,54.17,0,57.24,0.0,1000.0,0.0,4.199,93.5,99,0,60.0,2026-04-29T16:18:05.802116,4.21
2026-04-29T16:17:05.838622,54.17,0,57.24,0.0,1000.0,0.0,4.199,93.5,99,0,60.0,2026-04-29T16:18:05.838512,4.21
2026-04-29T16:17:06.803493,54.23,0,57.28,0.0,1000.0,0.0,4.199,93.5,99,0,60.0,2026-04-29T16:18:06.803351,4.21
2026-04-29T16:17:06.839608,54.23,0,57.29,0.0,1000.0,0.0,4.199,93.5,99,0,60.0,2026-04-29T16:18:06.839500,4.21
2026-04-29T16:17:06.876081,54.23,0,57.3,0.0,1000.0,0.0,4.199,93.5,99,0,60.0,2026-04-29T16:18:06.875842,4.21
2026-04-29T16:17:07.882120,54.27,0,57.34,0.0,1000.0,0.0,4.199,93.4,99,0,60.0,2026-04-29T16:18:07.881967,4.21
2026-04-29T16:17:07.922058,54.27,0,57.34,0.0,1000.0,0.0,4.199,93.4,99,0,60.0,2026-04-29T16:18:07.921929,4.21
2026-04-29T16:17:07.960063,54.27,0,57.34,0.0,1000.0,0.0,4.199,93.4,99,0,60.0,2026-04-29T16:18:07.959839,4.21
2026-04-29T16:17:08.925119,54.32,0,57.38,0.0,1000.0,0.0,4.199,93.4,99,0,60.0,2026-04-29T16:18:08.924982,4.21
2026-04-29T16:17:08.966698,54.32,0,57.38,0.0,1000.0,0.0,4.199,93.4,99,0,60.0,2026-04-29T16:18:08.966577,4.21
2026-04-29T16:17:09.960757,54.32,0,57.42,0.0,1000.0,0.0,4.199,93.4,99,0,60.0,2026-04-29T16:18:09.960563,4.21
2026-04-29T16:17:10.017988,54.39,0,57.44,0.0,1000.0,0.0,4.199,93.4,99,0,60.0,2026-04-29T16:18:10.017861,4.21
2026-04-29T16:17:10.054754,54.39,0,57.45,0.0,1000.0,0.0,4.199,93.4,99,0,60.0,2026-04-29T16:18:10.054637,4.21
2026-04-29T16:17:11.015831,54.44,0,57.49,0.0,1000.0,0.0,4.199,93.4,99,0,60.0,2026-04-29T16:18:11.015639,4.21
2026-04-29T16:17:11.060501,54.44,0,57.5,0.0,1000.0,0.0,4.199,93.4,99,0,60.0,2026-04-29T16:18:11.060359,4.21
2026-04-29T16:17:11.097281,54.44,0,57.5,0.0,1000.0,0.0,4.199,93.4,99,0,60.0,2026-04-29T16:18:11.097152,4.21
2026-04-29T16:17:12.070246,54.5,0,57.55,0.0,1000.0,0.0,4.199,93.4,99,0,60.0,2026-04-29T16:18:12.070077,4.21
2026-04-29T16:17:12.113398,54.5,0,57.55,0.0,1000.0,0.0,4.199,93.4,99,0,60.0,2026-04-29T16:18:12.113269,4.21
2026-04-29T16:17:12.150335,54.5,0,57.56,0.0,1000.0,0.0,4.199,93.4,99,0,60.0,2026-04-29T16:18:12.150217,4.21
2026-04-29T16:17:13.124733,54.56,0,57.6,0.0,1000.0,0.0,4.199,93.4,99,0,60.0,2026-04-29T16:18:13.124586,4.21
2026-04-29T16:17:13.166035,54.56,0,57.61,0.0,1000.0,0.0,4.199,93.4,99,0,60.0,2026-04-29T16:18:13.165916,4.21
2026-04-29T16:17:13.202493,54.56,0,57.61,0.0,1000.0,0.0,4.199,93.4,99,0,60.0,2026-04-29T16:18:13.202366,4.21
2026-04-29T16:17:14.178324,54.64,0,57.68,0.0,1000.0,0.0,4.199,93.4,99,0,60.0,2026-04-29T16:18:14.178174,4.211
2026-04-29T16:17:14.217563,54.64,0,57.69,0.0,1000.0,0.0,4.199,93.4,99,0,60.0,2026-04-29T16:18:14.217420,4.211
2026-04-29T16:17:15.198075,54.64,0,57.73,0.0,1000.0,0.0,4.199,93.4,99,0,60.0,2026-04-29T16:18:15.197895,4.211
2026-04-29T16:17:15.245761,54.69,0,57.74,0.0,1000.0,0.0,4.199,93.4,99,0,60.0,2026-04-29T16:18:15.245622,4.211
2026-04-29T16:17:15.282821,54.69,0,57.75,0.0,1000.0,0.0,4.199,93.4,99,0,60.0,2026-04-29T16:18:15.282703,4.211
2026-04-29T16:17:16.255265,54.75,0,57.79,0.0,1000.0,0.0,4.199,93.3,99,0,60.0,2026-04-29T16:18:16.255097,4.211
2026-04-29T16:17:16.299712,54.75,0,57.8,0.0,1000.0,0.0,4.199,93.3,99,0,60.0,2026-04-29T16:18:16.299585,4.211
2026-04-29T16:17:16.335942,54.75,0,57.81,0.0,1000.0,0.0,4.199,93.3,99,0,60.0,2026-04-29T16:18:16.335829,4.211
2026-04-29T16:17:17.311090,54.81,0,57.86,0.0,1000.0,0.0,4.199,93.3,99,0,60.0,2026-04-29T16:18:17.310905,4.211
2026-04-29T16:17:17.352089,54.81,0,57.86,0.0,1000.0,0.0,4.199,93.3,99,0,60.0,2026-04-29T16:18:17.351965,4.211
2026-04-29T16:17:17.388294,54.81,0,57.87,0.0,1000.0,0.0,4.199,93.3,99,0,60.0,2026-04-29T16:18:17.388168,4.211
2026-04-29T16:17:18.366405,54.87,0,57.92,0.0,1000.0,0.0,4.199,93.3,99,0,60.0,2026-04-29T16:18:18.366184,4.211
2026-04-29T16:17:18.406418,54.87,0,57.93,0.0,1000.0,0.0,4.199,93.3,99,0,60.0,2026-04-29T16:18:18.406288,4.211
2026-04-29T16:17:18.444027,54.87,0,57.93,0.0,1000.0,0.0,4.199,93.3,99,0,60.0,2026-04-29T16:18:18.443887,4.211
2026-04-29T16:17:19.419316,54.91,0,57.97,0.0,1000.0,0.0,4.199,93.3,99,0,60.0,2026-04-29T16:18:19.419173,4.211
2026-04-29T16:17:19.457589,54.91,0,57.98,0.0,1000.0,0.0,4.199,93.3,99,0,60.0,2026-04-29T16:18:19.457470,4.211
2026-04-29T16:17:20.443609,54.91,0,58.01,0.0,1000.0,0.0,4.199,93.3,99,0,60.0,2026-04-29T16:18:20.443321,4.211
2026-04-29T16:17:20.488551,54.98,0,58.03,0.0,1000.0,0.0,4.199,93.3,99,0,60.0,2026-04-29T16:18:20.488414,4.211
2026-04-29T16:17:20.524212,54.98,0,58.03,0.0,1000.0,0.0,4.199,93.3,99,0,60.0,2026-04-29T16:18:20.524100,4.211
2026-04-29T16:17:21.494068,55.02,0,58.07,0.0,1000.0,0.0,4.199,93.3,99,0,60.0,2026-04-29T16:18:21.493890,4.211
2026-04-29T16:17:21.536753,55.02,0,58.08,0.0,1000.0,0.0,4.199,93.3,99,0,60.0,2026-04-29T16:18:21.536604,4.211
2026-04-29T16:17:21.573042,55.02,0,58.08,0.0,1000.0,0.0,4.199,93.3,99,0,60.0,2026-04-29T16:18:21.572935,4.211
2026-04-29T16:17:22.550953,55.07,0,58.12,0.0,1000.0,0.0,4.199,93.3,99,0,60.0,2026-04-29T16:18:22.550802,4.211
2026-04-29T16:17:22.592814,55.07,0,58.13,0.0,1000.0,0.0,4.199,93.3,99,0,60.0,2026-04-29T16:18:22.592502,4.211
2026-04-29T16:17:22.629956,55.07,0,58.13,0.0,1000.0,0.0,4.199,93.3,99,0,60.0,2026-04-29T16:18:22.629822,4.211
2026-04-29T16:17:23.593697,55.11,0,58.17,0.0,1000.0,0.0,4.199,93.3,99,0,60.0,2026-04-29T16:18:23.593528,4.211
2026-04-29T16:17:23.631218,55.11,0,58.17,0.0,1000.0,0.0,4.199,93.3,99,0,60.0,2026-04-29T16:18:23.631079,4.211
2026-04-29T16:17:23.667968,55.11,0,58.17,0.0,1000.0,0.0,4.199,93.3,99,0,60.0,2026-04-29T16:18:23.667841,4.211
2026-04-29T16:17:24.658255,55.15,0,58.21,0.0,1000.0,0.0,4.199,93.2,99,0,60.0,2026-04-29T16:18:24.657411,4.211
2026-04-29T16:17:24.738549,55.15,0,58.21,0.0,1000.0,0.0,4.199,93.2,99,0,60.0,2026-04-29T16:18:24.713298,4.211
2026-04-29T16:17:25.669738,55.15,0,58.25,0.0,1000.0,0.0,4.199,93.2,99,0,60.0,2026-04-29T16:18:25.669569,4.211
2026-04-29T16:17:25.724306,55.19,0,58.25,0.0,1000.0,0.0,4.199,93.2,99,0,60.0,2026-04-29T16:18:25.724163,4.211
2026-04-29T16:17:25.761253,55.19,0,58.25,0.0,1000.0,0.0,4.199,93.2,99,0,60.0,2026-04-29T16:18:25.761091,4.211
2026-04-29T16:17:26.748856,55.23,0,58.29,0.0,1000.0,0.0,4.199,93.2,99,0,60.0,2026-04-29T16:18:26.748711,4.211
2026-04-29T16:17:26.787202,55.23,0,58.29,0.0,1000.0,0.0,4.199,93.2,99,0,60.0,2026-04-29T16:18:26.787042,4.211
2026-04-29T16:17:26.824192,55.23,0,58.29,0.0,1000.0,0.0,4.199,93.2,99,0,60.0,2026-04-29T16:18:26.824085,4.211
2026-04-29T16:17:27.774519,55.28,0,58.34,0.0,1000.0,0.0,4.199,93.2,99,0,60.0,2026-04-29T16:18:27.774366,4.211
2026-04-29T16:17:27.817838,55.28,0,58.34,0.0,1000.0,0.0,4.199,93.2,99,0,60.0,2026-04-29T16:18:27.817721,4.211
2026-04-29T16:17:27.855148,55.28,0,58.34,0.0,1000.0,0.0,4.199,93.2,99,0,60.0,2026-04-29T16:18:27.855017,4.211
2026-04-29T16:17:28.816986,55.34,0,58.39,0.0,1000.0,0.0,4.199,93.2,99,0,60.0,2026-04-29T16:18:28.816856,4.211
2026-04-29T16:17:28.853070,55.34,0,58.4,0.0,1000.0,0.0,4.199,93.2,99,0,60.0,2026-04-29T16:18:28.852969,4.211
2026-04-29T16:17:28.889020,55.34,0,58.4,0.0,1000.0,0.0,4.199,93.2,99,0,60.0,2026-04-29T16:18:28.888908,4.211
2026-04-29T16:17:29.895169,55.4,0,58.45,0.0,1000.0,0.0,4.199,93.2,99,0,60.0,2026-04-29T16:18:29.894978,4.211
2026-04-29T16:17:29.933816,55.4,0,58.45,0.0,1000.0,0.0,4.199,93.2,99,0,60.0,2026-04-29T16:18:29.933701,4.211
2026-04-29T16:17:30.911791,55.4,0,58.49,0.0,1000.0,0.0,4.199,93.2,99,0,60.0,2026-04-29T16:18:30.911444,4.211
2026-04-29T16:17:30.957061,55.46,0,58.51,0.0,1000.0,0.0,4.199,93.2,99,0,60.0,2026-04-29T16:18:30.956923,4.211
2026-04-29T16:17:30.995258,55.46,0,58.51,0.0,1000.0,0.0,4.199,93.2,99,0,60.0,2026-04-29T16:18:30.995018,4.211
2026-04-29T16:17:31.976462,55.51,0,58.56,0.0,1000.0,0.0,4.199,93.2,99,0,60.0,2026-04-29T16:18:31.976236,4.211
2026-04-29T16:17:32.020883,55.51,0,58.56,0.0,1000.0,0.0,4.199,93.2,99,0,60.0,2026-04-29T16:18:32.020725,4.211
2026-04-29T16:17:32.057204,55.51,0,58.57,0.0,1000.0,0.0,4.199,93.2,99,0,60.0,2026-04-29T16:18:32.057095,4.211
2026-04-29T16:17:33.031266,55.58,0,58.62,0.0,1000.0,0.0,4.199,93.2,99,0,60.0,2026-04-29T16:18:33.031095,4.211
2026-04-29T16:17:33.073292,55.58,0,58.63,0.0,1000.0,0.0,4.199,93.2,99,0,60.0,2026-04-29T16:18:33.073174,4.211
2026-04-29T16:17:33.110791,55.58,0,58.63,0.0,1000.0,0.0,4.199,93.2,99,0,60.0,2026-04-29T16:18:33.110589,4.211
2026-04-29T16:17:34.086494,55.63,0,58.68,0.0,1000.0,0.0,4.199,93.1,99,0,60.0,2026-04-29T16:18:34.086350,4.211
2026-04-29T16:17:34.127998,55.63,0,58.69,0.0,1000.0,0.0,4.199,93.1,99,0,60.0,2026-04-29T16:18:34.127757,4.211
2026-04-29T16:17:34.164277,55.63,0,58.69,0.0,1000.0,0.0,4.199,93.1,99,0,60.0,2026-04-29T16:18:34.164148,4.211
2026-04-29T16:17:35.141523,55.66,0,58.73,0.0,1000.0,0.0,4.199,93.1,99,0,60.0,2026-04-29T16:18:35.141380,4.211
2026-04-29T16:17:35.181892,55.66,0,58.73,0.0,1000.0,0.0,4.199,93.1,99,0,60.0,2026-04-29T16:18:35.181758,4.211
2026-04-29T16:17:36.164247,55.66,0,58.76,0.0,1000.0,0.0,4.199,93.1,99,0,60.0,2026-04-29T16:18:36.164054,4.211
2026-04-29T16:17:36.211309,55.71,0,58.77,0.0,1000.0,0.0,4.199,93.1,99,0,60.0,2026-04-29T16:18:36.211156,4.211
2026-04-29T16:17:36.248313,55.71,0,58.77,0.0,1000.0,0.0,4.199,93.1,99,0,60.0,2026-04-29T16:18:36.248183,4.211
2026-04-29T16:17:37.221319,55.76,0,58.81,0.0,1000.0,0.0,4.199,93.1,99,0,60.0,2026-04-29T16:18:37.221132,4.211
2026-04-29T16:17:37.265065,55.76,0,58.82,0.0,1000.0,0.0,4.199,93.1,99,0,60.0,2026-04-29T16:18:37.264923,4.211
2026-04-29T16:17:37.301429,55.76,0,58.82,0.0,1000.0,0.0,4.199,93.1,99,0,60.0,2026-04-29T16:18:37.301312,4.211
2026-04-29T16:17:38.274172,55.81,0,58.87,0.0,1000.0,0.0,4.199,93.1,99,0,60.0,2026-04-29T16:18:38.274015,4.211
2026-04-29T16:17:38.316834,55.81,0,58.87,0.0,1000.0,0.0,4.199,93.1,99,0,60.0,2026-04-29T16:18:38.316641,4.211
2026-04-29T16:17:38.352910,55.81,0,58.87,0.0,1000.0,0.0,4.199,93.1,99,0,60.0,2026-04-29T16:18:38.352804,4.211
2026-04-29T16:17:39.329001,55.87,0,58.92,0.0,1000.0,0.0,4.199,93.1,99,0,60.0,2026-04-29T16:18:39.328838,4.211
2026-04-29T16:17:39.369252,55.87,0,58.92,0.0,1000.0,0.0,4.199,93.1,99,0,60.0,2026-04-29T16:18:39.369130,4.211
2026-04-29T16:17:39.405844,55.87,0,58.93,0.0,1000.0,0.0,4.199,93.1,99,0,60.0,2026-04-29T16:18:39.405722,4.211
2026-04-29T16:17:40.383199,55.91,0,58.97,0.0,1000.0,0.0,4.199,93.1,99,0,60.0,2026-04-29T16:18:40.383042,4.211
2026-04-29T16:17:40.422098,55.91,0,58.97,0.0,1000.0,0.0,4.199,93.1,99,0,60.0,2026-04-29T16:18:40.421958,4.211
2026-04-29T16:17:41.406069,55.91,0,59.01,0.0,1000.0,0.0,4.199,93.1,99,0,60.0,2026-04-29T16:18:41.405892,4.211
2026-04-29T16:17:41.452972,55.95,0,59.01,0.0,1000.0,0.0,4.199,93.1,99,0,60.0,2026-04-29T16:18:41.452851,4.211
2026-04-29T16:17:41.488967,55.95,0,59.01,0.0,1000.0,0.0,4.199,93.1,99,0,60.0,2026-04-29T16:18:41.488840,4.211
2026-04-29T16:17:42.454516,56.0,0,59.04,0.0,1000.0,0.0,4.199,93.1,99,0,60.0,2026-04-29T16:18:42.454342,4.211
2026-04-29T16:17:42.500469,56.0,0,59.05,0.0,1000.0,0.0,4.199,93.1,99,0,60.0,2026-04-29T16:18:42.500326,4.211
2026-04-29T16:17:42.539081,56.0,0,59.05,0.0,1000.0,0.0,4.199,93.1,99,0,60.0,2026-04-29T16:18:42.538962,4.211
2026-04-29T16:17:43.509361,56.05,0,59.09,0.0,1000.0,0.0,4.199,93.1,99,0,60.0,2026-04-29T16:18:43.509199,4.211
2026-04-29T16:17:43.555113,56.05,0,59.1,0.0,1000.0,0.0,4.199,93.0,99,0,60.0,2026-04-29T16:18:43.554993,4.211
2026-04-29T16:17:43.592483,56.05,0,59.1,0.0,1000.0,0.0,4.199,93.0,99,0,60.0,2026-04-29T16:18:43.592353,4.211
2026-04-29T16:17:44.568240,56.09,0,59.14,0.0,1000.0,0.0,4.199,93.0,99,0,60.0,2026-04-29T16:18:44.568090,4.211
2026-04-29T16:17:44.608726,56.09,0,59.14,0.0,1000.0,0.0,4.199,93.0,99,0,60.0,2026-04-29T16:18:44.608617,4.211
2026-04-29T16:17:44.647093,56.09,0,59.14,0.0,1000.0,0.0,4.199,93.0,99,0,60.0,2026-04-29T16:18:44.646966,4.211
2026-04-29T16:17:45.623666,56.13,0,59.18,0.0,1000.0,0.0,4.199,93.0,99,0,60.0,2026-04-29T16:18:45.623522,4.211
2026-04-29T16:17:45.663672,56.13,0,59.18,0.0,1000.0,0.0,4.199,93.0,99,0,60.0,2026-04-29T16:18:45.663518,4.211
2026-04-29T16:17:46.637095,56.13,0,59.22,0.0,1000.0,0.0,4.199,93.0,99,0,60.0,2026-04-29T16:18:46.636954,4.211
2026-04-29T16:17:46.682477,56.19,0,59.23,0.0,1000.0,0.0,4.199,93.0,99,0,60.0,2026-04-29T16:18:46.682375,4.211
2026-04-29T16:17:46.775808,56.19,0,59.24,0.0,1000.0,0.0,4.199,93.0,99,0,60.0,2026-04-29T16:18:46.775666,4.211
2026-04-29T16:17:47.684764,56.22,0,59.28,0.0,1000.0,0.0,4.199,93.0,99,0,60.0,2026-04-29T16:18:47.684621,4.211
2026-04-29T16:17:47.722617,56.22,0,59.28,0.0,1000.0,0.0,4.199,93.0,99,0,60.0,2026-04-29T16:18:47.722476,4.211
2026-04-29T16:17:47.758913,56.22,0,59.28,0.0,1000.0,0.0,4.199,93.0,99,0,60.0,2026-04-29T16:18:47.758680,4.211
2026-04-29T16:17:48.770602,56.29,0,59.32,0.0,1000.0,0.0,4.199,93.0,99,0,60.0,2026-04-29T16:18:48.770450,4.211
2026-04-29T16:17:48.807096,56.29,0,59.33,0.0,1000.0,0.0,4.199,93.0,99,0,60.0,2026-04-29T16:18:48.806968,4.211
2026-04-29T16:17:48.843319,56.29,0,59.34,0.0,1000.0,0.0,4.199,93.0,99,0,60.0,2026-04-29T16:18:48.843118,4.211
2026-04-29T16:17:49.795587,56.38,0,59.4,0.0,1000.0,0.0,4.199,93.0,99,0,60.0,2026-04-29T16:18:49.795412,4.211
2026-04-29T16:17:49.838190,56.38,0,59.41,0.0,1000.0,0.0,4.199,93.0,99,0,60.0,2026-04-29T16:18:49.838042,4.211
2026-04-29T16:17:49.875713,56.38,0,59.42,0.0,1000.0,0.0,4.199,93.0,99,0,60.0,2026-04-29T16:18:49.875615,4.211
2026-04-29T16:17:50.835925,56.44,0,59.47,0.0,1000.0,0.0,4.199,93.0,99,0,60.0,2026-04-29T16:18:50.835794,4.211
2026-04-29T16:17:50.871871,56.44,0,59.48,0.0,1000.0,0.0,4.199,93.0,99,0,60.0,2026-04-29T16:18:50.871756,4.211
2026-04-29T16:17:51.884067,56.44,0,59.52,0.0,1000.0,0.0,4.199,93.0,99,0,60.0,2026-04-29T16:18:51.883894,4.211
2026-04-29T16:17:51.932156,56.51,0,59.54,0.0,1000.0,0.0,4.199,92.9,99,0,60.0,2026-04-29T16:18:51.932015,4.211
2026-04-29T16:17:51.969242,56.51,0,59.55,0.0,1000.0,0.0,4.199,92.9,99,0,60.0,2026-04-29T16:18:51.969134,4.211
2026-04-29T16:17:52.933929,56.58,0,59.6,0.0,1000.0,0.0,4.199,92.9,99,0,60.0,2026-04-29T16:18:52.933757,4.211
2026-04-29T16:17:52.977739,56.58,0,59.62,0.0,1000.0,0.0,4.199,92.9,99,0,60.0,2026-04-29T16:18:52.977494,4.211
2026-04-29T16:17:53.015709,56.58,0,59.62,0.0,1000.0,0.0,4.199,92.9,99,0,60.0,2026-04-29T16:18:53.015579,4.211
2026-04-29T16:17:53.992335,56.65,0,59.68,0.0,1000.0,0.0,4.199,92.9,99,0,60.0,2026-04-29T16:18:53.992184,4.211
2026-04-29T16:17:54.034750,56.65,0,59.69,0.0,1000.0,0.0,4.199,92.9,99,0,60.0,2026-04-29T16:18:54.034634,4.211
2026-04-29T16:17:54.070598,56.65,0,59.69,0.0,1000.0,0.0,4.199,92.9,99,0,60.0,2026-04-29T16:18:54.070496,4.211
2026-04-29T16:17:55.050360,56.72,0,59.75,0.0,1000.0,0.0,4.199,92.9,99,0,60.0,2026-04-29T16:18:55.050183,4.211
2026-04-29T16:17:55.090335,56.72,0,59.76,0.0,1000.0,0.0,4.199,92.9,99,0,60.0,2026-04-29T16:18:55.090208,4.211
2026-04-29T16:17:55.127802,56.72,0,59.77,0.0,1000.0,0.0,4.199,92.9,99,0,60.0,2026-04-29T16:18:55.127574,4.211
2026-04-29T16:17:56.103011,56.78,0,59.82,0.0,1000.0,0.0,4.199,92.9,99,0,60.0,2026-04-29T16:18:56.102870,4.211
2026-04-29T16:17:56.141240,56.78,0,59.82,0.0,1000.0,0.0,4.199,92.9,99,0,60.0,2026-04-29T16:18:56.141122,4.211
2026-04-29T16:17:57.128833,56.78,0,59.86,0.0,1000.0,0.0,4.199,92.9,99,0,60.0,2026-04-29T16:18:57.128615,4.211
2026-04-29T16:17:57.176058,56.85,0,59.88,0.0,1000.0,0.0,4.199,92.9,99,0,60.0,2026-04-29T16:18:57.175917,4.211
2026-04-29T16:17:57.213961,56.85,0,59.89,0.0,1000.0,0.0,4.199,92.9,99,0,60.0,2026-04-29T16:18:57.213837,4.211
2026-04-29T16:17:58.179875,56.91,0,59.93,0.0,1000.0,0.0,4.199,92.9,99,0,60.0,2026-04-29T16:18:58.179684,4.211
2026-04-29T16:17:58.223264,56.91,0,59.95,0.0,1000.0,0.0,4.199,92.9,99,0,60.0,2026-04-29T16:18:58.223128,4.211
2026-04-29T16:17:58.259428,56.91,0,59.95,0.0,1000.0,0.0,4.199,92.9,99,0,60.0,2026-04-29T16:18:58.259310,4.211
2026-04-29T16:17:59.236163,56.98,0,60.0,0.0,1000.0,0.0,4.199,92.8,99,0,60.0,2026-04-29T16:18:59.235999,4.211
2026-04-29T16:17:59.278570,56.98,0,60.02,0.0,1000.0,0.0,4.199,92.8,99,0,60.0,2026-04-29T16:18:59.278406,4.211
2026-04-29T16:17:59.315827,56.98,0,60.02,0.0,1000.0,0.0,4.199,92.8,99,0,60.0,2026-04-29T16:18:59.315696,4.211
2026-04-29T16:18:00.288175,57.06,0,60.08,0.0,1000.0,0.0,4.199,92.8,99,0,60.0,2026-04-29T16:19:00.287983,4.211
2026-04-29T16:18:00.329318,57.06,0,60.1,0.0,1000.0,0.0,4.199,92.8,99,0,60.0,2026-04-29T16:19:00.329178,4.211
2026-04-29T16:18:00.366487,57.06,0,60.1,0.0,1000.0,0.0,4.199,92.8,99,0,60.0,2026-04-29T16:19:00.366360,4.211
2026-04-29T16:18:01.343644,57.12,0,60.16,0.0,1000.0,0.0,4.199,92.8,99,0,60.0,2026-04-29T16:19:01.343418,4.211
2026-04-29T16:18:01.383583,57.12,0,60.16,0.0,1000.0,0.0,4.199,92.8,99,0,60.0,2026-04-29T16:19:01.383447,4.211
2026-04-29T16:18:02.362222,57.12,0,60.21,0.0,1000.0,0.0,4.199,92.8,99,0,60.0,2026-04-29T16:19:02.362037,4.211
2026-04-29T16:18:02.408153,57.18,0,60.22,0.0,1000.0,0.0,4.199,92.8,99,0,60.0,2026-04-29T16:19:02.408025,4.211
2026-04-29T16:18:02.445015,57.18,0,60.23,0.0,1000.0,0.0,4.199,92.8,99,0,60.0,2026-04-29T16:19:02.444753,4.211
2026-04-29T16:18:03.417847,57.25,0,60.27,0.0,1000.0,0.0,4.199,92.8,99,0,60.0,2026-04-29T16:19:03.417685,4.211
2026-04-29T16:18:03.462011,57.25,0,60.29,0.0,1000.0,0.0,4.199,92.8,99,0,60.0,2026-04-29T16:19:03.461825,4.211
2026-04-29T16:18:03.498529,57.25,0,60.29,0.0,1000.0,0.0,4.199,92.8,99,0,60.0,2026-04-29T16:19:03.498406,4.211
2026-04-29T16:18:04.470987,57.3,0,60.34,0.0,1000.0,0.0,4.199,92.8,99,0,60.0,2026-04-29T16:19:04.470848,4.211
2026-04-29T16:18:04.513328,57.3,0,60.34,0.0,1000.0,0.0,4.199,92.8,99,0,60.0,2026-04-29T16:19:04.513172,4.211
2026-04-29T16:18:04.549390,57.3,0,60.34,0.0,1000.0,0.0,4.199,92.8,99,0,60.0,2026-04-29T16:19:04.549276,4.211
2026-04-29T16:18:05.529649,57.34,0,60.39,0.0,1000.0,0.0,4.199,92.8,99,0,60.0,2026-04-29T16:19:05.529487,4.211
2026-04-29T16:18:05.569787,57.34,0,60.39,0.0,1000.0,0.0,4.199,92.8,99,0,60.0,2026-04-29T16:19:05.569653,4.211
2026-04-29T16:18:05.606235,57.34,0,60.39,0.0,1000.0,0.0,4.199,92.8,99,0,60.0,2026-04-29T16:19:05.606111,4.211
2026-04-29T16:18:06.580582,57.39,0,60.43,0.0,1000.0,0.0,4.199,92.7,99,0,60.0,2026-04-29T16:19:06.580422,4.211
2026-04-29T16:18:06.620630,57.39,0,60.44,0.0,1000.0,0.0,4.199,92.7,99,0,60.0,2026-04-29T16:19:06.620519,4.211
2026-04-29T16:18:07.604505,57.39,0,60.48,0.0,1000.0,0.0,4.199,92.7,99,0,60.0,2026-04-29T16:19:07.604332,4.211
2026-04-29T16:18:07.652025,57.43,0,60.48,0.0,1000.0,0.0,4.199,92.7,99,0,60.0,2026-04-29T16:19:07.651889,4.211
2026-04-29T16:18:07.687998,57.43,0,60.48,0.0,1000.0,0.0,4.199,92.7,99,0,60.0,2026-04-29T16:19:07.687856,4.211
2026-04-29T16:18:08.646395,57.49,0,60.52,0.0,1000.0,0.0,4.199,92.7,99,0,60.0,2026-04-29T16:19:08.646236,4.211
2026-04-29T16:18:08.696766,57.49,0,60.53,0.0,1000.0,0.0,4.199,92.7,99,0,60.0,2026-04-29T16:19:08.689889,4.211
2026-04-29T16:18:08.783778,57.49,0,60.54,0.0,1000.0,0.0,4.199,92.7,99,0,60.0,2026-04-29T16:19:08.783612,4.211
2026-04-29T16:18:09.716262,57.52,0,60.58,0.0,1000.0,0.0,4.199,92.7,99,0,60.0,2026-04-29T16:19:09.716106,4.211
2026-04-29T16:18:09.756084,57.52,0,60.58,0.0,1000.0,0.0,4.199,92.7,99,0,60.0,2026-04-29T16:19:09.755972,4.211
2026-04-29T16:18:09.793401,57.52,0,60.58,0.0,1000.0,0.0,4.199,92.7,99,0,60.0,2026-04-29T16:19:09.793238,4.211
2026-04-29T16:18:10.770217,57.55,0,60.61,0.0,1000.0,0.0,4.199,92.7,99,0,60.0,2026-04-29T16:19:10.770081,4.211
2026-04-29T16:18:10.806547,57.55,0,60.61,0.0,1000.0,0.0,4.199,92.7,99,0,60.0,2026-04-29T16:19:10.806424,4.211
2026-04-29T16:18:10.842259,57.55,0,60.61,0.0,1000.0,0.0,4.199,92.7,99,0,60.0,2026-04-29T16:19:10.842140,4.211
2026-04-29T16:18:11.801501,57.6,0,60.65,0.0,1000.0,0.0,4.199,92.7,99,0,60.0,2026-04-29T16:19:11.801365,4.211
2026-04-29T16:18:11.841849,57.6,0,60.65,0.0,1000.0,0.0,4.199,92.7,99,0,60.0,2026-04-29T16:19:11.841733,4.211
2026-04-29T16:18:12.829041,57.6,0,60.69,0.0,1000.0,0.0,4.199,92.7,99,0,60.0,2026-04-29T16:19:12.828848,4.211
2026-04-29T16:18:12.868417,57.64,0,60.69,0.0,1000.0,0.0,4.199,92.7,99,0,60.0,2026-04-29T16:19:12.868314,4.211
2026-04-29T16:18:12.903973,57.64,0,60.7,0.0,1000.0,0.0,4.199,92.7,99,0,60.0,2026-04-29T16:19:12.903871,4.211
2026-04-29T16:18:13.901115,57.67,0,60.73,0.0,1000.0,0.0,4.199,92.7,99,0,60.0,2026-04-29T16:19:13.900927,4.211
2026-04-29T16:18:13.946157,57.67,0,60.73,0.0,1000.0,0.0,4.199,92.7,99,0,60.0,2026-04-29T16:19:13.945979,4.211
2026-04-29T16:18:13.983852,57.67,0,60.73,0.0,1000.0,0.0,4.199,92.7,99,0,60.0,2026-04-29T16:19:13.983721,4.211
2026-04-29T16:18:14.949280,57.73,0,60.76,0.0,1000.0,0.0,4.199,92.7,99,0,60.0,2026-04-29T16:19:14.949107,4.211
2026-04-29T16:18:14.990733,57.73,0,60.76,0.0,1000.0,0.0,4.199,92.7,99,0,60.0,2026-04-29T16:19:14.990619,4.211
2026-04-29T16:18:15.029124,57.73,0,60.77,0.0,1000.0,0.0,4.199,92.7,99,0,60.0,2026-04-29T16:19:15.028990,4.211
2026-04-29T16:18:16.012138,57.8,0,60.82,0.0,1000.0,0.0,4.199,92.7,99,0,60.0,2026-04-29T16:19:16.011917,4.211
2026-04-29T16:18:16.053109,57.8,0,60.83,0.0,1000.0,0.0,4.199,92.7,99,0,60.0,2026-04-29T16:19:16.053001,4.211
2026-04-29T16:18:16.089730,57.8,0,60.83,0.0,1000.0,0.0,4.199,92.7,99,0,60.0,2026-04-29T16:19:16.089618,4.211
2026-04-29T16:18:17.066303,57.85,0,60.88,0.0,1000.0,0.0,4.199,92.6,99,0,60.0,2026-04-29T16:19:17.066145,4.211
2026-04-29T16:18:17.105643,57.85,0,60.88,0.0,1000.0,0.0,4.199,92.6,99,0,60.0,2026-04-29T16:19:17.105504,4.211
2026-04-29T16:18:18.085716,57.85,0,60.92,0.0,1000.0,0.0,4.199,92.6,99,0,60.0,2026-04-29T16:19:18.085502,4.211
2026-04-29T16:18:18.132543,57.91,0,60.94,0.0,1000.0,0.0,4.199,92.6,99,0,60.0,2026-04-29T16:19:18.132415,4.211
2026-04-29T16:18:18.169284,57.91,0,60.94,0.0,1000.0,0.0,4.199,92.6,99,0,60.0,2026-04-29T16:19:18.169170,4.211
2026-04-29T16:18:19.141710,57.97,0,60.99,0.0,1000.0,0.0,4.199,92.6,99,0,60.0,2026-04-29T16:19:19.141539,4.211
2026-04-29T16:18:19.187966,57.97,0,61.0,0.0,1000.0,0.0,4.199,92.6,99,0,60.0,2026-04-29T16:19:19.187843,4.211
2026-04-29T16:18:19.224256,57.97,0,61.01,0.0,1000.0,0.0,4.199,92.6,99,0,60.0,2026-04-29T16:19:19.224148,4.211
2026-04-29T16:18:20.196139,58.04,0,61.06,0.0,1000.0,0.0,4.199,92.6,99,0,60.0,2026-04-29T16:19:20.195964,4.211
2026-04-29T16:18:20.237668,58.04,0,61.07,0.0,1000.0,0.0,4.199,92.6,99,0,60.0,2026-04-29T16:19:20.237553,4.211
2026-04-29T16:18:20.273167,58.04,0,61.08,0.0,1000.0,0.0,4.199,92.6,99,0,60.0,2026-04-29T16:19:20.273050,4.211
2026-04-29T16:18:21.251348,58.1,0,61.13,0.0,1000.0,0.0,4.199,92.6,99,0,60.0,2026-04-29T16:19:21.251166,4.211
2026-04-29T16:18:21.290893,58.1,0,61.14,0.0,1000.0,0.0,4.199,92.6,99,0,60.0,2026-04-29T16:19:21.290775,4.211
2026-04-29T16:18:21.327106,58.1,0,61.14,0.0,1000.0,0.0,4.199,92.6,99,0,60.0,2026-04-29T16:19:21.326964,4.211
2026-04-29T16:18:22.301493,58.19,0,61.2,0.0,1000.0,0.0,4.199,92.6,99,0,60.0,2026-04-29T16:19:22.301352,4.211
2026-04-29T16:18:22.339682,58.19,0,61.21,0.0,1000.0,0.0,4.199,92.6,99,0,60.0,2026-04-29T16:19:22.339556,4.211
2026-04-29T16:18:23.323433,58.19,0,61.26,0.0,1000.0,0.0,4.199,92.6,99,0,60.0,2026-04-29T16:19:23.323241,4.211
2026-04-29T16:18:23.371439,58.25,0,61.27,0.0,1000.0,0.0,4.199,92.6,99,0,60.0,2026-04-29T16:19:23.371291,4.211
2026-04-29T16:18:23.408232,58.25,0,61.28,0.0,1000.0,0.0,4.199,92.6,99,0,60.0,2026-04-29T16:19:23.408106,4.211
2026-04-29T16:18:24.380570,58.29,0,61.32,0.0,1000.0,0.0,4.199,92.5,99,0,60.0,2026-04-29T16:19:24.380364,4.211
2026-04-29T16:18:24.424064,58.29,0,61.33,0.0,1000.0,0.0,4.199,92.5,99,0,60.0,2026-04-29T16:19:24.423940,4.211
2026-04-29T16:18:24.460288,58.29,0,61.33,0.0,1000.0,0.0,4.199,92.5,99,0,60.0,2026-04-29T16:19:24.460182,4.211
2026-04-29T16:18:25.435183,58.35,0,61.37,0.0,1000.0,0.0,4.199,92.5,99,0,60.0,2026-04-29T16:19:25.435027,4.211
2026-04-29T16:18:25.478062,58.35,0,61.38,0.0,1000.0,0.0,4.199,92.5,99,0,60.0,2026-04-29T16:19:25.477831,4.211
2026-04-29T16:18:25.515112,58.35,0,61.39,0.0,1000.0,0.0,4.199,92.5,99,0,60.0,2026-04-29T16:19:25.514980,4.211
2026-04-29T16:18:26.488610,58.41,0,61.44,0.0,1000.0,0.0,4.199,92.5,99,0,60.0,2026-04-29T16:19:26.488438,4.211
2026-04-29T16:18:26.529132,58.41,0,61.44,0.0,1000.0,0.0,4.199,92.5,99,0,60.0,2026-04-29T16:19:26.528892,4.211
2026-04-29T16:18:26.565655,58.41,0,61.45,0.0,1000.0,0.0,4.199,92.5,99,0,60.0,2026-04-29T16:19:26.565512,4.211
2026-04-29T16:18:27.545428,58.46,0,61.49,0.0,1000.0,0.0,4.199,92.5,99,0,60.0,2026-04-29T16:19:27.545267,4.211
2026-04-29T16:18:27.594498,58.46,0,61.5,0.0,1000.0,0.0,4.199,92.5,99,0,60.0,2026-04-29T16:19:27.594233,4.211
2026-04-29T16:18:28.568520,58.46,0,61.54,0.0,1000.0,0.0,4.199,92.5,99,0,60.0,2026-04-29T16:19:28.568393,4.211
2026-04-29T16:18:28.615901,58.52,0,61.55,0.0,1000.0,0.0,4.199,92.5,99,0,60.0,2026-04-29T16:19:28.615771,4.211
2026-04-29T16:18:28.653297,58.52,0,61.56,0.0,1000.0,0.0,4.199,92.5,99,0,60.0,2026-04-29T16:19:28.653210,4.211
2026-04-29T16:18:29.628529,58.55,0,61.6,0.0,1000.0,0.0,4.199,92.5,99,0,60.0,2026-04-29T16:19:29.628297,4.211
2026-04-29T16:18:29.671817,58.55,0,61.6,0.0,1000.0,0.0,4.199,92.5,99,0,60.0,2026-04-29T16:19:29.671683,4.211
2026-04-29T16:18:29.707859,58.55,0,61.6,0.0,1000.0,0.0,4.199,92.5,99,0,60.0,2026-04-29T16:19:29.707740,4.211
2026-04-29T16:18:30.679663,58.6,0,61.64,0.0,1000.0,0.0,4.199,92.5,99,0,60.0,2026-04-29T16:19:30.678402,4.211
2026-04-29T16:18:30.761235,58.6,0,61.64,0.0,1000.0,0.0,4.199,92.5,99,0,60.0,2026-04-29T16:19:30.737030,4.211
2026-04-29T16:18:30.817708,58.6,0,61.65,0.0,1000.0,0.0,4.199,92.5,99,0,60.0,2026-04-29T16:19:30.817569,4.211
2026-04-29T16:18:31.711000,58.66,0,61.69,0.0,1000.0,0.0,4.199,92.5,99,0,60.0,2026-04-29T16:19:31.710724,4.211
2026-04-29T16:18:31.748354,58.66,0,61.69,0.0,1000.0,0.0,4.199,92.5,99,0,60.0,2026-04-29T16:19:31.748233,4.211
2026-04-29T16:18:31.784752,58.66,0,61.69,0.0,1000.0,0.0,4.199,92.5,99,0,60.0,2026-04-29T16:19:31.784637,4.211
2026-04-29T16:18:32.774997,58.7,0,61.74,0.0,1000.0,0.0,4.199,92.5,99,0,60.0,2026-04-29T16:19:32.774845,4.211
2026-04-29T16:18:32.820654,58.7,0,61.74,0.0,1000.0,0.0,4.199,92.5,99,0,60.0,2026-04-29T16:19:32.820527,4.211
2026-04-29T16:18:33.798754,58.7,0,61.78,0.0,1000.0,0.0,4.199,92.5,99,0,60.0,2026-04-29T16:19:33.798580,4.211
2026-04-29T16:18:33.846928,58.74,0,61.78,0.0,1000.0,0.0,4.199,92.4,99,0,60.0,2026-04-29T16:19:33.846764,4.211
2026-04-29T16:18:33.883660,58.74,0,61.78,0.0,1000.0,0.0,4.199,92.4,99,0,60.0,2026-04-29T16:19:33.883540,4.211
2026-04-29T16:18:34.843755,58.78,0,61.82,0.0,1000.0,0.0,4.199,92.4,99,0,60.0,2026-04-29T16:19:34.843615,4.211
2026-04-29T16:18:34.882973,58.78,0,61.82,0.0,1000.0,0.0,4.199,92.4,99,0,60.0,2026-04-29T16:19:34.882843,4.211
2026-04-29T16:18:34.919353,58.78,0,61.82,0.0,1000.0,0.0,4.199,92.4,99,0,60.0,2026-04-29T16:19:34.919245,4.211
2026-04-29T16:18:35.913112,58.82,0,61.86,0.0,1000.0,0.0,4.199,92.4,99,0,60.0,2026-04-29T16:19:35.912837,4.211
2026-04-29T16:18:35.955610,58.82,0,61.86,0.0,1000.0,0.0,4.199,92.4,99,0,60.0,2026-04-29T16:19:35.955470,4.211
2026-04-29T16:18:35.992340,58.82,0,61.86,0.0,1000.0,0.0,4.199,92.4,99,0,60.0,2026-04-29T16:19:35.992235,4.211
2026-04-29T16:18:36.962613,58.85,0,61.9,0.0,1000.0,0.0,4.199,92.4,99,0,60.0,2026-04-29T16:19:36.962442,4.211
2026-04-29T16:18:37.002922,58.85,0,61.9,0.0,1000.0,0.0,4.199,92.4,99,0,60.0,2026-04-29T16:19:37.002764,4.211
2026-04-29T16:18:37.039200,58.85,0,61.9,0.0,1000.0,0.0,4.199,92.4,99,0,60.0,2026-04-29T16:19:37.039016,4.211
2026-04-29T16:18:38.024161,58.89,0,61.93,0.0,1000.0,0.0,4.199,92.4,99,0,60.0,2026-04-29T16:19:38.024017,4.211
2026-04-29T16:18:38.064252,58.89,0,61.93,0.0,1000.0,0.0,4.199,92.4,99,0,60.0,2026-04-29T16:19:38.064098,4.211
2026-04-29T16:18:39.045099,58.89,0,61.97,0.0,1000.0,0.0,4.199,92.4,99,0,60.0,2026-04-29T16:19:39.044888,4.211
2026-04-29T16:18:39.090599,58.94,0,61.98,0.0,1000.0,0.0,4.199,92.4,99,0,60.0,2026-04-29T16:19:39.090481,4.211
2026-04-29T16:18:39.126811,58.94,0,61.98,0.0,1000.0,0.0,4.199,92.4,99,0,60.0,2026-04-29T16:19:39.126684,4.211
2026-04-29T16:18:40.102394,58.98,0,62.02,0.0,1000.0,0.0,4.199,92.4,99,0,60.0,2026-04-29T16:19:40.102229,4.211
2026-04-29T16:18:40.146839,58.98,0,62.02,0.0,1000.0,0.0,4.199,92.4,99,0,60.0,2026-04-29T16:19:40.146660,4.211
2026-04-29T16:18:40.184089,58.98,0,62.02,0.0,1000.0,0.0,4.199,92.4,99,0,60.0,2026-04-29T16:19:40.183978,4.211
2026-04-29T16:18:41.154510,59.04,0,62.07,0.0,1000.0,0.0,4.199,92.4,99,0,60.0,2026-04-29T16:19:41.154357,4.211
2026-04-29T16:18:41.197025,59.04,0,62.08,0.0,1000.0,0.0,4.199,92.4,99,0,60.0,2026-04-29T16:19:41.196872,4.211
2026-04-29T16:18:41.234253,59.04,0,62.08,0.0,1000.0,0.0,4.199,92.4,99,0,60.0,2026-04-29T16:19:41.234130,4.211
2026-04-29T16:18:42.210449,59.09,0,62.13,0.0,1000.0,0.0,4.199,92.4,99,0,60.0,2026-04-29T16:19:42.210296,4.211
2026-04-29T16:18:42.252213,59.09,0,62.13,0.0,1000.0,0.0,4.199,92.4,99,0,60.0,2026-04-29T16:19:42.252085,4.211
2026-04-29T16:18:42.288610,59.09,0,62.13,0.0,1000.0,0.0,4.199,92.4,99,0,60.0,2026-04-29T16:19:42.288498,4.211
2026-04-29T16:18:43.265328,59.16,0,62.18,0.0,1000.0,0.0,4.199,92.4,99,0,60.0,2026-04-29T16:19:43.265165,4.211
2026-04-29T16:18:43.304189,59.16,0,62.19,0.0,1000.0,0.0,4.199,92.4,99,0,60.0,2026-04-29T16:19:43.304085,4.211
2026-04-29T16:18:44.286547,59.16,0,62.23,0.0,1000.0,0.0,4.199,92.4,99,0,60.0,2026-04-29T16:19:44.286376,4.211
2026-04-29T16:18:44.332711,59.22,0,62.25,0.0,1000.0,0.0,4.199,92.3,99,0,60.0,2026-04-29T16:19:44.332571,4.211
2026-04-29T16:18:44.368601,59.22,0,62.25,0.0,1000.0,0.0,4.199,92.3,99,0,60.0,2026-04-29T16:19:44.368485,4.211
2026-04-29T16:18:45.340444,59.27,0,62.3,0.0,1000.0,0.0,4.199,92.3,99,0,60.0,2026-04-29T16:19:45.340277,4.211
2026-04-29T16:18:45.386404,59.27,0,62.3,0.0,1000.0,0.0,4.199,92.3,99,0,60.0,2026-04-29T16:19:45.386266,4.211
2026-04-29T16:18:45.423406,59.27,0,62.31,0.0,1000.0,0.0,4.199,92.3,99,0,60.0,2026-04-29T16:19:45.423280,4.211
2026-04-29T16:18:46.391131,59.34,0,62.36,0.0,1000.0,0.0,4.199,92.3,99,0,60.0,2026-04-29T16:19:46.390980,4.212
2026-04-29T16:18:46.432903,59.34,0,62.37,0.0,1000.0,0.0,4.199,92.3,99,0,60.0,2026-04-29T16:19:46.432720,4.212
2026-04-29T16:18:46.469714,59.34,0,62.37,0.0,1000.0,0.0,4.199,92.3,99,0,60.0,2026-04-29T16:19:46.469596,4.212
2026-04-29T16:18:47.452283,59.39,0,62.42,0.0,1000.0,0.0,4.199,92.3,99,0,60.0,2026-04-29T16:19:47.452142,4.212
2026-04-29T16:18:47.493073,59.39,0,62.42,0.0,1000.0,0.0,4.199,92.3,99,0,60.0,2026-04-29T16:19:47.492956,4.212
2026-04-29T16:18:47.534080,59.39,0,62.42,0.0,1000.0,0.0,4.199,92.3,99,0,60.0,2026-04-29T16:19:47.533949,4.212
2026-04-29T16:18:48.503785,59.45,0,62.47,0.0,1000.0,0.0,4.199,92.3,99,0,60.0,2026-04-29T16:19:48.503646,4.212
2026-04-29T16:18:48.542457,59.45,0,62.48,0.0,1000.0,0.0,4.199,92.3,99,0,60.0,2026-04-29T16:19:48.542347,4.212
2026-04-29T16:18:49.530449,59.45,0,62.52,0.0,1000.0,0.0,4.199,92.3,99,0,60.0,2026-04-29T16:19:49.530242,4.212
2026-04-29T16:18:49.584551,59.49,0,62.52,0.0,1000.0,0.0,4.199,92.3,99,0,60.0,2026-04-29T16:19:49.584401,4.212
2026-04-29T16:18:49.621525,59.49,0,62.52,0.0,1000.0,0.0,4.199,92.3,99,0,60.0,2026-04-29T16:19:49.621412,4.212
2026-04-29T16:18:50.585766,59.57,0,62.57,0.0,1000.0,0.0,4.199,92.3,99,0,60.0,2026-04-29T16:19:50.585558,4.212
2026-04-29T16:18:50.629777,59.57,0,62.58,0.0,1000.0,0.0,4.199,92.3,99,0,60.0,2026-04-29T16:19:50.629626,4.212
2026-04-29T16:18:50.670313,59.57,0,62.59,0.0,1000.0,0.0,4.199,92.3,99,0,60.0,2026-04-29T16:19:50.670185,4.212
2026-04-29T16:18:51.637450,59.63,0,62.64,0.0,1000.0,0.0,4.199,92.2,99,0,60.0,2026-04-29T16:19:51.637287,4.212
2026-04-29T16:18:51.681804,59.63,0,62.65,0.0,1000.0,0.0,4.199,92.2,99,0,60.0,2026-04-29T16:19:51.681673,4.212
2026-04-29T16:18:51.720457,59.63,0,62.65,0.0,1000.0,0.0,4.199,92.2,99,0,60.0,2026-04-29T16:19:51.720262,4.212
2026-04-29T16:18:52.709665,59.66,0,62.69,0.0,1000.0,0.0,4.199,92.2,99,0,60.0,2026-04-29T16:19:52.691414,4.212
2026-04-29T16:18:52.790214,59.66,0,62.69,0.0,1000.0,0.0,4.199,92.2,99,0,60.0,2026-04-29T16:19:52.789989,4.212
2026-04-29T16:18:52.828097,59.66,0,62.69,0.0,1000.0,0.0,4.199,92.2,99,0,60.0,2026-04-29T16:19:52.827969,4.212
2026-04-29T16:18:53.737275,59.72,0,62.74,0.0,1000.0,0.0,4.199,92.2,99,0,60.0,2026-04-29T16:19:53.737043,4.212
2026-04-29T16:18:53.776605,59.72,0,62.74,0.0,1000.0,0.0,4.199,92.2,99,0,60.0,2026-04-29T16:19:53.776511,4.212
2026-04-29T16:18:54.766566,59.72,0,62.78,0.0,1000.0,0.0,4.199,92.2,99,0,60.0,2026-04-29T16:19:54.766328,4.212
2026-04-29T16:18:54.805244,59.77,0,62.79,0.0,1000.0,0.0,4.199,92.2,99,0,60.0,2026-04-29T16:19:54.805139,4.212
2026-04-29T16:18:54.840428,59.77,0,62.8,0.0,1000.0,0.0,4.199,92.2,99,0,60.0,2026-04-29T16:19:54.840321,4.212
2026-04-29T16:18:55.804593,59.83,0,62.84,0.0,1000.0,0.0,4.199,92.2,99,0,60.0,2026-04-29T16:19:55.804458,4.212
2026-04-29T16:18:55.845606,59.83,0,62.85,0.0,1000.0,0.0,4.199,92.2,99,0,60.0,2026-04-29T16:19:55.845413,4.212
2026-04-29T16:18:55.884089,59.83,0,62.86,0.0,1000.0,0.0,4.199,92.2,99,0,60.0,2026-04-29T16:19:55.883959,4.212
2026-04-29T16:18:56.847712,59.86,0,62.9,0.0,1000.0,0.0,4.199,92.2,99,0,60.0,2026-04-29T16:19:56.847583,4.212
2026-04-29T16:18:56.887290,59.86,0,62.89,0.0,1000.0,0.0,4.199,92.2,99,0,60.0,2026-04-29T16:19:56.887132,4.212
2026-04-29T16:18:56.925921,59.86,0,62.9,0.0,1000.0,0.0,4.199,92.2,99,0,60.0,2026-04-29T16:19:56.925823,4.212
2026-04-29T16:18:57.921388,59.91,0,62.94,0.0,1000.0,0.0,4.199,92.2,99,0,60.0,2026-04-29T16:19:57.921243,4.212
2026-04-29T16:18:57.964065,59.91,0,62.94,0.0,1000.0,0.0,4.199,92.2,99,0,60.0,2026-04-29T16:19:57.963811,4.212
2026-04-29T16:18:58.001913,59.91,0,62.94,0.0,1000.0,0.0,4.199,92.2,99,0,60.0,2026-04-29T16:19:58.001750,4.212
2026-04-29T16:18:58.971026,59.97,0,62.99,0.0,1000.0,0.0,4.199,92.2,99,0,60.0,2026-04-29T16:19:58.970876,4.212
2026-04-29T16:18:59.012726,59.97,0,63.0,0.0,1000.0,0.0,4.199,92.2,99,0,60.0,2026-04-29T16:19:59.012567,4.212
2026-04-29T16:19:00.005670,59.97,0,63.04,0.0,1000.0,0.0,4.199,92.2,99,0,60.0,2026-04-29T16:20:00.005455,4.212
2026-04-29T16:19:00.053420,60.02,0,63.05,0.0,1000.0,0.0,4.199,92.2,99,0,60.0,2026-04-29T16:20:00.053288,4.212
2026-04-29T16:19:00.090507,60.02,0,63.05,0.0,1000.0,0.0,4.199,92.2,99,0,60.0,2026-04-29T16:20:00.090378,4.212
2026-04-29T16:19:01.055415,60.08,0,63.09,0.0,1000.0,0.0,4.199,92.1,99,0,60.0,2026-04-29T16:20:01.055244,4.212
2026-04-29T16:19:01.100991,60.08,0,63.1,0.0,1000.0,0.0,4.199,92.1,99,0,60.0,2026-04-29T16:20:01.100839,4.212
2026-04-29T16:19:01.137396,60.08,0,63.1,0.0,1000.0,0.0,4.199,92.1,99,0,60.0,2026-04-29T16:20:01.137269,4.212
2026-04-29T16:19:02.116024,60.13,0,63.15,0.0,1000.0,0.0,4.199,92.1,99,0,60.0,2026-04-29T16:20:02.115864,4.212
2026-04-29T16:19:02.159432,60.13,0,63.15,0.0,1000.0,0.0,4.199,92.1,99,0,60.0,2026-04-29T16:20:02.159314,4.212
2026-04-29T16:19:02.196227,60.13,0,63.16,0.0,1000.0,0.0,4.199,92.1,99,0,60.0,2026-04-29T16:20:02.196079,4.212
2026-04-29T16:19:03.173790,60.17,0,63.2,0.0,1000.0,0.0,4.199,92.1,99,0,60.0,2026-04-29T16:20:03.173623,4.212
2026-04-29T16:19:03.214848,60.17,0,63.2,0.0,1000.0,0.0,4.199,92.1,99,0,60.0,2026-04-29T16:20:03.214707,4.212
2026-04-29T16:19:03.251903,60.17,0,63.2,0.0,1000.0,0.0,4.199,92.1,99,0,60.0,2026-04-29T16:20:03.251791,4.212
2026-04-29T16:19:04.205155,60.23,0,63.25,0.0,1000.0,0.0,4.199,92.1,99,0,60.0,2026-04-29T16:20:04.205028,4.212
2026-04-29T16:19:04.247176,60.23,0,63.25,0.0,1000.0,0.0,4.199,92.1,99,0,60.0,2026-04-29T16:20:04.246963,4.212
2026-04-29T16:19:05.234390,60.23,0,63.3,0.0,1000.0,0.0,4.199,92.1,99,0,60.0,2026-04-29T16:20:05.234200,4.212
2026-04-29T16:19:05.272999,60.26,0,63.29,0.0,1000.0,0.0,4.199,92.1,99,0,60.0,2026-04-29T16:20:05.272900,4.212
2026-04-29T16:19:05.309662,60.26,0,63.29,0.0,1000.0,0.0,4.199,92.1,99,0,60.0,2026-04-29T16:20:05.309561,4.212
2026-04-29T16:19:06.278274,60.29,0,63.33,0.0,1000.0,0.0,4.199,92.1,99,0,60.0,2026-04-29T16:20:06.278173,4.212
2026-04-29T16:19:06.321068,60.29,0,63.33,0.0,1000.0,0.0,4.199,92.1,99,0,60.0,2026-04-29T16:20:06.320853,4.212
2026-04-29T16:19:06.360158,60.29,0,63.33,0.0,1000.0,0.0,4.199,92.1,99,0,60.0,2026-04-29T16:20:06.360070,4.212
2026-04-29T16:19:07.332505,60.36,0,63.37,0.0,1000.0,0.0,4.199,92.1,99,0,60.0,2026-04-29T16:20:07.332396,4.212
2026-04-29T16:19:07.435966,60.36,0,63.38,0.0,1000.0,0.0,4.199,92.1,99,0,60.0,2026-04-29T16:20:07.435618,4.212
2026-04-29T16:19:07.490987,60.36,0,63.39,0.0,1000.0,0.0,4.199,92.1,99,0,60.0,2026-04-29T16:20:07.490858,4.212
2026-04-29T16:19:08.398911,60.39,0,63.43,0.0,1000.0,0.0,4.199,92.1,99,0,60.0,2026-04-29T16:20:08.398781,4.212
2026-04-29T16:19:08.435236,60.39,0,63.43,0.0,1000.0,0.0,4.199,92.1,99,0,60.0,2026-04-29T16:20:08.435129,4.212
2026-04-29T16:19:08.469725,60.39,0,63.43,0.0,1000.0,0.0,4.199,92.1,99,0,60.0,2026-04-29T16:20:08.469639,4.212
2026-04-29T16:19:09.447555,60.43,0,63.46,0.0,1000.0,0.0,4.199,92.1,99,0,60.0,2026-04-29T16:20:09.447432,4.212
2026-04-29T16:19:09.492088,60.43,0,63.47,0.0,1000.0,0.0,4.199,92.1,99,0,60.0,2026-04-29T16:20:09.491924,4.212
2026-04-29T16:19:10.476678,60.43,0,63.5,0.0,1000.0,0.0,4.199,92.1,99,0,60.0,2026-04-29T16:20:10.476488,4.212
2026-04-29T16:19:10.520626,60.5,0,63.52,0.0,1000.0,0.0,4.199,92.1,99,0,60.0,2026-04-29T16:20:10.520516,4.212
2026-04-29T16:19:10.554515,60.5,0,63.52,0.0,1000.0,0.0,4.199,92.1,99,0,60.0,2026-04-29T16:20:10.554432,4.212
2026-04-29T16:19:11.593723,60.54,0,63.56,0.0,1000.0,0.0,4.199,92.0,99,0,60.0,2026-04-29T16:20:11.593159,4.212
2026-04-29T16:19:11.640214,60.54,0,63.57,0.0,1000.0,0.0,4.199,92.0,99,0,60.0,2026-04-29T16:20:11.640084,4.212
2026-04-29T16:19:11.682583,60.54,0,63.57,0.0,1000.0,0.0,4.199,92.0,99,0,60.0,2026-04-29T16:20:11.682449,4.212
2026-04-29T16:19:12.596352,60.6,0,63.61,0.0,1000.0,0.0,4.199,92.0,99,0,60.0,2026-04-29T16:20:12.596095,4.212
2026-04-29T16:19:12.639431,60.6,0,63.62,0.0,1000.0,0.0,4.199,92.0,99,0,60.0,2026-04-29T16:20:12.639288,4.212
2026-04-29T16:19:12.710632,60.6,0,63.62,0.0,1000.0,0.0,4.199,92.0,99,0,60.0,2026-04-29T16:20:12.698865,4.212
2026-04-29T16:19:13.643036,60.66,0,63.67,0.0,1000.0,0.0,4.199,92.0,99,0,60.0,2026-04-29T16:20:13.642901,4.212
2026-04-29T16:19:13.695428,60.66,0,63.68,0.0,1000.0,0.0,4.199,92.0,99,0,60.0,2026-04-29T16:20:13.695229,4.212
2026-04-29T16:19:13.734509,60.66,0,63.69,0.0,1000.0,0.0,4.199,92.0,99,0,60.0,2026-04-29T16:20:13.734392,4.212
2026-04-29T16:19:14.725817,60.71,0,63.73,0.0,1000.0,0.0,4.199,92.0,99,0,60.0,2026-04-29T16:20:14.708927,4.212
2026-04-29T16:19:14.800755,60.71,0,63.74,0.0,1000.0,0.0,4.199,92.0,99,0,60.0,2026-04-29T16:20:14.800677,4.212
2026-04-29T16:19:15.734311,60.71,0,63.78,0.0,1000.0,0.0,4.199,92.0,99,0,60.0,2026-04-29T16:20:15.734003,4.212
2026-04-29T16:19:15.778216,60.76,0,63.79,0.0,1000.0,0.0,4.199,92.0,99,0,60.0,2026-04-29T16:20:15.778106,4.212
2026-04-29T16:19:15.812390,60.76,0,63.79,0.0,1000.0,0.0,4.199,92.0,99,0,60.0,2026-04-29T16:20:15.812313,4.212
2026-04-29T16:19:16.790904,60.81,0,63.83,0.0,1000.0,0.0,4.199,92.0,99,0,60.0,2026-04-29T16:20:16.790752,4.212
2026-04-29T16:19:16.831023,60.81,0,63.84,0.0,1000.0,0.0,4.199,92.0,99,0,60.0,2026-04-29T16:20:16.830883,4.212
2026-04-29T16:19:16.872714,60.81,0,63.84,0.0,1000.0,0.0,4.199,92.0,99,0,60.0,2026-04-29T16:20:16.872504,4.212
2026-04-29T16:19:17.819772,60.87,0,63.89,0.0,1000.0,0.0,4.199,92.0,99,0,60.0,2026-04-29T16:20:17.819393,4.212
2026-04-29T16:19:17.858700,60.87,0,63.89,0.0,1000.0,0.0,4.199,92.0,99,0,60.0,2026-04-29T16:20:17.858600,4.212
2026-04-29T16:19:17.895126,60.87,0,63.9,0.0,1000.0,0.0,4.199,92.0,99,0,60.0,2026-04-29T16:20:17.894994,4.212
2026-04-29T16:19:18.865024,60.93,0,63.95,0.0,1000.0,0.0,4.199,92.0,99,0,60.0,2026-04-29T16:20:18.864883,4.212
2026-04-29T16:19:18.903056,60.93,0,63.96,0.0,1000.0,0.0,4.199,92.0,99,0,60.0,2026-04-29T16:20:18.902950,4.212
2026-04-29T16:19:18.940509,60.93,0,63.96,0.0,1000.0,0.0,4.199,92.0,99,0,60.0,2026-04-29T16:20:18.940394,4.212
2026-04-29T16:19:19.947264,60.99,0,64.01,0.0,1000.0,0.0,4.199,91.9,99,0,60.0,2026-04-29T16:20:19.947064,4.212
2026-04-29T16:19:19.987254,60.99,0,64.01,0.0,1000.0,0.0,4.199,91.9,99,0,60.0,2026-04-29T16:20:19.987133,4.212
2026-04-29T16:19:20.967278,60.99,0,64.05,0.0,1000.0,0.0,4.199,91.9,99,0,60.0,2026-04-29T16:20:20.967115,4.212
2026-04-29T16:19:21.015305,61.03,0,64.06,0.0,1000.0,0.0,4.199,91.9,99,0,60.0,2026-04-29T16:20:21.015168,4.212
2026-04-29T16:19:21.053125,61.03,0,64.06,0.0,1000.0,0.0,4.199,91.9,99,0,60.0,2026-04-29T16:20:21.053008,4.212
2026-04-29T16:19:22.010141,61.09,0,64.1,0.0,1000.0,0.0,4.199,91.9,99,0,60.0,2026-04-29T16:20:22.009977,4.212
2026-04-29T16:19:22.050695,61.09,0,64.11,0.0,1000.0,0.0,4.199,91.9,99,0,60.0,2026-04-29T16:20:22.050532,4.212
2026-04-29T16:19:22.086675,61.09,0,64.11,0.0,1000.0,0.0,4.199,91.9,99,0,60.0,2026-04-29T16:20:22.086515,4.212
2026-04-29T16:19:23.080972,61.13,0,64.15,0.0,1000.0,0.0,4.199,91.9,99,0,60.0,2026-04-29T16:20:23.080774,4.212
2026-04-29T16:19:23.123247,61.13,0,64.15,0.0,1000.0,0.0,4.199,91.9,99,0,60.0,2026-04-29T16:20:23.123103,4.212
2026-04-29T16:19:23.160135,61.13,0,64.15,0.0,1000.0,0.0,4.199,91.9,99,0,60.0,2026-04-29T16:20:23.160012,4.212
2026-04-29T16:19:24.133657,61.19,0,64.2,0.0,1000.0,0.0,4.199,91.9,99,0,60.0,2026-04-29T16:20:24.133496,4.212
2026-04-29T16:19:24.174651,61.19,0,64.2,0.0,1000.0,0.0,4.199,91.9,99,0,60.0,2026-04-29T16:20:24.174538,4.212
2026-04-29T16:19:24.211253,61.19,0,64.21,0.0,1000.0,0.0,4.199,91.9,99,0,60.0,2026-04-29T16:20:24.211144,4.212
2026-04-29T16:19:25.191601,61.25,0,64.26,0.0,1000.0,0.0,4.199,91.9,99,0,60.0,2026-04-29T16:20:25.191455,4.212
2026-04-29T16:19:25.238266,61.25,0,64.27,0.0,1000.0,0.0,4.199,91.9,99,0,60.0,2026-04-29T16:20:25.238130,4.212
2026-04-29T16:19:26.217719,61.25,0,64.31,0.0,1000.0,0.0,4.199,91.9,99,0,60.0,2026-04-29T16:20:26.217362,4.212
2026-04-29T16:19:26.269131,61.33,0,64.33,0.0,1000.0,0.0,4.199,91.9,99,0,60.0,2026-04-29T16:20:26.268951,4.212
2026-04-29T16:19:26.302924,61.33,0,64.34,0.0,1000.0,0.0,4.199,91.9,99,0,60.0,2026-04-29T16:20:26.302852,4.212
2026-04-29T16:19:27.251268,61.39,0,64.39,0.0,1000.0,0.0,4.199,91.9,99,0,60.0,2026-04-29T16:20:27.251131,4.212
2026-04-29T16:19:27.287577,61.39,0,64.4,0.0,1000.0,0.0,4.199,91.9,99,0,60.0,2026-04-29T16:20:27.287469,4.212
2026-04-29T16:19:27.323340,61.39,0,64.41,0.0,1000.0,0.0,4.199,91.9,99,0,60.0,2026-04-29T16:20:27.323237,4.212
2026-04-29T16:19:28.318285,61.48,0,64.46,0.0,1000.0,0.0,4.199,91.9,99,0,60.0,2026-04-29T16:20:28.318168,4.212
2026-04-29T16:19:28.355856,61.48,0,64.48,0.0,1000.0,0.0,4.199,91.8,99,0,60.0,2026-04-29T16:20:28.355783,4.212
2026-04-29T16:19:28.389223,61.48,0,64.49,0.0,1000.0,0.0,4.199,91.8,99,0,60.0,2026-04-29T16:20:28.389162,4.212
2026-04-29T16:19:29.371580,61.55,0,64.54,0.0,1000.0,0.0,4.199,91.8,99,0,60.0,2026-04-29T16:20:29.371468,4.212
2026-04-29T16:19:29.411116,61.55,0,64.55,0.0,1000.0,0.0,4.199,91.8,99,0,60.0,2026-04-29T16:20:29.411026,4.212
2026-04-29T16:19:29.448455,61.55,0,64.56,0.0,1000.0,0.0,4.199,91.8,99,0,60.0,2026-04-29T16:20:29.448365,4.212
2026-04-29T16:19:30.419908,61.62,0,64.62,0.0,1000.0,0.0,4.199,91.8,99,0,60.0,2026-04-29T16:20:30.419773,4.212
2026-04-29T16:19:30.459325,61.62,0,64.63,0.0,1000.0,0.0,4.199,91.8,99,0,60.0,2026-04-29T16:20:30.459209,4.212
2026-04-29T16:19:31.452586,61.62,0,64.67,0.0,1000.0,0.0,4.199,91.8,99,0,60.0,2026-04-29T16:20:31.452347,4.212
2026-04-29T16:19:31.501089,61.68,0,64.69,0.0,1000.0,0.0,4.199,91.8,99,0,60.0,2026-04-29T16:20:31.500978,4.212
2026-04-29T16:19:31.538292,61.68,0,64.69,0.0,1000.0,0.0,4.199,91.8,99,0,60.0,2026-04-29T16:20:31.538192,4.212
2026-04-29T16:19:32.504222,61.74,0,64.74,0.0,1000.0,0.0,4.199,91.8,99,0,60.0,2026-04-29T16:20:32.504060,4.212
2026-04-29T16:19:32.550203,61.74,0,64.75,0.0,1000.0,0.0,4.199,91.8,99,0,60.0,2026-04-29T16:20:32.550077,4.212
2026-04-29T16:19:32.588413,61.74,0,64.76,0.0,1000.0,0.0,4.199,91.8,99,0,60.0,2026-04-29T16:20:32.588304,4.212
2026-04-29T16:19:33.564158,61.78,0,64.8,0.0,1000.0,0.0,4.199,91.8,99,0,60.0,2026-04-29T16:20:33.564000,4.212
2026-04-29T16:19:33.607653,61.78,0,64.8,0.0,1000.0,0.0,4.199,91.8,99,0,60.0,2026-04-29T16:20:33.607534,4.212
2026-04-29T16:19:33.646576,61.78,0,64.8,0.0,1000.0,0.0,4.199,91.8,99,0,60.0,2026-04-29T16:20:33.646453,4.212
2026-04-29T16:19:34.616235,61.86,0,64.86,0.0,1000.0,0.0,4.199,91.7,99,0,60.0,2026-04-29T16:20:34.616073,4.212
2026-04-29T16:19:34.656817,61.86,0,64.87,0.0,1000.0,0.0,4.199,91.7,99,0,60.0,2026-04-29T16:20:34.656600,4.212
2026-04-29T16:19:34.753683,61.86,0,64.88,0.0,1000.0,0.0,4.199,91.7,99,0,60.0,2026-04-29T16:20:34.753561,4.212
2026-04-29T16:19:35.675772,61.92,0,64.93,0.0,1000.0,0.0,4.199,91.7,99,0,60.0,2026-04-29T16:20:35.675625,4.212
2026-04-29T16:19:35.718334,61.92,0,64.93,0.0,1000.0,0.0,4.199,91.7,99,0,60.0,2026-04-29T16:20:35.718183,4.212
2026-04-29T16:19:36.694596,61.92,0,64.97,0.0,1000.0,0.0,4.199,91.7,99,0,60.0,2026-04-29T16:20:36.694394,4.212
2026-04-29T16:19:36.797181,61.98,0,64.99,0.0,1000.0,0.0,4.199,91.7,99,0,60.0,2026-04-29T16:20:36.797038,4.212
2026-04-29T16:19:36.834002,61.98,0,64.99,0.0,1000.0,0.0,4.199,91.7,99,0,60.0,2026-04-29T16:20:36.833890,4.212
2026-04-29T16:19:37.742896,62.03,0,65.03,0.0,1000.0,0.0,4.199,91.7,99,0,60.0,2026-04-29T16:20:37.742732,4.212
2026-04-29T16:19:37.785780,62.03,0,65.04,0.0,1000.0,0.0,4.199,91.7,99,0,60.0,2026-04-29T16:20:37.785661,4.212
2026-04-29T16:19:37.821963,62.03,0,65.05,0.0,1000.0,0.0,4.199,91.7,99,0,60.0,2026-04-29T16:20:37.821865,4.212
2026-04-29T16:19:38.779332,62.08,0,65.09,0.0,1000.0,0.0,4.199,91.7,99,0,60.0,2026-04-29T16:20:38.779210,4.212
2026-04-29T16:19:38.816105,62.08,0,65.09,0.0,1000.0,0.0,4.199,91.7,99,0,60.0,2026-04-29T16:20:38.815985,4.212
2026-04-29T16:19:38.851522,62.08,0,65.1,0.0,1000.0,0.0,4.199,91.7,99,0,60.0,2026-04-29T16:20:38.851440,4.212
2026-04-29T16:19:39.858528,62.16,0,65.15,0.0,1000.0,0.0,4.199,91.7,99,0,60.0,2026-04-29T16:20:39.858376,4.212
2026-04-29T16:19:39.900196,62.16,0,65.17,0.0,1000.0,0.0,4.199,91.7,99,0,60.0,2026-04-29T16:20:39.900062,4.212
2026-04-29T16:19:39.937509,62.16,0,65.17,0.0,1000.0,0.0,4.199,91.7,99,0,60.0,2026-04-29T16:20:39.937390,4.212
2026-04-29T16:19:40.885239,62.2,0,65.22,0.0,1000.0,0.0,4.199,91.7,99,0,60.0,2026-04-29T16:20:40.885115,4.212
2026-04-29T16:19:40.933140,62.2,0,65.22,0.0,1000.0,0.0,4.199,91.7,99,0,60.0,2026-04-29T16:20:40.932956,4.212
2026-04-29T16:19:41.933523,62.2,0,65.26,0.0,1000.0,0.0,4.199,91.7,99,0,60.0,2026-04-29T16:20:41.932922,4.212
2026-04-29T16:19:41.976413,62.24,0,65.26,0.0,1000.0,0.0,4.199,91.7,99,0,60.0,2026-04-29T16:20:41.976284,4.212
2026-04-29T16:19:42.021122,62.24,0,65.26,0.0,1000.0,0.0,4.199,91.7,99,0,60.0,2026-04-29T16:20:42.021001,4.212
2026-04-29T16:19:42.995683,62.31,0,65.31,0.0,1000.0,0.0,4.199,91.6,99,0,60.0,2026-04-29T16:20:42.995516,4.212
2026-04-29T16:19:43.036351,62.31,0,65.32,0.0,1000.0,0.0,4.199,91.6,99,0,60.0,2026-04-29T16:20:43.036271,4.212
2026-04-29T16:19:43.070246,62.31,0,65.33,0.0,1000.0,0.0,4.199,91.6,99,0,60.0,2026-04-29T16:20:43.070185,4.212
2026-04-29T16:19:44.048557,62.36,0,65.37,0.0,1000.0,0.0,4.199,91.6,99,0,60.0,2026-04-29T16:20:44.048435,4.212
2026-04-29T16:19:44.087621,62.36,0,65.37,0.0,1000.0,0.0,4.199,91.6,99,0,60.0,2026-04-29T16:20:44.087550,4.212
2026-04-29T16:19:44.120849,62.36,0,65.38,0.0,1000.0,0.0,4.199,91.6,99,0,60.0,2026-04-29T16:20:44.120795,4.212
2026-04-29T16:19:45.095106,62.42,0,65.42,0.0,1000.0,0.0,4.199,91.6,99,0,60.0,2026-04-29T16:20:45.095004,4.212
2026-04-29T16:19:45.131504,62.42,0,65.43,0.0,1000.0,0.0,4.199,91.6,99,0,60.0,2026-04-29T16:20:45.131435,4.212
2026-04-29T16:19:45.165208,62.42,0,65.43,0.0,1000.0,0.0,4.199,91.6,99,0,60.0,2026-04-29T16:20:45.165141,4.212
2026-04-29T16:19:46.153389,62.49,0,65.49,0.0,1000.0,0.0,4.199,91.6,99,0,60.0,2026-04-29T16:20:46.153249,4.212
2026-04-29T16:19:46.190004,62.49,0,65.5,0.0,1000.0,0.0,4.199,91.6,99,0,60.0,2026-04-29T16:20:46.189932,4.212
2026-04-29T16:19:47.179132,62.49,0,65.54,0.0,1000.0,0.0,4.199,91.6,99,0,60.0,2026-04-29T16:20:47.178927,4.212
2026-04-29T16:19:47.222483,62.54,0,65.55,0.0,1000.0,0.0,4.199,91.6,99,0,60.0,2026-04-29T16:20:47.222399,4.212
2026-04-29T16:19:47.256526,62.54,0,65.56,0.0,1000.0,0.0,4.199,91.6,99,0,60.0,2026-04-29T16:20:47.256462,4.212
2026-04-29T16:19:48.233241,62.58,0,65.6,0.0,1000.0,0.0,4.199,91.6,99,0,60.0,2026-04-29T16:20:48.233115,4.212
2026-04-29T16:19:48.272730,62.58,0,65.6,0.0,1000.0,0.0,4.199,91.6,99,0,60.0,2026-04-29T16:20:48.272655,4.212
2026-04-29T16:19:48.306547,62.58,0,65.6,0.0,1000.0,0.0,4.199,91.6,99,0,60.0,2026-04-29T16:20:48.306476,4.212
2026-04-29T16:19:49.277248,62.64,0,65.65,0.0,1000.0,0.0,4.199,91.6,99,0,60.0,2026-04-29T16:20:49.277072,4.212
2026-04-29T16:19:49.316511,62.64,0,65.65,0.0,1000.0,0.0,4.199,91.6,99,0,60.0,2026-04-29T16:20:49.316412,4.212
2026-04-29T16:19:49.350395,62.64,0,65.66,0.0,1000.0,0.0,4.199,91.6,99,0,60.0,2026-04-29T16:20:49.350335,4.212
2026-04-29T16:19:50.341283,62.68,0,65.7,0.0,1000.0,0.0,4.199,91.6,99,0,60.0,2026-04-29T16:20:50.341140,4.212
2026-04-29T16:19:50.378151,62.68,0,65.7,0.0,1000.0,0.0,4.199,91.6,99,0,60.0,2026-04-29T16:20:50.378078,4.212
2026-04-29T16:19:50.411396,62.68,0,65.7,0.0,1000.0,0.0,4.199,91.6,99,0,60.0,2026-04-29T16:20:50.411333,4.212
2026-04-29T16:19:51.401148,62.73,0,65.75,0.0,1000.0,0.0,4.199,91.6,99,0,60.0,2026-04-29T16:20:51.401031,4.212
2026-04-29T16:19:51.438959,62.73,0,65.75,0.0,1000.0,0.0,4.199,91.6,99,0,60.0,2026-04-29T16:20:51.438871,4.212
2026-04-29T16:19:52.423410,62.73,0,65.79,0.0,1000.0,0.0,4.199,91.6,99,0,60.0,2026-04-29T16:20:52.423244,4.212
2026-04-29T16:19:52.466096,62.78,0,65.8,0.0,1000.0,0.0,4.199,91.5,99,0,60.0,2026-04-29T16:20:52.465998,4.212
2026-04-29T16:19:52.500445,62.78,0,65.8,0.0,1000.0,0.0,4.199,91.5,99,0,60.0,2026-04-29T16:20:52.500340,4.212
2026-04-29T16:19:53.465358,62.83,0,65.83,0.0,1000.0,0.0,4.199,91.5,99,0,60.0,2026-04-29T16:20:53.465239,4.212
2026-04-29T16:19:53.502475,62.83,0,65.84,0.0,1000.0,0.0,4.199,91.5,99,0,60.0,2026-04-29T16:20:53.502372,4.212
2026-04-29T16:19:53.553272,62.83,0,65.84,0.0,1000.0,0.0,4.199,91.5,99,0,60.0,2026-04-29T16:20:53.546888,4.212
2026-04-29T16:19:54.531865,62.87,0,65.88,0.0,1000.0,0.0,4.199,91.5,99,0,60.0,2026-04-29T16:20:54.531719,4.212
2026-04-29T16:19:54.570276,62.87,0,65.88,0.0,1000.0,0.0,4.199,91.5,99,0,60.0,2026-04-29T16:20:54.570200,4.212
2026-04-29T16:19:54.604216,62.87,0,65.88,0.0,1000.0,0.0,4.199,91.5,99,0,60.0,2026-04-29T16:20:54.604149,4.212
2026-04-29T16:19:55.592172,62.9,0,65.91,0.0,1000.0,0.0,4.199,91.5,99,0,60.0,2026-04-29T16:20:55.592022,4.212
2026-04-29T16:19:55.639901,62.9,0,65.91,0.0,1000.0,0.0,4.199,91.5,99,0,60.0,2026-04-29T16:20:55.639781,4.212
2026-04-29T16:19:55.677014,62.9,0,65.91,0.0,1000.0,0.0,4.199,91.5,99,0,60.0,2026-04-29T16:20:55.676897,4.212
2026-04-29T16:19:56.645468,62.95,0,65.95,0.0,1000.0,0.0,4.199,91.5,99,0,60.0,2026-04-29T16:20:56.645184,4.212
2026-04-29T16:19:56.744211,62.95,0,65.96,0.0,1000.0,0.0,4.199,91.5,99,0,60.0,2026-04-29T16:20:56.736308,4.212
2026-04-29T16:19:57.665509,62.95,0,65.99,0.0,1000.0,0.0,4.199,91.5,99,0,60.0,2026-04-29T16:20:57.665277,4.212
2026-04-29T16:19:57.708011,63.01,0,66.01,0.0,1000.0,0.0,4.199,91.5,99,0,60.0,2026-04-29T16:20:57.707911,4.212
2026-04-29T16:19:57.742017,63.01,0,66.01,0.0,1000.0,0.0,4.199,91.5,99,0,60.0,2026-04-29T16:20:57.741921,4.212
2026-04-29T16:19:58.698668,63.05,0,66.05,0.0,1000.0,0.0,4.199,91.5,99,0,60.0,2026-04-29T16:20:58.698534,4.212
2026-04-29T16:19:58.735249,63.05,0,66.06,0.0,1000.0,0.0,4.199,91.5,99,0,60.0,2026-04-29T16:20:58.735147,4.212
2026-04-29T16:19:58.769214,63.05,0,66.06,0.0,1000.0,0.0,4.199,91.5,99,0,60.0,2026-04-29T16:20:58.769135,4.212
2026-04-29T16:19:59.761627,63.08,0,66.1,0.0,1000.0,0.0,4.199,91.5,99,0,60.0,2026-04-29T16:20:59.761476,4.212
2026-04-29T16:19:59.799632,63.08,0,66.1,0.0,1000.0,0.0,4.199,91.5,99,0,60.0,2026-04-29T16:20:59.799541,4.212
2026-04-29T16:19:59.833910,63.08,0,66.1,0.0,1000.0,0.0,4.199,91.5,99,0,60.0,2026-04-29T16:20:59.833816,4.212
2026-04-29T16:20:00.827008,63.12,0,66.13,0.0,1000.0,0.0,4.199,91.5,99,0,60.0,2026-04-29T16:21:00.826879,4.212
2026-04-29T16:20:00.866007,63.12,0,66.13,0.0,1000.0,0.0,4.199,91.5,99,0,60.0,2026-04-29T16:21:00.865899,4.212
2026-04-29T16:20:00.900380,63.12,0,66.13,0.0,1000.0,0.0,4.199,91.5,99,0,60.0,2026-04-29T16:21:00.900294,4.212
2026-04-29T16:20:01.874420,63.17,0,66.18,0.0,1000.0,0.0,4.199,91.5,99,0,60.0,2026-04-29T16:21:01.874263,4.212
2026-04-29T16:20:01.910027,63.17,0,66.18,0.0,1000.0,0.0,4.199,91.5,99,0,60.0,2026-04-29T16:21:01.909941,4.212
2026-04-29T16:20:02.883316,63.17,0,66.22,0.0,1000.0,0.0,4.199,91.5,99,0,60.0,2026-04-29T16:21:02.883127,4.212
2026-04-29T16:20:02.924554,63.2,0,66.22,0.0,1000.0,0.0,4.199,91.4,99,0,60.0,2026-04-29T16:21:02.924419,4.212
2026-04-29T16:20:02.964130,63.2,0,66.22,0.0,1000.0,0.0,4.199,91.4,99,0,60.0,2026-04-29T16:21:02.963983,4.212
2026-04-29T16:20:03.951064,63.26,0,66.26,0.0,1000.0,0.0,4.199,91.4,99,0,60.0,2026-04-29T16:21:03.950931,4.212
2026-04-29T16:20:03.995882,63.26,0,66.27,0.0,1000.0,0.0,4.199,91.4,99,0,60.0,2026-04-29T16:21:03.995771,4.212
2026-04-29T16:20:04.034250,63.26,0,66.27,0.0,1000.0,0.0,4.199,91.4,99,0,60.0,2026-04-29T16:21:04.034102,4.212
2026-04-29T16:20:05.014249,63.3,0,66.31,0.0,1000.0,0.0,4.199,91.4,99,0,60.0,2026-04-29T16:21:05.014134,4.212
2026-04-29T16:20:05.052813,63.3,0,66.31,0.0,1000.0,0.0,4.199,91.4,99,0,60.0,2026-04-29T16:21:05.052750,4.212
2026-04-29T16:20:05.086297,63.3,0,66.31,0.0,1000.0,0.0,4.199,91.4,99,0,60.0,2026-04-29T16:21:05.086238,4.212
2026-04-29T16:20:06.064348,63.36,0,66.36,0.0,1000.0,0.0,4.199,91.4,99,0,60.0,2026-04-29T16:21:06.064201,4.212
2026-04-29T16:20:06.101201,63.36,0,66.36,0.0,1000.0,0.0,4.199,91.4,99,0,60.0,2026-04-29T16:21:06.101127,4.212
2026-04-29T16:20:06.134780,63.36,0,66.36,0.0,1000.0,0.0,4.199,91.4,99,0,60.0,2026-04-29T16:21:06.134716,4.212
2026-04-29T16:20:07.123152,63.41,0,66.41,0.0,1000.0,0.0,4.199,91.4,99,0,60.0,2026-04-29T16:21:07.123054,4.212
2026-04-29T16:20:07.159881,63.41,0,66.42,0.0,1000.0,0.0,4.199,91.4,99,0,60.0,2026-04-29T16:21:07.159798,4.212
2026-04-29T16:20:08.146798,63.41,0,66.45,0.0,1000.0,0.0,4.199,91.4,99,0,60.0,2026-04-29T16:21:08.146612,4.212
2026-04-29T16:20:08.190109,63.46,0,66.46,0.0,1000.0,0.0,4.199,91.4,99,0,60.0,2026-04-29T16:21:08.190028,4.212
2026-04-29T16:20:08.224655,63.46,0,66.47,0.0,1000.0,0.0,4.199,91.4,99,0,60.0,2026-04-29T16:21:08.224581,4.212
2026-04-29T16:20:09.199574,63.52,0,66.51,0.0,1000.0,0.0,4.199,91.4,99,0,60.0,2026-04-29T16:21:09.199424,4.212
2026-04-29T16:20:09.238718,63.52,0,66.52,0.0,1000.0,0.0,4.199,91.4,99,0,60.0,2026-04-29T16:21:09.238651,4.212
2026-04-29T16:20:09.272251,63.52,0,66.53,0.0,1000.0,0.0,4.199,91.4,99,0,60.0,2026-04-29T16:21:09.272189,4.212
2026-04-29T16:20:10.256717,63.58,0,66.57,0.0,1000.0,0.0,4.199,91.4,99,0,60.0,2026-04-29T16:21:10.256569,4.212
2026-04-29T16:20:10.295658,63.58,0,66.58,0.0,1000.0,0.0,4.199,91.4,99,0,60.0,2026-04-29T16:21:10.295572,4.212
2026-04-29T16:20:10.329091,63.58,0,66.59,0.0,1000.0,0.0,4.199,91.4,99,0,60.0,2026-04-29T16:21:10.329029,4.212
2026-04-29T16:20:11.311196,63.63,0,66.63,0.0,1000.0,0.0,4.199,91.3,99,0,60.0,2026-04-29T16:21:11.311078,4.212
2026-04-29T16:20:11.348454,63.63,0,66.64,0.0,1000.0,0.0,4.199,91.3,99,0,60.0,2026-04-29T16:21:11.348379,4.212
2026-04-29T16:20:11.382097,63.63,0,66.64,0.0,1000.0,0.0,4.199,91.3,99,0,60.0,2026-04-29T16:21:11.382014,4.212
2026-04-29T16:20:12.353783,63.68,0,66.69,0.0,1000.0,0.0,4.199,91.3,99,0,60.0,2026-04-29T16:21:12.353593,4.212
2026-04-29T16:20:12.407125,63.68,0,66.69,0.0,1000.0,0.0,4.199,91.3,99,0,60.0,2026-04-29T16:21:12.407029,4.212
2026-04-29T16:20:13.379458,63.68,0,66.73,0.0,1000.0,0.0,4.199,91.3,99,0,60.0,2026-04-29T16:21:13.379262,4.212
2026-04-29T16:20:13.425868,63.76,0,66.75,0.0,1000.0,0.0,4.199,91.3,99,0,60.0,2026-04-29T16:21:13.425744,4.212
2026-04-29T16:20:13.463204,63.76,0,66.76,0.0,1000.0,0.0,4.199,91.3,99,0,60.0,2026-04-29T16:21:13.462893,4.212
2026-04-29T16:20:14.439288,63.82,0,66.8,0.0,1000.0,0.0,4.199,91.3,99,0,60.0,2026-04-29T16:21:14.439128,4.212
2026-04-29T16:20:14.482388,63.82,0,66.82,0.0,1000.0,0.0,4.199,91.3,99,0,60.0,2026-04-29T16:21:14.482198,4.212
2026-04-29T16:20:14.519684,63.82,0,66.82,0.0,1000.0,0.0,4.199,91.3,99,0,60.0,2026-04-29T16:21:14.519556,4.212
2026-04-29T16:20:15.493793,63.88,0,66.87,0.0,1000.0,0.0,4.199,91.3,99,0,60.0,2026-04-29T16:21:15.493642,4.212
2026-04-29T16:20:15.535176,63.88,0,66.88,0.0,1000.0,0.0,4.199,91.3,99,0,60.0,2026-04-29T16:21:15.535040,4.212
2026-04-29T16:20:15.572477,63.88,0,66.88,0.0,1000.0,0.0,4.199,91.3,99,0,60.0,2026-04-29T16:21:15.572362,4.212
2026-04-29T16:20:16.552399,63.95,0,66.94,0.0,1000.0,0.0,4.199,91.3,99,0,60.0,2026-04-29T16:21:16.552219,4.212
2026-04-29T16:20:16.592349,63.95,0,66.95,0.0,1000.0,0.0,4.199,91.3,99,0,60.0,2026-04-29T16:21:16.592215,4.212
2026-04-29T16:20:16.629018,63.95,0,66.95,0.0,1000.0,0.0,4.199,91.3,99,0,60.0,2026-04-29T16:21:16.628909,4.212
2026-04-29T16:20:17.587572,64.01,0,67.01,0.0,1000.0,0.0,4.199,91.3,99,0,60.0,2026-04-29T16:21:17.587426,4.213
2026-04-29T16:20:17.625560,64.01,0,67.01,0.0,1000.0,0.0,4.199,91.3,99,0,60.0,2026-04-29T16:21:17.625432,4.213
2026-04-29T16:20:18.627395,64.01,0,67.05,0.0,1000.0,0.0,4.199,91.3,99,0,60.0,2026-04-29T16:21:18.627261,4.213
2026-04-29T16:20:18.677546,64.06,0,67.07,0.0,1000.0,0.0,4.199,91.3,99,0,60.0,2026-04-29T16:21:18.676801,4.213
2026-04-29T16:20:18.770191,64.06,0,67.07,0.0,1000.0,0.0,4.199,91.3,99,0,60.0,2026-04-29T16:21:18.760075,4.213
2026-04-29T16:20:19.683059,64.12,0,67.11,0.0,1000.0,0.0,4.199,91.2,99,0,60.0,2026-04-29T16:21:19.682842,4.213
2026-04-29T16:20:19.727131,64.12,0,67.12,0.0,1000.0,0.0,4.199,91.2,99,0,60.0,2026-04-29T16:21:19.727014,4.213
2026-04-29T16:20:19.762959,64.12,0,67.13,0.0,1000.0,0.0,4.199,91.2,99,0,60.0,2026-04-29T16:21:19.762877,4.213
2026-04-29T16:20:20.769410,64.18,0,67.18,0.0,1000.0,0.0,4.199,91.2,99,0,60.0,2026-04-29T16:21:20.769262,4.213
2026-04-29T16:20:20.805053,64.18,0,67.19,0.0,1000.0,0.0,4.199,91.2,99,0,60.0,2026-04-29T16:21:20.804962,4.213
2026-04-29T16:20:20.841765,64.18,0,67.19,0.0,1000.0,0.0,4.199,91.2,99,0,60.0,2026-04-29T16:21:20.841646,4.213
2026-04-29T16:20:21.768508,64.24,0,67.24,0.0,1000.0,0.0,4.199,91.2,99,0,60.0,2026-04-29T16:21:21.768391,4.213
2026-04-29T16:20:21.807039,64.24,0,67.24,0.0,1000.0,0.0,4.199,91.2,99,0,60.0,2026-04-29T16:21:21.806913,4.213
2026-04-29T16:20:21.844945,64.24,0,67.24,0.0,1000.0,0.0,4.199,91.2,99,0,60.0,2026-04-29T16:21:21.844836,4.213
2026-04-29T16:20:22.815685,64.28,0,67.28,0.0,1000.0,0.0,4.199,91.2,99,0,60.0,2026-04-29T16:21:22.815522,4.213
2026-04-29T16:20:22.852622,64.28,0,67.29,0.0,1000.0,0.0,4.199,91.2,99,0,60.0,2026-04-29T16:21:22.852516,4.213
2026-04-29T16:20:23.866278,64.28,0,67.33,0.0,1000.0,0.0,4.199,91.2,99,0,60.0,2026-04-29T16:21:23.866045,4.213
2026-04-29T16:20:23.912640,64.34,0,67.34,0.0,1000.0,0.0,4.199,91.2,99,0,60.0,2026-04-29T16:21:23.912507,4.213
2026-04-29T16:20:23.951012,64.34,0,67.34,0.0,1000.0,0.0,4.199,91.2,99,0,60.0,2026-04-29T16:21:23.950874,4.213
2026-04-29T16:20:24.916674,64.38,0,67.38,0.0,1000.0,0.0,4.199,91.2,99,0,60.0,2026-04-29T16:21:24.916504,4.213
2026-04-29T16:20:24.957000,64.38,0,67.39,0.0,1000.0,0.0,4.199,91.2,99,0,60.0,2026-04-29T16:21:24.956900,4.213
2026-04-29T16:20:24.992136,64.38,0,67.39,0.0,1000.0,0.0,4.199,91.2,99,0,60.0,2026-04-29T16:21:24.992025,4.213
2026-04-29T16:20:25.976681,64.42,0,67.43,0.0,1000.0,0.0,4.199,91.2,99,0,60.0,2026-04-29T16:21:25.976526,4.213
2026-04-29T16:20:26.020963,64.42,0,67.43,0.0,1000.0,0.0,4.199,91.2,99,0,60.0,2026-04-29T16:21:26.020832,4.213
2026-04-29T16:20:26.058695,64.42,0,67.43,0.0,1000.0,0.0,4.199,91.2,99,0,60.0,2026-04-29T16:21:26.058577,4.213
2026-04-29T16:20:27.031148,64.5,0,67.49,0.0,1000.0,0.0,4.199,91.2,99,0,60.0,2026-04-29T16:21:27.030861,4.213
2026-04-29T16:20:27.072751,64.5,0,67.5,0.0,1000.0,0.0,4.199,91.2,99,0,60.0,2026-04-29T16:21:27.072624,4.213
2026-04-29T16:20:27.109233,64.5,0,67.5,0.0,1000.0,0.0,4.199,91.2,99,0,60.0,2026-04-29T16:21:27.109089,4.213
2026-04-29T16:20:28.088965,64.53,0,67.53,0.0,1000.0,0.0,4.199,91.1,99,0,60.0,2026-04-29T16:21:28.088817,4.213
2026-04-29T16:20:28.127603,64.53,0,67.53,0.0,1000.0,0.0,4.199,91.1,99,0,60.0,2026-04-29T16:21:28.127473,4.213
2026-04-29T16:20:29.110045,64.53,0,67.57,0.0,1000.0,0.0,4.199,91.1,99,0,60.0,2026-04-29T16:21:29.109867,4.213
2026-04-29T16:20:29.157729,64.57,0,67.57,0.0,1000.0,0.0,4.199,91.1,99,0,60.0,2026-04-29T16:21:29.157604,4.213
2026-04-29T16:20:29.194295,64.57,0,67.58,0.0,1000.0,0.0,4.199,91.1,99,0,60.0,2026-04-29T16:21:29.194174,4.213
2026-04-29T16:20:30.167146,64.63,0,67.62,0.0,1000.0,0.0,4.199,91.1,99,0,60.0,2026-04-29T16:21:30.166956,4.213
2026-04-29T16:20:30.210340,64.63,0,67.63,0.0,1000.0,0.0,4.199,91.1,99,0,60.0,2026-04-29T16:21:30.210226,4.213
2026-04-29T16:20:30.249648,64.63,0,67.63,0.0,1000.0,0.0,4.199,91.1,99,0,60.0,2026-04-29T16:21:30.249406,4.213
2026-04-29T16:20:31.221710,64.69,0,67.67,0.0,1000.0,0.0,4.199,91.1,99,0,60.0,2026-04-29T16:21:31.221553,4.213
2026-04-29T16:20:31.263334,64.69,0,67.68,0.0,1000.0,0.0,4.199,91.1,99,0,60.0,2026-04-29T16:21:31.263221,4.213
2026-04-29T16:20:31.301461,64.69,0,67.68,0.0,1000.0,0.0,4.199,91.1,99,0,60.0,2026-04-29T16:21:31.301326,4.213
2026-04-29T16:20:32.275179,64.71,0,67.72,0.0,1000.0,0.0,4.199,91.1,99,0,60.0,2026-04-29T16:21:32.275017,4.213
2026-04-29T16:20:32.316267,64.71,0,67.71,0.0,1000.0,0.0,4.199,91.1,99,0,60.0,2026-04-29T16:21:32.316095,4.213
2026-04-29T16:20:32.353416,64.71,0,67.71,0.0,1000.0,0.0,4.199,91.1,99,0,60.0,2026-04-29T16:21:32.353293,4.213
2026-04-29T16:20:33.328326,64.78,0,67.76,0.0,1000.0,0.0,4.199,91.1,99,0,60.0,2026-04-29T16:21:33.328184,4.213
2026-04-29T16:20:33.367689,64.78,0,67.77,0.0,1000.0,0.0,4.199,91.1,99,0,60.0,2026-04-29T16:21:33.367539,4.213
2026-04-29T16:20:34.348773,64.78,0,67.81,0.0,1000.0,0.0,4.199,91.1,99,0,60.0,2026-04-29T16:21:34.348583,4.213
2026-04-29T16:20:34.395871,64.82,0,67.82,0.0,1000.0,0.0,4.199,91.1,99,0,60.0,2026-04-29T16:21:34.395746,4.213
2026-04-29T16:20:34.432263,64.82,0,67.82,0.0,1000.0,0.0,4.199,91.1,99,0,60.0,2026-04-29T16:21:34.432149,4.213
2026-04-29T16:20:35.402317,64.89,0,67.86,0.0,1000.0,0.0,4.199,91.1,99,0,60.0,2026-04-29T16:21:35.402137,4.213
2026-04-29T16:20:35.449043,64.89,0,67.88,0.0,1000.0,0.0,4.199,91.1,99,0,60.0,2026-04-29T16:21:35.448849,4.213
2026-04-29T16:20:35.485311,64.89,0,67.88,0.0,1000.0,0.0,4.199,91.1,99,0,60.0,2026-04-29T16:21:35.485200,4.213
2026-04-29T16:20:36.460168,64.93,0,67.93,0.0,1000.0,0.0,4.199,91.1,99,0,60.0,2026-04-29T16:21:36.460023,4.213
2026-04-29T16:20:36.501637,64.93,0,67.93,0.0,1000.0,0.0,4.199,91.1,99,0,60.0,2026-04-29T16:21:36.501513,4.213
2026-04-29T16:20:36.537867,64.93,0,67.93,0.0,1000.0,0.0,4.199,91.1,99,0,60.0,2026-04-29T16:21:36.537754,4.213
2026-04-29T16:20:37.513364,64.99,0,67.98,0.0,1000.0,0.0,4.199,91.0,99,0,60.0,2026-04-29T16:21:37.513217,4.213
2026-04-29T16:20:37.555318,64.99,0,67.99,0.0,1000.0,0.0,4.199,91.0,99,0,60.0,2026-04-29T16:21:37.555175,4.213
2026-04-29T16:20:37.591682,64.99,0,67.99,0.0,1000.0,0.0,4.199,91.0,99,0,60.0,2026-04-29T16:21:37.591569,4.213
2026-04-29T16:20:38.567992,65.04,0,68.04,0.0,1000.0,0.0,4.199,91.0,99,0,60.0,2026-04-29T16:21:38.567834,4.213
2026-04-29T16:20:38.606948,65.04,0,68.04,0.0,1000.0,0.0,4.199,91.0,99,0,60.0,2026-04-29T16:21:38.606829,4.213
2026-04-29T16:20:39.590057,65.04,0,68.08,0.0,1000.0,0.0,4.199,91.0,99,0,60.0,2026-04-29T16:21:39.589884,4.213
2026-04-29T16:20:39.636452,65.1,0,68.09,0.0,1000.0,0.0,4.199,91.0,99,0,60.0,2026-04-29T16:21:39.636316,4.213
2026-04-29T16:20:39.673476,65.1,0,68.1,0.0,1000.0,0.0,4.199,91.0,99,0,60.0,2026-04-29T16:21:39.673362,4.213
2026-04-29T16:20:40.645720,65.15,0,68.14,0.0,1000.0,0.0,4.199,91.0,99,0,60.0,2026-04-29T16:21:40.645550,4.213
2026-04-29T16:20:40.718392,65.15,0,68.14,0.0,1000.0,0.0,4.199,91.0,99,0,60.0,2026-04-29T16:21:40.692839,4.213
2026-04-29T16:20:40.784318,65.15,0,68.15,0.0,1000.0,0.0,4.199,91.0,99,0,60.0,2026-04-29T16:21:40.784190,4.213
2026-04-29T16:20:41.702353,65.22,0,68.19,0.0,1000.0,0.0,4.199,91.0,99,0,60.0,2026-04-29T16:21:41.702204,4.213
2026-04-29T16:20:41.743509,65.22,0,68.21,0.0,1000.0,0.0,4.199,91.0,99,0,60.0,2026-04-29T16:21:41.743374,4.213
2026-04-29T16:20:41.779571,65.22,0,68.21,0.0,1000.0,0.0,4.199,91.0,99,0,60.0,2026-04-29T16:21:41.779469,4.213
2026-04-29T16:20:42.770768,65.25,0,68.25,0.0,1000.0,0.0,4.199,91.0,99,0,60.0,2026-04-29T16:21:42.770616,4.213
2026-04-29T16:20:42.807982,65.25,0,68.25,0.0,1000.0,0.0,4.199,91.0,99,0,60.0,2026-04-29T16:21:42.807815,4.213
2026-04-29T16:20:42.843482,65.25,0,68.25,0.0,1000.0,0.0,4.199,91.0,99,0,60.0,2026-04-29T16:21:42.843406,4.213
2026-04-29T16:20:43.789484,65.32,0,68.3,0.0,1000.0,0.0,4.199,91.0,99,0,60.0,2026-04-29T16:21:43.789353,4.213
2026-04-29T16:20:43.826572,65.32,0,68.31,0.0,1000.0,0.0,4.199,91.0,99,0,60.0,2026-04-29T16:21:43.826457,4.213
2026-04-29T16:20:44.810116,65.32,0,68.35,0.0,1000.0,0.0,4.199,91.0,99,0,60.0,2026-04-29T16:21:44.809965,4.213
2026-04-29T16:20:44.850920,65.36,0,68.36,0.0,1000.0,0.0,4.199,91.0,99,0,60.0,2026-04-29T16:21:44.850787,4.213
2026-04-29T16:20:44.887028,65.36,0,68.36,0.0,1000.0,0.0,4.199,91.0,99,0,60.0,2026-04-29T16:21:44.886926,4.213
2026-04-29T16:20:45.886667,65.4,0,68.4,0.0,1000.0,0.0,4.199,91.0,99,0,60.0,2026-04-29T16:21:45.886497,4.213
2026-04-29T16:20:45.930761,65.4,0,68.4,0.0,1000.0,0.0,4.199,91.0,99,0,60.0,2026-04-29T16:21:45.930609,4.213
2026-04-29T16:20:45.968244,65.4,0,68.4,0.0,1000.0,0.0,4.199,91.0,99,0,60.0,2026-04-29T16:21:45.968105,4.213
2026-04-29T16:20:46.933837,65.43,0,68.44,0.0,1000.0,0.0,4.199,90.9,99,0,60.0,2026-04-29T16:21:46.933609,4.213
2026-04-29T16:20:46.975059,65.43,0,68.44,0.0,1000.0,0.0,4.199,90.9,99,0,60.0,2026-04-29T16:21:46.974942,4.213
2026-04-29T16:20:47.011542,65.43,0,68.44,0.0,1000.0,0.0,4.199,90.9,99,0,60.0,2026-04-29T16:21:47.011432,4.213
2026-04-29T16:20:47.995803,65.48,0,68.48,0.0,1000.0,0.0,4.199,90.9,99,0,60.0,2026-04-29T16:21:47.995653,4.213
2026-04-29T16:20:48.037449,65.48,0,68.48,0.0,1000.0,0.0,4.199,90.9,99,0,60.0,2026-04-29T16:21:48.037268,4.213
2026-04-29T16:20:48.074057,65.48,0,68.48,0.0,1000.0,0.0,4.199,90.9,99,0,60.0,2026-04-29T16:21:48.073948,4.213
2026-04-29T16:20:49.049850,65.51,0,68.52,0.0,1000.0,0.0,4.199,90.9,99,0,60.0,2026-04-29T16:21:49.049690,4.213
2026-04-29T16:20:49.089140,65.51,0,68.52,0.0,1000.0,0.0,4.199,90.9,99,0,60.0,2026-04-29T16:21:49.089027,4.213
2026-04-29T16:20:50.072446,65.51,0,68.55,0.0,1000.0,0.0,4.199,90.9,99,0,60.0,2026-04-29T16:21:50.072225,4.213
2026-04-29T16:20:50.119278,65.54,0,68.55,0.0,1000.0,0.0,4.199,90.9,99,0,60.0,2026-04-29T16:21:50.119139,4.213
2026-04-29T16:20:50.156783,65.54,0,68.55,0.0,1000.0,0.0,4.199,90.9,99,0,60.0,2026-04-29T16:21:50.156673,4.213
2026-04-29T16:20:51.128303,65.57,0,68.58,0.0,1000.0,0.0,4.199,90.9,99,0,60.0,2026-04-29T16:21:51.128133,4.213
2026-04-29T16:20:51.172611,65.57,0,68.58,0.0,1000.0,0.0,4.199,90.9,99,0,60.0,2026-04-29T16:21:51.172489,4.213
2026-04-29T16:20:51.209888,65.57,0,68.58,0.0,1000.0,0.0,4.199,90.9,99,0,60.0,2026-04-29T16:21:51.209769,4.213
2026-04-29T16:20:52.161847,65.61,0,68.61,0.0,1000.0,0.0,4.199,90.9,99,0,60.0,2026-04-29T16:21:52.161703,4.213
2026-04-29T16:20:52.198502,65.61,0,68.61,0.0,1000.0,0.0,4.199,90.9,99,0,60.0,2026-04-29T16:21:52.198374,4.213
2026-04-29T16:20:52.235641,65.61,0,68.61,0.0,1000.0,0.0,4.199,90.9,99,0,60.0,2026-04-29T16:21:52.235509,4.213
2026-04-29T16:20:53.239985,65.63,0,68.64,0.0,1000.0,0.0,4.199,90.9,99,0,60.0,2026-04-29T16:21:53.239834,4.213
2026-04-29T16:20:53.280056,65.63,0,68.64,0.0,1000.0,0.0,4.199,90.9,99,0,60.0,2026-04-29T16:21:53.279943,4.213
2026-04-29T16:20:53.318680,65.63,0,68.63,0.0,1000.0,0.0,4.199,90.9,99,0,60.0,2026-04-29T16:21:53.318533,4.213
2026-04-29T16:20:54.292242,65.66,0,68.66,0.0,1000.0,0.0,4.199,90.9,99,0,60.0,2026-04-29T16:21:54.292068,4.213
2026-04-29T16:20:54.331556,65.66,0,68.66,0.0,1000.0,0.0,4.199,90.9,99,0,60.0,2026-04-29T16:21:54.331407,4.213
2026-04-29T16:20:55.311657,65.66,0,68.7,0.0,1000.0,0.0,4.199,90.9,99,0,60.0,2026-04-29T16:21:55.311468,4.213
2026-04-29T16:20:55.359385,65.71,0,68.71,0.0,1000.0,0.0,4.199,90.9,99,0,60.0,2026-04-29T16:21:55.359254,4.213
2026-04-29T16:20:55.395978,65.71,0,68.71,0.0,1000.0,0.0,4.199,90.9,99,0,60.0,2026-04-29T16:21:55.395867,4.213
2026-04-29T16:20:56.368162,65.73,0,68.74,0.0,1000.0,0.0,4.199,90.9,99,0,60.0,2026-04-29T16:21:56.367973,4.213
2026-04-29T16:20:56.411108,65.73,0,68.74,0.0,1000.0,0.0,4.199,90.9,99,0,60.0,2026-04-29T16:21:56.410980,4.213
2026-04-29T16:20:56.447359,65.73,0,68.74,0.0,1000.0,0.0,4.199,90.9,99,0,60.0,2026-04-29T16:21:56.447256,4.213
2026-04-29T16:20:57.423823,65.76,0,68.77,0.0,1000.0,0.0,4.199,90.9,99,0,60.0,2026-04-29T16:21:57.423670,4.213
2026-04-29T16:20:57.465956,65.76,0,68.77,0.0,1000.0,0.0,4.199,90.9,99,0,60.0,2026-04-29T16:21:57.465800,4.213
2026-04-29T16:20:57.503002,65.76,0,68.76,0.0,1000.0,0.0,4.199,90.9,99,0,60.0,2026-04-29T16:21:57.502868,4.213
2026-04-29T16:20:58.475004,65.81,0,68.8,0.0,1000.0,0.0,4.199,90.9,99,0,60.0,2026-04-29T16:21:58.474838,4.213
2026-04-29T16:20:58.515713,65.81,0,68.81,0.0,1000.0,0.0,4.199,90.9,99,0,60.0,2026-04-29T16:21:58.515582,4.213
2026-04-29T16:20:58.552889,65.81,0,68.81,0.0,1000.0,0.0,4.199,90.9,99,0,60.0,2026-04-29T16:21:58.552746,4.213
2026-04-29T16:20:59.530958,65.85,0,68.85,0.0,1000.0,0.0,4.199,90.9,99,0,60.0,2026-04-29T16:21:59.530828,4.213
2026-04-29T16:20:59.571438,65.85,0,68.85,0.0,1000.0,0.0,4.199,90.9,99,0,60.0,2026-04-29T16:21:59.571279,4.213
2026-04-29T16:21:00.599671,65.85,0,68.89,0.0,1000.0,0.0,4.199,90.9,99,0,60.0,2026-04-29T16:22:00.598948,4.213
2026-04-29T16:21:00.644828,65.9,0,68.9,0.0,1000.0,0.0,4.199,90.8,99,0,60.0,2026-04-29T16:22:00.644636,4.213
2026-04-29T16:21:00.691548,65.9,0,68.9,0.0,1000.0,0.0,4.199,90.8,99,0,60.0,2026-04-29T16:22:00.691433,4.213
2026-04-29T16:21:01.586284,65.96,0,68.94,0.0,1000.0,0.0,4.199,90.8,99,0,60.0,2026-04-29T16:22:01.586146,4.213
2026-04-29T16:21:01.623666,65.96,0,68.95,0.0,1000.0,0.0,4.199,90.8,99,0,60.0,2026-04-29T16:22:01.623539,4.213
2026-04-29T16:21:01.659639,65.96,0,68.96,0.0,1000.0,0.0,4.199,90.8,99,0,60.0,2026-04-29T16:22:01.659547,4.213
2026-04-29T16:21:02.657073,66.03,0,69.01,0.0,1000.0,0.0,4.199,90.8,99,0,60.0,2026-04-29T16:22:02.656997,4.213
2026-04-29T16:21:02.714766,66.03,0,69.02,0.0,1000.0,0.0,4.199,90.8,99,0,60.0,2026-04-29T16:22:02.714692,4.213
2026-04-29T16:21:02.752411,66.03,0,69.03,0.0,1000.0,0.0,4.199,90.8,99,0,60.0,2026-04-29T16:22:02.752314,4.213
2026-04-29T16:21:03.693114,66.1,0,69.08,0.0,1000.0,0.0,4.199,90.8,99,0,60.0,2026-04-29T16:22:03.693000,4.213
2026-04-29T16:21:03.727788,66.1,0,69.09,0.0,1000.0,0.0,4.199,90.8,99,0,60.0,2026-04-29T16:22:03.727696,4.213
2026-04-29T16:21:03.761936,66.1,0,69.09,0.0,1000.0,0.0,4.199,90.8,99,0,60.0,2026-04-29T16:22:03.761849,4.213
2026-04-29T16:21:04.771469,66.16,0,69.14,0.0,1000.0,0.0,4.199,90.8,99,0,60.0,2026-04-29T16:22:04.771332,4.213
2026-04-29T16:21:04.807771,66.16,0,69.15,0.0,1000.0,0.0,4.199,90.8,99,0,60.0,2026-04-29T16:22:04.807672,4.213
2026-04-29T16:21:05.786620,66.16,0,69.19,0.0,1000.0,0.0,4.199,90.8,99,0,60.0,2026-04-29T16:22:05.786471,4.213
2026-04-29T16:21:05.829721,66.24,0,69.22,0.0,1000.0,0.0,4.199,90.8,99,0,60.0,2026-04-29T16:22:05.829633,4.213
2026-04-29T16:21:05.865965,66.24,0,69.23,0.0,1000.0,0.0,4.199,90.8,99,0,60.0,2026-04-29T16:22:05.865876,4.213
2026-04-29T16:21:06.832401,66.29,0,69.26,0.0,1000.0,0.0,4.199,90.8,99,0,60.0,2026-04-29T16:22:06.832245,4.213
2026-04-29T16:21:06.870189,66.29,0,69.27,0.0,1000.0,0.0,4.199,90.8,99,0,60.0,2026-04-29T16:22:06.870090,4.213
2026-04-29T16:21:06.906186,66.29,0,69.28,0.0,1000.0,0.0,4.199,90.8,99,0,60.0,2026-04-29T16:22:06.906075,4.213
2026-04-29T16:21:07.890385,66.36,0,69.33,0.0,1000.0,0.0,4.199,90.7,99,0,60.0,2026-04-29T16:22:07.890267,4.213
2026-04-29T16:21:07.927502,66.36,0,69.34,0.0,1000.0,0.0,4.199,90.7,99,0,60.0,2026-04-29T16:22:07.927413,4.213
2026-04-29T16:21:07.962296,66.36,0,69.34,0.0,1000.0,0.0,4.199,90.7,99,0,60.0,2026-04-29T16:22:07.962189,4.213
2026-04-29T16:21:08.941959,66.39,0,69.38,0.0,1000.0,0.0,4.199,90.7,99,0,60.0,2026-04-29T16:22:08.941839,4.213
2026-04-29T16:21:08.977706,66.39,0,69.38,0.0,1000.0,0.0,4.199,90.7,99,0,60.0,2026-04-29T16:22:08.977606,4.213
2026-04-29T16:21:09.011674,66.39,0,69.39,0.0,1000.0,0.0,4.199,90.7,99,0,60.0,2026-04-29T16:22:09.011578,4.213
2026-04-29T16:21:09.998165,66.48,0,69.45,0.0,1000.0,0.0,4.199,90.7,99,0,60.0,2026-04-29T16:22:09.998029,4.213
2026-04-29T16:21:10.034176,66.48,0,69.46,0.0,1000.0,0.0,4.199,90.7,99,0,60.0,2026-04-29T16:22:10.034076,4.213
2026-04-29T16:21:11.026789,66.48,0,69.5,0.0,1000.0,0.0,4.199,90.7,99,0,60.0,2026-04-29T16:22:11.026632,4.213
2026-04-29T16:21:11.069068,66.54,0,69.52,0.0,1000.0,0.0,4.199,90.7,99,0,60.0,2026-04-29T16:22:11.068952,4.213
2026-04-29T16:21:11.103425,66.54,0,69.52,0.0,1000.0,0.0,4.199,90.7,99,0,60.0,2026-04-29T16:22:11.103325,4.213
2026-04-29T16:21:12.062423,66.6,0,69.56,0.0,1000.0,0.0,4.199,90.7,99,0,60.0,2026-04-29T16:22:12.062297,4.213
2026-04-29T16:21:12.097380,66.6,0,69.58,0.0,1000.0,0.0,4.199,90.7,99,0,60.0,2026-04-29T16:22:12.097288,4.213
2026-04-29T16:21:12.131495,66.6,0,69.58,0.0,1000.0,0.0,4.199,90.7,99,0,60.0,2026-04-29T16:22:12.131411,4.213
2026-04-29T16:21:13.143109,66.64,0,69.62,0.0,1000.0,0.0,4.199,90.7,99,0,60.0,2026-04-29T16:22:13.142968,4.213
2026-04-29T16:21:13.182760,66.64,0,69.63,0.0,1000.0,0.0,4.199,90.7,99,0,60.0,2026-04-29T16:22:13.182623,4.213
2026-04-29T16:21:13.217382,66.64,0,69.63,0.0,1000.0,0.0,4.199,90.7,99,0,60.0,2026-04-29T16:22:13.217286,4.213
2026-04-29T16:21:14.184076,66.71,0,69.68,0.0,1000.0,0.0,4.199,90.7,99,0,60.0,2026-04-29T16:22:14.183943,4.213
2026-04-29T16:21:14.221202,66.71,0,69.69,0.0,1000.0,0.0,4.199,90.7,99,0,60.0,2026-04-29T16:22:14.221111,4.213
2026-04-29T16:21:14.256603,66.71,0,69.69,0.0,1000.0,0.0,4.199,90.7,99,0,60.0,2026-04-29T16:22:14.256503,4.213
2026-04-29T16:21:15.257916,66.75,0,69.74,0.0,1000.0,0.0,4.199,90.7,99,0,60.0,2026-04-29T16:22:15.257659,4.213
2026-04-29T16:21:15.300169,66.75,0,69.74,0.0,1000.0,0.0,4.199,90.7,99,0,60.0,2026-04-29T16:22:15.300027,4.213
2026-04-29T16:21:16.256863,66.75,0,69.78,0.0,1000.0,0.0,4.199,90.7,99,0,60.0,2026-04-29T16:22:16.256714,4.213
2026-04-29T16:21:16.295007,66.81,0,69.79,0.0,1000.0,0.0,4.199,90.6,99,0,60.0,2026-04-29T16:22:16.294912,4.213
2026-04-29T16:21:16.329899,66.81,0,69.8,0.0,1000.0,0.0,4.199,90.6,99,0,60.0,2026-04-29T16:22:16.329811,4.213
2026-04-29T16:21:17.333029,66.86,0,69.84,0.0,1000.0,0.0,4.199,90.6,99,0,60.0,2026-04-29T16:22:17.332871,4.213
2026-04-29T16:21:17.374799,66.86,0,69.85,0.0,1000.0,0.0,4.199,90.6,99,0,60.0,2026-04-29T16:22:17.374708,4.213
2026-04-29T16:21:17.409882,66.86,0,69.85,0.0,1000.0,0.0,4.199,90.6,99,0,60.0,2026-04-29T16:22:17.409533,4.213
2026-04-29T16:21:18.386476,66.9,0,69.89,0.0,1000.0,0.0,4.199,90.6,99,0,60.0,2026-04-29T16:22:18.386198,4.213
2026-04-29T16:21:18.436529,66.9,0,69.89,0.0,1000.0,0.0,4.199,90.6,99,0,60.0,2026-04-29T16:22:18.436407,4.213
2026-04-29T16:21:18.474761,66.9,0,69.9,0.0,1000.0,0.0,4.199,90.6,99,0,60.0,2026-04-29T16:22:18.474631,4.213
2026-04-29T16:21:19.439147,66.95,0,69.94,0.0,1000.0,0.0,4.199,90.6,99,0,60.0,2026-04-29T16:22:19.438996,4.213
2026-04-29T16:21:19.478985,66.95,0,69.94,0.0,1000.0,0.0,4.199,90.6,99,0,60.0,2026-04-29T16:22:19.478889,4.213
2026-04-29T16:21:19.518339,66.95,0,69.94,0.0,1000.0,0.0,4.199,90.6,99,0,60.0,2026-04-29T16:22:19.518220,4.213
2026-04-29T16:21:20.492646,67.02,0,69.99,0.0,1000.0,0.0,4.199,90.6,99,0,60.0,2026-04-29T16:22:20.492490,4.213
2026-04-29T16:21:20.534534,67.02,0,70.0,0.0,1000.0,0.0,4.199,90.6,99,0,60.0,2026-04-29T16:22:20.534407,4.213
2026-04-29T16:21:21.495555,67.02,0,70.04,0.0,1000.0,0.0,4.199,90.6,99,0,60.0,2026-04-29T16:22:21.495437,4.213
2026-04-29T16:21:21.535785,67.07,0,70.05,0.0,1000.0,0.0,4.199,90.6,99,0,60.0,2026-04-29T16:22:21.535661,4.213
2026-04-29T16:21:21.572777,67.07,0,70.05,0.0,1000.0,0.0,4.199,90.6,99,0,60.0,2026-04-29T16:22:21.572668,4.213
2026-04-29T16:21:22.572030,67.11,0,70.09,0.0,1000.0,0.0,4.199,90.6,99,0,60.0,2026-04-29T16:22:22.571824,4.213
2026-04-29T16:21:22.617180,67.11,0,70.1,0.0,1000.0,0.0,4.199,90.6,99,0,60.0,2026-04-29T16:22:22.617048,4.213
2026-04-29T16:21:22.654498,67.11,0,70.1,0.0,1000.0,0.0,4.199,90.6,99,0,60.0,2026-04-29T16:22:22.654381,4.213
2026-04-29T16:21:23.625041,67.17,0,70.14,0.0,1000.0,0.0,4.199,90.6,99,0,60.0,2026-04-29T16:22:23.624875,4.213
2026-04-29T16:21:23.668779,67.17,0,70.15,0.0,1000.0,0.0,4.199,90.6,99,0,60.0,2026-04-29T16:22:23.668682,4.213
2026-04-29T16:21:23.712702,67.17,0,70.16,0.0,1000.0,0.0,4.199,90.6,99,0,60.0,2026-04-29T16:22:23.712590,4.213
2026-04-29T16:21:24.675108,67.22,0,70.2,0.0,1000.0,0.0,4.199,90.5,99,0,60.0,2026-04-29T16:22:24.674216,4.213
2026-04-29T16:21:24.741555,67.22,0,70.21,0.0,1000.0,0.0,4.199,90.5,99,0,60.0,2026-04-29T16:22:24.729783,4.213
2026-04-29T16:21:24.811171,67.22,0,70.21,0.0,1000.0,0.0,4.199,90.5,99,0,60.0,2026-04-29T16:22:24.811052,4.213
2026-04-29T16:21:25.730758,67.29,0,70.26,0.0,1000.0,0.0,4.199,90.5,99,0,60.0,2026-04-29T16:22:25.730618,4.213
2026-04-29T16:21:25.768707,67.29,0,70.27,0.0,1000.0,0.0,4.199,90.5,99,0,60.0,2026-04-29T16:22:25.768611,4.213
2026-04-29T16:21:26.759169,67.29,0,70.31,0.0,1000.0,0.0,4.199,90.5,99,0,60.0,2026-04-29T16:22:26.754354,4.213
2026-04-29T16:21:26.795777,67.33,0,70.32,0.0,1000.0,0.0,4.199,90.5,99,0,60.0,2026-04-29T16:22:26.795657,4.213
2026-04-29T16:21:26.833684,67.33,0,70.32,0.0,1000.0,0.0,4.199,90.5,99,0,60.0,2026-04-29T16:22:26.833484,4.213
2026-04-29T16:21:27.799936,67.37,0,70.36,0.0,1000.0,0.0,4.199,90.5,99,0,60.0,2026-04-29T16:22:27.799778,4.213
2026-04-29T16:21:27.844857,67.37,0,70.36,0.0,1000.0,0.0,4.199,90.5,99,0,60.0,2026-04-29T16:22:27.844746,4.213
2026-04-29T16:21:27.882938,67.37,0,70.36,0.0,1000.0,0.0,4.199,90.5,99,0,60.0,2026-04-29T16:22:27.882731,4.213
2026-04-29T16:21:28.842068,67.44,0,70.41,0.0,1000.0,0.0,4.199,90.5,99,0,60.0,2026-04-29T16:22:28.841898,4.213
2026-04-29T16:21:28.878989,67.44,0,70.42,0.0,1000.0,0.0,4.199,90.5,99,0,60.0,2026-04-29T16:22:28.878883,4.213
2026-04-29T16:21:28.915625,67.44,0,70.43,0.0,1000.0,0.0,4.199,90.5,99,0,60.0,2026-04-29T16:22:28.915487,4.213
2026-04-29T16:21:29.918512,67.51,0,70.48,0.0,1000.0,0.0,4.199,90.5,99,0,60.0,2026-04-29T16:22:29.918372,4.213
2026-04-29T16:21:29.959290,67.51,0,70.49,0.0,1000.0,0.0,4.199,90.5,99,0,60.0,2026-04-29T16:22:29.959184,4.213
2026-04-29T16:21:29.995644,67.51,0,70.49,0.0,1000.0,0.0,4.199,90.5,99,0,60.0,2026-04-29T16:22:29.995548,4.213
2026-04-29T16:21:30.968518,67.54,0,70.53,0.0,1000.0,0.0,4.199,90.5,99,0,60.0,2026-04-29T16:22:30.968348,4.213
2026-04-29T16:21:31.007895,67.54,0,70.53,0.0,1000.0,0.0,4.199,90.5,99,0,60.0,2026-04-29T16:22:31.007776,4.213
2026-04-29T16:21:31.982904,67.54,0,70.57,0.0,1000.0,0.0,4.199,90.5,99,0,60.0,2026-04-29T16:22:31.982737,4.213
2026-04-29T16:21:32.022942,67.58,0,70.57,0.0,1000.0,0.0,4.199,90.5,99,0,60.0,2026-04-29T16:22:32.022831,4.213
2026-04-29T16:21:32.061523,67.58,0,70.57,0.0,1000.0,0.0,4.199,90.5,99,0,60.0,2026-04-29T16:22:32.061426,4.213
2026-04-29T16:21:33.037218,67.64,0,70.61,0.0,1000.0,0.0,4.199,90.5,99,0,60.0,2026-04-29T16:22:33.037108,4.213
2026-04-29T16:21:33.076893,67.64,0,70.62,0.0,1000.0,0.0,4.199,90.5,99,0,60.0,2026-04-29T16:22:33.076789,4.213
2026-04-29T16:21:33.118032,67.64,0,70.62,0.0,1000.0,0.0,4.199,90.5,99,0,60.0,2026-04-29T16:22:33.117788,4.213
2026-04-29T16:21:34.100973,67.69,0,70.67,0.0,1000.0,0.0,4.199,90.5,99,0,60.0,2026-04-29T16:22:34.100844,4.213
2026-04-29T16:21:34.142882,67.69,0,70.68,0.0,1000.0,0.0,4.199,90.4,99,0,60.0,2026-04-29T16:22:34.142761,4.213
2026-04-29T16:21:34.178909,67.69,0,70.68,0.0,1000.0,0.0,4.199,90.4,99,0,60.0,2026-04-29T16:22:34.178800,4.213
2026-04-29T16:21:35.168531,67.73,0,70.72,0.0,1000.0,0.0,4.199,90.4,99,0,60.0,2026-04-29T16:22:35.168359,4.213
2026-04-29T16:21:35.208398,67.73,0,70.72,0.0,1000.0,0.0,4.199,90.4,99,0,60.0,2026-04-29T16:22:35.208258,4.213
2026-04-29T16:21:35.247920,67.73,0,70.72,0.0,1000.0,0.0,4.199,90.4,99,0,60.0,2026-04-29T16:22:35.247756,4.213
2026-04-29T16:21:36.213302,67.77,0,70.76,0.0,1000.0,0.0,4.199,90.4,99,0,60.0,2026-04-29T16:22:36.213128,4.213
2026-04-29T16:21:36.251849,67.77,0,70.76,0.0,1000.0,0.0,4.199,90.4,99,0,60.0,2026-04-29T16:22:36.251718,4.213
2026-04-29T16:21:37.225742,67.77,0,70.8,0.0,1000.0,0.0,4.199,90.4,99,0,60.0,2026-04-29T16:22:37.225589,4.213
2026-04-29T16:21:37.279059,67.82,0,70.81,0.0,1000.0,0.0,4.199,90.4,99,0,60.0,2026-04-29T16:22:37.278923,4.213
2026-04-29T16:21:37.341492,67.82,0,70.81,0.0,1000.0,0.0,4.199,90.4,99,0,60.0,2026-04-29T16:22:37.341342,4.213
2026-04-29T16:21:38.281031,67.85,0,70.85,0.0,1000.0,0.0,4.199,90.4,99,0,60.0,2026-04-29T16:22:38.280874,4.213
2026-04-29T16:21:38.357481,67.85,0,70.85,0.0,1000.0,0.0,4.199,90.4,99,0,60.0,2026-04-29T16:22:38.357321,4.213
2026-04-29T16:21:38.470798,67.85,0,70.85,0.0,1000.0,0.0,4.199,90.4,99,0,60.0,2026-04-29T16:22:38.470550,4.213
2026-04-29T16:21:39.329238,67.91,0,70.89,0.0,1000.0,0.0,4.199,90.4,99,0,60.0,2026-04-29T16:22:39.328985,4.213
2026-04-29T16:21:39.374534,67.91,0,70.9,0.0,1000.0,0.0,4.199,90.4,99,0,60.0,2026-04-29T16:22:39.374354,4.213
2026-04-29T16:21:39.418877,67.91,0,70.9,0.0,1000.0,0.0,4.199,90.4,99,0,60.0,2026-04-29T16:22:39.418726,4.213
2026-04-29T16:21:40.372077,67.97,0,70.95,0.0,1000.0,0.0,4.199,90.4,99,0,60.0,2026-04-29T16:22:40.371951,4.213
2026-04-29T16:21:40.406862,67.97,0,70.95,0.0,1000.0,0.0,4.199,90.4,99,0,60.0,2026-04-29T16:22:40.406763,4.213
2026-04-29T16:21:40.443390,67.97,0,70.95,0.0,1000.0,0.0,4.199,90.4,99,0,60.0,2026-04-29T16:22:40.443260,4.213
2026-04-29T16:21:41.433811,68.0,0,70.98,0.0,1000.0,0.0,4.199,90.4,99,0,60.0,2026-04-29T16:22:41.433429,4.213
2026-04-29T16:21:41.472760,68.0,0,70.98,0.0,1000.0,0.0,4.199,90.4,99,0,60.0,2026-04-29T16:22:41.472469,4.213
2026-04-29T16:21:42.457248,68.0,0,71.02,0.0,1000.0,0.0,4.199,90.4,99,0,60.0,2026-04-29T16:22:42.457059,4.213
2026-04-29T16:21:42.493185,68.04,0,71.02,0.0,1000.0,0.0,4.199,90.4,99,0,60.0,2026-04-29T16:22:42.493090,4.213
2026-04-29T16:21:42.526799,68.04,0,71.02,0.0,1000.0,0.0,4.199,90.4,99,0,60.0,2026-04-29T16:22:42.526711,4.213
2026-04-29T16:21:43.554884,68.09,0,71.06,0.0,1000.0,0.0,4.199,90.4,99,0,60.0,2026-04-29T16:22:43.554652,4.213
2026-04-29T16:21:43.590907,68.09,0,71.07,0.0,1000.0,0.0,4.199,90.4,99,0,60.0,2026-04-29T16:22:43.590778,4.213
2026-04-29T16:21:43.625864,68.09,0,71.07,0.0,1000.0,0.0,4.199,90.4,99,0,60.0,2026-04-29T16:22:43.625774,4.213
2026-04-29T16:21:44.568299,68.14,0,71.11,0.0,1000.0,0.0,4.199,90.4,99,0,60.0,2026-04-29T16:22:44.568141,4.213
2026-04-29T16:21:44.608089,68.14,0,71.12,0.0,1000.0,0.0,4.199,90.3,99,0,60.0,2026-04-29T16:22:44.607970,4.213
2026-04-29T16:21:44.642151,68.14,0,71.12,0.0,1000.0,0.0,4.199,90.3,99,0,60.0,2026-04-29T16:22:44.642063,4.213
2026-04-29T16:21:45.643902,68.17,0,71.16,0.0,1000.0,0.0,4.199,90.3,99,0,60.0,2026-04-29T16:22:45.643731,4.213
2026-04-29T16:21:45.689408,68.17,0,71.16,0.0,1000.0,0.0,4.199,90.3,99,0,60.0,2026-04-29T16:22:45.689276,4.213
2026-04-29T16:21:45.730657,68.17,0,71.16,0.0,1000.0,0.0,4.199,90.3,99,0,60.0,2026-04-29T16:22:45.730548,4.213
2026-04-29T16:21:46.677601,68.22,0,71.2,0.0,1000.0,0.0,4.199,90.3,99,0,60.0,2026-04-29T16:22:46.677467,4.213
2026-04-29T16:21:46.780137,68.22,0,71.2,0.0,1000.0,0.0,4.199,90.3,99,0,60.0,2026-04-29T16:22:46.779897,4.213
2026-04-29T16:21:47.704347,68.22,0,71.24,0.0,1000.0,0.0,4.199,90.3,99,0,60.0,2026-04-29T16:22:47.704189,4.213
2026-04-29T16:21:47.751301,68.25,0,71.24,0.0,1000.0,0.0,4.199,90.3,99,0,60.0,2026-04-29T16:22:47.751158,4.213
2026-04-29T16:21:47.791594,68.25,0,71.24,0.0,1000.0,0.0,4.199,90.3,99,0,60.0,2026-04-29T16:22:47.791387,4.213
2026-04-29T16:21:48.765058,68.3,0,71.28,0.0,1000.0,0.0,4.199,90.3,99,0,60.0,2026-04-29T16:22:48.764914,4.213
2026-04-29T16:21:48.800136,68.3,0,71.28,0.0,1000.0,0.0,4.199,90.3,99,0,60.0,2026-04-29T16:22:48.800005,4.213
2026-04-29T16:21:48.834439,68.3,0,71.28,0.0,1000.0,0.0,4.199,90.3,99,0,60.0,2026-04-29T16:22:48.834337,4.213
2026-04-29T16:21:49.821151,68.35,0,71.33,0.0,1000.0,0.0,4.199,90.3,99,0,60.0,2026-04-29T16:22:49.820974,4.213
2026-04-29T16:21:49.860577,68.35,0,71.33,0.0,1000.0,0.0,4.199,90.3,99,0,60.0,2026-04-29T16:22:49.860471,4.213
2026-04-29T16:21:49.895206,68.35,0,71.33,0.0,1000.0,0.0,4.199,90.3,99,0,60.0,2026-04-29T16:22:49.895117,4.213
2026-04-29T16:21:50.899718,68.41,0,71.38,0.0,1000.0,0.0,4.199,90.3,99,0,60.0,2026-04-29T16:22:50.899497,4.213
2026-04-29T16:21:50.940320,68.41,0,71.38,0.0,1000.0,0.0,4.199,90.3,99,0,60.0,2026-04-29T16:22:50.940202,4.213
2026-04-29T16:21:50.976548,68.41,0,71.39,0.0,1000.0,0.0,4.199,90.3,99,0,60.0,2026-04-29T16:22:50.976439,4.213
2026-04-29T16:21:51.923798,68.46,0,71.43,0.0,1000.0,0.0,4.199,90.3,99,0,60.0,2026-04-29T16:22:51.923640,4.213
2026-04-29T16:21:51.973279,68.46,0,71.43,0.0,1000.0,0.0,4.199,90.3,99,0,60.0,2026-04-29T16:22:51.973180,4.213
2026-04-29T16:21:52.941790,68.46,0,71.47,0.0,1000.0,0.0,4.199,90.3,99,0,60.0,2026-04-29T16:22:52.941656,4.213
2026-04-29T16:21:52.979065,68.49,0,71.47,0.0,1000.0,0.0,4.199,90.3,99,0,60.0,2026-04-29T16:22:52.978959,4.213
2026-04-29T16:21:53.013459,68.49,0,71.47,0.0,1000.0,0.0,4.199,90.3,99,0,60.0,2026-04-29T16:22:53.013360,4.213
2026-04-29T16:21:54.004617,68.54,0,71.51,0.0,1000.0,0.0,4.199,90.3,99,0,60.0,2026-04-29T16:22:54.004362,4.213
2026-04-29T16:21:54.051608,68.54,0,71.52,0.0,1000.0,0.0,4.199,90.3,99,0,60.0,2026-04-29T16:22:54.051464,4.213
2026-04-29T16:21:54.092022,68.54,0,71.52,0.0,1000.0,0.0,4.199,90.3,99,0,60.0,2026-04-29T16:22:54.091916,4.213
2026-04-29T16:21:55.062318,68.56,0,71.55,0.0,1000.0,0.0,4.199,90.3,99,0,60.0,2026-04-29T16:22:55.062179,4.213
2026-04-29T16:21:55.105422,68.56,0,71.55,0.0,1000.0,0.0,4.199,90.2,99,0,60.0,2026-04-29T16:22:55.105278,4.213
2026-04-29T16:21:55.142389,68.56,0,71.55,0.0,1000.0,0.0,4.199,90.2,99,0,60.0,2026-04-29T16:22:55.142276,4.213
2026-04-29T16:21:56.127934,68.61,0,71.59,0.0,1000.0,0.0,4.199,90.2,99,0,60.0,2026-04-29T16:22:56.127784,4.214
2026-04-29T16:21:56.168718,68.61,0,71.59,0.0,1000.0,0.0,4.199,90.2,99,0,60.0,2026-04-29T16:22:56.168606,4.214
2026-04-29T16:21:56.204470,68.61,0,71.59,0.0,1000.0,0.0,4.199,90.2,99,0,60.0,2026-04-29T16:22:56.204343,4.214
2026-04-29T16:21:57.180814,68.66,0,71.63,0.0,1000.0,0.0,4.199,90.2,99,0,60.0,2026-04-29T16:22:57.180670,4.214
2026-04-29T16:21:57.220847,68.66,0,71.64,0.0,1000.0,0.0,4.199,90.2,99,0,60.0,2026-04-29T16:22:57.220723,4.214
2026-04-29T16:21:58.204049,68.66,0,71.68,0.0,1000.0,0.0,4.199,90.2,99,0,60.0,2026-04-29T16:22:58.203857,4.214
2026-04-29T16:21:58.251418,68.71,0,71.69,0.0,1000.0,0.0,4.199,90.2,99,0,60.0,2026-04-29T16:22:58.251292,4.214
2026-04-29T16:21:58.287987,68.71,0,71.69,0.0,1000.0,0.0,4.199,90.2,99,0,60.0,2026-04-29T16:22:58.287879,4.214
2026-04-29T16:21:59.260099,68.77,0,71.73,0.0,1000.0,0.0,4.199,90.2,99,0,60.0,2026-04-29T16:22:59.259914,4.214
2026-04-29T16:21:59.304909,68.77,0,71.74,0.0,1000.0,0.0,4.199,90.2,99,0,60.0,2026-04-29T16:22:59.304789,4.214
2026-04-29T16:21:59.342306,68.77,0,71.75,0.0,1000.0,0.0,4.199,90.2,99,0,60.0,2026-04-29T16:22:59.342184,4.214
2026-04-29T16:22:00.315479,68.83,0,71.8,0.0,1000.0,0.0,4.199,90.2,99,0,60.0,2026-04-29T16:23:00.315289,4.214
2026-04-29T16:22:00.356762,68.83,0,71.81,0.0,1000.0,0.0,4.199,90.2,99,0,60.0,2026-04-29T16:23:00.356661,4.214
2026-04-29T16:22:00.392985,68.83,0,71.81,0.0,1000.0,0.0,4.199,90.2,99,0,60.0,2026-04-29T16:23:00.392885,4.214
2026-04-29T16:22:01.371228,68.87,0,71.85,0.0,1000.0,0.0,4.199,90.2,99,0,60.0,2026-04-29T16:23:01.371010,4.214
2026-04-29T16:22:01.412099,68.87,0,71.85,0.0,1000.0,0.0,4.199,90.2,99,0,60.0,2026-04-29T16:23:01.411983,4.214
2026-04-29T16:22:01.452747,68.87,0,71.85,0.0,1000.0,0.0,4.199,90.2,99,0,60.0,2026-04-29T16:23:01.452629,4.214
2026-04-29T16:22:02.423934,68.93,0,71.9,0.0,1000.0,0.0,4.199,90.2,99,0,60.0,2026-04-29T16:23:02.423786,4.214
2026-04-29T16:22:02.468681,68.93,0,71.9,0.0,1000.0,0.0,4.199,90.2,99,0,60.0,2026-04-29T16:23:02.468378,4.214
2026-04-29T16:22:03.446212,68.93,0,71.94,0.0,1000.0,0.0,4.199,90.2,99,0,60.0,2026-04-29T16:23:03.445948,4.214
2026-04-29T16:22:03.512113,68.99,0,71.96,0.0,1000.0,0.0,4.199,90.1,99,0,60.0,2026-04-29T16:23:03.511986,4.214
2026-04-29T16:22:03.550789,68.99,0,71.96,0.0,1000.0,0.0,4.199,90.1,99,0,60.0,2026-04-29T16:23:03.550600,4.214
2026-04-29T16:22:04.489731,69.05,0,72.01,0.0,1000.0,0.0,4.199,90.1,99,0,60.0,2026-04-29T16:23:04.489593,4.214
2026-04-29T16:22:04.529412,69.05,0,72.02,0.0,1000.0,0.0,4.199,90.1,99,0,60.0,2026-04-29T16:23:04.529300,4.214
2026-04-29T16:22:04.566824,69.05,0,72.02,0.0,1000.0,0.0,4.199,90.1,99,0,60.0,2026-04-29T16:23:04.566652,4.214
2026-04-29T16:22:05.533309,69.1,0,72.07,0.0,1000.0,0.0,4.199,90.1,99,0,60.0,2026-04-29T16:23:05.532804,4.214
2026-04-29T16:22:05.571865,69.1,0,72.07,0.0,1000.0,0.0,4.199,90.1,99,0,60.0,2026-04-29T16:23:05.571755,4.214
2026-04-29T16:22:05.607717,69.1,0,72.08,0.0,1000.0,0.0,4.199,90.1,99,0,60.0,2026-04-29T16:23:05.607614,4.214
2026-04-29T16:22:06.579555,69.14,0,72.12,0.0,1000.0,0.0,4.199,90.1,99,0,60.0,2026-04-29T16:23:06.579428,4.214
2026-04-29T16:22:06.616194,69.14,0,72.12,0.0,1000.0,0.0,4.199,90.1,99,0,60.0,2026-04-29T16:23:06.616023,4.214
2026-04-29T16:22:06.654343,69.14,0,72.12,0.0,1000.0,0.0,4.199,90.1,99,0,60.0,2026-04-29T16:23:06.654220,4.214
2026-04-29T16:22:07.652964,69.2,0,72.17,0.0,1000.0,0.0,4.199,90.1,99,0,60.0,2026-04-29T16:23:07.652735,4.214
2026-04-29T16:22:07.691967,69.2,0,72.18,0.0,1000.0,0.0,4.199,90.1,99,0,60.0,2026-04-29T16:23:07.691861,4.214
2026-04-29T16:22:08.679536,69.2,0,72.22,0.0,1000.0,0.0,4.199,90.1,99,0,60.0,2026-04-29T16:23:08.679269,4.214
2026-04-29T16:22:08.778482,69.26,0,72.23,0.0,1000.0,0.0,4.199,90.1,99,0,60.0,2026-04-29T16:23:08.778359,4.214
2026-04-29T16:22:08.815580,69.26,0,72.24,0.0,1000.0,0.0,4.199,90.1,99,0,60.0,2026-04-29T16:23:08.815436,4.214
2026-04-29T16:22:09.741450,69.3,0,72.28,0.0,1000.0,0.0,4.199,90.1,99,0,60.0,2026-04-29T16:23:09.741308,4.214
2026-04-29T16:22:09.782049,69.3,0,72.28,0.0,1000.0,0.0,4.199,90.1,99,0,60.0,2026-04-29T16:23:09.781911,4.214
2026-04-29T16:22:09.819205,69.3,0,72.29,0.0,1000.0,0.0,4.199,90.1,99,0,60.0,2026-04-29T16:23:09.819066,4.214
2026-04-29T16:22:10.793844,69.34,0,72.32,0.0,1000.0,0.0,4.199,90.1,99,0,60.0,2026-04-29T16:23:10.793718,4.214
2026-04-29T16:22:10.829061,69.34,0,72.32,0.0,1000.0,0.0,4.199,90.1,99,0,60.0,2026-04-29T16:23:10.828968,4.214
2026-04-29T16:22:10.866516,69.34,0,72.32,0.0,1000.0,0.0,4.199,90.1,99,0,60.0,2026-04-29T16:23:10.866323,4.214
2026-04-29T16:22:11.822441,69.38,0,72.36,0.0,1000.0,0.0,4.199,90.1,99,0,60.0,2026-04-29T16:23:11.822314,4.214
2026-04-29T16:22:11.860464,69.38,0,72.36,0.0,1000.0,0.0,4.199,90.1,99,0,60.0,2026-04-29T16:23:11.860349,4.214
2026-04-29T16:22:11.897206,69.38,0,72.36,0.0,1000.0,0.0,4.199,90.1,99,0,60.0,2026-04-29T16:23:11.897101,4.214
2026-04-29T16:22:12.888449,69.42,0,72.4,0.0,1000.0,0.0,4.199,90.1,99,0,60.0,2026-04-29T16:23:12.888324,4.214
2026-04-29T16:22:12.924400,69.42,0,72.4,0.0,1000.0,0.0,4.199,90.1,99,0,60.0,2026-04-29T16:23:12.924301,4.214
2026-04-29T16:22:13.923029,69.42,0,72.44,0.0,1000.0,0.0,4.199,90.1,99,0,60.0,2026-04-29T16:23:13.922854,4.214
2026-04-29T16:22:13.969653,69.47,0,72.44,0.0,1000.0,0.0,4.199,90.0,99,0,60.0,2026-04-29T16:23:13.969536,4.214
2026-04-29T16:22:14.006292,69.47,0,72.45,0.0,1000.0,0.0,4.199,90.0,99,0,60.0,2026-04-29T16:23:14.006184,4.214
2026-04-29T16:22:14.972506,69.51,0,72.49,0.0,1000.0,0.0,4.199,90.0,99,0,60.0,2026-04-29T16:23:14.972357,4.214
2026-04-29T16:22:15.015567,69.51,0,72.49,0.0,1000.0,0.0,4.199,90.0,99,0,60.0,2026-04-29T16:23:15.015391,4.214
2026-04-29T16:22:15.052377,69.51,0,72.49,0.0,1000.0,0.0,4.199,90.0,99,0,60.0,2026-04-29T16:23:15.052259,4.214
2026-04-29T16:22:16.035896,69.55,0,72.53,0.0,1000.0,0.0,4.199,90.0,99,0,60.0,2026-04-29T16:23:16.035692,4.214
2026-04-29T16:22:16.077796,69.55,0,72.53,0.0,1000.0,0.0,4.199,90.0,99,0,60.0,2026-04-29T16:23:16.077682,4.214
2026-04-29T16:22:16.114300,69.55,0,72.53,0.0,1000.0,0.0,4.199,90.0,99,0,60.0,2026-04-29T16:23:16.114204,4.214
2026-04-29T16:22:17.092258,69.6,0,72.57,0.0,1000.0,0.0,4.199,90.0,99,0,60.0,2026-04-29T16:23:17.092105,4.214
2026-04-29T16:22:17.131682,69.6,0,72.58,0.0,1000.0,0.0,4.199,90.0,99,0,60.0,2026-04-29T16:23:17.131565,4.214
2026-04-29T16:22:17.168962,69.6,0,72.58,0.0,1000.0,0.0,4.199,90.0,99,0,60.0,2026-04-29T16:23:17.168848,4.214
2026-04-29T16:22:18.145663,69.64,0,72.62,0.0,1000.0,0.0,4.199,90.0,99,0,60.0,2026-04-29T16:23:18.145534,4.214
2026-04-29T16:22:18.184730,69.64,0,72.62,0.0,1000.0,0.0,4.199,90.0,99,0,60.0,2026-04-29T16:23:18.184601,4.214
2026-04-29T16:22:19.168474,69.64,0,72.66,0.0,1000.0,0.0,4.199,90.0,99,0,60.0,2026-04-29T16:23:19.168304,4.214
2026-04-29T16:22:19.215106,69.67,0,72.66,0.0,1000.0,0.0,4.199,90.0,99,0,60.0,2026-04-29T16:23:19.214962,4.214
2026-04-29T16:22:19.252066,69.67,0,72.66,0.0,1000.0,0.0,4.199,90.0,99,0,60.0,2026-04-29T16:23:19.251926,4.214
2026-04-29T16:22:20.222648,69.72,0,72.69,0.0,1000.0,0.0,4.199,90.0,99,0,60.0,2026-04-29T16:23:20.222481,4.214
2026-04-29T16:22:20.266095,69.72,0,72.69,0.0,1000.0,0.0,4.199,90.0,99,0,60.0,2026-04-29T16:23:20.265957,4.214
2026-04-29T16:22:20.302685,69.72,0,72.69,0.0,1000.0,0.0,4.199,90.0,99,0,60.0,2026-04-29T16:23:20.302583,4.214
2026-04-29T16:22:21.276531,69.77,0,72.74,0.0,1000.0,0.0,4.199,90.0,99,0,60.0,2026-04-29T16:23:21.276376,4.214
2026-04-29T16:22:21.318978,69.77,0,72.74,0.0,1000.0,0.0,4.199,90.0,99,0,60.0,2026-04-29T16:23:21.318852,4.214
2026-04-29T16:22:21.355761,69.77,0,72.74,0.0,1000.0,0.0,4.199,90.0,99,0,60.0,2026-04-29T16:23:21.355653,4.214
2026-04-29T16:22:22.329819,69.81,0,72.78,0.0,1000.0,0.0,4.199,90.0,99,0,60.0,2026-04-29T16:23:22.329677,4.214
2026-04-29T16:22:22.369801,69.81,0,72.78,0.0,1000.0,0.0,4.199,90.0,99,0,60.0,2026-04-29T16:23:22.369683,4.214
2026-04-29T16:22:22.406174,69.81,0,72.78,0.0,1000.0,0.0,4.199,90.0,99,0,60.0,2026-04-29T16:23:22.406074,4.214
2026-04-29T16:22:23.374720,69.85,0,72.82,0.0,1000.0,0.0,4.199,90.0,99,0,60.0,2026-04-29T16:23:23.374541,4.214
2026-04-29T16:22:23.417510,69.85,0,72.82,0.0,1000.0,0.0,4.199,90.0,99,0,60.0,2026-04-29T16:23:23.417350,4.214
2026-04-29T16:22:24.404906,69.85,0,72.86,0.0,1000.0,0.0,4.199,90.0,99,0,60.0,2026-04-29T16:23:24.404708,4.214
2026-04-29T16:22:24.454720,69.89,0,72.86,0.0,1000.0,0.0,4.199,89.9,99,0,60.0,2026-04-29T16:23:24.454595,4.214
2026-04-29T16:22:24.492610,69.89,0,72.86,0.0,1000.0,0.0,4.199,89.9,99,0,60.0,2026-04-29T16:23:24.492461,4.214
2026-04-29T16:22:25.464782,69.93,0,72.9,0.0,1000.0,0.0,4.199,89.9,99,0,60.0,2026-04-29T16:23:25.464630,4.214
2026-04-29T16:22:25.528013,69.93,0,72.9,0.0,1000.0,0.0,4.199,89.9,99,0,60.0,2026-04-29T16:23:25.527889,4.214
2026-04-29T16:22:25.567402,69.93,0,72.9,0.0,1000.0,0.0,4.199,89.9,99,0,60.0,2026-04-29T16:23:25.567143,4.214
2026-04-29T16:22:26.499630,69.97,0,72.94,0.0,1000.0,0.0,4.199,89.9,99,0,60.0,2026-04-29T16:23:26.499306,4.214
2026-04-29T16:22:26.537179,69.97,0,72.94,0.0,1000.0,0.0,4.199,89.9,99,0,60.0,2026-04-29T16:23:26.537064,4.214
2026-04-29T16:22:26.574322,69.97,0,72.94,0.0,1000.0,0.0,4.199,89.9,99,0,60.0,2026-04-29T16:23:26.574217,4.214
2026-04-29T16:22:27.547459,70.03,0,72.99,0.0,1000.0,0.0,4.199,89.9,99,0,60.0,2026-04-29T16:23:27.547340,4.214
2026-04-29T16:22:27.586593,70.03,0,72.99,0.0,1000.0,0.0,4.199,89.9,99,0,60.0,2026-04-29T16:23:27.586461,4.214
2026-04-29T16:22:27.623675,70.03,0,73.0,0.0,1000.0,0.0,4.199,89.9,99,0,60.0,2026-04-29T16:23:27.623564,4.214
2026-04-29T16:22:28.600779,70.09,0,73.05,0.0,1000.0,0.0,4.199,89.9,99,0,60.0,2026-04-29T16:23:28.600598,4.214
2026-04-29T16:22:28.637460,70.09,0,73.05,0.0,1000.0,0.0,4.199,89.9,99,0,60.0,2026-04-29T16:23:28.637350,4.214
2026-04-29T16:22:29.638951,70.09,0,73.1,0.0,1000.0,0.0,4.199,89.9,99,0,60.0,2026-04-29T16:23:29.638795,4.214
2026-04-29T16:22:29.683564,70.13,0,73.1,0.0,1000.0,0.0,4.199,89.9,99,0,60.0,2026-04-29T16:23:29.683451,4.214
2026-04-29T16:22:29.720482,70.13,0,73.1,0.0,1000.0,0.0,4.199,89.9,99,0,60.0,2026-04-29T16:23:29.720378,4.214
2026-04-29T16:22:30.718556,70.21,0,73.15,0.0,1000.0,0.0,4.199,89.9,99,0,60.0,2026-04-29T16:23:30.705306,4.214
2026-04-29T16:22:30.804286,70.21,0,73.17,0.0,1000.0,0.0,4.199,89.9,99,0,60.0,2026-04-29T16:23:30.804161,4.214
2026-04-29T16:22:30.841816,70.21,0,73.18,0.0,1000.0,0.0,4.199,89.9,99,0,60.0,2026-04-29T16:23:30.841724,4.214
2026-04-29T16:22:31.751453,70.26,0,73.22,0.0,1000.0,0.0,4.199,89.9,99,0,60.0,2026-04-29T16:23:31.751348,4.214
2026-04-29T16:22:31.789243,70.26,0,73.22,0.0,1000.0,0.0,4.199,89.9,99,0,60.0,2026-04-29T16:23:31.789150,4.214
2026-04-29T16:22:31.834414,70.26,0,73.22,0.0,1000.0,0.0,4.199,89.9,99,0,60.0,2026-04-29T16:23:31.834270,4.214
2026-04-29T16:22:32.784508,70.32,0,73.27,0.0,1000.0,0.0,4.199,89.9,99,0,60.0,2026-04-29T16:23:32.784365,4.214
2026-04-29T16:22:32.820403,70.32,0,73.28,0.0,1000.0,0.0,4.199,89.9,99,0,60.0,2026-04-29T16:23:32.820289,4.214
2026-04-29T16:22:32.858644,70.32,0,73.28,0.0,1000.0,0.0,4.199,89.9,99,0,60.0,2026-04-29T16:23:32.858321,4.214
2026-04-29T16:22:33.840550,70.4,0,73.34,0.0,1000.0,0.0,4.199,89.8,99,0,60.0,2026-04-29T16:23:33.840419,4.214
2026-04-29T16:22:33.877555,70.4,0,73.35,0.0,1000.0,0.0,4.199,89.8,99,0,60.0,2026-04-29T16:23:33.877437,4.214
2026-04-29T16:22:34.866907,70.4,0,73.4,0.0,1000.0,0.0,4.199,89.8,99,0,60.0,2026-04-29T16:23:34.866427,4.214
2026-04-29T16:22:34.909126,70.46,0,73.42,0.0,1000.0,0.0,4.199,89.8,99,0,60.0,2026-04-29T16:23:34.909033,4.214
2026-04-29T16:22:34.944594,70.46,0,73.42,0.0,1000.0,0.0,4.199,89.8,99,0,60.0,2026-04-29T16:23:34.944498,4.214
2026-04-29T16:22:35.942441,70.53,0,73.47,0.0,1000.0,0.0,4.199,89.8,99,0,60.0,2026-04-29T16:23:35.942293,4.214
2026-04-29T16:22:35.987384,70.53,0,73.49,0.0,1000.0,0.0,4.199,89.8,99,0,60.0,2026-04-29T16:23:35.987262,4.214
2026-04-29T16:22:36.024788,70.53,0,73.49,0.0,1000.0,0.0,4.199,89.8,99,0,60.0,2026-04-29T16:23:36.024677,4.214
2026-04-29T16:22:36.984756,70.6,0,73.54,0.0,1000.0,0.0,4.199,89.8,99,0,60.0,2026-04-29T16:23:36.984579,4.214
2026-04-29T16:22:37.027013,70.6,0,73.56,0.0,1000.0,0.0,4.199,89.8,99,0,60.0,2026-04-29T16:23:37.026909,4.214
2026-04-29T16:22:37.065157,70.6,0,73.56,0.0,1000.0,0.0,4.199,89.8,99,0,60.0,2026-04-29T16:23:37.065050,4.214
2026-04-29T16:22:38.055836,70.65,0,73.61,0.0,1000.0,0.0,4.199,89.8,99,0,60.0,2026-04-29T16:23:38.055575,4.214
2026-04-29T16:22:38.125371,70.65,0,73.62,0.0,1000.0,0.0,4.199,89.8,99,0,60.0,2026-04-29T16:23:38.125233,4.214
2026-04-29T16:22:38.190253,70.65,0,73.62,0.0,1000.0,0.0,4.199,89.8,99,0,60.0,2026-04-29T16:23:38.190040,4.214
2026-04-29T16:22:39.264287,70.72,0,73.68,0.0,1000.0,0.0,4.199,89.8,99,0,60.0,2026-04-29T16:23:39.263999,4.214
2026-04-29T16:22:39.323833,70.72,0,73.68,0.0,1000.0,0.0,4.199,89.8,99,0,60.0,2026-04-29T16:23:39.323702,4.214
2026-04-29T16:22:40.111951,70.72,0,73.72,0.0,1000.0,0.0,4.199,89.8,99,0,60.0,2026-04-29T16:23:40.111823,4.214
2026-04-29T16:22:40.148588,70.8,0,73.74,0.0,1000.0,0.0,4.199,89.7,99,0,60.0,2026-04-29T16:23:40.148484,4.214
2026-04-29T16:22:40.183793,70.8,0,73.75,0.0,1000.0,0.0,4.199,89.7,99,0,60.0,2026-04-29T16:23:40.183650,4.214
2026-04-29T16:22:41.174656,70.85,0,73.8,0.0,1000.0,0.0,4.199,89.7,99,0,60.0,2026-04-29T16:23:41.174528,4.214
2026-04-29T16:22:41.212380,70.85,0,73.81,0.0,1000.0,0.0,4.199,89.7,99,0,60.0,2026-04-29T16:23:41.212279,4.214
2026-04-29T16:22:41.246119,70.85,0,73.81,0.0,1000.0,0.0,4.199,89.7,99,0,60.0,2026-04-29T16:23:41.246029,4.214
2026-04-29T16:22:42.239539,70.88,0,73.85,0.0,1000.0,0.0,4.199,89.7,99,0,60.0,2026-04-29T16:23:42.239415,4.214
2026-04-29T16:22:42.279599,70.88,0,73.85,0.0,1000.0,0.0,4.199,89.7,99,0,60.0,2026-04-29T16:23:42.279486,4.214
2026-04-29T16:22:42.314348,70.88,0,73.85,0.0,1000.0,0.0,4.199,89.7,99,0,60.0,2026-04-29T16:23:42.314263,4.214
2026-04-29T16:22:43.291949,70.93,0,73.89,0.0,1000.0,0.0,4.199,89.7,99,0,60.0,2026-04-29T16:23:43.291815,4.214
2026-04-29T16:22:43.329821,70.93,0,73.9,0.0,1000.0,0.0,4.199,89.7,99,0,60.0,2026-04-29T16:23:43.329740,4.214
2026-04-29T16:22:43.364570,70.93,0,73.9,0.0,1000.0,0.0,4.199,89.7,99,0,60.0,2026-04-29T16:23:43.364458,4.214
2026-04-29T16:22:44.345802,70.99,0,73.95,0.0,1000.0,0.0,4.199,89.7,99,0,60.0,2026-04-29T16:23:44.345594,4.214
2026-04-29T16:22:44.382985,70.99,0,73.96,0.0,1000.0,0.0,4.199,89.7,99,0,60.0,2026-04-29T16:23:44.382900,4.214
2026-04-29T16:22:45.370119,70.99,0,74.0,0.0,1000.0,0.0,4.199,89.7,99,0,60.0,2026-04-29T16:23:45.369972,4.214
2026-04-29T16:22:45.415251,71.03,0,74.0,0.0,1000.0,0.0,4.199,89.7,99,0,60.0,2026-04-29T16:23:45.415143,4.214
2026-04-29T16:22:45.453369,71.03,0,74.0,0.0,1000.0,0.0,4.199,89.7,99,0,60.0,2026-04-29T16:23:45.453269,4.214
2026-04-29T16:22:46.410804,71.09,0,74.04,0.0,1000.0,0.0,4.199,89.7,99,0,60.0,2026-04-29T16:23:46.410673,4.214
2026-04-29T16:22:46.449431,71.09,0,74.05,0.0,1000.0,0.0,4.199,89.7,99,0,60.0,2026-04-29T16:23:46.449311,4.214
2026-04-29T16:22:46.484447,71.09,0,74.06,0.0,1000.0,0.0,4.199,89.7,99,0,60.0,2026-04-29T16:23:46.484358,4.214
2026-04-29T16:22:47.467041,71.14,0,74.1,0.0,1000.0,0.0,4.199,89.7,99,0,60.0,2026-04-29T16:23:47.466925,4.214
2026-04-29T16:22:47.505686,71.14,0,74.11,0.0,1000.0,0.0,4.199,89.7,99,0,60.0,2026-04-29T16:23:47.505572,4.214
2026-04-29T16:22:47.601128,71.14,0,74.11,0.0,1000.0,0.0,4.199,89.7,99,0,60.0,2026-04-29T16:23:47.587887,4.214
2026-04-29T16:22:48.533736,71.19,0,74.15,0.0,1000.0,0.0,4.199,89.7,99,0,60.0,2026-04-29T16:23:48.533607,4.214
2026-04-29T16:22:48.572287,71.19,0,74.16,0.0,1000.0,0.0,4.199,89.7,99,0,60.0,2026-04-29T16:23:48.572202,4.214
2026-04-29T16:22:48.607214,71.19,0,74.16,0.0,1000.0,0.0,4.199,89.7,99,0,60.0,2026-04-29T16:23:48.607118,4.214
2026-04-29T16:22:49.608947,71.24,0,74.2,0.0,1000.0,0.0,4.199,89.6,99,0,60.0,2026-04-29T16:23:49.608821,4.214
2026-04-29T16:22:49.644083,71.24,0,74.2,0.0,1000.0,0.0,4.199,89.6,99,0,60.0,2026-04-29T16:23:49.643990,4.214
2026-04-29T16:22:50.614764,71.24,0,74.24,0.0,1000.0,0.0,4.199,89.6,99,0,60.0,2026-04-29T16:23:50.614532,4.214
2026-04-29T16:22:50.659132,71.27,0,74.24,0.0,1000.0,0.0,4.199,89.6,99,0,60.0,2026-04-29T16:23:50.659022,4.214
2026-04-29T16:22:50.693248,71.27,0,74.24,0.0,1000.0,0.0,4.199,89.6,99,0,60.0,2026-04-29T16:23:50.693161,4.214
2026-04-29T16:22:51.644859,71.33,0,74.28,0.0,1000.0,0.0,4.199,89.6,99,0,60.0,2026-04-29T16:23:51.644737,4.214
2026-04-29T16:22:51.680897,71.33,0,74.29,0.0,1000.0,0.0,4.199,89.6,99,0,60.0,2026-04-29T16:23:51.680790,4.214
2026-04-29T16:22:51.716981,71.33,0,74.29,0.0,1000.0,0.0,4.199,89.6,99,0,60.0,2026-04-29T16:23:51.716870,4.214
2026-04-29T16:22:52.726105,71.38,0,74.34,0.0,1000.0,0.0,4.199,89.6,99,0,60.0,2026-04-29T16:23:52.725965,4.214
2026-04-29T16:22:52.765598,71.38,0,74.35,0.0,1000.0,0.0,4.199,89.6,99,0,60.0,2026-04-29T16:23:52.765505,4.214
2026-04-29T16:22:52.799998,71.38,0,74.35,0.0,1000.0,0.0,4.199,89.6,99,0,60.0,2026-04-29T16:23:52.799919,4.214
2026-04-29T16:22:53.759258,71.42,0,74.39,0.0,1000.0,0.0,4.199,89.6,99,0,60.0,2026-04-29T16:23:53.759146,4.214
2026-04-29T16:22:53.793976,71.42,0,74.39,0.0,1000.0,0.0,4.199,89.6,99,0,60.0,2026-04-29T16:23:53.793882,4.214
2026-04-29T16:22:53.828774,71.42,0,74.39,0.0,1000.0,0.0,4.199,89.6,99,0,60.0,2026-04-29T16:23:53.828693,4.214
2026-04-29T16:22:54.822707,71.47,0,74.43,0.0,1000.0,0.0,4.199,89.6,99,0,60.0,2026-04-29T16:23:54.822588,4.214
2026-04-29T16:22:54.859019,71.47,0,74.43,0.0,1000.0,0.0,4.199,89.6,99,0,60.0,2026-04-29T16:23:54.858920,4.214
2026-04-29T16:22:55.843300,71.47,0,74.47,0.0,1000.0,0.0,4.199,89.6,99,0,60.0,2026-04-29T16:23:55.843156,4.214
2026-04-29T16:22:55.883803,71.51,0,74.47,0.0,1000.0,0.0,4.199,89.6,99,0,60.0,2026-04-29T16:23:55.883693,4.214
2026-04-29T16:22:55.917653,71.51,0,74.47,0.0,1000.0,0.0,4.199,89.6,99,0,60.0,2026-04-29T16:23:55.917574,4.214
2026-04-29T16:22:56.888808,71.55,0,74.51,0.0,1000.0,0.0,4.199,89.6,99,0,60.0,2026-04-29T16:23:56.888699,4.214
2026-04-29T16:22:56.923744,71.55,0,74.51,0.0,1000.0,0.0,4.199,89.6,99,0,60.0,2026-04-29T16:23:56.923652,4.214
2026-04-29T16:22:56.958160,71.55,0,74.51,0.0,1000.0,0.0,4.199,89.6,99,0,60.0,2026-04-29T16:23:56.958072,4.214
2026-04-29T16:22:57.958031,71.59,0,74.55,0.0,1000.0,0.0,4.199,89.6,99,0,60.0,2026-04-29T16:23:57.957796,4.214
2026-04-29T16:22:58.061869,71.59,0,74.56,0.0,1000.0,0.0,4.199,89.6,99,0,60.0,2026-04-29T16:23:58.061741,4.214
2026-04-29T16:22:58.107227,71.59,0,74.56,0.0,1000.0,0.0,4.199,89.6,99,0,60.0,2026-04-29T16:23:58.107095,4.214
2026-04-29T16:22:59.010310,71.62,0,74.59,0.0,1000.0,0.0,4.199,89.6,99,0,60.0,2026-04-29T16:23:59.010094,4.214
2026-04-29T16:22:59.050479,71.62,0,74.59,0.0,1000.0,0.0,4.199,89.6,99,0,60.0,2026-04-29T16:23:59.050322,4.214
2026-04-29T16:22:59.089997,71.62,0,74.59,0.0,1000.0,0.0,4.199,89.6,99,0,60.0,2026-04-29T16:23:59.089889,4.214
2026-04-29T16:23:00.077238,71.68,0,74.63,0.0,1000.0,0.0,4.199,89.5,99,0,60.0,2026-04-29T16:24:00.077098,4.214
2026-04-29T16:23:00.117282,71.68,0,74.63,0.0,1000.0,0.0,4.199,89.5,99,0,60.0,2026-04-29T16:24:00.117135,4.214
2026-04-29T16:23:01.094780,71.68,0,74.67,0.0,1000.0,0.0,4.199,89.5,99,0,60.0,2026-04-29T16:24:01.094602,4.214
2026-04-29T16:23:01.142458,71.72,0,74.68,0.0,1000.0,0.0,4.199,89.5,99,0,60.0,2026-04-29T16:24:01.142304,4.214
2026-04-29T16:23:01.179242,71.72,0,74.68,0.0,1000.0,0.0,4.199,89.5,99,0,60.0,2026-04-29T16:24:01.179120,4.214
2026-04-29T16:23:02.152712,71.76,0,74.72,0.0,1000.0,0.0,4.199,89.5,99,0,60.0,2026-04-29T16:24:02.152518,4.214
2026-04-29T16:23:02.196729,71.76,0,74.72,0.0,1000.0,0.0,4.199,89.5,99,0,60.0,2026-04-29T16:24:02.196630,4.214
2026-04-29T16:23:02.236646,71.76,0,74.72,0.0,1000.0,0.0,4.199,89.5,99,0,60.0,2026-04-29T16:24:02.236514,4.214
2026-04-29T16:23:03.208290,71.8,0,74.76,0.0,1000.0,0.0,4.199,89.5,99,0,60.0,2026-04-29T16:24:03.208133,4.214
2026-04-29T16:23:03.248687,71.8,0,74.76,0.0,1000.0,0.0,4.199,89.5,99,0,60.0,2026-04-29T16:24:03.248582,4.214
2026-04-29T16:23:03.286109,71.8,0,74.76,0.0,1000.0,0.0,4.199,89.5,99,0,60.0,2026-04-29T16:24:03.285952,4.214
2026-04-29T16:23:04.259445,71.85,0,74.8,0.0,1000.0,0.0,4.199,89.5,99,0,60.0,2026-04-29T16:24:04.259280,4.214
2026-04-29T16:23:04.301274,71.85,0,74.81,0.0,1000.0,0.0,4.199,89.5,99,0,60.0,2026-04-29T16:24:04.301138,4.214
2026-04-29T16:23:04.339740,71.85,0,74.81,0.0,1000.0,0.0,4.199,89.5,99,0,60.0,2026-04-29T16:24:04.339632,4.214
2026-04-29T16:23:05.317673,71.9,0,74.85,0.0,1000.0,0.0,4.199,89.5,99,0,60.0,2026-04-29T16:24:05.317473,4.214
2026-04-29T16:23:05.357188,71.9,0,74.86,0.0,1000.0,0.0,4.199,89.5,99,0,60.0,2026-04-29T16:24:05.357046,4.214
2026-04-29T16:23:06.336522,71.9,0,74.9,0.0,1000.0,0.0,4.199,89.5,99,0,60.0,2026-04-29T16:24:06.336309,4.214
2026-04-29T16:23:06.387517,71.94,0,74.9,0.0,1000.0,0.0,4.199,89.5,99,0,60.0,2026-04-29T16:24:06.387372,4.214
2026-04-29T16:23:06.428616,71.94,0,74.9,0.0,1000.0,0.0,4.199,89.5,99,0,60.0,2026-04-29T16:24:06.428478,4.214
2026-04-29T16:23:07.394190,71.99,0,74.94,0.0,1000.0,0.0,4.199,89.5,99,0,60.0,2026-04-29T16:24:07.394012,4.214
2026-04-29T16:23:07.441188,71.99,0,74.95,0.0,1000.0,0.0,4.199,89.5,99,0,60.0,2026-04-29T16:24:07.441059,4.214
2026-04-29T16:23:07.479138,71.99,0,74.95,0.0,1000.0,0.0,4.199,89.5,99,0,60.0,2026-04-29T16:24:07.479021,4.214
2026-04-29T16:23:08.474646,72.06,0,75.0,0.0,1000.0,0.0,4.199,89.5,99,0,60.0,2026-04-29T16:24:08.474172,4.214
2026-04-29T16:23:08.556791,72.06,0,75.01,0.0,1000.0,0.0,4.199,89.5,99,0,60.0,2026-04-29T16:24:08.556601,4.214
2026-04-29T16:23:08.604297,72.06,0,75.02,0.0,1000.0,0.0,4.199,89.5,99,0,60.0,2026-04-29T16:24:08.604169,4.214
2026-04-29T16:23:09.493125,72.12,0,75.06,0.0,1000.0,0.0,4.199,89.4,99,0,60.0,2026-04-29T16:24:09.492954,4.214
2026-04-29T16:23:09.531365,72.12,0,75.07,0.0,1000.0,0.0,4.199,89.4,99,0,60.0,2026-04-29T16:24:09.531257,4.214
2026-04-29T16:23:09.570236,72.12,0,75.07,0.0,1000.0,0.0,4.199,89.4,99,0,60.0,2026-04-29T16:24:09.570107,4.214
2026-04-29T16:23:10.530633,72.16,0,75.11,0.0,1000.0,0.0,4.199,89.4,99,0,60.0,2026-04-29T16:24:10.530504,4.214
2026-04-29T16:23:10.577299,72.16,0,75.12,0.0,1000.0,0.0,4.199,89.4,99,0,60.0,2026-04-29T16:24:10.577161,4.214
2026-04-29T16:23:11.564014,72.16,0,75.15,0.0,1000.0,0.0,4.199,89.4,99,0,60.0,2026-04-29T16:24:11.563866,4.214
2026-04-29T16:23:11.607846,72.22,0,75.17,0.0,1000.0,0.0,4.199,89.4,99,0,60.0,2026-04-29T16:24:11.607717,4.214
2026-04-29T16:23:11.644826,72.22,0,75.17,0.0,1000.0,0.0,4.199,89.4,99,0,60.0,2026-04-29T16:24:11.644709,4.214
2026-04-29T16:23:12.625570,72.28,0,75.22,0.0,1000.0,0.0,4.199,89.4,99,0,60.0,2026-04-29T16:24:12.625427,4.214
2026-04-29T16:23:12.668816,72.28,0,75.23,0.0,1000.0,0.0,4.199,89.4,99,0,60.0,2026-04-29T16:24:12.667622,4.214
2026-04-29T16:23:12.764881,72.28,0,75.24,0.0,1000.0,0.0,4.199,89.4,99,0,60.0,2026-04-29T16:24:12.764707,4.214
2026-04-29T16:23:13.679780,72.33,0,75.28,0.0,1000.0,0.0,4.199,89.4,99,0,60.0,2026-04-29T16:24:13.679609,4.214
2026-04-29T16:23:13.722252,72.33,0,75.28,0.0,1000.0,0.0,4.199,89.4,99,0,60.0,2026-04-29T16:24:13.722136,4.214
2026-04-29T16:23:13.759399,72.33,0,75.29,0.0,1000.0,0.0,4.199,89.4,99,0,60.0,2026-04-29T16:24:13.759307,4.214
2026-04-29T16:23:14.774236,72.37,0,75.33,0.0,1000.0,0.0,4.199,89.4,99,0,60.0,2026-04-29T16:24:14.774097,4.214
2026-04-29T16:23:14.809633,72.37,0,75.33,0.0,1000.0,0.0,4.199,89.4,99,0,60.0,2026-04-29T16:24:14.809551,4.214
2026-04-29T16:23:14.844996,72.37,0,75.33,0.0,1000.0,0.0,4.199,89.4,99,0,60.0,2026-04-29T16:24:14.844884,4.214
2026-04-29T16:23:15.775782,72.43,0,75.38,0.0,1000.0,0.0,4.199,89.4,99,0,60.0,2026-04-29T16:24:15.775660,4.214
2026-04-29T16:23:15.811605,72.43,0,75.39,0.0,1000.0,0.0,4.199,89.4,99,0,60.0,2026-04-29T16:24:15.811424,4.214
2026-04-29T16:23:16.796670,72.43,0,75.43,0.0,1000.0,0.0,4.199,89.4,99,0,60.0,2026-04-29T16:24:16.796564,4.214
2026-04-29T16:23:16.835350,72.48,0,75.44,0.0,1000.0,0.0,4.199,89.4,99,0,60.0,2026-04-29T16:24:16.835201,4.214
2026-04-29T16:23:16.872361,72.48,0,75.44,0.0,1000.0,0.0,4.199,89.4,99,0,60.0,2026-04-29T16:24:16.872254,4.214
2026-04-29T16:23:17.860249,72.53,0,75.48,0.0,1000.0,0.0,4.199,89.4,99,0,60.0,2026-04-29T16:24:17.859867,4.214
2026-04-29T16:23:17.906241,72.53,0,75.49,0.0,1000.0,0.0,4.199,89.4,99,0,60.0,2026-04-29T16:24:17.906124,4.214
2026-04-29T16:23:17.948881,72.53,0,75.49,0.0,1000.0,0.0,4.199,89.4,99,0,60.0,2026-04-29T16:24:17.948780,4.214
2026-04-29T16:23:18.903335,72.6,0,75.54,0.0,1000.0,0.0,4.199,89.4,99,0,60.0,2026-04-29T16:24:18.903176,4.214
2026-04-29T16:23:18.941894,72.6,0,75.55,0.0,1000.0,0.0,4.199,89.3,99,0,60.0,2026-04-29T16:24:18.941784,4.214
2026-04-29T16:23:18.978343,72.6,0,75.55,0.0,1000.0,0.0,4.199,89.3,99,0,60.0,2026-04-29T16:24:18.978243,4.214
2026-04-29T16:23:19.976191,72.65,0,75.6,0.0,1000.0,0.0,4.199,89.3,99,0,60.0,2026-04-29T16:24:19.976022,4.214
2026-04-29T16:23:20.018775,72.65,0,75.6,0.0,1000.0,0.0,4.199,89.3,99,0,60.0,2026-04-29T16:24:20.018580,4.214
2026-04-29T16:23:20.056852,72.65,0,75.61,0.0,1000.0,0.0,4.199,89.3,99,0,60.0,2026-04-29T16:24:20.056746,4.214
2026-04-29T16:23:21.034081,72.7,0,75.65,0.0,1000.0,0.0,4.199,89.3,99,0,60.0,2026-04-29T16:24:21.033927,4.214
2026-04-29T16:23:21.076248,72.7,0,75.66,0.0,1000.0,0.0,4.199,89.3,99,0,60.0,2026-04-29T16:24:21.076122,4.214
2026-04-29T16:23:22.057614,72.7,0,75.69,0.0,1000.0,0.0,4.199,89.3,99,0,60.0,2026-04-29T16:24:22.057428,4.214
2026-04-29T16:23:22.105390,72.74,0,75.7,0.0,1000.0,0.0,4.199,89.3,99,0,60.0,2026-04-29T16:24:22.105258,4.214
2026-04-29T16:23:22.143342,72.74,0,75.7,0.0,1000.0,0.0,4.199,89.3,99,0,60.0,2026-04-29T16:24:22.143227,4.214
2026-04-29T16:23:23.115186,72.78,0,75.74,0.0,1000.0,0.0,4.199,89.3,99,0,60.0,2026-04-29T16:24:23.115047,4.214
2026-04-29T16:23:23.161436,72.78,0,75.74,0.0,1000.0,0.0,4.199,89.3,99,0,60.0,2026-04-29T16:24:23.161304,4.214
2026-04-29T16:23:23.198262,72.78,0,75.74,0.0,1000.0,0.0,4.199,89.3,99,0,60.0,2026-04-29T16:24:23.198153,4.214
2026-04-29T16:23:24.168048,72.84,0,75.79,0.0,1000.0,0.0,4.199,89.3,99,0,60.0,2026-04-29T16:24:24.167829,4.214
2026-04-29T16:23:24.210943,72.84,0,75.79,0.0,1000.0,0.0,4.199,89.3,99,0,60.0,2026-04-29T16:24:24.210825,4.214
2026-04-29T16:23:24.247305,72.84,0,75.8,0.0,1000.0,0.0,4.199,89.3,99,0,60.0,2026-04-29T16:24:24.247188,4.214
2026-04-29T16:23:25.224799,72.87,0,75.83,0.0,1000.0,0.0,4.199,89.3,99,0,60.0,2026-04-29T16:24:25.224653,4.214
2026-04-29T16:23:25.264337,72.87,0,75.84,0.0,1000.0,0.0,4.199,89.3,99,0,60.0,2026-04-29T16:24:25.264234,4.214
2026-04-29T16:23:25.301938,72.87,0,75.84,0.0,1000.0,0.0,4.199,89.3,99,0,60.0,2026-04-29T16:24:25.301778,4.214
2026-04-29T16:23:26.272729,72.93,0,75.88,0.0,1000.0,0.0,4.199,89.3,99,0,60.0,2026-04-29T16:24:26.272552,4.214
2026-04-29T16:23:26.312483,72.93,0,75.89,0.0,1000.0,0.0,4.199,89.3,99,0,60.0,2026-04-29T16:24:26.312361,4.214
2026-04-29T16:23:27.299874,72.93,0,75.93,0.0,1000.0,0.0,4.199,89.3,99,0,60.0,2026-04-29T16:24:27.299708,4.214
2026-04-29T16:23:27.347044,72.96,0,75.93,0.0,1000.0,0.0,4.199,89.3,99,0,60.0,2026-04-29T16:24:27.346918,4.214
2026-04-29T16:23:27.387833,72.96,0,75.93,0.0,1000.0,0.0,4.199,89.3,99,0,60.0,2026-04-29T16:24:27.387716,4.214
2026-04-29T16:23:28.358269,73.0,0,75.96,0.0,1000.0,0.0,4.199,89.3,99,0,60.0,2026-04-29T16:24:28.358091,4.214
2026-04-29T16:23:28.402451,73.0,0,75.97,0.0,1000.0,0.0,4.199,89.3,99,0,60.0,2026-04-29T16:24:28.402266,4.214
2026-04-29T16:23:28.445524,73.0,0,75.97,0.0,1000.0,0.0,4.199,89.3,99,0,60.0,2026-04-29T16:24:28.445402,4.214
2026-04-29T16:23:29.427950,73.04,0,76.0,0.0,1000.0,0.0,4.199,89.3,99,0,60.0,2026-04-29T16:24:29.427638,4.214
2026-04-29T16:23:29.490061,73.04,0,76.0,0.0,1000.0,0.0,4.199,89.2,99,0,60.0,2026-04-29T16:24:29.489902,4.214
2026-04-29T16:23:29.563141,73.04,0,76.0,0.0,1000.0,0.0,4.199,89.2,99,0,60.0,2026-04-29T16:24:29.562940,4.214
2026-04-29T16:23:30.480326,73.07,0,76.03,0.0,1000.0,0.0,4.199,89.2,99,0,60.0,2026-04-29T16:24:30.480000,4.214
2026-04-29T16:23:30.550005,73.07,0,76.03,0.0,1000.0,0.0,4.199,89.2,99,0,60.0,2026-04-29T16:24:30.549822,4.214
2026-04-29T16:23:30.625159,73.07,0,76.03,0.0,1000.0,0.0,4.199,89.2,99,0,60.0,2026-04-29T16:24:30.624987,4.214
2026-04-29T16:23:31.523810,73.1,0,76.06,0.0,1000.0,0.0,4.199,89.2,99,0,60.0,2026-04-29T16:24:31.523640,4.214
2026-04-29T16:23:31.603538,73.1,0,76.06,0.0,1000.0,0.0,4.199,89.2,99,0,60.0,2026-04-29T16:24:31.597057,4.214
2026-04-29T16:23:32.541149,73.1,0,76.1,0.0,1000.0,0.0,4.199,89.2,99,0,60.0,2026-04-29T16:24:32.540994,4.214
2026-04-29T16:23:32.600607,73.16,0,76.11,0.0,1000.0,0.0,4.199,89.2,99,0,60.0,2026-04-29T16:24:32.600465,4.215
2026-04-29T16:23:32.664002,73.16,0,76.11,0.0,1000.0,0.0,4.199,89.2,99,0,60.0,2026-04-29T16:24:32.663852,4.215
2026-04-29T16:23:33.608206,73.21,0,76.15,0.0,1000.0,0.0,4.199,89.2,99,0,60.0,2026-04-29T16:24:33.607935,4.215
2026-04-29T16:23:33.688380,73.21,0,76.15,0.0,1000.0,0.0,4.199,89.2,99,0,60.0,2026-04-29T16:24:33.688199,4.215
2026-04-29T16:23:33.763899,73.21,0,76.16,0.0,1000.0,0.0,4.199,89.2,99,0,60.0,2026-04-29T16:24:33.763770,4.215
2026-04-29T16:23:34.825499,73.26,0,76.2,0.0,1000.0,0.0,4.199,89.2,99,0,60.0,2026-04-29T16:24:34.824297,4.215
2026-04-29T16:23:35.155034,73.26,0,76.21,0.0,1000.0,0.0,4.199,89.2,99,0,60.0,2026-04-29T16:24:35.154643,4.215
2026-04-29T16:23:36.047753,73.26,0,76.23,0.0,1000.0,0.0,4.199,89.2,99,0,60.0,2026-04-29T16:24:36.028586,4.215
2026-04-29T16:23:36.243293,73.31,0,76.25,0.0,1000.0,0.0,4.199,89.2,99,0,60.0,2026-04-29T16:24:36.242887,4.215
2026-04-29T16:23:36.624023,73.31,0,76.26,0.0,1000.0,0.0,4.199,89.2,99,0,60.0,2026-04-29T16:24:36.623574,4.215
2026-04-29T16:23:36.815806,73.31,0,76.27,0.0,1000.0,0.0,4.199,89.2,99,0,60.0,2026-04-29T16:24:36.815584,4.215
2026-04-29T16:23:37.260499,73.37,0,76.3,0.0,1000.0,0.0,4.199,89.2,99,0,60.0,2026-04-29T16:24:37.229384,4.215
2026-04-29T16:23:39.743425,73.37,0,76.38,0.0,1000.0,0.0,4.199,89.2,99,0,60.0,2026-04-29T16:24:39.734401,4.216
2026-04-29T16:23:40.088940,73.37,0,76.35,0.0,1000.0,0.0,4.199,89.2,99,0,60.0,2026-04-29T16:24:40.088618,4.215
2026-04-29T16:23:40.219322,73.41,0,76.36,0.0,1000.0,0.0,4.199,89.2,99,0,60.0,2026-04-29T16:24:40.219082,4.215
2026-04-29T16:23:40.330804,73.41,0,76.37,0.0,1000.0,0.0,4.199,89.2,99,0,60.0,2026-04-29T16:24:40.330435,4.215
2026-04-29T16:23:40.478464,73.46,0,76.37,0.0,1000.0,0.0,4.199,89.1,99,0,60.0,2026-04-29T16:24:40.478087,4.215
2026-04-29T16:23:40.765016,73.46,0,76.4,0.0,1000.0,0.0,4.199,89.1,99,0,60.0,2026-04-29T16:24:40.764684,4.215
2026-04-29T16:23:41.195657,73.46,0,76.42,0.0,1000.0,0.0,4.199,89.1,99,0,60.0,2026-04-29T16:24:41.195346,4.215
2026-04-29T16:23:41.390708,73.53,0,76.44,0.0,1000.0,0.0,4.199,89.1,99,0,60.0,2026-04-29T16:24:41.390375,4.215
2026-04-29T16:23:41.710022,73.53,0,76.46,0.0,1000.0,0.0,4.199,89.1,99,0,60.0,2026-04-29T16:24:41.709707,4.215
2026-04-29T16:23:41.934496,73.53,0,76.47,0.0,1000.0,0.0,4.199,89.1,99,0,60.0,2026-04-29T16:24:41.934243,4.215
2026-04-29T16:23:42.142069,73.6,0,76.5,0.0,1000.0,0.0,4.199,89.1,99,0,60.0,2026-04-29T16:24:42.141845,4.215
2026-04-29T16:23:42.241164,73.6,0,76.52,0.0,1000.0,0.0,4.199,89.1,99,0,60.0,2026-04-29T16:24:42.240917,4.215
2026-04-29T16:23:42.341662,73.6,0,76.53,0.0,1000.0,0.0,4.199,89.1,99,0,60.0,2026-04-29T16:24:42.341470,4.215
2026-04-29T16:23:42.445874,73.65,0,76.55,0.0,1000.0,0.0,4.199,89.1,99,0,60.0,2026-04-29T16:24:42.445663,4.215
2026-04-29T16:23:42.543438,73.65,0,76.57,0.0,1000.0,0.0,4.199,89.1,99,0,60.0,2026-04-29T16:24:42.543252,4.215
2026-04-29T16:23:43.013940,73.65,0,76.6,0.0,1000.0,0.0,4.199,89.1,99,0,60.0,2026-04-29T16:24:43.013767,4.215
2026-04-29T16:23:43.081428,73.69,0,76.62,0.0,1000.0,0.0,4.199,89.1,99,0,60.0,2026-04-29T16:24:43.081286,4.215
2026-04-29T16:23:43.147557,73.69,0,76.63,0.0,1000.0,0.0,4.199,89.1,99,0,60.0,2026-04-29T16:24:43.147417,4.215
2026-04-29T16:23:44.071135,73.73,0,76.67,0.0,1000.0,0.0,4.199,89.1,99,0,60.0,2026-04-29T16:24:44.070952,4.215
2026-04-29T16:23:44.139633,73.73,0,76.68,0.0,1000.0,0.0,4.199,89.1,99,0,60.0,2026-04-29T16:24:44.139460,4.215
2026-04-29T16:23:44.208066,73.73,0,76.68,0.0,1000.0,0.0,4.199,89.1,99,0,60.0,2026-04-29T16:24:44.207906,4.215
2026-04-29T16:23:45.123939,73.8,0,76.73,0.0,1000.0,0.0,4.199,89.1,99,0,60.0,2026-04-29T16:24:45.123758,4.215
2026-04-29T16:23:45.166065,73.8,0,76.74,0.0,1000.0,0.0,4.199,89.1,99,0,60.0,2026-04-29T16:24:45.165962,4.215
2026-04-29T16:23:45.207793,73.8,0,76.74,0.0,1000.0,0.0,4.199,89.1,99,0,60.0,2026-04-29T16:24:45.207706,4.215
2026-04-29T16:23:46.163075,73.84,0,76.79,0.0,1000.0,0.0,4.199,89.1,99,0,60.0,2026-04-29T16:24:46.162951,4.215
2026-04-29T16:23:46.205870,73.84,0,76.79,0.0,1000.0,0.0,4.199,89.1,99,0,60.0,2026-04-29T16:24:46.205715,4.215
2026-04-29T16:23:46.249146,73.84,0,76.79,0.0,1000.0,0.0,4.199,89.1,99,0,60.0,2026-04-29T16:24:46.249044,4.215
2026-04-29T16:23:47.241033,73.89,0,76.84,0.0,1000.0,0.0,4.199,89.1,99,0,60.0,2026-04-29T16:24:47.240908,4.215
2026-04-29T16:23:47.277459,73.89,0,76.84,0.0,1000.0,0.0,4.199,89.1,99,0,60.0,2026-04-29T16:24:47.277373,4.215
2026-04-29T16:23:48.243410,73.89,0,76.88,0.0,1000.0,0.0,4.199,89.1,99,0,60.0,2026-04-29T16:24:48.243289,4.215
2026-04-29T16:23:48.281643,73.93,0,76.88,0.0,1000.0,0.0,4.199,89.0,99,0,60.0,2026-04-29T16:24:48.281528,4.215
2026-04-29T16:23:48.318925,73.93,0,76.89,0.0,1000.0,0.0,4.199,89.0,99,0,60.0,2026-04-29T16:24:48.318813,4.215
2026-04-29T16:23:49.294099,74.01,0,76.93,0.0,1000.0,0.0,4.199,89.0,99,0,60.0,2026-04-29T16:24:49.293962,4.215
2026-04-29T16:23:49.333200,74.01,0,76.94,0.0,1000.0,0.0,4.199,89.0,99,0,60.0,2026-04-29T16:24:49.333095,4.215
2026-04-29T16:23:49.373279,74.01,0,76.95,0.0,1000.0,0.0,4.199,89.0,99,0,60.0,2026-04-29T16:24:49.373149,4.215
2026-04-29T16:23:50.373299,74.05,0,76.99,0.0,1000.0,0.0,4.199,89.0,99,0,60.0,2026-04-29T16:24:50.373153,4.215
2026-04-29T16:23:50.413808,74.05,0,77.0,0.0,1000.0,0.0,4.199,89.0,99,0,60.0,2026-04-29T16:24:50.413706,4.215
2026-04-29T16:23:50.451778,74.05,0,77.0,0.0,1000.0,0.0,4.199,89.0,99,0,60.0,2026-04-29T16:24:50.451693,4.215
2026-04-29T16:23:51.415399,74.09,0,77.04,0.0,1000.0,0.0,4.199,89.0,99,0,60.0,2026-04-29T16:24:51.415291,4.215
2026-04-29T16:23:51.471395,74.09,0,77.04,0.0,1000.0,0.0,4.199,89.0,99,0,60.0,2026-04-29T16:24:51.471263,4.215
2026-04-29T16:23:51.527840,74.09,0,77.04,0.0,1000.0,0.0,4.199,89.0,99,0,60.0,2026-04-29T16:24:51.527686,4.215
2026-04-29T16:23:52.489216,74.11,0,77.07,0.0,1000.0,0.0,4.199,89.0,99,0,60.0,2026-04-29T16:24:52.489002,4.215
2026-04-29T16:23:52.561563,74.11,0,77.07,0.0,1000.0,0.0,4.199,89.0,99,0,60.0,2026-04-29T16:24:52.561341,4.215
2026-04-29T16:23:53.507619,74.11,0,77.1,0.0,1000.0,0.0,4.199,89.0,99,0,60.0,2026-04-29T16:24:53.507323,4.215
2026-04-29T16:23:53.618569,74.14,0,77.1,0.0,1000.0,0.0,4.199,89.0,99,0,60.0,2026-04-29T16:24:53.618092,4.215
2026-04-29T16:23:53.741248,74.14,0,77.1,0.0,1000.0,0.0,4.199,89.0,99,0,60.0,2026-04-29T16:24:53.741038,4.215
2026-04-29T16:23:54.665034,74.17,0,77.13,0.0,1000.0,0.0,4.199,89.0,99,0,60.0,2026-04-29T16:24:54.649978,4.215
2026-04-29T16:23:54.898990,74.17,0,77.13,0.0,1000.0,0.0,4.199,89.0,99,0,60.0,2026-04-29T16:24:54.898575,4.215
2026-04-29T16:23:55.019272,74.17,0,77.13,0.0,1000.0,0.0,4.199,89.0,99,0,60.0,2026-04-29T16:24:55.018863,4.215
2026-04-29T16:23:55.642816,74.2,0,77.15,0.0,1000.0,0.0,4.199,89.0,99,0,60.0,2026-04-29T16:24:55.642362,4.215
2026-04-29T16:23:56.005912,74.2,0,77.16,0.0,1000.0,0.0,4.199,89.0,99,0,60.0,2026-04-29T16:24:56.005522,4.215
2026-04-29T16:23:56.130913,74.2,0,77.16,0.0,1000.0,0.0,4.199,89.0,99,0,60.0,2026-04-29T16:24:56.130452,4.215
2026-04-29T16:23:56.693931,74.25,0,77.19,0.0,1000.0,0.0,4.199,89.0,99,0,60.0,2026-04-29T16:24:56.693647,4.215
2026-04-29T16:23:56.795074,74.25,0,77.2,0.0,1000.0,0.0,4.199,89.0,99,0,60.0,2026-04-29T16:24:56.794692,4.215
2026-04-29T16:23:57.194687,74.25,0,77.21,0.0,1000.0,0.0,4.199,89.0,99,0,60.0,2026-04-29T16:24:57.194265,4.215
2026-04-29T16:23:57.901779,74.3,0,77.25,0.0,1000.0,0.0,4.199,89.0,99,0,60.0,2026-04-29T16:24:57.901490,4.215
2026-04-29T16:23:58.023968,74.3,0,77.25,0.0,1000.0,0.0,4.199,89.0,99,0,60.0,2026-04-29T16:24:58.023577,4.215
2026-04-29T16:23:58.736489,74.3,0,77.28,0.0,1000.0,0.0,4.199,89.0,99,0,60.0,2026-04-29T16:24:58.736316,4.215
2026-04-29T16:23:58.815905,74.35,0,77.29,0.0,1000.0,0.0,4.199,88.9,99,0,60.0,2026-04-29T16:24:58.815634,4.215
2026-04-29T16:23:58.895539,74.35,0,77.3,0.0,1000.0,0.0,4.199,88.9,99,0,60.0,2026-04-29T16:24:58.895349,4.215
2026-04-29T16:23:59.807261,74.4,0,77.34,0.0,1000.0,0.0,4.199,88.9,99,0,60.0,2026-04-29T16:24:59.807110,4.215
2026-04-29T16:23:59.913352,74.4,0,77.35,0.0,1000.0,0.0,4.199,88.9,99,0,60.0,2026-04-29T16:24:59.913203,4.215
2026-04-29T16:24:00.028600,74.4,0,77.36,0.0,1000.0,0.0,4.199,88.9,99,0,60.0,2026-04-29T16:25:00.028387,4.215
2026-04-29T16:24:00.990745,74.41,0,77.38,0.0001,1000.0,0.0,4.199,88.9,99,0,60.0,2026-04-29T16:25:00.990453,4.215
2026-04-29T16:24:01.163215,74.41,0,77.38,0.0016,1000.0,0.0,4.199,88.9,99,0,60.0,2026-04-29T16:25:01.162987,4.215
2026-04-29T16:24:01.601921,74.41,0,77.39,0.0032,1000.0,0.0,4.199,88.9,99,0,60.0,2026-04-29T16:25:01.601606,4.215
2026-04-29T16:24:02.005874,74.47,0,77.41,0.0041,1000.0,0.0,4.199,88.9,99,0,60.0,2026-04-29T16:25:02.005460,4.215
2026-04-29T16:24:02.159378,74.47,0,77.42,0.0048,1000.0,0.0,4.199,88.9,99,0,60.0,2026-04-29T16:25:02.159034,4.215
2026-04-29T16:24:02.315978,74.47,0,77.42,0.0052,1000.0,0.0,4.199,88.9,99,0,60.0,2026-04-29T16:25:02.315382,4.215
2026-04-29T16:24:03.497791,74.53,0,77.48,0.0058,1000.0,0.0,4.199,88.9,99,0,60.0,2026-04-29T16:25:03.496966,4.215
2026-04-29T16:24:04.350840,74.53,0,77.49,0.006,1000.0,0.0,4.199,88.9,99,0,60.0,2026-04-29T16:25:04.309259,4.215
2026-04-29T16:24:04.524766,74.53,0,77.5,0.006,1000.0,0.0,4.199,88.9,99,0,60.0,2026-04-29T16:25:04.524435,4.215
2026-04-29T16:24:05.007514,74.57,0,77.51,0.006,1000.0,0.0,4.199,88.9,99,0,60.0,2026-04-29T16:25:05.007206,4.215
2026-04-29T16:24:05.443609,74.57,0,77.53,0.0065,1000.0,0.0,4.199,88.9,99,0,60.0,2026-04-29T16:25:05.442844,4.215
2026-04-29T16:24:06.180161,74.59,0,77.54,0.0068,1000.0,0.0,4.199,88.9,99,0,60.0,2026-04-29T16:25:06.139047,4.215
2026-04-29T16:24:06.541779,74.59,0,77.56,0.0059,1000.0,0.0,4.199,88.9,99,0,60.0,2026-04-29T16:25:06.541483,4.215
2026-04-29T16:24:06.773287,74.59,0,77.56,0.0059,1000.0,0.0,4.199,88.9,99,0,60.0,2026-04-29T16:25:06.772454,4.215
2026-04-29T16:24:07.391172,74.65,0,77.57,0.0054,1000.0,0.0,4.199,88.9,99,0,60.0,2026-04-29T16:25:07.390856,4.215
2026-04-29T16:24:07.864720,74.65,0,77.61,0.0055,1000.0,0.0,4.199,88.9,99,0,60.0,2026-04-29T16:25:07.864464,4.215
2026-04-29T16:24:08.120525,74.65,0,77.61,0.0058,1000.0,0.0,4.199,88.9,99,0,60.0,2026-04-29T16:25:08.118809,4.215
2026-04-29T16:24:08.580776,74.71,0,77.63,0.0062,1000.0,0.0,4.199,88.9,99,0,60.0,2026-04-29T16:25:08.580459,4.215
2026-04-29T16:24:08.798693,74.71,0,77.66,0.0075,1000.0,0.0,4.199,88.9,99,0,60.0,2026-04-29T16:25:08.798468,4.215
2026-04-29T16:24:08.994912,74.71,0,77.67,0.008,1000.0,0.0,4.199,88.9,99,0,60.0,2026-04-29T16:25:08.979602,4.215
2026-04-29T16:24:09.531127,74.75,0,77.69,0.0083,1000.0,0.0,4.199,88.9,99,0,60.0,2026-04-29T16:25:09.530807,4.215
2026-04-29T16:24:09.816427,74.75,0,77.71,0.0087,1000.0,0.0,4.199,88.9,99,0,60.0,2026-04-29T16:25:09.816141,4.215
2026-04-29T16:24:09.961855,74.75,0,77.71,0.0087,1000.0,0.0,4.199,88.9,99,0,60.0,2026-04-29T16:25:09.961433,4.215
2026-04-29T16:24:10.161912,74.79,0,77.73,0.0074,1000.0,0.0,4.199,88.8,99,0,60.0,2026-04-29T16:25:10.160558,4.215
2026-04-29T16:24:10.322873,74.79,0,77.74,0.0076,1000.0,0.0,4.199,88.8,99,0,60.0,2026-04-29T16:25:10.322596,4.215
2026-04-29T16:24:10.510344,74.85,0,77.75,0.0077,1000.0,0.0,4.199,88.8,99,0,60.0,2026-04-29T16:25:10.510001,4.215
2026-04-29T16:24:10.653840,74.85,0,77.78,0.0082,1000.0,0.0,4.199,88.8,99,0,60.0,2026-04-29T16:25:10.653354,4.215
2026-04-29T16:24:12.753633,74.85,0,77.79,0.0094,1000.0,0.0,4.199,88.8,99,0,60.0,2026-04-29T16:25:12.749153,4.215
2026-04-29T16:24:12.947295,74.88,0,77.84,0.0113,1000.0,0.0,4.199,88.8,99,0,60.0,2026-04-29T16:25:12.946987,4.215
2026-04-29T16:24:13.097424,74.88,0,77.84,0.0117,1000.0,0.0,4.199,88.8,99,0,60.0,2026-04-29T16:25:13.097000,4.215
2026-04-29T16:24:13.316400,74.88,0,77.85,0.012,1000.0,0.0,4.199,88.8,99,0,60.0,2026-04-29T16:25:13.308683,4.215
2026-04-29T16:24:13.791597,74.94,0,77.86,0.0123,1000.0,0.0,4.199,88.8,99,0,60.0,2026-04-29T16:25:13.790939,4.215
2026-04-29T16:24:14.250378,74.94,0,77.88,0.0136,1000.0,0.0,4.199,88.8,99,0,60.0,2026-04-29T16:25:14.232721,4.215
2026-04-29T16:24:14.428074,74.94,0,77.89,0.0139,1000.0,0.0,4.199,88.8,99,0,60.0,2026-04-29T16:25:14.427747,4.215
2026-04-29T16:24:14.556154,74.99,0,77.9,0.0131,1000.0,0.0,4.199,88.8,99,0,60.0,2026-04-29T16:25:14.555908,4.215
2026-04-29T16:24:14.671685,74.99,0,77.92,0.0121,1000.0,0.0,4.199,88.8,99,0,60.0,2026-04-29T16:25:14.671383,4.215
2026-04-29T16:24:14.808852,74.99,0,77.92,0.0114,1000.0,0.0,4.199,88.8,99,0,60.0,2026-04-29T16:25:14.808551,4.215
2026-04-29T16:24:14.987222,75.04,0,77.95,0.0104,1000.0,0.0,4.199,88.8,99,0,60.0,2026-04-29T16:25:14.986952,4.215
2026-04-29T16:24:15.095023,75.04,0,77.96,0.0102,1000.0,0.0,4.199,88.8,99,0,60.0,2026-04-29T16:25:15.094781,4.215
2026-04-29T16:24:15.532265,75.1,0,77.99,0.0104,1000.0,0.0,4.199,88.8,99,0,60.0,2026-04-29T16:25:15.532085,4.215
2026-04-29T16:24:15.650399,75.1,0,78.01,0.0099,1000.0,0.0,4.199,88.8,99,0,60.0,2026-04-29T16:25:15.643871,4.215
2026-04-29T16:24:15.842919,75.1,0,78.03,0.0101,1000.0,0.0,4.199,88.8,99,0,60.0,2026-04-29T16:25:15.842746,4.215
2026-04-29T16:24:16.581354,75.15,0,78.07,0.0103,1000.0,0.0,4.199,88.8,99,0,60.0,2026-04-29T16:25:16.581181,4.215
2026-04-29T16:24:16.647999,75.15,0,78.08,0.0101,1000.0,0.0,4.199,88.8,99,0,60.0,2026-04-29T16:25:16.647858,4.215
2026-04-29T16:24:16.714776,75.15,0,78.09,0.0102,1000.0,0.0,4.199,88.8,99,0,60.0,2026-04-29T16:25:16.714647,4.215
2026-04-29T16:24:17.725087,75.2,0,78.13,0.0102,1000.0,0.0,4.199,88.8,99,0,60.0,2026-04-29T16:25:17.724910,4.215
2026-04-29T16:24:17.790297,75.2,0,78.14,0.0097,1000.0,0.0,4.199,88.8,99,0,60.0,2026-04-29T16:25:17.790163,4.215
2026-04-29T16:24:17.870003,75.2,0,78.14,0.0095,1000.0,0.0,4.199,88.8,99,0,60.0,2026-04-29T16:25:17.869832,4.215
2026-04-29T16:24:18.679117,75.25,0,78.18,0.0092,1000.0,0.0,4.199,88.7,99,0,60.0,2026-04-29T16:25:18.678971,4.215
2026-04-29T16:24:18.737183,75.25,0,78.19,0.0109,1000.0,0.0,4.199,88.7,99,0,60.0,2026-04-29T16:25:18.737038,4.215
2026-04-29T16:24:19.696749,75.25,0,78.23,0.0128,1000.0,0.0,4.199,88.7,99,0,60.0,2026-04-29T16:25:19.696590,4.215
2026-04-29T16:24:19.746825,75.29,0,78.23,0.0135,1000.0,0.0,4.199,88.7,99,0,60.0,2026-04-29T16:25:19.746699,4.215
2026-04-29T16:24:19.807791,75.29,0,78.23,0.0151,1000.0,0.0,4.199,88.7,99,0,60.0,2026-04-29T16:25:19.807628,4.215
2026-04-29T16:24:20.757238,75.37,0,78.28,0.0172,1000.0,0.0,4.199,88.7,99,0,60.0,2026-04-29T16:25:20.757105,4.215
2026-04-29T16:24:20.796998,75.37,0,78.29,0.0145,1000.0,0.0,4.199,88.7,99,0,60.0,2026-04-29T16:25:20.796901,4.215
2026-04-29T16:24:20.835205,75.37,0,78.3,0.0131,1000.0,0.0,4.199,88.7,99,0,60.0,2026-04-29T16:25:20.835103,4.215
2026-04-29T16:24:21.815253,75.4,0,78.34,0.0121,1000.0,0.0,4.199,88.7,99,0,60.0,2026-04-29T16:25:21.815088,4.215
2026-04-29T16:24:21.858442,75.4,0,78.34,0.0113,1000.0,0.0,4.199,88.7,99,0,60.0,2026-04-29T16:25:21.858338,4.215
2026-04-29T16:24:21.903172,75.4,0,78.34,0.0111,1000.0,0.0,4.199,88.7,99,0,60.0,2026-04-29T16:25:21.902949,4.215
2026-04-29T16:24:22.861953,75.44,0,78.38,0.0119,1000.0,0.0,4.199,88.7,99,0,60.0,2026-04-29T16:25:22.861762,4.215
2026-04-29T16:24:22.913540,75.44,0,78.38,0.0157,1000.0,0.0,4.199,88.7,99,0,60.0,2026-04-29T16:25:22.913397,4.215
2026-04-29T16:24:22.978283,75.44,0,78.38,0.0174,1000.0,0.0,4.199,88.7,99,0,60.0,2026-04-29T16:25:22.978044,4.215
2026-04-29T16:24:23.950580,75.49,0,78.42,0.0182,1000.0,0.0,4.199,88.7,99,0,60.0,2026-04-29T16:25:23.950355,4.215
2026-04-29T16:24:24.030714,75.49,0,78.43,0.0179,1000.0,0.0,4.199,88.7,99,0,60.0,2026-04-29T16:25:24.030496,4.215
2026-04-29T16:24:24.959273,75.49,0,78.46,0.0183,1000.0,0.0,4.199,88.7,99,0,60.0,2026-04-29T16:25:24.958988,4.215
2026-04-29T16:24:25.064265,75.52,0,78.46,0.0173,1000.0,0.0,4.199,88.7,99,0,60.0,2026-04-29T16:25:25.064022,4.215
2026-04-29T16:24:25.161902,75.52,0,78.47,0.0174,1000.0,0.0,4.199,88.7,99,0,60.0,2026-04-29T16:25:25.161674,4.215
