timestamp,T_actual,P_actual_gauge,T_predicted,P_predicted,Q_watts,flow_lpm,water_L,eta_instant,health_score,anomaly_flag,prediction_horizon_s,prediction_target_timestamp,L_predicted
2026-05-01T04:26:55.368443,64.05,0.0491,64.05,0.0491,0.0,0.0,0,0.0,100,0,60.0,2026-05-01T04:27:55.368312,4.267
2026-05-01T04:26:55.408563,64.05,0.0491,66.84,0.0287,1000.0,0.0,0,86.9,100,0,60.0,2026-05-01T04:27:55.408479,4.212
2026-05-01T04:26:56.400515,64.05,0.0491,66.88,0.046,1000.0,0.0,4.199,86.9,100,0,60.0,2026-05-01T04:27:56.400263,4.212
2026-05-01T04:26:56.443214,64.1,0.0472,66.89,0.054,1000.0,0.0,4.199,86.9,100,0,60.0,2026-05-01T04:27:56.443125,4.212
2026-05-01T04:26:56.474814,64.1,0.0472,66.89,0.0564,1000.0,0.0,4.199,86.9,100,0,60.0,2026-05-01T04:27:56.474747,4.212
2026-05-01T04:26:57.448251,64.1,0.0472,66.92,0.0587,1000.0,0.0,4.199,86.9,100,0,60.0,2026-05-01T04:27:57.448133,4.212
2026-05-01T04:26:57.484778,64.1,0.0454,66.91,0.058,1000.0,0.0,4.199,86.9,100,0,60.0,2026-05-01T04:27:57.484691,4.212
2026-05-01T04:26:57.515312,64.1,0.0454,66.9,0.0582,1000.0,0.0,4.199,86.9,100,0,60.0,2026-05-01T04:27:57.515242,4.212
2026-05-01T04:26:58.508870,64.13,0.0454,66.93,0.0587,1000.0,0.0,4.199,86.9,100,0,60.0,2026-05-01T04:27:58.508751,4.212
2026-05-01T04:26:58.544894,64.13,0.0464,66.93,0.0591,1000.0,0.0,4.199,86.9,100,0,60.0,2026-05-01T04:27:58.544812,4.212
2026-05-01T04:26:58.576578,64.13,0.0464,66.93,0.0593,1000.0,0.0,4.199,86.9,100,0,60.0,2026-05-01T04:27:58.576502,4.212
2026-05-01T04:26:59.562263,64.13,0.0472,66.95,0.0596,1000.0,0.0,4.199,86.9,100,0,60.0,2026-05-01T04:27:59.562128,4.212
2026-05-01T04:26:59.597697,64.13,0.0472,66.94,0.06,1000.0,0.0,4.199,86.9,100,0,60.0,2026-05-01T04:27:59.597597,4.212
2026-05-01T04:26:59.629066,64.13,0.0472,66.94,0.0602,1000.0,0.0,4.199,86.9,100,0,60.0,2026-05-01T04:27:59.628977,4.212
2026-05-01T04:27:00.615533,64.17,0.0454,66.97,0.0598,1000.0,0.0,4.199,86.8,100,0,60.0,2026-05-01T04:28:00.615418,4.212
2026-05-01T04:27:00.648919,64.17,0.0454,66.97,0.0594,1000.0,0.0,4.199,86.8,100,0,60.0,2026-05-01T04:28:00.648841,4.212
2026-05-01T04:27:01.638191,64.17,0.0454,67.0,0.0593,1000.0,0.0,4.199,86.8,100,0,60.0,2026-05-01T04:28:01.638050,4.212
2026-05-01T04:27:01.679637,64.24,0.0498,67.02,0.0572,1000.0,0.0,4.199,86.8,100,0,60.0,2026-05-01T04:28:01.679550,4.212
2026-05-01T04:27:01.710520,64.24,0.0498,67.02,0.0594,1000.0,0.0,4.199,86.8,100,0,60.0,2026-05-01T04:28:01.710432,4.212
2026-05-01T04:27:02.693531,64.3,0.0498,67.06,0.0615,1000.0,0.0,4.199,86.8,100,0,60.0,2026-05-01T04:28:02.693348,4.212
2026-05-01T04:27:02.732109,64.3,0.0498,67.08,0.0607,1000.0,0.0,4.199,86.8,100,0,60.0,2026-05-01T04:28:02.732001,4.212
2026-05-01T04:27:02.763758,64.3,0.0498,67.08,0.0616,1000.0,0.0,4.199,86.8,100,0,60.0,2026-05-01T04:28:02.763637,4.212
2026-05-01T04:27:03.745695,64.34,0.0498,67.12,0.0626,1000.0,0.0,4.199,86.8,100,0,60.0,2026-05-01T04:28:03.745528,4.212
2026-05-01T04:27:03.782891,64.34,0.0504,67.13,0.0631,1000.0,0.0,4.199,86.8,100,0,60.0,2026-05-01T04:28:03.782795,4.212
2026-05-01T04:27:03.812893,64.34,0.0504,67.13,0.0633,1000.0,0.0,4.199,86.8,100,0,60.0,2026-05-01T04:28:03.812817,4.212
2026-05-01T04:27:04.787844,64.39,0.0447,67.17,0.0629,1000.0,0.0,4.199,86.8,100,0,60.0,2026-05-01T04:28:04.787603,4.212
2026-05-01T04:27:04.822040,64.39,0.0481,67.17,0.0623,1000.0,0.0,4.199,86.8,100,0,60.0,2026-05-01T04:28:04.821936,4.212
2026-05-01T04:27:04.852867,64.39,0.0481,67.18,0.0621,1000.0,0.0,4.199,86.8,100,0,60.0,2026-05-01T04:28:04.852760,4.212
2026-05-01T04:27:05.840780,64.43,0.0481,67.22,0.0611,1000.0,0.0,4.199,86.8,100,0,60.0,2026-05-01T04:28:05.840595,4.212
2026-05-01T04:27:05.874106,64.43,0.0481,67.22,0.0613,1000.0,0.0,4.199,86.8,100,0,60.0,2026-05-01T04:28:05.873993,4.212
2026-05-01T04:27:06.873511,64.43,0.0481,67.26,0.0616,1000.0,0.0,4.199,86.8,100,0,60.0,2026-05-01T04:28:06.873249,4.212
2026-05-01T04:27:06.915279,64.48,0.0548,67.27,0.0634,1000.0,0.0,4.199,86.7,100,0,60.0,2026-05-01T04:28:06.915193,4.212
2026-05-01T04:27:06.946890,64.48,0.0548,67.27,0.0653,1000.0,0.0,4.199,86.7,100,0,60.0,2026-05-01T04:28:06.946803,4.212
2026-05-01T04:27:07.919604,64.52,0.0548,67.31,0.067,1000.0,0.0,4.199,86.7,100,0,60.0,2026-05-01T04:28:07.919386,4.212
2026-05-01T04:27:07.956518,64.52,0.0531,67.31,0.067,1000.0,0.0,4.199,86.7,100,0,60.0,2026-05-01T04:28:07.956426,4.212
2026-05-01T04:27:07.988376,64.52,0.0531,67.31,0.0669,1000.0,0.0,4.199,86.7,100,0,60.0,2026-05-01T04:28:07.988299,4.212
2026-05-01T04:27:08.965044,64.55,0.0523,67.35,0.0668,1000.0,0.0,4.199,86.7,100,0,60.0,2026-05-01T04:28:08.964956,4.212
2026-05-01T04:27:08.998797,64.55,0.0523,67.35,0.0664,1000.0,0.0,4.199,86.7,100,0,60.0,2026-05-01T04:28:08.998714,4.212
2026-05-01T04:27:09.031502,64.55,0.0523,67.35,0.0662,1000.0,0.0,4.199,86.7,100,0,60.0,2026-05-01T04:28:09.031434,4.212
2026-05-01T04:27:10.029826,64.58,0.0489,67.37,0.0652,1000.0,0.0,4.199,86.7,100,0,60.0,2026-05-01T04:28:10.029694,4.212
2026-05-01T04:27:10.066490,64.58,0.0489,67.37,0.0641,1000.0,0.0,4.199,86.7,100,0,60.0,2026-05-01T04:28:10.066386,4.212
2026-05-01T04:27:10.096409,64.58,0.0489,67.37,0.0636,1000.0,0.0,4.199,86.7,100,0,60.0,2026-05-01T04:28:10.096328,4.212
2026-05-01T04:27:11.075654,64.61,0.0489,67.4,0.0624,1000.0,0.0,4.199,86.7,100,0,60.0,2026-05-01T04:28:11.075470,4.212
2026-05-01T04:27:11.110294,64.61,0.0489,67.4,0.0625,1000.0,0.0,4.199,86.7,100,0,60.0,2026-05-01T04:28:11.110196,4.212
2026-05-01T04:27:12.091535,64.61,0.0489,67.43,0.0627,1000.0,0.0,4.199,86.7,100,0,60.0,2026-05-01T04:28:12.091351,4.212
2026-05-01T04:27:12.123704,64.66,0.0548,67.44,0.0641,1000.0,0.0,4.199,86.7,100,0,60.0,2026-05-01T04:28:12.123587,4.212
2026-05-01T04:27:12.155584,64.66,0.0548,67.44,0.0657,1000.0,0.0,4.199,86.7,100,0,60.0,2026-05-01T04:28:12.155494,4.212
2026-05-01T04:27:13.163733,64.71,0.0548,67.48,0.0673,1000.0,0.0,4.199,86.7,100,0,60.0,2026-05-01T04:28:13.163609,4.212
2026-05-01T04:27:13.203094,64.71,0.0567,67.48,0.0685,1000.0,0.0,4.199,86.7,100,0,60.0,2026-05-01T04:28:13.203007,4.212
2026-05-01T04:27:13.233752,64.71,0.0567,67.49,0.0692,1000.0,0.0,4.199,86.7,100,0,60.0,2026-05-01T04:28:13.233684,4.212
2026-05-01T04:27:14.196886,64.74,0.0567,67.52,0.07,1000.0,0.0,4.199,86.7,100,0,60.0,2026-05-01T04:28:14.196702,4.212
2026-05-01T04:27:14.229918,64.74,0.0598,67.52,0.0713,1000.0,0.0,4.199,86.7,100,0,60.0,2026-05-01T04:28:14.229795,4.212
2026-05-01T04:27:14.260950,64.74,0.0598,67.52,0.0721,1000.0,0.0,4.199,86.7,100,0,60.0,2026-05-01T04:28:14.260876,4.212
2026-05-01T04:27:15.269005,64.8,0.0598,67.56,0.0727,1000.0,0.0,4.199,86.7,100,0,60.0,2026-05-01T04:28:15.268864,4.212
2026-05-01T04:27:15.303376,64.8,0.0598,67.57,0.0731,1000.0,0.0,4.199,86.6,100,0,60.0,2026-05-01T04:28:15.303282,4.212
2026-05-01T04:27:15.334073,64.8,0.0598,67.57,0.0733,1000.0,0.0,4.199,86.6,100,0,60.0,2026-05-01T04:28:15.333992,4.212
2026-05-01T04:27:16.322558,64.83,0.0599,67.61,0.0722,1000.0,0.0,4.199,86.6,100,0,60.0,2026-05-01T04:28:16.322405,4.212
2026-05-01T04:27:16.356252,64.83,0.0599,67.61,0.0728,1000.0,0.0,4.199,86.6,100,0,60.0,2026-05-01T04:28:16.356168,4.212
2026-05-01T04:27:17.345521,64.83,0.0599,67.65,0.0733,1000.0,0.0,4.199,86.6,100,0,60.0,2026-05-01T04:28:17.345274,4.212
2026-05-01T04:27:17.387891,64.87,0.0549,67.65,0.0711,1000.0,0.0,4.199,86.6,100,0,60.0,2026-05-01T04:28:17.387794,4.212
2026-05-01T04:27:17.418744,64.87,0.0549,67.65,0.0702,1000.0,0.0,4.199,86.6,100,0,60.0,2026-05-01T04:28:17.418667,4.212
2026-05-01T04:27:18.396439,64.92,0.0549,67.69,0.0696,1000.0,0.0,4.199,86.6,100,0,60.0,2026-05-01T04:28:18.396304,4.212
2026-05-01T04:27:18.434902,64.92,0.054,67.7,0.0687,1000.0,0.0,4.199,86.6,100,0,60.0,2026-05-01T04:28:18.434810,4.212
2026-05-01T04:27:18.465805,64.92,0.054,67.7,0.0684,1000.0,0.0,4.199,86.6,100,0,60.0,2026-05-01T04:28:18.465708,4.212
2026-05-01T04:27:19.437783,64.95,0.0504,67.73,0.0676,1000.0,0.0,4.199,86.6,100,0,60.0,2026-05-01T04:28:19.437625,4.212
2026-05-01T04:27:19.474739,64.95,0.0548,67.73,0.0677,1000.0,0.0,4.199,86.6,100,0,60.0,2026-05-01T04:28:19.474636,4.212
2026-05-01T04:27:19.508302,64.95,0.0548,67.73,0.0681,1000.0,0.0,4.199,86.6,100,0,60.0,2026-05-01T04:28:19.508218,4.212
2026-05-01T04:27:20.507944,65.01,0.0548,67.78,0.068,1000.0,0.0,4.199,86.6,100,0,60.0,2026-05-01T04:28:20.507806,4.212
2026-05-01T04:27:20.542871,65.01,0.058,67.79,0.0697,1000.0,0.0,4.199,86.6,100,0,60.0,2026-05-01T04:28:20.542762,4.212
2026-05-01T04:27:20.574029,65.01,0.058,67.79,0.0704,1000.0,0.0,4.199,86.6,100,0,60.0,2026-05-01T04:28:20.573924,4.212
2026-05-01T04:27:21.557277,65.06,0.058,67.83,0.0714,1000.0,0.0,4.199,86.5,100,0,60.0,2026-05-01T04:28:21.557167,4.212
2026-05-01T04:27:21.590996,65.06,0.058,67.84,0.0716,1000.0,0.0,4.199,86.5,100,0,60.0,2026-05-01T04:28:21.590926,4.212
2026-05-01T04:27:22.576155,65.06,0.058,67.88,0.072,1000.0,0.0,4.199,86.5,100,0,60.0,2026-05-01T04:28:22.575872,4.212
2026-05-01T04:27:22.620615,65.1,0.0616,67.88,0.0727,1000.0,0.0,4.199,86.5,100,0,60.0,2026-05-01T04:28:22.620462,4.212
2026-05-01T04:27:22.655549,65.1,0.0616,67.88,0.0738,1000.0,0.0,4.199,86.5,100,0,60.0,2026-05-01T04:28:22.655413,4.212
2026-05-01T04:27:23.636251,65.16,0.0616,67.92,0.0748,1000.0,0.0,4.199,86.5,100,0,60.0,2026-05-01T04:28:23.636040,4.212
2026-05-01T04:27:23.676129,65.16,0.0616,67.93,0.0748,1000.0,0.0,4.199,86.5,100,0,60.0,2026-05-01T04:28:23.676012,4.212
2026-05-01T04:27:23.706994,65.16,0.0616,67.93,0.0751,1000.0,0.0,4.199,86.5,100,0,60.0,2026-05-01T04:28:23.706908,4.212
2026-05-01T04:27:24.675436,65.2,0.0576,67.97,0.0749,1000.0,0.0,4.199,86.5,100,0,60.0,2026-05-01T04:28:24.675304,4.212
2026-05-01T04:27:24.710555,65.2,0.0576,67.97,0.0734,1000.0,0.0,4.199,86.5,100,0,60.0,2026-05-01T04:28:24.710425,4.212
2026-05-01T04:27:24.745713,65.2,0.0576,67.98,0.0729,1000.0,0.0,4.199,86.5,100,0,60.0,2026-05-01T04:28:24.745590,4.212
2026-05-01T04:27:25.742860,65.26,0.0567,68.02,0.072,1000.0,0.0,4.199,86.5,100,0,60.0,2026-05-01T04:28:25.742714,4.212
2026-05-01T04:27:25.778784,65.26,0.0599,68.03,0.0729,1000.0,0.0,4.199,86.5,100,0,60.0,2026-05-01T04:28:25.778663,4.212
2026-05-01T04:27:25.809611,65.26,0.0599,68.03,0.0733,1000.0,0.0,4.199,86.5,100,0,60.0,2026-05-01T04:28:25.809525,4.212
2026-05-01T04:27:26.794557,65.31,0.0557,68.08,0.0724,1000.0,0.0,4.199,86.5,100,0,60.0,2026-05-01T04:28:26.794409,4.212
2026-05-01T04:27:26.829387,65.31,0.0557,68.08,0.0713,1000.0,0.0,4.199,86.5,100,0,60.0,2026-05-01T04:28:26.829269,4.212
2026-05-01T04:27:27.812054,65.31,0.0557,68.12,0.0708,1000.0,0.0,4.199,86.5,100,0,60.0,2026-05-01T04:28:27.811835,4.212
2026-05-01T04:27:27.854767,65.36,0.0549,68.13,0.0694,1000.0,0.0,4.199,86.4,100,0,60.0,2026-05-01T04:28:27.854647,4.212
2026-05-01T04:27:27.891609,65.36,0.0549,68.14,0.0693,1000.0,0.0,4.199,86.4,100,0,60.0,2026-05-01T04:28:27.891215,4.212
2026-05-01T04:27:28.873428,65.4,0.0549,68.17,0.0694,1000.0,0.0,4.199,86.4,100,0,60.0,2026-05-01T04:28:28.873199,4.212
2026-05-01T04:27:28.913382,65.4,0.0506,68.18,0.0668,1000.0,0.0,4.199,86.4,100,0,60.0,2026-05-01T04:28:28.913274,4.212
2026-05-01T04:27:28.945060,65.4,0.0506,68.18,0.0661,1000.0,0.0,4.199,86.4,100,0,60.0,2026-05-01T04:28:28.944970,4.212
2026-05-01T04:27:29.920030,65.46,0.0489,68.22,0.0653,1000.0,0.0,4.199,86.4,100,0,60.0,2026-05-01T04:28:29.919917,4.212
2026-05-01T04:27:29.955650,65.46,0.0558,68.23,0.0668,1000.0,0.0,4.199,86.4,100,0,60.0,2026-05-01T04:28:29.955547,4.212
2026-05-01T04:27:29.987918,65.46,0.0558,68.24,0.0679,1000.0,0.0,4.199,86.4,100,0,60.0,2026-05-01T04:28:29.987807,4.212
2026-05-01T04:27:30.965103,65.51,0.0558,68.28,0.0692,1000.0,0.0,4.199,86.4,100,0,60.0,2026-05-01T04:28:30.964942,4.212
2026-05-01T04:27:30.997752,65.51,0.0558,68.29,0.0696,1000.0,0.0,4.199,86.4,100,0,60.0,2026-05-01T04:28:30.997635,4.212
2026-05-01T04:27:31.030154,65.51,0.0558,68.29,0.0697,1000.0,0.0,4.199,86.4,100,0,60.0,2026-05-01T04:28:31.030060,4.212
2026-05-01T04:27:32.012016,65.56,0.0557,68.34,0.0698,1000.0,0.0,4.199,86.4,100,0,60.0,2026-05-01T04:28:32.011831,4.212
2026-05-01T04:27:32.043972,65.56,0.0557,68.34,0.0699,1000.0,0.0,4.199,86.4,100,0,60.0,2026-05-01T04:28:32.043871,4.212
2026-05-01T04:27:33.039200,65.56,0.0557,68.38,0.0701,1000.0,0.0,4.199,86.4,100,0,60.0,2026-05-01T04:28:33.038970,4.212
2026-05-01T04:27:33.081036,65.64,0.0574,68.4,0.0703,1000.0,0.0,4.199,86.4,100,0,60.0,2026-05-01T04:28:33.080906,4.212
2026-05-01T04:27:33.114394,65.64,0.0574,68.41,0.0708,1000.0,0.0,4.199,86.4,100,0,60.0,2026-05-01T04:28:33.114300,4.212
2026-05-01T04:27:34.095705,65.7,0.0574,68.44,0.0715,1000.0,0.0,4.199,86.3,100,0,60.0,2026-05-01T04:28:34.095478,4.212
2026-05-01T04:27:34.134216,65.7,0.0598,68.45,0.0724,1000.0,0.0,4.199,86.3,100,0,60.0,2026-05-01T04:28:34.134012,4.212
2026-05-01T04:27:34.166659,65.7,0.0598,68.46,0.073,1000.0,0.0,4.199,86.3,100,0,60.0,2026-05-01T04:28:34.166550,4.212
2026-05-01T04:27:35.163692,65.76,0.0598,68.51,0.0738,1000.0,0.0,4.199,86.3,100,0,60.0,2026-05-01T04:28:35.163519,4.212
2026-05-01T04:27:35.204985,65.76,0.0666,68.52,0.0766,1000.0,0.0,4.199,86.3,100,0,60.0,2026-05-01T04:28:35.204854,4.212
2026-05-01T04:27:35.239925,65.76,0.0666,68.52,0.0782,1000.0,0.0,4.199,86.3,100,0,60.0,2026-05-01T04:28:35.239794,4.212
2026-05-01T04:27:36.208069,65.81,0.065,68.57,0.0788,1000.0,0.0,4.199,86.3,100,0,60.0,2026-05-01T04:28:36.207927,4.212
2026-05-01T04:27:36.243820,65.81,0.0666,68.57,0.0798,1000.0,0.0,4.199,86.3,100,0,60.0,2026-05-01T04:28:36.243704,4.212
2026-05-01T04:27:36.276226,65.81,0.0666,68.58,0.0802,1000.0,0.0,4.199,86.3,100,0,60.0,2026-05-01T04:28:36.276117,4.212
2026-05-01T04:27:37.264540,65.84,0.065,68.61,0.0802,1000.0,0.0,4.199,86.3,100,0,60.0,2026-05-01T04:28:37.264381,4.212
2026-05-01T04:27:37.299342,65.84,0.065,68.61,0.0799,1000.0,0.0,4.199,86.3,100,0,60.0,2026-05-01T04:28:37.299220,4.212
2026-05-01T04:27:38.289133,65.84,0.065,68.65,0.08,1000.0,0.0,4.199,86.3,100,0,60.0,2026-05-01T04:28:38.288862,4.212
2026-05-01T04:27:38.332455,65.89,0.0675,68.66,0.08,1000.0,0.0,4.199,86.3,100,0,60.0,2026-05-01T04:28:38.332330,4.212
2026-05-01T04:27:38.364615,65.89,0.0675,68.66,0.0808,1000.0,0.0,4.199,86.3,100,0,60.0,2026-05-01T04:28:38.364531,4.212
2026-05-01T04:27:39.344304,65.94,0.0675,68.7,0.0816,1000.0,0.0,4.199,86.2,100,0,60.0,2026-05-01T04:28:39.344117,4.212
2026-05-01T04:27:39.385372,65.94,0.0702,68.71,0.082,1000.0,0.0,4.199,86.2,100,0,60.0,2026-05-01T04:28:39.385206,4.212
2026-05-01T04:27:39.419888,65.94,0.0702,68.71,0.083,1000.0,0.0,4.199,86.2,100,0,60.0,2026-05-01T04:28:39.419739,4.212
2026-05-01T04:27:40.401298,65.98,0.065,68.75,0.0834,1000.0,0.0,4.199,86.2,100,0,60.0,2026-05-01T04:28:40.400957,4.212
2026-05-01T04:27:40.440660,65.98,0.0675,68.75,0.0826,1000.0,0.0,4.199,86.2,100,0,60.0,2026-05-01T04:28:40.440531,4.212
2026-05-01T04:27:40.473131,65.98,0.0675,68.75,0.0825,1000.0,0.0,4.199,86.2,100,0,60.0,2026-05-01T04:28:40.473024,4.212
2026-05-01T04:27:41.452379,66.03,0.0675,68.8,0.0824,1000.0,0.0,4.199,86.2,100,0,60.0,2026-05-01T04:28:41.452163,4.212
2026-05-01T04:27:41.489141,66.03,0.0675,68.8,0.0823,1000.0,0.0,4.199,86.2,100,0,60.0,2026-05-01T04:28:41.489018,4.212
2026-05-01T04:27:41.521834,66.03,0.0675,68.8,0.0823,1000.0,0.0,4.199,86.2,100,0,60.0,2026-05-01T04:28:41.521703,4.212
2026-05-01T04:27:42.504230,66.09,0.0635,68.85,0.0808,1000.0,0.0,4.199,86.2,100,0,60.0,2026-05-01T04:28:42.504043,4.212
2026-05-01T04:27:42.539923,66.09,0.0635,68.85,0.0798,1000.0,0.0,4.199,86.2,100,0,60.0,2026-05-01T04:28:42.539809,4.212
2026-05-01T04:27:43.527999,66.09,0.0635,68.89,0.0792,1000.0,0.0,4.199,86.2,100,0,60.0,2026-05-01T04:28:43.527815,4.212
2026-05-01T04:27:43.572132,66.14,0.0657,68.9,0.0792,1000.0,0.0,4.199,86.2,100,0,60.0,2026-05-01T04:28:43.572000,4.212
2026-05-01T04:27:43.605187,66.14,0.0657,68.9,0.0797,1000.0,0.0,4.199,86.2,100,0,60.0,2026-05-01T04:28:43.605076,4.212
2026-05-01T04:27:44.561860,66.17,0.0657,68.94,0.0802,1000.0,0.0,4.199,86.2,100,0,60.0,2026-05-01T04:28:44.561749,4.212
2026-05-01T04:27:44.627044,66.17,0.0751,68.94,0.084,1000.0,0.0,4.199,86.2,100,0,60.0,2026-05-01T04:28:44.626936,4.212
2026-05-01T04:27:44.671413,66.17,0.0751,68.94,0.0861,1000.0,0.0,4.199,86.2,100,0,60.0,2026-05-01T04:28:44.671310,4.212
2026-05-01T04:27:45.636285,66.23,0.0733,68.98,0.0881,1000.0,0.0,4.199,86.2,100,0,60.0,2026-05-01T04:28:45.636079,4.212
2026-05-01T04:27:45.676216,66.23,0.0759,68.99,0.089,1000.0,0.0,4.199,86.2,100,0,60.0,2026-05-01T04:28:45.676101,4.212
2026-05-01T04:27:45.710778,66.23,0.0759,68.99,0.0896,1000.0,0.0,4.199,86.2,100,0,60.0,2026-05-01T04:28:45.710629,4.212
2026-05-01T04:27:46.688858,66.27,0.0709,69.03,0.0891,1000.0,0.0,4.199,86.2,100,0,60.0,2026-05-01T04:28:46.688701,4.212
2026-05-01T04:27:46.724900,66.27,0.0709,69.04,0.0877,1000.0,0.0,4.199,86.1,100,0,60.0,2026-05-01T04:28:46.724788,4.212
2026-05-01T04:27:46.756020,66.27,0.0709,69.04,0.0871,1000.0,0.0,4.199,86.1,100,0,60.0,2026-05-01T04:28:46.755925,4.212
2026-05-01T04:27:47.742262,66.32,0.0709,69.08,0.0851,1000.0,0.0,4.199,86.1,100,0,60.0,2026-05-01T04:28:47.742088,4.212
2026-05-01T04:27:47.781316,66.32,0.0709,69.09,0.0854,1000.0,0.0,4.199,86.1,100,0,60.0,2026-05-01T04:28:47.781198,4.212
2026-05-01T04:27:48.762174,66.32,0.0709,69.12,0.0858,1000.0,0.0,4.199,86.1,100,0,60.0,2026-05-01T04:28:48.761972,4.212
2026-05-01T04:27:48.806474,66.37,0.0742,69.13,0.0864,1000.0,0.0,4.199,86.1,100,0,60.0,2026-05-01T04:28:48.806342,4.212
2026-05-01T04:27:48.839051,66.37,0.0742,69.14,0.0875,1000.0,0.0,4.199,86.1,100,0,60.0,2026-05-01T04:28:48.838913,4.212
2026-05-01T04:27:49.790808,66.42,0.0742,69.18,0.0885,1000.0,0.0,4.199,86.1,100,0,60.0,2026-05-01T04:28:49.790668,4.212
2026-05-01T04:27:49.826131,66.42,0.0711,69.19,0.0873,1000.0,0.0,4.199,86.1,100,0,60.0,2026-05-01T04:28:49.826021,4.212
2026-05-01T04:27:49.858582,66.42,0.0711,69.19,0.0869,1000.0,0.0,4.199,86.1,100,0,60.0,2026-05-01T04:28:49.858481,4.212
2026-05-01T04:27:50.868104,66.46,0.0666,69.23,0.0858,1000.0,0.0,4.199,86.1,100,0,60.0,2026-05-01T04:28:50.867926,4.212
2026-05-01T04:27:50.907353,66.46,0.0717,69.23,0.0858,1000.0,0.0,4.199,86.1,100,0,60.0,2026-05-01T04:28:50.907226,4.212
2026-05-01T04:27:50.941235,66.46,0.0717,69.23,0.0861,1000.0,0.0,4.199,86.1,100,0,60.0,2026-05-01T04:28:50.941138,4.212
2026-05-01T04:27:51.924719,66.5,0.0717,69.27,0.086,1000.0,0.0,4.199,86.1,100,0,60.0,2026-05-01T04:28:51.924581,4.212
2026-05-01T04:27:51.959975,66.5,0.0717,69.27,0.0863,1000.0,0.0,4.199,86.1,100,0,60.0,2026-05-01T04:28:51.959851,4.212
2026-05-01T04:27:51.992583,66.5,0.0717,69.28,0.0865,1000.0,0.0,4.199,86.1,100,0,60.0,2026-05-01T04:28:51.992485,4.212
2026-05-01T04:27:52.953504,66.54,0.0716,69.31,0.0863,1000.0,0.0,4.199,86.0,100,0,60.0,2026-05-01T04:28:52.953368,4.212
2026-05-01T04:27:52.985047,66.54,0.0716,69.31,0.0865,1000.0,0.0,4.199,86.0,100,0,60.0,2026-05-01T04:28:52.984919,4.212
2026-05-01T04:27:53.974907,66.54,0.0716,69.34,0.0867,1000.0,0.0,4.199,86.0,100,0,60.0,2026-05-01T04:28:53.974763,4.212
2026-05-01T04:27:54.007847,66.6,0.0724,69.36,0.0862,1000.0,0.0,4.199,86.0,100,0,60.0,2026-05-01T04:28:54.007756,4.212
2026-05-01T04:27:54.039625,66.6,0.0724,69.36,0.0867,1000.0,0.0,4.199,86.0,100,0,60.0,2026-05-01T04:28:54.039518,4.212
2026-05-01T04:27:55.040467,66.63,0.0724,69.4,0.0874,1000.0,0.0,4.199,86.0,100,0,60.0,2026-05-01T04:28:55.040280,4.212
2026-05-01T04:27:55.078823,66.63,0.0776,69.4,0.0894,1000.0,0.0,4.199,86.0,100,0,60.0,2026-05-01T04:28:55.078699,4.212
2026-05-01T04:27:55.112786,66.63,0.0776,69.4,0.0906,1000.0,0.0,4.199,86.0,100,0,60.0,2026-05-01T04:28:55.112676,4.212
2026-05-01T04:27:56.080713,66.66,0.076,69.43,0.0917,1000.0,0.0,4.199,86.0,100,0,60.0,2026-05-01T04:28:56.080560,4.212
2026-05-01T04:27:56.127009,66.66,0.0793,69.43,0.093,1000.0,0.0,4.199,86.0,100,0,60.0,2026-05-01T04:28:56.126852,4.212
2026-05-01T04:27:56.164138,66.66,0.0793,69.43,0.0935,1000.0,0.0,4.199,86.0,100,0,60.0,2026-05-01T04:28:56.163989,4.212
2026-05-01T04:27:57.155086,66.7,0.0711,69.47,0.092,1000.0,0.0,4.199,86.0,100,0,60.0,2026-05-01T04:28:57.154928,4.212
2026-05-01T04:27:57.191891,66.7,0.0711,69.47,0.0896,1000.0,0.0,4.199,86.0,100,0,60.0,2026-05-01T04:28:57.191788,4.212
2026-05-01T04:27:57.223197,66.7,0.0711,69.47,0.0885,1000.0,0.0,4.199,86.0,100,0,60.0,2026-05-01T04:28:57.223093,4.212
2026-05-01T04:27:58.208770,66.72,0.0759,69.49,0.088,1000.0,0.0,4.199,86.0,100,0,60.0,2026-05-01T04:28:58.208627,4.212
2026-05-01T04:27:58.245456,66.72,0.0759,69.49,0.0893,1000.0,0.0,4.199,86.0,100,0,60.0,2026-05-01T04:28:58.245339,4.212
2026-05-01T04:27:59.230350,66.72,0.0759,69.52,0.0903,1000.0,0.0,4.199,86.0,100,0,60.0,2026-05-01T04:28:59.230156,4.212
2026-05-01T04:27:59.275664,66.75,0.0734,69.52,0.0894,1000.0,0.0,4.199,86.0,100,0,60.0,2026-05-01T04:28:59.275538,4.212
2026-05-01T04:27:59.308649,66.75,0.0734,69.51,0.0892,1000.0,0.0,4.199,86.0,100,0,60.0,2026-05-01T04:28:59.308537,4.212
2026-05-01T04:28:00.285460,66.77,0.0734,69.55,0.0891,1000.0,0.0,4.199,86.0,100,0,60.0,2026-05-01T04:29:00.285222,4.212
2026-05-01T04:28:00.326123,66.77,0.0733,69.54,0.0889,1000.0,0.0,4.199,86.0,100,0,60.0,2026-05-01T04:29:00.326006,4.212
2026-05-01T04:28:00.358152,66.77,0.0733,69.54,0.0888,1000.0,0.0,4.199,86.0,100,0,60.0,2026-05-01T04:29:00.358021,4.212
2026-05-01T04:28:01.332455,66.8,0.0733,69.57,0.0888,1000.0,0.0,4.199,86.0,100,0,60.0,2026-05-01T04:29:01.332247,4.212
2026-05-01T04:28:01.373543,66.8,0.0702,69.57,0.0868,1000.0,0.0,4.199,86.0,100,0,60.0,2026-05-01T04:29:01.373423,4.212
2026-05-01T04:28:01.408665,66.8,0.0702,69.57,0.0863,1000.0,0.0,4.199,86.0,100,0,60.0,2026-05-01T04:29:01.408519,4.212
2026-05-01T04:28:02.383451,66.82,0.0641,69.59,0.0843,1000.0,0.0,4.199,86.0,100,0,60.0,2026-05-01T04:29:02.382982,4.212
2026-05-01T04:28:02.416330,66.82,0.0702,69.59,0.0848,1000.0,0.0,4.199,86.0,100,0,60.0,2026-05-01T04:29:02.416137,4.212
2026-05-01T04:28:02.447820,66.82,0.0702,69.59,0.085,1000.0,0.0,4.199,86.0,100,0,60.0,2026-05-01T04:29:02.447727,4.212
2026-05-01T04:28:03.421615,66.84,0.0785,69.61,0.0871,1000.0,0.0,4.199,85.9,100,0,60.0,2026-05-01T04:29:03.421486,4.212
2026-05-01T04:28:03.452252,66.84,0.0785,69.61,0.0898,1000.0,0.0,4.199,85.9,100,0,60.0,2026-05-01T04:29:03.452152,4.212
2026-05-01T04:28:04.455521,66.84,0.0785,69.64,0.0917,1000.0,0.0,4.199,85.9,100,0,60.0,2026-05-01T04:29:04.455387,4.212
2026-05-01T04:28:04.492507,66.88,0.076,69.64,0.0917,1000.0,0.0,4.199,85.9,100,0,60.0,2026-05-01T04:29:04.492410,4.212
2026-05-01T04:28:04.526395,66.88,0.076,69.64,0.0916,1000.0,0.0,4.199,85.9,100,0,60.0,2026-05-01T04:29:04.526300,4.212
2026-05-01T04:28:05.570059,66.93,0.076,69.68,0.0917,1000.0,0.0,4.199,85.9,100,0,60.0,2026-05-01T04:29:05.569794,4.212
2026-05-01T04:28:05.618819,66.93,0.0726,69.69,0.0898,1000.0,0.0,4.199,85.9,100,0,60.0,2026-05-01T04:29:05.618617,4.212
2026-05-01T04:28:05.661414,66.93,0.0726,69.69,0.0891,1000.0,0.0,4.199,85.9,100,0,60.0,2026-05-01T04:29:05.661311,4.212
2026-05-01T04:28:06.571781,66.98,0.0693,69.73,0.0882,1000.0,0.0,4.199,85.9,100,0,60.0,2026-05-01T04:29:06.571610,4.212
2026-05-01T04:28:06.611698,66.98,0.0751,69.74,0.0888,1000.0,0.0,4.199,85.9,100,0,60.0,2026-05-01T04:29:06.611554,4.212
2026-05-01T04:28:06.643884,66.98,0.0751,69.74,0.0894,1000.0,0.0,4.199,85.9,100,0,60.0,2026-05-01T04:29:06.643773,4.212
2026-05-01T04:28:07.627303,67.05,0.081,69.79,0.0902,1000.0,0.0,4.199,85.9,100,0,60.0,2026-05-01T04:29:07.627148,4.212
2026-05-01T04:28:07.663311,67.05,0.0818,69.8,0.0933,1000.0,0.0,4.199,85.9,100,0,60.0,2026-05-01T04:29:07.663205,4.212
2026-05-01T04:28:07.693963,67.05,0.0818,69.8,0.0947,1000.0,0.0,4.199,85.9,100,0,60.0,2026-05-01T04:29:07.693879,4.212
2026-05-01T04:28:08.680401,67.11,0.081,69.85,0.0961,1000.0,0.0,4.199,85.9,100,0,60.0,2026-05-01T04:29:08.680255,4.212
2026-05-01T04:28:08.714093,67.11,0.081,69.86,0.0963,1000.0,0.0,4.199,85.9,100,0,60.0,2026-05-01T04:29:08.714008,4.212
2026-05-01T04:28:09.685503,67.11,0.081,69.9,0.0966,1000.0,0.0,4.199,85.9,100,0,60.0,2026-05-01T04:29:09.685355,4.212
2026-05-01T04:28:09.721941,67.16,0.0783,69.91,0.0951,1000.0,0.0,4.199,85.8,100,0,60.0,2026-05-01T04:29:09.721813,4.212
2026-05-01T04:28:09.755626,67.16,0.0783,69.91,0.0947,1000.0,0.0,4.199,85.8,100,0,60.0,2026-05-01T04:29:09.755516,4.212
2026-05-01T04:28:10.757642,67.21,0.0783,69.95,0.0945,1000.0,0.0,4.199,85.8,100,0,60.0,2026-05-01T04:29:10.757463,4.212
2026-05-01T04:28:10.797489,67.21,0.0827,69.96,0.0955,1000.0,0.0,4.199,85.8,100,0,60.0,2026-05-01T04:29:10.797369,4.212
2026-05-01T04:28:10.829817,67.21,0.0827,69.97,0.0965,1000.0,0.0,4.199,85.8,100,0,60.0,2026-05-01T04:29:10.829721,4.212
2026-05-01T04:28:11.807306,67.27,0.0783,70.01,0.097,1000.0,0.0,4.199,85.8,100,0,60.0,2026-05-01T04:29:11.807163,4.212
2026-05-01T04:28:11.845473,67.27,0.0827,70.02,0.0976,1000.0,0.0,4.199,85.8,100,0,60.0,2026-05-01T04:29:11.845347,4.212
2026-05-01T04:28:11.881265,67.27,0.0827,70.03,0.098,1000.0,0.0,4.199,85.8,100,0,60.0,2026-05-01T04:29:11.879930,4.212
2026-05-01T04:28:12.864509,67.32,0.0792,70.07,0.0974,1000.0,0.0,4.199,85.8,100,0,60.0,2026-05-01T04:29:12.864355,4.212
2026-05-01T04:28:12.902758,67.32,0.0827,70.08,0.0979,1000.0,0.0,4.199,85.8,100,0,60.0,2026-05-01T04:29:12.902596,4.212
2026-05-01T04:28:12.935393,67.32,0.0827,70.08,0.0981,1000.0,0.0,4.199,85.8,100,0,60.0,2026-05-01T04:29:12.935297,4.212
2026-05-01T04:28:13.920321,67.37,0.0851,70.12,0.0984,1000.0,0.0,4.199,85.8,100,0,60.0,2026-05-01T04:29:13.920197,4.212
2026-05-01T04:28:13.953697,67.37,0.0851,70.13,0.0995,1000.0,0.0,4.199,85.8,100,0,60.0,2026-05-01T04:29:13.953605,4.212
2026-05-01T04:28:14.933558,67.37,0.0851,70.17,0.1003,1000.0,0.0,4.199,85.8,100,0,60.0,2026-05-01T04:29:14.933356,4.212
2026-05-01T04:28:14.973763,67.42,0.0861,70.18,0.1009,1000.0,0.0,4.199,85.7,100,0,60.0,2026-05-01T04:29:14.973653,4.212
2026-05-01T04:28:15.005786,67.42,0.0861,70.18,0.1013,1000.0,0.0,4.199,85.7,100,0,60.0,2026-05-01T04:29:15.005663,4.212
2026-05-01T04:28:15.968384,67.47,0.0861,70.22,0.1018,1000.0,0.0,4.199,85.7,100,0,60.0,2026-05-01T04:29:15.968266,4.212
2026-05-01T04:28:16.004030,67.47,0.0869,70.22,0.1019,1000.0,0.0,4.199,85.7,100,0,60.0,2026-05-01T04:29:16.003913,4.212
2026-05-01T04:28:16.037715,67.47,0.0869,70.22,0.1022,1000.0,0.0,4.199,85.7,100,0,60.0,2026-05-01T04:29:16.037626,4.212
2026-05-01T04:28:17.032675,67.52,0.0869,70.27,0.1027,1000.0,0.0,4.199,85.7,100,0,60.0,2026-05-01T04:29:17.032555,4.212
2026-05-01T04:28:17.074055,67.52,0.081,70.27,0.1001,1000.0,0.0,4.199,85.7,100,0,60.0,2026-05-01T04:29:17.073930,4.212
2026-05-01T04:28:17.109078,67.52,0.081,70.27,0.0991,1000.0,0.0,4.199,85.7,100,0,60.0,2026-05-01T04:29:17.108952,4.212
2026-05-01T04:28:18.081583,67.58,0.0802,70.32,0.0979,1000.0,0.0,4.199,85.7,100,0,60.0,2026-05-01T04:29:18.081444,4.212
2026-05-01T04:28:18.113349,67.58,0.081,70.33,0.0975,1000.0,0.0,4.199,85.7,100,0,60.0,2026-05-01T04:29:18.113242,4.212
2026-05-01T04:28:18.145180,67.58,0.081,70.33,0.0973,1000.0,0.0,4.199,85.7,100,0,60.0,2026-05-01T04:29:18.145035,4.212
2026-05-01T04:28:19.146611,67.61,0.081,70.37,0.097,1000.0,0.0,4.199,85.7,100,0,60.0,2026-05-01T04:29:19.146455,4.212
2026-05-01T04:28:19.183096,67.61,0.081,70.37,0.097,1000.0,0.0,4.199,85.7,100,0,60.0,2026-05-01T04:29:19.182869,4.212
2026-05-01T04:28:20.164703,67.61,0.081,70.4,0.0973,1000.0,0.0,4.199,85.7,100,0,60.0,2026-05-01T04:29:20.164508,4.212
2026-05-01T04:28:20.207658,67.65,0.0852,70.41,0.0981,1000.0,0.0,4.199,85.7,100,0,60.0,2026-05-01T04:29:20.207540,4.212
2026-05-01T04:28:20.240781,67.65,0.0852,70.41,0.0993,1000.0,0.0,4.199,85.7,100,0,60.0,2026-05-01T04:29:20.240677,4.212
2026-05-01T04:28:21.226290,67.69,0.0852,70.45,0.1005,1000.0,0.0,4.199,85.7,100,0,60.0,2026-05-01T04:29:21.226122,4.212
2026-05-01T04:28:21.266807,67.69,0.0877,70.45,0.1015,1000.0,0.0,4.199,85.7,100,0,60.0,2026-05-01T04:29:21.266648,4.212
2026-05-01T04:28:21.298537,67.69,0.0877,70.45,0.1023,1000.0,0.0,4.199,85.7,100,0,60.0,2026-05-01T04:29:21.298445,4.212
2026-05-01T04:28:22.280045,67.73,0.0841,70.49,0.1028,1000.0,0.0,4.199,85.6,100,0,60.0,2026-05-01T04:29:22.279877,4.212
2026-05-01T04:28:22.319411,67.73,0.0903,70.49,0.104,1000.0,0.0,4.199,85.6,100,0,60.0,2026-05-01T04:29:22.319229,4.212
2026-05-01T04:28:22.352649,67.73,0.0903,70.49,0.1048,1000.0,0.0,4.199,85.6,100,0,60.0,2026-05-01T04:29:22.352516,4.212
2026-05-01T04:28:23.333130,67.79,0.0861,70.54,0.1045,1000.0,0.0,4.199,85.6,100,0,60.0,2026-05-01T04:29:23.332704,4.212
2026-05-01T04:28:23.369982,67.79,0.0861,70.54,0.1035,1000.0,0.0,4.199,85.6,100,0,60.0,2026-05-01T04:29:23.369850,4.212
2026-05-01T04:28:23.402315,67.79,0.0861,70.54,0.1031,1000.0,0.0,4.199,85.6,100,0,60.0,2026-05-01T04:29:23.402170,4.212
2026-05-01T04:28:24.386767,67.82,0.0828,70.57,0.1014,1000.0,0.0,4.199,85.6,100,0,60.0,2026-05-01T04:29:24.386607,4.212
2026-05-01T04:28:24.422259,67.82,0.0828,70.58,0.1004,1000.0,0.0,4.199,85.6,100,0,60.0,2026-05-01T04:29:24.422153,4.212
2026-05-01T04:28:25.404630,67.82,0.0828,70.61,0.1001,1000.0,0.0,4.199,85.6,100,0,60.0,2026-05-01T04:29:25.404456,4.212
2026-05-01T04:28:25.446892,67.89,0.0877,70.63,0.1005,1000.0,0.0,4.199,85.6,100,0,60.0,2026-05-01T04:29:25.446785,4.212
2026-05-01T04:28:25.479145,67.89,0.0877,70.64,0.1018,1000.0,0.0,4.199,85.6,100,0,60.0,2026-05-01T04:29:25.479030,4.212
2026-05-01T04:28:26.461113,67.95,0.0877,70.68,0.1031,1000.0,0.0,4.199,85.6,100,0,60.0,2026-05-01T04:29:26.460907,4.212
2026-05-01T04:28:26.502493,67.95,0.0877,70.69,0.1035,1000.0,0.0,4.199,85.6,100,0,60.0,2026-05-01T04:29:26.502319,4.212
2026-05-01T04:28:26.535491,67.95,0.0877,70.69,0.1037,1000.0,0.0,4.199,85.6,100,0,60.0,2026-05-01T04:29:26.535344,4.212
2026-05-01T04:28:27.514629,67.99,0.0861,70.73,0.1038,1000.0,0.0,4.199,85.6,100,0,60.0,2026-05-01T04:29:27.514443,4.212
2026-05-01T04:28:27.554221,67.99,0.0896,70.73,0.1045,1000.0,0.0,4.199,85.6,100,0,60.0,2026-05-01T04:29:27.554095,4.212
2026-05-01T04:28:27.586952,67.99,0.0896,70.74,0.105,1000.0,0.0,4.199,85.6,100,0,60.0,2026-05-01T04:29:27.586843,4.212
2026-05-01T04:28:28.566971,68.04,0.0896,70.78,0.1057,1000.0,0.0,4.199,85.6,100,0,60.0,2026-05-01T04:29:28.566776,4.212
2026-05-01T04:28:28.602878,68.04,0.0896,70.78,0.1058,1000.0,0.0,4.199,85.5,100,0,60.0,2026-05-01T04:29:28.602759,4.212
2026-05-01T04:28:28.635003,68.04,0.0896,70.79,0.1059,1000.0,0.0,4.199,85.5,100,0,60.0,2026-05-01T04:29:28.634871,4.212
2026-05-01T04:28:29.623010,68.08,0.0835,70.83,0.1044,1000.0,0.0,4.199,85.5,100,0,60.0,2026-05-01T04:29:29.622850,4.212
2026-05-01T04:28:29.659306,68.08,0.0835,70.83,0.1027,1000.0,0.0,4.199,85.5,100,0,60.0,2026-05-01T04:29:29.659197,4.212
2026-05-01T04:28:30.642747,68.08,0.0835,70.86,0.1017,1000.0,0.0,4.199,85.5,100,0,60.0,2026-05-01T04:29:30.642544,4.212
2026-05-01T04:28:30.686507,68.13,0.0835,70.87,0.1002,1000.0,0.0,4.199,85.5,100,0,60.0,2026-05-01T04:29:30.686371,4.212
2026-05-01T04:28:30.728209,68.13,0.0835,70.88,0.1002,1000.0,0.0,4.199,85.5,100,0,60.0,2026-05-01T04:29:30.728084,4.212
2026-05-01T04:28:31.696693,68.19,0.0835,70.92,0.1003,1000.0,0.0,4.199,85.5,100,0,60.0,2026-05-01T04:29:31.696497,4.212
2026-05-01T04:28:31.737965,68.19,0.0962,70.93,0.1049,1000.0,0.0,4.199,85.5,100,0,60.0,2026-05-01T04:29:31.737823,4.212
2026-05-01T04:28:31.781213,68.19,0.0962,70.94,0.1077,1000.0,0.0,4.199,85.5,100,0,60.0,2026-05-01T04:29:31.781084,4.212
2026-05-01T04:28:32.744802,68.23,0.0945,70.97,0.1104,1000.0,0.0,4.199,85.5,100,0,60.0,2026-05-01T04:29:32.744637,4.212
2026-05-01T04:28:32.785148,68.23,0.0819,70.98,0.1048,1000.0,0.0,4.199,85.5,100,0,60.0,2026-05-01T04:29:32.784996,4.212
2026-05-01T04:28:32.817258,68.23,0.0819,70.98,0.1027,1000.0,0.0,4.199,85.5,100,0,60.0,2026-05-01T04:29:32.817132,4.212
2026-05-01T04:28:33.807054,68.26,0.081,71.02,0.1001,1000.0,0.0,4.199,85.5,100,0,60.0,2026-05-01T04:29:33.806903,4.212
2026-05-01T04:28:33.844231,68.26,0.0819,71.02,0.0994,1000.0,0.0,4.199,85.5,100,0,60.0,2026-05-01T04:29:33.844108,4.212
2026-05-01T04:28:33.879399,68.26,0.0819,71.02,0.0991,1000.0,0.0,4.199,85.5,100,0,60.0,2026-05-01T04:29:33.878133,4.212
2026-05-01T04:28:34.844572,68.3,0.0852,71.05,0.0997,1000.0,0.0,4.199,85.5,100,0,60.0,2026-05-01T04:29:34.844429,4.212
2026-05-01T04:28:34.878678,68.3,0.0852,71.05,0.1005,1000.0,0.0,4.199,85.5,100,0,60.0,2026-05-01T04:29:34.878568,4.212
2026-05-01T04:28:35.879128,68.3,0.0852,71.09,0.1014,1000.0,0.0,4.199,85.5,100,0,60.0,2026-05-01T04:29:35.877202,4.212
2026-05-01T04:28:35.923394,68.35,0.0852,71.1,0.1012,1000.0,0.0,4.199,85.4,100,0,60.0,2026-05-01T04:29:35.923288,4.212
2026-05-01T04:28:35.955168,68.35,0.0852,71.1,0.1014,1000.0,0.0,4.199,85.4,100,0,60.0,2026-05-01T04:29:35.955054,4.212
2026-05-01T04:28:36.932520,68.41,0.0852,71.14,0.1018,1000.0,0.0,4.199,85.4,100,0,60.0,2026-05-01T04:29:36.932232,4.212
2026-05-01T04:28:36.970562,68.41,0.0869,71.15,0.102,1000.0,0.0,4.199,85.4,100,0,60.0,2026-05-01T04:29:36.970456,4.212
2026-05-01T04:28:37.002907,68.41,0.0869,71.15,0.1025,1000.0,0.0,4.199,85.4,100,0,60.0,2026-05-01T04:29:37.002771,4.212
2026-05-01T04:28:37.964933,68.45,0.0835,71.19,0.1028,1000.0,0.0,4.199,85.4,100,0,60.0,2026-05-01T04:29:37.964786,4.212
2026-05-01T04:28:37.997829,68.45,0.0869,71.19,0.1029,1000.0,0.0,4.199,85.4,100,0,60.0,2026-05-01T04:29:37.997692,4.212
2026-05-01T04:28:38.029620,68.45,0.0869,71.2,0.1031,1000.0,0.0,4.199,85.4,100,0,60.0,2026-05-01T04:29:38.029501,4.212
2026-05-01T04:28:39.026146,68.49,0.0936,71.23,0.1045,1000.0,0.0,4.199,85.4,100,0,60.0,2026-05-01T04:29:39.025990,4.212
2026-05-01T04:28:39.064579,68.49,0.0996,71.24,0.1097,1000.0,0.0,4.199,85.4,100,0,60.0,2026-05-01T04:29:39.064470,4.212
2026-05-01T04:28:39.097919,68.49,0.0996,71.24,0.1119,1000.0,0.0,4.199,85.4,100,0,60.0,2026-05-01T04:29:39.097810,4.212
2026-05-01T04:28:40.079804,68.53,0.1003,71.28,0.1142,1000.0,0.0,4.199,85.4,100,0,60.0,2026-05-01T04:29:40.079649,4.212
2026-05-01T04:28:40.117057,68.53,0.1003,71.28,0.1155,1000.0,0.0,4.199,85.4,100,0,60.0,2026-05-01T04:29:40.116852,4.212
2026-05-01T04:28:41.111005,68.53,0.1003,71.31,0.1165,1000.0,0.0,4.199,85.4,100,0,60.0,2026-05-01T04:29:41.110805,4.212
2026-05-01T04:28:41.156727,68.57,0.0987,71.32,0.1162,1000.0,0.0,4.199,85.4,100,0,60.0,2026-05-01T04:29:41.156614,4.212
2026-05-01T04:28:41.190145,68.57,0.0987,71.32,0.116,1000.0,0.0,4.199,85.4,100,0,60.0,2026-05-01T04:29:41.190033,4.212
2026-05-01T04:28:42.167083,68.62,0.0987,71.36,0.116,1000.0,0.0,4.199,85.3,100,0,60.0,2026-05-01T04:29:42.166842,4.212
2026-05-01T04:28:42.207060,68.62,0.1048,71.36,0.1177,1000.0,0.0,4.199,85.3,100,0,60.0,2026-05-01T04:29:42.206952,4.212
2026-05-01T04:28:42.239072,68.62,0.1048,71.37,0.1193,1000.0,0.0,4.199,85.3,100,0,60.0,2026-05-01T04:29:42.238968,4.212
2026-05-01T04:28:43.219035,68.65,0.1048,71.4,0.1209,1000.0,0.0,4.199,85.3,100,0,60.0,2026-05-01T04:29:43.218823,4.212
2026-05-01T04:28:43.257135,68.65,0.1021,71.4,0.1198,1000.0,0.0,4.199,85.3,100,0,60.0,2026-05-01T04:29:43.257013,4.212
2026-05-01T04:28:43.289906,68.65,0.1021,71.4,0.1196,1000.0,0.0,4.199,85.3,100,0,60.0,2026-05-01T04:29:43.289802,4.212
2026-05-01T04:28:44.274611,68.7,0.0987,71.44,0.1186,1000.0,0.0,4.199,85.3,100,0,60.0,2026-05-01T04:29:44.274461,4.212
2026-05-01T04:28:44.311077,68.7,0.0996,71.45,0.1178,1000.0,0.0,4.199,85.3,100,0,60.0,2026-05-01T04:29:44.310953,4.212
2026-05-01T04:28:44.343033,68.7,0.0996,71.45,0.1174,1000.0,0.0,4.199,85.3,100,0,60.0,2026-05-01T04:29:44.342930,4.212
2026-05-01T04:28:45.328332,68.75,0.0996,71.49,0.1172,1000.0,0.0,4.199,85.3,100,0,60.0,2026-05-01T04:29:45.328173,4.212
2026-05-01T04:28:45.363788,68.75,0.0996,71.5,0.117,1000.0,0.0,4.199,85.3,100,0,60.0,2026-05-01T04:29:45.363673,4.212
2026-05-01T04:28:46.345421,68.75,0.0996,71.54,0.1171,1000.0,0.0,4.199,85.3,100,0,60.0,2026-05-01T04:29:46.345198,4.212
2026-05-01T04:28:46.388722,68.79,0.1029,71.54,0.117,1000.0,0.0,4.199,85.3,100,0,60.0,2026-05-01T04:29:46.388591,4.212
2026-05-01T04:28:46.421033,68.79,0.1029,71.54,0.1182,1000.0,0.0,4.199,85.3,100,0,60.0,2026-05-01T04:29:46.420921,4.212
2026-05-01T04:28:47.402625,68.83,0.1029,71.58,0.1194,1000.0,0.0,4.199,85.3,100,0,60.0,2026-05-01T04:29:47.402428,4.212
2026-05-01T04:28:47.442768,68.83,0.0995,71.58,0.1174,1000.0,0.0,4.199,85.3,100,0,60.0,2026-05-01T04:29:47.442652,4.212
2026-05-01T04:28:47.474549,68.83,0.0995,71.59,0.1172,1000.0,0.0,4.199,85.3,100,0,60.0,2026-05-01T04:29:47.474455,4.212
2026-05-01T04:28:48.457917,68.86,0.097,71.61,0.1167,1000.0,0.0,4.199,85.3,100,0,60.0,2026-05-01T04:29:48.457759,4.212
2026-05-01T04:28:48.496007,68.86,0.0995,71.6,0.1165,1000.0,0.0,4.199,85.3,100,0,60.0,2026-05-01T04:29:48.495889,4.212
2026-05-01T04:28:48.528222,68.86,0.0995,71.6,0.1166,1000.0,0.0,4.199,85.3,100,0,60.0,2026-05-01T04:29:48.528101,4.212
2026-05-01T04:28:49.507829,68.92,0.1003,71.64,0.1169,1000.0,0.0,4.199,85.3,100,0,60.0,2026-05-01T04:29:49.507686,4.212
2026-05-01T04:28:49.543421,68.92,0.1046,71.65,0.1191,1000.0,0.0,4.199,85.2,100,0,60.0,2026-05-01T04:29:49.543314,4.212
2026-05-01T04:28:49.575546,68.92,0.1046,71.65,0.12,1000.0,0.0,4.199,85.2,100,0,60.0,2026-05-01T04:29:49.575441,4.212
2026-05-01T04:28:50.564378,68.97,0.108,71.7,0.1211,1000.0,0.0,4.199,85.2,100,0,60.0,2026-05-01T04:29:50.564237,4.212
2026-05-01T04:28:50.599832,68.97,0.108,71.7,0.1228,1000.0,0.0,4.199,85.2,100,0,60.0,2026-05-01T04:29:50.599523,4.212
2026-05-01T04:28:51.583480,68.97,0.108,71.74,0.1241,1000.0,0.0,4.199,85.2,100,0,60.0,2026-05-01T04:29:51.583219,4.212
2026-05-01T04:28:51.627789,69.02,0.1031,71.75,0.1226,1000.0,0.0,4.199,85.2,100,0,60.0,2026-05-01T04:29:51.627656,4.212
2026-05-01T04:28:51.660345,69.02,0.1031,71.75,0.1218,1000.0,0.0,4.199,85.2,100,0,60.0,2026-05-01T04:29:51.660245,4.212
2026-05-01T04:28:52.639970,69.06,0.1031,71.79,0.1214,1000.0,0.0,4.199,85.2,100,0,60.0,2026-05-01T04:29:52.639768,4.212
2026-05-01T04:28:52.680640,69.06,0.1031,71.8,0.121,1000.0,0.0,4.199,85.2,100,0,60.0,2026-05-01T04:29:52.680507,4.212
2026-05-01T04:28:52.713321,69.06,0.1031,71.8,0.1208,1000.0,0.0,4.199,85.2,100,0,60.0,2026-05-01T04:29:52.713200,4.212
2026-05-01T04:28:53.691238,69.1,0.0981,71.84,0.12,1000.0,0.0,4.199,85.2,100,0,60.0,2026-05-01T04:29:53.691090,4.212
2026-05-01T04:28:53.728928,69.1,0.1046,71.84,0.1204,1000.0,0.0,4.199,85.2,100,0,60.0,2026-05-01T04:29:53.728804,4.212
2026-05-01T04:28:53.761173,69.1,0.1046,71.84,0.121,1000.0,0.0,4.199,85.2,100,0,60.0,2026-05-01T04:29:53.761064,4.212
2026-05-01T04:28:54.725841,69.13,0.1048,71.87,0.1209,1000.0,0.0,4.199,85.2,100,0,60.0,2026-05-01T04:29:54.725714,4.212
2026-05-01T04:28:54.767634,69.13,0.1063,71.87,0.1221,1000.0,0.0,4.199,85.2,100,0,60.0,2026-05-01T04:29:54.767495,4.212
2026-05-01T04:28:54.798439,69.13,0.1063,71.87,0.1228,1000.0,0.0,4.199,85.2,100,0,60.0,2026-05-01T04:29:54.798357,4.212
2026-05-01T04:28:55.799794,69.17,0.1088,71.91,0.124,1000.0,0.0,4.199,85.2,100,0,60.0,2026-05-01T04:29:55.799440,4.212
2026-05-01T04:28:55.845600,69.17,0.1088,71.91,0.125,1000.0,0.0,4.199,85.2,100,0,60.0,2026-05-01T04:29:55.845462,4.212
2026-05-01T04:28:56.819218,69.17,0.1088,71.95,0.1258,1000.0,0.0,4.199,85.2,100,0,60.0,2026-05-01T04:29:56.819031,4.212
2026-05-01T04:28:56.862574,69.2,0.1088,71.95,0.1254,1000.0,0.0,4.199,85.2,100,0,60.0,2026-05-01T04:29:56.862452,4.212
2026-05-01T04:28:56.895324,69.2,0.1088,71.95,0.1258,1000.0,0.0,4.199,85.2,100,0,60.0,2026-05-01T04:29:56.895198,4.212
2026-05-01T04:28:57.874063,69.23,0.1088,71.98,0.1264,1000.0,0.0,4.199,85.1,100,0,60.0,2026-05-01T04:29:57.873790,4.212
2026-05-01T04:28:57.917014,69.23,0.1098,71.98,0.1265,1000.0,0.0,4.199,85.1,100,0,60.0,2026-05-01T04:29:57.916889,4.212
2026-05-01T04:28:57.948432,69.23,0.1098,71.98,0.1269,1000.0,0.0,4.199,85.1,100,0,60.0,2026-05-01T04:29:57.948334,4.212
2026-05-01T04:28:58.927995,69.26,0.1098,72.01,0.1273,1000.0,0.0,4.199,85.1,100,0,60.0,2026-05-01T04:29:58.927836,4.212
2026-05-01T04:28:58.966058,69.26,0.1062,72.01,0.1249,1000.0,0.0,4.199,85.1,100,0,60.0,2026-05-01T04:29:58.965924,4.212
2026-05-01T04:28:58.997799,69.26,0.1062,72.01,0.1246,1000.0,0.0,4.199,85.1,100,0,60.0,2026-05-01T04:29:58.997696,4.212
2026-05-01T04:28:59.953076,69.28,0.097,72.04,0.1218,1000.0,0.0,4.199,85.1,100,0,60.0,2026-05-01T04:29:59.952916,4.212
2026-05-01T04:28:59.986135,69.28,0.1062,72.03,0.1227,1000.0,0.0,4.199,85.1,100,0,60.0,2026-05-01T04:29:59.986021,4.212
2026-05-01T04:29:00.018643,69.28,0.1062,72.03,0.1231,1000.0,0.0,4.199,85.1,100,0,60.0,2026-05-01T04:30:00.018544,4.212
2026-05-01T04:29:01.017463,69.31,0.108,72.06,0.1241,1000.0,0.0,4.199,85.1,100,0,60.0,2026-05-01T04:30:01.017313,4.212
2026-05-01T04:29:01.055007,69.31,0.108,72.06,0.1248,1000.0,0.0,4.199,85.1,100,0,60.0,2026-05-01T04:30:01.054883,4.212
2026-05-01T04:29:02.043428,69.31,0.108,72.09,0.1255,1000.0,0.0,4.199,85.1,100,0,60.0,2026-05-01T04:30:02.043291,4.212
2026-05-01T04:29:02.083306,69.34,0.1097,72.09,0.126,1000.0,0.0,4.199,85.1,100,0,60.0,2026-05-01T04:30:02.083024,4.212
2026-05-01T04:29:02.118610,69.34,0.1097,72.08,0.1266,1000.0,0.0,4.199,85.1,100,0,60.0,2026-05-01T04:30:02.118493,4.212
2026-05-01T04:29:03.114141,69.38,0.1097,72.12,0.1272,1000.0,0.0,4.199,85.1,100,0,60.0,2026-05-01T04:30:03.113970,4.212
2026-05-01T04:29:03.156424,69.38,0.1122,72.12,0.128,1000.0,0.0,4.199,85.1,100,0,60.0,2026-05-01T04:30:03.156311,4.212
2026-05-01T04:29:03.189824,69.38,0.1122,72.12,0.1287,1000.0,0.0,4.199,85.1,100,0,60.0,2026-05-01T04:30:03.189723,4.212
2026-05-01T04:29:04.147978,69.41,0.1122,72.15,0.1297,1000.0,0.0,4.199,85.1,100,0,60.0,2026-05-01T04:30:04.147830,4.212
2026-05-01T04:29:04.180267,69.41,0.1138,72.15,0.1305,1000.0,0.0,4.199,85.1,100,0,60.0,2026-05-01T04:30:04.180163,4.212
2026-05-01T04:29:04.212548,69.41,0.1138,72.15,0.1309,1000.0,0.0,4.199,85.1,100,0,60.0,2026-05-01T04:30:04.212428,4.212
2026-05-01T04:29:05.215547,69.46,0.1138,72.19,0.1315,1000.0,0.0,4.199,85.1,100,0,60.0,2026-05-01T04:30:05.215399,4.212
2026-05-01T04:29:05.252673,69.46,0.1147,72.2,0.132,1000.0,0.0,4.199,85.1,100,0,60.0,2026-05-01T04:30:05.252519,4.212
2026-05-01T04:29:05.285208,69.46,0.1147,72.2,0.1322,1000.0,0.0,4.199,85.1,100,0,60.0,2026-05-01T04:30:05.285077,4.212
2026-05-01T04:29:06.269549,69.51,0.1147,72.24,0.1319,1000.0,0.0,4.199,85.0,100,0,60.0,2026-05-01T04:30:06.269395,4.212
2026-05-01T04:29:06.304650,69.51,0.1147,72.25,0.1322,1000.0,0.0,4.199,85.0,100,0,60.0,2026-05-01T04:30:06.304523,4.213
2026-05-01T04:29:07.287796,69.51,0.1147,72.28,0.1327,1000.0,0.0,4.199,85.0,100,0,60.0,2026-05-01T04:30:07.287591,4.213
2026-05-01T04:29:07.332824,69.56,0.1174,72.29,0.132,1000.0,0.0,4.199,85.0,100,0,60.0,2026-05-01T04:30:07.332665,4.213
2026-05-01T04:29:07.365409,69.56,0.1174,72.3,0.1333,1000.0,0.0,4.199,85.0,100,0,60.0,2026-05-01T04:30:07.365325,4.213
2026-05-01T04:29:08.345193,69.6,0.1174,72.33,0.1346,1000.0,0.0,4.199,85.0,100,0,60.0,2026-05-01T04:30:08.345016,4.213
2026-05-01T04:29:08.386550,69.6,0.1181,72.34,0.1353,1000.0,0.0,4.199,85.0,100,0,60.0,2026-05-01T04:30:08.386424,4.213
2026-05-01T04:29:08.422046,69.6,0.1181,72.34,0.1356,1000.0,0.0,4.199,85.0,100,0,60.0,2026-05-01T04:30:08.421940,4.213
2026-05-01T04:29:09.398750,69.67,0.1174,72.39,0.136,1000.0,0.0,4.199,85.0,100,0,60.0,2026-05-01T04:30:09.398447,4.213
2026-05-01T04:29:09.437748,69.67,0.1181,72.4,0.1353,1000.0,0.0,4.199,85.0,100,0,60.0,2026-05-01T04:30:09.437619,4.213
2026-05-01T04:29:09.469905,69.67,0.1181,72.4,0.1358,1000.0,0.0,4.199,85.0,100,0,60.0,2026-05-01T04:30:09.469783,4.213
2026-05-01T04:29:10.453792,69.72,0.1097,72.45,0.1338,1000.0,0.0,4.199,85.0,100,0,60.0,2026-05-01T04:30:10.453624,4.213
2026-05-01T04:29:10.490038,69.72,0.1116,72.46,0.1321,1000.0,0.0,4.199,85.0,100,0,60.0,2026-05-01T04:30:10.489925,4.213
2026-05-01T04:29:10.521056,69.72,0.1116,72.46,0.1314,1000.0,0.0,4.199,85.0,100,0,60.0,2026-05-01T04:30:10.520957,4.213
2026-05-01T04:29:11.505427,69.79,0.1164,72.51,0.1311,1000.0,0.0,4.199,85.0,100,0,60.0,2026-05-01T04:30:11.505281,4.213
2026-05-01T04:29:11.540281,69.79,0.1164,72.52,0.1325,1000.0,0.0,4.199,85.0,100,0,60.0,2026-05-01T04:30:11.540170,4.213
2026-05-01T04:29:12.523992,69.79,0.1164,72.56,0.1338,1000.0,0.0,4.199,85.0,100,0,60.0,2026-05-01T04:30:12.523762,4.213
2026-05-01T04:29:12.566014,69.85,0.1166,72.57,0.1338,1000.0,0.0,4.199,84.9,100,0,60.0,2026-05-01T04:30:12.565884,4.213
2026-05-01T04:29:12.598178,69.85,0.1166,72.58,0.1342,1000.0,0.0,4.199,84.9,100,0,60.0,2026-05-01T04:30:12.598075,4.213
2026-05-01T04:29:13.579140,69.92,0.1166,72.62,0.1348,1000.0,0.0,4.199,84.9,100,0,60.0,2026-05-01T04:30:13.578925,4.213
2026-05-01T04:29:13.620137,69.92,0.1107,72.64,0.1317,1000.0,0.0,4.199,84.9,100,0,60.0,2026-05-01T04:30:13.620001,4.213
2026-05-01T04:29:13.652405,69.92,0.1107,72.65,0.1308,1000.0,0.0,4.199,84.9,100,0,60.0,2026-05-01T04:30:13.652292,4.213
2026-05-01T04:29:14.632458,69.99,0.1021,72.69,0.1286,1000.0,0.0,4.199,84.9,100,0,60.0,2026-05-01T04:30:14.632300,4.213
2026-05-01T04:29:14.672329,69.99,0.1107,72.7,0.1281,1000.0,0.0,4.199,84.9,100,0,60.0,2026-05-01T04:30:14.672223,4.213
2026-05-01T04:29:14.705978,69.99,0.1107,72.71,0.1284,1000.0,0.0,4.199,84.9,100,0,60.0,2026-05-01T04:30:14.705869,4.213
2026-05-01T04:29:15.687926,70.04,0.1197,72.76,0.1303,1000.0,0.0,4.199,84.9,100,0,60.0,2026-05-01T04:30:15.687762,4.213
2026-05-01T04:29:15.724246,70.04,0.1197,72.76,0.1337,1000.0,0.0,4.199,84.9,100,0,60.0,2026-05-01T04:30:15.724144,4.213
2026-05-01T04:29:15.756257,70.04,0.1197,72.77,0.1351,1000.0,0.0,4.199,84.9,100,0,60.0,2026-05-01T04:30:15.756142,4.213
2026-05-01T04:29:16.740965,70.12,0.1232,72.83,0.1372,1000.0,0.0,4.199,84.8,100,0,60.0,2026-05-01T04:30:16.740815,4.213
2026-05-01T04:29:16.775981,70.12,0.1232,72.84,0.139,1000.0,0.0,4.199,84.8,100,0,60.0,2026-05-01T04:30:16.775867,4.213
2026-05-01T04:29:17.760552,70.12,0.1232,72.88,0.1405,1000.0,0.0,4.199,84.8,100,0,60.0,2026-05-01T04:30:17.760369,4.213
2026-05-01T04:29:17.804921,70.17,0.1166,72.89,0.1384,1000.0,0.0,4.199,84.8,100,0,60.0,2026-05-01T04:30:17.804817,4.213
2026-05-01T04:29:17.838877,70.17,0.1166,72.9,0.1372,1000.0,0.0,4.199,84.8,100,0,60.0,2026-05-01T04:30:17.838772,4.213
2026-05-01T04:29:18.796355,70.23,0.1166,72.94,0.1364,1000.0,0.0,4.199,84.8,100,0,60.0,2026-05-01T04:30:18.796096,4.213
2026-05-01T04:29:18.834960,70.23,0.1156,72.95,0.1354,1000.0,0.0,4.199,84.8,100,0,60.0,2026-05-01T04:30:18.834794,4.213
2026-05-01T04:29:18.872425,70.23,0.1156,72.96,0.135,1000.0,0.0,4.199,84.8,100,0,60.0,2026-05-01T04:30:18.872307,4.213
2026-05-01T04:29:19.848301,70.3,0.1062,73.0,0.1333,1000.0,0.0,4.199,84.8,100,0,60.0,2026-05-01T04:30:19.848142,4.213
2026-05-01T04:29:19.898314,70.3,0.112,73.02,0.1317,1000.0,0.0,4.199,84.8,100,0,60.0,2026-05-01T04:30:19.898219,4.213
2026-05-01T04:29:20.096146,70.3,0.112,73.02,0.1313,1000.0,0.0,4.199,84.8,100,0,60.0,2026-05-01T04:30:20.096021,4.213
2026-05-01T04:29:20.898362,70.34,0.112,73.06,0.1304,1000.0,0.0,4.199,84.8,100,0,60.0,2026-05-01T04:30:20.898255,4.213
2026-05-01T04:29:20.930171,70.34,0.1129,73.06,0.131,1000.0,0.0,4.199,84.8,100,0,60.0,2026-05-01T04:30:20.930053,4.213
2026-05-01T04:29:20.961937,70.34,0.1129,73.07,0.1312,1000.0,0.0,4.199,84.8,100,0,60.0,2026-05-01T04:30:20.961827,4.213
2026-05-01T04:29:21.951644,70.38,0.1181,73.1,0.1322,1000.0,0.0,4.199,84.8,100,0,60.0,2026-05-01T04:30:21.951558,4.213
2026-05-01T04:29:21.985028,70.38,0.1181,73.11,0.1342,1000.0,0.0,4.199,84.8,100,0,60.0,2026-05-01T04:30:21.984950,4.213
2026-05-01T04:29:22.985050,70.38,0.1181,73.14,0.1356,1000.0,0.0,4.199,84.8,100,0,60.0,2026-05-01T04:30:22.984805,4.213
2026-05-01T04:29:23.017812,70.44,0.112,73.16,0.1333,1000.0,0.0,4.199,84.7,100,0,60.0,2026-05-01T04:30:23.017702,4.213
2026-05-01T04:29:23.048730,70.44,0.112,73.16,0.1324,1000.0,0.0,4.199,84.7,100,0,60.0,2026-05-01T04:30:23.048642,4.213
2026-05-01T04:29:24.053493,70.47,0.112,73.2,0.1319,1000.0,0.0,4.199,84.7,100,0,60.0,2026-05-01T04:30:24.053224,4.213
2026-05-01T04:29:24.092016,70.47,0.112,73.2,0.1304,1000.0,0.0,4.199,84.7,100,0,60.0,2026-05-01T04:30:24.091910,4.213
2026-05-01T04:29:24.124288,70.47,0.112,73.2,0.1306,1000.0,0.0,4.199,84.7,100,0,60.0,2026-05-01T04:30:24.124200,4.213
2026-05-01T04:29:25.096489,70.51,0.112,73.24,0.1311,1000.0,0.0,4.199,84.7,100,0,60.0,2026-05-01T04:30:25.096274,4.213
2026-05-01T04:29:25.138623,70.51,0.1197,73.24,0.1344,1000.0,0.0,4.199,84.7,100,0,60.0,2026-05-01T04:30:25.138478,4.213
2026-05-01T04:29:25.175857,70.51,0.1197,73.24,0.1358,1000.0,0.0,4.199,84.7,100,0,60.0,2026-05-01T04:30:25.175699,4.213
2026-05-01T04:29:26.148024,70.56,0.1156,73.28,0.1368,1000.0,0.0,4.199,84.7,100,0,60.0,2026-05-01T04:30:26.147865,4.213
2026-05-01T04:29:26.187131,70.56,0.1197,73.29,0.1377,1000.0,0.0,4.199,84.7,100,0,60.0,2026-05-01T04:30:26.187013,4.213
2026-05-01T04:29:26.218883,70.56,0.1197,73.29,0.138,1000.0,0.0,4.199,84.7,100,0,60.0,2026-05-01T04:30:26.218766,4.213
2026-05-01T04:29:27.208664,70.58,0.1197,73.32,0.1376,1000.0,0.0,4.199,84.7,100,0,60.0,2026-05-01T04:30:27.208517,4.213
2026-05-01T04:29:27.245200,70.58,0.1197,73.32,0.1381,1000.0,0.0,4.199,84.7,100,0,60.0,2026-05-01T04:30:27.245084,4.213
2026-05-01T04:29:28.221763,70.58,0.1197,73.35,0.1386,1000.0,0.0,4.199,84.7,100,0,60.0,2026-05-01T04:30:28.221626,4.213
2026-05-01T04:29:28.253967,70.61,0.1257,73.35,0.1402,1000.0,0.0,4.199,84.7,100,0,60.0,2026-05-01T04:30:28.253837,4.213
2026-05-01T04:29:28.287731,70.61,0.1257,73.35,0.1419,1000.0,0.0,4.199,84.7,100,0,60.0,2026-05-01T04:30:28.287638,4.213
2026-05-01T04:29:29.283475,70.65,0.1257,73.38,0.1436,1000.0,0.0,4.199,84.7,100,0,60.0,2026-05-01T04:30:29.283303,4.213
2026-05-01T04:29:29.321051,70.65,0.1257,73.38,0.1434,1000.0,0.0,4.199,84.7,100,0,60.0,2026-05-01T04:30:29.320960,4.213
2026-05-01T04:29:29.351760,70.65,0.1257,73.39,0.144,1000.0,0.0,4.199,84.7,100,0,60.0,2026-05-01T04:30:29.351689,4.213
2026-05-01T04:29:30.320009,70.68,0.1232,73.42,0.1443,1000.0,0.0,4.199,84.7,100,0,60.0,2026-05-01T04:30:30.319844,4.213
2026-05-01T04:29:30.356345,70.68,0.1314,73.42,0.1465,1000.0,0.0,4.199,84.7,100,0,60.0,2026-05-01T04:30:30.356238,4.213
2026-05-01T04:29:30.389799,70.68,0.1314,73.42,0.1479,1000.0,0.0,4.199,84.7,100,0,60.0,2026-05-01T04:30:30.389706,4.213
2026-05-01T04:29:31.374102,70.73,0.1314,73.45,0.1497,1000.0,0.0,4.199,84.7,100,0,60.0,2026-05-01T04:30:31.373951,4.213
2026-05-01T04:29:31.406306,70.73,0.1316,73.46,0.1502,1000.0,0.0,4.199,84.6,100,0,60.0,2026-05-01T04:30:31.406194,4.213
2026-05-01T04:29:31.437952,70.73,0.1316,73.46,0.1504,1000.0,0.0,4.199,84.6,100,0,60.0,2026-05-01T04:30:31.437850,4.213
2026-05-01T04:29:32.442569,70.76,0.135,73.49,0.1508,1000.0,0.0,4.199,84.6,100,0,60.0,2026-05-01T04:30:32.442428,4.213
2026-05-01T04:29:32.475982,70.76,0.135,73.49,0.1523,1000.0,0.0,4.199,84.6,100,0,60.0,2026-05-01T04:30:32.475891,4.213
2026-05-01T04:29:33.466528,70.76,0.135,73.52,0.1534,1000.0,0.0,4.199,84.6,100,0,60.0,2026-05-01T04:30:33.466345,4.213
2026-05-01T04:29:33.509048,70.78,0.1274,73.52,0.1506,1000.0,0.0,4.199,84.6,100,0,60.0,2026-05-01T04:30:33.508944,4.213
2026-05-01T04:29:33.540363,70.78,0.1274,73.51,0.1492,1000.0,0.0,4.199,84.6,100,0,60.0,2026-05-01T04:30:33.540277,4.213
2026-05-01T04:29:34.510044,70.83,0.1274,73.55,0.1482,1000.0,0.0,4.199,84.6,100,0,60.0,2026-05-01T04:30:34.509874,4.213
2026-05-01T04:29:34.555342,70.83,0.1291,73.55,0.1474,1000.0,0.0,4.199,84.6,100,0,60.0,2026-05-01T04:30:34.555178,4.213
2026-05-01T04:29:34.589949,70.83,0.1291,73.56,0.1478,1000.0,0.0,4.199,84.6,100,0,60.0,2026-05-01T04:30:34.589828,4.213
2026-05-01T04:29:35.574536,70.87,0.1242,73.59,0.1476,1000.0,0.0,4.199,84.6,100,0,60.0,2026-05-01T04:30:35.574375,4.213
2026-05-01T04:29:35.613632,70.87,0.1291,73.6,0.148,1000.0,0.0,4.199,84.6,100,0,60.0,2026-05-01T04:30:35.613518,4.213
2026-05-01T04:29:35.647143,70.87,0.1291,73.6,0.1482,1000.0,0.0,4.199,84.6,100,0,60.0,2026-05-01T04:30:35.647039,4.213
2026-05-01T04:29:36.629762,70.91,0.1282,73.64,0.1483,1000.0,0.0,4.199,84.6,100,0,60.0,2026-05-01T04:30:36.629613,4.213
2026-05-01T04:29:36.667007,70.91,0.1282,73.64,0.1481,1000.0,0.0,4.199,84.6,100,0,60.0,2026-05-01T04:30:36.666854,4.213
2026-05-01T04:29:36.699000,70.91,0.1282,73.64,0.148,1000.0,0.0,4.199,84.6,100,0,60.0,2026-05-01T04:30:36.698901,4.213
2026-05-01T04:29:37.678518,70.95,0.1273,73.68,0.1474,1000.0,0.0,4.199,84.6,100,0,60.0,2026-05-01T04:30:37.678363,4.213
2026-05-01T04:29:37.714465,70.95,0.1273,73.68,0.1472,1000.0,0.0,4.199,84.6,100,0,60.0,2026-05-01T04:30:37.714350,4.213
2026-05-01T04:29:38.701162,70.95,0.1273,73.72,0.1473,1000.0,0.0,4.199,84.6,100,0,60.0,2026-05-01T04:30:38.700928,4.213
2026-05-01T04:29:38.745349,71.0,0.1299,73.72,0.1472,1000.0,0.0,4.199,84.5,100,0,60.0,2026-05-01T04:30:38.745215,4.213
2026-05-01T04:29:38.779323,71.0,0.1299,73.72,0.1481,1000.0,0.0,4.199,84.5,100,0,60.0,2026-05-01T04:30:38.779192,4.213
2026-05-01T04:29:39.738422,71.05,0.1299,73.76,0.1491,1000.0,0.0,4.199,84.5,100,0,60.0,2026-05-01T04:30:39.738309,4.213
2026-05-01T04:29:39.771139,71.05,0.1332,73.77,0.1503,1000.0,0.0,4.199,84.5,100,0,60.0,2026-05-01T04:30:39.771051,4.213
2026-05-01T04:29:39.802902,71.05,0.1332,73.77,0.1512,1000.0,0.0,4.199,84.5,100,0,60.0,2026-05-01T04:30:39.802809,4.213
2026-05-01T04:29:40.811948,71.1,0.1332,73.81,0.1523,1000.0,0.0,4.199,84.5,100,0,60.0,2026-05-01T04:30:40.811760,4.213
2026-05-01T04:29:40.848803,71.1,0.1358,73.82,0.1538,1000.0,0.0,4.199,84.5,100,0,60.0,2026-05-01T04:30:40.848699,4.213
2026-05-01T04:29:40.879293,71.1,0.1358,73.82,0.1544,1000.0,0.0,4.199,84.5,100,0,60.0,2026-05-01T04:30:40.879212,4.213
2026-05-01T04:29:41.863408,71.14,0.1358,73.86,0.155,1000.0,0.0,4.199,84.5,100,0,60.0,2026-05-01T04:30:41.863283,4.213
2026-05-01T04:29:41.901093,71.14,0.1377,73.86,0.1561,1000.0,0.0,4.199,84.5,100,0,60.0,2026-05-01T04:30:41.900762,4.213
2026-05-01T04:29:41.932653,71.14,0.1377,73.86,0.1565,1000.0,0.0,4.199,84.5,100,0,60.0,2026-05-01T04:30:41.932546,4.213
2026-05-01T04:29:42.894342,71.19,0.1391,73.9,0.1577,1000.0,0.0,4.199,84.5,100,0,60.0,2026-05-01T04:30:42.894220,4.213
2026-05-01T04:29:42.958106,71.19,0.1391,73.9,0.1582,1000.0,0.0,4.199,84.5,100,0,60.0,2026-05-01T04:30:42.957422,4.213
2026-05-01T04:29:43.933255,71.19,0.1391,73.94,0.1588,1000.0,0.0,4.199,84.5,100,0,60.0,2026-05-01T04:30:43.933098,4.213
2026-05-01T04:29:43.973035,71.24,0.1418,73.95,0.1582,1000.0,0.0,4.199,84.5,100,0,60.0,2026-05-01T04:30:43.972937,4.213
2026-05-01T04:29:44.004093,71.24,0.1418,73.95,0.1595,1000.0,0.0,4.199,84.5,100,0,60.0,2026-05-01T04:30:44.003998,4.213
2026-05-01T04:29:44.978499,71.29,0.1418,73.99,0.1608,1000.0,0.0,4.199,84.5,100,0,60.0,2026-05-01T04:30:44.978341,4.213
2026-05-01T04:29:45.013726,71.29,0.1418,74.0,0.1605,1000.0,0.0,4.199,84.5,100,0,60.0,2026-05-01T04:30:45.013640,4.213
2026-05-01T04:29:45.043837,71.29,0.1418,74.0,0.1609,1000.0,0.0,4.199,84.5,100,0,60.0,2026-05-01T04:30:45.043769,4.213
2026-05-01T04:29:46.030913,71.35,0.1368,74.05,0.1608,1000.0,0.0,4.199,84.4,100,0,60.0,2026-05-01T04:30:46.030705,4.213
2026-05-01T04:29:46.076367,71.35,0.13,74.06,0.1558,1000.0,0.0,4.199,84.4,100,0,60.0,2026-05-01T04:30:46.076267,4.213
2026-05-01T04:29:46.113993,71.35,0.13,74.06,0.1538,1000.0,0.0,4.199,84.4,100,0,60.0,2026-05-01T04:30:46.113880,4.213
2026-05-01T04:29:47.099300,71.39,0.1291,74.1,0.1516,1000.0,0.0,4.199,84.4,100,0,60.0,2026-05-01T04:30:47.099154,4.213
2026-05-01T04:29:47.134483,71.39,0.13,74.11,0.151,1000.0,0.0,4.199,84.4,100,0,60.0,2026-05-01T04:30:47.134395,4.213
2026-05-01T04:29:47.165386,71.39,0.13,74.11,0.1507,1000.0,0.0,4.199,84.4,100,0,60.0,2026-05-01T04:30:47.165302,4.213
2026-05-01T04:29:48.136379,71.42,0.1436,74.14,0.1529,1000.0,0.0,4.199,84.4,100,0,60.0,2026-05-01T04:30:48.136256,4.213
2026-05-01T04:29:48.168460,71.42,0.1436,74.14,0.1571,1000.0,0.0,4.199,84.4,100,0,60.0,2026-05-01T04:30:48.168312,4.213
2026-05-01T04:29:49.172111,71.42,0.1436,74.18,0.1603,1000.0,0.0,4.199,84.4,100,0,60.0,2026-05-01T04:30:49.171942,4.213
2026-05-01T04:29:49.216941,71.47,0.1375,74.19,0.1592,1000.0,0.0,4.199,84.4,100,0,60.0,2026-05-01T04:30:49.216772,4.213
2026-05-01T04:29:49.249993,71.47,0.1375,74.19,0.1586,1000.0,0.0,4.199,84.4,100,0,60.0,2026-05-01T04:30:49.249814,4.213
2026-05-01T04:29:50.226471,71.52,0.1375,74.23,0.1585,1000.0,0.0,4.199,84.4,100,0,60.0,2026-05-01T04:30:50.226305,4.213
2026-05-01T04:29:50.268438,71.52,0.1377,74.24,0.1582,1000.0,0.0,4.199,84.4,100,0,60.0,2026-05-01T04:30:50.268267,4.213
2026-05-01T04:29:50.300995,71.52,0.1377,74.24,0.1581,1000.0,0.0,4.199,84.4,100,0,60.0,2026-05-01T04:30:50.300834,4.213
2026-05-01T04:29:51.285982,71.56,0.1377,74.28,0.1582,1000.0,0.0,4.199,84.4,100,0,60.0,2026-05-01T04:30:51.285768,4.213
2026-05-01T04:29:51.326590,71.56,0.14,74.28,0.1589,1000.0,0.0,4.199,84.4,100,0,60.0,2026-05-01T04:30:51.326456,4.213
2026-05-01T04:29:51.359212,71.56,0.14,74.28,0.1593,1000.0,0.0,4.199,84.4,100,0,60.0,2026-05-01T04:30:51.359104,4.213
2026-05-01T04:29:52.335165,71.6,0.1367,74.32,0.1592,1000.0,0.0,4.199,84.4,100,0,60.0,2026-05-01T04:30:52.334947,4.213
2026-05-01T04:29:52.371340,71.6,0.1368,74.32,0.1584,1000.0,0.0,4.199,84.3,100,0,60.0,2026-05-01T04:30:52.371218,4.213
2026-05-01T04:29:52.403732,71.6,0.1368,74.33,0.158,1000.0,0.0,4.199,84.3,100,0,60.0,2026-05-01T04:30:52.403608,4.213
2026-05-01T04:29:53.389617,71.63,0.1391,74.36,0.1579,1000.0,0.0,4.199,84.3,100,0,60.0,2026-05-01T04:30:53.389450,4.213
2026-05-01T04:29:53.424945,71.63,0.1391,74.36,0.1585,1000.0,0.0,4.199,84.3,100,0,60.0,2026-05-01T04:30:53.424839,4.213
2026-05-01T04:29:54.410885,71.63,0.1391,74.39,0.1592,1000.0,0.0,4.199,84.3,100,0,60.0,2026-05-01T04:30:54.410703,4.213
2026-05-01T04:29:54.454328,71.68,0.1408,74.4,0.1595,1000.0,0.0,4.199,84.3,100,0,60.0,2026-05-01T04:30:54.454185,4.213
2026-05-01T04:29:54.486995,71.68,0.1408,74.4,0.1603,1000.0,0.0,4.199,84.3,100,0,60.0,2026-05-01T04:30:54.486873,4.213
2026-05-01T04:29:55.464450,71.7,0.1408,74.43,0.161,1000.0,0.0,4.199,84.3,100,0,60.0,2026-05-01T04:30:55.464287,4.213
2026-05-01T04:29:55.506042,71.7,0.1408,74.42,0.161,1000.0,0.0,4.199,84.3,100,0,60.0,2026-05-01T04:30:55.505908,4.213
2026-05-01T04:29:55.538641,71.7,0.1408,74.42,0.1611,1000.0,0.0,4.199,84.3,100,0,60.0,2026-05-01T04:30:55.538527,4.213
2026-05-01T04:29:56.519678,71.74,0.1408,74.46,0.1614,1000.0,0.0,4.199,84.3,100,0,60.0,2026-05-01T04:30:56.519465,4.213
2026-05-01T04:29:56.558216,71.74,0.1408,74.46,0.1614,1000.0,0.0,4.199,84.3,100,0,60.0,2026-05-01T04:30:56.558100,4.213
2026-05-01T04:29:56.590390,71.74,0.1408,74.46,0.1614,1000.0,0.0,4.199,84.3,100,0,60.0,2026-05-01T04:30:56.590288,4.213
2026-05-01T04:29:57.573325,71.77,0.1314,74.49,0.1589,1000.0,0.0,4.199,84.3,100,0,60.0,2026-05-01T04:30:57.573161,4.213
2026-05-01T04:29:57.609712,71.77,0.1409,74.49,0.1601,1000.0,0.0,4.199,84.3,100,0,60.0,2026-05-01T04:30:57.609614,4.213
2026-05-01T04:29:57.641420,71.77,0.1409,74.49,0.1605,1000.0,0.0,4.199,84.3,100,0,60.0,2026-05-01T04:30:57.641308,4.213
2026-05-01T04:29:58.625830,71.81,0.1418,74.53,0.1602,1000.0,0.0,4.199,84.3,100,0,60.0,2026-05-01T04:30:58.625677,4.213
2026-05-01T04:29:58.661695,71.81,0.1418,74.53,0.1611,1000.0,0.0,4.199,84.3,100,0,60.0,2026-05-01T04:30:58.661561,4.213
2026-05-01T04:29:59.645635,71.81,0.1418,74.56,0.1619,1000.0,0.0,4.199,84.3,100,0,60.0,2026-05-01T04:30:59.645442,4.213
2026-05-01T04:29:59.689838,71.84,0.1418,74.56,0.1621,1000.0,0.0,4.199,84.3,100,0,60.0,2026-05-01T04:30:59.689746,4.213
2026-05-01T04:29:59.723308,71.84,0.1418,74.56,0.1622,1000.0,0.0,4.199,84.3,100,0,60.0,2026-05-01T04:30:59.723205,4.213
2026-05-01T04:30:00.711373,71.89,0.1418,74.6,0.1625,1000.0,0.0,4.199,84.2,100,0,60.0,2026-05-01T04:31:00.711175,4.213
2026-05-01T04:30:00.754331,71.89,0.14,74.61,0.1614,1000.0,0.0,4.199,84.2,100,0,60.0,2026-05-01T04:31:00.754201,4.213
2026-05-01T04:30:00.789632,71.89,0.14,74.61,0.1612,1000.0,0.0,4.199,84.2,100,0,60.0,2026-05-01T04:31:00.789498,4.213
2026-05-01T04:30:01.754216,71.92,0.1367,74.64,0.1605,1000.0,0.0,4.199,84.2,100,0,60.0,2026-05-01T04:31:01.754042,4.213
2026-05-01T04:30:01.792032,71.92,0.1384,74.64,0.1597,1000.0,0.0,4.199,84.2,100,0,60.0,2026-05-01T04:31:01.791921,4.213
2026-05-01T04:30:01.839545,71.92,0.1384,74.64,0.1595,1000.0,0.0,4.199,84.2,100,0,60.0,2026-05-01T04:31:01.839272,4.213
2026-05-01T04:30:02.807143,71.96,0.1375,74.68,0.1594,1000.0,0.0,4.199,84.2,100,0,60.0,2026-05-01T04:31:02.806990,4.213
2026-05-01T04:30:02.844146,71.96,0.1384,74.68,0.1593,1000.0,0.0,4.199,84.2,100,0,60.0,2026-05-01T04:31:02.844014,4.213
2026-05-01T04:30:02.877731,71.96,0.1384,74.68,0.1593,1000.0,0.0,4.199,84.2,100,0,60.0,2026-05-01T04:31:02.877600,4.213
2026-05-01T04:30:03.858327,72.0,0.1418,74.72,0.1596,1000.0,0.0,4.199,84.2,100,0,60.0,2026-05-01T04:31:03.858179,4.213
2026-05-01T04:30:03.898221,72.0,0.1418,74.72,0.1608,1000.0,0.0,4.199,84.2,100,0,60.0,2026-05-01T04:31:03.897827,4.213
2026-05-01T04:30:04.870746,72.0,0.1418,74.76,0.1619,1000.0,0.0,4.199,84.2,100,0,60.0,2026-05-01T04:31:04.870581,4.213
2026-05-01T04:30:04.911700,72.03,0.146,74.76,0.1632,1000.0,0.0,4.199,84.2,100,0,60.0,2026-05-01T04:31:04.911549,4.213
2026-05-01T04:30:04.943238,72.03,0.146,74.76,0.1646,1000.0,0.0,4.199,84.2,100,0,60.0,2026-05-01T04:31:04.943152,4.213
2026-05-01T04:30:05.916335,72.06,0.146,74.78,0.1659,1000.0,0.0,4.199,84.2,100,0,60.0,2026-05-01T04:31:05.916100,4.213
2026-05-01T04:30:05.949926,72.06,0.135,74.78,0.1616,1000.0,0.0,4.199,84.2,100,0,60.0,2026-05-01T04:31:05.949807,4.213
2026-05-01T04:30:05.981475,72.06,0.135,74.78,0.1596,1000.0,0.0,4.199,84.2,100,0,60.0,2026-05-01T04:31:05.981387,4.213
2026-05-01T04:30:06.975023,72.09,0.1341,74.81,0.1576,1000.0,0.0,4.199,84.2,100,0,60.0,2026-05-01T04:31:06.974884,4.213
2026-05-01T04:30:07.007938,72.09,0.135,74.81,0.1567,1000.0,0.0,4.199,84.2,100,0,60.0,2026-05-01T04:31:07.007807,4.213
2026-05-01T04:30:07.040517,72.09,0.135,74.81,0.1565,1000.0,0.0,4.199,84.2,100,0,60.0,2026-05-01T04:31:07.040416,4.213
2026-05-01T04:30:08.019052,72.14,0.1458,74.84,0.1578,1000.0,0.0,4.199,84.2,100,0,60.0,2026-05-01T04:31:08.018875,4.213
2026-05-01T04:30:08.086835,72.14,0.1458,74.85,0.1616,1000.0,0.0,4.199,84.2,100,0,60.0,2026-05-01T04:31:08.086661,4.213
2026-05-01T04:30:08.128050,72.14,0.1458,74.85,0.1634,1000.0,0.0,4.199,84.2,100,0,60.0,2026-05-01T04:31:08.127902,4.213
2026-05-01T04:30:09.068806,72.16,0.1476,74.88,0.1656,1000.0,0.0,4.199,84.2,100,0,60.0,2026-05-01T04:31:09.068634,4.213
2026-05-01T04:30:09.100735,72.16,0.1476,74.87,0.1668,1000.0,0.0,4.199,84.2,100,0,60.0,2026-05-01T04:31:09.100596,4.213
2026-05-01T04:30:10.107667,72.16,0.1476,74.91,0.1679,1000.0,0.0,4.199,84.2,100,0,60.0,2026-05-01T04:31:10.107502,4.213
2026-05-01T04:30:10.151284,72.21,0.1476,74.91,0.168,1000.0,0.0,4.199,84.1,100,0,60.0,2026-05-01T04:31:10.151106,4.213
2026-05-01T04:30:10.184065,72.21,0.1476,74.92,0.1683,1000.0,0.0,4.199,84.1,100,0,60.0,2026-05-01T04:31:10.183928,4.213
2026-05-01T04:30:11.160326,72.24,0.1476,74.95,0.1688,1000.0,0.0,4.199,84.1,100,0,60.0,2026-05-01T04:31:11.160088,4.213
2026-05-01T04:30:11.199389,72.24,0.1451,74.95,0.1668,1000.0,0.0,4.199,84.1,100,0,60.0,2026-05-01T04:31:11.199049,4.213
2026-05-01T04:30:11.233359,72.24,0.1451,74.95,0.1666,1000.0,0.0,4.199,84.1,100,0,60.0,2026-05-01T04:31:11.233205,4.213
2026-05-01T04:30:12.221959,72.28,0.1418,74.99,0.1661,1000.0,0.0,4.199,84.1,100,0,60.0,2026-05-01T04:31:12.221792,4.213
2026-05-01T04:30:12.259663,72.28,0.1451,74.99,0.1661,1000.0,0.0,4.199,84.1,100,0,60.0,2026-05-01T04:31:12.259552,4.213
2026-05-01T04:30:12.291526,72.28,0.1451,74.99,0.1662,1000.0,0.0,4.199,84.1,100,0,60.0,2026-05-01T04:31:12.291417,4.213
2026-05-01T04:30:13.273869,72.32,0.1434,75.03,0.1659,1000.0,0.0,4.199,84.1,100,0,60.0,2026-05-01T04:31:13.273721,4.213
2026-05-01T04:30:13.309570,72.32,0.1485,75.03,0.1675,1000.0,0.0,4.199,84.1,100,0,60.0,2026-05-01T04:31:13.309454,4.213
2026-05-01T04:30:13.342386,72.32,0.1485,75.03,0.1683,1000.0,0.0,4.199,84.1,100,0,60.0,2026-05-01T04:31:13.342283,4.213
2026-05-01T04:30:14.330997,72.36,0.151,75.07,0.17,1000.0,0.0,4.199,84.1,100,0,60.0,2026-05-01T04:31:14.330840,4.213
2026-05-01T04:30:14.366062,72.36,0.151,75.07,0.1709,1000.0,0.0,4.199,84.1,100,0,60.0,2026-05-01T04:31:14.365922,4.213
2026-05-01T04:30:15.350185,72.36,0.151,75.11,0.1719,1000.0,0.0,4.199,84.1,100,0,60.0,2026-05-01T04:31:15.349915,4.213
2026-05-01T04:30:15.394451,72.41,0.1453,75.12,0.1697,1000.0,0.0,4.199,84.1,100,0,60.0,2026-05-01T04:31:15.394323,4.213
2026-05-01T04:30:15.427447,72.41,0.1453,75.12,0.1686,1000.0,0.0,4.199,84.1,100,0,60.0,2026-05-01T04:31:15.427327,4.213
2026-05-01T04:30:16.404087,72.46,0.1453,75.16,0.1679,1000.0,0.0,4.199,84.1,100,0,60.0,2026-05-01T04:31:16.403848,4.213
2026-05-01T04:30:16.443251,72.46,0.1493,75.17,0.168,1000.0,0.0,4.199,84.1,100,0,60.0,2026-05-01T04:31:16.443138,4.213
2026-05-01T04:30:16.475095,72.46,0.1493,75.17,0.169,1000.0,0.0,4.199,84.1,100,0,60.0,2026-05-01T04:31:16.474999,4.213
2026-05-01T04:30:17.459490,72.51,0.1426,75.21,0.1691,1000.0,0.0,4.199,84.0,100,0,60.0,2026-05-01T04:31:17.459315,4.213
2026-05-01T04:30:17.498552,72.51,0.1493,75.22,0.1699,1000.0,0.0,4.199,84.0,100,0,60.0,2026-05-01T04:31:17.498454,4.213
2026-05-01T04:30:17.530933,72.51,0.1493,75.22,0.1702,1000.0,0.0,4.199,84.0,100,0,60.0,2026-05-01T04:31:17.530832,4.213
2026-05-01T04:30:18.513779,72.59,0.1453,75.27,0.1697,1000.0,0.0,4.199,84.0,100,0,60.0,2026-05-01T04:31:18.513619,4.213
2026-05-01T04:30:18.550808,72.59,0.1493,75.28,0.1703,1000.0,0.0,4.199,84.0,100,0,60.0,2026-05-01T04:31:18.550632,4.213
2026-05-01T04:30:18.583042,72.59,0.1493,75.29,0.1705,1000.0,0.0,4.199,84.0,100,0,60.0,2026-05-01T04:31:18.582894,4.213
2026-05-01T04:30:19.566839,72.63,0.1494,75.33,0.1704,1000.0,0.0,4.199,84.0,100,0,60.0,2026-05-01T04:31:19.566480,4.213
2026-05-01T04:30:19.602522,72.63,0.1494,75.33,0.1707,1000.0,0.0,4.199,84.0,100,0,60.0,2026-05-01T04:31:19.602391,4.213
2026-05-01T04:30:20.586528,72.63,0.1494,75.37,0.1711,1000.0,0.0,4.199,84.0,100,0,60.0,2026-05-01T04:31:20.586308,4.213
2026-05-01T04:30:20.630573,72.68,0.1494,75.38,0.1704,1000.0,0.0,4.199,84.0,100,0,60.0,2026-05-01T04:31:20.630454,4.213
2026-05-01T04:30:20.663573,72.68,0.1494,75.38,0.1707,1000.0,0.0,4.199,84.0,100,0,60.0,2026-05-01T04:31:20.663456,4.213
2026-05-01T04:30:21.640494,72.73,0.1494,75.42,0.1711,1000.0,0.0,4.199,84.0,100,0,60.0,2026-05-01T04:31:21.640307,4.213
2026-05-01T04:30:21.680893,72.73,0.1493,75.43,0.1697,1000.0,0.0,4.199,84.0,100,0,60.0,2026-05-01T04:31:21.680769,4.213
2026-05-01T04:30:21.712766,72.73,0.1493,75.44,0.1703,1000.0,0.0,4.199,84.0,100,0,60.0,2026-05-01T04:31:21.712663,4.213
2026-05-01T04:30:22.692551,72.8,0.1493,75.48,0.1709,1000.0,0.0,4.199,83.9,100,0,60.0,2026-05-01T04:31:22.692401,4.213
2026-05-01T04:30:22.738749,72.8,0.1493,75.5,0.171,1000.0,0.0,4.199,83.9,100,0,60.0,2026-05-01T04:31:22.738590,4.213
2026-05-01T04:30:22.771121,72.8,0.1493,75.5,0.171,1000.0,0.0,4.199,83.9,100,0,60.0,2026-05-01T04:31:22.771006,4.213
2026-05-01T04:30:23.745257,72.86,0.1485,75.55,0.1711,1000.0,0.0,4.199,83.9,100,0,60.0,2026-05-01T04:31:23.745095,4.213
2026-05-01T04:30:23.780667,72.86,0.1561,75.56,0.1741,1000.0,0.0,4.199,83.9,100,0,60.0,2026-05-01T04:31:23.780547,4.213
2026-05-01T04:30:23.812599,72.86,0.1561,75.57,0.1755,1000.0,0.0,4.199,83.9,100,0,60.0,2026-05-01T04:31:23.812480,4.213
2026-05-01T04:30:24.784098,72.92,0.1534,75.62,0.1765,1000.0,0.0,4.199,83.9,100,0,60.0,2026-05-01T04:31:24.783913,4.213
2026-05-01T04:30:24.815542,72.92,0.1534,75.62,0.1761,1000.0,0.0,4.199,83.9,100,0,60.0,2026-05-01T04:31:24.815441,4.213
2026-05-01T04:30:25.822068,72.92,0.1534,75.66,0.1762,1000.0,0.0,4.199,83.9,100,0,60.0,2026-05-01T04:31:25.821866,4.213
2026-05-01T04:30:25.873368,72.98,0.1534,75.68,0.1757,1000.0,0.0,4.199,83.9,100,0,60.0,2026-05-01T04:31:25.873270,4.213
2026-05-01T04:30:25.910236,72.98,0.1534,75.69,0.1756,1000.0,0.0,4.199,83.9,100,0,60.0,2026-05-01T04:31:25.910126,4.213
2026-05-01T04:30:26.874681,73.07,0.1534,75.73,0.1759,1000.0,0.0,4.199,83.9,100,0,60.0,2026-05-01T04:31:26.874509,4.213
2026-05-01T04:30:26.915771,73.07,0.1578,75.75,0.1775,1000.0,0.0,4.199,83.9,100,0,60.0,2026-05-01T04:31:26.915645,4.213
2026-05-01T04:30:26.947137,73.07,0.1578,75.76,0.1784,1000.0,0.0,4.199,83.9,100,0,60.0,2026-05-01T04:31:26.947056,4.213
2026-05-01T04:30:27.911747,73.14,0.1578,75.81,0.1795,1000.0,0.0,4.199,83.8,100,0,60.0,2026-05-01T04:31:27.911618,4.213
2026-05-01T04:30:27.944122,73.14,0.1578,75.83,0.1798,1000.0,0.0,4.199,83.8,100,0,60.0,2026-05-01T04:31:27.944011,4.213
2026-05-01T04:30:27.977075,73.14,0.1578,75.84,0.1799,1000.0,0.0,4.199,83.8,100,0,60.0,2026-05-01T04:31:27.976932,4.213
2026-05-01T04:30:28.969160,73.21,0.1552,75.88,0.1795,1000.0,0.0,4.199,83.8,100,0,60.0,2026-05-01T04:31:28.969017,4.213
2026-05-01T04:30:29.001253,73.21,0.1569,75.89,0.1795,1000.0,0.0,4.199,83.8,100,0,60.0,2026-05-01T04:31:29.001100,4.213
2026-05-01T04:30:29.034177,73.21,0.1569,75.9,0.1794,1000.0,0.0,4.199,83.8,100,0,60.0,2026-05-01T04:31:29.034002,4.213
2026-05-01T04:30:30.017898,73.26,0.1569,75.95,0.1791,1000.0,0.0,4.199,83.8,100,0,60.0,2026-05-01T04:31:30.017749,4.213
2026-05-01T04:30:30.052109,73.26,0.1569,75.95,0.1792,1000.0,0.0,4.199,83.8,100,0,60.0,2026-05-01T04:31:30.051968,4.213
2026-05-01T04:30:31.054533,73.26,0.1569,75.99,0.1796,1000.0,0.0,4.199,83.8,100,0,60.0,2026-05-01T04:31:31.054381,4.213
2026-05-01T04:30:31.098562,73.32,0.1544,76.01,0.1781,1000.0,0.0,4.199,83.8,100,0,60.0,2026-05-01T04:31:31.098444,4.213
2026-05-01T04:30:31.130997,73.32,0.1544,76.01,0.1777,1000.0,0.0,4.199,83.8,100,0,60.0,2026-05-01T04:31:31.130905,4.213
2026-05-01T04:30:32.104409,73.38,0.1544,76.06,0.1776,1000.0,0.0,4.199,83.7,100,0,60.0,2026-05-01T04:31:32.104268,4.213
2026-05-01T04:30:32.145458,73.38,0.1603,76.07,0.1786,1000.0,0.0,4.199,83.7,100,0,60.0,2026-05-01T04:31:32.145340,4.213
2026-05-01T04:30:32.178281,73.38,0.1603,76.08,0.1801,1000.0,0.0,4.199,83.7,100,0,60.0,2026-05-01T04:31:32.178148,4.213
2026-05-01T04:30:33.163925,73.42,0.1603,76.12,0.1819,1000.0,0.0,4.199,83.7,100,0,60.0,2026-05-01T04:31:33.163750,4.213
2026-05-01T04:30:33.212563,73.42,0.1578,76.12,0.1813,1000.0,0.0,4.199,83.7,100,0,60.0,2026-05-01T04:31:33.212415,4.213
2026-05-01T04:30:33.244810,73.42,0.1578,76.12,0.181,1000.0,0.0,4.199,83.7,100,0,60.0,2026-05-01T04:31:33.244692,4.213
2026-05-01T04:30:34.204094,73.45,0.1543,76.16,0.1799,1000.0,0.0,4.199,83.7,100,0,60.0,2026-05-01T04:31:34.203994,4.213
2026-05-01T04:30:34.249913,73.45,0.157,76.16,0.1799,1000.0,0.0,4.199,83.7,100,0,60.0,2026-05-01T04:31:34.249676,4.213
2026-05-01T04:30:34.285534,73.45,0.157,76.16,0.1798,1000.0,0.0,4.199,83.7,100,0,60.0,2026-05-01T04:31:34.285408,4.213
2026-05-01T04:30:35.270101,73.47,0.157,76.18,0.1795,1000.0,0.0,4.199,83.7,100,0,60.0,2026-05-01T04:31:35.269934,4.213
2026-05-01T04:30:35.304854,73.47,0.157,76.18,0.1796,1000.0,0.0,4.199,83.7,100,0,60.0,2026-05-01T04:31:35.304736,4.213
2026-05-01T04:30:36.293512,73.47,0.157,76.21,0.18,1000.0,0.0,4.199,83.7,100,0,60.0,2026-05-01T04:31:36.293329,4.213
2026-05-01T04:30:36.337332,73.54,0.1552,76.23,0.1791,1000.0,0.0,4.199,83.7,100,0,60.0,2026-05-01T04:31:36.337196,4.213
2026-05-01T04:30:36.380552,73.54,0.1552,76.23,0.1787,1000.0,0.0,4.199,83.7,100,0,60.0,2026-05-01T04:31:36.380429,4.213
2026-05-01T04:30:37.345736,73.57,0.1552,76.27,0.1787,1000.0,0.0,4.199,83.7,100,0,60.0,2026-05-01T04:31:37.345559,4.213
2026-05-01T04:30:37.387308,73.57,0.1569,76.27,0.1788,1000.0,0.0,4.199,83.7,100,0,60.0,2026-05-01T04:31:37.387167,4.213
2026-05-01T04:30:37.420538,73.57,0.1569,76.27,0.1792,1000.0,0.0,4.199,83.7,100,0,60.0,2026-05-01T04:31:37.420422,4.213
2026-05-01T04:30:38.403718,73.62,0.1543,76.31,0.1793,1000.0,0.0,4.199,83.7,100,0,60.0,2026-05-01T04:31:38.403510,4.213
2026-05-01T04:30:38.441240,73.62,0.1611,76.31,0.1811,1000.0,0.0,4.199,83.7,100,0,60.0,2026-05-01T04:31:38.441138,4.213
2026-05-01T04:30:38.472778,73.62,0.1611,76.32,0.1822,1000.0,0.0,4.199,83.7,100,0,60.0,2026-05-01T04:31:38.472678,4.213
2026-05-01T04:30:39.455382,73.68,0.1569,76.36,0.1823,1000.0,0.0,4.199,83.6,100,0,60.0,2026-05-01T04:31:39.455225,4.213
2026-05-01T04:30:39.492064,73.68,0.158,76.37,0.1817,1000.0,0.0,4.199,83.6,100,0,60.0,2026-05-01T04:31:39.491960,4.213
2026-05-01T04:30:39.524276,73.68,0.158,76.37,0.1815,1000.0,0.0,4.199,83.6,100,0,60.0,2026-05-01T04:31:39.524175,4.213
2026-05-01T04:30:40.507093,73.7,0.1602,76.41,0.1817,1000.0,0.0,4.199,83.6,100,0,60.0,2026-05-01T04:31:40.506953,4.213
2026-05-01T04:30:40.541405,73.7,0.1602,76.4,0.1823,1000.0,0.0,4.199,83.6,100,0,60.0,2026-05-01T04:31:40.541297,4.213
2026-05-01T04:30:41.525739,73.7,0.1602,76.44,0.183,1000.0,0.0,4.199,83.6,100,0,60.0,2026-05-01T04:31:41.525550,4.213
2026-05-01T04:30:41.569188,73.74,0.1543,76.44,0.1805,1000.0,0.0,4.199,83.6,100,0,60.0,2026-05-01T04:31:41.569047,4.213
2026-05-01T04:30:41.602216,73.74,0.1543,76.44,0.1794,1000.0,0.0,4.199,83.6,100,0,60.0,2026-05-01T04:31:41.602092,4.213
2026-05-01T04:30:42.580749,73.78,0.1543,76.48,0.1786,1000.0,0.0,4.199,83.6,100,0,60.0,2026-05-01T04:31:42.580485,4.213
2026-05-01T04:30:42.620946,73.78,0.1543,76.48,0.1772,1000.0,0.0,4.199,83.6,100,0,60.0,2026-05-01T04:31:42.620819,4.213
2026-05-01T04:30:42.653281,73.78,0.1543,76.48,0.1773,1000.0,0.0,4.199,83.6,100,0,60.0,2026-05-01T04:31:42.653173,4.213
2026-05-01T04:30:43.637366,73.82,0.1543,76.52,0.1777,1000.0,0.0,4.199,83.6,100,0,60.0,2026-05-01T04:31:43.637193,4.213
2026-05-01T04:30:43.675315,73.82,0.1584,76.52,0.1794,1000.0,0.0,4.199,83.6,100,0,60.0,2026-05-01T04:31:43.675209,4.213
2026-05-01T04:30:43.707708,73.82,0.1584,76.52,0.1802,1000.0,0.0,4.199,83.6,100,0,60.0,2026-05-01T04:31:43.707611,4.213
2026-05-01T04:30:44.691427,73.87,0.1578,76.56,0.1811,1000.0,0.0,4.199,83.6,100,0,60.0,2026-05-01T04:31:44.691277,4.213
2026-05-01T04:30:44.730633,73.87,0.1629,76.57,0.1833,1000.0,0.0,4.199,83.6,100,0,60.0,2026-05-01T04:31:44.730505,4.213
2026-05-01T04:30:44.772110,73.87,0.1629,76.57,0.1842,1000.0,0.0,4.199,83.6,100,0,60.0,2026-05-01T04:31:44.771962,4.213
2026-05-01T04:30:45.743470,73.9,0.1705,76.61,0.1867,1000.0,0.0,4.199,83.6,100,0,60.0,2026-05-01T04:31:45.743327,4.213
2026-05-01T04:30:45.778556,73.9,0.1705,76.61,0.1896,1000.0,0.0,4.199,83.6,100,0,60.0,2026-05-01T04:31:45.778424,4.213
2026-05-01T04:30:46.765167,73.9,0.1705,76.64,0.1918,1000.0,0.0,4.199,83.6,100,0,60.0,2026-05-01T04:31:46.764414,4.213
2026-05-01T04:30:46.806849,73.97,0.1715,76.65,0.1927,1000.0,0.0,4.199,83.6,100,0,60.0,2026-05-01T04:31:46.806726,4.213
2026-05-01T04:30:46.839402,73.97,0.1715,76.66,0.1936,1000.0,0.0,4.199,83.6,100,0,60.0,2026-05-01T04:31:46.839288,4.213
2026-05-01T04:30:47.814926,74.04,0.1715,76.7,0.1946,1000.0,0.0,4.199,83.5,100,0,60.0,2026-05-01T04:31:47.814726,4.213
2026-05-01T04:30:47.860409,74.04,0.1654,76.72,0.1918,1000.0,0.0,4.199,83.5,100,0,60.0,2026-05-01T04:31:47.860110,4.213
2026-05-01T04:30:47.899526,74.04,0.1654,76.73,0.1908,1000.0,0.0,4.199,83.5,100,0,60.0,2026-05-01T04:31:47.898936,4.213
2026-05-01T04:30:48.868602,74.07,0.1638,76.77,0.1897,1000.0,0.0,4.199,83.5,100,0,60.0,2026-05-01T04:31:48.868410,4.213
2026-05-01T04:30:48.906558,74.07,0.1645,76.77,0.1889,1000.0,0.0,4.199,83.5,100,0,60.0,2026-05-01T04:31:48.906434,4.213
2026-05-01T04:30:48.937776,74.07,0.1645,76.77,0.1887,1000.0,0.0,4.199,83.5,100,0,60.0,2026-05-01T04:31:48.937687,4.213
2026-05-01T04:30:49.913316,74.11,0.1645,76.81,0.1885,1000.0,0.0,4.199,83.5,100,0,60.0,2026-05-01T04:31:49.913191,4.213
2026-05-01T04:30:49.947228,74.11,0.1651,76.81,0.1887,1000.0,0.0,4.199,83.5,100,0,60.0,2026-05-01T04:31:49.947146,4.213
2026-05-01T04:30:49.978425,74.11,0.1651,76.81,0.1887,1000.0,0.0,4.199,83.5,100,0,60.0,2026-05-01T04:31:49.978320,4.213
2026-05-01T04:30:50.962030,74.16,0.1651,76.85,0.1889,1000.0,0.0,4.199,83.5,100,0,60.0,2026-05-01T04:31:50.961883,4.213
2026-05-01T04:30:50.993986,74.16,0.1651,76.86,0.1889,1000.0,0.0,4.199,83.5,100,0,60.0,2026-05-01T04:31:50.993844,4.213
2026-05-01T04:30:52.008213,74.16,0.1651,76.89,0.1892,1000.0,0.0,4.199,83.5,100,0,60.0,2026-05-01T04:31:52.008034,4.213
2026-05-01T04:30:52.063377,74.19,0.1662,76.89,0.1892,1000.0,0.0,4.199,83.5,100,0,60.0,2026-05-01T04:31:52.063210,4.213
2026-05-01T04:30:52.341240,74.19,0.1662,76.89,0.1895,1000.0,0.0,4.199,83.5,100,0,60.0,2026-05-01T04:31:52.340766,4.213
2026-05-01T04:30:53.041526,74.22,0.1662,76.91,0.19,1000.0,0.0,4.199,83.5,100,0,60.0,2026-05-01T04:31:53.041361,4.213
2026-05-01T04:30:53.078185,74.22,0.1696,76.91,0.191,1000.0,0.0,4.199,83.5,100,0,60.0,2026-05-01T04:31:53.078087,4.213
2026-05-01T04:30:53.109275,74.22,0.1696,76.91,0.1918,1000.0,0.0,4.199,83.5,100,0,60.0,2026-05-01T04:31:53.109183,4.213
2026-05-01T04:30:54.084704,74.27,0.1696,76.95,0.193,1000.0,0.0,4.199,83.4,100,0,60.0,2026-05-01T04:31:54.084607,4.213
2026-05-01T04:30:54.116493,74.27,0.1696,76.96,0.1932,1000.0,0.0,4.199,83.4,100,0,60.0,2026-05-01T04:31:54.116323,4.213
2026-05-01T04:30:54.147305,74.27,0.1696,76.96,0.1933,1000.0,0.0,4.199,83.4,100,0,60.0,2026-05-01T04:31:54.147217,4.213
2026-05-01T04:30:55.134223,74.29,0.1678,76.99,0.1931,1000.0,0.0,4.199,83.4,100,0,60.0,2026-05-01T04:31:55.134055,4.213
2026-05-01T04:30:55.176111,74.29,0.1723,76.99,0.1946,1000.0,0.0,4.199,83.4,100,0,60.0,2026-05-01T04:31:55.175990,4.213
2026-05-01T04:30:55.207684,74.29,0.1723,76.99,0.1951,1000.0,0.0,4.199,83.4,100,0,60.0,2026-05-01T04:31:55.207590,4.213
2026-05-01T04:30:56.195674,74.33,0.1723,77.02,0.1952,1000.0,0.0,4.199,83.4,100,0,60.0,2026-05-01T04:31:56.195525,4.213
2026-05-01T04:30:56.227340,74.33,0.1723,77.02,0.1957,1000.0,0.0,4.199,83.4,100,0,60.0,2026-05-01T04:31:56.227253,4.213
2026-05-01T04:30:57.221707,74.33,0.1723,77.06,0.1963,1000.0,0.0,4.199,83.4,100,0,60.0,2026-05-01T04:31:57.221528,4.213
2026-05-01T04:30:57.264853,74.37,0.1715,77.06,0.1958,1000.0,0.0,4.199,83.4,100,0,60.0,2026-05-01T04:31:57.264707,4.213
2026-05-01T04:30:57.298429,74.37,0.1715,77.06,0.1957,1000.0,0.0,4.199,83.4,100,0,60.0,2026-05-01T04:31:57.298312,4.213
2026-05-01T04:30:58.289895,74.41,0.1715,77.1,0.1959,1000.0,0.0,4.199,83.4,100,0,60.0,2026-05-01T04:31:58.289662,4.213
2026-05-01T04:30:58.334447,74.41,0.1721,77.1,0.1959,1000.0,0.0,4.199,83.4,100,0,60.0,2026-05-01T04:31:58.334265,4.213
2026-05-01T04:30:58.369716,74.41,0.1721,77.11,0.196,1000.0,0.0,4.199,83.4,100,0,60.0,2026-05-01T04:31:58.369600,4.213
2026-05-01T04:30:59.344942,74.45,0.1715,77.14,0.1963,1000.0,0.0,4.199,83.4,100,0,60.0,2026-05-01T04:31:59.344799,4.213
2026-05-01T04:30:59.381550,74.45,0.1721,77.14,0.1963,1000.0,0.0,4.199,83.4,100,0,60.0,2026-05-01T04:31:59.381470,4.213
2026-05-01T04:30:59.412504,74.45,0.1721,77.14,0.1963,1000.0,0.0,4.199,83.4,100,0,60.0,2026-05-01T04:31:59.412426,4.213
2026-05-01T04:31:00.396291,74.49,0.1696,77.17,0.1958,1000.0,0.0,4.199,83.4,100,0,60.0,2026-05-01T04:32:00.396080,4.213
2026-05-01T04:31:00.435903,74.49,0.1715,77.18,0.1957,1000.0,0.0,4.199,83.4,100,0,60.0,2026-05-01T04:32:00.435752,4.213
2026-05-01T04:31:00.468363,74.49,0.1715,77.18,0.1957,1000.0,0.0,4.199,83.4,100,0,60.0,2026-05-01T04:32:00.468263,4.213
2026-05-01T04:31:01.424144,74.54,0.1738,77.22,0.196,1000.0,0.0,4.199,83.4,100,0,60.0,2026-05-01T04:32:01.423960,4.213
2026-05-01T04:31:01.457928,74.54,0.1738,77.22,0.1968,1000.0,0.0,4.199,83.4,100,0,60.0,2026-05-01T04:32:01.457818,4.213
2026-05-01T04:31:02.468371,74.54,0.1738,77.26,0.1977,1000.0,0.0,4.199,83.4,100,0,60.0,2026-05-01T04:32:02.468076,4.213
2026-05-01T04:31:02.506690,74.59,0.1713,77.27,0.1968,1000.0,0.0,4.199,83.3,100,0,60.0,2026-05-01T04:32:02.506506,4.213
2026-05-01T04:31:02.542238,74.59,0.1713,77.27,0.1964,1000.0,0.0,4.199,83.3,100,0,60.0,2026-05-01T04:32:02.542125,4.213
2026-05-01T04:31:03.530367,74.64,0.1713,77.31,0.1963,1000.0,0.0,4.199,83.3,100,0,60.0,2026-05-01T04:32:03.530058,4.213
2026-05-01T04:31:03.569079,74.64,0.1713,77.32,0.1959,1000.0,0.0,4.199,83.3,100,0,60.0,2026-05-01T04:32:03.568940,4.213
2026-05-01T04:31:03.600445,74.64,0.1713,77.33,0.1958,1000.0,0.0,4.199,83.3,100,0,60.0,2026-05-01T04:32:03.600346,4.213
2026-05-01T04:31:04.569162,74.67,0.1705,77.36,0.1959,1000.0,0.0,4.199,83.3,100,0,60.0,2026-05-01T04:32:04.568964,4.213
2026-05-01T04:31:04.607599,74.67,0.178,77.36,0.1989,1000.0,0.0,4.199,83.3,100,0,60.0,2026-05-01T04:32:04.607454,4.213
2026-05-01T04:31:04.641990,74.67,0.178,77.36,0.2002,1000.0,0.0,4.199,83.3,100,0,60.0,2026-05-01T04:32:04.641882,4.213
2026-05-01T04:31:05.631511,74.73,0.1737,77.41,0.2006,1000.0,0.0,4.199,83.3,100,0,60.0,2026-05-01T04:32:05.631388,4.213
2026-05-01T04:31:05.669586,74.73,0.1737,77.41,0.1996,1000.0,0.0,4.199,83.3,100,0,60.0,2026-05-01T04:32:05.669459,4.213
2026-05-01T04:31:05.702700,74.73,0.1737,77.42,0.1992,1000.0,0.0,4.199,83.3,100,0,60.0,2026-05-01T04:32:05.702555,4.213
2026-05-01T04:31:06.679731,74.77,0.1728,77.46,0.1979,1000.0,0.0,4.199,83.3,100,0,60.0,2026-05-01T04:32:06.679593,4.213
2026-05-01T04:31:06.713073,74.77,0.1728,77.46,0.1977,1000.0,0.0,4.199,83.3,100,0,60.0,2026-05-01T04:32:06.712990,4.213
2026-05-01T04:31:07.705720,74.77,0.1728,77.5,0.198,1000.0,0.0,4.199,83.3,100,0,60.0,2026-05-01T04:32:07.705452,4.213
2026-05-01T04:31:07.747190,74.8,0.1728,77.5,0.1974,1000.0,0.0,4.199,83.3,100,0,60.0,2026-05-01T04:32:07.747092,4.213
2026-05-01T04:31:07.778198,74.8,0.1728,77.5,0.1974,1000.0,0.0,4.199,83.3,100,0,60.0,2026-05-01T04:32:07.778109,4.213
2026-05-01T04:31:08.757215,74.84,0.1728,77.53,0.1977,1000.0,0.0,4.199,83.3,100,0,60.0,2026-05-01T04:32:08.757021,4.213
2026-05-01T04:31:08.794543,74.84,0.1755,77.53,0.1983,1000.0,0.0,4.199,83.3,100,0,60.0,2026-05-01T04:32:08.794458,4.213
2026-05-01T04:31:08.825002,74.84,0.1755,77.53,0.199,1000.0,0.0,4.199,83.3,100,0,60.0,2026-05-01T04:32:08.824932,4.213
2026-05-01T04:31:09.793505,74.9,0.1755,77.57,0.1999,1000.0,0.0,4.199,83.2,100,0,60.0,2026-05-01T04:32:09.793388,4.213
2026-05-01T04:31:09.825283,74.9,0.1764,77.58,0.2004,1000.0,0.0,4.199,83.2,100,0,60.0,2026-05-01T04:32:09.825207,4.213
2026-05-01T04:31:09.855017,74.9,0.1764,77.58,0.2007,1000.0,0.0,4.199,83.2,100,0,60.0,2026-05-01T04:32:09.854949,4.213
2026-05-01T04:31:10.864360,74.91,0.1704,77.61,0.2003,1000.0,0.0,4.199,83.2,100,0,60.0,2026-05-01T04:32:10.864227,4.213
2026-05-01T04:31:10.898916,74.91,0.1746,77.61,0.1999,1000.0,0.0,4.199,83.2,100,0,60.0,2026-05-01T04:32:10.898836,4.213
2026-05-01T04:31:10.929037,74.91,0.1746,77.6,0.1998,1000.0,0.0,4.199,83.2,100,0,60.0,2026-05-01T04:32:10.928967,4.213
2026-05-01T04:31:11.920554,74.94,0.1746,77.63,0.1988,1000.0,0.0,4.199,83.2,100,0,60.0,2026-05-01T04:32:11.920438,4.213
2026-05-01T04:31:11.953262,74.94,0.1746,77.63,0.1991,1000.0,0.0,4.199,83.2,100,0,60.0,2026-05-01T04:32:11.953182,4.213
2026-05-01T04:31:12.938287,74.94,0.1746,77.66,0.1995,1000.0,0.0,4.199,83.2,100,0,60.0,2026-05-01T04:32:12.938080,4.213
2026-05-01T04:31:12.978418,74.98,0.1747,77.67,0.1995,1000.0,0.0,4.199,83.2,100,0,60.0,2026-05-01T04:32:12.978334,4.213
2026-05-01T04:31:13.008860,74.98,0.1747,77.67,0.1996,1000.0,0.0,4.199,83.2,100,0,60.0,2026-05-01T04:32:13.008795,4.213
2026-05-01T04:31:13.970305,75.01,0.1747,77.7,0.1999,1000.0,0.0,4.199,83.2,100,0,60.0,2026-05-01T04:32:13.970156,4.213
2026-05-01T04:31:14.000941,75.01,0.178,77.7,0.2006,1000.0,0.0,4.199,83.2,100,0,60.0,2026-05-01T04:32:14.000842,4.213
2026-05-01T04:31:14.030829,75.01,0.178,77.7,0.2015,1000.0,0.0,4.199,83.2,100,0,60.0,2026-05-01T04:32:14.030758,4.213
2026-05-01T04:31:15.049510,75.04,0.1737,77.73,0.2018,1000.0,0.0,4.199,83.2,100,0,60.0,2026-05-01T04:32:15.049361,4.213
2026-05-01T04:31:15.086119,75.04,0.1797,77.73,0.203,1000.0,0.0,4.199,83.2,100,0,60.0,2026-05-01T04:32:15.086038,4.213
2026-05-01T04:31:15.116391,75.04,0.1797,77.73,0.2036,1000.0,0.0,4.199,83.2,100,0,60.0,2026-05-01T04:32:15.116328,4.213
2026-05-01T04:31:16.101119,75.08,0.1755,77.77,0.2037,1000.0,0.0,4.199,83.2,100,0,60.0,2026-05-01T04:32:16.100986,4.214
2026-05-01T04:31:16.135946,75.08,0.1755,77.77,0.2024,1000.0,0.0,4.199,83.2,100,0,60.0,2026-05-01T04:32:16.135868,4.214
2026-05-01T04:31:16.166516,75.08,0.1755,77.77,0.2018,1000.0,0.0,4.199,83.2,100,0,60.0,2026-05-01T04:32:16.166450,4.214
2026-05-01T04:31:17.154804,75.12,0.1755,77.81,0.2,1000.0,0.0,4.199,83.2,100,0,60.0,2026-05-01T04:32:17.154686,4.214
2026-05-01T04:31:17.188195,75.12,0.1755,77.81,0.2003,1000.0,0.0,4.199,83.2,100,0,60.0,2026-05-01T04:32:17.188126,4.214
2026-05-01T04:31:18.178086,75.12,0.1755,77.84,0.2008,1000.0,0.0,4.199,83.2,100,0,60.0,2026-05-01T04:32:18.177858,4.214
2026-05-01T04:31:18.219416,75.16,0.1831,77.85,0.2023,1000.0,0.0,4.199,83.2,100,0,60.0,2026-05-01T04:32:18.219329,4.214
2026-05-01T04:31:18.251538,75.16,0.1831,77.85,0.2046,1000.0,0.0,4.199,83.2,100,0,60.0,2026-05-01T04:32:18.251433,4.214
2026-05-01T04:31:19.231812,75.21,0.1831,77.89,0.2068,1000.0,0.0,4.199,83.1,100,0,60.0,2026-05-01T04:32:19.231676,4.214
2026-05-01T04:31:19.270280,75.21,0.1789,77.9,0.2054,1000.0,0.0,4.199,83.1,100,0,60.0,2026-05-01T04:32:19.270188,4.214
2026-05-01T04:31:19.300941,75.21,0.1789,77.9,0.205,1000.0,0.0,4.199,83.1,100,0,60.0,2026-05-01T04:32:19.300873,4.214
2026-05-01T04:31:20.281576,75.25,0.178,77.94,0.2046,1000.0,0.0,4.199,83.1,100,0,60.0,2026-05-01T04:32:20.281441,4.214
2026-05-01T04:31:20.317730,75.25,0.178,77.94,0.204,1000.0,0.0,4.199,83.1,100,0,60.0,2026-05-01T04:32:20.317628,4.214
2026-05-01T04:31:20.348077,75.25,0.178,77.94,0.2038,1000.0,0.0,4.199,83.1,100,0,60.0,2026-05-01T04:32:20.348004,4.214
2026-05-01T04:31:21.335044,75.29,0.1764,77.97,0.2033,1000.0,0.0,4.199,83.1,100,0,60.0,2026-05-01T04:32:21.334885,4.214
2026-05-01T04:31:21.369627,75.29,0.1873,77.97,0.2074,1000.0,0.0,4.199,83.1,100,0,60.0,2026-05-01T04:32:21.369547,4.214
2026-05-01T04:31:21.399803,75.29,0.1873,77.97,0.2091,1000.0,0.0,4.199,83.1,100,0,60.0,2026-05-01T04:32:21.399742,4.214
2026-05-01T04:31:22.391439,75.33,0.189,78.01,0.2106,1000.0,0.0,4.199,83.1,100,0,60.0,2026-05-01T04:32:22.391321,4.214
2026-05-01T04:31:22.424892,75.33,0.189,78.01,0.2122,1000.0,0.0,4.199,83.1,100,0,60.0,2026-05-01T04:32:22.424821,4.214
2026-05-01T04:31:23.413329,75.33,0.189,78.05,0.2136,1000.0,0.0,4.199,83.1,100,0,60.0,2026-05-01T04:32:23.413149,4.214
2026-05-01T04:31:23.454725,75.38,0.189,78.05,0.2141,1000.0,0.0,4.199,83.1,100,0,60.0,2026-05-01T04:32:23.454638,4.214
2026-05-01T04:31:23.486739,75.38,0.189,78.06,0.2143,1000.0,0.0,4.199,83.1,100,0,60.0,2026-05-01T04:32:23.486652,4.214
2026-05-01T04:31:24.467156,75.42,0.189,78.09,0.2147,1000.0,0.0,4.199,83.1,100,0,60.0,2026-05-01T04:32:24.466984,4.214
2026-05-01T04:31:24.505430,75.42,0.1898,78.1,0.2145,1000.0,0.0,4.199,83.1,100,0,60.0,2026-05-01T04:32:24.505343,4.214
2026-05-01T04:31:24.536028,75.42,0.1898,78.1,0.2149,1000.0,0.0,4.199,83.1,100,0,60.0,2026-05-01T04:32:24.535955,4.214
2026-05-01T04:31:25.520051,75.45,0.1863,78.13,0.2149,1000.0,0.0,4.199,83.1,100,0,60.0,2026-05-01T04:32:25.519922,4.214
2026-05-01T04:31:25.556519,75.45,0.1926,78.13,0.2161,1000.0,0.0,4.199,83.1,100,0,60.0,2026-05-01T04:32:25.556430,4.214
2026-05-01T04:31:25.587414,75.45,0.1926,78.13,0.2169,1000.0,0.0,4.199,83.1,100,0,60.0,2026-05-01T04:32:25.587337,4.214
2026-05-01T04:31:26.573451,75.47,0.189,78.16,0.217,1000.0,0.0,4.199,83.1,100,0,60.0,2026-05-01T04:32:26.573327,4.214
2026-05-01T04:31:26.608307,75.47,0.189,78.16,0.2161,1000.0,0.0,4.199,83.0,100,0,60.0,2026-05-01T04:32:26.608234,4.214
2026-05-01T04:31:26.638628,75.47,0.189,78.15,0.2156,1000.0,0.0,4.199,83.0,100,0,60.0,2026-05-01T04:32:26.638543,4.214
2026-05-01T04:31:27.624202,75.52,0.1898,78.19,0.2147,1000.0,0.0,4.199,83.0,100,0,60.0,2026-05-01T04:32:27.624107,4.214
2026-05-01T04:31:27.657700,75.52,0.1898,78.2,0.2151,1000.0,0.0,4.199,83.0,100,0,60.0,2026-05-01T04:32:27.657633,4.214
2026-05-01T04:31:28.647982,75.52,0.1898,78.23,0.2157,1000.0,0.0,4.199,83.0,100,0,60.0,2026-05-01T04:32:28.647798,4.214
2026-05-01T04:31:28.689230,75.55,0.1957,78.23,0.2172,1000.0,0.0,4.199,83.0,100,0,60.0,2026-05-01T04:32:28.689130,4.214
2026-05-01T04:31:28.720764,75.55,0.1957,78.23,0.2189,1000.0,0.0,4.199,83.0,100,0,60.0,2026-05-01T04:32:28.720666,4.214
2026-05-01T04:31:29.700572,75.59,0.1957,78.27,0.2206,1000.0,0.0,4.199,83.0,100,0,60.0,2026-05-01T04:32:29.700397,4.214
2026-05-01T04:31:29.738075,75.59,0.1949,78.27,0.2209,1000.0,0.0,4.199,83.0,100,0,60.0,2026-05-01T04:32:29.737990,4.214
2026-05-01T04:31:29.769423,75.59,0.1949,78.27,0.2209,1000.0,0.0,4.199,83.0,100,0,60.0,2026-05-01T04:32:29.769329,4.214
2026-05-01T04:31:30.754796,75.62,0.1858,78.3,0.2196,1000.0,0.0,4.199,83.0,100,0,60.0,2026-05-01T04:32:30.754667,4.214
2026-05-01T04:31:30.790976,75.62,0.1881,78.3,0.2169,1000.0,0.0,4.199,83.0,100,0,60.0,2026-05-01T04:32:30.790892,4.214
2026-05-01T04:31:30.821228,75.62,0.1881,78.3,0.216,1000.0,0.0,4.199,83.0,100,0,60.0,2026-05-01T04:32:30.821156,4.214
2026-05-01T04:31:31.809874,75.66,0.1856,78.34,0.2144,1000.0,0.0,4.199,83.0,100,0,60.0,2026-05-01T04:32:31.809767,4.214
2026-05-01T04:31:31.845234,75.66,0.1856,78.34,0.2132,1000.0,0.0,4.199,83.0,100,0,60.0,2026-05-01T04:32:31.845153,4.214
2026-05-01T04:31:31.878499,75.66,0.1856,78.34,0.2127,1000.0,0.0,4.199,83.0,100,0,60.0,2026-05-01T04:32:31.878250,4.214
2026-05-01T04:31:32.862432,75.69,0.1848,78.38,0.2111,1000.0,0.0,4.199,83.0,100,0,60.0,2026-05-01T04:32:32.862316,4.214
2026-05-01T04:31:32.896131,75.69,0.1848,78.38,0.211,1000.0,0.0,4.199,83.0,100,0,60.0,2026-05-01T04:32:32.896059,4.214
2026-05-01T04:31:33.883457,75.69,0.1848,78.41,0.2113,1000.0,0.0,4.199,83.0,100,0,60.0,2026-05-01T04:32:33.883246,4.214
2026-05-01T04:31:33.927086,75.72,0.1858,78.41,0.2109,1000.0,0.0,4.199,83.0,100,0,60.0,2026-05-01T04:32:33.926970,4.214
2026-05-01T04:31:33.958348,75.72,0.1858,78.41,0.2113,1000.0,0.0,4.199,83.0,100,0,60.0,2026-05-01T04:32:33.958267,4.214
2026-05-01T04:31:34.928181,75.77,0.1858,78.44,0.2119,1000.0,0.0,4.199,82.9,100,0,60.0,2026-05-01T04:32:34.928018,4.214
2026-05-01T04:31:34.965021,75.77,0.1822,78.45,0.2102,1000.0,0.0,4.199,82.9,100,0,60.0,2026-05-01T04:32:34.964915,4.214
2026-05-01T04:31:34.996249,75.77,0.1822,78.45,0.2095,1000.0,0.0,4.199,82.9,100,0,60.0,2026-05-01T04:32:34.996153,4.214
2026-05-01T04:31:35.964890,75.83,0.1789,78.49,0.2086,1000.0,0.0,4.199,82.9,100,0,60.0,2026-05-01T04:32:35.964734,4.214
2026-05-01T04:31:35.996815,75.83,0.1822,78.5,0.2083,1000.0,0.0,4.199,82.9,100,0,60.0,2026-05-01T04:32:35.996697,4.214
2026-05-01T04:31:36.031608,75.83,0.1822,78.5,0.2083,1000.0,0.0,4.199,82.9,100,0,60.0,2026-05-01T04:32:36.031470,4.214
2026-05-01T04:31:37.043030,75.87,0.189,78.54,0.2096,1000.0,0.0,4.199,82.9,100,0,60.0,2026-05-01T04:32:37.042881,4.214
2026-05-01T04:31:37.079660,75.87,0.1941,78.54,0.2143,1000.0,0.0,4.199,82.9,100,0,60.0,2026-05-01T04:32:37.079550,4.214
2026-05-01T04:31:37.111528,75.87,0.1941,78.55,0.2162,1000.0,0.0,4.199,82.9,100,0,60.0,2026-05-01T04:32:37.111409,4.214
2026-05-01T04:31:38.078313,75.91,0.1966,78.58,0.2181,1000.0,0.0,4.199,82.9,100,0,60.0,2026-05-01T04:32:38.078176,4.214
2026-05-01T04:31:38.109971,75.91,0.1966,78.59,0.22,1000.0,0.0,4.199,82.9,100,0,60.0,2026-05-01T04:32:38.109861,4.214
2026-05-01T04:31:39.115494,75.91,0.1966,78.62,0.2217,1000.0,0.0,4.199,82.9,100,0,60.0,2026-05-01T04:32:39.115305,4.214
2026-05-01T04:31:39.161392,75.96,0.189,78.63,0.2191,1000.0,0.0,4.199,82.9,100,0,60.0,2026-05-01T04:32:39.161268,4.214
2026-05-01T04:31:39.207208,75.96,0.189,78.64,0.2178,1000.0,0.0,4.199,82.9,100,0,60.0,2026-05-01T04:32:39.207094,4.214
2026-05-01T04:31:40.169574,76.0,0.189,78.67,0.2169,1000.0,0.0,4.199,82.9,100,0,60.0,2026-05-01T04:32:40.169410,4.214
2026-05-01T04:31:40.210559,76.0,0.1924,78.68,0.2167,1000.0,0.0,4.199,82.9,100,0,60.0,2026-05-01T04:32:40.210432,4.214
2026-05-01T04:31:40.243363,76.0,0.1924,78.68,0.2175,1000.0,0.0,4.199,82.9,100,0,60.0,2026-05-01T04:32:40.243253,4.214
2026-05-01T04:31:41.225288,76.03,0.1863,78.71,0.2176,1000.0,0.0,4.199,82.9,100,0,60.0,2026-05-01T04:32:41.225133,4.214
2026-05-01T04:31:41.264608,76.03,0.1949,78.71,0.2192,1000.0,0.0,4.199,82.9,100,0,60.0,2026-05-01T04:32:41.264495,4.214
2026-05-01T04:31:41.297038,76.03,0.1949,78.71,0.22,1000.0,0.0,4.199,82.9,100,0,60.0,2026-05-01T04:32:41.296933,4.214
2026-05-01T04:31:42.278894,76.06,0.1949,78.74,0.221,1000.0,0.0,4.199,82.8,100,0,60.0,2026-05-01T04:32:42.278676,4.214
2026-05-01T04:31:42.316079,76.06,0.1957,78.74,0.2216,1000.0,0.0,4.199,82.8,100,0,60.0,2026-05-01T04:32:42.315766,4.214
2026-05-01T04:31:42.347899,76.06,0.1957,78.74,0.222,1000.0,0.0,4.199,82.8,100,0,60.0,2026-05-01T04:32:42.347787,4.214
2026-05-01T04:31:43.332058,76.09,0.2043,78.78,0.2234,1000.0,0.0,4.199,82.8,100,0,60.0,2026-05-01T04:32:43.331909,4.214
2026-05-01T04:31:43.368588,76.09,0.2043,78.77,0.2264,1000.0,0.0,4.199,82.8,100,0,60.0,2026-05-01T04:32:43.368437,4.214
2026-05-01T04:31:44.353651,76.09,0.2043,78.81,0.2288,1000.0,0.0,4.199,82.8,100,0,60.0,2026-05-01T04:32:44.353449,4.214
2026-05-01T04:31:44.397346,76.14,0.1949,78.82,0.2259,1000.0,0.0,4.199,82.8,100,0,60.0,2026-05-01T04:32:44.397231,4.214
2026-05-01T04:31:44.429905,76.14,0.1949,78.82,0.2244,1000.0,0.0,4.199,82.8,100,0,60.0,2026-05-01T04:32:44.429819,4.214
2026-05-01T04:31:45.409259,76.17,0.1949,78.85,0.2233,1000.0,0.0,4.199,82.8,100,0,60.0,2026-05-01T04:32:45.409091,4.214
2026-05-01T04:31:45.451215,76.17,0.1974,78.86,0.2231,1000.0,0.0,4.199,82.8,100,0,60.0,2026-05-01T04:32:45.451056,4.214
2026-05-01T04:31:45.484262,76.17,0.1974,78.86,0.2235,1000.0,0.0,4.199,82.8,100,0,60.0,2026-05-01T04:32:45.484122,4.214
2026-05-01T04:31:46.463737,76.23,0.194,78.9,0.2237,1000.0,0.0,4.199,82.8,100,0,60.0,2026-05-01T04:32:46.463568,4.214
2026-05-01T04:31:46.503271,76.23,0.2034,78.91,0.2262,1000.0,0.0,4.199,82.8,100,0,60.0,2026-05-01T04:32:46.503107,4.214
2026-05-01T04:31:46.535675,76.23,0.2034,78.91,0.2276,1000.0,0.0,4.199,82.8,100,0,60.0,2026-05-01T04:32:46.535545,4.214
2026-05-01T04:31:47.515560,76.27,0.2067,78.95,0.2299,1000.0,0.0,4.199,82.8,100,0,60.0,2026-05-01T04:32:47.515416,4.214
2026-05-01T04:31:47.552780,76.27,0.2067,78.95,0.2316,1000.0,0.0,4.199,82.8,100,0,60.0,2026-05-01T04:32:47.552650,4.214
2026-05-01T04:31:47.585282,76.27,0.2067,78.95,0.2323,1000.0,0.0,4.199,82.8,100,0,60.0,2026-05-01T04:32:47.585159,4.214
2026-05-01T04:31:48.542050,76.3,0.2017,78.98,0.2308,1000.0,0.0,4.199,82.8,100,0,60.0,2026-05-01T04:32:48.541924,4.214
2026-05-01T04:31:48.574018,76.3,0.2017,78.98,0.23,1000.0,0.0,4.199,82.8,100,0,60.0,2026-05-01T04:32:48.573905,4.214
2026-05-01T04:31:49.574816,76.3,0.2017,79.01,0.2298,1000.0,0.0,4.199,82.8,100,0,60.0,2026-05-01T04:32:49.574654,4.214
2026-05-01T04:31:49.609629,76.35,0.205,79.02,0.2296,1000.0,0.0,4.199,82.8,100,0,60.0,2026-05-01T04:32:49.609519,4.214
2026-05-01T04:31:49.640692,76.35,0.205,79.02,0.2306,1000.0,0.0,4.199,82.8,100,0,60.0,2026-05-01T04:32:49.640589,4.214
2026-05-01T04:31:50.644181,76.4,0.205,79.05,0.2317,1000.0,0.0,4.199,82.7,100,0,60.0,2026-05-01T04:32:50.644004,4.214
2026-05-01T04:31:50.685390,76.4,0.205,79.06,0.232,1000.0,0.0,4.199,82.7,100,0,60.0,2026-05-01T04:32:50.685230,4.214
2026-05-01T04:31:50.718077,76.4,0.205,79.06,0.2321,1000.0,0.0,4.199,82.7,100,0,60.0,2026-05-01T04:32:50.717924,4.214
2026-05-01T04:31:51.696751,76.46,0.2034,79.11,0.2322,1000.0,0.0,4.199,82.7,100,0,60.0,2026-05-01T04:32:51.696579,4.214
2026-05-01T04:31:51.735904,76.46,0.2056,79.12,0.2324,1000.0,0.0,4.199,82.7,100,0,60.0,2026-05-01T04:32:51.735769,4.214
2026-05-01T04:31:51.768102,76.46,0.2056,79.12,0.2326,1000.0,0.0,4.199,82.7,100,0,60.0,2026-05-01T04:32:51.767979,4.214
2026-05-01T04:31:52.753153,76.51,0.2056,79.17,0.2328,1000.0,0.0,4.199,82.7,100,0,60.0,2026-05-01T04:32:52.752933,4.214
2026-05-01T04:31:52.789795,76.51,0.2056,79.17,0.2329,1000.0,0.0,4.199,82.7,100,0,60.0,2026-05-01T04:32:52.789693,4.214
2026-05-01T04:31:52.821834,76.51,0.2056,79.18,0.233,1000.0,0.0,4.199,82.7,100,0,60.0,2026-05-01T04:32:52.821730,4.214
2026-05-01T04:31:53.805728,76.55,0.2025,79.22,0.2321,1000.0,0.0,4.199,82.7,100,0,60.0,2026-05-01T04:32:53.805566,4.214
2026-05-01T04:31:53.840654,76.55,0.2025,79.22,0.2313,1000.0,0.0,4.199,82.7,100,0,60.0,2026-05-01T04:32:53.840533,4.214
2026-05-01T04:31:54.809826,76.55,0.2025,79.25,0.231,1000.0,0.0,4.199,82.7,100,0,60.0,2026-05-01T04:32:54.809696,4.214
2026-05-01T04:31:54.844249,76.61,0.2067,79.27,0.2308,1000.0,0.0,4.199,82.7,100,0,60.0,2026-05-01T04:32:54.844138,4.214
2026-05-01T04:31:54.876383,76.61,0.2067,79.27,0.2321,1000.0,0.0,4.199,82.7,100,0,60.0,2026-05-01T04:32:54.876276,4.214
2026-05-01T04:31:55.878998,76.65,0.2067,79.31,0.2335,1000.0,0.0,4.199,82.6,100,0,60.0,2026-05-01T04:32:55.878726,4.214
2026-05-01T04:31:55.922712,76.65,0.2101,79.32,0.2345,1000.0,0.0,4.199,82.6,100,0,60.0,2026-05-01T04:32:55.922605,4.214
2026-05-01T04:31:55.954820,76.65,0.2101,79.32,0.2357,1000.0,0.0,4.199,82.6,100,0,60.0,2026-05-01T04:32:55.954709,4.214
2026-05-01T04:31:56.933387,76.7,0.2101,79.36,0.2371,1000.0,0.0,4.199,82.6,100,0,60.0,2026-05-01T04:32:56.933228,4.214
2026-05-01T04:31:56.969502,76.7,0.2101,79.37,0.2374,1000.0,0.0,4.199,82.6,100,0,60.0,2026-05-01T04:32:56.969393,4.214
2026-05-01T04:31:57.001092,76.7,0.2101,79.37,0.2376,1000.0,0.0,4.199,82.6,100,0,60.0,2026-05-01T04:32:57.000949,4.214
2026-05-01T04:31:57.965136,76.76,0.1991,79.41,0.2361,1000.0,0.0,4.199,82.6,100,0,60.0,2026-05-01T04:32:57.964996,4.214
2026-05-01T04:31:57.997413,76.76,0.2075,79.42,0.2357,1000.0,0.0,4.199,82.6,100,0,60.0,2026-05-01T04:32:57.997319,4.214
2026-05-01T04:31:58.029531,76.76,0.2075,79.42,0.2356,1000.0,0.0,4.199,82.6,100,0,60.0,2026-05-01T04:32:58.029410,4.214
2026-05-01T04:31:59.027370,76.8,0.212,79.46,0.2341,1000.0,0.0,4.199,82.6,100,0,60.0,2026-05-01T04:32:59.027193,4.214
2026-05-01T04:31:59.065298,76.8,0.212,79.46,0.2364,1000.0,0.0,4.199,82.6,100,0,60.0,2026-05-01T04:32:59.065191,4.214
2026-05-01T04:32:00.057428,76.8,0.212,79.5,0.2382,1000.0,0.0,4.199,82.6,100,0,60.0,2026-05-01T04:33:00.057234,4.214
2026-05-01T04:32:00.102224,76.85,0.2135,79.51,0.2397,1000.0,0.0,4.199,82.6,100,0,60.0,2026-05-01T04:33:00.102065,4.214
2026-05-01T04:32:00.135566,76.85,0.2135,79.51,0.2404,1000.0,0.0,4.199,82.6,100,0,60.0,2026-05-01T04:33:00.135453,4.214
2026-05-01T04:32:01.114788,76.9,0.2135,79.55,0.2412,1000.0,0.0,4.199,82.6,100,0,60.0,2026-05-01T04:33:01.114609,4.214
2026-05-01T04:32:01.156263,76.9,0.2152,79.56,0.2415,1000.0,0.0,4.199,82.6,100,0,60.0,2026-05-01T04:33:01.156156,4.214
2026-05-01T04:32:01.188193,76.9,0.2152,79.56,0.2421,1000.0,0.0,4.199,82.6,100,0,60.0,2026-05-01T04:33:01.188083,4.214
2026-05-01T04:32:02.166320,76.94,0.211,79.6,0.2423,1000.0,0.0,4.199,82.6,100,0,60.0,2026-05-01T04:33:02.165964,4.214
2026-05-01T04:32:02.204754,76.94,0.216,79.61,0.2432,1000.0,0.0,4.199,82.6,100,0,60.0,2026-05-01T04:33:02.204623,4.214
2026-05-01T04:32:02.237178,76.94,0.216,79.61,0.2436,1000.0,0.0,4.199,82.6,100,0,60.0,2026-05-01T04:33:02.237064,4.214
2026-05-01T04:32:03.225106,76.98,0.2128,79.65,0.2432,1000.0,0.0,4.199,82.5,100,0,60.0,2026-05-01T04:33:03.224959,4.214
2026-05-01T04:32:03.262189,76.98,0.2135,79.65,0.2426,1000.0,0.0,4.199,82.5,100,0,60.0,2026-05-01T04:33:03.262075,4.214
2026-05-01T04:32:03.294553,76.98,0.2135,79.65,0.2423,1000.0,0.0,4.199,82.5,100,0,60.0,2026-05-01T04:33:03.294429,4.214
2026-05-01T04:32:04.258022,77.03,0.2168,79.69,0.2425,1000.0,0.0,4.199,82.5,100,0,60.0,2026-05-01T04:33:04.257895,4.214
2026-05-01T04:32:04.290125,77.03,0.2168,79.7,0.2436,1000.0,0.0,4.199,82.5,100,0,60.0,2026-05-01T04:33:04.290005,4.214
2026-05-01T04:32:05.297894,77.03,0.2168,79.73,0.2446,1000.0,0.0,4.199,82.5,100,0,60.0,2026-05-01T04:33:05.297710,4.214
2026-05-01T04:32:05.342960,77.07,0.2194,79.74,0.2456,1000.0,0.0,4.199,82.5,100,0,60.0,2026-05-01T04:33:05.342827,4.214
2026-05-01T04:32:05.376360,77.07,0.2194,79.74,0.2464,1000.0,0.0,4.199,82.5,100,0,60.0,2026-05-01T04:33:05.376251,4.214
2026-05-01T04:32:06.354964,77.11,0.2194,79.78,0.2474,1000.0,0.0,4.199,82.5,100,0,60.0,2026-05-01T04:33:06.354764,4.214
2026-05-01T04:32:06.395535,77.11,0.2169,79.78,0.2465,1000.0,0.0,4.199,82.5,100,0,60.0,2026-05-01T04:33:06.395418,4.214
2026-05-01T04:32:06.427586,77.11,0.2169,79.78,0.2461,1000.0,0.0,4.199,82.5,100,0,60.0,2026-05-01T04:33:06.427475,4.214
2026-05-01T04:32:07.407267,77.16,0.216,79.82,0.2458,1000.0,0.0,4.199,82.5,100,0,60.0,2026-05-01T04:33:07.407116,4.214
2026-05-01T04:32:07.445307,77.16,0.2133,79.83,0.2437,1000.0,0.0,4.199,82.5,100,0,60.0,2026-05-01T04:33:07.445188,4.214
2026-05-01T04:32:07.477372,77.16,0.2133,79.83,0.2431,1000.0,0.0,4.199,82.5,100,0,60.0,2026-05-01T04:33:07.477245,4.214
2026-05-01T04:32:08.460497,77.22,0.2101,79.87,0.2416,1000.0,0.0,4.199,82.5,100,0,60.0,2026-05-01T04:33:08.460326,4.214
2026-05-01T04:32:08.496826,77.22,0.2133,79.88,0.2418,1000.0,0.0,4.199,82.5,100,0,60.0,2026-05-01T04:33:08.496706,4.214
2026-05-01T04:32:08.528563,77.22,0.2133,79.88,0.2419,1000.0,0.0,4.199,82.5,100,0,60.0,2026-05-01T04:33:08.528447,4.214
2026-05-01T04:32:09.512725,77.28,0.2151,79.93,0.2424,1000.0,0.0,4.199,82.4,100,0,60.0,2026-05-01T04:33:09.512583,4.214
2026-05-01T04:32:09.548193,77.28,0.2151,79.94,0.243,1000.0,0.0,4.199,82.4,100,0,60.0,2026-05-01T04:33:09.548074,4.214
2026-05-01T04:32:10.533687,77.28,0.2151,79.98,0.2437,1000.0,0.0,4.199,82.4,100,0,60.0,2026-05-01T04:33:10.533455,4.214
2026-05-01T04:32:10.577322,77.32,0.2185,79.98,0.2447,1000.0,0.0,4.199,82.4,100,0,60.0,2026-05-01T04:33:10.577181,4.214
2026-05-01T04:32:10.609605,77.32,0.2185,79.99,0.2458,1000.0,0.0,4.199,82.4,100,0,60.0,2026-05-01T04:33:10.609497,4.214
2026-05-01T04:32:11.585758,77.36,0.2185,80.02,0.2468,1000.0,0.0,4.199,82.4,100,0,60.0,2026-05-01T04:33:11.585558,4.214
2026-05-01T04:32:11.625103,77.36,0.2168,80.03,0.2462,1000.0,0.0,4.199,82.4,100,0,60.0,2026-05-01T04:33:11.624990,4.214
2026-05-01T04:32:11.657210,77.36,0.2168,80.03,0.246,1000.0,0.0,4.199,82.4,100,0,60.0,2026-05-01T04:33:11.657110,4.214
2026-05-01T04:32:12.644520,77.42,0.216,80.07,0.246,1000.0,0.0,4.199,82.4,100,0,60.0,2026-05-01T04:33:12.644344,4.214
2026-05-01T04:32:12.683697,77.42,0.2196,80.08,0.2469,1000.0,0.0,4.199,82.4,100,0,60.0,2026-05-01T04:33:12.683483,4.214
2026-05-01T04:32:12.715210,77.42,0.2196,80.08,0.2474,1000.0,0.0,4.199,82.4,100,0,60.0,2026-05-01T04:33:12.715111,4.214
2026-05-01T04:32:13.696996,77.45,0.2196,80.11,0.2478,1000.0,0.0,4.199,82.4,100,0,60.0,2026-05-01T04:33:13.696827,4.214
2026-05-01T04:32:13.733704,77.45,0.2253,80.11,0.2506,1000.0,0.0,4.199,82.4,100,0,60.0,2026-05-01T04:33:13.733552,4.214
2026-05-01T04:32:13.765395,77.45,0.2253,80.11,0.2518,1000.0,0.0,4.199,82.4,100,0,60.0,2026-05-01T04:33:13.765296,4.214
2026-05-01T04:32:14.758775,77.5,0.2219,80.15,0.2521,1000.0,0.0,4.199,82.4,100,0,60.0,2026-05-01T04:33:14.758652,4.214
2026-05-01T04:32:14.795675,77.5,0.2219,80.16,0.2516,1000.0,0.0,4.199,82.4,100,0,60.0,2026-05-01T04:33:14.795562,4.214
2026-05-01T04:32:15.770041,77.5,0.2219,80.19,0.2517,1000.0,0.0,4.199,82.4,100,0,60.0,2026-05-01T04:33:15.769807,4.214
2026-05-01T04:32:15.813301,77.55,0.2178,80.2,0.2494,1000.0,0.0,4.199,82.3,100,0,60.0,2026-05-01T04:33:15.813180,4.214
2026-05-01T04:32:15.855405,77.55,0.2178,80.21,0.2486,1000.0,0.0,4.199,82.3,100,0,60.0,2026-05-01T04:33:15.855272,4.214
2026-05-01T04:32:16.823882,77.6,0.2178,80.25,0.2481,1000.0,0.0,4.199,82.3,100,0,60.0,2026-05-01T04:33:16.823687,4.214
2026-05-01T04:32:16.865054,77.6,0.2187,80.26,0.2476,1000.0,0.0,4.199,82.3,100,0,60.0,2026-05-01T04:33:16.864942,4.214
2026-05-01T04:32:16.898577,77.6,0.2187,80.26,0.2477,1000.0,0.0,4.199,82.3,100,0,60.0,2026-05-01T04:33:16.898472,4.214
2026-05-01T04:32:17.885366,77.64,0.2187,80.3,0.2482,1000.0,0.0,4.199,82.3,100,0,60.0,2026-05-01T04:33:17.885129,4.214
2026-05-01T04:32:17.946674,77.64,0.2253,80.3,0.2508,1000.0,0.0,4.199,82.3,100,0,60.0,2026-05-01T04:33:17.946017,4.214
2026-05-01T04:32:17.984555,77.64,0.2253,80.3,0.2521,1000.0,0.0,4.199,82.3,100,0,60.0,2026-05-01T04:33:17.984413,4.214
2026-05-01T04:32:18.931590,77.69,0.2264,80.34,0.2534,1000.0,0.0,4.199,82.3,100,0,60.0,2026-05-01T04:33:18.931427,4.214
2026-05-01T04:32:18.967867,77.69,0.2278,80.34,0.255,1000.0,0.0,4.199,82.3,100,0,60.0,2026-05-01T04:33:18.967746,4.214
2026-05-01T04:32:19.000870,77.69,0.2278,80.35,0.2557,1000.0,0.0,4.199,82.3,100,0,60.0,2026-05-01T04:33:19.000734,4.214
2026-05-01T04:32:19.955275,77.71,0.2287,80.37,0.2569,1000.0,0.0,4.199,82.3,100,0,60.0,2026-05-01T04:33:19.955137,4.214
2026-05-01T04:32:19.988948,77.71,0.2287,80.37,0.2574,1000.0,0.0,4.199,82.3,100,0,60.0,2026-05-01T04:33:19.988825,4.214
2026-05-01T04:32:20.994852,77.71,0.2287,80.4,0.2581,1000.0,0.0,4.199,82.3,100,0,60.0,2026-05-01T04:33:20.994690,4.214
2026-05-01T04:32:21.033251,77.75,0.2287,80.41,0.2581,1000.0,0.0,4.199,82.3,100,0,60.0,2026-05-01T04:33:21.033090,4.214
2026-05-01T04:32:21.068264,77.75,0.2287,80.41,0.2583,1000.0,0.0,4.199,82.3,100,0,60.0,2026-05-01T04:33:21.068078,4.214
2026-05-01T04:32:22.046330,77.79,0.2287,80.44,0.2585,1000.0,0.0,4.199,82.3,100,0,60.0,2026-05-01T04:33:22.046188,4.214
2026-05-01T04:32:22.084281,77.79,0.2295,80.45,0.2587,1000.0,0.0,4.199,82.3,100,0,60.0,2026-05-01T04:33:22.084108,4.214
2026-05-01T04:32:22.118782,77.79,0.2295,80.45,0.2588,1000.0,0.0,4.199,82.3,100,0,60.0,2026-05-01T04:33:22.118644,4.214
2026-05-01T04:32:23.110075,77.83,0.2295,80.48,0.2593,1000.0,0.0,4.199,82.3,100,0,60.0,2026-05-01T04:33:23.109918,4.214
2026-05-01T04:32:23.149809,77.83,0.2227,80.49,0.2559,1000.0,0.0,4.199,82.3,100,0,60.0,2026-05-01T04:33:23.149676,4.214
2026-05-01T04:32:23.181967,77.83,0.2227,80.49,0.2547,1000.0,0.0,4.199,82.3,100,0,60.0,2026-05-01T04:33:23.181867,4.214
2026-05-01T04:32:24.163134,77.87,0.2194,80.53,0.2527,1000.0,0.0,4.199,82.2,100,0,60.0,2026-05-01T04:33:24.162981,4.214
2026-05-01T04:32:24.201379,77.87,0.2227,80.53,0.2526,1000.0,0.0,4.199,82.2,100,0,60.0,2026-05-01T04:33:24.201223,4.214
2026-05-01T04:32:24.234074,77.87,0.2227,80.53,0.2526,1000.0,0.0,4.199,82.2,100,0,60.0,2026-05-01T04:33:24.233954,4.214
2026-05-01T04:32:25.221731,77.9,0.2268,80.56,0.2538,1000.0,0.0,4.199,82.2,100,0,60.0,2026-05-01T04:33:25.221584,4.214
2026-05-01T04:32:25.257022,77.9,0.2268,80.56,0.2549,1000.0,0.0,4.199,82.2,100,0,60.0,2026-05-01T04:33:25.256923,4.214
2026-05-01T04:32:26.247015,77.9,0.2268,80.6,0.256,1000.0,0.0,4.199,82.2,100,0,60.0,2026-05-01T04:33:26.246812,4.214
2026-05-01T04:32:26.290564,77.94,0.2303,80.6,0.2571,1000.0,0.0,4.199,82.2,100,0,60.0,2026-05-01T04:33:26.290448,4.214
2026-05-01T04:32:26.323379,77.94,0.2303,80.6,0.2584,1000.0,0.0,4.199,82.2,100,0,60.0,2026-05-01T04:33:26.323276,4.214
2026-05-01T04:32:27.294369,77.99,0.2303,80.64,0.2596,1000.0,0.0,4.199,82.2,100,0,60.0,2026-05-01T04:33:27.294177,4.214
2026-05-01T04:32:27.342722,77.99,0.2312,80.65,0.2599,1000.0,0.0,4.199,82.2,100,0,60.0,2026-05-01T04:33:27.342609,4.214
2026-05-01T04:32:27.374908,77.99,0.2312,80.65,0.2604,1000.0,0.0,4.199,82.2,100,0,60.0,2026-05-01T04:33:27.374812,4.214
2026-05-01T04:32:28.358358,78.02,0.2312,80.68,0.2611,1000.0,0.0,4.199,82.2,100,0,60.0,2026-05-01T04:33:28.358198,4.214
2026-05-01T04:32:28.396566,78.02,0.2312,80.68,0.2611,1000.0,0.0,4.199,82.2,100,0,60.0,2026-05-01T04:33:28.396451,4.214
2026-05-01T04:32:28.428839,78.02,0.2312,80.69,0.2611,1000.0,0.0,4.199,82.2,100,0,60.0,2026-05-01T04:33:28.428713,4.214
2026-05-01T04:32:29.403518,78.06,0.2303,80.72,0.2612,1000.0,0.0,4.199,82.2,100,0,60.0,2026-05-01T04:33:29.403309,4.214
2026-05-01T04:32:29.458453,78.06,0.2335,80.72,0.2623,1000.0,0.0,4.199,82.2,100,0,60.0,2026-05-01T04:33:29.458294,4.214
2026-05-01T04:32:29.511516,78.06,0.2335,80.73,0.2628,1000.0,0.0,4.199,82.2,100,0,60.0,2026-05-01T04:33:29.511344,4.214
2026-05-01T04:32:30.460323,78.11,0.2362,80.77,0.2633,1000.0,0.0,4.199,82.2,100,0,60.0,2026-05-01T04:33:30.460085,4.214
2026-05-01T04:32:30.494626,78.11,0.2362,80.77,0.2646,1000.0,0.0,4.199,82.2,100,0,60.0,2026-05-01T04:33:30.494519,4.214
2026-05-01T04:32:31.508589,78.11,0.2362,80.81,0.2658,1000.0,0.0,4.199,82.2,100,0,60.0,2026-05-01T04:33:31.508268,4.214
2026-05-01T04:32:31.568235,78.17,0.2362,80.82,0.2646,1000.0,0.0,4.199,82.1,100,0,60.0,2026-05-01T04:33:31.568042,4.214
2026-05-01T04:32:31.603871,78.17,0.2362,80.82,0.2653,1000.0,0.0,4.199,82.1,100,0,60.0,2026-05-01T04:33:31.603768,4.214
2026-05-01T04:32:32.512217,78.21,0.2362,80.86,0.2662,1000.0,0.0,4.199,82.1,100,0,60.0,2026-05-01T04:33:32.511939,4.214
2026-05-01T04:32:32.550588,78.21,0.2362,80.86,0.2664,1000.0,0.0,4.199,82.1,100,0,60.0,2026-05-01T04:33:32.550312,4.214
2026-05-01T04:32:32.589617,78.21,0.2362,80.87,0.2666,1000.0,0.0,4.199,82.1,100,0,60.0,2026-05-01T04:33:32.589488,4.214
2026-05-01T04:32:33.560067,78.28,0.2362,80.91,0.2668,1000.0,0.0,4.199,82.1,100,0,60.0,2026-05-01T04:33:33.559852,4.214
2026-05-01T04:32:33.592219,78.28,0.2362,80.92,0.2666,1000.0,0.0,4.199,82.1,100,0,60.0,2026-05-01T04:33:33.592119,4.214
2026-05-01T04:32:33.623306,78.28,0.2362,80.93,0.2667,1000.0,0.0,4.199,82.1,100,0,60.0,2026-05-01T04:33:33.623198,4.214
2026-05-01T04:32:34.633088,78.34,0.2346,80.98,0.2665,1000.0,0.0,4.199,82.1,100,0,60.0,2026-05-01T04:33:34.632951,4.214
2026-05-01T04:32:34.668187,78.34,0.2353,80.99,0.2663,1000.0,0.0,4.199,82.1,100,0,60.0,2026-05-01T04:33:34.668065,4.214
2026-05-01T04:32:34.704576,78.34,0.2353,80.99,0.2662,1000.0,0.0,4.199,82.1,100,0,60.0,2026-05-01T04:33:34.704490,4.214
2026-05-01T04:32:35.671944,78.39,0.2362,81.04,0.2663,1000.0,0.0,4.199,82.1,100,0,60.0,2026-05-01T04:33:35.671802,4.214
2026-05-01T04:32:35.704994,78.39,0.2362,81.04,0.2666,1000.0,0.0,4.199,82.1,100,0,60.0,2026-05-01T04:33:35.704915,4.214
2026-05-01T04:32:36.711927,78.39,0.2362,81.08,0.2671,1000.0,0.0,4.199,82.1,100,0,60.0,2026-05-01T04:33:36.711628,4.214
2026-05-01T04:32:36.754017,78.44,0.2362,81.09,0.267,1000.0,0.0,4.199,82.0,100,0,60.0,2026-05-01T04:33:36.753902,4.214
2026-05-01T04:32:36.784769,78.44,0.2362,81.1,0.267,1000.0,0.0,4.199,82.0,100,0,60.0,2026-05-01T04:33:36.784697,4.214
2026-05-01T04:32:37.753844,78.5,0.2362,81.14,0.2673,1000.0,0.0,4.199,82.0,100,0,60.0,2026-05-01T04:33:37.753708,4.214
2026-05-01T04:32:37.789407,78.5,0.2371,81.15,0.2673,1000.0,0.0,4.199,82.0,100,0,60.0,2026-05-01T04:33:37.789310,4.214
2026-05-01T04:32:37.819740,78.5,0.2371,81.15,0.2676,1000.0,0.0,4.199,82.0,100,0,60.0,2026-05-01T04:33:37.819660,4.214
2026-05-01T04:32:38.815584,78.54,0.2353,81.19,0.2678,1000.0,0.0,4.199,82.0,100,0,60.0,2026-05-01T04:33:38.815430,4.214
2026-05-01T04:32:38.853719,78.54,0.2379,81.19,0.2682,1000.0,0.0,4.199,82.0,100,0,60.0,2026-05-01T04:33:38.852245,4.214
2026-05-01T04:32:38.886339,78.54,0.2379,81.19,0.2684,1000.0,0.0,4.199,82.0,100,0,60.0,2026-05-01T04:33:38.886228,4.214
2026-05-01T04:32:39.850851,78.58,0.2329,81.23,0.2682,1000.0,0.0,4.199,82.0,100,0,60.0,2026-05-01T04:33:39.850740,4.214
2026-05-01T04:32:39.883942,78.58,0.2362,81.23,0.2678,1000.0,0.0,4.199,82.0,100,0,60.0,2026-05-01T04:33:39.883838,4.214
2026-05-01T04:32:39.914653,78.58,0.2362,81.23,0.2676,1000.0,0.0,4.199,82.0,100,0,60.0,2026-05-01T04:33:39.914557,4.214
2026-05-01T04:32:40.928464,78.64,0.2329,81.28,0.2664,1000.0,0.0,4.199,82.0,100,0,60.0,2026-05-01T04:33:40.928268,4.214
2026-05-01T04:32:41.016146,78.64,0.2329,81.28,0.2654,1000.0,0.0,4.199,82.0,100,0,60.0,2026-05-01T04:33:41.016018,4.214
2026-05-01T04:32:41.929556,78.64,0.2329,81.32,0.2651,1000.0,0.0,4.199,82.0,100,0,60.0,2026-05-01T04:33:41.929438,4.214
2026-05-01T04:32:41.962735,78.69,0.2346,81.33,0.2648,1000.0,0.0,4.199,82.0,100,0,60.0,2026-05-01T04:33:41.962623,4.214
2026-05-01T04:32:41.996154,78.69,0.2346,81.33,0.2652,1000.0,0.0,4.199,82.0,100,0,60.0,2026-05-01T04:33:41.996043,4.214
2026-05-01T04:32:42.990169,78.73,0.2346,81.37,0.2658,1000.0,0.0,4.199,82.0,100,0,60.0,2026-05-01T04:33:42.990042,4.214
2026-05-01T04:32:43.024522,78.73,0.2396,81.37,0.2673,1000.0,0.0,4.199,82.0,100,0,60.0,2026-05-01T04:33:43.024368,4.214
2026-05-01T04:32:43.058642,78.73,0.2396,81.38,0.2686,1000.0,0.0,4.199,82.0,100,0,60.0,2026-05-01T04:33:43.058542,4.214
2026-05-01T04:32:44.040772,78.76,0.2396,81.41,0.2701,1000.0,0.0,4.199,81.9,100,0,60.0,2026-05-01T04:33:44.040638,4.214
2026-05-01T04:32:44.074510,78.76,0.2421,81.41,0.2714,1000.0,0.0,4.199,81.9,100,0,60.0,2026-05-01T04:33:44.074406,4.214
2026-05-01T04:32:44.107028,78.76,0.2421,81.41,0.2721,1000.0,0.0,4.199,81.9,100,0,60.0,2026-05-01T04:33:44.106919,4.214
2026-05-01T04:32:45.107704,78.79,0.2388,81.44,0.2727,1000.0,0.0,4.199,81.9,100,0,60.0,2026-05-01T04:33:45.107548,4.214
2026-05-01T04:32:45.145008,78.79,0.2412,81.44,0.2727,1000.0,0.0,4.199,81.9,100,0,60.0,2026-05-01T04:33:45.144883,4.214
2026-05-01T04:32:45.177263,78.79,0.2412,81.44,0.2727,1000.0,0.0,4.199,81.9,100,0,60.0,2026-05-01T04:33:45.177147,4.214
2026-05-01T04:32:46.156325,78.83,0.238,81.48,0.2716,1000.0,0.0,4.199,81.9,100,0,60.0,2026-05-01T04:33:46.156167,4.214
2026-05-01T04:32:46.193012,78.83,0.238,81.48,0.2708,1000.0,0.0,4.199,81.9,100,0,60.0,2026-05-01T04:33:46.192906,4.214
2026-05-01T04:32:47.181313,78.83,0.238,81.51,0.2707,1000.0,0.0,4.199,81.9,100,0,60.0,2026-05-01T04:33:47.181111,4.214
2026-05-01T04:32:47.225667,78.86,0.238,81.51,0.2699,1000.0,0.0,4.199,81.9,100,0,60.0,2026-05-01T04:33:47.225552,4.214
2026-05-01T04:32:47.257951,78.86,0.238,81.51,0.2698,1000.0,0.0,4.199,81.9,100,0,60.0,2026-05-01T04:33:47.257855,4.214
2026-05-01T04:32:48.238194,78.89,0.238,81.55,0.2699,1000.0,0.0,4.199,81.9,100,0,60.0,2026-05-01T04:33:48.238012,4.214
2026-05-01T04:32:48.279332,78.89,0.2413,81.55,0.2709,1000.0,0.0,4.199,81.9,100,0,60.0,2026-05-01T04:33:48.279216,4.214
2026-05-01T04:32:48.311920,78.89,0.2413,81.54,0.2716,1000.0,0.0,4.199,81.9,100,0,60.0,2026-05-01T04:33:48.311809,4.214
2026-05-01T04:32:49.292241,78.92,0.2389,81.58,0.2722,1000.0,0.0,4.199,81.9,100,0,60.0,2026-05-01T04:33:49.292088,4.214
2026-05-01T04:32:49.330705,78.92,0.2413,81.58,0.2722,1000.0,0.0,4.199,81.9,100,0,60.0,2026-05-01T04:33:49.330573,4.214
2026-05-01T04:32:49.362247,78.92,0.2413,81.58,0.2724,1000.0,0.0,4.199,81.9,100,0,60.0,2026-05-01T04:33:49.362139,4.214
2026-05-01T04:32:50.345838,78.95,0.2371,81.61,0.2718,1000.0,0.0,4.199,81.9,100,0,60.0,2026-05-01T04:33:50.345672,4.214
2026-05-01T04:32:50.383104,78.95,0.2439,81.61,0.2735,1000.0,0.0,4.199,81.9,100,0,60.0,2026-05-01T04:33:50.382917,4.214
2026-05-01T04:32:50.414536,78.95,0.2439,81.61,0.2742,1000.0,0.0,4.199,81.9,100,0,60.0,2026-05-01T04:33:50.414443,4.214
2026-05-01T04:32:51.377013,79.01,0.2447,81.65,0.2754,1000.0,0.0,4.199,81.9,100,0,60.0,2026-05-01T04:33:51.376731,4.214
2026-05-01T04:32:51.411527,79.01,0.2447,81.66,0.2758,1000.0,0.0,4.199,81.9,100,0,60.0,2026-05-01T04:33:51.411425,4.214
2026-05-01T04:32:52.404066,79.01,0.2447,81.69,0.2765,1000.0,0.0,4.199,81.9,100,0,60.0,2026-05-01T04:33:52.403881,4.214
2026-05-01T04:32:52.439656,79.04,0.2489,81.7,0.2779,1000.0,0.0,4.199,81.8,100,0,60.0,2026-05-01T04:33:52.439547,4.214
2026-05-01T04:32:52.469875,79.04,0.2489,81.7,0.279,1000.0,0.0,4.199,81.8,100,0,60.0,2026-05-01T04:33:52.469792,4.214
2026-05-01T04:32:53.475659,79.09,0.2489,81.73,0.2802,1000.0,0.0,4.199,81.8,100,0,60.0,2026-05-01T04:33:53.475487,4.214
2026-05-01T04:32:53.515904,79.09,0.2461,81.73,0.2791,1000.0,0.0,4.199,81.8,100,0,60.0,2026-05-01T04:33:53.515784,4.214
2026-05-01T04:32:53.547539,79.09,0.2461,81.74,0.2787,1000.0,0.0,4.199,81.8,100,0,60.0,2026-05-01T04:33:53.547456,4.214
2026-05-01T04:32:54.525662,79.13,0.2447,81.77,0.2785,1000.0,0.0,4.199,81.8,100,0,60.0,2026-05-01T04:33:54.525528,4.214
2026-05-01T04:32:54.561790,79.13,0.2461,81.78,0.2782,1000.0,0.0,4.199,81.8,100,0,60.0,2026-05-01T04:33:54.561687,4.214
2026-05-01T04:32:54.591964,79.13,0.2461,81.78,0.2782,1000.0,0.0,4.199,81.8,100,0,60.0,2026-05-01T04:33:54.591888,4.214
2026-05-01T04:32:55.586321,79.18,0.247,81.82,0.2786,1000.0,0.0,4.199,81.8,100,0,60.0,2026-05-01T04:33:55.586026,4.214
2026-05-01T04:32:55.624574,79.18,0.247,81.82,0.2789,1000.0,0.0,4.199,81.8,100,0,60.0,2026-05-01T04:33:55.624445,4.214
2026-05-01T04:32:55.657122,79.18,0.247,81.83,0.279,1000.0,0.0,4.199,81.8,100,0,60.0,2026-05-01T04:33:55.657015,4.214
2026-05-01T04:32:56.628263,79.22,0.2461,81.86,0.2789,1000.0,0.0,4.199,81.8,100,0,60.0,2026-05-01T04:33:56.628114,4.214
2026-05-01T04:32:56.661472,79.22,0.2461,81.87,0.2788,1000.0,0.0,4.199,81.8,100,0,60.0,2026-05-01T04:33:56.661384,4.214
2026-05-01T04:32:57.656090,79.22,0.2461,81.9,0.279,1000.0,0.0,4.199,81.8,100,0,60.0,2026-05-01T04:33:57.655774,4.214
2026-05-01T04:32:57.698084,79.27,0.2438,81.91,0.2777,1000.0,0.0,4.199,81.8,100,0,60.0,2026-05-01T04:33:57.697989,4.214
2026-05-01T04:32:57.729578,79.27,0.2438,81.92,0.2771,1000.0,0.0,4.199,81.8,100,0,60.0,2026-05-01T04:33:57.729501,4.214
2026-05-01T04:32:58.705667,79.31,0.2438,81.95,0.277,1000.0,0.0,4.199,81.8,100,0,60.0,2026-05-01T04:33:58.705513,4.214
2026-05-01T04:32:58.743154,79.31,0.2438,81.96,0.2757,1000.0,0.0,4.199,81.8,100,0,60.0,2026-05-01T04:33:58.743051,4.214
2026-05-01T04:32:58.773892,79.31,0.2438,81.96,0.2759,1000.0,0.0,4.199,81.8,100,0,60.0,2026-05-01T04:33:58.773827,4.214
2026-05-01T04:32:59.761799,79.36,0.2394,82.0,0.2757,1000.0,0.0,4.199,81.7,100,0,60.0,2026-05-01T04:33:59.761652,4.214
2026-05-01T04:32:59.800220,79.36,0.2547,82.01,0.2804,1000.0,0.0,4.199,81.7,100,0,60.0,2026-05-01T04:33:59.800133,4.214
2026-05-01T04:32:59.831216,79.36,0.2547,82.01,0.2827,1000.0,0.0,4.199,81.7,100,0,60.0,2026-05-01T04:33:59.831132,4.214
2026-05-01T04:33:00.813414,79.41,0.2547,82.05,0.2856,1000.0,0.0,4.199,81.7,100,0,60.0,2026-05-01T04:34:00.813281,4.214
2026-05-01T04:33:00.849675,79.41,0.2573,82.06,0.2875,1000.0,0.0,4.199,81.7,100,0,60.0,2026-05-01T04:34:00.848067,4.214
2026-05-01T04:33:00.883199,79.41,0.2573,82.06,0.2883,1000.0,0.0,4.199,81.7,100,0,60.0,2026-05-01T04:34:00.883103,4.214
2026-05-01T04:33:01.863657,79.45,0.2531,82.1,0.2881,1000.0,0.0,4.199,81.7,100,0,60.0,2026-05-01T04:34:01.863523,4.214
2026-05-01T04:33:01.897413,79.45,0.2531,82.1,0.2872,1000.0,0.0,4.199,81.7,100,0,60.0,2026-05-01T04:34:01.897320,4.214
2026-05-01T04:33:02.880330,79.45,0.2531,82.14,0.287,1000.0,0.0,4.199,81.7,100,0,60.0,2026-05-01T04:34:02.880169,4.214
2026-05-01T04:33:02.918640,79.49,0.2531,82.14,0.2855,1000.0,0.0,4.199,81.7,100,0,60.0,2026-05-01T04:34:02.918538,4.214
2026-05-01T04:33:02.951665,79.49,0.2531,82.14,0.2856,1000.0,0.0,4.199,81.7,100,0,60.0,2026-05-01T04:34:02.951223,4.214
2026-05-01T04:33:03.922516,79.53,0.2531,82.18,0.2861,1000.0,0.0,4.199,81.7,100,0,60.0,2026-05-01T04:34:03.922388,4.214
2026-05-01T04:33:03.955242,79.53,0.2573,82.18,0.2873,1000.0,0.0,4.199,81.7,100,0,60.0,2026-05-01T04:34:03.955111,4.214
2026-05-01T04:33:03.988130,79.53,0.2573,82.18,0.2883,1000.0,0.0,4.199,81.7,100,0,60.0,2026-05-01T04:34:03.988057,4.214
2026-05-01T04:33:04.987137,79.57,0.2547,82.21,0.2891,1000.0,0.0,4.199,81.7,100,0,60.0,2026-05-01T04:34:04.986898,4.214
2026-05-01T04:33:05.047024,79.57,0.2547,82.21,0.2882,1000.0,0.0,4.199,81.7,100,0,60.0,2026-05-01T04:34:05.044869,4.214
2026-05-01T04:33:05.105001,79.57,0.2547,82.21,0.288,1000.0,0.0,4.199,81.7,100,0,60.0,2026-05-01T04:34:05.104691,4.214
2026-05-01T04:33:06.045992,79.6,0.2523,82.24,0.2873,1000.0,0.0,4.199,81.7,100,0,60.0,2026-05-01T04:34:06.045842,4.214
2026-05-01T04:33:06.080123,79.6,0.2556,82.24,0.2878,1000.0,0.0,4.199,81.7,100,0,60.0,2026-05-01T04:34:06.080019,4.214
2026-05-01T04:33:06.112999,79.6,0.2556,82.24,0.2881,1000.0,0.0,4.199,81.7,100,0,60.0,2026-05-01T04:34:06.112904,4.214
2026-05-01T04:33:07.111151,79.62,0.2582,82.27,0.2889,1000.0,0.0,4.199,81.7,100,0,60.0,2026-05-01T04:34:07.110992,4.214
2026-05-01T04:33:07.146920,79.62,0.2582,82.26,0.2898,1000.0,0.0,4.199,81.7,100,0,60.0,2026-05-01T04:34:07.146810,4.214
2026-05-01T04:33:08.115258,79.62,0.2582,82.29,0.2908,1000.0,0.0,4.199,81.7,100,0,60.0,2026-05-01T04:34:08.115118,4.214
2026-05-01T04:33:08.162142,79.67,0.2641,82.3,0.2923,1000.0,0.0,4.199,81.6,100,0,60.0,2026-05-01T04:34:08.161995,4.214
2026-05-01T04:33:08.195212,79.67,0.2641,82.31,0.2942,1000.0,0.0,4.199,81.6,100,0,60.0,2026-05-01T04:34:08.195100,4.214
2026-05-01T04:33:09.164184,79.71,0.2641,82.34,0.296,1000.0,0.0,4.199,81.6,100,0,60.0,2026-05-01T04:34:09.163924,4.214
2026-05-01T04:33:09.222203,79.71,0.2649,82.35,0.2965,1000.0,0.0,4.199,81.6,100,0,60.0,2026-05-01T04:34:09.222053,4.214
2026-05-01T04:33:09.256803,79.71,0.2649,82.35,0.2972,1000.0,0.0,4.199,81.6,100,0,60.0,2026-05-01T04:34:09.256654,4.214
2026-05-01T04:33:10.232725,79.76,0.2649,82.39,0.298,1000.0,0.0,4.199,81.6,100,0,60.0,2026-05-01T04:34:10.232537,4.214
2026-05-01T04:33:10.270992,79.76,0.2641,82.39,0.2975,1000.0,0.0,4.199,81.6,100,0,60.0,2026-05-01T04:34:10.270885,4.214
2026-05-01T04:33:10.301759,79.76,0.2641,82.4,0.2975,1000.0,0.0,4.199,81.6,100,0,60.0,2026-05-01T04:34:10.301681,4.214
2026-05-01T04:33:11.281535,79.81,0.2624,82.44,0.2972,1000.0,0.0,4.199,81.6,100,0,60.0,2026-05-01T04:34:11.281377,4.214
2026-05-01T04:33:11.315334,79.81,0.2624,82.45,0.2966,1000.0,0.0,4.199,81.6,100,0,60.0,2026-05-01T04:34:11.315240,4.214
2026-05-01T04:33:11.346041,79.81,0.2624,82.45,0.2963,1000.0,0.0,4.199,81.6,100,0,60.0,2026-05-01T04:34:11.345963,4.214
2026-05-01T04:33:12.342618,79.84,0.2599,82.48,0.2955,1000.0,0.0,4.199,81.6,100,0,60.0,2026-05-01T04:34:12.342464,4.214
2026-05-01T04:33:12.378059,79.84,0.2599,82.48,0.2946,1000.0,0.0,4.199,81.6,100,0,60.0,2026-05-01T04:34:12.377941,4.214
2026-05-01T04:33:13.355412,79.84,0.2599,82.52,0.2944,1000.0,0.0,4.199,81.6,100,0,60.0,2026-05-01T04:34:13.355238,4.214
2026-05-01T04:33:13.396845,79.9,0.2547,82.53,0.2912,1000.0,0.0,4.199,81.6,100,0,60.0,2026-05-01T04:34:13.396709,4.214
2026-05-01T04:33:13.429609,79.9,0.2547,82.54,0.2901,1000.0,0.0,4.199,81.6,100,0,60.0,2026-05-01T04:34:13.429506,4.214
2026-05-01T04:33:14.412486,79.94,0.2547,82.57,0.2895,1000.0,0.0,4.199,81.5,100,0,60.0,2026-05-01T04:34:14.412325,4.214
2026-05-01T04:33:14.449455,79.94,0.2547,82.58,0.2887,1000.0,0.0,4.199,81.5,100,0,60.0,2026-05-01T04:34:14.449368,4.214
2026-05-01T04:33:14.479817,79.94,0.2547,82.58,0.2886,1000.0,0.0,4.199,81.5,100,0,60.0,2026-05-01T04:34:14.479732,4.214
2026-05-01T04:33:15.470436,79.98,0.2533,82.62,0.2885,1000.0,0.0,4.199,81.5,100,0,60.0,2026-05-01T04:34:15.470296,4.214
2026-05-01T04:33:15.506883,79.98,0.2605,82.62,0.2905,1000.0,0.0,4.199,81.5,100,0,60.0,2026-05-01T04:34:15.506801,4.214
2026-05-01T04:33:15.537194,79.98,0.2605,82.62,0.2917,1000.0,0.0,4.199,81.5,100,0,60.0,2026-05-01T04:34:15.537116,4.214
2026-05-01T04:33:16.523601,80.04,0.2605,82.67,0.2925,1000.0,0.0,4.199,81.5,100,0,60.0,2026-05-01T04:34:16.523469,4.214
2026-05-01T04:33:16.558534,80.04,0.2641,82.67,0.2948,1000.0,0.0,4.199,81.5,100,0,60.0,2026-05-01T04:34:16.558444,4.214
2026-05-01T04:33:16.589015,80.04,0.2641,82.67,0.2957,1000.0,0.0,4.199,81.5,100,0,60.0,2026-05-01T04:34:16.588933,4.214
2026-05-01T04:33:17.568350,80.08,0.2659,82.71,0.2971,1000.0,0.0,4.199,81.5,100,0,60.0,2026-05-01T04:34:17.567993,4.214
2026-05-01T04:33:17.603847,80.08,0.2659,82.72,0.2982,1000.0,0.0,4.199,81.5,100,0,60.0,2026-05-01T04:34:17.603756,4.214
2026-05-01T04:33:18.594517,80.08,0.2659,82.75,0.2993,1000.0,0.0,4.199,81.5,100,0,60.0,2026-05-01T04:34:18.594305,4.214
2026-05-01T04:33:18.637884,80.12,0.27,82.76,0.3009,1000.0,0.0,4.199,81.5,100,0,60.0,2026-05-01T04:34:18.637751,4.214
2026-05-01T04:33:18.669556,80.12,0.27,82.76,0.302,1000.0,0.0,4.199,81.5,100,0,60.0,2026-05-01T04:34:18.669456,4.214
2026-05-01T04:33:19.652526,80.17,0.27,82.79,0.3034,1000.0,0.0,4.199,81.5,100,0,60.0,2026-05-01T04:34:19.652306,4.214
2026-05-01T04:33:19.692592,80.17,0.2727,82.8,0.3044,1000.0,0.0,4.199,81.5,100,0,60.0,2026-05-01T04:34:19.692482,4.214
2026-05-01T04:33:19.724560,80.17,0.2727,82.81,0.3053,1000.0,0.0,4.199,81.5,100,0,60.0,2026-05-01T04:34:19.724460,4.214
2026-05-01T04:33:20.701847,80.22,0.2727,82.85,0.3064,1000.0,0.0,4.199,81.5,100,0,60.0,2026-05-01T04:34:20.701640,4.214
2026-05-01T04:33:20.742496,80.22,0.2717,82.85,0.3061,1000.0,0.0,4.199,81.5,100,0,60.0,2026-05-01T04:34:20.742340,4.214
2026-05-01T04:33:20.775721,80.22,0.2717,82.86,0.306,1000.0,0.0,4.199,81.5,100,0,60.0,2026-05-01T04:34:20.775611,4.214
2026-05-01T04:33:21.759025,80.27,0.27,82.9,0.3058,1000.0,0.0,4.199,81.5,100,0,60.0,2026-05-01T04:34:21.758878,4.214
2026-05-01T04:33:21.795319,80.27,0.2717,82.91,0.3058,1000.0,0.0,4.199,81.4,100,0,60.0,2026-05-01T04:34:21.795204,4.214
2026-05-01T04:33:21.827587,80.27,0.2717,82.91,0.3059,1000.0,0.0,4.199,81.4,100,0,60.0,2026-05-01T04:34:21.827467,4.214
2026-05-01T04:33:22.799036,80.33,0.2669,82.96,0.3048,1000.0,0.0,4.199,81.4,100,0,60.0,2026-05-01T04:34:22.798855,4.214
2026-05-01T04:33:22.838509,80.33,0.2669,82.96,0.3033,1000.0,0.0,4.199,81.4,100,0,60.0,2026-05-01T04:34:22.838377,4.214
2026-05-01T04:33:23.831339,80.33,0.2669,83.0,0.3028,1000.0,0.0,4.199,81.4,100,0,60.0,2026-05-01T04:34:23.831119,4.214
2026-05-01T04:33:23.875888,80.36,0.2669,83.0,0.3019,1000.0,0.0,4.199,81.4,100,0,60.0,2026-05-01T04:34:23.875651,4.214
2026-05-01T04:33:23.912134,80.36,0.2669,83.0,0.3016,1000.0,0.0,4.199,81.4,100,0,60.0,2026-05-01T04:34:23.912025,4.214
2026-05-01T04:33:24.867415,80.42,0.2669,83.04,0.3018,1000.0,0.0,4.199,81.4,100,0,60.0,2026-05-01T04:34:24.867250,4.214
2026-05-01T04:33:24.909488,80.42,0.2708,83.05,0.3028,1000.0,0.0,4.199,81.4,100,0,60.0,2026-05-01T04:34:24.909344,4.214
2026-05-01T04:33:24.944031,80.42,0.2708,83.06,0.3038,1000.0,0.0,4.199,81.4,100,0,60.0,2026-05-01T04:34:24.943892,4.214
2026-05-01T04:33:25.922914,80.46,0.2673,83.1,0.3043,1000.0,0.0,4.199,81.4,100,0,60.0,2026-05-01T04:34:25.922772,4.214
2026-05-01T04:33:25.957675,80.46,0.2709,83.1,0.3048,1000.0,0.0,4.199,81.4,100,0,60.0,2026-05-01T04:34:25.957521,4.214
2026-05-01T04:33:25.991180,80.46,0.2709,83.1,0.305,1000.0,0.0,4.199,81.4,100,0,60.0,2026-05-01T04:34:25.991072,4.214
2026-05-01T04:33:26.977258,80.51,0.27,83.14,0.3053,1000.0,0.0,4.199,81.4,100,0,60.0,2026-05-01T04:34:26.977036,4.214
2026-05-01T04:33:27.014447,80.51,0.2731,83.14,0.3064,1000.0,0.0,4.199,81.4,100,0,60.0,2026-05-01T04:34:27.014326,4.214
2026-05-01T04:33:27.047574,80.51,0.2731,83.15,0.3068,1000.0,0.0,4.199,81.4,100,0,60.0,2026-05-01T04:34:27.047477,4.214
2026-05-01T04:33:28.064113,80.55,0.2758,83.18,0.308,1000.0,0.0,4.199,81.3,100,0,60.0,2026-05-01T04:34:28.063985,4.214
2026-05-01T04:33:28.142048,80.55,0.2758,83.19,0.3091,1000.0,0.0,4.199,81.3,100,0,60.0,2026-05-01T04:34:28.141896,4.214
2026-05-01T04:33:29.068621,80.55,0.2758,83.22,0.3102,1000.0,0.0,4.199,81.3,100,0,60.0,2026-05-01T04:34:29.068406,4.214
2026-05-01T04:33:29.111594,80.58,0.2758,83.22,0.3102,1000.0,0.0,4.199,81.3,100,0,60.0,2026-05-01T04:34:29.111455,4.214
2026-05-01T04:33:29.145327,80.58,0.2758,83.22,0.3104,1000.0,0.0,4.199,81.3,100,0,60.0,2026-05-01T04:34:29.145198,4.214
2026-05-01T04:33:30.121946,80.63,0.2758,83.26,0.3109,1000.0,0.0,4.199,81.3,100,0,60.0,2026-05-01T04:34:30.121794,4.214
2026-05-01T04:33:30.161794,80.63,0.2683,83.26,0.3076,1000.0,0.0,4.199,81.3,100,0,60.0,2026-05-01T04:34:30.161681,4.214
2026-05-01T04:33:30.192721,80.63,0.2683,83.27,0.3061,1000.0,0.0,4.199,81.3,100,0,60.0,2026-05-01T04:34:30.192639,4.214
2026-05-01T04:33:31.179804,80.68,0.2682,83.3,0.3048,1000.0,0.0,4.199,81.3,100,0,60.0,2026-05-01T04:34:31.179634,4.215
2026-05-01T04:33:31.217880,80.68,0.2683,83.3,0.3041,1000.0,0.0,4.199,81.3,100,0,60.0,2026-05-01T04:34:31.217767,4.215
2026-05-01T04:33:31.248389,80.68,0.2683,83.31,0.3038,1000.0,0.0,4.199,81.3,100,0,60.0,2026-05-01T04:34:31.248313,4.215
2026-05-01T04:33:32.223478,80.72,0.2801,83.35,0.3054,1000.0,0.0,4.199,81.3,100,0,60.0,2026-05-01T04:34:32.223343,4.215
2026-05-01T04:33:32.258796,80.72,0.2801,83.35,0.3096,1000.0,0.0,4.199,81.3,100,0,60.0,2026-05-01T04:34:32.258681,4.215
2026-05-01T04:33:32.290390,80.72,0.2801,83.35,0.3115,1000.0,0.0,4.199,81.3,100,0,60.0,2026-05-01T04:34:32.290287,4.215
2026-05-01T04:33:33.280938,80.75,0.2776,83.38,0.3124,1000.0,0.0,4.199,81.3,100,0,60.0,2026-05-01T04:34:33.280815,4.215
2026-05-01T04:33:33.314754,80.75,0.2776,83.38,0.3125,1000.0,0.0,4.199,81.3,100,0,60.0,2026-05-01T04:34:33.314663,4.215
2026-05-01T04:33:34.291619,80.75,0.2776,83.42,0.3131,1000.0,0.0,4.199,81.3,100,0,60.0,2026-05-01T04:34:34.291507,4.215
2026-05-01T04:33:34.323441,80.78,0.2767,83.42,0.3124,1000.0,0.0,4.199,81.3,100,0,60.0,2026-05-01T04:34:34.323359,4.215
2026-05-01T04:33:34.354724,80.78,0.2767,83.42,0.3122,1000.0,0.0,4.199,81.3,100,0,60.0,2026-05-01T04:34:34.354627,4.215
2026-05-01T04:33:35.353052,80.81,0.2767,83.45,0.3125,1000.0,0.0,4.199,81.3,100,0,60.0,2026-05-01T04:34:35.352880,4.215
2026-05-01T04:33:35.390196,80.81,0.2718,83.45,0.3092,1000.0,0.0,4.199,81.3,100,0,60.0,2026-05-01T04:34:35.390108,4.215
2026-05-01T04:33:35.421800,80.81,0.2718,83.45,0.3084,1000.0,0.0,4.199,81.3,100,0,60.0,2026-05-01T04:34:35.421717,4.215
2026-05-01T04:33:36.396867,80.86,0.2666,83.48,0.3072,1000.0,0.0,4.199,81.2,100,0,60.0,2026-05-01T04:34:36.396746,4.215
2026-05-01T04:33:36.430901,80.86,0.2717,83.49,0.3067,1000.0,0.0,4.199,81.2,100,0,60.0,2026-05-01T04:34:36.430816,4.215
2026-05-01T04:33:36.461288,80.86,0.2717,83.49,0.3068,1000.0,0.0,4.199,81.2,100,0,60.0,2026-05-01T04:34:36.461214,4.215
2026-05-01T04:33:37.458680,80.9,0.2717,83.53,0.3072,1000.0,0.0,4.199,81.2,100,0,60.0,2026-05-01T04:34:37.458499,4.215
2026-05-01T04:33:37.493092,80.9,0.2727,83.53,0.3076,1000.0,0.0,4.199,81.2,100,0,60.0,2026-05-01T04:34:37.492999,4.215
2026-05-01T04:33:37.523352,80.9,0.2727,83.53,0.3078,1000.0,0.0,4.199,81.2,100,0,60.0,2026-05-01T04:34:37.523276,4.215
2026-05-01T04:33:38.492261,80.94,0.2742,83.57,0.3084,1000.0,0.0,4.199,81.2,100,0,60.0,2026-05-01T04:34:38.492141,4.215
2026-05-01T04:33:38.526771,80.94,0.2742,83.57,0.3089,1000.0,0.0,4.199,81.2,100,0,60.0,2026-05-01T04:34:38.526658,4.215
2026-05-01T04:33:39.524050,80.94,0.2742,83.6,0.3097,1000.0,0.0,4.199,81.2,100,0,60.0,2026-05-01T04:34:39.523911,4.215
2026-05-01T04:33:39.559179,80.97,0.2784,83.6,0.311,1000.0,0.0,4.199,81.2,100,0,60.0,2026-05-01T04:34:39.559081,4.215
2026-05-01T04:33:39.589158,80.97,0.2784,83.6,0.3121,1000.0,0.0,4.199,81.2,100,0,60.0,2026-05-01T04:34:39.589087,4.215
2026-05-01T04:33:40.580964,81.02,0.2784,83.63,0.3134,1000.0,0.0,4.199,81.2,100,0,60.0,2026-05-01T04:34:40.580822,4.215
2026-05-01T04:33:40.617504,81.02,0.2877,83.64,0.3162,1000.0,0.0,4.199,81.2,100,0,60.0,2026-05-01T04:34:40.617388,4.215
2026-05-01T04:33:40.648254,81.02,0.2877,83.64,0.3187,1000.0,0.0,4.199,81.2,100,0,60.0,2026-05-01T04:34:40.648170,4.215
2026-05-01T04:33:41.625540,81.07,0.2767,83.68,0.3199,1000.0,0.0,4.199,81.2,100,0,60.0,2026-05-01T04:34:41.625403,4.215
2026-05-01T04:33:41.657749,81.07,0.2852,83.69,0.3204,1000.0,0.0,4.199,81.2,100,0,60.0,2026-05-01T04:34:41.657669,4.215
2026-05-01T04:33:41.687842,81.07,0.2852,83.69,0.3206,1000.0,0.0,4.199,81.2,100,0,60.0,2026-05-01T04:34:41.687772,4.215
2026-05-01T04:33:42.704415,81.11,0.2818,83.73,0.3204,1000.0,0.0,4.199,81.2,100,0,60.0,2026-05-01T04:34:42.704273,4.215
2026-05-01T04:33:42.740219,81.11,0.2818,83.74,0.3192,1000.0,0.0,4.199,81.2,100,0,60.0,2026-05-01T04:34:42.740124,4.215
2026-05-01T04:33:42.771033,81.11,0.2818,83.74,0.3187,1000.0,0.0,4.199,81.2,100,0,60.0,2026-05-01T04:34:42.770940,4.215
2026-05-01T04:33:43.725864,81.16,0.2793,83.78,0.317,1000.0,0.0,4.199,81.1,100,0,60.0,2026-05-01T04:34:43.725731,4.215
2026-05-01T04:33:43.758676,81.16,0.2793,83.79,0.3163,1000.0,0.0,4.199,81.1,100,0,60.0,2026-05-01T04:34:43.758579,4.215
2026-05-01T04:33:44.771335,81.16,0.2793,83.82,0.3164,1000.0,0.0,4.199,81.1,100,0,60.0,2026-05-01T04:34:44.771053,4.215
2026-05-01T04:33:44.814708,81.2,0.2785,83.83,0.3148,1000.0,0.0,4.199,81.1,100,0,60.0,2026-05-01T04:34:44.814609,4.215
2026-05-01T04:33:44.849675,81.2,0.2785,83.83,0.3147,1000.0,0.0,4.199,81.1,100,0,60.0,2026-05-01T04:34:44.848270,4.215
2026-05-01T04:33:45.831196,81.24,0.2785,83.87,0.315,1000.0,0.0,4.199,81.1,100,0,60.0,2026-05-01T04:34:45.831033,4.215
2026-05-01T04:33:45.870744,81.24,0.2776,83.87,0.3135,1000.0,0.0,4.199,81.1,100,0,60.0,2026-05-01T04:34:45.870618,4.215
2026-05-01T04:33:45.902261,81.24,0.2776,83.87,0.3135,1000.0,0.0,4.199,81.1,100,0,60.0,2026-05-01T04:34:45.902171,4.215
2026-05-01T04:33:46.872040,81.29,0.2776,83.91,0.3139,1000.0,0.0,4.199,81.1,100,0,60.0,2026-05-01T04:34:46.871911,4.215
2026-05-01T04:33:46.906530,81.29,0.2794,83.92,0.3145,1000.0,0.0,4.199,81.1,100,0,60.0,2026-05-01T04:34:46.906370,4.215
2026-05-01T04:33:46.940325,81.29,0.2794,83.92,0.3149,1000.0,0.0,4.199,81.1,100,0,60.0,2026-05-01T04:34:46.940227,4.215
2026-05-01T04:33:47.913734,81.34,0.2843,83.96,0.3163,1000.0,0.0,4.199,81.1,100,0,60.0,2026-05-01T04:34:47.913593,4.215
2026-05-01T04:33:47.949118,81.34,0.2853,83.97,0.3186,1000.0,0.0,4.199,81.1,100,0,60.0,2026-05-01T04:34:47.949015,4.215
2026-05-01T04:33:47.980130,81.34,0.2853,83.97,0.3196,1000.0,0.0,4.199,81.1,100,0,60.0,2026-05-01T04:34:47.980033,4.215
2026-05-01T04:33:48.960162,81.38,0.2853,84.01,0.321,1000.0,0.0,4.199,81.1,100,0,60.0,2026-05-01T04:34:48.960014,4.215
2026-05-01T04:33:48.992999,81.38,0.2853,84.01,0.3213,1000.0,0.0,4.199,81.1,100,0,60.0,2026-05-01T04:34:48.992831,4.215
2026-05-01T04:33:49.990490,81.38,0.2853,84.05,0.3219,1000.0,0.0,4.199,81.1,100,0,60.0,2026-05-01T04:34:49.990298,4.215
2026-05-01T04:33:50.063814,81.43,0.2862,84.05,0.3218,1000.0,0.0,4.199,81.0,100,0,60.0,2026-05-01T04:34:50.063644,4.215
2026-05-01T04:33:50.155916,81.43,0.2862,84.06,0.3222,1000.0,0.0,4.199,81.0,100,0,60.0,2026-05-01T04:34:50.155800,4.215
2026-05-01T04:33:51.055981,81.46,0.2862,84.09,0.3228,1000.0,0.0,4.199,81.0,100,0,60.0,2026-05-01T04:34:51.055832,4.215
2026-05-01T04:33:51.097266,81.46,0.286,84.09,0.3225,1000.0,0.0,4.199,81.0,100,0,60.0,2026-05-01T04:34:51.097137,4.215
2026-05-01T04:33:51.142175,81.46,0.286,84.09,0.3226,1000.0,0.0,4.199,81.0,100,0,60.0,2026-05-01T04:34:51.142042,4.215
2026-05-01T04:33:52.111471,81.49,0.2817,84.12,0.3222,1000.0,0.0,4.199,81.0,100,0,60.0,2026-05-01T04:34:52.111306,4.215
2026-05-01T04:33:52.152631,81.49,0.2844,84.12,0.3214,1000.0,0.0,4.199,81.0,100,0,60.0,2026-05-01T04:34:52.152466,4.215
2026-05-01T04:33:52.185905,81.49,0.2844,84.12,0.3212,1000.0,0.0,4.199,81.0,100,0,60.0,2026-05-01T04:34:52.185744,4.215
2026-05-01T04:33:53.168866,81.54,0.2844,84.16,0.321,1000.0,0.0,4.199,81.0,100,0,60.0,2026-05-01T04:34:53.168562,4.215
2026-05-01T04:33:53.207341,81.54,0.2852,84.16,0.3214,1000.0,0.0,4.199,81.0,100,0,60.0,2026-05-01T04:34:53.207225,4.215
2026-05-01T04:33:53.240645,81.54,0.2852,84.17,0.3215,1000.0,0.0,4.199,81.0,100,0,60.0,2026-05-01T04:34:53.240532,4.215
2026-05-01T04:33:54.219608,81.59,0.2886,84.21,0.3227,1000.0,0.0,4.199,81.0,100,0,60.0,2026-05-01T04:34:54.219370,4.215
2026-05-01T04:33:54.256744,81.59,0.2886,84.21,0.3238,1000.0,0.0,4.199,81.0,100,0,60.0,2026-05-01T04:34:54.256630,4.215
2026-05-01T04:33:55.242922,81.59,0.2886,84.25,0.3249,1000.0,0.0,4.199,81.0,100,0,60.0,2026-05-01T04:34:55.242741,4.215
2026-05-01T04:33:55.287446,81.63,0.2886,84.26,0.3252,1000.0,0.0,4.199,81.0,100,0,60.0,2026-05-01T04:34:55.287300,4.215
2026-05-01T04:33:55.320209,81.63,0.2886,84.26,0.3253,1000.0,0.0,4.199,81.0,100,0,60.0,2026-05-01T04:34:55.320098,4.215
2026-05-01T04:33:56.296042,81.68,0.2886,84.3,0.3257,1000.0,0.0,4.199,81.0,100,0,60.0,2026-05-01T04:34:56.295879,4.215
2026-05-01T04:33:56.336752,81.68,0.2894,84.3,0.3258,1000.0,0.0,4.199,81.0,100,0,60.0,2026-05-01T04:34:56.336577,4.215
2026-05-01T04:33:56.369791,81.68,0.2894,84.31,0.326,1000.0,0.0,4.199,81.0,100,0,60.0,2026-05-01T04:34:56.369662,4.215
2026-05-01T04:33:57.343436,81.71,0.2877,84.34,0.3263,1000.0,0.0,4.199,81.0,100,0,60.0,2026-05-01T04:34:57.343279,4.215
2026-05-01T04:33:57.383198,81.71,0.292,84.34,0.3272,1000.0,0.0,4.199,81.0,100,0,60.0,2026-05-01T04:34:57.383025,4.215
2026-05-01T04:33:57.416695,81.71,0.292,84.34,0.3278,1000.0,0.0,4.199,81.0,100,0,60.0,2026-05-01T04:34:57.416548,4.215
2026-05-01T04:33:58.412389,81.75,0.2886,84.37,0.3284,1000.0,0.0,4.199,80.9,100,0,60.0,2026-05-01T04:34:58.412135,4.215
2026-05-01T04:33:58.455196,81.75,0.2938,84.37,0.3295,1000.0,0.0,4.199,80.9,100,0,60.0,2026-05-01T04:34:58.455079,4.215
2026-05-01T04:33:58.491570,81.75,0.2938,84.37,0.33,1000.0,0.0,4.199,80.9,100,0,60.0,2026-05-01T04:34:58.491435,4.215
2026-05-01T04:33:59.459705,81.8,0.2886,84.42,0.329,1000.0,0.0,4.199,80.9,100,0,60.0,2026-05-01T04:34:59.459562,4.215
2026-05-01T04:33:59.495651,81.8,0.2886,84.42,0.3277,1000.0,0.0,4.199,80.9,100,0,60.0,2026-05-01T04:34:59.495517,4.215
2026-05-01T04:34:00.471613,81.8,0.2886,84.45,0.3273,1000.0,0.0,4.199,80.9,100,0,60.0,2026-05-01T04:35:00.471463,4.215
2026-05-01T04:34:00.509602,81.84,0.2871,84.46,0.3258,1000.0,0.0,4.199,80.9,100,0,60.0,2026-05-01T04:35:00.509268,4.215
2026-05-01T04:34:00.543007,81.84,0.2871,84.46,0.3253,1000.0,0.0,4.199,80.9,100,0,60.0,2026-05-01T04:35:00.542896,4.215
2026-05-01T04:34:01.536498,81.9,0.2871,84.5,0.3252,1000.0,0.0,4.199,80.9,100,0,60.0,2026-05-01T04:35:01.536286,4.215
2026-05-01T04:34:01.577492,81.9,0.2869,84.51,0.3246,1000.0,0.0,4.199,80.9,100,0,60.0,2026-05-01T04:35:01.577359,4.215
2026-05-01T04:34:01.610244,81.9,0.2869,84.51,0.3245,1000.0,0.0,4.199,80.9,100,0,60.0,2026-05-01T04:35:01.610113,4.215
2026-05-01T04:34:02.564732,81.95,0.286,84.55,0.3246,1000.0,0.0,4.199,80.9,100,0,60.0,2026-05-01T04:35:02.564597,4.215
2026-05-01T04:34:02.596248,81.95,0.2902,84.56,0.3256,1000.0,0.0,4.199,80.9,100,0,60.0,2026-05-01T04:35:02.596131,4.215
2026-05-01T04:34:02.630575,81.95,0.2902,84.56,0.3263,1000.0,0.0,4.199,80.9,100,0,60.0,2026-05-01T04:35:02.630458,4.215
2026-05-01T04:34:03.643112,81.96,0.2902,84.59,0.3275,1000.0,0.0,4.199,80.9,100,0,60.0,2026-05-01T04:35:03.642952,4.215
2026-05-01T04:34:03.680660,81.96,0.2928,84.59,0.3287,1000.0,0.0,4.199,80.9,100,0,60.0,2026-05-01T04:35:03.680548,4.215
2026-05-01T04:34:03.713349,81.96,0.2928,84.58,0.3292,1000.0,0.0,4.199,80.9,100,0,60.0,2026-05-01T04:35:03.713237,4.215
2026-05-01T04:34:04.689902,82.0,0.2953,84.62,0.3301,1000.0,0.0,4.199,80.9,100,0,60.0,2026-05-01T04:35:04.689757,4.215
2026-05-01T04:34:04.726058,82.0,0.2953,84.62,0.3312,1000.0,0.0,4.199,80.9,100,0,60.0,2026-05-01T04:35:04.725950,4.215
2026-05-01T04:34:05.714618,82.0,0.2953,84.65,0.3324,1000.0,0.0,4.199,80.9,100,0,60.0,2026-05-01T04:35:05.714426,4.215
2026-05-01T04:34:05.759483,82.04,0.2938,84.66,0.3317,1000.0,0.0,4.199,80.8,100,0,60.0,2026-05-01T04:35:05.759367,4.215
2026-05-01T04:34:05.792723,82.04,0.2938,84.66,0.3317,1000.0,0.0,4.199,80.8,100,0,60.0,2026-05-01T04:35:05.792608,4.215
2026-05-01T04:34:06.746895,82.07,0.2938,84.69,0.332,1000.0,0.0,4.199,80.8,100,0,60.0,2026-05-01T04:35:06.746746,4.215
2026-05-01T04:34:06.782608,82.07,0.2987,84.69,0.3332,1000.0,0.0,4.199,80.8,100,0,60.0,2026-05-01T04:35:06.782171,4.215
2026-05-01T04:34:06.816566,82.07,0.2987,84.69,0.3343,1000.0,0.0,4.199,80.8,100,0,60.0,2026-05-01T04:35:06.816438,4.215
2026-05-01T04:34:07.818110,82.12,0.2938,84.73,0.3351,1000.0,0.0,4.199,80.8,100,0,60.0,2026-05-01T04:35:07.817797,4.215
2026-05-01T04:34:07.853017,82.12,0.3029,84.74,0.3367,1000.0,0.0,4.199,80.8,100,0,60.0,2026-05-01T04:35:07.852916,4.215
2026-05-01T04:34:07.883826,82.12,0.3029,84.74,0.3381,1000.0,0.0,4.199,80.8,100,0,60.0,2026-05-01T04:35:07.883723,4.215
2026-05-01T04:34:08.854825,82.17,0.2911,84.78,0.3366,1000.0,0.0,4.199,80.8,100,0,60.0,2026-05-01T04:35:08.854670,4.215
2026-05-01T04:34:08.890638,82.17,0.3004,84.79,0.3374,1000.0,0.0,4.199,80.8,100,0,60.0,2026-05-01T04:35:08.890524,4.215
2026-05-01T04:34:08.924844,82.17,0.3004,84.79,0.3378,1000.0,0.0,4.199,80.8,100,0,60.0,2026-05-01T04:35:08.924486,4.215
2026-05-01T04:34:09.901388,82.2,0.3004,84.82,0.3384,1000.0,0.0,4.199,80.8,100,0,60.0,2026-05-01T04:35:09.901165,4.215
2026-05-01T04:34:09.933599,82.2,0.3004,84.82,0.3384,1000.0,0.0,4.199,80.8,100,0,60.0,2026-05-01T04:35:09.933487,4.215
2026-05-01T04:34:10.930199,82.2,0.3004,84.86,0.3389,1000.0,0.0,4.199,80.8,100,0,60.0,2026-05-01T04:35:10.929812,4.215
2026-05-01T04:34:10.964453,82.24,0.3021,84.86,0.3385,1000.0,0.0,4.199,80.8,100,0,60.0,2026-05-01T04:35:10.964310,4.215
2026-05-01T04:34:10.996920,82.24,0.3021,84.86,0.3391,1000.0,0.0,4.199,80.8,100,0,60.0,2026-05-01T04:35:10.996812,4.215
2026-05-01T04:34:11.990771,82.28,0.3021,84.9,0.3401,1000.0,0.0,4.199,80.8,100,0,60.0,2026-05-01T04:35:11.990622,4.215
2026-05-01T04:34:12.027142,82.28,0.3046,84.9,0.3408,1000.0,0.0,4.199,80.8,100,0,60.0,2026-05-01T04:35:12.027020,4.215
2026-05-01T04:34:12.058211,82.28,0.3046,84.9,0.3415,1000.0,0.0,4.199,80.8,100,0,60.0,2026-05-01T04:35:12.058111,4.215
2026-05-01T04:34:13.047876,82.34,0.2997,84.94,0.3418,1000.0,0.0,4.199,80.7,100,0,60.0,2026-05-01T04:35:13.047686,4.215
2026-05-01T04:34:13.087867,82.34,0.3029,84.95,0.3413,1000.0,0.0,4.199,80.7,100,0,60.0,2026-05-01T04:35:13.087764,4.215
2026-05-01T04:34:13.119196,82.34,0.3029,84.95,0.3412,1000.0,0.0,4.199,80.7,100,0,60.0,2026-05-01T04:35:13.119122,4.215
2026-05-01T04:34:14.084150,82.39,0.3004,84.99,0.3408,1000.0,0.0,4.199,80.7,100,0,60.0,2026-05-01T04:35:14.083973,4.215
2026-05-01T04:34:14.115550,82.39,0.3029,85.0,0.341,1000.0,0.0,4.199,80.7,100,0,60.0,2026-05-01T04:35:14.115448,4.215
2026-05-01T04:34:14.150440,82.39,0.3029,85.0,0.3411,1000.0,0.0,4.199,80.7,100,0,60.0,2026-05-01T04:35:14.150328,4.215
2026-05-01T04:34:15.167795,82.44,0.3046,85.05,0.3411,1000.0,0.0,4.199,80.7,100,0,60.0,2026-05-01T04:35:15.167620,4.215
2026-05-01T04:34:15.203189,82.44,0.3046,85.05,0.3419,1000.0,0.0,4.199,80.7,100,0,60.0,2026-05-01T04:35:15.203105,4.215
2026-05-01T04:34:16.184705,82.44,0.3046,85.09,0.343,1000.0,0.0,4.199,80.7,100,0,60.0,2026-05-01T04:35:16.184428,4.215
2026-05-01T04:34:16.226004,82.48,0.3046,85.09,0.343,1000.0,0.0,4.199,80.7,100,0,60.0,2026-05-01T04:35:16.225895,4.215
2026-05-01T04:34:16.256994,82.48,0.3046,85.1,0.3431,1000.0,0.0,4.199,80.7,100,0,60.0,2026-05-01T04:35:16.256917,4.215
2026-05-01T04:34:17.235785,82.52,0.3046,85.13,0.3435,1000.0,0.0,4.199,80.7,100,0,60.0,2026-05-01T04:35:17.235607,4.215
2026-05-01T04:34:17.273605,82.52,0.3037,85.14,0.3427,1000.0,0.0,4.199,80.7,100,0,60.0,2026-05-01T04:35:17.273488,4.215
2026-05-01T04:34:17.304445,82.52,0.3037,85.14,0.3426,1000.0,0.0,4.199,80.7,100,0,60.0,2026-05-01T04:35:17.304367,4.215
2026-05-01T04:34:18.284325,82.56,0.3004,85.18,0.3423,1000.0,0.0,4.199,80.7,100,0,60.0,2026-05-01T04:35:18.284170,4.215
2026-05-01T04:34:18.319636,82.56,0.3037,85.18,0.3421,1000.0,0.0,4.199,80.7,100,0,60.0,2026-05-01T04:35:18.319550,4.215
2026-05-01T04:34:18.350192,82.56,0.3037,85.18,0.3422,1000.0,0.0,4.199,80.7,100,0,60.0,2026-05-01T04:35:18.350104,4.215
2026-05-01T04:34:19.326892,82.6,0.3037,85.22,0.3427,1000.0,0.0,4.199,80.7,100,0,60.0,2026-05-01T04:35:19.326760,4.215
2026-05-01T04:34:19.358440,82.6,0.3055,85.22,0.3434,1000.0,0.0,4.199,80.7,100,0,60.0,2026-05-01T04:35:19.358361,4.215
2026-05-01T04:34:19.388887,82.6,0.3055,85.22,0.3437,1000.0,0.0,4.199,80.7,100,0,60.0,2026-05-01T04:35:19.388798,4.215
2026-05-01T04:34:20.375567,82.63,0.3088,85.25,0.345,1000.0,0.0,4.199,80.6,100,0,60.0,2026-05-01T04:35:20.375394,4.215
2026-05-01T04:34:20.431966,82.63,0.3088,85.25,0.3461,1000.0,0.0,4.199,80.6,100,0,60.0,2026-05-01T04:35:20.431851,4.215
2026-05-01T04:34:21.413435,82.63,0.3088,85.29,0.3473,1000.0,0.0,4.199,80.6,100,0,60.0,2026-05-01T04:35:21.413286,4.215
2026-05-01T04:34:21.453270,82.68,0.3055,85.3,0.3461,1000.0,0.0,4.199,80.6,100,0,60.0,2026-05-01T04:35:21.453143,4.215
2026-05-01T04:34:21.484395,82.68,0.3055,85.3,0.3455,1000.0,0.0,4.199,80.6,100,0,60.0,2026-05-01T04:35:21.484297,4.215
2026-05-01T04:34:22.457461,82.7,0.3055,85.33,0.3454,1000.0,0.0,4.199,80.6,100,0,60.0,2026-05-01T04:35:22.457328,4.215
2026-05-01T04:34:22.491697,82.7,0.3055,85.33,0.3446,1000.0,0.0,4.199,80.6,100,0,60.0,2026-05-01T04:35:22.491593,4.215
2026-05-01T04:34:22.522691,82.7,0.3055,85.33,0.3446,1000.0,0.0,4.199,80.6,100,0,60.0,2026-05-01T04:35:22.522596,4.215
2026-05-01T04:34:23.508511,82.75,0.3055,85.36,0.345,1000.0,0.0,4.199,80.6,100,0,60.0,2026-05-01T04:35:23.508422,4.215
2026-05-01T04:34:23.541983,82.75,0.3147,85.37,0.3489,1000.0,0.0,4.199,80.6,100,0,60.0,2026-05-01T04:35:23.541893,4.215
2026-05-01T04:34:23.572741,82.75,0.3147,85.37,0.3506,1000.0,0.0,4.199,80.6,100,0,60.0,2026-05-01T04:35:23.572658,4.215
2026-05-01T04:34:24.576133,82.78,0.3147,85.4,0.3529,1000.0,0.0,4.199,80.6,100,0,60.0,2026-05-01T04:35:24.575973,4.215
2026-05-01T04:34:24.615448,82.78,0.3147,85.4,0.3534,1000.0,0.0,4.199,80.6,100,0,60.0,2026-05-01T04:35:24.615283,4.215
2026-05-01T04:34:24.675361,82.78,0.3147,85.4,0.3536,1000.0,0.0,4.199,80.6,100,0,60.0,2026-05-01T04:35:24.675262,4.215
2026-05-01T04:34:25.620641,82.82,0.3096,85.43,0.3521,1000.0,0.0,4.199,80.6,100,0,60.0,2026-05-01T04:35:25.620495,4.215
2026-05-01T04:34:25.654720,82.82,0.3096,85.43,0.3509,1000.0,0.0,4.199,80.6,100,0,60.0,2026-05-01T04:35:25.654612,4.215
2026-05-01T04:34:26.647277,82.82,0.3096,85.46,0.3506,1000.0,0.0,4.199,80.6,100,0,60.0,2026-05-01T04:35:26.647161,4.215
2026-05-01T04:34:26.686553,82.84,0.3088,85.45,0.3493,1000.0,0.0,4.199,80.6,100,0,60.0,2026-05-01T04:35:26.686443,4.215
2026-05-01T04:34:26.717503,82.84,0.3088,85.45,0.3489,1000.0,0.0,4.199,80.6,100,0,60.0,2026-05-01T04:35:26.717410,4.215
2026-05-01T04:34:27.711514,82.87,0.3088,85.48,0.349,1000.0,0.0,4.199,80.6,100,0,60.0,2026-05-01T04:35:27.711377,4.215
2026-05-01T04:34:27.750759,82.87,0.3087,85.48,0.3484,1000.0,0.0,4.199,80.6,100,0,60.0,2026-05-01T04:35:27.750653,4.215
2026-05-01T04:34:27.781614,82.87,0.3087,85.48,0.3483,1000.0,0.0,4.199,80.6,100,0,60.0,2026-05-01T04:35:27.781538,4.215
2026-05-01T04:34:28.751166,82.92,0.3071,85.52,0.3483,1000.0,0.0,4.199,80.5,100,0,60.0,2026-05-01T04:35:28.751023,4.215
2026-05-01T04:34:28.788510,82.92,0.3078,85.52,0.3477,1000.0,0.0,4.199,80.5,100,0,60.0,2026-05-01T04:35:28.788366,4.215
2026-05-01T04:34:28.821775,82.92,0.3078,85.53,0.3477,1000.0,0.0,4.199,80.5,100,0,60.0,2026-05-01T04:35:28.821635,4.215
2026-05-01T04:34:29.791504,82.95,0.3078,85.56,0.3477,1000.0,0.0,4.199,80.5,100,0,60.0,2026-05-01T04:35:29.791291,4.215
2026-05-01T04:34:29.822811,82.95,0.3096,85.56,0.3483,1000.0,0.0,4.199,80.5,100,0,60.0,2026-05-01T04:35:29.822724,4.215
2026-05-01T04:34:29.856557,82.95,0.3096,85.56,0.3486,1000.0,0.0,4.199,80.5,100,0,60.0,2026-05-01T04:35:29.856452,4.215
2026-05-01T04:34:30.875437,82.99,0.3223,85.6,0.3506,1000.0,0.0,4.199,80.5,100,0,60.0,2026-05-01T04:35:30.875314,4.215
2026-05-01T04:34:30.911696,82.99,0.3223,85.6,0.3553,1000.0,0.0,4.199,80.5,100,0,60.0,2026-05-01T04:35:30.911571,4.215
2026-05-01T04:34:31.886249,82.99,0.3223,85.63,0.3586,1000.0,0.0,4.199,80.5,100,0,60.0,2026-05-01T04:35:31.886106,4.215
2026-05-01T04:34:31.924561,83.04,0.3258,85.64,0.3604,1000.0,0.0,4.199,80.5,100,0,60.0,2026-05-01T04:35:31.924434,4.215
2026-05-01T04:34:31.956298,83.04,0.3258,85.65,0.3623,1000.0,0.0,4.199,80.5,100,0,60.0,2026-05-01T04:35:31.956205,4.215
2026-05-01T04:34:32.924827,83.09,0.3258,85.68,0.3644,1000.0,0.0,4.199,80.5,100,0,60.0,2026-05-01T04:35:32.924692,4.215
2026-05-01T04:34:32.958646,83.09,0.3232,85.69,0.3631,1000.0,0.0,4.199,80.5,100,0,60.0,2026-05-01T04:35:32.958495,4.215
2026-05-01T04:34:32.991695,83.09,0.3232,85.7,0.3631,1000.0,0.0,4.199,80.5,100,0,60.0,2026-05-01T04:35:32.991590,4.215
2026-05-01T04:34:33.993971,83.13,0.3199,85.74,0.363,1000.0,0.0,4.199,80.5,100,0,60.0,2026-05-01T04:35:33.993825,4.215
2026-05-01T04:34:34.030031,83.13,0.3215,85.74,0.3623,1000.0,0.0,4.199,80.5,100,0,60.0,2026-05-01T04:35:34.029935,4.215
2026-05-01T04:34:34.061294,83.13,0.3215,85.74,0.362,1000.0,0.0,4.199,80.5,100,0,60.0,2026-05-01T04:35:34.061206,4.215
2026-05-01T04:34:35.103514,83.21,0.3147,85.79,0.3605,1000.0,0.0,4.199,80.5,100,0,60.0,2026-05-01T04:35:35.103174,4.215
2026-05-01T04:34:35.194711,83.21,0.3147,85.81,0.358,1000.0,0.0,4.199,80.4,100,0,60.0,2026-05-01T04:35:35.194393,4.215
2026-05-01T04:34:35.237744,83.21,0.3147,85.82,0.3569,1000.0,0.0,4.199,80.4,100,0,60.0,2026-05-01T04:35:35.237601,4.215
2026-05-01T04:34:36.102735,83.29,0.3147,85.87,0.355,1000.0,0.0,4.199,80.4,100,0,60.0,2026-05-01T04:35:36.102559,4.215
2026-05-01T04:34:36.140344,83.29,0.3147,85.88,0.355,1000.0,0.0,4.199,80.4,100,0,60.0,2026-05-01T04:35:36.140223,4.215
2026-05-01T04:34:37.109401,83.29,0.3147,85.92,0.3555,1000.0,0.0,4.199,80.4,100,0,60.0,2026-05-01T04:35:37.109217,4.215
2026-05-01T04:34:37.154562,83.32,0.3163,85.92,0.3553,1000.0,0.0,4.199,80.4,100,0,60.0,2026-05-01T04:35:37.154133,4.215
2026-05-01T04:34:37.192929,83.32,0.3163,85.93,0.3559,1000.0,0.0,4.199,80.4,100,0,60.0,2026-05-01T04:35:37.192743,4.215
2026-05-01T04:34:38.184032,83.37,0.3163,85.96,0.3567,1000.0,0.0,4.199,80.4,100,0,60.0,2026-05-01T04:35:38.183848,4.215
2026-05-01T04:34:38.223063,83.37,0.3189,85.97,0.3576,1000.0,0.0,4.199,80.4,100,0,60.0,2026-05-01T04:35:38.222958,4.215
2026-05-01T04:34:38.253837,83.37,0.3189,85.97,0.3582,1000.0,0.0,4.199,80.4,100,0,60.0,2026-05-01T04:35:38.253765,4.215
